task_id,model_id,config_id,config_params,mean_calibration_mse
A1_Sparse_Support_Shift,B1_RZA_LMS,0,"{""learning_rate"": 0.001, ""rho_zero_attraction"": 1e-06, ""epsilon_reweight"": 10.0}",1.0027437996916153
A1_Sparse_Support_Shift,B1_RZA_LMS,1,"{""learning_rate"": 0.001, ""rho_zero_attraction"": 1e-05, ""epsilon_reweight"": 10.0}",1.0024971064696164
A1_Sparse_Support_Shift,B1_RZA_LMS,2,"{""learning_rate"": 0.001, ""rho_zero_attraction"": 0.0001, ""epsilon_reweight"": 10.0}",1.022929280150395
A1_Sparse_Support_Shift,B1_RZA_LMS,3,"{""learning_rate"": 0.001, ""rho_zero_attraction"": 0.001, ""epsilon_reweight"": 10.0}",1.7384430935689796
A1_Sparse_Support_Shift,B1_RZA_LMS,4,"{""learning_rate"": 0.003, ""rho_zero_attraction"": 1e-06, ""epsilon_reweight"": 10.0}",0.37366546924249366
A1_Sparse_Support_Shift,B1_RZA_LMS,5,"{""learning_rate"": 0.003, ""rho_zero_attraction"": 1e-05, ""epsilon_reweight"": 10.0}",0.37258037114887094
A1_Sparse_Support_Shift,B1_RZA_LMS,6,"{""learning_rate"": 0.003, ""rho_zero_attraction"": 0.0001, ""epsilon_reweight"": 10.0}",0.36800575232615773
A1_Sparse_Support_Shift,B1_RZA_LMS,7,"{""learning_rate"": 0.003, ""rho_zero_attraction"": 0.001, ""epsilon_reweight"": 10.0}",0.4081349647151244
A1_Sparse_Support_Shift,B1_RZA_LMS,8,"{""learning_rate"": 0.01, ""rho_zero_attraction"": 1e-06, ""epsilon_reweight"": 10.0}",0.14233848491129694
A1_Sparse_Support_Shift,B1_RZA_LMS,9,"{""learning_rate"": 0.01, ""rho_zero_attraction"": 1e-05, ""epsilon_reweight"": 10.0}",0.14193364807397116
A1_Sparse_Support_Shift,B1_RZA_LMS,10,"{""learning_rate"": 0.01, ""rho_zero_attraction"": 0.0001, ""epsilon_reweight"": 10.0}",0.13898930223822972
A1_Sparse_Support_Shift,B1_RZA_LMS,11,"{""learning_rate"": 0.01, ""rho_zero_attraction"": 0.001, ""epsilon_reweight"": 10.0}",0.12871027331024312
A1_Sparse_Support_Shift,B1_RZA_LMS,12,"{""learning_rate"": 0.03, ""rho_zero_attraction"": 1e-06, ""epsilon_reweight"": 10.0}",0.1812068912416012
A1_Sparse_Support_Shift,B1_RZA_LMS,13,"{""learning_rate"": 0.03, ""rho_zero_attraction"": 1e-05, ""epsilon_reweight"": 10.0}",0.18026341161994472
A1_Sparse_Support_Shift,B1_RZA_LMS,14,"{""learning_rate"": 0.03, ""rho_zero_attraction"": 0.0001, ""epsilon_reweight"": 10.0}",0.1721530571742227
A1_Sparse_Support_Shift,B1_RZA_LMS,15,"{""learning_rate"": 0.03, ""rho_zero_attraction"": 0.001, ""epsilon_reweight"": 10.0}",0.13594277725740242
A1_Sparse_Support_Shift,B2_CCN,0,"{""readout_lr"": 0.001, ""recurrent_lr"": 0.0001, ""max_columns"": 1}",1.002798367102736
A1_Sparse_Support_Shift,B2_CCN,1,"{""readout_lr"": 0.001, ""recurrent_lr"": 0.0001, ""max_columns"": 2}",1.0027636652675929
A1_Sparse_Support_Shift,B2_CCN,2,"{""readout_lr"": 0.001, ""recurrent_lr"": 0.001, ""max_columns"": 1}",1.002796635409906
A1_Sparse_Support_Shift,B2_CCN,3,"{""readout_lr"": 0.001, ""recurrent_lr"": 0.001, ""max_columns"": 2}",1.0027538297052823
A1_Sparse_Support_Shift,B2_CCN,4,"{""readout_lr"": 0.003, ""recurrent_lr"": 0.0001, ""max_columns"": 1}",0.3737927885745709
A1_Sparse_Support_Shift,B2_CCN,5,"{""readout_lr"": 0.003, ""recurrent_lr"": 0.0001, ""max_columns"": 2}",0.3737893026377977
A1_Sparse_Support_Shift,B2_CCN,6,"{""readout_lr"": 0.003, ""recurrent_lr"": 0.001, ""max_columns"": 1}",0.37378803785315684
A1_Sparse_Support_Shift,B2_CCN,7,"{""readout_lr"": 0.003, ""recurrent_lr"": 0.001, ""max_columns"": 2}",0.37378564276210335
A1_Sparse_Support_Shift,B2_CCN,8,"{""readout_lr"": 0.01, ""recurrent_lr"": 0.0001, ""max_columns"": 1}",0.14256333721408787
A1_Sparse_Support_Shift,B2_CCN,9,"{""readout_lr"": 0.01, ""recurrent_lr"": 0.0001, ""max_columns"": 2}",0.14255747929662133
A1_Sparse_Support_Shift,B2_CCN,10,"{""readout_lr"": 0.01, ""recurrent_lr"": 0.001, ""max_columns"": 1}",0.14256007588893918
A1_Sparse_Support_Shift,B2_CCN,11,"{""readout_lr"": 0.01, ""recurrent_lr"": 0.001, ""max_columns"": 2}",0.1425571542493689
A1_Sparse_Support_Shift,B2_CCN,12,"{""readout_lr"": 0.03, ""recurrent_lr"": 0.0001, ""max_columns"": 1}",0.18468613275860676
A1_Sparse_Support_Shift,B2_CCN,13,"{""readout_lr"": 0.03, ""recurrent_lr"": 0.0001, ""max_columns"": 2}",0.18457967083292318
A1_Sparse_Support_Shift,B2_CCN,14,"{""readout_lr"": 0.03, ""recurrent_lr"": 0.001, ""max_columns"": 1}",0.18462589855257971
A1_Sparse_Support_Shift,B2_CCN,15,"{""readout_lr"": 0.03, ""recurrent_lr"": 0.001, ""max_columns"": 2}",0.18470637960511097
A1_Sparse_Support_Shift,B3_MUSE_RNN,0,"{""learning_rate"": 0.001, ""growth_multiplier"": 1.5, ""pruning_threshold"": 0.001}",3.1216296884051835
A1_Sparse_Support_Shift,B3_MUSE_RNN,1,"{""learning_rate"": 0.001, ""growth_multiplier"": 1.5, ""pruning_threshold"": 0.01}",3.122294930623255
A1_Sparse_Support_Shift,B3_MUSE_RNN,2,"{""learning_rate"": 0.001, ""growth_multiplier"": 2.5, ""pruning_threshold"": 0.001}",3.122379860247777
A1_Sparse_Support_Shift,B3_MUSE_RNN,3,"{""learning_rate"": 0.001, ""growth_multiplier"": 2.5, ""pruning_threshold"": 0.01}",3.1205339328064476
A1_Sparse_Support_Shift,B3_MUSE_RNN,4,"{""learning_rate"": 0.003, ""growth_multiplier"": 1.5, ""pruning_threshold"": 0.001}",3.1228262025192564
A1_Sparse_Support_Shift,B3_MUSE_RNN,5,"{""learning_rate"": 0.003, ""growth_multiplier"": 1.5, ""pruning_threshold"": 0.01}",3.122776886249746
A1_Sparse_Support_Shift,B3_MUSE_RNN,6,"{""learning_rate"": 0.003, ""growth_multiplier"": 2.5, ""pruning_threshold"": 0.001}",3.122833083150786
A1_Sparse_Support_Shift,B3_MUSE_RNN,7,"{""learning_rate"": 0.003, ""growth_multiplier"": 2.5, ""pruning_threshold"": 0.01}",3.1229005082808357
A1_Sparse_Support_Shift,B3_MUSE_RNN,8,"{""learning_rate"": 0.01, ""growth_multiplier"": 1.5, ""pruning_threshold"": 0.001}",3.123576240198773
A1_Sparse_Support_Shift,B3_MUSE_RNN,9,"{""learning_rate"": 0.01, ""growth_multiplier"": 1.5, ""pruning_threshold"": 0.01}",3.1222119477688017
A1_Sparse_Support_Shift,B3_MUSE_RNN,10,"{""learning_rate"": 0.01, ""growth_multiplier"": 2.5, ""pruning_threshold"": 0.001}",3.1239784956892387
A1_Sparse_Support_Shift,B3_MUSE_RNN,11,"{""learning_rate"": 0.01, ""growth_multiplier"": 2.5, ""pruning_threshold"": 0.01}",3.123629462481882
A1_Sparse_Support_Shift,B3_MUSE_RNN,12,"{""learning_rate"": 0.03, ""growth_multiplier"": 1.5, ""pruning_threshold"": 0.001}",3.143419123082291
A1_Sparse_Support_Shift,B3_MUSE_RNN,13,"{""learning_rate"": 0.03, ""growth_multiplier"": 1.5, ""pruning_threshold"": 0.01}",3.139703409085108
A1_Sparse_Support_Shift,B3_MUSE_RNN,14,"{""learning_rate"": 0.03, ""growth_multiplier"": 2.5, ""pruning_threshold"": 0.001}",3.140261008236608
A1_Sparse_Support_Shift,B3_MUSE_RNN,15,"{""learning_rate"": 0.03, ""growth_multiplier"": 2.5, ""pruning_threshold"": 0.01}",3.139569163808591
A1_Sparse_Support_Shift,B4_MINIMAL_GRU,0,"{""learning_rate"": 0.0001, ""weight_decay"": 0.9}",3.122400254758656
A1_Sparse_Support_Shift,B4_MINIMAL_GRU,1,"{""learning_rate"": 0.0001, ""weight_decay"": 0.95}",3.1223904066204375
A1_Sparse_Support_Shift,B4_MINIMAL_GRU,2,"{""learning_rate"": 0.0001, ""weight_decay"": 0.99}",3.12243669241208
A1_Sparse_Support_Shift,B4_MINIMAL_GRU,3,"{""learning_rate"": 0.0001, ""weight_decay"": 0.999}",3.1222516225999057
A1_Sparse_Support_Shift,B4_MINIMAL_GRU,4,"{""learning_rate"": 0.001, ""weight_decay"": 0.9}",3.122309335229776
A1_Sparse_Support_Shift,B4_MINIMAL_GRU,5,"{""learning_rate"": 0.001, ""weight_decay"": 0.95}",3.122349916234985
A1_Sparse_Support_Shift,B4_MINIMAL_GRU,6,"{""learning_rate"": 0.001, ""weight_decay"": 0.99}",3.1221527014303425
A1_Sparse_Support_Shift,B4_MINIMAL_GRU,7,"{""learning_rate"": 0.001, ""weight_decay"": 0.999}",3.1199881950604174
A1_Sparse_Support_Shift,B4_MINIMAL_GRU,8,"{""learning_rate"": 0.003, ""weight_decay"": 0.9}",3.1222995937928775
A1_Sparse_Support_Shift,B4_MINIMAL_GRU,9,"{""learning_rate"": 0.003, ""weight_decay"": 0.95}",3.122164755421938
A1_Sparse_Support_Shift,B4_MINIMAL_GRU,10,"{""learning_rate"": 0.003, ""weight_decay"": 0.99}",3.1213279569890013
A1_Sparse_Support_Shift,B4_MINIMAL_GRU,11,"{""learning_rate"": 0.003, ""weight_decay"": 0.999}",3.116044538722783
A1_Sparse_Support_Shift,B4_MINIMAL_GRU,12,"{""learning_rate"": 0.01, ""weight_decay"": 0.9}",3.1220418186712133
A1_Sparse_Support_Shift,B4_MINIMAL_GRU,13,"{""learning_rate"": 0.01, ""weight_decay"": 0.95}",3.1214944156627595
A1_Sparse_Support_Shift,B4_MINIMAL_GRU,14,"{""learning_rate"": 0.01, ""weight_decay"": 0.99}",3.092520558203827
A1_Sparse_Support_Shift,B4_MINIMAL_GRU,15,"{""learning_rate"": 0.01, ""weight_decay"": 0.999}",2.582026777099505
A1_Sparse_Support_Shift,B5_ONLINE_ESN,0,"{""reservoir_size"": 10, ""spectral_radius"": 0.85, ""leak_rate"": 0.3, ""readout_lr"": 0.001}",3.1030048770178027
A1_Sparse_Support_Shift,B5_ONLINE_ESN,1,"{""reservoir_size"": 10, ""spectral_radius"": 0.85, ""leak_rate"": 0.3, ""readout_lr"": 0.01}",3.00025935521462
A1_Sparse_Support_Shift,B5_ONLINE_ESN,2,"{""reservoir_size"": 10, ""spectral_radius"": 0.85, ""leak_rate"": 0.7, ""readout_lr"": 0.001}",3.039748558248132
A1_Sparse_Support_Shift,B5_ONLINE_ESN,3,"{""reservoir_size"": 10, ""spectral_radius"": 0.85, ""leak_rate"": 0.7, ""readout_lr"": 0.01}",2.828974457458362
A1_Sparse_Support_Shift,B5_ONLINE_ESN,4,"{""reservoir_size"": 10, ""spectral_radius"": 0.95, ""leak_rate"": 0.3, ""readout_lr"": 0.001}",3.1033472119286825
A1_Sparse_Support_Shift,B5_ONLINE_ESN,5,"{""reservoir_size"": 10, ""spectral_radius"": 0.95, ""leak_rate"": 0.3, ""readout_lr"": 0.01}",3.00368535148012
A1_Sparse_Support_Shift,B5_ONLINE_ESN,6,"{""reservoir_size"": 10, ""spectral_radius"": 0.95, ""leak_rate"": 0.7, ""readout_lr"": 0.001}",3.04325354410542
A1_Sparse_Support_Shift,B5_ONLINE_ESN,7,"{""reservoir_size"": 10, ""spectral_radius"": 0.95, ""leak_rate"": 0.7, ""readout_lr"": 0.01}",2.844982176503764
A1_Sparse_Support_Shift,B5_ONLINE_ESN,8,"{""reservoir_size"": 20, ""spectral_radius"": 0.85, ""leak_rate"": 0.3, ""readout_lr"": 0.001}",3.0718918396023196
A1_Sparse_Support_Shift,B5_ONLINE_ESN,9,"{""reservoir_size"": 20, ""spectral_radius"": 0.85, ""leak_rate"": 0.3, ""readout_lr"": 0.01}",2.8524203182706684
A1_Sparse_Support_Shift,B5_ONLINE_ESN,10,"{""reservoir_size"": 20, ""spectral_radius"": 0.85, ""leak_rate"": 0.7, ""readout_lr"": 0.001}",2.919420621396901
A1_Sparse_Support_Shift,B5_ONLINE_ESN,11,"{""reservoir_size"": 20, ""spectral_radius"": 0.85, ""leak_rate"": 0.7, ""readout_lr"": 0.01}",2.4518732999502286
A1_Sparse_Support_Shift,B5_ONLINE_ESN,12,"{""reservoir_size"": 20, ""spectral_radius"": 0.95, ""leak_rate"": 0.3, ""readout_lr"": 0.001}",3.0724680892926024
A1_Sparse_Support_Shift,B5_ONLINE_ESN,13,"{""reservoir_size"": 20, ""spectral_radius"": 0.95, ""leak_rate"": 0.3, ""readout_lr"": 0.01}",2.8625533634355893
A1_Sparse_Support_Shift,B5_ONLINE_ESN,14,"{""reservoir_size"": 20, ""spectral_radius"": 0.95, ""leak_rate"": 0.7, ""readout_lr"": 0.001}",2.928217809848311
A1_Sparse_Support_Shift,B5_ONLINE_ESN,15,"{""reservoir_size"": 20, ""spectral_radius"": 0.95, ""leak_rate"": 0.7, ""readout_lr"": 0.01}",2.4872326597749352
A1_Sparse_Support_Shift,S1_VARIABLE_TAP_LMS,0,"{""learning_rate"": 0.001, ""tap_leakage"": 0.0001}",2.4386101396519986
A1_Sparse_Support_Shift,S1_VARIABLE_TAP_LMS,1,"{""learning_rate"": 0.001, ""tap_leakage"": 0.001}",2.559790890207466
A1_Sparse_Support_Shift,S1_VARIABLE_TAP_LMS,2,"{""learning_rate"": 0.001, ""tap_leakage"": 0.01}",2.9556059740826974
A1_Sparse_Support_Shift,S1_VARIABLE_TAP_LMS,3,"{""learning_rate"": 0.001, ""tap_leakage"": 0.1}",3.1029597211255955
A1_Sparse_Support_Shift,S1_VARIABLE_TAP_LMS,4,"{""learning_rate"": 0.003, ""tap_leakage"": 0.0001}",2.222385895964447
A1_Sparse_Support_Shift,S1_VARIABLE_TAP_LMS,5,"{""learning_rate"": 0.003, ""tap_leakage"": 0.001}",2.2773823369343154
A1_Sparse_Support_Shift,S1_VARIABLE_TAP_LMS,6,"{""learning_rate"": 0.003, ""tap_leakage"": 0.01}",2.7269194219550053
A1_Sparse_Support_Shift,S1_VARIABLE_TAP_LMS,7,"{""learning_rate"": 0.003, ""tap_leakage"": 0.1}",3.0660336488413305
A1_Sparse_Support_Shift,S1_VARIABLE_TAP_LMS,8,"{""learning_rate"": 0.01, ""tap_leakage"": 0.0001}",2.38228204687916
A1_Sparse_Support_Shift,S1_VARIABLE_TAP_LMS,9,"{""learning_rate"": 0.01, ""tap_leakage"": 0.001}",2.3538896387696173
A1_Sparse_Support_Shift,S1_VARIABLE_TAP_LMS,10,"{""learning_rate"": 0.01, ""tap_leakage"": 0.01}",2.510015030173779
A1_Sparse_Support_Shift,S1_VARIABLE_TAP_LMS,11,"{""learning_rate"": 0.01, ""tap_leakage"": 0.1}",2.9584543028762678
A1_Sparse_Support_Shift,S1_VARIABLE_TAP_LMS,12,"{""learning_rate"": 0.03, ""tap_leakage"": 0.0001}",3.86230374619443
A1_Sparse_Support_Shift,S1_VARIABLE_TAP_LMS,13,"{""learning_rate"": 0.03, ""tap_leakage"": 0.001}",3.779781998643683
A1_Sparse_Support_Shift,S1_VARIABLE_TAP_LMS,14,"{""learning_rate"": 0.03, ""tap_leakage"": 0.01}",3.3135334542880757
A1_Sparse_Support_Shift,S1_VARIABLE_TAP_LMS,15,"{""learning_rate"": 0.03, ""tap_leakage"": 0.1}",3.0314295037987846
A1_Sparse_Support_Shift,S2_LRU_STREAM,0,"{""state_lr"": 0.001, ""readout_lr"": 0.001, ""state_decay"": 0.9}",1.0008352891788797
A1_Sparse_Support_Shift,S2_LRU_STREAM,1,"{""state_lr"": 0.001, ""readout_lr"": 0.001, ""state_decay"": 0.98}",1.00833401793787
A1_Sparse_Support_Shift,S2_LRU_STREAM,2,"{""state_lr"": 0.001, ""readout_lr"": 0.003, ""state_decay"": 0.9}",0.3752074337591232
A1_Sparse_Support_Shift,S2_LRU_STREAM,3,"{""state_lr"": 0.001, ""readout_lr"": 0.003, ""state_decay"": 0.98}",0.3768105908602137
A1_Sparse_Support_Shift,S2_LRU_STREAM,4,"{""state_lr"": 0.001, ""readout_lr"": 0.01, ""state_decay"": 0.9}",0.1432996494022095
A1_Sparse_Support_Shift,S2_LRU_STREAM,5,"{""state_lr"": 0.001, ""readout_lr"": 0.01, ""state_decay"": 0.98}",0.14460106378592785
A1_Sparse_Support_Shift,S2_LRU_STREAM,6,"{""state_lr"": 0.001, ""readout_lr"": 0.03, ""state_decay"": 0.9}",0.19254715561274327
A1_Sparse_Support_Shift,S2_LRU_STREAM,7,"{""state_lr"": 0.001, ""readout_lr"": 0.03, ""state_decay"": 0.98}",0.2290139540879513
A1_Sparse_Support_Shift,S2_LRU_STREAM,8,"{""state_lr"": 0.01, ""readout_lr"": 0.001, ""state_decay"": 0.9}",0.9771697628878382
A1_Sparse_Support_Shift,S2_LRU_STREAM,9,"{""state_lr"": 0.01, ""readout_lr"": 0.001, ""state_decay"": 0.98}",1.006613479408533
A1_Sparse_Support_Shift,S2_LRU_STREAM,10,"{""state_lr"": 0.01, ""readout_lr"": 0.003, ""state_decay"": 0.9}",0.3755461400474515
A1_Sparse_Support_Shift,S2_LRU_STREAM,11,"{""state_lr"": 0.01, ""readout_lr"": 0.003, ""state_decay"": 0.98}",0.37686432922649726
A1_Sparse_Support_Shift,S2_LRU_STREAM,12,"{""state_lr"": 0.01, ""readout_lr"": 0.01, ""state_decay"": 0.9}",0.14372525817895107
A1_Sparse_Support_Shift,S2_LRU_STREAM,13,"{""state_lr"": 0.01, ""readout_lr"": 0.01, ""state_decay"": 0.98}",0.14526403402966237
A1_Sparse_Support_Shift,S2_LRU_STREAM,14,"{""state_lr"": 0.01, ""readout_lr"": 0.03, ""state_decay"": 0.9}",0.19819709738961547
A1_Sparse_Support_Shift,S2_LRU_STREAM,15,"{""state_lr"": 0.01, ""readout_lr"": 0.03, ""state_decay"": 0.98}",0.28957642799466166
A1_Sparse_Support_Shift,S3_RSONN,0,"{""learning_rate"": 0.001, ""growth_threshold"": 0.05, ""pruning_threshold"": 0.001}",3.1235351403004157
A1_Sparse_Support_Shift,S3_RSONN,1,"{""learning_rate"": 0.001, ""growth_threshold"": 0.05, ""pruning_threshold"": 0.005}",3.1235584583287146
A1_Sparse_Support_Shift,S3_RSONN,2,"{""learning_rate"": 0.001, ""growth_threshold"": 0.1, ""pruning_threshold"": 0.001}",3.123425089852137
A1_Sparse_Support_Shift,S3_RSONN,3,"{""learning_rate"": 0.001, ""growth_threshold"": 0.1, ""pruning_threshold"": 0.005}",3.1232996695497337
A1_Sparse_Support_Shift,S3_RSONN,4,"{""learning_rate"": 0.005, ""growth_threshold"": 0.05, ""pruning_threshold"": 0.001}",3.1071279382568684
A1_Sparse_Support_Shift,S3_RSONN,5,"{""learning_rate"": 0.005, ""growth_threshold"": 0.05, ""pruning_threshold"": 0.005}",3.0945429405653635
A1_Sparse_Support_Shift,S3_RSONN,6,"{""learning_rate"": 0.005, ""growth_threshold"": 0.1, ""pruning_threshold"": 0.001}",3.0993597154735593
A1_Sparse_Support_Shift,S3_RSONN,7,"{""learning_rate"": 0.005, ""growth_threshold"": 0.1, ""pruning_threshold"": 0.005}",3.1083002130560993
A1_Sparse_Support_Shift,S3_RSONN,8,"{""learning_rate"": 0.01, ""growth_threshold"": 0.05, ""pruning_threshold"": 0.001}",2.492800734489751
A1_Sparse_Support_Shift,S3_RSONN,9,"{""learning_rate"": 0.01, ""growth_threshold"": 0.05, ""pruning_threshold"": 0.005}",2.197799359279303
A1_Sparse_Support_Shift,S3_RSONN,10,"{""learning_rate"": 0.01, ""growth_threshold"": 0.1, ""pruning_threshold"": 0.001}",2.3726876701496296
A1_Sparse_Support_Shift,S3_RSONN,11,"{""learning_rate"": 0.01, ""growth_threshold"": 0.1, ""pruning_threshold"": 0.005}",2.6003687535658364
A1_Sparse_Support_Shift,S3_RSONN,12,"{""learning_rate"": 0.02, ""growth_threshold"": 0.05, ""pruning_threshold"": 0.001}",1.2271871751663834
A1_Sparse_Support_Shift,S3_RSONN,13,"{""learning_rate"": 0.02, ""growth_threshold"": 0.05, ""pruning_threshold"": 0.005}",1.2912068970188075
A1_Sparse_Support_Shift,S3_RSONN,14,"{""learning_rate"": 0.02, ""growth_threshold"": 0.1, ""pruning_threshold"": 0.001}",1.311856238349268
A1_Sparse_Support_Shift,S3_RSONN,15,"{""learning_rate"": 0.02, ""growth_threshold"": 0.1, ""pruning_threshold"": 0.005}",1.2643982267419298
A1_Sparse_Support_Shift,S4_ACESN,0,"{""reservoir_size"": 20, ""spectral_radius"": 0.85, ""compression_ratio"": 0.25, ""readout_lr"": 0.001}",2.8068068411430733
A1_Sparse_Support_Shift,S4_ACESN,1,"{""reservoir_size"": 20, ""spectral_radius"": 0.85, ""compression_ratio"": 0.25, ""readout_lr"": 0.01}",2.4111180564497245
A1_Sparse_Support_Shift,S4_ACESN,2,"{""reservoir_size"": 20, ""spectral_radius"": 0.85, ""compression_ratio"": 0.5, ""readout_lr"": 0.001}",2.8051171868695426
A1_Sparse_Support_Shift,S4_ACESN,3,"{""reservoir_size"": 20, ""spectral_radius"": 0.85, ""compression_ratio"": 0.5, ""readout_lr"": 0.01}",2.408880802477849
A1_Sparse_Support_Shift,S4_ACESN,4,"{""reservoir_size"": 20, ""spectral_radius"": 0.95, ""compression_ratio"": 0.25, ""readout_lr"": 0.001}",2.826280701009481
A1_Sparse_Support_Shift,S4_ACESN,5,"{""reservoir_size"": 20, ""spectral_radius"": 0.95, ""compression_ratio"": 0.25, ""readout_lr"": 0.01}",2.4687503442990626
A1_Sparse_Support_Shift,S4_ACESN,6,"{""reservoir_size"": 20, ""spectral_radius"": 0.95, ""compression_ratio"": 0.5, ""readout_lr"": 0.001}",2.824627834543307
A1_Sparse_Support_Shift,S4_ACESN,7,"{""reservoir_size"": 20, ""spectral_radius"": 0.95, ""compression_ratio"": 0.5, ""readout_lr"": 0.01}",2.4665748052213003
A1_Sparse_Support_Shift,S4_ACESN,8,"{""reservoir_size"": 40, ""spectral_radius"": 0.85, ""compression_ratio"": 0.25, ""readout_lr"": 0.001}",2.5763129339021176
A1_Sparse_Support_Shift,S4_ACESN,9,"{""reservoir_size"": 40, ""spectral_radius"": 0.85, ""compression_ratio"": 0.25, ""readout_lr"": 0.01}",1.8821200089259864
A1_Sparse_Support_Shift,S4_ACESN,10,"{""reservoir_size"": 40, ""spectral_radius"": 0.85, ""compression_ratio"": 0.5, ""readout_lr"": 0.001}",2.573461910755763
A1_Sparse_Support_Shift,S4_ACESN,11,"{""reservoir_size"": 40, ""spectral_radius"": 0.85, ""compression_ratio"": 0.5, ""readout_lr"": 0.01}",1.877511067990895
A1_Sparse_Support_Shift,S4_ACESN,12,"{""reservoir_size"": 40, ""spectral_radius"": 0.95, ""compression_ratio"": 0.25, ""readout_lr"": 0.001}",2.605088131243003
A1_Sparse_Support_Shift,S4_ACESN,13,"{""reservoir_size"": 40, ""spectral_radius"": 0.95, ""compression_ratio"": 0.25, ""readout_lr"": 0.01}",1.9582444507938295
A1_Sparse_Support_Shift,S4_ACESN,14,"{""reservoir_size"": 40, ""spectral_radius"": 0.95, ""compression_ratio"": 0.5, ""readout_lr"": 0.001}",2.602246733703156
A1_Sparse_Support_Shift,S4_ACESN,15,"{""reservoir_size"": 40, ""spectral_radius"": 0.95, ""compression_ratio"": 0.5, ""readout_lr"": 0.01}",1.9539370089890742
A1_Sparse_Support_Shift,S5_CONTINUAL_BACKPROP,0,"{""learning_rate"": 0.001, ""replacement_rate"": 0.0001, ""maturity_threshold"": 50}",0.9969665741477666
A1_Sparse_Support_Shift,S5_CONTINUAL_BACKPROP,1,"{""learning_rate"": 0.001, ""replacement_rate"": 0.0001, ""maturity_threshold"": 100}",1.0041478062252347
A1_Sparse_Support_Shift,S5_CONTINUAL_BACKPROP,2,"{""learning_rate"": 0.001, ""replacement_rate"": 0.001, ""maturity_threshold"": 50}",0.9975454595412657
A1_Sparse_Support_Shift,S5_CONTINUAL_BACKPROP,3,"{""learning_rate"": 0.001, ""replacement_rate"": 0.001, ""maturity_threshold"": 100}",0.9991503987462468
A1_Sparse_Support_Shift,S5_CONTINUAL_BACKPROP,4,"{""learning_rate"": 0.005, ""replacement_rate"": 0.0001, ""maturity_threshold"": 50}",0.2407388496217997
A1_Sparse_Support_Shift,S5_CONTINUAL_BACKPROP,5,"{""learning_rate"": 0.005, ""replacement_rate"": 0.0001, ""maturity_threshold"": 100}",0.23939477545397034
A1_Sparse_Support_Shift,S5_CONTINUAL_BACKPROP,6,"{""learning_rate"": 0.005, ""replacement_rate"": 0.001, ""maturity_threshold"": 50}",0.23883621800889343
A1_Sparse_Support_Shift,S5_CONTINUAL_BACKPROP,7,"{""learning_rate"": 0.005, ""replacement_rate"": 0.001, ""maturity_threshold"": 100}",0.23960669469911886
A1_Sparse_Support_Shift,S5_CONTINUAL_BACKPROP,8,"{""learning_rate"": 0.01, ""replacement_rate"": 0.0001, ""maturity_threshold"": 50}",0.14287123847982294
A1_Sparse_Support_Shift,S5_CONTINUAL_BACKPROP,9,"{""learning_rate"": 0.01, ""replacement_rate"": 0.0001, ""maturity_threshold"": 100}",0.14373911926816477
A1_Sparse_Support_Shift,S5_CONTINUAL_BACKPROP,10,"{""learning_rate"": 0.01, ""replacement_rate"": 0.001, ""maturity_threshold"": 50}",0.143144015698875
A1_Sparse_Support_Shift,S5_CONTINUAL_BACKPROP,11,"{""learning_rate"": 0.01, ""replacement_rate"": 0.001, ""maturity_threshold"": 100}",0.14323068553748683
A1_Sparse_Support_Shift,S5_CONTINUAL_BACKPROP,12,"{""learning_rate"": 0.03, ""replacement_rate"": 0.0001, ""maturity_threshold"": 50}",0.17950224102326728
A1_Sparse_Support_Shift,S5_CONTINUAL_BACKPROP,13,"{""learning_rate"": 0.03, ""replacement_rate"": 0.0001, ""maturity_threshold"": 100}",0.18277194306196334
A1_Sparse_Support_Shift,S5_CONTINUAL_BACKPROP,14,"{""learning_rate"": 0.03, ""replacement_rate"": 0.001, ""maturity_threshold"": 50}",0.18113089495515622
A1_Sparse_Support_Shift,S5_CONTINUAL_BACKPROP,15,"{""learning_rate"": 0.03, ""replacement_rate"": 0.001, ""maturity_threshold"": 100}",0.18180623702152646
A1_Sparse_Support_Shift,C1_CURRENT_ONLY_LINEAR,0,"{""learning_rate"": 0.001}",1.0028120048128544
A1_Sparse_Support_Shift,C1_CURRENT_ONLY_LINEAR,1,"{""learning_rate"": 0.003}",0.37380035765439495
A1_Sparse_Support_Shift,C1_CURRENT_ONLY_LINEAR,2,"{""learning_rate"": 0.01}",0.14238547654832417
A1_Sparse_Support_Shift,C1_CURRENT_ONLY_LINEAR,3,"{""learning_rate"": 0.03}",0.18131336329187583
A1_Sparse_Support_Shift,C2_NLMS,0,"{""step_size"": 0.01}",2.3472957876042884
A1_Sparse_Support_Shift,C2_NLMS,1,"{""step_size"": 0.05}",1.0046967537731613
A1_Sparse_Support_Shift,C2_NLMS,2,"{""step_size"": 0.1}",0.5440658515584459
A1_Sparse_Support_Shift,C2_NLMS,3,"{""step_size"": 0.2}",0.2900380292208687
A1_Sparse_Support_Shift,C3_RLS,0,"{""forgetting_factor"": 0.99}",0.06070490082334377
A1_Sparse_Support_Shift,C3_RLS,1,"{""forgetting_factor"": 0.995}",0.060620427386586705
A1_Sparse_Support_Shift,C3_RLS,2,"{""forgetting_factor"": 0.999}",0.06066640230398507
A1_Sparse_Support_Shift,C3_RLS,3,"{""forgetting_factor"": 1.0}",0.06071232675763235
A1_Sparse_Support_Shift,C4_FIXED_LAG_LINEAR,0,"{""max_lag"": 4, ""learning_rate"": 0.001}",2.426169281969194
A1_Sparse_Support_Shift,C4_FIXED_LAG_LINEAR,1,"{""max_lag"": 4, ""learning_rate"": 0.01}",2.175432934379922
A1_Sparse_Support_Shift,C4_FIXED_LAG_LINEAR,2,"{""max_lag"": 8, ""learning_rate"": 0.001}",2.4306605387191347
A1_Sparse_Support_Shift,C4_FIXED_LAG_LINEAR,3,"{""max_lag"": 8, ""learning_rate"": 0.01}",2.2114593141421595
A1_Sparse_Support_Shift,C4_FIXED_LAG_LINEAR,4,"{""max_lag"": 16, ""learning_rate"": 0.001}",2.439323586531417
A1_Sparse_Support_Shift,C4_FIXED_LAG_LINEAR,5,"{""max_lag"": 16, ""learning_rate"": 0.01}",2.312282538758477
A1_Sparse_Support_Shift,C4_FIXED_LAG_LINEAR,6,"{""max_lag"": 32, ""learning_rate"": 0.001}",2.4586573500636315
A1_Sparse_Support_Shift,C4_FIXED_LAG_LINEAR,7,"{""max_lag"": 32, ""learning_rate"": 0.01}",2.5291925746123662
A2_Single_Delayed_Dependency,B1_RZA_LMS,0,"{""learning_rate"": 0.001, ""rho_zero_attraction"": 1e-06, ""epsilon_reweight"": 10.0}",0.6495056209129927
A2_Single_Delayed_Dependency,B1_RZA_LMS,1,"{""learning_rate"": 0.001, ""rho_zero_attraction"": 1e-05, ""epsilon_reweight"": 10.0}",0.6483892113247754
A2_Single_Delayed_Dependency,B1_RZA_LMS,2,"{""learning_rate"": 0.001, ""rho_zero_attraction"": 0.0001, ""epsilon_reweight"": 10.0}",0.6446983804096175
A2_Single_Delayed_Dependency,B1_RZA_LMS,3,"{""learning_rate"": 0.001, ""rho_zero_attraction"": 0.001, ""epsilon_reweight"": 10.0}",0.6441235978299028
A2_Single_Delayed_Dependency,B1_RZA_LMS,4,"{""learning_rate"": 0.003, ""rho_zero_attraction"": 1e-06, ""epsilon_reweight"": 10.0}",0.6636353136876372
A2_Single_Delayed_Dependency,B1_RZA_LMS,5,"{""learning_rate"": 0.003, ""rho_zero_attraction"": 1e-05, ""epsilon_reweight"": 10.0}",0.662688261898753
A2_Single_Delayed_Dependency,B1_RZA_LMS,6,"{""learning_rate"": 0.003, ""rho_zero_attraction"": 0.0001, ""epsilon_reweight"": 10.0}",0.6554923890457348
A2_Single_Delayed_Dependency,B1_RZA_LMS,7,"{""learning_rate"": 0.003, ""rho_zero_attraction"": 0.001, ""epsilon_reweight"": 10.0}",0.6437587678738926
A2_Single_Delayed_Dependency,B1_RZA_LMS,8,"{""learning_rate"": 0.01, ""rho_zero_attraction"": 1e-06, ""epsilon_reweight"": 10.0}",0.7166474591768721
A2_Single_Delayed_Dependency,B1_RZA_LMS,9,"{""learning_rate"": 0.01, ""rho_zero_attraction"": 1e-05, ""epsilon_reweight"": 10.0}",0.7160916627939246
A2_Single_Delayed_Dependency,B1_RZA_LMS,10,"{""learning_rate"": 0.01, ""rho_zero_attraction"": 0.0001, ""epsilon_reweight"": 10.0}",0.7107308070201954
A2_Single_Delayed_Dependency,B1_RZA_LMS,11,"{""learning_rate"": 0.01, ""rho_zero_attraction"": 0.001, ""epsilon_reweight"": 10.0}",0.6734968084419078
A2_Single_Delayed_Dependency,B1_RZA_LMS,12,"{""learning_rate"": 0.03, ""rho_zero_attraction"": 1e-06, ""epsilon_reweight"": 10.0}",0.9312763758414414
A2_Single_Delayed_Dependency,B1_RZA_LMS,13,"{""learning_rate"": 0.03, ""rho_zero_attraction"": 1e-05, ""epsilon_reweight"": 10.0}",0.93090455558099
A2_Single_Delayed_Dependency,B1_RZA_LMS,14,"{""learning_rate"": 0.03, ""rho_zero_attraction"": 0.0001, ""epsilon_reweight"": 10.0}",0.9272032474467894
A2_Single_Delayed_Dependency,B1_RZA_LMS,15,"{""learning_rate"": 0.03, ""rho_zero_attraction"": 0.001, ""epsilon_reweight"": 10.0}",0.8919507029160524
A2_Single_Delayed_Dependency,B2_CCN,0,"{""readout_lr"": 0.001, ""recurrent_lr"": 0.0001, ""max_columns"": 1}",0.6497126254677188
A2_Single_Delayed_Dependency,B2_CCN,1,"{""readout_lr"": 0.001, ""recurrent_lr"": 0.0001, ""max_columns"": 2}",0.6497083199869185
A2_Single_Delayed_Dependency,B2_CCN,2,"{""readout_lr"": 0.001, ""recurrent_lr"": 0.001, ""max_columns"": 1}",0.6497090754177474
A2_Single_Delayed_Dependency,B2_CCN,3,"{""readout_lr"": 0.001, ""recurrent_lr"": 0.001, ""max_columns"": 2}",0.6497082038725877
A2_Single_Delayed_Dependency,B2_CCN,4,"{""readout_lr"": 0.003, ""recurrent_lr"": 0.0001, ""max_columns"": 1}",0.66403917359338
A2_Single_Delayed_Dependency,B2_CCN,5,"{""readout_lr"": 0.003, ""recurrent_lr"": 0.0001, ""max_columns"": 2}",0.6640375858741087
A2_Single_Delayed_Dependency,B2_CCN,6,"{""readout_lr"": 0.003, ""recurrent_lr"": 0.001, ""max_columns"": 1}",0.6640397103655159
A2_Single_Delayed_Dependency,B2_CCN,7,"{""readout_lr"": 0.003, ""recurrent_lr"": 0.001, ""max_columns"": 2}",0.6640397571481297
A2_Single_Delayed_Dependency,B2_CCN,8,"{""readout_lr"": 0.01, ""recurrent_lr"": 0.0001, ""max_columns"": 1}",0.7181060872734815
A2_Single_Delayed_Dependency,B2_CCN,9,"{""readout_lr"": 0.01, ""recurrent_lr"": 0.0001, ""max_columns"": 2}",0.7181076639800916
A2_Single_Delayed_Dependency,B2_CCN,10,"{""readout_lr"": 0.01, ""recurrent_lr"": 0.001, ""max_columns"": 1}",0.7180996502503111
A2_Single_Delayed_Dependency,B2_CCN,11,"{""readout_lr"": 0.01, ""recurrent_lr"": 0.001, ""max_columns"": 2}",0.7180942788329854
A2_Single_Delayed_Dependency,B2_CCN,12,"{""readout_lr"": 0.03, ""recurrent_lr"": 0.0001, ""max_columns"": 1}",0.9372304128125114
A2_Single_Delayed_Dependency,B2_CCN,13,"{""readout_lr"": 0.03, ""recurrent_lr"": 0.0001, ""max_columns"": 2}",0.9372437340706643
A2_Single_Delayed_Dependency,B2_CCN,14,"{""readout_lr"": 0.03, ""recurrent_lr"": 0.001, ""max_columns"": 1}",0.9372125994980145
A2_Single_Delayed_Dependency,B2_CCN,15,"{""readout_lr"": 0.03, ""recurrent_lr"": 0.001, ""max_columns"": 2}",0.9372722831576995
A2_Single_Delayed_Dependency,B3_MUSE_RNN,0,"{""learning_rate"": 0.001, ""growth_multiplier"": 1.5, ""pruning_threshold"": 0.001}",0.6443476179819018
A2_Single_Delayed_Dependency,B3_MUSE_RNN,1,"{""learning_rate"": 0.001, ""growth_multiplier"": 1.5, ""pruning_threshold"": 0.01}",0.6443121974576299
A2_Single_Delayed_Dependency,B3_MUSE_RNN,2,"{""learning_rate"": 0.001, ""growth_multiplier"": 2.5, ""pruning_threshold"": 0.001}",0.6443195582498905
A2_Single_Delayed_Dependency,B3_MUSE_RNN,3,"{""learning_rate"": 0.001, ""growth_multiplier"": 2.5, ""pruning_threshold"": 0.01}",0.644345831288371
A2_Single_Delayed_Dependency,B3_MUSE_RNN,4,"{""learning_rate"": 0.003, ""growth_multiplier"": 1.5, ""pruning_threshold"": 0.001}",0.6443550613039579
A2_Single_Delayed_Dependency,B3_MUSE_RNN,5,"{""learning_rate"": 0.003, ""growth_multiplier"": 1.5, ""pruning_threshold"": 0.01}",0.644375942830837
A2_Single_Delayed_Dependency,B3_MUSE_RNN,6,"{""learning_rate"": 0.003, ""growth_multiplier"": 2.5, ""pruning_threshold"": 0.001}",0.6443093282361283
A2_Single_Delayed_Dependency,B3_MUSE_RNN,7,"{""learning_rate"": 0.003, ""growth_multiplier"": 2.5, ""pruning_threshold"": 0.01}",0.6443246049808623
A2_Single_Delayed_Dependency,B3_MUSE_RNN,8,"{""learning_rate"": 0.01, ""growth_multiplier"": 1.5, ""pruning_threshold"": 0.001}",0.6444466450729646
A2_Single_Delayed_Dependency,B3_MUSE_RNN,9,"{""learning_rate"": 0.01, ""growth_multiplier"": 1.5, ""pruning_threshold"": 0.01}",0.6445215992181388
A2_Single_Delayed_Dependency,B3_MUSE_RNN,10,"{""learning_rate"": 0.01, ""growth_multiplier"": 2.5, ""pruning_threshold"": 0.001}",0.6444807875559015
A2_Single_Delayed_Dependency,B3_MUSE_RNN,11,"{""learning_rate"": 0.01, ""growth_multiplier"": 2.5, ""pruning_threshold"": 0.01}",0.6444358738611305
A2_Single_Delayed_Dependency,B3_MUSE_RNN,12,"{""learning_rate"": 0.03, ""growth_multiplier"": 1.5, ""pruning_threshold"": 0.001}",0.6448751949385401
A2_Single_Delayed_Dependency,B3_MUSE_RNN,13,"{""learning_rate"": 0.03, ""growth_multiplier"": 1.5, ""pruning_threshold"": 0.01}",0.6445253180517124
A2_Single_Delayed_Dependency,B3_MUSE_RNN,14,"{""learning_rate"": 0.03, ""growth_multiplier"": 2.5, ""pruning_threshold"": 0.001}",0.6448778852826679
A2_Single_Delayed_Dependency,B3_MUSE_RNN,15,"{""learning_rate"": 0.03, ""growth_multiplier"": 2.5, ""pruning_threshold"": 0.01}",0.6446875313442729
A2_Single_Delayed_Dependency,B4_MINIMAL_GRU,0,"{""learning_rate"": 0.0001, ""weight_decay"": 0.9}",0.6443326428315317
A2_Single_Delayed_Dependency,B4_MINIMAL_GRU,1,"{""learning_rate"": 0.0001, ""weight_decay"": 0.95}",0.6443397343078909
A2_Single_Delayed_Dependency,B4_MINIMAL_GRU,2,"{""learning_rate"": 0.0001, ""weight_decay"": 0.99}",0.644305659855939
A2_Single_Delayed_Dependency,B4_MINIMAL_GRU,3,"{""learning_rate"": 0.0001, ""weight_decay"": 0.999}",0.6443237776299601
A2_Single_Delayed_Dependency,B4_MINIMAL_GRU,4,"{""learning_rate"": 0.001, ""weight_decay"": 0.9}",0.6443338405211995
A2_Single_Delayed_Dependency,B4_MINIMAL_GRU,5,"{""learning_rate"": 0.001, ""weight_decay"": 0.95}",0.6443325818643331
A2_Single_Delayed_Dependency,B4_MINIMAL_GRU,6,"{""learning_rate"": 0.001, ""weight_decay"": 0.99}",0.6443343417635458
A2_Single_Delayed_Dependency,B4_MINIMAL_GRU,7,"{""learning_rate"": 0.001, ""weight_decay"": 0.999}",0.6442991622504142
A2_Single_Delayed_Dependency,B4_MINIMAL_GRU,8,"{""learning_rate"": 0.003, ""weight_decay"": 0.9}",0.6443300409076387
A2_Single_Delayed_Dependency,B4_MINIMAL_GRU,9,"{""learning_rate"": 0.003, ""weight_decay"": 0.95}",0.6443331663972752
A2_Single_Delayed_Dependency,B4_MINIMAL_GRU,10,"{""learning_rate"": 0.003, ""weight_decay"": 0.99}",0.6443104111859506
A2_Single_Delayed_Dependency,B4_MINIMAL_GRU,11,"{""learning_rate"": 0.003, ""weight_decay"": 0.999}",0.6443457370154005
A2_Single_Delayed_Dependency,B4_MINIMAL_GRU,12,"{""learning_rate"": 0.01, ""weight_decay"": 0.9}",0.6443327598214189
A2_Single_Delayed_Dependency,B4_MINIMAL_GRU,13,"{""learning_rate"": 0.01, ""weight_decay"": 0.95}",0.6443431323438927
A2_Single_Delayed_Dependency,B4_MINIMAL_GRU,14,"{""learning_rate"": 0.01, ""weight_decay"": 0.99}",0.6443385276734518
A2_Single_Delayed_Dependency,B4_MINIMAL_GRU,15,"{""learning_rate"": 0.01, ""weight_decay"": 0.999}",0.6443219590074587
A2_Single_Delayed_Dependency,B5_ONLINE_ESN,0,"{""reservoir_size"": 10, ""spectral_radius"": 0.85, ""leak_rate"": 0.3, ""readout_lr"": 0.001}",0.643370180975705
A2_Single_Delayed_Dependency,B5_ONLINE_ESN,1,"{""reservoir_size"": 10, ""spectral_radius"": 0.85, ""leak_rate"": 0.3, ""readout_lr"": 0.01}",0.6390950465467579
A2_Single_Delayed_Dependency,B5_ONLINE_ESN,2,"{""reservoir_size"": 10, ""spectral_radius"": 0.85, ""leak_rate"": 0.7, ""readout_lr"": 0.001}",0.6437450011580689
A2_Single_Delayed_Dependency,B5_ONLINE_ESN,3,"{""reservoir_size"": 10, ""spectral_radius"": 0.85, ""leak_rate"": 0.7, ""readout_lr"": 0.01}",0.6446596170707556
A2_Single_Delayed_Dependency,B5_ONLINE_ESN,4,"{""reservoir_size"": 10, ""spectral_radius"": 0.95, ""leak_rate"": 0.3, ""readout_lr"": 0.001}",0.6432813903139056
A2_Single_Delayed_Dependency,B5_ONLINE_ESN,5,"{""reservoir_size"": 10, ""spectral_radius"": 0.95, ""leak_rate"": 0.3, ""readout_lr"": 0.01}",0.6389664855705386
A2_Single_Delayed_Dependency,B5_ONLINE_ESN,6,"{""reservoir_size"": 10, ""spectral_radius"": 0.95, ""leak_rate"": 0.7, ""readout_lr"": 0.001}",0.6434359257834066
A2_Single_Delayed_Dependency,B5_ONLINE_ESN,7,"{""reservoir_size"": 10, ""spectral_radius"": 0.95, ""leak_rate"": 0.7, ""readout_lr"": 0.01}",0.6441230945265467
A2_Single_Delayed_Dependency,B5_ONLINE_ESN,8,"{""reservoir_size"": 20, ""spectral_radius"": 0.85, ""leak_rate"": 0.3, ""readout_lr"": 0.001}",0.6415943936624923
A2_Single_Delayed_Dependency,B5_ONLINE_ESN,9,"{""reservoir_size"": 20, ""spectral_radius"": 0.85, ""leak_rate"": 0.3, ""readout_lr"": 0.01}",0.6312599450292925
A2_Single_Delayed_Dependency,B5_ONLINE_ESN,10,"{""reservoir_size"": 20, ""spectral_radius"": 0.85, ""leak_rate"": 0.7, ""readout_lr"": 0.001}",0.6425541260473991
A2_Single_Delayed_Dependency,B5_ONLINE_ESN,11,"{""reservoir_size"": 20, ""spectral_radius"": 0.85, ""leak_rate"": 0.7, ""readout_lr"": 0.01}",0.6419775764721157
A2_Single_Delayed_Dependency,B5_ONLINE_ESN,12,"{""reservoir_size"": 20, ""spectral_radius"": 0.95, ""leak_rate"": 0.3, ""readout_lr"": 0.001}",0.6412231954363973
A2_Single_Delayed_Dependency,B5_ONLINE_ESN,13,"{""reservoir_size"": 20, ""spectral_radius"": 0.95, ""leak_rate"": 0.3, ""readout_lr"": 0.01}",0.6314871124588634
A2_Single_Delayed_Dependency,B5_ONLINE_ESN,14,"{""reservoir_size"": 20, ""spectral_radius"": 0.95, ""leak_rate"": 0.7, ""readout_lr"": 0.001}",0.6418622810093186
A2_Single_Delayed_Dependency,B5_ONLINE_ESN,15,"{""reservoir_size"": 20, ""spectral_radius"": 0.95, ""leak_rate"": 0.7, ""readout_lr"": 0.01}",0.6415219452383655
A2_Single_Delayed_Dependency,S1_VARIABLE_TAP_LMS,0,"{""learning_rate"": 0.001, ""tap_leakage"": 0.0001}",0.6445984105950534
A2_Single_Delayed_Dependency,S1_VARIABLE_TAP_LMS,1,"{""learning_rate"": 0.001, ""tap_leakage"": 0.001}",0.6445612635818432
A2_Single_Delayed_Dependency,S1_VARIABLE_TAP_LMS,2,"{""learning_rate"": 0.001, ""tap_leakage"": 0.01}",0.6444574208583355
A2_Single_Delayed_Dependency,S1_VARIABLE_TAP_LMS,3,"{""learning_rate"": 0.001, ""tap_leakage"": 0.1}",0.644352738283856
A2_Single_Delayed_Dependency,S1_VARIABLE_TAP_LMS,4,"{""learning_rate"": 0.003, ""tap_leakage"": 0.0001}",0.645947097131896
A2_Single_Delayed_Dependency,S1_VARIABLE_TAP_LMS,5,"{""learning_rate"": 0.003, ""tap_leakage"": 0.001}",0.6455811267996879
A2_Single_Delayed_Dependency,S1_VARIABLE_TAP_LMS,6,"{""learning_rate"": 0.003, ""tap_leakage"": 0.01}",0.6449496847942104
A2_Single_Delayed_Dependency,S1_VARIABLE_TAP_LMS,7,"{""learning_rate"": 0.003, ""tap_leakage"": 0.1}",0.644433117111998
A2_Single_Delayed_Dependency,S1_VARIABLE_TAP_LMS,8,"{""learning_rate"": 0.01, ""tap_leakage"": 0.0001}",0.1549287986237593
A2_Single_Delayed_Dependency,S1_VARIABLE_TAP_LMS,9,"{""learning_rate"": 0.01, ""tap_leakage"": 0.001}",0.13534062493303387
A2_Single_Delayed_Dependency,S1_VARIABLE_TAP_LMS,10,"{""learning_rate"": 0.01, ""tap_leakage"": 0.01}",0.42267919420829125
A2_Single_Delayed_Dependency,S1_VARIABLE_TAP_LMS,11,"{""learning_rate"": 0.01, ""tap_leakage"": 0.1}",0.6111908193986847
A2_Single_Delayed_Dependency,S1_VARIABLE_TAP_LMS,12,"{""learning_rate"": 0.03, ""tap_leakage"": 0.0001}",0.022551636935498016
A2_Single_Delayed_Dependency,S1_VARIABLE_TAP_LMS,13,"{""learning_rate"": 0.03, ""tap_leakage"": 0.001}",0.02338271203373608
A2_Single_Delayed_Dependency,S1_VARIABLE_TAP_LMS,14,"{""learning_rate"": 0.03, ""tap_leakage"": 0.01}",0.06281870003990715
A2_Single_Delayed_Dependency,S1_VARIABLE_TAP_LMS,15,"{""learning_rate"": 0.03, ""tap_leakage"": 0.1}",0.4130248723243953
A2_Single_Delayed_Dependency,S2_LRU_STREAM,0,"{""state_lr"": 0.001, ""readout_lr"": 0.001, ""state_decay"": 0.9}",0.6509110937648305
A2_Single_Delayed_Dependency,S2_LRU_STREAM,1,"{""state_lr"": 0.001, ""readout_lr"": 0.001, ""state_decay"": 0.98}",0.6535333322408022
A2_Single_Delayed_Dependency,S2_LRU_STREAM,2,"{""state_lr"": 0.001, ""readout_lr"": 0.003, ""state_decay"": 0.9}",0.6652904695645544
A2_Single_Delayed_Dependency,S2_LRU_STREAM,3,"{""state_lr"": 0.001, ""readout_lr"": 0.003, ""state_decay"": 0.98}",0.6647380045661765
A2_Single_Delayed_Dependency,S2_LRU_STREAM,4,"{""state_lr"": 0.001, ""readout_lr"": 0.01, ""state_decay"": 0.9}",0.7175823949623598
A2_Single_Delayed_Dependency,S2_LRU_STREAM,5,"{""state_lr"": 0.001, ""readout_lr"": 0.01, ""state_decay"": 0.98}",0.7202902545409732
A2_Single_Delayed_Dependency,S2_LRU_STREAM,6,"{""state_lr"": 0.001, ""readout_lr"": 0.03, ""state_decay"": 0.9}",0.9261227097593636
A2_Single_Delayed_Dependency,S2_LRU_STREAM,7,"{""state_lr"": 0.001, ""readout_lr"": 0.03, ""state_decay"": 0.98}",0.9549541740437529
A2_Single_Delayed_Dependency,S2_LRU_STREAM,8,"{""state_lr"": 0.01, ""readout_lr"": 0.001, ""state_decay"": 0.9}",0.6484084515701048
A2_Single_Delayed_Dependency,S2_LRU_STREAM,9,"{""state_lr"": 0.01, ""readout_lr"": 0.001, ""state_decay"": 0.98}",0.6531384619749175
A2_Single_Delayed_Dependency,S2_LRU_STREAM,10,"{""state_lr"": 0.01, ""readout_lr"": 0.003, ""state_decay"": 0.9}",0.6650195921066328
A2_Single_Delayed_Dependency,S2_LRU_STREAM,11,"{""state_lr"": 0.01, ""readout_lr"": 0.003, ""state_decay"": 0.98}",0.6638815590104906
A2_Single_Delayed_Dependency,S2_LRU_STREAM,12,"{""state_lr"": 0.01, ""readout_lr"": 0.01, ""state_decay"": 0.9}",0.71777165357989
A2_Single_Delayed_Dependency,S2_LRU_STREAM,13,"{""state_lr"": 0.01, ""readout_lr"": 0.01, ""state_decay"": 0.98}",0.7209741057184679
A2_Single_Delayed_Dependency,S2_LRU_STREAM,14,"{""state_lr"": 0.01, ""readout_lr"": 0.03, ""state_decay"": 0.9}",0.9369557899255981
A2_Single_Delayed_Dependency,S2_LRU_STREAM,15,"{""state_lr"": 0.01, ""readout_lr"": 0.03, ""state_decay"": 0.98}",0.9845910291210017
A2_Single_Delayed_Dependency,S3_RSONN,0,"{""learning_rate"": 0.001, ""growth_threshold"": 0.05, ""pruning_threshold"": 0.001}",0.6445540289469012
A2_Single_Delayed_Dependency,S3_RSONN,1,"{""learning_rate"": 0.001, ""growth_threshold"": 0.05, ""pruning_threshold"": 0.005}",0.6444473740320334
A2_Single_Delayed_Dependency,S3_RSONN,2,"{""learning_rate"": 0.001, ""growth_threshold"": 0.1, ""pruning_threshold"": 0.001}",0.6445344410300822
A2_Single_Delayed_Dependency,S3_RSONN,3,"{""learning_rate"": 0.001, ""growth_threshold"": 0.1, ""pruning_threshold"": 0.005}",0.6444517902579704
A2_Single_Delayed_Dependency,S3_RSONN,4,"{""learning_rate"": 0.005, ""growth_threshold"": 0.05, ""pruning_threshold"": 0.001}",0.6457745855149116
A2_Single_Delayed_Dependency,S3_RSONN,5,"{""learning_rate"": 0.005, ""growth_threshold"": 0.05, ""pruning_threshold"": 0.005}",0.6456160053284141
A2_Single_Delayed_Dependency,S3_RSONN,6,"{""learning_rate"": 0.005, ""growth_threshold"": 0.1, ""pruning_threshold"": 0.001}",0.6458556236293074
A2_Single_Delayed_Dependency,S3_RSONN,7,"{""learning_rate"": 0.005, ""growth_threshold"": 0.1, ""pruning_threshold"": 0.005}",0.6455357516144864
A2_Single_Delayed_Dependency,S3_RSONN,8,"{""learning_rate"": 0.01, ""growth_threshold"": 0.05, ""pruning_threshold"": 0.001}",0.647437553194588
A2_Single_Delayed_Dependency,S3_RSONN,9,"{""learning_rate"": 0.01, ""growth_threshold"": 0.05, ""pruning_threshold"": 0.005}",0.647289393014178
A2_Single_Delayed_Dependency,S3_RSONN,10,"{""learning_rate"": 0.01, ""growth_threshold"": 0.1, ""pruning_threshold"": 0.001}",0.6474541463232725
A2_Single_Delayed_Dependency,S3_RSONN,11,"{""learning_rate"": 0.01, ""growth_threshold"": 0.1, ""pruning_threshold"": 0.005}",0.6471231569189508
A2_Single_Delayed_Dependency,S3_RSONN,12,"{""learning_rate"": 0.02, ""growth_threshold"": 0.05, ""pruning_threshold"": 0.001}",0.650545621282299
A2_Single_Delayed_Dependency,S3_RSONN,13,"{""learning_rate"": 0.02, ""growth_threshold"": 0.05, ""pruning_threshold"": 0.005}",0.6503198438974962
A2_Single_Delayed_Dependency,S3_RSONN,14,"{""learning_rate"": 0.02, ""growth_threshold"": 0.1, ""pruning_threshold"": 0.001}",0.650683030408587
A2_Single_Delayed_Dependency,S3_RSONN,15,"{""learning_rate"": 0.02, ""growth_threshold"": 0.1, ""pruning_threshold"": 0.005}",0.6503775582886165
A2_Single_Delayed_Dependency,S4_ACESN,0,"{""reservoir_size"": 20, ""spectral_radius"": 0.85, ""compression_ratio"": 0.25, ""readout_lr"": 0.001}",0.6425561663017123
A2_Single_Delayed_Dependency,S4_ACESN,1,"{""reservoir_size"": 20, ""spectral_radius"": 0.85, ""compression_ratio"": 0.25, ""readout_lr"": 0.01}",0.6494526815326793
A2_Single_Delayed_Dependency,S4_ACESN,2,"{""reservoir_size"": 20, ""spectral_radius"": 0.85, ""compression_ratio"": 0.5, ""readout_lr"": 0.001}",0.6425610957496048
A2_Single_Delayed_Dependency,S4_ACESN,3,"{""reservoir_size"": 20, ""spectral_radius"": 0.85, ""compression_ratio"": 0.5, ""readout_lr"": 0.01}",0.6494406087131465
A2_Single_Delayed_Dependency,S4_ACESN,4,"{""reservoir_size"": 20, ""spectral_radius"": 0.95, ""compression_ratio"": 0.25, ""readout_lr"": 0.001}",0.6409273494605113
A2_Single_Delayed_Dependency,S4_ACESN,5,"{""reservoir_size"": 20, ""spectral_radius"": 0.95, ""compression_ratio"": 0.25, ""readout_lr"": 0.01}",0.6470812463591432
A2_Single_Delayed_Dependency,S4_ACESN,6,"{""reservoir_size"": 20, ""spectral_radius"": 0.95, ""compression_ratio"": 0.5, ""readout_lr"": 0.001}",0.6409344958701039
A2_Single_Delayed_Dependency,S4_ACESN,7,"{""reservoir_size"": 20, ""spectral_radius"": 0.95, ""compression_ratio"": 0.5, ""readout_lr"": 0.01}",0.647153343604025
A2_Single_Delayed_Dependency,S4_ACESN,8,"{""reservoir_size"": 40, ""spectral_radius"": 0.85, ""compression_ratio"": 0.25, ""readout_lr"": 0.001}",0.6399950184320229
A2_Single_Delayed_Dependency,S4_ACESN,9,"{""reservoir_size"": 40, ""spectral_radius"": 0.85, ""compression_ratio"": 0.25, ""readout_lr"": 0.01}",0.6507715374354103
A2_Single_Delayed_Dependency,S4_ACESN,10,"{""reservoir_size"": 40, ""spectral_radius"": 0.85, ""compression_ratio"": 0.5, ""readout_lr"": 0.001}",0.6400100512711349
A2_Single_Delayed_Dependency,S4_ACESN,11,"{""reservoir_size"": 40, ""spectral_radius"": 0.85, ""compression_ratio"": 0.5, ""readout_lr"": 0.01}",0.6507303000598653
A2_Single_Delayed_Dependency,S4_ACESN,12,"{""reservoir_size"": 40, ""spectral_radius"": 0.95, ""compression_ratio"": 0.25, ""readout_lr"": 0.001}",0.6361533467275363
A2_Single_Delayed_Dependency,S4_ACESN,13,"{""reservoir_size"": 40, ""spectral_radius"": 0.95, ""compression_ratio"": 0.25, ""readout_lr"": 0.01}",0.6442793859907296
A2_Single_Delayed_Dependency,S4_ACESN,14,"{""reservoir_size"": 40, ""spectral_radius"": 0.95, ""compression_ratio"": 0.5, ""readout_lr"": 0.001}",0.6361475658649126
A2_Single_Delayed_Dependency,S4_ACESN,15,"{""reservoir_size"": 40, ""spectral_radius"": 0.95, ""compression_ratio"": 0.5, ""readout_lr"": 0.01}",0.6442044620116877
A2_Single_Delayed_Dependency,S5_CONTINUAL_BACKPROP,0,"{""learning_rate"": 0.001, ""replacement_rate"": 0.0001, ""maturity_threshold"": 50}",0.6502774702376882
A2_Single_Delayed_Dependency,S5_CONTINUAL_BACKPROP,1,"{""learning_rate"": 0.001, ""replacement_rate"": 0.0001, ""maturity_threshold"": 100}",0.6500438863456693
A2_Single_Delayed_Dependency,S5_CONTINUAL_BACKPROP,2,"{""learning_rate"": 0.001, ""replacement_rate"": 0.001, ""maturity_threshold"": 50}",0.6499272934418506
A2_Single_Delayed_Dependency,S5_CONTINUAL_BACKPROP,3,"{""learning_rate"": 0.001, ""replacement_rate"": 0.001, ""maturity_threshold"": 100}",0.6504791198861732
A2_Single_Delayed_Dependency,S5_CONTINUAL_BACKPROP,4,"{""learning_rate"": 0.005, ""replacement_rate"": 0.0001, ""maturity_threshold"": 50}",0.6784696610500079
A2_Single_Delayed_Dependency,S5_CONTINUAL_BACKPROP,5,"{""learning_rate"": 0.005, ""replacement_rate"": 0.0001, ""maturity_threshold"": 100}",0.6783789593896473
A2_Single_Delayed_Dependency,S5_CONTINUAL_BACKPROP,6,"{""learning_rate"": 0.005, ""replacement_rate"": 0.001, ""maturity_threshold"": 50}",0.6783115725942274
A2_Single_Delayed_Dependency,S5_CONTINUAL_BACKPROP,7,"{""learning_rate"": 0.005, ""replacement_rate"": 0.001, ""maturity_threshold"": 100}",0.6784227124190769
A2_Single_Delayed_Dependency,S5_CONTINUAL_BACKPROP,8,"{""learning_rate"": 0.01, ""replacement_rate"": 0.0001, ""maturity_threshold"": 50}",0.7166577237511683
A2_Single_Delayed_Dependency,S5_CONTINUAL_BACKPROP,9,"{""learning_rate"": 0.01, ""replacement_rate"": 0.0001, ""maturity_threshold"": 100}",0.7167142227670033
A2_Single_Delayed_Dependency,S5_CONTINUAL_BACKPROP,10,"{""learning_rate"": 0.01, ""replacement_rate"": 0.001, ""maturity_threshold"": 50}",0.7167885419154617
A2_Single_Delayed_Dependency,S5_CONTINUAL_BACKPROP,11,"{""learning_rate"": 0.01, ""replacement_rate"": 0.001, ""maturity_threshold"": 100}",0.716672050534473
A2_Single_Delayed_Dependency,S5_CONTINUAL_BACKPROP,12,"{""learning_rate"": 0.03, ""replacement_rate"": 0.0001, ""maturity_threshold"": 50}",0.9313469700924571
A2_Single_Delayed_Dependency,S5_CONTINUAL_BACKPROP,13,"{""learning_rate"": 0.03, ""replacement_rate"": 0.0001, ""maturity_threshold"": 100}",0.9312878977354652
A2_Single_Delayed_Dependency,S5_CONTINUAL_BACKPROP,14,"{""learning_rate"": 0.03, ""replacement_rate"": 0.001, ""maturity_threshold"": 50}",0.9314199497524096
A2_Single_Delayed_Dependency,S5_CONTINUAL_BACKPROP,15,"{""learning_rate"": 0.03, ""replacement_rate"": 0.001, ""maturity_threshold"": 100}",0.9313081361884831
A2_Single_Delayed_Dependency,C1_CURRENT_ONLY_LINEAR,0,"{""learning_rate"": 0.001}",0.6496515708212974
A2_Single_Delayed_Dependency,C1_CURRENT_ONLY_LINEAR,1,"{""learning_rate"": 0.003}",0.663743321871272
A2_Single_Delayed_Dependency,C1_CURRENT_ONLY_LINEAR,2,"{""learning_rate"": 0.01}",0.716709455490582
A2_Single_Delayed_Dependency,C1_CURRENT_ONLY_LINEAR,3,"{""learning_rate"": 0.03}",0.9313177180183786
A2_Single_Delayed_Dependency,C2_NLMS,0,"{""step_size"": 0.01}",0.6464129413212865
A2_Single_Delayed_Dependency,C2_NLMS,1,"{""step_size"": 0.05}",0.6615877612634924
A2_Single_Delayed_Dependency,C2_NLMS,2,"{""step_size"": 0.1}",0.6815144107080585
A2_Single_Delayed_Dependency,C2_NLMS,3,"{""step_size"": 0.2}",0.7225612642649032
A2_Single_Delayed_Dependency,C3_RLS,0,"{""forgetting_factor"": 0.99}",0.7376626252239392
A2_Single_Delayed_Dependency,C3_RLS,1,"{""forgetting_factor"": 0.995}",0.7084571295420767
A2_Single_Delayed_Dependency,C3_RLS,2,"{""forgetting_factor"": 0.999}",0.6922607723286353
A2_Single_Delayed_Dependency,C3_RLS,3,"{""forgetting_factor"": 1.0}",0.6911082727753278
A2_Single_Delayed_Dependency,C4_FIXED_LAG_LINEAR,0,"{""max_lag"": 4, ""learning_rate"": 0.001}",0.6453757184642539
A2_Single_Delayed_Dependency,C4_FIXED_LAG_LINEAR,1,"{""max_lag"": 4, ""learning_rate"": 0.01}",0.6592665578229241
A2_Single_Delayed_Dependency,C4_FIXED_LAG_LINEAR,2,"{""max_lag"": 8, ""learning_rate"": 0.001}",0.20659153861271826
A2_Single_Delayed_Dependency,C4_FIXED_LAG_LINEAR,3,"{""max_lag"": 8, ""learning_rate"": 0.01}",0.024998137401763588
A2_Single_Delayed_Dependency,C4_FIXED_LAG_LINEAR,4,"{""max_lag"": 16, ""learning_rate"": 0.001}",0.20737404996069175
A2_Single_Delayed_Dependency,C4_FIXED_LAG_LINEAR,5,"{""max_lag"": 16, ""learning_rate"": 0.01}",0.025856385023316757
A2_Single_Delayed_Dependency,C4_FIXED_LAG_LINEAR,6,"{""max_lag"": 32, ""learning_rate"": 0.001}",0.20871080037608383
A2_Single_Delayed_Dependency,C4_FIXED_LAG_LINEAR,7,"{""max_lag"": 32, ""learning_rate"": 0.01}",0.027702857705741032
A3_Multiple_Dispersed_Delays,B1_RZA_LMS,0,"{""learning_rate"": 0.001, ""rho_zero_attraction"": 1e-06, ""epsilon_reweight"": 10.0}",0.5052909002262017
A3_Multiple_Dispersed_Delays,B1_RZA_LMS,1,"{""learning_rate"": 0.001, ""rho_zero_attraction"": 1e-05, ""epsilon_reweight"": 10.0}",0.5046378364599774
A3_Multiple_Dispersed_Delays,B1_RZA_LMS,2,"{""learning_rate"": 0.001, ""rho_zero_attraction"": 0.0001, ""epsilon_reweight"": 10.0}",0.5034521829288506
A3_Multiple_Dispersed_Delays,B1_RZA_LMS,3,"{""learning_rate"": 0.001, ""rho_zero_attraction"": 0.001, ""epsilon_reweight"": 10.0}",0.5027541960974456
A3_Multiple_Dispersed_Delays,B1_RZA_LMS,4,"{""learning_rate"": 0.003, ""rho_zero_attraction"": 1e-06, ""epsilon_reweight"": 10.0}",0.5155524692151464
A3_Multiple_Dispersed_Delays,B1_RZA_LMS,5,"{""learning_rate"": 0.003, ""rho_zero_attraction"": 1e-05, ""epsilon_reweight"": 10.0}",0.5148271373605388
A3_Multiple_Dispersed_Delays,B1_RZA_LMS,6,"{""learning_rate"": 0.003, ""rho_zero_attraction"": 0.0001, ""epsilon_reweight"": 10.0}",0.5099164996465705
A3_Multiple_Dispersed_Delays,B1_RZA_LMS,7,"{""learning_rate"": 0.003, ""rho_zero_attraction"": 0.001, ""epsilon_reweight"": 10.0}",0.5032282732827417
A3_Multiple_Dispersed_Delays,B1_RZA_LMS,8,"{""learning_rate"": 0.01, ""rho_zero_attraction"": 1e-06, ""epsilon_reweight"": 10.0}",0.5591811638257225
A3_Multiple_Dispersed_Delays,B1_RZA_LMS,9,"{""learning_rate"": 0.01, ""rho_zero_attraction"": 1e-05, ""epsilon_reweight"": 10.0}",0.5586989091717518
A3_Multiple_Dispersed_Delays,B1_RZA_LMS,10,"{""learning_rate"": 0.01, ""rho_zero_attraction"": 0.0001, ""epsilon_reweight"": 10.0}",0.5540812573412961
A3_Multiple_Dispersed_Delays,B1_RZA_LMS,11,"{""learning_rate"": 0.01, ""rho_zero_attraction"": 0.001, ""epsilon_reweight"": 10.0}",0.5252425385591089
A3_Multiple_Dispersed_Delays,B1_RZA_LMS,12,"{""learning_rate"": 0.03, ""rho_zero_attraction"": 1e-06, ""epsilon_reweight"": 10.0}",0.7284556149545648
A3_Multiple_Dispersed_Delays,B1_RZA_LMS,13,"{""learning_rate"": 0.03, ""rho_zero_attraction"": 1e-05, ""epsilon_reweight"": 10.0}",0.7281201350371801
A3_Multiple_Dispersed_Delays,B1_RZA_LMS,14,"{""learning_rate"": 0.03, ""rho_zero_attraction"": 0.0001, ""epsilon_reweight"": 10.0}",0.7247950273554254
A3_Multiple_Dispersed_Delays,B1_RZA_LMS,15,"{""learning_rate"": 0.03, ""rho_zero_attraction"": 0.001, ""epsilon_reweight"": 10.0}",0.6939914249839649
A3_Multiple_Dispersed_Delays,B2_CCN,0,"{""readout_lr"": 0.001, ""recurrent_lr"": 0.0001, ""max_columns"": 1}",0.5054402078179615
A3_Multiple_Dispersed_Delays,B2_CCN,1,"{""readout_lr"": 0.001, ""recurrent_lr"": 0.0001, ""max_columns"": 2}",0.50543687941724
A3_Multiple_Dispersed_Delays,B2_CCN,2,"{""readout_lr"": 0.001, ""recurrent_lr"": 0.001, ""max_columns"": 1}",0.5054391642940134
A3_Multiple_Dispersed_Delays,B2_CCN,3,"{""readout_lr"": 0.001, ""recurrent_lr"": 0.001, ""max_columns"": 2}",0.5054380094606085
A3_Multiple_Dispersed_Delays,B2_CCN,4,"{""readout_lr"": 0.003, ""recurrent_lr"": 0.0001, ""max_columns"": 1}",0.5158774067499265
A3_Multiple_Dispersed_Delays,B2_CCN,5,"{""readout_lr"": 0.003, ""recurrent_lr"": 0.0001, ""max_columns"": 2}",0.5158759921277652
A3_Multiple_Dispersed_Delays,B2_CCN,6,"{""readout_lr"": 0.003, ""recurrent_lr"": 0.001, ""max_columns"": 1}",0.5158802743280405
A3_Multiple_Dispersed_Delays,B2_CCN,7,"{""readout_lr"": 0.003, ""recurrent_lr"": 0.001, ""max_columns"": 2}",0.5158761871947771
A3_Multiple_Dispersed_Delays,B2_CCN,8,"{""readout_lr"": 0.01, ""recurrent_lr"": 0.0001, ""max_columns"": 1}",0.5600972522403728
A3_Multiple_Dispersed_Delays,B2_CCN,9,"{""readout_lr"": 0.01, ""recurrent_lr"": 0.0001, ""max_columns"": 2}",0.5601014661853133
A3_Multiple_Dispersed_Delays,B2_CCN,10,"{""readout_lr"": 0.01, ""recurrent_lr"": 0.001, ""max_columns"": 1}",0.560100425826938
A3_Multiple_Dispersed_Delays,B2_CCN,11,"{""readout_lr"": 0.01, ""recurrent_lr"": 0.001, ""max_columns"": 2}",0.5601022583033325
A3_Multiple_Dispersed_Delays,B2_CCN,12,"{""readout_lr"": 0.03, ""recurrent_lr"": 0.0001, ""max_columns"": 1}",0.7324669430658726
A3_Multiple_Dispersed_Delays,B2_CCN,13,"{""readout_lr"": 0.03, ""recurrent_lr"": 0.0001, ""max_columns"": 2}",0.7324569203034531
A3_Multiple_Dispersed_Delays,B2_CCN,14,"{""readout_lr"": 0.03, ""recurrent_lr"": 0.001, ""max_columns"": 1}",0.7324715741530338
A3_Multiple_Dispersed_Delays,B2_CCN,15,"{""readout_lr"": 0.03, ""recurrent_lr"": 0.001, ""max_columns"": 2}",0.7324944757190096
A3_Multiple_Dispersed_Delays,B3_MUSE_RNN,0,"{""learning_rate"": 0.001, ""growth_multiplier"": 1.5, ""pruning_threshold"": 0.001}",0.5028478538078303
A3_Multiple_Dispersed_Delays,B3_MUSE_RNN,1,"{""learning_rate"": 0.001, ""growth_multiplier"": 1.5, ""pruning_threshold"": 0.01}",0.5028508141012265
A3_Multiple_Dispersed_Delays,B3_MUSE_RNN,2,"{""learning_rate"": 0.001, ""growth_multiplier"": 2.5, ""pruning_threshold"": 0.001}",0.5028149620519645
A3_Multiple_Dispersed_Delays,B3_MUSE_RNN,3,"{""learning_rate"": 0.001, ""growth_multiplier"": 2.5, ""pruning_threshold"": 0.01}",0.5028614510757726
A3_Multiple_Dispersed_Delays,B3_MUSE_RNN,4,"{""learning_rate"": 0.003, ""growth_multiplier"": 1.5, ""pruning_threshold"": 0.001}",0.5028750648527894
A3_Multiple_Dispersed_Delays,B3_MUSE_RNN,5,"{""learning_rate"": 0.003, ""growth_multiplier"": 1.5, ""pruning_threshold"": 0.01}",0.5028204152933282
A3_Multiple_Dispersed_Delays,B3_MUSE_RNN,6,"{""learning_rate"": 0.003, ""growth_multiplier"": 2.5, ""pruning_threshold"": 0.001}",0.5028411663208272
A3_Multiple_Dispersed_Delays,B3_MUSE_RNN,7,"{""learning_rate"": 0.003, ""growth_multiplier"": 2.5, ""pruning_threshold"": 0.01}",0.5027814061271821
A3_Multiple_Dispersed_Delays,B3_MUSE_RNN,8,"{""learning_rate"": 0.01, ""growth_multiplier"": 1.5, ""pruning_threshold"": 0.001}",0.5029033096984191
A3_Multiple_Dispersed_Delays,B3_MUSE_RNN,9,"{""learning_rate"": 0.01, ""growth_multiplier"": 1.5, ""pruning_threshold"": 0.01}",0.5029373746905812
A3_Multiple_Dispersed_Delays,B3_MUSE_RNN,10,"{""learning_rate"": 0.01, ""growth_multiplier"": 2.5, ""pruning_threshold"": 0.001}",0.5029428813225579
A3_Multiple_Dispersed_Delays,B3_MUSE_RNN,11,"{""learning_rate"": 0.01, ""growth_multiplier"": 2.5, ""pruning_threshold"": 0.01}",0.5026293651622692
A3_Multiple_Dispersed_Delays,B3_MUSE_RNN,12,"{""learning_rate"": 0.03, ""growth_multiplier"": 1.5, ""pruning_threshold"": 0.001}",0.5030696844262693
A3_Multiple_Dispersed_Delays,B3_MUSE_RNN,13,"{""learning_rate"": 0.03, ""growth_multiplier"": 1.5, ""pruning_threshold"": 0.01}",0.5033214598608514
A3_Multiple_Dispersed_Delays,B3_MUSE_RNN,14,"{""learning_rate"": 0.03, ""growth_multiplier"": 2.5, ""pruning_threshold"": 0.001}",0.5033524448878114
A3_Multiple_Dispersed_Delays,B3_MUSE_RNN,15,"{""learning_rate"": 0.03, ""growth_multiplier"": 2.5, ""pruning_threshold"": 0.01}",0.5034048513203696
A3_Multiple_Dispersed_Delays,B4_MINIMAL_GRU,0,"{""learning_rate"": 0.0001, ""weight_decay"": 0.9}",0.5028532065267042
A3_Multiple_Dispersed_Delays,B4_MINIMAL_GRU,1,"{""learning_rate"": 0.0001, ""weight_decay"": 0.95}",0.5028514821676852
A3_Multiple_Dispersed_Delays,B4_MINIMAL_GRU,2,"{""learning_rate"": 0.0001, ""weight_decay"": 0.99}",0.5028584177113701
A3_Multiple_Dispersed_Delays,B4_MINIMAL_GRU,3,"{""learning_rate"": 0.0001, ""weight_decay"": 0.999}",0.5029040966966452
A3_Multiple_Dispersed_Delays,B4_MINIMAL_GRU,4,"{""learning_rate"": 0.001, ""weight_decay"": 0.9}",0.5028519787530747
A3_Multiple_Dispersed_Delays,B4_MINIMAL_GRU,5,"{""learning_rate"": 0.001, ""weight_decay"": 0.95}",0.5028530513170861
A3_Multiple_Dispersed_Delays,B4_MINIMAL_GRU,6,"{""learning_rate"": 0.001, ""weight_decay"": 0.99}",0.5028457834344258
A3_Multiple_Dispersed_Delays,B4_MINIMAL_GRU,7,"{""learning_rate"": 0.001, ""weight_decay"": 0.999}",0.5028147455325332
A3_Multiple_Dispersed_Delays,B4_MINIMAL_GRU,8,"{""learning_rate"": 0.003, ""weight_decay"": 0.9}",0.5028521621142502
A3_Multiple_Dispersed_Delays,B4_MINIMAL_GRU,9,"{""learning_rate"": 0.003, ""weight_decay"": 0.95}",0.5028467929372862
A3_Multiple_Dispersed_Delays,B4_MINIMAL_GRU,10,"{""learning_rate"": 0.003, ""weight_decay"": 0.99}",0.5028442452220258
A3_Multiple_Dispersed_Delays,B4_MINIMAL_GRU,11,"{""learning_rate"": 0.003, ""weight_decay"": 0.999}",0.5028644064390336
A3_Multiple_Dispersed_Delays,B4_MINIMAL_GRU,12,"{""learning_rate"": 0.01, ""weight_decay"": 0.9}",0.5028535029749355
A3_Multiple_Dispersed_Delays,B4_MINIMAL_GRU,13,"{""learning_rate"": 0.01, ""weight_decay"": 0.95}",0.5028557604967266
A3_Multiple_Dispersed_Delays,B4_MINIMAL_GRU,14,"{""learning_rate"": 0.01, ""weight_decay"": 0.99}",0.5028603645978896
A3_Multiple_Dispersed_Delays,B4_MINIMAL_GRU,15,"{""learning_rate"": 0.01, ""weight_decay"": 0.999}",0.5028601385753574
A3_Multiple_Dispersed_Delays,B5_ONLINE_ESN,0,"{""reservoir_size"": 10, ""spectral_radius"": 0.85, ""leak_rate"": 0.3, ""readout_lr"": 0.001}",0.5018673339973803
A3_Multiple_Dispersed_Delays,B5_ONLINE_ESN,1,"{""reservoir_size"": 10, ""spectral_radius"": 0.85, ""leak_rate"": 0.3, ""readout_lr"": 0.01}",0.4969457046693693
A3_Multiple_Dispersed_Delays,B5_ONLINE_ESN,2,"{""reservoir_size"": 10, ""spectral_radius"": 0.85, ""leak_rate"": 0.7, ""readout_lr"": 0.001}",0.501553648683737
A3_Multiple_Dispersed_Delays,B5_ONLINE_ESN,3,"{""reservoir_size"": 10, ""spectral_radius"": 0.85, ""leak_rate"": 0.7, ""readout_lr"": 0.01}",0.4983700714209191
A3_Multiple_Dispersed_Delays,B5_ONLINE_ESN,4,"{""reservoir_size"": 10, ""spectral_radius"": 0.95, ""leak_rate"": 0.3, ""readout_lr"": 0.001}",0.5017875751163557
A3_Multiple_Dispersed_Delays,B5_ONLINE_ESN,5,"{""reservoir_size"": 10, ""spectral_radius"": 0.95, ""leak_rate"": 0.3, ""readout_lr"": 0.01}",0.49671239158885877
A3_Multiple_Dispersed_Delays,B5_ONLINE_ESN,6,"{""reservoir_size"": 10, ""spectral_radius"": 0.95, ""leak_rate"": 0.7, ""readout_lr"": 0.001}",0.5012919566497266
A3_Multiple_Dispersed_Delays,B5_ONLINE_ESN,7,"{""reservoir_size"": 10, ""spectral_radius"": 0.95, ""leak_rate"": 0.7, ""readout_lr"": 0.01}",0.49767400485590363
A3_Multiple_Dispersed_Delays,B5_ONLINE_ESN,8,"{""reservoir_size"": 20, ""spectral_radius"": 0.85, ""leak_rate"": 0.3, ""readout_lr"": 0.001}",0.5003991565363385
A3_Multiple_Dispersed_Delays,B5_ONLINE_ESN,9,"{""reservoir_size"": 20, ""spectral_radius"": 0.85, ""leak_rate"": 0.3, ""readout_lr"": 0.01}",0.49187569405068027
A3_Multiple_Dispersed_Delays,B5_ONLINE_ESN,10,"{""reservoir_size"": 20, ""spectral_radius"": 0.85, ""leak_rate"": 0.7, ""readout_lr"": 0.001}",0.49956003418935113
A3_Multiple_Dispersed_Delays,B5_ONLINE_ESN,11,"{""reservoir_size"": 20, ""spectral_radius"": 0.85, ""leak_rate"": 0.7, ""readout_lr"": 0.01}",0.4942886712973771
A3_Multiple_Dispersed_Delays,B5_ONLINE_ESN,12,"{""reservoir_size"": 20, ""spectral_radius"": 0.95, ""leak_rate"": 0.3, ""readout_lr"": 0.001}",0.5000039346894662
A3_Multiple_Dispersed_Delays,B5_ONLINE_ESN,13,"{""reservoir_size"": 20, ""spectral_radius"": 0.95, ""leak_rate"": 0.3, ""readout_lr"": 0.01}",0.49201448034314826
A3_Multiple_Dispersed_Delays,B5_ONLINE_ESN,14,"{""reservoir_size"": 20, ""spectral_radius"": 0.95, ""leak_rate"": 0.7, ""readout_lr"": 0.001}",0.49875654958793897
A3_Multiple_Dispersed_Delays,B5_ONLINE_ESN,15,"{""reservoir_size"": 20, ""spectral_radius"": 0.95, ""leak_rate"": 0.7, ""readout_lr"": 0.01}",0.49388524523030153
A3_Multiple_Dispersed_Delays,S1_VARIABLE_TAP_LMS,0,"{""learning_rate"": 0.001, ""tap_leakage"": 0.0001}",0.5033048463235258
A3_Multiple_Dispersed_Delays,S1_VARIABLE_TAP_LMS,1,"{""learning_rate"": 0.001, ""tap_leakage"": 0.001}",0.50320981733165
A3_Multiple_Dispersed_Delays,S1_VARIABLE_TAP_LMS,2,"{""learning_rate"": 0.001, ""tap_leakage"": 0.01}",0.5030138727760042
A3_Multiple_Dispersed_Delays,S1_VARIABLE_TAP_LMS,3,"{""learning_rate"": 0.001, ""tap_leakage"": 0.1}",0.502924696407817
A3_Multiple_Dispersed_Delays,S1_VARIABLE_TAP_LMS,4,"{""learning_rate"": 0.003, ""tap_leakage"": 0.0001}",0.43020667617232505
A3_Multiple_Dispersed_Delays,S1_VARIABLE_TAP_LMS,5,"{""learning_rate"": 0.003, ""tap_leakage"": 0.001}",0.455853662737008
A3_Multiple_Dispersed_Delays,S1_VARIABLE_TAP_LMS,6,"{""learning_rate"": 0.003, ""tap_leakage"": 0.01}",0.5035105558757509
A3_Multiple_Dispersed_Delays,S1_VARIABLE_TAP_LMS,7,"{""learning_rate"": 0.003, ""tap_leakage"": 0.1}",0.5030942734104408
A3_Multiple_Dispersed_Delays,S1_VARIABLE_TAP_LMS,8,"{""learning_rate"": 0.01, ""tap_leakage"": 0.0001}",0.28136132137653175
A3_Multiple_Dispersed_Delays,S1_VARIABLE_TAP_LMS,9,"{""learning_rate"": 0.01, ""tap_leakage"": 0.001}",0.2833076941732089
A3_Multiple_Dispersed_Delays,S1_VARIABLE_TAP_LMS,10,"{""learning_rate"": 0.01, ""tap_leakage"": 0.01}",0.3357124062248113
A3_Multiple_Dispersed_Delays,S1_VARIABLE_TAP_LMS,11,"{""learning_rate"": 0.01, ""tap_leakage"": 0.1}",0.48387402853649536
A3_Multiple_Dispersed_Delays,S1_VARIABLE_TAP_LMS,12,"{""learning_rate"": 0.03, ""tap_leakage"": 0.0001}",0.39876256187636133
A3_Multiple_Dispersed_Delays,S1_VARIABLE_TAP_LMS,13,"{""learning_rate"": 0.03, ""tap_leakage"": 0.001}",0.4053515517618647
A3_Multiple_Dispersed_Delays,S1_VARIABLE_TAP_LMS,14,"{""learning_rate"": 0.03, ""tap_leakage"": 0.01}",0.3603372048968572
A3_Multiple_Dispersed_Delays,S1_VARIABLE_TAP_LMS,15,"{""learning_rate"": 0.03, ""tap_leakage"": 0.1}",0.42269412897067316
A3_Multiple_Dispersed_Delays,S2_LRU_STREAM,0,"{""state_lr"": 0.001, ""readout_lr"": 0.001, ""state_decay"": 0.9}",0.5069080023692606
A3_Multiple_Dispersed_Delays,S2_LRU_STREAM,1,"{""state_lr"": 0.001, ""readout_lr"": 0.001, ""state_decay"": 0.98}",0.5088173007355551
A3_Multiple_Dispersed_Delays,S2_LRU_STREAM,2,"{""state_lr"": 0.001, ""readout_lr"": 0.003, ""state_decay"": 0.9}",0.5162330232650861
A3_Multiple_Dispersed_Delays,S2_LRU_STREAM,3,"{""state_lr"": 0.001, ""readout_lr"": 0.003, ""state_decay"": 0.98}",0.5182174892786094
A3_Multiple_Dispersed_Delays,S2_LRU_STREAM,4,"{""state_lr"": 0.001, ""readout_lr"": 0.01, ""state_decay"": 0.9}",0.5596596238578342
A3_Multiple_Dispersed_Delays,S2_LRU_STREAM,5,"{""state_lr"": 0.001, ""readout_lr"": 0.01, ""state_decay"": 0.98}",0.562291599413292
A3_Multiple_Dispersed_Delays,S2_LRU_STREAM,6,"{""state_lr"": 0.001, ""readout_lr"": 0.03, ""state_decay"": 0.9}",0.727271220086451
A3_Multiple_Dispersed_Delays,S2_LRU_STREAM,7,"{""state_lr"": 0.001, ""readout_lr"": 0.03, ""state_decay"": 0.98}",0.7419362691464584
A3_Multiple_Dispersed_Delays,S2_LRU_STREAM,8,"{""state_lr"": 0.01, ""readout_lr"": 0.001, ""state_decay"": 0.9}",0.5067249331565326
A3_Multiple_Dispersed_Delays,S2_LRU_STREAM,9,"{""state_lr"": 0.01, ""readout_lr"": 0.001, ""state_decay"": 0.98}",0.5073929311876105
A3_Multiple_Dispersed_Delays,S2_LRU_STREAM,10,"{""state_lr"": 0.01, ""readout_lr"": 0.003, ""state_decay"": 0.9}",0.5152473598043833
A3_Multiple_Dispersed_Delays,S2_LRU_STREAM,11,"{""state_lr"": 0.01, ""readout_lr"": 0.003, ""state_decay"": 0.98}",0.5167446160940661
A3_Multiple_Dispersed_Delays,S2_LRU_STREAM,12,"{""state_lr"": 0.01, ""readout_lr"": 0.01, ""state_decay"": 0.9}",0.5608533238521644
A3_Multiple_Dispersed_Delays,S2_LRU_STREAM,13,"{""state_lr"": 0.01, ""readout_lr"": 0.01, ""state_decay"": 0.98}",0.5621426489782841
A3_Multiple_Dispersed_Delays,S2_LRU_STREAM,14,"{""state_lr"": 0.01, ""readout_lr"": 0.03, ""state_decay"": 0.9}",0.7264466282054493
A3_Multiple_Dispersed_Delays,S2_LRU_STREAM,15,"{""state_lr"": 0.01, ""readout_lr"": 0.03, ""state_decay"": 0.98}",0.754096613966088
A3_Multiple_Dispersed_Delays,S3_RSONN,0,"{""learning_rate"": 0.001, ""growth_threshold"": 0.05, ""pruning_threshold"": 0.001}",0.5030199845528068
A3_Multiple_Dispersed_Delays,S3_RSONN,1,"{""learning_rate"": 0.001, ""growth_threshold"": 0.05, ""pruning_threshold"": 0.005}",0.5029334450574574
A3_Multiple_Dispersed_Delays,S3_RSONN,2,"{""learning_rate"": 0.001, ""growth_threshold"": 0.1, ""pruning_threshold"": 0.001}",0.50298632362529
A3_Multiple_Dispersed_Delays,S3_RSONN,3,"{""learning_rate"": 0.001, ""growth_threshold"": 0.1, ""pruning_threshold"": 0.005}",0.5029114243421776
A3_Multiple_Dispersed_Delays,S3_RSONN,4,"{""learning_rate"": 0.005, ""growth_threshold"": 0.05, ""pruning_threshold"": 0.001}",0.5041804644696438
A3_Multiple_Dispersed_Delays,S3_RSONN,5,"{""learning_rate"": 0.005, ""growth_threshold"": 0.05, ""pruning_threshold"": 0.005}",0.5038683470321431
A3_Multiple_Dispersed_Delays,S3_RSONN,6,"{""learning_rate"": 0.005, ""growth_threshold"": 0.1, ""pruning_threshold"": 0.001}",0.5041068460706559
A3_Multiple_Dispersed_Delays,S3_RSONN,7,"{""learning_rate"": 0.005, ""growth_threshold"": 0.1, ""pruning_threshold"": 0.005}",0.5037729325897773
A3_Multiple_Dispersed_Delays,S3_RSONN,8,"{""learning_rate"": 0.01, ""growth_threshold"": 0.05, ""pruning_threshold"": 0.001}",0.5052528616012125
A3_Multiple_Dispersed_Delays,S3_RSONN,9,"{""learning_rate"": 0.01, ""growth_threshold"": 0.05, ""pruning_threshold"": 0.005}",0.5049931571171846
A3_Multiple_Dispersed_Delays,S3_RSONN,10,"{""learning_rate"": 0.01, ""growth_threshold"": 0.1, ""pruning_threshold"": 0.001}",0.5052384139090806
A3_Multiple_Dispersed_Delays,S3_RSONN,11,"{""learning_rate"": 0.01, ""growth_threshold"": 0.1, ""pruning_threshold"": 0.005}",0.5050115438302722
A3_Multiple_Dispersed_Delays,S3_RSONN,12,"{""learning_rate"": 0.02, ""growth_threshold"": 0.05, ""pruning_threshold"": 0.001}",0.5074775542764968
A3_Multiple_Dispersed_Delays,S3_RSONN,13,"{""learning_rate"": 0.02, ""growth_threshold"": 0.05, ""pruning_threshold"": 0.005}",0.5073270799275399
A3_Multiple_Dispersed_Delays,S3_RSONN,14,"{""learning_rate"": 0.02, ""growth_threshold"": 0.1, ""pruning_threshold"": 0.001}",0.5073504520564681
A3_Multiple_Dispersed_Delays,S3_RSONN,15,"{""learning_rate"": 0.02, ""growth_threshold"": 0.1, ""pruning_threshold"": 0.005}",0.5071587266433274
A3_Multiple_Dispersed_Delays,S4_ACESN,0,"{""reservoir_size"": 20, ""spectral_radius"": 0.85, ""compression_ratio"": 0.25, ""readout_lr"": 0.001}",0.49887301451777893
A3_Multiple_Dispersed_Delays,S4_ACESN,1,"{""reservoir_size"": 20, ""spectral_radius"": 0.85, ""compression_ratio"": 0.25, ""readout_lr"": 0.01}",0.4985227893646896
A3_Multiple_Dispersed_Delays,S4_ACESN,2,"{""reservoir_size"": 20, ""spectral_radius"": 0.85, ""compression_ratio"": 0.5, ""readout_lr"": 0.001}",0.49887301451777893
A3_Multiple_Dispersed_Delays,S4_ACESN,3,"{""reservoir_size"": 20, ""spectral_radius"": 0.85, ""compression_ratio"": 0.5, ""readout_lr"": 0.01}",0.4985227893646896
A3_Multiple_Dispersed_Delays,S4_ACESN,4,"{""reservoir_size"": 20, ""spectral_radius"": 0.95, ""compression_ratio"": 0.25, ""readout_lr"": 0.001}",0.49774737836212707
A3_Multiple_Dispersed_Delays,S4_ACESN,5,"{""reservoir_size"": 20, ""spectral_radius"": 0.95, ""compression_ratio"": 0.25, ""readout_lr"": 0.01}",0.4978378535010495
A3_Multiple_Dispersed_Delays,S4_ACESN,6,"{""reservoir_size"": 20, ""spectral_radius"": 0.95, ""compression_ratio"": 0.5, ""readout_lr"": 0.001}",0.49774737836212707
A3_Multiple_Dispersed_Delays,S4_ACESN,7,"{""reservoir_size"": 20, ""spectral_radius"": 0.95, ""compression_ratio"": 0.5, ""readout_lr"": 0.01}",0.4978378535010495
A3_Multiple_Dispersed_Delays,S4_ACESN,8,"{""reservoir_size"": 40, ""spectral_radius"": 0.85, ""compression_ratio"": 0.25, ""readout_lr"": 0.001}",0.49164522859339455
A3_Multiple_Dispersed_Delays,S4_ACESN,9,"{""reservoir_size"": 40, ""spectral_radius"": 0.85, ""compression_ratio"": 0.25, ""readout_lr"": 0.01}",0.48154585816977824
A3_Multiple_Dispersed_Delays,S4_ACESN,10,"{""reservoir_size"": 40, ""spectral_radius"": 0.85, ""compression_ratio"": 0.5, ""readout_lr"": 0.001}",0.4916027940998559
A3_Multiple_Dispersed_Delays,S4_ACESN,11,"{""reservoir_size"": 40, ""spectral_radius"": 0.85, ""compression_ratio"": 0.5, ""readout_lr"": 0.01}",0.4815246945024783
A3_Multiple_Dispersed_Delays,S4_ACESN,12,"{""reservoir_size"": 40, ""spectral_radius"": 0.95, ""compression_ratio"": 0.25, ""readout_lr"": 0.001}",0.488858866688823
A3_Multiple_Dispersed_Delays,S4_ACESN,13,"{""reservoir_size"": 40, ""spectral_radius"": 0.95, ""compression_ratio"": 0.25, ""readout_lr"": 0.01}",0.47877118811725117
A3_Multiple_Dispersed_Delays,S4_ACESN,14,"{""reservoir_size"": 40, ""spectral_radius"": 0.95, ""compression_ratio"": 0.5, ""readout_lr"": 0.001}",0.48878796073772635
A3_Multiple_Dispersed_Delays,S4_ACESN,15,"{""reservoir_size"": 40, ""spectral_radius"": 0.95, ""compression_ratio"": 0.5, ""readout_lr"": 0.01}",0.4785491409784599
A3_Multiple_Dispersed_Delays,S5_CONTINUAL_BACKPROP,0,"{""learning_rate"": 0.001, ""replacement_rate"": 0.0001, ""maturity_threshold"": 50}",0.5060254216100993
A3_Multiple_Dispersed_Delays,S5_CONTINUAL_BACKPROP,1,"{""learning_rate"": 0.001, ""replacement_rate"": 0.0001, ""maturity_threshold"": 100}",0.5059502204602601
A3_Multiple_Dispersed_Delays,S5_CONTINUAL_BACKPROP,2,"{""learning_rate"": 0.001, ""replacement_rate"": 0.001, ""maturity_threshold"": 50}",0.5064528209206284
A3_Multiple_Dispersed_Delays,S5_CONTINUAL_BACKPROP,3,"{""learning_rate"": 0.001, ""replacement_rate"": 0.001, ""maturity_threshold"": 100}",0.5063079212285142
A3_Multiple_Dispersed_Delays,S5_CONTINUAL_BACKPROP,4,"{""learning_rate"": 0.005, ""replacement_rate"": 0.0001, ""maturity_threshold"": 50}",0.5275407167258694
A3_Multiple_Dispersed_Delays,S5_CONTINUAL_BACKPROP,5,"{""learning_rate"": 0.005, ""replacement_rate"": 0.0001, ""maturity_threshold"": 100}",0.5277197954816404
A3_Multiple_Dispersed_Delays,S5_CONTINUAL_BACKPROP,6,"{""learning_rate"": 0.005, ""replacement_rate"": 0.001, ""maturity_threshold"": 50}",0.5272336697472095
A3_Multiple_Dispersed_Delays,S5_CONTINUAL_BACKPROP,7,"{""learning_rate"": 0.005, ""replacement_rate"": 0.001, ""maturity_threshold"": 100}",0.5276146704674542
A3_Multiple_Dispersed_Delays,S5_CONTINUAL_BACKPROP,8,"{""learning_rate"": 0.01, ""replacement_rate"": 0.0001, ""maturity_threshold"": 50}",0.5593899691508781
A3_Multiple_Dispersed_Delays,S5_CONTINUAL_BACKPROP,9,"{""learning_rate"": 0.01, ""replacement_rate"": 0.0001, ""maturity_threshold"": 100}",0.5594148649538654
A3_Multiple_Dispersed_Delays,S5_CONTINUAL_BACKPROP,10,"{""learning_rate"": 0.01, ""replacement_rate"": 0.001, ""maturity_threshold"": 50}",0.559373089043491
A3_Multiple_Dispersed_Delays,S5_CONTINUAL_BACKPROP,11,"{""learning_rate"": 0.01, ""replacement_rate"": 0.001, ""maturity_threshold"": 100}",0.5592831941793456
A3_Multiple_Dispersed_Delays,S5_CONTINUAL_BACKPROP,12,"{""learning_rate"": 0.03, ""replacement_rate"": 0.0001, ""maturity_threshold"": 50}",0.7285097869088467
A3_Multiple_Dispersed_Delays,S5_CONTINUAL_BACKPROP,13,"{""learning_rate"": 0.03, ""replacement_rate"": 0.0001, ""maturity_threshold"": 100}",0.7285910915950615
A3_Multiple_Dispersed_Delays,S5_CONTINUAL_BACKPROP,14,"{""learning_rate"": 0.03, ""replacement_rate"": 0.001, ""maturity_threshold"": 50}",0.7285545309190332
A3_Multiple_Dispersed_Delays,S5_CONTINUAL_BACKPROP,15,"{""learning_rate"": 0.03, ""replacement_rate"": 0.001, ""maturity_threshold"": 100}",0.7285160867743397
A3_Multiple_Dispersed_Delays,C1_CURRENT_ONLY_LINEAR,0,"{""learning_rate"": 0.001}",0.5053740819479428
A3_Multiple_Dispersed_Delays,C1_CURRENT_ONLY_LINEAR,1,"{""learning_rate"": 0.003}",0.515636363867089
A3_Multiple_Dispersed_Delays,C1_CURRENT_ONLY_LINEAR,2,"{""learning_rate"": 0.01}",0.5592349995277204
A3_Multiple_Dispersed_Delays,C1_CURRENT_ONLY_LINEAR,3,"{""learning_rate"": 0.03}",0.7284929225020272
A3_Multiple_Dispersed_Delays,C2_NLMS,0,"{""step_size"": 0.01}",0.5040123949590342
A3_Multiple_Dispersed_Delays,C2_NLMS,1,"{""step_size"": 0.05}",0.5149811307496158
A3_Multiple_Dispersed_Delays,C2_NLMS,2,"{""step_size"": 0.1}",0.5310685481999782
A3_Multiple_Dispersed_Delays,C2_NLMS,3,"{""step_size"": 0.2}",0.5659304997279421
A3_Multiple_Dispersed_Delays,C3_RLS,0,"{""forgetting_factor"": 0.99}",0.5740642253116056
A3_Multiple_Dispersed_Delays,C3_RLS,1,"{""forgetting_factor"": 0.995}",0.549692798701201
A3_Multiple_Dispersed_Delays,C3_RLS,2,"{""forgetting_factor"": 0.999}",0.5362525025689325
A3_Multiple_Dispersed_Delays,C3_RLS,3,"{""forgetting_factor"": 1.0}",0.5348858486332941
A3_Multiple_Dispersed_Delays,C4_FIXED_LAG_LINEAR,0,"{""max_lag"": 4, ""learning_rate"": 0.001}",0.32964554512773786
A3_Multiple_Dispersed_Delays,C4_FIXED_LAG_LINEAR,1,"{""max_lag"": 4, ""learning_rate"": 0.01}",0.26236753496443815
A3_Multiple_Dispersed_Delays,C4_FIXED_LAG_LINEAR,2,"{""max_lag"": 8, ""learning_rate"": 0.001}",0.33004891241325135
A3_Multiple_Dispersed_Delays,C4_FIXED_LAG_LINEAR,3,"{""max_lag"": 8, ""learning_rate"": 0.01}",0.26851037174632136
A3_Multiple_Dispersed_Delays,C4_FIXED_LAG_LINEAR,4,"{""max_lag"": 16, ""learning_rate"": 0.001}",0.3314350830688035
A3_Multiple_Dispersed_Delays,C4_FIXED_LAG_LINEAR,5,"{""max_lag"": 16, ""learning_rate"": 0.01}",0.2822581570618756
A3_Multiple_Dispersed_Delays,C4_FIXED_LAG_LINEAR,6,"{""max_lag"": 32, ""learning_rate"": 0.001}",0.3331331382941496
A3_Multiple_Dispersed_Delays,C4_FIXED_LAG_LINEAR,7,"{""max_lag"": 32, ""learning_rate"": 0.01}",0.3060076733160883
A4_Long_Delay_Scaling,B1_RZA_LMS,0,"{""learning_rate"": 0.001, ""rho_zero_attraction"": 1e-06, ""epsilon_reweight"": 10.0}",0.6347563607372965
A4_Long_Delay_Scaling,B1_RZA_LMS,1,"{""learning_rate"": 0.001, ""rho_zero_attraction"": 1e-05, ""epsilon_reweight"": 10.0}",0.6338725555735818
A4_Long_Delay_Scaling,B1_RZA_LMS,2,"{""learning_rate"": 0.001, ""rho_zero_attraction"": 0.0001, ""epsilon_reweight"": 10.0}",0.6317858481224379
A4_Long_Delay_Scaling,B1_RZA_LMS,3,"{""learning_rate"": 0.001, ""rho_zero_attraction"": 0.001, ""epsilon_reweight"": 10.0}",0.6314866208328422
A4_Long_Delay_Scaling,B1_RZA_LMS,4,"{""learning_rate"": 0.003, ""rho_zero_attraction"": 1e-06, ""epsilon_reweight"": 10.0}",0.6473514181578005
A4_Long_Delay_Scaling,B1_RZA_LMS,5,"{""learning_rate"": 0.003, ""rho_zero_attraction"": 1e-05, ""epsilon_reweight"": 10.0}",0.646524377365345
A4_Long_Delay_Scaling,B1_RZA_LMS,6,"{""learning_rate"": 0.003, ""rho_zero_attraction"": 0.0001, ""epsilon_reweight"": 10.0}",0.6405109768027238
A4_Long_Delay_Scaling,B1_RZA_LMS,7,"{""learning_rate"": 0.003, ""rho_zero_attraction"": 0.001, ""epsilon_reweight"": 10.0}",0.632089510197979
A4_Long_Delay_Scaling,B1_RZA_LMS,8,"{""learning_rate"": 0.01, ""rho_zero_attraction"": 1e-06, ""epsilon_reweight"": 10.0}",0.700642712033467
A4_Long_Delay_Scaling,B1_RZA_LMS,9,"{""learning_rate"": 0.01, ""rho_zero_attraction"": 1e-05, ""epsilon_reweight"": 10.0}",0.7001231826870459
A4_Long_Delay_Scaling,B1_RZA_LMS,10,"{""learning_rate"": 0.01, ""rho_zero_attraction"": 0.0001, ""epsilon_reweight"": 10.0}",0.6951033091435077
A4_Long_Delay_Scaling,B1_RZA_LMS,11,"{""learning_rate"": 0.01, ""rho_zero_attraction"": 0.001, ""epsilon_reweight"": 10.0}",0.6609293315512826
A4_Long_Delay_Scaling,B1_RZA_LMS,12,"{""learning_rate"": 0.03, ""rho_zero_attraction"": 1e-06, ""epsilon_reweight"": 10.0}",0.9167894055829343
A4_Long_Delay_Scaling,B1_RZA_LMS,13,"{""learning_rate"": 0.03, ""rho_zero_attraction"": 1e-05, ""epsilon_reweight"": 10.0}",0.9164388754640344
A4_Long_Delay_Scaling,B1_RZA_LMS,14,"{""learning_rate"": 0.03, ""rho_zero_attraction"": 0.0001, ""epsilon_reweight"": 10.0}",0.912952811840137
A4_Long_Delay_Scaling,B1_RZA_LMS,15,"{""learning_rate"": 0.03, ""rho_zero_attraction"": 0.001, ""epsilon_reweight"": 10.0}",0.879922208644827
A4_Long_Delay_Scaling,B2_CCN,0,"{""readout_lr"": 0.001, ""recurrent_lr"": 0.0001, ""max_columns"": 1}",0.6349136815214371
A4_Long_Delay_Scaling,B2_CCN,1,"{""readout_lr"": 0.001, ""recurrent_lr"": 0.0001, ""max_columns"": 2}",0.634909001997703
A4_Long_Delay_Scaling,B2_CCN,2,"{""readout_lr"": 0.001, ""recurrent_lr"": 0.001, ""max_columns"": 1}",0.6349109431637183
A4_Long_Delay_Scaling,B2_CCN,3,"{""readout_lr"": 0.001, ""recurrent_lr"": 0.001, ""max_columns"": 2}",0.6349123311229241
A4_Long_Delay_Scaling,B2_CCN,4,"{""readout_lr"": 0.003, ""recurrent_lr"": 0.0001, ""max_columns"": 1}",0.6476464811250907
A4_Long_Delay_Scaling,B2_CCN,5,"{""readout_lr"": 0.003, ""recurrent_lr"": 0.0001, ""max_columns"": 2}",0.6476459213865584
A4_Long_Delay_Scaling,B2_CCN,6,"{""readout_lr"": 0.003, ""recurrent_lr"": 0.001, ""max_columns"": 1}",0.6476550113933062
A4_Long_Delay_Scaling,B2_CCN,7,"{""readout_lr"": 0.003, ""recurrent_lr"": 0.001, ""max_columns"": 2}",0.6476426420989804
A4_Long_Delay_Scaling,B2_CCN,8,"{""readout_lr"": 0.01, ""recurrent_lr"": 0.0001, ""max_columns"": 1}",0.701596328536604
A4_Long_Delay_Scaling,B2_CCN,9,"{""readout_lr"": 0.01, ""recurrent_lr"": 0.0001, ""max_columns"": 2}",0.7016029605685755
A4_Long_Delay_Scaling,B2_CCN,10,"{""readout_lr"": 0.01, ""recurrent_lr"": 0.001, ""max_columns"": 1}",0.7015932285918066
A4_Long_Delay_Scaling,B2_CCN,11,"{""readout_lr"": 0.01, ""recurrent_lr"": 0.001, ""max_columns"": 2}",0.7016030957408366
A4_Long_Delay_Scaling,B2_CCN,12,"{""readout_lr"": 0.03, ""recurrent_lr"": 0.0001, ""max_columns"": 1}",0.9208994178343609
A4_Long_Delay_Scaling,B2_CCN,13,"{""readout_lr"": 0.03, ""recurrent_lr"": 0.0001, ""max_columns"": 2}",0.9209119190119611
A4_Long_Delay_Scaling,B2_CCN,14,"{""readout_lr"": 0.03, ""recurrent_lr"": 0.001, ""max_columns"": 1}",0.9209292859932057
A4_Long_Delay_Scaling,B2_CCN,15,"{""readout_lr"": 0.03, ""recurrent_lr"": 0.001, ""max_columns"": 2}",0.9209059714772198
A4_Long_Delay_Scaling,B3_MUSE_RNN,0,"{""learning_rate"": 0.001, ""growth_multiplier"": 1.5, ""pruning_threshold"": 0.001}",0.6315823014910577
A4_Long_Delay_Scaling,B3_MUSE_RNN,1,"{""learning_rate"": 0.001, ""growth_multiplier"": 1.5, ""pruning_threshold"": 0.01}",0.6315492736014318
A4_Long_Delay_Scaling,B3_MUSE_RNN,2,"{""learning_rate"": 0.001, ""growth_multiplier"": 2.5, ""pruning_threshold"": 0.001}",0.6315930533221028
A4_Long_Delay_Scaling,B3_MUSE_RNN,3,"{""learning_rate"": 0.001, ""growth_multiplier"": 2.5, ""pruning_threshold"": 0.01}",0.6315855912878607
A4_Long_Delay_Scaling,B3_MUSE_RNN,4,"{""learning_rate"": 0.003, ""growth_multiplier"": 1.5, ""pruning_threshold"": 0.001}",0.6315646635386252
A4_Long_Delay_Scaling,B3_MUSE_RNN,5,"{""learning_rate"": 0.003, ""growth_multiplier"": 1.5, ""pruning_threshold"": 0.01}",0.6316292425254599
A4_Long_Delay_Scaling,B3_MUSE_RNN,6,"{""learning_rate"": 0.003, ""growth_multiplier"": 2.5, ""pruning_threshold"": 0.001}",0.6315402919206291
A4_Long_Delay_Scaling,B3_MUSE_RNN,7,"{""learning_rate"": 0.003, ""growth_multiplier"": 2.5, ""pruning_threshold"": 0.01}",0.6316033242024365
A4_Long_Delay_Scaling,B3_MUSE_RNN,8,"{""learning_rate"": 0.01, ""growth_multiplier"": 1.5, ""pruning_threshold"": 0.001}",0.6316863056635321
A4_Long_Delay_Scaling,B3_MUSE_RNN,9,"{""learning_rate"": 0.01, ""growth_multiplier"": 1.5, ""pruning_threshold"": 0.01}",0.631670468641049
A4_Long_Delay_Scaling,B3_MUSE_RNN,10,"{""learning_rate"": 0.01, ""growth_multiplier"": 2.5, ""pruning_threshold"": 0.001}",0.6316911800960706
A4_Long_Delay_Scaling,B3_MUSE_RNN,11,"{""learning_rate"": 0.01, ""growth_multiplier"": 2.5, ""pruning_threshold"": 0.01}",0.6313874709909612
A4_Long_Delay_Scaling,B3_MUSE_RNN,12,"{""learning_rate"": 0.03, ""growth_multiplier"": 1.5, ""pruning_threshold"": 0.001}",0.6318398111383448
A4_Long_Delay_Scaling,B3_MUSE_RNN,13,"{""learning_rate"": 0.03, ""growth_multiplier"": 1.5, ""pruning_threshold"": 0.01}",0.6321367364913537
A4_Long_Delay_Scaling,B3_MUSE_RNN,14,"{""learning_rate"": 0.03, ""growth_multiplier"": 2.5, ""pruning_threshold"": 0.001}",0.6313620004375665
A4_Long_Delay_Scaling,B3_MUSE_RNN,15,"{""learning_rate"": 0.03, ""growth_multiplier"": 2.5, ""pruning_threshold"": 0.01}",0.6323540107464373
A4_Long_Delay_Scaling,B4_MINIMAL_GRU,0,"{""learning_rate"": 0.0001, ""weight_decay"": 0.9}",0.6315707882729429
A4_Long_Delay_Scaling,B4_MINIMAL_GRU,1,"{""learning_rate"": 0.0001, ""weight_decay"": 0.95}",0.6315712688332596
A4_Long_Delay_Scaling,B4_MINIMAL_GRU,2,"{""learning_rate"": 0.0001, ""weight_decay"": 0.99}",0.6315645614635789
A4_Long_Delay_Scaling,B4_MINIMAL_GRU,3,"{""learning_rate"": 0.0001, ""weight_decay"": 0.999}",0.6315341600974046
A4_Long_Delay_Scaling,B4_MINIMAL_GRU,4,"{""learning_rate"": 0.001, ""weight_decay"": 0.9}",0.6315704818287257
A4_Long_Delay_Scaling,B4_MINIMAL_GRU,5,"{""learning_rate"": 0.001, ""weight_decay"": 0.95}",0.6315697950602212
A4_Long_Delay_Scaling,B4_MINIMAL_GRU,6,"{""learning_rate"": 0.001, ""weight_decay"": 0.99}",0.6315771212177496
A4_Long_Delay_Scaling,B4_MINIMAL_GRU,7,"{""learning_rate"": 0.001, ""weight_decay"": 0.999}",0.6315403038131094
A4_Long_Delay_Scaling,B4_MINIMAL_GRU,8,"{""learning_rate"": 0.003, ""weight_decay"": 0.9}",0.6315706795416506
A4_Long_Delay_Scaling,B4_MINIMAL_GRU,9,"{""learning_rate"": 0.003, ""weight_decay"": 0.95}",0.6315698845148034
A4_Long_Delay_Scaling,B4_MINIMAL_GRU,10,"{""learning_rate"": 0.003, ""weight_decay"": 0.99}",0.6315712935140287
A4_Long_Delay_Scaling,B4_MINIMAL_GRU,11,"{""learning_rate"": 0.003, ""weight_decay"": 0.999}",0.6315104992582826
A4_Long_Delay_Scaling,B4_MINIMAL_GRU,12,"{""learning_rate"": 0.01, ""weight_decay"": 0.9}",0.6315703058167127
A4_Long_Delay_Scaling,B4_MINIMAL_GRU,13,"{""learning_rate"": 0.01, ""weight_decay"": 0.95}",0.6315695547852401
A4_Long_Delay_Scaling,B4_MINIMAL_GRU,14,"{""learning_rate"": 0.01, ""weight_decay"": 0.99}",0.6315586452127455
A4_Long_Delay_Scaling,B4_MINIMAL_GRU,15,"{""learning_rate"": 0.01, ""weight_decay"": 0.999}",0.63153260943502
A4_Long_Delay_Scaling,B5_ONLINE_ESN,0,"{""reservoir_size"": 10, ""spectral_radius"": 0.85, ""leak_rate"": 0.3, ""readout_lr"": 0.001}",0.6315727229549379
A4_Long_Delay_Scaling,B5_ONLINE_ESN,1,"{""reservoir_size"": 10, ""spectral_radius"": 0.85, ""leak_rate"": 0.3, ""readout_lr"": 0.01}",0.631976082526405
A4_Long_Delay_Scaling,B5_ONLINE_ESN,2,"{""reservoir_size"": 10, ""spectral_radius"": 0.85, ""leak_rate"": 0.7, ""readout_lr"": 0.001}",0.6313968630644639
A4_Long_Delay_Scaling,B5_ONLINE_ESN,3,"{""reservoir_size"": 10, ""spectral_radius"": 0.85, ""leak_rate"": 0.7, ""readout_lr"": 0.01}",0.6331712114719026
A4_Long_Delay_Scaling,B5_ONLINE_ESN,4,"{""reservoir_size"": 10, ""spectral_radius"": 0.95, ""leak_rate"": 0.3, ""readout_lr"": 0.001}",0.631565223283502
A4_Long_Delay_Scaling,B5_ONLINE_ESN,5,"{""reservoir_size"": 10, ""spectral_radius"": 0.95, ""leak_rate"": 0.3, ""readout_lr"": 0.01}",0.6320191493024705
A4_Long_Delay_Scaling,B5_ONLINE_ESN,6,"{""reservoir_size"": 10, ""spectral_radius"": 0.95, ""leak_rate"": 0.7, ""readout_lr"": 0.001}",0.6313455117616503
A4_Long_Delay_Scaling,B5_ONLINE_ESN,7,"{""reservoir_size"": 10, ""spectral_radius"": 0.95, ""leak_rate"": 0.7, ""readout_lr"": 0.01}",0.6332763358046433
A4_Long_Delay_Scaling,B5_ONLINE_ESN,8,"{""reservoir_size"": 20, ""spectral_radius"": 0.85, ""leak_rate"": 0.3, ""readout_lr"": 0.001}",0.6316213762424795
A4_Long_Delay_Scaling,B5_ONLINE_ESN,9,"{""reservoir_size"": 20, ""spectral_radius"": 0.85, ""leak_rate"": 0.3, ""readout_lr"": 0.01}",0.6328743728471475
A4_Long_Delay_Scaling,B5_ONLINE_ESN,10,"{""reservoir_size"": 20, ""spectral_radius"": 0.85, ""leak_rate"": 0.7, ""readout_lr"": 0.001}",0.6320400666939725
A4_Long_Delay_Scaling,B5_ONLINE_ESN,11,"{""reservoir_size"": 20, ""spectral_radius"": 0.85, ""leak_rate"": 0.7, ""readout_lr"": 0.01}",0.6382101928657408
A4_Long_Delay_Scaling,B5_ONLINE_ESN,12,"{""reservoir_size"": 20, ""spectral_radius"": 0.95, ""leak_rate"": 0.3, ""readout_lr"": 0.001}",0.6315820863045561
A4_Long_Delay_Scaling,B5_ONLINE_ESN,13,"{""reservoir_size"": 20, ""spectral_radius"": 0.95, ""leak_rate"": 0.3, ""readout_lr"": 0.01}",0.633088759589231
A4_Long_Delay_Scaling,B5_ONLINE_ESN,14,"{""reservoir_size"": 20, ""spectral_radius"": 0.95, ""leak_rate"": 0.7, ""readout_lr"": 0.001}",0.6321295386369337
A4_Long_Delay_Scaling,B5_ONLINE_ESN,15,"{""reservoir_size"": 20, ""spectral_radius"": 0.95, ""leak_rate"": 0.7, ""readout_lr"": 0.01}",0.6394290995662005
A4_Long_Delay_Scaling,S1_VARIABLE_TAP_LMS,0,"{""learning_rate"": 0.001, ""tap_leakage"": 0.0001}",0.6323930123306926
A4_Long_Delay_Scaling,S1_VARIABLE_TAP_LMS,1,"{""learning_rate"": 0.001, ""tap_leakage"": 0.001}",0.6321535057785662
A4_Long_Delay_Scaling,S1_VARIABLE_TAP_LMS,2,"{""learning_rate"": 0.001, ""tap_leakage"": 0.01}",0.6314613969986042
A4_Long_Delay_Scaling,S1_VARIABLE_TAP_LMS,3,"{""learning_rate"": 0.001, ""tap_leakage"": 0.1}",0.6315383134155552
A4_Long_Delay_Scaling,S1_VARIABLE_TAP_LMS,4,"{""learning_rate"": 0.003, ""tap_leakage"": 0.0001}",0.6337285195789487
A4_Long_Delay_Scaling,S1_VARIABLE_TAP_LMS,5,"{""learning_rate"": 0.003, ""tap_leakage"": 0.001}",0.6331735350308492
A4_Long_Delay_Scaling,S1_VARIABLE_TAP_LMS,6,"{""learning_rate"": 0.003, ""tap_leakage"": 0.01}",0.6314821975429254
A4_Long_Delay_Scaling,S1_VARIABLE_TAP_LMS,7,"{""learning_rate"": 0.003, ""tap_leakage"": 0.1}",0.631517212850933
A4_Long_Delay_Scaling,S1_VARIABLE_TAP_LMS,8,"{""learning_rate"": 0.01, ""tap_leakage"": 0.0001}",0.6443493852155884
A4_Long_Delay_Scaling,S1_VARIABLE_TAP_LMS,9,"{""learning_rate"": 0.01, ""tap_leakage"": 0.001}",0.6439690690481132
A4_Long_Delay_Scaling,S1_VARIABLE_TAP_LMS,10,"{""learning_rate"": 0.01, ""tap_leakage"": 0.01}",0.6349784976801104
A4_Long_Delay_Scaling,S1_VARIABLE_TAP_LMS,11,"{""learning_rate"": 0.01, ""tap_leakage"": 0.1}",0.6318814801315104
A4_Long_Delay_Scaling,S1_VARIABLE_TAP_LMS,12,"{""learning_rate"": 0.03, ""tap_leakage"": 0.0001}",1.1482391057412162
A4_Long_Delay_Scaling,S1_VARIABLE_TAP_LMS,13,"{""learning_rate"": 0.03, ""tap_leakage"": 0.001}",1.1210574456787137
A4_Long_Delay_Scaling,S1_VARIABLE_TAP_LMS,14,"{""learning_rate"": 0.03, ""tap_leakage"": 0.01}",0.9539393367592913
A4_Long_Delay_Scaling,S1_VARIABLE_TAP_LMS,15,"{""learning_rate"": 0.03, ""tap_leakage"": 0.1}",0.6975636684687503
A4_Long_Delay_Scaling,S2_LRU_STREAM,0,"{""state_lr"": 0.001, ""readout_lr"": 0.001, ""state_decay"": 0.9}",0.6350995967658254
A4_Long_Delay_Scaling,S2_LRU_STREAM,1,"{""state_lr"": 0.001, ""readout_lr"": 0.001, ""state_decay"": 0.98}",0.6370433141530712
A4_Long_Delay_Scaling,S2_LRU_STREAM,2,"{""state_lr"": 0.001, ""readout_lr"": 0.003, ""state_decay"": 0.9}",0.6490578578768565
A4_Long_Delay_Scaling,S2_LRU_STREAM,3,"{""state_lr"": 0.001, ""readout_lr"": 0.003, ""state_decay"": 0.98}",0.6485867994500677
A4_Long_Delay_Scaling,S2_LRU_STREAM,4,"{""state_lr"": 0.001, ""readout_lr"": 0.01, ""state_decay"": 0.9}",0.7018693514284786
A4_Long_Delay_Scaling,S2_LRU_STREAM,5,"{""state_lr"": 0.001, ""readout_lr"": 0.01, ""state_decay"": 0.98}",0.7046224503061925
A4_Long_Delay_Scaling,S2_LRU_STREAM,6,"{""state_lr"": 0.001, ""readout_lr"": 0.03, ""state_decay"": 0.9}",0.925436653245031
A4_Long_Delay_Scaling,S2_LRU_STREAM,7,"{""state_lr"": 0.001, ""readout_lr"": 0.03, ""state_decay"": 0.98}",0.9328838482104708
A4_Long_Delay_Scaling,S2_LRU_STREAM,8,"{""state_lr"": 0.01, ""readout_lr"": 0.001, ""state_decay"": 0.9}",0.6367958706970919
A4_Long_Delay_Scaling,S2_LRU_STREAM,9,"{""state_lr"": 0.01, ""readout_lr"": 0.001, ""state_decay"": 0.98}",0.6381987988528707
A4_Long_Delay_Scaling,S2_LRU_STREAM,10,"{""state_lr"": 0.01, ""readout_lr"": 0.003, ""state_decay"": 0.9}",0.6475790306652599
A4_Long_Delay_Scaling,S2_LRU_STREAM,11,"{""state_lr"": 0.01, ""readout_lr"": 0.003, ""state_decay"": 0.98}",0.6493291753186502
A4_Long_Delay_Scaling,S2_LRU_STREAM,12,"{""state_lr"": 0.01, ""readout_lr"": 0.01, ""state_decay"": 0.9}",0.7023929791302823
A4_Long_Delay_Scaling,S2_LRU_STREAM,13,"{""state_lr"": 0.01, ""readout_lr"": 0.01, ""state_decay"": 0.98}",0.7046263365884579
A4_Long_Delay_Scaling,S2_LRU_STREAM,14,"{""state_lr"": 0.01, ""readout_lr"": 0.03, ""state_decay"": 0.9}",0.9248862755876441
A4_Long_Delay_Scaling,S2_LRU_STREAM,15,"{""state_lr"": 0.01, ""readout_lr"": 0.03, ""state_decay"": 0.98}",0.9391914773752962
A4_Long_Delay_Scaling,S3_RSONN,0,"{""learning_rate"": 0.001, ""growth_threshold"": 0.05, ""pruning_threshold"": 0.001}",0.6317072189454361
A4_Long_Delay_Scaling,S3_RSONN,1,"{""learning_rate"": 0.001, ""growth_threshold"": 0.05, ""pruning_threshold"": 0.005}",0.6316578438475334
A4_Long_Delay_Scaling,S3_RSONN,2,"{""learning_rate"": 0.001, ""growth_threshold"": 0.1, ""pruning_threshold"": 0.001}",0.6316840995680412
A4_Long_Delay_Scaling,S3_RSONN,3,"{""learning_rate"": 0.001, ""growth_threshold"": 0.1, ""pruning_threshold"": 0.005}",0.6316430299961693
A4_Long_Delay_Scaling,S3_RSONN,4,"{""learning_rate"": 0.005, ""growth_threshold"": 0.05, ""pruning_threshold"": 0.001}",0.6329700844420626
A4_Long_Delay_Scaling,S3_RSONN,5,"{""learning_rate"": 0.005, ""growth_threshold"": 0.05, ""pruning_threshold"": 0.005}",0.6326650389000797
A4_Long_Delay_Scaling,S3_RSONN,6,"{""learning_rate"": 0.005, ""growth_threshold"": 0.1, ""pruning_threshold"": 0.001}",0.6329802945011206
A4_Long_Delay_Scaling,S3_RSONN,7,"{""learning_rate"": 0.005, ""growth_threshold"": 0.1, ""pruning_threshold"": 0.005}",0.6327076080832376
A4_Long_Delay_Scaling,S3_RSONN,8,"{""learning_rate"": 0.01, ""growth_threshold"": 0.05, ""pruning_threshold"": 0.001}",0.6346022101045862
A4_Long_Delay_Scaling,S3_RSONN,9,"{""learning_rate"": 0.01, ""growth_threshold"": 0.05, ""pruning_threshold"": 0.005}",0.6341965036232612
A4_Long_Delay_Scaling,S3_RSONN,10,"{""learning_rate"": 0.01, ""growth_threshold"": 0.1, ""pruning_threshold"": 0.001}",0.6346671305124062
A4_Long_Delay_Scaling,S3_RSONN,11,"{""learning_rate"": 0.01, ""growth_threshold"": 0.1, ""pruning_threshold"": 0.005}",0.6342843754484723
A4_Long_Delay_Scaling,S3_RSONN,12,"{""learning_rate"": 0.02, ""growth_threshold"": 0.05, ""pruning_threshold"": 0.001}",0.6376160526686481
A4_Long_Delay_Scaling,S3_RSONN,13,"{""learning_rate"": 0.02, ""growth_threshold"": 0.05, ""pruning_threshold"": 0.005}",0.6371122954498705
A4_Long_Delay_Scaling,S3_RSONN,14,"{""learning_rate"": 0.02, ""growth_threshold"": 0.1, ""pruning_threshold"": 0.001}",0.6374899823255831
A4_Long_Delay_Scaling,S3_RSONN,15,"{""learning_rate"": 0.02, ""growth_threshold"": 0.1, ""pruning_threshold"": 0.005}",0.6371861137206066
A4_Long_Delay_Scaling,S4_ACESN,0,"{""reservoir_size"": 20, ""spectral_radius"": 0.85, ""compression_ratio"": 0.25, ""readout_lr"": 0.001}",0.6322702257737404
A4_Long_Delay_Scaling,S4_ACESN,1,"{""reservoir_size"": 20, ""spectral_radius"": 0.85, ""compression_ratio"": 0.25, ""readout_lr"": 0.01}",0.6434075029408185
A4_Long_Delay_Scaling,S4_ACESN,2,"{""reservoir_size"": 20, ""spectral_radius"": 0.85, ""compression_ratio"": 0.5, ""readout_lr"": 0.001}",0.6322702257737404
A4_Long_Delay_Scaling,S4_ACESN,3,"{""reservoir_size"": 20, ""spectral_radius"": 0.85, ""compression_ratio"": 0.5, ""readout_lr"": 0.01}",0.6434075029408185
A4_Long_Delay_Scaling,S4_ACESN,4,"{""reservoir_size"": 20, ""spectral_radius"": 0.95, ""compression_ratio"": 0.25, ""readout_lr"": 0.001}",0.6323309443128328
A4_Long_Delay_Scaling,S4_ACESN,5,"{""reservoir_size"": 20, ""spectral_radius"": 0.95, ""compression_ratio"": 0.25, ""readout_lr"": 0.01}",0.6451320452280541
A4_Long_Delay_Scaling,S4_ACESN,6,"{""reservoir_size"": 20, ""spectral_radius"": 0.95, ""compression_ratio"": 0.5, ""readout_lr"": 0.001}",0.6323309443128328
A4_Long_Delay_Scaling,S4_ACESN,7,"{""reservoir_size"": 20, ""spectral_radius"": 0.95, ""compression_ratio"": 0.5, ""readout_lr"": 0.01}",0.6451320452280541
A4_Long_Delay_Scaling,S4_ACESN,8,"{""reservoir_size"": 40, ""spectral_radius"": 0.85, ""compression_ratio"": 0.25, ""readout_lr"": 0.001}",0.6313846588641033
A4_Long_Delay_Scaling,S4_ACESN,9,"{""reservoir_size"": 40, ""spectral_radius"": 0.85, ""compression_ratio"": 0.25, ""readout_lr"": 0.01}",0.6525732806208847
A4_Long_Delay_Scaling,S4_ACESN,10,"{""reservoir_size"": 40, ""spectral_radius"": 0.85, ""compression_ratio"": 0.5, ""readout_lr"": 0.001}",0.6313846588641033
A4_Long_Delay_Scaling,S4_ACESN,11,"{""reservoir_size"": 40, ""spectral_radius"": 0.85, ""compression_ratio"": 0.5, ""readout_lr"": 0.01}",0.6525732806208847
A4_Long_Delay_Scaling,S4_ACESN,12,"{""reservoir_size"": 40, ""spectral_radius"": 0.95, ""compression_ratio"": 0.25, ""readout_lr"": 0.001}",0.6314192593941707
A4_Long_Delay_Scaling,S4_ACESN,13,"{""reservoir_size"": 40, ""spectral_radius"": 0.95, ""compression_ratio"": 0.25, ""readout_lr"": 0.01}",0.6554601203429257
A4_Long_Delay_Scaling,S4_ACESN,14,"{""reservoir_size"": 40, ""spectral_radius"": 0.95, ""compression_ratio"": 0.5, ""readout_lr"": 0.001}",0.6314192593941707
A4_Long_Delay_Scaling,S4_ACESN,15,"{""reservoir_size"": 40, ""spectral_radius"": 0.95, ""compression_ratio"": 0.5, ""readout_lr"": 0.01}",0.6554601203429257
A4_Long_Delay_Scaling,S5_CONTINUAL_BACKPROP,0,"{""learning_rate"": 0.001, ""replacement_rate"": 0.0001, ""maturity_threshold"": 50}",0.6354554538483305
A4_Long_Delay_Scaling,S5_CONTINUAL_BACKPROP,1,"{""learning_rate"": 0.001, ""replacement_rate"": 0.0001, ""maturity_threshold"": 100}",0.6355779102108525
A4_Long_Delay_Scaling,S5_CONTINUAL_BACKPROP,2,"{""learning_rate"": 0.001, ""replacement_rate"": 0.001, ""maturity_threshold"": 50}",0.6351105772264617
A4_Long_Delay_Scaling,S5_CONTINUAL_BACKPROP,3,"{""learning_rate"": 0.001, ""replacement_rate"": 0.001, ""maturity_threshold"": 100}",0.6356379650786094
A4_Long_Delay_Scaling,S5_CONTINUAL_BACKPROP,4,"{""learning_rate"": 0.005, ""replacement_rate"": 0.0001, ""maturity_threshold"": 50}",0.661601726320584
A4_Long_Delay_Scaling,S5_CONTINUAL_BACKPROP,5,"{""learning_rate"": 0.005, ""replacement_rate"": 0.0001, ""maturity_threshold"": 100}",0.6617689961678032
A4_Long_Delay_Scaling,S5_CONTINUAL_BACKPROP,6,"{""learning_rate"": 0.005, ""replacement_rate"": 0.001, ""maturity_threshold"": 50}",0.661616870189694
A4_Long_Delay_Scaling,S5_CONTINUAL_BACKPROP,7,"{""learning_rate"": 0.005, ""replacement_rate"": 0.001, ""maturity_threshold"": 100}",0.6616995191881321
A4_Long_Delay_Scaling,S5_CONTINUAL_BACKPROP,8,"{""learning_rate"": 0.01, ""replacement_rate"": 0.0001, ""maturity_threshold"": 50}",0.7007360473634264
A4_Long_Delay_Scaling,S5_CONTINUAL_BACKPROP,9,"{""learning_rate"": 0.01, ""replacement_rate"": 0.0001, ""maturity_threshold"": 100}",0.7007238852888626
A4_Long_Delay_Scaling,S5_CONTINUAL_BACKPROP,10,"{""learning_rate"": 0.01, ""replacement_rate"": 0.001, ""maturity_threshold"": 50}",0.7007609102311058
A4_Long_Delay_Scaling,S5_CONTINUAL_BACKPROP,11,"{""learning_rate"": 0.01, ""replacement_rate"": 0.001, ""maturity_threshold"": 100}",0.7008030804300432
A4_Long_Delay_Scaling,S5_CONTINUAL_BACKPROP,12,"{""learning_rate"": 0.03, ""replacement_rate"": 0.0001, ""maturity_threshold"": 50}",0.9169428270051713
A4_Long_Delay_Scaling,S5_CONTINUAL_BACKPROP,13,"{""learning_rate"": 0.03, ""replacement_rate"": 0.0001, ""maturity_threshold"": 100}",0.9168603351407385
A4_Long_Delay_Scaling,S5_CONTINUAL_BACKPROP,14,"{""learning_rate"": 0.03, ""replacement_rate"": 0.001, ""maturity_threshold"": 50}",0.9169015731544373
A4_Long_Delay_Scaling,S5_CONTINUAL_BACKPROP,15,"{""learning_rate"": 0.03, ""replacement_rate"": 0.001, ""maturity_threshold"": 100}",0.9168686555344832
A4_Long_Delay_Scaling,C1_CURRENT_ONLY_LINEAR,0,"{""learning_rate"": 0.001}",0.6348699116938129
A4_Long_Delay_Scaling,C1_CURRENT_ONLY_LINEAR,1,"{""learning_rate"": 0.003}",0.647446699799788
A4_Long_Delay_Scaling,C1_CURRENT_ONLY_LINEAR,2,"{""learning_rate"": 0.01}",0.7007006152515142
A4_Long_Delay_Scaling,C1_CURRENT_ONLY_LINEAR,3,"{""learning_rate"": 0.03}",0.9168283767468476
A4_Long_Delay_Scaling,C2_NLMS,0,"{""step_size"": 0.01}",0.6325422931009518
A4_Long_Delay_Scaling,C2_NLMS,1,"{""step_size"": 0.05}",0.6456033429194338
A4_Long_Delay_Scaling,C2_NLMS,2,"{""step_size"": 0.1}",0.6646575001331015
A4_Long_Delay_Scaling,C2_NLMS,3,"{""step_size"": 0.2}",0.7062464171657851
A4_Long_Delay_Scaling,C3_RLS,0,"{""forgetting_factor"": 0.99}",0.7077991246424932
A4_Long_Delay_Scaling,C3_RLS,1,"{""forgetting_factor"": 0.995}",0.677474399713192
A4_Long_Delay_Scaling,C3_RLS,2,"{""forgetting_factor"": 0.999}",0.6612657162259827
A4_Long_Delay_Scaling,C3_RLS,3,"{""forgetting_factor"": 1.0}",0.6602383039051876
A4_Long_Delay_Scaling,C4_FIXED_LAG_LINEAR,0,"{""max_lag"": 4, ""learning_rate"": 0.001}",0.6332182779657312
A4_Long_Delay_Scaling,C4_FIXED_LAG_LINEAR,1,"{""max_lag"": 4, ""learning_rate"": 0.01}",0.6437164657473748
A4_Long_Delay_Scaling,C4_FIXED_LAG_LINEAR,2,"{""max_lag"": 8, ""learning_rate"": 0.001}",0.6329283819991741
A4_Long_Delay_Scaling,C4_FIXED_LAG_LINEAR,3,"{""max_lag"": 8, ""learning_rate"": 0.01}",0.6538973112603873
A4_Long_Delay_Scaling,C4_FIXED_LAG_LINEAR,4,"{""max_lag"": 16, ""learning_rate"": 0.001}",0.634588382912921
A4_Long_Delay_Scaling,C4_FIXED_LAG_LINEAR,5,"{""max_lag"": 16, ""learning_rate"": 0.01}",0.6823449389205779
A4_Long_Delay_Scaling,C4_FIXED_LAG_LINEAR,6,"{""max_lag"": 32, ""learning_rate"": 0.001}",0.20828338331285653
A4_Long_Delay_Scaling,C4_FIXED_LAG_LINEAR,7,"{""max_lag"": 32, ""learning_rate"": 0.01}",0.02870965033170486
A5_Set_Reset_Quiescent_Memory,B1_RZA_LMS,0,"{""learning_rate"": 0.001, ""rho_zero_attraction"": 1e-06, ""epsilon_reweight"": 10.0}",0.9115861028488118
A5_Set_Reset_Quiescent_Memory,B1_RZA_LMS,1,"{""learning_rate"": 0.001, ""rho_zero_attraction"": 1e-05, ""epsilon_reweight"": 10.0}",0.9116840194540603
A5_Set_Reset_Quiescent_Memory,B1_RZA_LMS,2,"{""learning_rate"": 0.001, ""rho_zero_attraction"": 0.0001, ""epsilon_reweight"": 10.0}",0.9117361608749411
A5_Set_Reset_Quiescent_Memory,B1_RZA_LMS,3,"{""learning_rate"": 0.001, ""rho_zero_attraction"": 0.001, ""epsilon_reweight"": 10.0}",0.9117355141095116
A5_Set_Reset_Quiescent_Memory,B1_RZA_LMS,4,"{""learning_rate"": 0.003, ""rho_zero_attraction"": 1e-06, ""epsilon_reweight"": 10.0}",0.9113038694628693
A5_Set_Reset_Quiescent_Memory,B1_RZA_LMS,5,"{""learning_rate"": 0.003, ""rho_zero_attraction"": 1e-05, ""epsilon_reweight"": 10.0}",0.911359654748336
A5_Set_Reset_Quiescent_Memory,B1_RZA_LMS,6,"{""learning_rate"": 0.003, ""rho_zero_attraction"": 0.0001, ""epsilon_reweight"": 10.0}",0.9117142453933033
A5_Set_Reset_Quiescent_Memory,B1_RZA_LMS,7,"{""learning_rate"": 0.003, ""rho_zero_attraction"": 0.001, ""epsilon_reweight"": 10.0}",0.9117346280371034
A5_Set_Reset_Quiescent_Memory,B1_RZA_LMS,8,"{""learning_rate"": 0.01, ""rho_zero_attraction"": 1e-06, ""epsilon_reweight"": 10.0}",0.9106150821447141
A5_Set_Reset_Quiescent_Memory,B1_RZA_LMS,9,"{""learning_rate"": 0.01, ""rho_zero_attraction"": 1e-05, ""epsilon_reweight"": 10.0}",0.9106241360777649
A5_Set_Reset_Quiescent_Memory,B1_RZA_LMS,10,"{""learning_rate"": 0.01, ""rho_zero_attraction"": 0.0001, ""epsilon_reweight"": 10.0}",0.9111241756859861
A5_Set_Reset_Quiescent_Memory,B1_RZA_LMS,11,"{""learning_rate"": 0.01, ""rho_zero_attraction"": 0.001, ""epsilon_reweight"": 10.0}",0.9117400007929523
A5_Set_Reset_Quiescent_Memory,B1_RZA_LMS,12,"{""learning_rate"": 0.03, ""rho_zero_attraction"": 1e-06, ""epsilon_reweight"": 10.0}",0.9101001393263747
A5_Set_Reset_Quiescent_Memory,B1_RZA_LMS,13,"{""learning_rate"": 0.03, ""rho_zero_attraction"": 1e-05, ""epsilon_reweight"": 10.0}",0.9100742631632217
A5_Set_Reset_Quiescent_Memory,B1_RZA_LMS,14,"{""learning_rate"": 0.03, ""rho_zero_attraction"": 0.0001, ""epsilon_reweight"": 10.0}",0.9099006716294556
A5_Set_Reset_Quiescent_Memory,B1_RZA_LMS,15,"{""learning_rate"": 0.03, ""rho_zero_attraction"": 0.001, ""epsilon_reweight"": 10.0}",0.9115784977301575
A5_Set_Reset_Quiescent_Memory,B2_CCN,0,"{""readout_lr"": 0.001, ""recurrent_lr"": 0.0001, ""max_columns"": 1}",0.8658809228209225
A5_Set_Reset_Quiescent_Memory,B2_CCN,1,"{""readout_lr"": 0.001, ""recurrent_lr"": 0.0001, ""max_columns"": 2}",0.8658966035439463
A5_Set_Reset_Quiescent_Memory,B2_CCN,2,"{""readout_lr"": 0.001, ""recurrent_lr"": 0.001, ""max_columns"": 1}",0.8657558469323052
A5_Set_Reset_Quiescent_Memory,B2_CCN,3,"{""readout_lr"": 0.001, ""recurrent_lr"": 0.001, ""max_columns"": 2}",0.8657775193493363
A5_Set_Reset_Quiescent_Memory,B2_CCN,4,"{""readout_lr"": 0.003, ""recurrent_lr"": 0.0001, ""max_columns"": 1}",0.8046928340138274
A5_Set_Reset_Quiescent_Memory,B2_CCN,5,"{""readout_lr"": 0.003, ""recurrent_lr"": 0.0001, ""max_columns"": 2}",0.8047122225989214
A5_Set_Reset_Quiescent_Memory,B2_CCN,6,"{""readout_lr"": 0.003, ""recurrent_lr"": 0.001, ""max_columns"": 1}",0.8043149591713448
A5_Set_Reset_Quiescent_Memory,B2_CCN,7,"{""readout_lr"": 0.003, ""recurrent_lr"": 0.001, ""max_columns"": 2}",0.8043099583303116
A5_Set_Reset_Quiescent_Memory,B2_CCN,8,"{""readout_lr"": 0.01, ""recurrent_lr"": 0.0001, ""max_columns"": 1}",0.6856172150755424
A5_Set_Reset_Quiescent_Memory,B2_CCN,9,"{""readout_lr"": 0.01, ""recurrent_lr"": 0.0001, ""max_columns"": 2}",0.6856402110639545
A5_Set_Reset_Quiescent_Memory,B2_CCN,10,"{""readout_lr"": 0.01, ""recurrent_lr"": 0.001, ""max_columns"": 1}",0.6849912036956695
A5_Set_Reset_Quiescent_Memory,B2_CCN,11,"{""readout_lr"": 0.01, ""recurrent_lr"": 0.001, ""max_columns"": 2}",0.6850033941024761
A5_Set_Reset_Quiescent_Memory,B2_CCN,12,"{""readout_lr"": 0.03, ""recurrent_lr"": 0.0001, ""max_columns"": 1}",0.5019250962409364
A5_Set_Reset_Quiescent_Memory,B2_CCN,13,"{""readout_lr"": 0.03, ""recurrent_lr"": 0.0001, ""max_columns"": 2}",0.501931726291353
A5_Set_Reset_Quiescent_Memory,B2_CCN,14,"{""readout_lr"": 0.03, ""recurrent_lr"": 0.001, ""max_columns"": 1}",0.501211665707448
A5_Set_Reset_Quiescent_Memory,B2_CCN,15,"{""readout_lr"": 0.03, ""recurrent_lr"": 0.001, ""max_columns"": 2}",0.5012058640301841
A5_Set_Reset_Quiescent_Memory,B3_MUSE_RNN,0,"{""learning_rate"": 0.001, ""growth_multiplier"": 1.5, ""pruning_threshold"": 0.001}",0.9117362331766959
A5_Set_Reset_Quiescent_Memory,B3_MUSE_RNN,1,"{""learning_rate"": 0.001, ""growth_multiplier"": 1.5, ""pruning_threshold"": 0.01}",0.911735763737905
A5_Set_Reset_Quiescent_Memory,B3_MUSE_RNN,2,"{""learning_rate"": 0.001, ""growth_multiplier"": 2.5, ""pruning_threshold"": 0.001}",0.9117365122143131
A5_Set_Reset_Quiescent_Memory,B3_MUSE_RNN,3,"{""learning_rate"": 0.001, ""growth_multiplier"": 2.5, ""pruning_threshold"": 0.01}",0.9117361829292068
A5_Set_Reset_Quiescent_Memory,B3_MUSE_RNN,4,"{""learning_rate"": 0.003, ""growth_multiplier"": 1.5, ""pruning_threshold"": 0.001}",0.9117355949348194
A5_Set_Reset_Quiescent_Memory,B3_MUSE_RNN,5,"{""learning_rate"": 0.003, ""growth_multiplier"": 1.5, ""pruning_threshold"": 0.01}",0.9117353451958644
A5_Set_Reset_Quiescent_Memory,B3_MUSE_RNN,6,"{""learning_rate"": 0.003, ""growth_multiplier"": 2.5, ""pruning_threshold"": 0.001}",0.9117366634099001
A5_Set_Reset_Quiescent_Memory,B3_MUSE_RNN,7,"{""learning_rate"": 0.003, ""growth_multiplier"": 2.5, ""pruning_threshold"": 0.01}",0.9117366423130185
A5_Set_Reset_Quiescent_Memory,B3_MUSE_RNN,8,"{""learning_rate"": 0.01, ""growth_multiplier"": 1.5, ""pruning_threshold"": 0.001}",0.9117258727070728
A5_Set_Reset_Quiescent_Memory,B3_MUSE_RNN,9,"{""learning_rate"": 0.01, ""growth_multiplier"": 1.5, ""pruning_threshold"": 0.01}",0.9117349622294291
A5_Set_Reset_Quiescent_Memory,B3_MUSE_RNN,10,"{""learning_rate"": 0.01, ""growth_multiplier"": 2.5, ""pruning_threshold"": 0.001}",0.9117057948347965
A5_Set_Reset_Quiescent_Memory,B3_MUSE_RNN,11,"{""learning_rate"": 0.01, ""growth_multiplier"": 2.5, ""pruning_threshold"": 0.01}",0.9117368267470102
A5_Set_Reset_Quiescent_Memory,B3_MUSE_RNN,12,"{""learning_rate"": 0.03, ""growth_multiplier"": 1.5, ""pruning_threshold"": 0.001}",0.9117276560281417
A5_Set_Reset_Quiescent_Memory,B3_MUSE_RNN,13,"{""learning_rate"": 0.03, ""growth_multiplier"": 1.5, ""pruning_threshold"": 0.01}",0.9117262921381202
A5_Set_Reset_Quiescent_Memory,B3_MUSE_RNN,14,"{""learning_rate"": 0.03, ""growth_multiplier"": 2.5, ""pruning_threshold"": 0.001}",0.9117438303221711
A5_Set_Reset_Quiescent_Memory,B3_MUSE_RNN,15,"{""learning_rate"": 0.03, ""growth_multiplier"": 2.5, ""pruning_threshold"": 0.01}",0.9117213213237009
A5_Set_Reset_Quiescent_Memory,B4_MINIMAL_GRU,0,"{""learning_rate"": 0.0001, ""weight_decay"": 0.9}",0.9117363885402833
A5_Set_Reset_Quiescent_Memory,B4_MINIMAL_GRU,1,"{""learning_rate"": 0.0001, ""weight_decay"": 0.95}",0.9117363788898462
A5_Set_Reset_Quiescent_Memory,B4_MINIMAL_GRU,2,"{""learning_rate"": 0.0001, ""weight_decay"": 0.99}",0.9117365483897145
A5_Set_Reset_Quiescent_Memory,B4_MINIMAL_GRU,3,"{""learning_rate"": 0.0001, ""weight_decay"": 0.999}",0.9117490431697967
A5_Set_Reset_Quiescent_Memory,B4_MINIMAL_GRU,4,"{""learning_rate"": 0.001, ""weight_decay"": 0.9}",0.9117363765294012
A5_Set_Reset_Quiescent_Memory,B4_MINIMAL_GRU,5,"{""learning_rate"": 0.001, ""weight_decay"": 0.95}",0.9117363618180948
A5_Set_Reset_Quiescent_Memory,B4_MINIMAL_GRU,6,"{""learning_rate"": 0.001, ""weight_decay"": 0.99}",0.9117360467778844
A5_Set_Reset_Quiescent_Memory,B4_MINIMAL_GRU,7,"{""learning_rate"": 0.001, ""weight_decay"": 0.999}",0.911737341954168
A5_Set_Reset_Quiescent_Memory,B4_MINIMAL_GRU,8,"{""learning_rate"": 0.003, ""weight_decay"": 0.9}",0.9117363668717638
A5_Set_Reset_Quiescent_Memory,B4_MINIMAL_GRU,9,"{""learning_rate"": 0.003, ""weight_decay"": 0.95}",0.9117364339878492
A5_Set_Reset_Quiescent_Memory,B4_MINIMAL_GRU,10,"{""learning_rate"": 0.003, ""weight_decay"": 0.99}",0.9117373555423162
A5_Set_Reset_Quiescent_Memory,B4_MINIMAL_GRU,11,"{""learning_rate"": 0.003, ""weight_decay"": 0.999}",0.9117403046285082
A5_Set_Reset_Quiescent_Memory,B4_MINIMAL_GRU,12,"{""learning_rate"": 0.01, ""weight_decay"": 0.9}",0.9117364002106644
A5_Set_Reset_Quiescent_Memory,B4_MINIMAL_GRU,13,"{""learning_rate"": 0.01, ""weight_decay"": 0.95}",0.9117363535230583
A5_Set_Reset_Quiescent_Memory,B4_MINIMAL_GRU,14,"{""learning_rate"": 0.01, ""weight_decay"": 0.99}",0.9117355358009201
A5_Set_Reset_Quiescent_Memory,B4_MINIMAL_GRU,15,"{""learning_rate"": 0.01, ""weight_decay"": 0.999}",0.9117391585135389
A5_Set_Reset_Quiescent_Memory,B5_ONLINE_ESN,0,"{""reservoir_size"": 10, ""spectral_radius"": 0.85, ""leak_rate"": 0.3, ""readout_lr"": 0.001}",0.9116185332986738
A5_Set_Reset_Quiescent_Memory,B5_ONLINE_ESN,1,"{""reservoir_size"": 10, ""spectral_radius"": 0.85, ""leak_rate"": 0.3, ""readout_lr"": 0.01}",0.910574361769767
A5_Set_Reset_Quiescent_Memory,B5_ONLINE_ESN,2,"{""reservoir_size"": 10, ""spectral_radius"": 0.85, ""leak_rate"": 0.7, ""readout_lr"": 0.001}",0.9116162011945542
A5_Set_Reset_Quiescent_Memory,B5_ONLINE_ESN,3,"{""reservoir_size"": 10, ""spectral_radius"": 0.85, ""leak_rate"": 0.7, ""readout_lr"": 0.01}",0.9105900771953636
A5_Set_Reset_Quiescent_Memory,B5_ONLINE_ESN,4,"{""reservoir_size"": 10, ""spectral_radius"": 0.95, ""leak_rate"": 0.3, ""readout_lr"": 0.001}",0.9115611784461874
A5_Set_Reset_Quiescent_Memory,B5_ONLINE_ESN,5,"{""reservoir_size"": 10, ""spectral_radius"": 0.95, ""leak_rate"": 0.3, ""readout_lr"": 0.01}",0.9100222475299683
A5_Set_Reset_Quiescent_Memory,B5_ONLINE_ESN,6,"{""reservoir_size"": 10, ""spectral_radius"": 0.95, ""leak_rate"": 0.7, ""readout_lr"": 0.001}",0.9115257906750714
A5_Set_Reset_Quiescent_Memory,B5_ONLINE_ESN,7,"{""reservoir_size"": 10, ""spectral_radius"": 0.95, ""leak_rate"": 0.7, ""readout_lr"": 0.01}",0.9097944690753237
A5_Set_Reset_Quiescent_Memory,B5_ONLINE_ESN,8,"{""reservoir_size"": 20, ""spectral_radius"": 0.85, ""leak_rate"": 0.3, ""readout_lr"": 0.001}",0.9115003577014136
A5_Set_Reset_Quiescent_Memory,B5_ONLINE_ESN,9,"{""reservoir_size"": 20, ""spectral_radius"": 0.85, ""leak_rate"": 0.3, ""readout_lr"": 0.01}",0.9094518444083904
A5_Set_Reset_Quiescent_Memory,B5_ONLINE_ESN,10,"{""reservoir_size"": 20, ""spectral_radius"": 0.85, ""leak_rate"": 0.7, ""readout_lr"": 0.001}",0.9114800422548642
A5_Set_Reset_Quiescent_Memory,B5_ONLINE_ESN,11,"{""reservoir_size"": 20, ""spectral_radius"": 0.85, ""leak_rate"": 0.7, ""readout_lr"": 0.01}",0.9093913191349655
A5_Set_Reset_Quiescent_Memory,B5_ONLINE_ESN,12,"{""reservoir_size"": 20, ""spectral_radius"": 0.95, ""leak_rate"": 0.3, ""readout_lr"": 0.001}",0.9112833195595796
A5_Set_Reset_Quiescent_Memory,B5_ONLINE_ESN,13,"{""reservoir_size"": 20, ""spectral_radius"": 0.95, ""leak_rate"": 0.3, ""readout_lr"": 0.01}",0.9075959907737635
A5_Set_Reset_Quiescent_Memory,B5_ONLINE_ESN,14,"{""reservoir_size"": 20, ""spectral_radius"": 0.95, ""leak_rate"": 0.7, ""readout_lr"": 0.001}",0.9111663286251676
A5_Set_Reset_Quiescent_Memory,B5_ONLINE_ESN,15,"{""reservoir_size"": 20, ""spectral_radius"": 0.95, ""leak_rate"": 0.7, ""readout_lr"": 0.01}",0.9072971736622643
A5_Set_Reset_Quiescent_Memory,S1_VARIABLE_TAP_LMS,0,"{""learning_rate"": 0.001, ""tap_leakage"": 0.0001}",0.9115613776151403
A5_Set_Reset_Quiescent_Memory,S1_VARIABLE_TAP_LMS,1,"{""learning_rate"": 0.001, ""tap_leakage"": 0.001}",0.9116256177029792
A5_Set_Reset_Quiescent_Memory,S1_VARIABLE_TAP_LMS,2,"{""learning_rate"": 0.001, ""tap_leakage"": 0.01}",0.9117311735532668
A5_Set_Reset_Quiescent_Memory,S1_VARIABLE_TAP_LMS,3,"{""learning_rate"": 0.001, ""tap_leakage"": 0.1}",0.9117376476491378
A5_Set_Reset_Quiescent_Memory,S1_VARIABLE_TAP_LMS,4,"{""learning_rate"": 0.003, ""tap_leakage"": 0.0001}",0.9112453902535623
A5_Set_Reset_Quiescent_Memory,S1_VARIABLE_TAP_LMS,5,"{""learning_rate"": 0.003, ""tap_leakage"": 0.001}",0.9114211135733264
A5_Set_Reset_Quiescent_Memory,S1_VARIABLE_TAP_LMS,6,"{""learning_rate"": 0.003, ""tap_leakage"": 0.01}",0.9117212094187558
A5_Set_Reset_Quiescent_Memory,S1_VARIABLE_TAP_LMS,7,"{""learning_rate"": 0.003, ""tap_leakage"": 0.1}",0.9117402037343969
A5_Set_Reset_Quiescent_Memory,S1_VARIABLE_TAP_LMS,8,"{""learning_rate"": 0.01, ""tap_leakage"": 0.0001}",0.9096680223436259
A5_Set_Reset_Quiescent_Memory,S1_VARIABLE_TAP_LMS,9,"{""learning_rate"": 0.01, ""tap_leakage"": 0.001}",0.9105718849711367
A5_Set_Reset_Quiescent_Memory,S1_VARIABLE_TAP_LMS,10,"{""learning_rate"": 0.01, ""tap_leakage"": 0.01}",0.9116910692207857
A5_Set_Reset_Quiescent_Memory,S1_VARIABLE_TAP_LMS,11,"{""learning_rate"": 0.01, ""tap_leakage"": 0.1}",0.9117495499171616
A5_Set_Reset_Quiescent_Memory,S1_VARIABLE_TAP_LMS,12,"{""learning_rate"": 0.03, ""tap_leakage"": 0.0001}",0.8884615664821914
A5_Set_Reset_Quiescent_Memory,S1_VARIABLE_TAP_LMS,13,"{""learning_rate"": 0.03, ""tap_leakage"": 0.001}",0.893267405666767
A5_Set_Reset_Quiescent_Memory,S1_VARIABLE_TAP_LMS,14,"{""learning_rate"": 0.03, ""tap_leakage"": 0.01}",0.9106796100182798
A5_Set_Reset_Quiescent_Memory,S1_VARIABLE_TAP_LMS,15,"{""learning_rate"": 0.03, ""tap_leakage"": 0.1}",0.9113663849795431
A5_Set_Reset_Quiescent_Memory,S2_LRU_STREAM,0,"{""state_lr"": 0.001, ""readout_lr"": 0.001, ""state_decay"": 0.9}",0.9116625596809919
A5_Set_Reset_Quiescent_Memory,S2_LRU_STREAM,1,"{""state_lr"": 0.001, ""readout_lr"": 0.001, ""state_decay"": 0.98}",0.9114677539914311
A5_Set_Reset_Quiescent_Memory,S2_LRU_STREAM,2,"{""state_lr"": 0.001, ""readout_lr"": 0.003, ""state_decay"": 0.9}",0.9105160143260896
A5_Set_Reset_Quiescent_Memory,S2_LRU_STREAM,3,"{""state_lr"": 0.001, ""readout_lr"": 0.003, ""state_decay"": 0.98}",0.9044767682941357
A5_Set_Reset_Quiescent_Memory,S2_LRU_STREAM,4,"{""state_lr"": 0.001, ""readout_lr"": 0.01, ""state_decay"": 0.9}",0.9109079787488623
A5_Set_Reset_Quiescent_Memory,S2_LRU_STREAM,5,"{""state_lr"": 0.001, ""readout_lr"": 0.01, ""state_decay"": 0.98}",0.9059611324246508
A5_Set_Reset_Quiescent_Memory,S2_LRU_STREAM,6,"{""state_lr"": 0.001, ""readout_lr"": 0.03, ""state_decay"": 0.9}",0.9058999558665214
A5_Set_Reset_Quiescent_Memory,S2_LRU_STREAM,7,"{""state_lr"": 0.001, ""readout_lr"": 0.03, ""state_decay"": 0.98}",0.9003097559509564
A5_Set_Reset_Quiescent_Memory,S2_LRU_STREAM,8,"{""state_lr"": 0.01, ""readout_lr"": 0.001, ""state_decay"": 0.9}",0.9118945371933312
A5_Set_Reset_Quiescent_Memory,S2_LRU_STREAM,9,"{""state_lr"": 0.01, ""readout_lr"": 0.001, ""state_decay"": 0.98}",0.9068475514752482
A5_Set_Reset_Quiescent_Memory,S2_LRU_STREAM,10,"{""state_lr"": 0.01, ""readout_lr"": 0.003, ""state_decay"": 0.9}",0.9106071364434785
A5_Set_Reset_Quiescent_Memory,S2_LRU_STREAM,11,"{""state_lr"": 0.01, ""readout_lr"": 0.003, ""state_decay"": 0.98}",0.8935698075300378
A5_Set_Reset_Quiescent_Memory,S2_LRU_STREAM,12,"{""state_lr"": 0.01, ""readout_lr"": 0.01, ""state_decay"": 0.9}",0.910709556841859
A5_Set_Reset_Quiescent_Memory,S2_LRU_STREAM,13,"{""state_lr"": 0.01, ""readout_lr"": 0.01, ""state_decay"": 0.98}",0.9086485674686521
A5_Set_Reset_Quiescent_Memory,S2_LRU_STREAM,14,"{""state_lr"": 0.01, ""readout_lr"": 0.03, ""state_decay"": 0.9}",0.9071669594334436
A5_Set_Reset_Quiescent_Memory,S2_LRU_STREAM,15,"{""state_lr"": 0.01, ""readout_lr"": 0.03, ""state_decay"": 0.98}",0.8332071215549544
A5_Set_Reset_Quiescent_Memory,S3_RSONN,0,"{""learning_rate"": 0.001, ""growth_threshold"": 0.05, ""pruning_threshold"": 0.001}",0.8082542977945962
A5_Set_Reset_Quiescent_Memory,S3_RSONN,1,"{""learning_rate"": 0.001, ""growth_threshold"": 0.05, ""pruning_threshold"": 0.005}",0.8082829931612242
A5_Set_Reset_Quiescent_Memory,S3_RSONN,2,"{""learning_rate"": 0.001, ""growth_threshold"": 0.1, ""pruning_threshold"": 0.001}",0.8082494907189678
A5_Set_Reset_Quiescent_Memory,S3_RSONN,3,"{""learning_rate"": 0.001, ""growth_threshold"": 0.1, ""pruning_threshold"": 0.005}",0.8082636766784432
A5_Set_Reset_Quiescent_Memory,S3_RSONN,4,"{""learning_rate"": 0.005, ""growth_threshold"": 0.05, ""pruning_threshold"": 0.001}",0.5873550757879548
A5_Set_Reset_Quiescent_Memory,S3_RSONN,5,"{""learning_rate"": 0.005, ""growth_threshold"": 0.05, ""pruning_threshold"": 0.005}",0.628973679937399
A5_Set_Reset_Quiescent_Memory,S3_RSONN,6,"{""learning_rate"": 0.005, ""growth_threshold"": 0.1, ""pruning_threshold"": 0.001}",0.587360969410895
A5_Set_Reset_Quiescent_Memory,S3_RSONN,7,"{""learning_rate"": 0.005, ""growth_threshold"": 0.1, ""pruning_threshold"": 0.005}",0.6331033337128954
A5_Set_Reset_Quiescent_Memory,S3_RSONN,8,"{""learning_rate"": 0.01, ""growth_threshold"": 0.05, ""pruning_threshold"": 0.001}",0.4480458346393075
A5_Set_Reset_Quiescent_Memory,S3_RSONN,9,"{""learning_rate"": 0.01, ""growth_threshold"": 0.05, ""pruning_threshold"": 0.005}",0.44563357659574404
A5_Set_Reset_Quiescent_Memory,S3_RSONN,10,"{""learning_rate"": 0.01, ""growth_threshold"": 0.1, ""pruning_threshold"": 0.001}",0.44787890323440954
A5_Set_Reset_Quiescent_Memory,S3_RSONN,11,"{""learning_rate"": 0.01, ""growth_threshold"": 0.1, ""pruning_threshold"": 0.005}",0.44541291854378207
A5_Set_Reset_Quiescent_Memory,S3_RSONN,12,"{""learning_rate"": 0.02, ""growth_threshold"": 0.05, ""pruning_threshold"": 0.001}",0.2982236646324919
A5_Set_Reset_Quiescent_Memory,S3_RSONN,13,"{""learning_rate"": 0.02, ""growth_threshold"": 0.05, ""pruning_threshold"": 0.005}",0.29982138060534735
A5_Set_Reset_Quiescent_Memory,S3_RSONN,14,"{""learning_rate"": 0.02, ""growth_threshold"": 0.1, ""pruning_threshold"": 0.001}",0.2980095580775895
A5_Set_Reset_Quiescent_Memory,S3_RSONN,15,"{""learning_rate"": 0.02, ""growth_threshold"": 0.1, ""pruning_threshold"": 0.005}",0.2997506625947867
A5_Set_Reset_Quiescent_Memory,S4_ACESN,0,"{""reservoir_size"": 20, ""spectral_radius"": 0.85, ""compression_ratio"": 0.25, ""readout_lr"": 0.001}",0.9115660841532972
A5_Set_Reset_Quiescent_Memory,S4_ACESN,1,"{""reservoir_size"": 20, ""spectral_radius"": 0.85, ""compression_ratio"": 0.25, ""readout_lr"": 0.01}",0.9103160026631599
A5_Set_Reset_Quiescent_Memory,S4_ACESN,2,"{""reservoir_size"": 20, ""spectral_radius"": 0.85, ""compression_ratio"": 0.5, ""readout_lr"": 0.001}",0.9115660241239185
A5_Set_Reset_Quiescent_Memory,S4_ACESN,3,"{""reservoir_size"": 20, ""spectral_radius"": 0.85, ""compression_ratio"": 0.5, ""readout_lr"": 0.01}",0.910315501499396
A5_Set_Reset_Quiescent_Memory,S4_ACESN,4,"{""reservoir_size"": 20, ""spectral_radius"": 0.95, ""compression_ratio"": 0.25, ""readout_lr"": 0.001}",0.9113936057810358
A5_Set_Reset_Quiescent_Memory,S4_ACESN,5,"{""reservoir_size"": 20, ""spectral_radius"": 0.95, ""compression_ratio"": 0.25, ""readout_lr"": 0.01}",0.9096218352565536
A5_Set_Reset_Quiescent_Memory,S4_ACESN,6,"{""reservoir_size"": 20, ""spectral_radius"": 0.95, ""compression_ratio"": 0.5, ""readout_lr"": 0.001}",0.9113935384125837
A5_Set_Reset_Quiescent_Memory,S4_ACESN,7,"{""reservoir_size"": 20, ""spectral_radius"": 0.95, ""compression_ratio"": 0.5, ""readout_lr"": 0.01}",0.9096213083511628
A5_Set_Reset_Quiescent_Memory,S4_ACESN,8,"{""reservoir_size"": 40, ""spectral_radius"": 0.85, ""compression_ratio"": 0.25, ""readout_lr"": 0.001}",0.9116344703570939
A5_Set_Reset_Quiescent_Memory,S4_ACESN,9,"{""reservoir_size"": 40, ""spectral_radius"": 0.85, ""compression_ratio"": 0.25, ""readout_lr"": 0.01}",0.9109195946604749
A5_Set_Reset_Quiescent_Memory,S4_ACESN,10,"{""reservoir_size"": 40, ""spectral_radius"": 0.85, ""compression_ratio"": 0.5, ""readout_lr"": 0.001}",0.9116344411735414
A5_Set_Reset_Quiescent_Memory,S4_ACESN,11,"{""reservoir_size"": 40, ""spectral_radius"": 0.85, ""compression_ratio"": 0.5, ""readout_lr"": 0.01}",0.9109194099778328
A5_Set_Reset_Quiescent_Memory,S4_ACESN,12,"{""reservoir_size"": 40, ""spectral_radius"": 0.95, ""compression_ratio"": 0.25, ""readout_lr"": 0.001}",0.9117044464408708
A5_Set_Reset_Quiescent_Memory,S4_ACESN,13,"{""reservoir_size"": 40, ""spectral_radius"": 0.95, ""compression_ratio"": 0.25, ""readout_lr"": 0.01}",0.9117455202871083
A5_Set_Reset_Quiescent_Memory,S4_ACESN,14,"{""reservoir_size"": 40, ""spectral_radius"": 0.95, ""compression_ratio"": 0.5, ""readout_lr"": 0.001}",0.9117043499446598
A5_Set_Reset_Quiescent_Memory,S4_ACESN,15,"{""reservoir_size"": 40, ""spectral_radius"": 0.95, ""compression_ratio"": 0.5, ""readout_lr"": 0.01}",0.9117449383543291
A5_Set_Reset_Quiescent_Memory,S5_CONTINUAL_BACKPROP,0,"{""learning_rate"": 0.001, ""replacement_rate"": 0.0001, ""maturity_threshold"": 50}",0.9115989413590787
A5_Set_Reset_Quiescent_Memory,S5_CONTINUAL_BACKPROP,1,"{""learning_rate"": 0.001, ""replacement_rate"": 0.0001, ""maturity_threshold"": 100}",0.911462561694787
A5_Set_Reset_Quiescent_Memory,S5_CONTINUAL_BACKPROP,2,"{""learning_rate"": 0.001, ""replacement_rate"": 0.001, ""maturity_threshold"": 50}",0.9114790381735692
A5_Set_Reset_Quiescent_Memory,S5_CONTINUAL_BACKPROP,3,"{""learning_rate"": 0.001, ""replacement_rate"": 0.001, ""maturity_threshold"": 100}",0.9115793533325522
A5_Set_Reset_Quiescent_Memory,S5_CONTINUAL_BACKPROP,4,"{""learning_rate"": 0.005, ""replacement_rate"": 0.0001, ""maturity_threshold"": 50}",0.9110101801561309
A5_Set_Reset_Quiescent_Memory,S5_CONTINUAL_BACKPROP,5,"{""learning_rate"": 0.005, ""replacement_rate"": 0.0001, ""maturity_threshold"": 100}",0.9110661422798719
A5_Set_Reset_Quiescent_Memory,S5_CONTINUAL_BACKPROP,6,"{""learning_rate"": 0.005, ""replacement_rate"": 0.001, ""maturity_threshold"": 50}",0.9114254996770154
A5_Set_Reset_Quiescent_Memory,S5_CONTINUAL_BACKPROP,7,"{""learning_rate"": 0.005, ""replacement_rate"": 0.001, ""maturity_threshold"": 100}",0.9112063320556963
A5_Set_Reset_Quiescent_Memory,S5_CONTINUAL_BACKPROP,8,"{""learning_rate"": 0.01, ""replacement_rate"": 0.0001, ""maturity_threshold"": 50}",0.9105776931835252
A5_Set_Reset_Quiescent_Memory,S5_CONTINUAL_BACKPROP,9,"{""learning_rate"": 0.01, ""replacement_rate"": 0.0001, ""maturity_threshold"": 100}",0.9106861976871246
A5_Set_Reset_Quiescent_Memory,S5_CONTINUAL_BACKPROP,10,"{""learning_rate"": 0.01, ""replacement_rate"": 0.001, ""maturity_threshold"": 50}",0.9105552446453884
A5_Set_Reset_Quiescent_Memory,S5_CONTINUAL_BACKPROP,11,"{""learning_rate"": 0.01, ""replacement_rate"": 0.001, ""maturity_threshold"": 100}",0.9108023195459
A5_Set_Reset_Quiescent_Memory,S5_CONTINUAL_BACKPROP,12,"{""learning_rate"": 0.03, ""replacement_rate"": 0.0001, ""maturity_threshold"": 50}",0.9101708980398143
A5_Set_Reset_Quiescent_Memory,S5_CONTINUAL_BACKPROP,13,"{""learning_rate"": 0.03, ""replacement_rate"": 0.0001, ""maturity_threshold"": 100}",0.9100847533358145
A5_Set_Reset_Quiescent_Memory,S5_CONTINUAL_BACKPROP,14,"{""learning_rate"": 0.03, ""replacement_rate"": 0.001, ""maturity_threshold"": 50}",0.9099902494676787
A5_Set_Reset_Quiescent_Memory,S5_CONTINUAL_BACKPROP,15,"{""learning_rate"": 0.03, ""replacement_rate"": 0.001, ""maturity_threshold"": 100}",0.9101425565776626
A5_Set_Reset_Quiescent_Memory,C1_CURRENT_ONLY_LINEAR,0,"{""learning_rate"": 0.001}",0.9115786822794928
A5_Set_Reset_Quiescent_Memory,C1_CURRENT_ONLY_LINEAR,1,"{""learning_rate"": 0.003}",0.9112983532360038
A5_Set_Reset_Quiescent_Memory,C1_CURRENT_ONLY_LINEAR,2,"{""learning_rate"": 0.01}",0.9106133291382603
A5_Set_Reset_Quiescent_Memory,C1_CURRENT_ONLY_LINEAR,3,"{""learning_rate"": 0.03}",0.9101024824055193
A5_Set_Reset_Quiescent_Memory,C2_NLMS,0,"{""step_size"": 0.01}",0.9179498928681643
A5_Set_Reset_Quiescent_Memory,C2_NLMS,1,"{""step_size"": 0.05}",0.9514072514734738
A5_Set_Reset_Quiescent_Memory,C2_NLMS,2,"{""step_size"": 0.1}",0.9924309705881912
A5_Set_Reset_Quiescent_Memory,C2_NLMS,3,"{""step_size"": 0.2}",1.0738467444082904
A5_Set_Reset_Quiescent_Memory,C3_RLS,0,"{""forgetting_factor"": 0.99}",0.9561213560381012
A5_Set_Reset_Quiescent_Memory,C3_RLS,1,"{""forgetting_factor"": 0.995}",0.9321083368497828
A5_Set_Reset_Quiescent_Memory,C3_RLS,2,"{""forgetting_factor"": 0.999}",0.9185487621659602
A5_Set_Reset_Quiescent_Memory,C3_RLS,3,"{""forgetting_factor"": 1.0}",0.9169721381057764
A5_Set_Reset_Quiescent_Memory,C4_FIXED_LAG_LINEAR,0,"{""max_lag"": 4, ""learning_rate"": 0.001}",0.9113457960573452
A5_Set_Reset_Quiescent_Memory,C4_FIXED_LAG_LINEAR,1,"{""max_lag"": 4, ""learning_rate"": 0.01}",0.9088943181296862
A5_Set_Reset_Quiescent_Memory,C4_FIXED_LAG_LINEAR,2,"{""max_lag"": 8, ""learning_rate"": 0.001}",0.9109746739180417
A5_Set_Reset_Quiescent_Memory,C4_FIXED_LAG_LINEAR,3,"{""max_lag"": 8, ""learning_rate"": 0.01}",0.9061148748886351
A5_Set_Reset_Quiescent_Memory,C4_FIXED_LAG_LINEAR,4,"{""max_lag"": 16, ""learning_rate"": 0.001}",0.9104527232919292
A5_Set_Reset_Quiescent_Memory,C4_FIXED_LAG_LINEAR,5,"{""max_lag"": 16, ""learning_rate"": 0.01}",0.9024337351368427
A5_Set_Reset_Quiescent_Memory,C4_FIXED_LAG_LINEAR,6,"{""max_lag"": 32, ""learning_rate"": 0.001}",0.909369413816909
A5_Set_Reset_Quiescent_Memory,C4_FIXED_LAG_LINEAR,7,"{""max_lag"": 32, ""learning_rate"": 0.01}",0.8947055776315919
A6_Context_Routing,B1_RZA_LMS,0,"{""learning_rate"": 0.001, ""rho_zero_attraction"": 1e-06, ""epsilon_reweight"": 10.0}",0.48869615237454683
A6_Context_Routing,B1_RZA_LMS,1,"{""learning_rate"": 0.001, ""rho_zero_attraction"": 1e-05, ""epsilon_reweight"": 10.0}",0.48908246760615803
A6_Context_Routing,B1_RZA_LMS,2,"{""learning_rate"": 0.001, ""rho_zero_attraction"": 0.0001, ""epsilon_reweight"": 10.0}",0.49765854760001177
A6_Context_Routing,B1_RZA_LMS,3,"{""learning_rate"": 0.001, ""rho_zero_attraction"": 0.001, ""epsilon_reweight"": 10.0}",0.7125021000449699
A6_Context_Routing,B1_RZA_LMS,4,"{""learning_rate"": 0.003, ""rho_zero_attraction"": 1e-06, ""epsilon_reweight"": 10.0}",0.4248795557213953
A6_Context_Routing,B1_RZA_LMS,5,"{""learning_rate"": 0.003, ""rho_zero_attraction"": 1e-05, ""epsilon_reweight"": 10.0}",0.42464296465529355
A6_Context_Routing,B1_RZA_LMS,6,"{""learning_rate"": 0.003, ""rho_zero_attraction"": 0.0001, ""epsilon_reweight"": 10.0}",0.42360756122817644
A6_Context_Routing,B1_RZA_LMS,7,"{""learning_rate"": 0.003, ""rho_zero_attraction"": 0.001, ""epsilon_reweight"": 10.0}",0.44140696411387376
A6_Context_Routing,B1_RZA_LMS,8,"{""learning_rate"": 0.01, ""rho_zero_attraction"": 1e-06, ""epsilon_reweight"": 10.0}",0.4179081517385814
A6_Context_Routing,B1_RZA_LMS,9,"{""learning_rate"": 0.01, ""rho_zero_attraction"": 1e-05, ""epsilon_reweight"": 10.0}",0.4177404805620128
A6_Context_Routing,B1_RZA_LMS,10,"{""learning_rate"": 0.01, ""rho_zero_attraction"": 0.0001, ""epsilon_reweight"": 10.0}",0.41615022888149733
A6_Context_Routing,B1_RZA_LMS,11,"{""learning_rate"": 0.01, ""rho_zero_attraction"": 0.001, ""epsilon_reweight"": 10.0}",0.40807373763353433
A6_Context_Routing,B1_RZA_LMS,12,"{""learning_rate"": 0.03, ""rho_zero_attraction"": 1e-06, ""epsilon_reweight"": 10.0}",0.4779819916997919
A6_Context_Routing,B1_RZA_LMS,13,"{""learning_rate"": 0.03, ""rho_zero_attraction"": 1e-05, ""epsilon_reweight"": 10.0}",0.47786901125708797
A6_Context_Routing,B1_RZA_LMS,14,"{""learning_rate"": 0.03, ""rho_zero_attraction"": 0.0001, ""epsilon_reweight"": 10.0}",0.476744843035533
A6_Context_Routing,B1_RZA_LMS,15,"{""learning_rate"": 0.03, ""rho_zero_attraction"": 0.001, ""epsilon_reweight"": 10.0}",0.46636704867529527
A6_Context_Routing,B2_CCN,0,"{""readout_lr"": 0.001, ""recurrent_lr"": 0.0001, ""max_columns"": 1}",0.48857068539381227
A6_Context_Routing,B2_CCN,1,"{""readout_lr"": 0.001, ""recurrent_lr"": 0.0001, ""max_columns"": 2}",0.48857440341642056
A6_Context_Routing,B2_CCN,2,"{""readout_lr"": 0.001, ""recurrent_lr"": 0.001, ""max_columns"": 1}",0.48857046494301964
A6_Context_Routing,B2_CCN,3,"{""readout_lr"": 0.001, ""recurrent_lr"": 0.001, ""max_columns"": 2}",0.48856416177893963
A6_Context_Routing,B2_CCN,4,"{""readout_lr"": 0.003, ""recurrent_lr"": 0.0001, ""max_columns"": 1}",0.4248174644932708
A6_Context_Routing,B2_CCN,5,"{""readout_lr"": 0.003, ""recurrent_lr"": 0.0001, ""max_columns"": 2}",0.4248050234703667
A6_Context_Routing,B2_CCN,6,"{""readout_lr"": 0.003, ""recurrent_lr"": 0.001, ""max_columns"": 1}",0.42481592713172867
A6_Context_Routing,B2_CCN,7,"{""readout_lr"": 0.003, ""recurrent_lr"": 0.001, ""max_columns"": 2}",0.42481629140121463
A6_Context_Routing,B2_CCN,8,"{""readout_lr"": 0.01, ""recurrent_lr"": 0.0001, ""max_columns"": 1}",0.4182963588903555
A6_Context_Routing,B2_CCN,9,"{""readout_lr"": 0.01, ""recurrent_lr"": 0.0001, ""max_columns"": 2}",0.4182927793747718
A6_Context_Routing,B2_CCN,10,"{""readout_lr"": 0.01, ""recurrent_lr"": 0.001, ""max_columns"": 1}",0.41828994395019
A6_Context_Routing,B2_CCN,11,"{""readout_lr"": 0.01, ""recurrent_lr"": 0.001, ""max_columns"": 2}",0.4182907710370401
A6_Context_Routing,B2_CCN,12,"{""readout_lr"": 0.03, ""recurrent_lr"": 0.0001, ""max_columns"": 1}",0.4800201409242999
A6_Context_Routing,B2_CCN,13,"{""readout_lr"": 0.03, ""recurrent_lr"": 0.0001, ""max_columns"": 2}",0.4800170998568006
A6_Context_Routing,B2_CCN,14,"{""readout_lr"": 0.03, ""recurrent_lr"": 0.001, ""max_columns"": 1}",0.48001330212211185
A6_Context_Routing,B2_CCN,15,"{""readout_lr"": 0.03, ""recurrent_lr"": 0.001, ""max_columns"": 2}",0.4800304720860606
A6_Context_Routing,B3_MUSE_RNN,0,"{""learning_rate"": 0.001, ""growth_multiplier"": 1.5, ""pruning_threshold"": 0.001}",0.7141077283598566
A6_Context_Routing,B3_MUSE_RNN,1,"{""learning_rate"": 0.001, ""growth_multiplier"": 1.5, ""pruning_threshold"": 0.01}",0.7146100689986264
A6_Context_Routing,B3_MUSE_RNN,2,"{""learning_rate"": 0.001, ""growth_multiplier"": 2.5, ""pruning_threshold"": 0.001}",0.7146903094896843
A6_Context_Routing,B3_MUSE_RNN,3,"{""learning_rate"": 0.001, ""growth_multiplier"": 2.5, ""pruning_threshold"": 0.01}",0.71465634132512
A6_Context_Routing,B3_MUSE_RNN,4,"{""learning_rate"": 0.003, ""growth_multiplier"": 1.5, ""pruning_threshold"": 0.001}",0.7153590314530853
A6_Context_Routing,B3_MUSE_RNN,5,"{""learning_rate"": 0.003, ""growth_multiplier"": 1.5, ""pruning_threshold"": 0.01}",0.7154355648678572
A6_Context_Routing,B3_MUSE_RNN,6,"{""learning_rate"": 0.003, ""growth_multiplier"": 2.5, ""pruning_threshold"": 0.001}",0.7153669578364875
A6_Context_Routing,B3_MUSE_RNN,7,"{""learning_rate"": 0.003, ""growth_multiplier"": 2.5, ""pruning_threshold"": 0.01}",0.7151948776821757
A6_Context_Routing,B3_MUSE_RNN,8,"{""learning_rate"": 0.01, ""growth_multiplier"": 1.5, ""pruning_threshold"": 0.001}",0.7155269753697363
A6_Context_Routing,B3_MUSE_RNN,9,"{""learning_rate"": 0.01, ""growth_multiplier"": 1.5, ""pruning_threshold"": 0.01}",0.7155096752560599
A6_Context_Routing,B3_MUSE_RNN,10,"{""learning_rate"": 0.01, ""growth_multiplier"": 2.5, ""pruning_threshold"": 0.001}",0.7153048545353071
A6_Context_Routing,B3_MUSE_RNN,11,"{""learning_rate"": 0.01, ""growth_multiplier"": 2.5, ""pruning_threshold"": 0.01}",0.7156222670310085
A6_Context_Routing,B3_MUSE_RNN,12,"{""learning_rate"": 0.03, ""growth_multiplier"": 1.5, ""pruning_threshold"": 0.001}",0.7158570441945417
A6_Context_Routing,B3_MUSE_RNN,13,"{""learning_rate"": 0.03, ""growth_multiplier"": 1.5, ""pruning_threshold"": 0.01}",0.715798252233555
A6_Context_Routing,B3_MUSE_RNN,14,"{""learning_rate"": 0.03, ""growth_multiplier"": 2.5, ""pruning_threshold"": 0.001}",0.7154638413639969
A6_Context_Routing,B3_MUSE_RNN,15,"{""learning_rate"": 0.03, ""growth_multiplier"": 2.5, ""pruning_threshold"": 0.01}",0.7151440457064585
A6_Context_Routing,B4_MINIMAL_GRU,0,"{""learning_rate"": 0.0001, ""weight_decay"": 0.9}",0.7154712550985476
A6_Context_Routing,B4_MINIMAL_GRU,1,"{""learning_rate"": 0.0001, ""weight_decay"": 0.95}",0.7154662003365374
A6_Context_Routing,B4_MINIMAL_GRU,2,"{""learning_rate"": 0.0001, ""weight_decay"": 0.99}",0.7154853110152963
A6_Context_Routing,B4_MINIMAL_GRU,3,"{""learning_rate"": 0.0001, ""weight_decay"": 0.999}",0.7155529969102759
A6_Context_Routing,B4_MINIMAL_GRU,4,"{""learning_rate"": 0.001, ""weight_decay"": 0.9}",0.7154697139224625
A6_Context_Routing,B4_MINIMAL_GRU,5,"{""learning_rate"": 0.001, ""weight_decay"": 0.95}",0.7154729385912889
A6_Context_Routing,B4_MINIMAL_GRU,6,"{""learning_rate"": 0.001, ""weight_decay"": 0.99}",0.7154839422197065
A6_Context_Routing,B4_MINIMAL_GRU,7,"{""learning_rate"": 0.001, ""weight_decay"": 0.999}",0.7152945188774057
A6_Context_Routing,B4_MINIMAL_GRU,8,"{""learning_rate"": 0.003, ""weight_decay"": 0.9}",0.7154680664321101
A6_Context_Routing,B4_MINIMAL_GRU,9,"{""learning_rate"": 0.003, ""weight_decay"": 0.95}",0.715457738867136
A6_Context_Routing,B4_MINIMAL_GRU,10,"{""learning_rate"": 0.003, ""weight_decay"": 0.99}",0.7153527289698575
A6_Context_Routing,B4_MINIMAL_GRU,11,"{""learning_rate"": 0.003, ""weight_decay"": 0.999}",0.7147039823837523
A6_Context_Routing,B4_MINIMAL_GRU,12,"{""learning_rate"": 0.01, ""weight_decay"": 0.9}",0.7154408081814605
A6_Context_Routing,B4_MINIMAL_GRU,13,"{""learning_rate"": 0.01, ""weight_decay"": 0.95}",0.7154094677444895
A6_Context_Routing,B4_MINIMAL_GRU,14,"{""learning_rate"": 0.01, ""weight_decay"": 0.99}",0.7151893977250298
A6_Context_Routing,B4_MINIMAL_GRU,15,"{""learning_rate"": 0.01, ""weight_decay"": 0.999}",0.711222051177763
A6_Context_Routing,B5_ONLINE_ESN,0,"{""reservoir_size"": 10, ""spectral_radius"": 0.85, ""leak_rate"": 0.3, ""readout_lr"": 0.001}",0.7104164024061707
A6_Context_Routing,B5_ONLINE_ESN,1,"{""reservoir_size"": 10, ""spectral_radius"": 0.85, ""leak_rate"": 0.3, ""readout_lr"": 0.01}",0.6764536335148849
A6_Context_Routing,B5_ONLINE_ESN,2,"{""reservoir_size"": 10, ""spectral_radius"": 0.85, ""leak_rate"": 0.7, ""readout_lr"": 0.001}",0.6905272907846393
A6_Context_Routing,B5_ONLINE_ESN,3,"{""reservoir_size"": 10, ""spectral_radius"": 0.85, ""leak_rate"": 0.7, ""readout_lr"": 0.01}",0.5880051512457688
A6_Context_Routing,B5_ONLINE_ESN,4,"{""reservoir_size"": 10, ""spectral_radius"": 0.95, ""leak_rate"": 0.3, ""readout_lr"": 0.001}",0.7105052486078755
A6_Context_Routing,B5_ONLINE_ESN,5,"{""reservoir_size"": 10, ""spectral_radius"": 0.95, ""leak_rate"": 0.3, ""readout_lr"": 0.01}",0.6772934947939636
A6_Context_Routing,B5_ONLINE_ESN,6,"{""reservoir_size"": 10, ""spectral_radius"": 0.95, ""leak_rate"": 0.7, ""readout_lr"": 0.001}",0.6911112451604575
A6_Context_Routing,B5_ONLINE_ESN,7,"{""reservoir_size"": 10, ""spectral_radius"": 0.95, ""leak_rate"": 0.7, ""readout_lr"": 0.01}",0.593512016877781
A6_Context_Routing,B5_ONLINE_ESN,8,"{""reservoir_size"": 20, ""spectral_radius"": 0.85, ""leak_rate"": 0.3, ""readout_lr"": 0.001}",0.7079968191960959
A6_Context_Routing,B5_ONLINE_ESN,9,"{""reservoir_size"": 20, ""spectral_radius"": 0.85, ""leak_rate"": 0.3, ""readout_lr"": 0.01}",0.665748108514464
A6_Context_Routing,B5_ONLINE_ESN,10,"{""reservoir_size"": 20, ""spectral_radius"": 0.85, ""leak_rate"": 0.7, ""readout_lr"": 0.001}",0.6843407352661983
A6_Context_Routing,B5_ONLINE_ESN,11,"{""reservoir_size"": 20, ""spectral_radius"": 0.85, ""leak_rate"": 0.7, ""readout_lr"": 0.01}",0.5740288775499232
A6_Context_Routing,B5_ONLINE_ESN,12,"{""reservoir_size"": 20, ""spectral_radius"": 0.95, ""leak_rate"": 0.3, ""readout_lr"": 0.001}",0.7080059329739687
A6_Context_Routing,B5_ONLINE_ESN,13,"{""reservoir_size"": 20, ""spectral_radius"": 0.95, ""leak_rate"": 0.3, ""readout_lr"": 0.01}",0.6671275495857336
A6_Context_Routing,B5_ONLINE_ESN,14,"{""reservoir_size"": 20, ""spectral_radius"": 0.95, ""leak_rate"": 0.7, ""readout_lr"": 0.001}",0.6856140426258605
A6_Context_Routing,B5_ONLINE_ESN,15,"{""reservoir_size"": 20, ""spectral_radius"": 0.95, ""leak_rate"": 0.7, ""readout_lr"": 0.01}",0.5828659935423658
A6_Context_Routing,S1_VARIABLE_TAP_LMS,0,"{""learning_rate"": 0.001, ""tap_leakage"": 0.0001}",0.7160425636653588
A6_Context_Routing,S1_VARIABLE_TAP_LMS,1,"{""learning_rate"": 0.001, ""tap_leakage"": 0.001}",0.7156837831435432
A6_Context_Routing,S1_VARIABLE_TAP_LMS,2,"{""learning_rate"": 0.001, ""tap_leakage"": 0.01}",0.7153228800286028
A6_Context_Routing,S1_VARIABLE_TAP_LMS,3,"{""learning_rate"": 0.001, ""tap_leakage"": 0.1}",0.7153870886553871
A6_Context_Routing,S1_VARIABLE_TAP_LMS,4,"{""learning_rate"": 0.003, ""tap_leakage"": 0.0001}",0.7175166293375232
A6_Context_Routing,S1_VARIABLE_TAP_LMS,5,"{""learning_rate"": 0.003, ""tap_leakage"": 0.001}",0.717049986837352
A6_Context_Routing,S1_VARIABLE_TAP_LMS,6,"{""learning_rate"": 0.003, ""tap_leakage"": 0.01}",0.7154692139442108
A6_Context_Routing,S1_VARIABLE_TAP_LMS,7,"{""learning_rate"": 0.003, ""tap_leakage"": 0.1}",0.7152601360302504
A6_Context_Routing,S1_VARIABLE_TAP_LMS,8,"{""learning_rate"": 0.01, ""tap_leakage"": 0.0001}",0.7309715761477023
A6_Context_Routing,S1_VARIABLE_TAP_LMS,9,"{""learning_rate"": 0.01, ""tap_leakage"": 0.001}",0.7362677985555012
A6_Context_Routing,S1_VARIABLE_TAP_LMS,10,"{""learning_rate"": 0.01, ""tap_leakage"": 0.01}",0.7197902665846406
A6_Context_Routing,S1_VARIABLE_TAP_LMS,11,"{""learning_rate"": 0.01, ""tap_leakage"": 0.1}",0.7152665908797613
A6_Context_Routing,S1_VARIABLE_TAP_LMS,12,"{""learning_rate"": 0.03, ""tap_leakage"": 0.0001}",1.289852901647202
A6_Context_Routing,S1_VARIABLE_TAP_LMS,13,"{""learning_rate"": 0.03, ""tap_leakage"": 0.001}",1.2537588878407775
A6_Context_Routing,S1_VARIABLE_TAP_LMS,14,"{""learning_rate"": 0.03, ""tap_leakage"": 0.01}",1.0501611572319296
A6_Context_Routing,S1_VARIABLE_TAP_LMS,15,"{""learning_rate"": 0.03, ""tap_leakage"": 0.1}",0.759082429877651
A6_Context_Routing,S2_LRU_STREAM,0,"{""state_lr"": 0.001, ""readout_lr"": 0.001, ""state_decay"": 0.9}",0.4887830916913875
A6_Context_Routing,S2_LRU_STREAM,1,"{""state_lr"": 0.001, ""readout_lr"": 0.001, ""state_decay"": 0.98}",0.49061459726673257
A6_Context_Routing,S2_LRU_STREAM,2,"{""state_lr"": 0.001, ""readout_lr"": 0.003, ""state_decay"": 0.9}",0.42656436143297727
A6_Context_Routing,S2_LRU_STREAM,3,"{""state_lr"": 0.001, ""readout_lr"": 0.003, ""state_decay"": 0.98}",0.42565101856932247
A6_Context_Routing,S2_LRU_STREAM,4,"{""state_lr"": 0.001, ""readout_lr"": 0.01, ""state_decay"": 0.9}",0.41877383031873155
A6_Context_Routing,S2_LRU_STREAM,5,"{""state_lr"": 0.001, ""readout_lr"": 0.01, ""state_decay"": 0.98}",0.419253151158383
A6_Context_Routing,S2_LRU_STREAM,6,"{""state_lr"": 0.001, ""readout_lr"": 0.03, ""state_decay"": 0.9}",0.4782385721999092
A6_Context_Routing,S2_LRU_STREAM,7,"{""state_lr"": 0.001, ""readout_lr"": 0.03, ""state_decay"": 0.98}",0.4834626356328146
A6_Context_Routing,S2_LRU_STREAM,8,"{""state_lr"": 0.01, ""readout_lr"": 0.001, ""state_decay"": 0.9}",0.4871377213323293
A6_Context_Routing,S2_LRU_STREAM,9,"{""state_lr"": 0.01, ""readout_lr"": 0.001, ""state_decay"": 0.98}",0.4926110532544554
A6_Context_Routing,S2_LRU_STREAM,10,"{""state_lr"": 0.01, ""readout_lr"": 0.003, ""state_decay"": 0.9}",0.42478482070814244
A6_Context_Routing,S2_LRU_STREAM,11,"{""state_lr"": 0.01, ""readout_lr"": 0.003, ""state_decay"": 0.98}",0.42613422078007107
A6_Context_Routing,S2_LRU_STREAM,12,"{""state_lr"": 0.01, ""readout_lr"": 0.01, ""state_decay"": 0.9}",0.4182123821786646
A6_Context_Routing,S2_LRU_STREAM,13,"{""state_lr"": 0.01, ""readout_lr"": 0.01, ""state_decay"": 0.98}",0.4194336082727624
A6_Context_Routing,S2_LRU_STREAM,14,"{""state_lr"": 0.01, ""readout_lr"": 0.03, ""state_decay"": 0.9}",0.479086470432551
A6_Context_Routing,S2_LRU_STREAM,15,"{""state_lr"": 0.01, ""readout_lr"": 0.03, ""state_decay"": 0.98}",0.48443405128781586
A6_Context_Routing,S3_RSONN,0,"{""learning_rate"": 0.001, ""growth_threshold"": 0.05, ""pruning_threshold"": 0.001}",0.7155667519604312
A6_Context_Routing,S3_RSONN,1,"{""learning_rate"": 0.001, ""growth_threshold"": 0.05, ""pruning_threshold"": 0.005}",0.7155654781590783
A6_Context_Routing,S3_RSONN,2,"{""learning_rate"": 0.001, ""growth_threshold"": 0.1, ""pruning_threshold"": 0.001}",0.7156607397112481
A6_Context_Routing,S3_RSONN,3,"{""learning_rate"": 0.001, ""growth_threshold"": 0.1, ""pruning_threshold"": 0.005}",0.7154559656580015
A6_Context_Routing,S3_RSONN,4,"{""learning_rate"": 0.005, ""growth_threshold"": 0.05, ""pruning_threshold"": 0.001}",0.716440981777776
A6_Context_Routing,S3_RSONN,5,"{""learning_rate"": 0.005, ""growth_threshold"": 0.05, ""pruning_threshold"": 0.005}",0.7166853804824954
A6_Context_Routing,S3_RSONN,6,"{""learning_rate"": 0.005, ""growth_threshold"": 0.1, ""pruning_threshold"": 0.001}",0.7168055024463791
A6_Context_Routing,S3_RSONN,7,"{""learning_rate"": 0.005, ""growth_threshold"": 0.1, ""pruning_threshold"": 0.005}",0.7164729129193903
A6_Context_Routing,S3_RSONN,8,"{""learning_rate"": 0.01, ""growth_threshold"": 0.05, ""pruning_threshold"": 0.001}",0.7175809317480661
A6_Context_Routing,S3_RSONN,9,"{""learning_rate"": 0.01, ""growth_threshold"": 0.05, ""pruning_threshold"": 0.005}",0.7164021566762503
A6_Context_Routing,S3_RSONN,10,"{""learning_rate"": 0.01, ""growth_threshold"": 0.1, ""pruning_threshold"": 0.001}",0.7153347462360413
A6_Context_Routing,S3_RSONN,11,"{""learning_rate"": 0.01, ""growth_threshold"": 0.1, ""pruning_threshold"": 0.005}",0.7157756656318423
A6_Context_Routing,S3_RSONN,12,"{""learning_rate"": 0.02, ""growth_threshold"": 0.05, ""pruning_threshold"": 0.001}",0.7128211016911248
A6_Context_Routing,S3_RSONN,13,"{""learning_rate"": 0.02, ""growth_threshold"": 0.05, ""pruning_threshold"": 0.005}",0.6728542380656295
A6_Context_Routing,S3_RSONN,14,"{""learning_rate"": 0.02, ""growth_threshold"": 0.1, ""pruning_threshold"": 0.001}",0.7027600538688819
A6_Context_Routing,S3_RSONN,15,"{""learning_rate"": 0.02, ""growth_threshold"": 0.1, ""pruning_threshold"": 0.005}",0.658854762203762
A6_Context_Routing,S4_ACESN,0,"{""reservoir_size"": 20, ""spectral_radius"": 0.85, ""compression_ratio"": 0.25, ""readout_lr"": 0.001}",0.6649707981979027
A6_Context_Routing,S4_ACESN,1,"{""reservoir_size"": 20, ""spectral_radius"": 0.85, ""compression_ratio"": 0.25, ""readout_lr"": 0.01}",0.5505058218996858
A6_Context_Routing,S4_ACESN,2,"{""reservoir_size"": 20, ""spectral_radius"": 0.85, ""compression_ratio"": 0.5, ""readout_lr"": 0.001}",0.6647796505589505
A6_Context_Routing,S4_ACESN,3,"{""reservoir_size"": 20, ""spectral_radius"": 0.85, ""compression_ratio"": 0.5, ""readout_lr"": 0.01}",0.5497028124810662
A6_Context_Routing,S4_ACESN,4,"{""reservoir_size"": 20, ""spectral_radius"": 0.95, ""compression_ratio"": 0.25, ""readout_lr"": 0.001}",0.6687108316038665
A6_Context_Routing,S4_ACESN,5,"{""reservoir_size"": 20, ""spectral_radius"": 0.95, ""compression_ratio"": 0.25, ""readout_lr"": 0.01}",0.5648842019401046
A6_Context_Routing,S4_ACESN,6,"{""reservoir_size"": 20, ""spectral_radius"": 0.95, ""compression_ratio"": 0.5, ""readout_lr"": 0.001}",0.6685042652796057
A6_Context_Routing,S4_ACESN,7,"{""reservoir_size"": 20, ""spectral_radius"": 0.95, ""compression_ratio"": 0.5, ""readout_lr"": 0.01}",0.5640255275012146
A6_Context_Routing,S4_ACESN,8,"{""reservoir_size"": 40, ""spectral_radius"": 0.85, ""compression_ratio"": 0.25, ""readout_lr"": 0.001}",0.6276675837983502
A6_Context_Routing,S4_ACESN,9,"{""reservoir_size"": 40, ""spectral_radius"": 0.85, ""compression_ratio"": 0.25, ""readout_lr"": 0.01}",0.48694073759641415
A6_Context_Routing,S4_ACESN,10,"{""reservoir_size"": 40, ""spectral_radius"": 0.85, ""compression_ratio"": 0.5, ""readout_lr"": 0.001}",0.6270561358408452
A6_Context_Routing,S4_ACESN,11,"{""reservoir_size"": 40, ""spectral_radius"": 0.85, ""compression_ratio"": 0.5, ""readout_lr"": 0.01}",0.4859834266858249
A6_Context_Routing,S4_ACESN,12,"{""reservoir_size"": 40, ""spectral_radius"": 0.95, ""compression_ratio"": 0.25, ""readout_lr"": 0.001}",0.632067094808933
A6_Context_Routing,S4_ACESN,13,"{""reservoir_size"": 40, ""spectral_radius"": 0.95, ""compression_ratio"": 0.25, ""readout_lr"": 0.01}",0.4990743888221476
A6_Context_Routing,S4_ACESN,14,"{""reservoir_size"": 40, ""spectral_radius"": 0.95, ""compression_ratio"": 0.5, ""readout_lr"": 0.001}",0.6314866911487514
A6_Context_Routing,S4_ACESN,15,"{""reservoir_size"": 40, ""spectral_radius"": 0.95, ""compression_ratio"": 0.5, ""readout_lr"": 0.01}",0.4982372485458418
A6_Context_Routing,S5_CONTINUAL_BACKPROP,0,"{""learning_rate"": 0.001, ""replacement_rate"": 0.0001, ""maturity_threshold"": 50}",0.48981531797045097
A6_Context_Routing,S5_CONTINUAL_BACKPROP,1,"{""learning_rate"": 0.001, ""replacement_rate"": 0.0001, ""maturity_threshold"": 100}",0.4889498309158187
A6_Context_Routing,S5_CONTINUAL_BACKPROP,2,"{""learning_rate"": 0.001, ""replacement_rate"": 0.001, ""maturity_threshold"": 50}",0.48877101195096456
A6_Context_Routing,S5_CONTINUAL_BACKPROP,3,"{""learning_rate"": 0.001, ""replacement_rate"": 0.001, ""maturity_threshold"": 100}",0.4909376081254801
A6_Context_Routing,S5_CONTINUAL_BACKPROP,4,"{""learning_rate"": 0.005, ""replacement_rate"": 0.0001, ""maturity_threshold"": 50}",0.4150682923961078
A6_Context_Routing,S5_CONTINUAL_BACKPROP,5,"{""learning_rate"": 0.005, ""replacement_rate"": 0.0001, ""maturity_threshold"": 100}",0.415670114413196
A6_Context_Routing,S5_CONTINUAL_BACKPROP,6,"{""learning_rate"": 0.005, ""replacement_rate"": 0.001, ""maturity_threshold"": 50}",0.4152857705905013
A6_Context_Routing,S5_CONTINUAL_BACKPROP,7,"{""learning_rate"": 0.005, ""replacement_rate"": 0.001, ""maturity_threshold"": 100}",0.4147120213805875
A6_Context_Routing,S5_CONTINUAL_BACKPROP,8,"{""learning_rate"": 0.01, ""replacement_rate"": 0.0001, ""maturity_threshold"": 50}",0.4178979527804478
A6_Context_Routing,S5_CONTINUAL_BACKPROP,9,"{""learning_rate"": 0.01, ""replacement_rate"": 0.0001, ""maturity_threshold"": 100}",0.4178777143386861
A6_Context_Routing,S5_CONTINUAL_BACKPROP,10,"{""learning_rate"": 0.01, ""replacement_rate"": 0.001, ""maturity_threshold"": 50}",0.417838806687903
A6_Context_Routing,S5_CONTINUAL_BACKPROP,11,"{""learning_rate"": 0.01, ""replacement_rate"": 0.001, ""maturity_threshold"": 100}",0.4178249496890459
A6_Context_Routing,S5_CONTINUAL_BACKPROP,12,"{""learning_rate"": 0.03, ""replacement_rate"": 0.0001, ""maturity_threshold"": 50}",0.4779565072082166
A6_Context_Routing,S5_CONTINUAL_BACKPROP,13,"{""learning_rate"": 0.03, ""replacement_rate"": 0.0001, ""maturity_threshold"": 100}",0.4781192608063956
A6_Context_Routing,S5_CONTINUAL_BACKPROP,14,"{""learning_rate"": 0.03, ""replacement_rate"": 0.001, ""maturity_threshold"": 50}",0.47797436806076393
A6_Context_Routing,S5_CONTINUAL_BACKPROP,15,"{""learning_rate"": 0.03, ""replacement_rate"": 0.001, ""maturity_threshold"": 100}",0.4781918687403466
A6_Context_Routing,C1_CURRENT_ONLY_LINEAR,0,"{""learning_rate"": 0.001}",0.4886610124889532
A6_Context_Routing,C1_CURRENT_ONLY_LINEAR,1,"{""learning_rate"": 0.003}",0.4249074603343612
A6_Context_Routing,C1_CURRENT_ONLY_LINEAR,2,"{""learning_rate"": 0.01}",0.41792689586483805
A6_Context_Routing,C1_CURRENT_ONLY_LINEAR,3,"{""learning_rate"": 0.03}",0.47799455105494637
A6_Context_Routing,C2_NLMS,0,"{""step_size"": 0.01}",0.49000322862888473
A6_Context_Routing,C2_NLMS,1,"{""step_size"": 0.05}",0.41352421484957924
A6_Context_Routing,C2_NLMS,2,"{""step_size"": 0.1}",0.41334930856652274
A6_Context_Routing,C2_NLMS,3,"{""step_size"": 0.2}",0.4326838861260229
A6_Context_Routing,C3_RLS,0,"{""forgetting_factor"": 0.99}",0.4175396487498635
A6_Context_Routing,C3_RLS,1,"{""forgetting_factor"": 0.995}",0.4074330895423007
A6_Context_Routing,C3_RLS,2,"{""forgetting_factor"": 0.999}",0.4027637931812768
A6_Context_Routing,C3_RLS,3,"{""forgetting_factor"": 1.0}",0.4028326005338077
A6_Context_Routing,C4_FIXED_LAG_LINEAR,0,"{""max_lag"": 4, ""learning_rate"": 0.001}",0.7163488464982276
A6_Context_Routing,C4_FIXED_LAG_LINEAR,1,"{""max_lag"": 4, ""learning_rate"": 0.01}",0.7315509633138847
A6_Context_Routing,C4_FIXED_LAG_LINEAR,2,"{""max_lag"": 8, ""learning_rate"": 0.001}",0.7177594541947041
A6_Context_Routing,C4_FIXED_LAG_LINEAR,3,"{""max_lag"": 8, ""learning_rate"": 0.01}",0.7474576807204695
A6_Context_Routing,C4_FIXED_LAG_LINEAR,4,"{""max_lag"": 16, ""learning_rate"": 0.001}",0.7182340638768595
A6_Context_Routing,C4_FIXED_LAG_LINEAR,5,"{""max_lag"": 16, ""learning_rate"": 0.01}",0.7737020145497525
A6_Context_Routing,C4_FIXED_LAG_LINEAR,6,"{""max_lag"": 32, ""learning_rate"": 0.001}",0.7206894737222408
A6_Context_Routing,C4_FIXED_LAG_LINEAR,7,"{""max_lag"": 32, ""learning_rate"": 0.01}",0.8429722648520549
A7_Extended_Poisson_Quiescence,B1_RZA_LMS,0,"{""learning_rate"": 0.001, ""rho_zero_attraction"": 1e-06, ""epsilon_reweight"": 10.0}",0.701478732118575
A7_Extended_Poisson_Quiescence,B1_RZA_LMS,1,"{""learning_rate"": 0.001, ""rho_zero_attraction"": 1e-05, ""epsilon_reweight"": 10.0}",0.7015020728505476
A7_Extended_Poisson_Quiescence,B1_RZA_LMS,2,"{""learning_rate"": 0.001, ""rho_zero_attraction"": 0.0001, ""epsilon_reweight"": 10.0}",0.7014964301596427
A7_Extended_Poisson_Quiescence,B1_RZA_LMS,3,"{""learning_rate"": 0.001, ""rho_zero_attraction"": 0.001, ""epsilon_reweight"": 10.0}",0.7014951099095983
A7_Extended_Poisson_Quiescence,B1_RZA_LMS,4,"{""learning_rate"": 0.003, ""rho_zero_attraction"": 1e-06, ""epsilon_reweight"": 10.0}",0.7014518741865369
A7_Extended_Poisson_Quiescence,B1_RZA_LMS,5,"{""learning_rate"": 0.003, ""rho_zero_attraction"": 1e-05, ""epsilon_reweight"": 10.0}",0.7014764401289915
A7_Extended_Poisson_Quiescence,B1_RZA_LMS,6,"{""learning_rate"": 0.003, ""rho_zero_attraction"": 0.0001, ""epsilon_reweight"": 10.0}",0.701508869768411
A7_Extended_Poisson_Quiescence,B1_RZA_LMS,7,"{""learning_rate"": 0.003, ""rho_zero_attraction"": 0.001, ""epsilon_reweight"": 10.0}",0.7014999741083541
A7_Extended_Poisson_Quiescence,B1_RZA_LMS,8,"{""learning_rate"": 0.01, ""rho_zero_attraction"": 1e-06, ""epsilon_reweight"": 10.0}",0.7014283263236845
A7_Extended_Poisson_Quiescence,B1_RZA_LMS,9,"{""learning_rate"": 0.01, ""rho_zero_attraction"": 1e-05, ""epsilon_reweight"": 10.0}",0.7014289598424882
A7_Extended_Poisson_Quiescence,B1_RZA_LMS,10,"{""learning_rate"": 0.01, ""rho_zero_attraction"": 0.0001, ""epsilon_reweight"": 10.0}",0.7015874070791784
A7_Extended_Poisson_Quiescence,B1_RZA_LMS,11,"{""learning_rate"": 0.01, ""rho_zero_attraction"": 0.001, ""epsilon_reweight"": 10.0}",0.7015369664589405
A7_Extended_Poisson_Quiescence,B1_RZA_LMS,12,"{""learning_rate"": 0.03, ""rho_zero_attraction"": 1e-06, ""epsilon_reweight"": 10.0}",0.7017679579954295
A7_Extended_Poisson_Quiescence,B1_RZA_LMS,13,"{""learning_rate"": 0.03, ""rho_zero_attraction"": 1e-05, ""epsilon_reweight"": 10.0}",0.7017453308187536
A7_Extended_Poisson_Quiescence,B1_RZA_LMS,14,"{""learning_rate"": 0.03, ""rho_zero_attraction"": 0.0001, ""epsilon_reweight"": 10.0}",0.7016170762593216
A7_Extended_Poisson_Quiescence,B1_RZA_LMS,15,"{""learning_rate"": 0.03, ""rho_zero_attraction"": 0.001, ""epsilon_reweight"": 10.0}",0.7016767941041023
A7_Extended_Poisson_Quiescence,B2_CCN,0,"{""readout_lr"": 0.001, ""recurrent_lr"": 0.0001, ""max_columns"": 1}",0.6639176578576819
A7_Extended_Poisson_Quiescence,B2_CCN,1,"{""readout_lr"": 0.001, ""recurrent_lr"": 0.0001, ""max_columns"": 2}",0.6639246155156583
A7_Extended_Poisson_Quiescence,B2_CCN,2,"{""readout_lr"": 0.001, ""recurrent_lr"": 0.001, ""max_columns"": 1}",0.663847319900048
A7_Extended_Poisson_Quiescence,B2_CCN,3,"{""readout_lr"": 0.001, ""recurrent_lr"": 0.001, ""max_columns"": 2}",0.6638507561047717
A7_Extended_Poisson_Quiescence,B2_CCN,4,"{""readout_lr"": 0.003, ""recurrent_lr"": 0.0001, ""max_columns"": 1}",0.6244631066648124
A7_Extended_Poisson_Quiescence,B2_CCN,5,"{""readout_lr"": 0.003, ""recurrent_lr"": 0.0001, ""max_columns"": 2}",0.6245036170002166
A7_Extended_Poisson_Quiescence,B2_CCN,6,"{""readout_lr"": 0.003, ""recurrent_lr"": 0.001, ""max_columns"": 1}",0.6243569993012635
A7_Extended_Poisson_Quiescence,B2_CCN,7,"{""readout_lr"": 0.003, ""recurrent_lr"": 0.001, ""max_columns"": 2}",0.6243417902307379
A7_Extended_Poisson_Quiescence,B2_CCN,8,"{""readout_lr"": 0.01, ""recurrent_lr"": 0.0001, ""max_columns"": 1}",0.5719397129809211
A7_Extended_Poisson_Quiescence,B2_CCN,9,"{""readout_lr"": 0.01, ""recurrent_lr"": 0.0001, ""max_columns"": 2}",0.5719203832738665
A7_Extended_Poisson_Quiescence,B2_CCN,10,"{""readout_lr"": 0.01, ""recurrent_lr"": 0.001, ""max_columns"": 1}",0.5716978432081515
A7_Extended_Poisson_Quiescence,B2_CCN,11,"{""readout_lr"": 0.01, ""recurrent_lr"": 0.001, ""max_columns"": 2}",0.5717242020130111
A7_Extended_Poisson_Quiescence,B2_CCN,12,"{""readout_lr"": 0.03, ""recurrent_lr"": 0.0001, ""max_columns"": 1}",0.45809080121578116
A7_Extended_Poisson_Quiescence,B2_CCN,13,"{""readout_lr"": 0.03, ""recurrent_lr"": 0.0001, ""max_columns"": 2}",0.4581210940089235
A7_Extended_Poisson_Quiescence,B2_CCN,14,"{""readout_lr"": 0.03, ""recurrent_lr"": 0.001, ""max_columns"": 1}",0.457535958379113
A7_Extended_Poisson_Quiescence,B2_CCN,15,"{""readout_lr"": 0.03, ""recurrent_lr"": 0.001, ""max_columns"": 2}",0.4575382961014454
A7_Extended_Poisson_Quiescence,B3_MUSE_RNN,0,"{""learning_rate"": 0.001, ""growth_multiplier"": 1.5, ""pruning_threshold"": 0.001}",0.7014924139557474
A7_Extended_Poisson_Quiescence,B3_MUSE_RNN,1,"{""learning_rate"": 0.001, ""growth_multiplier"": 1.5, ""pruning_threshold"": 0.01}",0.7014922346779029
A7_Extended_Poisson_Quiescence,B3_MUSE_RNN,2,"{""learning_rate"": 0.001, ""growth_multiplier"": 2.5, ""pruning_threshold"": 0.001}",0.7014923948655225
A7_Extended_Poisson_Quiescence,B3_MUSE_RNN,3,"{""learning_rate"": 0.001, ""growth_multiplier"": 2.5, ""pruning_threshold"": 0.01}",0.7014920745026881
A7_Extended_Poisson_Quiescence,B3_MUSE_RNN,4,"{""learning_rate"": 0.003, ""growth_multiplier"": 1.5, ""pruning_threshold"": 0.001}",0.7014925633865828
A7_Extended_Poisson_Quiescence,B3_MUSE_RNN,5,"{""learning_rate"": 0.003, ""growth_multiplier"": 1.5, ""pruning_threshold"": 0.01}",0.7014925273282087
A7_Extended_Poisson_Quiescence,B3_MUSE_RNN,6,"{""learning_rate"": 0.003, ""growth_multiplier"": 2.5, ""pruning_threshold"": 0.001}",0.7014920261442502
A7_Extended_Poisson_Quiescence,B3_MUSE_RNN,7,"{""learning_rate"": 0.003, ""growth_multiplier"": 2.5, ""pruning_threshold"": 0.01}",0.7014922991622886
A7_Extended_Poisson_Quiescence,B3_MUSE_RNN,8,"{""learning_rate"": 0.01, ""growth_multiplier"": 1.5, ""pruning_threshold"": 0.001}",0.7014918768077126
A7_Extended_Poisson_Quiescence,B3_MUSE_RNN,9,"{""learning_rate"": 0.01, ""growth_multiplier"": 1.5, ""pruning_threshold"": 0.01}",0.7014928065013671
A7_Extended_Poisson_Quiescence,B3_MUSE_RNN,10,"{""learning_rate"": 0.01, ""growth_multiplier"": 2.5, ""pruning_threshold"": 0.001}",0.7014937717504917
A7_Extended_Poisson_Quiescence,B3_MUSE_RNN,11,"{""learning_rate"": 0.01, ""growth_multiplier"": 2.5, ""pruning_threshold"": 0.01}",0.7014936972670162
A7_Extended_Poisson_Quiescence,B3_MUSE_RNN,12,"{""learning_rate"": 0.03, ""growth_multiplier"": 1.5, ""pruning_threshold"": 0.001}",0.7014991804472462
A7_Extended_Poisson_Quiescence,B3_MUSE_RNN,13,"{""learning_rate"": 0.03, ""growth_multiplier"": 1.5, ""pruning_threshold"": 0.01}",0.701493155193787
A7_Extended_Poisson_Quiescence,B3_MUSE_RNN,14,"{""learning_rate"": 0.03, ""growth_multiplier"": 2.5, ""pruning_threshold"": 0.001}",0.7014854513851866
A7_Extended_Poisson_Quiescence,B3_MUSE_RNN,15,"{""learning_rate"": 0.03, ""growth_multiplier"": 2.5, ""pruning_threshold"": 0.01}",0.7014954933326268
A7_Extended_Poisson_Quiescence,B4_MINIMAL_GRU,0,"{""learning_rate"": 0.0001, ""weight_decay"": 0.9}",0.7014931061346411
A7_Extended_Poisson_Quiescence,B4_MINIMAL_GRU,1,"{""learning_rate"": 0.0001, ""weight_decay"": 0.95}",0.7014922705288168
A7_Extended_Poisson_Quiescence,B4_MINIMAL_GRU,2,"{""learning_rate"": 0.0001, ""weight_decay"": 0.99}",0.7014913921509476
A7_Extended_Poisson_Quiescence,B4_MINIMAL_GRU,3,"{""learning_rate"": 0.0001, ""weight_decay"": 0.999}",0.7014815074833215
A7_Extended_Poisson_Quiescence,B4_MINIMAL_GRU,4,"{""learning_rate"": 0.001, ""weight_decay"": 0.9}",0.7014919222060244
A7_Extended_Poisson_Quiescence,B4_MINIMAL_GRU,5,"{""learning_rate"": 0.001, ""weight_decay"": 0.95}",0.7014919351728377
A7_Extended_Poisson_Quiescence,B4_MINIMAL_GRU,6,"{""learning_rate"": 0.001, ""weight_decay"": 0.99}",0.7014926828381153
A7_Extended_Poisson_Quiescence,B4_MINIMAL_GRU,7,"{""learning_rate"": 0.001, ""weight_decay"": 0.999}",0.701493622514728
A7_Extended_Poisson_Quiescence,B4_MINIMAL_GRU,8,"{""learning_rate"": 0.003, ""weight_decay"": 0.9}",0.7014924708463287
A7_Extended_Poisson_Quiescence,B4_MINIMAL_GRU,9,"{""learning_rate"": 0.003, ""weight_decay"": 0.95}",0.7014932800901116
A7_Extended_Poisson_Quiescence,B4_MINIMAL_GRU,10,"{""learning_rate"": 0.003, ""weight_decay"": 0.99}",0.7014912849250452
A7_Extended_Poisson_Quiescence,B4_MINIMAL_GRU,11,"{""learning_rate"": 0.003, ""weight_decay"": 0.999}",0.7014885074981194
A7_Extended_Poisson_Quiescence,B4_MINIMAL_GRU,12,"{""learning_rate"": 0.01, ""weight_decay"": 0.9}",0.7014914370215029
A7_Extended_Poisson_Quiescence,B4_MINIMAL_GRU,13,"{""learning_rate"": 0.01, ""weight_decay"": 0.95}",0.7014924558189922
A7_Extended_Poisson_Quiescence,B4_MINIMAL_GRU,14,"{""learning_rate"": 0.01, ""weight_decay"": 0.99}",0.7014924260758365
A7_Extended_Poisson_Quiescence,B4_MINIMAL_GRU,15,"{""learning_rate"": 0.01, ""weight_decay"": 0.999}",0.7014932494702636
A7_Extended_Poisson_Quiescence,B5_ONLINE_ESN,0,"{""reservoir_size"": 10, ""spectral_radius"": 0.85, ""leak_rate"": 0.3, ""readout_lr"": 0.001}",0.7014885230911428
A7_Extended_Poisson_Quiescence,B5_ONLINE_ESN,1,"{""reservoir_size"": 10, ""spectral_radius"": 0.85, ""leak_rate"": 0.3, ""readout_lr"": 0.01}",0.701454573572558
A7_Extended_Poisson_Quiescence,B5_ONLINE_ESN,2,"{""reservoir_size"": 10, ""spectral_radius"": 0.85, ""leak_rate"": 0.7, ""readout_lr"": 0.001}",0.7014922588183091
A7_Extended_Poisson_Quiescence,B5_ONLINE_ESN,3,"{""reservoir_size"": 10, ""spectral_radius"": 0.85, ""leak_rate"": 0.7, ""readout_lr"": 0.01}",0.7014938836528107
A7_Extended_Poisson_Quiescence,B5_ONLINE_ESN,4,"{""reservoir_size"": 10, ""spectral_radius"": 0.95, ""leak_rate"": 0.3, ""readout_lr"": 0.001}",0.7014834433793622
A7_Extended_Poisson_Quiescence,B5_ONLINE_ESN,5,"{""reservoir_size"": 10, ""spectral_radius"": 0.95, ""leak_rate"": 0.3, ""readout_lr"": 0.01}",0.7014046487967432
A7_Extended_Poisson_Quiescence,B5_ONLINE_ESN,6,"{""reservoir_size"": 10, ""spectral_radius"": 0.95, ""leak_rate"": 0.7, ""readout_lr"": 0.001}",0.701494551307121
A7_Extended_Poisson_Quiescence,B5_ONLINE_ESN,7,"{""reservoir_size"": 10, ""spectral_radius"": 0.95, ""leak_rate"": 0.7, ""readout_lr"": 0.01}",0.7015185317764292
A7_Extended_Poisson_Quiescence,B5_ONLINE_ESN,8,"{""reservoir_size"": 20, ""spectral_radius"": 0.85, ""leak_rate"": 0.3, ""readout_lr"": 0.001}",0.7014206314753895
A7_Extended_Poisson_Quiescence,B5_ONLINE_ESN,9,"{""reservoir_size"": 20, ""spectral_radius"": 0.85, ""leak_rate"": 0.3, ""readout_lr"": 0.01}",0.7007790268332981
A7_Extended_Poisson_Quiescence,B5_ONLINE_ESN,10,"{""reservoir_size"": 20, ""spectral_radius"": 0.85, ""leak_rate"": 0.7, ""readout_lr"": 0.001}",0.7013869708126559
A7_Extended_Poisson_Quiescence,B5_ONLINE_ESN,11,"{""reservoir_size"": 20, ""spectral_radius"": 0.85, ""leak_rate"": 0.7, ""readout_lr"": 0.01}",0.7004831521358663
A7_Extended_Poisson_Quiescence,B5_ONLINE_ESN,12,"{""reservoir_size"": 20, ""spectral_radius"": 0.95, ""leak_rate"": 0.3, ""readout_lr"": 0.001}",0.7012408726358609
A7_Extended_Poisson_Quiescence,B5_ONLINE_ESN,13,"{""reservoir_size"": 20, ""spectral_radius"": 0.95, ""leak_rate"": 0.3, ""readout_lr"": 0.01}",0.6989865581143371
A7_Extended_Poisson_Quiescence,B5_ONLINE_ESN,14,"{""reservoir_size"": 20, ""spectral_radius"": 0.95, ""leak_rate"": 0.7, ""readout_lr"": 0.001}",0.7011397740888742
A7_Extended_Poisson_Quiescence,B5_ONLINE_ESN,15,"{""reservoir_size"": 20, ""spectral_radius"": 0.95, ""leak_rate"": 0.7, ""readout_lr"": 0.01}",0.6981759014905092
A7_Extended_Poisson_Quiescence,S1_VARIABLE_TAP_LMS,0,"{""learning_rate"": 0.001, ""tap_leakage"": 0.0001}",0.7014207434991931
A7_Extended_Poisson_Quiescence,S1_VARIABLE_TAP_LMS,1,"{""learning_rate"": 0.001, ""tap_leakage"": 0.001}",0.7014514597822581
A7_Extended_Poisson_Quiescence,S1_VARIABLE_TAP_LMS,2,"{""learning_rate"": 0.001, ""tap_leakage"": 0.01}",0.7014937591071823
A7_Extended_Poisson_Quiescence,S1_VARIABLE_TAP_LMS,3,"{""learning_rate"": 0.001, ""tap_leakage"": 0.1}",0.7014932580961971
A7_Extended_Poisson_Quiescence,S1_VARIABLE_TAP_LMS,4,"{""learning_rate"": 0.003, ""tap_leakage"": 0.0001}",0.7012868233215607
A7_Extended_Poisson_Quiescence,S1_VARIABLE_TAP_LMS,5,"{""learning_rate"": 0.003, ""tap_leakage"": 0.001}",0.7013737453842314
A7_Extended_Poisson_Quiescence,S1_VARIABLE_TAP_LMS,6,"{""learning_rate"": 0.003, ""tap_leakage"": 0.01}",0.7014967816827801
A7_Extended_Poisson_Quiescence,S1_VARIABLE_TAP_LMS,7,"{""learning_rate"": 0.003, ""tap_leakage"": 0.1}",0.7014951418798815
A7_Extended_Poisson_Quiescence,S1_VARIABLE_TAP_LMS,8,"{""learning_rate"": 0.01, ""tap_leakage"": 0.0001}",0.7008433500149418
A7_Extended_Poisson_Quiescence,S1_VARIABLE_TAP_LMS,9,"{""learning_rate"": 0.01, ""tap_leakage"": 0.001}",0.7011785400748988
A7_Extended_Poisson_Quiescence,S1_VARIABLE_TAP_LMS,10,"{""learning_rate"": 0.01, ""tap_leakage"": 0.01}",0.7015089130500917
A7_Extended_Poisson_Quiescence,S1_VARIABLE_TAP_LMS,11,"{""learning_rate"": 0.01, ""tap_leakage"": 0.1}",0.7015018758358954
A7_Extended_Poisson_Quiescence,S1_VARIABLE_TAP_LMS,12,"{""learning_rate"": 0.03, ""tap_leakage"": 0.0001}",0.6986121865393601
A7_Extended_Poisson_Quiescence,S1_VARIABLE_TAP_LMS,13,"{""learning_rate"": 0.03, ""tap_leakage"": 0.001}",0.7000210134914416
A7_Extended_Poisson_Quiescence,S1_VARIABLE_TAP_LMS,14,"{""learning_rate"": 0.03, ""tap_leakage"": 0.01}",0.7012612935009405
A7_Extended_Poisson_Quiescence,S1_VARIABLE_TAP_LMS,15,"{""learning_rate"": 0.03, ""tap_leakage"": 0.1}",0.7012479497114595
A7_Extended_Poisson_Quiescence,S2_LRU_STREAM,0,"{""state_lr"": 0.001, ""readout_lr"": 0.001, ""state_decay"": 0.9}",0.70182309930825
A7_Extended_Poisson_Quiescence,S2_LRU_STREAM,1,"{""state_lr"": 0.001, ""readout_lr"": 0.001, ""state_decay"": 0.98}",0.7000029826329527
A7_Extended_Poisson_Quiescence,S2_LRU_STREAM,2,"{""state_lr"": 0.001, ""readout_lr"": 0.003, ""state_decay"": 0.9}",0.701678630306778
A7_Extended_Poisson_Quiescence,S2_LRU_STREAM,3,"{""state_lr"": 0.001, ""readout_lr"": 0.003, ""state_decay"": 0.98}",0.7025419459430697
A7_Extended_Poisson_Quiescence,S2_LRU_STREAM,4,"{""state_lr"": 0.001, ""readout_lr"": 0.01, ""state_decay"": 0.9}",0.7012312269574851
A7_Extended_Poisson_Quiescence,S2_LRU_STREAM,5,"{""state_lr"": 0.001, ""readout_lr"": 0.01, ""state_decay"": 0.98}",0.6757908487431453
A7_Extended_Poisson_Quiescence,S2_LRU_STREAM,6,"{""state_lr"": 0.001, ""readout_lr"": 0.03, ""state_decay"": 0.9}",0.7007892882127683
A7_Extended_Poisson_Quiescence,S2_LRU_STREAM,7,"{""state_lr"": 0.001, ""readout_lr"": 0.03, ""state_decay"": 0.98}",0.686237973132512
A7_Extended_Poisson_Quiescence,S2_LRU_STREAM,8,"{""state_lr"": 0.01, ""readout_lr"": 0.001, ""state_decay"": 0.9}",0.7015476628609041
A7_Extended_Poisson_Quiescence,S2_LRU_STREAM,9,"{""state_lr"": 0.01, ""readout_lr"": 0.001, ""state_decay"": 0.98}",0.7007611534856011
A7_Extended_Poisson_Quiescence,S2_LRU_STREAM,10,"{""state_lr"": 0.01, ""readout_lr"": 0.003, ""state_decay"": 0.9}",0.7011950334058715
A7_Extended_Poisson_Quiescence,S2_LRU_STREAM,11,"{""state_lr"": 0.01, ""readout_lr"": 0.003, ""state_decay"": 0.98}",0.7006557035608229
A7_Extended_Poisson_Quiescence,S2_LRU_STREAM,12,"{""state_lr"": 0.01, ""readout_lr"": 0.01, ""state_decay"": 0.9}",0.7014417715501771
A7_Extended_Poisson_Quiescence,S2_LRU_STREAM,13,"{""state_lr"": 0.01, ""readout_lr"": 0.01, ""state_decay"": 0.98}",0.6953925115908245
A7_Extended_Poisson_Quiescence,S2_LRU_STREAM,14,"{""state_lr"": 0.01, ""readout_lr"": 0.03, ""state_decay"": 0.9}",0.7011511120775166
A7_Extended_Poisson_Quiescence,S2_LRU_STREAM,15,"{""state_lr"": 0.01, ""readout_lr"": 0.03, ""state_decay"": 0.98}",0.699296642973689
A7_Extended_Poisson_Quiescence,S3_RSONN,0,"{""learning_rate"": 0.001, ""growth_threshold"": 0.05, ""pruning_threshold"": 0.001}",0.6266322104975109
A7_Extended_Poisson_Quiescence,S3_RSONN,1,"{""learning_rate"": 0.001, ""growth_threshold"": 0.05, ""pruning_threshold"": 0.005}",0.6265987877866132
A7_Extended_Poisson_Quiescence,S3_RSONN,2,"{""learning_rate"": 0.001, ""growth_threshold"": 0.1, ""pruning_threshold"": 0.001}",0.626618396297273
A7_Extended_Poisson_Quiescence,S3_RSONN,3,"{""learning_rate"": 0.001, ""growth_threshold"": 0.1, ""pruning_threshold"": 0.005}",0.6266255216435846
A7_Extended_Poisson_Quiescence,S3_RSONN,4,"{""learning_rate"": 0.005, ""growth_threshold"": 0.05, ""pruning_threshold"": 0.001}",0.5192346002258342
A7_Extended_Poisson_Quiescence,S3_RSONN,5,"{""learning_rate"": 0.005, ""growth_threshold"": 0.05, ""pruning_threshold"": 0.005}",0.5468483869670289
A7_Extended_Poisson_Quiescence,S3_RSONN,6,"{""learning_rate"": 0.005, ""growth_threshold"": 0.1, ""pruning_threshold"": 0.001}",0.5192442757908107
A7_Extended_Poisson_Quiescence,S3_RSONN,7,"{""learning_rate"": 0.005, ""growth_threshold"": 0.1, ""pruning_threshold"": 0.005}",0.5468641164144661
A7_Extended_Poisson_Quiescence,S3_RSONN,8,"{""learning_rate"": 0.01, ""growth_threshold"": 0.05, ""pruning_threshold"": 0.001}",0.40857053534364723
A7_Extended_Poisson_Quiescence,S3_RSONN,9,"{""learning_rate"": 0.01, ""growth_threshold"": 0.05, ""pruning_threshold"": 0.005}",0.41287452752430354
A7_Extended_Poisson_Quiescence,S3_RSONN,10,"{""learning_rate"": 0.01, ""growth_threshold"": 0.1, ""pruning_threshold"": 0.001}",0.4085500643697078
A7_Extended_Poisson_Quiescence,S3_RSONN,11,"{""learning_rate"": 0.01, ""growth_threshold"": 0.1, ""pruning_threshold"": 0.005}",0.4110583829405415
A7_Extended_Poisson_Quiescence,S3_RSONN,12,"{""learning_rate"": 0.02, ""growth_threshold"": 0.05, ""pruning_threshold"": 0.001}",0.2550805882915835
A7_Extended_Poisson_Quiescence,S3_RSONN,13,"{""learning_rate"": 0.02, ""growth_threshold"": 0.05, ""pruning_threshold"": 0.005}",0.2571540737596903
A7_Extended_Poisson_Quiescence,S3_RSONN,14,"{""learning_rate"": 0.02, ""growth_threshold"": 0.1, ""pruning_threshold"": 0.001}",0.25501008212464743
A7_Extended_Poisson_Quiescence,S3_RSONN,15,"{""learning_rate"": 0.02, ""growth_threshold"": 0.1, ""pruning_threshold"": 0.005}",0.2576524288426337
A7_Extended_Poisson_Quiescence,S4_ACESN,0,"{""reservoir_size"": 20, ""spectral_radius"": 0.85, ""compression_ratio"": 0.25, ""readout_lr"": 0.001}",0.7014134840471513
A7_Extended_Poisson_Quiescence,S4_ACESN,1,"{""reservoir_size"": 20, ""spectral_radius"": 0.85, ""compression_ratio"": 0.25, ""readout_lr"": 0.01}",0.7007876608423528
A7_Extended_Poisson_Quiescence,S4_ACESN,2,"{""reservoir_size"": 20, ""spectral_radius"": 0.85, ""compression_ratio"": 0.5, ""readout_lr"": 0.001}",0.7014100567346319
A7_Extended_Poisson_Quiescence,S4_ACESN,3,"{""reservoir_size"": 20, ""spectral_radius"": 0.85, ""compression_ratio"": 0.5, ""readout_lr"": 0.01}",0.7007581888344369
A7_Extended_Poisson_Quiescence,S4_ACESN,4,"{""reservoir_size"": 20, ""spectral_radius"": 0.95, ""compression_ratio"": 0.25, ""readout_lr"": 0.001}",0.7011992687675201
A7_Extended_Poisson_Quiescence,S4_ACESN,5,"{""reservoir_size"": 20, ""spectral_radius"": 0.95, ""compression_ratio"": 0.25, ""readout_lr"": 0.01}",0.6990898135093843
A7_Extended_Poisson_Quiescence,S4_ACESN,6,"{""reservoir_size"": 20, ""spectral_radius"": 0.95, ""compression_ratio"": 0.5, ""readout_lr"": 0.001}",0.7011902625305709
A7_Extended_Poisson_Quiescence,S4_ACESN,7,"{""reservoir_size"": 20, ""spectral_radius"": 0.95, ""compression_ratio"": 0.5, ""readout_lr"": 0.01}",0.6990283153693193
A7_Extended_Poisson_Quiescence,S4_ACESN,8,"{""reservoir_size"": 40, ""spectral_radius"": 0.85, ""compression_ratio"": 0.25, ""readout_lr"": 0.001}",0.7014848107875421
A7_Extended_Poisson_Quiescence,S4_ACESN,9,"{""reservoir_size"": 40, ""spectral_radius"": 0.85, ""compression_ratio"": 0.25, ""readout_lr"": 0.01}",0.7014856259388207
A7_Extended_Poisson_Quiescence,S4_ACESN,10,"{""reservoir_size"": 40, ""spectral_radius"": 0.85, ""compression_ratio"": 0.5, ""readout_lr"": 0.001}",0.7014823793345141
A7_Extended_Poisson_Quiescence,S4_ACESN,11,"{""reservoir_size"": 40, ""spectral_radius"": 0.85, ""compression_ratio"": 0.5, ""readout_lr"": 0.01}",0.7014648171984171
A7_Extended_Poisson_Quiescence,S4_ACESN,12,"{""reservoir_size"": 40, ""spectral_radius"": 0.95, ""compression_ratio"": 0.25, ""readout_lr"": 0.001}",0.7015176854106203
A7_Extended_Poisson_Quiescence,S4_ACESN,13,"{""reservoir_size"": 40, ""spectral_radius"": 0.95, ""compression_ratio"": 0.25, ""readout_lr"": 0.01}",0.7018737673778923
A7_Extended_Poisson_Quiescence,S4_ACESN,14,"{""reservoir_size"": 40, ""spectral_radius"": 0.95, ""compression_ratio"": 0.5, ""readout_lr"": 0.001}",0.701514662207147
A7_Extended_Poisson_Quiescence,S4_ACESN,15,"{""reservoir_size"": 40, ""spectral_radius"": 0.95, ""compression_ratio"": 0.5, ""readout_lr"": 0.01}",0.7018487323657109
A7_Extended_Poisson_Quiescence,S5_CONTINUAL_BACKPROP,0,"{""learning_rate"": 0.001, ""replacement_rate"": 0.0001, ""maturity_threshold"": 50}",0.7013598966816633
A7_Extended_Poisson_Quiescence,S5_CONTINUAL_BACKPROP,1,"{""learning_rate"": 0.001, ""replacement_rate"": 0.0001, ""maturity_threshold"": 100}",0.7014345989608085
A7_Extended_Poisson_Quiescence,S5_CONTINUAL_BACKPROP,2,"{""learning_rate"": 0.001, ""replacement_rate"": 0.001, ""maturity_threshold"": 50}",0.7015087709407406
A7_Extended_Poisson_Quiescence,S5_CONTINUAL_BACKPROP,3,"{""learning_rate"": 0.001, ""replacement_rate"": 0.001, ""maturity_threshold"": 100}",0.7014613109709004
A7_Extended_Poisson_Quiescence,S5_CONTINUAL_BACKPROP,4,"{""learning_rate"": 0.005, ""replacement_rate"": 0.0001, ""maturity_threshold"": 50}",0.7014875522270033
A7_Extended_Poisson_Quiescence,S5_CONTINUAL_BACKPROP,5,"{""learning_rate"": 0.005, ""replacement_rate"": 0.0001, ""maturity_threshold"": 100}",0.7014665338356744
A7_Extended_Poisson_Quiescence,S5_CONTINUAL_BACKPROP,6,"{""learning_rate"": 0.005, ""replacement_rate"": 0.001, ""maturity_threshold"": 50}",0.7013996671564223
A7_Extended_Poisson_Quiescence,S5_CONTINUAL_BACKPROP,7,"{""learning_rate"": 0.005, ""replacement_rate"": 0.001, ""maturity_threshold"": 100}",0.7014366470497485
A7_Extended_Poisson_Quiescence,S5_CONTINUAL_BACKPROP,8,"{""learning_rate"": 0.01, ""replacement_rate"": 0.0001, ""maturity_threshold"": 50}",0.7014080346385797
A7_Extended_Poisson_Quiescence,S5_CONTINUAL_BACKPROP,9,"{""learning_rate"": 0.01, ""replacement_rate"": 0.0001, ""maturity_threshold"": 100}",0.7015749732357737
A7_Extended_Poisson_Quiescence,S5_CONTINUAL_BACKPROP,10,"{""learning_rate"": 0.01, ""replacement_rate"": 0.001, ""maturity_threshold"": 50}",0.70139645495351
A7_Extended_Poisson_Quiescence,S5_CONTINUAL_BACKPROP,11,"{""learning_rate"": 0.01, ""replacement_rate"": 0.001, ""maturity_threshold"": 100}",0.7014295418542132
A7_Extended_Poisson_Quiescence,S5_CONTINUAL_BACKPROP,12,"{""learning_rate"": 0.03, ""replacement_rate"": 0.0001, ""maturity_threshold"": 50}",0.7017542482201113
A7_Extended_Poisson_Quiescence,S5_CONTINUAL_BACKPROP,13,"{""learning_rate"": 0.03, ""replacement_rate"": 0.0001, ""maturity_threshold"": 100}",0.7018389189668799
A7_Extended_Poisson_Quiescence,S5_CONTINUAL_BACKPROP,14,"{""learning_rate"": 0.03, ""replacement_rate"": 0.001, ""maturity_threshold"": 50}",0.701673057855904
A7_Extended_Poisson_Quiescence,S5_CONTINUAL_BACKPROP,15,"{""learning_rate"": 0.03, ""replacement_rate"": 0.001, ""maturity_threshold"": 100}",0.7019051256681866
A7_Extended_Poisson_Quiescence,C1_CURRENT_ONLY_LINEAR,0,"{""learning_rate"": 0.001}",0.7014757855260237
A7_Extended_Poisson_Quiescence,C1_CURRENT_ONLY_LINEAR,1,"{""learning_rate"": 0.003}",0.7014501531520932
A7_Extended_Poisson_Quiescence,C1_CURRENT_ONLY_LINEAR,2,"{""learning_rate"": 0.01}",0.7014287075309982
A7_Extended_Poisson_Quiescence,C1_CURRENT_ONLY_LINEAR,3,"{""learning_rate"": 0.03}",0.7017705183348641
A7_Extended_Poisson_Quiescence,C2_NLMS,0,"{""step_size"": 0.01}",0.7061930539780675
A7_Extended_Poisson_Quiescence,C2_NLMS,1,"{""step_size"": 0.05}",0.7269999681786494
A7_Extended_Poisson_Quiescence,C2_NLMS,2,"{""step_size"": 0.1}",0.753136082308718
A7_Extended_Poisson_Quiescence,C2_NLMS,3,"{""step_size"": 0.2}",0.8086106570510575
A7_Extended_Poisson_Quiescence,C3_RLS,0,"{""forgetting_factor"": 0.99}",0.7397275337322425
A7_Extended_Poisson_Quiescence,C3_RLS,1,"{""forgetting_factor"": 0.995}",0.7227940174924838
A7_Extended_Poisson_Quiescence,C3_RLS,2,"{""forgetting_factor"": 0.999}",0.7120969148500377
A7_Extended_Poisson_Quiescence,C3_RLS,3,"{""forgetting_factor"": 1.0}",0.7106156116717711
A7_Extended_Poisson_Quiescence,C4_FIXED_LAG_LINEAR,0,"{""max_lag"": 4, ""learning_rate"": 0.001}",0.7013454875628439
A7_Extended_Poisson_Quiescence,C4_FIXED_LAG_LINEAR,1,"{""max_lag"": 4, ""learning_rate"": 0.01}",0.7002937763449918
A7_Extended_Poisson_Quiescence,C4_FIXED_LAG_LINEAR,2,"{""max_lag"": 8, ""learning_rate"": 0.001}",0.7012089577381683
A7_Extended_Poisson_Quiescence,C4_FIXED_LAG_LINEAR,3,"{""max_lag"": 8, ""learning_rate"": 0.01}",0.6991662976443861
A7_Extended_Poisson_Quiescence,C4_FIXED_LAG_LINEAR,4,"{""max_lag"": 16, ""learning_rate"": 0.001}",0.7009272752266597
A7_Extended_Poisson_Quiescence,C4_FIXED_LAG_LINEAR,5,"{""max_lag"": 16, ""learning_rate"": 0.01}",0.6968267634818611
A7_Extended_Poisson_Quiescence,C4_FIXED_LAG_LINEAR,6,"{""max_lag"": 32, ""learning_rate"": 0.001}",0.7002126310550173
A7_Extended_Poisson_Quiescence,C4_FIXED_LAG_LINEAR,7,"{""max_lag"": 32, ""learning_rate"": 0.01}",0.6907480691252058
A8_Abrupt_Tri_Regime_Transition,B1_RZA_LMS,0,"{""learning_rate"": 0.001, ""rho_zero_attraction"": 1e-06, ""epsilon_reweight"": 10.0}",0.5268951678175126
A8_Abrupt_Tri_Regime_Transition,B1_RZA_LMS,1,"{""learning_rate"": 0.001, ""rho_zero_attraction"": 1e-05, ""epsilon_reweight"": 10.0}",0.5286345587007152
A8_Abrupt_Tri_Regime_Transition,B1_RZA_LMS,2,"{""learning_rate"": 0.001, ""rho_zero_attraction"": 0.0001, ""epsilon_reweight"": 10.0}",0.5499613746737361
A8_Abrupt_Tri_Regime_Transition,B1_RZA_LMS,3,"{""learning_rate"": 0.001, ""rho_zero_attraction"": 0.001, ""epsilon_reweight"": 10.0}",1.2285543612576302
A8_Abrupt_Tri_Regime_Transition,B1_RZA_LMS,4,"{""learning_rate"": 0.003, ""rho_zero_attraction"": 1e-06, ""epsilon_reweight"": 10.0}",0.188401673838995
A8_Abrupt_Tri_Regime_Transition,B1_RZA_LMS,5,"{""learning_rate"": 0.003, ""rho_zero_attraction"": 1e-05, ""epsilon_reweight"": 10.0}",0.18851207275069082
A8_Abrupt_Tri_Regime_Transition,B1_RZA_LMS,6,"{""learning_rate"": 0.003, ""rho_zero_attraction"": 0.0001, ""epsilon_reweight"": 10.0}",0.19062912024434361
A8_Abrupt_Tri_Regime_Transition,B1_RZA_LMS,7,"{""learning_rate"": 0.003, ""rho_zero_attraction"": 0.001, ""epsilon_reweight"": 10.0}",0.22748906460120058
A8_Abrupt_Tri_Regime_Transition,B1_RZA_LMS,8,"{""learning_rate"": 0.01, ""rho_zero_attraction"": 1e-06, ""epsilon_reweight"": 10.0}",0.06089749443874478
A8_Abrupt_Tri_Regime_Transition,B1_RZA_LMS,9,"{""learning_rate"": 0.01, ""rho_zero_attraction"": 1e-05, ""epsilon_reweight"": 10.0}",0.060881702860044996
A8_Abrupt_Tri_Regime_Transition,B1_RZA_LMS,10,"{""learning_rate"": 0.01, ""rho_zero_attraction"": 0.0001, ""epsilon_reweight"": 10.0}",0.06086062702959491
A8_Abrupt_Tri_Regime_Transition,B1_RZA_LMS,11,"{""learning_rate"": 0.01, ""rho_zero_attraction"": 0.001, ""epsilon_reweight"": 10.0}",0.06278544214864175
A8_Abrupt_Tri_Regime_Transition,B1_RZA_LMS,12,"{""learning_rate"": 0.03, ""rho_zero_attraction"": 1e-06, ""epsilon_reweight"": 10.0}",0.02538313746832121
A8_Abrupt_Tri_Regime_Transition,B1_RZA_LMS,13,"{""learning_rate"": 0.03, ""rho_zero_attraction"": 1e-05, ""epsilon_reweight"": 10.0}",0.025368261320423136
A8_Abrupt_Tri_Regime_Transition,B1_RZA_LMS,14,"{""learning_rate"": 0.03, ""rho_zero_attraction"": 0.0001, ""epsilon_reweight"": 10.0}",0.025248580457411043
A8_Abrupt_Tri_Regime_Transition,B1_RZA_LMS,15,"{""learning_rate"": 0.03, ""rho_zero_attraction"": 0.001, ""epsilon_reweight"": 10.0}",0.025025623692906326
A8_Abrupt_Tri_Regime_Transition,B2_CCN,0,"{""readout_lr"": 0.001, ""recurrent_lr"": 0.0001, ""max_columns"": 1}",0.5267192046230313
A8_Abrupt_Tri_Regime_Transition,B2_CCN,1,"{""readout_lr"": 0.001, ""recurrent_lr"": 0.0001, ""max_columns"": 2}",0.5267413518697882
A8_Abrupt_Tri_Regime_Transition,B2_CCN,2,"{""readout_lr"": 0.001, ""recurrent_lr"": 0.001, ""max_columns"": 1}",0.5267341165370386
A8_Abrupt_Tri_Regime_Transition,B2_CCN,3,"{""readout_lr"": 0.001, ""recurrent_lr"": 0.001, ""max_columns"": 2}",0.5267271186781349
A8_Abrupt_Tri_Regime_Transition,B2_CCN,4,"{""readout_lr"": 0.003, ""recurrent_lr"": 0.0001, ""max_columns"": 1}",0.1884399515886009
A8_Abrupt_Tri_Regime_Transition,B2_CCN,5,"{""readout_lr"": 0.003, ""recurrent_lr"": 0.0001, ""max_columns"": 2}",0.18843801253147163
A8_Abrupt_Tri_Regime_Transition,B2_CCN,6,"{""readout_lr"": 0.003, ""recurrent_lr"": 0.001, ""max_columns"": 1}",0.18843333726077294
A8_Abrupt_Tri_Regime_Transition,B2_CCN,7,"{""readout_lr"": 0.003, ""recurrent_lr"": 0.001, ""max_columns"": 2}",0.18843801702516835
A8_Abrupt_Tri_Regime_Transition,B2_CCN,8,"{""readout_lr"": 0.01, ""recurrent_lr"": 0.0001, ""max_columns"": 1}",0.06097238659874651
A8_Abrupt_Tri_Regime_Transition,B2_CCN,9,"{""readout_lr"": 0.01, ""recurrent_lr"": 0.0001, ""max_columns"": 2}",0.06097211058449883
A8_Abrupt_Tri_Regime_Transition,B2_CCN,10,"{""readout_lr"": 0.01, ""recurrent_lr"": 0.001, ""max_columns"": 1}",0.06097236039289077
A8_Abrupt_Tri_Regime_Transition,B2_CCN,11,"{""readout_lr"": 0.01, ""recurrent_lr"": 0.001, ""max_columns"": 2}",0.06097226646341205
A8_Abrupt_Tri_Regime_Transition,B2_CCN,12,"{""readout_lr"": 0.03, ""recurrent_lr"": 0.0001, ""max_columns"": 1}",0.025509844348152278
A8_Abrupt_Tri_Regime_Transition,B2_CCN,13,"{""readout_lr"": 0.03, ""recurrent_lr"": 0.0001, ""max_columns"": 2}",0.025510265095523316
A8_Abrupt_Tri_Regime_Transition,B2_CCN,14,"{""readout_lr"": 0.03, ""recurrent_lr"": 0.001, ""max_columns"": 1}",0.025508744827622904
A8_Abrupt_Tri_Regime_Transition,B2_CCN,15,"{""readout_lr"": 0.03, ""recurrent_lr"": 0.001, ""max_columns"": 2}",0.02551022985093022
A8_Abrupt_Tri_Regime_Transition,B3_MUSE_RNN,0,"{""learning_rate"": 0.001, ""growth_multiplier"": 1.5, ""pruning_threshold"": 0.001}",1.6648112632725887
A8_Abrupt_Tri_Regime_Transition,B3_MUSE_RNN,1,"{""learning_rate"": 0.001, ""growth_multiplier"": 1.5, ""pruning_threshold"": 0.01}",1.6678069177010666
A8_Abrupt_Tri_Regime_Transition,B3_MUSE_RNN,2,"{""learning_rate"": 0.001, ""growth_multiplier"": 2.5, ""pruning_threshold"": 0.001}",1.667694325695636
A8_Abrupt_Tri_Regime_Transition,B3_MUSE_RNN,3,"{""learning_rate"": 0.001, ""growth_multiplier"": 2.5, ""pruning_threshold"": 0.01}",1.6670049706860528
A8_Abrupt_Tri_Regime_Transition,B3_MUSE_RNN,4,"{""learning_rate"": 0.003, ""growth_multiplier"": 1.5, ""pruning_threshold"": 0.001}",1.6681113246039583
A8_Abrupt_Tri_Regime_Transition,B3_MUSE_RNN,5,"{""learning_rate"": 0.003, ""growth_multiplier"": 1.5, ""pruning_threshold"": 0.01}",1.6682958544076782
A8_Abrupt_Tri_Regime_Transition,B3_MUSE_RNN,6,"{""learning_rate"": 0.003, ""growth_multiplier"": 2.5, ""pruning_threshold"": 0.001}",1.6682559642039354
A8_Abrupt_Tri_Regime_Transition,B3_MUSE_RNN,7,"{""learning_rate"": 0.003, ""growth_multiplier"": 2.5, ""pruning_threshold"": 0.01}",1.6680995781448542
A8_Abrupt_Tri_Regime_Transition,B3_MUSE_RNN,8,"{""learning_rate"": 0.01, ""growth_multiplier"": 1.5, ""pruning_threshold"": 0.001}",1.6683967467484704
A8_Abrupt_Tri_Regime_Transition,B3_MUSE_RNN,9,"{""learning_rate"": 0.01, ""growth_multiplier"": 1.5, ""pruning_threshold"": 0.01}",1.6684615958334221
A8_Abrupt_Tri_Regime_Transition,B3_MUSE_RNN,10,"{""learning_rate"": 0.01, ""growth_multiplier"": 2.5, ""pruning_threshold"": 0.001}",1.6683345562137795
A8_Abrupt_Tri_Regime_Transition,B3_MUSE_RNN,11,"{""learning_rate"": 0.01, ""growth_multiplier"": 2.5, ""pruning_threshold"": 0.01}",1.668318172769479
A8_Abrupt_Tri_Regime_Transition,B3_MUSE_RNN,12,"{""learning_rate"": 0.03, ""growth_multiplier"": 1.5, ""pruning_threshold"": 0.001}",1.6664418474946825
A8_Abrupt_Tri_Regime_Transition,B3_MUSE_RNN,13,"{""learning_rate"": 0.03, ""growth_multiplier"": 1.5, ""pruning_threshold"": 0.01}",1.6692460597470256
A8_Abrupt_Tri_Regime_Transition,B3_MUSE_RNN,14,"{""learning_rate"": 0.03, ""growth_multiplier"": 2.5, ""pruning_threshold"": 0.001}",1.6709334207109416
A8_Abrupt_Tri_Regime_Transition,B3_MUSE_RNN,15,"{""learning_rate"": 0.03, ""growth_multiplier"": 2.5, ""pruning_threshold"": 0.01}",1.6701957215686998
A8_Abrupt_Tri_Regime_Transition,B4_MINIMAL_GRU,0,"{""learning_rate"": 0.0001, ""weight_decay"": 0.9}",1.668235315999566
A8_Abrupt_Tri_Regime_Transition,B4_MINIMAL_GRU,1,"{""learning_rate"": 0.0001, ""weight_decay"": 0.95}",1.6682396196677771
A8_Abrupt_Tri_Regime_Transition,B4_MINIMAL_GRU,2,"{""learning_rate"": 0.0001, ""weight_decay"": 0.99}",1.6682857919472383
A8_Abrupt_Tri_Regime_Transition,B4_MINIMAL_GRU,3,"{""learning_rate"": 0.0001, ""weight_decay"": 0.999}",1.667468250955026
A8_Abrupt_Tri_Regime_Transition,B4_MINIMAL_GRU,4,"{""learning_rate"": 0.001, ""weight_decay"": 0.9}",1.66821571369303
A8_Abrupt_Tri_Regime_Transition,B4_MINIMAL_GRU,5,"{""learning_rate"": 0.001, ""weight_decay"": 0.95}",1.668195364754034
A8_Abrupt_Tri_Regime_Transition,B4_MINIMAL_GRU,6,"{""learning_rate"": 0.001, ""weight_decay"": 0.99}",1.6681238922798505
A8_Abrupt_Tri_Regime_Transition,B4_MINIMAL_GRU,7,"{""learning_rate"": 0.001, ""weight_decay"": 0.999}",1.6661802301762192
A8_Abrupt_Tri_Regime_Transition,B4_MINIMAL_GRU,8,"{""learning_rate"": 0.003, ""weight_decay"": 0.9}",1.6681910235057371
A8_Abrupt_Tri_Regime_Transition,B4_MINIMAL_GRU,9,"{""learning_rate"": 0.003, ""weight_decay"": 0.95}",1.668134727968515
A8_Abrupt_Tri_Regime_Transition,B4_MINIMAL_GRU,10,"{""learning_rate"": 0.003, ""weight_decay"": 0.99}",1.667638042363291
A8_Abrupt_Tri_Regime_Transition,B4_MINIMAL_GRU,11,"{""learning_rate"": 0.003, ""weight_decay"": 0.999}",1.6651841720230929
A8_Abrupt_Tri_Regime_Transition,B4_MINIMAL_GRU,12,"{""learning_rate"": 0.01, ""weight_decay"": 0.9}",1.6680677060552946
A8_Abrupt_Tri_Regime_Transition,B4_MINIMAL_GRU,13,"{""learning_rate"": 0.01, ""weight_decay"": 0.95}",1.6678331630758017
A8_Abrupt_Tri_Regime_Transition,B4_MINIMAL_GRU,14,"{""learning_rate"": 0.01, ""weight_decay"": 0.99}",1.662576781180757
A8_Abrupt_Tri_Regime_Transition,B4_MINIMAL_GRU,15,"{""learning_rate"": 0.01, ""weight_decay"": 0.999}",1.5025895041763555
A8_Abrupt_Tri_Regime_Transition,B5_ONLINE_ESN,0,"{""reservoir_size"": 10, ""spectral_radius"": 0.85, ""leak_rate"": 0.3, ""readout_lr"": 0.001}",1.6451496371496697
A8_Abrupt_Tri_Regime_Transition,B5_ONLINE_ESN,1,"{""reservoir_size"": 10, ""spectral_radius"": 0.85, ""leak_rate"": 0.3, ""readout_lr"": 0.01}",1.490400548942497
A8_Abrupt_Tri_Regime_Transition,B5_ONLINE_ESN,2,"{""reservoir_size"": 10, ""spectral_radius"": 0.85, ""leak_rate"": 0.7, ""readout_lr"": 0.001}",1.5550556998187266
A8_Abrupt_Tri_Regime_Transition,B5_ONLINE_ESN,3,"{""reservoir_size"": 10, ""spectral_radius"": 0.85, ""leak_rate"": 0.7, ""readout_lr"": 0.01}",1.0716199830461288
A8_Abrupt_Tri_Regime_Transition,B5_ONLINE_ESN,4,"{""reservoir_size"": 10, ""spectral_radius"": 0.95, ""leak_rate"": 0.3, ""readout_lr"": 0.001}",1.6452801205401206
A8_Abrupt_Tri_Regime_Transition,B5_ONLINE_ESN,5,"{""reservoir_size"": 10, ""spectral_radius"": 0.95, ""leak_rate"": 0.3, ""readout_lr"": 0.01}",1.493661554627827
A8_Abrupt_Tri_Regime_Transition,B5_ONLINE_ESN,6,"{""reservoir_size"": 10, ""spectral_radius"": 0.95, ""leak_rate"": 0.7, ""readout_lr"": 0.001}",1.5585028237760696
A8_Abrupt_Tri_Regime_Transition,B5_ONLINE_ESN,7,"{""reservoir_size"": 10, ""spectral_radius"": 0.95, ""leak_rate"": 0.7, ""readout_lr"": 0.01}",1.1041008177422047
A8_Abrupt_Tri_Regime_Transition,B5_ONLINE_ESN,8,"{""reservoir_size"": 20, ""spectral_radius"": 0.85, ""leak_rate"": 0.3, ""readout_lr"": 0.001}",1.6377622971924837
A8_Abrupt_Tri_Regime_Transition,B5_ONLINE_ESN,9,"{""reservoir_size"": 20, ""spectral_radius"": 0.85, ""leak_rate"": 0.3, ""readout_lr"": 0.01}",1.454336679554662
A8_Abrupt_Tri_Regime_Transition,B5_ONLINE_ESN,10,"{""reservoir_size"": 20, ""spectral_radius"": 0.85, ""leak_rate"": 0.7, ""readout_lr"": 0.001}",1.525314153719969
A8_Abrupt_Tri_Regime_Transition,B5_ONLINE_ESN,11,"{""reservoir_size"": 20, ""spectral_radius"": 0.85, ""leak_rate"": 0.7, ""readout_lr"": 0.01}",0.971153266379425
A8_Abrupt_Tri_Regime_Transition,B5_ONLINE_ESN,12,"{""reservoir_size"": 20, ""spectral_radius"": 0.95, ""leak_rate"": 0.3, ""readout_lr"": 0.001}",1.6389173340986207
A8_Abrupt_Tri_Regime_Transition,B5_ONLINE_ESN,13,"{""reservoir_size"": 20, ""spectral_radius"": 0.95, ""leak_rate"": 0.3, ""readout_lr"": 0.01}",1.4634077217308985
A8_Abrupt_Tri_Regime_Transition,B5_ONLINE_ESN,14,"{""reservoir_size"": 20, ""spectral_radius"": 0.95, ""leak_rate"": 0.7, ""readout_lr"": 0.001}",1.5317208684233776
A8_Abrupt_Tri_Regime_Transition,B5_ONLINE_ESN,15,"{""reservoir_size"": 20, ""spectral_radius"": 0.95, ""leak_rate"": 0.7, ""readout_lr"": 0.01}",1.0027911340887021
A8_Abrupt_Tri_Regime_Transition,S1_VARIABLE_TAP_LMS,0,"{""learning_rate"": 0.001, ""tap_leakage"": 0.0001}",0.9805385411650147
A8_Abrupt_Tri_Regime_Transition,S1_VARIABLE_TAP_LMS,1,"{""learning_rate"": 0.001, ""tap_leakage"": 0.001}",1.0998979576312469
A8_Abrupt_Tri_Regime_Transition,S1_VARIABLE_TAP_LMS,2,"{""learning_rate"": 0.001, ""tap_leakage"": 0.01}",1.4978701356677966
A8_Abrupt_Tri_Regime_Transition,S1_VARIABLE_TAP_LMS,3,"{""learning_rate"": 0.001, ""tap_leakage"": 0.1}",1.6478275967330382
A8_Abrupt_Tri_Regime_Transition,S1_VARIABLE_TAP_LMS,4,"{""learning_rate"": 0.003, ""tap_leakage"": 0.0001}",0.7677004499045728
A8_Abrupt_Tri_Regime_Transition,S1_VARIABLE_TAP_LMS,5,"{""learning_rate"": 0.003, ""tap_leakage"": 0.001}",0.8226939017409336
A8_Abrupt_Tri_Regime_Transition,S1_VARIABLE_TAP_LMS,6,"{""learning_rate"": 0.003, ""tap_leakage"": 0.01}",1.2661188858448562
A8_Abrupt_Tri_Regime_Transition,S1_VARIABLE_TAP_LMS,7,"{""learning_rate"": 0.003, ""tap_leakage"": 0.1}",1.6089652145351223
A8_Abrupt_Tri_Regime_Transition,S1_VARIABLE_TAP_LMS,8,"{""learning_rate"": 0.01, ""tap_leakage"": 0.0001}",0.7111731111496008
A8_Abrupt_Tri_Regime_Transition,S1_VARIABLE_TAP_LMS,9,"{""learning_rate"": 0.01, ""tap_leakage"": 0.001}",0.7110865786003329
A8_Abrupt_Tri_Regime_Transition,S1_VARIABLE_TAP_LMS,10,"{""learning_rate"": 0.01, ""tap_leakage"": 0.01}",0.9366233367787956
A8_Abrupt_Tri_Regime_Transition,S1_VARIABLE_TAP_LMS,11,"{""learning_rate"": 0.01, ""tap_leakage"": 0.1}",1.4908958023078567
A8_Abrupt_Tri_Regime_Transition,S1_VARIABLE_TAP_LMS,12,"{""learning_rate"": 0.03, ""tap_leakage"": 0.0001}",1.206188058475197
A8_Abrupt_Tri_Regime_Transition,S1_VARIABLE_TAP_LMS,13,"{""learning_rate"": 0.03, ""tap_leakage"": 0.001}",1.1811590916147054
A8_Abrupt_Tri_Regime_Transition,S1_VARIABLE_TAP_LMS,14,"{""learning_rate"": 0.03, ""tap_leakage"": 0.01}",1.1017702370430655
A8_Abrupt_Tri_Regime_Transition,S1_VARIABLE_TAP_LMS,15,"{""learning_rate"": 0.03, ""tap_leakage"": 0.1}",1.4037029463224149
A8_Abrupt_Tri_Regime_Transition,S2_LRU_STREAM,0,"{""state_lr"": 0.001, ""readout_lr"": 0.001, ""state_decay"": 0.9}",0.5216779865529994
A8_Abrupt_Tri_Regime_Transition,S2_LRU_STREAM,1,"{""state_lr"": 0.001, ""readout_lr"": 0.001, ""state_decay"": 0.98}",0.5279456028273225
A8_Abrupt_Tri_Regime_Transition,S2_LRU_STREAM,2,"{""state_lr"": 0.001, ""readout_lr"": 0.003, ""state_decay"": 0.9}",0.1887039886156219
A8_Abrupt_Tri_Regime_Transition,S2_LRU_STREAM,3,"{""state_lr"": 0.001, ""readout_lr"": 0.003, ""state_decay"": 0.98}",0.1893513326576882
A8_Abrupt_Tri_Regime_Transition,S2_LRU_STREAM,4,"{""state_lr"": 0.001, ""readout_lr"": 0.01, ""state_decay"": 0.9}",0.06128337443063183
A8_Abrupt_Tri_Regime_Transition,S2_LRU_STREAM,5,"{""state_lr"": 0.001, ""readout_lr"": 0.01, ""state_decay"": 0.98}",0.061351865670192136
A8_Abrupt_Tri_Regime_Transition,S2_LRU_STREAM,6,"{""state_lr"": 0.001, ""readout_lr"": 0.03, ""state_decay"": 0.9}",0.025536038638043042
A8_Abrupt_Tri_Regime_Transition,S2_LRU_STREAM,7,"{""state_lr"": 0.001, ""readout_lr"": 0.03, ""state_decay"": 0.98}",0.025687567326213547
A8_Abrupt_Tri_Regime_Transition,S2_LRU_STREAM,8,"{""state_lr"": 0.01, ""readout_lr"": 0.001, ""state_decay"": 0.9}",0.5121499074073685
A8_Abrupt_Tri_Regime_Transition,S2_LRU_STREAM,9,"{""state_lr"": 0.01, ""readout_lr"": 0.001, ""state_decay"": 0.98}",0.527626105171608
A8_Abrupt_Tri_Regime_Transition,S2_LRU_STREAM,10,"{""state_lr"": 0.01, ""readout_lr"": 0.003, ""state_decay"": 0.9}",0.18924830262520434
A8_Abrupt_Tri_Regime_Transition,S2_LRU_STREAM,11,"{""state_lr"": 0.01, ""readout_lr"": 0.003, ""state_decay"": 0.98}",0.18972414588526867
A8_Abrupt_Tri_Regime_Transition,S2_LRU_STREAM,12,"{""state_lr"": 0.01, ""readout_lr"": 0.01, ""state_decay"": 0.9}",0.06125708964240245
A8_Abrupt_Tri_Regime_Transition,S2_LRU_STREAM,13,"{""state_lr"": 0.01, ""readout_lr"": 0.01, ""state_decay"": 0.98}",0.06140407461083095
A8_Abrupt_Tri_Regime_Transition,S2_LRU_STREAM,14,"{""state_lr"": 0.01, ""readout_lr"": 0.03, ""state_decay"": 0.9}",0.02558340729382433
A8_Abrupt_Tri_Regime_Transition,S2_LRU_STREAM,15,"{""state_lr"": 0.01, ""readout_lr"": 0.03, ""state_decay"": 0.98}",0.025599949967013952
A8_Abrupt_Tri_Regime_Transition,S3_RSONN,0,"{""learning_rate"": 0.001, ""growth_threshold"": 0.05, ""pruning_threshold"": 0.001}",1.668967206993514
A8_Abrupt_Tri_Regime_Transition,S3_RSONN,1,"{""learning_rate"": 0.001, ""growth_threshold"": 0.05, ""pruning_threshold"": 0.005}",1.6688106435886312
A8_Abrupt_Tri_Regime_Transition,S3_RSONN,2,"{""learning_rate"": 0.001, ""growth_threshold"": 0.1, ""pruning_threshold"": 0.001}",1.6689668510256588
A8_Abrupt_Tri_Regime_Transition,S3_RSONN,3,"{""learning_rate"": 0.001, ""growth_threshold"": 0.1, ""pruning_threshold"": 0.005}",1.668504246483059
A8_Abrupt_Tri_Regime_Transition,S3_RSONN,4,"{""learning_rate"": 0.005, ""growth_threshold"": 0.05, ""pruning_threshold"": 0.001}",1.667631278361813
A8_Abrupt_Tri_Regime_Transition,S3_RSONN,5,"{""learning_rate"": 0.005, ""growth_threshold"": 0.05, ""pruning_threshold"": 0.005}",1.664286071464413
A8_Abrupt_Tri_Regime_Transition,S3_RSONN,6,"{""learning_rate"": 0.005, ""growth_threshold"": 0.1, ""pruning_threshold"": 0.001}",1.6681329320621459
A8_Abrupt_Tri_Regime_Transition,S3_RSONN,7,"{""learning_rate"": 0.005, ""growth_threshold"": 0.1, ""pruning_threshold"": 0.005}",1.659890592762012
A8_Abrupt_Tri_Regime_Transition,S3_RSONN,8,"{""learning_rate"": 0.01, ""growth_threshold"": 0.05, ""pruning_threshold"": 0.001}",1.5725616087739318
A8_Abrupt_Tri_Regime_Transition,S3_RSONN,9,"{""learning_rate"": 0.01, ""growth_threshold"": 0.05, ""pruning_threshold"": 0.005}",1.5928413043460445
A8_Abrupt_Tri_Regime_Transition,S3_RSONN,10,"{""learning_rate"": 0.01, ""growth_threshold"": 0.1, ""pruning_threshold"": 0.001}",1.6037148606043672
A8_Abrupt_Tri_Regime_Transition,S3_RSONN,11,"{""learning_rate"": 0.01, ""growth_threshold"": 0.1, ""pruning_threshold"": 0.005}",1.5775692167343955
A8_Abrupt_Tri_Regime_Transition,S3_RSONN,12,"{""learning_rate"": 0.02, ""growth_threshold"": 0.05, ""pruning_threshold"": 0.001}",1.04327231122039
A8_Abrupt_Tri_Regime_Transition,S3_RSONN,13,"{""learning_rate"": 0.02, ""growth_threshold"": 0.05, ""pruning_threshold"": 0.005}",0.9399561038774836
A8_Abrupt_Tri_Regime_Transition,S3_RSONN,14,"{""learning_rate"": 0.02, ""growth_threshold"": 0.1, ""pruning_threshold"": 0.001}",0.8818639121038832
A8_Abrupt_Tri_Regime_Transition,S3_RSONN,15,"{""learning_rate"": 0.02, ""growth_threshold"": 0.1, ""pruning_threshold"": 0.005}",1.0071018714992652
A8_Abrupt_Tri_Regime_Transition,S4_ACESN,0,"{""reservoir_size"": 20, ""spectral_radius"": 0.85, ""compression_ratio"": 0.25, ""readout_lr"": 0.001}",1.4300376075761783
A8_Abrupt_Tri_Regime_Transition,S4_ACESN,1,"{""reservoir_size"": 20, ""spectral_radius"": 0.85, ""compression_ratio"": 0.25, ""readout_lr"": 0.01}",0.8052922990812709
A8_Abrupt_Tri_Regime_Transition,S4_ACESN,2,"{""reservoir_size"": 20, ""spectral_radius"": 0.85, ""compression_ratio"": 0.5, ""readout_lr"": 0.001}",1.4295087525637487
A8_Abrupt_Tri_Regime_Transition,S4_ACESN,3,"{""reservoir_size"": 20, ""spectral_radius"": 0.85, ""compression_ratio"": 0.5, ""readout_lr"": 0.01}",0.803392801892261
A8_Abrupt_Tri_Regime_Transition,S4_ACESN,4,"{""reservoir_size"": 20, ""spectral_radius"": 0.95, ""compression_ratio"": 0.25, ""readout_lr"": 0.001}",1.448709754026955
A8_Abrupt_Tri_Regime_Transition,S4_ACESN,5,"{""reservoir_size"": 20, ""spectral_radius"": 0.95, ""compression_ratio"": 0.25, ""readout_lr"": 0.01}",0.8664013708066524
A8_Abrupt_Tri_Regime_Transition,S4_ACESN,6,"{""reservoir_size"": 20, ""spectral_radius"": 0.95, ""compression_ratio"": 0.5, ""readout_lr"": 0.001}",1.4481223569018196
A8_Abrupt_Tri_Regime_Transition,S4_ACESN,7,"{""reservoir_size"": 20, ""spectral_radius"": 0.95, ""compression_ratio"": 0.5, ""readout_lr"": 0.01}",0.8647213549631805
A8_Abrupt_Tri_Regime_Transition,S4_ACESN,8,"{""reservoir_size"": 40, ""spectral_radius"": 0.85, ""compression_ratio"": 0.25, ""readout_lr"": 0.001}",1.1024817748225262
A8_Abrupt_Tri_Regime_Transition,S4_ACESN,9,"{""reservoir_size"": 40, ""spectral_radius"": 0.85, ""compression_ratio"": 0.25, ""readout_lr"": 0.01}",0.35550264207960663
A8_Abrupt_Tri_Regime_Transition,S4_ACESN,10,"{""reservoir_size"": 40, ""spectral_radius"": 0.85, ""compression_ratio"": 0.5, ""readout_lr"": 0.001}",1.1001525389668971
A8_Abrupt_Tri_Regime_Transition,S4_ACESN,11,"{""reservoir_size"": 40, ""spectral_radius"": 0.85, ""compression_ratio"": 0.5, ""readout_lr"": 0.01}",0.35185460887144737
A8_Abrupt_Tri_Regime_Transition,S4_ACESN,12,"{""reservoir_size"": 40, ""spectral_radius"": 0.95, ""compression_ratio"": 0.25, ""readout_lr"": 0.001}",1.132787775962165
A8_Abrupt_Tri_Regime_Transition,S4_ACESN,13,"{""reservoir_size"": 40, ""spectral_radius"": 0.95, ""compression_ratio"": 0.25, ""readout_lr"": 0.01}",0.3991668253681961
A8_Abrupt_Tri_Regime_Transition,S4_ACESN,14,"{""reservoir_size"": 40, ""spectral_radius"": 0.95, ""compression_ratio"": 0.5, ""readout_lr"": 0.001}",1.1306589546208194
A8_Abrupt_Tri_Regime_Transition,S4_ACESN,15,"{""reservoir_size"": 40, ""spectral_radius"": 0.95, ""compression_ratio"": 0.5, ""readout_lr"": 0.01}",0.39584818397854976
A8_Abrupt_Tri_Regime_Transition,S5_CONTINUAL_BACKPROP,0,"{""learning_rate"": 0.001, ""replacement_rate"": 0.0001, ""maturity_threshold"": 50}",0.5316141444449781
A8_Abrupt_Tri_Regime_Transition,S5_CONTINUAL_BACKPROP,1,"{""learning_rate"": 0.001, ""replacement_rate"": 0.0001, ""maturity_threshold"": 100}",0.5309439985013322
A8_Abrupt_Tri_Regime_Transition,S5_CONTINUAL_BACKPROP,2,"{""learning_rate"": 0.001, ""replacement_rate"": 0.001, ""maturity_threshold"": 50}",0.5304704032857698
A8_Abrupt_Tri_Regime_Transition,S5_CONTINUAL_BACKPROP,3,"{""learning_rate"": 0.001, ""replacement_rate"": 0.001, ""maturity_threshold"": 100}",0.5220229880418732
A8_Abrupt_Tri_Regime_Transition,S5_CONTINUAL_BACKPROP,4,"{""learning_rate"": 0.005, ""replacement_rate"": 0.0001, ""maturity_threshold"": 50}",0.11652545326280288
A8_Abrupt_Tri_Regime_Transition,S5_CONTINUAL_BACKPROP,5,"{""learning_rate"": 0.005, ""replacement_rate"": 0.0001, ""maturity_threshold"": 100}",0.11600844396927268
A8_Abrupt_Tri_Regime_Transition,S5_CONTINUAL_BACKPROP,6,"{""learning_rate"": 0.005, ""replacement_rate"": 0.001, ""maturity_threshold"": 50}",0.11537207930958504
A8_Abrupt_Tri_Regime_Transition,S5_CONTINUAL_BACKPROP,7,"{""learning_rate"": 0.005, ""replacement_rate"": 0.001, ""maturity_threshold"": 100}",0.11653946631452487
A8_Abrupt_Tri_Regime_Transition,S5_CONTINUAL_BACKPROP,8,"{""learning_rate"": 0.01, ""replacement_rate"": 0.0001, ""maturity_threshold"": 50}",0.060174546365971214
A8_Abrupt_Tri_Regime_Transition,S5_CONTINUAL_BACKPROP,9,"{""learning_rate"": 0.01, ""replacement_rate"": 0.0001, ""maturity_threshold"": 100}",0.061126419673027906
A8_Abrupt_Tri_Regime_Transition,S5_CONTINUAL_BACKPROP,10,"{""learning_rate"": 0.01, ""replacement_rate"": 0.001, ""maturity_threshold"": 50}",0.06172957430576557
A8_Abrupt_Tri_Regime_Transition,S5_CONTINUAL_BACKPROP,11,"{""learning_rate"": 0.01, ""replacement_rate"": 0.001, ""maturity_threshold"": 100}",0.06102811758401627
A8_Abrupt_Tri_Regime_Transition,S5_CONTINUAL_BACKPROP,12,"{""learning_rate"": 0.03, ""replacement_rate"": 0.0001, ""maturity_threshold"": 50}",0.02502759358866551
A8_Abrupt_Tri_Regime_Transition,S5_CONTINUAL_BACKPROP,13,"{""learning_rate"": 0.03, ""replacement_rate"": 0.0001, ""maturity_threshold"": 100}",0.02544896991046709
A8_Abrupt_Tri_Regime_Transition,S5_CONTINUAL_BACKPROP,14,"{""learning_rate"": 0.03, ""replacement_rate"": 0.001, ""maturity_threshold"": 50}",0.02553553042843477
A8_Abrupt_Tri_Regime_Transition,S5_CONTINUAL_BACKPROP,15,"{""learning_rate"": 0.03, ""replacement_rate"": 0.001, ""maturity_threshold"": 100}",0.02557268971313086
A8_Abrupt_Tri_Regime_Transition,C1_CURRENT_ONLY_LINEAR,0,"{""learning_rate"": 0.001}",0.5267088398553457
A8_Abrupt_Tri_Regime_Transition,C1_CURRENT_ONLY_LINEAR,1,"{""learning_rate"": 0.003}",0.1883917519136704
A8_Abrupt_Tri_Regime_Transition,C1_CURRENT_ONLY_LINEAR,2,"{""learning_rate"": 0.01}",0.06089949787296772
A8_Abrupt_Tri_Regime_Transition,C1_CURRENT_ONLY_LINEAR,3,"{""learning_rate"": 0.03}",0.02538482151658165
A8_Abrupt_Tri_Regime_Transition,C2_NLMS,0,"{""step_size"": 0.01}",0.5390448381901528
A8_Abrupt_Tri_Regime_Transition,C2_NLMS,1,"{""step_size"": 0.05}",0.11750043811333011
A8_Abrupt_Tri_Regime_Transition,C2_NLMS,2,"{""step_size"": 0.1}",0.061702230154940384
A8_Abrupt_Tri_Regime_Transition,C2_NLMS,3,"{""step_size"": 0.2}",0.034353228122535585
A8_Abrupt_Tri_Regime_Transition,C3_RLS,0,"{""forgetting_factor"": 0.99}",0.00942681777488672
A8_Abrupt_Tri_Regime_Transition,C3_RLS,1,"{""forgetting_factor"": 0.995}",0.009422103324674974
A8_Abrupt_Tri_Regime_Transition,C3_RLS,2,"{""forgetting_factor"": 0.999}",0.0094379364793132
A8_Abrupt_Tri_Regime_Transition,C3_RLS,3,"{""forgetting_factor"": 1.0}",0.009448750124467028
A8_Abrupt_Tri_Regime_Transition,C4_FIXED_LAG_LINEAR,0,"{""max_lag"": 4, ""learning_rate"": 0.001}",0.9682617816481204
A8_Abrupt_Tri_Regime_Transition,C4_FIXED_LAG_LINEAR,1,"{""max_lag"": 4, ""learning_rate"": 0.01}",0.7005475107517388
A8_Abrupt_Tri_Regime_Transition,C4_FIXED_LAG_LINEAR,2,"{""max_lag"": 8, ""learning_rate"": 0.001}",0.9701275491302167
A8_Abrupt_Tri_Regime_Transition,C4_FIXED_LAG_LINEAR,3,"{""max_lag"": 8, ""learning_rate"": 0.01}",0.7169926284879353
A8_Abrupt_Tri_Regime_Transition,C4_FIXED_LAG_LINEAR,4,"{""max_lag"": 16, ""learning_rate"": 0.001}",0.9729430660766502
A8_Abrupt_Tri_Regime_Transition,C4_FIXED_LAG_LINEAR,5,"{""max_lag"": 16, ""learning_rate"": 0.01}",0.7456135722576288
A8_Abrupt_Tri_Regime_Transition,C4_FIXED_LAG_LINEAR,6,"{""max_lag"": 32, ""learning_rate"": 0.001}",0.9813341078172787
A8_Abrupt_Tri_Regime_Transition,C4_FIXED_LAG_LINEAR,7,"{""max_lag"": 32, ""learning_rate"": 0.01}",0.819214932168974
H1_Damped_Harmonic_Resonator,B1_RZA_LMS,0,"{""learning_rate"": 0.001, ""rho_zero_attraction"": 1e-06, ""epsilon_reweight"": 10.0}",14.068343619006706
H1_Damped_Harmonic_Resonator,B1_RZA_LMS,1,"{""learning_rate"": 0.001, ""rho_zero_attraction"": 1e-05, ""epsilon_reweight"": 10.0}",14.060005606423864
H1_Damped_Harmonic_Resonator,B1_RZA_LMS,2,"{""learning_rate"": 0.001, ""rho_zero_attraction"": 0.0001, ""epsilon_reweight"": 10.0}",13.99036308134554
H1_Damped_Harmonic_Resonator,B1_RZA_LMS,3,"{""learning_rate"": 0.001, ""rho_zero_attraction"": 0.001, ""epsilon_reweight"": 10.0}",14.092143673315883
H1_Damped_Harmonic_Resonator,B1_RZA_LMS,4,"{""learning_rate"": 0.003, ""rho_zero_attraction"": 1e-06, ""epsilon_reweight"": 10.0}",14.661407460059474
H1_Damped_Harmonic_Resonator,B1_RZA_LMS,5,"{""learning_rate"": 0.003, ""rho_zero_attraction"": 1e-05, ""epsilon_reweight"": 10.0}",14.655171424644523
H1_Damped_Harmonic_Resonator,B1_RZA_LMS,6,"{""learning_rate"": 0.003, ""rho_zero_attraction"": 0.0001, ""epsilon_reweight"": 10.0}",14.594504347081518
H1_Damped_Harmonic_Resonator,B1_RZA_LMS,7,"{""learning_rate"": 0.003, ""rho_zero_attraction"": 0.001, ""epsilon_reweight"": 10.0}",14.178710675938355
H1_Damped_Harmonic_Resonator,B1_RZA_LMS,8,"{""learning_rate"": 0.01, ""rho_zero_attraction"": 1e-06, ""epsilon_reweight"": 10.0}",18.097819884301938
H1_Damped_Harmonic_Resonator,B1_RZA_LMS,9,"{""learning_rate"": 0.01, ""rho_zero_attraction"": 1e-05, ""epsilon_reweight"": 10.0}",18.09456792721615
H1_Damped_Harmonic_Resonator,B1_RZA_LMS,10,"{""learning_rate"": 0.01, ""rho_zero_attraction"": 0.0001, ""epsilon_reweight"": 10.0}",18.06212110491798
H1_Damped_Harmonic_Resonator,B1_RZA_LMS,11,"{""learning_rate"": 0.01, ""rho_zero_attraction"": 0.001, ""epsilon_reweight"": 10.0}",17.748499241311496
H1_Damped_Harmonic_Resonator,B1_RZA_LMS,12,"{""learning_rate"": 0.03, ""rho_zero_attraction"": 1e-06, ""epsilon_reweight"": 10.0}",62.5718824157104
H1_Damped_Harmonic_Resonator,B1_RZA_LMS,13,"{""learning_rate"": 0.03, ""rho_zero_attraction"": 1e-05, ""epsilon_reweight"": 10.0}",62.56682443380802
H1_Damped_Harmonic_Resonator,B1_RZA_LMS,14,"{""learning_rate"": 0.03, ""rho_zero_attraction"": 0.0001, ""epsilon_reweight"": 10.0}",62.51627098825603
H1_Damped_Harmonic_Resonator,B1_RZA_LMS,15,"{""learning_rate"": 0.03, ""rho_zero_attraction"": 0.001, ""epsilon_reweight"": 10.0}",62.01478831661448
H1_Damped_Harmonic_Resonator,B2_CCN,0,"{""readout_lr"": 0.001, ""recurrent_lr"": 0.0001, ""max_columns"": 1}",14.071504669566622
H1_Damped_Harmonic_Resonator,B2_CCN,1,"{""readout_lr"": 0.001, ""recurrent_lr"": 0.0001, ""max_columns"": 2}",14.071556243473132
H1_Damped_Harmonic_Resonator,B2_CCN,2,"{""readout_lr"": 0.001, ""recurrent_lr"": 0.001, ""max_columns"": 1}",14.071522137804886
H1_Damped_Harmonic_Resonator,B2_CCN,3,"{""readout_lr"": 0.001, ""recurrent_lr"": 0.001, ""max_columns"": 2}",14.071483663153742
H1_Damped_Harmonic_Resonator,B2_CCN,4,"{""readout_lr"": 0.003, ""recurrent_lr"": 0.0001, ""max_columns"": 1}",14.671733857076703
H1_Damped_Harmonic_Resonator,B2_CCN,5,"{""readout_lr"": 0.003, ""recurrent_lr"": 0.0001, ""max_columns"": 2}",14.671675897615847
H1_Damped_Harmonic_Resonator,B2_CCN,6,"{""readout_lr"": 0.003, ""recurrent_lr"": 0.001, ""max_columns"": 1}",14.671850432995091
H1_Damped_Harmonic_Resonator,B2_CCN,7,"{""readout_lr"": 0.003, ""recurrent_lr"": 0.001, ""max_columns"": 2}",14.671730594445458
H1_Damped_Harmonic_Resonator,B2_CCN,8,"{""readout_lr"": 0.01, ""recurrent_lr"": 0.0001, ""max_columns"": 1}",18.15017571875686
H1_Damped_Harmonic_Resonator,B2_CCN,9,"{""readout_lr"": 0.01, ""recurrent_lr"": 0.0001, ""max_columns"": 2}",18.150388768847467
H1_Damped_Harmonic_Resonator,B2_CCN,10,"{""readout_lr"": 0.01, ""recurrent_lr"": 0.001, ""max_columns"": 1}",18.150947895790015
H1_Damped_Harmonic_Resonator,B2_CCN,11,"{""readout_lr"": 0.01, ""recurrent_lr"": 0.001, ""max_columns"": 2}",18.15130955002012
H1_Damped_Harmonic_Resonator,B2_CCN,12,"{""readout_lr"": 0.03, ""recurrent_lr"": 0.0001, ""max_columns"": 1}",64.4175667504303
H1_Damped_Harmonic_Resonator,B2_CCN,13,"{""readout_lr"": 0.03, ""recurrent_lr"": 0.0001, ""max_columns"": 2}",64.4229028726433
H1_Damped_Harmonic_Resonator,B2_CCN,14,"{""readout_lr"": 0.03, ""recurrent_lr"": 0.001, ""max_columns"": 1}",64.35964672075367
H1_Damped_Harmonic_Resonator,B2_CCN,15,"{""readout_lr"": 0.03, ""recurrent_lr"": 0.001, ""max_columns"": 2}",64.32732184744643
H1_Damped_Harmonic_Resonator,B3_MUSE_RNN,0,"{""learning_rate"": 0.001, ""growth_multiplier"": 1.5, ""pruning_threshold"": 0.001}",14.407649570161183
H1_Damped_Harmonic_Resonator,B3_MUSE_RNN,1,"{""learning_rate"": 0.001, ""growth_multiplier"": 1.5, ""pruning_threshold"": 0.01}",14.408386135975107
H1_Damped_Harmonic_Resonator,B3_MUSE_RNN,2,"{""learning_rate"": 0.001, ""growth_multiplier"": 2.5, ""pruning_threshold"": 0.001}",14.406823855673359
H1_Damped_Harmonic_Resonator,B3_MUSE_RNN,3,"{""learning_rate"": 0.001, ""growth_multiplier"": 2.5, ""pruning_threshold"": 0.01}",14.408319852170147
H1_Damped_Harmonic_Resonator,B3_MUSE_RNN,4,"{""learning_rate"": 0.003, ""growth_multiplier"": 1.5, ""pruning_threshold"": 0.001}",14.409663113316975
H1_Damped_Harmonic_Resonator,B3_MUSE_RNN,5,"{""learning_rate"": 0.003, ""growth_multiplier"": 1.5, ""pruning_threshold"": 0.01}",14.409745194079271
H1_Damped_Harmonic_Resonator,B3_MUSE_RNN,6,"{""learning_rate"": 0.003, ""growth_multiplier"": 2.5, ""pruning_threshold"": 0.001}",14.410765153911905
H1_Damped_Harmonic_Resonator,B3_MUSE_RNN,7,"{""learning_rate"": 0.003, ""growth_multiplier"": 2.5, ""pruning_threshold"": 0.01}",14.406303154667652
H1_Damped_Harmonic_Resonator,B3_MUSE_RNN,8,"{""learning_rate"": 0.01, ""growth_multiplier"": 1.5, ""pruning_threshold"": 0.001}",14.43325034277269
H1_Damped_Harmonic_Resonator,B3_MUSE_RNN,9,"{""learning_rate"": 0.01, ""growth_multiplier"": 1.5, ""pruning_threshold"": 0.01}",14.428099138936352
H1_Damped_Harmonic_Resonator,B3_MUSE_RNN,10,"{""learning_rate"": 0.01, ""growth_multiplier"": 2.5, ""pruning_threshold"": 0.001}",14.431827109596762
H1_Damped_Harmonic_Resonator,B3_MUSE_RNN,11,"{""learning_rate"": 0.01, ""growth_multiplier"": 2.5, ""pruning_threshold"": 0.01}",14.43083354723992
H1_Damped_Harmonic_Resonator,B3_MUSE_RNN,12,"{""learning_rate"": 0.03, ""growth_multiplier"": 1.5, ""pruning_threshold"": 0.001}",14.9319047705716
H1_Damped_Harmonic_Resonator,B3_MUSE_RNN,13,"{""learning_rate"": 0.03, ""growth_multiplier"": 1.5, ""pruning_threshold"": 0.01}",14.58157526277005
H1_Damped_Harmonic_Resonator,B3_MUSE_RNN,14,"{""learning_rate"": 0.03, ""growth_multiplier"": 2.5, ""pruning_threshold"": 0.001}",14.765876696781305
H1_Damped_Harmonic_Resonator,B3_MUSE_RNN,15,"{""learning_rate"": 0.03, ""growth_multiplier"": 2.5, ""pruning_threshold"": 0.01}",14.514114835550872
H1_Damped_Harmonic_Resonator,B4_MINIMAL_GRU,0,"{""learning_rate"": 0.0001, ""weight_decay"": 0.9}",14.407482980196903
H1_Damped_Harmonic_Resonator,B4_MINIMAL_GRU,1,"{""learning_rate"": 0.0001, ""weight_decay"": 0.95}",14.407591013263405
H1_Damped_Harmonic_Resonator,B4_MINIMAL_GRU,2,"{""learning_rate"": 0.0001, ""weight_decay"": 0.99}",14.407564072709912
H1_Damped_Harmonic_Resonator,B4_MINIMAL_GRU,3,"{""learning_rate"": 0.0001, ""weight_decay"": 0.999}",14.407143565792845
H1_Damped_Harmonic_Resonator,B4_MINIMAL_GRU,4,"{""learning_rate"": 0.001, ""weight_decay"": 0.9}",14.407425265200951
H1_Damped_Harmonic_Resonator,B4_MINIMAL_GRU,5,"{""learning_rate"": 0.001, ""weight_decay"": 0.95}",14.407384302024411
H1_Damped_Harmonic_Resonator,B4_MINIMAL_GRU,6,"{""learning_rate"": 0.001, ""weight_decay"": 0.99}",14.407608513417516
H1_Damped_Harmonic_Resonator,B4_MINIMAL_GRU,7,"{""learning_rate"": 0.001, ""weight_decay"": 0.999}",14.404139904412325
H1_Damped_Harmonic_Resonator,B4_MINIMAL_GRU,8,"{""learning_rate"": 0.003, ""weight_decay"": 0.9}",14.407375068988728
H1_Damped_Harmonic_Resonator,B4_MINIMAL_GRU,9,"{""learning_rate"": 0.003, ""weight_decay"": 0.95}",14.407453964817849
H1_Damped_Harmonic_Resonator,B4_MINIMAL_GRU,10,"{""learning_rate"": 0.003, ""weight_decay"": 0.99}",14.407212672961192
H1_Damped_Harmonic_Resonator,B4_MINIMAL_GRU,11,"{""learning_rate"": 0.003, ""weight_decay"": 0.999}",14.403155614991341
H1_Damped_Harmonic_Resonator,B4_MINIMAL_GRU,12,"{""learning_rate"": 0.01, ""weight_decay"": 0.9}",14.407373099461347
H1_Damped_Harmonic_Resonator,B4_MINIMAL_GRU,13,"{""learning_rate"": 0.01, ""weight_decay"": 0.95}",14.407156761372894
H1_Damped_Harmonic_Resonator,B4_MINIMAL_GRU,14,"{""learning_rate"": 0.01, ""weight_decay"": 0.99}",14.397475423885176
H1_Damped_Harmonic_Resonator,B4_MINIMAL_GRU,15,"{""learning_rate"": 0.01, ""weight_decay"": 0.999}",14.238000052975357
H1_Damped_Harmonic_Resonator,B5_ONLINE_ESN,0,"{""reservoir_size"": 10, ""spectral_radius"": 0.85, ""leak_rate"": 0.3, ""readout_lr"": 0.001}",14.329843690158668
H1_Damped_Harmonic_Resonator,B5_ONLINE_ESN,1,"{""reservoir_size"": 10, ""spectral_radius"": 0.85, ""leak_rate"": 0.3, ""readout_lr"": 0.01}",13.9769335174409
H1_Damped_Harmonic_Resonator,B5_ONLINE_ESN,2,"{""reservoir_size"": 10, ""spectral_radius"": 0.85, ""leak_rate"": 0.7, ""readout_lr"": 0.001}",14.27696970121063
H1_Damped_Harmonic_Resonator,B5_ONLINE_ESN,3,"{""reservoir_size"": 10, ""spectral_radius"": 0.85, ""leak_rate"": 0.7, ""readout_lr"": 0.01}",14.032122929075017
H1_Damped_Harmonic_Resonator,B5_ONLINE_ESN,4,"{""reservoir_size"": 10, ""spectral_radius"": 0.95, ""leak_rate"": 0.3, ""readout_lr"": 0.001}",14.331001271250017
H1_Damped_Harmonic_Resonator,B5_ONLINE_ESN,5,"{""reservoir_size"": 10, ""spectral_radius"": 0.95, ""leak_rate"": 0.3, ""readout_lr"": 0.01}",13.984560619862615
H1_Damped_Harmonic_Resonator,B5_ONLINE_ESN,6,"{""reservoir_size"": 10, ""spectral_radius"": 0.95, ""leak_rate"": 0.7, ""readout_lr"": 0.001}",14.27600022617271
H1_Damped_Harmonic_Resonator,B5_ONLINE_ESN,7,"{""reservoir_size"": 10, ""spectral_radius"": 0.95, ""leak_rate"": 0.7, ""readout_lr"": 0.01}",14.030772783068004
H1_Damped_Harmonic_Resonator,B5_ONLINE_ESN,8,"{""reservoir_size"": 20, ""spectral_radius"": 0.85, ""leak_rate"": 0.3, ""readout_lr"": 0.001}",14.324999716094533
H1_Damped_Harmonic_Resonator,B5_ONLINE_ESN,9,"{""reservoir_size"": 20, ""spectral_radius"": 0.85, ""leak_rate"": 0.3, ""readout_lr"": 0.01}",13.95380235244746
H1_Damped_Harmonic_Resonator,B5_ONLINE_ESN,10,"{""reservoir_size"": 20, ""spectral_radius"": 0.85, ""leak_rate"": 0.7, ""readout_lr"": 0.001}",14.247265530199343
H1_Damped_Harmonic_Resonator,B5_ONLINE_ESN,11,"{""reservoir_size"": 20, ""spectral_radius"": 0.85, ""leak_rate"": 0.7, ""readout_lr"": 0.01}",14.05431125800412
H1_Damped_Harmonic_Resonator,B5_ONLINE_ESN,12,"{""reservoir_size"": 20, ""spectral_radius"": 0.95, ""leak_rate"": 0.3, ""readout_lr"": 0.001}",14.32693183599208
H1_Damped_Harmonic_Resonator,B5_ONLINE_ESN,13,"{""reservoir_size"": 20, ""spectral_radius"": 0.95, ""leak_rate"": 0.3, ""readout_lr"": 0.01}",13.97184433933456
H1_Damped_Harmonic_Resonator,B5_ONLINE_ESN,14,"{""reservoir_size"": 20, ""spectral_radius"": 0.95, ""leak_rate"": 0.7, ""readout_lr"": 0.001}",14.24434665147227
H1_Damped_Harmonic_Resonator,B5_ONLINE_ESN,15,"{""reservoir_size"": 20, ""spectral_radius"": 0.95, ""leak_rate"": 0.7, ""readout_lr"": 0.01}",14.05977828961565
H1_Damped_Harmonic_Resonator,S1_VARIABLE_TAP_LMS,0,"{""learning_rate"": 0.001, ""tap_leakage"": 0.0001}",10.692699579280012
H1_Damped_Harmonic_Resonator,S1_VARIABLE_TAP_LMS,1,"{""learning_rate"": 0.001, ""tap_leakage"": 0.001}",11.263128873929114
H1_Damped_Harmonic_Resonator,S1_VARIABLE_TAP_LMS,2,"{""learning_rate"": 0.001, ""tap_leakage"": 0.01}",13.413978214602581
H1_Damped_Harmonic_Resonator,S1_VARIABLE_TAP_LMS,3,"{""learning_rate"": 0.001, ""tap_leakage"": 0.1}",14.349946526167818
H1_Damped_Harmonic_Resonator,S1_VARIABLE_TAP_LMS,4,"{""learning_rate"": 0.003, ""tap_leakage"": 0.0001}",7.7716487058415025
H1_Damped_Harmonic_Resonator,S1_VARIABLE_TAP_LMS,5,"{""learning_rate"": 0.003, ""tap_leakage"": 0.001}",7.841487408309405
H1_Damped_Harmonic_Resonator,S1_VARIABLE_TAP_LMS,6,"{""learning_rate"": 0.003, ""tap_leakage"": 0.01}",10.93970315953761
H1_Damped_Harmonic_Resonator,S1_VARIABLE_TAP_LMS,7,"{""learning_rate"": 0.003, ""tap_leakage"": 0.1}",14.083579079493218
H1_Damped_Harmonic_Resonator,S1_VARIABLE_TAP_LMS,8,"{""learning_rate"": 0.01, ""tap_leakage"": 0.0001}",5.4384084646901
H1_Damped_Harmonic_Resonator,S1_VARIABLE_TAP_LMS,9,"{""learning_rate"": 0.01, ""tap_leakage"": 0.001}",5.300525393537616
H1_Damped_Harmonic_Resonator,S1_VARIABLE_TAP_LMS,10,"{""learning_rate"": 0.01, ""tap_leakage"": 0.01}",6.9643511125747395
H1_Damped_Harmonic_Resonator,S1_VARIABLE_TAP_LMS,11,"{""learning_rate"": 0.01, ""tap_leakage"": 0.1}",12.687287987083115
H1_Damped_Harmonic_Resonator,S1_VARIABLE_TAP_LMS,12,"{""learning_rate"": 0.03, ""tap_leakage"": 0.0001}",5.0192621249211635
H1_Damped_Harmonic_Resonator,S1_VARIABLE_TAP_LMS,13,"{""learning_rate"": 0.03, ""tap_leakage"": 0.001}",4.883074598484491
H1_Damped_Harmonic_Resonator,S1_VARIABLE_TAP_LMS,14,"{""learning_rate"": 0.03, ""tap_leakage"": 0.01}",5.042247120013834
H1_Damped_Harmonic_Resonator,S1_VARIABLE_TAP_LMS,15,"{""learning_rate"": 0.03, ""tap_leakage"": 0.1}",11.00549869707217
H1_Damped_Harmonic_Resonator,S2_LRU_STREAM,0,"{""state_lr"": 0.001, ""readout_lr"": 0.001, ""state_decay"": 0.9}",14.06856538791844
H1_Damped_Harmonic_Resonator,S2_LRU_STREAM,1,"{""state_lr"": 0.001, ""readout_lr"": 0.001, ""state_decay"": 0.98}",14.108062988461825
H1_Damped_Harmonic_Resonator,S2_LRU_STREAM,2,"{""state_lr"": 0.001, ""readout_lr"": 0.003, ""state_decay"": 0.9}",14.646272125162332
H1_Damped_Harmonic_Resonator,S2_LRU_STREAM,3,"{""state_lr"": 0.001, ""readout_lr"": 0.003, ""state_decay"": 0.98}",14.761248764460092
H1_Damped_Harmonic_Resonator,S2_LRU_STREAM,4,"{""state_lr"": 0.001, ""readout_lr"": 0.01, ""state_decay"": 0.9}",18.193548881546903
H1_Damped_Harmonic_Resonator,S2_LRU_STREAM,5,"{""state_lr"": 0.001, ""readout_lr"": 0.01, ""state_decay"": 0.98}",18.502398764478922
H1_Damped_Harmonic_Resonator,S2_LRU_STREAM,6,"{""state_lr"": 0.001, ""readout_lr"": 0.03, ""state_decay"": 0.9}",inf
H1_Damped_Harmonic_Resonator,S2_LRU_STREAM,7,"{""state_lr"": 0.001, ""readout_lr"": 0.03, ""state_decay"": 0.98}",inf
H1_Damped_Harmonic_Resonator,S2_LRU_STREAM,8,"{""state_lr"": 0.01, ""readout_lr"": 0.001, ""state_decay"": 0.9}",13.751390583806538
H1_Damped_Harmonic_Resonator,S2_LRU_STREAM,9,"{""state_lr"": 0.01, ""readout_lr"": 0.001, ""state_decay"": 0.98}",14.09674105016178
H1_Damped_Harmonic_Resonator,S2_LRU_STREAM,10,"{""state_lr"": 0.01, ""readout_lr"": 0.003, ""state_decay"": 0.9}",14.786538148719687
H1_Damped_Harmonic_Resonator,S2_LRU_STREAM,11,"{""state_lr"": 0.01, ""readout_lr"": 0.003, ""state_decay"": 0.98}",inf
H1_Damped_Harmonic_Resonator,S2_LRU_STREAM,12,"{""state_lr"": 0.01, ""readout_lr"": 0.01, ""state_decay"": 0.9}",inf
H1_Damped_Harmonic_Resonator,S2_LRU_STREAM,13,"{""state_lr"": 0.01, ""readout_lr"": 0.01, ""state_decay"": 0.98}",inf
H1_Damped_Harmonic_Resonator,S2_LRU_STREAM,14,"{""state_lr"": 0.01, ""readout_lr"": 0.03, ""state_decay"": 0.9}",inf
H1_Damped_Harmonic_Resonator,S2_LRU_STREAM,15,"{""state_lr"": 0.01, ""readout_lr"": 0.03, ""state_decay"": 0.98}",inf
H1_Damped_Harmonic_Resonator,S3_RSONN,0,"{""learning_rate"": 0.001, ""growth_threshold"": 0.05, ""pruning_threshold"": 0.001}",14.415869910437562
H1_Damped_Harmonic_Resonator,S3_RSONN,1,"{""learning_rate"": 0.001, ""growth_threshold"": 0.05, ""pruning_threshold"": 0.005}",14.41339535280145
H1_Damped_Harmonic_Resonator,S3_RSONN,2,"{""learning_rate"": 0.001, ""growth_threshold"": 0.1, ""pruning_threshold"": 0.001}",14.415563310472491
H1_Damped_Harmonic_Resonator,S3_RSONN,3,"{""learning_rate"": 0.001, ""growth_threshold"": 0.1, ""pruning_threshold"": 0.005}",14.414557488089722
H1_Damped_Harmonic_Resonator,S3_RSONN,4,"{""learning_rate"": 0.005, ""growth_threshold"": 0.05, ""pruning_threshold"": 0.001}",14.454105616624512
H1_Damped_Harmonic_Resonator,S3_RSONN,5,"{""learning_rate"": 0.005, ""growth_threshold"": 0.05, ""pruning_threshold"": 0.005}",14.454746039559064
H1_Damped_Harmonic_Resonator,S3_RSONN,6,"{""learning_rate"": 0.005, ""growth_threshold"": 0.1, ""pruning_threshold"": 0.001}",14.453678010395913
H1_Damped_Harmonic_Resonator,S3_RSONN,7,"{""learning_rate"": 0.005, ""growth_threshold"": 0.1, ""pruning_threshold"": 0.005}",14.451704571516984
H1_Damped_Harmonic_Resonator,S3_RSONN,8,"{""learning_rate"": 0.01, ""growth_threshold"": 0.05, ""pruning_threshold"": 0.001}",14.437576658175763
H1_Damped_Harmonic_Resonator,S3_RSONN,9,"{""learning_rate"": 0.01, ""growth_threshold"": 0.05, ""pruning_threshold"": 0.005}",14.462626966601592
H1_Damped_Harmonic_Resonator,S3_RSONN,10,"{""learning_rate"": 0.01, ""growth_threshold"": 0.1, ""pruning_threshold"": 0.001}",14.47698726414363
H1_Damped_Harmonic_Resonator,S3_RSONN,11,"{""learning_rate"": 0.01, ""growth_threshold"": 0.1, ""pruning_threshold"": 0.005}",14.422071648188423
H1_Damped_Harmonic_Resonator,S3_RSONN,12,"{""learning_rate"": 0.02, ""growth_threshold"": 0.05, ""pruning_threshold"": 0.001}",14.374266550579044
H1_Damped_Harmonic_Resonator,S3_RSONN,13,"{""learning_rate"": 0.02, ""growth_threshold"": 0.05, ""pruning_threshold"": 0.005}",14.396455440738906
H1_Damped_Harmonic_Resonator,S3_RSONN,14,"{""learning_rate"": 0.02, ""growth_threshold"": 0.1, ""pruning_threshold"": 0.001}",14.328330560276456
H1_Damped_Harmonic_Resonator,S3_RSONN,15,"{""learning_rate"": 0.02, ""growth_threshold"": 0.1, ""pruning_threshold"": 0.005}",14.382241972100688
H1_Damped_Harmonic_Resonator,S4_ACESN,0,"{""reservoir_size"": 20, ""spectral_radius"": 0.85, ""compression_ratio"": 0.25, ""readout_lr"": 0.001}",14.297431920432553
H1_Damped_Harmonic_Resonator,S4_ACESN,1,"{""reservoir_size"": 20, ""spectral_radius"": 0.85, ""compression_ratio"": 0.25, ""readout_lr"": 0.01}",14.608922941576841
H1_Damped_Harmonic_Resonator,S4_ACESN,2,"{""reservoir_size"": 20, ""spectral_radius"": 0.85, ""compression_ratio"": 0.5, ""readout_lr"": 0.001}",14.29698415046605
H1_Damped_Harmonic_Resonator,S4_ACESN,3,"{""reservoir_size"": 20, ""spectral_radius"": 0.85, ""compression_ratio"": 0.5, ""readout_lr"": 0.01}",14.611093037371164
H1_Damped_Harmonic_Resonator,S4_ACESN,4,"{""reservoir_size"": 20, ""spectral_radius"": 0.95, ""compression_ratio"": 0.25, ""readout_lr"": 0.001}",14.296364036005201
H1_Damped_Harmonic_Resonator,S4_ACESN,5,"{""reservoir_size"": 20, ""spectral_radius"": 0.95, ""compression_ratio"": 0.25, ""readout_lr"": 0.01}",14.632009093555716
H1_Damped_Harmonic_Resonator,S4_ACESN,6,"{""reservoir_size"": 20, ""spectral_radius"": 0.95, ""compression_ratio"": 0.5, ""readout_lr"": 0.001}",14.296089101498623
H1_Damped_Harmonic_Resonator,S4_ACESN,7,"{""reservoir_size"": 20, ""spectral_radius"": 0.95, ""compression_ratio"": 0.5, ""readout_lr"": 0.01}",14.634003384260561
H1_Damped_Harmonic_Resonator,S4_ACESN,8,"{""reservoir_size"": 40, ""spectral_radius"": 0.85, ""compression_ratio"": 0.25, ""readout_lr"": 0.001}",14.170366915855027
H1_Damped_Harmonic_Resonator,S4_ACESN,9,"{""reservoir_size"": 40, ""spectral_radius"": 0.85, ""compression_ratio"": 0.25, ""readout_lr"": 0.01}",14.648391071324008
H1_Damped_Harmonic_Resonator,S4_ACESN,10,"{""reservoir_size"": 40, ""spectral_radius"": 0.85, ""compression_ratio"": 0.5, ""readout_lr"": 0.001}",14.164872621226664
H1_Damped_Harmonic_Resonator,S4_ACESN,11,"{""reservoir_size"": 40, ""spectral_radius"": 0.85, ""compression_ratio"": 0.5, ""readout_lr"": 0.01}",14.647526785057702
H1_Damped_Harmonic_Resonator,S4_ACESN,12,"{""reservoir_size"": 40, ""spectral_radius"": 0.95, ""compression_ratio"": 0.25, ""readout_lr"": 0.001}",14.165564789113645
H1_Damped_Harmonic_Resonator,S4_ACESN,13,"{""reservoir_size"": 40, ""spectral_radius"": 0.95, ""compression_ratio"": 0.25, ""readout_lr"": 0.01}",14.675366838542237
H1_Damped_Harmonic_Resonator,S4_ACESN,14,"{""reservoir_size"": 40, ""spectral_radius"": 0.95, ""compression_ratio"": 0.5, ""readout_lr"": 0.001}",14.160152639645808
H1_Damped_Harmonic_Resonator,S4_ACESN,15,"{""reservoir_size"": 40, ""spectral_radius"": 0.95, ""compression_ratio"": 0.5, ""readout_lr"": 0.01}",14.67593304100921
H1_Damped_Harmonic_Resonator,S5_CONTINUAL_BACKPROP,0,"{""learning_rate"": 0.001, ""replacement_rate"": 0.0001, ""maturity_threshold"": 50}",14.084055000224689
H1_Damped_Harmonic_Resonator,S5_CONTINUAL_BACKPROP,1,"{""learning_rate"": 0.001, ""replacement_rate"": 0.0001, ""maturity_threshold"": 100}",14.072739983464503
H1_Damped_Harmonic_Resonator,S5_CONTINUAL_BACKPROP,2,"{""learning_rate"": 0.001, ""replacement_rate"": 0.001, ""maturity_threshold"": 50}",14.07318590684793
H1_Damped_Harmonic_Resonator,S5_CONTINUAL_BACKPROP,3,"{""learning_rate"": 0.001, ""replacement_rate"": 0.001, ""maturity_threshold"": 100}",14.073038429259467
H1_Damped_Harmonic_Resonator,S5_CONTINUAL_BACKPROP,4,"{""learning_rate"": 0.005, ""replacement_rate"": 0.0001, ""maturity_threshold"": 50}",15.481594835604044
H1_Damped_Harmonic_Resonator,S5_CONTINUAL_BACKPROP,5,"{""learning_rate"": 0.005, ""replacement_rate"": 0.0001, ""maturity_threshold"": 100}",15.475537358790449
H1_Damped_Harmonic_Resonator,S5_CONTINUAL_BACKPROP,6,"{""learning_rate"": 0.005, ""replacement_rate"": 0.001, ""maturity_threshold"": 50}",15.479757880162024
H1_Damped_Harmonic_Resonator,S5_CONTINUAL_BACKPROP,7,"{""learning_rate"": 0.005, ""replacement_rate"": 0.001, ""maturity_threshold"": 100}",15.473914343547063
H1_Damped_Harmonic_Resonator,S5_CONTINUAL_BACKPROP,8,"{""learning_rate"": 0.01, ""replacement_rate"": 0.0001, ""maturity_threshold"": 50}",18.099739528302166
H1_Damped_Harmonic_Resonator,S5_CONTINUAL_BACKPROP,9,"{""learning_rate"": 0.01, ""replacement_rate"": 0.0001, ""maturity_threshold"": 100}",18.096429507971887
H1_Damped_Harmonic_Resonator,S5_CONTINUAL_BACKPROP,10,"{""learning_rate"": 0.01, ""replacement_rate"": 0.001, ""maturity_threshold"": 50}",18.097628725301487
H1_Damped_Harmonic_Resonator,S5_CONTINUAL_BACKPROP,11,"{""learning_rate"": 0.01, ""replacement_rate"": 0.001, ""maturity_threshold"": 100}",18.09928249945279
H1_Damped_Harmonic_Resonator,S5_CONTINUAL_BACKPROP,12,"{""learning_rate"": 0.03, ""replacement_rate"": 0.0001, ""maturity_threshold"": 50}",62.56201056508801
H1_Damped_Harmonic_Resonator,S5_CONTINUAL_BACKPROP,13,"{""learning_rate"": 0.03, ""replacement_rate"": 0.0001, ""maturity_threshold"": 100}",62.56477900657915
H1_Damped_Harmonic_Resonator,S5_CONTINUAL_BACKPROP,14,"{""learning_rate"": 0.03, ""replacement_rate"": 0.001, ""maturity_threshold"": 50}",62.56997794971688
H1_Damped_Harmonic_Resonator,S5_CONTINUAL_BACKPROP,15,"{""learning_rate"": 0.03, ""replacement_rate"": 0.001, ""maturity_threshold"": 100}",62.58634186860986
H1_Damped_Harmonic_Resonator,C1_CURRENT_ONLY_LINEAR,0,"{""learning_rate"": 0.001}",14.069293271445508
H1_Damped_Harmonic_Resonator,C1_CURRENT_ONLY_LINEAR,1,"{""learning_rate"": 0.003}",14.662103252080298
H1_Damped_Harmonic_Resonator,C1_CURRENT_ONLY_LINEAR,2,"{""learning_rate"": 0.01}",18.098181320424988
H1_Damped_Harmonic_Resonator,C1_CURRENT_ONLY_LINEAR,3,"{""learning_rate"": 0.03}",62.572444621360255
H1_Damped_Harmonic_Resonator,C2_NLMS,0,"{""step_size"": 0.01}",14.210181203178498
H1_Damped_Harmonic_Resonator,C2_NLMS,1,"{""step_size"": 0.05}",14.080202502433742
H1_Damped_Harmonic_Resonator,C2_NLMS,2,"{""step_size"": 0.1}",14.33149971977997
H1_Damped_Harmonic_Resonator,C2_NLMS,3,"{""step_size"": 0.2}",15.087556724436828
H1_Damped_Harmonic_Resonator,C3_RLS,0,"{""forgetting_factor"": 0.99}",21.79736067533617
H1_Damped_Harmonic_Resonator,C3_RLS,1,"{""forgetting_factor"": 0.995}",20.45141169363819
H1_Damped_Harmonic_Resonator,C3_RLS,2,"{""forgetting_factor"": 0.999}",19.957452522340247
H1_Damped_Harmonic_Resonator,C3_RLS,3,"{""forgetting_factor"": 1.0}",20.02248306817538
H1_Damped_Harmonic_Resonator,C4_FIXED_LAG_LINEAR,0,"{""max_lag"": 4, ""learning_rate"": 0.001}",11.049736109632738
H1_Damped_Harmonic_Resonator,C4_FIXED_LAG_LINEAR,1,"{""max_lag"": 4, ""learning_rate"": 0.01}",9.622085724709939
H1_Damped_Harmonic_Resonator,C4_FIXED_LAG_LINEAR,2,"{""max_lag"": 8, ""learning_rate"": 0.001}",10.238256918413066
H1_Damped_Harmonic_Resonator,C4_FIXED_LAG_LINEAR,3,"{""max_lag"": 8, ""learning_rate"": 0.01}",7.715113254894047
H1_Damped_Harmonic_Resonator,C4_FIXED_LAG_LINEAR,4,"{""max_lag"": 16, ""learning_rate"": 0.001}",9.992040778591093
H1_Damped_Harmonic_Resonator,C4_FIXED_LAG_LINEAR,5,"{""max_lag"": 16, ""learning_rate"": 0.01}",5.913237598666188
H1_Damped_Harmonic_Resonator,C4_FIXED_LAG_LINEAR,6,"{""max_lag"": 32, ""learning_rate"": 0.001}",9.936984263208716
H1_Damped_Harmonic_Resonator,C4_FIXED_LAG_LINEAR,7,"{""max_lag"": 32, ""learning_rate"": 0.01}",5.253458572765289
H2_Switching_Delayed_Volterra,B1_RZA_LMS,0,"{""learning_rate"": 0.001, ""rho_zero_attraction"": 1e-06, ""epsilon_reweight"": 10.0}",2.5917230764599553
H2_Switching_Delayed_Volterra,B1_RZA_LMS,1,"{""learning_rate"": 0.001, ""rho_zero_attraction"": 1e-05, ""epsilon_reweight"": 10.0}",2.58852707234263
H2_Switching_Delayed_Volterra,B1_RZA_LMS,2,"{""learning_rate"": 0.001, ""rho_zero_attraction"": 0.0001, ""epsilon_reweight"": 10.0}",2.5732985762766005
H2_Switching_Delayed_Volterra,B1_RZA_LMS,3,"{""learning_rate"": 0.001, ""rho_zero_attraction"": 0.001, ""epsilon_reweight"": 10.0}",2.5756516951979456
H2_Switching_Delayed_Volterra,B1_RZA_LMS,4,"{""learning_rate"": 0.003, ""rho_zero_attraction"": 1e-06, ""epsilon_reweight"": 10.0}",2.6918097287297376
H2_Switching_Delayed_Volterra,B1_RZA_LMS,5,"{""learning_rate"": 0.003, ""rho_zero_attraction"": 1e-05, ""epsilon_reweight"": 10.0}",2.688895501948863
H2_Switching_Delayed_Volterra,B1_RZA_LMS,6,"{""learning_rate"": 0.003, ""rho_zero_attraction"": 0.0001, ""epsilon_reweight"": 10.0}",2.6628773526949234
H2_Switching_Delayed_Volterra,B1_RZA_LMS,7,"{""learning_rate"": 0.003, ""rho_zero_attraction"": 0.001, ""epsilon_reweight"": 10.0}",2.570674289957467
H2_Switching_Delayed_Volterra,B1_RZA_LMS,8,"{""learning_rate"": 0.01, ""rho_zero_attraction"": 1e-06, ""epsilon_reweight"": 10.0}",3.136164792287294
H2_Switching_Delayed_Volterra,B1_RZA_LMS,9,"{""learning_rate"": 0.01, ""rho_zero_attraction"": 1e-05, ""epsilon_reweight"": 10.0}",3.134350207980026
H2_Switching_Delayed_Volterra,B1_RZA_LMS,10,"{""learning_rate"": 0.01, ""rho_zero_attraction"": 0.0001, ""epsilon_reweight"": 10.0}",3.1164146273091458
H2_Switching_Delayed_Volterra,B1_RZA_LMS,11,"{""learning_rate"": 0.01, ""rho_zero_attraction"": 0.001, ""epsilon_reweight"": 10.0}",2.9608966092277527
H2_Switching_Delayed_Volterra,B1_RZA_LMS,12,"{""learning_rate"": 0.03, ""rho_zero_attraction"": 1e-06, ""epsilon_reweight"": 10.0}",6.394148481112265
H2_Switching_Delayed_Volterra,B1_RZA_LMS,13,"{""learning_rate"": 0.03, ""rho_zero_attraction"": 1e-05, ""epsilon_reweight"": 10.0}",6.392261544978743
H2_Switching_Delayed_Volterra,B1_RZA_LMS,14,"{""learning_rate"": 0.03, ""rho_zero_attraction"": 0.0001, ""epsilon_reweight"": 10.0}",6.373434061223435
H2_Switching_Delayed_Volterra,B1_RZA_LMS,15,"{""learning_rate"": 0.03, ""rho_zero_attraction"": 0.001, ""epsilon_reweight"": 10.0}",6.189276065825523
H2_Switching_Delayed_Volterra,B2_CCN,0,"{""readout_lr"": 0.001, ""recurrent_lr"": 0.0001, ""max_columns"": 1}",2.539725719322514
H2_Switching_Delayed_Volterra,B2_CCN,1,"{""readout_lr"": 0.001, ""recurrent_lr"": 0.0001, ""max_columns"": 2}",2.539660674425839
H2_Switching_Delayed_Volterra,B2_CCN,2,"{""readout_lr"": 0.001, ""recurrent_lr"": 0.001, ""max_columns"": 1}",2.5398062278504034
H2_Switching_Delayed_Volterra,B2_CCN,3,"{""readout_lr"": 0.001, ""recurrent_lr"": 0.001, ""max_columns"": 2}",2.539587396363098
H2_Switching_Delayed_Volterra,B2_CCN,4,"{""readout_lr"": 0.003, ""recurrent_lr"": 0.0001, ""max_columns"": 1}",2.582287458816873
H2_Switching_Delayed_Volterra,B2_CCN,5,"{""readout_lr"": 0.003, ""recurrent_lr"": 0.0001, ""max_columns"": 2}",2.58247765551454
H2_Switching_Delayed_Volterra,B2_CCN,6,"{""readout_lr"": 0.003, ""recurrent_lr"": 0.001, ""max_columns"": 1}",2.5826712710995925
H2_Switching_Delayed_Volterra,B2_CCN,7,"{""readout_lr"": 0.003, ""recurrent_lr"": 0.001, ""max_columns"": 2}",2.58264038596497
H2_Switching_Delayed_Volterra,B2_CCN,8,"{""readout_lr"": 0.01, ""recurrent_lr"": 0.0001, ""max_columns"": 1}",2.939323254490919
H2_Switching_Delayed_Volterra,B2_CCN,9,"{""readout_lr"": 0.01, ""recurrent_lr"": 0.0001, ""max_columns"": 2}",2.9391748754735443
H2_Switching_Delayed_Volterra,B2_CCN,10,"{""readout_lr"": 0.01, ""recurrent_lr"": 0.001, ""max_columns"": 1}",2.940636098002457
H2_Switching_Delayed_Volterra,B2_CCN,11,"{""readout_lr"": 0.01, ""recurrent_lr"": 0.001, ""max_columns"": 2}",2.940748140055643
H2_Switching_Delayed_Volterra,B2_CCN,12,"{""readout_lr"": 0.03, ""recurrent_lr"": 0.0001, ""max_columns"": 1}",5.768292301739187
H2_Switching_Delayed_Volterra,B2_CCN,13,"{""readout_lr"": 0.03, ""recurrent_lr"": 0.0001, ""max_columns"": 2}",5.766676381038978
H2_Switching_Delayed_Volterra,B2_CCN,14,"{""readout_lr"": 0.03, ""recurrent_lr"": 0.001, ""max_columns"": 1}",5.7816113688705535
H2_Switching_Delayed_Volterra,B2_CCN,15,"{""readout_lr"": 0.03, ""recurrent_lr"": 0.001, ""max_columns"": 2}",5.78093081212607
H2_Switching_Delayed_Volterra,B3_MUSE_RNN,0,"{""learning_rate"": 0.001, ""growth_multiplier"": 1.5, ""pruning_threshold"": 0.001}",2.5794664447565627
H2_Switching_Delayed_Volterra,B3_MUSE_RNN,1,"{""learning_rate"": 0.001, ""growth_multiplier"": 1.5, ""pruning_threshold"": 0.01}",2.5794974944517466
H2_Switching_Delayed_Volterra,B3_MUSE_RNN,2,"{""learning_rate"": 0.001, ""growth_multiplier"": 2.5, ""pruning_threshold"": 0.001}",2.579422725090471
H2_Switching_Delayed_Volterra,B3_MUSE_RNN,3,"{""learning_rate"": 0.001, ""growth_multiplier"": 2.5, ""pruning_threshold"": 0.01}",2.579571733287201
H2_Switching_Delayed_Volterra,B3_MUSE_RNN,4,"{""learning_rate"": 0.003, ""growth_multiplier"": 1.5, ""pruning_threshold"": 0.001}",2.5795351666327275
H2_Switching_Delayed_Volterra,B3_MUSE_RNN,5,"{""learning_rate"": 0.003, ""growth_multiplier"": 1.5, ""pruning_threshold"": 0.01}",2.5796865084121356
H2_Switching_Delayed_Volterra,B3_MUSE_RNN,6,"{""learning_rate"": 0.003, ""growth_multiplier"": 2.5, ""pruning_threshold"": 0.001}",2.5796655159385407
H2_Switching_Delayed_Volterra,B3_MUSE_RNN,7,"{""learning_rate"": 0.003, ""growth_multiplier"": 2.5, ""pruning_threshold"": 0.01}",2.5798881799868756
H2_Switching_Delayed_Volterra,B3_MUSE_RNN,8,"{""learning_rate"": 0.01, ""growth_multiplier"": 1.5, ""pruning_threshold"": 0.001}",2.5801044421968435
H2_Switching_Delayed_Volterra,B3_MUSE_RNN,9,"{""learning_rate"": 0.01, ""growth_multiplier"": 1.5, ""pruning_threshold"": 0.01}",2.579531340093009
H2_Switching_Delayed_Volterra,B3_MUSE_RNN,10,"{""learning_rate"": 0.01, ""growth_multiplier"": 2.5, ""pruning_threshold"": 0.001}",2.57973967735284
H2_Switching_Delayed_Volterra,B3_MUSE_RNN,11,"{""learning_rate"": 0.01, ""growth_multiplier"": 2.5, ""pruning_threshold"": 0.01}",2.5812631115472917
H2_Switching_Delayed_Volterra,B3_MUSE_RNN,12,"{""learning_rate"": 0.03, ""growth_multiplier"": 1.5, ""pruning_threshold"": 0.001}",2.5887328184351013
H2_Switching_Delayed_Volterra,B3_MUSE_RNN,13,"{""learning_rate"": 0.03, ""growth_multiplier"": 1.5, ""pruning_threshold"": 0.01}",2.591001256971587
H2_Switching_Delayed_Volterra,B3_MUSE_RNN,14,"{""learning_rate"": 0.03, ""growth_multiplier"": 2.5, ""pruning_threshold"": 0.001}",2.58224940864415
H2_Switching_Delayed_Volterra,B3_MUSE_RNN,15,"{""learning_rate"": 0.03, ""growth_multiplier"": 2.5, ""pruning_threshold"": 0.01}",2.5866244152989926
H2_Switching_Delayed_Volterra,B4_MINIMAL_GRU,0,"{""learning_rate"": 0.0001, ""weight_decay"": 0.9}",2.579414267698352
H2_Switching_Delayed_Volterra,B4_MINIMAL_GRU,1,"{""learning_rate"": 0.0001, ""weight_decay"": 0.95}",2.579434241659007
H2_Switching_Delayed_Volterra,B4_MINIMAL_GRU,2,"{""learning_rate"": 0.0001, ""weight_decay"": 0.99}",2.5794722517049227
H2_Switching_Delayed_Volterra,B4_MINIMAL_GRU,3,"{""learning_rate"": 0.0001, ""weight_decay"": 0.999}",2.579193900688409
H2_Switching_Delayed_Volterra,B4_MINIMAL_GRU,4,"{""learning_rate"": 0.001, ""weight_decay"": 0.9}",2.579427943517105
H2_Switching_Delayed_Volterra,B4_MINIMAL_GRU,5,"{""learning_rate"": 0.001, ""weight_decay"": 0.95}",2.5794125200036246
H2_Switching_Delayed_Volterra,B4_MINIMAL_GRU,6,"{""learning_rate"": 0.001, ""weight_decay"": 0.99}",2.5793796539691685
H2_Switching_Delayed_Volterra,B4_MINIMAL_GRU,7,"{""learning_rate"": 0.001, ""weight_decay"": 0.999}",2.5794632066525995
H2_Switching_Delayed_Volterra,B4_MINIMAL_GRU,8,"{""learning_rate"": 0.003, ""weight_decay"": 0.9}",2.579424806065433
H2_Switching_Delayed_Volterra,B4_MINIMAL_GRU,9,"{""learning_rate"": 0.003, ""weight_decay"": 0.95}",2.579397674659665
H2_Switching_Delayed_Volterra,B4_MINIMAL_GRU,10,"{""learning_rate"": 0.003, ""weight_decay"": 0.99}",2.5794633294538047
H2_Switching_Delayed_Volterra,B4_MINIMAL_GRU,11,"{""learning_rate"": 0.003, ""weight_decay"": 0.999}",2.579454878128838
H2_Switching_Delayed_Volterra,B4_MINIMAL_GRU,12,"{""learning_rate"": 0.01, ""weight_decay"": 0.9}",2.5794090755025203
H2_Switching_Delayed_Volterra,B4_MINIMAL_GRU,13,"{""learning_rate"": 0.01, ""weight_decay"": 0.95}",2.5793822741021124
H2_Switching_Delayed_Volterra,B4_MINIMAL_GRU,14,"{""learning_rate"": 0.01, ""weight_decay"": 0.99}",2.5793055836158447
H2_Switching_Delayed_Volterra,B4_MINIMAL_GRU,15,"{""learning_rate"": 0.01, ""weight_decay"": 0.999}",2.578580982643786
H2_Switching_Delayed_Volterra,B5_ONLINE_ESN,0,"{""reservoir_size"": 10, ""spectral_radius"": 0.85, ""leak_rate"": 0.3, ""readout_lr"": 0.001}",2.574770275157941
H2_Switching_Delayed_Volterra,B5_ONLINE_ESN,1,"{""reservoir_size"": 10, ""spectral_radius"": 0.85, ""leak_rate"": 0.3, ""readout_lr"": 0.01}",2.5496115853533596
H2_Switching_Delayed_Volterra,B5_ONLINE_ESN,2,"{""reservoir_size"": 10, ""spectral_radius"": 0.85, ""leak_rate"": 0.7, ""readout_lr"": 0.001}",2.576309182877268
H2_Switching_Delayed_Volterra,B5_ONLINE_ESN,3,"{""reservoir_size"": 10, ""spectral_radius"": 0.85, ""leak_rate"": 0.7, ""readout_lr"": 0.01}",2.5778573676036856
H2_Switching_Delayed_Volterra,B5_ONLINE_ESN,4,"{""reservoir_size"": 10, ""spectral_radius"": 0.95, ""leak_rate"": 0.3, ""readout_lr"": 0.001}",2.5746838789417876
H2_Switching_Delayed_Volterra,B5_ONLINE_ESN,5,"{""reservoir_size"": 10, ""spectral_radius"": 0.95, ""leak_rate"": 0.3, ""readout_lr"": 0.01}",2.5489873868176325
H2_Switching_Delayed_Volterra,B5_ONLINE_ESN,6,"{""reservoir_size"": 10, ""spectral_radius"": 0.95, ""leak_rate"": 0.7, ""readout_lr"": 0.001}",2.5763829218909855
H2_Switching_Delayed_Volterra,B5_ONLINE_ESN,7,"{""reservoir_size"": 10, ""spectral_radius"": 0.95, ""leak_rate"": 0.7, ""readout_lr"": 0.01}",2.578799784353936
H2_Switching_Delayed_Volterra,B5_ONLINE_ESN,8,"{""reservoir_size"": 20, ""spectral_radius"": 0.85, ""leak_rate"": 0.3, ""readout_lr"": 0.001}",2.554716803382329
H2_Switching_Delayed_Volterra,B5_ONLINE_ESN,9,"{""reservoir_size"": 20, ""spectral_radius"": 0.85, ""leak_rate"": 0.3, ""readout_lr"": 0.01}",2.4490825588603884
H2_Switching_Delayed_Volterra,B5_ONLINE_ESN,10,"{""reservoir_size"": 20, ""spectral_radius"": 0.85, ""leak_rate"": 0.7, ""readout_lr"": 0.001}",2.5617879607048675
H2_Switching_Delayed_Volterra,B5_ONLINE_ESN,11,"{""reservoir_size"": 20, ""spectral_radius"": 0.85, ""leak_rate"": 0.7, ""readout_lr"": 0.01}",2.5351270841133284
H2_Switching_Delayed_Volterra,B5_ONLINE_ESN,12,"{""reservoir_size"": 20, ""spectral_radius"": 0.95, ""leak_rate"": 0.3, ""readout_lr"": 0.001}",2.5497863801059726
H2_Switching_Delayed_Volterra,B5_ONLINE_ESN,13,"{""reservoir_size"": 20, ""spectral_radius"": 0.95, ""leak_rate"": 0.3, ""readout_lr"": 0.01}",2.437996523113553
H2_Switching_Delayed_Volterra,B5_ONLINE_ESN,14,"{""reservoir_size"": 20, ""spectral_radius"": 0.95, ""leak_rate"": 0.7, ""readout_lr"": 0.001}",2.5582824361107908
H2_Switching_Delayed_Volterra,B5_ONLINE_ESN,15,"{""reservoir_size"": 20, ""spectral_radius"": 0.95, ""leak_rate"": 0.7, ""readout_lr"": 0.01}",2.528171023640793
H2_Switching_Delayed_Volterra,S1_VARIABLE_TAP_LMS,0,"{""learning_rate"": 0.001, ""tap_leakage"": 0.0001}",2.557717628071921
H2_Switching_Delayed_Volterra,S1_VARIABLE_TAP_LMS,1,"{""learning_rate"": 0.001, ""tap_leakage"": 0.001}",2.5593212036792194
H2_Switching_Delayed_Volterra,S1_VARIABLE_TAP_LMS,2,"{""learning_rate"": 0.001, ""tap_leakage"": 0.01}",2.566080229253127
H2_Switching_Delayed_Volterra,S1_VARIABLE_TAP_LMS,3,"{""learning_rate"": 0.001, ""tap_leakage"": 0.1}",2.5720403751125187
H2_Switching_Delayed_Volterra,S1_VARIABLE_TAP_LMS,4,"{""learning_rate"": 0.003, ""tap_leakage"": 0.0001}",2.55218528934807
H2_Switching_Delayed_Volterra,S1_VARIABLE_TAP_LMS,5,"{""learning_rate"": 0.003, ""tap_leakage"": 0.001}",2.550237844587699
H2_Switching_Delayed_Volterra,S1_VARIABLE_TAP_LMS,6,"{""learning_rate"": 0.003, ""tap_leakage"": 0.01}",2.5454789928843353
H2_Switching_Delayed_Volterra,S1_VARIABLE_TAP_LMS,7,"{""learning_rate"": 0.003, ""tap_leakage"": 0.1}",2.5580268929278387
H2_Switching_Delayed_Volterra,S1_VARIABLE_TAP_LMS,8,"{""learning_rate"": 0.01, ""tap_leakage"": 0.0001}",2.826786818970232
H2_Switching_Delayed_Volterra,S1_VARIABLE_TAP_LMS,9,"{""learning_rate"": 0.01, ""tap_leakage"": 0.001}",2.7851172256745858
H2_Switching_Delayed_Volterra,S1_VARIABLE_TAP_LMS,10,"{""learning_rate"": 0.01, ""tap_leakage"": 0.01}",2.627617524432067
H2_Switching_Delayed_Volterra,S1_VARIABLE_TAP_LMS,11,"{""learning_rate"": 0.01, ""tap_leakage"": 0.1}",2.5193380961908107
H2_Switching_Delayed_Volterra,S1_VARIABLE_TAP_LMS,12,"{""learning_rate"": 0.03, ""tap_leakage"": 0.0001}",4.909183794158653
H2_Switching_Delayed_Volterra,S1_VARIABLE_TAP_LMS,13,"{""learning_rate"": 0.03, ""tap_leakage"": 0.001}",4.793058876404268
H2_Switching_Delayed_Volterra,S1_VARIABLE_TAP_LMS,14,"{""learning_rate"": 0.03, ""tap_leakage"": 0.01}",4.047259277452653
H2_Switching_Delayed_Volterra,S1_VARIABLE_TAP_LMS,15,"{""learning_rate"": 0.03, ""tap_leakage"": 0.1}",2.861786689418766
H2_Switching_Delayed_Volterra,S2_LRU_STREAM,0,"{""state_lr"": 0.001, ""readout_lr"": 0.001, ""state_decay"": 0.9}",2.5787232176025614
H2_Switching_Delayed_Volterra,S2_LRU_STREAM,1,"{""state_lr"": 0.001, ""readout_lr"": 0.001, ""state_decay"": 0.98}",2.5283191575893715
H2_Switching_Delayed_Volterra,S2_LRU_STREAM,2,"{""state_lr"": 0.001, ""readout_lr"": 0.003, ""state_decay"": 0.9}",2.6809226087653717
H2_Switching_Delayed_Volterra,S2_LRU_STREAM,3,"{""state_lr"": 0.001, ""readout_lr"": 0.003, ""state_decay"": 0.98}",2.5573934601356942
H2_Switching_Delayed_Volterra,S2_LRU_STREAM,4,"{""state_lr"": 0.001, ""readout_lr"": 0.01, ""state_decay"": 0.9}",3.105217917046286
H2_Switching_Delayed_Volterra,S2_LRU_STREAM,5,"{""state_lr"": 0.001, ""readout_lr"": 0.01, ""state_decay"": 0.98}",2.945935250225365
H2_Switching_Delayed_Volterra,S2_LRU_STREAM,6,"{""state_lr"": 0.001, ""readout_lr"": 0.03, ""state_decay"": 0.9}",6.350644890767118
H2_Switching_Delayed_Volterra,S2_LRU_STREAM,7,"{""state_lr"": 0.001, ""readout_lr"": 0.03, ""state_decay"": 0.98}",6.201784706367094
H2_Switching_Delayed_Volterra,S2_LRU_STREAM,8,"{""state_lr"": 0.01, ""readout_lr"": 0.001, ""state_decay"": 0.9}",2.581111161457299
H2_Switching_Delayed_Volterra,S2_LRU_STREAM,9,"{""state_lr"": 0.01, ""readout_lr"": 0.001, ""state_decay"": 0.98}",2.509867850297384
H2_Switching_Delayed_Volterra,S2_LRU_STREAM,10,"{""state_lr"": 0.01, ""readout_lr"": 0.003, ""state_decay"": 0.9}",2.6842717655054518
H2_Switching_Delayed_Volterra,S2_LRU_STREAM,11,"{""state_lr"": 0.01, ""readout_lr"": 0.003, ""state_decay"": 0.98}",2.5712861646364034
H2_Switching_Delayed_Volterra,S2_LRU_STREAM,12,"{""state_lr"": 0.01, ""readout_lr"": 0.01, ""state_decay"": 0.9}",3.0347117516214084
H2_Switching_Delayed_Volterra,S2_LRU_STREAM,13,"{""state_lr"": 0.01, ""readout_lr"": 0.01, ""state_decay"": 0.98}",3.0673368768827447
H2_Switching_Delayed_Volterra,S2_LRU_STREAM,14,"{""state_lr"": 0.01, ""readout_lr"": 0.03, ""state_decay"": 0.9}",inf
H2_Switching_Delayed_Volterra,S2_LRU_STREAM,15,"{""state_lr"": 0.01, ""readout_lr"": 0.03, ""state_decay"": 0.98}",inf
H2_Switching_Delayed_Volterra,S3_RSONN,0,"{""learning_rate"": 0.001, ""growth_threshold"": 0.05, ""pruning_threshold"": 0.001}",2.4621773135181555
H2_Switching_Delayed_Volterra,S3_RSONN,1,"{""learning_rate"": 0.001, ""growth_threshold"": 0.05, ""pruning_threshold"": 0.005}",2.4765931142673385
H2_Switching_Delayed_Volterra,S3_RSONN,2,"{""learning_rate"": 0.001, ""growth_threshold"": 0.1, ""pruning_threshold"": 0.001}",2.464410488309124
H2_Switching_Delayed_Volterra,S3_RSONN,3,"{""learning_rate"": 0.001, ""growth_threshold"": 0.1, ""pruning_threshold"": 0.005}",2.4767148156399013
H2_Switching_Delayed_Volterra,S3_RSONN,4,"{""learning_rate"": 0.005, ""growth_threshold"": 0.05, ""pruning_threshold"": 0.001}",2.3982981897707245
H2_Switching_Delayed_Volterra,S3_RSONN,5,"{""learning_rate"": 0.005, ""growth_threshold"": 0.05, ""pruning_threshold"": 0.005}",2.3993045059007723
H2_Switching_Delayed_Volterra,S3_RSONN,6,"{""learning_rate"": 0.005, ""growth_threshold"": 0.1, ""pruning_threshold"": 0.001}",2.397092260653585
H2_Switching_Delayed_Volterra,S3_RSONN,7,"{""learning_rate"": 0.005, ""growth_threshold"": 0.1, ""pruning_threshold"": 0.005}",2.3990643730073598
H2_Switching_Delayed_Volterra,S3_RSONN,8,"{""learning_rate"": 0.01, ""growth_threshold"": 0.05, ""pruning_threshold"": 0.001}",2.3590152869891816
H2_Switching_Delayed_Volterra,S3_RSONN,9,"{""learning_rate"": 0.01, ""growth_threshold"": 0.05, ""pruning_threshold"": 0.005}",2.362365609983866
H2_Switching_Delayed_Volterra,S3_RSONN,10,"{""learning_rate"": 0.01, ""growth_threshold"": 0.1, ""pruning_threshold"": 0.001}",2.3608965383982516
H2_Switching_Delayed_Volterra,S3_RSONN,11,"{""learning_rate"": 0.01, ""growth_threshold"": 0.1, ""pruning_threshold"": 0.005}",2.362602395639257
H2_Switching_Delayed_Volterra,S3_RSONN,12,"{""learning_rate"": 0.02, ""growth_threshold"": 0.05, ""pruning_threshold"": 0.001}",2.292567032316311
H2_Switching_Delayed_Volterra,S3_RSONN,13,"{""learning_rate"": 0.02, ""growth_threshold"": 0.05, ""pruning_threshold"": 0.005}",2.299062415298894
H2_Switching_Delayed_Volterra,S3_RSONN,14,"{""learning_rate"": 0.02, ""growth_threshold"": 0.1, ""pruning_threshold"": 0.001}",2.2911055494655543
H2_Switching_Delayed_Volterra,S3_RSONN,15,"{""learning_rate"": 0.02, ""growth_threshold"": 0.1, ""pruning_threshold"": 0.005}",2.296913099689109
H2_Switching_Delayed_Volterra,S4_ACESN,0,"{""reservoir_size"": 20, ""spectral_radius"": 0.85, ""compression_ratio"": 0.25, ""readout_lr"": 0.001}",2.572445918048334
H2_Switching_Delayed_Volterra,S4_ACESN,1,"{""reservoir_size"": 20, ""spectral_radius"": 0.85, ""compression_ratio"": 0.25, ""readout_lr"": 0.01}",2.624849752573981
H2_Switching_Delayed_Volterra,S4_ACESN,2,"{""reservoir_size"": 20, ""spectral_radius"": 0.85, ""compression_ratio"": 0.5, ""readout_lr"": 0.001}",2.572418525538442
H2_Switching_Delayed_Volterra,S4_ACESN,3,"{""reservoir_size"": 20, ""spectral_radius"": 0.85, ""compression_ratio"": 0.5, ""readout_lr"": 0.01}",2.6248208523013727
H2_Switching_Delayed_Volterra,S4_ACESN,4,"{""reservoir_size"": 20, ""spectral_radius"": 0.95, ""compression_ratio"": 0.25, ""readout_lr"": 0.001}",2.571373985162334
H2_Switching_Delayed_Volterra,S4_ACESN,5,"{""reservoir_size"": 20, ""spectral_radius"": 0.95, ""compression_ratio"": 0.25, ""readout_lr"": 0.01}",2.628531276116006
H2_Switching_Delayed_Volterra,S4_ACESN,6,"{""reservoir_size"": 20, ""spectral_radius"": 0.95, ""compression_ratio"": 0.5, ""readout_lr"": 0.001}",2.5713718075556646
H2_Switching_Delayed_Volterra,S4_ACESN,7,"{""reservoir_size"": 20, ""spectral_radius"": 0.95, ""compression_ratio"": 0.5, ""readout_lr"": 0.01}",2.628484403443222
H2_Switching_Delayed_Volterra,S4_ACESN,8,"{""reservoir_size"": 40, ""spectral_radius"": 0.85, ""compression_ratio"": 0.25, ""readout_lr"": 0.001}",2.577402602731853
H2_Switching_Delayed_Volterra,S4_ACESN,9,"{""reservoir_size"": 40, ""spectral_radius"": 0.85, ""compression_ratio"": 0.25, ""readout_lr"": 0.01}",2.683119532030911
H2_Switching_Delayed_Volterra,S4_ACESN,10,"{""reservoir_size"": 40, ""spectral_radius"": 0.85, ""compression_ratio"": 0.5, ""readout_lr"": 0.001}",2.5774476833738436
H2_Switching_Delayed_Volterra,S4_ACESN,11,"{""reservoir_size"": 40, ""spectral_radius"": 0.85, ""compression_ratio"": 0.5, ""readout_lr"": 0.01}",2.683803505418945
H2_Switching_Delayed_Volterra,S4_ACESN,12,"{""reservoir_size"": 40, ""spectral_radius"": 0.95, ""compression_ratio"": 0.25, ""readout_lr"": 0.001}",2.5778169855647106
H2_Switching_Delayed_Volterra,S4_ACESN,13,"{""reservoir_size"": 40, ""spectral_radius"": 0.95, ""compression_ratio"": 0.25, ""readout_lr"": 0.01}",2.6929307616653113
H2_Switching_Delayed_Volterra,S4_ACESN,14,"{""reservoir_size"": 40, ""spectral_radius"": 0.95, ""compression_ratio"": 0.5, ""readout_lr"": 0.001}",2.577852824618975
H2_Switching_Delayed_Volterra,S4_ACESN,15,"{""reservoir_size"": 40, ""spectral_radius"": 0.95, ""compression_ratio"": 0.5, ""readout_lr"": 0.01}",2.6940504020648337
H2_Switching_Delayed_Volterra,S5_CONTINUAL_BACKPROP,0,"{""learning_rate"": 0.001, ""replacement_rate"": 0.0001, ""maturity_threshold"": 50}",2.5938858656454262
H2_Switching_Delayed_Volterra,S5_CONTINUAL_BACKPROP,1,"{""learning_rate"": 0.001, ""replacement_rate"": 0.0001, ""maturity_threshold"": 100}",2.592202240238624
H2_Switching_Delayed_Volterra,S5_CONTINUAL_BACKPROP,2,"{""learning_rate"": 0.001, ""replacement_rate"": 0.001, ""maturity_threshold"": 50}",2.591741893196349
H2_Switching_Delayed_Volterra,S5_CONTINUAL_BACKPROP,3,"{""learning_rate"": 0.001, ""replacement_rate"": 0.001, ""maturity_threshold"": 100}",2.593497483915223
H2_Switching_Delayed_Volterra,S5_CONTINUAL_BACKPROP,4,"{""learning_rate"": 0.005, ""replacement_rate"": 0.0001, ""maturity_threshold"": 50}",2.8046093937569765
H2_Switching_Delayed_Volterra,S5_CONTINUAL_BACKPROP,5,"{""learning_rate"": 0.005, ""replacement_rate"": 0.0001, ""maturity_threshold"": 100}",2.8036092820001137
H2_Switching_Delayed_Volterra,S5_CONTINUAL_BACKPROP,6,"{""learning_rate"": 0.005, ""replacement_rate"": 0.001, ""maturity_threshold"": 50}",2.8039180781086963
H2_Switching_Delayed_Volterra,S5_CONTINUAL_BACKPROP,7,"{""learning_rate"": 0.005, ""replacement_rate"": 0.001, ""maturity_threshold"": 100}",2.803098222040749
H2_Switching_Delayed_Volterra,S5_CONTINUAL_BACKPROP,8,"{""learning_rate"": 0.01, ""replacement_rate"": 0.0001, ""maturity_threshold"": 50}",3.1366437550385995
H2_Switching_Delayed_Volterra,S5_CONTINUAL_BACKPROP,9,"{""learning_rate"": 0.01, ""replacement_rate"": 0.0001, ""maturity_threshold"": 100}",3.1372165315400813
H2_Switching_Delayed_Volterra,S5_CONTINUAL_BACKPROP,10,"{""learning_rate"": 0.01, ""replacement_rate"": 0.001, ""maturity_threshold"": 50}",3.1361487939156483
H2_Switching_Delayed_Volterra,S5_CONTINUAL_BACKPROP,11,"{""learning_rate"": 0.01, ""replacement_rate"": 0.001, ""maturity_threshold"": 100}",3.1364284347668474
H2_Switching_Delayed_Volterra,S5_CONTINUAL_BACKPROP,12,"{""learning_rate"": 0.03, ""replacement_rate"": 0.0001, ""maturity_threshold"": 50}",6.3941957723956655
H2_Switching_Delayed_Volterra,S5_CONTINUAL_BACKPROP,13,"{""learning_rate"": 0.03, ""replacement_rate"": 0.0001, ""maturity_threshold"": 100}",6.394824508217279
H2_Switching_Delayed_Volterra,S5_CONTINUAL_BACKPROP,14,"{""learning_rate"": 0.03, ""replacement_rate"": 0.001, ""maturity_threshold"": 50}",6.393502932099293
H2_Switching_Delayed_Volterra,S5_CONTINUAL_BACKPROP,15,"{""learning_rate"": 0.03, ""replacement_rate"": 0.001, ""maturity_threshold"": 100}",6.394747012179642
H2_Switching_Delayed_Volterra,C1_CURRENT_ONLY_LINEAR,0,"{""learning_rate"": 0.001}",2.5921019403862693
H2_Switching_Delayed_Volterra,C1_CURRENT_ONLY_LINEAR,1,"{""learning_rate"": 0.003}",2.692138540144778
H2_Switching_Delayed_Volterra,C1_CURRENT_ONLY_LINEAR,2,"{""learning_rate"": 0.01}",3.1363665560224363
H2_Switching_Delayed_Volterra,C1_CURRENT_ONLY_LINEAR,3,"{""learning_rate"": 0.03}",6.394358334771764
H2_Switching_Delayed_Volterra,C2_NLMS,0,"{""step_size"": 0.01}",2.5716166384943016
H2_Switching_Delayed_Volterra,C2_NLMS,1,"{""step_size"": 0.05}",2.6008037969602
H2_Switching_Delayed_Volterra,C2_NLMS,2,"{""step_size"": 0.1}",2.6647449052072134
H2_Switching_Delayed_Volterra,C2_NLMS,3,"{""step_size"": 0.2}",2.8057883752233366
H2_Switching_Delayed_Volterra,C3_RLS,0,"{""forgetting_factor"": 0.99}",3.2247911419636055
H2_Switching_Delayed_Volterra,C3_RLS,1,"{""forgetting_factor"": 0.995}",3.003584027677967
H2_Switching_Delayed_Volterra,C3_RLS,2,"{""forgetting_factor"": 0.999}",2.8862396405274353
H2_Switching_Delayed_Volterra,C3_RLS,3,"{""forgetting_factor"": 1.0}",2.875530974043784
H2_Switching_Delayed_Volterra,C4_FIXED_LAG_LINEAR,0,"{""max_lag"": 4, ""learning_rate"": 0.001}",2.5593735584180286
H2_Switching_Delayed_Volterra,C4_FIXED_LAG_LINEAR,1,"{""max_lag"": 4, ""learning_rate"": 0.01}",2.558139859454259
H2_Switching_Delayed_Volterra,C4_FIXED_LAG_LINEAR,2,"{""max_lag"": 8, ""learning_rate"": 0.001}",2.56248722368109
H2_Switching_Delayed_Volterra,C4_FIXED_LAG_LINEAR,3,"{""max_lag"": 8, ""learning_rate"": 0.01}",2.6196093143603734
H2_Switching_Delayed_Volterra,C4_FIXED_LAG_LINEAR,4,"{""max_lag"": 16, ""learning_rate"": 0.001}",2.573079850309154
H2_Switching_Delayed_Volterra,C4_FIXED_LAG_LINEAR,5,"{""max_lag"": 16, ""learning_rate"": 0.01}",2.763508269599175
H2_Switching_Delayed_Volterra,C4_FIXED_LAG_LINEAR,6,"{""max_lag"": 32, ""learning_rate"": 0.001}",2.5882124818720835
H2_Switching_Delayed_Volterra,C4_FIXED_LAG_LINEAR,7,"{""max_lag"": 32, ""learning_rate"": 0.01}",3.0497583004013724
B1_NSW_Electricity_Derived_Regression,B1_RZA_LMS,0,"{""learning_rate"": 0.001, ""rho_zero_attraction"": 1e-06, ""epsilon_reweight"": 10.0}",0.0016971289286922108
B1_NSW_Electricity_Derived_Regression,B1_RZA_LMS,1,"{""learning_rate"": 0.001, ""rho_zero_attraction"": 1e-05, ""epsilon_reweight"": 10.0}",0.002277337563428024
B1_NSW_Electricity_Derived_Regression,B1_RZA_LMS,2,"{""learning_rate"": 0.001, ""rho_zero_attraction"": 0.0001, ""epsilon_reweight"": 10.0}",0.005991350798373078
B1_NSW_Electricity_Derived_Regression,B1_RZA_LMS,3,"{""learning_rate"": 0.001, ""rho_zero_attraction"": 0.001, ""epsilon_reweight"": 10.0}",0.005999863300127538
B1_NSW_Electricity_Derived_Regression,B1_RZA_LMS,4,"{""learning_rate"": 0.003, ""rho_zero_attraction"": 1e-06, ""epsilon_reweight"": 10.0}",0.001093332142734165
B1_NSW_Electricity_Derived_Regression,B1_RZA_LMS,5,"{""learning_rate"": 0.003, ""rho_zero_attraction"": 1e-05, ""epsilon_reweight"": 10.0}",0.001188948579131881
B1_NSW_Electricity_Derived_Regression,B1_RZA_LMS,6,"{""learning_rate"": 0.003, ""rho_zero_attraction"": 0.0001, ""epsilon_reweight"": 10.0}",0.004996896086794314
B1_NSW_Electricity_Derived_Regression,B1_RZA_LMS,7,"{""learning_rate"": 0.003, ""rho_zero_attraction"": 0.001, ""epsilon_reweight"": 10.0}",0.00597628520096428
B1_NSW_Electricity_Derived_Regression,B1_RZA_LMS,8,"{""learning_rate"": 0.01, ""rho_zero_attraction"": 1e-06, ""epsilon_reweight"": 10.0}",0.000718688268166436
B1_NSW_Electricity_Derived_Regression,B1_RZA_LMS,9,"{""learning_rate"": 0.01, ""rho_zero_attraction"": 1e-05, ""epsilon_reweight"": 10.0}",0.0007314860534701539
B1_NSW_Electricity_Derived_Regression,B1_RZA_LMS,10,"{""learning_rate"": 0.01, ""rho_zero_attraction"": 0.0001, ""epsilon_reweight"": 10.0}",0.0013088576049846024
B1_NSW_Electricity_Derived_Regression,B1_RZA_LMS,11,"{""learning_rate"": 0.01, ""rho_zero_attraction"": 0.001, ""epsilon_reweight"": 10.0}",0.005894567326349055
B1_NSW_Electricity_Derived_Regression,B1_RZA_LMS,12,"{""learning_rate"": 0.03, ""rho_zero_attraction"": 1e-06, ""epsilon_reweight"": 10.0}",0.0005205930769118792
B1_NSW_Electricity_Derived_Regression,B1_RZA_LMS,13,"{""learning_rate"": 0.03, ""rho_zero_attraction"": 1e-05, ""epsilon_reweight"": 10.0}",0.000522225881352333
B1_NSW_Electricity_Derived_Regression,B1_RZA_LMS,14,"{""learning_rate"": 0.03, ""rho_zero_attraction"": 0.0001, ""epsilon_reweight"": 10.0}",0.0005867203436388766
B1_NSW_Electricity_Derived_Regression,B1_RZA_LMS,15,"{""learning_rate"": 0.03, ""rho_zero_attraction"": 0.001, ""epsilon_reweight"": 10.0}",0.0038856666738709337
B1_NSW_Electricity_Derived_Regression,B2_CCN,0,"{""readout_lr"": 0.001, ""recurrent_lr"": 0.0001, ""max_columns"": 1}",0.0013782420838695999
B1_NSW_Electricity_Derived_Regression,B2_CCN,1,"{""readout_lr"": 0.001, ""recurrent_lr"": 0.0001, ""max_columns"": 2}",0.0013703038684475261
B1_NSW_Electricity_Derived_Regression,B2_CCN,2,"{""readout_lr"": 0.001, ""recurrent_lr"": 0.001, ""max_columns"": 1}",0.0013792374660445761
B1_NSW_Electricity_Derived_Regression,B2_CCN,3,"{""readout_lr"": 0.001, ""recurrent_lr"": 0.001, ""max_columns"": 2}",0.001370558992464256
B1_NSW_Electricity_Derived_Regression,B2_CCN,4,"{""readout_lr"": 0.003, ""recurrent_lr"": 0.0001, ""max_columns"": 1}",0.000940259410045642
B1_NSW_Electricity_Derived_Regression,B2_CCN,5,"{""readout_lr"": 0.003, ""recurrent_lr"": 0.0001, ""max_columns"": 2}",0.0009321281031199122
B1_NSW_Electricity_Derived_Regression,B2_CCN,6,"{""readout_lr"": 0.003, ""recurrent_lr"": 0.001, ""max_columns"": 1}",0.0009403503531162668
B1_NSW_Electricity_Derived_Regression,B2_CCN,7,"{""readout_lr"": 0.003, ""recurrent_lr"": 0.001, ""max_columns"": 2}",0.0009317434223230498
B1_NSW_Electricity_Derived_Regression,B2_CCN,8,"{""readout_lr"": 0.01, ""recurrent_lr"": 0.0001, ""max_columns"": 1}",0.0006539369563457747
B1_NSW_Electricity_Derived_Regression,B2_CCN,9,"{""readout_lr"": 0.01, ""recurrent_lr"": 0.0001, ""max_columns"": 2}",0.0006408676015772829
B1_NSW_Electricity_Derived_Regression,B2_CCN,10,"{""readout_lr"": 0.01, ""recurrent_lr"": 0.001, ""max_columns"": 1}",0.000653605326145705
B1_NSW_Electricity_Derived_Regression,B2_CCN,11,"{""readout_lr"": 0.01, ""recurrent_lr"": 0.001, ""max_columns"": 2}",0.0006410430838256305
B1_NSW_Electricity_Derived_Regression,B2_CCN,12,"{""readout_lr"": 0.03, ""recurrent_lr"": 0.0001, ""max_columns"": 1}",0.00048038544604993885
B1_NSW_Electricity_Derived_Regression,B2_CCN,13,"{""readout_lr"": 0.03, ""recurrent_lr"": 0.0001, ""max_columns"": 2}",0.00046803489528921845
B1_NSW_Electricity_Derived_Regression,B2_CCN,14,"{""readout_lr"": 0.03, ""recurrent_lr"": 0.001, ""max_columns"": 1}",0.00048011640729074377
B1_NSW_Electricity_Derived_Regression,B2_CCN,15,"{""readout_lr"": 0.03, ""recurrent_lr"": 0.001, ""max_columns"": 2}",0.00046806280054591774
B1_NSW_Electricity_Derived_Regression,B3_MUSE_RNN,0,"{""learning_rate"": 0.001, ""growth_multiplier"": 1.5, ""pruning_threshold"": 0.001}",0.005992604928016992
B1_NSW_Electricity_Derived_Regression,B3_MUSE_RNN,1,"{""learning_rate"": 0.001, ""growth_multiplier"": 1.5, ""pruning_threshold"": 0.01}",0.005965563765596254
B1_NSW_Electricity_Derived_Regression,B3_MUSE_RNN,2,"{""learning_rate"": 0.001, ""growth_multiplier"": 2.5, ""pruning_threshold"": 0.001}",0.00599567099207728
B1_NSW_Electricity_Derived_Regression,B3_MUSE_RNN,3,"{""learning_rate"": 0.001, ""growth_multiplier"": 2.5, ""pruning_threshold"": 0.01}",0.00597285399830199
B1_NSW_Electricity_Derived_Regression,B3_MUSE_RNN,4,"{""learning_rate"": 0.003, ""growth_multiplier"": 1.5, ""pruning_threshold"": 0.001}",0.005994768023894817
B1_NSW_Electricity_Derived_Regression,B3_MUSE_RNN,5,"{""learning_rate"": 0.003, ""growth_multiplier"": 1.5, ""pruning_threshold"": 0.01}",0.005788718539673262
B1_NSW_Electricity_Derived_Regression,B3_MUSE_RNN,6,"{""learning_rate"": 0.003, ""growth_multiplier"": 2.5, ""pruning_threshold"": 0.001}",0.005972212677126235
B1_NSW_Electricity_Derived_Regression,B3_MUSE_RNN,7,"{""learning_rate"": 0.003, ""growth_multiplier"": 2.5, ""pruning_threshold"": 0.01}",0.005967569089377812
B1_NSW_Electricity_Derived_Regression,B3_MUSE_RNN,8,"{""learning_rate"": 0.01, ""growth_multiplier"": 1.5, ""pruning_threshold"": 0.001}",0.005991406293022796
B1_NSW_Electricity_Derived_Regression,B3_MUSE_RNN,9,"{""learning_rate"": 0.01, ""growth_multiplier"": 1.5, ""pruning_threshold"": 0.01}",0.00598129885712578
B1_NSW_Electricity_Derived_Regression,B3_MUSE_RNN,10,"{""learning_rate"": 0.01, ""growth_multiplier"": 2.5, ""pruning_threshold"": 0.001}",0.005998703428585263
B1_NSW_Electricity_Derived_Regression,B3_MUSE_RNN,11,"{""learning_rate"": 0.01, ""growth_multiplier"": 2.5, ""pruning_threshold"": 0.01}",0.005998137698574563
B1_NSW_Electricity_Derived_Regression,B3_MUSE_RNN,12,"{""learning_rate"": 0.03, ""growth_multiplier"": 1.5, ""pruning_threshold"": 0.001}",0.006001034481531303
B1_NSW_Electricity_Derived_Regression,B3_MUSE_RNN,13,"{""learning_rate"": 0.03, ""growth_multiplier"": 1.5, ""pruning_threshold"": 0.01}",0.005999107658016791
B1_NSW_Electricity_Derived_Regression,B3_MUSE_RNN,14,"{""learning_rate"": 0.03, ""growth_multiplier"": 2.5, ""pruning_threshold"": 0.001}",0.0059964086706330195
B1_NSW_Electricity_Derived_Regression,B3_MUSE_RNN,15,"{""learning_rate"": 0.03, ""growth_multiplier"": 2.5, ""pruning_threshold"": 0.01}",0.006000295051820631
B1_NSW_Electricity_Derived_Regression,B4_MINIMAL_GRU,0,"{""learning_rate"": 0.0001, ""weight_decay"": 0.9}",0.006002490978095969
B1_NSW_Electricity_Derived_Regression,B4_MINIMAL_GRU,1,"{""learning_rate"": 0.0001, ""weight_decay"": 0.95}",0.006002372153120762
B1_NSW_Electricity_Derived_Regression,B4_MINIMAL_GRU,2,"{""learning_rate"": 0.0001, ""weight_decay"": 0.99}",0.006003088493282703
B1_NSW_Electricity_Derived_Regression,B4_MINIMAL_GRU,3,"{""learning_rate"": 0.0001, ""weight_decay"": 0.999}",0.006025528168777516
B1_NSW_Electricity_Derived_Regression,B4_MINIMAL_GRU,4,"{""learning_rate"": 0.001, ""weight_decay"": 0.9}",0.006002378937505988
B1_NSW_Electricity_Derived_Regression,B4_MINIMAL_GRU,5,"{""learning_rate"": 0.001, ""weight_decay"": 0.95}",0.006002324430681994
B1_NSW_Electricity_Derived_Regression,B4_MINIMAL_GRU,6,"{""learning_rate"": 0.001, ""weight_decay"": 0.99}",0.006002299540846023
B1_NSW_Electricity_Derived_Regression,B4_MINIMAL_GRU,7,"{""learning_rate"": 0.001, ""weight_decay"": 0.999}",0.005984838136385268
B1_NSW_Electricity_Derived_Regression,B4_MINIMAL_GRU,8,"{""learning_rate"": 0.003, ""weight_decay"": 0.9}",0.0060022562816934326
B1_NSW_Electricity_Derived_Regression,B4_MINIMAL_GRU,9,"{""learning_rate"": 0.003, ""weight_decay"": 0.95}",0.006002070139809902
B1_NSW_Electricity_Derived_Regression,B4_MINIMAL_GRU,10,"{""learning_rate"": 0.003, ""weight_decay"": 0.99}",0.006000031361281838
B1_NSW_Electricity_Derived_Regression,B4_MINIMAL_GRU,11,"{""learning_rate"": 0.003, ""weight_decay"": 0.999}",0.005974667839910991
B1_NSW_Electricity_Derived_Regression,B4_MINIMAL_GRU,12,"{""learning_rate"": 0.01, ""weight_decay"": 0.9}",0.006001808088516076
B1_NSW_Electricity_Derived_Regression,B4_MINIMAL_GRU,13,"{""learning_rate"": 0.01, ""weight_decay"": 0.95}",0.006001245946048196
B1_NSW_Electricity_Derived_Regression,B4_MINIMAL_GRU,14,"{""learning_rate"": 0.01, ""weight_decay"": 0.99}",0.0059971198945814935
B1_NSW_Electricity_Derived_Regression,B4_MINIMAL_GRU,15,"{""learning_rate"": 0.01, ""weight_decay"": 0.999}",0.005929008858026036
B1_NSW_Electricity_Derived_Regression,B5_ONLINE_ESN,0,"{""reservoir_size"": 10, ""spectral_radius"": 0.85, ""leak_rate"": 0.3, ""readout_lr"": 0.001}",0.003587882766653675
B1_NSW_Electricity_Derived_Regression,B5_ONLINE_ESN,1,"{""reservoir_size"": 10, ""spectral_radius"": 0.85, ""leak_rate"": 0.3, ""readout_lr"": 0.01}",0.0015019584655033861
B1_NSW_Electricity_Derived_Regression,B5_ONLINE_ESN,2,"{""reservoir_size"": 10, ""spectral_radius"": 0.85, ""leak_rate"": 0.7, ""readout_lr"": 0.001}",0.003564930136286923
B1_NSW_Electricity_Derived_Regression,B5_ONLINE_ESN,3,"{""reservoir_size"": 10, ""spectral_radius"": 0.85, ""leak_rate"": 0.7, ""readout_lr"": 0.01}",0.001475745741613672
B1_NSW_Electricity_Derived_Regression,B5_ONLINE_ESN,4,"{""reservoir_size"": 10, ""spectral_radius"": 0.95, ""leak_rate"": 0.3, ""readout_lr"": 0.001}",0.003420171121445553
B1_NSW_Electricity_Derived_Regression,B5_ONLINE_ESN,5,"{""reservoir_size"": 10, ""spectral_radius"": 0.95, ""leak_rate"": 0.3, ""readout_lr"": 0.01}",0.0014731652412434855
B1_NSW_Electricity_Derived_Regression,B5_ONLINE_ESN,6,"{""reservoir_size"": 10, ""spectral_radius"": 0.95, ""leak_rate"": 0.7, ""readout_lr"": 0.001}",0.0033969451680100162
B1_NSW_Electricity_Derived_Regression,B5_ONLINE_ESN,7,"{""reservoir_size"": 10, ""spectral_radius"": 0.95, ""leak_rate"": 0.7, ""readout_lr"": 0.01}",0.0014429967803803792
B1_NSW_Electricity_Derived_Regression,B5_ONLINE_ESN,8,"{""reservoir_size"": 20, ""spectral_radius"": 0.85, ""leak_rate"": 0.3, ""readout_lr"": 0.001}",0.0017843874044436087
B1_NSW_Electricity_Derived_Regression,B5_ONLINE_ESN,9,"{""reservoir_size"": 20, ""spectral_radius"": 0.85, ""leak_rate"": 0.3, ""readout_lr"": 0.01}",0.0008744232357247743
B1_NSW_Electricity_Derived_Regression,B5_ONLINE_ESN,10,"{""reservoir_size"": 20, ""spectral_radius"": 0.85, ""leak_rate"": 0.7, ""readout_lr"": 0.001}",0.0017865763737655086
B1_NSW_Electricity_Derived_Regression,B5_ONLINE_ESN,11,"{""reservoir_size"": 20, ""spectral_radius"": 0.85, ""leak_rate"": 0.7, ""readout_lr"": 0.01}",0.0008448616325144274
B1_NSW_Electricity_Derived_Regression,B5_ONLINE_ESN,12,"{""reservoir_size"": 20, ""spectral_radius"": 0.95, ""leak_rate"": 0.3, ""readout_lr"": 0.001}",0.001554382191335495
B1_NSW_Electricity_Derived_Regression,B5_ONLINE_ESN,13,"{""reservoir_size"": 20, ""spectral_radius"": 0.95, ""leak_rate"": 0.3, ""readout_lr"": 0.01}",0.0007954100954226862
B1_NSW_Electricity_Derived_Regression,B5_ONLINE_ESN,14,"{""reservoir_size"": 20, ""spectral_radius"": 0.95, ""leak_rate"": 0.7, ""readout_lr"": 0.001}",0.0015582689329394573
B1_NSW_Electricity_Derived_Regression,B5_ONLINE_ESN,15,"{""reservoir_size"": 20, ""spectral_radius"": 0.95, ""leak_rate"": 0.7, ""readout_lr"": 0.01}",0.000763226382720032
B1_NSW_Electricity_Derived_Regression,S1_VARIABLE_TAP_LMS,0,"{""learning_rate"": 0.001, ""tap_leakage"": 0.0001}",0.003174156905960779
B1_NSW_Electricity_Derived_Regression,S1_VARIABLE_TAP_LMS,1,"{""learning_rate"": 0.001, ""tap_leakage"": 0.001}",0.004138960281359888
B1_NSW_Electricity_Derived_Regression,S1_VARIABLE_TAP_LMS,2,"{""learning_rate"": 0.001, ""tap_leakage"": 0.01}",0.005626305443847374
B1_NSW_Electricity_Derived_Regression,S1_VARIABLE_TAP_LMS,3,"{""learning_rate"": 0.001, ""tap_leakage"": 0.1}",0.005951959224795358
B1_NSW_Electricity_Derived_Regression,S1_VARIABLE_TAP_LMS,4,"{""learning_rate"": 0.003, ""tap_leakage"": 0.0001}",0.0026669634318209775
B1_NSW_Electricity_Derived_Regression,S1_VARIABLE_TAP_LMS,5,"{""learning_rate"": 0.003, ""tap_leakage"": 0.001}",0.0031067310489398888
B1_NSW_Electricity_Derived_Regression,S1_VARIABLE_TAP_LMS,6,"{""learning_rate"": 0.003, ""tap_leakage"": 0.01}",0.005027495254183771
B1_NSW_Electricity_Derived_Regression,S1_VARIABLE_TAP_LMS,7,"{""learning_rate"": 0.003, ""tap_leakage"": 0.1}",0.005854048082727809
B1_NSW_Electricity_Derived_Regression,S1_VARIABLE_TAP_LMS,8,"{""learning_rate"": 0.01, ""tap_leakage"": 0.0001}",0.002375755837613958
B1_NSW_Electricity_Derived_Regression,S1_VARIABLE_TAP_LMS,9,"{""learning_rate"": 0.01, ""tap_leakage"": 0.001}",0.002394811060915466
B1_NSW_Electricity_Derived_Regression,S1_VARIABLE_TAP_LMS,10,"{""learning_rate"": 0.01, ""tap_leakage"": 0.01}",0.0038367352872762605
B1_NSW_Electricity_Derived_Regression,S1_VARIABLE_TAP_LMS,11,"{""learning_rate"": 0.01, ""tap_leakage"": 0.1}",0.005541186583662534
B1_NSW_Electricity_Derived_Regression,S1_VARIABLE_TAP_LMS,12,"{""learning_rate"": 0.03, ""tap_leakage"": 0.0001}",0.0021942114991913985
B1_NSW_Electricity_Derived_Regression,S1_VARIABLE_TAP_LMS,13,"{""learning_rate"": 0.03, ""tap_leakage"": 0.001}",0.002182712799562871
B1_NSW_Electricity_Derived_Regression,S1_VARIABLE_TAP_LMS,14,"{""learning_rate"": 0.03, ""tap_leakage"": 0.01}",0.0024106278433521813
B1_NSW_Electricity_Derived_Regression,S1_VARIABLE_TAP_LMS,15,"{""learning_rate"": 0.03, ""tap_leakage"": 0.1}",0.0048470611497779545
B1_NSW_Electricity_Derived_Regression,S2_LRU_STREAM,0,"{""state_lr"": 0.001, ""readout_lr"": 0.001, ""state_decay"": 0.9}",0.0015880031967648502
B1_NSW_Electricity_Derived_Regression,S2_LRU_STREAM,1,"{""state_lr"": 0.001, ""readout_lr"": 0.001, ""state_decay"": 0.98}",0.001609694958042868
B1_NSW_Electricity_Derived_Regression,S2_LRU_STREAM,2,"{""state_lr"": 0.001, ""readout_lr"": 0.003, ""state_decay"": 0.9}",0.0010791592403736965
B1_NSW_Electricity_Derived_Regression,S2_LRU_STREAM,3,"{""state_lr"": 0.001, ""readout_lr"": 0.003, ""state_decay"": 0.98}",0.0009158120134741911
B1_NSW_Electricity_Derived_Regression,S2_LRU_STREAM,4,"{""state_lr"": 0.001, ""readout_lr"": 0.01, ""state_decay"": 0.9}",0.0007540334652911251
B1_NSW_Electricity_Derived_Regression,S2_LRU_STREAM,5,"{""state_lr"": 0.001, ""readout_lr"": 0.01, ""state_decay"": 0.98}",0.0005756417712815353
B1_NSW_Electricity_Derived_Regression,S2_LRU_STREAM,6,"{""state_lr"": 0.001, ""readout_lr"": 0.03, ""state_decay"": 0.9}",0.0005191034418530889
B1_NSW_Electricity_Derived_Regression,S2_LRU_STREAM,7,"{""state_lr"": 0.001, ""readout_lr"": 0.03, ""state_decay"": 0.98}",0.0004745584010692581
B1_NSW_Electricity_Derived_Regression,S2_LRU_STREAM,8,"{""state_lr"": 0.01, ""readout_lr"": 0.001, ""state_decay"": 0.9}",0.0013240574825186234
B1_NSW_Electricity_Derived_Regression,S2_LRU_STREAM,9,"{""state_lr"": 0.01, ""readout_lr"": 0.001, ""state_decay"": 0.98}",0.0014130207780978273
B1_NSW_Electricity_Derived_Regression,S2_LRU_STREAM,10,"{""state_lr"": 0.01, ""readout_lr"": 0.003, ""state_decay"": 0.9}",0.0011260744269198984
B1_NSW_Electricity_Derived_Regression,S2_LRU_STREAM,11,"{""state_lr"": 0.01, ""readout_lr"": 0.003, ""state_decay"": 0.98}",0.000996302603746703
B1_NSW_Electricity_Derived_Regression,S2_LRU_STREAM,12,"{""state_lr"": 0.01, ""readout_lr"": 0.01, ""state_decay"": 0.9}",0.0007746389134259883
B1_NSW_Electricity_Derived_Regression,S2_LRU_STREAM,13,"{""state_lr"": 0.01, ""readout_lr"": 0.01, ""state_decay"": 0.98}",0.0004826495986443497
B1_NSW_Electricity_Derived_Regression,S2_LRU_STREAM,14,"{""state_lr"": 0.01, ""readout_lr"": 0.03, ""state_decay"": 0.9}",0.0005002894374974944
B1_NSW_Electricity_Derived_Regression,S2_LRU_STREAM,15,"{""state_lr"": 0.01, ""readout_lr"": 0.03, ""state_decay"": 0.98}",0.0005293475671459067
B1_NSW_Electricity_Derived_Regression,S3_RSONN,0,"{""learning_rate"": 0.001, ""growth_threshold"": 0.05, ""pruning_threshold"": 0.001}",0.0016214635751553505
B1_NSW_Electricity_Derived_Regression,S3_RSONN,1,"{""learning_rate"": 0.001, ""growth_threshold"": 0.05, ""pruning_threshold"": 0.005}",0.0017404629543351132
B1_NSW_Electricity_Derived_Regression,S3_RSONN,2,"{""learning_rate"": 0.001, ""growth_threshold"": 0.1, ""pruning_threshold"": 0.001}",0.0016843835121332443
B1_NSW_Electricity_Derived_Regression,S3_RSONN,3,"{""learning_rate"": 0.001, ""growth_threshold"": 0.1, ""pruning_threshold"": 0.005}",0.0025255625869579014
B1_NSW_Electricity_Derived_Regression,S3_RSONN,4,"{""learning_rate"": 0.005, ""growth_threshold"": 0.05, ""pruning_threshold"": 0.001}",0.0010118638283754006
B1_NSW_Electricity_Derived_Regression,S3_RSONN,5,"{""learning_rate"": 0.005, ""growth_threshold"": 0.05, ""pruning_threshold"": 0.005}",0.001035675462898232
B1_NSW_Electricity_Derived_Regression,S3_RSONN,6,"{""learning_rate"": 0.005, ""growth_threshold"": 0.1, ""pruning_threshold"": 0.001}",0.0010116541712590478
B1_NSW_Electricity_Derived_Regression,S3_RSONN,7,"{""learning_rate"": 0.005, ""growth_threshold"": 0.1, ""pruning_threshold"": 0.005}",0.0011385304522802935
B1_NSW_Electricity_Derived_Regression,S3_RSONN,8,"{""learning_rate"": 0.01, ""growth_threshold"": 0.05, ""pruning_threshold"": 0.001}",0.0008302792494769244
B1_NSW_Electricity_Derived_Regression,S3_RSONN,9,"{""learning_rate"": 0.01, ""growth_threshold"": 0.05, ""pruning_threshold"": 0.005}",0.0008415926904528697
B1_NSW_Electricity_Derived_Regression,S3_RSONN,10,"{""learning_rate"": 0.01, ""growth_threshold"": 0.1, ""pruning_threshold"": 0.001}",0.000856332652896306
B1_NSW_Electricity_Derived_Regression,S3_RSONN,11,"{""learning_rate"": 0.01, ""growth_threshold"": 0.1, ""pruning_threshold"": 0.005}",0.0009059737339821906
B1_NSW_Electricity_Derived_Regression,S3_RSONN,12,"{""learning_rate"": 0.02, ""growth_threshold"": 0.05, ""pruning_threshold"": 0.001}",0.0006841407977723748
B1_NSW_Electricity_Derived_Regression,S3_RSONN,13,"{""learning_rate"": 0.02, ""growth_threshold"": 0.05, ""pruning_threshold"": 0.005}",0.0007192588748850482
B1_NSW_Electricity_Derived_Regression,S3_RSONN,14,"{""learning_rate"": 0.02, ""growth_threshold"": 0.1, ""pruning_threshold"": 0.001}",0.0006864103040853243
B1_NSW_Electricity_Derived_Regression,S3_RSONN,15,"{""learning_rate"": 0.02, ""growth_threshold"": 0.1, ""pruning_threshold"": 0.005}",0.0007234082422128224
B1_NSW_Electricity_Derived_Regression,S4_ACESN,0,"{""reservoir_size"": 20, ""spectral_radius"": 0.85, ""compression_ratio"": 0.25, ""readout_lr"": 0.001}",0.004011138531048339
B1_NSW_Electricity_Derived_Regression,S4_ACESN,1,"{""reservoir_size"": 20, ""spectral_radius"": 0.85, ""compression_ratio"": 0.25, ""readout_lr"": 0.01}",0.002109571720216719
B1_NSW_Electricity_Derived_Regression,S4_ACESN,2,"{""reservoir_size"": 20, ""spectral_radius"": 0.85, ""compression_ratio"": 0.5, ""readout_lr"": 0.001}",0.003987519108906305
B1_NSW_Electricity_Derived_Regression,S4_ACESN,3,"{""reservoir_size"": 20, ""spectral_radius"": 0.85, ""compression_ratio"": 0.5, ""readout_lr"": 0.01}",0.0021068736553340075
B1_NSW_Electricity_Derived_Regression,S4_ACESN,4,"{""reservoir_size"": 20, ""spectral_radius"": 0.95, ""compression_ratio"": 0.25, ""readout_lr"": 0.001}",0.0037047265721889583
B1_NSW_Electricity_Derived_Regression,S4_ACESN,5,"{""reservoir_size"": 20, ""spectral_radius"": 0.95, ""compression_ratio"": 0.25, ""readout_lr"": 0.01}",0.0017738136013731517
B1_NSW_Electricity_Derived_Regression,S4_ACESN,6,"{""reservoir_size"": 20, ""spectral_radius"": 0.95, ""compression_ratio"": 0.5, ""readout_lr"": 0.001}",0.0036773273653948123
B1_NSW_Electricity_Derived_Regression,S4_ACESN,7,"{""reservoir_size"": 20, ""spectral_radius"": 0.95, ""compression_ratio"": 0.5, ""readout_lr"": 0.01}",0.0017640006968972601
B1_NSW_Electricity_Derived_Regression,S4_ACESN,8,"{""reservoir_size"": 40, ""spectral_radius"": 0.85, ""compression_ratio"": 0.25, ""readout_lr"": 0.001}",0.0038690609377975984
B1_NSW_Electricity_Derived_Regression,S4_ACESN,9,"{""reservoir_size"": 40, ""spectral_radius"": 0.85, ""compression_ratio"": 0.25, ""readout_lr"": 0.01}",0.0031418711578472015
B1_NSW_Electricity_Derived_Regression,S4_ACESN,10,"{""reservoir_size"": 40, ""spectral_radius"": 0.85, ""compression_ratio"": 0.5, ""readout_lr"": 0.001}",0.0038336135833140447
B1_NSW_Electricity_Derived_Regression,S4_ACESN,11,"{""reservoir_size"": 40, ""spectral_radius"": 0.85, ""compression_ratio"": 0.5, ""readout_lr"": 0.01}",0.003139225449506405
B1_NSW_Electricity_Derived_Regression,S4_ACESN,12,"{""reservoir_size"": 40, ""spectral_radius"": 0.95, ""compression_ratio"": 0.25, ""readout_lr"": 0.001}",0.0037374364399615258
B1_NSW_Electricity_Derived_Regression,S4_ACESN,13,"{""reservoir_size"": 40, ""spectral_radius"": 0.95, ""compression_ratio"": 0.25, ""readout_lr"": 0.01}",0.0031410322201916494
B1_NSW_Electricity_Derived_Regression,S4_ACESN,14,"{""reservoir_size"": 40, ""spectral_radius"": 0.95, ""compression_ratio"": 0.5, ""readout_lr"": 0.001}",0.0036806246082311915
B1_NSW_Electricity_Derived_Regression,S4_ACESN,15,"{""reservoir_size"": 40, ""spectral_radius"": 0.95, ""compression_ratio"": 0.5, ""readout_lr"": 0.01}",0.003135728751265753
B1_NSW_Electricity_Derived_Regression,S5_CONTINUAL_BACKPROP,0,"{""learning_rate"": 0.001, ""replacement_rate"": 0.0001, ""maturity_threshold"": 50}",0.0017262565050523372
B1_NSW_Electricity_Derived_Regression,S5_CONTINUAL_BACKPROP,1,"{""learning_rate"": 0.001, ""replacement_rate"": 0.0001, ""maturity_threshold"": 100}",0.0017172560624085628
B1_NSW_Electricity_Derived_Regression,S5_CONTINUAL_BACKPROP,2,"{""learning_rate"": 0.001, ""replacement_rate"": 0.001, ""maturity_threshold"": 50}",0.001702222994416484
B1_NSW_Electricity_Derived_Regression,S5_CONTINUAL_BACKPROP,3,"{""learning_rate"": 0.001, ""replacement_rate"": 0.001, ""maturity_threshold"": 100}",0.001601851172312957
B1_NSW_Electricity_Derived_Regression,S5_CONTINUAL_BACKPROP,4,"{""learning_rate"": 0.005, ""replacement_rate"": 0.0001, ""maturity_threshold"": 50}",0.0008956288600369438
B1_NSW_Electricity_Derived_Regression,S5_CONTINUAL_BACKPROP,5,"{""learning_rate"": 0.005, ""replacement_rate"": 0.0001, ""maturity_threshold"": 100}",0.000875617476007944
B1_NSW_Electricity_Derived_Regression,S5_CONTINUAL_BACKPROP,6,"{""learning_rate"": 0.005, ""replacement_rate"": 0.001, ""maturity_threshold"": 50}",0.0009102623904002457
B1_NSW_Electricity_Derived_Regression,S5_CONTINUAL_BACKPROP,7,"{""learning_rate"": 0.005, ""replacement_rate"": 0.001, ""maturity_threshold"": 100}",0.000938981699777977
B1_NSW_Electricity_Derived_Regression,S5_CONTINUAL_BACKPROP,8,"{""learning_rate"": 0.01, ""replacement_rate"": 0.0001, ""maturity_threshold"": 50}",0.0007308039582058383
B1_NSW_Electricity_Derived_Regression,S5_CONTINUAL_BACKPROP,9,"{""learning_rate"": 0.01, ""replacement_rate"": 0.0001, ""maturity_threshold"": 100}",0.0007170985221833792
B1_NSW_Electricity_Derived_Regression,S5_CONTINUAL_BACKPROP,10,"{""learning_rate"": 0.01, ""replacement_rate"": 0.001, ""maturity_threshold"": 50}",0.0007287048927119008
B1_NSW_Electricity_Derived_Regression,S5_CONTINUAL_BACKPROP,11,"{""learning_rate"": 0.01, ""replacement_rate"": 0.001, ""maturity_threshold"": 100}",0.0007143331222742717
B1_NSW_Electricity_Derived_Regression,S5_CONTINUAL_BACKPROP,12,"{""learning_rate"": 0.03, ""replacement_rate"": 0.0001, ""maturity_threshold"": 50}",0.0005209525240352043
B1_NSW_Electricity_Derived_Regression,S5_CONTINUAL_BACKPROP,13,"{""learning_rate"": 0.03, ""replacement_rate"": 0.0001, ""maturity_threshold"": 100}",0.0005245954904501633
B1_NSW_Electricity_Derived_Regression,S5_CONTINUAL_BACKPROP,14,"{""learning_rate"": 0.03, ""replacement_rate"": 0.001, ""maturity_threshold"": 50}",0.0005197126628095689
B1_NSW_Electricity_Derived_Regression,S5_CONTINUAL_BACKPROP,15,"{""learning_rate"": 0.03, ""replacement_rate"": 0.001, ""maturity_threshold"": 100}",0.0005175919852933668
B1_NSW_Electricity_Derived_Regression,C1_CURRENT_ONLY_LINEAR,0,"{""learning_rate"": 0.001}",0.0016591550784211557
B1_NSW_Electricity_Derived_Regression,C1_CURRENT_ONLY_LINEAR,1,"{""learning_rate"": 0.003}",0.0010863367396939279
B1_NSW_Electricity_Derived_Regression,C1_CURRENT_ONLY_LINEAR,2,"{""learning_rate"": 0.01}",0.0007176002024096524
B1_NSW_Electricity_Derived_Regression,C1_CURRENT_ONLY_LINEAR,3,"{""learning_rate"": 0.03}",0.0005205011916895623
B1_NSW_Electricity_Derived_Regression,C2_NLMS,0,"{""step_size"": 0.01}",0.0006551937888190432
B1_NSW_Electricity_Derived_Regression,C2_NLMS,1,"{""step_size"": 0.05}",0.0004056585075314179
B1_NSW_Electricity_Derived_Regression,C2_NLMS,2,"{""step_size"": 0.1}",0.00034088296470651913
B1_NSW_Electricity_Derived_Regression,C2_NLMS,3,"{""step_size"": 0.2}",0.00029078730238351334
B1_NSW_Electricity_Derived_Regression,C3_RLS,0,"{""forgetting_factor"": 0.99}",3.230900180767923
B1_NSW_Electricity_Derived_Regression,C3_RLS,1,"{""forgetting_factor"": 0.995}",0.0006343252184734891
B1_NSW_Electricity_Derived_Regression,C3_RLS,2,"{""forgetting_factor"": 0.999}",0.0007805310316828484
B1_NSW_Electricity_Derived_Regression,C3_RLS,3,"{""forgetting_factor"": 1.0}",0.0008353303356374724
B1_NSW_Electricity_Derived_Regression,C4_FIXED_LAG_LINEAR,0,"{""max_lag"": 4, ""learning_rate"": 0.001}",0.00272377591821586
B1_NSW_Electricity_Derived_Regression,C4_FIXED_LAG_LINEAR,1,"{""max_lag"": 4, ""learning_rate"": 0.01}",0.002226812246995471
B1_NSW_Electricity_Derived_Regression,C4_FIXED_LAG_LINEAR,2,"{""max_lag"": 8, ""learning_rate"": 0.001}",0.0024193659312728303
B1_NSW_Electricity_Derived_Regression,C4_FIXED_LAG_LINEAR,3,"{""max_lag"": 8, ""learning_rate"": 0.01}",0.001990507604538193
B1_NSW_Electricity_Derived_Regression,C4_FIXED_LAG_LINEAR,4,"{""max_lag"": 16, ""learning_rate"": 0.001}",0.00199043652959984
B1_NSW_Electricity_Derived_Regression,C4_FIXED_LAG_LINEAR,5,"{""max_lag"": 16, ""learning_rate"": 0.01}",0.0015496020806659893
B1_NSW_Electricity_Derived_Regression,C4_FIXED_LAG_LINEAR,6,"{""max_lag"": 32, ""learning_rate"": 0.001}",0.0011045416373994582
B1_NSW_Electricity_Derived_Regression,C4_FIXED_LAG_LINEAR,7,"{""max_lag"": 32, ""learning_rate"": 0.01}",0.0007334503846245184
B2_Jena_Weather,B1_RZA_LMS,0,"{""learning_rate"": 0.001, ""rho_zero_attraction"": 1e-06, ""epsilon_reweight"": 10.0}",7.051748553374151e+42
B2_Jena_Weather,B1_RZA_LMS,1,"{""learning_rate"": 0.001, ""rho_zero_attraction"": 1e-05, ""epsilon_reweight"": 10.0}",7.051748568973996e+42
B2_Jena_Weather,B1_RZA_LMS,2,"{""learning_rate"": 0.001, ""rho_zero_attraction"": 0.0001, ""epsilon_reweight"": 10.0}",7.05174872497245e+42
B2_Jena_Weather,B1_RZA_LMS,3,"{""learning_rate"": 0.001, ""rho_zero_attraction"": 0.001, ""epsilon_reweight"": 10.0}",7.051750284957178e+42
B2_Jena_Weather,B1_RZA_LMS,4,"{""learning_rate"": 0.003, ""rho_zero_attraction"": 1e-06, ""epsilon_reweight"": 10.0}",1.0298222991466096e+173
B2_Jena_Weather,B1_RZA_LMS,5,"{""learning_rate"": 0.003, ""rho_zero_attraction"": 1e-05, ""epsilon_reweight"": 10.0}",1.0298222992395978e+173
B2_Jena_Weather,B1_RZA_LMS,6,"{""learning_rate"": 0.003, ""rho_zero_attraction"": 0.0001, ""epsilon_reweight"": 10.0}",1.0298223001694288e+173
B2_Jena_Weather,B1_RZA_LMS,7,"{""learning_rate"": 0.003, ""rho_zero_attraction"": 0.001, ""epsilon_reweight"": 10.0}",1.0298223094676923e+173
B2_Jena_Weather,B1_RZA_LMS,8,"{""learning_rate"": 0.01, ""rho_zero_attraction"": 1e-06, ""epsilon_reweight"": 10.0}",inf
B2_Jena_Weather,B1_RZA_LMS,9,"{""learning_rate"": 0.01, ""rho_zero_attraction"": 1e-05, ""epsilon_reweight"": 10.0}",inf
B2_Jena_Weather,B1_RZA_LMS,10,"{""learning_rate"": 0.01, ""rho_zero_attraction"": 0.0001, ""epsilon_reweight"": 10.0}",inf
B2_Jena_Weather,B1_RZA_LMS,11,"{""learning_rate"": 0.01, ""rho_zero_attraction"": 0.001, ""epsilon_reweight"": 10.0}",inf
B2_Jena_Weather,B1_RZA_LMS,12,"{""learning_rate"": 0.03, ""rho_zero_attraction"": 1e-06, ""epsilon_reweight"": 10.0}",inf
B2_Jena_Weather,B1_RZA_LMS,13,"{""learning_rate"": 0.03, ""rho_zero_attraction"": 1e-05, ""epsilon_reweight"": 10.0}",inf
B2_Jena_Weather,B1_RZA_LMS,14,"{""learning_rate"": 0.03, ""rho_zero_attraction"": 0.0001, ""epsilon_reweight"": 10.0}",inf
B2_Jena_Weather,B1_RZA_LMS,15,"{""learning_rate"": 0.03, ""rho_zero_attraction"": 0.001, ""epsilon_reweight"": 10.0}",inf
B2_Jena_Weather,B2_CCN,0,"{""readout_lr"": 0.001, ""recurrent_lr"": 0.0001, ""max_columns"": 1}",7.296210564342987e+42
B2_Jena_Weather,B2_CCN,1,"{""readout_lr"": 0.001, ""recurrent_lr"": 0.0001, ""max_columns"": 2}",7.296142207336955e+42
B2_Jena_Weather,B2_CCN,2,"{""readout_lr"": 0.001, ""recurrent_lr"": 0.001, ""max_columns"": 1}",7.296192595320349e+42
B2_Jena_Weather,B2_CCN,3,"{""readout_lr"": 0.001, ""recurrent_lr"": 0.001, ""max_columns"": 2}",7.296079034741365e+42
B2_Jena_Weather,B2_CCN,4,"{""readout_lr"": 0.003, ""recurrent_lr"": 0.0001, ""max_columns"": 1}",1.4403287323164007e+173
B2_Jena_Weather,B2_CCN,5,"{""readout_lr"": 0.003, ""recurrent_lr"": 0.0001, ""max_columns"": 2}",1.4403096361686468e+173
B2_Jena_Weather,B2_CCN,6,"{""readout_lr"": 0.003, ""recurrent_lr"": 0.001, ""max_columns"": 1}",1.440366268576546e+173
B2_Jena_Weather,B2_CCN,7,"{""readout_lr"": 0.003, ""recurrent_lr"": 0.001, ""max_columns"": 2}",1.440331113563951e+173
B2_Jena_Weather,B2_CCN,8,"{""readout_lr"": 0.01, ""recurrent_lr"": 0.0001, ""max_columns"": 1}",inf
B2_Jena_Weather,B2_CCN,9,"{""readout_lr"": 0.01, ""recurrent_lr"": 0.0001, ""max_columns"": 2}",inf
B2_Jena_Weather,B2_CCN,10,"{""readout_lr"": 0.01, ""recurrent_lr"": 0.001, ""max_columns"": 1}",inf
B2_Jena_Weather,B2_CCN,11,"{""readout_lr"": 0.01, ""recurrent_lr"": 0.001, ""max_columns"": 2}",inf
B2_Jena_Weather,B2_CCN,12,"{""readout_lr"": 0.03, ""recurrent_lr"": 0.0001, ""max_columns"": 1}",inf
B2_Jena_Weather,B2_CCN,13,"{""readout_lr"": 0.03, ""recurrent_lr"": 0.0001, ""max_columns"": 2}",inf
B2_Jena_Weather,B2_CCN,14,"{""readout_lr"": 0.03, ""recurrent_lr"": 0.001, ""max_columns"": 1}",inf
B2_Jena_Weather,B2_CCN,15,"{""readout_lr"": 0.03, ""recurrent_lr"": 0.001, ""max_columns"": 2}",inf
B2_Jena_Weather,B3_MUSE_RNN,0,"{""learning_rate"": 0.001, ""growth_multiplier"": 1.5, ""pruning_threshold"": 0.001}",54.775048870401065
B2_Jena_Weather,B3_MUSE_RNN,1,"{""learning_rate"": 0.001, ""growth_multiplier"": 1.5, ""pruning_threshold"": 0.01}",121.35146667388123
B2_Jena_Weather,B3_MUSE_RNN,2,"{""learning_rate"": 0.001, ""growth_multiplier"": 2.5, ""pruning_threshold"": 0.001}",74.20867370656553
B2_Jena_Weather,B3_MUSE_RNN,3,"{""learning_rate"": 0.001, ""growth_multiplier"": 2.5, ""pruning_threshold"": 0.01}",111.3031549881293
B2_Jena_Weather,B3_MUSE_RNN,4,"{""learning_rate"": 0.003, ""growth_multiplier"": 1.5, ""pruning_threshold"": 0.001}",19.056285276569884
B2_Jena_Weather,B3_MUSE_RNN,5,"{""learning_rate"": 0.003, ""growth_multiplier"": 1.5, ""pruning_threshold"": 0.01}",28.823250755554707
B2_Jena_Weather,B3_MUSE_RNN,6,"{""learning_rate"": 0.003, ""growth_multiplier"": 2.5, ""pruning_threshold"": 0.001}",32.37681839630661
B2_Jena_Weather,B3_MUSE_RNN,7,"{""learning_rate"": 0.003, ""growth_multiplier"": 2.5, ""pruning_threshold"": 0.01}",24.89670650893215
B2_Jena_Weather,B3_MUSE_RNN,8,"{""learning_rate"": 0.01, ""growth_multiplier"": 1.5, ""pruning_threshold"": 0.001}",13.267844775942352
B2_Jena_Weather,B3_MUSE_RNN,9,"{""learning_rate"": 0.01, ""growth_multiplier"": 1.5, ""pruning_threshold"": 0.01}",13.174234275569283
B2_Jena_Weather,B3_MUSE_RNN,10,"{""learning_rate"": 0.01, ""growth_multiplier"": 2.5, ""pruning_threshold"": 0.001}",12.22585117126036
B2_Jena_Weather,B3_MUSE_RNN,11,"{""learning_rate"": 0.01, ""growth_multiplier"": 2.5, ""pruning_threshold"": 0.01}",24.79017628503928
B2_Jena_Weather,B3_MUSE_RNN,12,"{""learning_rate"": 0.03, ""growth_multiplier"": 1.5, ""pruning_threshold"": 0.001}",3.816608740086442
B2_Jena_Weather,B3_MUSE_RNN,13,"{""learning_rate"": 0.03, ""growth_multiplier"": 1.5, ""pruning_threshold"": 0.01}",6.44060940250746
B2_Jena_Weather,B3_MUSE_RNN,14,"{""learning_rate"": 0.03, ""growth_multiplier"": 2.5, ""pruning_threshold"": 0.001}",4.61543680466715
B2_Jena_Weather,B3_MUSE_RNN,15,"{""learning_rate"": 0.03, ""growth_multiplier"": 2.5, ""pruning_threshold"": 0.01}",6.915408546232065
B2_Jena_Weather,B4_MINIMAL_GRU,0,"{""learning_rate"": 0.0001, ""weight_decay"": 0.9}",151.30444965764238
B2_Jena_Weather,B4_MINIMAL_GRU,1,"{""learning_rate"": 0.0001, ""weight_decay"": 0.95}",148.44515780829067
B2_Jena_Weather,B4_MINIMAL_GRU,2,"{""learning_rate"": 0.0001, ""weight_decay"": 0.99}",106.3525491282769
B2_Jena_Weather,B4_MINIMAL_GRU,3,"{""learning_rate"": 0.0001, ""weight_decay"": 0.999}",81.9762077568901
B2_Jena_Weather,B4_MINIMAL_GRU,4,"{""learning_rate"": 0.001, ""weight_decay"": 0.9}",21.709158537297697
B2_Jena_Weather,B4_MINIMAL_GRU,5,"{""learning_rate"": 0.001, ""weight_decay"": 0.95}",19.759882579846575
B2_Jena_Weather,B4_MINIMAL_GRU,6,"{""learning_rate"": 0.001, ""weight_decay"": 0.99}",19.377635218593095
B2_Jena_Weather,B4_MINIMAL_GRU,7,"{""learning_rate"": 0.001, ""weight_decay"": 0.999}",23.026172635610397
B2_Jena_Weather,B4_MINIMAL_GRU,8,"{""learning_rate"": 0.003, ""weight_decay"": 0.9}",9.091697170491164
B2_Jena_Weather,B4_MINIMAL_GRU,9,"{""learning_rate"": 0.003, ""weight_decay"": 0.95}",8.912372297141568
B2_Jena_Weather,B4_MINIMAL_GRU,10,"{""learning_rate"": 0.003, ""weight_decay"": 0.99}",9.452144929935423
B2_Jena_Weather,B4_MINIMAL_GRU,11,"{""learning_rate"": 0.003, ""weight_decay"": 0.999}",17.661693114582857
B2_Jena_Weather,B4_MINIMAL_GRU,12,"{""learning_rate"": 0.01, ""weight_decay"": 0.9}",13.174449060188337
B2_Jena_Weather,B4_MINIMAL_GRU,13,"{""learning_rate"": 0.01, ""weight_decay"": 0.95}",6.094813746886277
B2_Jena_Weather,B4_MINIMAL_GRU,14,"{""learning_rate"": 0.01, ""weight_decay"": 0.99}",7.336249587148026
B2_Jena_Weather,B4_MINIMAL_GRU,15,"{""learning_rate"": 0.01, ""weight_decay"": 0.999}",20.621633965282317
B2_Jena_Weather,B5_ONLINE_ESN,0,"{""reservoir_size"": 10, ""spectral_radius"": 0.85, ""leak_rate"": 0.3, ""readout_lr"": 0.001}",18.12421354648772
B2_Jena_Weather,B5_ONLINE_ESN,1,"{""reservoir_size"": 10, ""spectral_radius"": 0.85, ""leak_rate"": 0.3, ""readout_lr"": 0.01}",4.5476657456267775
B2_Jena_Weather,B5_ONLINE_ESN,2,"{""reservoir_size"": 10, ""spectral_radius"": 0.85, ""leak_rate"": 0.7, ""readout_lr"": 0.001}",18.177347889507118
B2_Jena_Weather,B5_ONLINE_ESN,3,"{""reservoir_size"": 10, ""spectral_radius"": 0.85, ""leak_rate"": 0.7, ""readout_lr"": 0.01}",4.547974105096524
B2_Jena_Weather,B5_ONLINE_ESN,4,"{""reservoir_size"": 10, ""spectral_radius"": 0.95, ""leak_rate"": 0.3, ""readout_lr"": 0.001}",18.405324058317813
B2_Jena_Weather,B5_ONLINE_ESN,5,"{""reservoir_size"": 10, ""spectral_radius"": 0.95, ""leak_rate"": 0.3, ""readout_lr"": 0.01}",4.694698979307678
B2_Jena_Weather,B5_ONLINE_ESN,6,"{""reservoir_size"": 10, ""spectral_radius"": 0.95, ""leak_rate"": 0.7, ""readout_lr"": 0.001}",18.484270446803915
B2_Jena_Weather,B5_ONLINE_ESN,7,"{""reservoir_size"": 10, ""spectral_radius"": 0.95, ""leak_rate"": 0.7, ""readout_lr"": 0.01}",4.713014247659148
B2_Jena_Weather,B5_ONLINE_ESN,8,"{""reservoir_size"": 20, ""spectral_radius"": 0.85, ""leak_rate"": 0.3, ""readout_lr"": 0.001}",6.446384725314066
B2_Jena_Weather,B5_ONLINE_ESN,9,"{""reservoir_size"": 20, ""spectral_radius"": 0.85, ""leak_rate"": 0.3, ""readout_lr"": 0.01}",1.3129725978143851
B2_Jena_Weather,B5_ONLINE_ESN,10,"{""reservoir_size"": 20, ""spectral_radius"": 0.85, ""leak_rate"": 0.7, ""readout_lr"": 0.001}",6.0969470675418735
B2_Jena_Weather,B5_ONLINE_ESN,11,"{""reservoir_size"": 20, ""spectral_radius"": 0.85, ""leak_rate"": 0.7, ""readout_lr"": 0.01}",0.9610307100928993
B2_Jena_Weather,B5_ONLINE_ESN,12,"{""reservoir_size"": 20, ""spectral_radius"": 0.95, ""leak_rate"": 0.3, ""readout_lr"": 0.001}",6.471547051225195
B2_Jena_Weather,B5_ONLINE_ESN,13,"{""reservoir_size"": 20, ""spectral_radius"": 0.95, ""leak_rate"": 0.3, ""readout_lr"": 0.01}",1.3493238448167404
B2_Jena_Weather,B5_ONLINE_ESN,14,"{""reservoir_size"": 20, ""spectral_radius"": 0.95, ""leak_rate"": 0.7, ""readout_lr"": 0.001}",6.131416183683586
B2_Jena_Weather,B5_ONLINE_ESN,15,"{""reservoir_size"": 20, ""spectral_radius"": 0.95, ""leak_rate"": 0.7, ""readout_lr"": 0.01}",1.0048532592407717
B2_Jena_Weather,S1_VARIABLE_TAP_LMS,0,"{""learning_rate"": 0.001, ""tap_leakage"": 0.0001}",7.009272329406527e+217
B2_Jena_Weather,S1_VARIABLE_TAP_LMS,1,"{""learning_rate"": 0.001, ""tap_leakage"": 0.001}",7.763597399808552e+217
B2_Jena_Weather,S1_VARIABLE_TAP_LMS,2,"{""learning_rate"": 0.001, ""tap_leakage"": 0.01}",2.165399310814072e+218
B2_Jena_Weather,S1_VARIABLE_TAP_LMS,3,"{""learning_rate"": 0.001, ""tap_leakage"": 0.1}",8.992667403731723e+222
B2_Jena_Weather,S1_VARIABLE_TAP_LMS,4,"{""learning_rate"": 0.003, ""tap_leakage"": 0.0001}",inf
B2_Jena_Weather,S1_VARIABLE_TAP_LMS,5,"{""learning_rate"": 0.003, ""tap_leakage"": 0.001}",inf
B2_Jena_Weather,S1_VARIABLE_TAP_LMS,6,"{""learning_rate"": 0.003, ""tap_leakage"": 0.01}",inf
B2_Jena_Weather,S1_VARIABLE_TAP_LMS,7,"{""learning_rate"": 0.003, ""tap_leakage"": 0.1}",inf
B2_Jena_Weather,S1_VARIABLE_TAP_LMS,8,"{""learning_rate"": 0.01, ""tap_leakage"": 0.0001}",inf
B2_Jena_Weather,S1_VARIABLE_TAP_LMS,9,"{""learning_rate"": 0.01, ""tap_leakage"": 0.001}",inf
B2_Jena_Weather,S1_VARIABLE_TAP_LMS,10,"{""learning_rate"": 0.01, ""tap_leakage"": 0.01}",inf
B2_Jena_Weather,S1_VARIABLE_TAP_LMS,11,"{""learning_rate"": 0.01, ""tap_leakage"": 0.1}",inf
B2_Jena_Weather,S1_VARIABLE_TAP_LMS,12,"{""learning_rate"": 0.03, ""tap_leakage"": 0.0001}",inf
B2_Jena_Weather,S1_VARIABLE_TAP_LMS,13,"{""learning_rate"": 0.03, ""tap_leakage"": 0.001}",inf
B2_Jena_Weather,S1_VARIABLE_TAP_LMS,14,"{""learning_rate"": 0.03, ""tap_leakage"": 0.01}",inf
B2_Jena_Weather,S1_VARIABLE_TAP_LMS,15,"{""learning_rate"": 0.03, ""tap_leakage"": 0.1}",inf
B2_Jena_Weather,S2_LRU_STREAM,0,"{""state_lr"": 0.001, ""readout_lr"": 0.001, ""state_decay"": 0.9}",inf
B2_Jena_Weather,S2_LRU_STREAM,1,"{""state_lr"": 0.001, ""readout_lr"": 0.001, ""state_decay"": 0.98}",inf
B2_Jena_Weather,S2_LRU_STREAM,2,"{""state_lr"": 0.001, ""readout_lr"": 0.003, ""state_decay"": 0.9}",inf
B2_Jena_Weather,S2_LRU_STREAM,3,"{""state_lr"": 0.001, ""readout_lr"": 0.003, ""state_decay"": 0.98}",inf
B2_Jena_Weather,S2_LRU_STREAM,4,"{""state_lr"": 0.001, ""readout_lr"": 0.01, ""state_decay"": 0.9}",inf
B2_Jena_Weather,S2_LRU_STREAM,5,"{""state_lr"": 0.001, ""readout_lr"": 0.01, ""state_decay"": 0.98}",inf
B2_Jena_Weather,S2_LRU_STREAM,6,"{""state_lr"": 0.001, ""readout_lr"": 0.03, ""state_decay"": 0.9}",inf
B2_Jena_Weather,S2_LRU_STREAM,7,"{""state_lr"": 0.001, ""readout_lr"": 0.03, ""state_decay"": 0.98}",inf
B2_Jena_Weather,S2_LRU_STREAM,8,"{""state_lr"": 0.01, ""readout_lr"": 0.001, ""state_decay"": 0.9}",inf
B2_Jena_Weather,S2_LRU_STREAM,9,"{""state_lr"": 0.01, ""readout_lr"": 0.001, ""state_decay"": 0.98}",inf
B2_Jena_Weather,S2_LRU_STREAM,10,"{""state_lr"": 0.01, ""readout_lr"": 0.003, ""state_decay"": 0.9}",inf
B2_Jena_Weather,S2_LRU_STREAM,11,"{""state_lr"": 0.01, ""readout_lr"": 0.003, ""state_decay"": 0.98}",inf
B2_Jena_Weather,S2_LRU_STREAM,12,"{""state_lr"": 0.01, ""readout_lr"": 0.01, ""state_decay"": 0.9}",inf
B2_Jena_Weather,S2_LRU_STREAM,13,"{""state_lr"": 0.01, ""readout_lr"": 0.01, ""state_decay"": 0.98}",inf
B2_Jena_Weather,S2_LRU_STREAM,14,"{""state_lr"": 0.01, ""readout_lr"": 0.03, ""state_decay"": 0.9}",inf
B2_Jena_Weather,S2_LRU_STREAM,15,"{""state_lr"": 0.01, ""readout_lr"": 0.03, ""state_decay"": 0.98}",inf
B2_Jena_Weather,S3_RSONN,0,"{""learning_rate"": 0.001, ""growth_threshold"": 0.05, ""pruning_threshold"": 0.001}",8.021533772637783
B2_Jena_Weather,S3_RSONN,1,"{""learning_rate"": 0.001, ""growth_threshold"": 0.05, ""pruning_threshold"": 0.005}",8.003866738805492
B2_Jena_Weather,S3_RSONN,2,"{""learning_rate"": 0.001, ""growth_threshold"": 0.1, ""pruning_threshold"": 0.001}",7.968558587435034
B2_Jena_Weather,S3_RSONN,3,"{""learning_rate"": 0.001, ""growth_threshold"": 0.1, ""pruning_threshold"": 0.005}",7.998502573047802
B2_Jena_Weather,S3_RSONN,4,"{""learning_rate"": 0.005, ""growth_threshold"": 0.05, ""pruning_threshold"": 0.001}",2.078876984183106
B2_Jena_Weather,S3_RSONN,5,"{""learning_rate"": 0.005, ""growth_threshold"": 0.05, ""pruning_threshold"": 0.005}",2.1067242388260596
B2_Jena_Weather,S3_RSONN,6,"{""learning_rate"": 0.005, ""growth_threshold"": 0.1, ""pruning_threshold"": 0.001}",2.049479211247656
B2_Jena_Weather,S3_RSONN,7,"{""learning_rate"": 0.005, ""growth_threshold"": 0.1, ""pruning_threshold"": 0.005}",2.0338154839558493
B2_Jena_Weather,S3_RSONN,8,"{""learning_rate"": 0.01, ""growth_threshold"": 0.05, ""pruning_threshold"": 0.001}",1.7935794797808302
B2_Jena_Weather,S3_RSONN,9,"{""learning_rate"": 0.01, ""growth_threshold"": 0.05, ""pruning_threshold"": 0.005}",1.813986930810725
B2_Jena_Weather,S3_RSONN,10,"{""learning_rate"": 0.01, ""growth_threshold"": 0.1, ""pruning_threshold"": 0.001}",1.709684488872772
B2_Jena_Weather,S3_RSONN,11,"{""learning_rate"": 0.01, ""growth_threshold"": 0.1, ""pruning_threshold"": 0.005}",1.5813405721505092
B2_Jena_Weather,S3_RSONN,12,"{""learning_rate"": 0.02, ""growth_threshold"": 0.05, ""pruning_threshold"": 0.001}",1.4001119720013435
B2_Jena_Weather,S3_RSONN,13,"{""learning_rate"": 0.02, ""growth_threshold"": 0.05, ""pruning_threshold"": 0.005}",1.829737866540757
B2_Jena_Weather,S3_RSONN,14,"{""learning_rate"": 0.02, ""growth_threshold"": 0.1, ""pruning_threshold"": 0.001}",1.8494799176153467
B2_Jena_Weather,S3_RSONN,15,"{""learning_rate"": 0.02, ""growth_threshold"": 0.1, ""pruning_threshold"": 0.005}",1.7208658332513627
B2_Jena_Weather,S4_ACESN,0,"{""reservoir_size"": 20, ""spectral_radius"": 0.85, ""compression_ratio"": 0.25, ""readout_lr"": 0.001}",6.295595405223811
B2_Jena_Weather,S4_ACESN,1,"{""reservoir_size"": 20, ""spectral_radius"": 0.85, ""compression_ratio"": 0.25, ""readout_lr"": 0.01}",1.123198546848872
B2_Jena_Weather,S4_ACESN,2,"{""reservoir_size"": 20, ""spectral_radius"": 0.85, ""compression_ratio"": 0.5, ""readout_lr"": 0.001}",6.229942270232255
B2_Jena_Weather,S4_ACESN,3,"{""reservoir_size"": 20, ""spectral_radius"": 0.85, ""compression_ratio"": 0.5, ""readout_lr"": 0.01}",1.0675714299745411
B2_Jena_Weather,S4_ACESN,4,"{""reservoir_size"": 20, ""spectral_radius"": 0.95, ""compression_ratio"": 0.25, ""readout_lr"": 0.001}",6.411897836731277
B2_Jena_Weather,S4_ACESN,5,"{""reservoir_size"": 20, ""spectral_radius"": 0.95, ""compression_ratio"": 0.25, ""readout_lr"": 0.01}",1.2261688411084781
B2_Jena_Weather,S4_ACESN,6,"{""reservoir_size"": 20, ""spectral_radius"": 0.95, ""compression_ratio"": 0.5, ""readout_lr"": 0.001}",6.343962352742305
B2_Jena_Weather,S4_ACESN,7,"{""reservoir_size"": 20, ""spectral_radius"": 0.95, ""compression_ratio"": 0.5, ""readout_lr"": 0.01}",1.1701066432312788
B2_Jena_Weather,S4_ACESN,8,"{""reservoir_size"": 40, ""spectral_radius"": 0.85, ""compression_ratio"": 0.25, ""readout_lr"": 0.001}",3.0769980592084845
B2_Jena_Weather,S4_ACESN,9,"{""reservoir_size"": 40, ""spectral_radius"": 0.85, ""compression_ratio"": 0.25, ""readout_lr"": 0.01}",0.6367097814600826
B2_Jena_Weather,S4_ACESN,10,"{""reservoir_size"": 40, ""spectral_radius"": 0.85, ""compression_ratio"": 0.5, ""readout_lr"": 0.001}",2.9192547352439586
B2_Jena_Weather,S4_ACESN,11,"{""reservoir_size"": 40, ""spectral_radius"": 0.85, ""compression_ratio"": 0.5, ""readout_lr"": 0.01}",0.5311176581730781
B2_Jena_Weather,S4_ACESN,12,"{""reservoir_size"": 40, ""spectral_radius"": 0.95, ""compression_ratio"": 0.25, ""readout_lr"": 0.001}",3.2277428536990946
B2_Jena_Weather,S4_ACESN,13,"{""reservoir_size"": 40, ""spectral_radius"": 0.95, ""compression_ratio"": 0.25, ""readout_lr"": 0.01}",0.7029903192639875
B2_Jena_Weather,S4_ACESN,14,"{""reservoir_size"": 40, ""spectral_radius"": 0.95, ""compression_ratio"": 0.5, ""readout_lr"": 0.001}",3.0719859449791493
B2_Jena_Weather,S4_ACESN,15,"{""reservoir_size"": 40, ""spectral_radius"": 0.95, ""compression_ratio"": 0.5, ""readout_lr"": 0.01}",0.5972725443290426
B2_Jena_Weather,S5_CONTINUAL_BACKPROP,0,"{""learning_rate"": 0.001, ""replacement_rate"": 0.0001, ""maturity_threshold"": 50}",6.92323207013795e+42
B2_Jena_Weather,S5_CONTINUAL_BACKPROP,1,"{""learning_rate"": 0.001, ""replacement_rate"": 0.0001, ""maturity_threshold"": 100}",7.466280256340277e+41
B2_Jena_Weather,S5_CONTINUAL_BACKPROP,2,"{""learning_rate"": 0.001, ""replacement_rate"": 0.001, ""maturity_threshold"": 50}",1.563973641541165e+43
B2_Jena_Weather,S5_CONTINUAL_BACKPROP,3,"{""learning_rate"": 0.001, ""replacement_rate"": 0.001, ""maturity_threshold"": 100}",9.640067807857717e+42
B2_Jena_Weather,S5_CONTINUAL_BACKPROP,4,"{""learning_rate"": 0.005, ""replacement_rate"": 0.0001, ""maturity_threshold"": 50}",1.7071984700521952e+279
B2_Jena_Weather,S5_CONTINUAL_BACKPROP,5,"{""learning_rate"": 0.005, ""replacement_rate"": 0.0001, ""maturity_threshold"": 100}",5.661283939328208e+278
B2_Jena_Weather,S5_CONTINUAL_BACKPROP,6,"{""learning_rate"": 0.005, ""replacement_rate"": 0.001, ""maturity_threshold"": 50}",1.0135940531643344e+279
B2_Jena_Weather,S5_CONTINUAL_BACKPROP,7,"{""learning_rate"": 0.005, ""replacement_rate"": 0.001, ""maturity_threshold"": 100}",2.9242513807885714e+278
B2_Jena_Weather,S5_CONTINUAL_BACKPROP,8,"{""learning_rate"": 0.01, ""replacement_rate"": 0.0001, ""maturity_threshold"": 50}",inf
B2_Jena_Weather,S5_CONTINUAL_BACKPROP,9,"{""learning_rate"": 0.01, ""replacement_rate"": 0.0001, ""maturity_threshold"": 100}",inf
B2_Jena_Weather,S5_CONTINUAL_BACKPROP,10,"{""learning_rate"": 0.01, ""replacement_rate"": 0.001, ""maturity_threshold"": 50}",inf
B2_Jena_Weather,S5_CONTINUAL_BACKPROP,11,"{""learning_rate"": 0.01, ""replacement_rate"": 0.001, ""maturity_threshold"": 100}",inf
B2_Jena_Weather,S5_CONTINUAL_BACKPROP,12,"{""learning_rate"": 0.03, ""replacement_rate"": 0.0001, ""maturity_threshold"": 50}",inf
B2_Jena_Weather,S5_CONTINUAL_BACKPROP,13,"{""learning_rate"": 0.03, ""replacement_rate"": 0.0001, ""maturity_threshold"": 100}",inf
B2_Jena_Weather,S5_CONTINUAL_BACKPROP,14,"{""learning_rate"": 0.03, ""replacement_rate"": 0.001, ""maturity_threshold"": 50}",inf
B2_Jena_Weather,S5_CONTINUAL_BACKPROP,15,"{""learning_rate"": 0.03, ""replacement_rate"": 0.001, ""maturity_threshold"": 100}",inf
B2_Jena_Weather,C1_CURRENT_ONLY_LINEAR,0,"{""learning_rate"": 0.001}",7.051748551640835e+42
B2_Jena_Weather,C1_CURRENT_ONLY_LINEAR,1,"{""learning_rate"": 0.003}",1.0298222991362806e+173
B2_Jena_Weather,C1_CURRENT_ONLY_LINEAR,2,"{""learning_rate"": 0.01}",inf
B2_Jena_Weather,C1_CURRENT_ONLY_LINEAR,3,"{""learning_rate"": 0.03}",inf
B2_Jena_Weather,C2_NLMS,0,"{""step_size"": 0.01}",6.554610878149126
B2_Jena_Weather,C2_NLMS,1,"{""step_size"": 0.05}",1.629370107549784
B2_Jena_Weather,C2_NLMS,2,"{""step_size"": 0.1}",0.8752135840308192
B2_Jena_Weather,C2_NLMS,3,"{""step_size"": 0.2}",0.47952161775340624
B2_Jena_Weather,C3_RLS,0,"{""forgetting_factor"": 0.99}",1228.6893373597102
B2_Jena_Weather,C3_RLS,1,"{""forgetting_factor"": 0.995}",1.3128671570655257
B2_Jena_Weather,C3_RLS,2,"{""forgetting_factor"": 0.999}",3.1493528460128934
B2_Jena_Weather,C3_RLS,3,"{""forgetting_factor"": 1.0}",15.726722452573947
B2_Jena_Weather,C4_FIXED_LAG_LINEAR,0,"{""max_lag"": 4, ""learning_rate"": 0.001}",3.570949999442726e+32
B2_Jena_Weather,C4_FIXED_LAG_LINEAR,1,"{""max_lag"": 4, ""learning_rate"": 0.01}",1.2256230558729313e+250
B2_Jena_Weather,C4_FIXED_LAG_LINEAR,2,"{""max_lag"": 8, ""learning_rate"": 0.001}",1.1185066612033125e+67
B2_Jena_Weather,C4_FIXED_LAG_LINEAR,3,"{""max_lag"": 8, ""learning_rate"": 0.01}",inf
B2_Jena_Weather,C4_FIXED_LAG_LINEAR,4,"{""max_lag"": 16, ""learning_rate"": 0.001}",1.6914346722512086e+136
B2_Jena_Weather,C4_FIXED_LAG_LINEAR,5,"{""max_lag"": 16, ""learning_rate"": 0.01}",inf
B2_Jena_Weather,C4_FIXED_LAG_LINEAR,6,"{""max_lag"": 32, ""learning_rate"": 0.001}",2.3781640037209863e+274
B2_Jena_Weather,C4_FIXED_LAG_LINEAR,7,"{""max_lag"": 32, ""learning_rate"": 0.01}",inf
B3_Gas_Dynamic_Mixture,B1_RZA_LMS,0,"{""learning_rate"": 0.001, ""rho_zero_attraction"": 1e-06, ""epsilon_reweight"": 10.0}",0.0
B3_Gas_Dynamic_Mixture,B1_RZA_LMS,1,"{""learning_rate"": 0.001, ""rho_zero_attraction"": 1e-05, ""epsilon_reweight"": 10.0}",0.0
B3_Gas_Dynamic_Mixture,B1_RZA_LMS,2,"{""learning_rate"": 0.001, ""rho_zero_attraction"": 0.0001, ""epsilon_reweight"": 10.0}",0.0
B3_Gas_Dynamic_Mixture,B1_RZA_LMS,3,"{""learning_rate"": 0.001, ""rho_zero_attraction"": 0.001, ""epsilon_reweight"": 10.0}",0.0
B3_Gas_Dynamic_Mixture,B1_RZA_LMS,4,"{""learning_rate"": 0.003, ""rho_zero_attraction"": 1e-06, ""epsilon_reweight"": 10.0}",0.0
B3_Gas_Dynamic_Mixture,B1_RZA_LMS,5,"{""learning_rate"": 0.003, ""rho_zero_attraction"": 1e-05, ""epsilon_reweight"": 10.0}",0.0
B3_Gas_Dynamic_Mixture,B1_RZA_LMS,6,"{""learning_rate"": 0.003, ""rho_zero_attraction"": 0.0001, ""epsilon_reweight"": 10.0}",0.0
B3_Gas_Dynamic_Mixture,B1_RZA_LMS,7,"{""learning_rate"": 0.003, ""rho_zero_attraction"": 0.001, ""epsilon_reweight"": 10.0}",0.0
B3_Gas_Dynamic_Mixture,B1_RZA_LMS,8,"{""learning_rate"": 0.01, ""rho_zero_attraction"": 1e-06, ""epsilon_reweight"": 10.0}",0.0
B3_Gas_Dynamic_Mixture,B1_RZA_LMS,9,"{""learning_rate"": 0.01, ""rho_zero_attraction"": 1e-05, ""epsilon_reweight"": 10.0}",0.0
B3_Gas_Dynamic_Mixture,B1_RZA_LMS,10,"{""learning_rate"": 0.01, ""rho_zero_attraction"": 0.0001, ""epsilon_reweight"": 10.0}",0.0
B3_Gas_Dynamic_Mixture,B1_RZA_LMS,11,"{""learning_rate"": 0.01, ""rho_zero_attraction"": 0.001, ""epsilon_reweight"": 10.0}",0.0
B3_Gas_Dynamic_Mixture,B1_RZA_LMS,12,"{""learning_rate"": 0.03, ""rho_zero_attraction"": 1e-06, ""epsilon_reweight"": 10.0}",0.0
B3_Gas_Dynamic_Mixture,B1_RZA_LMS,13,"{""learning_rate"": 0.03, ""rho_zero_attraction"": 1e-05, ""epsilon_reweight"": 10.0}",0.0
B3_Gas_Dynamic_Mixture,B1_RZA_LMS,14,"{""learning_rate"": 0.03, ""rho_zero_attraction"": 0.0001, ""epsilon_reweight"": 10.0}",0.0
B3_Gas_Dynamic_Mixture,B1_RZA_LMS,15,"{""learning_rate"": 0.03, ""rho_zero_attraction"": 0.001, ""epsilon_reweight"": 10.0}",0.0
B3_Gas_Dynamic_Mixture,B2_CCN,0,"{""readout_lr"": 0.001, ""recurrent_lr"": 0.0001, ""max_columns"": 1}",0.0
B3_Gas_Dynamic_Mixture,B2_CCN,1,"{""readout_lr"": 0.001, ""recurrent_lr"": 0.0001, ""max_columns"": 2}",0.0
B3_Gas_Dynamic_Mixture,B2_CCN,2,"{""readout_lr"": 0.001, ""recurrent_lr"": 0.001, ""max_columns"": 1}",0.0
B3_Gas_Dynamic_Mixture,B2_CCN,3,"{""readout_lr"": 0.001, ""recurrent_lr"": 0.001, ""max_columns"": 2}",0.0
B3_Gas_Dynamic_Mixture,B2_CCN,4,"{""readout_lr"": 0.003, ""recurrent_lr"": 0.0001, ""max_columns"": 1}",0.0
B3_Gas_Dynamic_Mixture,B2_CCN,5,"{""readout_lr"": 0.003, ""recurrent_lr"": 0.0001, ""max_columns"": 2}",0.0
B3_Gas_Dynamic_Mixture,B2_CCN,6,"{""readout_lr"": 0.003, ""recurrent_lr"": 0.001, ""max_columns"": 1}",0.0
B3_Gas_Dynamic_Mixture,B2_CCN,7,"{""readout_lr"": 0.003, ""recurrent_lr"": 0.001, ""max_columns"": 2}",0.0
B3_Gas_Dynamic_Mixture,B2_CCN,8,"{""readout_lr"": 0.01, ""recurrent_lr"": 0.0001, ""max_columns"": 1}",0.0
B3_Gas_Dynamic_Mixture,B2_CCN,9,"{""readout_lr"": 0.01, ""recurrent_lr"": 0.0001, ""max_columns"": 2}",0.0
B3_Gas_Dynamic_Mixture,B2_CCN,10,"{""readout_lr"": 0.01, ""recurrent_lr"": 0.001, ""max_columns"": 1}",0.0
B3_Gas_Dynamic_Mixture,B2_CCN,11,"{""readout_lr"": 0.01, ""recurrent_lr"": 0.001, ""max_columns"": 2}",0.0
B3_Gas_Dynamic_Mixture,B2_CCN,12,"{""readout_lr"": 0.03, ""recurrent_lr"": 0.0001, ""max_columns"": 1}",0.0
B3_Gas_Dynamic_Mixture,B2_CCN,13,"{""readout_lr"": 0.03, ""recurrent_lr"": 0.0001, ""max_columns"": 2}",0.0
B3_Gas_Dynamic_Mixture,B2_CCN,14,"{""readout_lr"": 0.03, ""recurrent_lr"": 0.001, ""max_columns"": 1}",0.0
B3_Gas_Dynamic_Mixture,B2_CCN,15,"{""readout_lr"": 0.03, ""recurrent_lr"": 0.001, ""max_columns"": 2}",0.0
B3_Gas_Dynamic_Mixture,B3_MUSE_RNN,0,"{""learning_rate"": 0.001, ""growth_multiplier"": 1.5, ""pruning_threshold"": 0.001}",0.0
B3_Gas_Dynamic_Mixture,B3_MUSE_RNN,1,"{""learning_rate"": 0.001, ""growth_multiplier"": 1.5, ""pruning_threshold"": 0.01}",0.0
B3_Gas_Dynamic_Mixture,B3_MUSE_RNN,2,"{""learning_rate"": 0.001, ""growth_multiplier"": 2.5, ""pruning_threshold"": 0.001}",0.0
B3_Gas_Dynamic_Mixture,B3_MUSE_RNN,3,"{""learning_rate"": 0.001, ""growth_multiplier"": 2.5, ""pruning_threshold"": 0.01}",0.0
B3_Gas_Dynamic_Mixture,B3_MUSE_RNN,4,"{""learning_rate"": 0.003, ""growth_multiplier"": 1.5, ""pruning_threshold"": 0.001}",0.0
B3_Gas_Dynamic_Mixture,B3_MUSE_RNN,5,"{""learning_rate"": 0.003, ""growth_multiplier"": 1.5, ""pruning_threshold"": 0.01}",0.0
B3_Gas_Dynamic_Mixture,B3_MUSE_RNN,6,"{""learning_rate"": 0.003, ""growth_multiplier"": 2.5, ""pruning_threshold"": 0.001}",0.0
B3_Gas_Dynamic_Mixture,B3_MUSE_RNN,7,"{""learning_rate"": 0.003, ""growth_multiplier"": 2.5, ""pruning_threshold"": 0.01}",0.0
B3_Gas_Dynamic_Mixture,B3_MUSE_RNN,8,"{""learning_rate"": 0.01, ""growth_multiplier"": 1.5, ""pruning_threshold"": 0.001}",0.0
B3_Gas_Dynamic_Mixture,B3_MUSE_RNN,9,"{""learning_rate"": 0.01, ""growth_multiplier"": 1.5, ""pruning_threshold"": 0.01}",0.0
B3_Gas_Dynamic_Mixture,B3_MUSE_RNN,10,"{""learning_rate"": 0.01, ""growth_multiplier"": 2.5, ""pruning_threshold"": 0.001}",0.0
B3_Gas_Dynamic_Mixture,B3_MUSE_RNN,11,"{""learning_rate"": 0.01, ""growth_multiplier"": 2.5, ""pruning_threshold"": 0.01}",0.0
B3_Gas_Dynamic_Mixture,B3_MUSE_RNN,12,"{""learning_rate"": 0.03, ""growth_multiplier"": 1.5, ""pruning_threshold"": 0.001}",0.0
B3_Gas_Dynamic_Mixture,B3_MUSE_RNN,13,"{""learning_rate"": 0.03, ""growth_multiplier"": 1.5, ""pruning_threshold"": 0.01}",0.0
B3_Gas_Dynamic_Mixture,B3_MUSE_RNN,14,"{""learning_rate"": 0.03, ""growth_multiplier"": 2.5, ""pruning_threshold"": 0.001}",0.0
B3_Gas_Dynamic_Mixture,B3_MUSE_RNN,15,"{""learning_rate"": 0.03, ""growth_multiplier"": 2.5, ""pruning_threshold"": 0.01}",0.0
B3_Gas_Dynamic_Mixture,B4_MINIMAL_GRU,0,"{""learning_rate"": 0.0001, ""weight_decay"": 0.9}",1.1194152890668557e-05
B3_Gas_Dynamic_Mixture,B4_MINIMAL_GRU,1,"{""learning_rate"": 0.0001, ""weight_decay"": 0.95}",2.348073828804044e-05
B3_Gas_Dynamic_Mixture,B4_MINIMAL_GRU,2,"{""learning_rate"": 0.0001, ""weight_decay"": 0.99}",2.271822340428774e-05
B3_Gas_Dynamic_Mixture,B4_MINIMAL_GRU,3,"{""learning_rate"": 0.0001, ""weight_decay"": 0.999}",7.203234248892333e-05
B3_Gas_Dynamic_Mixture,B4_MINIMAL_GRU,4,"{""learning_rate"": 0.001, ""weight_decay"": 0.9}",3.516222365793906e-05
B3_Gas_Dynamic_Mixture,B4_MINIMAL_GRU,5,"{""learning_rate"": 0.001, ""weight_decay"": 0.95}",5.5626598280342564e-05
B3_Gas_Dynamic_Mixture,B4_MINIMAL_GRU,6,"{""learning_rate"": 0.001, ""weight_decay"": 0.99}",7.271504360584585e-05
B3_Gas_Dynamic_Mixture,B4_MINIMAL_GRU,7,"{""learning_rate"": 0.001, ""weight_decay"": 0.999}",0.00028196494171628107
B3_Gas_Dynamic_Mixture,B4_MINIMAL_GRU,8,"{""learning_rate"": 0.003, ""weight_decay"": 0.9}",4.261010002829731e-05
B3_Gas_Dynamic_Mixture,B4_MINIMAL_GRU,9,"{""learning_rate"": 0.003, ""weight_decay"": 0.95}",4.094702179242879e-05
B3_Gas_Dynamic_Mixture,B4_MINIMAL_GRU,10,"{""learning_rate"": 0.003, ""weight_decay"": 0.99}",0.00010461067483921408
B3_Gas_Dynamic_Mixture,B4_MINIMAL_GRU,11,"{""learning_rate"": 0.003, ""weight_decay"": 0.999}",0.00025558578614188625
B3_Gas_Dynamic_Mixture,B4_MINIMAL_GRU,12,"{""learning_rate"": 0.01, ""weight_decay"": 0.9}",7.575573450277653e-05
B3_Gas_Dynamic_Mixture,B4_MINIMAL_GRU,13,"{""learning_rate"": 0.01, ""weight_decay"": 0.95}",4.440188779850985e-06
B3_Gas_Dynamic_Mixture,B4_MINIMAL_GRU,14,"{""learning_rate"": 0.01, ""weight_decay"": 0.99}",0.00015838124662755497
B3_Gas_Dynamic_Mixture,B4_MINIMAL_GRU,15,"{""learning_rate"": 0.01, ""weight_decay"": 0.999}",0.00012375833561805244
B3_Gas_Dynamic_Mixture,B5_ONLINE_ESN,0,"{""reservoir_size"": 10, ""spectral_radius"": 0.85, ""leak_rate"": 0.3, ""readout_lr"": 0.001}",0.0
B3_Gas_Dynamic_Mixture,B5_ONLINE_ESN,1,"{""reservoir_size"": 10, ""spectral_radius"": 0.85, ""leak_rate"": 0.3, ""readout_lr"": 0.01}",0.0
B3_Gas_Dynamic_Mixture,B5_ONLINE_ESN,2,"{""reservoir_size"": 10, ""spectral_radius"": 0.85, ""leak_rate"": 0.7, ""readout_lr"": 0.001}",0.0
B3_Gas_Dynamic_Mixture,B5_ONLINE_ESN,3,"{""reservoir_size"": 10, ""spectral_radius"": 0.85, ""leak_rate"": 0.7, ""readout_lr"": 0.01}",0.0
B3_Gas_Dynamic_Mixture,B5_ONLINE_ESN,4,"{""reservoir_size"": 10, ""spectral_radius"": 0.95, ""leak_rate"": 0.3, ""readout_lr"": 0.001}",0.0
B3_Gas_Dynamic_Mixture,B5_ONLINE_ESN,5,"{""reservoir_size"": 10, ""spectral_radius"": 0.95, ""leak_rate"": 0.3, ""readout_lr"": 0.01}",0.0
B3_Gas_Dynamic_Mixture,B5_ONLINE_ESN,6,"{""reservoir_size"": 10, ""spectral_radius"": 0.95, ""leak_rate"": 0.7, ""readout_lr"": 0.001}",0.0
B3_Gas_Dynamic_Mixture,B5_ONLINE_ESN,7,"{""reservoir_size"": 10, ""spectral_radius"": 0.95, ""leak_rate"": 0.7, ""readout_lr"": 0.01}",0.0
B3_Gas_Dynamic_Mixture,B5_ONLINE_ESN,8,"{""reservoir_size"": 20, ""spectral_radius"": 0.85, ""leak_rate"": 0.3, ""readout_lr"": 0.001}",0.0
B3_Gas_Dynamic_Mixture,B5_ONLINE_ESN,9,"{""reservoir_size"": 20, ""spectral_radius"": 0.85, ""leak_rate"": 0.3, ""readout_lr"": 0.01}",0.0
B3_Gas_Dynamic_Mixture,B5_ONLINE_ESN,10,"{""reservoir_size"": 20, ""spectral_radius"": 0.85, ""leak_rate"": 0.7, ""readout_lr"": 0.001}",0.0
B3_Gas_Dynamic_Mixture,B5_ONLINE_ESN,11,"{""reservoir_size"": 20, ""spectral_radius"": 0.85, ""leak_rate"": 0.7, ""readout_lr"": 0.01}",0.0
B3_Gas_Dynamic_Mixture,B5_ONLINE_ESN,12,"{""reservoir_size"": 20, ""spectral_radius"": 0.95, ""leak_rate"": 0.3, ""readout_lr"": 0.001}",0.0
B3_Gas_Dynamic_Mixture,B5_ONLINE_ESN,13,"{""reservoir_size"": 20, ""spectral_radius"": 0.95, ""leak_rate"": 0.3, ""readout_lr"": 0.01}",0.0
B3_Gas_Dynamic_Mixture,B5_ONLINE_ESN,14,"{""reservoir_size"": 20, ""spectral_radius"": 0.95, ""leak_rate"": 0.7, ""readout_lr"": 0.001}",0.0
B3_Gas_Dynamic_Mixture,B5_ONLINE_ESN,15,"{""reservoir_size"": 20, ""spectral_radius"": 0.95, ""leak_rate"": 0.7, ""readout_lr"": 0.01}",0.0
B3_Gas_Dynamic_Mixture,S1_VARIABLE_TAP_LMS,0,"{""learning_rate"": 0.001, ""tap_leakage"": 0.0001}",0.0
B3_Gas_Dynamic_Mixture,S1_VARIABLE_TAP_LMS,1,"{""learning_rate"": 0.001, ""tap_leakage"": 0.001}",0.0
B3_Gas_Dynamic_Mixture,S1_VARIABLE_TAP_LMS,2,"{""learning_rate"": 0.001, ""tap_leakage"": 0.01}",0.0
B3_Gas_Dynamic_Mixture,S1_VARIABLE_TAP_LMS,3,"{""learning_rate"": 0.001, ""tap_leakage"": 0.1}",0.0
B3_Gas_Dynamic_Mixture,S1_VARIABLE_TAP_LMS,4,"{""learning_rate"": 0.003, ""tap_leakage"": 0.0001}",0.0
B3_Gas_Dynamic_Mixture,S1_VARIABLE_TAP_LMS,5,"{""learning_rate"": 0.003, ""tap_leakage"": 0.001}",0.0
B3_Gas_Dynamic_Mixture,S1_VARIABLE_TAP_LMS,6,"{""learning_rate"": 0.003, ""tap_leakage"": 0.01}",0.0
B3_Gas_Dynamic_Mixture,S1_VARIABLE_TAP_LMS,7,"{""learning_rate"": 0.003, ""tap_leakage"": 0.1}",0.0
B3_Gas_Dynamic_Mixture,S1_VARIABLE_TAP_LMS,8,"{""learning_rate"": 0.01, ""tap_leakage"": 0.0001}",0.0
B3_Gas_Dynamic_Mixture,S1_VARIABLE_TAP_LMS,9,"{""learning_rate"": 0.01, ""tap_leakage"": 0.001}",0.0
B3_Gas_Dynamic_Mixture,S1_VARIABLE_TAP_LMS,10,"{""learning_rate"": 0.01, ""tap_leakage"": 0.01}",0.0
B3_Gas_Dynamic_Mixture,S1_VARIABLE_TAP_LMS,11,"{""learning_rate"": 0.01, ""tap_leakage"": 0.1}",0.0
B3_Gas_Dynamic_Mixture,S1_VARIABLE_TAP_LMS,12,"{""learning_rate"": 0.03, ""tap_leakage"": 0.0001}",0.0
B3_Gas_Dynamic_Mixture,S1_VARIABLE_TAP_LMS,13,"{""learning_rate"": 0.03, ""tap_leakage"": 0.001}",0.0
B3_Gas_Dynamic_Mixture,S1_VARIABLE_TAP_LMS,14,"{""learning_rate"": 0.03, ""tap_leakage"": 0.01}",0.0
B3_Gas_Dynamic_Mixture,S1_VARIABLE_TAP_LMS,15,"{""learning_rate"": 0.03, ""tap_leakage"": 0.1}",0.0
B3_Gas_Dynamic_Mixture,S2_LRU_STREAM,0,"{""state_lr"": 0.001, ""readout_lr"": 0.001, ""state_decay"": 0.9}",inf
B3_Gas_Dynamic_Mixture,S2_LRU_STREAM,1,"{""state_lr"": 0.001, ""readout_lr"": 0.001, ""state_decay"": 0.98}",inf
B3_Gas_Dynamic_Mixture,S2_LRU_STREAM,2,"{""state_lr"": 0.001, ""readout_lr"": 0.003, ""state_decay"": 0.9}",inf
B3_Gas_Dynamic_Mixture,S2_LRU_STREAM,3,"{""state_lr"": 0.001, ""readout_lr"": 0.003, ""state_decay"": 0.98}",inf
B3_Gas_Dynamic_Mixture,S2_LRU_STREAM,4,"{""state_lr"": 0.001, ""readout_lr"": 0.01, ""state_decay"": 0.9}",inf
B3_Gas_Dynamic_Mixture,S2_LRU_STREAM,5,"{""state_lr"": 0.001, ""readout_lr"": 0.01, ""state_decay"": 0.98}",inf
B3_Gas_Dynamic_Mixture,S2_LRU_STREAM,6,"{""state_lr"": 0.001, ""readout_lr"": 0.03, ""state_decay"": 0.9}",inf
B3_Gas_Dynamic_Mixture,S2_LRU_STREAM,7,"{""state_lr"": 0.001, ""readout_lr"": 0.03, ""state_decay"": 0.98}",inf
B3_Gas_Dynamic_Mixture,S2_LRU_STREAM,8,"{""state_lr"": 0.01, ""readout_lr"": 0.001, ""state_decay"": 0.9}",inf
B3_Gas_Dynamic_Mixture,S2_LRU_STREAM,9,"{""state_lr"": 0.01, ""readout_lr"": 0.001, ""state_decay"": 0.98}",inf
B3_Gas_Dynamic_Mixture,S2_LRU_STREAM,10,"{""state_lr"": 0.01, ""readout_lr"": 0.003, ""state_decay"": 0.9}",inf
B3_Gas_Dynamic_Mixture,S2_LRU_STREAM,11,"{""state_lr"": 0.01, ""readout_lr"": 0.003, ""state_decay"": 0.98}",inf
B3_Gas_Dynamic_Mixture,S2_LRU_STREAM,12,"{""state_lr"": 0.01, ""readout_lr"": 0.01, ""state_decay"": 0.9}",inf
B3_Gas_Dynamic_Mixture,S2_LRU_STREAM,13,"{""state_lr"": 0.01, ""readout_lr"": 0.01, ""state_decay"": 0.98}",inf
B3_Gas_Dynamic_Mixture,S2_LRU_STREAM,14,"{""state_lr"": 0.01, ""readout_lr"": 0.03, ""state_decay"": 0.9}",inf
B3_Gas_Dynamic_Mixture,S2_LRU_STREAM,15,"{""state_lr"": 0.01, ""readout_lr"": 0.03, ""state_decay"": 0.98}",inf
B3_Gas_Dynamic_Mixture,S3_RSONN,0,"{""learning_rate"": 0.001, ""growth_threshold"": 0.05, ""pruning_threshold"": 0.001}",0.0
B3_Gas_Dynamic_Mixture,S3_RSONN,1,"{""learning_rate"": 0.001, ""growth_threshold"": 0.05, ""pruning_threshold"": 0.005}",0.0
B3_Gas_Dynamic_Mixture,S3_RSONN,2,"{""learning_rate"": 0.001, ""growth_threshold"": 0.1, ""pruning_threshold"": 0.001}",0.0
B3_Gas_Dynamic_Mixture,S3_RSONN,3,"{""learning_rate"": 0.001, ""growth_threshold"": 0.1, ""pruning_threshold"": 0.005}",0.0
B3_Gas_Dynamic_Mixture,S3_RSONN,4,"{""learning_rate"": 0.005, ""growth_threshold"": 0.05, ""pruning_threshold"": 0.001}",0.0
B3_Gas_Dynamic_Mixture,S3_RSONN,5,"{""learning_rate"": 0.005, ""growth_threshold"": 0.05, ""pruning_threshold"": 0.005}",0.0
B3_Gas_Dynamic_Mixture,S3_RSONN,6,"{""learning_rate"": 0.005, ""growth_threshold"": 0.1, ""pruning_threshold"": 0.001}",0.0
B3_Gas_Dynamic_Mixture,S3_RSONN,7,"{""learning_rate"": 0.005, ""growth_threshold"": 0.1, ""pruning_threshold"": 0.005}",0.0
B3_Gas_Dynamic_Mixture,S3_RSONN,8,"{""learning_rate"": 0.01, ""growth_threshold"": 0.05, ""pruning_threshold"": 0.001}",0.0
B3_Gas_Dynamic_Mixture,S3_RSONN,9,"{""learning_rate"": 0.01, ""growth_threshold"": 0.05, ""pruning_threshold"": 0.005}",0.0
B3_Gas_Dynamic_Mixture,S3_RSONN,10,"{""learning_rate"": 0.01, ""growth_threshold"": 0.1, ""pruning_threshold"": 0.001}",0.0
B3_Gas_Dynamic_Mixture,S3_RSONN,11,"{""learning_rate"": 0.01, ""growth_threshold"": 0.1, ""pruning_threshold"": 0.005}",0.0
B3_Gas_Dynamic_Mixture,S3_RSONN,12,"{""learning_rate"": 0.02, ""growth_threshold"": 0.05, ""pruning_threshold"": 0.001}",0.0
B3_Gas_Dynamic_Mixture,S3_RSONN,13,"{""learning_rate"": 0.02, ""growth_threshold"": 0.05, ""pruning_threshold"": 0.005}",0.0
B3_Gas_Dynamic_Mixture,S3_RSONN,14,"{""learning_rate"": 0.02, ""growth_threshold"": 0.1, ""pruning_threshold"": 0.001}",0.0
B3_Gas_Dynamic_Mixture,S3_RSONN,15,"{""learning_rate"": 0.02, ""growth_threshold"": 0.1, ""pruning_threshold"": 0.005}",0.0
B3_Gas_Dynamic_Mixture,S4_ACESN,0,"{""reservoir_size"": 20, ""spectral_radius"": 0.85, ""compression_ratio"": 0.25, ""readout_lr"": 0.001}",0.0
B3_Gas_Dynamic_Mixture,S4_ACESN,1,"{""reservoir_size"": 20, ""spectral_radius"": 0.85, ""compression_ratio"": 0.25, ""readout_lr"": 0.01}",0.0
B3_Gas_Dynamic_Mixture,S4_ACESN,2,"{""reservoir_size"": 20, ""spectral_radius"": 0.85, ""compression_ratio"": 0.5, ""readout_lr"": 0.001}",0.0
B3_Gas_Dynamic_Mixture,S4_ACESN,3,"{""reservoir_size"": 20, ""spectral_radius"": 0.85, ""compression_ratio"": 0.5, ""readout_lr"": 0.01}",0.0
B3_Gas_Dynamic_Mixture,S4_ACESN,4,"{""reservoir_size"": 20, ""spectral_radius"": 0.95, ""compression_ratio"": 0.25, ""readout_lr"": 0.001}",0.0
B3_Gas_Dynamic_Mixture,S4_ACESN,5,"{""reservoir_size"": 20, ""spectral_radius"": 0.95, ""compression_ratio"": 0.25, ""readout_lr"": 0.01}",0.0
B3_Gas_Dynamic_Mixture,S4_ACESN,6,"{""reservoir_size"": 20, ""spectral_radius"": 0.95, ""compression_ratio"": 0.5, ""readout_lr"": 0.001}",0.0
B3_Gas_Dynamic_Mixture,S4_ACESN,7,"{""reservoir_size"": 20, ""spectral_radius"": 0.95, ""compression_ratio"": 0.5, ""readout_lr"": 0.01}",0.0
B3_Gas_Dynamic_Mixture,S4_ACESN,8,"{""reservoir_size"": 40, ""spectral_radius"": 0.85, ""compression_ratio"": 0.25, ""readout_lr"": 0.001}",0.0
B3_Gas_Dynamic_Mixture,S4_ACESN,9,"{""reservoir_size"": 40, ""spectral_radius"": 0.85, ""compression_ratio"": 0.25, ""readout_lr"": 0.01}",0.0
B3_Gas_Dynamic_Mixture,S4_ACESN,10,"{""reservoir_size"": 40, ""spectral_radius"": 0.85, ""compression_ratio"": 0.5, ""readout_lr"": 0.001}",0.0
B3_Gas_Dynamic_Mixture,S4_ACESN,11,"{""reservoir_size"": 40, ""spectral_radius"": 0.85, ""compression_ratio"": 0.5, ""readout_lr"": 0.01}",0.0
B3_Gas_Dynamic_Mixture,S4_ACESN,12,"{""reservoir_size"": 40, ""spectral_radius"": 0.95, ""compression_ratio"": 0.25, ""readout_lr"": 0.001}",0.0
B3_Gas_Dynamic_Mixture,S4_ACESN,13,"{""reservoir_size"": 40, ""spectral_radius"": 0.95, ""compression_ratio"": 0.25, ""readout_lr"": 0.01}",0.0
B3_Gas_Dynamic_Mixture,S4_ACESN,14,"{""reservoir_size"": 40, ""spectral_radius"": 0.95, ""compression_ratio"": 0.5, ""readout_lr"": 0.001}",0.0
B3_Gas_Dynamic_Mixture,S4_ACESN,15,"{""reservoir_size"": 40, ""spectral_radius"": 0.95, ""compression_ratio"": 0.5, ""readout_lr"": 0.01}",0.0
B3_Gas_Dynamic_Mixture,S5_CONTINUAL_BACKPROP,0,"{""learning_rate"": 0.001, ""replacement_rate"": 0.0001, ""maturity_threshold"": 50}",1.9478039928446594e+57
B3_Gas_Dynamic_Mixture,S5_CONTINUAL_BACKPROP,1,"{""learning_rate"": 0.001, ""replacement_rate"": 0.0001, ""maturity_threshold"": 100}",1.0685707225037013e+58
B3_Gas_Dynamic_Mixture,S5_CONTINUAL_BACKPROP,2,"{""learning_rate"": 0.001, ""replacement_rate"": 0.001, ""maturity_threshold"": 50}",3.1745035032963056e+58
B3_Gas_Dynamic_Mixture,S5_CONTINUAL_BACKPROP,3,"{""learning_rate"": 0.001, ""replacement_rate"": 0.001, ""maturity_threshold"": 100}",1.7052460695223377e+56
B3_Gas_Dynamic_Mixture,S5_CONTINUAL_BACKPROP,4,"{""learning_rate"": 0.005, ""replacement_rate"": 0.0001, ""maturity_threshold"": 50}",inf
B3_Gas_Dynamic_Mixture,S5_CONTINUAL_BACKPROP,5,"{""learning_rate"": 0.005, ""replacement_rate"": 0.0001, ""maturity_threshold"": 100}",inf
B3_Gas_Dynamic_Mixture,S5_CONTINUAL_BACKPROP,6,"{""learning_rate"": 0.005, ""replacement_rate"": 0.001, ""maturity_threshold"": 50}",inf
B3_Gas_Dynamic_Mixture,S5_CONTINUAL_BACKPROP,7,"{""learning_rate"": 0.005, ""replacement_rate"": 0.001, ""maturity_threshold"": 100}",inf
B3_Gas_Dynamic_Mixture,S5_CONTINUAL_BACKPROP,8,"{""learning_rate"": 0.01, ""replacement_rate"": 0.0001, ""maturity_threshold"": 50}",inf
B3_Gas_Dynamic_Mixture,S5_CONTINUAL_BACKPROP,9,"{""learning_rate"": 0.01, ""replacement_rate"": 0.0001, ""maturity_threshold"": 100}",inf
B3_Gas_Dynamic_Mixture,S5_CONTINUAL_BACKPROP,10,"{""learning_rate"": 0.01, ""replacement_rate"": 0.001, ""maturity_threshold"": 50}",inf
B3_Gas_Dynamic_Mixture,S5_CONTINUAL_BACKPROP,11,"{""learning_rate"": 0.01, ""replacement_rate"": 0.001, ""maturity_threshold"": 100}",inf
B3_Gas_Dynamic_Mixture,S5_CONTINUAL_BACKPROP,12,"{""learning_rate"": 0.03, ""replacement_rate"": 0.0001, ""maturity_threshold"": 50}",inf
B3_Gas_Dynamic_Mixture,S5_CONTINUAL_BACKPROP,13,"{""learning_rate"": 0.03, ""replacement_rate"": 0.0001, ""maturity_threshold"": 100}",inf
B3_Gas_Dynamic_Mixture,S5_CONTINUAL_BACKPROP,14,"{""learning_rate"": 0.03, ""replacement_rate"": 0.001, ""maturity_threshold"": 50}",inf
B3_Gas_Dynamic_Mixture,S5_CONTINUAL_BACKPROP,15,"{""learning_rate"": 0.03, ""replacement_rate"": 0.001, ""maturity_threshold"": 100}",inf
B3_Gas_Dynamic_Mixture,C1_CURRENT_ONLY_LINEAR,0,"{""learning_rate"": 0.001}",0.0
B3_Gas_Dynamic_Mixture,C1_CURRENT_ONLY_LINEAR,1,"{""learning_rate"": 0.003}",0.0
B3_Gas_Dynamic_Mixture,C1_CURRENT_ONLY_LINEAR,2,"{""learning_rate"": 0.01}",0.0
B3_Gas_Dynamic_Mixture,C1_CURRENT_ONLY_LINEAR,3,"{""learning_rate"": 0.03}",0.0
B3_Gas_Dynamic_Mixture,C2_NLMS,0,"{""step_size"": 0.01}",0.0
B3_Gas_Dynamic_Mixture,C2_NLMS,1,"{""step_size"": 0.05}",0.0
B3_Gas_Dynamic_Mixture,C2_NLMS,2,"{""step_size"": 0.1}",0.0
B3_Gas_Dynamic_Mixture,C2_NLMS,3,"{""step_size"": 0.2}",0.0
B3_Gas_Dynamic_Mixture,C3_RLS,0,"{""forgetting_factor"": 0.99}",0.0
B3_Gas_Dynamic_Mixture,C3_RLS,1,"{""forgetting_factor"": 0.995}",0.0
B3_Gas_Dynamic_Mixture,C3_RLS,2,"{""forgetting_factor"": 0.999}",0.0
B3_Gas_Dynamic_Mixture,C3_RLS,3,"{""forgetting_factor"": 1.0}",0.0
B3_Gas_Dynamic_Mixture,C4_FIXED_LAG_LINEAR,0,"{""max_lag"": 4, ""learning_rate"": 0.001}",0.0
B3_Gas_Dynamic_Mixture,C4_FIXED_LAG_LINEAR,1,"{""max_lag"": 4, ""learning_rate"": 0.01}",0.0
B3_Gas_Dynamic_Mixture,C4_FIXED_LAG_LINEAR,2,"{""max_lag"": 8, ""learning_rate"": 0.001}",0.0
B3_Gas_Dynamic_Mixture,C4_FIXED_LAG_LINEAR,3,"{""max_lag"": 8, ""learning_rate"": 0.01}",0.0
B3_Gas_Dynamic_Mixture,C4_FIXED_LAG_LINEAR,4,"{""max_lag"": 16, ""learning_rate"": 0.001}",0.0
B3_Gas_Dynamic_Mixture,C4_FIXED_LAG_LINEAR,5,"{""max_lag"": 16, ""learning_rate"": 0.01}",0.0
B3_Gas_Dynamic_Mixture,C4_FIXED_LAG_LINEAR,6,"{""max_lag"": 32, ""learning_rate"": 0.001}",0.0
B3_Gas_Dynamic_Mixture,C4_FIXED_LAG_LINEAR,7,"{""max_lag"": 32, ""learning_rate"": 0.01}",0.0
B4_Silverbox_System_ID,B1_RZA_LMS,0,"{""learning_rate"": 0.001, ""rho_zero_attraction"": 1e-06, ""epsilon_reweight"": 10.0}",7.356846074921516e-05
B4_Silverbox_System_ID,B1_RZA_LMS,1,"{""learning_rate"": 0.001, ""rho_zero_attraction"": 1e-05, ""epsilon_reweight"": 10.0}",7.35684639878162e-05
B4_Silverbox_System_ID,B1_RZA_LMS,2,"{""learning_rate"": 0.001, ""rho_zero_attraction"": 0.0001, ""epsilon_reweight"": 10.0}",7.356808784143298e-05
B4_Silverbox_System_ID,B1_RZA_LMS,3,"{""learning_rate"": 0.001, ""rho_zero_attraction"": 0.001, ""epsilon_reweight"": 10.0}",7.356641577624269e-05
B4_Silverbox_System_ID,B1_RZA_LMS,4,"{""learning_rate"": 0.003, ""rho_zero_attraction"": 1e-06, ""epsilon_reweight"": 10.0}",7.356845048694454e-05
B4_Silverbox_System_ID,B1_RZA_LMS,5,"{""learning_rate"": 0.003, ""rho_zero_attraction"": 1e-05, ""epsilon_reweight"": 10.0}",7.35684475225006e-05
B4_Silverbox_System_ID,B1_RZA_LMS,6,"{""learning_rate"": 0.003, ""rho_zero_attraction"": 0.0001, ""epsilon_reweight"": 10.0}",7.356828987611595e-05
B4_Silverbox_System_ID,B1_RZA_LMS,7,"{""learning_rate"": 0.003, ""rho_zero_attraction"": 0.001, ""epsilon_reweight"": 10.0}",7.356675472851857e-05
B4_Silverbox_System_ID,B1_RZA_LMS,8,"{""learning_rate"": 0.01, ""rho_zero_attraction"": 1e-06, ""epsilon_reweight"": 10.0}",7.356841727110628e-05
B4_Silverbox_System_ID,B1_RZA_LMS,9,"{""learning_rate"": 0.01, ""rho_zero_attraction"": 1e-05, ""epsilon_reweight"": 10.0}",7.356842064660579e-05
B4_Silverbox_System_ID,B1_RZA_LMS,10,"{""learning_rate"": 0.01, ""rho_zero_attraction"": 0.0001, ""epsilon_reweight"": 10.0}",7.356869805485373e-05
B4_Silverbox_System_ID,B1_RZA_LMS,11,"{""learning_rate"": 0.01, ""rho_zero_attraction"": 0.001, ""epsilon_reweight"": 10.0}",7.356902880125783e-05
B4_Silverbox_System_ID,B1_RZA_LMS,12,"{""learning_rate"": 0.03, ""rho_zero_attraction"": 1e-06, ""epsilon_reweight"": 10.0}",7.356830478332137e-05
B4_Silverbox_System_ID,B1_RZA_LMS,13,"{""learning_rate"": 0.03, ""rho_zero_attraction"": 1e-05, ""epsilon_reweight"": 10.0}",7.356832363526323e-05
B4_Silverbox_System_ID,B1_RZA_LMS,14,"{""learning_rate"": 0.03, ""rho_zero_attraction"": 0.0001, ""epsilon_reweight"": 10.0}",7.356847520628713e-05
B4_Silverbox_System_ID,B1_RZA_LMS,15,"{""learning_rate"": 0.03, ""rho_zero_attraction"": 0.001, ""epsilon_reweight"": 10.0}",7.35653212989963e-05
B4_Silverbox_System_ID,B2_CCN,0,"{""readout_lr"": 0.001, ""recurrent_lr"": 0.0001, ""max_columns"": 1}",7.327599832782632e-05
B4_Silverbox_System_ID,B2_CCN,1,"{""readout_lr"": 0.001, ""recurrent_lr"": 0.0001, ""max_columns"": 2}",7.327877114100695e-05
B4_Silverbox_System_ID,B2_CCN,2,"{""readout_lr"": 0.001, ""recurrent_lr"": 0.001, ""max_columns"": 1}",7.327597842395723e-05
B4_Silverbox_System_ID,B2_CCN,3,"{""readout_lr"": 0.001, ""recurrent_lr"": 0.001, ""max_columns"": 2}",7.327874625030227e-05
B4_Silverbox_System_ID,B2_CCN,4,"{""readout_lr"": 0.003, ""recurrent_lr"": 0.0001, ""max_columns"": 1}",7.321259814623686e-05
B4_Silverbox_System_ID,B2_CCN,5,"{""readout_lr"": 0.003, ""recurrent_lr"": 0.0001, ""max_columns"": 2}",7.324686544335196e-05
B4_Silverbox_System_ID,B2_CCN,6,"{""readout_lr"": 0.003, ""recurrent_lr"": 0.001, ""max_columns"": 1}",7.321262501577033e-05
B4_Silverbox_System_ID,B2_CCN,7,"{""readout_lr"": 0.003, ""recurrent_lr"": 0.001, ""max_columns"": 2}",7.324687803110865e-05
B4_Silverbox_System_ID,B2_CCN,8,"{""readout_lr"": 0.01, ""recurrent_lr"": 0.0001, ""max_columns"": 1}",7.326174601862244e-05
B4_Silverbox_System_ID,B2_CCN,9,"{""readout_lr"": 0.01, ""recurrent_lr"": 0.0001, ""max_columns"": 2}",7.340246232807928e-05
B4_Silverbox_System_ID,B2_CCN,10,"{""readout_lr"": 0.01, ""recurrent_lr"": 0.001, ""max_columns"": 1}",7.326175371520657e-05
B4_Silverbox_System_ID,B2_CCN,11,"{""readout_lr"": 0.01, ""recurrent_lr"": 0.001, ""max_columns"": 2}",7.340249506164839e-05
B4_Silverbox_System_ID,B2_CCN,12,"{""readout_lr"": 0.03, ""recurrent_lr"": 0.0001, ""max_columns"": 1}",7.355006317376431e-05
B4_Silverbox_System_ID,B2_CCN,13,"{""readout_lr"": 0.03, ""recurrent_lr"": 0.0001, ""max_columns"": 2}",7.398379881373749e-05
B4_Silverbox_System_ID,B2_CCN,14,"{""readout_lr"": 0.03, ""recurrent_lr"": 0.001, ""max_columns"": 1}",7.355005107479358e-05
B4_Silverbox_System_ID,B2_CCN,15,"{""readout_lr"": 0.03, ""recurrent_lr"": 0.001, ""max_columns"": 2}",7.398378624003328e-05
B4_Silverbox_System_ID,B3_MUSE_RNN,0,"{""learning_rate"": 0.001, ""growth_multiplier"": 1.5, ""pruning_threshold"": 0.001}",7.356846389030332e-05
B4_Silverbox_System_ID,B3_MUSE_RNN,1,"{""learning_rate"": 0.001, ""growth_multiplier"": 1.5, ""pruning_threshold"": 0.01}",7.356846492446308e-05
B4_Silverbox_System_ID,B3_MUSE_RNN,2,"{""learning_rate"": 0.001, ""growth_multiplier"": 2.5, ""pruning_threshold"": 0.001}",7.356846354207152e-05
B4_Silverbox_System_ID,B3_MUSE_RNN,3,"{""learning_rate"": 0.001, ""growth_multiplier"": 2.5, ""pruning_threshold"": 0.01}",7.356846405586776e-05
B4_Silverbox_System_ID,B3_MUSE_RNN,4,"{""learning_rate"": 0.003, ""growth_multiplier"": 1.5, ""pruning_threshold"": 0.001}",7.356846408236623e-05
B4_Silverbox_System_ID,B3_MUSE_RNN,5,"{""learning_rate"": 0.003, ""growth_multiplier"": 1.5, ""pruning_threshold"": 0.01}",7.356846349312035e-05
B4_Silverbox_System_ID,B3_MUSE_RNN,6,"{""learning_rate"": 0.003, ""growth_multiplier"": 2.5, ""pruning_threshold"": 0.001}",7.356846026277536e-05
B4_Silverbox_System_ID,B3_MUSE_RNN,7,"{""learning_rate"": 0.003, ""growth_multiplier"": 2.5, ""pruning_threshold"": 0.01}",7.356846358316323e-05
B4_Silverbox_System_ID,B3_MUSE_RNN,8,"{""learning_rate"": 0.01, ""growth_multiplier"": 1.5, ""pruning_threshold"": 0.001}",7.356845003363275e-05
B4_Silverbox_System_ID,B3_MUSE_RNN,9,"{""learning_rate"": 0.01, ""growth_multiplier"": 1.5, ""pruning_threshold"": 0.01}",7.356846260225105e-05
B4_Silverbox_System_ID,B3_MUSE_RNN,10,"{""learning_rate"": 0.01, ""growth_multiplier"": 2.5, ""pruning_threshold"": 0.001}",7.356845687047972e-05
B4_Silverbox_System_ID,B3_MUSE_RNN,11,"{""learning_rate"": 0.01, ""growth_multiplier"": 2.5, ""pruning_threshold"": 0.01}",7.356846272175072e-05
B4_Silverbox_System_ID,B3_MUSE_RNN,12,"{""learning_rate"": 0.03, ""growth_multiplier"": 1.5, ""pruning_threshold"": 0.001}",7.356843439874557e-05
B4_Silverbox_System_ID,B3_MUSE_RNN,13,"{""learning_rate"": 0.03, ""growth_multiplier"": 1.5, ""pruning_threshold"": 0.01}",7.356837618820053e-05
B4_Silverbox_System_ID,B3_MUSE_RNN,14,"{""learning_rate"": 0.03, ""growth_multiplier"": 2.5, ""pruning_threshold"": 0.001}",7.35684520617558e-05
B4_Silverbox_System_ID,B3_MUSE_RNN,15,"{""learning_rate"": 0.03, ""growth_multiplier"": 2.5, ""pruning_threshold"": 0.01}",7.356846066075089e-05
B4_Silverbox_System_ID,B4_MINIMAL_GRU,0,"{""learning_rate"": 0.0001, ""weight_decay"": 0.9}",7.3568439225588e-05
B4_Silverbox_System_ID,B4_MINIMAL_GRU,1,"{""learning_rate"": 0.0001, ""weight_decay"": 0.95}",7.356850703921534e-05
B4_Silverbox_System_ID,B4_MINIMAL_GRU,2,"{""learning_rate"": 0.0001, ""weight_decay"": 0.99}",7.35683895487601e-05
B4_Silverbox_System_ID,B4_MINIMAL_GRU,3,"{""learning_rate"": 0.0001, ""weight_decay"": 0.999}",7.356892651412109e-05
B4_Silverbox_System_ID,B4_MINIMAL_GRU,4,"{""learning_rate"": 0.001, ""weight_decay"": 0.9}",7.356848682855824e-05
B4_Silverbox_System_ID,B4_MINIMAL_GRU,5,"{""learning_rate"": 0.001, ""weight_decay"": 0.95}",7.356842912126753e-05
B4_Silverbox_System_ID,B4_MINIMAL_GRU,6,"{""learning_rate"": 0.001, ""weight_decay"": 0.99}",7.356851852736243e-05
B4_Silverbox_System_ID,B4_MINIMAL_GRU,7,"{""learning_rate"": 0.001, ""weight_decay"": 0.999}",7.356871356656118e-05
B4_Silverbox_System_ID,B4_MINIMAL_GRU,8,"{""learning_rate"": 0.003, ""weight_decay"": 0.9}",7.356847769886327e-05
B4_Silverbox_System_ID,B4_MINIMAL_GRU,9,"{""learning_rate"": 0.003, ""weight_decay"": 0.95}",7.356843513587376e-05
B4_Silverbox_System_ID,B4_MINIMAL_GRU,10,"{""learning_rate"": 0.003, ""weight_decay"": 0.99}",7.356833477952371e-05
B4_Silverbox_System_ID,B4_MINIMAL_GRU,11,"{""learning_rate"": 0.003, ""weight_decay"": 0.999}",7.356985127633512e-05
B4_Silverbox_System_ID,B4_MINIMAL_GRU,12,"{""learning_rate"": 0.01, ""weight_decay"": 0.9}",7.356847968261676e-05
B4_Silverbox_System_ID,B4_MINIMAL_GRU,13,"{""learning_rate"": 0.01, ""weight_decay"": 0.95}",7.356850991591917e-05
B4_Silverbox_System_ID,B4_MINIMAL_GRU,14,"{""learning_rate"": 0.01, ""weight_decay"": 0.99}",7.356843287133026e-05
B4_Silverbox_System_ID,B4_MINIMAL_GRU,15,"{""learning_rate"": 0.01, ""weight_decay"": 0.999}",7.356811467535535e-05
B4_Silverbox_System_ID,B5_ONLINE_ESN,0,"{""reservoir_size"": 10, ""spectral_radius"": 0.85, ""leak_rate"": 0.3, ""readout_lr"": 0.001}",7.356833807374078e-05
B4_Silverbox_System_ID,B5_ONLINE_ESN,1,"{""reservoir_size"": 10, ""spectral_radius"": 0.85, ""leak_rate"": 0.3, ""readout_lr"": 0.01}",7.356719588878514e-05
B4_Silverbox_System_ID,B5_ONLINE_ESN,2,"{""reservoir_size"": 10, ""spectral_radius"": 0.85, ""leak_rate"": 0.7, ""readout_lr"": 0.001}",7.35682497822565e-05
B4_Silverbox_System_ID,B5_ONLINE_ESN,3,"{""reservoir_size"": 10, ""spectral_radius"": 0.85, ""leak_rate"": 0.7, ""readout_lr"": 0.01}",7.356631329537008e-05
B4_Silverbox_System_ID,B5_ONLINE_ESN,4,"{""reservoir_size"": 10, ""spectral_radius"": 0.95, ""leak_rate"": 0.3, ""readout_lr"": 0.001}",7.35683032353986e-05
B4_Silverbox_System_ID,B5_ONLINE_ESN,5,"{""reservoir_size"": 10, ""spectral_radius"": 0.95, ""leak_rate"": 0.3, ""readout_lr"": 0.01}",7.356684843301242e-05
B4_Silverbox_System_ID,B5_ONLINE_ESN,6,"{""reservoir_size"": 10, ""spectral_radius"": 0.95, ""leak_rate"": 0.7, ""readout_lr"": 0.001}",7.356818771236728e-05
B4_Silverbox_System_ID,B5_ONLINE_ESN,7,"{""reservoir_size"": 10, ""spectral_radius"": 0.95, ""leak_rate"": 0.7, ""readout_lr"": 0.01}",7.356569371297692e-05
B4_Silverbox_System_ID,B5_ONLINE_ESN,8,"{""reservoir_size"": 20, ""spectral_radius"": 0.85, ""leak_rate"": 0.3, ""readout_lr"": 0.001}",7.356820643368388e-05
B4_Silverbox_System_ID,B5_ONLINE_ESN,9,"{""reservoir_size"": 20, ""spectral_radius"": 0.85, ""leak_rate"": 0.3, ""readout_lr"": 0.01}",7.35658825320014e-05
B4_Silverbox_System_ID,B5_ONLINE_ESN,10,"{""reservoir_size"": 20, ""spectral_radius"": 0.85, ""leak_rate"": 0.7, ""readout_lr"": 0.001}",7.356781460043402e-05
B4_Silverbox_System_ID,B5_ONLINE_ESN,11,"{""reservoir_size"": 20, ""spectral_radius"": 0.85, ""leak_rate"": 0.7, ""readout_lr"": 0.01}",7.356196800006085e-05
B4_Silverbox_System_ID,B5_ONLINE_ESN,12,"{""reservoir_size"": 20, ""spectral_radius"": 0.95, ""leak_rate"": 0.3, ""readout_lr"": 0.001}",7.356802780104361e-05
B4_Silverbox_System_ID,B5_ONLINE_ESN,13,"{""reservoir_size"": 20, ""spectral_radius"": 0.95, ""leak_rate"": 0.3, ""readout_lr"": 0.01}",7.356410981212547e-05
B4_Silverbox_System_ID,B5_ONLINE_ESN,14,"{""reservoir_size"": 20, ""spectral_radius"": 0.95, ""leak_rate"": 0.7, ""readout_lr"": 0.001}",7.356746763840423e-05
B4_Silverbox_System_ID,B5_ONLINE_ESN,15,"{""reservoir_size"": 20, ""spectral_radius"": 0.95, ""leak_rate"": 0.7, ""readout_lr"": 0.01}",7.355851813268808e-05
B4_Silverbox_System_ID,S1_VARIABLE_TAP_LMS,0,"{""learning_rate"": 0.001, ""tap_leakage"": 0.0001}",7.356673827930262e-05
B4_Silverbox_System_ID,S1_VARIABLE_TAP_LMS,1,"{""learning_rate"": 0.001, ""tap_leakage"": 0.001}",7.35678088531656e-05
B4_Silverbox_System_ID,S1_VARIABLE_TAP_LMS,2,"{""learning_rate"": 0.001, ""tap_leakage"": 0.01}",7.356837702571421e-05
B4_Silverbox_System_ID,S1_VARIABLE_TAP_LMS,3,"{""learning_rate"": 0.001, ""tap_leakage"": 0.1}",7.356845322714362e-05
B4_Silverbox_System_ID,S1_VARIABLE_TAP_LMS,4,"{""learning_rate"": 0.003, ""tap_leakage"": 0.0001}",7.356328721717799e-05
B4_Silverbox_System_ID,S1_VARIABLE_TAP_LMS,5,"{""learning_rate"": 0.003, ""tap_leakage"": 0.001}",7.356649689444872e-05
B4_Silverbox_System_ID,S1_VARIABLE_TAP_LMS,6,"{""learning_rate"": 0.003, ""tap_leakage"": 0.01}",7.35682010261408e-05
B4_Silverbox_System_ID,S1_VARIABLE_TAP_LMS,7,"{""learning_rate"": 0.003, ""tap_leakage"": 0.1}",7.356842962276608e-05
B4_Silverbox_System_ID,S1_VARIABLE_TAP_LMS,8,"{""learning_rate"": 0.01, ""tap_leakage"": 0.0001}",7.355123404987149e-05
B4_Silverbox_System_ID,S1_VARIABLE_TAP_LMS,9,"{""learning_rate"": 0.01, ""tap_leakage"": 0.001}",7.356190916946653e-05
B4_Silverbox_System_ID,S1_VARIABLE_TAP_LMS,10,"{""learning_rate"": 0.01, ""tap_leakage"": 0.01}",7.35675851093751e-05
B4_Silverbox_System_ID,S1_VARIABLE_TAP_LMS,11,"{""learning_rate"": 0.01, ""tap_leakage"": 0.1}",7.356834700873559e-05
B4_Silverbox_System_ID,S1_VARIABLE_TAP_LMS,12,"{""learning_rate"": 0.03, ""tap_leakage"": 0.0001}",7.351701420621649e-05
B4_Silverbox_System_ID,S1_VARIABLE_TAP_LMS,13,"{""learning_rate"": 0.03, ""tap_leakage"": 0.001}",7.354883669558159e-05
B4_Silverbox_System_ID,S1_VARIABLE_TAP_LMS,14,"{""learning_rate"": 0.03, ""tap_leakage"": 0.01}",7.356582604754535e-05
B4_Silverbox_System_ID,S1_VARIABLE_TAP_LMS,15,"{""learning_rate"": 0.03, ""tap_leakage"": 0.1}",7.35681109797132e-05
B4_Silverbox_System_ID,S2_LRU_STREAM,0,"{""state_lr"": 0.001, ""readout_lr"": 0.001, ""state_decay"": 0.9}",7.407070789014555e-05
B4_Silverbox_System_ID,S2_LRU_STREAM,1,"{""state_lr"": 0.001, ""readout_lr"": 0.001, ""state_decay"": 0.98}",7.851349822395283e-05
B4_Silverbox_System_ID,S2_LRU_STREAM,2,"{""state_lr"": 0.001, ""readout_lr"": 0.003, ""state_decay"": 0.9}",7.365783284733988e-05
B4_Silverbox_System_ID,S2_LRU_STREAM,3,"{""state_lr"": 0.001, ""readout_lr"": 0.003, ""state_decay"": 0.98}",7.380246311113643e-05
B4_Silverbox_System_ID,S2_LRU_STREAM,4,"{""state_lr"": 0.001, ""readout_lr"": 0.01, ""state_decay"": 0.9}",7.362079489583926e-05
B4_Silverbox_System_ID,S2_LRU_STREAM,5,"{""state_lr"": 0.001, ""readout_lr"": 0.01, ""state_decay"": 0.98}",7.510423114306906e-05
B4_Silverbox_System_ID,S2_LRU_STREAM,6,"{""state_lr"": 0.001, ""readout_lr"": 0.03, ""state_decay"": 0.9}",7.377537528198344e-05
B4_Silverbox_System_ID,S2_LRU_STREAM,7,"{""state_lr"": 0.001, ""readout_lr"": 0.03, ""state_decay"": 0.98}",7.795478257965577e-05
B4_Silverbox_System_ID,S2_LRU_STREAM,8,"{""state_lr"": 0.01, ""readout_lr"": 0.001, ""state_decay"": 0.9}",7.348502447995096e-05
B4_Silverbox_System_ID,S2_LRU_STREAM,9,"{""state_lr"": 0.01, ""readout_lr"": 0.001, ""state_decay"": 0.98}",7.385980746249337e-05
B4_Silverbox_System_ID,S2_LRU_STREAM,10,"{""state_lr"": 0.01, ""readout_lr"": 0.003, ""state_decay"": 0.9}",7.377283862157752e-05
B4_Silverbox_System_ID,S2_LRU_STREAM,11,"{""state_lr"": 0.01, ""readout_lr"": 0.003, ""state_decay"": 0.98}",7.474096985165029e-05
B4_Silverbox_System_ID,S2_LRU_STREAM,12,"{""state_lr"": 0.01, ""readout_lr"": 0.01, ""state_decay"": 0.9}",7.293360962393974e-05
B4_Silverbox_System_ID,S2_LRU_STREAM,13,"{""state_lr"": 0.01, ""readout_lr"": 0.01, ""state_decay"": 0.98}",7.336712171870866e-05
B4_Silverbox_System_ID,S2_LRU_STREAM,14,"{""state_lr"": 0.01, ""readout_lr"": 0.03, ""state_decay"": 0.9}",7.373257816472114e-05
B4_Silverbox_System_ID,S2_LRU_STREAM,15,"{""state_lr"": 0.01, ""readout_lr"": 0.03, ""state_decay"": 0.98}",7.662651627386256e-05
B4_Silverbox_System_ID,S3_RSONN,0,"{""learning_rate"": 0.001, ""growth_threshold"": 0.05, ""pruning_threshold"": 0.001}",7.328135207925036e-05
B4_Silverbox_System_ID,S3_RSONN,1,"{""learning_rate"": 0.001, ""growth_threshold"": 0.05, ""pruning_threshold"": 0.005}",7.328122587374474e-05
B4_Silverbox_System_ID,S3_RSONN,2,"{""learning_rate"": 0.001, ""growth_threshold"": 0.1, ""pruning_threshold"": 0.001}",7.328122833457261e-05
B4_Silverbox_System_ID,S3_RSONN,3,"{""learning_rate"": 0.001, ""growth_threshold"": 0.1, ""pruning_threshold"": 0.005}",7.328125162528705e-05
B4_Silverbox_System_ID,S3_RSONN,4,"{""learning_rate"": 0.005, ""growth_threshold"": 0.05, ""pruning_threshold"": 0.001}",7.321395831569156e-05
B4_Silverbox_System_ID,S3_RSONN,5,"{""learning_rate"": 0.005, ""growth_threshold"": 0.05, ""pruning_threshold"": 0.005}",7.321396279035706e-05
B4_Silverbox_System_ID,S3_RSONN,6,"{""learning_rate"": 0.005, ""growth_threshold"": 0.1, ""pruning_threshold"": 0.001}",7.321390463675333e-05
B4_Silverbox_System_ID,S3_RSONN,7,"{""learning_rate"": 0.005, ""growth_threshold"": 0.1, ""pruning_threshold"": 0.005}",7.321418854276702e-05
B4_Silverbox_System_ID,S3_RSONN,8,"{""learning_rate"": 0.01, ""growth_threshold"": 0.05, ""pruning_threshold"": 0.001}",7.325749730798633e-05
B4_Silverbox_System_ID,S3_RSONN,9,"{""learning_rate"": 0.01, ""growth_threshold"": 0.05, ""pruning_threshold"": 0.005}",7.325753508237948e-05
B4_Silverbox_System_ID,S3_RSONN,10,"{""learning_rate"": 0.01, ""growth_threshold"": 0.1, ""pruning_threshold"": 0.001}",7.325750226805756e-05
B4_Silverbox_System_ID,S3_RSONN,11,"{""learning_rate"": 0.01, ""growth_threshold"": 0.1, ""pruning_threshold"": 0.005}",7.325742994260531e-05
B4_Silverbox_System_ID,S3_RSONN,12,"{""learning_rate"": 0.02, ""growth_threshold"": 0.05, ""pruning_threshold"": 0.001}",7.338914958470897e-05
B4_Silverbox_System_ID,S3_RSONN,13,"{""learning_rate"": 0.02, ""growth_threshold"": 0.05, ""pruning_threshold"": 0.005}",7.33890414219288e-05
B4_Silverbox_System_ID,S3_RSONN,14,"{""learning_rate"": 0.02, ""growth_threshold"": 0.1, ""pruning_threshold"": 0.001}",7.338909302855862e-05
B4_Silverbox_System_ID,S3_RSONN,15,"{""learning_rate"": 0.02, ""growth_threshold"": 0.1, ""pruning_threshold"": 0.005}",7.33891428771518e-05
B4_Silverbox_System_ID,S4_ACESN,0,"{""reservoir_size"": 20, ""spectral_radius"": 0.85, ""compression_ratio"": 0.25, ""readout_lr"": 0.001}",7.356830251327125e-05
B4_Silverbox_System_ID,S4_ACESN,1,"{""reservoir_size"": 20, ""spectral_radius"": 0.85, ""compression_ratio"": 0.25, ""readout_lr"": 0.01}",7.35668401704395e-05
B4_Silverbox_System_ID,S4_ACESN,2,"{""reservoir_size"": 20, ""spectral_radius"": 0.85, ""compression_ratio"": 0.5, ""readout_lr"": 0.001}",7.356830251341186e-05
B4_Silverbox_System_ID,S4_ACESN,3,"{""reservoir_size"": 20, ""spectral_radius"": 0.85, ""compression_ratio"": 0.5, ""readout_lr"": 0.01}",7.356684017184652e-05
B4_Silverbox_System_ID,S4_ACESN,4,"{""reservoir_size"": 20, ""spectral_radius"": 0.95, ""compression_ratio"": 0.25, ""readout_lr"": 0.001}",7.356813528848976e-05
B4_Silverbox_System_ID,S4_ACESN,5,"{""reservoir_size"": 20, ""spectral_radius"": 0.95, ""compression_ratio"": 0.25, ""readout_lr"": 0.01}",7.35651686217974e-05
B4_Silverbox_System_ID,S4_ACESN,6,"{""reservoir_size"": 20, ""spectral_radius"": 0.95, ""compression_ratio"": 0.5, ""readout_lr"": 0.001}",7.356813528865875e-05
B4_Silverbox_System_ID,S4_ACESN,7,"{""reservoir_size"": 20, ""spectral_radius"": 0.95, ""compression_ratio"": 0.5, ""readout_lr"": 0.01}",7.356516862348915e-05
B4_Silverbox_System_ID,S4_ACESN,8,"{""reservoir_size"": 40, ""spectral_radius"": 0.85, ""compression_ratio"": 0.25, ""readout_lr"": 0.001}",7.356843291204399e-05
B4_Silverbox_System_ID,S4_ACESN,9,"{""reservoir_size"": 40, ""spectral_radius"": 0.85, ""compression_ratio"": 0.25, ""readout_lr"": 0.01}",7.356814390074161e-05
B4_Silverbox_System_ID,S4_ACESN,10,"{""reservoir_size"": 40, ""spectral_radius"": 0.85, ""compression_ratio"": 0.5, ""readout_lr"": 0.001}",7.356843291241403e-05
B4_Silverbox_System_ID,S4_ACESN,11,"{""reservoir_size"": 40, ""spectral_radius"": 0.85, ""compression_ratio"": 0.5, ""readout_lr"": 0.01}",7.356814390444225e-05
B4_Silverbox_System_ID,S4_ACESN,12,"{""reservoir_size"": 40, ""spectral_radius"": 0.95, ""compression_ratio"": 0.25, ""readout_lr"": 0.001}",7.356842455046648e-05
B4_Silverbox_System_ID,S4_ACESN,13,"{""reservoir_size"": 40, ""spectral_radius"": 0.95, ""compression_ratio"": 0.25, ""readout_lr"": 0.01}",7.356806030120997e-05
B4_Silverbox_System_ID,S4_ACESN,14,"{""reservoir_size"": 40, ""spectral_radius"": 0.95, ""compression_ratio"": 0.5, ""readout_lr"": 0.001}",7.356842455146466e-05
B4_Silverbox_System_ID,S4_ACESN,15,"{""reservoir_size"": 40, ""spectral_radius"": 0.95, ""compression_ratio"": 0.5, ""readout_lr"": 0.01}",7.356806031119213e-05
B4_Silverbox_System_ID,S5_CONTINUAL_BACKPROP,0,"{""learning_rate"": 0.001, ""replacement_rate"": 0.0001, ""maturity_threshold"": 50}",7.358091549642996e-05
B4_Silverbox_System_ID,S5_CONTINUAL_BACKPROP,1,"{""learning_rate"": 0.001, ""replacement_rate"": 0.0001, ""maturity_threshold"": 100}",7.357022989377352e-05
B4_Silverbox_System_ID,S5_CONTINUAL_BACKPROP,2,"{""learning_rate"": 0.001, ""replacement_rate"": 0.001, ""maturity_threshold"": 50}",7.358084206689551e-05
B4_Silverbox_System_ID,S5_CONTINUAL_BACKPROP,3,"{""learning_rate"": 0.001, ""replacement_rate"": 0.001, ""maturity_threshold"": 100}",7.344812479345628e-05
B4_Silverbox_System_ID,S5_CONTINUAL_BACKPROP,4,"{""learning_rate"": 0.005, ""replacement_rate"": 0.0001, ""maturity_threshold"": 50}",7.359171432253933e-05
B4_Silverbox_System_ID,S5_CONTINUAL_BACKPROP,5,"{""learning_rate"": 0.005, ""replacement_rate"": 0.0001, ""maturity_threshold"": 100}",7.359393511998095e-05
B4_Silverbox_System_ID,S5_CONTINUAL_BACKPROP,6,"{""learning_rate"": 0.005, ""replacement_rate"": 0.001, ""maturity_threshold"": 50}",7.343461093000743e-05
B4_Silverbox_System_ID,S5_CONTINUAL_BACKPROP,7,"{""learning_rate"": 0.005, ""replacement_rate"": 0.001, ""maturity_threshold"": 100}",7.349511712881001e-05
B4_Silverbox_System_ID,S5_CONTINUAL_BACKPROP,8,"{""learning_rate"": 0.01, ""replacement_rate"": 0.0001, ""maturity_threshold"": 50}",7.359778276455922e-05
B4_Silverbox_System_ID,S5_CONTINUAL_BACKPROP,9,"{""learning_rate"": 0.01, ""replacement_rate"": 0.0001, ""maturity_threshold"": 100}",7.357962047500031e-05
B4_Silverbox_System_ID,S5_CONTINUAL_BACKPROP,10,"{""learning_rate"": 0.01, ""replacement_rate"": 0.001, ""maturity_threshold"": 50}",7.358150879978662e-05
B4_Silverbox_System_ID,S5_CONTINUAL_BACKPROP,11,"{""learning_rate"": 0.01, ""replacement_rate"": 0.001, ""maturity_threshold"": 100}",7.35856043224824e-05
B4_Silverbox_System_ID,S5_CONTINUAL_BACKPROP,12,"{""learning_rate"": 0.03, ""replacement_rate"": 0.0001, ""maturity_threshold"": 50}",7.35864690358978e-05
B4_Silverbox_System_ID,S5_CONTINUAL_BACKPROP,13,"{""learning_rate"": 0.03, ""replacement_rate"": 0.0001, ""maturity_threshold"": 100}",7.357329378644845e-05
B4_Silverbox_System_ID,S5_CONTINUAL_BACKPROP,14,"{""learning_rate"": 0.03, ""replacement_rate"": 0.001, ""maturity_threshold"": 50}",7.359540371115447e-05
B4_Silverbox_System_ID,S5_CONTINUAL_BACKPROP,15,"{""learning_rate"": 0.03, ""replacement_rate"": 0.001, ""maturity_threshold"": 100}",7.365973203125015e-05
B4_Silverbox_System_ID,C1_CURRENT_ONLY_LINEAR,0,"{""learning_rate"": 0.001}",7.356799013079278e-05
B4_Silverbox_System_ID,C1_CURRENT_ONLY_LINEAR,1,"{""learning_rate"": 0.003}",7.356704084357235e-05
B4_Silverbox_System_ID,C1_CURRENT_ONLY_LINEAR,2,"{""learning_rate"": 0.01}",7.356372368595711e-05
B4_Silverbox_System_ID,C1_CURRENT_ONLY_LINEAR,3,"{""learning_rate"": 0.03}",7.35542917526189e-05
B4_Silverbox_System_ID,C2_NLMS,0,"{""step_size"": 0.01}",7.422804174580944e-05
B4_Silverbox_System_ID,C2_NLMS,1,"{""step_size"": 0.05}",8.030313916764698e-05
B4_Silverbox_System_ID,C2_NLMS,2,"{""step_size"": 0.1}",8.80544080387336e-05
B4_Silverbox_System_ID,C2_NLMS,3,"{""step_size"": 0.2}",0.00010266058402092714
B4_Silverbox_System_ID,C3_RLS,0,"{""forgetting_factor"": 0.99}",7.239388741736256e-05
B4_Silverbox_System_ID,C3_RLS,1,"{""forgetting_factor"": 0.995}",7.223133934288445e-05
B4_Silverbox_System_ID,C3_RLS,2,"{""forgetting_factor"": 0.999}",7.231857225888879e-05
B4_Silverbox_System_ID,C3_RLS,3,"{""forgetting_factor"": 1.0}",7.32015000219048e-05
B4_Silverbox_System_ID,C4_FIXED_LAG_LINEAR,0,"{""max_lag"": 4, ""learning_rate"": 0.001}",7.356198773269149e-05
B4_Silverbox_System_ID,C4_FIXED_LAG_LINEAR,1,"{""max_lag"": 4, ""learning_rate"": 0.01}",7.350393642957987e-05
B4_Silverbox_System_ID,C4_FIXED_LAG_LINEAR,2,"{""max_lag"": 8, ""learning_rate"": 0.001}",7.356051857658354e-05
B4_Silverbox_System_ID,C4_FIXED_LAG_LINEAR,3,"{""max_lag"": 8, ""learning_rate"": 0.01}",7.348923412288898e-05
B4_Silverbox_System_ID,C4_FIXED_LAG_LINEAR,4,"{""max_lag"": 16, ""learning_rate"": 0.001}",7.355676602348058e-05
B4_Silverbox_System_ID,C4_FIXED_LAG_LINEAR,5,"{""max_lag"": 16, ""learning_rate"": 0.01}",7.34520367675619e-05
B4_Silverbox_System_ID,C4_FIXED_LAG_LINEAR,6,"{""max_lag"": 32, ""learning_rate"": 0.001}",7.35525087744108e-05
B4_Silverbox_System_ID,C4_FIXED_LAG_LINEAR,7,"{""max_lag"": 32, ""learning_rate"": 0.01}",7.34103991433613e-05
B5_Household_Power_Control,B1_RZA_LMS,0,"{""learning_rate"": 0.001, ""rho_zero_attraction"": 1e-06, ""epsilon_reweight"": 10.0}",124123.81872308096
B5_Household_Power_Control,B1_RZA_LMS,1,"{""learning_rate"": 0.001, ""rho_zero_attraction"": 1e-05, ""epsilon_reweight"": 10.0}",124123.9443310048
B5_Household_Power_Control,B1_RZA_LMS,2,"{""learning_rate"": 0.001, ""rho_zero_attraction"": 0.0001, ""epsilon_reweight"": 10.0}",124125.20008445783
B5_Household_Power_Control,B1_RZA_LMS,3,"{""learning_rate"": 0.001, ""rho_zero_attraction"": 0.001, ""epsilon_reweight"": 10.0}",124137.83933034871
B5_Household_Power_Control,B1_RZA_LMS,4,"{""learning_rate"": 0.003, ""rho_zero_attraction"": 1e-06, ""epsilon_reweight"": 10.0}",6.706533995962176e+29
B5_Household_Power_Control,B1_RZA_LMS,5,"{""learning_rate"": 0.003, ""rho_zero_attraction"": 1e-05, ""epsilon_reweight"": 10.0}",6.706534352189553e+29
B5_Household_Power_Control,B1_RZA_LMS,6,"{""learning_rate"": 0.003, ""rho_zero_attraction"": 0.0001, ""epsilon_reweight"": 10.0}",6.706537914463949e+29
B5_Household_Power_Control,B1_RZA_LMS,7,"{""learning_rate"": 0.003, ""rho_zero_attraction"": 0.001, ""epsilon_reweight"": 10.0}",6.706573537202156e+29
B5_Household_Power_Control,B1_RZA_LMS,8,"{""learning_rate"": 0.01, ""rho_zero_attraction"": 1e-06, ""epsilon_reweight"": 10.0}",6.512983913297708e+184
B5_Household_Power_Control,B1_RZA_LMS,9,"{""learning_rate"": 0.01, ""rho_zero_attraction"": 1e-05, ""epsilon_reweight"": 10.0}",6.5129839262540035e+184
B5_Household_Power_Control,B1_RZA_LMS,10,"{""learning_rate"": 0.01, ""rho_zero_attraction"": 0.0001, ""epsilon_reweight"": 10.0}",6.5129840558194925e+184
B5_Household_Power_Control,B1_RZA_LMS,11,"{""learning_rate"": 0.01, ""rho_zero_attraction"": 0.001, ""epsilon_reweight"": 10.0}",6.512985351485874e+184
B5_Household_Power_Control,B1_RZA_LMS,12,"{""learning_rate"": 0.03, ""rho_zero_attraction"": 1e-06, ""epsilon_reweight"": 10.0}",inf
B5_Household_Power_Control,B1_RZA_LMS,13,"{""learning_rate"": 0.03, ""rho_zero_attraction"": 1e-05, ""epsilon_reweight"": 10.0}",inf
B5_Household_Power_Control,B1_RZA_LMS,14,"{""learning_rate"": 0.03, ""rho_zero_attraction"": 0.0001, ""epsilon_reweight"": 10.0}",inf
B5_Household_Power_Control,B1_RZA_LMS,15,"{""learning_rate"": 0.03, ""rho_zero_attraction"": 0.001, ""epsilon_reweight"": 10.0}",inf
B5_Household_Power_Control,B2_CCN,0,"{""readout_lr"": 0.001, ""recurrent_lr"": 0.0001, ""max_columns"": 1}",124811.65942655645
B5_Household_Power_Control,B2_CCN,1,"{""readout_lr"": 0.001, ""recurrent_lr"": 0.0001, ""max_columns"": 2}",124782.70189612586
B5_Household_Power_Control,B2_CCN,2,"{""readout_lr"": 0.001, ""recurrent_lr"": 0.001, ""max_columns"": 1}",124830.64200573275
B5_Household_Power_Control,B2_CCN,3,"{""readout_lr"": 0.001, ""recurrent_lr"": 0.001, ""max_columns"": 2}",124842.28261267832
B5_Household_Power_Control,B2_CCN,4,"{""readout_lr"": 0.003, ""recurrent_lr"": 0.0001, ""max_columns"": 1}",7.508270216004094e+29
B5_Household_Power_Control,B2_CCN,5,"{""readout_lr"": 0.003, ""recurrent_lr"": 0.0001, ""max_columns"": 2}",7.507549347335934e+29
B5_Household_Power_Control,B2_CCN,6,"{""readout_lr"": 0.003, ""recurrent_lr"": 0.001, ""max_columns"": 1}",7.509236437786193e+29
B5_Household_Power_Control,B2_CCN,7,"{""readout_lr"": 0.003, ""recurrent_lr"": 0.001, ""max_columns"": 2}",7.509385331031047e+29
B5_Household_Power_Control,B2_CCN,8,"{""readout_lr"": 0.01, ""recurrent_lr"": 0.0001, ""max_columns"": 1}",1.7867717193077374e+187
B5_Household_Power_Control,B2_CCN,9,"{""readout_lr"": 0.01, ""recurrent_lr"": 0.0001, ""max_columns"": 2}",1.814912180266488e+187
B5_Household_Power_Control,B2_CCN,10,"{""readout_lr"": 0.01, ""recurrent_lr"": 0.001, ""max_columns"": 1}",1.786608753569967e+187
B5_Household_Power_Control,B2_CCN,11,"{""readout_lr"": 0.01, ""recurrent_lr"": 0.001, ""max_columns"": 2}",1.8148917161919736e+187
B5_Household_Power_Control,B2_CCN,12,"{""readout_lr"": 0.03, ""recurrent_lr"": 0.0001, ""max_columns"": 1}",inf
B5_Household_Power_Control,B2_CCN,13,"{""readout_lr"": 0.03, ""recurrent_lr"": 0.0001, ""max_columns"": 2}",inf
B5_Household_Power_Control,B2_CCN,14,"{""readout_lr"": 0.03, ""recurrent_lr"": 0.001, ""max_columns"": 1}",inf
B5_Household_Power_Control,B2_CCN,15,"{""readout_lr"": 0.03, ""recurrent_lr"": 0.001, ""max_columns"": 2}",inf
B5_Household_Power_Control,B3_MUSE_RNN,0,"{""learning_rate"": 0.001, ""growth_multiplier"": 1.5, ""pruning_threshold"": 0.001}",5.186005800986778
B5_Household_Power_Control,B3_MUSE_RNN,1,"{""learning_rate"": 0.001, ""growth_multiplier"": 1.5, ""pruning_threshold"": 0.01}",5.18588298857545
B5_Household_Power_Control,B3_MUSE_RNN,2,"{""learning_rate"": 0.001, ""growth_multiplier"": 2.5, ""pruning_threshold"": 0.001}",5.185580311492223
B5_Household_Power_Control,B3_MUSE_RNN,3,"{""learning_rate"": 0.001, ""growth_multiplier"": 2.5, ""pruning_threshold"": 0.01}",5.185157344263027
B5_Household_Power_Control,B3_MUSE_RNN,4,"{""learning_rate"": 0.003, ""growth_multiplier"": 1.5, ""pruning_threshold"": 0.001}",5.186393945838886
B5_Household_Power_Control,B3_MUSE_RNN,5,"{""learning_rate"": 0.003, ""growth_multiplier"": 1.5, ""pruning_threshold"": 0.01}",5.187851279176793
B5_Household_Power_Control,B3_MUSE_RNN,6,"{""learning_rate"": 0.003, ""growth_multiplier"": 2.5, ""pruning_threshold"": 0.001}",5.187806174330487
B5_Household_Power_Control,B3_MUSE_RNN,7,"{""learning_rate"": 0.003, ""growth_multiplier"": 2.5, ""pruning_threshold"": 0.01}",5.187803164791625
B5_Household_Power_Control,B3_MUSE_RNN,8,"{""learning_rate"": 0.01, ""growth_multiplier"": 1.5, ""pruning_threshold"": 0.001}",2.706835545819304
B5_Household_Power_Control,B3_MUSE_RNN,9,"{""learning_rate"": 0.01, ""growth_multiplier"": 1.5, ""pruning_threshold"": 0.01}",3.1483585576954884
B5_Household_Power_Control,B3_MUSE_RNN,10,"{""learning_rate"": 0.01, ""growth_multiplier"": 2.5, ""pruning_threshold"": 0.001}",4.326067328439456
B5_Household_Power_Control,B3_MUSE_RNN,11,"{""learning_rate"": 0.01, ""growth_multiplier"": 2.5, ""pruning_threshold"": 0.01}",1.278752533112989
B5_Household_Power_Control,B3_MUSE_RNN,12,"{""learning_rate"": 0.03, ""growth_multiplier"": 1.5, ""pruning_threshold"": 0.001}",0.7117843707223604
B5_Household_Power_Control,B3_MUSE_RNN,13,"{""learning_rate"": 0.03, ""growth_multiplier"": 1.5, ""pruning_threshold"": 0.01}",0.8213568223993116
B5_Household_Power_Control,B3_MUSE_RNN,14,"{""learning_rate"": 0.03, ""growth_multiplier"": 2.5, ""pruning_threshold"": 0.001}",0.7316712397753915
B5_Household_Power_Control,B3_MUSE_RNN,15,"{""learning_rate"": 0.03, ""growth_multiplier"": 2.5, ""pruning_threshold"": 0.01}",0.712192308539651
B5_Household_Power_Control,B4_MINIMAL_GRU,0,"{""learning_rate"": 0.0001, ""weight_decay"": 0.9}",5.183289556917263
B5_Household_Power_Control,B4_MINIMAL_GRU,1,"{""learning_rate"": 0.0001, ""weight_decay"": 0.95}",5.184125952886718
B5_Household_Power_Control,B4_MINIMAL_GRU,2,"{""learning_rate"": 0.0001, ""weight_decay"": 0.99}",5.173002842281919
B5_Household_Power_Control,B4_MINIMAL_GRU,3,"{""learning_rate"": 0.0001, ""weight_decay"": 0.999}",5.144675244671991
B5_Household_Power_Control,B4_MINIMAL_GRU,4,"{""learning_rate"": 0.001, ""weight_decay"": 0.9}",5.10244550008451
B5_Household_Power_Control,B4_MINIMAL_GRU,5,"{""learning_rate"": 0.001, ""weight_decay"": 0.95}",4.7287208482974465
B5_Household_Power_Control,B4_MINIMAL_GRU,6,"{""learning_rate"": 0.001, ""weight_decay"": 0.99}",2.6156544142479583
B5_Household_Power_Control,B4_MINIMAL_GRU,7,"{""learning_rate"": 0.001, ""weight_decay"": 0.999}",1.6846843206053563
B5_Household_Power_Control,B4_MINIMAL_GRU,8,"{""learning_rate"": 0.003, ""weight_decay"": 0.9}",2.0148445828452632
B5_Household_Power_Control,B4_MINIMAL_GRU,9,"{""learning_rate"": 0.003, ""weight_decay"": 0.95}",1.4015140394984635
B5_Household_Power_Control,B4_MINIMAL_GRU,10,"{""learning_rate"": 0.003, ""weight_decay"": 0.99}",0.9518234473192874
B5_Household_Power_Control,B4_MINIMAL_GRU,11,"{""learning_rate"": 0.003, ""weight_decay"": 0.999}",1.1514510851327713
B5_Household_Power_Control,B4_MINIMAL_GRU,12,"{""learning_rate"": 0.01, ""weight_decay"": 0.9}",0.5664572490398412
B5_Household_Power_Control,B4_MINIMAL_GRU,13,"{""learning_rate"": 0.01, ""weight_decay"": 0.95}",0.49425391798627055
B5_Household_Power_Control,B4_MINIMAL_GRU,14,"{""learning_rate"": 0.01, ""weight_decay"": 0.99}",0.49139119839275086
B5_Household_Power_Control,B4_MINIMAL_GRU,15,"{""learning_rate"": 0.01, ""weight_decay"": 0.999}",0.8873478953244214
B5_Household_Power_Control,B5_ONLINE_ESN,0,"{""reservoir_size"": 10, ""spectral_radius"": 0.85, ""leak_rate"": 0.3, ""readout_lr"": 0.001}",1.5649733359228872
B5_Household_Power_Control,B5_ONLINE_ESN,1,"{""reservoir_size"": 10, ""spectral_radius"": 0.85, ""leak_rate"": 0.3, ""readout_lr"": 0.01}",0.4808491496228346
B5_Household_Power_Control,B5_ONLINE_ESN,2,"{""reservoir_size"": 10, ""spectral_radius"": 0.85, ""leak_rate"": 0.7, ""readout_lr"": 0.001}",1.5283603319260364
B5_Household_Power_Control,B5_ONLINE_ESN,3,"{""reservoir_size"": 10, ""spectral_radius"": 0.85, ""leak_rate"": 0.7, ""readout_lr"": 0.01}",0.35491064968087854
B5_Household_Power_Control,B5_ONLINE_ESN,4,"{""reservoir_size"": 10, ""spectral_radius"": 0.95, ""leak_rate"": 0.3, ""readout_lr"": 0.001}",1.5849057625613134
B5_Household_Power_Control,B5_ONLINE_ESN,5,"{""reservoir_size"": 10, ""spectral_radius"": 0.95, ""leak_rate"": 0.3, ""readout_lr"": 0.01}",0.48846721042468905
B5_Household_Power_Control,B5_ONLINE_ESN,6,"{""reservoir_size"": 10, ""spectral_radius"": 0.95, ""leak_rate"": 0.7, ""readout_lr"": 0.001}",1.5525683290809553
B5_Household_Power_Control,B5_ONLINE_ESN,7,"{""reservoir_size"": 10, ""spectral_radius"": 0.95, ""leak_rate"": 0.7, ""readout_lr"": 0.01}",0.3657747129396138
B5_Household_Power_Control,B5_ONLINE_ESN,8,"{""reservoir_size"": 20, ""spectral_radius"": 0.85, ""leak_rate"": 0.3, ""readout_lr"": 0.001}",0.7971376720888719
B5_Household_Power_Control,B5_ONLINE_ESN,9,"{""reservoir_size"": 20, ""spectral_radius"": 0.85, ""leak_rate"": 0.3, ""readout_lr"": 0.01}",0.34426955462365894
B5_Household_Power_Control,B5_ONLINE_ESN,10,"{""reservoir_size"": 20, ""spectral_radius"": 0.85, ""leak_rate"": 0.7, ""readout_lr"": 0.001}",0.7112101649787522
B5_Household_Power_Control,B5_ONLINE_ESN,11,"{""reservoir_size"": 20, ""spectral_radius"": 0.85, ""leak_rate"": 0.7, ""readout_lr"": 0.01}",0.22047837337477103
B5_Household_Power_Control,B5_ONLINE_ESN,12,"{""reservoir_size"": 20, ""spectral_radius"": 0.95, ""leak_rate"": 0.3, ""readout_lr"": 0.001}",0.8075010777209184
B5_Household_Power_Control,B5_ONLINE_ESN,13,"{""reservoir_size"": 20, ""spectral_radius"": 0.95, ""leak_rate"": 0.3, ""readout_lr"": 0.01}",0.34658089443046913
B5_Household_Power_Control,B5_ONLINE_ESN,14,"{""reservoir_size"": 20, ""spectral_radius"": 0.95, ""leak_rate"": 0.7, ""readout_lr"": 0.001}",0.7245422043115215
B5_Household_Power_Control,B5_ONLINE_ESN,15,"{""reservoir_size"": 20, ""spectral_radius"": 0.95, ""leak_rate"": 0.7, ""readout_lr"": 0.01}",0.22696288513447357
B5_Household_Power_Control,S1_VARIABLE_TAP_LMS,0,"{""learning_rate"": 0.001, ""tap_leakage"": 0.0001}",4.354172041937922
B5_Household_Power_Control,S1_VARIABLE_TAP_LMS,1,"{""learning_rate"": 0.001, ""tap_leakage"": 0.001}",4.658804272926183
B5_Household_Power_Control,S1_VARIABLE_TAP_LMS,2,"{""learning_rate"": 0.001, ""tap_leakage"": 0.01}",5.135718498290251
B5_Household_Power_Control,S1_VARIABLE_TAP_LMS,3,"{""learning_rate"": 0.001, ""tap_leakage"": 0.1}",5.1802739162630855
B5_Household_Power_Control,S1_VARIABLE_TAP_LMS,4,"{""learning_rate"": 0.003, ""tap_leakage"": 0.0001}",3.3781360593198015
B5_Household_Power_Control,S1_VARIABLE_TAP_LMS,5,"{""learning_rate"": 0.003, ""tap_leakage"": 0.001}",3.6074261518837134
B5_Household_Power_Control,S1_VARIABLE_TAP_LMS,6,"{""learning_rate"": 0.003, ""tap_leakage"": 0.01}",4.611425802209822
B5_Household_Power_Control,S1_VARIABLE_TAP_LMS,7,"{""learning_rate"": 0.003, ""tap_leakage"": 0.1}",5.168538221463405
B5_Household_Power_Control,S1_VARIABLE_TAP_LMS,8,"{""learning_rate"": 0.01, ""tap_leakage"": 0.0001}",2.4127529262756604
B5_Household_Power_Control,S1_VARIABLE_TAP_LMS,9,"{""learning_rate"": 0.01, ""tap_leakage"": 0.001}",2.416249575693854
B5_Household_Power_Control,S1_VARIABLE_TAP_LMS,10,"{""learning_rate"": 0.01, ""tap_leakage"": 0.01}",3.405960898787693
B5_Household_Power_Control,S1_VARIABLE_TAP_LMS,11,"{""learning_rate"": 0.01, ""tap_leakage"": 0.1}",4.917187904315749
B5_Household_Power_Control,S1_VARIABLE_TAP_LMS,12,"{""learning_rate"": 0.03, ""tap_leakage"": 0.0001}",1.5128594892509908
B5_Household_Power_Control,S1_VARIABLE_TAP_LMS,13,"{""learning_rate"": 0.03, ""tap_leakage"": 0.001}",1.5294523098605743
B5_Household_Power_Control,S1_VARIABLE_TAP_LMS,14,"{""learning_rate"": 0.03, ""tap_leakage"": 0.01}",2.218952665211619
B5_Household_Power_Control,S1_VARIABLE_TAP_LMS,15,"{""learning_rate"": 0.03, ""tap_leakage"": 0.1}",4.081849431702025
B5_Household_Power_Control,S2_LRU_STREAM,0,"{""state_lr"": 0.001, ""readout_lr"": 0.001, ""state_decay"": 0.9}",inf
B5_Household_Power_Control,S2_LRU_STREAM,1,"{""state_lr"": 0.001, ""readout_lr"": 0.001, ""state_decay"": 0.98}",inf
B5_Household_Power_Control,S2_LRU_STREAM,2,"{""state_lr"": 0.001, ""readout_lr"": 0.003, ""state_decay"": 0.9}",inf
B5_Household_Power_Control,S2_LRU_STREAM,3,"{""state_lr"": 0.001, ""readout_lr"": 0.003, ""state_decay"": 0.98}",inf
B5_Household_Power_Control,S2_LRU_STREAM,4,"{""state_lr"": 0.001, ""readout_lr"": 0.01, ""state_decay"": 0.9}",inf
B5_Household_Power_Control,S2_LRU_STREAM,5,"{""state_lr"": 0.001, ""readout_lr"": 0.01, ""state_decay"": 0.98}",inf
B5_Household_Power_Control,S2_LRU_STREAM,6,"{""state_lr"": 0.001, ""readout_lr"": 0.03, ""state_decay"": 0.9}",inf
B5_Household_Power_Control,S2_LRU_STREAM,7,"{""state_lr"": 0.001, ""readout_lr"": 0.03, ""state_decay"": 0.98}",inf
B5_Household_Power_Control,S2_LRU_STREAM,8,"{""state_lr"": 0.01, ""readout_lr"": 0.001, ""state_decay"": 0.9}",inf
B5_Household_Power_Control,S2_LRU_STREAM,9,"{""state_lr"": 0.01, ""readout_lr"": 0.001, ""state_decay"": 0.98}",inf
B5_Household_Power_Control,S2_LRU_STREAM,10,"{""state_lr"": 0.01, ""readout_lr"": 0.003, ""state_decay"": 0.9}",inf
B5_Household_Power_Control,S2_LRU_STREAM,11,"{""state_lr"": 0.01, ""readout_lr"": 0.003, ""state_decay"": 0.98}",inf
B5_Household_Power_Control,S2_LRU_STREAM,12,"{""state_lr"": 0.01, ""readout_lr"": 0.01, ""state_decay"": 0.9}",inf
B5_Household_Power_Control,S2_LRU_STREAM,13,"{""state_lr"": 0.01, ""readout_lr"": 0.01, ""state_decay"": 0.98}",inf
B5_Household_Power_Control,S2_LRU_STREAM,14,"{""state_lr"": 0.01, ""readout_lr"": 0.03, ""state_decay"": 0.9}",inf
B5_Household_Power_Control,S2_LRU_STREAM,15,"{""state_lr"": 0.01, ""readout_lr"": 0.03, ""state_decay"": 0.98}",inf
B5_Household_Power_Control,S3_RSONN,0,"{""learning_rate"": 0.001, ""growth_threshold"": 0.05, ""pruning_threshold"": 0.001}",1.2389809214065386
B5_Household_Power_Control,S3_RSONN,1,"{""learning_rate"": 0.001, ""growth_threshold"": 0.05, ""pruning_threshold"": 0.005}",1.2520240040777624
B5_Household_Power_Control,S3_RSONN,2,"{""learning_rate"": 0.001, ""growth_threshold"": 0.1, ""pruning_threshold"": 0.001}",1.2542044189156998
B5_Household_Power_Control,S3_RSONN,3,"{""learning_rate"": 0.001, ""growth_threshold"": 0.1, ""pruning_threshold"": 0.005}",1.2788015462083184
B5_Household_Power_Control,S3_RSONN,4,"{""learning_rate"": 0.005, ""growth_threshold"": 0.05, ""pruning_threshold"": 0.001}",0.4056501570917064
B5_Household_Power_Control,S3_RSONN,5,"{""learning_rate"": 0.005, ""growth_threshold"": 0.05, ""pruning_threshold"": 0.005}",0.40294565221730555
B5_Household_Power_Control,S3_RSONN,6,"{""learning_rate"": 0.005, ""growth_threshold"": 0.1, ""pruning_threshold"": 0.001}",0.4070397219868347
B5_Household_Power_Control,S3_RSONN,7,"{""learning_rate"": 0.005, ""growth_threshold"": 0.1, ""pruning_threshold"": 0.005}",0.4091546973935987
B5_Household_Power_Control,S3_RSONN,8,"{""learning_rate"": 0.01, ""growth_threshold"": 0.05, ""pruning_threshold"": 0.001}",0.23065957710476304
B5_Household_Power_Control,S3_RSONN,9,"{""learning_rate"": 0.01, ""growth_threshold"": 0.05, ""pruning_threshold"": 0.005}",0.22929522134918812
B5_Household_Power_Control,S3_RSONN,10,"{""learning_rate"": 0.01, ""growth_threshold"": 0.1, ""pruning_threshold"": 0.001}",0.22882302976933686
B5_Household_Power_Control,S3_RSONN,11,"{""learning_rate"": 0.01, ""growth_threshold"": 0.1, ""pruning_threshold"": 0.005}",0.23171363133745507
B5_Household_Power_Control,S3_RSONN,12,"{""learning_rate"": 0.02, ""growth_threshold"": 0.05, ""pruning_threshold"": 0.001}",0.13744864693632766
B5_Household_Power_Control,S3_RSONN,13,"{""learning_rate"": 0.02, ""growth_threshold"": 0.05, ""pruning_threshold"": 0.005}",0.13381877202783493
B5_Household_Power_Control,S3_RSONN,14,"{""learning_rate"": 0.02, ""growth_threshold"": 0.1, ""pruning_threshold"": 0.001}",0.13060099298427
B5_Household_Power_Control,S3_RSONN,15,"{""learning_rate"": 0.02, ""growth_threshold"": 0.1, ""pruning_threshold"": 0.005}",0.1301435286883972
B5_Household_Power_Control,S4_ACESN,0,"{""reservoir_size"": 20, ""spectral_radius"": 0.85, ""compression_ratio"": 0.25, ""readout_lr"": 0.001}",0.6854079263547107
B5_Household_Power_Control,S4_ACESN,1,"{""reservoir_size"": 20, ""spectral_radius"": 0.85, ""compression_ratio"": 0.25, ""readout_lr"": 0.01}",0.18809837863622447
B5_Household_Power_Control,S4_ACESN,2,"{""reservoir_size"": 20, ""spectral_radius"": 0.85, ""compression_ratio"": 0.5, ""readout_lr"": 0.001}",0.6800301848497625
B5_Household_Power_Control,S4_ACESN,3,"{""reservoir_size"": 20, ""spectral_radius"": 0.85, ""compression_ratio"": 0.5, ""readout_lr"": 0.01}",0.1839986118431297
B5_Household_Power_Control,S4_ACESN,4,"{""reservoir_size"": 20, ""spectral_radius"": 0.95, ""compression_ratio"": 0.25, ""readout_lr"": 0.001}",0.699805425834379
B5_Household_Power_Control,S4_ACESN,5,"{""reservoir_size"": 20, ""spectral_radius"": 0.95, ""compression_ratio"": 0.25, ""readout_lr"": 0.01}",0.19692044571708708
B5_Household_Power_Control,S4_ACESN,6,"{""reservoir_size"": 20, ""spectral_radius"": 0.95, ""compression_ratio"": 0.5, ""readout_lr"": 0.001}",0.6939722318645763
B5_Household_Power_Control,S4_ACESN,7,"{""reservoir_size"": 20, ""spectral_radius"": 0.95, ""compression_ratio"": 0.5, ""readout_lr"": 0.01}",0.1928796852401133
B5_Household_Power_Control,S4_ACESN,8,"{""reservoir_size"": 40, ""spectral_radius"": 0.85, ""compression_ratio"": 0.25, ""readout_lr"": 0.001}",0.4452404496082672
B5_Household_Power_Control,S4_ACESN,9,"{""reservoir_size"": 40, ""spectral_radius"": 0.85, ""compression_ratio"": 0.25, ""readout_lr"": 0.01}",0.11651183701476704
B5_Household_Power_Control,S4_ACESN,10,"{""reservoir_size"": 40, ""spectral_radius"": 0.85, ""compression_ratio"": 0.5, ""readout_lr"": 0.001}",0.43229534350675264
B5_Household_Power_Control,S4_ACESN,11,"{""reservoir_size"": 40, ""spectral_radius"": 0.85, ""compression_ratio"": 0.5, ""readout_lr"": 0.01}",0.11003593309762856
B5_Household_Power_Control,S4_ACESN,12,"{""reservoir_size"": 40, ""spectral_radius"": 0.95, ""compression_ratio"": 0.25, ""readout_lr"": 0.001}",0.449360816775217
B5_Household_Power_Control,S4_ACESN,13,"{""reservoir_size"": 40, ""spectral_radius"": 0.95, ""compression_ratio"": 0.25, ""readout_lr"": 0.01}",0.11988891704150462
B5_Household_Power_Control,S4_ACESN,14,"{""reservoir_size"": 40, ""spectral_radius"": 0.95, ""compression_ratio"": 0.5, ""readout_lr"": 0.001}",0.4360377890395101
B5_Household_Power_Control,S4_ACESN,15,"{""reservoir_size"": 40, ""spectral_radius"": 0.95, ""compression_ratio"": 0.5, ""readout_lr"": 0.01}",0.11303767645469781
B5_Household_Power_Control,S5_CONTINUAL_BACKPROP,0,"{""learning_rate"": 0.001, ""replacement_rate"": 0.0001, ""maturity_threshold"": 50}",166490.89759064862
B5_Household_Power_Control,S5_CONTINUAL_BACKPROP,1,"{""learning_rate"": 0.001, ""replacement_rate"": 0.0001, ""maturity_threshold"": 100}",135491.17359610173
B5_Household_Power_Control,S5_CONTINUAL_BACKPROP,2,"{""learning_rate"": 0.001, ""replacement_rate"": 0.001, ""maturity_threshold"": 50}",117811.3120227186
B5_Household_Power_Control,S5_CONTINUAL_BACKPROP,3,"{""learning_rate"": 0.001, ""replacement_rate"": 0.001, ""maturity_threshold"": 100}",170707.80541342034
B5_Household_Power_Control,S5_CONTINUAL_BACKPROP,4,"{""learning_rate"": 0.005, ""replacement_rate"": 0.0001, ""maturity_threshold"": 50}",7.53584060642961e+74
B5_Household_Power_Control,S5_CONTINUAL_BACKPROP,5,"{""learning_rate"": 0.005, ""replacement_rate"": 0.0001, ""maturity_threshold"": 100}",4.584658604826246e+74
B5_Household_Power_Control,S5_CONTINUAL_BACKPROP,6,"{""learning_rate"": 0.005, ""replacement_rate"": 0.001, ""maturity_threshold"": 50}",5.28900352884446e+74
B5_Household_Power_Control,S5_CONTINUAL_BACKPROP,7,"{""learning_rate"": 0.005, ""replacement_rate"": 0.001, ""maturity_threshold"": 100}",1.9693917849401677e+74
B5_Household_Power_Control,S5_CONTINUAL_BACKPROP,8,"{""learning_rate"": 0.01, ""replacement_rate"": 0.0001, ""maturity_threshold"": 50}",1.0868108097898424e+185
B5_Household_Power_Control,S5_CONTINUAL_BACKPROP,9,"{""learning_rate"": 0.01, ""replacement_rate"": 0.0001, ""maturity_threshold"": 100}",3.930976406948061e+184
B5_Household_Power_Control,S5_CONTINUAL_BACKPROP,10,"{""learning_rate"": 0.01, ""replacement_rate"": 0.001, ""maturity_threshold"": 50}",1.9131593120813843e+185
B5_Household_Power_Control,S5_CONTINUAL_BACKPROP,11,"{""learning_rate"": 0.01, ""replacement_rate"": 0.001, ""maturity_threshold"": 100}",6.567119140560908e+184
B5_Household_Power_Control,S5_CONTINUAL_BACKPROP,12,"{""learning_rate"": 0.03, ""replacement_rate"": 0.0001, ""maturity_threshold"": 50}",inf
B5_Household_Power_Control,S5_CONTINUAL_BACKPROP,13,"{""learning_rate"": 0.03, ""replacement_rate"": 0.0001, ""maturity_threshold"": 100}",inf
B5_Household_Power_Control,S5_CONTINUAL_BACKPROP,14,"{""learning_rate"": 0.03, ""replacement_rate"": 0.001, ""maturity_threshold"": 50}",inf
B5_Household_Power_Control,S5_CONTINUAL_BACKPROP,15,"{""learning_rate"": 0.03, ""replacement_rate"": 0.001, ""maturity_threshold"": 100}",inf
B5_Household_Power_Control,C1_CURRENT_ONLY_LINEAR,0,"{""learning_rate"": 0.001}",124123.8047690754
B5_Household_Power_Control,C1_CURRENT_ONLY_LINEAR,1,"{""learning_rate"": 0.003}",6.706533956381322e+29
B5_Household_Power_Control,C1_CURRENT_ONLY_LINEAR,2,"{""learning_rate"": 0.01}",6.512983911857365e+184
B5_Household_Power_Control,C1_CURRENT_ONLY_LINEAR,3,"{""learning_rate"": 0.03}",inf
B5_Household_Power_Control,C2_NLMS,0,"{""step_size"": 0.01}",0.5116160658422734
B5_Household_Power_Control,C2_NLMS,1,"{""step_size"": 0.05}",0.15620878246011247
B5_Household_Power_Control,C2_NLMS,2,"{""step_size"": 0.1}",0.0963809921046852
B5_Household_Power_Control,C2_NLMS,3,"{""step_size"": 0.2}",0.06319033957066661
B5_Household_Power_Control,C3_RLS,0,"{""forgetting_factor"": 0.99}",0.20056909965725875
B5_Household_Power_Control,C3_RLS,1,"{""forgetting_factor"": 0.995}",0.11558887928336374
B5_Household_Power_Control,C3_RLS,2,"{""forgetting_factor"": 0.999}",0.5931942535770002
B5_Household_Power_Control,C3_RLS,3,"{""forgetting_factor"": 1.0}",0.8899747220745836
B5_Household_Power_Control,C4_FIXED_LAG_LINEAR,0,"{""max_lag"": 4, ""learning_rate"": 0.001}",4.513531863973812
B5_Household_Power_Control,C4_FIXED_LAG_LINEAR,1,"{""max_lag"": 4, ""learning_rate"": 0.01}",3.2766147470278035
B5_Household_Power_Control,C4_FIXED_LAG_LINEAR,2,"{""max_lag"": 8, ""learning_rate"": 0.001}",4.108031675276414
B5_Household_Power_Control,C4_FIXED_LAG_LINEAR,3,"{""max_lag"": 8, ""learning_rate"": 0.01}",2.9260564730647456
B5_Household_Power_Control,C4_FIXED_LAG_LINEAR,4,"{""max_lag"": 16, ""learning_rate"": 0.001}",3.6245259632329687
B5_Household_Power_Control,C4_FIXED_LAG_LINEAR,5,"{""max_lag"": 16, ""learning_rate"": 0.01}",2.483537666761847
B5_Household_Power_Control,C4_FIXED_LAG_LINEAR,6,"{""max_lag"": 32, ""learning_rate"": 0.001}",3.11095664818227
B5_Household_Power_Control,C4_FIXED_LAG_LINEAR,7,"{""max_lag"": 32, ""learning_rate"": 0.01}",1.9161920739790428
