variant,step,phase,pred_error,squared_error,has_true_lag,num_active_taps,tap_w,tap_R,tap_age,tap_zero_count
B7_PROPOSED_DYNAMIC_LAG,0,ACTIVE_PRE,0.0,0.0,False,0,0.0,0.0,0,0
B7_PROPOSED_DYNAMIC_LAG,25,ACTIVE_PRE,0.42076379253721824,0.17704216911030324,False,0,0.0,0.0,0,0
B7_PROPOSED_DYNAMIC_LAG,50,ACTIVE_PRE,0.09428668368474702,0.00888997872026754,False,0,0.0,0.0,0,0
B7_PROPOSED_DYNAMIC_LAG,75,ACTIVE_PRE,0.9962608069857322,0.9925355955358622,False,0,0.0,0.0,0,0
B7_PROPOSED_DYNAMIC_LAG,100,ACTIVE_PRE,0.7746856262520172,0.60013781952148,False,0,0.0,0.0,0,0
B7_PROPOSED_DYNAMIC_LAG,125,ACTIVE_PRE,1.043371164316205,1.088623386526553,False,0,0.0,0.0,0,0
B7_PROPOSED_DYNAMIC_LAG,150,ACTIVE_PRE,0.9856376237637016,0.9714815253785561,False,0,0.0,0.0,0,0
B7_PROPOSED_DYNAMIC_LAG,175,ACTIVE_PRE,1.2561353519062641,1.577876022308674,False,0,0.0,0.0,0,0
B7_PROPOSED_DYNAMIC_LAG,200,ACTIVE_PRE,0.2724612409622458,0.07423512782668695,False,0,0.0,0.0,0,0
B7_PROPOSED_DYNAMIC_LAG,225,ACTIVE_PRE,0.1849060222413343,0.03419023706111281,False,0,0.0,0.0,0,0
B7_PROPOSED_DYNAMIC_LAG,250,ACTIVE_PRE,0.843011762078488,0.7106688310026773,False,0,0.0,0.0,0,0
B7_PROPOSED_DYNAMIC_LAG,275,ACTIVE_PRE,0.9541203015643884,0.9103455498573195,False,0,0.0,0.0,0,0
B7_PROPOSED_DYNAMIC_LAG,300,ACTIVE_PRE,1.285480977052424,1.6524613423636547,False,0,0.0,0.0,0,0
B7_PROPOSED_DYNAMIC_LAG,325,ACTIVE_PRE,2.3313488414997474,5.435187420762214,False,0,0.0,0.0,0,0
B7_PROPOSED_DYNAMIC_LAG,350,ACTIVE_PRE,1.1449196250987168,1.3108409479361862,False,0,0.0,0.0,0,0
B7_PROPOSED_DYNAMIC_LAG,375,ACTIVE_PRE,0.4538608185559669,0.2059896426202923,False,0,0.0,0.0,0,0
B7_PROPOSED_DYNAMIC_LAG,400,ACTIVE_PRE,1.1161085858141695,1.2456983753281055,False,0,0.0,0.0,0,0
B7_PROPOSED_DYNAMIC_LAG,425,ACTIVE_PRE,0.024588996376329886,0.0006046187427951643,False,0,0.0,0.0,0,0
B7_PROPOSED_DYNAMIC_LAG,450,ACTIVE_PRE,0.8245162130142838,0.6798269855234158,False,0,0.0,0.0,0,0
B7_PROPOSED_DYNAMIC_LAG,475,ACTIVE_PRE,0.9767546508406204,0.9540496479387823,False,0,0.0,0.0,0,0
B7_PROPOSED_DYNAMIC_LAG,500,ACTIVE_PRE,0.29377277185749673,0.08630244148483682,False,0,0.0,0.0,0,0
B7_PROPOSED_DYNAMIC_LAG,525,ACTIVE_PRE,0.5844293548563768,0.34155767081784083,False,0,0.0,0.0,0,0
B7_PROPOSED_DYNAMIC_LAG,550,ACTIVE_PRE,0.5194728986302726,0.26985209241133745,False,1,0.0,0.0,0,0
B7_PROPOSED_DYNAMIC_LAG,575,ACTIVE_PRE,0.6672989920743478,0.44528794482344053,False,1,0.0,0.0,0,0
B7_PROPOSED_DYNAMIC_LAG,600,ACTIVE_PRE,0.12145391958593574,0.014751054582786945,False,1,0.0,0.0,0,0
B7_PROPOSED_DYNAMIC_LAG,625,ACTIVE_PRE,0.5825067510922838,0.33931411506808784,False,1,0.0,0.0,0,0
B7_PROPOSED_DYNAMIC_LAG,650,ACTIVE_PRE,0.12506043483687157,0.0156401123615874,False,1,0.0,0.0,0,0
B7_PROPOSED_DYNAMIC_LAG,675,ACTIVE_PRE,0.5819005351824608,0.33860823284563424,False,1,0.0,0.0,0,0
B7_PROPOSED_DYNAMIC_LAG,700,ACTIVE_PRE,1.3735549274501788,1.886653138722666,False,1,0.0,0.0,0,0
B7_PROPOSED_DYNAMIC_LAG,725,ACTIVE_PRE,0.850600991474434,0.7235220466972901,False,1,0.0,0.0,0,0
B7_PROPOSED_DYNAMIC_LAG,750,ACTIVE_PRE,0.9419392766620467,0.8872496009186197,False,1,0.0,0.0,0,0
B7_PROPOSED_DYNAMIC_LAG,775,ACTIVE_PRE,0.3505669862480946,0.12289721184707177,False,2,0.0,0.0,0,0
B7_PROPOSED_DYNAMIC_LAG,800,ACTIVE_PRE,0.4895631591408202,0.23967208678794005,False,2,0.0,0.0,0,0
B7_PROPOSED_DYNAMIC_LAG,825,ACTIVE_PRE,0.38321617960108945,0.14685464030805445,False,2,0.0,0.0,0,0
B7_PROPOSED_DYNAMIC_LAG,850,ACTIVE_PRE,0.4273882744735791,0.18266073715750336,False,2,0.0,0.0,0,0
B7_PROPOSED_DYNAMIC_LAG,875,ACTIVE_PRE,0.3184020110420419,0.10137984063561657,False,2,0.0,0.0,0,0
B7_PROPOSED_DYNAMIC_LAG,900,ACTIVE_PRE,0.24660612257763093,0.06081457969277353,False,2,0.0,0.0,0,0
B7_PROPOSED_DYNAMIC_LAG,925,ACTIVE_PRE,1.008773528819056,1.0176240324460508,True,2,0.9324574351738275,0.3155147008196013,14,0
B7_PROPOSED_DYNAMIC_LAG,950,ACTIVE_PRE,0.24044559097737184,0.0578140822204576,True,2,0.7500312976894772,0.32545960688341385,39,0
B7_PROPOSED_DYNAMIC_LAG,975,ACTIVE_PRE,0.33222700680472755,0.11037478405042848,True,2,0.8950382290138199,0.35095781656572284,64,0
B7_PROPOSED_DYNAMIC_LAG,1000,ACTIVE_PRE,0.9143353520031379,0.836009135922702,True,2,0.3373155382496,0.35258910498364443,89,0
B7_PROPOSED_DYNAMIC_LAG,1025,ACTIVE_PRE,0.11227880666252567,0.012606530425560819,True,2,0.8435640974831026,0.37999070082739417,114,0
B7_PROPOSED_DYNAMIC_LAG,1050,ACTIVE_PRE,0.4429226211805499,0.19618044835344894,True,2,0.654514193273435,0.3852964007888727,139,0
B7_PROPOSED_DYNAMIC_LAG,1075,ACTIVE_PRE,0.03431547705606108,0.0011775519655850546,True,2,0.8027332734537033,0.39070214003477877,164,0
B7_PROPOSED_DYNAMIC_LAG,1100,ACTIVE_PRE,0.2793512531809387,0.0780371226537609,True,2,0.8142661859331743,0.4030933400881425,189,0
B7_PROPOSED_DYNAMIC_LAG,1125,ACTIVE_PRE,0.667517519057126,0.44557963824818053,True,2,1.1034709759218244,0.42283021145038996,214,0
B7_PROPOSED_DYNAMIC_LAG,1150,ACTIVE_PRE,0.3465402547398816,0.12009014815518203,True,2,0.9035741908535331,0.44017055221400325,239,0
B7_PROPOSED_DYNAMIC_LAG,1175,ACTIVE_PRE,0.29463220199202134,0.08680813445066726,True,2,0.7806741343696473,0.449621896126482,264,0
B7_PROPOSED_DYNAMIC_LAG,1200,ACTIVE_PRE,0.2777636639119283,0.07715265298977866,True,2,0.9300756629550376,0.45839839052639025,289,0
B7_PROPOSED_DYNAMIC_LAG,1225,ACTIVE_PRE,0.06902972552138711,0.004765103005558043,True,2,0.814031474654635,0.4574501952787229,314,0
B7_PROPOSED_DYNAMIC_LAG,1250,ACTIVE_PRE,0.9615750375347659,0.9246265528099865,True,2,1.0226022588515835,0.470151322130868,339,0
B7_PROPOSED_DYNAMIC_LAG,1275,ACTIVE_PRE,0.07054435100076639,0.004976505458119331,True,2,0.7285317439153564,0.46589685928905245,364,0
B7_PROPOSED_DYNAMIC_LAG,1300,ACTIVE_PRE,0.25115985494414295,0.06308127273556292,True,2,0.6314257777012328,0.46464593492075296,389,0
B7_PROPOSED_DYNAMIC_LAG,1325,ACTIVE_PRE,0.53803628824469,0.2894830474681231,True,2,0.823064638066195,0.4773892925282274,414,0
B7_PROPOSED_DYNAMIC_LAG,1350,ACTIVE_PRE,0.3344967046316353,0.11188804540942346,True,2,0.9188006794973288,0.4913855055255476,439,0
B7_PROPOSED_DYNAMIC_LAG,1375,ACTIVE_PRE,0.3722507793540919,0.1385706427297288,True,2,0.5504293800577983,0.49036616450756415,464,0
B7_PROPOSED_DYNAMIC_LAG,1400,ACTIVE_PRE,1.1427901118781254,1.3059692398064184,True,2,0.9319960357827862,0.49915164574939996,489,0
B7_PROPOSED_DYNAMIC_LAG,1425,ACTIVE_PRE,0.6596556586138057,0.4351455879412138,True,2,0.7221639755580075,0.49346516727264805,514,0
B7_PROPOSED_DYNAMIC_LAG,1450,ACTIVE_PRE,0.13672758413958175,0.018694432264646406,True,2,0.7442665803411583,0.4971787154329234,539,0
B7_PROPOSED_DYNAMIC_LAG,1475,ACTIVE_PRE,0.11652030706150719,0.013576981957707924,True,2,0.5596247676291501,0.507999077149867,564,0
B7_PROPOSED_DYNAMIC_LAG,1500,ACTIVE_PRE,0.23603126632852645,0.05571075868464778,True,2,0.921330684616107,0.5240508036236956,589,0
B7_PROPOSED_DYNAMIC_LAG,1525,ACTIVE_PRE,0.2984203975114249,0.08905473365087686,True,2,0.586808218179343,0.5248302358699913,614,0
B7_PROPOSED_DYNAMIC_LAG,1550,ACTIVE_PRE,0.4379115382171805,0.19176651530373712,True,2,0.5603071055496779,0.5161515214847182,639,0
B7_PROPOSED_DYNAMIC_LAG,1575,ACTIVE_PRE,0.4227921034181366,0.1787531627127323,True,2,0.8580647810350439,0.5271593473891442,664,0
B7_PROPOSED_DYNAMIC_LAG,1600,ACTIVE_PRE,0.27850597338711314,0.07756557721230337,True,2,0.475670305131597,0.5210301492261582,689,0
B7_PROPOSED_DYNAMIC_LAG,1625,ACTIVE_PRE,0.23932882348662743,0.05727828575149327,True,2,0.8863606043277477,0.5338726921899061,714,0
B7_PROPOSED_DYNAMIC_LAG,1650,ACTIVE_PRE,0.18583514893970685,0.034534702581443026,True,2,0.9106585478562969,0.5362022343062426,739,0
B7_PROPOSED_DYNAMIC_LAG,1675,ACTIVE_PRE,1.1726909492623703,1.375204062481879,True,2,0.5435951463266523,0.5352523682613751,764,0
B7_PROPOSED_DYNAMIC_LAG,1700,ACTIVE_PRE,1.5109491564384225,2.2829673533419808,True,2,0.7189969081846644,0.5323718483206187,789,0
B7_PROPOSED_DYNAMIC_LAG,1725,ACTIVE_PRE,0.3315842571283273,0.10994811957534467,True,2,0.7571657464491498,0.5335658927451797,814,0
B7_PROPOSED_DYNAMIC_LAG,1750,ACTIVE_PRE,0.20176735815758381,0.0407100668178907,True,2,0.6925589755500966,0.5338769543135994,839,0
B7_PROPOSED_DYNAMIC_LAG,1775,ACTIVE_PRE,0.2369981381544023,0.056168117488653156,True,2,0.7946933885614578,0.5389389877745717,864,0
B7_PROPOSED_DYNAMIC_LAG,1800,ACTIVE_PRE,1.0524407583165223,1.1076315497658564,True,2,0.6791175303347735,0.5383322630261912,889,0
B7_PROPOSED_DYNAMIC_LAG,1825,ACTIVE_PRE,0.8252215879047136,0.6809906691439769,True,2,0.9441725106963658,0.553314755747517,914,0
B7_PROPOSED_DYNAMIC_LAG,1850,ACTIVE_PRE,0.30507868817036005,0.09307300597574779,True,2,0.9318992119790771,0.5700810932507567,939,0
B7_PROPOSED_DYNAMIC_LAG,1875,ACTIVE_PRE,0.5759989618656537,0.3317748040703108,True,2,1.1279284766312698,0.5991688677680613,964,0
B7_PROPOSED_DYNAMIC_LAG,1900,ACTIVE_PRE,0.4617689659817671,0.21323057794387038,True,2,0.7293303696523198,0.5950039431619912,989,0
B7_PROPOSED_DYNAMIC_LAG,1925,ACTIVE_PRE,0.5426731393376398,0.29449413615856945,True,2,0.5827103042208688,0.6000333686313147,1014,0
B7_PROPOSED_DYNAMIC_LAG,1950,ACTIVE_PRE,0.4833094863522699,0.23358805959809495,True,2,0.6755366880530298,0.5982583856794719,1039,0
B7_PROPOSED_DYNAMIC_LAG,1975,ACTIVE_PRE,0.0041491156908586985,1.7215161016129856e-05,True,2,0.9624373683230021,0.6087802864715413,1064,0
B7_PROPOSED_DYNAMIC_LAG,2000,ACTIVE_PRE,0.0858488247597404,0.007370020712628616,True,2,1.0505360738328193,0.6276264881373275,1089,0
B7_PROPOSED_DYNAMIC_LAG,2025,ACTIVE_PRE,0.946353896503845,0.8955856974280103,True,2,0.6932167431109609,0.6213812878313698,1114,0
B7_PROPOSED_DYNAMIC_LAG,2050,ACTIVE_PRE,0.23503347152385962,0.05524073273655693,True,2,0.585105740778533,0.6167665607147363,1139,0
B7_PROPOSED_DYNAMIC_LAG,2075,ACTIVE_PRE,0.0433745008197417,0.0018813473213617736,True,2,0.8875118180568669,0.6178327845452125,1164,0
B7_PROPOSED_DYNAMIC_LAG,2100,ACTIVE_PRE,0.531528298212286,0.28252233180044883,True,2,0.8174069739985863,0.6189135511964792,1189,0
B7_PROPOSED_DYNAMIC_LAG,2125,ACTIVE_PRE,1.1907944051746941,1.4179913153953536,True,2,0.9515739624669208,0.6252867753343034,1214,0
B7_PROPOSED_DYNAMIC_LAG,2150,ACTIVE_PRE,0.40413912817201636,0.16332843491963747,True,2,1.02214426360333,0.6302829608308711,1239,0
B7_PROPOSED_DYNAMIC_LAG,2175,ACTIVE_PRE,0.9829992796749905,0.9662875838415501,True,2,1.0924697763316131,0.6414798510541059,1264,0
B7_PROPOSED_DYNAMIC_LAG,2200,ACTIVE_PRE,0.46305430145722337,0.2144192860980371,True,2,0.8558454008646317,0.6409850587084289,1289,0
B7_PROPOSED_DYNAMIC_LAG,2225,ACTIVE_PRE,0.1880628626227978,0.03536764029788132,True,2,0.9655044009041877,0.6457851718596954,1314,0
B7_PROPOSED_DYNAMIC_LAG,2250,ACTIVE_PRE,0.3047009570759402,0.09284267324299394,True,2,0.7257987102887521,0.6375483743084168,1339,0
B7_PROPOSED_DYNAMIC_LAG,2275,ACTIVE_PRE,1.387635441120144,1.9255321174526965,True,2,0.8911281274450666,0.6401542755837346,1364,0
B7_PROPOSED_DYNAMIC_LAG,2300,ACTIVE_PRE,0.24646023446202925,0.06074264717107843,True,2,0.7253546359489642,0.6456970298183294,1389,0
B7_PROPOSED_DYNAMIC_LAG,2325,ACTIVE_PRE,0.7914215170652961,0.6263480176739347,True,2,0.4733722678233201,0.641332017453939,1414,0
B7_PROPOSED_DYNAMIC_LAG,2350,ACTIVE_PRE,0.6356844311468737,0.4040946960025244,True,2,0.7668625280371378,0.6425322634382022,1439,0
B7_PROPOSED_DYNAMIC_LAG,2375,ACTIVE_PRE,0.6063351262027095,0.3676422852672556,True,2,0.9612755178367749,0.6482836942035517,1464,0
B7_PROPOSED_DYNAMIC_LAG,2400,ACTIVE_PRE,0.37730742356213554,0.14236089187509676,True,2,0.8862961487623213,0.6505312388634465,1489,0
B7_PROPOSED_DYNAMIC_LAG,2425,ACTIVE_PRE,0.27260306942276147,0.07431243345871091,True,2,0.9696718534974796,0.6667949690187269,1514,0
B7_PROPOSED_DYNAMIC_LAG,2450,ACTIVE_PRE,1.3415091055190826,1.7996466801906092,True,2,0.6476255263127482,0.6611336627588699,1539,0
B7_PROPOSED_DYNAMIC_LAG,2475,ACTIVE_PRE,0.24280856396208772,0.058955998733331245,True,2,0.7506278950758073,0.6561786863485299,1564,0
B7_PROPOSED_DYNAMIC_LAG,2500,ACTIVE_PRE,0.6585112057166501,0.4336370080543963,True,2,0.5940090882495581,0.6499653336255099,1589,0
B7_PROPOSED_DYNAMIC_LAG,2525,ACTIVE_PRE,0.3584647140608155,0.1284969512267022,True,2,0.9271828037243764,0.6557398632706591,1614,0
B7_PROPOSED_DYNAMIC_LAG,2550,ACTIVE_PRE,0.7825708171261132,0.6124170838174325,True,2,0.926804643548202,0.6585271359691842,1639,0
B7_PROPOSED_DYNAMIC_LAG,2575,ACTIVE_PRE,0.389390972948075,0.15162532981344848,True,2,0.6197987834611861,0.6475839779672162,1664,0
B7_PROPOSED_DYNAMIC_LAG,2600,ACTIVE_PRE,0.26852567607467404,0.07210603871136077,True,2,0.8989124024603118,0.6650298467216159,1689,0
B7_PROPOSED_DYNAMIC_LAG,2625,ACTIVE_PRE,0.01165683344167201,0.0001358817658868829,True,2,0.7161117872227132,0.6643771096554002,1714,0
B7_PROPOSED_DYNAMIC_LAG,2650,ACTIVE_PRE,1.138700293797833,1.2966383590952713,True,2,0.7530467003242188,0.6594348659198868,1739,0
B7_PROPOSED_DYNAMIC_LAG,2675,ACTIVE_PRE,0.92844809964806,0.8620158737400939,True,2,0.7290312118065949,0.6653202222551599,1764,0
B7_PROPOSED_DYNAMIC_LAG,2700,ACTIVE_PRE,1.149718473298205,1.3218525678431556,True,2,0.6579188005243692,0.6843111256334357,1789,0
B7_PROPOSED_DYNAMIC_LAG,2725,ACTIVE_PRE,0.36164430701599976,0.13078660479708268,True,2,0.6693731154799133,0.676282057899669,1814,0
B7_PROPOSED_DYNAMIC_LAG,2750,ACTIVE_PRE,0.8611134659999318,0.7415164013264156,True,2,0.6848195368517954,0.6688969874615702,1839,0
B7_PROPOSED_DYNAMIC_LAG,2775,ACTIVE_PRE,0.16788350790036116,0.02818487222493063,True,2,0.9389639896027733,0.6735775334387148,1864,0
B7_PROPOSED_DYNAMIC_LAG,2800,ACTIVE_PRE,0.6914489240006245,0.4781016145016214,True,2,0.8270893978552262,0.6759064861725543,1889,0
B7_PROPOSED_DYNAMIC_LAG,2825,ACTIVE_PRE,0.13246103705651013,0.01754592633808615,True,2,0.6861121203703974,0.6817007742785239,1914,0
B7_PROPOSED_DYNAMIC_LAG,2850,ACTIVE_PRE,0.07846648074505203,0.00615698860051362,True,2,1.0361526489907358,0.7052526032188723,1939,0
B7_PROPOSED_DYNAMIC_LAG,2875,ACTIVE_PRE,0.433844148552717,0.188220745233432,True,2,0.7066363254421733,0.700570708922902,1964,0
B7_PROPOSED_DYNAMIC_LAG,2900,ACTIVE_PRE,0.05329376680164044,0.002840225579907633,True,2,0.7066912790473786,0.6943494923679525,1989,0
B7_PROPOSED_DYNAMIC_LAG,2925,ACTIVE_PRE,0.9470915766357524,0.8969824545343952,True,2,0.6866013200172404,0.6913751192296975,2014,0
B7_PROPOSED_DYNAMIC_LAG,2950,ACTIVE_PRE,0.6415371099467908,0.41156986343888075,True,2,0.7786516687195011,0.7034983935106942,2039,0
B7_PROPOSED_DYNAMIC_LAG,2975,ACTIVE_PRE,0.33302715139858685,0.11090708356865729,True,2,1.0884717465874214,0.7105541567292376,2064,0
B7_PROPOSED_DYNAMIC_LAG,2998,ACTIVE_PRE,0.3716658684095344,0.13813551774061336,True,2,1.1171382026259817,0.7112333142730956,2087,0
B7_PROPOSED_DYNAMIC_LAG,2999,ACTIVE_PRE,1.091310391852446,1.1909583713651393,True,2,1.109695089333391,0.7112333142730956,2088,0
B7_PROPOSED_DYNAMIC_LAG,3000,SILENCE,0.4033050302394845,0.1626549474164715,True,2,1.0910632089495522,0.7104108445278812,2089,0
B7_PROPOSED_DYNAMIC_LAG,3001,SILENCE,0.08892442677124368,0.00790755367659428,True,2,1.081366700936422,0.711610770637591,2090,0
B7_PROPOSED_DYNAMIC_LAG,3025,SILENCE,1.0857140433814865,1.1787749839957762,True,2,0.9185193670390688,0.7111791567083001,2114,0
B7_PROPOSED_DYNAMIC_LAG,3050,SILENCE,1.022932656686163,1.0463912201150114,True,2,0.9178111670795955,0.7111791567083001,2139,0
B7_PROPOSED_DYNAMIC_LAG,3075,SILENCE,1.0847748578250922,1.176736492169449,True,2,0.9194918554816676,0.7111791567083001,2164,0
B7_PROPOSED_DYNAMIC_LAG,3100,SILENCE,0.20255955470935738,0.041030373204053144,True,2,0.91911059055257,0.7111791567083001,2189,0
B7_PROPOSED_DYNAMIC_LAG,3125,SILENCE,0.3190980608958128,0.10182357246746784,True,2,0.9212367023526369,0.7111791567083001,2214,0
B7_PROPOSED_DYNAMIC_LAG,3150,SILENCE,0.1069418785208103,0.011436565381559748,True,2,0.9210758932023058,0.7111791567083001,2239,0
B7_PROPOSED_DYNAMIC_LAG,3175,SILENCE,0.055214249786751345,0.003048613379513771,True,2,0.9228399824057839,0.7111791567083001,2264,0
B7_PROPOSED_DYNAMIC_LAG,3200,SILENCE,0.5801091680755525,0.3365266468853096,True,2,0.9219271558059469,0.7111791567083001,2289,0
B7_PROPOSED_DYNAMIC_LAG,3225,SILENCE,0.7008942837577878,0.49125279700434243,True,2,0.9218015173665174,0.7111791567083001,2314,0
B7_PROPOSED_DYNAMIC_LAG,3250,SILENCE,0.8499723767433855,0.7224530412267998,True,2,0.9223486015081929,0.7111791567083001,2339,0
B7_PROPOSED_DYNAMIC_LAG,3275,SILENCE,0.9891793873449701,0.9784758603481705,True,2,0.9237718970895668,0.7111791567083001,2364,0
B7_PROPOSED_DYNAMIC_LAG,3300,SILENCE,0.6709474552996199,0.45017048777303537,True,2,0.922469904532455,0.7111791567083001,2389,0
B7_PROPOSED_DYNAMIC_LAG,3325,SILENCE,0.732033271640171,0.5358727107882123,True,2,0.9205610078230128,0.7111791567083001,2414,0
B7_PROPOSED_DYNAMIC_LAG,3350,SILENCE,1.455219434182737,2.117663601623125,True,2,0.9186863086851393,0.7111791567083001,2439,0
B7_PROPOSED_DYNAMIC_LAG,3375,SILENCE,0.09835317864376515,0.009673347749332381,True,2,0.9205087903948725,0.7111791567083001,2464,0
B7_PROPOSED_DYNAMIC_LAG,3400,SILENCE,0.19227142724518492,0.03696830173490044,True,2,0.9193746737726699,0.7111791567083001,2489,0
B7_PROPOSED_DYNAMIC_LAG,3425,SILENCE,0.7708457110335212,0.5942031102187748,True,2,0.91760911005385,0.7111791567083001,2514,0
B7_PROPOSED_DYNAMIC_LAG,3450,SILENCE,0.4680296058052712,0.21905171191023753,True,2,0.9182909129033725,0.7111791567083001,2539,0
B7_PROPOSED_DYNAMIC_LAG,3475,SILENCE,0.4320171223693591,0.18663879402030178,True,2,0.9182138448790748,0.7111791567083001,2564,0
B7_PROPOSED_DYNAMIC_LAG,3500,SILENCE,0.7834579014228453,0.6138062833018888,True,2,0.9173053772833502,0.7111791567083001,2589,0
B7_PROPOSED_DYNAMIC_LAG,3525,SILENCE,0.40384416963746195,0.16309011335017115,True,2,0.9141049204424999,0.7111791567083001,2614,0
B7_PROPOSED_DYNAMIC_LAG,3550,SILENCE,1.1472669736730696,1.316221508880964,True,2,0.9118899183015134,0.7111791567083001,2639,0
B7_PROPOSED_DYNAMIC_LAG,3575,SILENCE,0.7150187088031547,0.5112517539385305,True,2,0.9117180645533517,0.7111791567083001,2664,0
B7_PROPOSED_DYNAMIC_LAG,3600,SILENCE,0.7032698368130025,0.49458846337098716,True,2,0.9135739436219628,0.7111791567083001,2689,0
B7_PROPOSED_DYNAMIC_LAG,3625,SILENCE,0.5517231400567257,0.3043984232740534,True,2,0.9135589613802578,0.7111791567083001,2714,0
B7_PROPOSED_DYNAMIC_LAG,3650,SILENCE,0.27050143357625267,0.07317102556680784,True,2,0.9149260370222677,0.7111791567083001,2739,0
B7_PROPOSED_DYNAMIC_LAG,3675,SILENCE,0.9595845483337185,0.9208025054008266,True,2,0.9167258073645056,0.7111791567083001,2764,0
B7_PROPOSED_DYNAMIC_LAG,3700,SILENCE,0.48071881749858014,0.2310905814972332,True,2,0.9156039693381886,0.7111791567083001,2789,0
B7_PROPOSED_DYNAMIC_LAG,3725,SILENCE,0.7375991433625727,0.544052496289201,True,2,0.9156243785149544,0.7111791567083001,2814,0
B7_PROPOSED_DYNAMIC_LAG,3750,SILENCE,0.5394636266770123,0.2910210045075149,True,2,0.9183399877612326,0.7111791567083001,2839,0
B7_PROPOSED_DYNAMIC_LAG,3775,SILENCE,0.1340584051204673,0.017971655983443333,True,2,0.9189042787690945,0.7111791567083001,2864,0
B7_PROPOSED_DYNAMIC_LAG,3800,SILENCE,1.2632148363209157,1.5957117227012778,True,2,0.9160979483316096,0.7111791567083001,2889,0
B7_PROPOSED_DYNAMIC_LAG,3825,SILENCE,0.18525255926134665,0.03431851071287875,True,2,0.9165214700155463,0.7111791567083001,2914,0
B7_PROPOSED_DYNAMIC_LAG,3850,SILENCE,0.16236356385702816,0.02636192686835526,True,2,0.9134932879053199,0.7111791567083001,2939,0
B7_PROPOSED_DYNAMIC_LAG,3875,SILENCE,0.1621695008594291,0.026298947008996376,True,2,0.9127032238086777,0.7111791567083001,2964,0
B7_PROPOSED_DYNAMIC_LAG,3900,SILENCE,0.9789370106338894,0.9583176707888157,True,2,0.9127947071009003,0.7111791567083001,2989,0
B7_PROPOSED_DYNAMIC_LAG,3925,SILENCE,0.781304653625521,0.6104369617768954,True,2,0.9121985192099197,0.7111791567083001,3014,0
B7_PROPOSED_DYNAMIC_LAG,3950,SILENCE,0.34483237741962414,0.1189093685168701,True,2,0.9138690683179551,0.7111791567083001,3039,0
B7_PROPOSED_DYNAMIC_LAG,3975,SILENCE,0.8491783354759568,0.7211038454417166,True,2,0.9156518695960184,0.7111791567083001,3064,0
B7_PROPOSED_DYNAMIC_LAG,4000,SILENCE,1.1340750038697105,1.286126114402084,True,2,0.9156833875269391,0.7111791567083001,3089,0
B7_PROPOSED_DYNAMIC_LAG,4025,SILENCE,0.3331019000980528,0.11095687584893314,True,2,0.9130267300733789,0.7111791567083001,3114,0
B7_PROPOSED_DYNAMIC_LAG,4050,SILENCE,0.43795738306594767,0.19180666938197322,True,2,0.9139330460852062,0.7111791567083001,3139,0
B7_PROPOSED_DYNAMIC_LAG,4075,SILENCE,0.22100299232847742,0.04884232261814105,True,2,0.9117833576392703,0.7111791567083001,3164,0
B7_PROPOSED_DYNAMIC_LAG,4100,SILENCE,0.17973690342462403,0.03230535445267263,True,2,0.9104614110518607,0.7111791567083001,3189,0
B7_PROPOSED_DYNAMIC_LAG,4125,SILENCE,0.7945694399114684,0.6313405948412246,True,2,0.9113450959032707,0.7111791567083001,3214,0
B7_PROPOSED_DYNAMIC_LAG,4150,SILENCE,0.004056139680205864,1.645226910534053e-05,True,2,0.9109937596088252,0.7111791567083001,3239,0
B7_PROPOSED_DYNAMIC_LAG,4175,SILENCE,0.2456706398314876,0.0603540632752125,True,2,0.9117687884915687,0.7111791567083001,3264,0
B7_PROPOSED_DYNAMIC_LAG,4200,SILENCE,0.37113976251116626,0.1377447233168449,True,2,0.9113410653295675,0.7111791567083001,3289,0
B7_PROPOSED_DYNAMIC_LAG,4225,SILENCE,0.7038627847309201,0.4954228197291656,True,2,0.9126073239210647,0.7111791567083001,3314,0
B7_PROPOSED_DYNAMIC_LAG,4250,SILENCE,0.22884083857083554,0.052368129397803206,True,2,0.9107737546807161,0.7111791567083001,3339,0
B7_PROPOSED_DYNAMIC_LAG,4275,SILENCE,1.5879289298506571,2.5215182862566534,True,2,0.9121214582454392,0.7111791567083001,3364,0
B7_PROPOSED_DYNAMIC_LAG,4300,SILENCE,0.5903649491609526,0.34853077319781417,True,2,0.9134927640714827,0.7111791567083001,3389,0
B7_PROPOSED_DYNAMIC_LAG,4325,SILENCE,1.3577661091229416,1.8435288070828517,True,2,0.9147652615923954,0.7111791567083001,3414,0
B7_PROPOSED_DYNAMIC_LAG,4350,SILENCE,0.44525011658285524,0.19824766631704618,True,2,0.914600876039396,0.7111791567083001,3439,0
B7_PROPOSED_DYNAMIC_LAG,4375,SILENCE,0.1560292719894686,0.024345133717563566,True,2,0.9150716432118903,0.7111791567083001,3464,0
B7_PROPOSED_DYNAMIC_LAG,4400,SILENCE,0.26596818406187017,0.07073907493316885,True,2,0.917783198296852,0.7111791567083001,3489,0
B7_PROPOSED_DYNAMIC_LAG,4425,SILENCE,0.5957433645801891,0.35491015644132407,True,2,0.9171860690960104,0.7111791567083001,3514,0
B7_PROPOSED_DYNAMIC_LAG,4450,SILENCE,0.22923208517006527,0.05254734887141606,True,2,0.9177150043652514,0.7111791567083001,3539,0
B7_PROPOSED_DYNAMIC_LAG,4475,SILENCE,1.44327923297568,2.0830549443388673,True,2,0.9179780291457813,0.7111791567083001,3564,0
B7_PROPOSED_DYNAMIC_LAG,4500,SILENCE,1.3848335537725946,1.917763971654434,True,2,0.9173588495253019,0.7111791567083001,3589,0
B7_PROPOSED_DYNAMIC_LAG,4525,SILENCE,0.9565744506721121,0.915034679678653,True,2,0.9171081374553773,0.7111791567083001,3614,0
B7_PROPOSED_DYNAMIC_LAG,4550,SILENCE,0.15465460057392405,0.02391804547867999,True,2,0.9176987206010656,0.7111791567083001,3639,0
B7_PROPOSED_DYNAMIC_LAG,4575,SILENCE,1.2097868840835286,1.4635843049005333,True,2,0.9180731133741651,0.7111791567083001,3664,0
B7_PROPOSED_DYNAMIC_LAG,4600,SILENCE,0.014268618033560625,0.00020359346058765147,True,2,0.9190047011789793,0.7111791567083001,3689,0
B7_PROPOSED_DYNAMIC_LAG,4625,SILENCE,0.06646087688062943,0.004417048155742184,True,2,0.9197803516032701,0.7111791567083001,3714,0
B7_PROPOSED_DYNAMIC_LAG,4650,SILENCE,0.35777139550951764,0.1280003714448277,True,2,0.9196529780730389,0.7111791567083001,3739,0
B7_PROPOSED_DYNAMIC_LAG,4675,SILENCE,0.4002582213546202,0.16020664376196414,True,2,0.9208216286833699,0.7111791567083001,3764,0
B7_PROPOSED_DYNAMIC_LAG,4700,SILENCE,0.21921098688540594,0.048053456771273616,True,2,0.9215146993227838,0.7111791567083001,3789,0
B7_PROPOSED_DYNAMIC_LAG,4725,SILENCE,0.532739400887882,0.2838112692583794,True,2,0.9213782578324778,0.7111791567083001,3814,0
B7_PROPOSED_DYNAMIC_LAG,4750,SILENCE,0.3857492315131808,0.14880246961300955,True,2,0.9207895255816902,0.7111791567083001,3839,0
B7_PROPOSED_DYNAMIC_LAG,4775,SILENCE,0.22666588945846936,0.05137742544399905,True,2,0.9232076726297869,0.7111791567083001,3864,0
B7_PROPOSED_DYNAMIC_LAG,4800,SILENCE,0.7131485822410366,0.5085809003524006,True,2,0.9208711686151104,0.7111791567083001,3889,0
B7_PROPOSED_DYNAMIC_LAG,4825,SILENCE,1.0180443466633011,1.0364142917731076,True,2,0.9233843048599292,0.7111791567083001,3914,0
B7_PROPOSED_DYNAMIC_LAG,4850,SILENCE,0.11830380201623376,0.013995789571496236,True,2,0.9230954474834338,0.7111791567083001,3939,0
B7_PROPOSED_DYNAMIC_LAG,4875,SILENCE,0.13931883638429143,0.019409738171472967,True,2,0.9231118306908477,0.7111791567083001,3964,0
B7_PROPOSED_DYNAMIC_LAG,4900,SILENCE,0.5950956864576519,0.3541388760405039,True,2,0.9210987709869819,0.7111791567083001,3989,0
B7_PROPOSED_DYNAMIC_LAG,4925,SILENCE,0.21827747350480753,0.04764505543964195,True,2,0.9214813626816156,0.7111791567083001,4014,0
B7_PROPOSED_DYNAMIC_LAG,4950,SILENCE,0.8859434188269438,0.7848957413627736,True,2,0.9212224953914376,0.7111791567083001,4039,0
B7_PROPOSED_DYNAMIC_LAG,4975,SILENCE,0.23544225574074953,0.05543305578829251,True,2,0.920215388002622,0.7111791567083001,4064,0
B7_PROPOSED_DYNAMIC_LAG,5000,SILENCE,0.27576460298170535,0.07604611625765757,True,2,0.9214431472617529,0.7111791567083001,4089,0
B7_PROPOSED_DYNAMIC_LAG,5025,SILENCE,0.28982409718708807,0.08399800731031067,True,2,0.9230342282476941,0.7111791567083001,4114,0
B7_PROPOSED_DYNAMIC_LAG,5050,SILENCE,0.5633385299334925,0.3173502993076285,True,2,0.9255531404669051,0.7111791567083001,4139,0
B7_PROPOSED_DYNAMIC_LAG,5075,SILENCE,0.3833674083748322,0.14697056980403536,True,2,0.9252857258253826,0.7111791567083001,4164,0
B7_PROPOSED_DYNAMIC_LAG,5100,SILENCE,0.23100758988384854,0.05336450658394436,True,2,0.923111656666798,0.7111791567083001,4189,0
B7_PROPOSED_DYNAMIC_LAG,5125,SILENCE,0.1326970118936013,0.017608496965490567,True,2,0.921423206551869,0.7111791567083001,4214,0
B7_PROPOSED_DYNAMIC_LAG,5150,SILENCE,0.171219910655304,0.029316257804810286,True,2,0.9217526945339723,0.7111791567083001,4239,0
B7_PROPOSED_DYNAMIC_LAG,5175,SILENCE,0.6066040911981769,0.36796852345836617,True,2,0.9237685669837785,0.7111791567083001,4264,0
B7_PROPOSED_DYNAMIC_LAG,5200,SILENCE,0.19494979908731588,0.03800542416418483,True,2,0.9247376276568696,0.7111791567083001,4289,0
B7_PROPOSED_DYNAMIC_LAG,5225,SILENCE,1.35207619824789,1.8281100458684674,True,2,0.9227040888479175,0.7111791567083001,4314,0
B7_PROPOSED_DYNAMIC_LAG,5250,SILENCE,0.5928036076163161,0.35141611720291926,True,2,0.9215810137995732,0.7111791567083001,4339,0
B7_PROPOSED_DYNAMIC_LAG,5275,SILENCE,0.3604093227507487,0.12989487992565335,True,2,0.9207731537321784,0.7111791567083001,4364,0
B7_PROPOSED_DYNAMIC_LAG,5300,SILENCE,0.8093232920335439,0.655004191028013,True,2,0.9221743762155253,0.7111791567083001,4389,0
B7_PROPOSED_DYNAMIC_LAG,5325,SILENCE,0.3315516977290431,0.10992652826701076,True,2,0.9240878301159781,0.7111791567083001,4414,0
B7_PROPOSED_DYNAMIC_LAG,5350,SILENCE,0.48471078671590123,0.2349445467587479,True,2,0.9221950424158538,0.7111791567083001,4439,0
B7_PROPOSED_DYNAMIC_LAG,5375,SILENCE,0.13410939997964608,0.017985331162900697,True,2,0.9214046404640429,0.7111791567083001,4464,0
B7_PROPOSED_DYNAMIC_LAG,5400,SILENCE,0.9892099534933179,0.978536332090252,True,2,0.9199007299071215,0.7111791567083001,4489,0
B7_PROPOSED_DYNAMIC_LAG,5425,SILENCE,0.08820915254113175,0.00778085459202465,True,2,0.9199915392949403,0.7111791567083001,4514,0
B7_PROPOSED_DYNAMIC_LAG,5450,SILENCE,0.07526003515666402,0.005664072891782304,True,2,0.9194094666431689,0.7111791567083001,4539,0
B7_PROPOSED_DYNAMIC_LAG,5475,SILENCE,0.16030646830422252,0.025698163780172697,True,2,0.9184689510819748,0.7111791567083001,4564,0
B7_PROPOSED_DYNAMIC_LAG,5500,SILENCE,0.9975868713221354,0.9951795658342868,True,2,0.9186192455508745,0.7111791567083001,4589,0
B7_PROPOSED_DYNAMIC_LAG,5525,SILENCE,0.23062244727244263,0.05318671318593058,True,2,0.9188445574372843,0.7111791567083001,4614,0
B7_PROPOSED_DYNAMIC_LAG,5550,SILENCE,0.27303304523853217,0.07454704379222635,True,2,0.9179914595293466,0.7111791567083001,4639,0
B7_PROPOSED_DYNAMIC_LAG,5575,SILENCE,0.12542573898333964,0.015731615999516845,True,2,0.9159611471760856,0.7111791567083001,4664,0
B7_PROPOSED_DYNAMIC_LAG,5600,SILENCE,0.2903260558968056,0.0842892187325951,True,2,0.9188719103694971,0.7111791567083001,4689,0
B7_PROPOSED_DYNAMIC_LAG,5625,SILENCE,0.20209283010576506,0.040841511980157626,True,2,0.9202174304902319,0.7111791567083001,4714,0
B7_PROPOSED_DYNAMIC_LAG,5650,SILENCE,1.2091721528943808,1.462097295335232,True,2,0.9200377574529773,0.7111791567083001,4739,0
B7_PROPOSED_DYNAMIC_LAG,5675,SILENCE,1.0957889001471661,1.200753313685736,True,2,0.9176907434550374,0.7111791567083001,4764,0
B7_PROPOSED_DYNAMIC_LAG,5700,SILENCE,0.7972218882555127,0.6355627391136851,True,2,0.9175572611176678,0.7111791567083001,4789,0
B7_PROPOSED_DYNAMIC_LAG,5725,SILENCE,0.566559245515602,0.3209893786792082,True,2,0.919440224466267,0.7111791567083001,4814,0
B7_PROPOSED_DYNAMIC_LAG,5750,SILENCE,1.5688096996743184,2.4611638737922252,True,2,0.9183539961130927,0.7111791567083001,4839,0
B7_PROPOSED_DYNAMIC_LAG,5775,SILENCE,0.2394207569166441,0.05732229884253879,True,2,0.9157271888199817,0.7111791567083001,4864,0
B7_PROPOSED_DYNAMIC_LAG,5800,SILENCE,0.3256669934006267,0.10605899059060385,True,2,0.9137636365322621,0.7111791567083001,4889,0
B7_PROPOSED_DYNAMIC_LAG,5825,SILENCE,0.27212924810232364,0.07405432767273601,True,2,0.9137548847376958,0.7111791567083001,4914,0
B7_PROPOSED_DYNAMIC_LAG,5850,SILENCE,2.575834923967957e-07,6.63492555553301e-14,True,2,0.9138160074202157,0.7111791567083001,4939,0
B7_PROPOSED_DYNAMIC_LAG,5875,SILENCE,0.38133876453428045,0.14541925333653138,True,2,0.9121685040822691,0.7111791567083001,4964,0
B7_PROPOSED_DYNAMIC_LAG,5900,SILENCE,0.43141257130147986,0.18611680667695446,True,2,0.9116366424214624,0.7111791567083001,4989,0
B7_PROPOSED_DYNAMIC_LAG,5925,SILENCE,0.5591770393845392,0.3126789613748585,True,2,0.9088689845310682,0.7111791567083001,5014,0
B7_PROPOSED_DYNAMIC_LAG,5950,SILENCE,0.5761927001961686,0.3319980277593519,True,2,0.9084222981425945,0.7111791567083001,5039,0
B7_PROPOSED_DYNAMIC_LAG,5975,SILENCE,0.0036370553010887097,1.3228171263177484e-05,True,2,0.9089889348652573,0.7111791567083001,5064,0
B7_PROPOSED_DYNAMIC_LAG,6000,SILENCE,0.3047320749618272,0.09286163751054066,True,2,0.9085496166537518,0.7111791567083001,5089,0
B7_PROPOSED_DYNAMIC_LAG,6025,SILENCE,0.26987006837012156,0.07282985380209409,True,2,0.909394502126322,0.7111791567083001,5114,0
B7_PROPOSED_DYNAMIC_LAG,6050,SILENCE,1.0972624816509846,1.2039849536388774,True,2,0.9092507769060335,0.7111791567083001,5139,0
B7_PROPOSED_DYNAMIC_LAG,6075,SILENCE,0.10663608145344336,0.011371253867745406,True,2,0.9100542280165278,0.7111791567083001,5164,0
B7_PROPOSED_DYNAMIC_LAG,6100,SILENCE,0.24106993789188746,0.05811471495519848,True,2,0.9105345782522871,0.7111791567083001,5189,0
B7_PROPOSED_DYNAMIC_LAG,6125,SILENCE,0.8849177531068555,0.7830794297636856,True,2,0.9135854595793802,0.7111791567083001,5214,0
B7_PROPOSED_DYNAMIC_LAG,6150,SILENCE,0.374790837974561,0.14046817222967362,True,2,0.9095750031247445,0.7111791567083001,5239,0
B7_PROPOSED_DYNAMIC_LAG,6175,SILENCE,0.3059307412396276,0.09359361843542797,True,2,0.9121415495503513,0.7111791567083001,5264,0
B7_PROPOSED_DYNAMIC_LAG,6200,SILENCE,0.2699438887644283,0.07286970308126205,True,2,0.9126299338568665,0.7111791567083001,5289,0
B7_PROPOSED_DYNAMIC_LAG,6225,SILENCE,0.9396862921853657,0.8830103277210805,True,2,0.9119528809562522,0.7111791567083001,5314,0
B7_PROPOSED_DYNAMIC_LAG,6250,SILENCE,0.9368908036559284,0.8777643779750514,True,2,0.9134175928549402,0.7111791567083001,5339,0
B7_PROPOSED_DYNAMIC_LAG,6275,SILENCE,1.2816450555279555,1.6426140483592562,True,2,0.912655689365427,0.7111791567083001,5364,0
B7_PROPOSED_DYNAMIC_LAG,6300,SILENCE,0.772661664885218,0.5970060483831969,True,2,0.9148067750820043,0.7111791567083001,5389,0
B7_PROPOSED_DYNAMIC_LAG,6325,SILENCE,0.7810833205394766,0.6100911536249748,True,2,0.9112765736560882,0.7111791567083001,5414,0
B7_PROPOSED_DYNAMIC_LAG,6350,SILENCE,0.3794994868827054,0.14401986054423668,True,2,0.9128555671561567,0.7111791567083001,5439,0
B7_PROPOSED_DYNAMIC_LAG,6375,SILENCE,0.514452796083346,0.2646616793979728,True,2,0.913608506539494,0.7111791567083001,5464,0
B7_PROPOSED_DYNAMIC_LAG,6400,SILENCE,0.6837798369086963,0.46755486536288327,True,2,0.9141139058453079,0.7111791567083001,5489,0
B7_PROPOSED_DYNAMIC_LAG,6425,SILENCE,0.7909551211870238,0.6256100037319795,True,2,0.9122380395092443,0.7111791567083001,5514,0
B7_PROPOSED_DYNAMIC_LAG,6450,SILENCE,0.3868708617163386,0.1496690636451424,True,2,0.911133354495665,0.7111791567083001,5539,0
B7_PROPOSED_DYNAMIC_LAG,6475,SILENCE,0.6693435603033703,0.44802080171959147,True,2,0.9110386312679823,0.7111791567083001,5564,0
B7_PROPOSED_DYNAMIC_LAG,6500,SILENCE,0.5953211277660722,0.354407245164668,True,2,0.9122580027085102,0.7111791567083001,5589,0
B7_PROPOSED_DYNAMIC_LAG,6525,SILENCE,0.5076734331141504,0.2577323146899077,True,2,0.9119570058176285,0.7111791567083001,5614,0
B7_PROPOSED_DYNAMIC_LAG,6550,SILENCE,0.08744297687609359,0.007646274204953039,True,2,0.9126335801695628,0.7111791567083001,5639,0
B7_PROPOSED_DYNAMIC_LAG,6575,SILENCE,0.747748672627653,0.559128077416417,True,2,0.9114302371242095,0.7111791567083001,5664,0
B7_PROPOSED_DYNAMIC_LAG,6600,SILENCE,0.4657655476679264,0.2169375453944034,True,2,0.9113004023996493,0.7111791567083001,5689,0
B7_PROPOSED_DYNAMIC_LAG,6625,SILENCE,0.2009101775203449,0.0403648994312565,True,2,0.911625802515513,0.7111791567083001,5714,0
B7_PROPOSED_DYNAMIC_LAG,6650,SILENCE,0.13168299854207657,0.01734041210503254,True,2,0.9117016194240227,0.7111791567083001,5739,0
B7_PROPOSED_DYNAMIC_LAG,6675,SILENCE,0.9722998113295278,0.9453669231114353,True,2,0.9113736390178493,0.7111791567083001,5764,0
B7_PROPOSED_DYNAMIC_LAG,6686,SILENCE,0.33607243993722397,0.11294468488535901,True,2,0.9117072220304072,0.7111791567083001,5775,0
B7_PROPOSED_DYNAMIC_LAG,6687,SILENCE,0.3513949719648324,0.12347842632216534,True,2,0.9115653589367183,0.7111791567083001,5776,0
B7_PROPOSED_DYNAMIC_LAG,6688,SILENCE,0.3460839448543868,0.11977409688597425,True,2,0.911425646967197,0.7111791567083001,5777,0
B7_PROPOSED_DYNAMIC_LAG,6700,SILENCE,0.18125598349387845,0.032853731552333135,True,2,0.9104254973077406,0.7111791567083001,5789,0
B7_PROPOSED_DYNAMIC_LAG,6725,SILENCE,0.2494458566347902,0.0622232353922643,True,2,0.9114659373273591,0.7111791567083001,5814,0
B7_PROPOSED_DYNAMIC_LAG,6750,SILENCE,0.7544225985500339,0.5691534572029856,True,2,0.9109135068640961,0.7111791567083001,5839,0
B7_PROPOSED_DYNAMIC_LAG,6775,SILENCE,0.24535725785497264,0.060200183982111535,True,2,0.9112354957232568,0.7111791567083001,5864,0
B7_PROPOSED_DYNAMIC_LAG,6800,SILENCE,0.7289722789962458,0.5314005835449804,True,2,0.9099956637469924,0.7111791567083001,5889,0
B7_PROPOSED_DYNAMIC_LAG,6825,SILENCE,0.42108033424368696,0.17730864788677514,True,2,0.9102577027647915,0.7111791567083001,5914,0
B7_PROPOSED_DYNAMIC_LAG,6850,SILENCE,1.9457007799181558,3.78575152497412,True,2,0.9109364994755472,0.7111791567083001,5939,0
B7_PROPOSED_DYNAMIC_LAG,6875,SILENCE,0.8444782349587631,0.7131434893190678,True,2,0.9088381108322352,0.7111791567083001,5964,0
B7_PROPOSED_DYNAMIC_LAG,6900,SILENCE,0.6920318823378779,0.47890812617210654,True,2,0.9086894829504191,0.7111791567083001,5989,0
B7_PROPOSED_DYNAMIC_LAG,6925,SILENCE,0.4050013376358843,0.16402608348685555,True,2,0.9071157827371664,0.7111791567083001,6014,0
B7_PROPOSED_DYNAMIC_LAG,6950,SILENCE,0.9649984590617848,0.9312220259916192,True,2,0.9074599011019775,0.7111791567083001,6039,0
B7_PROPOSED_DYNAMIC_LAG,6975,SILENCE,0.5966722250913071,0.3560177441954115,True,2,0.90479066275311,0.7111791567083001,6064,0
B7_PROPOSED_DYNAMIC_LAG,6998,SILENCE,0.998396840342276,0.9967962508054402,True,2,0.9045744357452682,0.7111791567083001,6087,0
B7_PROPOSED_DYNAMIC_LAG,6999,SILENCE,0.3040778731479685,0.09246335293819204,True,2,0.9046952959115354,0.7111791567083001,6088,0
B7_PROPOSED_DYNAMIC_LAG,7000,ACTIVE_POST,0.013592276431656529,0.00018474997859456555,True,2,0.9046898937342829,0.7111791567083001,6089,0
B7_PROPOSED_DYNAMIC_LAG,7001,ACTIVE_POST,0.3924543126444315,0.15402038751321318,True,2,0.9045339226684099,0.7111791567083001,6090,0
B7_PROPOSED_DYNAMIC_LAG,7025,ACTIVE_POST,0.46607572674741904,0.21722658306313483,True,2,0.7296511168076207,0.7019827338689482,6114,0
B7_PROPOSED_DYNAMIC_LAG,7050,ACTIVE_POST,0.12061348143604,0.014547611904121967,True,2,0.5487872460146028,0.7016415297070717,6139,0
B7_PROPOSED_DYNAMIC_LAG,7075,ACTIVE_POST,0.3773775513895232,0.14241381629275224,True,2,0.5968161347591189,0.707016150755883,6164,0
B7_PROPOSED_DYNAMIC_LAG,7100,ACTIVE_POST,0.549490524847991,0.3019398368977206,True,2,0.46101667020775117,0.7028669576931448,6189,0
B7_PROPOSED_DYNAMIC_LAG,7125,ACTIVE_POST,0.00547835094510174,3.0012329077697126e-05,True,2,0.5756285252054072,0.7037760295630053,6214,0
B7_PROPOSED_DYNAMIC_LAG,7150,ACTIVE_POST,1.0690037863580224,1.1427690952477885,True,2,0.704888347347753,0.7150082379481275,6239,0
B7_PROPOSED_DYNAMIC_LAG,7175,ACTIVE_POST,0.29400979243816433,0.08644175804953247,True,2,0.5312432281649391,0.7118411321860961,6264,0
B7_PROPOSED_DYNAMIC_LAG,7200,ACTIVE_POST,0.2730927378017416,0.07457964344005077,True,2,0.6883093832873066,0.7195020134035207,6289,0
B7_PROPOSED_DYNAMIC_LAG,7225,ACTIVE_POST,0.07523825580437235,0.00566079513648417,True,2,0.4591493778177822,0.7079281833367636,6314,0
B7_PROPOSED_DYNAMIC_LAG,7250,ACTIVE_POST,0.41676538759298914,0.17369338829553446,True,2,0.4815097925722547,0.7003367407989868,6339,0
B7_PROPOSED_DYNAMIC_LAG,7275,ACTIVE_POST,0.9878892040251199,0.975925079429385,True,2,0.9247499563497303,0.7152691261956821,6364,0
B7_PROPOSED_DYNAMIC_LAG,7300,ACTIVE_POST,0.49722627979032596,0.24723397331412753,True,2,0.5256534216792053,0.7031962685998682,6389,0
B7_PROPOSED_DYNAMIC_LAG,7325,ACTIVE_POST,0.017995399922009492,0.00032383441835305923,True,2,0.624582504252605,0.7024548640290866,6414,0
B7_PROPOSED_DYNAMIC_LAG,7350,ACTIVE_POST,0.17712756923825412,0.03137417578425251,True,2,0.8418453661511743,0.7089005490618461,6439,0
B7_PROPOSED_DYNAMIC_LAG,7375,ACTIVE_POST,0.8795256472735145,0.7735653642118946,True,2,0.9119072497825688,0.7111769597772605,6464,0
B7_PROPOSED_DYNAMIC_LAG,7400,ACTIVE_POST,0.10777276886667553,0.011614969709189866,True,2,0.7286453847688756,0.7123060223442214,6489,0
B7_PROPOSED_DYNAMIC_LAG,7425,ACTIVE_POST,0.2468791961713535,0.06094933750221365,True,2,0.5244723323891672,0.703933153688818,6514,0
B7_PROPOSED_DYNAMIC_LAG,7450,ACTIVE_POST,0.6244656532781848,0.3899573521241501,True,2,0.6935159267835129,0.7117513348550116,6539,0
B7_PROPOSED_DYNAMIC_LAG,7475,ACTIVE_POST,0.800124278765512,0.6401988614700307,True,2,0.6108238153668551,0.7168279063302762,6564,0
B7_PROPOSED_DYNAMIC_LAG,7500,ACTIVE_POST,2.059464777010086,4.241395167745202,True,2,0.6877002768195329,0.7197688294325705,6589,0
B7_PROPOSED_DYNAMIC_LAG,7525,ACTIVE_POST,0.8002623207869427,0.6404197820713036,True,2,0.526649905650175,0.713249131467618,6614,0
B7_PROPOSED_DYNAMIC_LAG,7550,ACTIVE_POST,0.7218435383097825,0.5210580937995865,True,2,0.5627818056599112,0.7104702444743032,6639,0
B7_PROPOSED_DYNAMIC_LAG,7575,ACTIVE_POST,0.7074270243004648,0.5004529947106103,True,2,0.7974025966197947,0.7070749803971437,6664,0
B7_PROPOSED_DYNAMIC_LAG,7600,ACTIVE_POST,0.09487342899271087,0.009000967528834952,True,2,0.6989456421286759,0.7153052833519085,6689,0
B7_PROPOSED_DYNAMIC_LAG,7625,ACTIVE_POST,0.487133110241605,0.23729866709365968,True,2,0.6810492083046455,0.7235097710256511,6714,0
B7_PROPOSED_DYNAMIC_LAG,7650,ACTIVE_POST,0.2866364295527545,0.08216044274675117,True,2,0.6737126885151873,0.730939799718089,6739,0
B7_PROPOSED_DYNAMIC_LAG,7675,ACTIVE_POST,1.2339476324774392,1.5226267596966774,True,2,0.5871621962015067,0.7264706691484851,6764,0
B7_PROPOSED_DYNAMIC_LAG,7700,ACTIVE_POST,0.4396700868515493,0.1933097852720489,True,2,0.5577061333371268,0.7191543852734074,6789,0
B7_PROPOSED_DYNAMIC_LAG,7725,ACTIVE_POST,0.1373201372016742,0.018856820081086623,True,2,0.43364002226041426,0.7163935984741813,6814,0
B7_PROPOSED_DYNAMIC_LAG,7750,ACTIVE_POST,1.4688226297952645,2.1574399177986767,True,2,0.6204861785774408,0.7210954166328919,6839,0
B7_PROPOSED_DYNAMIC_LAG,7775,ACTIVE_POST,1.216060872107778,1.4788040446715294,True,2,0.5759627653742107,0.7123149932640459,6864,0
B7_PROPOSED_DYNAMIC_LAG,7800,ACTIVE_POST,0.5865161747357263,0.34400122322662896,True,2,1.0241465442649025,0.7270128951967738,6889,0
B7_PROPOSED_DYNAMIC_LAG,7825,ACTIVE_POST,0.21958911690080196,0.04821938026127407,True,2,0.6066692298915111,0.7271366576321505,6914,0
B7_PROPOSED_DYNAMIC_LAG,7850,ACTIVE_POST,0.273384510730144,0.07473909070716023,True,2,0.7085817949572225,0.7263691130066102,6939,0
B7_PROPOSED_DYNAMIC_LAG,7875,ACTIVE_POST,0.7911310130353426,0.6258882797863274,True,2,0.5011901497435771,0.7167989080055005,6964,0
B7_PROPOSED_DYNAMIC_LAG,7900,ACTIVE_POST,0.9786131392501884,0.9576836763131087,True,2,0.9687803862318539,0.7271440814076331,6989,0
B7_PROPOSED_DYNAMIC_LAG,7925,ACTIVE_POST,0.3611991934528984,0.13046485735102434,True,2,0.6563632276946414,0.72069669083605,7014,0
B7_PROPOSED_DYNAMIC_LAG,7950,ACTIVE_POST,0.2532489195058735,0.0641350152308924,True,2,0.8103725665255193,0.7208834415708797,7039,0
B7_PROPOSED_DYNAMIC_LAG,7975,ACTIVE_POST,0.2015404359402525,0.04061854731898702,True,2,0.7857007885102701,0.7231772086426752,7064,0
B7_PROPOSED_DYNAMIC_LAG,8000,ACTIVE_POST,0.019223261259376095,0.0003695337734462298,True,2,0.5180802060549659,0.7177154636556112,7089,0
B7_PROPOSED_DYNAMIC_LAG,8025,ACTIVE_POST,0.37254193298470495,0.1387874918319804,True,2,0.7009909601381683,0.7305179237005862,7114,0
B7_PROPOSED_DYNAMIC_LAG,8050,ACTIVE_POST,0.5172095389826936,0.26750570721469047,True,2,0.7024226464124337,0.7295123869860399,7139,0
B7_PROPOSED_DYNAMIC_LAG,8075,ACTIVE_POST,0.2980482778693032,0.08883277594085738,True,2,0.6406985973520221,0.7249359064380961,7164,0
B7_PROPOSED_DYNAMIC_LAG,8100,ACTIVE_POST,0.815453493321712,0.6649643997705834,True,2,0.6034232227353686,0.7179500724238819,7189,0
B7_PROPOSED_DYNAMIC_LAG,8125,ACTIVE_POST,0.7334894831316603,0.5380068218647501,True,2,0.6883871524003324,0.7242235465931269,7214,0
B7_PROPOSED_DYNAMIC_LAG,8150,ACTIVE_POST,1.0734457058765199,1.1522856834647401,True,2,0.3480312141610294,0.7210172857286937,7239,0
B7_PROPOSED_DYNAMIC_LAG,8175,ACTIVE_POST,1.0620369526949847,1.127922488889649,True,2,0.7764813713894214,0.7307557389949568,7264,0
B7_PROPOSED_DYNAMIC_LAG,8200,ACTIVE_POST,0.3966105159921516,0.15729990139556072,True,2,0.7125314540752442,0.7336823638679374,7289,0
B7_PROPOSED_DYNAMIC_LAG,8225,ACTIVE_POST,0.9605378812873786,0.9226330213880463,True,2,0.7952756372191234,0.7342679450840188,7314,0
B7_PROPOSED_DYNAMIC_LAG,8250,ACTIVE_POST,0.35857930622802536,0.128579118854972,True,2,0.535897671988827,0.7270679192371606,7339,0
B7_PROPOSED_DYNAMIC_LAG,8275,ACTIVE_POST,1.143113103599264,1.306707567620342,True,2,0.5198768558075199,0.7239295949901142,7364,0
B7_PROPOSED_DYNAMIC_LAG,8300,ACTIVE_POST,0.6284881045222993,0.39499729752603263,True,2,0.9320589831425887,0.7410724705229781,7389,0
B7_PROPOSED_DYNAMIC_LAG,8325,ACTIVE_POST,1.1706702639388007,1.3704688668705414,True,2,0.23182807686492085,0.7348041197824826,7414,0
B7_PROPOSED_DYNAMIC_LAG,8350,ACTIVE_POST,0.28318663575482317,0.08019467067013489,True,2,0.713178991383584,0.7405180285096545,7439,0
B7_PROPOSED_DYNAMIC_LAG,8375,ACTIVE_POST,0.6539303111908121,0.42762485189411237,True,2,0.7320257714329699,0.7365092471703236,7464,0
B7_PROPOSED_DYNAMIC_LAG,8400,ACTIVE_POST,0.71039801400571,0.504665338303257,True,2,0.6326010118135624,0.7267398489853774,7489,0
B7_PROPOSED_DYNAMIC_LAG,8425,ACTIVE_POST,0.051180171813771214,0.0026194099868871415,True,2,0.6425415867488531,0.730075136177949,7514,0
B7_PROPOSED_DYNAMIC_LAG,8450,ACTIVE_POST,1.2654560059334026,1.6013789029529197,True,2,0.7970285711817734,0.7356973228951852,7539,0
B7_PROPOSED_DYNAMIC_LAG,8475,ACTIVE_POST,0.27386753168885236,0.07500342491334455,True,2,0.6654819953300576,0.7470857916490226,7564,0
B7_PROPOSED_DYNAMIC_LAG,8500,ACTIVE_POST,0.7447310593731895,0.5546243507951131,True,2,0.34873320712811606,0.7418905668787207,7589,0
B7_PROPOSED_DYNAMIC_LAG,8525,ACTIVE_POST,0.34250934341515277,0.11731265032667905,True,2,0.5342784051427335,0.7421174499795347,7614,0
B7_PROPOSED_DYNAMIC_LAG,8550,ACTIVE_POST,0.2097604448962862,0.04399944424308792,True,2,0.5843765986147754,0.7392460363164401,7639,0
B7_PROPOSED_DYNAMIC_LAG,8575,ACTIVE_POST,0.5156006718036049,0.2658440527643287,True,2,0.7879545493565463,0.753202972200989,7664,0
B7_PROPOSED_DYNAMIC_LAG,8600,ACTIVE_POST,0.5532420049467819,0.30607671603753506,True,2,0.6229558687425824,0.7490772657556017,7689,0
B7_PROPOSED_DYNAMIC_LAG,8625,ACTIVE_POST,0.4648523429836948,0.21608770077743064,True,2,0.7994522269045018,0.7526351584313713,7714,0
B7_PROPOSED_DYNAMIC_LAG,8650,ACTIVE_POST,0.3755606778287225,0.1410458227311695,True,2,0.6289118976534966,0.7491117037679398,7739,0
B7_PROPOSED_DYNAMIC_LAG,8675,ACTIVE_POST,0.5066344723056255,0.25667848852839964,True,2,0.7843955950331923,0.7584904945420757,7764,0
B7_PROPOSED_DYNAMIC_LAG,8700,ACTIVE_POST,0.04274595755149657,0.0018272168869943469,True,2,0.6490538543167828,0.7505380329486637,7789,0
B7_PROPOSED_DYNAMIC_LAG,8725,ACTIVE_POST,0.2096661275440317,0.04395988503931016,True,2,0.8129071636478726,0.7569866497458233,7814,0
B7_PROPOSED_DYNAMIC_LAG,8750,ACTIVE_POST,1.0914534366532922,1.191270604382282,True,2,0.611495314943674,0.7475277106050685,7839,0
B7_PROPOSED_DYNAMIC_LAG,8775,ACTIVE_POST,0.5031002810897331,0.2531098928325685,True,2,0.48412196813261743,0.740644785476081,7864,0
B7_PROPOSED_DYNAMIC_LAG,8800,ACTIVE_POST,0.37031637686842156,0.13713421897695482,True,2,0.524592959185248,0.7329948156591749,7889,0
B7_PROPOSED_DYNAMIC_LAG,8825,ACTIVE_POST,0.3823976595687407,0.1462279700436505,True,2,0.7761282196182253,0.741206924502302,7914,0
B7_PROPOSED_DYNAMIC_LAG,8850,ACTIVE_POST,0.5091691881773944,0.2592532621892269,True,2,0.9526217927220608,0.7446689823574097,7939,0
B7_PROPOSED_DYNAMIC_LAG,8875,ACTIVE_POST,0.728355941115356,0.5305023769580358,True,2,0.39610994785161313,0.7444630074885291,7964,0
B7_PROPOSED_DYNAMIC_LAG,8900,ACTIVE_POST,0.05902016726937198,0.0034833801445046477,True,2,0.6771820456178999,0.7389614766389935,7989,0
B7_PROPOSED_DYNAMIC_LAG,8925,ACTIVE_POST,1.2338357362318029,1.522350624002675,True,2,0.7231396790017589,0.7408913604057041,8014,0
B7_PROPOSED_DYNAMIC_LAG,8950,ACTIVE_POST,0.7679364525552107,0.5897263951630813,True,2,0.7358910748850466,0.7388355084455573,8039,0
B7_PROPOSED_DYNAMIC_LAG,8975,ACTIVE_POST,0.004045624996837915,1.6367081615039784e-05,True,2,0.8142150598837582,0.736626912627161,8064,0
B7_PROPOSED_DYNAMIC_LAG,9000,ACTIVE_POST,1.523662270329237,2.321546714024845,True,2,0.6553874616827562,0.7323519420764223,8089,0
B7_PROPOSED_DYNAMIC_LAG,9025,ACTIVE_POST,1.6685227028322598,2.7839680098666695,True,2,0.8453162998850694,0.7300863359359058,8114,0
B7_PROPOSED_DYNAMIC_LAG,9050,ACTIVE_POST,0.01598208008556845,0.0002554268838615237,True,2,0.6759963631393213,0.72547003220584,8139,0
B7_PROPOSED_DYNAMIC_LAG,9075,ACTIVE_POST,1.409433467535791,1.9865026994099633,True,2,0.6490389599784345,0.719199857052311,8164,0
B7_PROPOSED_DYNAMIC_LAG,9100,ACTIVE_POST,0.19126744517144265,0.03658323558241082,True,2,0.6499766846209679,0.713750863863255,8189,0
B7_PROPOSED_DYNAMIC_LAG,9125,ACTIVE_POST,0.4239699295500807,0.17975050116270042,True,2,0.5882169655839965,0.7126056105816146,8214,0
B7_PROPOSED_DYNAMIC_LAG,9150,ACTIVE_POST,1.184150315847238,1.4022119705211133,True,2,0.678720596861121,0.7074465734643698,8239,0
B7_PROPOSED_DYNAMIC_LAG,9175,ACTIVE_POST,0.9501169740923842,0.9027222644584681,True,2,0.7807011419288105,0.7140225323795206,8264,0
B7_PROPOSED_DYNAMIC_LAG,9200,ACTIVE_POST,0.4834753043642913,0.2337483699301441,True,2,0.6873030419813612,0.7107567486430568,8289,0
B7_PROPOSED_DYNAMIC_LAG,9225,ACTIVE_POST,0.18659131148050645,0.03481631752001538,True,2,0.7332932371173867,0.7272218357445622,8314,0
B7_PROPOSED_DYNAMIC_LAG,9250,ACTIVE_POST,0.7813196879553077,0.6104604547865794,True,2,0.5345313466137409,0.7210484665132285,8339,0
B7_PROPOSED_DYNAMIC_LAG,9275,ACTIVE_POST,0.4971188857786981,0.2471271865978543,True,2,0.6977927289087019,0.7153582030837131,8364,0
B7_PROPOSED_DYNAMIC_LAG,9300,ACTIVE_POST,0.1395740422379743,0.01948091326664783,True,2,0.5486945095532343,0.7165487830815436,8389,0
B7_PROPOSED_DYNAMIC_LAG,9325,ACTIVE_POST,0.07572156772607508,0.005733755818894575,True,2,0.7430340677795039,0.720805392132473,8414,0
B7_PROPOSED_DYNAMIC_LAG,9350,ACTIVE_POST,0.5754256485285933,0.33111467698455227,True,2,0.9176415452859578,0.717232876678812,8439,0
B7_PROPOSED_DYNAMIC_LAG,9375,ACTIVE_POST,0.15356131049712318,0.023581076081593873,True,2,0.5588702300797733,0.7081071294538319,8464,0
B7_PROPOSED_DYNAMIC_LAG,9400,ACTIVE_POST,1.6401674193210574,2.6901491634022974,True,2,0.6049978604559616,0.7054601524440921,8489,0
B7_PROPOSED_DYNAMIC_LAG,9425,ACTIVE_POST,1.2599622864028173,1.587504963157415,True,2,0.8766861422102987,0.7161540806117489,8514,0
B7_PROPOSED_DYNAMIC_LAG,9450,ACTIVE_POST,0.785488014685578,0.6169914212146909,True,2,0.7863721164315834,0.716781451391192,8539,0
B7_PROPOSED_DYNAMIC_LAG,9475,ACTIVE_POST,1.233414127057721,1.52131040882556,True,2,0.6614270000456339,0.7217126040399101,8564,0
B7_PROPOSED_DYNAMIC_LAG,9500,ACTIVE_POST,0.014637180163067864,0.0002142470431261074,True,2,0.5386277664637359,0.7223342855387099,8589,0
B7_PROPOSED_DYNAMIC_LAG,9525,ACTIVE_POST,0.5788865637981302,0.33510965374600665,True,2,0.5795047151900714,0.7277995632449158,8614,0
B7_PROPOSED_DYNAMIC_LAG,9550,ACTIVE_POST,1.2553990054715238,1.576026662938891,True,2,0.5998525206758937,0.7214050032380309,8639,0
B7_PROPOSED_DYNAMIC_LAG,9575,ACTIVE_POST,0.04489466768396949,0.0020155311864540545,True,2,0.6219760327745768,0.7187103684316242,8664,0
B7_PROPOSED_DYNAMIC_LAG,9600,ACTIVE_POST,0.041370890307184105,0.0017115505648090598,True,2,0.5043049302316557,0.7080009652594837,8689,0
B7_PROPOSED_DYNAMIC_LAG,9625,ACTIVE_POST,0.9484864742858736,0.8996265919032472,True,2,0.5842487309010707,0.7144744579471364,8714,0
B7_PROPOSED_DYNAMIC_LAG,9650,ACTIVE_POST,2.5218439662130168,6.359696989924999,True,2,0.6517771335797464,0.7170850634956664,8739,0
B7_PROPOSED_DYNAMIC_LAG,9675,ACTIVE_POST,1.197751662761668,1.4346090456483405,True,2,1.0102684307083736,0.7331655835734486,8764,0
B7_PROPOSED_DYNAMIC_LAG,9700,ACTIVE_POST,0.7836123306411772,0.6140482847328976,True,2,0.44791419376678315,0.7200446917205677,8789,0
B7_PROPOSED_DYNAMIC_LAG,9725,ACTIVE_POST,0.38314437917012983,0.14679961528966423,True,2,0.8599665739013007,0.7252298663407492,8814,0
B7_PROPOSED_DYNAMIC_LAG,9750,ACTIVE_POST,0.17207638124194802,0.02961028098132424,True,2,0.42619176649883983,0.724705747198819,8839,0
B7_PROPOSED_DYNAMIC_LAG,9775,ACTIVE_POST,0.33798537778849913,0.11423411559883448,True,2,0.5260026071245754,0.7260933108965354,8864,0
B7_PROPOSED_DYNAMIC_LAG,9800,ACTIVE_POST,0.18268723173793147,0.03337462464006868,True,2,0.611558804851315,0.7224849128479621,8889,0
B7_PROPOSED_DYNAMIC_LAG,9825,ACTIVE_POST,1.0153270870406639,1.0308890936784798,True,2,0.36528156192567884,0.7108200686201334,8914,0
B7_PROPOSED_DYNAMIC_LAG,9850,ACTIVE_POST,0.3334375480263041,0.11118059843379385,True,2,0.4603087755112945,0.7001819096480616,8939,0
B7_PROPOSED_DYNAMIC_LAG,9875,ACTIVE_POST,0.1971733944918,0.03887734749541898,True,2,0.5553321807798273,0.6892115531367944,8964,0
B7_PROPOSED_DYNAMIC_LAG,9900,ACTIVE_POST,0.27789022454568185,0.07722297689804948,True,2,0.5505671950039591,0.6842049414306615,8989,0
B7_PROPOSED_DYNAMIC_LAG,9925,ACTIVE_POST,0.5646401840215308,0.31881853741186816,True,2,0.5503977050885153,0.6785432909092397,9014,0
B7_PROPOSED_DYNAMIC_LAG,9950,ACTIVE_POST,0.446722576087869,0.19956105998658194,True,2,0.7377184371354597,0.675200956004883,9039,0
B7_PROPOSED_DYNAMIC_LAG,9975,ACTIVE_POST,0.44655274112027654,0.19940935060203271,True,2,0.8948335726971606,0.6945902245179294,9064,0
B7_E0_ORIGINAL,0,ACTIVE_PRE,0.0,0.0,False,0,0.0,0.0,0,0
B7_E0_ORIGINAL,25,ACTIVE_PRE,0.42076379253721824,0.17704216911030324,False,0,0.0,0.0,0,0
B7_E0_ORIGINAL,50,ACTIVE_PRE,0.09428668368474702,0.00888997872026754,False,0,0.0,0.0,0,0
B7_E0_ORIGINAL,75,ACTIVE_PRE,0.9962608069857322,0.9925355955358622,False,0,0.0,0.0,0,0
B7_E0_ORIGINAL,100,ACTIVE_PRE,0.7746856262520172,0.60013781952148,False,0,0.0,0.0,0,0
B7_E0_ORIGINAL,125,ACTIVE_PRE,1.043371164316205,1.088623386526553,False,0,0.0,0.0,0,0
B7_E0_ORIGINAL,150,ACTIVE_PRE,0.9856376237637016,0.9714815253785561,False,0,0.0,0.0,0,0
B7_E0_ORIGINAL,175,ACTIVE_PRE,1.2561353519062641,1.577876022308674,False,0,0.0,0.0,0,0
B7_E0_ORIGINAL,200,ACTIVE_PRE,0.2724612409622458,0.07423512782668695,False,0,0.0,0.0,0,0
B7_E0_ORIGINAL,225,ACTIVE_PRE,0.1849060222413343,0.03419023706111281,False,0,0.0,0.0,0,0
B7_E0_ORIGINAL,250,ACTIVE_PRE,0.843011762078488,0.7106688310026773,False,0,0.0,0.0,0,0
B7_E0_ORIGINAL,275,ACTIVE_PRE,0.9541203015643884,0.9103455498573195,False,0,0.0,0.0,0,0
B7_E0_ORIGINAL,300,ACTIVE_PRE,1.285480977052424,1.6524613423636547,False,0,0.0,0.0,0,0
B7_E0_ORIGINAL,325,ACTIVE_PRE,2.3313488414997474,5.435187420762214,False,0,0.0,0.0,0,0
B7_E0_ORIGINAL,350,ACTIVE_PRE,1.1449196250987168,1.3108409479361862,False,0,0.0,0.0,0,0
B7_E0_ORIGINAL,375,ACTIVE_PRE,0.4538608185559669,0.2059896426202923,False,0,0.0,0.0,0,0
B7_E0_ORIGINAL,400,ACTIVE_PRE,1.1161085858141695,1.2456983753281055,False,0,0.0,0.0,0,0
B7_E0_ORIGINAL,425,ACTIVE_PRE,0.024588996376329886,0.0006046187427951643,False,0,0.0,0.0,0,0
B7_E0_ORIGINAL,450,ACTIVE_PRE,0.8245162130142838,0.6798269855234158,False,0,0.0,0.0,0,0
B7_E0_ORIGINAL,475,ACTIVE_PRE,0.9767546508406204,0.9540496479387823,False,0,0.0,0.0,0,0
B7_E0_ORIGINAL,500,ACTIVE_PRE,0.29377277185749673,0.08630244148483682,False,0,0.0,0.0,0,0
B7_E0_ORIGINAL,525,ACTIVE_PRE,0.5844293548563768,0.34155767081784083,False,0,0.0,0.0,0,0
B7_E0_ORIGINAL,550,ACTIVE_PRE,0.5194728986302726,0.26985209241133745,False,1,0.0,0.0,0,0
B7_E0_ORIGINAL,575,ACTIVE_PRE,0.6672989920743478,0.44528794482344053,False,1,0.0,0.0,0,0
B7_E0_ORIGINAL,600,ACTIVE_PRE,0.12145391958593574,0.014751054582786945,False,1,0.0,0.0,0,0
B7_E0_ORIGINAL,625,ACTIVE_PRE,0.5825067510922838,0.33931411506808784,False,1,0.0,0.0,0,0
B7_E0_ORIGINAL,650,ACTIVE_PRE,0.12506043483687157,0.0156401123615874,False,1,0.0,0.0,0,0
B7_E0_ORIGINAL,675,ACTIVE_PRE,0.5819005351824608,0.33860823284563424,False,1,0.0,0.0,0,0
B7_E0_ORIGINAL,700,ACTIVE_PRE,1.3735549274501788,1.886653138722666,False,1,0.0,0.0,0,0
B7_E0_ORIGINAL,725,ACTIVE_PRE,0.850600991474434,0.7235220466972901,False,1,0.0,0.0,0,0
B7_E0_ORIGINAL,750,ACTIVE_PRE,0.9419392766620467,0.8872496009186197,False,1,0.0,0.0,0,0
B7_E0_ORIGINAL,775,ACTIVE_PRE,0.3505669862480946,0.12289721184707177,False,2,0.0,0.0,0,0
B7_E0_ORIGINAL,800,ACTIVE_PRE,0.4895631591408202,0.23967208678794005,False,2,0.0,0.0,0,0
B7_E0_ORIGINAL,825,ACTIVE_PRE,0.38321617960108945,0.14685464030805445,False,2,0.0,0.0,0,0
B7_E0_ORIGINAL,850,ACTIVE_PRE,0.4273882744735791,0.18266073715750336,False,2,0.0,0.0,0,0
B7_E0_ORIGINAL,875,ACTIVE_PRE,0.3184020110420419,0.10137984063561657,False,2,0.0,0.0,0,0
B7_E0_ORIGINAL,900,ACTIVE_PRE,0.24660612257763093,0.06081457969277353,False,2,0.0,0.0,0,0
B7_E0_ORIGINAL,925,ACTIVE_PRE,1.008773528819056,1.0176240324460508,True,2,0.9324574351738275,0.3155147008196013,14,0
B7_E0_ORIGINAL,950,ACTIVE_PRE,0.24044559097737184,0.0578140822204576,True,2,0.7500312976894772,0.32545960688341385,39,0
B7_E0_ORIGINAL,975,ACTIVE_PRE,0.33222700680472755,0.11037478405042848,True,2,0.8950382290138199,0.35095781656572284,64,0
B7_E0_ORIGINAL,1000,ACTIVE_PRE,0.9143353520031379,0.836009135922702,True,2,0.3373155382496,0.35258910498364443,89,0
B7_E0_ORIGINAL,1025,ACTIVE_PRE,0.11227880666252567,0.012606530425560819,True,2,0.8435640974831026,0.37999070082739417,114,0
B7_E0_ORIGINAL,1050,ACTIVE_PRE,0.4429226211805499,0.19618044835344894,True,2,0.654514193273435,0.3852964007888727,139,0
B7_E0_ORIGINAL,1075,ACTIVE_PRE,0.03431547705606108,0.0011775519655850546,True,2,0.8027332734537033,0.39070214003477877,164,0
B7_E0_ORIGINAL,1100,ACTIVE_PRE,0.2793512531809387,0.0780371226537609,True,2,0.8142661859331743,0.4030933400881425,189,0
B7_E0_ORIGINAL,1125,ACTIVE_PRE,0.667517519057126,0.44557963824818053,True,2,1.1034709759218244,0.42283021145038996,214,0
B7_E0_ORIGINAL,1150,ACTIVE_PRE,0.3465402547398816,0.12009014815518203,True,2,0.9035741908535331,0.44017055221400325,239,0
B7_E0_ORIGINAL,1175,ACTIVE_PRE,0.29463220199202134,0.08680813445066726,True,2,0.7806741343696473,0.449621896126482,264,0
B7_E0_ORIGINAL,1200,ACTIVE_PRE,0.2777636639119283,0.07715265298977866,True,2,0.9300756629550376,0.45839839052639025,289,0
B7_E0_ORIGINAL,1225,ACTIVE_PRE,0.06902972552138711,0.004765103005558043,True,2,0.814031474654635,0.4574501952787229,314,0
B7_E0_ORIGINAL,1250,ACTIVE_PRE,0.9615750375347659,0.9246265528099865,True,2,1.0226022588515835,0.470151322130868,339,0
B7_E0_ORIGINAL,1275,ACTIVE_PRE,0.07054435100076639,0.004976505458119331,True,2,0.7285317439153564,0.46589685928905245,364,0
B7_E0_ORIGINAL,1300,ACTIVE_PRE,0.25115985494414295,0.06308127273556292,True,2,0.6314257777012328,0.46464593492075296,389,0
B7_E0_ORIGINAL,1325,ACTIVE_PRE,0.53803628824469,0.2894830474681231,True,2,0.823064638066195,0.4773892925282274,414,0
B7_E0_ORIGINAL,1350,ACTIVE_PRE,0.3344967046316353,0.11188804540942346,True,2,0.9188006794973288,0.4913855055255476,439,0
B7_E0_ORIGINAL,1375,ACTIVE_PRE,0.3722507793540919,0.1385706427297288,True,2,0.5504293800577983,0.49036616450756415,464,0
B7_E0_ORIGINAL,1400,ACTIVE_PRE,1.1427901118781254,1.3059692398064184,True,2,0.9319960357827862,0.49915164574939996,489,0
B7_E0_ORIGINAL,1425,ACTIVE_PRE,0.6596556586138057,0.4351455879412138,True,2,0.7221639755580075,0.49346516727264805,514,0
B7_E0_ORIGINAL,1450,ACTIVE_PRE,0.13672758413958175,0.018694432264646406,True,2,0.7442665803411583,0.4971787154329234,539,0
B7_E0_ORIGINAL,1475,ACTIVE_PRE,0.11652030706150719,0.013576981957707924,True,2,0.5596247676291501,0.507999077149867,564,0
B7_E0_ORIGINAL,1500,ACTIVE_PRE,0.23603126632852645,0.05571075868464778,True,2,0.921330684616107,0.5240508036236956,589,0
B7_E0_ORIGINAL,1525,ACTIVE_PRE,0.2984203975114249,0.08905473365087686,True,2,0.586808218179343,0.5248302358699913,614,0
B7_E0_ORIGINAL,1550,ACTIVE_PRE,0.4379115382171805,0.19176651530373712,True,2,0.5603071055496779,0.5161515214847182,639,0
B7_E0_ORIGINAL,1575,ACTIVE_PRE,0.4227921034181366,0.1787531627127323,True,2,0.8580647810350439,0.5271593473891442,664,0
B7_E0_ORIGINAL,1600,ACTIVE_PRE,0.27850597338711314,0.07756557721230337,True,2,0.475670305131597,0.5210301492261582,689,0
B7_E0_ORIGINAL,1625,ACTIVE_PRE,0.23932882348662743,0.05727828575149327,True,2,0.8863606043277477,0.5338726921899061,714,0
B7_E0_ORIGINAL,1650,ACTIVE_PRE,0.18583514893970685,0.034534702581443026,True,2,0.9106585478562969,0.5362022343062426,739,0
B7_E0_ORIGINAL,1675,ACTIVE_PRE,1.1726909492623703,1.375204062481879,True,2,0.5435951463266523,0.5352523682613751,764,0
B7_E0_ORIGINAL,1700,ACTIVE_PRE,1.5109491564384225,2.2829673533419808,True,2,0.7189969081846644,0.5323718483206187,789,0
B7_E0_ORIGINAL,1725,ACTIVE_PRE,0.3315842571283273,0.10994811957534467,True,2,0.7571657464491498,0.5335658927451797,814,0
B7_E0_ORIGINAL,1750,ACTIVE_PRE,0.20176735815758381,0.0407100668178907,True,2,0.6925589755500966,0.5338769543135994,839,0
B7_E0_ORIGINAL,1775,ACTIVE_PRE,0.2369981381544023,0.056168117488653156,True,2,0.7946933885614578,0.5389389877745717,864,0
B7_E0_ORIGINAL,1800,ACTIVE_PRE,1.0524407583165223,1.1076315497658564,True,2,0.6791175303347735,0.5383322630261912,889,0
B7_E0_ORIGINAL,1825,ACTIVE_PRE,0.8252215879047136,0.6809906691439769,True,2,0.9441725106963658,0.553314755747517,914,0
B7_E0_ORIGINAL,1850,ACTIVE_PRE,0.30507868817036005,0.09307300597574779,True,2,0.9318992119790771,0.5700810932507567,939,0
B7_E0_ORIGINAL,1875,ACTIVE_PRE,0.5759989618656537,0.3317748040703108,True,2,1.1279284766312698,0.5991688677680613,964,0
B7_E0_ORIGINAL,1900,ACTIVE_PRE,0.4617689659817671,0.21323057794387038,True,2,0.7293303696523198,0.5950039431619912,989,0
B7_E0_ORIGINAL,1925,ACTIVE_PRE,0.5426731393376398,0.29449413615856945,True,2,0.5827103042208688,0.6000333686313147,1014,0
B7_E0_ORIGINAL,1950,ACTIVE_PRE,0.4833094863522699,0.23358805959809495,True,2,0.6755366880530298,0.5982583856794719,1039,0
B7_E0_ORIGINAL,1975,ACTIVE_PRE,0.0041491156908586985,1.7215161016129856e-05,True,2,0.9624373683230021,0.6087802864715413,1064,0
B7_E0_ORIGINAL,2000,ACTIVE_PRE,0.0858488247597404,0.007370020712628616,True,2,1.0505360738328193,0.6276264881373275,1089,0
B7_E0_ORIGINAL,2025,ACTIVE_PRE,0.946353896503845,0.8955856974280103,True,2,0.6932167431109609,0.6213812878313698,1114,0
B7_E0_ORIGINAL,2050,ACTIVE_PRE,0.23503347152385962,0.05524073273655693,True,2,0.585105740778533,0.6167665607147363,1139,0
B7_E0_ORIGINAL,2075,ACTIVE_PRE,0.0433745008197417,0.0018813473213617736,True,2,0.8875118180568669,0.6178327845452125,1164,0
B7_E0_ORIGINAL,2100,ACTIVE_PRE,0.531528298212286,0.28252233180044883,True,2,0.8174069739985863,0.6189135511964792,1189,0
B7_E0_ORIGINAL,2125,ACTIVE_PRE,1.1907944051746941,1.4179913153953536,True,2,0.9515739624669208,0.6252867753343034,1214,0
B7_E0_ORIGINAL,2150,ACTIVE_PRE,0.40413912817201636,0.16332843491963747,True,2,1.02214426360333,0.6302829608308711,1239,0
B7_E0_ORIGINAL,2175,ACTIVE_PRE,0.9829992796749905,0.9662875838415501,True,2,1.0924697763316131,0.6414798510541059,1264,0
B7_E0_ORIGINAL,2200,ACTIVE_PRE,0.46305430145722337,0.2144192860980371,True,2,0.8558454008646317,0.6409850587084289,1289,0
B7_E0_ORIGINAL,2225,ACTIVE_PRE,0.1880628626227978,0.03536764029788132,True,2,0.9655044009041877,0.6457851718596954,1314,0
B7_E0_ORIGINAL,2250,ACTIVE_PRE,0.3047009570759402,0.09284267324299394,True,2,0.7257987102887521,0.6375483743084168,1339,0
B7_E0_ORIGINAL,2275,ACTIVE_PRE,1.387635441120144,1.9255321174526965,True,2,0.8911281274450666,0.6401542755837346,1364,0
B7_E0_ORIGINAL,2300,ACTIVE_PRE,0.24646023446202925,0.06074264717107843,True,2,0.7253546359489642,0.6456970298183294,1389,0
B7_E0_ORIGINAL,2325,ACTIVE_PRE,0.7914215170652961,0.6263480176739347,True,2,0.4733722678233201,0.641332017453939,1414,0
B7_E0_ORIGINAL,2350,ACTIVE_PRE,0.6356844311468737,0.4040946960025244,True,2,0.7668625280371378,0.6425322634382022,1439,0
B7_E0_ORIGINAL,2375,ACTIVE_PRE,0.6063351262027095,0.3676422852672556,True,2,0.9612755178367749,0.6482836942035517,1464,0
B7_E0_ORIGINAL,2400,ACTIVE_PRE,0.37730742356213554,0.14236089187509676,True,2,0.8862961487623213,0.6505312388634465,1489,0
B7_E0_ORIGINAL,2425,ACTIVE_PRE,0.27260306942276147,0.07431243345871091,True,2,0.9696718534974796,0.6667949690187269,1514,0
B7_E0_ORIGINAL,2450,ACTIVE_PRE,1.3415091055190826,1.7996466801906092,True,2,0.6476255263127482,0.6611336627588699,1539,0
B7_E0_ORIGINAL,2475,ACTIVE_PRE,0.24280856396208772,0.058955998733331245,True,2,0.7506278950758073,0.6561786863485299,1564,0
B7_E0_ORIGINAL,2500,ACTIVE_PRE,0.6585112057166501,0.4336370080543963,True,2,0.5940090882495581,0.6499653336255099,1589,0
B7_E0_ORIGINAL,2525,ACTIVE_PRE,0.3584647140608155,0.1284969512267022,True,2,0.9271828037243764,0.6557398632706591,1614,0
B7_E0_ORIGINAL,2550,ACTIVE_PRE,0.7825708171261132,0.6124170838174325,True,2,0.926804643548202,0.6585271359691842,1639,0
B7_E0_ORIGINAL,2575,ACTIVE_PRE,0.389390972948075,0.15162532981344848,True,2,0.6197987834611861,0.6475839779672162,1664,0
B7_E0_ORIGINAL,2600,ACTIVE_PRE,0.26852567607467404,0.07210603871136077,True,2,0.8989124024603118,0.6650298467216159,1689,0
B7_E0_ORIGINAL,2625,ACTIVE_PRE,0.01165683344167201,0.0001358817658868829,True,2,0.7161117872227132,0.6643771096554002,1714,0
B7_E0_ORIGINAL,2650,ACTIVE_PRE,1.138700293797833,1.2966383590952713,True,2,0.7530467003242188,0.6594348659198868,1739,0
B7_E0_ORIGINAL,2675,ACTIVE_PRE,0.92844809964806,0.8620158737400939,True,2,0.7290312118065949,0.6653202222551599,1764,0
B7_E0_ORIGINAL,2700,ACTIVE_PRE,1.149718473298205,1.3218525678431556,True,2,0.6579188005243692,0.6843111256334357,1789,0
B7_E0_ORIGINAL,2725,ACTIVE_PRE,0.36164430701599976,0.13078660479708268,True,2,0.6693731154799133,0.676282057899669,1814,0
B7_E0_ORIGINAL,2750,ACTIVE_PRE,0.8611134659999318,0.7415164013264156,True,2,0.6848195368517954,0.6688969874615702,1839,0
B7_E0_ORIGINAL,2775,ACTIVE_PRE,0.16788350790036116,0.02818487222493063,True,2,0.9389639896027733,0.6735775334387148,1864,0
B7_E0_ORIGINAL,2800,ACTIVE_PRE,0.6914489240006245,0.4781016145016214,True,2,0.8270893978552262,0.6759064861725543,1889,0
B7_E0_ORIGINAL,2825,ACTIVE_PRE,0.13246103705651013,0.01754592633808615,True,2,0.6861121203703974,0.6817007742785239,1914,0
B7_E0_ORIGINAL,2850,ACTIVE_PRE,0.07846648074505203,0.00615698860051362,True,2,1.0361526489907358,0.7052526032188723,1939,0
B7_E0_ORIGINAL,2875,ACTIVE_PRE,0.433844148552717,0.188220745233432,True,2,0.7066363254421733,0.700570708922902,1964,0
B7_E0_ORIGINAL,2900,ACTIVE_PRE,0.05329376680164044,0.002840225579907633,True,2,0.7066912790473786,0.6943494923679525,1989,0
B7_E0_ORIGINAL,2925,ACTIVE_PRE,0.9470915766357524,0.8969824545343952,True,2,0.6866013200172404,0.6913751192296975,2014,0
B7_E0_ORIGINAL,2950,ACTIVE_PRE,0.6415371099467908,0.41156986343888075,True,2,0.7786516687195011,0.7034983935106942,2039,0
B7_E0_ORIGINAL,2975,ACTIVE_PRE,0.33302715139858685,0.11090708356865729,True,2,1.0884717465874214,0.7105541567292376,2064,0
B7_E0_ORIGINAL,2998,ACTIVE_PRE,0.3716658684095344,0.13813551774061336,True,2,1.1171382026259817,0.7112333142730956,2087,0
B7_E0_ORIGINAL,2999,ACTIVE_PRE,1.091310391852446,1.1909583713651393,True,2,1.109695089333391,0.7112333142730956,2088,0
B7_E0_ORIGINAL,3000,SILENCE,0.4033050302394845,0.1626549474164715,True,2,1.0910632089495522,0.7104108445278812,2089,0
B7_E0_ORIGINAL,3001,SILENCE,0.08892442677124368,0.00790755367659428,True,2,1.081366700936422,0.711610770637591,2090,0
B7_E0_ORIGINAL,3025,SILENCE,1.0857140433814865,1.1787749839957762,True,2,0.9185193670390688,0.7111791567083001,2114,0
B7_E0_ORIGINAL,3050,SILENCE,1.022932656686163,1.0463912201150114,True,2,0.9178111670795955,0.7111791567083001,2139,0
B7_E0_ORIGINAL,3075,SILENCE,1.0847748578250922,1.176736492169449,True,2,0.9194918554816676,0.7111791567083001,2164,0
B7_E0_ORIGINAL,3100,SILENCE,0.20255955470935738,0.041030373204053144,True,2,0.91911059055257,0.7111791567083001,2189,0
B7_E0_ORIGINAL,3125,SILENCE,0.3190980608958128,0.10182357246746784,True,2,0.9212367023526369,0.7111791567083001,2214,0
B7_E0_ORIGINAL,3150,SILENCE,0.1069418785208103,0.011436565381559748,True,2,0.9210758932023058,0.7111791567083001,2239,0
B7_E0_ORIGINAL,3175,SILENCE,0.055214249786751345,0.003048613379513771,True,2,0.9228399824057839,0.7111791567083001,2264,0
B7_E0_ORIGINAL,3200,SILENCE,0.5801091680755525,0.3365266468853096,True,2,0.9219271558059469,0.7111791567083001,2289,0
B7_E0_ORIGINAL,3225,SILENCE,0.7008942837577878,0.49125279700434243,True,2,0.9218015173665174,0.7111791567083001,2314,0
B7_E0_ORIGINAL,3250,SILENCE,0.8499723767433855,0.7224530412267998,True,2,0.9223486015081929,0.7111791567083001,2339,0
B7_E0_ORIGINAL,3275,SILENCE,0.9891793873449701,0.9784758603481705,True,2,0.9237718970895668,0.7111791567083001,2364,0
B7_E0_ORIGINAL,3300,SILENCE,0.6709474552996199,0.45017048777303537,True,2,0.922469904532455,0.7111791567083001,2389,0
B7_E0_ORIGINAL,3325,SILENCE,0.732033271640171,0.5358727107882123,True,2,0.9205610078230128,0.7111791567083001,2414,0
B7_E0_ORIGINAL,3350,SILENCE,1.455219434182737,2.117663601623125,True,2,0.9186863086851393,0.7111791567083001,2439,0
B7_E0_ORIGINAL,3375,SILENCE,0.09835317864376515,0.009673347749332381,True,2,0.9205087903948725,0.7111791567083001,2464,0
B7_E0_ORIGINAL,3400,SILENCE,0.19227142724518492,0.03696830173490044,True,2,0.9193746737726699,0.7111791567083001,2489,0
B7_E0_ORIGINAL,3425,SILENCE,0.7708457110335212,0.5942031102187748,True,2,0.91760911005385,0.7111791567083001,2514,0
B7_E0_ORIGINAL,3450,SILENCE,0.4680296058052712,0.21905171191023753,True,2,0.9182909129033725,0.7111791567083001,2539,0
B7_E0_ORIGINAL,3475,SILENCE,0.4320171223693591,0.18663879402030178,True,2,0.9182138448790748,0.7111791567083001,2564,0
B7_E0_ORIGINAL,3500,SILENCE,0.7834579014228453,0.6138062833018888,True,2,0.9173053772833502,0.7111791567083001,2589,0
B7_E0_ORIGINAL,3525,SILENCE,0.40384416963746195,0.16309011335017115,True,2,0.9141049204424999,0.7111791567083001,2614,0
B7_E0_ORIGINAL,3550,SILENCE,1.1472669736730696,1.316221508880964,True,2,0.9118899183015134,0.7111791567083001,2639,0
B7_E0_ORIGINAL,3575,SILENCE,0.7150187088031547,0.5112517539385305,True,2,0.9117180645533517,0.7111791567083001,2664,0
B7_E0_ORIGINAL,3600,SILENCE,0.7032698368130025,0.49458846337098716,True,2,0.9135739436219628,0.7111791567083001,2689,0
B7_E0_ORIGINAL,3625,SILENCE,0.5517231400567257,0.3043984232740534,True,2,0.9135589613802578,0.7111791567083001,2714,0
B7_E0_ORIGINAL,3650,SILENCE,0.27050143357625267,0.07317102556680784,True,2,0.9149260370222677,0.7111791567083001,2739,0
B7_E0_ORIGINAL,3675,SILENCE,0.9595845483337185,0.9208025054008266,True,2,0.9167258073645056,0.7111791567083001,2764,0
B7_E0_ORIGINAL,3700,SILENCE,0.48071881749858014,0.2310905814972332,True,2,0.9156039693381886,0.7111791567083001,2789,0
B7_E0_ORIGINAL,3725,SILENCE,0.7375991433625727,0.544052496289201,True,2,0.9156243785149544,0.7111791567083001,2814,0
B7_E0_ORIGINAL,3750,SILENCE,0.5394636266770123,0.2910210045075149,True,2,0.9183399877612326,0.7111791567083001,2839,0
B7_E0_ORIGINAL,3775,SILENCE,0.1340584051204673,0.017971655983443333,True,2,0.9189042787690945,0.7111791567083001,2864,0
B7_E0_ORIGINAL,3800,SILENCE,1.2632148363209157,1.5957117227012778,True,2,0.9160979483316096,0.7111791567083001,2889,0
B7_E0_ORIGINAL,3825,SILENCE,0.18525255926134665,0.03431851071287875,True,2,0.9165214700155463,0.7111791567083001,2914,0
B7_E0_ORIGINAL,3850,SILENCE,0.16236356385702816,0.02636192686835526,True,2,0.9134932879053199,0.7111791567083001,2939,0
B7_E0_ORIGINAL,3875,SILENCE,0.1621695008594291,0.026298947008996376,True,2,0.9127032238086777,0.7111791567083001,2964,0
B7_E0_ORIGINAL,3900,SILENCE,0.9789370106338894,0.9583176707888157,True,2,0.9127947071009003,0.7111791567083001,2989,0
B7_E0_ORIGINAL,3925,SILENCE,0.781304653625521,0.6104369617768954,True,2,0.9121985192099197,0.7111791567083001,3014,0
B7_E0_ORIGINAL,3950,SILENCE,0.34483237741962414,0.1189093685168701,True,2,0.9138690683179551,0.7111791567083001,3039,0
B7_E0_ORIGINAL,3975,SILENCE,0.8491783354759568,0.7211038454417166,True,2,0.9156518695960184,0.7111791567083001,3064,0
B7_E0_ORIGINAL,4000,SILENCE,1.1340750038697105,1.286126114402084,True,2,0.9156833875269391,0.7111791567083001,3089,0
B7_E0_ORIGINAL,4025,SILENCE,0.3331019000980528,0.11095687584893314,True,2,0.9130267300733789,0.7111791567083001,3114,0
B7_E0_ORIGINAL,4050,SILENCE,0.43795738306594767,0.19180666938197322,True,2,0.9139330460852062,0.7111791567083001,3139,0
B7_E0_ORIGINAL,4075,SILENCE,0.22100299232847742,0.04884232261814105,True,2,0.9117833576392703,0.7111791567083001,3164,0
B7_E0_ORIGINAL,4100,SILENCE,0.17973690342462403,0.03230535445267263,True,2,0.9104614110518607,0.7111791567083001,3189,0
B7_E0_ORIGINAL,4125,SILENCE,0.7945694399114684,0.6313405948412246,True,2,0.9113450959032707,0.7111791567083001,3214,0
B7_E0_ORIGINAL,4150,SILENCE,0.004056139680205864,1.645226910534053e-05,True,2,0.9109937596088252,0.7111791567083001,3239,0
B7_E0_ORIGINAL,4175,SILENCE,0.2456706398314876,0.0603540632752125,True,2,0.9117687884915687,0.7111791567083001,3264,0
B7_E0_ORIGINAL,4200,SILENCE,0.37113976251116626,0.1377447233168449,True,2,0.9113410653295675,0.7111791567083001,3289,0
B7_E0_ORIGINAL,4225,SILENCE,0.7038627847309201,0.4954228197291656,True,2,0.9126073239210647,0.7111791567083001,3314,0
B7_E0_ORIGINAL,4250,SILENCE,0.22884083857083554,0.052368129397803206,True,2,0.9107737546807161,0.7111791567083001,3339,0
B7_E0_ORIGINAL,4275,SILENCE,1.5879289298506571,2.5215182862566534,True,2,0.9121214582454392,0.7111791567083001,3364,0
B7_E0_ORIGINAL,4300,SILENCE,0.5903649491609526,0.34853077319781417,True,2,0.9134927640714827,0.7111791567083001,3389,0
B7_E0_ORIGINAL,4325,SILENCE,1.3577661091229416,1.8435288070828517,True,2,0.9147652615923954,0.7111791567083001,3414,0
B7_E0_ORIGINAL,4350,SILENCE,0.44525011658285524,0.19824766631704618,True,2,0.914600876039396,0.7111791567083001,3439,0
B7_E0_ORIGINAL,4375,SILENCE,0.1560292719894686,0.024345133717563566,True,2,0.9150716432118903,0.7111791567083001,3464,0
B7_E0_ORIGINAL,4400,SILENCE,0.26596818406187017,0.07073907493316885,True,2,0.917783198296852,0.7111791567083001,3489,0
B7_E0_ORIGINAL,4425,SILENCE,0.5957433645801891,0.35491015644132407,True,2,0.9171860690960104,0.7111791567083001,3514,0
B7_E0_ORIGINAL,4450,SILENCE,0.22923208517006527,0.05254734887141606,True,2,0.9177150043652514,0.7111791567083001,3539,0
B7_E0_ORIGINAL,4475,SILENCE,1.44327923297568,2.0830549443388673,True,2,0.9179780291457813,0.7111791567083001,3564,0
B7_E0_ORIGINAL,4500,SILENCE,1.3848335537725946,1.917763971654434,True,2,0.9173588495253019,0.7111791567083001,3589,0
B7_E0_ORIGINAL,4525,SILENCE,0.9565744506721121,0.915034679678653,True,2,0.9171081374553773,0.7111791567083001,3614,0
B7_E0_ORIGINAL,4550,SILENCE,0.15465460057392405,0.02391804547867999,True,2,0.9176987206010656,0.7111791567083001,3639,0
B7_E0_ORIGINAL,4575,SILENCE,1.2097868840835286,1.4635843049005333,True,2,0.9180731133741651,0.7111791567083001,3664,0
B7_E0_ORIGINAL,4600,SILENCE,0.014268618033560625,0.00020359346058765147,True,2,0.9190047011789793,0.7111791567083001,3689,0
B7_E0_ORIGINAL,4625,SILENCE,0.06646087688062943,0.004417048155742184,True,2,0.9197803516032701,0.7111791567083001,3714,0
B7_E0_ORIGINAL,4650,SILENCE,0.35777139550951764,0.1280003714448277,True,2,0.9196529780730389,0.7111791567083001,3739,0
B7_E0_ORIGINAL,4675,SILENCE,0.4002582213546202,0.16020664376196414,True,2,0.9208216286833699,0.7111791567083001,3764,0
B7_E0_ORIGINAL,4700,SILENCE,0.21921098688540594,0.048053456771273616,True,2,0.9215146993227838,0.7111791567083001,3789,0
B7_E0_ORIGINAL,4725,SILENCE,0.532739400887882,0.2838112692583794,True,2,0.9213782578324778,0.7111791567083001,3814,0
B7_E0_ORIGINAL,4750,SILENCE,0.3857492315131808,0.14880246961300955,True,2,0.9207895255816902,0.7111791567083001,3839,0
B7_E0_ORIGINAL,4775,SILENCE,0.22666588945846936,0.05137742544399905,True,2,0.9232076726297869,0.7111791567083001,3864,0
B7_E0_ORIGINAL,4800,SILENCE,0.7131485822410366,0.5085809003524006,True,2,0.9208711686151104,0.7111791567083001,3889,0
B7_E0_ORIGINAL,4825,SILENCE,1.0180443466633011,1.0364142917731076,True,2,0.9233843048599292,0.7111791567083001,3914,0
B7_E0_ORIGINAL,4850,SILENCE,0.11830380201623376,0.013995789571496236,True,2,0.9230954474834338,0.7111791567083001,3939,0
B7_E0_ORIGINAL,4875,SILENCE,0.13931883638429143,0.019409738171472967,True,2,0.9231118306908477,0.7111791567083001,3964,0
B7_E0_ORIGINAL,4900,SILENCE,0.5950956864576519,0.3541388760405039,True,2,0.9210987709869819,0.7111791567083001,3989,0
B7_E0_ORIGINAL,4925,SILENCE,0.21827747350480753,0.04764505543964195,True,2,0.9214813626816156,0.7111791567083001,4014,0
B7_E0_ORIGINAL,4950,SILENCE,0.8859434188269438,0.7848957413627736,True,2,0.9212224953914376,0.7111791567083001,4039,0
B7_E0_ORIGINAL,4975,SILENCE,0.23544225574074953,0.05543305578829251,True,2,0.920215388002622,0.7111791567083001,4064,0
B7_E0_ORIGINAL,5000,SILENCE,0.27576460298170535,0.07604611625765757,True,2,0.9214431472617529,0.7111791567083001,4089,0
B7_E0_ORIGINAL,5025,SILENCE,0.28982409718708807,0.08399800731031067,True,2,0.9230342282476941,0.7111791567083001,4114,0
B7_E0_ORIGINAL,5050,SILENCE,0.5633385299334925,0.3173502993076285,True,2,0.9255531404669051,0.7111791567083001,4139,0
B7_E0_ORIGINAL,5075,SILENCE,0.3833674083748322,0.14697056980403536,True,2,0.9252857258253826,0.7111791567083001,4164,0
B7_E0_ORIGINAL,5100,SILENCE,0.23100758988384854,0.05336450658394436,True,2,0.923111656666798,0.7111791567083001,4189,0
B7_E0_ORIGINAL,5125,SILENCE,0.1326970118936013,0.017608496965490567,True,2,0.921423206551869,0.7111791567083001,4214,0
B7_E0_ORIGINAL,5150,SILENCE,0.171219910655304,0.029316257804810286,True,2,0.9217526945339723,0.7111791567083001,4239,0
B7_E0_ORIGINAL,5175,SILENCE,0.6066040911981769,0.36796852345836617,True,2,0.9237685669837785,0.7111791567083001,4264,0
B7_E0_ORIGINAL,5200,SILENCE,0.19494979908731588,0.03800542416418483,True,2,0.9247376276568696,0.7111791567083001,4289,0
B7_E0_ORIGINAL,5225,SILENCE,1.35207619824789,1.8281100458684674,True,2,0.9227040888479175,0.7111791567083001,4314,0
B7_E0_ORIGINAL,5250,SILENCE,0.5928036076163161,0.35141611720291926,True,2,0.9215810137995732,0.7111791567083001,4339,0
B7_E0_ORIGINAL,5275,SILENCE,0.3604093227507487,0.12989487992565335,True,2,0.9207731537321784,0.7111791567083001,4364,0
B7_E0_ORIGINAL,5300,SILENCE,0.8093232920335439,0.655004191028013,True,2,0.9221743762155253,0.7111791567083001,4389,0
B7_E0_ORIGINAL,5325,SILENCE,0.3315516977290431,0.10992652826701076,True,2,0.9240878301159781,0.7111791567083001,4414,0
B7_E0_ORIGINAL,5350,SILENCE,0.48471078671590123,0.2349445467587479,True,2,0.9221950424158538,0.7111791567083001,4439,0
B7_E0_ORIGINAL,5375,SILENCE,0.13410939997964608,0.017985331162900697,True,2,0.9214046404640429,0.7111791567083001,4464,0
B7_E0_ORIGINAL,5400,SILENCE,0.9892099534933179,0.978536332090252,True,2,0.9199007299071215,0.7111791567083001,4489,0
B7_E0_ORIGINAL,5425,SILENCE,0.08820915254113175,0.00778085459202465,True,2,0.9199915392949403,0.7111791567083001,4514,0
B7_E0_ORIGINAL,5450,SILENCE,0.07526003515666402,0.005664072891782304,True,2,0.9194094666431689,0.7111791567083001,4539,0
B7_E0_ORIGINAL,5475,SILENCE,0.16030646830422252,0.025698163780172697,True,2,0.9184689510819748,0.7111791567083001,4564,0
B7_E0_ORIGINAL,5500,SILENCE,0.9975868713221354,0.9951795658342868,True,2,0.9186192455508745,0.7111791567083001,4589,0
B7_E0_ORIGINAL,5525,SILENCE,0.23062244727244263,0.05318671318593058,True,2,0.9188445574372843,0.7111791567083001,4614,0
B7_E0_ORIGINAL,5550,SILENCE,0.27303304523853217,0.07454704379222635,True,2,0.9179914595293466,0.7111791567083001,4639,0
B7_E0_ORIGINAL,5575,SILENCE,0.12542573898333964,0.015731615999516845,True,2,0.9159611471760856,0.7111791567083001,4664,0
B7_E0_ORIGINAL,5600,SILENCE,0.2903260558968056,0.0842892187325951,True,2,0.9188719103694971,0.7111791567083001,4689,0
B7_E0_ORIGINAL,5625,SILENCE,0.20209283010576506,0.040841511980157626,True,2,0.9202174304902319,0.7111791567083001,4714,0
B7_E0_ORIGINAL,5650,SILENCE,1.2091721528943808,1.462097295335232,True,2,0.9200377574529773,0.7111791567083001,4739,0
B7_E0_ORIGINAL,5675,SILENCE,1.0957889001471661,1.200753313685736,True,2,0.9176907434550374,0.7111791567083001,4764,0
B7_E0_ORIGINAL,5700,SILENCE,0.7972218882555127,0.6355627391136851,True,2,0.9175572611176678,0.7111791567083001,4789,0
B7_E0_ORIGINAL,5725,SILENCE,0.566559245515602,0.3209893786792082,True,2,0.919440224466267,0.7111791567083001,4814,0
B7_E0_ORIGINAL,5750,SILENCE,1.5688096996743184,2.4611638737922252,True,2,0.9183539961130927,0.7111791567083001,4839,0
B7_E0_ORIGINAL,5775,SILENCE,0.2394207569166441,0.05732229884253879,True,2,0.9157271888199817,0.7111791567083001,4864,0
B7_E0_ORIGINAL,5800,SILENCE,0.3256669934006267,0.10605899059060385,True,2,0.9137636365322621,0.7111791567083001,4889,0
B7_E0_ORIGINAL,5825,SILENCE,0.27212924810232364,0.07405432767273601,True,2,0.9137548847376958,0.7111791567083001,4914,0
B7_E0_ORIGINAL,5850,SILENCE,2.575834923967957e-07,6.63492555553301e-14,True,2,0.9138160074202157,0.7111791567083001,4939,0
B7_E0_ORIGINAL,5875,SILENCE,0.38133876453428045,0.14541925333653138,True,2,0.9121685040822691,0.7111791567083001,4964,0
B7_E0_ORIGINAL,5900,SILENCE,0.43141257130147986,0.18611680667695446,True,2,0.9116366424214624,0.7111791567083001,4989,0
B7_E0_ORIGINAL,5925,SILENCE,0.5591770393845392,0.3126789613748585,True,2,0.9088689845310682,0.7111791567083001,5014,0
B7_E0_ORIGINAL,5950,SILENCE,0.5761927001961686,0.3319980277593519,True,2,0.9084222981425945,0.7111791567083001,5039,0
B7_E0_ORIGINAL,5975,SILENCE,0.0036370553010887097,1.3228171263177484e-05,True,2,0.9089889348652573,0.7111791567083001,5064,0
B7_E0_ORIGINAL,6000,SILENCE,0.3047320749618272,0.09286163751054066,True,2,0.9085496166537518,0.7111791567083001,5089,0
B7_E0_ORIGINAL,6025,SILENCE,0.26987006837012156,0.07282985380209409,True,2,0.909394502126322,0.7111791567083001,5114,0
B7_E0_ORIGINAL,6050,SILENCE,1.0972624816509846,1.2039849536388774,True,2,0.9092507769060335,0.7111791567083001,5139,0
B7_E0_ORIGINAL,6075,SILENCE,0.10663608145344336,0.011371253867745406,True,2,0.9100542280165278,0.7111791567083001,5164,0
B7_E0_ORIGINAL,6100,SILENCE,0.24106993789188746,0.05811471495519848,True,2,0.9105345782522871,0.7111791567083001,5189,0
B7_E0_ORIGINAL,6125,SILENCE,0.8849177531068555,0.7830794297636856,True,2,0.9135854595793802,0.7111791567083001,5214,0
B7_E0_ORIGINAL,6150,SILENCE,0.374790837974561,0.14046817222967362,True,2,0.9095750031247445,0.7111791567083001,5239,0
B7_E0_ORIGINAL,6175,SILENCE,0.3059307412396276,0.09359361843542797,True,2,0.9121415495503513,0.7111791567083001,5264,0
B7_E0_ORIGINAL,6200,SILENCE,0.2699438887644283,0.07286970308126205,True,2,0.9126299338568665,0.7111791567083001,5289,0
B7_E0_ORIGINAL,6225,SILENCE,0.9396862921853657,0.8830103277210805,True,2,0.9119528809562522,0.7111791567083001,5314,0
B7_E0_ORIGINAL,6250,SILENCE,0.9368908036559284,0.8777643779750514,True,2,0.9134175928549402,0.7111791567083001,5339,0
B7_E0_ORIGINAL,6275,SILENCE,1.2816450555279555,1.6426140483592562,True,2,0.912655689365427,0.7111791567083001,5364,0
B7_E0_ORIGINAL,6300,SILENCE,0.772661664885218,0.5970060483831969,True,2,0.9148067750820043,0.7111791567083001,5389,0
B7_E0_ORIGINAL,6325,SILENCE,0.7810833205394766,0.6100911536249748,True,2,0.9112765736560882,0.7111791567083001,5414,0
B7_E0_ORIGINAL,6350,SILENCE,0.3794994868827054,0.14401986054423668,True,2,0.9128555671561567,0.7111791567083001,5439,0
B7_E0_ORIGINAL,6375,SILENCE,0.514452796083346,0.2646616793979728,True,2,0.913608506539494,0.7111791567083001,5464,0
B7_E0_ORIGINAL,6400,SILENCE,0.6837798369086963,0.46755486536288327,True,2,0.9141139058453079,0.7111791567083001,5489,0
B7_E0_ORIGINAL,6425,SILENCE,0.7909551211870238,0.6256100037319795,True,2,0.9122380395092443,0.7111791567083001,5514,0
B7_E0_ORIGINAL,6450,SILENCE,0.3868708617163386,0.1496690636451424,True,2,0.911133354495665,0.7111791567083001,5539,0
B7_E0_ORIGINAL,6475,SILENCE,0.6693435603033703,0.44802080171959147,True,2,0.9110386312679823,0.7111791567083001,5564,0
B7_E0_ORIGINAL,6500,SILENCE,0.5953211277660722,0.354407245164668,True,2,0.9122580027085102,0.7111791567083001,5589,0
B7_E0_ORIGINAL,6525,SILENCE,0.5076734331141504,0.2577323146899077,True,2,0.9119570058176285,0.7111791567083001,5614,0
B7_E0_ORIGINAL,6550,SILENCE,0.08744297687609359,0.007646274204953039,True,2,0.9126335801695628,0.7111791567083001,5639,0
B7_E0_ORIGINAL,6575,SILENCE,0.747748672627653,0.559128077416417,True,2,0.9114302371242095,0.7111791567083001,5664,0
B7_E0_ORIGINAL,6600,SILENCE,0.4657655476679264,0.2169375453944034,True,2,0.9113004023996493,0.7111791567083001,5689,0
B7_E0_ORIGINAL,6625,SILENCE,0.2009101775203449,0.0403648994312565,True,2,0.911625802515513,0.7111791567083001,5714,0
B7_E0_ORIGINAL,6650,SILENCE,0.13168299854207657,0.01734041210503254,True,2,0.9117016194240227,0.7111791567083001,5739,0
B7_E0_ORIGINAL,6675,SILENCE,0.9722998113295278,0.9453669231114353,True,2,0.9113736390178493,0.7111791567083001,5764,0
B7_E0_ORIGINAL,6686,SILENCE,0.33607243993722397,0.11294468488535901,True,2,0.9117072220304072,0.7111791567083001,5775,0
B7_E0_ORIGINAL,6687,SILENCE,0.3513949719648324,0.12347842632216534,True,2,0.9115653589367183,0.7111791567083001,5776,0
B7_E0_ORIGINAL,6688,SILENCE,0.3460839448543868,0.11977409688597425,True,2,0.911425646967197,0.7111791567083001,5777,0
B7_E0_ORIGINAL,6700,SILENCE,0.18125598349387845,0.032853731552333135,True,2,0.9104254973077406,0.7111791567083001,5789,0
B7_E0_ORIGINAL,6725,SILENCE,0.2494458566347902,0.0622232353922643,True,2,0.9114659373273591,0.7111791567083001,5814,0
B7_E0_ORIGINAL,6750,SILENCE,0.7544225985500339,0.5691534572029856,True,2,0.9109135068640961,0.7111791567083001,5839,0
B7_E0_ORIGINAL,6775,SILENCE,0.24535725785497264,0.060200183982111535,True,2,0.9112354957232568,0.7111791567083001,5864,0
B7_E0_ORIGINAL,6800,SILENCE,0.7289722789962458,0.5314005835449804,True,2,0.9099956637469924,0.7111791567083001,5889,0
B7_E0_ORIGINAL,6825,SILENCE,0.42108033424368696,0.17730864788677514,True,2,0.9102577027647915,0.7111791567083001,5914,0
B7_E0_ORIGINAL,6850,SILENCE,1.9457007799181558,3.78575152497412,True,2,0.9109364994755472,0.7111791567083001,5939,0
B7_E0_ORIGINAL,6875,SILENCE,0.8444782349587631,0.7131434893190678,True,2,0.9088381108322352,0.7111791567083001,5964,0
B7_E0_ORIGINAL,6900,SILENCE,0.6920318823378779,0.47890812617210654,True,2,0.9086894829504191,0.7111791567083001,5989,0
B7_E0_ORIGINAL,6925,SILENCE,0.4050013376358843,0.16402608348685555,True,2,0.9071157827371664,0.7111791567083001,6014,0
B7_E0_ORIGINAL,6950,SILENCE,0.9649984590617848,0.9312220259916192,True,2,0.9074599011019775,0.7111791567083001,6039,0
B7_E0_ORIGINAL,6975,SILENCE,0.5966722250913071,0.3560177441954115,True,2,0.90479066275311,0.7111791567083001,6064,0
B7_E0_ORIGINAL,6998,SILENCE,0.998396840342276,0.9967962508054402,True,2,0.9045744357452682,0.7111791567083001,6087,0
B7_E0_ORIGINAL,6999,SILENCE,0.3040778731479685,0.09246335293819204,True,2,0.9046952959115354,0.7111791567083001,6088,0
B7_E0_ORIGINAL,7000,ACTIVE_POST,0.013592276431656529,0.00018474997859456555,True,2,0.9046898937342829,0.7111791567083001,6089,0
B7_E0_ORIGINAL,7001,ACTIVE_POST,0.3924543126444315,0.15402038751321318,True,2,0.9045339226684099,0.7111791567083001,6090,0
B7_E0_ORIGINAL,7025,ACTIVE_POST,0.46607572674741904,0.21722658306313483,True,2,0.7296511168076207,0.7019827338689482,6114,0
B7_E0_ORIGINAL,7050,ACTIVE_POST,0.12061348143604,0.014547611904121967,True,2,0.5487872460146028,0.7016415297070717,6139,0
B7_E0_ORIGINAL,7075,ACTIVE_POST,0.3773775513895232,0.14241381629275224,True,2,0.5968161347591189,0.707016150755883,6164,0
B7_E0_ORIGINAL,7100,ACTIVE_POST,0.549490524847991,0.3019398368977206,True,2,0.46101667020775117,0.7028669576931448,6189,0
B7_E0_ORIGINAL,7125,ACTIVE_POST,0.00547835094510174,3.0012329077697126e-05,True,2,0.5756285252054072,0.7037760295630053,6214,0
B7_E0_ORIGINAL,7150,ACTIVE_POST,1.0690037863580224,1.1427690952477885,True,2,0.704888347347753,0.7150082379481275,6239,0
B7_E0_ORIGINAL,7175,ACTIVE_POST,0.29400979243816433,0.08644175804953247,True,2,0.5312432281649391,0.7118411321860961,6264,0
B7_E0_ORIGINAL,7200,ACTIVE_POST,0.2730927378017416,0.07457964344005077,True,2,0.6883093832873066,0.7195020134035207,6289,0
B7_E0_ORIGINAL,7225,ACTIVE_POST,0.07523825580437235,0.00566079513648417,True,2,0.4591493778177822,0.7079281833367636,6314,0
B7_E0_ORIGINAL,7250,ACTIVE_POST,0.41676538759298914,0.17369338829553446,True,2,0.4815097925722547,0.7003367407989868,6339,0
B7_E0_ORIGINAL,7275,ACTIVE_POST,0.9878892040251199,0.975925079429385,True,2,0.9247499563497303,0.7152691261956821,6364,0
B7_E0_ORIGINAL,7300,ACTIVE_POST,0.49722627979032596,0.24723397331412753,True,2,0.5256534216792053,0.7031962685998682,6389,0
B7_E0_ORIGINAL,7325,ACTIVE_POST,0.017995399922009492,0.00032383441835305923,True,2,0.624582504252605,0.7024548640290866,6414,0
B7_E0_ORIGINAL,7350,ACTIVE_POST,0.17712756923825412,0.03137417578425251,True,2,0.8418453661511743,0.7089005490618461,6439,0
B7_E0_ORIGINAL,7375,ACTIVE_POST,0.8795256472735145,0.7735653642118946,True,2,0.9119072497825688,0.7111769597772605,6464,0
B7_E0_ORIGINAL,7400,ACTIVE_POST,0.10777276886667553,0.011614969709189866,True,2,0.7286453847688756,0.7123060223442214,6489,0
B7_E0_ORIGINAL,7425,ACTIVE_POST,0.2468791961713535,0.06094933750221365,True,2,0.5244723323891672,0.703933153688818,6514,0
B7_E0_ORIGINAL,7450,ACTIVE_POST,0.6244656532781848,0.3899573521241501,True,2,0.6935159267835129,0.7117513348550116,6539,0
B7_E0_ORIGINAL,7475,ACTIVE_POST,0.800124278765512,0.6401988614700307,True,2,0.6108238153668551,0.7168279063302762,6564,0
B7_E0_ORIGINAL,7500,ACTIVE_POST,2.059464777010086,4.241395167745202,True,2,0.6877002768195329,0.7197688294325705,6589,0
B7_E0_ORIGINAL,7525,ACTIVE_POST,0.8002623207869427,0.6404197820713036,True,2,0.526649905650175,0.713249131467618,6614,0
B7_E0_ORIGINAL,7550,ACTIVE_POST,0.7218435383097825,0.5210580937995865,True,2,0.5627818056599112,0.7104702444743032,6639,0
B7_E0_ORIGINAL,7575,ACTIVE_POST,0.7074270243004648,0.5004529947106103,True,2,0.7974025966197947,0.7070749803971437,6664,0
B7_E0_ORIGINAL,7600,ACTIVE_POST,0.09487342899271087,0.009000967528834952,True,2,0.6989456421286759,0.7153052833519085,6689,0
B7_E0_ORIGINAL,7625,ACTIVE_POST,0.487133110241605,0.23729866709365968,True,2,0.6810492083046455,0.7235097710256511,6714,0
B7_E0_ORIGINAL,7650,ACTIVE_POST,0.2866364295527545,0.08216044274675117,True,2,0.6737126885151873,0.730939799718089,6739,0
B7_E0_ORIGINAL,7675,ACTIVE_POST,1.2339476324774392,1.5226267596966774,True,2,0.5871621962015067,0.7264706691484851,6764,0
B7_E0_ORIGINAL,7700,ACTIVE_POST,0.4396700868515493,0.1933097852720489,True,2,0.5577061333371268,0.7191543852734074,6789,0
B7_E0_ORIGINAL,7725,ACTIVE_POST,0.1373201372016742,0.018856820081086623,True,2,0.43364002226041426,0.7163935984741813,6814,0
B7_E0_ORIGINAL,7750,ACTIVE_POST,1.4688226297952645,2.1574399177986767,True,2,0.6204861785774408,0.7210954166328919,6839,0
B7_E0_ORIGINAL,7775,ACTIVE_POST,1.216060872107778,1.4788040446715294,True,2,0.5759627653742107,0.7123149932640459,6864,0
B7_E0_ORIGINAL,7800,ACTIVE_POST,0.5865161747357263,0.34400122322662896,True,2,1.0241465442649025,0.7270128951967738,6889,0
B7_E0_ORIGINAL,7825,ACTIVE_POST,0.21958911690080196,0.04821938026127407,True,2,0.6066692298915111,0.7271366576321505,6914,0
B7_E0_ORIGINAL,7850,ACTIVE_POST,0.273384510730144,0.07473909070716023,True,2,0.7085817949572225,0.7263691130066102,6939,0
B7_E0_ORIGINAL,7875,ACTIVE_POST,0.7911310130353426,0.6258882797863274,True,2,0.5011901497435771,0.7167989080055005,6964,0
B7_E0_ORIGINAL,7900,ACTIVE_POST,0.9786131392501884,0.9576836763131087,True,2,0.9687803862318539,0.7271440814076331,6989,0
B7_E0_ORIGINAL,7925,ACTIVE_POST,0.3611991934528984,0.13046485735102434,True,2,0.6563632276946414,0.72069669083605,7014,0
B7_E0_ORIGINAL,7950,ACTIVE_POST,0.2532489195058735,0.0641350152308924,True,2,0.8103725665255193,0.7208834415708797,7039,0
B7_E0_ORIGINAL,7975,ACTIVE_POST,0.2015404359402525,0.04061854731898702,True,2,0.7857007885102701,0.7231772086426752,7064,0
B7_E0_ORIGINAL,8000,ACTIVE_POST,0.019223261259376095,0.0003695337734462298,True,2,0.5180802060549659,0.7177154636556112,7089,0
B7_E0_ORIGINAL,8025,ACTIVE_POST,0.37254193298470495,0.1387874918319804,True,2,0.7009909601381683,0.7305179237005862,7114,0
B7_E0_ORIGINAL,8050,ACTIVE_POST,0.5172095389826936,0.26750570721469047,True,2,0.7024226464124337,0.7295123869860399,7139,0
B7_E0_ORIGINAL,8075,ACTIVE_POST,0.2980482778693032,0.08883277594085738,True,2,0.6406985973520221,0.7249359064380961,7164,0
B7_E0_ORIGINAL,8100,ACTIVE_POST,0.815453493321712,0.6649643997705834,True,2,0.6034232227353686,0.7179500724238819,7189,0
B7_E0_ORIGINAL,8125,ACTIVE_POST,0.7334894831316603,0.5380068218647501,True,2,0.6883871524003324,0.7242235465931269,7214,0
B7_E0_ORIGINAL,8150,ACTIVE_POST,1.0734457058765199,1.1522856834647401,True,2,0.3480312141610294,0.7210172857286937,7239,0
B7_E0_ORIGINAL,8175,ACTIVE_POST,1.0620369526949847,1.127922488889649,True,2,0.7764813713894214,0.7307557389949568,7264,0
B7_E0_ORIGINAL,8200,ACTIVE_POST,0.3966105159921516,0.15729990139556072,True,2,0.7125314540752442,0.7336823638679374,7289,0
B7_E0_ORIGINAL,8225,ACTIVE_POST,0.9605378812873786,0.9226330213880463,True,2,0.7952756372191234,0.7342679450840188,7314,0
B7_E0_ORIGINAL,8250,ACTIVE_POST,0.35857930622802536,0.128579118854972,True,2,0.535897671988827,0.7270679192371606,7339,0
B7_E0_ORIGINAL,8275,ACTIVE_POST,1.143113103599264,1.306707567620342,True,2,0.5198768558075199,0.7239295949901142,7364,0
B7_E0_ORIGINAL,8300,ACTIVE_POST,0.6284881045222993,0.39499729752603263,True,2,0.9320589831425887,0.7410724705229781,7389,0
B7_E0_ORIGINAL,8325,ACTIVE_POST,1.1706702639388007,1.3704688668705414,True,2,0.23182807686492085,0.7348041197824826,7414,0
B7_E0_ORIGINAL,8350,ACTIVE_POST,0.28318663575482317,0.08019467067013489,True,2,0.713178991383584,0.7405180285096545,7439,0
B7_E0_ORIGINAL,8375,ACTIVE_POST,0.6539303111908121,0.42762485189411237,True,2,0.7320257714329699,0.7365092471703236,7464,0
B7_E0_ORIGINAL,8400,ACTIVE_POST,0.71039801400571,0.504665338303257,True,2,0.6326010118135624,0.7267398489853774,7489,0
B7_E0_ORIGINAL,8425,ACTIVE_POST,0.051180171813771214,0.0026194099868871415,True,2,0.6425415867488531,0.730075136177949,7514,0
B7_E0_ORIGINAL,8450,ACTIVE_POST,1.2654560059334026,1.6013789029529197,True,2,0.7970285711817734,0.7356973228951852,7539,0
B7_E0_ORIGINAL,8475,ACTIVE_POST,0.27386753168885236,0.07500342491334455,True,2,0.6654819953300576,0.7470857916490226,7564,0
B7_E0_ORIGINAL,8500,ACTIVE_POST,0.7447310593731895,0.5546243507951131,True,2,0.34873320712811606,0.7418905668787207,7589,0
B7_E0_ORIGINAL,8525,ACTIVE_POST,0.34250934341515277,0.11731265032667905,True,2,0.5342784051427335,0.7421174499795347,7614,0
B7_E0_ORIGINAL,8550,ACTIVE_POST,0.2097604448962862,0.04399944424308792,True,2,0.5843765986147754,0.7392460363164401,7639,0
B7_E0_ORIGINAL,8575,ACTIVE_POST,0.5156006718036049,0.2658440527643287,True,2,0.7879545493565463,0.753202972200989,7664,0
B7_E0_ORIGINAL,8600,ACTIVE_POST,0.5532420049467819,0.30607671603753506,True,2,0.6229558687425824,0.7490772657556017,7689,0
B7_E0_ORIGINAL,8625,ACTIVE_POST,0.4648523429836948,0.21608770077743064,True,2,0.7994522269045018,0.7526351584313713,7714,0
B7_E0_ORIGINAL,8650,ACTIVE_POST,0.3755606778287225,0.1410458227311695,True,2,0.6289118976534966,0.7491117037679398,7739,0
B7_E0_ORIGINAL,8675,ACTIVE_POST,0.5066344723056255,0.25667848852839964,True,2,0.7843955950331923,0.7584904945420757,7764,0
B7_E0_ORIGINAL,8700,ACTIVE_POST,0.04274595755149657,0.0018272168869943469,True,2,0.6490538543167828,0.7505380329486637,7789,0
B7_E0_ORIGINAL,8725,ACTIVE_POST,0.2096661275440317,0.04395988503931016,True,2,0.8129071636478726,0.7569866497458233,7814,0
B7_E0_ORIGINAL,8750,ACTIVE_POST,1.0914534366532922,1.191270604382282,True,2,0.611495314943674,0.7475277106050685,7839,0
B7_E0_ORIGINAL,8775,ACTIVE_POST,0.5031002810897331,0.2531098928325685,True,2,0.48412196813261743,0.740644785476081,7864,0
B7_E0_ORIGINAL,8800,ACTIVE_POST,0.37031637686842156,0.13713421897695482,True,2,0.524592959185248,0.7329948156591749,7889,0
B7_E0_ORIGINAL,8825,ACTIVE_POST,0.3823976595687407,0.1462279700436505,True,2,0.7761282196182253,0.741206924502302,7914,0
B7_E0_ORIGINAL,8850,ACTIVE_POST,0.5091691881773944,0.2592532621892269,True,2,0.9526217927220608,0.7446689823574097,7939,0
B7_E0_ORIGINAL,8875,ACTIVE_POST,0.728355941115356,0.5305023769580358,True,2,0.39610994785161313,0.7444630074885291,7964,0
B7_E0_ORIGINAL,8900,ACTIVE_POST,0.05902016726937198,0.0034833801445046477,True,2,0.6771820456178999,0.7389614766389935,7989,0
B7_E0_ORIGINAL,8925,ACTIVE_POST,1.2338357362318029,1.522350624002675,True,2,0.7231396790017589,0.7408913604057041,8014,0
B7_E0_ORIGINAL,8950,ACTIVE_POST,0.7679364525552107,0.5897263951630813,True,2,0.7358910748850466,0.7388355084455573,8039,0
B7_E0_ORIGINAL,8975,ACTIVE_POST,0.004045624996837915,1.6367081615039784e-05,True,2,0.8142150598837582,0.736626912627161,8064,0
B7_E0_ORIGINAL,9000,ACTIVE_POST,1.523662270329237,2.321546714024845,True,2,0.6553874616827562,0.7323519420764223,8089,0
B7_E0_ORIGINAL,9025,ACTIVE_POST,1.6685227028322598,2.7839680098666695,True,2,0.8453162998850694,0.7300863359359058,8114,0
B7_E0_ORIGINAL,9050,ACTIVE_POST,0.01598208008556845,0.0002554268838615237,True,2,0.6759963631393213,0.72547003220584,8139,0
B7_E0_ORIGINAL,9075,ACTIVE_POST,1.409433467535791,1.9865026994099633,True,2,0.6490389599784345,0.719199857052311,8164,0
B7_E0_ORIGINAL,9100,ACTIVE_POST,0.19126744517144265,0.03658323558241082,True,2,0.6499766846209679,0.713750863863255,8189,0
B7_E0_ORIGINAL,9125,ACTIVE_POST,0.4239699295500807,0.17975050116270042,True,2,0.5882169655839965,0.7126056105816146,8214,0
B7_E0_ORIGINAL,9150,ACTIVE_POST,1.184150315847238,1.4022119705211133,True,2,0.678720596861121,0.7074465734643698,8239,0
B7_E0_ORIGINAL,9175,ACTIVE_POST,0.9501169740923842,0.9027222644584681,True,2,0.7807011419288105,0.7140225323795206,8264,0
B7_E0_ORIGINAL,9200,ACTIVE_POST,0.4834753043642913,0.2337483699301441,True,2,0.6873030419813612,0.7107567486430568,8289,0
B7_E0_ORIGINAL,9225,ACTIVE_POST,0.18659131148050645,0.03481631752001538,True,2,0.7332932371173867,0.7272218357445622,8314,0
B7_E0_ORIGINAL,9250,ACTIVE_POST,0.7813196879553077,0.6104604547865794,True,2,0.5345313466137409,0.7210484665132285,8339,0
B7_E0_ORIGINAL,9275,ACTIVE_POST,0.4971188857786981,0.2471271865978543,True,2,0.6977927289087019,0.7153582030837131,8364,0
B7_E0_ORIGINAL,9300,ACTIVE_POST,0.1395740422379743,0.01948091326664783,True,2,0.5486945095532343,0.7165487830815436,8389,0
B7_E0_ORIGINAL,9325,ACTIVE_POST,0.07572156772607508,0.005733755818894575,True,2,0.7430340677795039,0.720805392132473,8414,0
B7_E0_ORIGINAL,9350,ACTIVE_POST,0.5754256485285933,0.33111467698455227,True,2,0.9176415452859578,0.717232876678812,8439,0
B7_E0_ORIGINAL,9375,ACTIVE_POST,0.15356131049712318,0.023581076081593873,True,2,0.5588702300797733,0.7081071294538319,8464,0
B7_E0_ORIGINAL,9400,ACTIVE_POST,1.6401674193210574,2.6901491634022974,True,2,0.6049978604559616,0.7054601524440921,8489,0
B7_E0_ORIGINAL,9425,ACTIVE_POST,1.2599622864028173,1.587504963157415,True,2,0.8766861422102987,0.7161540806117489,8514,0
B7_E0_ORIGINAL,9450,ACTIVE_POST,0.785488014685578,0.6169914212146909,True,2,0.7863721164315834,0.716781451391192,8539,0
B7_E0_ORIGINAL,9475,ACTIVE_POST,1.233414127057721,1.52131040882556,True,2,0.6614270000456339,0.7217126040399101,8564,0
B7_E0_ORIGINAL,9500,ACTIVE_POST,0.014637180163067864,0.0002142470431261074,True,2,0.5386277664637359,0.7223342855387099,8589,0
B7_E0_ORIGINAL,9525,ACTIVE_POST,0.5788865637981302,0.33510965374600665,True,2,0.5795047151900714,0.7277995632449158,8614,0
B7_E0_ORIGINAL,9550,ACTIVE_POST,1.2553990054715238,1.576026662938891,True,2,0.5998525206758937,0.7214050032380309,8639,0
B7_E0_ORIGINAL,9575,ACTIVE_POST,0.04489466768396949,0.0020155311864540545,True,2,0.6219760327745768,0.7187103684316242,8664,0
B7_E0_ORIGINAL,9600,ACTIVE_POST,0.041370890307184105,0.0017115505648090598,True,2,0.5043049302316557,0.7080009652594837,8689,0
B7_E0_ORIGINAL,9625,ACTIVE_POST,0.9484864742858736,0.8996265919032472,True,2,0.5842487309010707,0.7144744579471364,8714,0
B7_E0_ORIGINAL,9650,ACTIVE_POST,2.5218439662130168,6.359696989924999,True,2,0.6517771335797464,0.7170850634956664,8739,0
B7_E0_ORIGINAL,9675,ACTIVE_POST,1.197751662761668,1.4346090456483405,True,2,1.0102684307083736,0.7331655835734486,8764,0
B7_E0_ORIGINAL,9700,ACTIVE_POST,0.7836123306411772,0.6140482847328976,True,2,0.44791419376678315,0.7200446917205677,8789,0
B7_E0_ORIGINAL,9725,ACTIVE_POST,0.38314437917012983,0.14679961528966423,True,2,0.8599665739013007,0.7252298663407492,8814,0
B7_E0_ORIGINAL,9750,ACTIVE_POST,0.17207638124194802,0.02961028098132424,True,2,0.42619176649883983,0.724705747198819,8839,0
B7_E0_ORIGINAL,9775,ACTIVE_POST,0.33798537778849913,0.11423411559883448,True,2,0.5260026071245754,0.7260933108965354,8864,0
B7_E0_ORIGINAL,9800,ACTIVE_POST,0.18268723173793147,0.03337462464006868,True,2,0.611558804851315,0.7224849128479621,8889,0
B7_E0_ORIGINAL,9825,ACTIVE_POST,1.0153270870406639,1.0308890936784798,True,2,0.36528156192567884,0.7108200686201334,8914,0
B7_E0_ORIGINAL,9850,ACTIVE_POST,0.3334375480263041,0.11118059843379385,True,2,0.4603087755112945,0.7001819096480616,8939,0
B7_E0_ORIGINAL,9875,ACTIVE_POST,0.1971733944918,0.03887734749541898,True,2,0.5553321807798273,0.6892115531367944,8964,0
B7_E0_ORIGINAL,9900,ACTIVE_POST,0.27789022454568185,0.07722297689804948,True,2,0.5505671950039591,0.6842049414306615,8989,0
B7_E0_ORIGINAL,9925,ACTIVE_POST,0.5646401840215308,0.31881853741186816,True,2,0.5503977050885153,0.6785432909092397,9014,0
B7_E0_ORIGINAL,9950,ACTIVE_POST,0.446722576087869,0.19956105998658194,True,2,0.7377184371354597,0.675200956004883,9039,0
B7_E0_ORIGINAL,9975,ACTIVE_POST,0.44655274112027654,0.19940935060203271,True,2,0.8948335726971606,0.6945902245179294,9064,0
B7_E0_CORRECTED_UNGATED,0,ACTIVE_PRE,0.0,0.0,False,0,0.0,0.0,0,0
B7_E0_CORRECTED_UNGATED,25,ACTIVE_PRE,0.42076379253721824,0.17704216911030324,False,0,0.0,0.0,0,0
B7_E0_CORRECTED_UNGATED,50,ACTIVE_PRE,0.09428668368474702,0.00888997872026754,False,0,0.0,0.0,0,0
B7_E0_CORRECTED_UNGATED,75,ACTIVE_PRE,0.9962608069857322,0.9925355955358622,False,0,0.0,0.0,0,0
B7_E0_CORRECTED_UNGATED,100,ACTIVE_PRE,0.7746856262520172,0.60013781952148,False,0,0.0,0.0,0,0
B7_E0_CORRECTED_UNGATED,125,ACTIVE_PRE,1.043371164316205,1.088623386526553,False,0,0.0,0.0,0,0
B7_E0_CORRECTED_UNGATED,150,ACTIVE_PRE,0.9856376237637016,0.9714815253785561,False,0,0.0,0.0,0,0
B7_E0_CORRECTED_UNGATED,175,ACTIVE_PRE,1.2561353519062641,1.577876022308674,False,0,0.0,0.0,0,0
B7_E0_CORRECTED_UNGATED,200,ACTIVE_PRE,0.2724612409622458,0.07423512782668695,False,0,0.0,0.0,0,0
B7_E0_CORRECTED_UNGATED,225,ACTIVE_PRE,0.1849060222413343,0.03419023706111281,False,0,0.0,0.0,0,0
B7_E0_CORRECTED_UNGATED,250,ACTIVE_PRE,0.843011762078488,0.7106688310026773,False,0,0.0,0.0,0,0
B7_E0_CORRECTED_UNGATED,275,ACTIVE_PRE,0.9541203015643884,0.9103455498573195,False,0,0.0,0.0,0,0
B7_E0_CORRECTED_UNGATED,300,ACTIVE_PRE,1.285480977052424,1.6524613423636547,False,0,0.0,0.0,0,0
B7_E0_CORRECTED_UNGATED,325,ACTIVE_PRE,2.3313488414997474,5.435187420762214,False,0,0.0,0.0,0,0
B7_E0_CORRECTED_UNGATED,350,ACTIVE_PRE,1.1449196250987168,1.3108409479361862,False,0,0.0,0.0,0,0
B7_E0_CORRECTED_UNGATED,375,ACTIVE_PRE,0.4538608185559669,0.2059896426202923,False,0,0.0,0.0,0,0
B7_E0_CORRECTED_UNGATED,400,ACTIVE_PRE,1.1161085858141695,1.2456983753281055,False,0,0.0,0.0,0,0
B7_E0_CORRECTED_UNGATED,425,ACTIVE_PRE,0.024588996376329886,0.0006046187427951643,False,0,0.0,0.0,0,0
B7_E0_CORRECTED_UNGATED,450,ACTIVE_PRE,0.8245162130142838,0.6798269855234158,False,0,0.0,0.0,0,0
B7_E0_CORRECTED_UNGATED,475,ACTIVE_PRE,0.9767546508406204,0.9540496479387823,False,0,0.0,0.0,0,0
B7_E0_CORRECTED_UNGATED,500,ACTIVE_PRE,0.29377277185749673,0.08630244148483682,False,0,0.0,0.0,0,0
B7_E0_CORRECTED_UNGATED,525,ACTIVE_PRE,0.5844293548563768,0.34155767081784083,False,0,0.0,0.0,0,0
B7_E0_CORRECTED_UNGATED,550,ACTIVE_PRE,0.5194728986302726,0.26985209241133745,False,1,0.0,0.0,0,0
B7_E0_CORRECTED_UNGATED,575,ACTIVE_PRE,0.6672989920743478,0.44528794482344053,False,1,0.0,0.0,0,0
B7_E0_CORRECTED_UNGATED,600,ACTIVE_PRE,0.12145391958593574,0.014751054582786945,False,1,0.0,0.0,0,0
B7_E0_CORRECTED_UNGATED,625,ACTIVE_PRE,0.5825067510922838,0.33931411506808784,False,1,0.0,0.0,0,0
B7_E0_CORRECTED_UNGATED,650,ACTIVE_PRE,0.12506043483687157,0.0156401123615874,False,1,0.0,0.0,0,0
B7_E0_CORRECTED_UNGATED,675,ACTIVE_PRE,0.5819005351824608,0.33860823284563424,False,1,0.0,0.0,0,0
B7_E0_CORRECTED_UNGATED,700,ACTIVE_PRE,1.3735549274501788,1.886653138722666,False,1,0.0,0.0,0,0
B7_E0_CORRECTED_UNGATED,725,ACTIVE_PRE,0.850600991474434,0.7235220466972901,False,1,0.0,0.0,0,0
B7_E0_CORRECTED_UNGATED,750,ACTIVE_PRE,0.9419392766620467,0.8872496009186197,False,1,0.0,0.0,0,0
B7_E0_CORRECTED_UNGATED,775,ACTIVE_PRE,0.3505669862480946,0.12289721184707177,False,2,0.0,0.0,0,0
B7_E0_CORRECTED_UNGATED,800,ACTIVE_PRE,0.4895631591408202,0.23967208678794005,False,2,0.0,0.0,0,0
B7_E0_CORRECTED_UNGATED,825,ACTIVE_PRE,0.38321617960108945,0.14685464030805445,False,2,0.0,0.0,0,0
B7_E0_CORRECTED_UNGATED,850,ACTIVE_PRE,0.4273882744735791,0.18266073715750336,False,2,0.0,0.0,0,0
B7_E0_CORRECTED_UNGATED,875,ACTIVE_PRE,0.3184020110420419,0.10137984063561657,False,2,0.0,0.0,0,0
B7_E0_CORRECTED_UNGATED,900,ACTIVE_PRE,0.24660612257763093,0.06081457969277353,False,2,0.0,0.0,0,0
B7_E0_CORRECTED_UNGATED,925,ACTIVE_PRE,1.008773528819056,1.0176240324460508,True,2,0.9324574351738275,0.3149647050757476,14,0
B7_E0_CORRECTED_UNGATED,950,ACTIVE_PRE,0.24044559097737184,0.0578140822204576,True,2,0.7500312976894772,0.32432058866180485,39,0
B7_E0_CORRECTED_UNGATED,975,ACTIVE_PRE,0.33222700680472755,0.11037478405042848,True,2,0.8950382290138199,0.3496342951305554,64,0
B7_E0_CORRECTED_UNGATED,1000,ACTIVE_PRE,0.9143353520031379,0.836009135922702,True,2,0.3373155382496,0.35051068594899826,89,0
B7_E0_CORRECTED_UNGATED,1025,ACTIVE_PRE,0.11227880666252567,0.012606530425560819,True,2,0.8435640974831026,0.3772312275623857,114,0
B7_E0_CORRECTED_UNGATED,1050,ACTIVE_PRE,0.4429226211805499,0.19618044835344894,True,2,0.654514193273435,0.38230070545919753,139,0
B7_E0_CORRECTED_UNGATED,1075,ACTIVE_PRE,0.03431547705606108,0.0011775519655850546,True,2,0.8027332734537033,0.38624901820914387,164,0
B7_E0_CORRECTED_UNGATED,1100,ACTIVE_PRE,0.2793512531809387,0.0780371226537609,True,2,0.8142661859331743,0.3983317385159219,189,0
B7_E0_CORRECTED_UNGATED,1125,ACTIVE_PRE,0.667517519057126,0.44557963824818053,True,2,1.1034709759218244,0.417119368271344,214,0
B7_E0_CORRECTED_UNGATED,1150,ACTIVE_PRE,0.3465402547398816,0.12009014815518203,True,2,0.9035741908535331,0.4336788797719196,239,0
B7_E0_CORRECTED_UNGATED,1175,ACTIVE_PRE,0.29463220199202134,0.08680813445066726,True,2,0.7806741343696473,0.44188111189845075,264,0
B7_E0_CORRECTED_UNGATED,1200,ACTIVE_PRE,0.2777636639119283,0.07715265298977866,True,2,0.9300756629550376,0.4495816087732671,289,0
B7_E0_CORRECTED_UNGATED,1225,ACTIVE_PRE,0.06902972552138711,0.004765103005558043,True,2,0.814031474654635,0.44747571487834664,314,0
B7_E0_CORRECTED_UNGATED,1250,ACTIVE_PRE,0.9615750375347659,0.9246265528099865,True,2,1.0226022588515835,0.4599753831070694,339,0
B7_E0_CORRECTED_UNGATED,1275,ACTIVE_PRE,0.07054435100076639,0.004976505458119331,True,2,0.7285317439153564,0.4554746977310499,364,0
B7_E0_CORRECTED_UNGATED,1300,ACTIVE_PRE,0.25115985494414295,0.06308127273556292,True,2,0.6314257777012328,0.4537309301777127,389,0
B7_E0_CORRECTED_UNGATED,1325,ACTIVE_PRE,0.53803628824469,0.2894830474681231,True,2,0.823064638066195,0.46626224724896337,414,0
B7_E0_CORRECTED_UNGATED,1350,ACTIVE_PRE,0.3344967046316353,0.11188804540942346,True,2,0.9188006794973288,0.47951840151056824,439,0
B7_E0_CORRECTED_UNGATED,1375,ACTIVE_PRE,0.3722507793540919,0.1385706427297288,True,2,0.5504293800577983,0.47830528383154003,464,0
B7_E0_CORRECTED_UNGATED,1400,ACTIVE_PRE,1.1427901118781254,1.3059692398064184,True,2,0.9319960357827862,0.48576585444855047,489,0
B7_E0_CORRECTED_UNGATED,1425,ACTIVE_PRE,0.6596556586138057,0.4351455879412138,True,2,0.7221639755580075,0.4798826133844367,514,0
B7_E0_CORRECTED_UNGATED,1450,ACTIVE_PRE,0.13672758413958175,0.018694432264646406,True,2,0.7442665803411583,0.48297705002350894,539,0
B7_E0_CORRECTED_UNGATED,1475,ACTIVE_PRE,0.11652030706150719,0.013576981957707924,True,2,0.5596247676291501,0.49259801511654766,564,0
B7_E0_CORRECTED_UNGATED,1500,ACTIVE_PRE,0.23603126632852645,0.05571075868464778,True,2,0.921330684616107,0.5084789026521571,589,0
B7_E0_CORRECTED_UNGATED,1525,ACTIVE_PRE,0.2984203975114249,0.08905473365087686,True,2,0.586808218179343,0.5084863092329547,614,0
B7_E0_CORRECTED_UNGATED,1550,ACTIVE_PRE,0.4379115382171805,0.19176651530373712,True,2,0.5603071055496779,0.4997216697241399,639,0
B7_E0_CORRECTED_UNGATED,1575,ACTIVE_PRE,0.4227921034181366,0.1787531627127323,True,2,0.8580647810350439,0.509235471073009,664,0
B7_E0_CORRECTED_UNGATED,1600,ACTIVE_PRE,0.27850597338711314,0.07756557721230337,True,2,0.475670305131597,0.5024799557391797,689,0
B7_E0_CORRECTED_UNGATED,1625,ACTIVE_PRE,0.23932882348662743,0.05727828575149327,True,2,0.8863606043277477,0.5157807309138234,714,0
B7_E0_CORRECTED_UNGATED,1650,ACTIVE_PRE,0.18583514893970685,0.034534702581443026,True,2,0.9106585478562969,0.5163884850619447,739,0
B7_E0_CORRECTED_UNGATED,1675,ACTIVE_PRE,1.1726909492623703,1.375204062481879,True,2,0.5435951463266523,0.5154593326256608,764,0
B7_E0_CORRECTED_UNGATED,1700,ACTIVE_PRE,1.5109491564384225,2.2829673533419808,True,2,0.7189969081846644,0.511942949759775,789,0
B7_E0_CORRECTED_UNGATED,1725,ACTIVE_PRE,0.3315842571283273,0.10994811957534467,True,2,0.7571657464491498,0.5120260956357561,814,0
B7_E0_CORRECTED_UNGATED,1750,ACTIVE_PRE,0.20176735815758381,0.0407100668178907,True,2,0.6925589755500966,0.5097201493688279,839,0
B7_E0_CORRECTED_UNGATED,1775,ACTIVE_PRE,0.2369981381544023,0.056168117488653156,True,2,0.7946933885614578,0.5148355502881117,864,0
B7_E0_CORRECTED_UNGATED,1800,ACTIVE_PRE,1.0524407583165223,1.1076315497658564,True,2,0.6791175303347735,0.514824235579921,889,0
B7_E0_CORRECTED_UNGATED,1825,ACTIVE_PRE,0.8252215879047136,0.6809906691439769,True,2,0.9441725106963658,0.5292693128395983,914,0
B7_E0_CORRECTED_UNGATED,1850,ACTIVE_PRE,0.30507868817036005,0.09307300597574779,True,2,0.9318992119790771,0.5443988159137771,939,0
B7_E0_CORRECTED_UNGATED,1875,ACTIVE_PRE,0.5759989618656537,0.3317748040703108,True,2,1.1279284766312698,0.5720867275661038,964,0
B7_E0_CORRECTED_UNGATED,1900,ACTIVE_PRE,0.4617689659817671,0.21323057794387038,True,2,0.7293303696523198,0.5668212646421474,989,0
B7_E0_CORRECTED_UNGATED,1925,ACTIVE_PRE,0.5426731393376398,0.29449413615856945,True,2,0.5827103042208688,0.5720738947741604,1014,0
B7_E0_CORRECTED_UNGATED,1950,ACTIVE_PRE,0.4833094863522699,0.23358805959809495,True,2,0.6755366880530298,0.5709895747811721,1039,0
B7_E0_CORRECTED_UNGATED,1975,ACTIVE_PRE,0.0041491156908586985,1.7215161016129856e-05,True,2,0.9624373683230021,0.5815798575641073,1064,0
B7_E0_CORRECTED_UNGATED,2000,ACTIVE_PRE,0.0858488247597404,0.007370020712628616,True,2,1.0505360738328193,0.5992762691672622,1089,0
B7_E0_CORRECTED_UNGATED,2025,ACTIVE_PRE,0.946353896503845,0.8955856974280103,True,2,0.6932167431109609,0.5931755833019656,1114,0
B7_E0_CORRECTED_UNGATED,2050,ACTIVE_PRE,0.23503347152385962,0.05524073273655693,True,2,0.585105740778533,0.5868128470163732,1139,0
B7_E0_CORRECTED_UNGATED,2075,ACTIVE_PRE,0.0433745008197417,0.0018813473213617736,True,2,0.8875118180568669,0.5868877228862002,1164,0
B7_E0_CORRECTED_UNGATED,2100,ACTIVE_PRE,0.531528298212286,0.28252233180044883,True,2,0.8174069739985863,0.5868980324767562,1189,0
B7_E0_CORRECTED_UNGATED,2125,ACTIVE_PRE,1.1907944051746941,1.4179913153953536,True,2,0.9515739624669208,0.5934472408095361,1214,0
B7_E0_CORRECTED_UNGATED,2150,ACTIVE_PRE,0.40413912817201636,0.16332843491963747,True,2,1.02214426360333,0.5986115070148482,1239,0
B7_E0_CORRECTED_UNGATED,2175,ACTIVE_PRE,0.9829992796749905,0.9662875838415501,True,2,1.0924697763316131,0.6099616258289068,1264,0
B7_E0_CORRECTED_UNGATED,2200,ACTIVE_PRE,0.46305430145722337,0.2144192860980371,True,2,0.8558454008646317,0.6082702505367921,1289,0
B7_E0_CORRECTED_UNGATED,2225,ACTIVE_PRE,0.1880628626227978,0.03536764029788132,True,2,0.9655044009041877,0.6112861764087661,1314,0
B7_E0_CORRECTED_UNGATED,2250,ACTIVE_PRE,0.3047009570759402,0.09284267324299394,True,2,0.7257987102887521,0.6026728012215962,1339,0
B7_E0_CORRECTED_UNGATED,2275,ACTIVE_PRE,1.387635441120144,1.9255321174526965,True,2,0.8911281274450666,0.6055900606433848,1364,0
B7_E0_CORRECTED_UNGATED,2300,ACTIVE_PRE,0.24646023446202925,0.06074264717107843,True,2,0.7253546359489642,0.6107236277522173,1389,0
B7_E0_CORRECTED_UNGATED,2325,ACTIVE_PRE,0.7914215170652961,0.6263480176739347,True,2,0.4733722678233201,0.6053198923783036,1414,0
B7_E0_CORRECTED_UNGATED,2350,ACTIVE_PRE,0.6356844311468737,0.4040946960025244,True,2,0.7668625280371378,0.606099736136198,1439,0
B7_E0_CORRECTED_UNGATED,2375,ACTIVE_PRE,0.6063351262027095,0.3676422852672556,True,2,0.9612755178367749,0.6114139952489299,1464,0
B7_E0_CORRECTED_UNGATED,2400,ACTIVE_PRE,0.37730742356213554,0.14236089187509676,True,2,0.8862961487623213,0.6145723058088622,1489,0
B7_E0_CORRECTED_UNGATED,2425,ACTIVE_PRE,0.27260306942276147,0.07431243345871091,True,2,0.9696718534974796,0.6304154703271805,1514,0
B7_E0_CORRECTED_UNGATED,2450,ACTIVE_PRE,1.3415091055190826,1.7996466801906092,True,2,0.6476255263127482,0.6249989122779804,1539,0
B7_E0_CORRECTED_UNGATED,2475,ACTIVE_PRE,0.24280856396208772,0.058955998733331245,True,2,0.7506278950758073,0.6209365468592531,1564,0
B7_E0_CORRECTED_UNGATED,2500,ACTIVE_PRE,0.6585112057166501,0.4336370080543963,True,2,0.5940090882495581,0.6143489731289206,1589,0
B7_E0_CORRECTED_UNGATED,2525,ACTIVE_PRE,0.3584647140608155,0.1284969512267022,True,2,0.9271828037243764,0.6190656500866825,1614,0
B7_E0_CORRECTED_UNGATED,2550,ACTIVE_PRE,0.7825708171261132,0.6124170838174325,True,2,0.926804643548202,0.6221229904031593,1639,0
B7_E0_CORRECTED_UNGATED,2575,ACTIVE_PRE,0.389390972948075,0.15162532981344848,True,2,0.6197987834611861,0.610734627436058,1664,0
B7_E0_CORRECTED_UNGATED,2600,ACTIVE_PRE,0.26852567607467404,0.07210603871136077,True,2,0.8989124024603118,0.62770806403872,1689,0
B7_E0_CORRECTED_UNGATED,2625,ACTIVE_PRE,0.01165683344167201,0.0001358817658868829,True,2,0.7161117872227132,0.6265707241596181,1714,0
B7_E0_CORRECTED_UNGATED,2650,ACTIVE_PRE,1.138700293797833,1.2966383590952713,True,2,0.7530467003242188,0.6213390671793549,1739,0
B7_E0_CORRECTED_UNGATED,2675,ACTIVE_PRE,0.92844809964806,0.8620158737400939,True,2,0.7290312118065949,0.6267538539835148,1764,0
B7_E0_CORRECTED_UNGATED,2700,ACTIVE_PRE,1.149718473298205,1.3218525678431556,True,2,0.6579188005243692,0.6459047522680755,1789,0
B7_E0_CORRECTED_UNGATED,2725,ACTIVE_PRE,0.36164430701599976,0.13078660479708268,True,2,0.6693731154799133,0.6375335125394673,1814,0
B7_E0_CORRECTED_UNGATED,2750,ACTIVE_PRE,0.8611134659999318,0.7415164013264156,True,2,0.6848195368517954,0.6298150856896846,1839,0
B7_E0_CORRECTED_UNGATED,2775,ACTIVE_PRE,0.16788350790036116,0.02818487222493063,True,2,0.9389639896027733,0.6340049105402973,1864,0
B7_E0_CORRECTED_UNGATED,2800,ACTIVE_PRE,0.6914489240006245,0.4781016145016214,True,2,0.8270893978552262,0.636713775648055,1889,0
B7_E0_CORRECTED_UNGATED,2825,ACTIVE_PRE,0.13246103705651013,0.01754592633808615,True,2,0.6861121203703974,0.640826880548504,1914,0
B7_E0_CORRECTED_UNGATED,2850,ACTIVE_PRE,0.07846648074505203,0.00615698860051362,True,2,1.0361526489907358,0.6632686367286782,1939,0
B7_E0_CORRECTED_UNGATED,2875,ACTIVE_PRE,0.433844148552717,0.188220745233432,True,2,0.7066363254421733,0.6566935631587498,1964,0
B7_E0_CORRECTED_UNGATED,2900,ACTIVE_PRE,0.05329376680164044,0.002840225579907633,True,2,0.7066912790473786,0.6500806023505364,1989,0
B7_E0_CORRECTED_UNGATED,2925,ACTIVE_PRE,0.9470915766357524,0.8969824545343952,True,2,0.6866013200172404,0.6467476198821791,2014,0
B7_E0_CORRECTED_UNGATED,2950,ACTIVE_PRE,0.6415371099467908,0.41156986343888075,True,2,0.7786516687195011,0.6585208418950611,2039,0
B7_E0_CORRECTED_UNGATED,2975,ACTIVE_PRE,0.33302715139858685,0.11090708356865729,True,2,1.0884717465874214,0.6644800159909863,2064,0
B7_E0_CORRECTED_UNGATED,2998,ACTIVE_PRE,0.3716658684095344,0.13813551774061336,True,2,1.1171382026259817,0.6655124337240845,2087,0
B7_E0_CORRECTED_UNGATED,2999,ACTIVE_PRE,1.091310391852446,1.1909583713651393,True,2,1.109695089333391,0.6646493819838819,2088,0
B7_E0_CORRECTED_UNGATED,3000,SILENCE,0.4033050302394845,0.1626549474164715,True,2,1.0910632089495522,0.6638734961709568,2089,0
B7_E0_CORRECTED_UNGATED,3001,SILENCE,0.08892442677124368,0.00790755367659428,True,2,1.081366700936422,0.6651199596290236,2090,0
B7_E0_CORRECTED_UNGATED,3025,SILENCE,1.0857140433814865,1.1787749839957762,True,2,0.9185193670390688,0.6509756637181517,2114,0
B7_E0_CORRECTED_UNGATED,3050,SILENCE,1.022932656686163,1.0463912201150114,True,2,0.9178111670795955,0.6348798644227199,2139,0
B7_E0_CORRECTED_UNGATED,3075,SILENCE,1.0847748578250922,1.176736492169449,True,2,0.9194918554816676,0.6192356196248022,2164,0
B7_E0_CORRECTED_UNGATED,3100,SILENCE,0.20255955470935738,0.041030373204053144,True,2,0.91911059055257,0.6039309496489692,2189,0
B7_E0_CORRECTED_UNGATED,3125,SILENCE,0.3190980608958128,0.10182357246746784,True,2,0.9212367023526369,0.5890614449331457,2214,0
B7_E0_CORRECTED_UNGATED,3150,SILENCE,0.1069418785208103,0.011436565381559748,True,2,0.9210758932023058,0.5745075045609204,2239,0
B7_E0_CORRECTED_UNGATED,3175,SILENCE,0.055214249786751345,0.003048613379513771,True,2,0.9228399824057839,0.5603569021606831,2264,0
B7_E0_CORRECTED_UNGATED,3200,SILENCE,0.5801091680755525,0.3365266468853096,True,2,0.9219271558059469,0.5464948076183981,2289,0
B7_E0_CORRECTED_UNGATED,3225,SILENCE,0.7008942837577878,0.49125279700434243,True,2,0.9218015173665174,0.5329934037559059,2314,0
B7_E0_CORRECTED_UNGATED,3250,SILENCE,0.8499723767433855,0.7224530412267998,True,2,0.9223486015081929,0.5198407867812225,2339,0
B7_E0_CORRECTED_UNGATED,3275,SILENCE,0.9891793873449701,0.9784758603481705,True,2,0.9237718970895668,0.5070327851467885,2364,0
B7_E0_CORRECTED_UNGATED,3300,SILENCE,0.6709474552996199,0.45017048777303537,True,2,0.922469904532455,0.4944788411423473,2389,0
B7_E0_CORRECTED_UNGATED,3325,SILENCE,0.732033271640171,0.5358727107882123,True,2,0.9205610078230128,0.4822218816318264,2414,0
B7_E0_CORRECTED_UNGATED,3350,SILENCE,1.455219434182737,2.117663601623125,True,2,0.9186863086851393,0.4702681382912393,2439,0
B7_E0_CORRECTED_UNGATED,3375,SILENCE,0.09835317864376515,0.009673347749332381,True,2,0.9205087903948725,0.4586935677406749,2464,0
B7_E0_CORRECTED_UNGATED,3400,SILENCE,0.19227142724518492,0.03696830173490044,True,2,0.9193746737726699,0.44733774464911885,2489,0
B7_E0_CORRECTED_UNGATED,3425,SILENCE,0.7708457110335212,0.5942031102187748,True,2,0.91760911005385,0.43624786057438175,2514,0
B7_E0_CORRECTED_UNGATED,3450,SILENCE,0.4680296058052712,0.21905171191023753,True,2,0.9182909129033725,0.4254877350884287,2539,0
B7_E0_CORRECTED_UNGATED,3475,SILENCE,0.4320171223693591,0.18663879402030178,True,2,0.9182138448790748,0.41497637495945694,2564,0
B7_E0_CORRECTED_UNGATED,3500,SILENCE,0.7834579014228453,0.6138062833018888,True,2,0.9173053772833502,0.4047060048794307,2589,0
B7_E0_CORRECTED_UNGATED,3525,SILENCE,0.40384416963746195,0.16309011335017115,True,2,0.9141049204424999,0.3946375661894545,2614,0
B7_E0_CORRECTED_UNGATED,3550,SILENCE,1.1472669736730696,1.316221508880964,True,2,0.9118899183015134,0.38484002275689483,2639,0
B7_E0_CORRECTED_UNGATED,3575,SILENCE,0.715934759102865,0.5125625792916773,True,1,0.9117109326629612,0.37533039186745626,2664,0
B7_E0_CORRECTED_UNGATED,3600,SILENCE,0.7025335511564132,0.4935533905004407,True,1,0.9135557918941433,0.36610155872418726,2689,0
B7_E0_CORRECTED_UNGATED,3625,SILENCE,0.5524497129808044,0.3052006853725731,True,1,0.9135292106012718,0.35705833817103966,2714,0
B7_E0_CORRECTED_UNGATED,3650,SILENCE,0.26962773859492983,0.07269911741981581,True,1,0.9148838786196657,0.34826981127638557,2739,0
B7_E0_CORRECTED_UNGATED,3675,SILENCE,0.9585535893917585,0.918824983735824,True,1,0.9166731717309375,0.33970838503807677,2764,0
B7_E0_CORRECTED_UNGATED,3700,SILENCE,0.4801340366581777,0.23052869315767635,True,1,0.9155402071557648,0.33129214883612956,2789,0
B7_E0_CORRECTED_UNGATED,3725,SILENCE,0.7369588289770711,0.5431083156072559,True,1,0.915549555816386,0.32310926544021296,2814,0
B7_E0_CORRECTED_UNGATED,3750,SILENCE,0.5386001969268779,0.29009017212967164,True,1,0.9182547074679965,0.31518999571010975,2839,0
B7_E0_CORRECTED_UNGATED,3775,SILENCE,0.13357093651043178,0.0178411950802738,True,1,0.9188084606758354,0.3074172175915819,2864,0
B7_E0_CORRECTED_UNGATED,3800,SILENCE,1.264237973670727,1.5982976540710658,True,1,0.9159909518853023,0.29976005549617263,2889,0
B7_E0_CORRECTED_UNGATED,3825,SILENCE,0.18458972085790581,0.03407336504639959,True,1,0.9164037037521573,0.292365550575658,2914,0
B7_E0_CORRECTED_UNGATED,3850,SILENCE,0.16294598760065349,0.02655139487515232,True,1,0.9133647138864026,0.2850752670510973,2939,0
B7_E0_CORRECTED_UNGATED,3875,SILENCE,0.16137380805133142,0.026041505924987957,True,1,0.9125640714194163,0.27801554788741356,2964,0
B7_E0_CORRECTED_UNGATED,3900,SILENCE,0.978010085068879,0.9565037264964359,True,1,0.9126449109137459,0.27115029216394027,2989,0
B7_E0_CORRECTED_UNGATED,3925,SILENCE,0.7806577127602636,0.6094264644920863,True,1,0.9120380158426583,0.2644393132655191,3014,0
B7_E0_CORRECTED_UNGATED,3950,SILENCE,0.34565691598130044,0.1194787035657038,True,1,0.9136974782036166,0.25794515079295255,3039,0
B7_E0_CORRECTED_UNGATED,3975,SILENCE,0.8498662906806898,0.7222727120353547,True,1,0.9154681160693479,0.25161412958583446,3064,0
B7_E0_CORRECTED_UNGATED,4000,SILENCE,1.1350591906384815,1.2883593662528847,True,1,0.9154901417787666,0.24540008535939817,3089,0
B7_E0_CORRECTED_UNGATED,4025,SILENCE,0.3334339128535683,0.11117817424084099,True,1,0.9128233159620238,0.2392784991434939,3114,0
B7_E0_CORRECTED_UNGATED,4050,SILENCE,0.4371383326700028,0.19108992188951004,True,1,0.9137201590441205,0.23338870919742782,3139,0
B7_E0_CORRECTED_UNGATED,4075,SILENCE,0.22229550197771664,0.04941529019952502,True,1,0.9115599107240485,0.22757543915995318,3164,0
B7_E0_CORRECTED_UNGATED,4100,SILENCE,0.17890712186339558,0.032007758253443874,True,1,0.9102267355308021,0.22192447760004647,3189,0
B7_E0_CORRECTED_UNGATED,4125,SILENCE,0.7937902502231126,0.6301029613492717,True,1,0.9110994830221104,0.2164625445719287,3214,0
B7_E0_CORRECTED_UNGATED,4150,SILENCE,0.0031190305333560764,9.72835146800749e-06,True,1,0.9107380059635861,0.2111079424178886,3239,0
B7_E0_CORRECTED_UNGATED,4175,SILENCE,0.2443798407087586,0.059721506544838224,True,1,0.9115020221779525,0.20591121131325452,3264,0
B7_E0_CORRECTED_UNGATED,4200,SILENCE,0.37262331262493903,0.13884813311158303,True,1,0.9110635759488496,0.20081516725362136,3289,0
B7_E0_CORRECTED_UNGATED,4225,SILENCE,0.7028612594022337,0.49401394996849396,True,1,0.912320173522683,0.19588389303023512,3314,0
B7_E0_CORRECTED_UNGATED,4250,SILENCE,0.22949528991512957,0.05266808809322938,True,1,0.9104760974596116,0.1910041367136344,3339,0
B7_E0_CORRECTED_UNGATED,4275,SILENCE,1.5871267477816628,2.518971313523998,True,1,0.911814076237538,0.1863167428899283,3364,0
B7_E0_CORRECTED_UNGATED,4300,SILENCE,0.5910115356662926,0.3492946352906295,True,1,0.913175419223186,0.18174604639952666,3389,0
B7_E0_CORRECTED_UNGATED,4325,SILENCE,1.3576110086920719,1.8431076509219049,True,1,0.9144389886816715,0.17728629668983803,3414,0
B7_E0_CORRECTED_UNGATED,4350,SILENCE,0.4446242395997725,0.1976907144396759,True,1,0.9142669699275557,0.17290383784601784,3439,0
B7_E0_CORRECTED_UNGATED,4375,SILENCE,0.15586970668856936,0.024295365463180646,True,1,0.9147283817130444,0.16864357785059542,3464,0
B7_E0_CORRECTED_UNGATED,4400,SILENCE,0.2659862280672043,0.07074867352141881,True,1,0.9174299581903183,0.1645395751726279,3489,0
B7_E0_CORRECTED_UNGATED,4425,SILENCE,0.5966137504100133,0.3559479671783016,True,1,0.9168242484852923,0.16046173691805765,3514,0
B7_E0_CORRECTED_UNGATED,4450,SILENCE,0.230135128310946,0.05296217728269559,True,1,0.9173422229811218,0.1565100723463017,3539,0
B7_E0_CORRECTED_UNGATED,4475,SILENCE,1.4421738724252129,2.0798654783059343,True,1,0.9175960890982203,0.15265055642428224,3564,0
B7_E0_CORRECTED_UNGATED,4500,SILENCE,1.3840335593177138,1.9155488933176594,True,1,0.9169673852722021,0.14886678324173078,3589,0
B7_E0_CORRECTED_UNGATED,4525,SILENCE,0.9572994931869626,0.9164223196560155,True,1,0.9167090797140567,0.14518416961275038,3614,0
B7_E0_CORRECTED_UNGATED,4550,SILENCE,0.15431347863310507,0.023812649687849775,True,1,0.9172907600714324,0.141611502739827,3639,0
B7_E0_CORRECTED_UNGATED,4575,SILENCE,1.211041018249206,1.4666203478820736,True,1,0.9176548849331367,0.1381221924918494,3664,0
B7_E0_CORRECTED_UNGATED,4600,SILENCE,0.015058408886676094,0.00022675567819832558,True,1,0.918576471305401,0.13473214567280725,3689,0
B7_E0_CORRECTED_UNGATED,4625,SILENCE,0.06725158722130675,0.00452277598378503,True,1,0.9193422171752108,0.1314221308386595,3714,0
B7_E0_CORRECTED_UNGATED,4650,SILENCE,0.35700045788144275,0.12744932692755978,True,1,0.9192046822811457,0.12817323654181742,3739,0
B7_E0_CORRECTED_UNGATED,4675,SILENCE,0.40070780363580916,0.16056674389463418,True,1,0.9203646316660257,0.1250337561227873,3764,0
B7_E0_CORRECTED_UNGATED,4700,SILENCE,0.21826146337149024,0.04763806639306438,True,1,0.9210492017829036,0.1219612247025947,3789,0
B7_E0_CORRECTED_UNGATED,4725,SILENCE,0.5317857929288956,0.28279612956101424,True,1,0.9209025862051229,0.11894575897363198,3814,0
B7_E0_CORRECTED_UNGATED,4750,SILENCE,0.3867561981480225,0.14958035680591242,True,1,0.9203042779372593,0.11599489680904687,3839,0
B7_E0_CORRECTED_UNGATED,4775,SILENCE,0.22575904300437713,0.0509671454982522,True,1,0.9227135478496964,0.11318520126450518,3864,0
B7_E0_CORRECTED_UNGATED,4800,SILENCE,0.7120959400499688,0.5070806278356488,True,1,0.9203681483159184,0.11033695129323241,3889,0
B7_E0_CORRECTED_UNGATED,4825,SILENCE,1.0166790637992362,1.0336363187676914,True,1,0.9228717916717164,0.10766913368171567,3914,0
B7_E0_CORRECTED_UNGATED,4850,SILENCE,0.11755589305393896,0.013819387991709134,True,1,0.9225739414498277,0.10500321166151372,3939,0
B7_E0_CORRECTED_UNGATED,4875,SILENCE,0.1402055499009538,0.019657596223028845,True,1,0.9225819266283144,0.10241081767821032,3964,0
B7_E0_CORRECTED_UNGATED,4900,SILENCE,0.5957955295463274,0.3549723130273887,True,1,0.9205604454403402,0.09983581346522362,3989,0
B7_E0_CORRECTED_UNGATED,4925,SILENCE,0.2190785205142552,0.047995398150714935,True,1,0.920933993108165,0.09737873769108622,4014,0
B7_E0_CORRECTED_UNGATED,4950,SILENCE,0.886793590582393,0.786402872298013,True,1,0.9206655356111493,0.09496767270568347,4039,0
B7_E0_CORRECTED_UNGATED,4975,SILENCE,0.2344809057559559,0.05498129516413347,True,1,0.9196499581218557,0.09259922524349225,4064,0
B7_E0_CORRECTED_UNGATED,5000,SILENCE,0.2744781980500661,0.07533828120481133,True,1,0.9208687008341678,0.09034031701305716,4089,0
B7_E0_CORRECTED_UNGATED,5025,SILENCE,0.29087017897225576,0.08460546101535209,True,1,0.9224501379928229,0.0881454165166977,4114,0
B7_E0_CORRECTED_UNGATED,5050,SILENCE,0.5625392114659176,0.31645036443669633,True,1,0.9249599900825247,0.08602618626415667,4139,0
B7_E0_CORRECTED_UNGATED,5075,SILENCE,0.38225365067279626,0.14611785345268016,True,1,0.9246846868957969,0.08389556884112244,4164,0
B7_E0_CORRECTED_UNGATED,5100,SILENCE,0.23046384241779933,0.05311358266197624,True,1,0.9225016561935864,0.08177361245894021,4189,0
B7_E0_CORRECTED_UNGATED,5125,SILENCE,0.13331225145697118,0.017772156388526715,True,1,0.9208041473243359,0.07971565234082556,4214,0
B7_E0_CORRECTED_UNGATED,5150,SILENCE,0.17023631211141832,0.028980401961296233,True,1,0.9211248061257582,0.07775454053456367,4239,0
B7_E0_CORRECTED_UNGATED,5175,SILENCE,0.6073737664050969,0.3689028921171132,True,1,0.9231322809430712,0.0758797785128536,4264,0
B7_E0_CORRECTED_UNGATED,5200,SILENCE,0.19409901038372013,0.037674425831939494,True,1,0.9240929883314934,0.07402791917579238,4289,0
B7_E0_CORRECTED_UNGATED,5225,SILENCE,1.3529370360079036,1.8304386234018515,True,1,0.9220499800905527,0.07215280328913615,4314,0
B7_E0_CORRECTED_UNGATED,5250,SILENCE,0.5920850591029826,0.3505647172129824,True,1,0.9209185400531369,0.07034560847926302,4339,0
B7_E0_CORRECTED_UNGATED,5275,SILENCE,0.3595281493457261,0.12926049017196273,True,1,0.9201015396032347,0.06858992834375927,4364,0
B7_E0_CORRECTED_UNGATED,5300,SILENCE,0.8100452740907848,0.6561733460768145,True,1,0.9214942197718985,0.06692756124574034,4389,0
B7_E0_CORRECTED_UNGATED,5325,SILENCE,0.33073643126319124,0.10938658696471162,True,1,0.9233991631105883,0.06531822461965263,4414,0
B7_E0_CORRECTED_UNGATED,5350,SILENCE,0.48505502770946934,0.23527837990623407,True,1,0.9214992368738193,0.06366215888005387,4439,0
B7_E0_CORRECTED_UNGATED,5375,SILENCE,0.13379434621287642,0.01790092707853104,True,1,0.9206988810326212,0.06207207646207872,4464,0
B7_E0_CORRECTED_UNGATED,5400,SILENCE,0.9884722214664032,0.9770773326107262,True,1,0.9191860589835258,0.06050518596953474,4489,0
B7_E0_CORRECTED_UNGATED,5425,SILENCE,0.08917238615080285,0.007951714451827895,True,1,0.9192679330992768,0.059013280626593057,4514,0
B7_E0_CORRECTED_UNGATED,5450,SILENCE,0.07458691643054607,0.005563208102617264,True,1,0.9186770795534724,0.057542682596750334,4539,0
B7_E0_CORRECTED_UNGATED,5475,SILENCE,0.16161837296943327,0.026120498481286836,True,1,0.9177291363620811,0.05610001244080162,4564,0
B7_E0_CORRECTED_UNGATED,5500,SILENCE,0.9973894459037891,0.9947857068002675,True,1,0.91786962376392,0.054718344907183386,4589,0
B7_E0_CORRECTED_UNGATED,5525,SILENCE,0.2296552753127886,0.05274154547899273,True,1,0.9180865217291726,0.05337244990230617,4614,0
B7_E0_CORRECTED_UNGATED,5550,SILENCE,0.2738424985892137,0.07498971403358352,True,1,0.9172260006127747,0.05203486312977911,4639,0
B7_E0_CORRECTED_UNGATED,5575,SILENCE,0.1244883018695819,0.015497337302372148,True,1,0.915187001330465,0.0507038331938246,4664,0
B7_E0_CORRECTED_UNGATED,5600,SILENCE,0.29449473236740564,0.08672714739214987,False,0,0.0,0.0,0,0
B7_E0_CORRECTED_UNGATED,5625,SILENCE,0.19901644328688106,0.03960754469856034,False,0,0.0,0.0,0,0
B7_E0_CORRECTED_UNGATED,5650,SILENCE,1.2035900253648784,1.4486289491578286,False,0,0.0,0.0,0,0
B7_E0_CORRECTED_UNGATED,5675,SILENCE,1.0905564290490846,1.189313324940291,False,0,0.0,0.0,0,0
B7_E0_CORRECTED_UNGATED,5700,SILENCE,0.8013332490449355,0.6421349760249127,False,0,0.0,0.0,0,0
B7_E0_CORRECTED_UNGATED,5725,SILENCE,0.561973806873891,0.3158145596123333,False,0,0.0,0.0,0,0
B7_E0_CORRECTED_UNGATED,5750,SILENCE,1.5654020571424152,2.4504836005057054,False,0,0.0,0.0,0,0
B7_E0_CORRECTED_UNGATED,5775,SILENCE,0.2437005906688936,0.059389977892367635,False,0,0.0,0.0,0,0
B7_E0_CORRECTED_UNGATED,5800,SILENCE,0.32955929518484106,0.1086093290427292,False,0,0.0,0.0,0,0
B7_E0_CORRECTED_UNGATED,5825,SILENCE,0.26832663954481945,0.07199918548941546,False,0,0.0,0.0,0,0
B7_E0_CORRECTED_UNGATED,5850,SILENCE,0.002550776808058347,6.50646232452833e-06,False,0,0.0,0.0,0,0
B7_E0_CORRECTED_UNGATED,5875,SILENCE,0.37485646352422564,0.14051736824588912,False,0,0.0,0.0,0,0
B7_E0_CORRECTED_UNGATED,5900,SILENCE,0.42948480058407407,0.18445719393274188,False,0,0.0,0.0,0,0
B7_E0_CORRECTED_UNGATED,5925,SILENCE,0.5545713171638383,0.3075493458208346,False,0,0.0,0.0,0,0
B7_E0_CORRECTED_UNGATED,5950,SILENCE,0.5717940691825579,0.32694845755234786,False,0,0.0,0.0,0,0
B7_E0_CORRECTED_UNGATED,5975,SILENCE,0.00018699503887429497,3.496714456359909e-08,False,0,0.0,0.0,0,0
B7_E0_CORRECTED_UNGATED,6000,SILENCE,0.30042263154404797,0.0902537575438508,False,0,0.0,0.0,0,0
B7_E0_CORRECTED_UNGATED,6025,SILENCE,0.2665193727034627,0.07103257602624727,False,0,0.0,0.0,0,0
B7_E0_CORRECTED_UNGATED,6050,SILENCE,1.0926205486732221,1.193819663382973,False,0,0.0,0.0,0,0
B7_E0_CORRECTED_UNGATED,6075,SILENCE,0.10277393303937853,0.010562481312382662,False,0,0.0,0.0,0,0
B7_E0_CORRECTED_UNGATED,6100,SILENCE,0.23567257736144592,0.05554156372018671,False,0,0.0,0.0,0,0
B7_E0_CORRECTED_UNGATED,6125,SILENCE,0.8879018631255318,0.7883697185417905,False,0,0.0,0.0,0,0
B7_E0_CORRECTED_UNGATED,6150,SILENCE,0.3704660863644347,0.13724512114618076,False,0,0.0,0.0,0,0
B7_E0_CORRECTED_UNGATED,6175,SILENCE,0.3100334784592672,0.0961207577655529,False,0,0.0,0.0,0,0
B7_E0_CORRECTED_UNGATED,6200,SILENCE,0.26608593867133234,0.07080172675860404,False,0,0.0,0.0,0,0
B7_E0_CORRECTED_UNGATED,6225,SILENCE,0.936316487792059,0.8766885653112569,False,0,0.0,0.0,0,0
B7_E0_CORRECTED_UNGATED,6250,SILENCE,0.9302310650803578,0.8653298344405369,False,0,0.0,0.0,0,0
B7_E0_CORRECTED_UNGATED,6275,SILENCE,1.2777316916009773,1.632598275721495,False,0,0.0,0.0,0,0
B7_E0_CORRECTED_UNGATED,6300,SILENCE,0.7699583697050454,0.5928358910788514,False,0,0.0,0.0,0,0
B7_E0_CORRECTED_UNGATED,6325,SILENCE,0.777179129592973,0.6040073994748911,False,0,0.0,0.0,0,0
B7_E0_CORRECTED_UNGATED,6350,SILENCE,0.3837966742523305,0.14729988716714948,False,0,0.0,0.0,0,0
B7_E0_CORRECTED_UNGATED,6375,SILENCE,0.517064100795505,0.26735528433146416,False,0,0.0,0.0,0,0
B7_E0_CORRECTED_UNGATED,6400,SILENCE,0.6871628018266834,0.4721927162142978,False,0,0.0,0.0,0,0
B7_E0_CORRECTED_UNGATED,6425,SILENCE,0.7926143306208278,0.6282374771055028,False,0,0.0,0.0,0,0
B7_E0_CORRECTED_UNGATED,6450,SILENCE,0.38360692940818547,0.1471542762899766,False,0,0.0,0.0,0,0
B7_E0_CORRECTED_UNGATED,6475,SILENCE,0.6636840841804733,0.44047656359447357,False,0,0.0,0.0,0,0
B7_E0_CORRECTED_UNGATED,6500,SILENCE,0.6003764939038887,0.3604519344323261,False,0,0.0,0.0,0,0
B7_E0_CORRECTED_UNGATED,6525,SILENCE,0.510702291251062,0.2608168302890846,False,0,0.0,0.0,0,0
B7_E0_CORRECTED_UNGATED,6550,SILENCE,0.08274973202178015,0.006847518149676428,False,0,0.0,0.0,0,0
B7_E0_CORRECTED_UNGATED,6575,SILENCE,0.7390755099664803,0.546232609432213,False,0,0.0,0.0,0,0
B7_E0_CORRECTED_UNGATED,6600,SILENCE,0.4622407490796566,0.21366651010972207,False,0,0.0,0.0,0,0
B7_E0_CORRECTED_UNGATED,6625,SILENCE,0.19328236065780677,0.03735807094145449,False,0,0.0,0.0,0,0
B7_E0_CORRECTED_UNGATED,6650,SILENCE,0.12838869855082077,0.01648365791557353,False,0,0.0,0.0,0,0
B7_E0_CORRECTED_UNGATED,6675,SILENCE,0.9769203186283979,0.9543733089490105,False,0,0.0,0.0,0,0
B7_E0_CORRECTED_UNGATED,6686,SILENCE,0.338685467750813,0.11470784606558698,False,0,0.0,0.0,0,0
B7_E0_CORRECTED_UNGATED,6687,SILENCE,0.3491989897164186,0.12193993441896743,False,0,0.0,0.0,0,0
B7_E0_CORRECTED_UNGATED,6688,SILENCE,0.3432134654934227,0.11779548289600485,False,0,0.0,0.0,0,0
B7_E0_CORRECTED_UNGATED,6700,SILENCE,0.18535556947318962,0.034356687134730425,False,0,0.0,0.0,0,0
B7_E0_CORRECTED_UNGATED,6725,SILENCE,0.2543961130392559,0.06471738232948188,False,0,0.0,0.0,0,0
B7_E0_CORRECTED_UNGATED,6750,SILENCE,0.751719683982663,0.5650824832869947,False,0,0.0,0.0,0,0
B7_E0_CORRECTED_UNGATED,6775,SILENCE,0.24302245741116843,0.059059914806163176,False,0,0.0,0.0,0,0
B7_E0_CORRECTED_UNGATED,6800,SILENCE,0.7267580085868188,0.5281772030450786,False,0,0.0,0.0,0,0
B7_E0_CORRECTED_UNGATED,6825,SILENCE,0.42545072613504736,0.18100832036883907,False,0,0.0,0.0,0,0
B7_E0_CORRECTED_UNGATED,6850,SILENCE,1.9485811245559312,3.7969683989756575,False,0,0.0,0.0,0,0
B7_E0_CORRECTED_UNGATED,6875,SILENCE,0.8415238549080141,0.7081623983792443,False,0,0.0,0.0,0,0
B7_E0_CORRECTED_UNGATED,6900,SILENCE,0.6867700027122523,0.47165303662538705,False,0,0.0,0.0,0,0
B7_E0_CORRECTED_UNGATED,6925,SILENCE,0.4015848689485987,0.16127040696846318,False,0,0.0,0.0,0,0
B7_E0_CORRECTED_UNGATED,6950,SILENCE,0.9626536916919348,0.9267021301281106,False,0,0.0,0.0,0,0
B7_E0_CORRECTED_UNGATED,6975,SILENCE,0.5917701301830773,0.3501918869768963,False,0,0.0,0.0,0,0
B7_E0_CORRECTED_UNGATED,6998,SILENCE,1.0020190802057307,1.0040422370963387,False,0,0.0,0.0,0,0
B7_E0_CORRECTED_UNGATED,6999,SILENCE,0.3083328617586226,0.09506915364026189,False,0,0.0,0.0,0,0
B7_E0_CORRECTED_UNGATED,7000,ACTIVE_POST,0.008107301001338817,6.572832952630939e-05,False,0,0.0,0.0,0,0
B7_E0_CORRECTED_UNGATED,7001,ACTIVE_POST,0.3897071436438287,0.15187165780703174,False,0,0.0,0.0,0,0
B7_E0_CORRECTED_UNGATED,7025,ACTIVE_POST,0.8389200047064697,0.7037867742967031,False,0,0.0,0.0,0,0
B7_E0_CORRECTED_UNGATED,7050,ACTIVE_POST,0.0933791086043893,0.008719657923750332,False,0,0.0,0.0,0,0
B7_E0_CORRECTED_UNGATED,7075,ACTIVE_POST,1.5557044414376222,2.4202163091087443,False,0,0.0,0.0,0,0
B7_E0_CORRECTED_UNGATED,7100,ACTIVE_POST,0.09446226718427526,0.008923119921593408,False,0,0.0,0.0,0,0
B7_E0_CORRECTED_UNGATED,7125,ACTIVE_POST,0.7813022044764396,0.6104331347197443,False,0,0.0,0.0,0,0
B7_E0_CORRECTED_UNGATED,7150,ACTIVE_POST,0.22705572577796784,0.051554302608559734,False,0,0.0,0.0,0,0
B7_E0_CORRECTED_UNGATED,7175,ACTIVE_POST,0.2859205765007022,0.08175057606649389,False,0,0.0,0.0,0,0
B7_E0_CORRECTED_UNGATED,7200,ACTIVE_POST,0.5620800283018057,0.3159339582157587,False,0,0.0,0.0,0,0
B7_E0_CORRECTED_UNGATED,7225,ACTIVE_POST,0.04719812631261622,0.002227663127421675,False,0,0.0,0.0,0,0
B7_E0_CORRECTED_UNGATED,7250,ACTIVE_POST,1.720451700029849,2.9599540521355974,False,2,0.0,0.0,0,0
B7_E0_CORRECTED_UNGATED,7275,ACTIVE_POST,1.3181626592880287,1.7375527963412876,False,2,0.0,0.0,0,0
B7_E0_CORRECTED_UNGATED,7300,ACTIVE_POST,0.11354778071020433,0.01289309850421265,False,2,0.0,0.0,0,0
B7_E0_CORRECTED_UNGATED,7325,ACTIVE_POST,0.35155253001568965,0.12358918136043237,True,2,0.6489252370505167,0.40576249933335007,14,0
B7_E0_CORRECTED_UNGATED,7350,ACTIVE_POST,0.35373629661344386,0.12512936754179432,True,2,0.8107387986650181,0.41691864564096925,39,0
B7_E0_CORRECTED_UNGATED,7375,ACTIVE_POST,0.8927886391078681,0.7970715541200791,True,2,0.8585275647025415,0.4239825411781816,64,0
B7_E0_CORRECTED_UNGATED,7400,ACTIVE_POST,0.23745996898400723,0.05638723686988568,True,2,0.7330145931535051,0.43288775923902734,89,0
B7_E0_CORRECTED_UNGATED,7425,ACTIVE_POST,0.2962708872176719,0.08777643861274648,True,2,0.49043918770531025,0.42850329800879816,114,0
B7_E0_CORRECTED_UNGATED,7450,ACTIVE_POST,0.8979655955913148,0.8063422108656648,True,2,0.6601066444847707,0.44194571670824817,139,0
B7_E0_CORRECTED_UNGATED,7475,ACTIVE_POST,0.914428632454171,0.8361797238520055,True,2,0.5295372398856862,0.4485292592957993,164,0
B7_E0_CORRECTED_UNGATED,7500,ACTIVE_POST,1.0884277356919312,1.1846749358234645,True,2,0.5714345920732458,0.45135303864440934,189,0
B7_E0_CORRECTED_UNGATED,7525,ACTIVE_POST,0.9933958459193611,0.9868353066898431,True,2,0.5635874258524545,0.45243115156153335,214,0
B7_E0_CORRECTED_UNGATED,7550,ACTIVE_POST,0.9958869976983873,0.9917909121847076,True,2,0.47400115591291914,0.4526721775712346,239,0
B7_E0_CORRECTED_UNGATED,7575,ACTIVE_POST,0.6241226952851778,0.3895291387700349,True,2,0.7906666238977239,0.456328425551164,264,0
B7_E0_CORRECTED_UNGATED,7600,ACTIVE_POST,0.5466193698254244,0.29879273546834406,True,2,0.6554789159282158,0.46868428720339234,289,0
B7_E0_CORRECTED_UNGATED,7625,ACTIVE_POST,0.537006804682714,0.28837630827553856,True,2,0.641041807865348,0.47986979013001674,314,0
B7_E0_CORRECTED_UNGATED,7650,ACTIVE_POST,0.34544199332302605,0.11933017075098558,True,2,0.7410703700329355,0.49627665132983484,339,0
B7_E0_CORRECTED_UNGATED,7675,ACTIVE_POST,1.2596278188632186,1.5866622420541094,True,2,0.5034360642544341,0.49320518854300616,364,0
B7_E0_CORRECTED_UNGATED,7700,ACTIVE_POST,0.4422387299926902,0.19557509430554756,True,2,0.5651986070627746,0.49198144973043745,389,0
B7_E0_CORRECTED_UNGATED,7725,ACTIVE_POST,0.4592721629345907,0.21093091964661725,True,2,0.40196610804659627,0.49647775884813306,414,0
B7_E0_CORRECTED_UNGATED,7750,ACTIVE_POST,1.364279360830415,1.8612581743878454,True,2,0.5902560291838741,0.5040635527323748,439,0
B7_E0_CORRECTED_UNGATED,7775,ACTIVE_POST,1.2058344208485867,1.4540366505032465,True,2,0.5767354724667386,0.5003867363117257,464,0
B7_E0_CORRECTED_UNGATED,7800,ACTIVE_POST,0.6230887657289925,0.3882396099776793,True,2,0.9276510426334883,0.5123670756234966,489,0
B7_E0_CORRECTED_UNGATED,7825,ACTIVE_POST,0.33175381003757165,0.11006059047444518,True,2,0.585450183460827,0.5165044560372921,514,0
B7_E0_CORRECTED_UNGATED,7850,ACTIVE_POST,0.20097290125927136,0.040390107040568834,True,2,0.6584316191533996,0.5181026354142428,539,0
B7_E0_CORRECTED_UNGATED,7875,ACTIVE_POST,1.107736544892779,1.2270802528909917,True,2,0.4561949307954835,0.512019737458664,564,0
B7_E0_CORRECTED_UNGATED,7900,ACTIVE_POST,0.8170191798842876,0.6675203402987939,True,2,0.9529443893457683,0.5242141586197304,589,0
B7_E0_CORRECTED_UNGATED,7925,ACTIVE_POST,0.29205890819231517,0.08529840585448718,True,2,0.6778734150128107,0.5235588637002767,614,0
B7_E0_CORRECTED_UNGATED,7950,ACTIVE_POST,0.09295962684188419,0.008641492222582356,True,2,0.8524286755948992,0.5293247267871335,639,0
B7_E0_CORRECTED_UNGATED,7975,ACTIVE_POST,0.23938644259778497,0.057305868899622595,True,2,0.8331541423685466,0.5353131205098185,664,0
B7_E0_CORRECTED_UNGATED,8000,ACTIVE_POST,0.250250812212243,0.0626254690128873,True,2,0.49949953005117137,0.5327567456037968,689,0
B7_E0_CORRECTED_UNGATED,8025,ACTIVE_POST,0.07593312870365693,0.005765840034726128,True,2,0.6251808934451287,0.5468855858351832,714,0
B7_E0_CORRECTED_UNGATED,8050,ACTIVE_POST,0.2710081758919559,0.07344543140028531,True,2,0.654542635633497,0.5446768405060726,739,0
B7_E0_CORRECTED_UNGATED,8075,ACTIVE_POST,0.4253020022305447,0.18088179310131025,True,2,0.6364257397859613,0.5424289004595496,764,0
B7_E0_CORRECTED_UNGATED,8100,ACTIVE_POST,0.5680105535252925,0.3226359889161092,True,2,0.6398727006744368,0.5427497488037236,789,0
B7_E0_CORRECTED_UNGATED,8125,ACTIVE_POST,0.8033203343790958,0.6453235596269422,True,2,0.7359613168375866,0.5530188094969865,814,0
B7_E0_CORRECTED_UNGATED,8150,ACTIVE_POST,0.8912158316473555,0.7942656585788875,True,2,0.39502850323750066,0.5528207370885282,839,0
B7_E0_CORRECTED_UNGATED,8175,ACTIVE_POST,0.9347878822467364,0.8738283847953383,True,2,0.8100953880284397,0.5659885641635581,864,0
B7_E0_CORRECTED_UNGATED,8200,ACTIVE_POST,0.3298464091972355,0.10879865366031014,True,2,0.7370447954371652,0.5712082516389853,889,0
B7_E0_CORRECTED_UNGATED,8225,ACTIVE_POST,0.772046067361575,0.5960551301284736,True,2,0.7085341160182006,0.5709812523813236,914,0
B7_E0_CORRECTED_UNGATED,8250,ACTIVE_POST,0.28804544021857553,0.08297017563071298,True,2,0.5594185524738869,0.56832296064195,939,0
B7_E0_CORRECTED_UNGATED,8275,ACTIVE_POST,0.8594511970816794,0.7386563601651317,True,2,0.587637266459631,0.5698954014917973,964,0
B7_E0_CORRECTED_UNGATED,8300,ACTIVE_POST,0.7945968278933946,0.631384118898245,True,2,0.9480469732981899,0.591727648063906,989,0
B7_E0_CORRECTED_UNGATED,8325,ACTIVE_POST,1.2482510473468806,1.5581306772025845,True,2,0.17822489401533836,0.5878553748618845,1014,0
B7_E0_CORRECTED_UNGATED,8350,ACTIVE_POST,0.09116296305645177,0.00831068583323199,True,2,0.7469896233773187,0.5974926806366678,1039,0
B7_E0_CORRECTED_UNGATED,8375,ACTIVE_POST,0.5409164911386168,0.29259065038571336,True,2,0.6925252519338014,0.5953731931942864,1064,0
B7_E0_CORRECTED_UNGATED,8400,ACTIVE_POST,0.9173447195725377,0.8415213345276179,True,2,0.633780166026465,0.5878785566680381,1089,0
B7_E0_CORRECTED_UNGATED,8425,ACTIVE_POST,0.3986110636493003,0.15889078006362656,True,2,0.6220415957079578,0.5935138129644747,1114,0
B7_E0_CORRECTED_UNGATED,8450,ACTIVE_POST,1.0808910896100987,1.1683255475985064,True,2,0.8002631587808973,0.6021242485690365,1139,0
B7_E0_CORRECTED_UNGATED,8475,ACTIVE_POST,0.08761301334395116,0.007676040107207365,True,2,0.653922954381068,0.6149423525929971,1164,0
B7_E0_CORRECTED_UNGATED,8500,ACTIVE_POST,0.9398039169398664,0.8832314022955153,True,2,0.43117842847278337,0.6168836624734965,1189,0
B7_E0_CORRECTED_UNGATED,8525,ACTIVE_POST,0.36041698586399906,0.1299004036992901,True,2,0.5741408684428843,0.6197210219129695,1214,0
B7_E0_CORRECTED_UNGATED,8550,ACTIVE_POST,0.14869156474507506,0.022109181426338848,True,2,0.6112795090821586,0.6195738788596752,1239,0
B7_E0_CORRECTED_UNGATED,8575,ACTIVE_POST,0.5259742659109942,0.2766489284006092,True,2,0.7595305649919935,0.6349676215980399,1264,0
B7_E0_CORRECTED_UNGATED,8600,ACTIVE_POST,0.5116113075890787,0.2617461300530069,True,2,0.59936663804811,0.6334858287330856,1289,0
B7_E0_CORRECTED_UNGATED,8625,ACTIVE_POST,0.34993623253158457,0.12245536683839922,True,2,0.7613194521334311,0.6353245987621235,1314,0
B7_E0_CORRECTED_UNGATED,8650,ACTIVE_POST,0.23723350004205312,0.05627973354220282,True,2,0.5901214377378837,0.632471084052354,1339,0
B7_E0_CORRECTED_UNGATED,8675,ACTIVE_POST,0.060521259047905396,0.0036628227967436706,True,2,0.7274355544553088,0.6409593289292811,1364,0
B7_E0_CORRECTED_UNGATED,8700,ACTIVE_POST,0.03826124313448159,0.001463922726195915,True,2,0.6569528709184403,0.6346468274034074,1389,0
B7_E0_CORRECTED_UNGATED,8725,ACTIVE_POST,0.6113930009809871,0.37380140164853737,True,2,0.7744076040500972,0.6404918050893076,1414,0
B7_E0_CORRECTED_UNGATED,8750,ACTIVE_POST,0.7875959576320305,0.6203073924783151,True,2,0.666146813007365,0.634613021097881,1439,0
B7_E0_CORRECTED_UNGATED,8775,ACTIVE_POST,0.6069023001274501,0.36833040189998945,True,2,0.5366237520405658,0.6283442856802367,1464,0
B7_E0_CORRECTED_UNGATED,8800,ACTIVE_POST,0.3137974547710224,0.09846884262077184,True,2,0.5274387403005957,0.6202554029194913,1489,0
B7_E0_CORRECTED_UNGATED,8825,ACTIVE_POST,0.4104686773526637,0.1684845350876451,True,2,0.7755647891096311,0.6316293302768867,1514,0
B7_E0_CORRECTED_UNGATED,8850,ACTIVE_POST,0.4075053838001343,0.16606063782609476,True,2,0.9696571598920453,0.6383460170407348,1539,0
B7_E0_CORRECTED_UNGATED,8875,ACTIVE_POST,1.2680998071855383,1.6080771209839992,True,2,0.4139355670018976,0.6393423922215403,1564,0
B7_E0_CORRECTED_UNGATED,8900,ACTIVE_POST,0.05586681552579699,0.0031211010769934314,True,2,0.6729790211143276,0.6341562402922601,1589,0
B7_E0_CORRECTED_UNGATED,8925,ACTIVE_POST,1.1767147880270314,1.3846576923615015,True,2,0.758440988898778,0.6395106348882433,1614,0
B7_E0_CORRECTED_UNGATED,8950,ACTIVE_POST,0.8507698168896569,0.7238092813304604,True,2,0.6579571201404849,0.6371898847647955,1639,0
B7_E0_CORRECTED_UNGATED,8975,ACTIVE_POST,0.15776943471203086,0.02489119452935377,True,2,0.7830401516812012,0.6363028096424703,1664,0
B7_E0_CORRECTED_UNGATED,9000,ACTIVE_POST,1.044595347577632,1.0911794401808337,True,2,0.6626663205299534,0.634710333864359,1689,0
B7_E0_CORRECTED_UNGATED,9025,ACTIVE_POST,1.412951173252007,1.9964310179942233,True,2,0.8184172220860342,0.6318338428138972,1714,0
B7_E0_CORRECTED_UNGATED,9050,ACTIVE_POST,0.08453357052023813,0.0071459245449000735,True,2,0.6945114536741223,0.6319507783566916,1739,0
B7_E0_CORRECTED_UNGATED,9075,ACTIVE_POST,1.4557951399939748,2.1193394896300766,True,2,0.6347462168856843,0.6263034156066729,1764,0
B7_E0_CORRECTED_UNGATED,9100,ACTIVE_POST,0.17679377067836324,0.03125603735067369,True,2,0.6361093455551163,0.6246243089912006,1789,0
B7_E0_CORRECTED_UNGATED,9125,ACTIVE_POST,0.3412215665715267,0.11643215749352682,True,2,0.5992337437647027,0.6243911120259685,1814,0
B7_E0_CORRECTED_UNGATED,9150,ACTIVE_POST,1.2498739236335483,1.562184824979121,True,2,0.6918441097207964,0.6203198949036884,1839,0
B7_E0_CORRECTED_UNGATED,9175,ACTIVE_POST,0.7673079780080433,0.5887615331147918,True,2,0.7190621612129563,0.6248497908208775,1864,0
B7_E0_CORRECTED_UNGATED,9200,ACTIVE_POST,0.5362546283886231,0.2875690264682203,True,2,0.7000377225245872,0.6240968227414685,1889,0
B7_E0_CORRECTED_UNGATED,9225,ACTIVE_POST,0.40381401431561814,0.16306575815769425,True,2,0.7347184958485228,0.6450369142303648,1914,0
B7_E0_CORRECTED_UNGATED,9250,ACTIVE_POST,0.7407550158556291,0.5487179935152733,True,2,0.5404171686411883,0.6397236453059516,1939,0
B7_E0_CORRECTED_UNGATED,9275,ACTIVE_POST,1.0481954580662856,1.0987137183107902,True,2,0.6799109949396198,0.63255345917453,1964,0
B7_E0_CORRECTED_UNGATED,9300,ACTIVE_POST,0.008886051458014216,7.896191051447656e-05,True,2,0.5300238431079726,0.6366869614500461,1989,0
B7_E0_CORRECTED_UNGATED,9325,ACTIVE_POST,0.008256004180201226,6.816160502350012e-05,True,2,0.7397040904075477,0.6418901015202304,2014,0
B7_E0_CORRECTED_UNGATED,9350,ACTIVE_POST,0.6046872784278077,0.365646704692429,True,2,0.9296515220178686,0.6401398806928171,2039,0
B7_E0_CORRECTED_UNGATED,9375,ACTIVE_POST,0.06198505767513662,0.0038421473749900136,True,2,0.6415967645298852,0.6352142142263377,2064,0
B7_E0_CORRECTED_UNGATED,9400,ACTIVE_POST,1.8069664732749111,3.26512783553957,True,2,0.6406465141943137,0.6340787658289389,2089,0
B7_E0_CORRECTED_UNGATED,9425,ACTIVE_POST,1.2332470927870656,1.5208983918677492,True,2,0.8632282077279174,0.6416586725388247,2114,0
B7_E0_CORRECTED_UNGATED,9450,ACTIVE_POST,0.71024873257477,0.504453262124067,True,2,0.7483113129603787,0.6410922721388945,2139,0
B7_E0_CORRECTED_UNGATED,9475,ACTIVE_POST,0.7667868475678649,0.5879620696030641,True,2,0.7141622650064504,0.6468765554789856,2164,0
B7_E0_CORRECTED_UNGATED,9500,ACTIVE_POST,0.08370966786904549,0.007007308494745907,True,2,0.518947450065519,0.6463272258110722,2189,0
B7_E0_CORRECTED_UNGATED,9525,ACTIVE_POST,0.4104533400871635,0.1684719443887087,True,2,0.6220775882055414,0.6553549259649178,2214,0
B7_E0_CORRECTED_UNGATED,9550,ACTIVE_POST,1.2317032609063923,1.5170929229274401,True,2,0.657547335060279,0.6492581213839991,2239,0
B7_E0_CORRECTED_UNGATED,9575,ACTIVE_POST,0.42019402014245766,0.17656301456348011,True,2,0.6325979391603264,0.6468311273187395,2264,0
B7_E0_CORRECTED_UNGATED,9600,ACTIVE_POST,0.012285455985482696,0.0001509324287712326,True,2,0.49906116715174814,0.6357683814927145,2289,0
B7_E0_CORRECTED_UNGATED,9625,ACTIVE_POST,0.9886525297952047,0.977433824670458,True,2,0.49653768806497317,0.6376146225449891,2314,0
B7_E0_CORRECTED_UNGATED,9650,ACTIVE_POST,2.705165560684577,7.317920710713902,True,2,0.6013222005212966,0.6409558035243431,2339,0
B7_E0_CORRECTED_UNGATED,9675,ACTIVE_POST,1.1623096836082394,1.3509638006094855,True,2,1.0043308461401939,0.6587898355586707,2364,0
B7_E0_CORRECTED_UNGATED,9700,ACTIVE_POST,0.6733310619599725,0.4533747190001443,True,2,0.45172818872685916,0.6470345487741023,2389,0
B7_E0_CORRECTED_UNGATED,9725,ACTIVE_POST,0.46459676334248584,0.2158501525083138,True,2,0.8610391609993954,0.653678592818153,2414,0
B7_E0_CORRECTED_UNGATED,9750,ACTIVE_POST,0.48110940031648397,0.23146625507288682,True,2,0.6065522065646514,0.6578219018919474,2439,0
B7_E0_CORRECTED_UNGATED,9775,ACTIVE_POST,0.028489947342009603,0.0008116770995504801,True,2,0.47523108645323797,0.6568259736855432,2464,0
B7_E0_CORRECTED_UNGATED,9800,ACTIVE_POST,0.4513786678579425,0.20374270179721077,True,2,0.5857955663480766,0.654953026783028,2489,0
B7_E0_CORRECTED_UNGATED,9825,ACTIVE_POST,1.0156402039501429,1.0315250238798879,True,2,0.25333510146372296,0.6408092255950785,2514,0
B7_E0_CORRECTED_UNGATED,9850,ACTIVE_POST,0.521604368292458,0.2720711170217742,True,2,0.4829775628873882,0.632109872802705,2539,0
B7_E0_CORRECTED_UNGATED,9875,ACTIVE_POST,0.1538316909529503,0.02366418914144401,True,2,0.5352595231809678,0.6219872182759595,2564,0
B7_E0_CORRECTED_UNGATED,9900,ACTIVE_POST,0.20762370954042694,0.043107604763327576,True,2,0.5409668900581993,0.6170483353788677,2589,0
B7_E0_CORRECTED_UNGATED,9925,ACTIVE_POST,0.554289455981377,0.3072368010121309,True,2,0.5098451677329967,0.6107954450021573,2614,0
B7_E0_CORRECTED_UNGATED,9950,ACTIVE_POST,0.25066297318376796,0.06283192612532637,True,2,0.7358928498861654,0.6089935888819756,2639,0
B7_E0_CORRECTED_UNGATED,9975,ACTIVE_POST,0.6464089133831799,0.4178444833012233,True,2,0.9342783889094698,0.6280005691387939,2664,0
