task_id,model_id,config_id,config_params,mean_calibration_mse
A_ETTh1,B1_RZA_LMS,0,"{""learning_rate"": 0.001, ""rho_zero_attraction"": 1e-06, ""epsilon_reweight"": 10.0}",12.84029720393255
A_ETTh1,B1_RZA_LMS,1,"{""learning_rate"": 0.001, ""rho_zero_attraction"": 1e-05, ""epsilon_reweight"": 10.0}",12.837776386314994
A_ETTh1,B1_RZA_LMS,2,"{""learning_rate"": 0.001, ""rho_zero_attraction"": 0.0001, ""epsilon_reweight"": 10.0}",12.812918214160865
A_ETTh1,B1_RZA_LMS,3,"{""learning_rate"": 0.001, ""rho_zero_attraction"": 0.001, ""epsilon_reweight"": 10.0}",12.578469477985571
A_ETTh1,B1_RZA_LMS,4,"{""learning_rate"": 0.003, ""rho_zero_attraction"": 1e-06, ""epsilon_reweight"": 10.0}",10.45105133190395
A_ETTh1,B1_RZA_LMS,5,"{""learning_rate"": 0.003, ""rho_zero_attraction"": 1e-05, ""epsilon_reweight"": 10.0}",10.449703174909251
A_ETTh1,B1_RZA_LMS,6,"{""learning_rate"": 0.003, ""rho_zero_attraction"": 0.0001, ""epsilon_reweight"": 10.0}",10.436072629327112
A_ETTh1,B1_RZA_LMS,7,"{""learning_rate"": 0.003, ""rho_zero_attraction"": 0.001, ""epsilon_reweight"": 10.0}",10.297014420695403
A_ETTh1,B1_RZA_LMS,8,"{""learning_rate"": 0.01, ""rho_zero_attraction"": 1e-06, ""epsilon_reweight"": 10.0}",inf
A_ETTh1,B1_RZA_LMS,9,"{""learning_rate"": 0.01, ""rho_zero_attraction"": 1e-05, ""epsilon_reweight"": 10.0}",inf
A_ETTh1,B1_RZA_LMS,10,"{""learning_rate"": 0.01, ""rho_zero_attraction"": 0.0001, ""epsilon_reweight"": 10.0}",inf
A_ETTh1,B1_RZA_LMS,11,"{""learning_rate"": 0.01, ""rho_zero_attraction"": 0.001, ""epsilon_reweight"": 10.0}",inf
A_ETTh1,B1_RZA_LMS,12,"{""learning_rate"": 0.03, ""rho_zero_attraction"": 1e-06, ""epsilon_reweight"": 10.0}",inf
A_ETTh1,B1_RZA_LMS,13,"{""learning_rate"": 0.03, ""rho_zero_attraction"": 1e-05, ""epsilon_reweight"": 10.0}",inf
A_ETTh1,B1_RZA_LMS,14,"{""learning_rate"": 0.03, ""rho_zero_attraction"": 0.0001, ""epsilon_reweight"": 10.0}",inf
A_ETTh1,B1_RZA_LMS,15,"{""learning_rate"": 0.03, ""rho_zero_attraction"": 0.001, ""epsilon_reweight"": 10.0}",inf
A_ETTh1,B2_CCN,0,"{""readout_lr"": 0.001, ""recurrent_lr"": 0.0001, ""max_columns"": 1}",12.322719302820966
A_ETTh1,B2_CCN,1,"{""readout_lr"": 0.001, ""recurrent_lr"": 0.0001, ""max_columns"": 2}",12.289225289133134
A_ETTh1,B2_CCN,2,"{""readout_lr"": 0.001, ""recurrent_lr"": 0.001, ""max_columns"": 1}",11.89172995969843
A_ETTh1,B2_CCN,3,"{""readout_lr"": 0.001, ""recurrent_lr"": 0.001, ""max_columns"": 2}",11.893582796454792
A_ETTh1,B2_CCN,4,"{""readout_lr"": 0.003, ""recurrent_lr"": 0.0001, ""max_columns"": 1}",10.054098837935973
A_ETTh1,B2_CCN,5,"{""readout_lr"": 0.003, ""recurrent_lr"": 0.0001, ""max_columns"": 2}",10.006088164197296
A_ETTh1,B2_CCN,6,"{""readout_lr"": 0.003, ""recurrent_lr"": 0.001, ""max_columns"": 1}",9.786453894255137
A_ETTh1,B2_CCN,7,"{""readout_lr"": 0.003, ""recurrent_lr"": 0.001, ""max_columns"": 2}",9.765511391621892
A_ETTh1,B2_CCN,8,"{""readout_lr"": 0.01, ""recurrent_lr"": 0.0001, ""max_columns"": 1}",inf
A_ETTh1,B2_CCN,9,"{""readout_lr"": 0.01, ""recurrent_lr"": 0.0001, ""max_columns"": 2}",inf
A_ETTh1,B2_CCN,10,"{""readout_lr"": 0.01, ""recurrent_lr"": 0.001, ""max_columns"": 1}",inf
A_ETTh1,B2_CCN,11,"{""readout_lr"": 0.01, ""recurrent_lr"": 0.001, ""max_columns"": 2}",inf
A_ETTh1,B2_CCN,12,"{""readout_lr"": 0.03, ""recurrent_lr"": 0.0001, ""max_columns"": 1}",inf
A_ETTh1,B2_CCN,13,"{""readout_lr"": 0.03, ""recurrent_lr"": 0.0001, ""max_columns"": 2}",inf
A_ETTh1,B2_CCN,14,"{""readout_lr"": 0.03, ""recurrent_lr"": 0.001, ""max_columns"": 1}",inf
A_ETTh1,B2_CCN,15,"{""readout_lr"": 0.03, ""recurrent_lr"": 0.001, ""max_columns"": 2}",inf
A_ETTh1,B3_MUSE_RNN,0,"{""learning_rate"": 0.001, ""growth_multiplier"": 1.5, ""pruning_threshold"": 0.001}",815.5037039328007
A_ETTh1,B3_MUSE_RNN,1,"{""learning_rate"": 0.001, ""growth_multiplier"": 1.5, ""pruning_threshold"": 0.01}",821.5706315865737
A_ETTh1,B3_MUSE_RNN,2,"{""learning_rate"": 0.001, ""growth_multiplier"": 2.5, ""pruning_threshold"": 0.001}",824.1634807387554
A_ETTh1,B3_MUSE_RNN,3,"{""learning_rate"": 0.001, ""growth_multiplier"": 2.5, ""pruning_threshold"": 0.01}",814.0615866034559
A_ETTh1,B3_MUSE_RNN,4,"{""learning_rate"": 0.003, ""growth_multiplier"": 1.5, ""pruning_threshold"": 0.001}",80.57579169815524
A_ETTh1,B3_MUSE_RNN,5,"{""learning_rate"": 0.003, ""growth_multiplier"": 1.5, ""pruning_threshold"": 0.01}",128.51608627308835
A_ETTh1,B3_MUSE_RNN,6,"{""learning_rate"": 0.003, ""growth_multiplier"": 2.5, ""pruning_threshold"": 0.001}",98.47420887081064
A_ETTh1,B3_MUSE_RNN,7,"{""learning_rate"": 0.003, ""growth_multiplier"": 2.5, ""pruning_threshold"": 0.01}",137.09358538746196
A_ETTh1,B3_MUSE_RNN,8,"{""learning_rate"": 0.01, ""growth_multiplier"": 1.5, ""pruning_threshold"": 0.001}",20.24134230519505
A_ETTh1,B3_MUSE_RNN,9,"{""learning_rate"": 0.01, ""growth_multiplier"": 1.5, ""pruning_threshold"": 0.01}",35.503399572907576
A_ETTh1,B3_MUSE_RNN,10,"{""learning_rate"": 0.01, ""growth_multiplier"": 2.5, ""pruning_threshold"": 0.001}",41.86733303696746
A_ETTh1,B3_MUSE_RNN,11,"{""learning_rate"": 0.01, ""growth_multiplier"": 2.5, ""pruning_threshold"": 0.01}",36.32216978983053
A_ETTh1,B3_MUSE_RNN,12,"{""learning_rate"": 0.03, ""growth_multiplier"": 1.5, ""pruning_threshold"": 0.001}",11.402818511674406
A_ETTh1,B3_MUSE_RNN,13,"{""learning_rate"": 0.03, ""growth_multiplier"": 1.5, ""pruning_threshold"": 0.01}",10.299664674081173
A_ETTh1,B3_MUSE_RNN,14,"{""learning_rate"": 0.03, ""growth_multiplier"": 2.5, ""pruning_threshold"": 0.001}",10.284736643762196
A_ETTh1,B3_MUSE_RNN,15,"{""learning_rate"": 0.03, ""growth_multiplier"": 2.5, ""pruning_threshold"": 0.01}",11.510757262047969
A_ETTh1,B4_MINIMAL_GRU,0,"{""learning_rate"": 0.0001, ""weight_decay"": 0.9}",825.5082305841364
A_ETTh1,B4_MINIMAL_GRU,1,"{""learning_rate"": 0.0001, ""weight_decay"": 0.95}",819.66971083516
A_ETTh1,B4_MINIMAL_GRU,2,"{""learning_rate"": 0.0001, ""weight_decay"": 0.99}",687.2847268755231
A_ETTh1,B4_MINIMAL_GRU,3,"{""learning_rate"": 0.0001, ""weight_decay"": 0.999}",661.1757522207088
A_ETTh1,B4_MINIMAL_GRU,4,"{""learning_rate"": 0.001, ""weight_decay"": 0.9}",215.691609220435
A_ETTh1,B4_MINIMAL_GRU,5,"{""learning_rate"": 0.001, ""weight_decay"": 0.95}",211.51212497137314
A_ETTh1,B4_MINIMAL_GRU,6,"{""learning_rate"": 0.001, ""weight_decay"": 0.99}",207.84038591135925
A_ETTh1,B4_MINIMAL_GRU,7,"{""learning_rate"": 0.001, ""weight_decay"": 0.999}",213.09926184406459
A_ETTh1,B4_MINIMAL_GRU,8,"{""learning_rate"": 0.003, ""weight_decay"": 0.9}",77.7489526374877
A_ETTh1,B4_MINIMAL_GRU,9,"{""learning_rate"": 0.003, ""weight_decay"": 0.95}",76.85395352993855
A_ETTh1,B4_MINIMAL_GRU,10,"{""learning_rate"": 0.003, ""weight_decay"": 0.99}",76.23477620993161
A_ETTh1,B4_MINIMAL_GRU,11,"{""learning_rate"": 0.003, ""weight_decay"": 0.999}",82.7937933213979
A_ETTh1,B4_MINIMAL_GRU,12,"{""learning_rate"": 0.01, ""weight_decay"": 0.9}",36.94753593954965
A_ETTh1,B4_MINIMAL_GRU,13,"{""learning_rate"": 0.01, ""weight_decay"": 0.95}",186.1285532265656
A_ETTh1,B4_MINIMAL_GRU,14,"{""learning_rate"": 0.01, ""weight_decay"": 0.99}",24.815032269987906
A_ETTh1,B4_MINIMAL_GRU,15,"{""learning_rate"": 0.01, ""weight_decay"": 0.999}",25.409542727143975
A_ETTh1,B5_ONLINE_ESN,0,"{""reservoir_size"": 10, ""spectral_radius"": 0.85, ""leak_rate"": 0.3, ""readout_lr"": 0.001}",59.52610552599055
A_ETTh1,B5_ONLINE_ESN,1,"{""reservoir_size"": 10, ""spectral_radius"": 0.85, ""leak_rate"": 0.3, ""readout_lr"": 0.01}",10.59213834727935
A_ETTh1,B5_ONLINE_ESN,2,"{""reservoir_size"": 10, ""spectral_radius"": 0.85, ""leak_rate"": 0.7, ""readout_lr"": 0.001}",61.18879415149295
A_ETTh1,B5_ONLINE_ESN,3,"{""reservoir_size"": 10, ""spectral_radius"": 0.85, ""leak_rate"": 0.7, ""readout_lr"": 0.01}",11.45635607056036
A_ETTh1,B5_ONLINE_ESN,4,"{""reservoir_size"": 10, ""spectral_radius"": 0.95, ""leak_rate"": 0.3, ""readout_lr"": 0.001}",59.212638289854134
A_ETTh1,B5_ONLINE_ESN,5,"{""reservoir_size"": 10, ""spectral_radius"": 0.95, ""leak_rate"": 0.3, ""readout_lr"": 0.01}",10.858175673279987
A_ETTh1,B5_ONLINE_ESN,6,"{""reservoir_size"": 10, ""spectral_radius"": 0.95, ""leak_rate"": 0.7, ""readout_lr"": 0.001}",61.130961261390496
A_ETTh1,B5_ONLINE_ESN,7,"{""reservoir_size"": 10, ""spectral_radius"": 0.95, ""leak_rate"": 0.7, ""readout_lr"": 0.01}",11.940431240131625
A_ETTh1,B5_ONLINE_ESN,8,"{""reservoir_size"": 20, ""spectral_radius"": 0.85, ""leak_rate"": 0.3, ""readout_lr"": 0.001}",26.901384776804107
A_ETTh1,B5_ONLINE_ESN,9,"{""reservoir_size"": 20, ""spectral_radius"": 0.85, ""leak_rate"": 0.3, ""readout_lr"": 0.01}",7.2945441536660285
A_ETTh1,B5_ONLINE_ESN,10,"{""reservoir_size"": 20, ""spectral_radius"": 0.85, ""leak_rate"": 0.7, ""readout_lr"": 0.001}",29.589134134381712
A_ETTh1,B5_ONLINE_ESN,11,"{""reservoir_size"": 20, ""spectral_radius"": 0.85, ""leak_rate"": 0.7, ""readout_lr"": 0.01}",7.307890198860925
A_ETTh1,B5_ONLINE_ESN,12,"{""reservoir_size"": 20, ""spectral_radius"": 0.95, ""leak_rate"": 0.3, ""readout_lr"": 0.001}",26.34182900400504
A_ETTh1,B5_ONLINE_ESN,13,"{""reservoir_size"": 20, ""spectral_radius"": 0.95, ""leak_rate"": 0.3, ""readout_lr"": 0.01}",7.194418805889849
A_ETTh1,B5_ONLINE_ESN,14,"{""reservoir_size"": 20, ""spectral_radius"": 0.95, ""leak_rate"": 0.7, ""readout_lr"": 0.001}",29.037937092164245
A_ETTh1,B5_ONLINE_ESN,15,"{""reservoir_size"": 20, ""spectral_radius"": 0.95, ""leak_rate"": 0.7, ""readout_lr"": 0.01}",7.301459458316935
A_ETTh1,S1_VARIABLE_TAP_LMS,0,"{""learning_rate"": 0.001, ""tap_leakage"": 0.0001}",7.158336679024365
A_ETTh1,S1_VARIABLE_TAP_LMS,1,"{""learning_rate"": 0.001, ""tap_leakage"": 0.001}",7.187391685391003
A_ETTh1,S1_VARIABLE_TAP_LMS,2,"{""learning_rate"": 0.001, ""tap_leakage"": 0.01}",13.184380851840977
A_ETTh1,S1_VARIABLE_TAP_LMS,3,"{""learning_rate"": 0.001, ""tap_leakage"": 0.1}",133712952002.6202
A_ETTh1,S1_VARIABLE_TAP_LMS,4,"{""learning_rate"": 0.003, ""tap_leakage"": 0.0001}",inf
A_ETTh1,S1_VARIABLE_TAP_LMS,5,"{""learning_rate"": 0.003, ""tap_leakage"": 0.001}",inf
A_ETTh1,S1_VARIABLE_TAP_LMS,6,"{""learning_rate"": 0.003, ""tap_leakage"": 0.01}",inf
A_ETTh1,S1_VARIABLE_TAP_LMS,7,"{""learning_rate"": 0.003, ""tap_leakage"": 0.1}",inf
A_ETTh1,S1_VARIABLE_TAP_LMS,8,"{""learning_rate"": 0.01, ""tap_leakage"": 0.0001}",inf
A_ETTh1,S1_VARIABLE_TAP_LMS,9,"{""learning_rate"": 0.01, ""tap_leakage"": 0.001}",inf
A_ETTh1,S1_VARIABLE_TAP_LMS,10,"{""learning_rate"": 0.01, ""tap_leakage"": 0.01}",inf
A_ETTh1,S1_VARIABLE_TAP_LMS,11,"{""learning_rate"": 0.01, ""tap_leakage"": 0.1}",inf
A_ETTh1,S1_VARIABLE_TAP_LMS,12,"{""learning_rate"": 0.03, ""tap_leakage"": 0.0001}",inf
A_ETTh1,S1_VARIABLE_TAP_LMS,13,"{""learning_rate"": 0.03, ""tap_leakage"": 0.001}",inf
A_ETTh1,S1_VARIABLE_TAP_LMS,14,"{""learning_rate"": 0.03, ""tap_leakage"": 0.01}",inf
A_ETTh1,S1_VARIABLE_TAP_LMS,15,"{""learning_rate"": 0.03, ""tap_leakage"": 0.1}",inf
A_ETTh1,S2_LRU_STREAM,0,"{""state_lr"": 0.001, ""readout_lr"": 0.001, ""state_decay"": 0.9}",inf
A_ETTh1,S2_LRU_STREAM,1,"{""state_lr"": 0.001, ""readout_lr"": 0.001, ""state_decay"": 0.98}",inf
A_ETTh1,S2_LRU_STREAM,2,"{""state_lr"": 0.001, ""readout_lr"": 0.003, ""state_decay"": 0.9}",inf
A_ETTh1,S2_LRU_STREAM,3,"{""state_lr"": 0.001, ""readout_lr"": 0.003, ""state_decay"": 0.98}",inf
A_ETTh1,S2_LRU_STREAM,4,"{""state_lr"": 0.001, ""readout_lr"": 0.01, ""state_decay"": 0.9}",inf
A_ETTh1,S2_LRU_STREAM,5,"{""state_lr"": 0.001, ""readout_lr"": 0.01, ""state_decay"": 0.98}",inf
A_ETTh1,S2_LRU_STREAM,6,"{""state_lr"": 0.001, ""readout_lr"": 0.03, ""state_decay"": 0.9}",inf
A_ETTh1,S2_LRU_STREAM,7,"{""state_lr"": 0.001, ""readout_lr"": 0.03, ""state_decay"": 0.98}",inf
A_ETTh1,S2_LRU_STREAM,8,"{""state_lr"": 0.01, ""readout_lr"": 0.001, ""state_decay"": 0.9}",inf
A_ETTh1,S2_LRU_STREAM,9,"{""state_lr"": 0.01, ""readout_lr"": 0.001, ""state_decay"": 0.98}",inf
A_ETTh1,S2_LRU_STREAM,10,"{""state_lr"": 0.01, ""readout_lr"": 0.003, ""state_decay"": 0.9}",inf
A_ETTh1,S2_LRU_STREAM,11,"{""state_lr"": 0.01, ""readout_lr"": 0.003, ""state_decay"": 0.98}",inf
A_ETTh1,S2_LRU_STREAM,12,"{""state_lr"": 0.01, ""readout_lr"": 0.01, ""state_decay"": 0.9}",inf
A_ETTh1,S2_LRU_STREAM,13,"{""state_lr"": 0.01, ""readout_lr"": 0.01, ""state_decay"": 0.98}",inf
A_ETTh1,S2_LRU_STREAM,14,"{""state_lr"": 0.01, ""readout_lr"": 0.03, ""state_decay"": 0.9}",inf
A_ETTh1,S2_LRU_STREAM,15,"{""state_lr"": 0.01, ""readout_lr"": 0.03, ""state_decay"": 0.98}",inf
A_ETTh1,S3_RSONN,0,"{""learning_rate"": 0.001, ""growth_threshold"": 0.05, ""pruning_threshold"": 0.001}",56.01264440138649
A_ETTh1,S3_RSONN,1,"{""learning_rate"": 0.001, ""growth_threshold"": 0.05, ""pruning_threshold"": 0.005}",55.19729705174234
A_ETTh1,S3_RSONN,2,"{""learning_rate"": 0.001, ""growth_threshold"": 0.1, ""pruning_threshold"": 0.001}",55.90125456022357
A_ETTh1,S3_RSONN,3,"{""learning_rate"": 0.001, ""growth_threshold"": 0.1, ""pruning_threshold"": 0.005}",55.41595485982595
A_ETTh1,S3_RSONN,4,"{""learning_rate"": 0.005, ""growth_threshold"": 0.05, ""pruning_threshold"": 0.001}",10.014243718768927
A_ETTh1,S3_RSONN,5,"{""learning_rate"": 0.005, ""growth_threshold"": 0.05, ""pruning_threshold"": 0.005}",10.05235068096612
A_ETTh1,S3_RSONN,6,"{""learning_rate"": 0.005, ""growth_threshold"": 0.1, ""pruning_threshold"": 0.001}",10.037597785911133
A_ETTh1,S3_RSONN,7,"{""learning_rate"": 0.005, ""growth_threshold"": 0.1, ""pruning_threshold"": 0.005}",10.047478619008706
A_ETTh1,S3_RSONN,8,"{""learning_rate"": 0.01, ""growth_threshold"": 0.05, ""pruning_threshold"": 0.001}",6.548947958819874
A_ETTh1,S3_RSONN,9,"{""learning_rate"": 0.01, ""growth_threshold"": 0.05, ""pruning_threshold"": 0.005}",6.9498770452754455
A_ETTh1,S3_RSONN,10,"{""learning_rate"": 0.01, ""growth_threshold"": 0.1, ""pruning_threshold"": 0.001}",6.2163480018880435
A_ETTh1,S3_RSONN,11,"{""learning_rate"": 0.01, ""growth_threshold"": 0.1, ""pruning_threshold"": 0.005}",6.356000089874772
A_ETTh1,S3_RSONN,12,"{""learning_rate"": 0.02, ""growth_threshold"": 0.05, ""pruning_threshold"": 0.001}",5.825500174023361
A_ETTh1,S3_RSONN,13,"{""learning_rate"": 0.02, ""growth_threshold"": 0.05, ""pruning_threshold"": 0.005}",5.728330558733532
A_ETTh1,S3_RSONN,14,"{""learning_rate"": 0.02, ""growth_threshold"": 0.1, ""pruning_threshold"": 0.001}",5.233459137115624
A_ETTh1,S3_RSONN,15,"{""learning_rate"": 0.02, ""growth_threshold"": 0.1, ""pruning_threshold"": 0.005}",5.998537357811133
A_ETTh1,S4_ACESN,0,"{""reservoir_size"": 20, ""spectral_radius"": 0.85, ""compression_ratio"": 0.25, ""readout_lr"": 0.001}",30.908261511477562
A_ETTh1,S4_ACESN,1,"{""reservoir_size"": 20, ""spectral_radius"": 0.85, ""compression_ratio"": 0.25, ""readout_lr"": 0.01}",8.000396808803467
A_ETTh1,S4_ACESN,2,"{""reservoir_size"": 20, ""spectral_radius"": 0.85, ""compression_ratio"": 0.5, ""readout_lr"": 0.001}",30.56395301517283
A_ETTh1,S4_ACESN,3,"{""reservoir_size"": 20, ""spectral_radius"": 0.85, ""compression_ratio"": 0.5, ""readout_lr"": 0.01}",7.663842771023201
A_ETTh1,S4_ACESN,4,"{""reservoir_size"": 20, ""spectral_radius"": 0.95, ""compression_ratio"": 0.25, ""readout_lr"": 0.001}",30.185245305591746
A_ETTh1,S4_ACESN,5,"{""reservoir_size"": 20, ""spectral_radius"": 0.95, ""compression_ratio"": 0.25, ""readout_lr"": 0.01}",8.04942525583396
A_ETTh1,S4_ACESN,6,"{""reservoir_size"": 20, ""spectral_radius"": 0.95, ""compression_ratio"": 0.5, ""readout_lr"": 0.001}",29.84763662839588
A_ETTh1,S4_ACESN,7,"{""reservoir_size"": 20, ""spectral_radius"": 0.95, ""compression_ratio"": 0.5, ""readout_lr"": 0.01}",7.734888998621156
A_ETTh1,S4_ACESN,8,"{""reservoir_size"": 40, ""spectral_radius"": 0.85, ""compression_ratio"": 0.25, ""readout_lr"": 0.001}",15.773106366126648
A_ETTh1,S4_ACESN,9,"{""reservoir_size"": 40, ""spectral_radius"": 0.85, ""compression_ratio"": 0.25, ""readout_lr"": 0.01}",4.116917192840709
A_ETTh1,S4_ACESN,10,"{""reservoir_size"": 40, ""spectral_radius"": 0.85, ""compression_ratio"": 0.5, ""readout_lr"": 0.001}",15.175378730098359
A_ETTh1,S4_ACESN,11,"{""reservoir_size"": 40, ""spectral_radius"": 0.85, ""compression_ratio"": 0.5, ""readout_lr"": 0.01}",3.8375212106819103
A_ETTh1,S4_ACESN,12,"{""reservoir_size"": 40, ""spectral_radius"": 0.95, ""compression_ratio"": 0.25, ""readout_lr"": 0.001}",15.584181691291908
A_ETTh1,S4_ACESN,13,"{""reservoir_size"": 40, ""spectral_radius"": 0.95, ""compression_ratio"": 0.25, ""readout_lr"": 0.01}",4.150672009811976
A_ETTh1,S4_ACESN,14,"{""reservoir_size"": 40, ""spectral_radius"": 0.95, ""compression_ratio"": 0.5, ""readout_lr"": 0.001}",14.991973294179028
A_ETTh1,S4_ACESN,15,"{""reservoir_size"": 40, ""spectral_radius"": 0.95, ""compression_ratio"": 0.5, ""readout_lr"": 0.01}",3.874169605535028
A_ETTh1,S5_CONTINUAL_BACKPROP,0,"{""learning_rate"": 0.001, ""replacement_rate"": 0.0001, ""maturity_threshold"": 50}",12.844368451048346
A_ETTh1,S5_CONTINUAL_BACKPROP,1,"{""learning_rate"": 0.001, ""replacement_rate"": 0.0001, ""maturity_threshold"": 100}",12.841380225885567
A_ETTh1,S5_CONTINUAL_BACKPROP,2,"{""learning_rate"": 0.001, ""replacement_rate"": 0.001, ""maturity_threshold"": 50}",12.83306103342791
A_ETTh1,S5_CONTINUAL_BACKPROP,3,"{""learning_rate"": 0.001, ""replacement_rate"": 0.001, ""maturity_threshold"": 100}",12.845197050593102
A_ETTh1,S5_CONTINUAL_BACKPROP,4,"{""learning_rate"": 0.005, ""replacement_rate"": 0.0001, ""maturity_threshold"": 50}",2738.8101838284133
A_ETTh1,S5_CONTINUAL_BACKPROP,5,"{""learning_rate"": 0.005, ""replacement_rate"": 0.0001, ""maturity_threshold"": 100}",2761.871600095829
A_ETTh1,S5_CONTINUAL_BACKPROP,6,"{""learning_rate"": 0.005, ""replacement_rate"": 0.001, ""maturity_threshold"": 50}",2741.8474190182283
A_ETTh1,S5_CONTINUAL_BACKPROP,7,"{""learning_rate"": 0.005, ""replacement_rate"": 0.001, ""maturity_threshold"": 100}",2774.6905743107563
A_ETTh1,S5_CONTINUAL_BACKPROP,8,"{""learning_rate"": 0.01, ""replacement_rate"": 0.0001, ""maturity_threshold"": 50}",inf
A_ETTh1,S5_CONTINUAL_BACKPROP,9,"{""learning_rate"": 0.01, ""replacement_rate"": 0.0001, ""maturity_threshold"": 100}",inf
A_ETTh1,S5_CONTINUAL_BACKPROP,10,"{""learning_rate"": 0.01, ""replacement_rate"": 0.001, ""maturity_threshold"": 50}",inf
A_ETTh1,S5_CONTINUAL_BACKPROP,11,"{""learning_rate"": 0.01, ""replacement_rate"": 0.001, ""maturity_threshold"": 100}",inf
A_ETTh1,S5_CONTINUAL_BACKPROP,12,"{""learning_rate"": 0.03, ""replacement_rate"": 0.0001, ""maturity_threshold"": 50}",inf
A_ETTh1,S5_CONTINUAL_BACKPROP,13,"{""learning_rate"": 0.03, ""replacement_rate"": 0.0001, ""maturity_threshold"": 100}",inf
A_ETTh1,S5_CONTINUAL_BACKPROP,14,"{""learning_rate"": 0.03, ""replacement_rate"": 0.001, ""maturity_threshold"": 50}",inf
A_ETTh1,S5_CONTINUAL_BACKPROP,15,"{""learning_rate"": 0.03, ""replacement_rate"": 0.001, ""maturity_threshold"": 100}",inf
A_ETTh1,C1_CURRENT_ONLY_LINEAR,0,"{""learning_rate"": 0.001}",12.840577464251217
A_ETTh1,C1_CURRENT_ONLY_LINEAR,1,"{""learning_rate"": 0.003}",10.451201152732798
A_ETTh1,C1_CURRENT_ONLY_LINEAR,2,"{""learning_rate"": 0.01}",inf
A_ETTh1,C1_CURRENT_ONLY_LINEAR,3,"{""learning_rate"": 0.03}",inf
A_ETTh1,C2_NLMS,0,"{""step_size"": 0.01}",47.35744124237383
A_ETTh1,C2_NLMS,1,"{""step_size"": 0.05}",15.008703494227442
A_ETTh1,C2_NLMS,2,"{""step_size"": 0.1}",8.978697367154409
A_ETTh1,C2_NLMS,3,"{""step_size"": 0.2}",5.587704879450942
A_ETTh1,C3_RLS,0,"{""forgetting_factor"": 0.99}",6.430642890973445
A_ETTh1,C3_RLS,1,"{""forgetting_factor"": 0.995}",11.215920973887371
A_ETTh1,C3_RLS,2,"{""forgetting_factor"": 0.999}",26.660034544000442
A_ETTh1,C3_RLS,3,"{""forgetting_factor"": 1.0}",32.36250893257889
A_ETTh1,C4_FIXED_LAG_LINEAR,0,"{""max_lag"": 4, ""learning_rate"": 0.001}",54.281071914127644
A_ETTh1,C4_FIXED_LAG_LINEAR,1,"{""max_lag"": 4, ""learning_rate"": 0.01}",inf
A_ETTh1,C4_FIXED_LAG_LINEAR,2,"{""max_lag"": 8, ""learning_rate"": 0.001}",34.69799006857516
A_ETTh1,C4_FIXED_LAG_LINEAR,3,"{""max_lag"": 8, ""learning_rate"": 0.01}",inf
A_ETTh1,C4_FIXED_LAG_LINEAR,4,"{""max_lag"": 16, ""learning_rate"": 0.001}",10.90774488264213
A_ETTh1,C4_FIXED_LAG_LINEAR,5,"{""max_lag"": 16, ""learning_rate"": 0.01}",inf
A_ETTh1,C4_FIXED_LAG_LINEAR,6,"{""max_lag"": 32, ""learning_rate"": 0.001}",inf
A_ETTh1,C4_FIXED_LAG_LINEAR,7,"{""max_lag"": 32, ""learning_rate"": 0.01}",inf
A_ETTh1,IPNLMS,0,"{""mu"": 0.1}",4.05306314430212
A_ETTh1,IPNLMS,1,"{""mu"": 0.5}",2.56893901963254
A_ETTh2,B1_RZA_LMS,0,"{""learning_rate"": 0.001, ""rho_zero_attraction"": 1e-06, ""epsilon_reweight"": 10.0}",14837.48995306356
A_ETTh2,B1_RZA_LMS,1,"{""learning_rate"": 0.001, ""rho_zero_attraction"": 1e-05, ""epsilon_reweight"": 10.0}",14837.501848953252
A_ETTh2,B1_RZA_LMS,2,"{""learning_rate"": 0.001, ""rho_zero_attraction"": 0.0001, ""epsilon_reweight"": 10.0}",14837.620769419284
A_ETTh2,B1_RZA_LMS,3,"{""learning_rate"": 0.001, ""rho_zero_attraction"": 0.001, ""epsilon_reweight"": 10.0}",14838.797615819944
A_ETTh2,B1_RZA_LMS,4,"{""learning_rate"": 0.003, ""rho_zero_attraction"": 1e-06, ""epsilon_reweight"": 10.0}",inf
A_ETTh2,B1_RZA_LMS,5,"{""learning_rate"": 0.003, ""rho_zero_attraction"": 1e-05, ""epsilon_reweight"": 10.0}",inf
A_ETTh2,B1_RZA_LMS,6,"{""learning_rate"": 0.003, ""rho_zero_attraction"": 0.0001, ""epsilon_reweight"": 10.0}",inf
A_ETTh2,B1_RZA_LMS,7,"{""learning_rate"": 0.003, ""rho_zero_attraction"": 0.001, ""epsilon_reweight"": 10.0}",inf
A_ETTh2,B1_RZA_LMS,8,"{""learning_rate"": 0.01, ""rho_zero_attraction"": 1e-06, ""epsilon_reweight"": 10.0}",inf
A_ETTh2,B1_RZA_LMS,9,"{""learning_rate"": 0.01, ""rho_zero_attraction"": 1e-05, ""epsilon_reweight"": 10.0}",inf
A_ETTh2,B1_RZA_LMS,10,"{""learning_rate"": 0.01, ""rho_zero_attraction"": 0.0001, ""epsilon_reweight"": 10.0}",inf
A_ETTh2,B1_RZA_LMS,11,"{""learning_rate"": 0.01, ""rho_zero_attraction"": 0.001, ""epsilon_reweight"": 10.0}",inf
A_ETTh2,B1_RZA_LMS,12,"{""learning_rate"": 0.03, ""rho_zero_attraction"": 1e-06, ""epsilon_reweight"": 10.0}",inf
A_ETTh2,B1_RZA_LMS,13,"{""learning_rate"": 0.03, ""rho_zero_attraction"": 1e-05, ""epsilon_reweight"": 10.0}",inf
A_ETTh2,B1_RZA_LMS,14,"{""learning_rate"": 0.03, ""rho_zero_attraction"": 0.0001, ""epsilon_reweight"": 10.0}",inf
A_ETTh2,B1_RZA_LMS,15,"{""learning_rate"": 0.03, ""rho_zero_attraction"": 0.001, ""epsilon_reweight"": 10.0}",inf
A_ETTh2,B2_CCN,0,"{""readout_lr"": 0.001, ""recurrent_lr"": 0.0001, ""max_columns"": 1}",14953.255992573273
A_ETTh2,B2_CCN,1,"{""readout_lr"": 0.001, ""recurrent_lr"": 0.0001, ""max_columns"": 2}",14951.776503563311
A_ETTh2,B2_CCN,2,"{""readout_lr"": 0.001, ""recurrent_lr"": 0.001, ""max_columns"": 1}",14963.112054204676
A_ETTh2,B2_CCN,3,"{""readout_lr"": 0.001, ""recurrent_lr"": 0.001, ""max_columns"": 2}",14964.251899498582
A_ETTh2,B2_CCN,4,"{""readout_lr"": 0.003, ""recurrent_lr"": 0.0001, ""max_columns"": 1}",inf
A_ETTh2,B2_CCN,5,"{""readout_lr"": 0.003, ""recurrent_lr"": 0.0001, ""max_columns"": 2}",inf
A_ETTh2,B2_CCN,6,"{""readout_lr"": 0.003, ""recurrent_lr"": 0.001, ""max_columns"": 1}",inf
A_ETTh2,B2_CCN,7,"{""readout_lr"": 0.003, ""recurrent_lr"": 0.001, ""max_columns"": 2}",inf
A_ETTh2,B2_CCN,8,"{""readout_lr"": 0.01, ""recurrent_lr"": 0.0001, ""max_columns"": 1}",inf
A_ETTh2,B2_CCN,9,"{""readout_lr"": 0.01, ""recurrent_lr"": 0.0001, ""max_columns"": 2}",inf
A_ETTh2,B2_CCN,10,"{""readout_lr"": 0.01, ""recurrent_lr"": 0.001, ""max_columns"": 1}",inf
A_ETTh2,B2_CCN,11,"{""readout_lr"": 0.01, ""recurrent_lr"": 0.001, ""max_columns"": 2}",inf
A_ETTh2,B2_CCN,12,"{""readout_lr"": 0.03, ""recurrent_lr"": 0.0001, ""max_columns"": 1}",inf
A_ETTh2,B2_CCN,13,"{""readout_lr"": 0.03, ""recurrent_lr"": 0.0001, ""max_columns"": 2}",inf
A_ETTh2,B2_CCN,14,"{""readout_lr"": 0.03, ""recurrent_lr"": 0.001, ""max_columns"": 1}",inf
A_ETTh2,B2_CCN,15,"{""readout_lr"": 0.03, ""recurrent_lr"": 0.001, ""max_columns"": 2}",inf
A_ETTh2,B3_MUSE_RNN,0,"{""learning_rate"": 0.001, ""growth_multiplier"": 1.5, ""pruning_threshold"": 0.001}",588.0230415835331
A_ETTh2,B3_MUSE_RNN,1,"{""learning_rate"": 0.001, ""growth_multiplier"": 1.5, ""pruning_threshold"": 0.01}",889.484455583688
A_ETTh2,B3_MUSE_RNN,2,"{""learning_rate"": 0.001, ""growth_multiplier"": 2.5, ""pruning_threshold"": 0.001}",816.4301638478665
A_ETTh2,B3_MUSE_RNN,3,"{""learning_rate"": 0.001, ""growth_multiplier"": 2.5, ""pruning_threshold"": 0.01}",1004.7454555884798
A_ETTh2,B3_MUSE_RNN,4,"{""learning_rate"": 0.003, ""growth_multiplier"": 1.5, ""pruning_threshold"": 0.001}",94.35011550771544
A_ETTh2,B3_MUSE_RNN,5,"{""learning_rate"": 0.003, ""growth_multiplier"": 1.5, ""pruning_threshold"": 0.01}",95.92442113014226
A_ETTh2,B3_MUSE_RNN,6,"{""learning_rate"": 0.003, ""growth_multiplier"": 2.5, ""pruning_threshold"": 0.001}",87.24653919267367
A_ETTh2,B3_MUSE_RNN,7,"{""learning_rate"": 0.003, ""growth_multiplier"": 2.5, ""pruning_threshold"": 0.01}",108.30764650701327
A_ETTh2,B3_MUSE_RNN,8,"{""learning_rate"": 0.01, ""growth_multiplier"": 1.5, ""pruning_threshold"": 0.001}",62.0458392108715
A_ETTh2,B3_MUSE_RNN,9,"{""learning_rate"": 0.01, ""growth_multiplier"": 1.5, ""pruning_threshold"": 0.01}",38.81958149109982
A_ETTh2,B3_MUSE_RNN,10,"{""learning_rate"": 0.01, ""growth_multiplier"": 2.5, ""pruning_threshold"": 0.001}",56.09383831676431
A_ETTh2,B3_MUSE_RNN,11,"{""learning_rate"": 0.01, ""growth_multiplier"": 2.5, ""pruning_threshold"": 0.01}",41.83836849236342
A_ETTh2,B3_MUSE_RNN,12,"{""learning_rate"": 0.03, ""growth_multiplier"": 1.5, ""pruning_threshold"": 0.001}",19.833668853281964
A_ETTh2,B3_MUSE_RNN,13,"{""learning_rate"": 0.03, ""growth_multiplier"": 1.5, ""pruning_threshold"": 0.01}",29.519970903995972
A_ETTh2,B3_MUSE_RNN,14,"{""learning_rate"": 0.03, ""growth_multiplier"": 2.5, ""pruning_threshold"": 0.001}",19.934566598836522
A_ETTh2,B3_MUSE_RNN,15,"{""learning_rate"": 0.03, ""growth_multiplier"": 2.5, ""pruning_threshold"": 0.01}",23.152076493282483
A_ETTh2,B4_MINIMAL_GRU,0,"{""learning_rate"": 0.0001, ""weight_decay"": 0.9}",1472.1024442128728
A_ETTh2,B4_MINIMAL_GRU,1,"{""learning_rate"": 0.0001, ""weight_decay"": 0.95}",1311.8942817370735
A_ETTh2,B4_MINIMAL_GRU,2,"{""learning_rate"": 0.0001, ""weight_decay"": 0.99}",1173.3744097876245
A_ETTh2,B4_MINIMAL_GRU,3,"{""learning_rate"": 0.0001, ""weight_decay"": 0.999}",1173.745983206666
A_ETTh2,B4_MINIMAL_GRU,4,"{""learning_rate"": 0.001, ""weight_decay"": 0.9}",339.49963866623676
A_ETTh2,B4_MINIMAL_GRU,5,"{""learning_rate"": 0.001, ""weight_decay"": 0.95}",337.98727966329847
A_ETTh2,B4_MINIMAL_GRU,6,"{""learning_rate"": 0.001, ""weight_decay"": 0.99}",339.48704585248134
A_ETTh2,B4_MINIMAL_GRU,7,"{""learning_rate"": 0.001, ""weight_decay"": 0.999}",345.93840790982335
A_ETTh2,B4_MINIMAL_GRU,8,"{""learning_rate"": 0.003, ""weight_decay"": 0.9}",130.46196784087357
A_ETTh2,B4_MINIMAL_GRU,9,"{""learning_rate"": 0.003, ""weight_decay"": 0.95}",129.22565586564576
A_ETTh2,B4_MINIMAL_GRU,10,"{""learning_rate"": 0.003, ""weight_decay"": 0.99}",127.3827173539725
A_ETTh2,B4_MINIMAL_GRU,11,"{""learning_rate"": 0.003, ""weight_decay"": 0.999}",128.21441244906393
A_ETTh2,B4_MINIMAL_GRU,12,"{""learning_rate"": 0.01, ""weight_decay"": 0.9}",176.22119198814707
A_ETTh2,B4_MINIMAL_GRU,13,"{""learning_rate"": 0.01, ""weight_decay"": 0.95}",210.13955727217353
A_ETTh2,B4_MINIMAL_GRU,14,"{""learning_rate"": 0.01, ""weight_decay"": 0.99}",196.60215991305265
A_ETTh2,B4_MINIMAL_GRU,15,"{""learning_rate"": 0.01, ""weight_decay"": 0.999}",101.325261383603
A_ETTh2,B5_ONLINE_ESN,0,"{""reservoir_size"": 10, ""spectral_radius"": 0.85, ""leak_rate"": 0.3, ""readout_lr"": 0.001}",88.49384560176115
A_ETTh2,B5_ONLINE_ESN,1,"{""reservoir_size"": 10, ""spectral_radius"": 0.85, ""leak_rate"": 0.3, ""readout_lr"": 0.01}",17.121272915071756
A_ETTh2,B5_ONLINE_ESN,2,"{""reservoir_size"": 10, ""spectral_radius"": 0.85, ""leak_rate"": 0.7, ""readout_lr"": 0.001}",87.25292225761358
A_ETTh2,B5_ONLINE_ESN,3,"{""reservoir_size"": 10, ""spectral_radius"": 0.85, ""leak_rate"": 0.7, ""readout_lr"": 0.01}",15.74753423111155
A_ETTh2,B5_ONLINE_ESN,4,"{""reservoir_size"": 10, ""spectral_radius"": 0.95, ""leak_rate"": 0.3, ""readout_lr"": 0.001}",87.30815598353531
A_ETTh2,B5_ONLINE_ESN,5,"{""reservoir_size"": 10, ""spectral_radius"": 0.95, ""leak_rate"": 0.3, ""readout_lr"": 0.01}",16.827328155297014
A_ETTh2,B5_ONLINE_ESN,6,"{""reservoir_size"": 10, ""spectral_radius"": 0.95, ""leak_rate"": 0.7, ""readout_lr"": 0.001}",86.90811918476635
A_ETTh2,B5_ONLINE_ESN,7,"{""reservoir_size"": 10, ""spectral_radius"": 0.95, ""leak_rate"": 0.7, ""readout_lr"": 0.01}",16.14625626524101
A_ETTh2,B5_ONLINE_ESN,8,"{""reservoir_size"": 20, ""spectral_radius"": 0.85, ""leak_rate"": 0.3, ""readout_lr"": 0.001}",35.88136364270988
A_ETTh2,B5_ONLINE_ESN,9,"{""reservoir_size"": 20, ""spectral_radius"": 0.85, ""leak_rate"": 0.3, ""readout_lr"": 0.01}",13.550190129409406
A_ETTh2,B5_ONLINE_ESN,10,"{""reservoir_size"": 20, ""spectral_radius"": 0.85, ""leak_rate"": 0.7, ""readout_lr"": 0.001}",34.385332573687776
A_ETTh2,B5_ONLINE_ESN,11,"{""reservoir_size"": 20, ""spectral_radius"": 0.85, ""leak_rate"": 0.7, ""readout_lr"": 0.01}",11.564481805174793
A_ETTh2,B5_ONLINE_ESN,12,"{""reservoir_size"": 20, ""spectral_radius"": 0.95, ""leak_rate"": 0.3, ""readout_lr"": 0.001}",35.9160063466179
A_ETTh2,B5_ONLINE_ESN,13,"{""reservoir_size"": 20, ""spectral_radius"": 0.95, ""leak_rate"": 0.3, ""readout_lr"": 0.01}",13.497106423411067
A_ETTh2,B5_ONLINE_ESN,14,"{""reservoir_size"": 20, ""spectral_radius"": 0.95, ""leak_rate"": 0.7, ""readout_lr"": 0.001}",34.489445567461395
A_ETTh2,B5_ONLINE_ESN,15,"{""reservoir_size"": 20, ""spectral_radius"": 0.95, ""leak_rate"": 0.7, ""readout_lr"": 0.01}",11.634452061365655
A_ETTh2,S1_VARIABLE_TAP_LMS,0,"{""learning_rate"": 0.001, ""tap_leakage"": 0.0001}",inf
A_ETTh2,S1_VARIABLE_TAP_LMS,1,"{""learning_rate"": 0.001, ""tap_leakage"": 0.001}",inf
A_ETTh2,S1_VARIABLE_TAP_LMS,2,"{""learning_rate"": 0.001, ""tap_leakage"": 0.01}",inf
A_ETTh2,S1_VARIABLE_TAP_LMS,3,"{""learning_rate"": 0.001, ""tap_leakage"": 0.1}",inf
A_ETTh2,S1_VARIABLE_TAP_LMS,4,"{""learning_rate"": 0.003, ""tap_leakage"": 0.0001}",inf
A_ETTh2,S1_VARIABLE_TAP_LMS,5,"{""learning_rate"": 0.003, ""tap_leakage"": 0.001}",inf
A_ETTh2,S1_VARIABLE_TAP_LMS,6,"{""learning_rate"": 0.003, ""tap_leakage"": 0.01}",inf
A_ETTh2,S1_VARIABLE_TAP_LMS,7,"{""learning_rate"": 0.003, ""tap_leakage"": 0.1}",inf
A_ETTh2,S1_VARIABLE_TAP_LMS,8,"{""learning_rate"": 0.01, ""tap_leakage"": 0.0001}",inf
A_ETTh2,S1_VARIABLE_TAP_LMS,9,"{""learning_rate"": 0.01, ""tap_leakage"": 0.001}",inf
A_ETTh2,S1_VARIABLE_TAP_LMS,10,"{""learning_rate"": 0.01, ""tap_leakage"": 0.01}",inf
A_ETTh2,S1_VARIABLE_TAP_LMS,11,"{""learning_rate"": 0.01, ""tap_leakage"": 0.1}",inf
A_ETTh2,S1_VARIABLE_TAP_LMS,12,"{""learning_rate"": 0.03, ""tap_leakage"": 0.0001}",inf
A_ETTh2,S1_VARIABLE_TAP_LMS,13,"{""learning_rate"": 0.03, ""tap_leakage"": 0.001}",inf
A_ETTh2,S1_VARIABLE_TAP_LMS,14,"{""learning_rate"": 0.03, ""tap_leakage"": 0.01}",inf
A_ETTh2,S1_VARIABLE_TAP_LMS,15,"{""learning_rate"": 0.03, ""tap_leakage"": 0.1}",inf
A_ETTh2,S2_LRU_STREAM,0,"{""state_lr"": 0.001, ""readout_lr"": 0.001, ""state_decay"": 0.9}",inf
A_ETTh2,S2_LRU_STREAM,1,"{""state_lr"": 0.001, ""readout_lr"": 0.001, ""state_decay"": 0.98}",inf
A_ETTh2,S2_LRU_STREAM,2,"{""state_lr"": 0.001, ""readout_lr"": 0.003, ""state_decay"": 0.9}",inf
A_ETTh2,S2_LRU_STREAM,3,"{""state_lr"": 0.001, ""readout_lr"": 0.003, ""state_decay"": 0.98}",inf
A_ETTh2,S2_LRU_STREAM,4,"{""state_lr"": 0.001, ""readout_lr"": 0.01, ""state_decay"": 0.9}",inf
A_ETTh2,S2_LRU_STREAM,5,"{""state_lr"": 0.001, ""readout_lr"": 0.01, ""state_decay"": 0.98}",inf
A_ETTh2,S2_LRU_STREAM,6,"{""state_lr"": 0.001, ""readout_lr"": 0.03, ""state_decay"": 0.9}",inf
A_ETTh2,S2_LRU_STREAM,7,"{""state_lr"": 0.001, ""readout_lr"": 0.03, ""state_decay"": 0.98}",inf
A_ETTh2,S2_LRU_STREAM,8,"{""state_lr"": 0.01, ""readout_lr"": 0.001, ""state_decay"": 0.9}",inf
A_ETTh2,S2_LRU_STREAM,9,"{""state_lr"": 0.01, ""readout_lr"": 0.001, ""state_decay"": 0.98}",inf
A_ETTh2,S2_LRU_STREAM,10,"{""state_lr"": 0.01, ""readout_lr"": 0.003, ""state_decay"": 0.9}",inf
A_ETTh2,S2_LRU_STREAM,11,"{""state_lr"": 0.01, ""readout_lr"": 0.003, ""state_decay"": 0.98}",inf
A_ETTh2,S2_LRU_STREAM,12,"{""state_lr"": 0.01, ""readout_lr"": 0.01, ""state_decay"": 0.9}",inf
A_ETTh2,S2_LRU_STREAM,13,"{""state_lr"": 0.01, ""readout_lr"": 0.01, ""state_decay"": 0.98}",inf
A_ETTh2,S2_LRU_STREAM,14,"{""state_lr"": 0.01, ""readout_lr"": 0.03, ""state_decay"": 0.9}",inf
A_ETTh2,S2_LRU_STREAM,15,"{""state_lr"": 0.01, ""readout_lr"": 0.03, ""state_decay"": 0.98}",inf
A_ETTh2,S3_RSONN,0,"{""learning_rate"": 0.001, ""growth_threshold"": 0.05, ""pruning_threshold"": 0.001}",84.97726168769526
A_ETTh2,S3_RSONN,1,"{""learning_rate"": 0.001, ""growth_threshold"": 0.05, ""pruning_threshold"": 0.005}",84.3315931898464
A_ETTh2,S3_RSONN,2,"{""learning_rate"": 0.001, ""growth_threshold"": 0.1, ""pruning_threshold"": 0.001}",84.0500857685857
A_ETTh2,S3_RSONN,3,"{""learning_rate"": 0.001, ""growth_threshold"": 0.1, ""pruning_threshold"": 0.005}",83.51480468690075
A_ETTh2,S3_RSONN,4,"{""learning_rate"": 0.005, ""growth_threshold"": 0.05, ""pruning_threshold"": 0.001}",20.911285428786826
A_ETTh2,S3_RSONN,5,"{""learning_rate"": 0.005, ""growth_threshold"": 0.05, ""pruning_threshold"": 0.005}",19.03222272298885
A_ETTh2,S3_RSONN,6,"{""learning_rate"": 0.005, ""growth_threshold"": 0.1, ""pruning_threshold"": 0.001}",20.197420139178078
A_ETTh2,S3_RSONN,7,"{""learning_rate"": 0.005, ""growth_threshold"": 0.1, ""pruning_threshold"": 0.005}",21.86889220280625
A_ETTh2,S3_RSONN,8,"{""learning_rate"": 0.01, ""growth_threshold"": 0.05, ""pruning_threshold"": 0.001}",16.813661800424608
A_ETTh2,S3_RSONN,9,"{""learning_rate"": 0.01, ""growth_threshold"": 0.05, ""pruning_threshold"": 0.005}",18.0802834312319
A_ETTh2,S3_RSONN,10,"{""learning_rate"": 0.01, ""growth_threshold"": 0.1, ""pruning_threshold"": 0.001}",16.738013634276964
A_ETTh2,S3_RSONN,11,"{""learning_rate"": 0.01, ""growth_threshold"": 0.1, ""pruning_threshold"": 0.005}",15.495119627036594
A_ETTh2,S3_RSONN,12,"{""learning_rate"": 0.02, ""growth_threshold"": 0.05, ""pruning_threshold"": 0.001}",15.613091012401016
A_ETTh2,S3_RSONN,13,"{""learning_rate"": 0.02, ""growth_threshold"": 0.05, ""pruning_threshold"": 0.005}",16.461250606436742
A_ETTh2,S3_RSONN,14,"{""learning_rate"": 0.02, ""growth_threshold"": 0.1, ""pruning_threshold"": 0.001}",16.889708885784206
A_ETTh2,S3_RSONN,15,"{""learning_rate"": 0.02, ""growth_threshold"": 0.1, ""pruning_threshold"": 0.005}",16.64227498499287
A_ETTh2,S4_ACESN,0,"{""reservoir_size"": 20, ""spectral_radius"": 0.85, ""compression_ratio"": 0.25, ""readout_lr"": 0.001}",36.44862546876383
A_ETTh2,S4_ACESN,1,"{""reservoir_size"": 20, ""spectral_radius"": 0.85, ""compression_ratio"": 0.25, ""readout_lr"": 0.01}",12.823349760240012
A_ETTh2,S4_ACESN,2,"{""reservoir_size"": 20, ""spectral_radius"": 0.85, ""compression_ratio"": 0.5, ""readout_lr"": 0.001}",35.832153275290246
A_ETTh2,S4_ACESN,3,"{""reservoir_size"": 20, ""spectral_radius"": 0.85, ""compression_ratio"": 0.5, ""readout_lr"": 0.01}",12.298426153676951
A_ETTh2,S4_ACESN,4,"{""reservoir_size"": 20, ""spectral_radius"": 0.95, ""compression_ratio"": 0.25, ""readout_lr"": 0.001}",36.61966705893034
A_ETTh2,S4_ACESN,5,"{""reservoir_size"": 20, ""spectral_radius"": 0.95, ""compression_ratio"": 0.25, ""readout_lr"": 0.01}",12.98064038360522
A_ETTh2,S4_ACESN,6,"{""reservoir_size"": 20, ""spectral_radius"": 0.95, ""compression_ratio"": 0.5, ""readout_lr"": 0.001}",35.99238702940511
A_ETTh2,S4_ACESN,7,"{""reservoir_size"": 20, ""spectral_radius"": 0.95, ""compression_ratio"": 0.5, ""readout_lr"": 0.01}",12.458204213848772
A_ETTh2,S4_ACESN,8,"{""reservoir_size"": 40, ""spectral_radius"": 0.85, ""compression_ratio"": 0.25, ""readout_lr"": 0.001}",24.088245609979428
A_ETTh2,S4_ACESN,9,"{""reservoir_size"": 40, ""spectral_radius"": 0.85, ""compression_ratio"": 0.25, ""readout_lr"": 0.01}",7.980122815752161
A_ETTh2,S4_ACESN,10,"{""reservoir_size"": 40, ""spectral_radius"": 0.85, ""compression_ratio"": 0.5, ""readout_lr"": 0.001}",23.110776941924843
A_ETTh2,S4_ACESN,11,"{""reservoir_size"": 40, ""spectral_radius"": 0.85, ""compression_ratio"": 0.5, ""readout_lr"": 0.01}",7.40112083413112
A_ETTh2,S4_ACESN,12,"{""reservoir_size"": 40, ""spectral_radius"": 0.95, ""compression_ratio"": 0.25, ""readout_lr"": 0.001}",24.069156065460245
A_ETTh2,S4_ACESN,13,"{""reservoir_size"": 40, ""spectral_radius"": 0.95, ""compression_ratio"": 0.25, ""readout_lr"": 0.01}",7.99124340879917
A_ETTh2,S4_ACESN,14,"{""reservoir_size"": 40, ""spectral_radius"": 0.95, ""compression_ratio"": 0.5, ""readout_lr"": 0.001}",23.106390929020765
A_ETTh2,S4_ACESN,15,"{""reservoir_size"": 40, ""spectral_radius"": 0.95, ""compression_ratio"": 0.5, ""readout_lr"": 0.01}",7.407395179914318
A_ETTh2,S5_CONTINUAL_BACKPROP,0,"{""learning_rate"": 0.001, ""replacement_rate"": 0.0001, ""maturity_threshold"": 50}",15444.293803567401
A_ETTh2,S5_CONTINUAL_BACKPROP,1,"{""learning_rate"": 0.001, ""replacement_rate"": 0.0001, ""maturity_threshold"": 100}",14880.796959911515
A_ETTh2,S5_CONTINUAL_BACKPROP,2,"{""learning_rate"": 0.001, ""replacement_rate"": 0.001, ""maturity_threshold"": 50}",14886.974704215836
A_ETTh2,S5_CONTINUAL_BACKPROP,3,"{""learning_rate"": 0.001, ""replacement_rate"": 0.001, ""maturity_threshold"": 100}",15048.638173498139
A_ETTh2,S5_CONTINUAL_BACKPROP,4,"{""learning_rate"": 0.005, ""replacement_rate"": 0.0001, ""maturity_threshold"": 50}",inf
A_ETTh2,S5_CONTINUAL_BACKPROP,5,"{""learning_rate"": 0.005, ""replacement_rate"": 0.0001, ""maturity_threshold"": 100}",inf
A_ETTh2,S5_CONTINUAL_BACKPROP,6,"{""learning_rate"": 0.005, ""replacement_rate"": 0.001, ""maturity_threshold"": 50}",inf
A_ETTh2,S5_CONTINUAL_BACKPROP,7,"{""learning_rate"": 0.005, ""replacement_rate"": 0.001, ""maturity_threshold"": 100}",inf
A_ETTh2,S5_CONTINUAL_BACKPROP,8,"{""learning_rate"": 0.01, ""replacement_rate"": 0.0001, ""maturity_threshold"": 50}",inf
A_ETTh2,S5_CONTINUAL_BACKPROP,9,"{""learning_rate"": 0.01, ""replacement_rate"": 0.0001, ""maturity_threshold"": 100}",inf
A_ETTh2,S5_CONTINUAL_BACKPROP,10,"{""learning_rate"": 0.01, ""replacement_rate"": 0.001, ""maturity_threshold"": 50}",inf
A_ETTh2,S5_CONTINUAL_BACKPROP,11,"{""learning_rate"": 0.01, ""replacement_rate"": 0.001, ""maturity_threshold"": 100}",inf
A_ETTh2,S5_CONTINUAL_BACKPROP,12,"{""learning_rate"": 0.03, ""replacement_rate"": 0.0001, ""maturity_threshold"": 50}",inf
A_ETTh2,S5_CONTINUAL_BACKPROP,13,"{""learning_rate"": 0.03, ""replacement_rate"": 0.0001, ""maturity_threshold"": 100}",inf
A_ETTh2,S5_CONTINUAL_BACKPROP,14,"{""learning_rate"": 0.03, ""replacement_rate"": 0.001, ""maturity_threshold"": 50}",inf
A_ETTh2,S5_CONTINUAL_BACKPROP,15,"{""learning_rate"": 0.03, ""replacement_rate"": 0.001, ""maturity_threshold"": 100}",inf
A_ETTh2,C1_CURRENT_ONLY_LINEAR,0,"{""learning_rate"": 0.001}",14837.488631256476
A_ETTh2,C1_CURRENT_ONLY_LINEAR,1,"{""learning_rate"": 0.003}",inf
A_ETTh2,C1_CURRENT_ONLY_LINEAR,2,"{""learning_rate"": 0.01}",inf
A_ETTh2,C1_CURRENT_ONLY_LINEAR,3,"{""learning_rate"": 0.03}",inf
A_ETTh2,C2_NLMS,0,"{""step_size"": 0.01}",57.118247581221816
A_ETTh2,C2_NLMS,1,"{""step_size"": 0.05}",17.66425194576005
A_ETTh2,C2_NLMS,2,"{""step_size"": 0.1}",11.856138580505322
A_ETTh2,C2_NLMS,3,"{""step_size"": 0.2}",8.165538843713136
A_ETTh2,C3_RLS,0,"{""forgetting_factor"": 0.99}",21.26610257355536
A_ETTh2,C3_RLS,1,"{""forgetting_factor"": 0.995}",57.17987776533201
A_ETTh2,C3_RLS,2,"{""forgetting_factor"": 0.999}",180.94735614360584
A_ETTh2,C3_RLS,3,"{""forgetting_factor"": 1.0}",231.32189716767195
A_ETTh2,C4_FIXED_LAG_LINEAR,0,"{""max_lag"": 4, ""learning_rate"": 0.001}",22038099.186960943
A_ETTh2,C4_FIXED_LAG_LINEAR,1,"{""max_lag"": 4, ""learning_rate"": 0.01}",inf
A_ETTh2,C4_FIXED_LAG_LINEAR,2,"{""max_lag"": 8, ""learning_rate"": 0.001}",inf
A_ETTh2,C4_FIXED_LAG_LINEAR,3,"{""max_lag"": 8, ""learning_rate"": 0.01}",inf
A_ETTh2,C4_FIXED_LAG_LINEAR,4,"{""max_lag"": 16, ""learning_rate"": 0.001}",inf
A_ETTh2,C4_FIXED_LAG_LINEAR,5,"{""max_lag"": 16, ""learning_rate"": 0.01}",inf
A_ETTh2,C4_FIXED_LAG_LINEAR,6,"{""max_lag"": 32, ""learning_rate"": 0.001}",inf
A_ETTh2,C4_FIXED_LAG_LINEAR,7,"{""max_lag"": 32, ""learning_rate"": 0.01}",inf
A_ETTh2,IPNLMS,0,"{""mu"": 0.1}",9.926760686381163
A_ETTh2,IPNLMS,1,"{""mu"": 0.5}",4.08705589352104
A_ETTm1,B1_RZA_LMS,0,"{""learning_rate"": 0.001, ""rho_zero_attraction"": 1e-06, ""epsilon_reweight"": 10.0}",14.167271474528226
A_ETTm1,B1_RZA_LMS,1,"{""learning_rate"": 0.001, ""rho_zero_attraction"": 1e-05, ""epsilon_reweight"": 10.0}",14.16350907672153
A_ETTm1,B1_RZA_LMS,2,"{""learning_rate"": 0.001, ""rho_zero_attraction"": 0.0001, ""epsilon_reweight"": 10.0}",14.12595774513075
A_ETTm1,B1_RZA_LMS,3,"{""learning_rate"": 0.001, ""rho_zero_attraction"": 0.001, ""epsilon_reweight"": 10.0}",13.79844562016895
A_ETTm1,B1_RZA_LMS,4,"{""learning_rate"": 0.003, ""rho_zero_attraction"": 1e-06, ""epsilon_reweight"": 10.0}",15.804790220982133
A_ETTm1,B1_RZA_LMS,5,"{""learning_rate"": 0.003, ""rho_zero_attraction"": 1e-05, ""epsilon_reweight"": 10.0}",15.803290249593553
A_ETTm1,B1_RZA_LMS,6,"{""learning_rate"": 0.003, ""rho_zero_attraction"": 0.0001, ""epsilon_reweight"": 10.0}",15.788157108516979
A_ETTm1,B1_RZA_LMS,7,"{""learning_rate"": 0.003, ""rho_zero_attraction"": 0.001, ""epsilon_reweight"": 10.0}",15.638071322855353
A_ETTm1,B1_RZA_LMS,8,"{""learning_rate"": 0.01, ""rho_zero_attraction"": 1e-06, ""epsilon_reweight"": 10.0}",inf
A_ETTm1,B1_RZA_LMS,9,"{""learning_rate"": 0.01, ""rho_zero_attraction"": 1e-05, ""epsilon_reweight"": 10.0}",inf
A_ETTm1,B1_RZA_LMS,10,"{""learning_rate"": 0.01, ""rho_zero_attraction"": 0.0001, ""epsilon_reweight"": 10.0}",inf
A_ETTm1,B1_RZA_LMS,11,"{""learning_rate"": 0.01, ""rho_zero_attraction"": 0.001, ""epsilon_reweight"": 10.0}",inf
A_ETTm1,B1_RZA_LMS,12,"{""learning_rate"": 0.03, ""rho_zero_attraction"": 1e-06, ""epsilon_reweight"": 10.0}",inf
A_ETTm1,B1_RZA_LMS,13,"{""learning_rate"": 0.03, ""rho_zero_attraction"": 1e-05, ""epsilon_reweight"": 10.0}",inf
A_ETTm1,B1_RZA_LMS,14,"{""learning_rate"": 0.03, ""rho_zero_attraction"": 0.0001, ""epsilon_reweight"": 10.0}",inf
A_ETTm1,B1_RZA_LMS,15,"{""learning_rate"": 0.03, ""rho_zero_attraction"": 0.001, ""epsilon_reweight"": 10.0}",inf
A_ETTm1,B2_CCN,0,"{""readout_lr"": 0.001, ""recurrent_lr"": 0.0001, ""max_columns"": 1}",13.248954229079258
A_ETTm1,B2_CCN,1,"{""readout_lr"": 0.001, ""recurrent_lr"": 0.0001, ""max_columns"": 2}",12.929506136456451
A_ETTm1,B2_CCN,2,"{""readout_lr"": 0.001, ""recurrent_lr"": 0.001, ""max_columns"": 1}",12.311036897741133
A_ETTm1,B2_CCN,3,"{""readout_lr"": 0.001, ""recurrent_lr"": 0.001, ""max_columns"": 2}",11.888106770832755
A_ETTm1,B2_CCN,4,"{""readout_lr"": 0.003, ""recurrent_lr"": 0.0001, ""max_columns"": 1}",15.353324693596155
A_ETTm1,B2_CCN,5,"{""readout_lr"": 0.003, ""recurrent_lr"": 0.0001, ""max_columns"": 2}",15.158221446563246
A_ETTm1,B2_CCN,6,"{""readout_lr"": 0.003, ""recurrent_lr"": 0.001, ""max_columns"": 1}",14.919934155618918
A_ETTm1,B2_CCN,7,"{""readout_lr"": 0.003, ""recurrent_lr"": 0.001, ""max_columns"": 2}",14.710706698598708
A_ETTm1,B2_CCN,8,"{""readout_lr"": 0.01, ""recurrent_lr"": 0.0001, ""max_columns"": 1}",inf
A_ETTm1,B2_CCN,9,"{""readout_lr"": 0.01, ""recurrent_lr"": 0.0001, ""max_columns"": 2}",inf
A_ETTm1,B2_CCN,10,"{""readout_lr"": 0.01, ""recurrent_lr"": 0.001, ""max_columns"": 1}",inf
A_ETTm1,B2_CCN,11,"{""readout_lr"": 0.01, ""recurrent_lr"": 0.001, ""max_columns"": 2}",inf
A_ETTm1,B2_CCN,12,"{""readout_lr"": 0.03, ""recurrent_lr"": 0.0001, ""max_columns"": 1}",inf
A_ETTm1,B2_CCN,13,"{""readout_lr"": 0.03, ""recurrent_lr"": 0.0001, ""max_columns"": 2}",inf
A_ETTm1,B2_CCN,14,"{""readout_lr"": 0.03, ""recurrent_lr"": 0.001, ""max_columns"": 1}",inf
A_ETTm1,B2_CCN,15,"{""readout_lr"": 0.03, ""recurrent_lr"": 0.001, ""max_columns"": 2}",inf
A_ETTm1,B3_MUSE_RNN,0,"{""learning_rate"": 0.001, ""growth_multiplier"": 1.5, ""pruning_threshold"": 0.001}",1138.5459515787386
A_ETTm1,B3_MUSE_RNN,1,"{""learning_rate"": 0.001, ""growth_multiplier"": 1.5, ""pruning_threshold"": 0.01}",1136.3562088044407
A_ETTm1,B3_MUSE_RNN,2,"{""learning_rate"": 0.001, ""growth_multiplier"": 2.5, ""pruning_threshold"": 0.001}",1132.6226797834115
A_ETTm1,B3_MUSE_RNN,3,"{""learning_rate"": 0.001, ""growth_multiplier"": 2.5, ""pruning_threshold"": 0.01}",1140.3261681024746
A_ETTm1,B3_MUSE_RNN,4,"{""learning_rate"": 0.003, ""growth_multiplier"": 1.5, ""pruning_threshold"": 0.001}",57.06708449761271
A_ETTm1,B3_MUSE_RNN,5,"{""learning_rate"": 0.003, ""growth_multiplier"": 1.5, ""pruning_threshold"": 0.01}",270.05735504646503
A_ETTm1,B3_MUSE_RNN,6,"{""learning_rate"": 0.003, ""growth_multiplier"": 2.5, ""pruning_threshold"": 0.001}",119.32046871096979
A_ETTm1,B3_MUSE_RNN,7,"{""learning_rate"": 0.003, ""growth_multiplier"": 2.5, ""pruning_threshold"": 0.01}",68.03922176503308
A_ETTm1,B3_MUSE_RNN,8,"{""learning_rate"": 0.01, ""growth_multiplier"": 1.5, ""pruning_threshold"": 0.001}",20.608115688568677
A_ETTm1,B3_MUSE_RNN,9,"{""learning_rate"": 0.01, ""growth_multiplier"": 1.5, ""pruning_threshold"": 0.01}",18.145829572280878
A_ETTm1,B3_MUSE_RNN,10,"{""learning_rate"": 0.01, ""growth_multiplier"": 2.5, ""pruning_threshold"": 0.001}",18.8466630715954
A_ETTm1,B3_MUSE_RNN,11,"{""learning_rate"": 0.01, ""growth_multiplier"": 2.5, ""pruning_threshold"": 0.01}",21.140970114920815
A_ETTm1,B3_MUSE_RNN,12,"{""learning_rate"": 0.03, ""growth_multiplier"": 1.5, ""pruning_threshold"": 0.001}",6.285495761914166
A_ETTm1,B3_MUSE_RNN,13,"{""learning_rate"": 0.03, ""growth_multiplier"": 1.5, ""pruning_threshold"": 0.01}",10.399479545886383
A_ETTm1,B3_MUSE_RNN,14,"{""learning_rate"": 0.03, ""growth_multiplier"": 2.5, ""pruning_threshold"": 0.001}",8.07644633789456
A_ETTm1,B3_MUSE_RNN,15,"{""learning_rate"": 0.03, ""growth_multiplier"": 2.5, ""pruning_threshold"": 0.01}",5.778590943799988
A_ETTm1,B4_MINIMAL_GRU,0,"{""learning_rate"": 0.0001, ""weight_decay"": 0.9}",1144.4894602815
A_ETTm1,B4_MINIMAL_GRU,1,"{""learning_rate"": 0.0001, ""weight_decay"": 0.95}",1124.674159998951
A_ETTm1,B4_MINIMAL_GRU,2,"{""learning_rate"": 0.0001, ""weight_decay"": 0.99}",751.9773774611944
A_ETTm1,B4_MINIMAL_GRU,3,"{""learning_rate"": 0.0001, ""weight_decay"": 0.999}",744.4758894924503
A_ETTm1,B4_MINIMAL_GRU,4,"{""learning_rate"": 0.001, ""weight_decay"": 0.9}",108.9003510213255
A_ETTm1,B4_MINIMAL_GRU,5,"{""learning_rate"": 0.001, ""weight_decay"": 0.95}",106.98259292164119
A_ETTm1,B4_MINIMAL_GRU,6,"{""learning_rate"": 0.001, ""weight_decay"": 0.99}",106.31082653738046
A_ETTm1,B4_MINIMAL_GRU,7,"{""learning_rate"": 0.001, ""weight_decay"": 0.999}",109.00603015274909
A_ETTm1,B4_MINIMAL_GRU,8,"{""learning_rate"": 0.003, ""weight_decay"": 0.9}",35.030234731371365
A_ETTm1,B4_MINIMAL_GRU,9,"{""learning_rate"": 0.003, ""weight_decay"": 0.95}",33.83981602686564
A_ETTm1,B4_MINIMAL_GRU,10,"{""learning_rate"": 0.003, ""weight_decay"": 0.99}",32.57023054475648
A_ETTm1,B4_MINIMAL_GRU,11,"{""learning_rate"": 0.003, ""weight_decay"": 0.999}",35.40753245132151
A_ETTm1,B4_MINIMAL_GRU,12,"{""learning_rate"": 0.01, ""weight_decay"": 0.9}",27.09736511993329
A_ETTm1,B4_MINIMAL_GRU,13,"{""learning_rate"": 0.01, ""weight_decay"": 0.95}",22.687737376967636
A_ETTm1,B4_MINIMAL_GRU,14,"{""learning_rate"": 0.01, ""weight_decay"": 0.99}",17.977078949589092
A_ETTm1,B4_MINIMAL_GRU,15,"{""learning_rate"": 0.01, ""weight_decay"": 0.999}",13.68633025654306
A_ETTm1,B5_ONLINE_ESN,0,"{""reservoir_size"": 10, ""spectral_radius"": 0.85, ""leak_rate"": 0.3, ""readout_lr"": 0.001}",54.52759431268837
A_ETTm1,B5_ONLINE_ESN,1,"{""reservoir_size"": 10, ""spectral_radius"": 0.85, ""leak_rate"": 0.3, ""readout_lr"": 0.01}",13.857590590036793
A_ETTm1,B5_ONLINE_ESN,2,"{""reservoir_size"": 10, ""spectral_radius"": 0.85, ""leak_rate"": 0.7, ""readout_lr"": 0.001}",54.99095624307174
A_ETTm1,B5_ONLINE_ESN,3,"{""reservoir_size"": 10, ""spectral_radius"": 0.85, ""leak_rate"": 0.7, ""readout_lr"": 0.01}",13.857645912448865
A_ETTm1,B5_ONLINE_ESN,4,"{""reservoir_size"": 10, ""spectral_radius"": 0.95, ""leak_rate"": 0.3, ""readout_lr"": 0.001}",55.22846894952119
A_ETTm1,B5_ONLINE_ESN,5,"{""reservoir_size"": 10, ""spectral_radius"": 0.95, ""leak_rate"": 0.3, ""readout_lr"": 0.01}",14.359297865747642
A_ETTm1,B5_ONLINE_ESN,6,"{""reservoir_size"": 10, ""spectral_radius"": 0.95, ""leak_rate"": 0.7, ""readout_lr"": 0.001}",55.72995179990274
A_ETTm1,B5_ONLINE_ESN,7,"{""reservoir_size"": 10, ""spectral_radius"": 0.95, ""leak_rate"": 0.7, ""readout_lr"": 0.01}",14.41857724289099
A_ETTm1,B5_ONLINE_ESN,8,"{""reservoir_size"": 20, ""spectral_radius"": 0.85, ""leak_rate"": 0.3, ""readout_lr"": 0.001}",28.46423969641218
A_ETTm1,B5_ONLINE_ESN,9,"{""reservoir_size"": 20, ""spectral_radius"": 0.85, ""leak_rate"": 0.3, ""readout_lr"": 0.01}",7.6172120166810755
A_ETTm1,B5_ONLINE_ESN,10,"{""reservoir_size"": 20, ""spectral_radius"": 0.85, ""leak_rate"": 0.7, ""readout_lr"": 0.001}",28.672049203237663
A_ETTm1,B5_ONLINE_ESN,11,"{""reservoir_size"": 20, ""spectral_radius"": 0.85, ""leak_rate"": 0.7, ""readout_lr"": 0.01}",7.047444992976414
A_ETTm1,B5_ONLINE_ESN,12,"{""reservoir_size"": 20, ""spectral_radius"": 0.95, ""leak_rate"": 0.3, ""readout_lr"": 0.001}",27.4600354613703
A_ETTm1,B5_ONLINE_ESN,13,"{""reservoir_size"": 20, ""spectral_radius"": 0.95, ""leak_rate"": 0.3, ""readout_lr"": 0.01}",7.677204452793279
A_ETTm1,B5_ONLINE_ESN,14,"{""reservoir_size"": 20, ""spectral_radius"": 0.95, ""leak_rate"": 0.7, ""readout_lr"": 0.001}",27.399346688057275
A_ETTm1,B5_ONLINE_ESN,15,"{""reservoir_size"": 20, ""spectral_radius"": 0.95, ""leak_rate"": 0.7, ""readout_lr"": 0.01}",6.985352990423819
A_ETTm1,S1_VARIABLE_TAP_LMS,0,"{""learning_rate"": 0.001, ""tap_leakage"": 0.0001}",18.732241329615476
A_ETTm1,S1_VARIABLE_TAP_LMS,1,"{""learning_rate"": 0.001, ""tap_leakage"": 0.001}",17.600271834347694
A_ETTm1,S1_VARIABLE_TAP_LMS,2,"{""learning_rate"": 0.001, ""tap_leakage"": 0.01}",27.50381176354014
A_ETTm1,S1_VARIABLE_TAP_LMS,3,"{""learning_rate"": 0.001, ""tap_leakage"": 0.1}",242.32944048342188
A_ETTm1,S1_VARIABLE_TAP_LMS,4,"{""learning_rate"": 0.003, ""tap_leakage"": 0.0001}",inf
A_ETTm1,S1_VARIABLE_TAP_LMS,5,"{""learning_rate"": 0.003, ""tap_leakage"": 0.001}",inf
A_ETTm1,S1_VARIABLE_TAP_LMS,6,"{""learning_rate"": 0.003, ""tap_leakage"": 0.01}",inf
A_ETTm1,S1_VARIABLE_TAP_LMS,7,"{""learning_rate"": 0.003, ""tap_leakage"": 0.1}",inf
A_ETTm1,S1_VARIABLE_TAP_LMS,8,"{""learning_rate"": 0.01, ""tap_leakage"": 0.0001}",inf
A_ETTm1,S1_VARIABLE_TAP_LMS,9,"{""learning_rate"": 0.01, ""tap_leakage"": 0.001}",inf
A_ETTm1,S1_VARIABLE_TAP_LMS,10,"{""learning_rate"": 0.01, ""tap_leakage"": 0.01}",inf
A_ETTm1,S1_VARIABLE_TAP_LMS,11,"{""learning_rate"": 0.01, ""tap_leakage"": 0.1}",inf
A_ETTm1,S1_VARIABLE_TAP_LMS,12,"{""learning_rate"": 0.03, ""tap_leakage"": 0.0001}",inf
A_ETTm1,S1_VARIABLE_TAP_LMS,13,"{""learning_rate"": 0.03, ""tap_leakage"": 0.001}",inf
A_ETTm1,S1_VARIABLE_TAP_LMS,14,"{""learning_rate"": 0.03, ""tap_leakage"": 0.01}",inf
A_ETTm1,S1_VARIABLE_TAP_LMS,15,"{""learning_rate"": 0.03, ""tap_leakage"": 0.1}",inf
A_ETTm1,S2_LRU_STREAM,0,"{""state_lr"": 0.001, ""readout_lr"": 0.001, ""state_decay"": 0.9}",inf
A_ETTm1,S2_LRU_STREAM,1,"{""state_lr"": 0.001, ""readout_lr"": 0.001, ""state_decay"": 0.98}",inf
A_ETTm1,S2_LRU_STREAM,2,"{""state_lr"": 0.001, ""readout_lr"": 0.003, ""state_decay"": 0.9}",inf
A_ETTm1,S2_LRU_STREAM,3,"{""state_lr"": 0.001, ""readout_lr"": 0.003, ""state_decay"": 0.98}",inf
A_ETTm1,S2_LRU_STREAM,4,"{""state_lr"": 0.001, ""readout_lr"": 0.01, ""state_decay"": 0.9}",inf
A_ETTm1,S2_LRU_STREAM,5,"{""state_lr"": 0.001, ""readout_lr"": 0.01, ""state_decay"": 0.98}",inf
A_ETTm1,S2_LRU_STREAM,6,"{""state_lr"": 0.001, ""readout_lr"": 0.03, ""state_decay"": 0.9}",inf
A_ETTm1,S2_LRU_STREAM,7,"{""state_lr"": 0.001, ""readout_lr"": 0.03, ""state_decay"": 0.98}",inf
A_ETTm1,S2_LRU_STREAM,8,"{""state_lr"": 0.01, ""readout_lr"": 0.001, ""state_decay"": 0.9}",inf
A_ETTm1,S2_LRU_STREAM,9,"{""state_lr"": 0.01, ""readout_lr"": 0.001, ""state_decay"": 0.98}",inf
A_ETTm1,S2_LRU_STREAM,10,"{""state_lr"": 0.01, ""readout_lr"": 0.003, ""state_decay"": 0.9}",inf
A_ETTm1,S2_LRU_STREAM,11,"{""state_lr"": 0.01, ""readout_lr"": 0.003, ""state_decay"": 0.98}",inf
A_ETTm1,S2_LRU_STREAM,12,"{""state_lr"": 0.01, ""readout_lr"": 0.01, ""state_decay"": 0.9}",inf
A_ETTm1,S2_LRU_STREAM,13,"{""state_lr"": 0.01, ""readout_lr"": 0.01, ""state_decay"": 0.98}",inf
A_ETTm1,S2_LRU_STREAM,14,"{""state_lr"": 0.01, ""readout_lr"": 0.03, ""state_decay"": 0.9}",inf
A_ETTm1,S2_LRU_STREAM,15,"{""state_lr"": 0.01, ""readout_lr"": 0.03, ""state_decay"": 0.98}",inf
A_ETTm1,S3_RSONN,0,"{""learning_rate"": 0.001, ""growth_threshold"": 0.05, ""pruning_threshold"": 0.001}",23.503999687988486
A_ETTm1,S3_RSONN,1,"{""learning_rate"": 0.001, ""growth_threshold"": 0.05, ""pruning_threshold"": 0.005}",23.51118956125568
A_ETTm1,S3_RSONN,2,"{""learning_rate"": 0.001, ""growth_threshold"": 0.1, ""pruning_threshold"": 0.001}",23.548328333903072
A_ETTm1,S3_RSONN,3,"{""learning_rate"": 0.001, ""growth_threshold"": 0.1, ""pruning_threshold"": 0.005}",23.603887790258895
A_ETTm1,S3_RSONN,4,"{""learning_rate"": 0.005, ""growth_threshold"": 0.05, ""pruning_threshold"": 0.001}",5.44787144215432
A_ETTm1,S3_RSONN,5,"{""learning_rate"": 0.005, ""growth_threshold"": 0.05, ""pruning_threshold"": 0.005}",5.446577630127045
A_ETTm1,S3_RSONN,6,"{""learning_rate"": 0.005, ""growth_threshold"": 0.1, ""pruning_threshold"": 0.001}",5.421513084699188
A_ETTm1,S3_RSONN,7,"{""learning_rate"": 0.005, ""growth_threshold"": 0.1, ""pruning_threshold"": 0.005}",5.426000577879407
A_ETTm1,S3_RSONN,8,"{""learning_rate"": 0.01, ""growth_threshold"": 0.05, ""pruning_threshold"": 0.001}",3.8302563088460686
A_ETTm1,S3_RSONN,9,"{""learning_rate"": 0.01, ""growth_threshold"": 0.05, ""pruning_threshold"": 0.005}",3.82172704883514
A_ETTm1,S3_RSONN,10,"{""learning_rate"": 0.01, ""growth_threshold"": 0.1, ""pruning_threshold"": 0.001}",4.012919233371867
A_ETTm1,S3_RSONN,11,"{""learning_rate"": 0.01, ""growth_threshold"": 0.1, ""pruning_threshold"": 0.005}",3.8325716909162604
A_ETTm1,S3_RSONN,12,"{""learning_rate"": 0.02, ""growth_threshold"": 0.05, ""pruning_threshold"": 0.001}",3.201847980726733
A_ETTm1,S3_RSONN,13,"{""learning_rate"": 0.02, ""growth_threshold"": 0.05, ""pruning_threshold"": 0.005}",3.2038858674689923
A_ETTm1,S3_RSONN,14,"{""learning_rate"": 0.02, ""growth_threshold"": 0.1, ""pruning_threshold"": 0.001}",3.074896850540487
A_ETTm1,S3_RSONN,15,"{""learning_rate"": 0.02, ""growth_threshold"": 0.1, ""pruning_threshold"": 0.005}",3.319819601129493
A_ETTm1,S4_ACESN,0,"{""reservoir_size"": 20, ""spectral_radius"": 0.85, ""compression_ratio"": 0.25, ""readout_lr"": 0.001}",29.366639819234383
A_ETTm1,S4_ACESN,1,"{""reservoir_size"": 20, ""spectral_radius"": 0.85, ""compression_ratio"": 0.25, ""readout_lr"": 0.01}",7.715543826568806
A_ETTm1,S4_ACESN,2,"{""reservoir_size"": 20, ""spectral_radius"": 0.85, ""compression_ratio"": 0.5, ""readout_lr"": 0.001}",29.12185876130951
A_ETTm1,S4_ACESN,3,"{""reservoir_size"": 20, ""spectral_radius"": 0.85, ""compression_ratio"": 0.5, ""readout_lr"": 0.01}",7.442142732268355
A_ETTm1,S4_ACESN,4,"{""reservoir_size"": 20, ""spectral_radius"": 0.95, ""compression_ratio"": 0.25, ""readout_lr"": 0.001}",28.093986692998197
A_ETTm1,S4_ACESN,5,"{""reservoir_size"": 20, ""spectral_radius"": 0.95, ""compression_ratio"": 0.25, ""readout_lr"": 0.01}",7.726130461046466
A_ETTm1,S4_ACESN,6,"{""reservoir_size"": 20, ""spectral_radius"": 0.95, ""compression_ratio"": 0.5, ""readout_lr"": 0.001}",27.852158303091603
A_ETTm1,S4_ACESN,7,"{""reservoir_size"": 20, ""spectral_radius"": 0.95, ""compression_ratio"": 0.5, ""readout_lr"": 0.01}",7.4284713975919425
A_ETTm1,S4_ACESN,8,"{""reservoir_size"": 40, ""spectral_radius"": 0.85, ""compression_ratio"": 0.25, ""readout_lr"": 0.001}",13.615973525933782
A_ETTm1,S4_ACESN,9,"{""reservoir_size"": 40, ""spectral_radius"": 0.85, ""compression_ratio"": 0.25, ""readout_lr"": 0.01}",3.1348219718922636
A_ETTm1,S4_ACESN,10,"{""reservoir_size"": 40, ""spectral_radius"": 0.85, ""compression_ratio"": 0.5, ""readout_lr"": 0.001}",13.217626853410332
A_ETTm1,S4_ACESN,11,"{""reservoir_size"": 40, ""spectral_radius"": 0.85, ""compression_ratio"": 0.5, ""readout_lr"": 0.01}",2.8962889543503945
A_ETTm1,S4_ACESN,12,"{""reservoir_size"": 40, ""spectral_radius"": 0.95, ""compression_ratio"": 0.25, ""readout_lr"": 0.001}",12.527866972854122
A_ETTm1,S4_ACESN,13,"{""reservoir_size"": 40, ""spectral_radius"": 0.95, ""compression_ratio"": 0.25, ""readout_lr"": 0.01}",2.9915431341945093
A_ETTm1,S4_ACESN,14,"{""reservoir_size"": 40, ""spectral_radius"": 0.95, ""compression_ratio"": 0.5, ""readout_lr"": 0.001}",12.138329158042216
A_ETTm1,S4_ACESN,15,"{""reservoir_size"": 40, ""spectral_radius"": 0.95, ""compression_ratio"": 0.5, ""readout_lr"": 0.01}",2.753366670272554
A_ETTm1,S5_CONTINUAL_BACKPROP,0,"{""learning_rate"": 0.001, ""replacement_rate"": 0.0001, ""maturity_threshold"": 50}",14.161777205088718
A_ETTm1,S5_CONTINUAL_BACKPROP,1,"{""learning_rate"": 0.001, ""replacement_rate"": 0.0001, ""maturity_threshold"": 100}",14.17048649600725
A_ETTm1,S5_CONTINUAL_BACKPROP,2,"{""learning_rate"": 0.001, ""replacement_rate"": 0.001, ""maturity_threshold"": 50}",14.177606116534731
A_ETTm1,S5_CONTINUAL_BACKPROP,3,"{""learning_rate"": 0.001, ""replacement_rate"": 0.001, ""maturity_threshold"": 100}",14.161168718282847
A_ETTm1,S5_CONTINUAL_BACKPROP,4,"{""learning_rate"": 0.005, ""replacement_rate"": 0.0001, ""maturity_threshold"": 50}",4028672.351295825
A_ETTm1,S5_CONTINUAL_BACKPROP,5,"{""learning_rate"": 0.005, ""replacement_rate"": 0.0001, ""maturity_threshold"": 100}",3902315.601010283
A_ETTm1,S5_CONTINUAL_BACKPROP,6,"{""learning_rate"": 0.005, ""replacement_rate"": 0.001, ""maturity_threshold"": 50}",3948280.370180905
A_ETTm1,S5_CONTINUAL_BACKPROP,7,"{""learning_rate"": 0.005, ""replacement_rate"": 0.001, ""maturity_threshold"": 100}",4029753.009967078
A_ETTm1,S5_CONTINUAL_BACKPROP,8,"{""learning_rate"": 0.01, ""replacement_rate"": 0.0001, ""maturity_threshold"": 50}",inf
A_ETTm1,S5_CONTINUAL_BACKPROP,9,"{""learning_rate"": 0.01, ""replacement_rate"": 0.0001, ""maturity_threshold"": 100}",inf
A_ETTm1,S5_CONTINUAL_BACKPROP,10,"{""learning_rate"": 0.01, ""replacement_rate"": 0.001, ""maturity_threshold"": 50}",inf
A_ETTm1,S5_CONTINUAL_BACKPROP,11,"{""learning_rate"": 0.01, ""replacement_rate"": 0.001, ""maturity_threshold"": 100}",inf
A_ETTm1,S5_CONTINUAL_BACKPROP,12,"{""learning_rate"": 0.03, ""replacement_rate"": 0.0001, ""maturity_threshold"": 50}",inf
A_ETTm1,S5_CONTINUAL_BACKPROP,13,"{""learning_rate"": 0.03, ""replacement_rate"": 0.0001, ""maturity_threshold"": 100}",inf
A_ETTm1,S5_CONTINUAL_BACKPROP,14,"{""learning_rate"": 0.03, ""replacement_rate"": 0.001, ""maturity_threshold"": 50}",inf
A_ETTm1,S5_CONTINUAL_BACKPROP,15,"{""learning_rate"": 0.03, ""replacement_rate"": 0.001, ""maturity_threshold"": 100}",inf
A_ETTm1,C1_CURRENT_ONLY_LINEAR,0,"{""learning_rate"": 0.001}",14.167689626201414
A_ETTm1,C1_CURRENT_ONLY_LINEAR,1,"{""learning_rate"": 0.003}",15.804956739052715
A_ETTm1,C1_CURRENT_ONLY_LINEAR,2,"{""learning_rate"": 0.01}",inf
A_ETTm1,C1_CURRENT_ONLY_LINEAR,3,"{""learning_rate"": 0.03}",inf
A_ETTm1,C2_NLMS,0,"{""step_size"": 0.01}",33.8431551122525
A_ETTm1,C2_NLMS,1,"{""step_size"": 0.05}",10.40485153886973
A_ETTm1,C2_NLMS,2,"{""step_size"": 0.1}",5.709234349994401
A_ETTm1,C2_NLMS,3,"{""step_size"": 0.2}",3.3040936619560513
A_ETTm1,C3_RLS,0,"{""forgetting_factor"": 0.99}",12076.405697553333
A_ETTm1,C3_RLS,1,"{""forgetting_factor"": 0.995}",6.996606538390142
A_ETTm1,C3_RLS,2,"{""forgetting_factor"": 0.999}",39.1282790396118
A_ETTm1,C3_RLS,3,"{""forgetting_factor"": 1.0}",84.29779577838616
A_ETTm1,C4_FIXED_LAG_LINEAR,0,"{""max_lag"": 4, ""learning_rate"": 0.001}",72.25720978772846
A_ETTm1,C4_FIXED_LAG_LINEAR,1,"{""max_lag"": 4, ""learning_rate"": 0.01}",inf
A_ETTm1,C4_FIXED_LAG_LINEAR,2,"{""max_lag"": 8, ""learning_rate"": 0.001}",55.8938965241731
A_ETTm1,C4_FIXED_LAG_LINEAR,3,"{""max_lag"": 8, ""learning_rate"": 0.01}",inf
A_ETTm1,C4_FIXED_LAG_LINEAR,4,"{""max_lag"": 16, ""learning_rate"": 0.001}",35.970315820887706
A_ETTm1,C4_FIXED_LAG_LINEAR,5,"{""max_lag"": 16, ""learning_rate"": 0.01}",inf
A_ETTm1,C4_FIXED_LAG_LINEAR,6,"{""max_lag"": 32, ""learning_rate"": 0.001}",17.015176104455055
A_ETTm1,C4_FIXED_LAG_LINEAR,7,"{""max_lag"": 32, ""learning_rate"": 0.01}",inf
A_ETTm1,IPNLMS,0,"{""mu"": 0.1}",2.454394879478635
A_ETTm1,IPNLMS,1,"{""mu"": 0.5}",1.2155580542992903
A_ETTm2,B1_RZA_LMS,0,"{""learning_rate"": 0.001, ""rho_zero_attraction"": 1e-06, ""epsilon_reweight"": 10.0}",14425.150125304202
A_ETTm2,B1_RZA_LMS,1,"{""learning_rate"": 0.001, ""rho_zero_attraction"": 1e-05, ""epsilon_reweight"": 10.0}",14425.157970767968
A_ETTm2,B1_RZA_LMS,2,"{""learning_rate"": 0.001, ""rho_zero_attraction"": 0.0001, ""epsilon_reweight"": 10.0}",14425.236095365164
A_ETTm2,B1_RZA_LMS,3,"{""learning_rate"": 0.001, ""rho_zero_attraction"": 0.001, ""epsilon_reweight"": 10.0}",14426.026273298192
A_ETTm2,B1_RZA_LMS,4,"{""learning_rate"": 0.003, ""rho_zero_attraction"": 1e-06, ""epsilon_reweight"": 10.0}",inf
A_ETTm2,B1_RZA_LMS,5,"{""learning_rate"": 0.003, ""rho_zero_attraction"": 1e-05, ""epsilon_reweight"": 10.0}",inf
A_ETTm2,B1_RZA_LMS,6,"{""learning_rate"": 0.003, ""rho_zero_attraction"": 0.0001, ""epsilon_reweight"": 10.0}",inf
A_ETTm2,B1_RZA_LMS,7,"{""learning_rate"": 0.003, ""rho_zero_attraction"": 0.001, ""epsilon_reweight"": 10.0}",inf
A_ETTm2,B1_RZA_LMS,8,"{""learning_rate"": 0.01, ""rho_zero_attraction"": 1e-06, ""epsilon_reweight"": 10.0}",inf
A_ETTm2,B1_RZA_LMS,9,"{""learning_rate"": 0.01, ""rho_zero_attraction"": 1e-05, ""epsilon_reweight"": 10.0}",inf
A_ETTm2,B1_RZA_LMS,10,"{""learning_rate"": 0.01, ""rho_zero_attraction"": 0.0001, ""epsilon_reweight"": 10.0}",inf
A_ETTm2,B1_RZA_LMS,11,"{""learning_rate"": 0.01, ""rho_zero_attraction"": 0.001, ""epsilon_reweight"": 10.0}",inf
A_ETTm2,B1_RZA_LMS,12,"{""learning_rate"": 0.03, ""rho_zero_attraction"": 1e-06, ""epsilon_reweight"": 10.0}",inf
A_ETTm2,B1_RZA_LMS,13,"{""learning_rate"": 0.03, ""rho_zero_attraction"": 1e-05, ""epsilon_reweight"": 10.0}",inf
A_ETTm2,B1_RZA_LMS,14,"{""learning_rate"": 0.03, ""rho_zero_attraction"": 0.0001, ""epsilon_reweight"": 10.0}",inf
A_ETTm2,B1_RZA_LMS,15,"{""learning_rate"": 0.03, ""rho_zero_attraction"": 0.001, ""epsilon_reweight"": 10.0}",inf
A_ETTm2,B2_CCN,0,"{""readout_lr"": 0.001, ""recurrent_lr"": 0.0001, ""max_columns"": 1}",14564.366543953607
A_ETTm2,B2_CCN,1,"{""readout_lr"": 0.001, ""recurrent_lr"": 0.0001, ""max_columns"": 2}",14564.454889123686
A_ETTm2,B2_CCN,2,"{""readout_lr"": 0.001, ""recurrent_lr"": 0.001, ""max_columns"": 1}",14573.512814678392
A_ETTm2,B2_CCN,3,"{""readout_lr"": 0.001, ""recurrent_lr"": 0.001, ""max_columns"": 2}",14575.758545135637
A_ETTm2,B2_CCN,4,"{""readout_lr"": 0.003, ""recurrent_lr"": 0.0001, ""max_columns"": 1}",inf
A_ETTm2,B2_CCN,5,"{""readout_lr"": 0.003, ""recurrent_lr"": 0.0001, ""max_columns"": 2}",inf
A_ETTm2,B2_CCN,6,"{""readout_lr"": 0.003, ""recurrent_lr"": 0.001, ""max_columns"": 1}",inf
A_ETTm2,B2_CCN,7,"{""readout_lr"": 0.003, ""recurrent_lr"": 0.001, ""max_columns"": 2}",inf
A_ETTm2,B2_CCN,8,"{""readout_lr"": 0.01, ""recurrent_lr"": 0.0001, ""max_columns"": 1}",inf
A_ETTm2,B2_CCN,9,"{""readout_lr"": 0.01, ""recurrent_lr"": 0.0001, ""max_columns"": 2}",inf
A_ETTm2,B2_CCN,10,"{""readout_lr"": 0.01, ""recurrent_lr"": 0.001, ""max_columns"": 1}",inf
A_ETTm2,B2_CCN,11,"{""readout_lr"": 0.01, ""recurrent_lr"": 0.001, ""max_columns"": 2}",inf
A_ETTm2,B2_CCN,12,"{""readout_lr"": 0.03, ""recurrent_lr"": 0.0001, ""max_columns"": 1}",inf
A_ETTm2,B2_CCN,13,"{""readout_lr"": 0.03, ""recurrent_lr"": 0.0001, ""max_columns"": 2}",inf
A_ETTm2,B2_CCN,14,"{""readout_lr"": 0.03, ""recurrent_lr"": 0.001, ""max_columns"": 1}",inf
A_ETTm2,B2_CCN,15,"{""readout_lr"": 0.03, ""recurrent_lr"": 0.001, ""max_columns"": 2}",inf
A_ETTm2,B3_MUSE_RNN,0,"{""learning_rate"": 0.001, ""growth_multiplier"": 1.5, ""pruning_threshold"": 0.001}",641.9828646286602
A_ETTm2,B3_MUSE_RNN,1,"{""learning_rate"": 0.001, ""growth_multiplier"": 1.5, ""pruning_threshold"": 0.01}",1415.9357953447015
A_ETTm2,B3_MUSE_RNN,2,"{""learning_rate"": 0.001, ""growth_multiplier"": 2.5, ""pruning_threshold"": 0.001}",620.0955422236162
A_ETTm2,B3_MUSE_RNN,3,"{""learning_rate"": 0.001, ""growth_multiplier"": 2.5, ""pruning_threshold"": 0.01}",739.208273351922
A_ETTm2,B3_MUSE_RNN,4,"{""learning_rate"": 0.003, ""growth_multiplier"": 1.5, ""pruning_threshold"": 0.001}",154.80573327314187
A_ETTm2,B3_MUSE_RNN,5,"{""learning_rate"": 0.003, ""growth_multiplier"": 1.5, ""pruning_threshold"": 0.01}",267.30751826200867
A_ETTm2,B3_MUSE_RNN,6,"{""learning_rate"": 0.003, ""growth_multiplier"": 2.5, ""pruning_threshold"": 0.001}",148.93668289619038
A_ETTm2,B3_MUSE_RNN,7,"{""learning_rate"": 0.003, ""growth_multiplier"": 2.5, ""pruning_threshold"": 0.01}",218.9787798672688
A_ETTm2,B3_MUSE_RNN,8,"{""learning_rate"": 0.01, ""growth_multiplier"": 1.5, ""pruning_threshold"": 0.001}",52.384064691396304
A_ETTm2,B3_MUSE_RNN,9,"{""learning_rate"": 0.01, ""growth_multiplier"": 1.5, ""pruning_threshold"": 0.01}",40.36687415157244
A_ETTm2,B3_MUSE_RNN,10,"{""learning_rate"": 0.01, ""growth_multiplier"": 2.5, ""pruning_threshold"": 0.001}",22.404661933095188
A_ETTm2,B3_MUSE_RNN,11,"{""learning_rate"": 0.01, ""growth_multiplier"": 2.5, ""pruning_threshold"": 0.01}",32.63790586277628
A_ETTm2,B3_MUSE_RNN,12,"{""learning_rate"": 0.03, ""growth_multiplier"": 1.5, ""pruning_threshold"": 0.001}",10.178231032642154
A_ETTm2,B3_MUSE_RNN,13,"{""learning_rate"": 0.03, ""growth_multiplier"": 1.5, ""pruning_threshold"": 0.01}",9.779509955150873
A_ETTm2,B3_MUSE_RNN,14,"{""learning_rate"": 0.03, ""growth_multiplier"": 2.5, ""pruning_threshold"": 0.001}",8.5103922418376
A_ETTm2,B3_MUSE_RNN,15,"{""learning_rate"": 0.03, ""growth_multiplier"": 2.5, ""pruning_threshold"": 0.01}",13.696660914609508
A_ETTm2,B4_MINIMAL_GRU,0,"{""learning_rate"": 0.0001, ""weight_decay"": 0.9}",1808.8359688592398
A_ETTm2,B4_MINIMAL_GRU,1,"{""learning_rate"": 0.0001, ""weight_decay"": 0.95}",1439.2278669069426
A_ETTm2,B4_MINIMAL_GRU,2,"{""learning_rate"": 0.0001, ""weight_decay"": 0.99}",1164.1454826685551
A_ETTm2,B4_MINIMAL_GRU,3,"{""learning_rate"": 0.0001, ""weight_decay"": 0.999}",1166.219584172326
A_ETTm2,B4_MINIMAL_GRU,4,"{""learning_rate"": 0.001, ""weight_decay"": 0.9}",162.92788635932507
A_ETTm2,B4_MINIMAL_GRU,5,"{""learning_rate"": 0.001, ""weight_decay"": 0.95}",160.52564140198714
A_ETTm2,B4_MINIMAL_GRU,6,"{""learning_rate"": 0.001, ""weight_decay"": 0.99}",161.6601317861301
A_ETTm2,B4_MINIMAL_GRU,7,"{""learning_rate"": 0.001, ""weight_decay"": 0.999}",163.81816149899737
A_ETTm2,B4_MINIMAL_GRU,8,"{""learning_rate"": 0.003, ""weight_decay"": 0.9}",44.856015828412175
A_ETTm2,B4_MINIMAL_GRU,9,"{""learning_rate"": 0.003, ""weight_decay"": 0.95}",45.26849557113937
A_ETTm2,B4_MINIMAL_GRU,10,"{""learning_rate"": 0.003, ""weight_decay"": 0.99}",48.59632888068762
A_ETTm2,B4_MINIMAL_GRU,11,"{""learning_rate"": 0.003, ""weight_decay"": 0.999}",54.260879741986344
A_ETTm2,B4_MINIMAL_GRU,12,"{""learning_rate"": 0.01, ""weight_decay"": 0.9}",121.15930486142774
A_ETTm2,B4_MINIMAL_GRU,13,"{""learning_rate"": 0.01, ""weight_decay"": 0.95}",107.38657601526252
A_ETTm2,B4_MINIMAL_GRU,14,"{""learning_rate"": 0.01, ""weight_decay"": 0.99}",159.60850690070458
A_ETTm2,B4_MINIMAL_GRU,15,"{""learning_rate"": 0.01, ""weight_decay"": 0.999}",23.998050151135487
A_ETTm2,B5_ONLINE_ESN,0,"{""reservoir_size"": 10, ""spectral_radius"": 0.85, ""leak_rate"": 0.3, ""readout_lr"": 0.001}",85.36300331535097
A_ETTm2,B5_ONLINE_ESN,1,"{""reservoir_size"": 10, ""spectral_radius"": 0.85, ""leak_rate"": 0.3, ""readout_lr"": 0.01}",23.272201547582103
A_ETTm2,B5_ONLINE_ESN,2,"{""reservoir_size"": 10, ""spectral_radius"": 0.85, ""leak_rate"": 0.7, ""readout_lr"": 0.001}",85.81718290631943
A_ETTm2,B5_ONLINE_ESN,3,"{""reservoir_size"": 10, ""spectral_radius"": 0.85, ""leak_rate"": 0.7, ""readout_lr"": 0.01}",23.76452931209246
A_ETTm2,B5_ONLINE_ESN,4,"{""reservoir_size"": 10, ""spectral_radius"": 0.95, ""leak_rate"": 0.3, ""readout_lr"": 0.001}",84.17043414288075
A_ETTm2,B5_ONLINE_ESN,5,"{""reservoir_size"": 10, ""spectral_radius"": 0.95, ""leak_rate"": 0.3, ""readout_lr"": 0.01}",24.099807064514135
A_ETTm2,B5_ONLINE_ESN,6,"{""reservoir_size"": 10, ""spectral_radius"": 0.95, ""leak_rate"": 0.7, ""readout_lr"": 0.001}",84.54483399542845
A_ETTm2,B5_ONLINE_ESN,7,"{""reservoir_size"": 10, ""spectral_radius"": 0.95, ""leak_rate"": 0.7, ""readout_lr"": 0.01}",24.629094692958017
A_ETTm2,B5_ONLINE_ESN,8,"{""reservoir_size"": 20, ""spectral_radius"": 0.85, ""leak_rate"": 0.3, ""readout_lr"": 0.001}",30.752268226077337
A_ETTm2,B5_ONLINE_ESN,9,"{""reservoir_size"": 20, ""spectral_radius"": 0.85, ""leak_rate"": 0.3, ""readout_lr"": 0.01}",10.143211883502536
A_ETTm2,B5_ONLINE_ESN,10,"{""reservoir_size"": 20, ""spectral_radius"": 0.85, ""leak_rate"": 0.7, ""readout_lr"": 0.001}",31.32849644631501
A_ETTm2,B5_ONLINE_ESN,11,"{""reservoir_size"": 20, ""spectral_radius"": 0.85, ""leak_rate"": 0.7, ""readout_lr"": 0.01}",10.210578171745619
A_ETTm2,B5_ONLINE_ESN,12,"{""reservoir_size"": 20, ""spectral_radius"": 0.95, ""leak_rate"": 0.3, ""readout_lr"": 0.001}",29.88413611133501
A_ETTm2,B5_ONLINE_ESN,13,"{""reservoir_size"": 20, ""spectral_radius"": 0.95, ""leak_rate"": 0.3, ""readout_lr"": 0.01}",9.74336996747329
A_ETTm2,B5_ONLINE_ESN,14,"{""reservoir_size"": 20, ""spectral_radius"": 0.95, ""leak_rate"": 0.7, ""readout_lr"": 0.001}",30.44463386772306
A_ETTm2,B5_ONLINE_ESN,15,"{""reservoir_size"": 20, ""spectral_radius"": 0.95, ""leak_rate"": 0.7, ""readout_lr"": 0.01}",9.813149560242763
A_ETTm2,S1_VARIABLE_TAP_LMS,0,"{""learning_rate"": 0.001, ""tap_leakage"": 0.0001}",inf
A_ETTm2,S1_VARIABLE_TAP_LMS,1,"{""learning_rate"": 0.001, ""tap_leakage"": 0.001}",inf
A_ETTm2,S1_VARIABLE_TAP_LMS,2,"{""learning_rate"": 0.001, ""tap_leakage"": 0.01}",inf
A_ETTm2,S1_VARIABLE_TAP_LMS,3,"{""learning_rate"": 0.001, ""tap_leakage"": 0.1}",inf
A_ETTm2,S1_VARIABLE_TAP_LMS,4,"{""learning_rate"": 0.003, ""tap_leakage"": 0.0001}",inf
A_ETTm2,S1_VARIABLE_TAP_LMS,5,"{""learning_rate"": 0.003, ""tap_leakage"": 0.001}",inf
A_ETTm2,S1_VARIABLE_TAP_LMS,6,"{""learning_rate"": 0.003, ""tap_leakage"": 0.01}",inf
A_ETTm2,S1_VARIABLE_TAP_LMS,7,"{""learning_rate"": 0.003, ""tap_leakage"": 0.1}",inf
A_ETTm2,S1_VARIABLE_TAP_LMS,8,"{""learning_rate"": 0.01, ""tap_leakage"": 0.0001}",inf
A_ETTm2,S1_VARIABLE_TAP_LMS,9,"{""learning_rate"": 0.01, ""tap_leakage"": 0.001}",inf
A_ETTm2,S1_VARIABLE_TAP_LMS,10,"{""learning_rate"": 0.01, ""tap_leakage"": 0.01}",inf
A_ETTm2,S1_VARIABLE_TAP_LMS,11,"{""learning_rate"": 0.01, ""tap_leakage"": 0.1}",inf
A_ETTm2,S1_VARIABLE_TAP_LMS,12,"{""learning_rate"": 0.03, ""tap_leakage"": 0.0001}",inf
A_ETTm2,S1_VARIABLE_TAP_LMS,13,"{""learning_rate"": 0.03, ""tap_leakage"": 0.001}",inf
A_ETTm2,S1_VARIABLE_TAP_LMS,14,"{""learning_rate"": 0.03, ""tap_leakage"": 0.01}",inf
A_ETTm2,S1_VARIABLE_TAP_LMS,15,"{""learning_rate"": 0.03, ""tap_leakage"": 0.1}",inf
A_ETTm2,S2_LRU_STREAM,0,"{""state_lr"": 0.001, ""readout_lr"": 0.001, ""state_decay"": 0.9}",inf
A_ETTm2,S2_LRU_STREAM,1,"{""state_lr"": 0.001, ""readout_lr"": 0.001, ""state_decay"": 0.98}",inf
A_ETTm2,S2_LRU_STREAM,2,"{""state_lr"": 0.001, ""readout_lr"": 0.003, ""state_decay"": 0.9}",inf
A_ETTm2,S2_LRU_STREAM,3,"{""state_lr"": 0.001, ""readout_lr"": 0.003, ""state_decay"": 0.98}",inf
A_ETTm2,S2_LRU_STREAM,4,"{""state_lr"": 0.001, ""readout_lr"": 0.01, ""state_decay"": 0.9}",inf
A_ETTm2,S2_LRU_STREAM,5,"{""state_lr"": 0.001, ""readout_lr"": 0.01, ""state_decay"": 0.98}",inf
A_ETTm2,S2_LRU_STREAM,6,"{""state_lr"": 0.001, ""readout_lr"": 0.03, ""state_decay"": 0.9}",inf
A_ETTm2,S2_LRU_STREAM,7,"{""state_lr"": 0.001, ""readout_lr"": 0.03, ""state_decay"": 0.98}",inf
A_ETTm2,S2_LRU_STREAM,8,"{""state_lr"": 0.01, ""readout_lr"": 0.001, ""state_decay"": 0.9}",inf
A_ETTm2,S2_LRU_STREAM,9,"{""state_lr"": 0.01, ""readout_lr"": 0.001, ""state_decay"": 0.98}",inf
A_ETTm2,S2_LRU_STREAM,10,"{""state_lr"": 0.01, ""readout_lr"": 0.003, ""state_decay"": 0.9}",inf
A_ETTm2,S2_LRU_STREAM,11,"{""state_lr"": 0.01, ""readout_lr"": 0.003, ""state_decay"": 0.98}",inf
A_ETTm2,S2_LRU_STREAM,12,"{""state_lr"": 0.01, ""readout_lr"": 0.01, ""state_decay"": 0.9}",inf
A_ETTm2,S2_LRU_STREAM,13,"{""state_lr"": 0.01, ""readout_lr"": 0.01, ""state_decay"": 0.98}",inf
A_ETTm2,S2_LRU_STREAM,14,"{""state_lr"": 0.01, ""readout_lr"": 0.03, ""state_decay"": 0.9}",inf
A_ETTm2,S2_LRU_STREAM,15,"{""state_lr"": 0.01, ""readout_lr"": 0.03, ""state_decay"": 0.98}",inf
A_ETTm2,S3_RSONN,0,"{""learning_rate"": 0.001, ""growth_threshold"": 0.05, ""pruning_threshold"": 0.001}",38.18413059154461
A_ETTm2,S3_RSONN,1,"{""learning_rate"": 0.001, ""growth_threshold"": 0.05, ""pruning_threshold"": 0.005}",37.471312566561004
A_ETTm2,S3_RSONN,2,"{""learning_rate"": 0.001, ""growth_threshold"": 0.1, ""pruning_threshold"": 0.001}",37.37746971412307
A_ETTm2,S3_RSONN,3,"{""learning_rate"": 0.001, ""growth_threshold"": 0.1, ""pruning_threshold"": 0.005}",37.18009465216578
A_ETTm2,S3_RSONN,4,"{""learning_rate"": 0.005, ""growth_threshold"": 0.05, ""pruning_threshold"": 0.001}",9.522584668613474
A_ETTm2,S3_RSONN,5,"{""learning_rate"": 0.005, ""growth_threshold"": 0.05, ""pruning_threshold"": 0.005}",9.434538871796143
A_ETTm2,S3_RSONN,6,"{""learning_rate"": 0.005, ""growth_threshold"": 0.1, ""pruning_threshold"": 0.001}",9.55476870150357
A_ETTm2,S3_RSONN,7,"{""learning_rate"": 0.005, ""growth_threshold"": 0.1, ""pruning_threshold"": 0.005}",9.535277092970096
A_ETTm2,S3_RSONN,8,"{""learning_rate"": 0.01, ""growth_threshold"": 0.05, ""pruning_threshold"": 0.001}",9.433825281511178
A_ETTm2,S3_RSONN,9,"{""learning_rate"": 0.01, ""growth_threshold"": 0.05, ""pruning_threshold"": 0.005}",8.499313512382313
A_ETTm2,S3_RSONN,10,"{""learning_rate"": 0.01, ""growth_threshold"": 0.1, ""pruning_threshold"": 0.001}",9.266491362861858
A_ETTm2,S3_RSONN,11,"{""learning_rate"": 0.01, ""growth_threshold"": 0.1, ""pruning_threshold"": 0.005}",8.610215593696076
A_ETTm2,S3_RSONN,12,"{""learning_rate"": 0.02, ""growth_threshold"": 0.05, ""pruning_threshold"": 0.001}",7.040558232026718
A_ETTm2,S3_RSONN,13,"{""learning_rate"": 0.02, ""growth_threshold"": 0.05, ""pruning_threshold"": 0.005}",7.564277221136899
A_ETTm2,S3_RSONN,14,"{""learning_rate"": 0.02, ""growth_threshold"": 0.1, ""pruning_threshold"": 0.001}",7.269202074065393
A_ETTm2,S3_RSONN,15,"{""learning_rate"": 0.02, ""growth_threshold"": 0.1, ""pruning_threshold"": 0.005}",7.484202217067055
A_ETTm2,S4_ACESN,0,"{""reservoir_size"": 20, ""spectral_radius"": 0.85, ""compression_ratio"": 0.25, ""readout_lr"": 0.001}",33.188470014118685
A_ETTm2,S4_ACESN,1,"{""reservoir_size"": 20, ""spectral_radius"": 0.85, ""compression_ratio"": 0.25, ""readout_lr"": 0.01}",11.512411725026574
A_ETTm2,S4_ACESN,2,"{""reservoir_size"": 20, ""spectral_radius"": 0.85, ""compression_ratio"": 0.5, ""readout_lr"": 0.001}",32.806409732826616
A_ETTm2,S4_ACESN,3,"{""reservoir_size"": 20, ""spectral_radius"": 0.85, ""compression_ratio"": 0.5, ""readout_lr"": 0.01}",11.147900405812413
A_ETTm2,S4_ACESN,4,"{""reservoir_size"": 20, ""spectral_radius"": 0.95, ""compression_ratio"": 0.25, ""readout_lr"": 0.001}",32.50284106060656
A_ETTm2,S4_ACESN,5,"{""reservoir_size"": 20, ""spectral_radius"": 0.95, ""compression_ratio"": 0.25, ""readout_lr"": 0.01}",11.28789710576541
A_ETTm2,S4_ACESN,6,"{""reservoir_size"": 20, ""spectral_radius"": 0.95, ""compression_ratio"": 0.5, ""readout_lr"": 0.001}",32.118234001003344
A_ETTm2,S4_ACESN,7,"{""reservoir_size"": 20, ""spectral_radius"": 0.95, ""compression_ratio"": 0.5, ""readout_lr"": 0.01}",10.947164998976367
A_ETTm2,S4_ACESN,8,"{""reservoir_size"": 40, ""spectral_radius"": 0.85, ""compression_ratio"": 0.25, ""readout_lr"": 0.001}",24.481421102183884
A_ETTm2,S4_ACESN,9,"{""reservoir_size"": 40, ""spectral_radius"": 0.85, ""compression_ratio"": 0.25, ""readout_lr"": 0.01}",6.915869897664152
A_ETTm2,S4_ACESN,10,"{""reservoir_size"": 40, ""spectral_radius"": 0.85, ""compression_ratio"": 0.5, ""readout_lr"": 0.001}",23.77960689237236
A_ETTm2,S4_ACESN,11,"{""reservoir_size"": 40, ""spectral_radius"": 0.85, ""compression_ratio"": 0.5, ""readout_lr"": 0.01}",6.44353293476678
A_ETTm2,S4_ACESN,12,"{""reservoir_size"": 40, ""spectral_radius"": 0.95, ""compression_ratio"": 0.25, ""readout_lr"": 0.001}",24.195751715406004
A_ETTm2,S4_ACESN,13,"{""reservoir_size"": 40, ""spectral_radius"": 0.95, ""compression_ratio"": 0.25, ""readout_lr"": 0.01}",6.784598138672382
A_ETTm2,S4_ACESN,14,"{""reservoir_size"": 40, ""spectral_radius"": 0.95, ""compression_ratio"": 0.5, ""readout_lr"": 0.001}",23.492322744338207
A_ETTm2,S4_ACESN,15,"{""reservoir_size"": 40, ""spectral_radius"": 0.95, ""compression_ratio"": 0.5, ""readout_lr"": 0.01}",6.302930281584647
A_ETTm2,S5_CONTINUAL_BACKPROP,0,"{""learning_rate"": 0.001, ""replacement_rate"": 0.0001, ""maturity_threshold"": 50}",14569.623676910502
A_ETTm2,S5_CONTINUAL_BACKPROP,1,"{""learning_rate"": 0.001, ""replacement_rate"": 0.0001, ""maturity_threshold"": 100}",14355.606662751563
A_ETTm2,S5_CONTINUAL_BACKPROP,2,"{""learning_rate"": 0.001, ""replacement_rate"": 0.001, ""maturity_threshold"": 50}",13997.950315560001
A_ETTm2,S5_CONTINUAL_BACKPROP,3,"{""learning_rate"": 0.001, ""replacement_rate"": 0.001, ""maturity_threshold"": 100}",14881.131943291266
A_ETTm2,S5_CONTINUAL_BACKPROP,4,"{""learning_rate"": 0.005, ""replacement_rate"": 0.0001, ""maturity_threshold"": 50}",inf
A_ETTm2,S5_CONTINUAL_BACKPROP,5,"{""learning_rate"": 0.005, ""replacement_rate"": 0.0001, ""maturity_threshold"": 100}",inf
A_ETTm2,S5_CONTINUAL_BACKPROP,6,"{""learning_rate"": 0.005, ""replacement_rate"": 0.001, ""maturity_threshold"": 50}",inf
A_ETTm2,S5_CONTINUAL_BACKPROP,7,"{""learning_rate"": 0.005, ""replacement_rate"": 0.001, ""maturity_threshold"": 100}",inf
A_ETTm2,S5_CONTINUAL_BACKPROP,8,"{""learning_rate"": 0.01, ""replacement_rate"": 0.0001, ""maturity_threshold"": 50}",inf
A_ETTm2,S5_CONTINUAL_BACKPROP,9,"{""learning_rate"": 0.01, ""replacement_rate"": 0.0001, ""maturity_threshold"": 100}",inf
A_ETTm2,S5_CONTINUAL_BACKPROP,10,"{""learning_rate"": 0.01, ""replacement_rate"": 0.001, ""maturity_threshold"": 50}",inf
A_ETTm2,S5_CONTINUAL_BACKPROP,11,"{""learning_rate"": 0.01, ""replacement_rate"": 0.001, ""maturity_threshold"": 100}",inf
A_ETTm2,S5_CONTINUAL_BACKPROP,12,"{""learning_rate"": 0.03, ""replacement_rate"": 0.0001, ""maturity_threshold"": 50}",inf
A_ETTm2,S5_CONTINUAL_BACKPROP,13,"{""learning_rate"": 0.03, ""replacement_rate"": 0.0001, ""maturity_threshold"": 100}",inf
A_ETTm2,S5_CONTINUAL_BACKPROP,14,"{""learning_rate"": 0.03, ""replacement_rate"": 0.001, ""maturity_threshold"": 50}",inf
A_ETTm2,S5_CONTINUAL_BACKPROP,15,"{""learning_rate"": 0.03, ""replacement_rate"": 0.001, ""maturity_threshold"": 100}",inf
A_ETTm2,C1_CURRENT_ONLY_LINEAR,0,"{""learning_rate"": 0.001}",14425.149259468084
A_ETTm2,C1_CURRENT_ONLY_LINEAR,1,"{""learning_rate"": 0.003}",inf
A_ETTm2,C1_CURRENT_ONLY_LINEAR,2,"{""learning_rate"": 0.01}",inf
A_ETTm2,C1_CURRENT_ONLY_LINEAR,3,"{""learning_rate"": 0.03}",inf
A_ETTm2,C2_NLMS,0,"{""step_size"": 0.01}",39.35591002717509
A_ETTm2,C2_NLMS,1,"{""step_size"": 0.05}",12.968236380174083
A_ETTm2,C2_NLMS,2,"{""step_size"": 0.1}",7.832286350267094
A_ETTm2,C2_NLMS,3,"{""step_size"": 0.2}",4.703084251275223
A_ETTm2,C3_RLS,0,"{""forgetting_factor"": 0.99}",11598079.155785514
A_ETTm2,C3_RLS,1,"{""forgetting_factor"": 0.995}",15.965750451835012
A_ETTm2,C3_RLS,2,"{""forgetting_factor"": 0.999}",193.01767159220114
A_ETTm2,C3_RLS,3,"{""forgetting_factor"": 1.0}",455.2347240723414
A_ETTm2,C4_FIXED_LAG_LINEAR,0,"{""max_lag"": 4, ""learning_rate"": 0.001}",10568196.646331852
A_ETTm2,C4_FIXED_LAG_LINEAR,1,"{""max_lag"": 4, ""learning_rate"": 0.01}",inf
A_ETTm2,C4_FIXED_LAG_LINEAR,2,"{""max_lag"": 8, ""learning_rate"": 0.001}",inf
A_ETTm2,C4_FIXED_LAG_LINEAR,3,"{""max_lag"": 8, ""learning_rate"": 0.01}",inf
A_ETTm2,C4_FIXED_LAG_LINEAR,4,"{""max_lag"": 16, ""learning_rate"": 0.001}",inf
A_ETTm2,C4_FIXED_LAG_LINEAR,5,"{""max_lag"": 16, ""learning_rate"": 0.01}",inf
A_ETTm2,C4_FIXED_LAG_LINEAR,6,"{""max_lag"": 32, ""learning_rate"": 0.001}",inf
A_ETTm2,C4_FIXED_LAG_LINEAR,7,"{""max_lag"": 32, ""learning_rate"": 0.01}",inf
A_ETTm2,IPNLMS,0,"{""mu"": 0.1}",5.786361412060567
A_ETTm2,IPNLMS,1,"{""mu"": 0.5}",1.6482485655898156
A_Exchange,B1_RZA_LMS,0,"{""learning_rate"": 0.001, ""rho_zero_attraction"": 1e-06, ""epsilon_reweight"": 10.0}",0.02830268985450464
A_Exchange,B1_RZA_LMS,1,"{""learning_rate"": 0.001, ""rho_zero_attraction"": 1e-05, ""epsilon_reweight"": 10.0}",0.029298092568868773
A_Exchange,B1_RZA_LMS,2,"{""learning_rate"": 0.001, ""rho_zero_attraction"": 0.0001, ""epsilon_reweight"": 10.0}",0.042672850845759704
A_Exchange,B1_RZA_LMS,3,"{""learning_rate"": 0.001, ""rho_zero_attraction"": 0.001, ""epsilon_reweight"": 10.0}",0.29217982264573283
A_Exchange,B1_RZA_LMS,4,"{""learning_rate"": 0.003, ""rho_zero_attraction"": 1e-06, ""epsilon_reweight"": 10.0}",0.008690529542344637
A_Exchange,B1_RZA_LMS,5,"{""learning_rate"": 0.003, ""rho_zero_attraction"": 1e-05, ""epsilon_reweight"": 10.0}",0.008814418346003576
A_Exchange,B1_RZA_LMS,6,"{""learning_rate"": 0.003, ""rho_zero_attraction"": 0.0001, ""epsilon_reweight"": 10.0}",0.010417221591026121
A_Exchange,B1_RZA_LMS,7,"{""learning_rate"": 0.003, ""rho_zero_attraction"": 0.001, ""epsilon_reweight"": 10.0}",0.02935715805733989
A_Exchange,B1_RZA_LMS,8,"{""learning_rate"": 0.01, ""rho_zero_attraction"": 1e-06, ""epsilon_reweight"": 10.0}",0.002576309113618619
A_Exchange,B1_RZA_LMS,9,"{""learning_rate"": 0.01, ""rho_zero_attraction"": 1e-05, ""epsilon_reweight"": 10.0}",0.002588540447650351
A_Exchange,B1_RZA_LMS,10,"{""learning_rate"": 0.01, ""rho_zero_attraction"": 0.0001, ""epsilon_reweight"": 10.0}",0.00274338290603366
A_Exchange,B1_RZA_LMS,11,"{""learning_rate"": 0.01, ""rho_zero_attraction"": 0.001, ""epsilon_reweight"": 10.0}",0.004740281145136573
A_Exchange,B1_RZA_LMS,12,"{""learning_rate"": 0.03, ""rho_zero_attraction"": 1e-06, ""epsilon_reweight"": 10.0}",0.0008905733243540994
A_Exchange,B1_RZA_LMS,13,"{""learning_rate"": 0.03, ""rho_zero_attraction"": 1e-05, ""epsilon_reweight"": 10.0}",0.000892178912914109
A_Exchange,B1_RZA_LMS,14,"{""learning_rate"": 0.03, ""rho_zero_attraction"": 0.0001, ""epsilon_reweight"": 10.0}",0.0009122047942185381
A_Exchange,B1_RZA_LMS,15,"{""learning_rate"": 0.03, ""rho_zero_attraction"": 0.001, ""epsilon_reweight"": 10.0}",0.0011897454112505803
A_Exchange,B2_CCN,0,"{""readout_lr"": 0.001, ""recurrent_lr"": 0.0001, ""max_columns"": 1}",0.026482667815788702
A_Exchange,B2_CCN,1,"{""readout_lr"": 0.001, ""recurrent_lr"": 0.0001, ""max_columns"": 2}",0.02651793196457432
A_Exchange,B2_CCN,2,"{""readout_lr"": 0.001, ""recurrent_lr"": 0.001, ""max_columns"": 1}",0.02647117828767025
A_Exchange,B2_CCN,3,"{""readout_lr"": 0.001, ""recurrent_lr"": 0.001, ""max_columns"": 2}",0.026477049467901182
A_Exchange,B2_CCN,4,"{""readout_lr"": 0.003, ""recurrent_lr"": 0.0001, ""max_columns"": 1}",0.008206085326685418
A_Exchange,B2_CCN,5,"{""readout_lr"": 0.003, ""recurrent_lr"": 0.0001, ""max_columns"": 2}",0.008194810986978445
A_Exchange,B2_CCN,6,"{""readout_lr"": 0.003, ""recurrent_lr"": 0.001, ""max_columns"": 1}",0.008201891136795616
A_Exchange,B2_CCN,7,"{""readout_lr"": 0.003, ""recurrent_lr"": 0.001, ""max_columns"": 2}",0.008200681130664399
A_Exchange,B2_CCN,8,"{""readout_lr"": 0.01, ""recurrent_lr"": 0.0001, ""max_columns"": 1}",0.002437391531104066
A_Exchange,B2_CCN,9,"{""readout_lr"": 0.01, ""recurrent_lr"": 0.0001, ""max_columns"": 2}",0.002438787949863365
A_Exchange,B2_CCN,10,"{""readout_lr"": 0.01, ""recurrent_lr"": 0.001, ""max_columns"": 1}",0.002439690073884278
A_Exchange,B2_CCN,11,"{""readout_lr"": 0.01, ""recurrent_lr"": 0.001, ""max_columns"": 2}",0.0024404675870654514
A_Exchange,B2_CCN,12,"{""readout_lr"": 0.03, ""recurrent_lr"": 0.0001, ""max_columns"": 1}",0.0008471893463751841
A_Exchange,B2_CCN,13,"{""readout_lr"": 0.03, ""recurrent_lr"": 0.0001, ""max_columns"": 2}",0.0008470036737629694
A_Exchange,B2_CCN,14,"{""readout_lr"": 0.03, ""recurrent_lr"": 0.001, ""max_columns"": 1}",0.0008472622063607703
A_Exchange,B2_CCN,15,"{""readout_lr"": 0.03, ""recurrent_lr"": 0.001, ""max_columns"": 2}",0.0008478155812119857
A_Exchange,B3_MUSE_RNN,0,"{""learning_rate"": 0.001, ""growth_multiplier"": 1.5, ""pruning_threshold"": 0.001}",0.3595713401906953
A_Exchange,B3_MUSE_RNN,1,"{""learning_rate"": 0.001, ""growth_multiplier"": 1.5, ""pruning_threshold"": 0.01}",0.35837910989280847
A_Exchange,B3_MUSE_RNN,2,"{""learning_rate"": 0.001, ""growth_multiplier"": 2.5, ""pruning_threshold"": 0.001}",0.3548186729514045
A_Exchange,B3_MUSE_RNN,3,"{""learning_rate"": 0.001, ""growth_multiplier"": 2.5, ""pruning_threshold"": 0.01}",0.358654417706963
A_Exchange,B3_MUSE_RNN,4,"{""learning_rate"": 0.003, ""growth_multiplier"": 1.5, ""pruning_threshold"": 0.001}",0.36108097916130283
A_Exchange,B3_MUSE_RNN,5,"{""learning_rate"": 0.003, ""growth_multiplier"": 1.5, ""pruning_threshold"": 0.01}",0.35958217027358313
A_Exchange,B3_MUSE_RNN,6,"{""learning_rate"": 0.003, ""growth_multiplier"": 2.5, ""pruning_threshold"": 0.001}",0.3608651904193804
A_Exchange,B3_MUSE_RNN,7,"{""learning_rate"": 0.003, ""growth_multiplier"": 2.5, ""pruning_threshold"": 0.01}",0.36114139409736534
A_Exchange,B3_MUSE_RNN,8,"{""learning_rate"": 0.01, ""growth_multiplier"": 1.5, ""pruning_threshold"": 0.001}",0.36117180752363226
A_Exchange,B3_MUSE_RNN,9,"{""learning_rate"": 0.01, ""growth_multiplier"": 1.5, ""pruning_threshold"": 0.01}",0.3611383584673358
A_Exchange,B3_MUSE_RNN,10,"{""learning_rate"": 0.01, ""growth_multiplier"": 2.5, ""pruning_threshold"": 0.001}",0.3611366899310242
A_Exchange,B3_MUSE_RNN,11,"{""learning_rate"": 0.01, ""growth_multiplier"": 2.5, ""pruning_threshold"": 0.01}",0.36119603397339844
A_Exchange,B3_MUSE_RNN,12,"{""learning_rate"": 0.03, ""growth_multiplier"": 1.5, ""pruning_threshold"": 0.001}",0.3612189340569694
A_Exchange,B3_MUSE_RNN,13,"{""learning_rate"": 0.03, ""growth_multiplier"": 1.5, ""pruning_threshold"": 0.01}",0.36117627905251365
A_Exchange,B3_MUSE_RNN,14,"{""learning_rate"": 0.03, ""growth_multiplier"": 2.5, ""pruning_threshold"": 0.001}",0.36122138448877045
A_Exchange,B3_MUSE_RNN,15,"{""learning_rate"": 0.03, ""growth_multiplier"": 2.5, ""pruning_threshold"": 0.01}",0.36078475491875145
A_Exchange,B4_MINIMAL_GRU,0,"{""learning_rate"": 0.0001, ""weight_decay"": 0.9}",0.3611890299735602
A_Exchange,B4_MINIMAL_GRU,1,"{""learning_rate"": 0.0001, ""weight_decay"": 0.95}",0.36122460294101444
A_Exchange,B4_MINIMAL_GRU,2,"{""learning_rate"": 0.0001, ""weight_decay"": 0.99}",0.36115020175308254
A_Exchange,B4_MINIMAL_GRU,3,"{""learning_rate"": 0.0001, ""weight_decay"": 0.999}",0.36129301533115515
A_Exchange,B4_MINIMAL_GRU,4,"{""learning_rate"": 0.001, ""weight_decay"": 0.9}",0.3611909931464588
A_Exchange,B4_MINIMAL_GRU,5,"{""learning_rate"": 0.001, ""weight_decay"": 0.95}",0.36111474668572446
A_Exchange,B4_MINIMAL_GRU,6,"{""learning_rate"": 0.001, ""weight_decay"": 0.99}",0.36087261169674817
A_Exchange,B4_MINIMAL_GRU,7,"{""learning_rate"": 0.001, ""weight_decay"": 0.999}",0.3604632907862462
A_Exchange,B4_MINIMAL_GRU,8,"{""learning_rate"": 0.003, ""weight_decay"": 0.9}",0.3610987632104173
A_Exchange,B4_MINIMAL_GRU,9,"{""learning_rate"": 0.003, ""weight_decay"": 0.95}",0.36103880359032486
A_Exchange,B4_MINIMAL_GRU,10,"{""learning_rate"": 0.003, ""weight_decay"": 0.99}",0.3601415574750276
A_Exchange,B4_MINIMAL_GRU,11,"{""learning_rate"": 0.003, ""weight_decay"": 0.999}",0.35635528319491905
A_Exchange,B4_MINIMAL_GRU,12,"{""learning_rate"": 0.01, ""weight_decay"": 0.9}",0.3608962109307341
A_Exchange,B4_MINIMAL_GRU,13,"{""learning_rate"": 0.01, ""weight_decay"": 0.95}",0.36028327251177167
A_Exchange,B4_MINIMAL_GRU,14,"{""learning_rate"": 0.01, ""weight_decay"": 0.99}",0.34728477714455225
A_Exchange,B4_MINIMAL_GRU,15,"{""learning_rate"": 0.01, ""weight_decay"": 0.999}",0.21122079505308822
A_Exchange,B5_ONLINE_ESN,0,"{""reservoir_size"": 10, ""spectral_radius"": 0.85, ""leak_rate"": 0.3, ""readout_lr"": 0.001}",0.22177470622903658
A_Exchange,B5_ONLINE_ESN,1,"{""reservoir_size"": 10, ""spectral_radius"": 0.85, ""leak_rate"": 0.3, ""readout_lr"": 0.01}",0.03946498842362258
A_Exchange,B5_ONLINE_ESN,2,"{""reservoir_size"": 10, ""spectral_radius"": 0.85, ""leak_rate"": 0.7, ""readout_lr"": 0.001}",0.2212232730754844
A_Exchange,B5_ONLINE_ESN,3,"{""reservoir_size"": 10, ""spectral_radius"": 0.85, ""leak_rate"": 0.7, ""readout_lr"": 0.01}",0.03876512816707326
A_Exchange,B5_ONLINE_ESN,4,"{""reservoir_size"": 10, ""spectral_radius"": 0.95, ""leak_rate"": 0.3, ""readout_lr"": 0.001}",0.20967686114229922
A_Exchange,B5_ONLINE_ESN,5,"{""reservoir_size"": 10, ""spectral_radius"": 0.95, ""leak_rate"": 0.3, ""readout_lr"": 0.01}",0.03745122861276495
A_Exchange,B5_ONLINE_ESN,6,"{""reservoir_size"": 10, ""spectral_radius"": 0.95, ""leak_rate"": 0.7, ""readout_lr"": 0.001}",0.20900347981329978
A_Exchange,B5_ONLINE_ESN,7,"{""reservoir_size"": 10, ""spectral_radius"": 0.95, ""leak_rate"": 0.7, ""readout_lr"": 0.01}",0.036683357584741304
A_Exchange,B5_ONLINE_ESN,8,"{""reservoir_size"": 20, ""spectral_radius"": 0.85, ""leak_rate"": 0.3, ""readout_lr"": 0.001}",0.09191373301315485
A_Exchange,B5_ONLINE_ESN,9,"{""reservoir_size"": 20, ""spectral_radius"": 0.85, ""leak_rate"": 0.3, ""readout_lr"": 0.01}",0.008667777513936154
A_Exchange,B5_ONLINE_ESN,10,"{""reservoir_size"": 20, ""spectral_radius"": 0.85, ""leak_rate"": 0.7, ""readout_lr"": 0.001}",0.09105450859223169
A_Exchange,B5_ONLINE_ESN,11,"{""reservoir_size"": 20, ""spectral_radius"": 0.85, ""leak_rate"": 0.7, ""readout_lr"": 0.01}",0.007922732791042721
A_Exchange,B5_ONLINE_ESN,12,"{""reservoir_size"": 20, ""spectral_radius"": 0.95, ""leak_rate"": 0.3, ""readout_lr"": 0.001}",0.0810387322798386
A_Exchange,B5_ONLINE_ESN,13,"{""reservoir_size"": 20, ""spectral_radius"": 0.95, ""leak_rate"": 0.3, ""readout_lr"": 0.01}",0.00795473757421807
A_Exchange,B5_ONLINE_ESN,14,"{""reservoir_size"": 20, ""spectral_radius"": 0.95, ""leak_rate"": 0.7, ""readout_lr"": 0.001}",0.07997682864702571
A_Exchange,B5_ONLINE_ESN,15,"{""reservoir_size"": 20, ""spectral_radius"": 0.95, ""leak_rate"": 0.7, ""readout_lr"": 0.01}",0.007109907632944053
A_Exchange,S1_VARIABLE_TAP_LMS,0,"{""learning_rate"": 0.001, ""tap_leakage"": 0.0001}",0.09682686767489967
A_Exchange,S1_VARIABLE_TAP_LMS,1,"{""learning_rate"": 0.001, ""tap_leakage"": 0.001}",0.1238656194439522
A_Exchange,S1_VARIABLE_TAP_LMS,2,"{""learning_rate"": 0.001, ""tap_leakage"": 0.01}",0.30384637222746813
A_Exchange,S1_VARIABLE_TAP_LMS,3,"{""learning_rate"": 0.001, ""tap_leakage"": 0.1}",0.35418966711064587
A_Exchange,S1_VARIABLE_TAP_LMS,4,"{""learning_rate"": 0.003, ""tap_leakage"": 0.0001}",0.027298973626619556
A_Exchange,S1_VARIABLE_TAP_LMS,5,"{""learning_rate"": 0.003, ""tap_leakage"": 0.001}",0.033155358394333735
A_Exchange,S1_VARIABLE_TAP_LMS,6,"{""learning_rate"": 0.003, ""tap_leakage"": 0.01}",0.11209910267635388
A_Exchange,S1_VARIABLE_TAP_LMS,7,"{""learning_rate"": 0.003, ""tap_leakage"": 0.1}",0.3407664173266421
A_Exchange,S1_VARIABLE_TAP_LMS,8,"{""learning_rate"": 0.01, ""tap_leakage"": 0.0001}",0.007937006190901746
A_Exchange,S1_VARIABLE_TAP_LMS,9,"{""learning_rate"": 0.01, ""tap_leakage"": 0.001}",0.00854342371326275
A_Exchange,S1_VARIABLE_TAP_LMS,10,"{""learning_rate"": 0.01, ""tap_leakage"": 0.01}",0.019776185849600524
A_Exchange,S1_VARIABLE_TAP_LMS,11,"{""learning_rate"": 0.01, ""tap_leakage"": 0.1}",0.29944959825898154
A_Exchange,S1_VARIABLE_TAP_LMS,12,"{""learning_rate"": 0.03, ""tap_leakage"": 0.0001}",0.0026874470502486376
A_Exchange,S1_VARIABLE_TAP_LMS,13,"{""learning_rate"": 0.03, ""tap_leakage"": 0.001}",0.0027464146963793843
A_Exchange,S1_VARIABLE_TAP_LMS,14,"{""learning_rate"": 0.03, ""tap_leakage"": 0.01}",0.004174026225668343
A_Exchange,S1_VARIABLE_TAP_LMS,15,"{""learning_rate"": 0.03, ""tap_leakage"": 0.1}",0.056289467864052645
A_Exchange,S2_LRU_STREAM,0,"{""state_lr"": 0.001, ""readout_lr"": 0.001, ""state_decay"": 0.9}",0.018521242234733934
A_Exchange,S2_LRU_STREAM,1,"{""state_lr"": 0.001, ""readout_lr"": 0.001, ""state_decay"": 0.98}",0.017067243121545127
A_Exchange,S2_LRU_STREAM,2,"{""state_lr"": 0.001, ""readout_lr"": 0.003, ""state_decay"": 0.9}",0.008542063591383495
A_Exchange,S2_LRU_STREAM,3,"{""state_lr"": 0.001, ""readout_lr"": 0.003, ""state_decay"": 0.98}",0.008338964239150053
A_Exchange,S2_LRU_STREAM,4,"{""state_lr"": 0.001, ""readout_lr"": 0.01, ""state_decay"": 0.9}",0.002246478454120015
A_Exchange,S2_LRU_STREAM,5,"{""state_lr"": 0.001, ""readout_lr"": 0.01, ""state_decay"": 0.98}",0.002337808521772644
A_Exchange,S2_LRU_STREAM,6,"{""state_lr"": 0.001, ""readout_lr"": 0.03, ""state_decay"": 0.9}",0.000926939470972086
A_Exchange,S2_LRU_STREAM,7,"{""state_lr"": 0.001, ""readout_lr"": 0.03, ""state_decay"": 0.98}",0.0009222188849698229
A_Exchange,S2_LRU_STREAM,8,"{""state_lr"": 0.01, ""readout_lr"": 0.001, ""state_decay"": 0.9}",0.011045998100625716
A_Exchange,S2_LRU_STREAM,9,"{""state_lr"": 0.01, ""readout_lr"": 0.001, ""state_decay"": 0.98}",0.01142440319949549
A_Exchange,S2_LRU_STREAM,10,"{""state_lr"": 0.01, ""readout_lr"": 0.003, ""state_decay"": 0.9}",0.0056558879773667406
A_Exchange,S2_LRU_STREAM,11,"{""state_lr"": 0.01, ""readout_lr"": 0.003, ""state_decay"": 0.98}",0.004102829717756182
A_Exchange,S2_LRU_STREAM,12,"{""state_lr"": 0.01, ""readout_lr"": 0.01, ""state_decay"": 0.9}",0.002331579642199645
A_Exchange,S2_LRU_STREAM,13,"{""state_lr"": 0.01, ""readout_lr"": 0.01, ""state_decay"": 0.98}",0.002069865909324841
A_Exchange,S2_LRU_STREAM,14,"{""state_lr"": 0.01, ""readout_lr"": 0.03, ""state_decay"": 0.9}",0.0009335327108639318
A_Exchange,S2_LRU_STREAM,15,"{""state_lr"": 0.01, ""readout_lr"": 0.03, ""state_decay"": 0.98}",0.0008150076401201
A_Exchange,S3_RSONN,0,"{""learning_rate"": 0.001, ""growth_threshold"": 0.05, ""pruning_threshold"": 0.001}",0.16699039639909194
A_Exchange,S3_RSONN,1,"{""learning_rate"": 0.001, ""growth_threshold"": 0.05, ""pruning_threshold"": 0.005}",0.17080301703314224
A_Exchange,S3_RSONN,2,"{""learning_rate"": 0.001, ""growth_threshold"": 0.1, ""pruning_threshold"": 0.001}",0.16810621362438163
A_Exchange,S3_RSONN,3,"{""learning_rate"": 0.001, ""growth_threshold"": 0.1, ""pruning_threshold"": 0.005}",0.17344840324535205
A_Exchange,S3_RSONN,4,"{""learning_rate"": 0.005, ""growth_threshold"": 0.05, ""pruning_threshold"": 0.001}",0.026337210820167312
A_Exchange,S3_RSONN,5,"{""learning_rate"": 0.005, ""growth_threshold"": 0.05, ""pruning_threshold"": 0.005}",0.035337084849536675
A_Exchange,S3_RSONN,6,"{""learning_rate"": 0.005, ""growth_threshold"": 0.1, ""pruning_threshold"": 0.001}",0.027417269206788955
A_Exchange,S3_RSONN,7,"{""learning_rate"": 0.005, ""growth_threshold"": 0.1, ""pruning_threshold"": 0.005}",0.03590834927878054
A_Exchange,S3_RSONN,8,"{""learning_rate"": 0.01, ""growth_threshold"": 0.05, ""pruning_threshold"": 0.001}",0.013350904764570237
A_Exchange,S3_RSONN,9,"{""learning_rate"": 0.01, ""growth_threshold"": 0.05, ""pruning_threshold"": 0.005}",0.01696131280021797
A_Exchange,S3_RSONN,10,"{""learning_rate"": 0.01, ""growth_threshold"": 0.1, ""pruning_threshold"": 0.001}",0.013116524198667398
A_Exchange,S3_RSONN,11,"{""learning_rate"": 0.01, ""growth_threshold"": 0.1, ""pruning_threshold"": 0.005}",0.01749694841210862
A_Exchange,S3_RSONN,12,"{""learning_rate"": 0.02, ""growth_threshold"": 0.05, ""pruning_threshold"": 0.001}",0.006570932893358577
A_Exchange,S3_RSONN,13,"{""learning_rate"": 0.02, ""growth_threshold"": 0.05, ""pruning_threshold"": 0.005}",0.006605737671977252
A_Exchange,S3_RSONN,14,"{""learning_rate"": 0.02, ""growth_threshold"": 0.1, ""pruning_threshold"": 0.001}",0.006697593392223529
A_Exchange,S3_RSONN,15,"{""learning_rate"": 0.02, ""growth_threshold"": 0.1, ""pruning_threshold"": 0.005}",0.0064503431752644435
A_Exchange,S4_ACESN,0,"{""reservoir_size"": 20, ""spectral_radius"": 0.85, ""compression_ratio"": 0.25, ""readout_lr"": 0.001}",0.09154132117280943
A_Exchange,S4_ACESN,1,"{""reservoir_size"": 20, ""spectral_radius"": 0.85, ""compression_ratio"": 0.25, ""readout_lr"": 0.01}",0.01054859680329004
A_Exchange,S4_ACESN,2,"{""reservoir_size"": 20, ""spectral_radius"": 0.85, ""compression_ratio"": 0.5, ""readout_lr"": 0.001}",0.09113404097776213
A_Exchange,S4_ACESN,3,"{""reservoir_size"": 20, ""spectral_radius"": 0.85, ""compression_ratio"": 0.5, ""readout_lr"": 0.01}",0.010195692824136628
A_Exchange,S4_ACESN,4,"{""reservoir_size"": 20, ""spectral_radius"": 0.95, ""compression_ratio"": 0.25, ""readout_lr"": 0.001}",0.08037529527169744
A_Exchange,S4_ACESN,5,"{""reservoir_size"": 20, ""spectral_radius"": 0.95, ""compression_ratio"": 0.25, ""readout_lr"": 0.01}",0.010446623483024367
A_Exchange,S4_ACESN,6,"{""reservoir_size"": 20, ""spectral_radius"": 0.95, ""compression_ratio"": 0.5, ""readout_lr"": 0.001}",0.07998590675442359
A_Exchange,S4_ACESN,7,"{""reservoir_size"": 20, ""spectral_radius"": 0.95, ""compression_ratio"": 0.5, ""readout_lr"": 0.01}",0.010111365636992923
A_Exchange,S4_ACESN,8,"{""reservoir_size"": 40, ""spectral_radius"": 0.85, ""compression_ratio"": 0.25, ""readout_lr"": 0.001}",0.03799768116132208
A_Exchange,S4_ACESN,9,"{""reservoir_size"": 40, ""spectral_radius"": 0.85, ""compression_ratio"": 0.25, ""readout_lr"": 0.01}",0.005958061317630971
A_Exchange,S4_ACESN,10,"{""reservoir_size"": 40, ""spectral_radius"": 0.85, ""compression_ratio"": 0.5, ""readout_lr"": 0.001}",0.037335727256613445
A_Exchange,S4_ACESN,11,"{""reservoir_size"": 40, ""spectral_radius"": 0.85, ""compression_ratio"": 0.5, ""readout_lr"": 0.01}",0.005539393334268876
A_Exchange,S4_ACESN,12,"{""reservoir_size"": 40, ""spectral_radius"": 0.95, ""compression_ratio"": 0.25, ""readout_lr"": 0.001}",0.029626074859577883
A_Exchange,S4_ACESN,13,"{""reservoir_size"": 40, ""spectral_radius"": 0.95, ""compression_ratio"": 0.25, ""readout_lr"": 0.01}",0.005599409459138051
A_Exchange,S4_ACESN,14,"{""reservoir_size"": 40, ""spectral_radius"": 0.95, ""compression_ratio"": 0.5, ""readout_lr"": 0.001}",0.02900209045872357
A_Exchange,S4_ACESN,15,"{""reservoir_size"": 40, ""spectral_radius"": 0.95, ""compression_ratio"": 0.5, ""readout_lr"": 0.01}",0.005045007678967316
A_Exchange,S5_CONTINUAL_BACKPROP,0,"{""learning_rate"": 0.001, ""replacement_rate"": 0.0001, ""maturity_threshold"": 50}",0.02824014349898994
A_Exchange,S5_CONTINUAL_BACKPROP,1,"{""learning_rate"": 0.001, ""replacement_rate"": 0.0001, ""maturity_threshold"": 100}",0.027293752024057687
A_Exchange,S5_CONTINUAL_BACKPROP,2,"{""learning_rate"": 0.001, ""replacement_rate"": 0.001, ""maturity_threshold"": 50}",0.028191144843072845
A_Exchange,S5_CONTINUAL_BACKPROP,3,"{""learning_rate"": 0.001, ""replacement_rate"": 0.001, ""maturity_threshold"": 100}",0.02729552936961317
A_Exchange,S5_CONTINUAL_BACKPROP,4,"{""learning_rate"": 0.005, ""replacement_rate"": 0.0001, ""maturity_threshold"": 50}",0.004952771887961187
A_Exchange,S5_CONTINUAL_BACKPROP,5,"{""learning_rate"": 0.005, ""replacement_rate"": 0.0001, ""maturity_threshold"": 100}",0.00508157777607198
A_Exchange,S5_CONTINUAL_BACKPROP,6,"{""learning_rate"": 0.005, ""replacement_rate"": 0.001, ""maturity_threshold"": 50}",0.004819240945497909
A_Exchange,S5_CONTINUAL_BACKPROP,7,"{""learning_rate"": 0.005, ""replacement_rate"": 0.001, ""maturity_threshold"": 100}",0.005094603464967674
A_Exchange,S5_CONTINUAL_BACKPROP,8,"{""learning_rate"": 0.01, ""replacement_rate"": 0.0001, ""maturity_threshold"": 50}",0.0025541038540934486
A_Exchange,S5_CONTINUAL_BACKPROP,9,"{""learning_rate"": 0.01, ""replacement_rate"": 0.0001, ""maturity_threshold"": 100}",0.0026259948336899426
A_Exchange,S5_CONTINUAL_BACKPROP,10,"{""learning_rate"": 0.01, ""replacement_rate"": 0.001, ""maturity_threshold"": 50}",0.002530673067662836
A_Exchange,S5_CONTINUAL_BACKPROP,11,"{""learning_rate"": 0.01, ""replacement_rate"": 0.001, ""maturity_threshold"": 100}",0.002422842220913782
A_Exchange,S5_CONTINUAL_BACKPROP,12,"{""learning_rate"": 0.03, ""replacement_rate"": 0.0001, ""maturity_threshold"": 50}",0.0008881081308480145
A_Exchange,S5_CONTINUAL_BACKPROP,13,"{""learning_rate"": 0.03, ""replacement_rate"": 0.0001, ""maturity_threshold"": 100}",0.0009572118966527654
A_Exchange,S5_CONTINUAL_BACKPROP,14,"{""learning_rate"": 0.03, ""replacement_rate"": 0.001, ""maturity_threshold"": 50}",0.0009188766432139016
A_Exchange,S5_CONTINUAL_BACKPROP,15,"{""learning_rate"": 0.03, ""replacement_rate"": 0.001, ""maturity_threshold"": 100}",0.0008994002224297898
A_Exchange,C1_CURRENT_ONLY_LINEAR,0,"{""learning_rate"": 0.001}",0.028195287766369825
A_Exchange,C1_CURRENT_ONLY_LINEAR,1,"{""learning_rate"": 0.003}",0.008677123636501185
A_Exchange,C1_CURRENT_ONLY_LINEAR,2,"{""learning_rate"": 0.01}",0.002574983806605707
A_Exchange,C1_CURRENT_ONLY_LINEAR,3,"{""learning_rate"": 0.03}",0.0008903991076002921
A_Exchange,C2_NLMS,0,"{""step_size"": 0.01}",0.013473250536077846
A_Exchange,C2_NLMS,1,"{""step_size"": 0.05}",0.0026352382147069443
A_Exchange,C2_NLMS,2,"{""step_size"": 0.1}",0.001329213832871364
A_Exchange,C2_NLMS,3,"{""step_size"": 0.2}",0.000692998428343456
A_Exchange,C3_RLS,0,"{""forgetting_factor"": 0.99}",0.00028702951846402736
A_Exchange,C3_RLS,1,"{""forgetting_factor"": 0.995}",0.0003682136014740778
A_Exchange,C3_RLS,2,"{""forgetting_factor"": 0.999}",0.0007359281090030407
A_Exchange,C3_RLS,3,"{""forgetting_factor"": 1.0}",0.0010070054038684077
A_Exchange,C4_FIXED_LAG_LINEAR,0,"{""max_lag"": 4, ""learning_rate"": 0.001}",0.07192435513064203
A_Exchange,C4_FIXED_LAG_LINEAR,1,"{""max_lag"": 4, ""learning_rate"": 0.01}",0.006044259709317175
A_Exchange,C4_FIXED_LAG_LINEAR,2,"{""max_lag"": 8, ""learning_rate"": 0.001}",0.03312475858524828
A_Exchange,C4_FIXED_LAG_LINEAR,3,"{""max_lag"": 8, ""learning_rate"": 0.01}",0.003612497782450714
A_Exchange,C4_FIXED_LAG_LINEAR,4,"{""max_lag"": 16, ""learning_rate"": 0.001}",0.016605646286737236
A_Exchange,C4_FIXED_LAG_LINEAR,5,"{""max_lag"": 16, ""learning_rate"": 0.01}",0.0028631791121199314
A_Exchange,C4_FIXED_LAG_LINEAR,6,"{""max_lag"": 32, ""learning_rate"": 0.001}",0.010602369548952986
A_Exchange,C4_FIXED_LAG_LINEAR,7,"{""max_lag"": 32, ""learning_rate"": 0.01}",0.0027685539816039314
A_Exchange,IPNLMS,0,"{""mu"": 0.1}",0.0013321203547829166
A_Exchange,IPNLMS,1,"{""mu"": 0.5}",0.000331350643259228
A_JenaWeather,B1_RZA_LMS,0,"{""learning_rate"": 0.001, ""rho_zero_attraction"": 1e-06, ""epsilon_reweight"": 10.0}",inf
A_JenaWeather,B1_RZA_LMS,1,"{""learning_rate"": 0.001, ""rho_zero_attraction"": 1e-05, ""epsilon_reweight"": 10.0}",inf
A_JenaWeather,B1_RZA_LMS,2,"{""learning_rate"": 0.001, ""rho_zero_attraction"": 0.0001, ""epsilon_reweight"": 10.0}",inf
A_JenaWeather,B1_RZA_LMS,3,"{""learning_rate"": 0.001, ""rho_zero_attraction"": 0.001, ""epsilon_reweight"": 10.0}",inf
A_JenaWeather,B1_RZA_LMS,4,"{""learning_rate"": 0.003, ""rho_zero_attraction"": 1e-06, ""epsilon_reweight"": 10.0}",inf
A_JenaWeather,B1_RZA_LMS,5,"{""learning_rate"": 0.003, ""rho_zero_attraction"": 1e-05, ""epsilon_reweight"": 10.0}",inf
A_JenaWeather,B1_RZA_LMS,6,"{""learning_rate"": 0.003, ""rho_zero_attraction"": 0.0001, ""epsilon_reweight"": 10.0}",inf
A_JenaWeather,B1_RZA_LMS,7,"{""learning_rate"": 0.003, ""rho_zero_attraction"": 0.001, ""epsilon_reweight"": 10.0}",inf
A_JenaWeather,B1_RZA_LMS,8,"{""learning_rate"": 0.01, ""rho_zero_attraction"": 1e-06, ""epsilon_reweight"": 10.0}",inf
A_JenaWeather,B1_RZA_LMS,9,"{""learning_rate"": 0.01, ""rho_zero_attraction"": 1e-05, ""epsilon_reweight"": 10.0}",inf
A_JenaWeather,B1_RZA_LMS,10,"{""learning_rate"": 0.01, ""rho_zero_attraction"": 0.0001, ""epsilon_reweight"": 10.0}",inf
A_JenaWeather,B1_RZA_LMS,11,"{""learning_rate"": 0.01, ""rho_zero_attraction"": 0.001, ""epsilon_reweight"": 10.0}",inf
A_JenaWeather,B1_RZA_LMS,12,"{""learning_rate"": 0.03, ""rho_zero_attraction"": 1e-06, ""epsilon_reweight"": 10.0}",inf
A_JenaWeather,B1_RZA_LMS,13,"{""learning_rate"": 0.03, ""rho_zero_attraction"": 1e-05, ""epsilon_reweight"": 10.0}",inf
A_JenaWeather,B1_RZA_LMS,14,"{""learning_rate"": 0.03, ""rho_zero_attraction"": 0.0001, ""epsilon_reweight"": 10.0}",inf
A_JenaWeather,B1_RZA_LMS,15,"{""learning_rate"": 0.03, ""rho_zero_attraction"": 0.001, ""epsilon_reweight"": 10.0}",inf
A_JenaWeather,B2_CCN,0,"{""readout_lr"": 0.001, ""recurrent_lr"": 0.0001, ""max_columns"": 1}",inf
A_JenaWeather,B2_CCN,1,"{""readout_lr"": 0.001, ""recurrent_lr"": 0.0001, ""max_columns"": 2}",inf
A_JenaWeather,B2_CCN,2,"{""readout_lr"": 0.001, ""recurrent_lr"": 0.001, ""max_columns"": 1}",inf
A_JenaWeather,B2_CCN,3,"{""readout_lr"": 0.001, ""recurrent_lr"": 0.001, ""max_columns"": 2}",inf
A_JenaWeather,B2_CCN,4,"{""readout_lr"": 0.003, ""recurrent_lr"": 0.0001, ""max_columns"": 1}",inf
A_JenaWeather,B2_CCN,5,"{""readout_lr"": 0.003, ""recurrent_lr"": 0.0001, ""max_columns"": 2}",inf
A_JenaWeather,B2_CCN,6,"{""readout_lr"": 0.003, ""recurrent_lr"": 0.001, ""max_columns"": 1}",inf
A_JenaWeather,B2_CCN,7,"{""readout_lr"": 0.003, ""recurrent_lr"": 0.001, ""max_columns"": 2}",inf
A_JenaWeather,B2_CCN,8,"{""readout_lr"": 0.01, ""recurrent_lr"": 0.0001, ""max_columns"": 1}",inf
A_JenaWeather,B2_CCN,9,"{""readout_lr"": 0.01, ""recurrent_lr"": 0.0001, ""max_columns"": 2}",inf
A_JenaWeather,B2_CCN,10,"{""readout_lr"": 0.01, ""recurrent_lr"": 0.001, ""max_columns"": 1}",inf
A_JenaWeather,B2_CCN,11,"{""readout_lr"": 0.01, ""recurrent_lr"": 0.001, ""max_columns"": 2}",inf
A_JenaWeather,B2_CCN,12,"{""readout_lr"": 0.03, ""recurrent_lr"": 0.0001, ""max_columns"": 1}",inf
A_JenaWeather,B2_CCN,13,"{""readout_lr"": 0.03, ""recurrent_lr"": 0.0001, ""max_columns"": 2}",inf
A_JenaWeather,B2_CCN,14,"{""readout_lr"": 0.03, ""recurrent_lr"": 0.001, ""max_columns"": 1}",inf
A_JenaWeather,B2_CCN,15,"{""readout_lr"": 0.03, ""recurrent_lr"": 0.001, ""max_columns"": 2}",inf
A_JenaWeather,B3_MUSE_RNN,0,"{""learning_rate"": 0.001, ""growth_multiplier"": 1.5, ""pruning_threshold"": 0.001}",140.2012791800226
A_JenaWeather,B3_MUSE_RNN,1,"{""learning_rate"": 0.001, ""growth_multiplier"": 1.5, ""pruning_threshold"": 0.01}",164.66848317320105
A_JenaWeather,B3_MUSE_RNN,2,"{""learning_rate"": 0.001, ""growth_multiplier"": 2.5, ""pruning_threshold"": 0.001}",102.72714869013105
A_JenaWeather,B3_MUSE_RNN,3,"{""learning_rate"": 0.001, ""growth_multiplier"": 2.5, ""pruning_threshold"": 0.01}",198.470995474941
A_JenaWeather,B3_MUSE_RNN,4,"{""learning_rate"": 0.003, ""growth_multiplier"": 1.5, ""pruning_threshold"": 0.001}",29.556507571661513
A_JenaWeather,B3_MUSE_RNN,5,"{""learning_rate"": 0.003, ""growth_multiplier"": 1.5, ""pruning_threshold"": 0.01}",38.31900904679146
A_JenaWeather,B3_MUSE_RNN,6,"{""learning_rate"": 0.003, ""growth_multiplier"": 2.5, ""pruning_threshold"": 0.001}",34.926010090801746
A_JenaWeather,B3_MUSE_RNN,7,"{""learning_rate"": 0.003, ""growth_multiplier"": 2.5, ""pruning_threshold"": 0.01}",31.822289683875102
A_JenaWeather,B3_MUSE_RNN,8,"{""learning_rate"": 0.01, ""growth_multiplier"": 1.5, ""pruning_threshold"": 0.001}",13.801743015035894
A_JenaWeather,B3_MUSE_RNN,9,"{""learning_rate"": 0.01, ""growth_multiplier"": 1.5, ""pruning_threshold"": 0.01}",14.926302213466087
A_JenaWeather,B3_MUSE_RNN,10,"{""learning_rate"": 0.01, ""growth_multiplier"": 2.5, ""pruning_threshold"": 0.001}",15.486956927104137
A_JenaWeather,B3_MUSE_RNN,11,"{""learning_rate"": 0.01, ""growth_multiplier"": 2.5, ""pruning_threshold"": 0.01}",15.90560371995447
A_JenaWeather,B3_MUSE_RNN,12,"{""learning_rate"": 0.03, ""growth_multiplier"": 1.5, ""pruning_threshold"": 0.001}",6.719752112729836
A_JenaWeather,B3_MUSE_RNN,13,"{""learning_rate"": 0.03, ""growth_multiplier"": 1.5, ""pruning_threshold"": 0.01}",7.597655449572237
A_JenaWeather,B3_MUSE_RNN,14,"{""learning_rate"": 0.03, ""growth_multiplier"": 2.5, ""pruning_threshold"": 0.001}",4.764733087241232
A_JenaWeather,B3_MUSE_RNN,15,"{""learning_rate"": 0.03, ""growth_multiplier"": 2.5, ""pruning_threshold"": 0.01}",8.38748161154052
A_JenaWeather,B4_MINIMAL_GRU,0,"{""learning_rate"": 0.0001, ""weight_decay"": 0.9}",203.95669361124672
A_JenaWeather,B4_MINIMAL_GRU,1,"{""learning_rate"": 0.0001, ""weight_decay"": 0.95}",198.83530852793606
A_JenaWeather,B4_MINIMAL_GRU,2,"{""learning_rate"": 0.0001, ""weight_decay"": 0.99}",152.48960113205524
A_JenaWeather,B4_MINIMAL_GRU,3,"{""learning_rate"": 0.0001, ""weight_decay"": 0.999}",137.4777434865222
A_JenaWeather,B4_MINIMAL_GRU,4,"{""learning_rate"": 0.001, ""weight_decay"": 0.9}",39.83939615379437
A_JenaWeather,B4_MINIMAL_GRU,5,"{""learning_rate"": 0.001, ""weight_decay"": 0.95}",38.56461322583598
A_JenaWeather,B4_MINIMAL_GRU,6,"{""learning_rate"": 0.001, ""weight_decay"": 0.99}",39.48218626411905
A_JenaWeather,B4_MINIMAL_GRU,7,"{""learning_rate"": 0.001, ""weight_decay"": 0.999}",43.82933744384763
A_JenaWeather,B4_MINIMAL_GRU,8,"{""learning_rate"": 0.003, ""weight_decay"": 0.9}",18.292904159814828
A_JenaWeather,B4_MINIMAL_GRU,9,"{""learning_rate"": 0.003, ""weight_decay"": 0.95}",18.23031392757346
A_JenaWeather,B4_MINIMAL_GRU,10,"{""learning_rate"": 0.003, ""weight_decay"": 0.99}",19.618279697547376
A_JenaWeather,B4_MINIMAL_GRU,11,"{""learning_rate"": 0.003, ""weight_decay"": 0.999}",28.431667252541175
A_JenaWeather,B4_MINIMAL_GRU,12,"{""learning_rate"": 0.01, ""weight_decay"": 0.9}",27.389503144395174
A_JenaWeather,B4_MINIMAL_GRU,13,"{""learning_rate"": 0.01, ""weight_decay"": 0.95}",123.63791620687168
A_JenaWeather,B4_MINIMAL_GRU,14,"{""learning_rate"": 0.01, ""weight_decay"": 0.99}",15.920874604350063
A_JenaWeather,B4_MINIMAL_GRU,15,"{""learning_rate"": 0.01, ""weight_decay"": 0.999}",30.198793296707677
A_JenaWeather,B5_ONLINE_ESN,0,"{""reservoir_size"": 10, ""spectral_radius"": 0.85, ""leak_rate"": 0.3, ""readout_lr"": 0.001}",17.134792003729984
A_JenaWeather,B5_ONLINE_ESN,1,"{""reservoir_size"": 10, ""spectral_radius"": 0.85, ""leak_rate"": 0.3, ""readout_lr"": 0.01}",3.958168250764446
A_JenaWeather,B5_ONLINE_ESN,2,"{""reservoir_size"": 10, ""spectral_radius"": 0.85, ""leak_rate"": 0.7, ""readout_lr"": 0.001}",16.934286659637163
A_JenaWeather,B5_ONLINE_ESN,3,"{""reservoir_size"": 10, ""spectral_radius"": 0.85, ""leak_rate"": 0.7, ""readout_lr"": 0.01}",3.5900400186803245
A_JenaWeather,B5_ONLINE_ESN,4,"{""reservoir_size"": 10, ""spectral_radius"": 0.95, ""leak_rate"": 0.3, ""readout_lr"": 0.001}",17.26644812918035
A_JenaWeather,B5_ONLINE_ESN,5,"{""reservoir_size"": 10, ""spectral_radius"": 0.95, ""leak_rate"": 0.3, ""readout_lr"": 0.01}",3.9576771143677902
A_JenaWeather,B5_ONLINE_ESN,6,"{""reservoir_size"": 10, ""spectral_radius"": 0.95, ""leak_rate"": 0.7, ""readout_lr"": 0.001}",17.130343625510726
A_JenaWeather,B5_ONLINE_ESN,7,"{""reservoir_size"": 10, ""spectral_radius"": 0.95, ""leak_rate"": 0.7, ""readout_lr"": 0.01}",3.637390261408518
A_JenaWeather,B5_ONLINE_ESN,8,"{""reservoir_size"": 20, ""spectral_radius"": 0.85, ""leak_rate"": 0.3, ""readout_lr"": 0.001}",11.43158308445001
A_JenaWeather,B5_ONLINE_ESN,9,"{""reservoir_size"": 20, ""spectral_radius"": 0.85, ""leak_rate"": 0.3, ""readout_lr"": 0.01}",2.152345926574569
A_JenaWeather,B5_ONLINE_ESN,10,"{""reservoir_size"": 20, ""spectral_radius"": 0.85, ""leak_rate"": 0.7, ""readout_lr"": 0.001}",11.083355364388586
A_JenaWeather,B5_ONLINE_ESN,11,"{""reservoir_size"": 20, ""spectral_radius"": 0.85, ""leak_rate"": 0.7, ""readout_lr"": 0.01}",1.8171188100215092
A_JenaWeather,B5_ONLINE_ESN,12,"{""reservoir_size"": 20, ""spectral_radius"": 0.95, ""leak_rate"": 0.3, ""readout_lr"": 0.001}",11.396142987007726
A_JenaWeather,B5_ONLINE_ESN,13,"{""reservoir_size"": 20, ""spectral_radius"": 0.95, ""leak_rate"": 0.3, ""readout_lr"": 0.01}",2.1323485808438076
A_JenaWeather,B5_ONLINE_ESN,14,"{""reservoir_size"": 20, ""spectral_radius"": 0.95, ""leak_rate"": 0.7, ""readout_lr"": 0.001}",11.048217708248728
A_JenaWeather,B5_ONLINE_ESN,15,"{""reservoir_size"": 20, ""spectral_radius"": 0.95, ""leak_rate"": 0.7, ""readout_lr"": 0.01}",1.807863608316449
A_JenaWeather,S1_VARIABLE_TAP_LMS,0,"{""learning_rate"": 0.001, ""tap_leakage"": 0.0001}",inf
A_JenaWeather,S1_VARIABLE_TAP_LMS,1,"{""learning_rate"": 0.001, ""tap_leakage"": 0.001}",inf
A_JenaWeather,S1_VARIABLE_TAP_LMS,2,"{""learning_rate"": 0.001, ""tap_leakage"": 0.01}",inf
A_JenaWeather,S1_VARIABLE_TAP_LMS,3,"{""learning_rate"": 0.001, ""tap_leakage"": 0.1}",inf
A_JenaWeather,S1_VARIABLE_TAP_LMS,4,"{""learning_rate"": 0.003, ""tap_leakage"": 0.0001}",inf
A_JenaWeather,S1_VARIABLE_TAP_LMS,5,"{""learning_rate"": 0.003, ""tap_leakage"": 0.001}",inf
A_JenaWeather,S1_VARIABLE_TAP_LMS,6,"{""learning_rate"": 0.003, ""tap_leakage"": 0.01}",inf
A_JenaWeather,S1_VARIABLE_TAP_LMS,7,"{""learning_rate"": 0.003, ""tap_leakage"": 0.1}",inf
A_JenaWeather,S1_VARIABLE_TAP_LMS,8,"{""learning_rate"": 0.01, ""tap_leakage"": 0.0001}",inf
A_JenaWeather,S1_VARIABLE_TAP_LMS,9,"{""learning_rate"": 0.01, ""tap_leakage"": 0.001}",inf
A_JenaWeather,S1_VARIABLE_TAP_LMS,10,"{""learning_rate"": 0.01, ""tap_leakage"": 0.01}",inf
A_JenaWeather,S1_VARIABLE_TAP_LMS,11,"{""learning_rate"": 0.01, ""tap_leakage"": 0.1}",inf
A_JenaWeather,S1_VARIABLE_TAP_LMS,12,"{""learning_rate"": 0.03, ""tap_leakage"": 0.0001}",inf
A_JenaWeather,S1_VARIABLE_TAP_LMS,13,"{""learning_rate"": 0.03, ""tap_leakage"": 0.001}",inf
A_JenaWeather,S1_VARIABLE_TAP_LMS,14,"{""learning_rate"": 0.03, ""tap_leakage"": 0.01}",inf
A_JenaWeather,S1_VARIABLE_TAP_LMS,15,"{""learning_rate"": 0.03, ""tap_leakage"": 0.1}",inf
A_JenaWeather,S2_LRU_STREAM,0,"{""state_lr"": 0.001, ""readout_lr"": 0.001, ""state_decay"": 0.9}",inf
A_JenaWeather,S2_LRU_STREAM,1,"{""state_lr"": 0.001, ""readout_lr"": 0.001, ""state_decay"": 0.98}",inf
A_JenaWeather,S2_LRU_STREAM,2,"{""state_lr"": 0.001, ""readout_lr"": 0.003, ""state_decay"": 0.9}",inf
A_JenaWeather,S2_LRU_STREAM,3,"{""state_lr"": 0.001, ""readout_lr"": 0.003, ""state_decay"": 0.98}",inf
A_JenaWeather,S2_LRU_STREAM,4,"{""state_lr"": 0.001, ""readout_lr"": 0.01, ""state_decay"": 0.9}",inf
A_JenaWeather,S2_LRU_STREAM,5,"{""state_lr"": 0.001, ""readout_lr"": 0.01, ""state_decay"": 0.98}",inf
A_JenaWeather,S2_LRU_STREAM,6,"{""state_lr"": 0.001, ""readout_lr"": 0.03, ""state_decay"": 0.9}",inf
A_JenaWeather,S2_LRU_STREAM,7,"{""state_lr"": 0.001, ""readout_lr"": 0.03, ""state_decay"": 0.98}",inf
A_JenaWeather,S2_LRU_STREAM,8,"{""state_lr"": 0.01, ""readout_lr"": 0.001, ""state_decay"": 0.9}",inf
A_JenaWeather,S2_LRU_STREAM,9,"{""state_lr"": 0.01, ""readout_lr"": 0.001, ""state_decay"": 0.98}",inf
A_JenaWeather,S2_LRU_STREAM,10,"{""state_lr"": 0.01, ""readout_lr"": 0.003, ""state_decay"": 0.9}",inf
A_JenaWeather,S2_LRU_STREAM,11,"{""state_lr"": 0.01, ""readout_lr"": 0.003, ""state_decay"": 0.98}",inf
A_JenaWeather,S2_LRU_STREAM,12,"{""state_lr"": 0.01, ""readout_lr"": 0.01, ""state_decay"": 0.9}",inf
A_JenaWeather,S2_LRU_STREAM,13,"{""state_lr"": 0.01, ""readout_lr"": 0.01, ""state_decay"": 0.98}",inf
A_JenaWeather,S2_LRU_STREAM,14,"{""state_lr"": 0.01, ""readout_lr"": 0.03, ""state_decay"": 0.9}",inf
A_JenaWeather,S2_LRU_STREAM,15,"{""state_lr"": 0.01, ""readout_lr"": 0.03, ""state_decay"": 0.98}",inf
A_JenaWeather,S3_RSONN,0,"{""learning_rate"": 0.001, ""growth_threshold"": 0.05, ""pruning_threshold"": 0.001}",16.2214289451984
A_JenaWeather,S3_RSONN,1,"{""learning_rate"": 0.001, ""growth_threshold"": 0.05, ""pruning_threshold"": 0.005}",16.212397008021107
A_JenaWeather,S3_RSONN,2,"{""learning_rate"": 0.001, ""growth_threshold"": 0.1, ""pruning_threshold"": 0.001}",16.368137926216573
A_JenaWeather,S3_RSONN,3,"{""learning_rate"": 0.001, ""growth_threshold"": 0.1, ""pruning_threshold"": 0.005}",16.23579470794317
A_JenaWeather,S3_RSONN,4,"{""learning_rate"": 0.005, ""growth_threshold"": 0.05, ""pruning_threshold"": 0.001}",4.160348429696178
A_JenaWeather,S3_RSONN,5,"{""learning_rate"": 0.005, ""growth_threshold"": 0.05, ""pruning_threshold"": 0.005}",4.1639901553213985
A_JenaWeather,S3_RSONN,6,"{""learning_rate"": 0.005, ""growth_threshold"": 0.1, ""pruning_threshold"": 0.001}",4.18486356780362
A_JenaWeather,S3_RSONN,7,"{""learning_rate"": 0.005, ""growth_threshold"": 0.1, ""pruning_threshold"": 0.005}",4.058831265682569
A_JenaWeather,S3_RSONN,8,"{""learning_rate"": 0.01, ""growth_threshold"": 0.05, ""pruning_threshold"": 0.001}",3.5959378389716474
A_JenaWeather,S3_RSONN,9,"{""learning_rate"": 0.01, ""growth_threshold"": 0.05, ""pruning_threshold"": 0.005}",4.031520418060606
A_JenaWeather,S3_RSONN,10,"{""learning_rate"": 0.01, ""growth_threshold"": 0.1, ""pruning_threshold"": 0.001}",3.8731381268866394
A_JenaWeather,S3_RSONN,11,"{""learning_rate"": 0.01, ""growth_threshold"": 0.1, ""pruning_threshold"": 0.005}",3.9607367603676327
A_JenaWeather,S3_RSONN,12,"{""learning_rate"": 0.02, ""growth_threshold"": 0.05, ""pruning_threshold"": 0.001}",3.48856913345394
A_JenaWeather,S3_RSONN,13,"{""learning_rate"": 0.02, ""growth_threshold"": 0.05, ""pruning_threshold"": 0.005}",2.2576184542614737
A_JenaWeather,S3_RSONN,14,"{""learning_rate"": 0.02, ""growth_threshold"": 0.1, ""pruning_threshold"": 0.001}",3.3509943891499607
A_JenaWeather,S3_RSONN,15,"{""learning_rate"": 0.02, ""growth_threshold"": 0.1, ""pruning_threshold"": 0.005}",3.0783178623986025
A_JenaWeather,S4_ACESN,0,"{""reservoir_size"": 20, ""spectral_radius"": 0.85, ""compression_ratio"": 0.25, ""readout_lr"": 0.001}",11.420145644010598
A_JenaWeather,S4_ACESN,1,"{""reservoir_size"": 20, ""spectral_radius"": 0.85, ""compression_ratio"": 0.25, ""readout_lr"": 0.01}",2.1526900848753394
A_JenaWeather,S4_ACESN,2,"{""reservoir_size"": 20, ""spectral_radius"": 0.85, ""compression_ratio"": 0.5, ""readout_lr"": 0.001}",11.223967755388125
A_JenaWeather,S4_ACESN,3,"{""reservoir_size"": 20, ""spectral_radius"": 0.85, ""compression_ratio"": 0.5, ""readout_lr"": 0.01}",1.9607194871303186
A_JenaWeather,S4_ACESN,4,"{""reservoir_size"": 20, ""spectral_radius"": 0.95, ""compression_ratio"": 0.25, ""readout_lr"": 0.001}",11.388588062282503
A_JenaWeather,S4_ACESN,5,"{""reservoir_size"": 20, ""spectral_radius"": 0.95, ""compression_ratio"": 0.25, ""readout_lr"": 0.01}",2.1446571290947065
A_JenaWeather,S4_ACESN,6,"{""reservoir_size"": 20, ""spectral_radius"": 0.95, ""compression_ratio"": 0.5, ""readout_lr"": 0.001}",11.198516764605282
A_JenaWeather,S4_ACESN,7,"{""reservoir_size"": 20, ""spectral_radius"": 0.95, ""compression_ratio"": 0.5, ""readout_lr"": 0.01}",1.9584727580820307
A_JenaWeather,S4_ACESN,8,"{""reservoir_size"": 40, ""spectral_radius"": 0.85, ""compression_ratio"": 0.25, ""readout_lr"": 0.001}",5.659455284884032
A_JenaWeather,S4_ACESN,9,"{""reservoir_size"": 40, ""spectral_radius"": 0.85, ""compression_ratio"": 0.25, ""readout_lr"": 0.01}",1.2006471585728127
A_JenaWeather,S4_ACESN,10,"{""reservoir_size"": 40, ""spectral_radius"": 0.85, ""compression_ratio"": 0.5, ""readout_lr"": 0.001}",5.444940295933283
A_JenaWeather,S4_ACESN,11,"{""reservoir_size"": 40, ""spectral_radius"": 0.85, ""compression_ratio"": 0.5, ""readout_lr"": 0.01}",1.0558561811141838
A_JenaWeather,S4_ACESN,12,"{""reservoir_size"": 40, ""spectral_radius"": 0.95, ""compression_ratio"": 0.25, ""readout_lr"": 0.001}",5.727520055184903
A_JenaWeather,S4_ACESN,13,"{""reservoir_size"": 40, ""spectral_radius"": 0.95, ""compression_ratio"": 0.25, ""readout_lr"": 0.01}",1.2237305642050733
A_JenaWeather,S4_ACESN,14,"{""reservoir_size"": 40, ""spectral_radius"": 0.95, ""compression_ratio"": 0.5, ""readout_lr"": 0.001}",5.514283173420221
A_JenaWeather,S4_ACESN,15,"{""reservoir_size"": 40, ""spectral_radius"": 0.95, ""compression_ratio"": 0.5, ""readout_lr"": 0.01}",1.080616400980656
A_JenaWeather,S5_CONTINUAL_BACKPROP,0,"{""learning_rate"": 0.001, ""replacement_rate"": 0.0001, ""maturity_threshold"": 50}",inf
A_JenaWeather,S5_CONTINUAL_BACKPROP,1,"{""learning_rate"": 0.001, ""replacement_rate"": 0.0001, ""maturity_threshold"": 100}",inf
A_JenaWeather,S5_CONTINUAL_BACKPROP,2,"{""learning_rate"": 0.001, ""replacement_rate"": 0.001, ""maturity_threshold"": 50}",inf
A_JenaWeather,S5_CONTINUAL_BACKPROP,3,"{""learning_rate"": 0.001, ""replacement_rate"": 0.001, ""maturity_threshold"": 100}",inf
A_JenaWeather,S5_CONTINUAL_BACKPROP,4,"{""learning_rate"": 0.005, ""replacement_rate"": 0.0001, ""maturity_threshold"": 50}",inf
A_JenaWeather,S5_CONTINUAL_BACKPROP,5,"{""learning_rate"": 0.005, ""replacement_rate"": 0.0001, ""maturity_threshold"": 100}",inf
A_JenaWeather,S5_CONTINUAL_BACKPROP,6,"{""learning_rate"": 0.005, ""replacement_rate"": 0.001, ""maturity_threshold"": 50}",inf
A_JenaWeather,S5_CONTINUAL_BACKPROP,7,"{""learning_rate"": 0.005, ""replacement_rate"": 0.001, ""maturity_threshold"": 100}",inf
A_JenaWeather,S5_CONTINUAL_BACKPROP,8,"{""learning_rate"": 0.01, ""replacement_rate"": 0.0001, ""maturity_threshold"": 50}",inf
A_JenaWeather,S5_CONTINUAL_BACKPROP,9,"{""learning_rate"": 0.01, ""replacement_rate"": 0.0001, ""maturity_threshold"": 100}",inf
A_JenaWeather,S5_CONTINUAL_BACKPROP,10,"{""learning_rate"": 0.01, ""replacement_rate"": 0.001, ""maturity_threshold"": 50}",inf
A_JenaWeather,S5_CONTINUAL_BACKPROP,11,"{""learning_rate"": 0.01, ""replacement_rate"": 0.001, ""maturity_threshold"": 100}",inf
A_JenaWeather,S5_CONTINUAL_BACKPROP,12,"{""learning_rate"": 0.03, ""replacement_rate"": 0.0001, ""maturity_threshold"": 50}",inf
A_JenaWeather,S5_CONTINUAL_BACKPROP,13,"{""learning_rate"": 0.03, ""replacement_rate"": 0.0001, ""maturity_threshold"": 100}",inf
A_JenaWeather,S5_CONTINUAL_BACKPROP,14,"{""learning_rate"": 0.03, ""replacement_rate"": 0.001, ""maturity_threshold"": 50}",inf
A_JenaWeather,S5_CONTINUAL_BACKPROP,15,"{""learning_rate"": 0.03, ""replacement_rate"": 0.001, ""maturity_threshold"": 100}",inf
A_JenaWeather,C1_CURRENT_ONLY_LINEAR,0,"{""learning_rate"": 0.001}",inf
A_JenaWeather,C1_CURRENT_ONLY_LINEAR,1,"{""learning_rate"": 0.003}",inf
A_JenaWeather,C1_CURRENT_ONLY_LINEAR,2,"{""learning_rate"": 0.01}",inf
A_JenaWeather,C1_CURRENT_ONLY_LINEAR,3,"{""learning_rate"": 0.03}",inf
A_JenaWeather,C2_NLMS,0,"{""step_size"": 0.01}",12.567257514734004
A_JenaWeather,C2_NLMS,1,"{""step_size"": 0.05}",3.1099109292793785
A_JenaWeather,C2_NLMS,2,"{""step_size"": 0.1}",1.7097112382168815
A_JenaWeather,C2_NLMS,3,"{""step_size"": 0.2}",0.9742318821252146
A_JenaWeather,C3_RLS,0,"{""forgetting_factor"": 0.99}",488.28220846720393
A_JenaWeather,C3_RLS,1,"{""forgetting_factor"": 0.995}",0.560692515631687
A_JenaWeather,C3_RLS,2,"{""forgetting_factor"": 0.999}",4.086528825434662
A_JenaWeather,C3_RLS,3,"{""forgetting_factor"": 1.0}",12.473490796543347
A_JenaWeather,C4_FIXED_LAG_LINEAR,0,"{""max_lag"": 4, ""learning_rate"": 0.001}",inf
A_JenaWeather,C4_FIXED_LAG_LINEAR,1,"{""max_lag"": 4, ""learning_rate"": 0.01}",inf
A_JenaWeather,C4_FIXED_LAG_LINEAR,2,"{""max_lag"": 8, ""learning_rate"": 0.001}",inf
A_JenaWeather,C4_FIXED_LAG_LINEAR,3,"{""max_lag"": 8, ""learning_rate"": 0.01}",inf
A_JenaWeather,C4_FIXED_LAG_LINEAR,4,"{""max_lag"": 16, ""learning_rate"": 0.001}",inf
A_JenaWeather,C4_FIXED_LAG_LINEAR,5,"{""max_lag"": 16, ""learning_rate"": 0.01}",inf
A_JenaWeather,C4_FIXED_LAG_LINEAR,6,"{""max_lag"": 32, ""learning_rate"": 0.001}",inf
A_JenaWeather,C4_FIXED_LAG_LINEAR,7,"{""max_lag"": 32, ""learning_rate"": 0.01}",inf
A_JenaWeather,IPNLMS,0,"{""mu"": 0.1}",1.8294209227669225
A_JenaWeather,IPNLMS,1,"{""mu"": 0.5}",0.5502427842852893
A_ECL,B1_RZA_LMS,0,"{""learning_rate"": 0.001, ""rho_zero_attraction"": 1e-06, ""epsilon_reweight"": 10.0}",inf
A_ECL,B1_RZA_LMS,1,"{""learning_rate"": 0.001, ""rho_zero_attraction"": 1e-05, ""epsilon_reweight"": 10.0}",inf
A_ECL,B1_RZA_LMS,2,"{""learning_rate"": 0.001, ""rho_zero_attraction"": 0.0001, ""epsilon_reweight"": 10.0}",inf
A_ECL,B1_RZA_LMS,3,"{""learning_rate"": 0.001, ""rho_zero_attraction"": 0.001, ""epsilon_reweight"": 10.0}",inf
A_ECL,B1_RZA_LMS,4,"{""learning_rate"": 0.003, ""rho_zero_attraction"": 1e-06, ""epsilon_reweight"": 10.0}",inf
A_ECL,B1_RZA_LMS,5,"{""learning_rate"": 0.003, ""rho_zero_attraction"": 1e-05, ""epsilon_reweight"": 10.0}",inf
A_ECL,B1_RZA_LMS,6,"{""learning_rate"": 0.003, ""rho_zero_attraction"": 0.0001, ""epsilon_reweight"": 10.0}",inf
A_ECL,B1_RZA_LMS,7,"{""learning_rate"": 0.003, ""rho_zero_attraction"": 0.001, ""epsilon_reweight"": 10.0}",inf
A_ECL,B1_RZA_LMS,8,"{""learning_rate"": 0.01, ""rho_zero_attraction"": 1e-06, ""epsilon_reweight"": 10.0}",inf
A_ECL,B1_RZA_LMS,9,"{""learning_rate"": 0.01, ""rho_zero_attraction"": 1e-05, ""epsilon_reweight"": 10.0}",inf
A_ECL,B1_RZA_LMS,10,"{""learning_rate"": 0.01, ""rho_zero_attraction"": 0.0001, ""epsilon_reweight"": 10.0}",inf
A_ECL,B1_RZA_LMS,11,"{""learning_rate"": 0.01, ""rho_zero_attraction"": 0.001, ""epsilon_reweight"": 10.0}",inf
A_ECL,B1_RZA_LMS,12,"{""learning_rate"": 0.03, ""rho_zero_attraction"": 1e-06, ""epsilon_reweight"": 10.0}",inf
A_ECL,B1_RZA_LMS,13,"{""learning_rate"": 0.03, ""rho_zero_attraction"": 1e-05, ""epsilon_reweight"": 10.0}",inf
A_ECL,B1_RZA_LMS,14,"{""learning_rate"": 0.03, ""rho_zero_attraction"": 0.0001, ""epsilon_reweight"": 10.0}",inf
A_ECL,B1_RZA_LMS,15,"{""learning_rate"": 0.03, ""rho_zero_attraction"": 0.001, ""epsilon_reweight"": 10.0}",inf
A_ECL,B2_CCN,0,"{""readout_lr"": 0.001, ""recurrent_lr"": 0.0001, ""max_columns"": 1}",inf
A_ECL,B2_CCN,1,"{""readout_lr"": 0.001, ""recurrent_lr"": 0.0001, ""max_columns"": 2}",inf
A_ECL,B2_CCN,2,"{""readout_lr"": 0.001, ""recurrent_lr"": 0.001, ""max_columns"": 1}",inf
A_ECL,B2_CCN,3,"{""readout_lr"": 0.001, ""recurrent_lr"": 0.001, ""max_columns"": 2}",inf
A_ECL,B2_CCN,4,"{""readout_lr"": 0.003, ""recurrent_lr"": 0.0001, ""max_columns"": 1}",inf
A_ECL,B2_CCN,5,"{""readout_lr"": 0.003, ""recurrent_lr"": 0.0001, ""max_columns"": 2}",inf
A_ECL,B2_CCN,6,"{""readout_lr"": 0.003, ""recurrent_lr"": 0.001, ""max_columns"": 1}",inf
A_ECL,B2_CCN,7,"{""readout_lr"": 0.003, ""recurrent_lr"": 0.001, ""max_columns"": 2}",inf
A_ECL,B2_CCN,8,"{""readout_lr"": 0.01, ""recurrent_lr"": 0.0001, ""max_columns"": 1}",inf
A_ECL,B2_CCN,9,"{""readout_lr"": 0.01, ""recurrent_lr"": 0.0001, ""max_columns"": 2}",inf
A_ECL,B2_CCN,10,"{""readout_lr"": 0.01, ""recurrent_lr"": 0.001, ""max_columns"": 1}",inf
A_ECL,B2_CCN,11,"{""readout_lr"": 0.01, ""recurrent_lr"": 0.001, ""max_columns"": 2}",inf
A_ECL,B2_CCN,12,"{""readout_lr"": 0.03, ""recurrent_lr"": 0.0001, ""max_columns"": 1}",inf
A_ECL,B2_CCN,13,"{""readout_lr"": 0.03, ""recurrent_lr"": 0.0001, ""max_columns"": 2}",inf
A_ECL,B2_CCN,14,"{""readout_lr"": 0.03, ""recurrent_lr"": 0.001, ""max_columns"": 1}",inf
A_ECL,B2_CCN,15,"{""readout_lr"": 0.03, ""recurrent_lr"": 0.001, ""max_columns"": 2}",inf
A_ECL,B3_MUSE_RNN,0,"{""learning_rate"": 0.001, ""growth_multiplier"": 1.5, ""pruning_threshold"": 0.001}",899205.7045707172
A_ECL,B3_MUSE_RNN,1,"{""learning_rate"": 0.001, ""growth_multiplier"": 1.5, ""pruning_threshold"": 0.01}",838952.7663587366
A_ECL,B3_MUSE_RNN,2,"{""learning_rate"": 0.001, ""growth_multiplier"": 2.5, ""pruning_threshold"": 0.001}",1341891.303978922
A_ECL,B3_MUSE_RNN,3,"{""learning_rate"": 0.001, ""growth_multiplier"": 2.5, ""pruning_threshold"": 0.01}",1229187.6683677093
A_ECL,B3_MUSE_RNN,4,"{""learning_rate"": 0.003, ""growth_multiplier"": 1.5, ""pruning_threshold"": 0.001}",445223.67725943244
A_ECL,B3_MUSE_RNN,5,"{""learning_rate"": 0.003, ""growth_multiplier"": 1.5, ""pruning_threshold"": 0.01}",442359.8214679884
A_ECL,B3_MUSE_RNN,6,"{""learning_rate"": 0.003, ""growth_multiplier"": 2.5, ""pruning_threshold"": 0.001}",580613.1025642928
A_ECL,B3_MUSE_RNN,7,"{""learning_rate"": 0.003, ""growth_multiplier"": 2.5, ""pruning_threshold"": 0.01}",573777.3035897169
A_ECL,B3_MUSE_RNN,8,"{""learning_rate"": 0.01, ""growth_multiplier"": 1.5, ""pruning_threshold"": 0.001}",254183.89517486817
A_ECL,B3_MUSE_RNN,9,"{""learning_rate"": 0.01, ""growth_multiplier"": 1.5, ""pruning_threshold"": 0.01}",245024.7880849468
A_ECL,B3_MUSE_RNN,10,"{""learning_rate"": 0.01, ""growth_multiplier"": 2.5, ""pruning_threshold"": 0.001}",278514.427896045
A_ECL,B3_MUSE_RNN,11,"{""learning_rate"": 0.01, ""growth_multiplier"": 2.5, ""pruning_threshold"": 0.01}",254436.00571846517
A_ECL,B3_MUSE_RNN,12,"{""learning_rate"": 0.03, ""growth_multiplier"": 1.5, ""pruning_threshold"": 0.001}",128533.9018241306
A_ECL,B3_MUSE_RNN,13,"{""learning_rate"": 0.03, ""growth_multiplier"": 1.5, ""pruning_threshold"": 0.01}",128316.0025386093
A_ECL,B3_MUSE_RNN,14,"{""learning_rate"": 0.03, ""growth_multiplier"": 2.5, ""pruning_threshold"": 0.001}",132946.3517432009
A_ECL,B3_MUSE_RNN,15,"{""learning_rate"": 0.03, ""growth_multiplier"": 2.5, ""pruning_threshold"": 0.01}",135364.93081209963
A_ECL,B4_MINIMAL_GRU,0,"{""learning_rate"": 0.0001, ""weight_decay"": 0.9}",8720275.429686472
A_ECL,B4_MINIMAL_GRU,1,"{""learning_rate"": 0.0001, ""weight_decay"": 0.95}",8722310.058863482
A_ECL,B4_MINIMAL_GRU,2,"{""learning_rate"": 0.0001, ""weight_decay"": 0.99}",10852454.848547045
A_ECL,B4_MINIMAL_GRU,3,"{""learning_rate"": 0.0001, ""weight_decay"": 0.999}",8720588.298310185
A_ECL,B4_MINIMAL_GRU,4,"{""learning_rate"": 0.001, ""weight_decay"": 0.9}",3060993.9607217144
A_ECL,B4_MINIMAL_GRU,5,"{""learning_rate"": 0.001, ""weight_decay"": 0.95}",4659130.803556838
A_ECL,B4_MINIMAL_GRU,6,"{""learning_rate"": 0.001, ""weight_decay"": 0.99}",4632790.407629466
A_ECL,B4_MINIMAL_GRU,7,"{""learning_rate"": 0.001, ""weight_decay"": 0.999}",4632470.9844380645
A_ECL,B4_MINIMAL_GRU,8,"{""learning_rate"": 0.003, ""weight_decay"": 0.9}",1126762.734588844
A_ECL,B4_MINIMAL_GRU,9,"{""learning_rate"": 0.003, ""weight_decay"": 0.95}",571512.6891674958
A_ECL,B4_MINIMAL_GRU,10,"{""learning_rate"": 0.003, ""weight_decay"": 0.99}",1199164.6114798717
A_ECL,B4_MINIMAL_GRU,11,"{""learning_rate"": 0.003, ""weight_decay"": 0.999}",3109203.7241782784
A_ECL,B4_MINIMAL_GRU,12,"{""learning_rate"": 0.01, ""weight_decay"": 0.9}",594714.2537756711
A_ECL,B4_MINIMAL_GRU,13,"{""learning_rate"": 0.01, ""weight_decay"": 0.95}",1625971.698872449
A_ECL,B4_MINIMAL_GRU,14,"{""learning_rate"": 0.01, ""weight_decay"": 0.99}",253080.12226703166
A_ECL,B4_MINIMAL_GRU,15,"{""learning_rate"": 0.01, ""weight_decay"": 0.999}",251628.50845636253
A_ECL,B5_ONLINE_ESN,0,"{""reservoir_size"": 10, ""spectral_radius"": 0.85, ""leak_rate"": 0.3, ""readout_lr"": 0.001}",1350999.2322496134
A_ECL,B5_ONLINE_ESN,1,"{""reservoir_size"": 10, ""spectral_radius"": 0.85, ""leak_rate"": 0.3, ""readout_lr"": 0.01}",104294.71720709269
A_ECL,B5_ONLINE_ESN,2,"{""reservoir_size"": 10, ""spectral_radius"": 0.85, ""leak_rate"": 0.7, ""readout_lr"": 0.001}",1324095.1552439833
A_ECL,B5_ONLINE_ESN,3,"{""reservoir_size"": 10, ""spectral_radius"": 0.85, ""leak_rate"": 0.7, ""readout_lr"": 0.01}",79014.84870797856
A_ECL,B5_ONLINE_ESN,4,"{""reservoir_size"": 10, ""spectral_radius"": 0.95, ""leak_rate"": 0.3, ""readout_lr"": 0.001}",1267942.1361180816
A_ECL,B5_ONLINE_ESN,5,"{""reservoir_size"": 10, ""spectral_radius"": 0.95, ""leak_rate"": 0.3, ""readout_lr"": 0.01}",103196.55220277609
A_ECL,B5_ONLINE_ESN,6,"{""reservoir_size"": 10, ""spectral_radius"": 0.95, ""leak_rate"": 0.7, ""readout_lr"": 0.001}",1240842.7641463773
A_ECL,B5_ONLINE_ESN,7,"{""reservoir_size"": 10, ""spectral_radius"": 0.95, ""leak_rate"": 0.7, ""readout_lr"": 0.01}",77589.15345185257
A_ECL,B5_ONLINE_ESN,8,"{""reservoir_size"": 20, ""spectral_radius"": 0.85, ""leak_rate"": 0.3, ""readout_lr"": 0.001}",362505.64585670334
A_ECL,B5_ONLINE_ESN,9,"{""reservoir_size"": 20, ""spectral_radius"": 0.85, ""leak_rate"": 0.3, ""readout_lr"": 0.01}",79325.58597198407
A_ECL,B5_ONLINE_ESN,10,"{""reservoir_size"": 20, ""spectral_radius"": 0.85, ""leak_rate"": 0.7, ""readout_lr"": 0.001}",334094.3956254952
A_ECL,B5_ONLINE_ESN,11,"{""reservoir_size"": 20, ""spectral_radius"": 0.85, ""leak_rate"": 0.7, ""readout_lr"": 0.01}",52501.543571310125
A_ECL,B5_ONLINE_ESN,12,"{""reservoir_size"": 20, ""spectral_radius"": 0.95, ""leak_rate"": 0.3, ""readout_lr"": 0.001}",321294.7284434034
A_ECL,B5_ONLINE_ESN,13,"{""reservoir_size"": 20, ""spectral_radius"": 0.95, ""leak_rate"": 0.3, ""readout_lr"": 0.01}",79800.8096456869
A_ECL,B5_ONLINE_ESN,14,"{""reservoir_size"": 20, ""spectral_radius"": 0.95, ""leak_rate"": 0.7, ""readout_lr"": 0.001}",293912.990340257
A_ECL,B5_ONLINE_ESN,15,"{""reservoir_size"": 20, ""spectral_radius"": 0.95, ""leak_rate"": 0.7, ""readout_lr"": 0.01}",54267.25640876426
A_ECL,S1_VARIABLE_TAP_LMS,0,"{""learning_rate"": 0.001, ""tap_leakage"": 0.0001}",inf
A_ECL,S1_VARIABLE_TAP_LMS,1,"{""learning_rate"": 0.001, ""tap_leakage"": 0.001}",inf
A_ECL,S1_VARIABLE_TAP_LMS,2,"{""learning_rate"": 0.001, ""tap_leakage"": 0.01}",inf
A_ECL,S1_VARIABLE_TAP_LMS,3,"{""learning_rate"": 0.001, ""tap_leakage"": 0.1}",inf
A_ECL,S1_VARIABLE_TAP_LMS,4,"{""learning_rate"": 0.003, ""tap_leakage"": 0.0001}",inf
A_ECL,S1_VARIABLE_TAP_LMS,5,"{""learning_rate"": 0.003, ""tap_leakage"": 0.001}",inf
A_ECL,S1_VARIABLE_TAP_LMS,6,"{""learning_rate"": 0.003, ""tap_leakage"": 0.01}",inf
A_ECL,S1_VARIABLE_TAP_LMS,7,"{""learning_rate"": 0.003, ""tap_leakage"": 0.1}",inf
A_ECL,S1_VARIABLE_TAP_LMS,8,"{""learning_rate"": 0.01, ""tap_leakage"": 0.0001}",inf
A_ECL,S1_VARIABLE_TAP_LMS,9,"{""learning_rate"": 0.01, ""tap_leakage"": 0.001}",inf
A_ECL,S1_VARIABLE_TAP_LMS,10,"{""learning_rate"": 0.01, ""tap_leakage"": 0.01}",inf
A_ECL,S1_VARIABLE_TAP_LMS,11,"{""learning_rate"": 0.01, ""tap_leakage"": 0.1}",inf
A_ECL,S1_VARIABLE_TAP_LMS,12,"{""learning_rate"": 0.03, ""tap_leakage"": 0.0001}",inf
A_ECL,S1_VARIABLE_TAP_LMS,13,"{""learning_rate"": 0.03, ""tap_leakage"": 0.001}",inf
A_ECL,S1_VARIABLE_TAP_LMS,14,"{""learning_rate"": 0.03, ""tap_leakage"": 0.01}",inf
A_ECL,S1_VARIABLE_TAP_LMS,15,"{""learning_rate"": 0.03, ""tap_leakage"": 0.1}",inf
A_ECL,S2_LRU_STREAM,0,"{""state_lr"": 0.001, ""readout_lr"": 0.001, ""state_decay"": 0.9}",inf
A_ECL,S2_LRU_STREAM,1,"{""state_lr"": 0.001, ""readout_lr"": 0.001, ""state_decay"": 0.98}",inf
A_ECL,S2_LRU_STREAM,2,"{""state_lr"": 0.001, ""readout_lr"": 0.003, ""state_decay"": 0.9}",inf
A_ECL,S2_LRU_STREAM,3,"{""state_lr"": 0.001, ""readout_lr"": 0.003, ""state_decay"": 0.98}",inf
A_ECL,S2_LRU_STREAM,4,"{""state_lr"": 0.001, ""readout_lr"": 0.01, ""state_decay"": 0.9}",inf
A_ECL,S2_LRU_STREAM,5,"{""state_lr"": 0.001, ""readout_lr"": 0.01, ""state_decay"": 0.98}",inf
A_ECL,S2_LRU_STREAM,6,"{""state_lr"": 0.001, ""readout_lr"": 0.03, ""state_decay"": 0.9}",inf
A_ECL,S2_LRU_STREAM,7,"{""state_lr"": 0.001, ""readout_lr"": 0.03, ""state_decay"": 0.98}",inf
A_ECL,S2_LRU_STREAM,8,"{""state_lr"": 0.01, ""readout_lr"": 0.001, ""state_decay"": 0.9}",inf
A_ECL,S2_LRU_STREAM,9,"{""state_lr"": 0.01, ""readout_lr"": 0.001, ""state_decay"": 0.98}",inf
A_ECL,S2_LRU_STREAM,10,"{""state_lr"": 0.01, ""readout_lr"": 0.003, ""state_decay"": 0.9}",inf
A_ECL,S2_LRU_STREAM,11,"{""state_lr"": 0.01, ""readout_lr"": 0.003, ""state_decay"": 0.98}",inf
A_ECL,S2_LRU_STREAM,12,"{""state_lr"": 0.01, ""readout_lr"": 0.01, ""state_decay"": 0.9}",inf
A_ECL,S2_LRU_STREAM,13,"{""state_lr"": 0.01, ""readout_lr"": 0.01, ""state_decay"": 0.98}",inf
A_ECL,S2_LRU_STREAM,14,"{""state_lr"": 0.01, ""readout_lr"": 0.03, ""state_decay"": 0.9}",inf
A_ECL,S2_LRU_STREAM,15,"{""state_lr"": 0.01, ""readout_lr"": 0.03, ""state_decay"": 0.98}",inf
A_ECL,S3_RSONN,0,"{""learning_rate"": 0.001, ""growth_threshold"": 0.05, ""pruning_threshold"": 0.001}",488345.07158748806
A_ECL,S3_RSONN,1,"{""learning_rate"": 0.001, ""growth_threshold"": 0.05, ""pruning_threshold"": 0.005}",463572.73365343915
A_ECL,S3_RSONN,2,"{""learning_rate"": 0.001, ""growth_threshold"": 0.1, ""pruning_threshold"": 0.001}",492738.98960993096
A_ECL,S3_RSONN,3,"{""learning_rate"": 0.001, ""growth_threshold"": 0.1, ""pruning_threshold"": 0.005}",510163.29266550794
A_ECL,S3_RSONN,4,"{""learning_rate"": 0.005, ""growth_threshold"": 0.05, ""pruning_threshold"": 0.001}",184163.1663782258
A_ECL,S3_RSONN,5,"{""learning_rate"": 0.005, ""growth_threshold"": 0.05, ""pruning_threshold"": 0.005}",184331.8918252838
A_ECL,S3_RSONN,6,"{""learning_rate"": 0.005, ""growth_threshold"": 0.1, ""pruning_threshold"": 0.001}",183809.59316884133
A_ECL,S3_RSONN,7,"{""learning_rate"": 0.005, ""growth_threshold"": 0.1, ""pruning_threshold"": 0.005}",189633.5915825239
A_ECL,S3_RSONN,8,"{""learning_rate"": 0.01, ""growth_threshold"": 0.05, ""pruning_threshold"": 0.001}",137155.9780418152
A_ECL,S3_RSONN,9,"{""learning_rate"": 0.01, ""growth_threshold"": 0.05, ""pruning_threshold"": 0.005}",137293.213505348
A_ECL,S3_RSONN,10,"{""learning_rate"": 0.01, ""growth_threshold"": 0.1, ""pruning_threshold"": 0.001}",137336.30448523906
A_ECL,S3_RSONN,11,"{""learning_rate"": 0.01, ""growth_threshold"": 0.1, ""pruning_threshold"": 0.005}",137713.855763012
A_ECL,S3_RSONN,12,"{""learning_rate"": 0.02, ""growth_threshold"": 0.05, ""pruning_threshold"": 0.001}",107121.05906492555
A_ECL,S3_RSONN,13,"{""learning_rate"": 0.02, ""growth_threshold"": 0.05, ""pruning_threshold"": 0.005}",105419.0884151801
A_ECL,S3_RSONN,14,"{""learning_rate"": 0.02, ""growth_threshold"": 0.1, ""pruning_threshold"": 0.001}",110526.32451894703
A_ECL,S3_RSONN,15,"{""learning_rate"": 0.02, ""growth_threshold"": 0.1, ""pruning_threshold"": 0.005}",107803.32111666045
A_ECL,S4_ACESN,0,"{""reservoir_size"": 20, ""spectral_radius"": 0.85, ""compression_ratio"": 0.25, ""readout_lr"": 0.001}",332314.26402257354
A_ECL,S4_ACESN,1,"{""reservoir_size"": 20, ""spectral_radius"": 0.85, ""compression_ratio"": 0.25, ""readout_lr"": 0.01}",49319.84593770673
A_ECL,S4_ACESN,2,"{""reservoir_size"": 20, ""spectral_radius"": 0.85, ""compression_ratio"": 0.5, ""readout_lr"": 0.001}",328225.7122528974
A_ECL,S4_ACESN,3,"{""reservoir_size"": 20, ""spectral_radius"": 0.85, ""compression_ratio"": 0.5, ""readout_lr"": 0.01}",46710.38257003441
A_ECL,S4_ACESN,4,"{""reservoir_size"": 20, ""spectral_radius"": 0.95, ""compression_ratio"": 0.25, ""readout_lr"": 0.001}",291887.0760638302
A_ECL,S4_ACESN,5,"{""reservoir_size"": 20, ""spectral_radius"": 0.95, ""compression_ratio"": 0.25, ""readout_lr"": 0.01}",51261.78511022019
A_ECL,S4_ACESN,6,"{""reservoir_size"": 20, ""spectral_radius"": 0.95, ""compression_ratio"": 0.5, ""readout_lr"": 0.001}",287868.3293840122
A_ECL,S4_ACESN,7,"{""reservoir_size"": 20, ""spectral_radius"": 0.95, ""compression_ratio"": 0.5, ""readout_lr"": 0.01}",48667.436901586065
A_ECL,S4_ACESN,8,"{""reservoir_size"": 40, ""spectral_radius"": 0.85, ""compression_ratio"": 0.25, ""readout_lr"": 0.001}",145020.5821988555
A_ECL,S4_ACESN,9,"{""reservoir_size"": 40, ""spectral_radius"": 0.85, ""compression_ratio"": 0.25, ""readout_lr"": 0.01}",39234.0449387294
A_ECL,S4_ACESN,10,"{""reservoir_size"": 40, ""spectral_radius"": 0.85, ""compression_ratio"": 0.5, ""readout_lr"": 0.001}",137682.3994809015
A_ECL,S4_ACESN,11,"{""reservoir_size"": 40, ""spectral_radius"": 0.85, ""compression_ratio"": 0.5, ""readout_lr"": 0.01}",36341.31459448371
A_ECL,S4_ACESN,12,"{""reservoir_size"": 40, ""spectral_radius"": 0.95, ""compression_ratio"": 0.25, ""readout_lr"": 0.001}",132884.01281831492
A_ECL,S4_ACESN,13,"{""reservoir_size"": 40, ""spectral_radius"": 0.95, ""compression_ratio"": 0.25, ""readout_lr"": 0.01}",39725.18461830553
A_ECL,S4_ACESN,14,"{""reservoir_size"": 40, ""spectral_radius"": 0.95, ""compression_ratio"": 0.5, ""readout_lr"": 0.001}",125596.31440901502
A_ECL,S4_ACESN,15,"{""reservoir_size"": 40, ""spectral_radius"": 0.95, ""compression_ratio"": 0.5, ""readout_lr"": 0.01}",36804.49978121982
A_ECL,S5_CONTINUAL_BACKPROP,0,"{""learning_rate"": 0.001, ""replacement_rate"": 0.0001, ""maturity_threshold"": 50}",inf
A_ECL,S5_CONTINUAL_BACKPROP,1,"{""learning_rate"": 0.001, ""replacement_rate"": 0.0001, ""maturity_threshold"": 100}",inf
A_ECL,S5_CONTINUAL_BACKPROP,2,"{""learning_rate"": 0.001, ""replacement_rate"": 0.001, ""maturity_threshold"": 50}",inf
A_ECL,S5_CONTINUAL_BACKPROP,3,"{""learning_rate"": 0.001, ""replacement_rate"": 0.001, ""maturity_threshold"": 100}",inf
A_ECL,S5_CONTINUAL_BACKPROP,4,"{""learning_rate"": 0.005, ""replacement_rate"": 0.0001, ""maturity_threshold"": 50}",inf
A_ECL,S5_CONTINUAL_BACKPROP,5,"{""learning_rate"": 0.005, ""replacement_rate"": 0.0001, ""maturity_threshold"": 100}",inf
A_ECL,S5_CONTINUAL_BACKPROP,6,"{""learning_rate"": 0.005, ""replacement_rate"": 0.001, ""maturity_threshold"": 50}",inf
A_ECL,S5_CONTINUAL_BACKPROP,7,"{""learning_rate"": 0.005, ""replacement_rate"": 0.001, ""maturity_threshold"": 100}",inf
A_ECL,S5_CONTINUAL_BACKPROP,8,"{""learning_rate"": 0.01, ""replacement_rate"": 0.0001, ""maturity_threshold"": 50}",inf
A_ECL,S5_CONTINUAL_BACKPROP,9,"{""learning_rate"": 0.01, ""replacement_rate"": 0.0001, ""maturity_threshold"": 100}",inf
A_ECL,S5_CONTINUAL_BACKPROP,10,"{""learning_rate"": 0.01, ""replacement_rate"": 0.001, ""maturity_threshold"": 50}",inf
A_ECL,S5_CONTINUAL_BACKPROP,11,"{""learning_rate"": 0.01, ""replacement_rate"": 0.001, ""maturity_threshold"": 100}",inf
A_ECL,S5_CONTINUAL_BACKPROP,12,"{""learning_rate"": 0.03, ""replacement_rate"": 0.0001, ""maturity_threshold"": 50}",inf
A_ECL,S5_CONTINUAL_BACKPROP,13,"{""learning_rate"": 0.03, ""replacement_rate"": 0.0001, ""maturity_threshold"": 100}",inf
A_ECL,S5_CONTINUAL_BACKPROP,14,"{""learning_rate"": 0.03, ""replacement_rate"": 0.001, ""maturity_threshold"": 50}",inf
A_ECL,S5_CONTINUAL_BACKPROP,15,"{""learning_rate"": 0.03, ""replacement_rate"": 0.001, ""maturity_threshold"": 100}",inf
A_ECL,C1_CURRENT_ONLY_LINEAR,0,"{""learning_rate"": 0.001}",inf
A_ECL,C1_CURRENT_ONLY_LINEAR,1,"{""learning_rate"": 0.003}",inf
A_ECL,C1_CURRENT_ONLY_LINEAR,2,"{""learning_rate"": 0.01}",inf
A_ECL,C1_CURRENT_ONLY_LINEAR,3,"{""learning_rate"": 0.03}",inf
A_ECL,C2_NLMS,0,"{""step_size"": 0.01}",279898.4544552791
A_ECL,C2_NLMS,1,"{""step_size"": 0.05}",86227.79605053668
A_ECL,C2_NLMS,2,"{""step_size"": 0.1}",65427.94919494152
A_ECL,C2_NLMS,3,"{""step_size"": 0.2}",59541.97037785009
A_ECL,C3_RLS,0,"{""forgetting_factor"": 0.99}",1923424.0216592972
A_ECL,C3_RLS,1,"{""forgetting_factor"": 0.995}",3882462.4225130845
A_ECL,C3_RLS,2,"{""forgetting_factor"": 0.999}",10725546.50427268
A_ECL,C3_RLS,3,"{""forgetting_factor"": 1.0}",10886318.428226244
A_ECL,C4_FIXED_LAG_LINEAR,0,"{""max_lag"": 4, ""learning_rate"": 0.001}",inf
A_ECL,C4_FIXED_LAG_LINEAR,1,"{""max_lag"": 4, ""learning_rate"": 0.01}",inf
A_ECL,C4_FIXED_LAG_LINEAR,2,"{""max_lag"": 8, ""learning_rate"": 0.001}",inf
A_ECL,C4_FIXED_LAG_LINEAR,3,"{""max_lag"": 8, ""learning_rate"": 0.01}",inf
A_ECL,C4_FIXED_LAG_LINEAR,4,"{""max_lag"": 16, ""learning_rate"": 0.001}",inf
A_ECL,C4_FIXED_LAG_LINEAR,5,"{""max_lag"": 16, ""learning_rate"": 0.01}",inf
A_ECL,C4_FIXED_LAG_LINEAR,6,"{""max_lag"": 32, ""learning_rate"": 0.001}",inf
A_ECL,C4_FIXED_LAG_LINEAR,7,"{""max_lag"": 32, ""learning_rate"": 0.01}",inf
A_ECL,IPNLMS,0,"{""mu"": 0.1}",50790.18219512428
A_ECL,IPNLMS,1,"{""mu"": 0.5}",37731.12704430182
A_Traffic,B1_RZA_LMS,0,"{""learning_rate"": 0.001, ""rho_zero_attraction"": 1e-06, ""epsilon_reweight"": 10.0}",0.0010726888399952062
A_Traffic,B1_RZA_LMS,1,"{""learning_rate"": 0.001, ""rho_zero_attraction"": 1e-05, ""epsilon_reweight"": 10.0}",0.0010728059567449858
A_Traffic,B1_RZA_LMS,2,"{""learning_rate"": 0.001, ""rho_zero_attraction"": 0.0001, ""epsilon_reweight"": 10.0}",0.001072807990679883
A_Traffic,B1_RZA_LMS,3,"{""learning_rate"": 0.001, ""rho_zero_attraction"": 0.001, ""epsilon_reweight"": 10.0}",0.0010731433134755503
A_Traffic,B1_RZA_LMS,4,"{""learning_rate"": 0.003, ""rho_zero_attraction"": 1e-06, ""epsilon_reweight"": 10.0}",0.001067218323116623
A_Traffic,B1_RZA_LMS,5,"{""learning_rate"": 0.003, ""rho_zero_attraction"": 1e-05, ""epsilon_reweight"": 10.0}",0.0010727984374656148
A_Traffic,B1_RZA_LMS,6,"{""learning_rate"": 0.003, ""rho_zero_attraction"": 0.0001, ""epsilon_reweight"": 10.0}",0.0010727998964990466
A_Traffic,B1_RZA_LMS,7,"{""learning_rate"": 0.003, ""rho_zero_attraction"": 0.001, ""epsilon_reweight"": 10.0}",0.0010736023802656292
A_Traffic,B1_RZA_LMS,8,"{""learning_rate"": 0.01, ""rho_zero_attraction"": 1e-06, ""epsilon_reweight"": 10.0}",0.0010481957377028652
A_Traffic,B1_RZA_LMS,9,"{""learning_rate"": 0.01, ""rho_zero_attraction"": 1e-05, ""epsilon_reweight"": 10.0}",0.0010715057303842823
A_Traffic,B1_RZA_LMS,10,"{""learning_rate"": 0.01, ""rho_zero_attraction"": 0.0001, ""epsilon_reweight"": 10.0}",0.0010727717087868794
A_Traffic,B1_RZA_LMS,11,"{""learning_rate"": 0.01, ""rho_zero_attraction"": 0.001, ""epsilon_reweight"": 10.0}",0.0010729339857628224
A_Traffic,B1_RZA_LMS,12,"{""learning_rate"": 0.03, ""rho_zero_attraction"": 1e-06, ""epsilon_reweight"": 10.0}",0.0009964585176237824
A_Traffic,B1_RZA_LMS,13,"{""learning_rate"": 0.03, ""rho_zero_attraction"": 1e-05, ""epsilon_reweight"": 10.0}",0.001015859260689774
A_Traffic,B1_RZA_LMS,14,"{""learning_rate"": 0.03, ""rho_zero_attraction"": 0.0001, ""epsilon_reweight"": 10.0}",0.0010726935986551866
A_Traffic,B1_RZA_LMS,15,"{""learning_rate"": 0.03, ""rho_zero_attraction"": 0.001, ""epsilon_reweight"": 10.0}",0.0010727463968111498
A_Traffic,B2_CCN,0,"{""readout_lr"": 0.001, ""recurrent_lr"": 0.0001, ""max_columns"": 1}",0.0007146243029339854
A_Traffic,B2_CCN,1,"{""readout_lr"": 0.001, ""recurrent_lr"": 0.0001, ""max_columns"": 2}",0.000705841455809653
A_Traffic,B2_CCN,2,"{""readout_lr"": 0.001, ""recurrent_lr"": 0.001, ""max_columns"": 1}",0.0007145909941820506
A_Traffic,B2_CCN,3,"{""readout_lr"": 0.001, ""recurrent_lr"": 0.001, ""max_columns"": 2}",0.0007059147730461212
A_Traffic,B2_CCN,4,"{""readout_lr"": 0.003, ""recurrent_lr"": 0.0001, ""max_columns"": 1}",0.0004748220231282417
A_Traffic,B2_CCN,5,"{""readout_lr"": 0.003, ""recurrent_lr"": 0.0001, ""max_columns"": 2}",0.0004727027214766583
A_Traffic,B2_CCN,6,"{""readout_lr"": 0.003, ""recurrent_lr"": 0.001, ""max_columns"": 1}",0.0004746996865349759
A_Traffic,B2_CCN,7,"{""readout_lr"": 0.003, ""recurrent_lr"": 0.001, ""max_columns"": 2}",0.0004725910057031254
A_Traffic,B2_CCN,8,"{""readout_lr"": 0.01, ""recurrent_lr"": 0.0001, ""max_columns"": 1}",0.00034490394880224063
A_Traffic,B2_CCN,9,"{""readout_lr"": 0.01, ""recurrent_lr"": 0.0001, ""max_columns"": 2}",0.0003450762487280275
A_Traffic,B2_CCN,10,"{""readout_lr"": 0.01, ""recurrent_lr"": 0.001, ""max_columns"": 1}",0.0003449143250538747
A_Traffic,B2_CCN,11,"{""readout_lr"": 0.01, ""recurrent_lr"": 0.001, ""max_columns"": 2}",0.000345024719588179
A_Traffic,B2_CCN,12,"{""readout_lr"": 0.03, ""recurrent_lr"": 0.0001, ""max_columns"": 1}",0.000305047551936212
A_Traffic,B2_CCN,13,"{""readout_lr"": 0.03, ""recurrent_lr"": 0.0001, ""max_columns"": 2}",0.0003051914118766979
A_Traffic,B2_CCN,14,"{""readout_lr"": 0.03, ""recurrent_lr"": 0.001, ""max_columns"": 1}",0.00030504649599898695
A_Traffic,B2_CCN,15,"{""readout_lr"": 0.03, ""recurrent_lr"": 0.001, ""max_columns"": 2}",0.00030510291480394025
A_Traffic,B3_MUSE_RNN,0,"{""learning_rate"": 0.001, ""growth_multiplier"": 1.5, ""pruning_threshold"": 0.001}",0.0010728036103805144
A_Traffic,B3_MUSE_RNN,1,"{""learning_rate"": 0.001, ""growth_multiplier"": 1.5, ""pruning_threshold"": 0.01}",0.0010728080465873227
A_Traffic,B3_MUSE_RNN,2,"{""learning_rate"": 0.001, ""growth_multiplier"": 2.5, ""pruning_threshold"": 0.001}",0.0010728050599882813
A_Traffic,B3_MUSE_RNN,3,"{""learning_rate"": 0.001, ""growth_multiplier"": 2.5, ""pruning_threshold"": 0.01}",0.0010728041841524389
A_Traffic,B3_MUSE_RNN,4,"{""learning_rate"": 0.003, ""growth_multiplier"": 1.5, ""pruning_threshold"": 0.001}",0.001072777287671714
A_Traffic,B3_MUSE_RNN,5,"{""learning_rate"": 0.003, ""growth_multiplier"": 1.5, ""pruning_threshold"": 0.01}",0.0010727914546078
A_Traffic,B3_MUSE_RNN,6,"{""learning_rate"": 0.003, ""growth_multiplier"": 2.5, ""pruning_threshold"": 0.001}",0.001072807430464081
A_Traffic,B3_MUSE_RNN,7,"{""learning_rate"": 0.003, ""growth_multiplier"": 2.5, ""pruning_threshold"": 0.01}",0.0010727970111014736
A_Traffic,B3_MUSE_RNN,8,"{""learning_rate"": 0.01, ""growth_multiplier"": 1.5, ""pruning_threshold"": 0.001}",0.0010727919527565508
A_Traffic,B3_MUSE_RNN,9,"{""learning_rate"": 0.01, ""growth_multiplier"": 1.5, ""pruning_threshold"": 0.01}",0.0010727833920071638
A_Traffic,B3_MUSE_RNN,10,"{""learning_rate"": 0.01, ""growth_multiplier"": 2.5, ""pruning_threshold"": 0.001}",0.0010727051244736666
A_Traffic,B3_MUSE_RNN,11,"{""learning_rate"": 0.01, ""growth_multiplier"": 2.5, ""pruning_threshold"": 0.01}",0.0010727923220951849
A_Traffic,B3_MUSE_RNN,12,"{""learning_rate"": 0.03, ""growth_multiplier"": 1.5, ""pruning_threshold"": 0.001}",0.001072663960648861
A_Traffic,B3_MUSE_RNN,13,"{""learning_rate"": 0.03, ""growth_multiplier"": 1.5, ""pruning_threshold"": 0.01}",0.001072713236285258
A_Traffic,B3_MUSE_RNN,14,"{""learning_rate"": 0.03, ""growth_multiplier"": 2.5, ""pruning_threshold"": 0.001}",0.0010726960015369016
A_Traffic,B3_MUSE_RNN,15,"{""learning_rate"": 0.03, ""growth_multiplier"": 2.5, ""pruning_threshold"": 0.01}",0.001072544180179573
A_Traffic,B4_MINIMAL_GRU,0,"{""learning_rate"": 0.0001, ""weight_decay"": 0.9}",0.0010728098053044666
A_Traffic,B4_MINIMAL_GRU,1,"{""learning_rate"": 0.0001, ""weight_decay"": 0.95}",0.0010728169690721746
A_Traffic,B4_MINIMAL_GRU,2,"{""learning_rate"": 0.0001, ""weight_decay"": 0.99}",0.0010727935774534172
A_Traffic,B4_MINIMAL_GRU,3,"{""learning_rate"": 0.0001, ""weight_decay"": 0.999}",0.0010731084225994074
A_Traffic,B4_MINIMAL_GRU,4,"{""learning_rate"": 0.001, ""weight_decay"": 0.9}",0.0010728083555211659
A_Traffic,B4_MINIMAL_GRU,5,"{""learning_rate"": 0.001, ""weight_decay"": 0.95}",0.0010728117426265014
A_Traffic,B4_MINIMAL_GRU,6,"{""learning_rate"": 0.001, ""weight_decay"": 0.99}",0.0010727857401756247
A_Traffic,B4_MINIMAL_GRU,7,"{""learning_rate"": 0.001, ""weight_decay"": 0.999}",0.0010734277752869103
A_Traffic,B4_MINIMAL_GRU,8,"{""learning_rate"": 0.003, ""weight_decay"": 0.9}",0.001072810131291857
A_Traffic,B4_MINIMAL_GRU,9,"{""learning_rate"": 0.003, ""weight_decay"": 0.95}",0.0010728108274295825
A_Traffic,B4_MINIMAL_GRU,10,"{""learning_rate"": 0.003, ""weight_decay"": 0.99}",0.0010728651760229383
A_Traffic,B4_MINIMAL_GRU,11,"{""learning_rate"": 0.003, ""weight_decay"": 0.999}",0.001072115905075503
A_Traffic,B4_MINIMAL_GRU,12,"{""learning_rate"": 0.01, ""weight_decay"": 0.9}",0.0010728100028857585
A_Traffic,B4_MINIMAL_GRU,13,"{""learning_rate"": 0.01, ""weight_decay"": 0.95}",0.0010728094284413621
A_Traffic,B4_MINIMAL_GRU,14,"{""learning_rate"": 0.01, ""weight_decay"": 0.99}",0.001072823293290063
A_Traffic,B4_MINIMAL_GRU,15,"{""learning_rate"": 0.01, ""weight_decay"": 0.999}",0.0010728095378297593
A_Traffic,B5_ONLINE_ESN,0,"{""reservoir_size"": 10, ""spectral_radius"": 0.85, ""leak_rate"": 0.3, ""readout_lr"": 0.001}",0.0010723228960105346
A_Traffic,B5_ONLINE_ESN,1,"{""reservoir_size"": 10, ""spectral_radius"": 0.85, ""leak_rate"": 0.3, ""readout_lr"": 0.01}",0.0010679676639422915
A_Traffic,B5_ONLINE_ESN,2,"{""reservoir_size"": 10, ""spectral_radius"": 0.85, ""leak_rate"": 0.7, ""readout_lr"": 0.001}",0.001072224831302439
A_Traffic,B5_ONLINE_ESN,3,"{""reservoir_size"": 10, ""spectral_radius"": 0.85, ""leak_rate"": 0.7, ""readout_lr"": 0.01}",0.0010669938898014454
A_Traffic,B5_ONLINE_ESN,4,"{""reservoir_size"": 10, ""spectral_radius"": 0.95, ""leak_rate"": 0.3, ""readout_lr"": 0.001}",0.0010719041556137233
A_Traffic,B5_ONLINE_ESN,5,"{""reservoir_size"": 10, ""spectral_radius"": 0.95, ""leak_rate"": 0.3, ""readout_lr"": 0.01}",0.0010638757015187606
A_Traffic,B5_ONLINE_ESN,6,"{""reservoir_size"": 10, ""spectral_radius"": 0.95, ""leak_rate"": 0.7, ""readout_lr"": 0.001}",0.001071816407652552
A_Traffic,B5_ONLINE_ESN,7,"{""reservoir_size"": 10, ""spectral_radius"": 0.95, ""leak_rate"": 0.7, ""readout_lr"": 0.01}",0.0010630106623779557
A_Traffic,B5_ONLINE_ESN,8,"{""reservoir_size"": 20, ""spectral_radius"": 0.85, ""leak_rate"": 0.3, ""readout_lr"": 0.001}",0.0010710632363325628
A_Traffic,B5_ONLINE_ESN,9,"{""reservoir_size"": 20, ""spectral_radius"": 0.85, ""leak_rate"": 0.3, ""readout_lr"": 0.01}",0.0010556793333290305
A_Traffic,B5_ONLINE_ESN,10,"{""reservoir_size"": 20, ""spectral_radius"": 0.85, ""leak_rate"": 0.7, ""readout_lr"": 0.001}",0.0010707583297362596
A_Traffic,B5_ONLINE_ESN,11,"{""reservoir_size"": 20, ""spectral_radius"": 0.85, ""leak_rate"": 0.7, ""readout_lr"": 0.01}",0.001052725080679767
A_Traffic,B5_ONLINE_ESN,12,"{""reservoir_size"": 20, ""spectral_radius"": 0.95, ""leak_rate"": 0.3, ""readout_lr"": 0.001}",0.001068297756700702
A_Traffic,B5_ONLINE_ESN,13,"{""reservoir_size"": 20, ""spectral_radius"": 0.95, ""leak_rate"": 0.3, ""readout_lr"": 0.01}",0.0010298114883344183
A_Traffic,B5_ONLINE_ESN,14,"{""reservoir_size"": 20, ""spectral_radius"": 0.95, ""leak_rate"": 0.7, ""readout_lr"": 0.001}",0.0010681868445262521
A_Traffic,B5_ONLINE_ESN,15,"{""reservoir_size"": 20, ""spectral_radius"": 0.95, ""leak_rate"": 0.7, ""readout_lr"": 0.01}",0.001028855988977358
A_Traffic,S1_VARIABLE_TAP_LMS,0,"{""learning_rate"": 0.001, ""tap_leakage"": 0.0001}",0.00106794537278339
A_Traffic,S1_VARIABLE_TAP_LMS,1,"{""learning_rate"": 0.001, ""tap_leakage"": 0.001}",0.0010701807032112893
A_Traffic,S1_VARIABLE_TAP_LMS,2,"{""learning_rate"": 0.001, ""tap_leakage"": 0.01}",0.0010724159911463034
A_Traffic,S1_VARIABLE_TAP_LMS,3,"{""learning_rate"": 0.001, ""tap_leakage"": 0.1}",0.001072764715834821
A_Traffic,S1_VARIABLE_TAP_LMS,4,"{""learning_rate"": 0.003, ""tap_leakage"": 0.0001}",0.001058311841555481
A_Traffic,S1_VARIABLE_TAP_LMS,5,"{""learning_rate"": 0.003, ""tap_leakage"": 0.001}",0.0010649527567330214
A_Traffic,S1_VARIABLE_TAP_LMS,6,"{""learning_rate"": 0.003, ""tap_leakage"": 0.01}",0.0010716293318146718
A_Traffic,S1_VARIABLE_TAP_LMS,7,"{""learning_rate"": 0.003, ""tap_leakage"": 0.1}",0.0010726748105718074
A_Traffic,S1_VARIABLE_TAP_LMS,8,"{""learning_rate"": 0.01, ""tap_leakage"": 0.0001}",0.0010255682172931732
A_Traffic,S1_VARIABLE_TAP_LMS,9,"{""learning_rate"": 0.01, ""tap_leakage"": 0.001}",0.0010469649461740476
A_Traffic,S1_VARIABLE_TAP_LMS,10,"{""learning_rate"": 0.01, ""tap_leakage"": 0.01}",0.0010688834032599227
A_Traffic,S1_VARIABLE_TAP_LMS,11,"{""learning_rate"": 0.01, ""tap_leakage"": 0.1}",0.001072360240019024
A_Traffic,S1_VARIABLE_TAP_LMS,12,"{""learning_rate"": 0.03, ""tap_leakage"": 0.0001}",0.0009382244954249866
A_Traffic,S1_VARIABLE_TAP_LMS,13,"{""learning_rate"": 0.03, ""tap_leakage"": 0.001}",0.0009981107755787193
A_Traffic,S1_VARIABLE_TAP_LMS,14,"{""learning_rate"": 0.03, ""tap_leakage"": 0.01}",0.0010611006607174572
A_Traffic,S1_VARIABLE_TAP_LMS,15,"{""learning_rate"": 0.03, ""tap_leakage"": 0.1}",0.0010714623051521557
A_Traffic,S2_LRU_STREAM,0,"{""state_lr"": 0.001, ""readout_lr"": 0.001, ""state_decay"": 0.9}",0.0011474262905176369
A_Traffic,S2_LRU_STREAM,1,"{""state_lr"": 0.001, ""readout_lr"": 0.001, ""state_decay"": 0.98}",0.001073186056013523
A_Traffic,S2_LRU_STREAM,2,"{""state_lr"": 0.001, ""readout_lr"": 0.003, ""state_decay"": 0.9}",0.0010874881865625334
A_Traffic,S2_LRU_STREAM,3,"{""state_lr"": 0.001, ""readout_lr"": 0.003, ""state_decay"": 0.98}",0.001090178776539256
A_Traffic,S2_LRU_STREAM,4,"{""state_lr"": 0.001, ""readout_lr"": 0.01, ""state_decay"": 0.9}",0.000995309195254092
A_Traffic,S2_LRU_STREAM,5,"{""state_lr"": 0.001, ""readout_lr"": 0.01, ""state_decay"": 0.98}",0.00109301572020368
A_Traffic,S2_LRU_STREAM,6,"{""state_lr"": 0.001, ""readout_lr"": 0.03, ""state_decay"": 0.9}",0.00098502147246623
A_Traffic,S2_LRU_STREAM,7,"{""state_lr"": 0.001, ""readout_lr"": 0.03, ""state_decay"": 0.98}",0.0006447018990711489
A_Traffic,S2_LRU_STREAM,8,"{""state_lr"": 0.01, ""readout_lr"": 0.001, ""state_decay"": 0.9}",0.0010898748537541065
A_Traffic,S2_LRU_STREAM,9,"{""state_lr"": 0.01, ""readout_lr"": 0.001, ""state_decay"": 0.98}",0.001203045681388709
A_Traffic,S2_LRU_STREAM,10,"{""state_lr"": 0.01, ""readout_lr"": 0.003, ""state_decay"": 0.9}",0.0009935990802675437
A_Traffic,S2_LRU_STREAM,11,"{""state_lr"": 0.01, ""readout_lr"": 0.003, ""state_decay"": 0.98}",0.0012430777743313627
A_Traffic,S2_LRU_STREAM,12,"{""state_lr"": 0.01, ""readout_lr"": 0.01, ""state_decay"": 0.9}",0.0010293015153596942
A_Traffic,S2_LRU_STREAM,13,"{""state_lr"": 0.01, ""readout_lr"": 0.01, ""state_decay"": 0.98}",0.001035314609834276
A_Traffic,S2_LRU_STREAM,14,"{""state_lr"": 0.01, ""readout_lr"": 0.03, ""state_decay"": 0.9}",0.001024976259072812
A_Traffic,S2_LRU_STREAM,15,"{""state_lr"": 0.01, ""readout_lr"": 0.03, ""state_decay"": 0.98}",0.0008284270725780539
A_Traffic,S3_RSONN,0,"{""learning_rate"": 0.001, ""growth_threshold"": 0.05, ""pruning_threshold"": 0.001}",0.000727696387657701
A_Traffic,S3_RSONN,1,"{""learning_rate"": 0.001, ""growth_threshold"": 0.05, ""pruning_threshold"": 0.005}",0.0007277681210857582
A_Traffic,S3_RSONN,2,"{""learning_rate"": 0.001, ""growth_threshold"": 0.1, ""pruning_threshold"": 0.001}",0.0007281633020343424
A_Traffic,S3_RSONN,3,"{""learning_rate"": 0.001, ""growth_threshold"": 0.1, ""pruning_threshold"": 0.005}",0.0007278240307733922
A_Traffic,S3_RSONN,4,"{""learning_rate"": 0.005, ""growth_threshold"": 0.05, ""pruning_threshold"": 0.001}",0.0004101321109571943
A_Traffic,S3_RSONN,5,"{""learning_rate"": 0.005, ""growth_threshold"": 0.05, ""pruning_threshold"": 0.005}",0.0004099668370085338
A_Traffic,S3_RSONN,6,"{""learning_rate"": 0.005, ""growth_threshold"": 0.1, ""pruning_threshold"": 0.001}",0.00040996049617346425
A_Traffic,S3_RSONN,7,"{""learning_rate"": 0.005, ""growth_threshold"": 0.1, ""pruning_threshold"": 0.005}",0.0004098130479588035
A_Traffic,S3_RSONN,8,"{""learning_rate"": 0.01, ""growth_threshold"": 0.05, ""pruning_threshold"": 0.001}",0.00035190129254340807
A_Traffic,S3_RSONN,9,"{""learning_rate"": 0.01, ""growth_threshold"": 0.05, ""pruning_threshold"": 0.005}",0.0003517890547923809
A_Traffic,S3_RSONN,10,"{""learning_rate"": 0.01, ""growth_threshold"": 0.1, ""pruning_threshold"": 0.001}",0.00035182741776466973
A_Traffic,S3_RSONN,11,"{""learning_rate"": 0.01, ""growth_threshold"": 0.1, ""pruning_threshold"": 0.005}",0.00035171130494540546
A_Traffic,S3_RSONN,12,"{""learning_rate"": 0.02, ""growth_threshold"": 0.05, ""pruning_threshold"": 0.001}",0.0003235496349018901
A_Traffic,S3_RSONN,13,"{""learning_rate"": 0.02, ""growth_threshold"": 0.05, ""pruning_threshold"": 0.005}",0.0003233142215227003
A_Traffic,S3_RSONN,14,"{""learning_rate"": 0.02, ""growth_threshold"": 0.1, ""pruning_threshold"": 0.001}",0.00032264612319311315
A_Traffic,S3_RSONN,15,"{""learning_rate"": 0.02, ""growth_threshold"": 0.1, ""pruning_threshold"": 0.005}",0.0003231514882994153
A_Traffic,S4_ACESN,0,"{""reservoir_size"": 20, ""spectral_radius"": 0.85, ""compression_ratio"": 0.25, ""readout_lr"": 0.001}",0.0010724749704058708
A_Traffic,S4_ACESN,1,"{""reservoir_size"": 20, ""spectral_radius"": 0.85, ""compression_ratio"": 0.25, ""readout_lr"": 0.01}",0.001069474215243598
A_Traffic,S4_ACESN,2,"{""reservoir_size"": 20, ""spectral_radius"": 0.85, ""compression_ratio"": 0.5, ""readout_lr"": 0.001}",0.0010724749703993589
A_Traffic,S4_ACESN,3,"{""reservoir_size"": 20, ""spectral_radius"": 0.85, ""compression_ratio"": 0.5, ""readout_lr"": 0.01}",0.0010694742151788875
A_Traffic,S4_ACESN,4,"{""reservoir_size"": 20, ""spectral_radius"": 0.95, ""compression_ratio"": 0.25, ""readout_lr"": 0.001}",0.0010722325348162998
A_Traffic,S4_ACESN,5,"{""reservoir_size"": 20, ""spectral_radius"": 0.95, ""compression_ratio"": 0.25, ""readout_lr"": 0.01}",0.0010670861478382198
A_Traffic,S4_ACESN,6,"{""reservoir_size"": 20, ""spectral_radius"": 0.95, ""compression_ratio"": 0.5, ""readout_lr"": 0.001}",0.0010722325348074193
A_Traffic,S4_ACESN,7,"{""reservoir_size"": 20, ""spectral_radius"": 0.95, ""compression_ratio"": 0.5, ""readout_lr"": 0.01}",0.0010670861477504326
A_Traffic,S4_ACESN,8,"{""reservoir_size"": 40, ""spectral_radius"": 0.85, ""compression_ratio"": 0.25, ""readout_lr"": 0.001}",0.0010725940152744116
A_Traffic,S4_ACESN,9,"{""reservoir_size"": 40, ""spectral_radius"": 0.85, ""compression_ratio"": 0.25, ""readout_lr"": 0.01}",0.0010706582612271126
A_Traffic,S4_ACESN,10,"{""reservoir_size"": 40, ""spectral_radius"": 0.85, ""compression_ratio"": 0.5, ""readout_lr"": 0.001}",0.0010725940109753342
A_Traffic,S4_ACESN,11,"{""reservoir_size"": 40, ""spectral_radius"": 0.85, ""compression_ratio"": 0.5, ""readout_lr"": 0.01}",0.001070658218282357
A_Traffic,S4_ACESN,12,"{""reservoir_size"": 40, ""spectral_radius"": 0.95, ""compression_ratio"": 0.25, ""readout_lr"": 0.001}",0.0010724697402342083
A_Traffic,S4_ACESN,13,"{""reservoir_size"": 40, ""spectral_radius"": 0.95, ""compression_ratio"": 0.25, ""readout_lr"": 0.01}",0.0010694284842620498
A_Traffic,S4_ACESN,14,"{""reservoir_size"": 40, ""spectral_radius"": 0.95, ""compression_ratio"": 0.5, ""readout_lr"": 0.001}",0.0010724697334619992
A_Traffic,S4_ACESN,15,"{""reservoir_size"": 40, ""spectral_radius"": 0.95, ""compression_ratio"": 0.5, ""readout_lr"": 0.01}",0.001069428416684218
A_Traffic,S5_CONTINUAL_BACKPROP,0,"{""learning_rate"": 0.001, ""replacement_rate"": 0.0001, ""maturity_threshold"": 50}",0.0010509854368911402
A_Traffic,S5_CONTINUAL_BACKPROP,1,"{""learning_rate"": 0.001, ""replacement_rate"": 0.0001, ""maturity_threshold"": 100}",0.0010969282290540906
A_Traffic,S5_CONTINUAL_BACKPROP,2,"{""learning_rate"": 0.001, ""replacement_rate"": 0.001, ""maturity_threshold"": 50}",0.0010433287712455714
A_Traffic,S5_CONTINUAL_BACKPROP,3,"{""learning_rate"": 0.001, ""replacement_rate"": 0.001, ""maturity_threshold"": 100}",0.001087832027245398
A_Traffic,S5_CONTINUAL_BACKPROP,4,"{""learning_rate"": 0.005, ""replacement_rate"": 0.0001, ""maturity_threshold"": 50}",0.001059955790330034
A_Traffic,S5_CONTINUAL_BACKPROP,5,"{""learning_rate"": 0.005, ""replacement_rate"": 0.0001, ""maturity_threshold"": 100}",0.0010359158385706841
A_Traffic,S5_CONTINUAL_BACKPROP,6,"{""learning_rate"": 0.005, ""replacement_rate"": 0.001, ""maturity_threshold"": 50}",0.0010691868535340884
A_Traffic,S5_CONTINUAL_BACKPROP,7,"{""learning_rate"": 0.005, ""replacement_rate"": 0.001, ""maturity_threshold"": 100}",0.0010723935869222407
A_Traffic,S5_CONTINUAL_BACKPROP,8,"{""learning_rate"": 0.01, ""replacement_rate"": 0.0001, ""maturity_threshold"": 50}",0.0010631504738716404
A_Traffic,S5_CONTINUAL_BACKPROP,9,"{""learning_rate"": 0.01, ""replacement_rate"": 0.0001, ""maturity_threshold"": 100}",0.0010633548323073607
A_Traffic,S5_CONTINUAL_BACKPROP,10,"{""learning_rate"": 0.01, ""replacement_rate"": 0.001, ""maturity_threshold"": 50}",0.0010850241323865754
A_Traffic,S5_CONTINUAL_BACKPROP,11,"{""learning_rate"": 0.01, ""replacement_rate"": 0.001, ""maturity_threshold"": 100}",0.0010621060693587054
A_Traffic,S5_CONTINUAL_BACKPROP,12,"{""learning_rate"": 0.03, ""replacement_rate"": 0.0001, ""maturity_threshold"": 50}",0.0010158224859027993
A_Traffic,S5_CONTINUAL_BACKPROP,13,"{""learning_rate"": 0.03, ""replacement_rate"": 0.0001, ""maturity_threshold"": 100}",0.0009947886464749143
A_Traffic,S5_CONTINUAL_BACKPROP,14,"{""learning_rate"": 0.03, ""replacement_rate"": 0.001, ""maturity_threshold"": 50}",0.0010375544726239007
A_Traffic,S5_CONTINUAL_BACKPROP,15,"{""learning_rate"": 0.03, ""replacement_rate"": 0.001, ""maturity_threshold"": 100}",0.0009908090141363202
A_Traffic,C1_CURRENT_ONLY_LINEAR,0,"{""learning_rate"": 0.001}",0.0010700593597972887
A_Traffic,C1_CURRENT_ONLY_LINEAR,1,"{""learning_rate"": 0.003}",0.00106458814038503
A_Traffic,C1_CURRENT_ONLY_LINEAR,2,"{""learning_rate"": 0.01}",0.001045743548364729
A_Traffic,C1_CURRENT_ONLY_LINEAR,3,"{""learning_rate"": 0.03}",0.0009944146471083661
A_Traffic,C2_NLMS,0,"{""step_size"": 0.01}",9.076643916056843e-05
A_Traffic,C2_NLMS,1,"{""step_size"": 0.05}",9.816508108194904e-05
A_Traffic,C2_NLMS,2,"{""step_size"": 0.1}",0.00011209129676738816
A_Traffic,C2_NLMS,3,"{""step_size"": 0.2}",0.00013001890361919894
A_Traffic,C3_RLS,0,"{""forgetting_factor"": 0.99}",0.00010852775499898405
A_Traffic,C3_RLS,1,"{""forgetting_factor"": 0.995}",0.00013955059139488332
A_Traffic,C3_RLS,2,"{""forgetting_factor"": 0.999}",0.00023602807738311643
A_Traffic,C3_RLS,3,"{""forgetting_factor"": 1.0}",0.00032657380817745956
A_Traffic,C4_FIXED_LAG_LINEAR,0,"{""max_lag"": 4, ""learning_rate"": 0.001}",0.0010632555338655192
A_Traffic,C4_FIXED_LAG_LINEAR,1,"{""max_lag"": 4, ""learning_rate"": 0.01}",0.0009828676486873357
A_Traffic,C4_FIXED_LAG_LINEAR,2,"{""max_lag"": 8, ""learning_rate"": 0.001}",0.0010581166995122652
A_Traffic,C4_FIXED_LAG_LINEAR,3,"{""max_lag"": 8, ""learning_rate"": 0.01}",0.0009407880853195471
A_Traffic,C4_FIXED_LAG_LINEAR,4,"{""max_lag"": 16, ""learning_rate"": 0.001}",0.0010525852555770252
A_Traffic,C4_FIXED_LAG_LINEAR,5,"{""max_lag"": 16, ""learning_rate"": 0.01}",0.0009011006007612569
A_Traffic,C4_FIXED_LAG_LINEAR,6,"{""max_lag"": 32, ""learning_rate"": 0.001}",0.0010239792137635027
A_Traffic,C4_FIXED_LAG_LINEAR,7,"{""max_lag"": 32, ""learning_rate"": 0.01}",0.0007129979839158065
A_Traffic,IPNLMS,0,"{""mu"": 0.1}",0.00026371092427078324
A_Traffic,IPNLMS,1,"{""mu"": 0.5}",8.495613727924887e-05
B_FriedmanDrift_LEA,B1_RZA_LMS,0,"{""learning_rate"": 0.001, ""rho_zero_attraction"": 1e-06, ""epsilon_reweight"": 10.0}",30.170254385125418
B_FriedmanDrift_LEA,B1_RZA_LMS,1,"{""learning_rate"": 0.001, ""rho_zero_attraction"": 1e-05, ""epsilon_reweight"": 10.0}",30.174673386536323
B_FriedmanDrift_LEA,B1_RZA_LMS,2,"{""learning_rate"": 0.001, ""rho_zero_attraction"": 0.0001, ""epsilon_reweight"": 10.0}",30.21907820874159
B_FriedmanDrift_LEA,B1_RZA_LMS,3,"{""learning_rate"": 0.001, ""rho_zero_attraction"": 0.001, ""epsilon_reweight"": 10.0}",30.685715323511943
B_FriedmanDrift_LEA,B1_RZA_LMS,4,"{""learning_rate"": 0.003, ""rho_zero_attraction"": 1e-06, ""epsilon_reweight"": 10.0}",17.27371503380549
B_FriedmanDrift_LEA,B1_RZA_LMS,5,"{""learning_rate"": 0.003, ""rho_zero_attraction"": 1e-05, ""epsilon_reweight"": 10.0}",17.273974687261855
B_FriedmanDrift_LEA,B1_RZA_LMS,6,"{""learning_rate"": 0.003, ""rho_zero_attraction"": 0.0001, ""epsilon_reweight"": 10.0}",17.276582025205887
B_FriedmanDrift_LEA,B1_RZA_LMS,7,"{""learning_rate"": 0.003, ""rho_zero_attraction"": 0.001, ""epsilon_reweight"": 10.0}",17.30376071237101
B_FriedmanDrift_LEA,B1_RZA_LMS,8,"{""learning_rate"": 0.01, ""rho_zero_attraction"": 1e-06, ""epsilon_reweight"": 10.0}",10.732452705399089
B_FriedmanDrift_LEA,B1_RZA_LMS,9,"{""learning_rate"": 0.01, ""rho_zero_attraction"": 1e-05, ""epsilon_reweight"": 10.0}",10.73235711659021
B_FriedmanDrift_LEA,B1_RZA_LMS,10,"{""learning_rate"": 0.01, ""rho_zero_attraction"": 0.0001, ""epsilon_reweight"": 10.0}",10.731405019417666
B_FriedmanDrift_LEA,B1_RZA_LMS,11,"{""learning_rate"": 0.01, ""rho_zero_attraction"": 0.001, ""epsilon_reweight"": 10.0}",10.722287091857915
B_FriedmanDrift_LEA,B1_RZA_LMS,12,"{""learning_rate"": 0.03, ""rho_zero_attraction"": 1e-06, ""epsilon_reweight"": 10.0}",8.723533658619415
B_FriedmanDrift_LEA,B1_RZA_LMS,13,"{""learning_rate"": 0.03, ""rho_zero_attraction"": 1e-05, ""epsilon_reweight"": 10.0}",8.723537471383159
B_FriedmanDrift_LEA,B1_RZA_LMS,14,"{""learning_rate"": 0.03, ""rho_zero_attraction"": 0.0001, ""epsilon_reweight"": 10.0}",8.723583772072558
B_FriedmanDrift_LEA,B1_RZA_LMS,15,"{""learning_rate"": 0.03, ""rho_zero_attraction"": 0.001, ""epsilon_reweight"": 10.0}",8.724353054932966
B_FriedmanDrift_LEA,B2_CCN,0,"{""readout_lr"": 0.001, ""recurrent_lr"": 0.0001, ""max_columns"": 1}",28.097797473721617
B_FriedmanDrift_LEA,B2_CCN,1,"{""readout_lr"": 0.001, ""recurrent_lr"": 0.0001, ""max_columns"": 2}",28.119214762811296
B_FriedmanDrift_LEA,B2_CCN,2,"{""readout_lr"": 0.001, ""recurrent_lr"": 0.001, ""max_columns"": 1}",26.958805405321858
B_FriedmanDrift_LEA,B2_CCN,3,"{""readout_lr"": 0.001, ""recurrent_lr"": 0.001, ""max_columns"": 2}",26.95600729444219
B_FriedmanDrift_LEA,B2_CCN,4,"{""readout_lr"": 0.003, ""recurrent_lr"": 0.0001, ""max_columns"": 1}",16.51777723412
B_FriedmanDrift_LEA,B2_CCN,5,"{""readout_lr"": 0.003, ""recurrent_lr"": 0.0001, ""max_columns"": 2}",16.516632772269237
B_FriedmanDrift_LEA,B2_CCN,6,"{""readout_lr"": 0.003, ""recurrent_lr"": 0.001, ""max_columns"": 1}",16.0530743913677
B_FriedmanDrift_LEA,B2_CCN,7,"{""readout_lr"": 0.003, ""recurrent_lr"": 0.001, ""max_columns"": 2}",16.047854244337245
B_FriedmanDrift_LEA,B2_CCN,8,"{""readout_lr"": 0.01, ""recurrent_lr"": 0.0001, ""max_columns"": 1}",10.364871961847806
B_FriedmanDrift_LEA,B2_CCN,9,"{""readout_lr"": 0.01, ""recurrent_lr"": 0.0001, ""max_columns"": 2}",10.3576669915004
B_FriedmanDrift_LEA,B2_CCN,10,"{""readout_lr"": 0.01, ""recurrent_lr"": 0.001, ""max_columns"": 1}",10.24998704428762
B_FriedmanDrift_LEA,B2_CCN,11,"{""readout_lr"": 0.01, ""recurrent_lr"": 0.001, ""max_columns"": 2}",10.249417244220293
B_FriedmanDrift_LEA,B2_CCN,12,"{""readout_lr"": 0.03, ""recurrent_lr"": 0.0001, ""max_columns"": 1}",8.45777749798396
B_FriedmanDrift_LEA,B2_CCN,13,"{""readout_lr"": 0.03, ""recurrent_lr"": 0.0001, ""max_columns"": 2}",8.457756833963476
B_FriedmanDrift_LEA,B2_CCN,14,"{""readout_lr"": 0.03, ""recurrent_lr"": 0.001, ""max_columns"": 1}",8.460051244919564
B_FriedmanDrift_LEA,B2_CCN,15,"{""readout_lr"": 0.03, ""recurrent_lr"": 0.001, ""max_columns"": 2}",8.460718637205787
B_FriedmanDrift_LEA,B3_MUSE_RNN,0,"{""learning_rate"": 0.001, ""growth_multiplier"": 1.5, ""pruning_threshold"": 0.001}",234.04557047819483
B_FriedmanDrift_LEA,B3_MUSE_RNN,1,"{""learning_rate"": 0.001, ""growth_multiplier"": 1.5, ""pruning_threshold"": 0.01}",234.04441831604709
B_FriedmanDrift_LEA,B3_MUSE_RNN,2,"{""learning_rate"": 0.001, ""growth_multiplier"": 2.5, ""pruning_threshold"": 0.001}",234.04538322987972
B_FriedmanDrift_LEA,B3_MUSE_RNN,3,"{""learning_rate"": 0.001, ""growth_multiplier"": 2.5, ""pruning_threshold"": 0.01}",234.04118272805815
B_FriedmanDrift_LEA,B3_MUSE_RNN,4,"{""learning_rate"": 0.003, ""growth_multiplier"": 1.5, ""pruning_threshold"": 0.001}",233.92130088602258
B_FriedmanDrift_LEA,B3_MUSE_RNN,5,"{""learning_rate"": 0.003, ""growth_multiplier"": 1.5, ""pruning_threshold"": 0.01}",233.6289799631913
B_FriedmanDrift_LEA,B3_MUSE_RNN,6,"{""learning_rate"": 0.003, ""growth_multiplier"": 2.5, ""pruning_threshold"": 0.001}",233.5437041986837
B_FriedmanDrift_LEA,B3_MUSE_RNN,7,"{""learning_rate"": 0.003, ""growth_multiplier"": 2.5, ""pruning_threshold"": 0.01}",233.89188765119556
B_FriedmanDrift_LEA,B3_MUSE_RNN,8,"{""learning_rate"": 0.01, ""growth_multiplier"": 1.5, ""pruning_threshold"": 0.001}",75.33266079617253
B_FriedmanDrift_LEA,B3_MUSE_RNN,9,"{""learning_rate"": 0.01, ""growth_multiplier"": 1.5, ""pruning_threshold"": 0.01}",148.30636774683526
B_FriedmanDrift_LEA,B3_MUSE_RNN,10,"{""learning_rate"": 0.01, ""growth_multiplier"": 2.5, ""pruning_threshold"": 0.001}",105.38756901978441
B_FriedmanDrift_LEA,B3_MUSE_RNN,11,"{""learning_rate"": 0.01, ""growth_multiplier"": 2.5, ""pruning_threshold"": 0.01}",124.89088028795088
B_FriedmanDrift_LEA,B3_MUSE_RNN,12,"{""learning_rate"": 0.03, ""growth_multiplier"": 1.5, ""pruning_threshold"": 0.001}",33.26092291994453
B_FriedmanDrift_LEA,B3_MUSE_RNN,13,"{""learning_rate"": 0.03, ""growth_multiplier"": 1.5, ""pruning_threshold"": 0.01}",30.509569910451336
B_FriedmanDrift_LEA,B3_MUSE_RNN,14,"{""learning_rate"": 0.03, ""growth_multiplier"": 2.5, ""pruning_threshold"": 0.001}",30.3460787567417
B_FriedmanDrift_LEA,B3_MUSE_RNN,15,"{""learning_rate"": 0.03, ""growth_multiplier"": 2.5, ""pruning_threshold"": 0.01}",34.66864828781469
B_FriedmanDrift_LEA,B4_MINIMAL_GRU,0,"{""learning_rate"": 0.0001, ""weight_decay"": 0.9}",234.0436789984219
B_FriedmanDrift_LEA,B4_MINIMAL_GRU,1,"{""learning_rate"": 0.0001, ""weight_decay"": 0.95}",234.04269129205068
B_FriedmanDrift_LEA,B4_MINIMAL_GRU,2,"{""learning_rate"": 0.0001, ""weight_decay"": 0.99}",234.03310917272208
B_FriedmanDrift_LEA,B4_MINIMAL_GRU,3,"{""learning_rate"": 0.0001, ""weight_decay"": 0.999}",233.90883783011
B_FriedmanDrift_LEA,B4_MINIMAL_GRU,4,"{""learning_rate"": 0.001, ""weight_decay"": 0.9}",234.00884650828314
B_FriedmanDrift_LEA,B4_MINIMAL_GRU,5,"{""learning_rate"": 0.001, ""weight_decay"": 0.95}",233.52358213024834
B_FriedmanDrift_LEA,B4_MINIMAL_GRU,6,"{""learning_rate"": 0.001, ""weight_decay"": 0.99}",125.81592035944959
B_FriedmanDrift_LEA,B4_MINIMAL_GRU,7,"{""learning_rate"": 0.001, ""weight_decay"": 0.999}",90.39666688259364
B_FriedmanDrift_LEA,B4_MINIMAL_GRU,8,"{""learning_rate"": 0.003, ""weight_decay"": 0.9}",123.7723477672849
B_FriedmanDrift_LEA,B4_MINIMAL_GRU,9,"{""learning_rate"": 0.003, ""weight_decay"": 0.95}",72.55399550737043
B_FriedmanDrift_LEA,B4_MINIMAL_GRU,10,"{""learning_rate"": 0.003, ""weight_decay"": 0.99}",44.26584445155421
B_FriedmanDrift_LEA,B4_MINIMAL_GRU,11,"{""learning_rate"": 0.003, ""weight_decay"": 0.999}",45.31637924058915
B_FriedmanDrift_LEA,B4_MINIMAL_GRU,12,"{""learning_rate"": 0.01, ""weight_decay"": 0.9}",36.300563314746036
B_FriedmanDrift_LEA,B4_MINIMAL_GRU,13,"{""learning_rate"": 0.01, ""weight_decay"": 0.95}",29.60025700973463
B_FriedmanDrift_LEA,B4_MINIMAL_GRU,14,"{""learning_rate"": 0.01, ""weight_decay"": 0.99}",25.25661414431411
B_FriedmanDrift_LEA,B4_MINIMAL_GRU,15,"{""learning_rate"": 0.01, ""weight_decay"": 0.999}",30.36402110640648
B_FriedmanDrift_LEA,B5_ONLINE_ESN,0,"{""reservoir_size"": 10, ""spectral_radius"": 0.85, ""leak_rate"": 0.3, ""readout_lr"": 0.001}",152.53499138444366
B_FriedmanDrift_LEA,B5_ONLINE_ESN,1,"{""reservoir_size"": 10, ""spectral_radius"": 0.85, ""leak_rate"": 0.3, ""readout_lr"": 0.01}",50.39437821230934
B_FriedmanDrift_LEA,B5_ONLINE_ESN,2,"{""reservoir_size"": 10, ""spectral_radius"": 0.85, ""leak_rate"": 0.7, ""readout_lr"": 0.001}",152.71515575747472
B_FriedmanDrift_LEA,B5_ONLINE_ESN,3,"{""reservoir_size"": 10, ""spectral_radius"": 0.85, ""leak_rate"": 0.7, ""readout_lr"": 0.01}",54.794595634078185
B_FriedmanDrift_LEA,B5_ONLINE_ESN,4,"{""reservoir_size"": 10, ""spectral_radius"": 0.95, ""leak_rate"": 0.3, ""readout_lr"": 0.001}",145.70552955004746
B_FriedmanDrift_LEA,B5_ONLINE_ESN,5,"{""reservoir_size"": 10, ""spectral_radius"": 0.95, ""leak_rate"": 0.3, ""readout_lr"": 0.01}",50.85292959324888
B_FriedmanDrift_LEA,B5_ONLINE_ESN,6,"{""reservoir_size"": 10, ""spectral_radius"": 0.95, ""leak_rate"": 0.7, ""readout_lr"": 0.001}",146.0599556375989
B_FriedmanDrift_LEA,B5_ONLINE_ESN,7,"{""reservoir_size"": 10, ""spectral_radius"": 0.95, ""leak_rate"": 0.7, ""readout_lr"": 0.01}",56.69407364188289
B_FriedmanDrift_LEA,B5_ONLINE_ESN,8,"{""reservoir_size"": 20, ""spectral_radius"": 0.85, ""leak_rate"": 0.3, ""readout_lr"": 0.001}",50.04909002649176
B_FriedmanDrift_LEA,B5_ONLINE_ESN,9,"{""reservoir_size"": 20, ""spectral_radius"": 0.85, ""leak_rate"": 0.3, ""readout_lr"": 0.01}",26.001825811918525
B_FriedmanDrift_LEA,B5_ONLINE_ESN,10,"{""reservoir_size"": 20, ""spectral_radius"": 0.85, ""leak_rate"": 0.7, ""readout_lr"": 0.001}",49.62417358481929
B_FriedmanDrift_LEA,B5_ONLINE_ESN,11,"{""reservoir_size"": 20, ""spectral_radius"": 0.85, ""leak_rate"": 0.7, ""readout_lr"": 0.01}",23.98090199126374
B_FriedmanDrift_LEA,B5_ONLINE_ESN,12,"{""reservoir_size"": 20, ""spectral_radius"": 0.95, ""leak_rate"": 0.3, ""readout_lr"": 0.001}",43.6526666115087
B_FriedmanDrift_LEA,B5_ONLINE_ESN,13,"{""reservoir_size"": 20, ""spectral_radius"": 0.95, ""leak_rate"": 0.3, ""readout_lr"": 0.01}",25.816660938367054
B_FriedmanDrift_LEA,B5_ONLINE_ESN,14,"{""reservoir_size"": 20, ""spectral_radius"": 0.95, ""leak_rate"": 0.7, ""readout_lr"": 0.001}",43.78974149100844
B_FriedmanDrift_LEA,B5_ONLINE_ESN,15,"{""reservoir_size"": 20, ""spectral_radius"": 0.95, ""leak_rate"": 0.7, ""readout_lr"": 0.01}",24.050561449640266
B_FriedmanDrift_LEA,S1_VARIABLE_TAP_LMS,0,"{""learning_rate"": 0.001, ""tap_leakage"": 0.0001}",36.49997502769167
B_FriedmanDrift_LEA,S1_VARIABLE_TAP_LMS,1,"{""learning_rate"": 0.001, ""tap_leakage"": 0.001}",41.248725569629066
B_FriedmanDrift_LEA,S1_VARIABLE_TAP_LMS,2,"{""learning_rate"": 0.001, ""tap_leakage"": 0.01}",111.1282071307118
B_FriedmanDrift_LEA,S1_VARIABLE_TAP_LMS,3,"{""learning_rate"": 0.001, ""tap_leakage"": 0.1}",211.52103074181233
B_FriedmanDrift_LEA,S1_VARIABLE_TAP_LMS,4,"{""learning_rate"": 0.003, ""tap_leakage"": 0.0001}",28.228160755096727
B_FriedmanDrift_LEA,S1_VARIABLE_TAP_LMS,5,"{""learning_rate"": 0.003, ""tap_leakage"": 0.001}",29.455068968943973
B_FriedmanDrift_LEA,S1_VARIABLE_TAP_LMS,6,"{""learning_rate"": 0.003, ""tap_leakage"": 0.01}",54.67193671991631
B_FriedmanDrift_LEA,S1_VARIABLE_TAP_LMS,7,"{""learning_rate"": 0.003, ""tap_leakage"": 0.1}",174.1198351262765
B_FriedmanDrift_LEA,S1_VARIABLE_TAP_LMS,8,"{""learning_rate"": 0.01, ""tap_leakage"": 0.0001}",24.790696928565364
B_FriedmanDrift_LEA,S1_VARIABLE_TAP_LMS,9,"{""learning_rate"": 0.01, ""tap_leakage"": 0.001}",25.29936709148187
B_FriedmanDrift_LEA,S1_VARIABLE_TAP_LMS,10,"{""learning_rate"": 0.01, ""tap_leakage"": 0.01}",30.788917524889587
B_FriedmanDrift_LEA,S1_VARIABLE_TAP_LMS,11,"{""learning_rate"": 0.01, ""tap_leakage"": 0.1}",106.11955604096097
B_FriedmanDrift_LEA,S1_VARIABLE_TAP_LMS,12,"{""learning_rate"": 0.03, ""tap_leakage"": 0.0001}",25.44353446641351
B_FriedmanDrift_LEA,S1_VARIABLE_TAP_LMS,13,"{""learning_rate"": 0.03, ""tap_leakage"": 0.001}",25.37468231050975
B_FriedmanDrift_LEA,S1_VARIABLE_TAP_LMS,14,"{""learning_rate"": 0.03, ""tap_leakage"": 0.01}",26.83141887975488
B_FriedmanDrift_LEA,S1_VARIABLE_TAP_LMS,15,"{""learning_rate"": 0.03, ""tap_leakage"": 0.1}",53.47879905932002
B_FriedmanDrift_LEA,S2_LRU_STREAM,0,"{""state_lr"": 0.001, ""readout_lr"": 0.001, ""state_decay"": 0.9}",27.026437055680717
B_FriedmanDrift_LEA,S2_LRU_STREAM,1,"{""state_lr"": 0.001, ""readout_lr"": 0.001, ""state_decay"": 0.98}",inf
B_FriedmanDrift_LEA,S2_LRU_STREAM,2,"{""state_lr"": 0.001, ""readout_lr"": 0.003, ""state_decay"": 0.9}",inf
B_FriedmanDrift_LEA,S2_LRU_STREAM,3,"{""state_lr"": 0.001, ""readout_lr"": 0.003, ""state_decay"": 0.98}",inf
B_FriedmanDrift_LEA,S2_LRU_STREAM,4,"{""state_lr"": 0.001, ""readout_lr"": 0.01, ""state_decay"": 0.9}",inf
B_FriedmanDrift_LEA,S2_LRU_STREAM,5,"{""state_lr"": 0.001, ""readout_lr"": 0.01, ""state_decay"": 0.98}",inf
B_FriedmanDrift_LEA,S2_LRU_STREAM,6,"{""state_lr"": 0.001, ""readout_lr"": 0.03, ""state_decay"": 0.9}",inf
B_FriedmanDrift_LEA,S2_LRU_STREAM,7,"{""state_lr"": 0.001, ""readout_lr"": 0.03, ""state_decay"": 0.98}",inf
B_FriedmanDrift_LEA,S2_LRU_STREAM,8,"{""state_lr"": 0.01, ""readout_lr"": 0.001, ""state_decay"": 0.9}",inf
B_FriedmanDrift_LEA,S2_LRU_STREAM,9,"{""state_lr"": 0.01, ""readout_lr"": 0.001, ""state_decay"": 0.98}",inf
B_FriedmanDrift_LEA,S2_LRU_STREAM,10,"{""state_lr"": 0.01, ""readout_lr"": 0.003, ""state_decay"": 0.9}",inf
B_FriedmanDrift_LEA,S2_LRU_STREAM,11,"{""state_lr"": 0.01, ""readout_lr"": 0.003, ""state_decay"": 0.98}",inf
B_FriedmanDrift_LEA,S2_LRU_STREAM,12,"{""state_lr"": 0.01, ""readout_lr"": 0.01, ""state_decay"": 0.9}",inf
B_FriedmanDrift_LEA,S2_LRU_STREAM,13,"{""state_lr"": 0.01, ""readout_lr"": 0.01, ""state_decay"": 0.98}",inf
B_FriedmanDrift_LEA,S2_LRU_STREAM,14,"{""state_lr"": 0.01, ""readout_lr"": 0.03, ""state_decay"": 0.9}",inf
B_FriedmanDrift_LEA,S2_LRU_STREAM,15,"{""state_lr"": 0.01, ""readout_lr"": 0.03, ""state_decay"": 0.98}",inf
B_FriedmanDrift_LEA,S3_RSONN,0,"{""learning_rate"": 0.001, ""growth_threshold"": 0.05, ""pruning_threshold"": 0.001}",36.48232028156418
B_FriedmanDrift_LEA,S3_RSONN,1,"{""learning_rate"": 0.001, ""growth_threshold"": 0.05, ""pruning_threshold"": 0.005}",36.518960444115486
B_FriedmanDrift_LEA,S3_RSONN,2,"{""learning_rate"": 0.001, ""growth_threshold"": 0.1, ""pruning_threshold"": 0.001}",36.46882201163314
B_FriedmanDrift_LEA,S3_RSONN,3,"{""learning_rate"": 0.001, ""growth_threshold"": 0.1, ""pruning_threshold"": 0.005}",36.53554018078282
B_FriedmanDrift_LEA,S3_RSONN,4,"{""learning_rate"": 0.005, ""growth_threshold"": 0.05, ""pruning_threshold"": 0.001}",16.78531836145129
B_FriedmanDrift_LEA,S3_RSONN,5,"{""learning_rate"": 0.005, ""growth_threshold"": 0.05, ""pruning_threshold"": 0.005}",16.705797650522598
B_FriedmanDrift_LEA,S3_RSONN,6,"{""learning_rate"": 0.005, ""growth_threshold"": 0.1, ""pruning_threshold"": 0.001}",16.682981122963778
B_FriedmanDrift_LEA,S3_RSONN,7,"{""learning_rate"": 0.005, ""growth_threshold"": 0.1, ""pruning_threshold"": 0.005}",16.73333240176178
B_FriedmanDrift_LEA,S3_RSONN,8,"{""learning_rate"": 0.01, ""growth_threshold"": 0.05, ""pruning_threshold"": 0.001}",15.123646313149818
B_FriedmanDrift_LEA,S3_RSONN,9,"{""learning_rate"": 0.01, ""growth_threshold"": 0.05, ""pruning_threshold"": 0.005}",15.086374353076737
B_FriedmanDrift_LEA,S3_RSONN,10,"{""learning_rate"": 0.01, ""growth_threshold"": 0.1, ""pruning_threshold"": 0.001}",15.255775353283006
B_FriedmanDrift_LEA,S3_RSONN,11,"{""learning_rate"": 0.01, ""growth_threshold"": 0.1, ""pruning_threshold"": 0.005}",15.123390562167858
B_FriedmanDrift_LEA,S3_RSONN,12,"{""learning_rate"": 0.02, ""growth_threshold"": 0.05, ""pruning_threshold"": 0.001}",14.737606636830954
B_FriedmanDrift_LEA,S3_RSONN,13,"{""learning_rate"": 0.02, ""growth_threshold"": 0.05, ""pruning_threshold"": 0.005}",14.769305039752515
B_FriedmanDrift_LEA,S3_RSONN,14,"{""learning_rate"": 0.02, ""growth_threshold"": 0.1, ""pruning_threshold"": 0.001}",14.78890045947625
B_FriedmanDrift_LEA,S3_RSONN,15,"{""learning_rate"": 0.02, ""growth_threshold"": 0.1, ""pruning_threshold"": 0.005}",14.731117790534924
B_FriedmanDrift_LEA,S4_ACESN,0,"{""reservoir_size"": 20, ""spectral_radius"": 0.85, ""compression_ratio"": 0.25, ""readout_lr"": 0.001}",50.922994747099345
B_FriedmanDrift_LEA,S4_ACESN,1,"{""reservoir_size"": 20, ""spectral_radius"": 0.85, ""compression_ratio"": 0.25, ""readout_lr"": 0.01}",23.703243343201592
B_FriedmanDrift_LEA,S4_ACESN,2,"{""reservoir_size"": 20, ""spectral_radius"": 0.85, ""compression_ratio"": 0.5, ""readout_lr"": 0.001}",50.82842498301708
B_FriedmanDrift_LEA,S4_ACESN,3,"{""reservoir_size"": 20, ""spectral_radius"": 0.85, ""compression_ratio"": 0.5, ""readout_lr"": 0.01}",23.60250771060571
B_FriedmanDrift_LEA,S4_ACESN,4,"{""reservoir_size"": 20, ""spectral_radius"": 0.95, ""compression_ratio"": 0.25, ""readout_lr"": 0.001}",46.411771369007205
B_FriedmanDrift_LEA,S4_ACESN,5,"{""reservoir_size"": 20, ""spectral_radius"": 0.95, ""compression_ratio"": 0.25, ""readout_lr"": 0.01}",24.009936857636003
B_FriedmanDrift_LEA,S4_ACESN,6,"{""reservoir_size"": 20, ""spectral_radius"": 0.95, ""compression_ratio"": 0.5, ""readout_lr"": 0.001}",46.33130612259968
B_FriedmanDrift_LEA,S4_ACESN,7,"{""reservoir_size"": 20, ""spectral_radius"": 0.95, ""compression_ratio"": 0.5, ""readout_lr"": 0.01}",23.910848939877116
B_FriedmanDrift_LEA,S4_ACESN,8,"{""reservoir_size"": 40, ""spectral_radius"": 0.85, ""compression_ratio"": 0.25, ""readout_lr"": 0.001}",58.51434300656239
B_FriedmanDrift_LEA,S4_ACESN,9,"{""reservoir_size"": 40, ""spectral_radius"": 0.85, ""compression_ratio"": 0.25, ""readout_lr"": 0.01}",20.86546180705679
B_FriedmanDrift_LEA,S4_ACESN,10,"{""reservoir_size"": 40, ""spectral_radius"": 0.85, ""compression_ratio"": 0.5, ""readout_lr"": 0.001}",58.32816055686654
B_FriedmanDrift_LEA,S4_ACESN,11,"{""reservoir_size"": 40, ""spectral_radius"": 0.85, ""compression_ratio"": 0.5, ""readout_lr"": 0.01}",20.684819930181344
B_FriedmanDrift_LEA,S4_ACESN,12,"{""reservoir_size"": 40, ""spectral_radius"": 0.95, ""compression_ratio"": 0.25, ""readout_lr"": 0.001}",56.604572840410434
B_FriedmanDrift_LEA,S4_ACESN,13,"{""reservoir_size"": 40, ""spectral_radius"": 0.95, ""compression_ratio"": 0.25, ""readout_lr"": 0.01}",22.003640637402764
B_FriedmanDrift_LEA,S4_ACESN,14,"{""reservoir_size"": 40, ""spectral_radius"": 0.95, ""compression_ratio"": 0.5, ""readout_lr"": 0.001}",56.41842508223673
B_FriedmanDrift_LEA,S4_ACESN,15,"{""reservoir_size"": 40, ""spectral_radius"": 0.95, ""compression_ratio"": 0.5, ""readout_lr"": 0.01}",21.81464239217715
B_FriedmanDrift_LEA,S5_CONTINUAL_BACKPROP,0,"{""learning_rate"": 0.001, ""replacement_rate"": 0.0001, ""maturity_threshold"": 50}",30.141219107211
B_FriedmanDrift_LEA,S5_CONTINUAL_BACKPROP,1,"{""learning_rate"": 0.001, ""replacement_rate"": 0.0001, ""maturity_threshold"": 100}",30.19216405177343
B_FriedmanDrift_LEA,S5_CONTINUAL_BACKPROP,2,"{""learning_rate"": 0.001, ""replacement_rate"": 0.001, ""maturity_threshold"": 50}",30.195780909429114
B_FriedmanDrift_LEA,S5_CONTINUAL_BACKPROP,3,"{""learning_rate"": 0.001, ""replacement_rate"": 0.001, ""maturity_threshold"": 100}",30.182505287179197
B_FriedmanDrift_LEA,S5_CONTINUAL_BACKPROP,4,"{""learning_rate"": 0.005, ""replacement_rate"": 0.0001, ""maturity_threshold"": 50}",13.80057936530263
B_FriedmanDrift_LEA,S5_CONTINUAL_BACKPROP,5,"{""learning_rate"": 0.005, ""replacement_rate"": 0.0001, ""maturity_threshold"": 100}",13.80466111322463
B_FriedmanDrift_LEA,S5_CONTINUAL_BACKPROP,6,"{""learning_rate"": 0.005, ""replacement_rate"": 0.001, ""maturity_threshold"": 50}",13.801449674048696
B_FriedmanDrift_LEA,S5_CONTINUAL_BACKPROP,7,"{""learning_rate"": 0.005, ""replacement_rate"": 0.001, ""maturity_threshold"": 100}",13.800371222769044
B_FriedmanDrift_LEA,S5_CONTINUAL_BACKPROP,8,"{""learning_rate"": 0.01, ""replacement_rate"": 0.0001, ""maturity_threshold"": 50}",10.730279154039986
B_FriedmanDrift_LEA,S5_CONTINUAL_BACKPROP,9,"{""learning_rate"": 0.01, ""replacement_rate"": 0.0001, ""maturity_threshold"": 100}",10.731922087796088
B_FriedmanDrift_LEA,S5_CONTINUAL_BACKPROP,10,"{""learning_rate"": 0.01, ""replacement_rate"": 0.001, ""maturity_threshold"": 50}",10.733639587993173
B_FriedmanDrift_LEA,S5_CONTINUAL_BACKPROP,11,"{""learning_rate"": 0.01, ""replacement_rate"": 0.001, ""maturity_threshold"": 100}",10.732138051359286
B_FriedmanDrift_LEA,S5_CONTINUAL_BACKPROP,12,"{""learning_rate"": 0.03, ""replacement_rate"": 0.0001, ""maturity_threshold"": 50}",8.724770048489589
B_FriedmanDrift_LEA,S5_CONTINUAL_BACKPROP,13,"{""learning_rate"": 0.03, ""replacement_rate"": 0.0001, ""maturity_threshold"": 100}",8.723722277726592
B_FriedmanDrift_LEA,S5_CONTINUAL_BACKPROP,14,"{""learning_rate"": 0.03, ""replacement_rate"": 0.001, ""maturity_threshold"": 50}",8.723020364911763
B_FriedmanDrift_LEA,S5_CONTINUAL_BACKPROP,15,"{""learning_rate"": 0.03, ""replacement_rate"": 0.001, ""maturity_threshold"": 100}",8.723729426847234
B_FriedmanDrift_LEA,C1_CURRENT_ONLY_LINEAR,0,"{""learning_rate"": 0.001}",30.169763624470466
B_FriedmanDrift_LEA,C1_CURRENT_ONLY_LINEAR,1,"{""learning_rate"": 0.003}",17.27368619551947
B_FriedmanDrift_LEA,C1_CURRENT_ONLY_LINEAR,2,"{""learning_rate"": 0.01}",10.732463330607734
B_FriedmanDrift_LEA,C1_CURRENT_ONLY_LINEAR,3,"{""learning_rate"": 0.03}",8.723533238287038
B_FriedmanDrift_LEA,C2_NLMS,0,"{""step_size"": 0.01}",16.727229902838783
B_FriedmanDrift_LEA,C2_NLMS,1,"{""step_size"": 0.05}",9.564127930171189
B_FriedmanDrift_LEA,C2_NLMS,2,"{""step_size"": 0.1}",8.719877295631095
B_FriedmanDrift_LEA,C2_NLMS,3,"{""step_size"": 0.2}",8.623662799246668
B_FriedmanDrift_LEA,C3_RLS,0,"{""forgetting_factor"": 0.99}",7.706066593546645
B_FriedmanDrift_LEA,C3_RLS,1,"{""forgetting_factor"": 0.995}",7.559216676892973
B_FriedmanDrift_LEA,C3_RLS,2,"{""forgetting_factor"": 0.999}",7.714070273172699
B_FriedmanDrift_LEA,C3_RLS,3,"{""forgetting_factor"": 1.0}",8.057906287862835
B_FriedmanDrift_LEA,C4_FIXED_LAG_LINEAR,0,"{""max_lag"": 4, ""learning_rate"": 0.001}",70.2181188855004
B_FriedmanDrift_LEA,C4_FIXED_LAG_LINEAR,1,"{""max_lag"": 4, ""learning_rate"": 0.01}",38.26003040700119
B_FriedmanDrift_LEA,C4_FIXED_LAG_LINEAR,2,"{""max_lag"": 8, ""learning_rate"": 0.001}",48.02578566054035
B_FriedmanDrift_LEA,C4_FIXED_LAG_LINEAR,3,"{""max_lag"": 8, ""learning_rate"": 0.01}",30.290900081707875
B_FriedmanDrift_LEA,C4_FIXED_LAG_LINEAR,4,"{""max_lag"": 16, ""learning_rate"": 0.001}",36.30878725130695
B_FriedmanDrift_LEA,C4_FIXED_LAG_LINEAR,5,"{""max_lag"": 16, ""learning_rate"": 0.01}",26.150119181018365
B_FriedmanDrift_LEA,C4_FIXED_LAG_LINEAR,6,"{""max_lag"": 32, ""learning_rate"": 0.001}",30.765696762104643
B_FriedmanDrift_LEA,C4_FIXED_LAG_LINEAR,7,"{""max_lag"": 32, ""learning_rate"": 0.01}",24.45115444228657
B_FriedmanDrift_LEA,IPNLMS,0,"{""mu"": 0.1}",8.76851844410814
B_FriedmanDrift_LEA,IPNLMS,1,"{""mu"": 0.5}",9.513873933769677
B_FriedmanDrift_GRA,B1_RZA_LMS,0,"{""learning_rate"": 0.001, ""rho_zero_attraction"": 1e-06, ""epsilon_reweight"": 10.0}",30.170254385125418
B_FriedmanDrift_GRA,B1_RZA_LMS,1,"{""learning_rate"": 0.001, ""rho_zero_attraction"": 1e-05, ""epsilon_reweight"": 10.0}",30.174673386536323
B_FriedmanDrift_GRA,B1_RZA_LMS,2,"{""learning_rate"": 0.001, ""rho_zero_attraction"": 0.0001, ""epsilon_reweight"": 10.0}",30.21907820874159
B_FriedmanDrift_GRA,B1_RZA_LMS,3,"{""learning_rate"": 0.001, ""rho_zero_attraction"": 0.001, ""epsilon_reweight"": 10.0}",30.685715323511943
B_FriedmanDrift_GRA,B1_RZA_LMS,4,"{""learning_rate"": 0.003, ""rho_zero_attraction"": 1e-06, ""epsilon_reweight"": 10.0}",17.27371503380549
B_FriedmanDrift_GRA,B1_RZA_LMS,5,"{""learning_rate"": 0.003, ""rho_zero_attraction"": 1e-05, ""epsilon_reweight"": 10.0}",17.273974687261855
B_FriedmanDrift_GRA,B1_RZA_LMS,6,"{""learning_rate"": 0.003, ""rho_zero_attraction"": 0.0001, ""epsilon_reweight"": 10.0}",17.276582025205887
B_FriedmanDrift_GRA,B1_RZA_LMS,7,"{""learning_rate"": 0.003, ""rho_zero_attraction"": 0.001, ""epsilon_reweight"": 10.0}",17.30376071237101
B_FriedmanDrift_GRA,B1_RZA_LMS,8,"{""learning_rate"": 0.01, ""rho_zero_attraction"": 1e-06, ""epsilon_reweight"": 10.0}",10.732452705399089
B_FriedmanDrift_GRA,B1_RZA_LMS,9,"{""learning_rate"": 0.01, ""rho_zero_attraction"": 1e-05, ""epsilon_reweight"": 10.0}",10.73235711659021
B_FriedmanDrift_GRA,B1_RZA_LMS,10,"{""learning_rate"": 0.01, ""rho_zero_attraction"": 0.0001, ""epsilon_reweight"": 10.0}",10.731405019417666
B_FriedmanDrift_GRA,B1_RZA_LMS,11,"{""learning_rate"": 0.01, ""rho_zero_attraction"": 0.001, ""epsilon_reweight"": 10.0}",10.722287091857915
B_FriedmanDrift_GRA,B1_RZA_LMS,12,"{""learning_rate"": 0.03, ""rho_zero_attraction"": 1e-06, ""epsilon_reweight"": 10.0}",8.723533658619415
B_FriedmanDrift_GRA,B1_RZA_LMS,13,"{""learning_rate"": 0.03, ""rho_zero_attraction"": 1e-05, ""epsilon_reweight"": 10.0}",8.723537471383159
B_FriedmanDrift_GRA,B1_RZA_LMS,14,"{""learning_rate"": 0.03, ""rho_zero_attraction"": 0.0001, ""epsilon_reweight"": 10.0}",8.723583772072558
B_FriedmanDrift_GRA,B1_RZA_LMS,15,"{""learning_rate"": 0.03, ""rho_zero_attraction"": 0.001, ""epsilon_reweight"": 10.0}",8.724353054932966
B_FriedmanDrift_GRA,B2_CCN,0,"{""readout_lr"": 0.001, ""recurrent_lr"": 0.0001, ""max_columns"": 1}",28.1629084235928
B_FriedmanDrift_GRA,B2_CCN,1,"{""readout_lr"": 0.001, ""recurrent_lr"": 0.0001, ""max_columns"": 2}",28.094150844886986
B_FriedmanDrift_GRA,B2_CCN,2,"{""readout_lr"": 0.001, ""recurrent_lr"": 0.001, ""max_columns"": 1}",26.97249161479442
B_FriedmanDrift_GRA,B2_CCN,3,"{""readout_lr"": 0.001, ""recurrent_lr"": 0.001, ""max_columns"": 2}",26.96515687192125
B_FriedmanDrift_GRA,B2_CCN,4,"{""readout_lr"": 0.003, ""recurrent_lr"": 0.0001, ""max_columns"": 1}",16.514003340026548
B_FriedmanDrift_GRA,B2_CCN,5,"{""readout_lr"": 0.003, ""recurrent_lr"": 0.0001, ""max_columns"": 2}",16.509917564305066
B_FriedmanDrift_GRA,B2_CCN,6,"{""readout_lr"": 0.003, ""recurrent_lr"": 0.001, ""max_columns"": 1}",16.049964669417808
B_FriedmanDrift_GRA,B2_CCN,7,"{""readout_lr"": 0.003, ""recurrent_lr"": 0.001, ""max_columns"": 2}",16.040218068099907
B_FriedmanDrift_GRA,B2_CCN,8,"{""readout_lr"": 0.01, ""recurrent_lr"": 0.0001, ""max_columns"": 1}",10.36048924656778
B_FriedmanDrift_GRA,B2_CCN,9,"{""readout_lr"": 0.01, ""recurrent_lr"": 0.0001, ""max_columns"": 2}",10.35986857633654
B_FriedmanDrift_GRA,B2_CCN,10,"{""readout_lr"": 0.01, ""recurrent_lr"": 0.001, ""max_columns"": 1}",10.25575822315747
B_FriedmanDrift_GRA,B2_CCN,11,"{""readout_lr"": 0.01, ""recurrent_lr"": 0.001, ""max_columns"": 2}",10.253451839356751
B_FriedmanDrift_GRA,B2_CCN,12,"{""readout_lr"": 0.03, ""recurrent_lr"": 0.0001, ""max_columns"": 1}",8.460332501227569
B_FriedmanDrift_GRA,B2_CCN,13,"{""readout_lr"": 0.03, ""recurrent_lr"": 0.0001, ""max_columns"": 2}",8.45851929925422
B_FriedmanDrift_GRA,B2_CCN,14,"{""readout_lr"": 0.03, ""recurrent_lr"": 0.001, ""max_columns"": 1}",8.460203437352673
B_FriedmanDrift_GRA,B2_CCN,15,"{""readout_lr"": 0.03, ""recurrent_lr"": 0.001, ""max_columns"": 2}",8.461801694251681
B_FriedmanDrift_GRA,B3_MUSE_RNN,0,"{""learning_rate"": 0.001, ""growth_multiplier"": 1.5, ""pruning_threshold"": 0.001}",234.04500386662698
B_FriedmanDrift_GRA,B3_MUSE_RNN,1,"{""learning_rate"": 0.001, ""growth_multiplier"": 1.5, ""pruning_threshold"": 0.01}",234.0428732009594
B_FriedmanDrift_GRA,B3_MUSE_RNN,2,"{""learning_rate"": 0.001, ""growth_multiplier"": 2.5, ""pruning_threshold"": 0.001}",234.04419119991903
B_FriedmanDrift_GRA,B3_MUSE_RNN,3,"{""learning_rate"": 0.001, ""growth_multiplier"": 2.5, ""pruning_threshold"": 0.01}",234.0461873754231
B_FriedmanDrift_GRA,B3_MUSE_RNN,4,"{""learning_rate"": 0.003, ""growth_multiplier"": 1.5, ""pruning_threshold"": 0.001}",234.04550427952327
B_FriedmanDrift_GRA,B3_MUSE_RNN,5,"{""learning_rate"": 0.003, ""growth_multiplier"": 1.5, ""pruning_threshold"": 0.01}",233.31069421618608
B_FriedmanDrift_GRA,B3_MUSE_RNN,6,"{""learning_rate"": 0.003, ""growth_multiplier"": 2.5, ""pruning_threshold"": 0.001}",233.86096414551739
B_FriedmanDrift_GRA,B3_MUSE_RNN,7,"{""learning_rate"": 0.003, ""growth_multiplier"": 2.5, ""pruning_threshold"": 0.01}",233.89257398509866
B_FriedmanDrift_GRA,B3_MUSE_RNN,8,"{""learning_rate"": 0.01, ""growth_multiplier"": 1.5, ""pruning_threshold"": 0.001}",79.25555372885661
B_FriedmanDrift_GRA,B3_MUSE_RNN,9,"{""learning_rate"": 0.01, ""growth_multiplier"": 1.5, ""pruning_threshold"": 0.01}",118.68875045615401
B_FriedmanDrift_GRA,B3_MUSE_RNN,10,"{""learning_rate"": 0.01, ""growth_multiplier"": 2.5, ""pruning_threshold"": 0.001}",80.76811775571561
B_FriedmanDrift_GRA,B3_MUSE_RNN,11,"{""learning_rate"": 0.01, ""growth_multiplier"": 2.5, ""pruning_threshold"": 0.01}",89.03274132781479
B_FriedmanDrift_GRA,B3_MUSE_RNN,12,"{""learning_rate"": 0.03, ""growth_multiplier"": 1.5, ""pruning_threshold"": 0.001}",32.37651365849442
B_FriedmanDrift_GRA,B3_MUSE_RNN,13,"{""learning_rate"": 0.03, ""growth_multiplier"": 1.5, ""pruning_threshold"": 0.01}",33.153675880543794
B_FriedmanDrift_GRA,B3_MUSE_RNN,14,"{""learning_rate"": 0.03, ""growth_multiplier"": 2.5, ""pruning_threshold"": 0.001}",29.388770135434928
B_FriedmanDrift_GRA,B3_MUSE_RNN,15,"{""learning_rate"": 0.03, ""growth_multiplier"": 2.5, ""pruning_threshold"": 0.01}",30.98405655827501
B_FriedmanDrift_GRA,B4_MINIMAL_GRU,0,"{""learning_rate"": 0.0001, ""weight_decay"": 0.9}",234.04351268821122
B_FriedmanDrift_GRA,B4_MINIMAL_GRU,1,"{""learning_rate"": 0.0001, ""weight_decay"": 0.95}",234.0427482029028
B_FriedmanDrift_GRA,B4_MINIMAL_GRU,2,"{""learning_rate"": 0.0001, ""weight_decay"": 0.99}",234.03440024128713
B_FriedmanDrift_GRA,B4_MINIMAL_GRU,3,"{""learning_rate"": 0.0001, ""weight_decay"": 0.999}",233.90831007426004
B_FriedmanDrift_GRA,B4_MINIMAL_GRU,4,"{""learning_rate"": 0.001, ""weight_decay"": 0.9}",234.00671946425766
B_FriedmanDrift_GRA,B4_MINIMAL_GRU,5,"{""learning_rate"": 0.001, ""weight_decay"": 0.95}",233.4422540896584
B_FriedmanDrift_GRA,B4_MINIMAL_GRU,6,"{""learning_rate"": 0.001, ""weight_decay"": 0.99}",128.7301686310537
B_FriedmanDrift_GRA,B4_MINIMAL_GRU,7,"{""learning_rate"": 0.001, ""weight_decay"": 0.999}",88.99566438311588
B_FriedmanDrift_GRA,B4_MINIMAL_GRU,8,"{""learning_rate"": 0.003, ""weight_decay"": 0.9}",123.69409667393063
B_FriedmanDrift_GRA,B4_MINIMAL_GRU,9,"{""learning_rate"": 0.003, ""weight_decay"": 0.95}",73.17165840399976
B_FriedmanDrift_GRA,B4_MINIMAL_GRU,10,"{""learning_rate"": 0.003, ""weight_decay"": 0.99}",43.50538484475735
B_FriedmanDrift_GRA,B4_MINIMAL_GRU,11,"{""learning_rate"": 0.003, ""weight_decay"": 0.999}",45.28222915509633
B_FriedmanDrift_GRA,B4_MINIMAL_GRU,12,"{""learning_rate"": 0.01, ""weight_decay"": 0.9}",36.26198644270512
B_FriedmanDrift_GRA,B4_MINIMAL_GRU,13,"{""learning_rate"": 0.01, ""weight_decay"": 0.95}",29.288294304169856
B_FriedmanDrift_GRA,B4_MINIMAL_GRU,14,"{""learning_rate"": 0.01, ""weight_decay"": 0.99}",25.035636533148832
B_FriedmanDrift_GRA,B4_MINIMAL_GRU,15,"{""learning_rate"": 0.01, ""weight_decay"": 0.999}",30.472410507269856
B_FriedmanDrift_GRA,B5_ONLINE_ESN,0,"{""reservoir_size"": 10, ""spectral_radius"": 0.85, ""leak_rate"": 0.3, ""readout_lr"": 0.001}",152.53499138444366
B_FriedmanDrift_GRA,B5_ONLINE_ESN,1,"{""reservoir_size"": 10, ""spectral_radius"": 0.85, ""leak_rate"": 0.3, ""readout_lr"": 0.01}",50.39437821230934
B_FriedmanDrift_GRA,B5_ONLINE_ESN,2,"{""reservoir_size"": 10, ""spectral_radius"": 0.85, ""leak_rate"": 0.7, ""readout_lr"": 0.001}",152.71515575747472
B_FriedmanDrift_GRA,B5_ONLINE_ESN,3,"{""reservoir_size"": 10, ""spectral_radius"": 0.85, ""leak_rate"": 0.7, ""readout_lr"": 0.01}",54.794595634078185
B_FriedmanDrift_GRA,B5_ONLINE_ESN,4,"{""reservoir_size"": 10, ""spectral_radius"": 0.95, ""leak_rate"": 0.3, ""readout_lr"": 0.001}",145.70552955004746
B_FriedmanDrift_GRA,B5_ONLINE_ESN,5,"{""reservoir_size"": 10, ""spectral_radius"": 0.95, ""leak_rate"": 0.3, ""readout_lr"": 0.01}",50.85292959324888
B_FriedmanDrift_GRA,B5_ONLINE_ESN,6,"{""reservoir_size"": 10, ""spectral_radius"": 0.95, ""leak_rate"": 0.7, ""readout_lr"": 0.001}",146.0599556375989
B_FriedmanDrift_GRA,B5_ONLINE_ESN,7,"{""reservoir_size"": 10, ""spectral_radius"": 0.95, ""leak_rate"": 0.7, ""readout_lr"": 0.01}",56.69407364188289
B_FriedmanDrift_GRA,B5_ONLINE_ESN,8,"{""reservoir_size"": 20, ""spectral_radius"": 0.85, ""leak_rate"": 0.3, ""readout_lr"": 0.001}",50.04909002649176
B_FriedmanDrift_GRA,B5_ONLINE_ESN,9,"{""reservoir_size"": 20, ""spectral_radius"": 0.85, ""leak_rate"": 0.3, ""readout_lr"": 0.01}",26.001825811918525
B_FriedmanDrift_GRA,B5_ONLINE_ESN,10,"{""reservoir_size"": 20, ""spectral_radius"": 0.85, ""leak_rate"": 0.7, ""readout_lr"": 0.001}",49.62417358481929
B_FriedmanDrift_GRA,B5_ONLINE_ESN,11,"{""reservoir_size"": 20, ""spectral_radius"": 0.85, ""leak_rate"": 0.7, ""readout_lr"": 0.01}",23.98090199126374
B_FriedmanDrift_GRA,B5_ONLINE_ESN,12,"{""reservoir_size"": 20, ""spectral_radius"": 0.95, ""leak_rate"": 0.3, ""readout_lr"": 0.001}",43.6526666115087
B_FriedmanDrift_GRA,B5_ONLINE_ESN,13,"{""reservoir_size"": 20, ""spectral_radius"": 0.95, ""leak_rate"": 0.3, ""readout_lr"": 0.01}",25.816660938367054
B_FriedmanDrift_GRA,B5_ONLINE_ESN,14,"{""reservoir_size"": 20, ""spectral_radius"": 0.95, ""leak_rate"": 0.7, ""readout_lr"": 0.001}",43.78974149100844
B_FriedmanDrift_GRA,B5_ONLINE_ESN,15,"{""reservoir_size"": 20, ""spectral_radius"": 0.95, ""leak_rate"": 0.7, ""readout_lr"": 0.01}",24.050561449640266
B_FriedmanDrift_GRA,S1_VARIABLE_TAP_LMS,0,"{""learning_rate"": 0.001, ""tap_leakage"": 0.0001}",36.49997502769167
B_FriedmanDrift_GRA,S1_VARIABLE_TAP_LMS,1,"{""learning_rate"": 0.001, ""tap_leakage"": 0.001}",41.248725569629066
B_FriedmanDrift_GRA,S1_VARIABLE_TAP_LMS,2,"{""learning_rate"": 0.001, ""tap_leakage"": 0.01}",111.1282071307118
B_FriedmanDrift_GRA,S1_VARIABLE_TAP_LMS,3,"{""learning_rate"": 0.001, ""tap_leakage"": 0.1}",211.52103074181233
B_FriedmanDrift_GRA,S1_VARIABLE_TAP_LMS,4,"{""learning_rate"": 0.003, ""tap_leakage"": 0.0001}",28.228160755096727
B_FriedmanDrift_GRA,S1_VARIABLE_TAP_LMS,5,"{""learning_rate"": 0.003, ""tap_leakage"": 0.001}",29.455068968943973
B_FriedmanDrift_GRA,S1_VARIABLE_TAP_LMS,6,"{""learning_rate"": 0.003, ""tap_leakage"": 0.01}",54.67193671991631
B_FriedmanDrift_GRA,S1_VARIABLE_TAP_LMS,7,"{""learning_rate"": 0.003, ""tap_leakage"": 0.1}",174.1198351262765
B_FriedmanDrift_GRA,S1_VARIABLE_TAP_LMS,8,"{""learning_rate"": 0.01, ""tap_leakage"": 0.0001}",24.790696928565364
B_FriedmanDrift_GRA,S1_VARIABLE_TAP_LMS,9,"{""learning_rate"": 0.01, ""tap_leakage"": 0.001}",25.29936709148187
B_FriedmanDrift_GRA,S1_VARIABLE_TAP_LMS,10,"{""learning_rate"": 0.01, ""tap_leakage"": 0.01}",30.788917524889587
B_FriedmanDrift_GRA,S1_VARIABLE_TAP_LMS,11,"{""learning_rate"": 0.01, ""tap_leakage"": 0.1}",106.11955604096097
B_FriedmanDrift_GRA,S1_VARIABLE_TAP_LMS,12,"{""learning_rate"": 0.03, ""tap_leakage"": 0.0001}",25.44353446641351
B_FriedmanDrift_GRA,S1_VARIABLE_TAP_LMS,13,"{""learning_rate"": 0.03, ""tap_leakage"": 0.001}",25.37468231050975
B_FriedmanDrift_GRA,S1_VARIABLE_TAP_LMS,14,"{""learning_rate"": 0.03, ""tap_leakage"": 0.01}",26.83141887975488
B_FriedmanDrift_GRA,S1_VARIABLE_TAP_LMS,15,"{""learning_rate"": 0.03, ""tap_leakage"": 0.1}",53.47879905932002
B_FriedmanDrift_GRA,S2_LRU_STREAM,0,"{""state_lr"": 0.001, ""readout_lr"": 0.001, ""state_decay"": 0.9}",26.94502588358227
B_FriedmanDrift_GRA,S2_LRU_STREAM,1,"{""state_lr"": 0.001, ""readout_lr"": 0.001, ""state_decay"": 0.98}",inf
B_FriedmanDrift_GRA,S2_LRU_STREAM,2,"{""state_lr"": 0.001, ""readout_lr"": 0.003, ""state_decay"": 0.9}",inf
B_FriedmanDrift_GRA,S2_LRU_STREAM,3,"{""state_lr"": 0.001, ""readout_lr"": 0.003, ""state_decay"": 0.98}",inf
B_FriedmanDrift_GRA,S2_LRU_STREAM,4,"{""state_lr"": 0.001, ""readout_lr"": 0.01, ""state_decay"": 0.9}",inf
B_FriedmanDrift_GRA,S2_LRU_STREAM,5,"{""state_lr"": 0.001, ""readout_lr"": 0.01, ""state_decay"": 0.98}",inf
B_FriedmanDrift_GRA,S2_LRU_STREAM,6,"{""state_lr"": 0.001, ""readout_lr"": 0.03, ""state_decay"": 0.9}",inf
B_FriedmanDrift_GRA,S2_LRU_STREAM,7,"{""state_lr"": 0.001, ""readout_lr"": 0.03, ""state_decay"": 0.98}",inf
B_FriedmanDrift_GRA,S2_LRU_STREAM,8,"{""state_lr"": 0.01, ""readout_lr"": 0.001, ""state_decay"": 0.9}",inf
B_FriedmanDrift_GRA,S2_LRU_STREAM,9,"{""state_lr"": 0.01, ""readout_lr"": 0.001, ""state_decay"": 0.98}",inf
B_FriedmanDrift_GRA,S2_LRU_STREAM,10,"{""state_lr"": 0.01, ""readout_lr"": 0.003, ""state_decay"": 0.9}",inf
B_FriedmanDrift_GRA,S2_LRU_STREAM,11,"{""state_lr"": 0.01, ""readout_lr"": 0.003, ""state_decay"": 0.98}",inf
B_FriedmanDrift_GRA,S2_LRU_STREAM,12,"{""state_lr"": 0.01, ""readout_lr"": 0.01, ""state_decay"": 0.9}",inf
B_FriedmanDrift_GRA,S2_LRU_STREAM,13,"{""state_lr"": 0.01, ""readout_lr"": 0.01, ""state_decay"": 0.98}",inf
B_FriedmanDrift_GRA,S2_LRU_STREAM,14,"{""state_lr"": 0.01, ""readout_lr"": 0.03, ""state_decay"": 0.9}",inf
B_FriedmanDrift_GRA,S2_LRU_STREAM,15,"{""state_lr"": 0.01, ""readout_lr"": 0.03, ""state_decay"": 0.98}",inf
B_FriedmanDrift_GRA,S3_RSONN,0,"{""learning_rate"": 0.001, ""growth_threshold"": 0.05, ""pruning_threshold"": 0.001}",36.48992774253548
B_FriedmanDrift_GRA,S3_RSONN,1,"{""learning_rate"": 0.001, ""growth_threshold"": 0.05, ""pruning_threshold"": 0.005}",36.42773872448877
B_FriedmanDrift_GRA,S3_RSONN,2,"{""learning_rate"": 0.001, ""growth_threshold"": 0.1, ""pruning_threshold"": 0.001}",36.514472803313474
B_FriedmanDrift_GRA,S3_RSONN,3,"{""learning_rate"": 0.001, ""growth_threshold"": 0.1, ""pruning_threshold"": 0.005}",36.410093883974355
B_FriedmanDrift_GRA,S3_RSONN,4,"{""learning_rate"": 0.005, ""growth_threshold"": 0.05, ""pruning_threshold"": 0.001}",16.769979509357498
B_FriedmanDrift_GRA,S3_RSONN,5,"{""learning_rate"": 0.005, ""growth_threshold"": 0.05, ""pruning_threshold"": 0.005}",16.718146196758656
B_FriedmanDrift_GRA,S3_RSONN,6,"{""learning_rate"": 0.005, ""growth_threshold"": 0.1, ""pruning_threshold"": 0.001}",16.73006425744611
B_FriedmanDrift_GRA,S3_RSONN,7,"{""learning_rate"": 0.005, ""growth_threshold"": 0.1, ""pruning_threshold"": 0.005}",16.739587081797307
B_FriedmanDrift_GRA,S3_RSONN,8,"{""learning_rate"": 0.01, ""growth_threshold"": 0.05, ""pruning_threshold"": 0.001}",14.968469065250169
B_FriedmanDrift_GRA,S3_RSONN,9,"{""learning_rate"": 0.01, ""growth_threshold"": 0.05, ""pruning_threshold"": 0.005}",15.147679657588858
B_FriedmanDrift_GRA,S3_RSONN,10,"{""learning_rate"": 0.01, ""growth_threshold"": 0.1, ""pruning_threshold"": 0.001}",15.08621397273396
B_FriedmanDrift_GRA,S3_RSONN,11,"{""learning_rate"": 0.01, ""growth_threshold"": 0.1, ""pruning_threshold"": 0.005}",15.118766692396639
B_FriedmanDrift_GRA,S3_RSONN,12,"{""learning_rate"": 0.02, ""growth_threshold"": 0.05, ""pruning_threshold"": 0.001}",15.005796582446216
B_FriedmanDrift_GRA,S3_RSONN,13,"{""learning_rate"": 0.02, ""growth_threshold"": 0.05, ""pruning_threshold"": 0.005}",14.817354385869494
B_FriedmanDrift_GRA,S3_RSONN,14,"{""learning_rate"": 0.02, ""growth_threshold"": 0.1, ""pruning_threshold"": 0.001}",14.656385477031444
B_FriedmanDrift_GRA,S3_RSONN,15,"{""learning_rate"": 0.02, ""growth_threshold"": 0.1, ""pruning_threshold"": 0.005}",14.701190056531587
B_FriedmanDrift_GRA,S4_ACESN,0,"{""reservoir_size"": 20, ""spectral_radius"": 0.85, ""compression_ratio"": 0.25, ""readout_lr"": 0.001}",50.922994747099345
B_FriedmanDrift_GRA,S4_ACESN,1,"{""reservoir_size"": 20, ""spectral_radius"": 0.85, ""compression_ratio"": 0.25, ""readout_lr"": 0.01}",23.703243343201592
B_FriedmanDrift_GRA,S4_ACESN,2,"{""reservoir_size"": 20, ""spectral_radius"": 0.85, ""compression_ratio"": 0.5, ""readout_lr"": 0.001}",50.82842498301708
B_FriedmanDrift_GRA,S4_ACESN,3,"{""reservoir_size"": 20, ""spectral_radius"": 0.85, ""compression_ratio"": 0.5, ""readout_lr"": 0.01}",23.60250771060571
B_FriedmanDrift_GRA,S4_ACESN,4,"{""reservoir_size"": 20, ""spectral_radius"": 0.95, ""compression_ratio"": 0.25, ""readout_lr"": 0.001}",46.411771369007205
B_FriedmanDrift_GRA,S4_ACESN,5,"{""reservoir_size"": 20, ""spectral_radius"": 0.95, ""compression_ratio"": 0.25, ""readout_lr"": 0.01}",24.009936857636003
B_FriedmanDrift_GRA,S4_ACESN,6,"{""reservoir_size"": 20, ""spectral_radius"": 0.95, ""compression_ratio"": 0.5, ""readout_lr"": 0.001}",46.33130612259968
B_FriedmanDrift_GRA,S4_ACESN,7,"{""reservoir_size"": 20, ""spectral_radius"": 0.95, ""compression_ratio"": 0.5, ""readout_lr"": 0.01}",23.910848939877116
B_FriedmanDrift_GRA,S4_ACESN,8,"{""reservoir_size"": 40, ""spectral_radius"": 0.85, ""compression_ratio"": 0.25, ""readout_lr"": 0.001}",58.51434300656239
B_FriedmanDrift_GRA,S4_ACESN,9,"{""reservoir_size"": 40, ""spectral_radius"": 0.85, ""compression_ratio"": 0.25, ""readout_lr"": 0.01}",20.86546180705679
B_FriedmanDrift_GRA,S4_ACESN,10,"{""reservoir_size"": 40, ""spectral_radius"": 0.85, ""compression_ratio"": 0.5, ""readout_lr"": 0.001}",58.32816055686654
B_FriedmanDrift_GRA,S4_ACESN,11,"{""reservoir_size"": 40, ""spectral_radius"": 0.85, ""compression_ratio"": 0.5, ""readout_lr"": 0.01}",20.684819930181344
B_FriedmanDrift_GRA,S4_ACESN,12,"{""reservoir_size"": 40, ""spectral_radius"": 0.95, ""compression_ratio"": 0.25, ""readout_lr"": 0.001}",56.604572840410434
B_FriedmanDrift_GRA,S4_ACESN,13,"{""reservoir_size"": 40, ""spectral_radius"": 0.95, ""compression_ratio"": 0.25, ""readout_lr"": 0.01}",22.003640637402764
B_FriedmanDrift_GRA,S4_ACESN,14,"{""reservoir_size"": 40, ""spectral_radius"": 0.95, ""compression_ratio"": 0.5, ""readout_lr"": 0.001}",56.41842508223673
B_FriedmanDrift_GRA,S4_ACESN,15,"{""reservoir_size"": 40, ""spectral_radius"": 0.95, ""compression_ratio"": 0.5, ""readout_lr"": 0.01}",21.81464239217715
B_FriedmanDrift_GRA,S5_CONTINUAL_BACKPROP,0,"{""learning_rate"": 0.001, ""replacement_rate"": 0.0001, ""maturity_threshold"": 50}",30.167018129485882
B_FriedmanDrift_GRA,S5_CONTINUAL_BACKPROP,1,"{""learning_rate"": 0.001, ""replacement_rate"": 0.0001, ""maturity_threshold"": 100}",30.14648446952525
B_FriedmanDrift_GRA,S5_CONTINUAL_BACKPROP,2,"{""learning_rate"": 0.001, ""replacement_rate"": 0.001, ""maturity_threshold"": 50}",30.17204614524356
B_FriedmanDrift_GRA,S5_CONTINUAL_BACKPROP,3,"{""learning_rate"": 0.001, ""replacement_rate"": 0.001, ""maturity_threshold"": 100}",30.183412156012917
B_FriedmanDrift_GRA,S5_CONTINUAL_BACKPROP,4,"{""learning_rate"": 0.005, ""replacement_rate"": 0.0001, ""maturity_threshold"": 50}",13.802525935239741
B_FriedmanDrift_GRA,S5_CONTINUAL_BACKPROP,5,"{""learning_rate"": 0.005, ""replacement_rate"": 0.0001, ""maturity_threshold"": 100}",13.788346648108037
B_FriedmanDrift_GRA,S5_CONTINUAL_BACKPROP,6,"{""learning_rate"": 0.005, ""replacement_rate"": 0.001, ""maturity_threshold"": 50}",13.79526444105547
B_FriedmanDrift_GRA,S5_CONTINUAL_BACKPROP,7,"{""learning_rate"": 0.005, ""replacement_rate"": 0.001, ""maturity_threshold"": 100}",13.793154385639752
B_FriedmanDrift_GRA,S5_CONTINUAL_BACKPROP,8,"{""learning_rate"": 0.01, ""replacement_rate"": 0.0001, ""maturity_threshold"": 50}",10.731183670094767
B_FriedmanDrift_GRA,S5_CONTINUAL_BACKPROP,9,"{""learning_rate"": 0.01, ""replacement_rate"": 0.0001, ""maturity_threshold"": 100}",10.735004289780482
B_FriedmanDrift_GRA,S5_CONTINUAL_BACKPROP,10,"{""learning_rate"": 0.01, ""replacement_rate"": 0.001, ""maturity_threshold"": 50}",10.731799863020845
B_FriedmanDrift_GRA,S5_CONTINUAL_BACKPROP,11,"{""learning_rate"": 0.01, ""replacement_rate"": 0.001, ""maturity_threshold"": 100}",10.73384255360582
B_FriedmanDrift_GRA,S5_CONTINUAL_BACKPROP,12,"{""learning_rate"": 0.03, ""replacement_rate"": 0.0001, ""maturity_threshold"": 50}",8.723191843843457
B_FriedmanDrift_GRA,S5_CONTINUAL_BACKPROP,13,"{""learning_rate"": 0.03, ""replacement_rate"": 0.0001, ""maturity_threshold"": 100}",8.724655436178708
B_FriedmanDrift_GRA,S5_CONTINUAL_BACKPROP,14,"{""learning_rate"": 0.03, ""replacement_rate"": 0.001, ""maturity_threshold"": 50}",8.722982808662886
B_FriedmanDrift_GRA,S5_CONTINUAL_BACKPROP,15,"{""learning_rate"": 0.03, ""replacement_rate"": 0.001, ""maturity_threshold"": 100}",8.721981091606855
B_FriedmanDrift_GRA,C1_CURRENT_ONLY_LINEAR,0,"{""learning_rate"": 0.001}",30.169763624470466
B_FriedmanDrift_GRA,C1_CURRENT_ONLY_LINEAR,1,"{""learning_rate"": 0.003}",17.27368619551947
B_FriedmanDrift_GRA,C1_CURRENT_ONLY_LINEAR,2,"{""learning_rate"": 0.01}",10.732463330607734
B_FriedmanDrift_GRA,C1_CURRENT_ONLY_LINEAR,3,"{""learning_rate"": 0.03}",8.723533238287038
B_FriedmanDrift_GRA,C2_NLMS,0,"{""step_size"": 0.01}",16.727229902838783
B_FriedmanDrift_GRA,C2_NLMS,1,"{""step_size"": 0.05}",9.564127930171189
B_FriedmanDrift_GRA,C2_NLMS,2,"{""step_size"": 0.1}",8.719877295631095
B_FriedmanDrift_GRA,C2_NLMS,3,"{""step_size"": 0.2}",8.623662799246668
B_FriedmanDrift_GRA,C3_RLS,0,"{""forgetting_factor"": 0.99}",7.706066593546645
B_FriedmanDrift_GRA,C3_RLS,1,"{""forgetting_factor"": 0.995}",7.559216676892973
B_FriedmanDrift_GRA,C3_RLS,2,"{""forgetting_factor"": 0.999}",7.714070273172699
B_FriedmanDrift_GRA,C3_RLS,3,"{""forgetting_factor"": 1.0}",8.057906287862835
B_FriedmanDrift_GRA,C4_FIXED_LAG_LINEAR,0,"{""max_lag"": 4, ""learning_rate"": 0.001}",70.2181188855004
B_FriedmanDrift_GRA,C4_FIXED_LAG_LINEAR,1,"{""max_lag"": 4, ""learning_rate"": 0.01}",38.26003040700119
B_FriedmanDrift_GRA,C4_FIXED_LAG_LINEAR,2,"{""max_lag"": 8, ""learning_rate"": 0.001}",48.02578566054035
B_FriedmanDrift_GRA,C4_FIXED_LAG_LINEAR,3,"{""max_lag"": 8, ""learning_rate"": 0.01}",30.290900081707875
B_FriedmanDrift_GRA,C4_FIXED_LAG_LINEAR,4,"{""max_lag"": 16, ""learning_rate"": 0.001}",36.30878725130695
B_FriedmanDrift_GRA,C4_FIXED_LAG_LINEAR,5,"{""max_lag"": 16, ""learning_rate"": 0.01}",26.150119181018365
B_FriedmanDrift_GRA,C4_FIXED_LAG_LINEAR,6,"{""max_lag"": 32, ""learning_rate"": 0.001}",30.765696762104643
B_FriedmanDrift_GRA,C4_FIXED_LAG_LINEAR,7,"{""max_lag"": 32, ""learning_rate"": 0.01}",24.45115444228657
B_FriedmanDrift_GRA,IPNLMS,0,"{""mu"": 0.1}",8.76851844410814
B_FriedmanDrift_GRA,IPNLMS,1,"{""mu"": 0.5}",9.513873933769677
B_FriedmanDrift_GSG,B1_RZA_LMS,0,"{""learning_rate"": 0.001, ""rho_zero_attraction"": 1e-06, ""epsilon_reweight"": 10.0}",30.170254385125418
B_FriedmanDrift_GSG,B1_RZA_LMS,1,"{""learning_rate"": 0.001, ""rho_zero_attraction"": 1e-05, ""epsilon_reweight"": 10.0}",30.174673386536323
B_FriedmanDrift_GSG,B1_RZA_LMS,2,"{""learning_rate"": 0.001, ""rho_zero_attraction"": 0.0001, ""epsilon_reweight"": 10.0}",30.21907820874159
B_FriedmanDrift_GSG,B1_RZA_LMS,3,"{""learning_rate"": 0.001, ""rho_zero_attraction"": 0.001, ""epsilon_reweight"": 10.0}",30.685715323511943
B_FriedmanDrift_GSG,B1_RZA_LMS,4,"{""learning_rate"": 0.003, ""rho_zero_attraction"": 1e-06, ""epsilon_reweight"": 10.0}",17.27371503380549
B_FriedmanDrift_GSG,B1_RZA_LMS,5,"{""learning_rate"": 0.003, ""rho_zero_attraction"": 1e-05, ""epsilon_reweight"": 10.0}",17.273974687261855
B_FriedmanDrift_GSG,B1_RZA_LMS,6,"{""learning_rate"": 0.003, ""rho_zero_attraction"": 0.0001, ""epsilon_reweight"": 10.0}",17.276582025205887
B_FriedmanDrift_GSG,B1_RZA_LMS,7,"{""learning_rate"": 0.003, ""rho_zero_attraction"": 0.001, ""epsilon_reweight"": 10.0}",17.30376071237101
B_FriedmanDrift_GSG,B1_RZA_LMS,8,"{""learning_rate"": 0.01, ""rho_zero_attraction"": 1e-06, ""epsilon_reweight"": 10.0}",10.732452705399089
B_FriedmanDrift_GSG,B1_RZA_LMS,9,"{""learning_rate"": 0.01, ""rho_zero_attraction"": 1e-05, ""epsilon_reweight"": 10.0}",10.73235711659021
B_FriedmanDrift_GSG,B1_RZA_LMS,10,"{""learning_rate"": 0.01, ""rho_zero_attraction"": 0.0001, ""epsilon_reweight"": 10.0}",10.731405019417666
B_FriedmanDrift_GSG,B1_RZA_LMS,11,"{""learning_rate"": 0.01, ""rho_zero_attraction"": 0.001, ""epsilon_reweight"": 10.0}",10.722287091857915
B_FriedmanDrift_GSG,B1_RZA_LMS,12,"{""learning_rate"": 0.03, ""rho_zero_attraction"": 1e-06, ""epsilon_reweight"": 10.0}",8.723533658619415
B_FriedmanDrift_GSG,B1_RZA_LMS,13,"{""learning_rate"": 0.03, ""rho_zero_attraction"": 1e-05, ""epsilon_reweight"": 10.0}",8.723537471383159
B_FriedmanDrift_GSG,B1_RZA_LMS,14,"{""learning_rate"": 0.03, ""rho_zero_attraction"": 0.0001, ""epsilon_reweight"": 10.0}",8.723583772072558
B_FriedmanDrift_GSG,B1_RZA_LMS,15,"{""learning_rate"": 0.03, ""rho_zero_attraction"": 0.001, ""epsilon_reweight"": 10.0}",8.724353054932966
B_FriedmanDrift_GSG,B2_CCN,0,"{""readout_lr"": 0.001, ""recurrent_lr"": 0.0001, ""max_columns"": 1}",28.09938303063301
B_FriedmanDrift_GSG,B2_CCN,1,"{""readout_lr"": 0.001, ""recurrent_lr"": 0.0001, ""max_columns"": 2}",28.124889374870943
B_FriedmanDrift_GSG,B2_CCN,2,"{""readout_lr"": 0.001, ""recurrent_lr"": 0.001, ""max_columns"": 1}",26.966445713161217
B_FriedmanDrift_GSG,B2_CCN,3,"{""readout_lr"": 0.001, ""recurrent_lr"": 0.001, ""max_columns"": 2}",26.95398027891116
B_FriedmanDrift_GSG,B2_CCN,4,"{""readout_lr"": 0.003, ""recurrent_lr"": 0.0001, ""max_columns"": 1}",16.521242541277086
B_FriedmanDrift_GSG,B2_CCN,5,"{""readout_lr"": 0.003, ""recurrent_lr"": 0.0001, ""max_columns"": 2}",16.51620706500204
B_FriedmanDrift_GSG,B2_CCN,6,"{""readout_lr"": 0.003, ""recurrent_lr"": 0.001, ""max_columns"": 1}",16.054910357423214
B_FriedmanDrift_GSG,B2_CCN,7,"{""readout_lr"": 0.003, ""recurrent_lr"": 0.001, ""max_columns"": 2}",16.05714893409107
B_FriedmanDrift_GSG,B2_CCN,8,"{""readout_lr"": 0.01, ""recurrent_lr"": 0.0001, ""max_columns"": 1}",10.365524927067968
B_FriedmanDrift_GSG,B2_CCN,9,"{""readout_lr"": 0.01, ""recurrent_lr"": 0.0001, ""max_columns"": 2}",10.36007561628621
B_FriedmanDrift_GSG,B2_CCN,10,"{""readout_lr"": 0.01, ""recurrent_lr"": 0.001, ""max_columns"": 1}",10.250360695381316
B_FriedmanDrift_GSG,B2_CCN,11,"{""readout_lr"": 0.01, ""recurrent_lr"": 0.001, ""max_columns"": 2}",10.256042797477265
B_FriedmanDrift_GSG,B2_CCN,12,"{""readout_lr"": 0.03, ""recurrent_lr"": 0.0001, ""max_columns"": 1}",8.458532253496573
B_FriedmanDrift_GSG,B2_CCN,13,"{""readout_lr"": 0.03, ""recurrent_lr"": 0.0001, ""max_columns"": 2}",8.459424647430422
B_FriedmanDrift_GSG,B2_CCN,14,"{""readout_lr"": 0.03, ""recurrent_lr"": 0.001, ""max_columns"": 1}",8.461125995576216
B_FriedmanDrift_GSG,B2_CCN,15,"{""readout_lr"": 0.03, ""recurrent_lr"": 0.001, ""max_columns"": 2}",8.46143449908147
B_FriedmanDrift_GSG,B3_MUSE_RNN,0,"{""learning_rate"": 0.001, ""growth_multiplier"": 1.5, ""pruning_threshold"": 0.001}",234.0450755194436
B_FriedmanDrift_GSG,B3_MUSE_RNN,1,"{""learning_rate"": 0.001, ""growth_multiplier"": 1.5, ""pruning_threshold"": 0.01}",234.0434671449904
B_FriedmanDrift_GSG,B3_MUSE_RNN,2,"{""learning_rate"": 0.001, ""growth_multiplier"": 2.5, ""pruning_threshold"": 0.001}",234.04265640197005
B_FriedmanDrift_GSG,B3_MUSE_RNN,3,"{""learning_rate"": 0.001, ""growth_multiplier"": 2.5, ""pruning_threshold"": 0.01}",234.04443034611037
B_FriedmanDrift_GSG,B3_MUSE_RNN,4,"{""learning_rate"": 0.003, ""growth_multiplier"": 1.5, ""pruning_threshold"": 0.001}",234.04652737335815
B_FriedmanDrift_GSG,B3_MUSE_RNN,5,"{""learning_rate"": 0.003, ""growth_multiplier"": 1.5, ""pruning_threshold"": 0.01}",233.6403821144269
B_FriedmanDrift_GSG,B3_MUSE_RNN,6,"{""learning_rate"": 0.003, ""growth_multiplier"": 2.5, ""pruning_threshold"": 0.001}",233.4790257858534
B_FriedmanDrift_GSG,B3_MUSE_RNN,7,"{""learning_rate"": 0.003, ""growth_multiplier"": 2.5, ""pruning_threshold"": 0.01}",233.86964462558686
B_FriedmanDrift_GSG,B3_MUSE_RNN,8,"{""learning_rate"": 0.01, ""growth_multiplier"": 1.5, ""pruning_threshold"": 0.001}",75.37325643177842
B_FriedmanDrift_GSG,B3_MUSE_RNN,9,"{""learning_rate"": 0.01, ""growth_multiplier"": 1.5, ""pruning_threshold"": 0.01}",122.3896767541029
B_FriedmanDrift_GSG,B3_MUSE_RNN,10,"{""learning_rate"": 0.01, ""growth_multiplier"": 2.5, ""pruning_threshold"": 0.001}",75.34111662161227
B_FriedmanDrift_GSG,B3_MUSE_RNN,11,"{""learning_rate"": 0.01, ""growth_multiplier"": 2.5, ""pruning_threshold"": 0.01}",87.82798499535306
B_FriedmanDrift_GSG,B3_MUSE_RNN,12,"{""learning_rate"": 0.03, ""growth_multiplier"": 1.5, ""pruning_threshold"": 0.001}",33.68089253359815
B_FriedmanDrift_GSG,B3_MUSE_RNN,13,"{""learning_rate"": 0.03, ""growth_multiplier"": 1.5, ""pruning_threshold"": 0.01}",30.898054088855442
B_FriedmanDrift_GSG,B3_MUSE_RNN,14,"{""learning_rate"": 0.03, ""growth_multiplier"": 2.5, ""pruning_threshold"": 0.001}",30.69495179617549
B_FriedmanDrift_GSG,B3_MUSE_RNN,15,"{""learning_rate"": 0.03, ""growth_multiplier"": 2.5, ""pruning_threshold"": 0.01}",30.786462377512716
B_FriedmanDrift_GSG,B4_MINIMAL_GRU,0,"{""learning_rate"": 0.0001, ""weight_decay"": 0.9}",234.04357690778352
B_FriedmanDrift_GSG,B4_MINIMAL_GRU,1,"{""learning_rate"": 0.0001, ""weight_decay"": 0.95}",234.0423515521217
B_FriedmanDrift_GSG,B4_MINIMAL_GRU,2,"{""learning_rate"": 0.0001, ""weight_decay"": 0.99}",234.0352618349202
B_FriedmanDrift_GSG,B4_MINIMAL_GRU,3,"{""learning_rate"": 0.0001, ""weight_decay"": 0.999}",233.90498349867457
B_FriedmanDrift_GSG,B4_MINIMAL_GRU,4,"{""learning_rate"": 0.001, ""weight_decay"": 0.9}",234.00704342986546
B_FriedmanDrift_GSG,B4_MINIMAL_GRU,5,"{""learning_rate"": 0.001, ""weight_decay"": 0.95}",233.455705035104
B_FriedmanDrift_GSG,B4_MINIMAL_GRU,6,"{""learning_rate"": 0.001, ""weight_decay"": 0.99}",126.18797639335655
B_FriedmanDrift_GSG,B4_MINIMAL_GRU,7,"{""learning_rate"": 0.001, ""weight_decay"": 0.999}",88.14468815708449
B_FriedmanDrift_GSG,B4_MINIMAL_GRU,8,"{""learning_rate"": 0.003, ""weight_decay"": 0.9}",123.56406607712067
B_FriedmanDrift_GSG,B4_MINIMAL_GRU,9,"{""learning_rate"": 0.003, ""weight_decay"": 0.95}",74.49928407634475
B_FriedmanDrift_GSG,B4_MINIMAL_GRU,10,"{""learning_rate"": 0.003, ""weight_decay"": 0.99}",44.01755281115977
B_FriedmanDrift_GSG,B4_MINIMAL_GRU,11,"{""learning_rate"": 0.003, ""weight_decay"": 0.999}",45.29150210813981
B_FriedmanDrift_GSG,B4_MINIMAL_GRU,12,"{""learning_rate"": 0.01, ""weight_decay"": 0.9}",36.473547959134535
B_FriedmanDrift_GSG,B4_MINIMAL_GRU,13,"{""learning_rate"": 0.01, ""weight_decay"": 0.95}",29.310295351127618
B_FriedmanDrift_GSG,B4_MINIMAL_GRU,14,"{""learning_rate"": 0.01, ""weight_decay"": 0.99}",25.04268718580678
B_FriedmanDrift_GSG,B4_MINIMAL_GRU,15,"{""learning_rate"": 0.01, ""weight_decay"": 0.999}",30.581331007947625
B_FriedmanDrift_GSG,B5_ONLINE_ESN,0,"{""reservoir_size"": 10, ""spectral_radius"": 0.85, ""leak_rate"": 0.3, ""readout_lr"": 0.001}",152.53499138444366
B_FriedmanDrift_GSG,B5_ONLINE_ESN,1,"{""reservoir_size"": 10, ""spectral_radius"": 0.85, ""leak_rate"": 0.3, ""readout_lr"": 0.01}",50.39437821230934
B_FriedmanDrift_GSG,B5_ONLINE_ESN,2,"{""reservoir_size"": 10, ""spectral_radius"": 0.85, ""leak_rate"": 0.7, ""readout_lr"": 0.001}",152.71515575747472
B_FriedmanDrift_GSG,B5_ONLINE_ESN,3,"{""reservoir_size"": 10, ""spectral_radius"": 0.85, ""leak_rate"": 0.7, ""readout_lr"": 0.01}",54.794595634078185
B_FriedmanDrift_GSG,B5_ONLINE_ESN,4,"{""reservoir_size"": 10, ""spectral_radius"": 0.95, ""leak_rate"": 0.3, ""readout_lr"": 0.001}",145.70552955004746
B_FriedmanDrift_GSG,B5_ONLINE_ESN,5,"{""reservoir_size"": 10, ""spectral_radius"": 0.95, ""leak_rate"": 0.3, ""readout_lr"": 0.01}",50.85292959324888
B_FriedmanDrift_GSG,B5_ONLINE_ESN,6,"{""reservoir_size"": 10, ""spectral_radius"": 0.95, ""leak_rate"": 0.7, ""readout_lr"": 0.001}",146.0599556375989
B_FriedmanDrift_GSG,B5_ONLINE_ESN,7,"{""reservoir_size"": 10, ""spectral_radius"": 0.95, ""leak_rate"": 0.7, ""readout_lr"": 0.01}",56.69407364188289
B_FriedmanDrift_GSG,B5_ONLINE_ESN,8,"{""reservoir_size"": 20, ""spectral_radius"": 0.85, ""leak_rate"": 0.3, ""readout_lr"": 0.001}",50.04909002649176
B_FriedmanDrift_GSG,B5_ONLINE_ESN,9,"{""reservoir_size"": 20, ""spectral_radius"": 0.85, ""leak_rate"": 0.3, ""readout_lr"": 0.01}",26.001825811918525
B_FriedmanDrift_GSG,B5_ONLINE_ESN,10,"{""reservoir_size"": 20, ""spectral_radius"": 0.85, ""leak_rate"": 0.7, ""readout_lr"": 0.001}",49.62417358481929
B_FriedmanDrift_GSG,B5_ONLINE_ESN,11,"{""reservoir_size"": 20, ""spectral_radius"": 0.85, ""leak_rate"": 0.7, ""readout_lr"": 0.01}",23.98090199126374
B_FriedmanDrift_GSG,B5_ONLINE_ESN,12,"{""reservoir_size"": 20, ""spectral_radius"": 0.95, ""leak_rate"": 0.3, ""readout_lr"": 0.001}",43.6526666115087
B_FriedmanDrift_GSG,B5_ONLINE_ESN,13,"{""reservoir_size"": 20, ""spectral_radius"": 0.95, ""leak_rate"": 0.3, ""readout_lr"": 0.01}",25.816660938367054
B_FriedmanDrift_GSG,B5_ONLINE_ESN,14,"{""reservoir_size"": 20, ""spectral_radius"": 0.95, ""leak_rate"": 0.7, ""readout_lr"": 0.001}",43.78974149100844
B_FriedmanDrift_GSG,B5_ONLINE_ESN,15,"{""reservoir_size"": 20, ""spectral_radius"": 0.95, ""leak_rate"": 0.7, ""readout_lr"": 0.01}",24.050561449640266
B_FriedmanDrift_GSG,S1_VARIABLE_TAP_LMS,0,"{""learning_rate"": 0.001, ""tap_leakage"": 0.0001}",36.49997502769167
B_FriedmanDrift_GSG,S1_VARIABLE_TAP_LMS,1,"{""learning_rate"": 0.001, ""tap_leakage"": 0.001}",41.248725569629066
B_FriedmanDrift_GSG,S1_VARIABLE_TAP_LMS,2,"{""learning_rate"": 0.001, ""tap_leakage"": 0.01}",111.1282071307118
B_FriedmanDrift_GSG,S1_VARIABLE_TAP_LMS,3,"{""learning_rate"": 0.001, ""tap_leakage"": 0.1}",211.52103074181233
B_FriedmanDrift_GSG,S1_VARIABLE_TAP_LMS,4,"{""learning_rate"": 0.003, ""tap_leakage"": 0.0001}",28.228160755096727
B_FriedmanDrift_GSG,S1_VARIABLE_TAP_LMS,5,"{""learning_rate"": 0.003, ""tap_leakage"": 0.001}",29.455068968943973
B_FriedmanDrift_GSG,S1_VARIABLE_TAP_LMS,6,"{""learning_rate"": 0.003, ""tap_leakage"": 0.01}",54.67193671991631
B_FriedmanDrift_GSG,S1_VARIABLE_TAP_LMS,7,"{""learning_rate"": 0.003, ""tap_leakage"": 0.1}",174.1198351262765
B_FriedmanDrift_GSG,S1_VARIABLE_TAP_LMS,8,"{""learning_rate"": 0.01, ""tap_leakage"": 0.0001}",24.790696928565364
B_FriedmanDrift_GSG,S1_VARIABLE_TAP_LMS,9,"{""learning_rate"": 0.01, ""tap_leakage"": 0.001}",25.29936709148187
B_FriedmanDrift_GSG,S1_VARIABLE_TAP_LMS,10,"{""learning_rate"": 0.01, ""tap_leakage"": 0.01}",30.788917524889587
B_FriedmanDrift_GSG,S1_VARIABLE_TAP_LMS,11,"{""learning_rate"": 0.01, ""tap_leakage"": 0.1}",106.11955604096097
B_FriedmanDrift_GSG,S1_VARIABLE_TAP_LMS,12,"{""learning_rate"": 0.03, ""tap_leakage"": 0.0001}",25.44353446641351
B_FriedmanDrift_GSG,S1_VARIABLE_TAP_LMS,13,"{""learning_rate"": 0.03, ""tap_leakage"": 0.001}",25.37468231050975
B_FriedmanDrift_GSG,S1_VARIABLE_TAP_LMS,14,"{""learning_rate"": 0.03, ""tap_leakage"": 0.01}",26.83141887975488
B_FriedmanDrift_GSG,S1_VARIABLE_TAP_LMS,15,"{""learning_rate"": 0.03, ""tap_leakage"": 0.1}",53.47879905932002
B_FriedmanDrift_GSG,S2_LRU_STREAM,0,"{""state_lr"": 0.001, ""readout_lr"": 0.001, ""state_decay"": 0.9}",27.309200334388734
B_FriedmanDrift_GSG,S2_LRU_STREAM,1,"{""state_lr"": 0.001, ""readout_lr"": 0.001, ""state_decay"": 0.98}",inf
B_FriedmanDrift_GSG,S2_LRU_STREAM,2,"{""state_lr"": 0.001, ""readout_lr"": 0.003, ""state_decay"": 0.9}",inf
B_FriedmanDrift_GSG,S2_LRU_STREAM,3,"{""state_lr"": 0.001, ""readout_lr"": 0.003, ""state_decay"": 0.98}",inf
B_FriedmanDrift_GSG,S2_LRU_STREAM,4,"{""state_lr"": 0.001, ""readout_lr"": 0.01, ""state_decay"": 0.9}",inf
B_FriedmanDrift_GSG,S2_LRU_STREAM,5,"{""state_lr"": 0.001, ""readout_lr"": 0.01, ""state_decay"": 0.98}",inf
B_FriedmanDrift_GSG,S2_LRU_STREAM,6,"{""state_lr"": 0.001, ""readout_lr"": 0.03, ""state_decay"": 0.9}",inf
B_FriedmanDrift_GSG,S2_LRU_STREAM,7,"{""state_lr"": 0.001, ""readout_lr"": 0.03, ""state_decay"": 0.98}",inf
B_FriedmanDrift_GSG,S2_LRU_STREAM,8,"{""state_lr"": 0.01, ""readout_lr"": 0.001, ""state_decay"": 0.9}",inf
B_FriedmanDrift_GSG,S2_LRU_STREAM,9,"{""state_lr"": 0.01, ""readout_lr"": 0.001, ""state_decay"": 0.98}",inf
B_FriedmanDrift_GSG,S2_LRU_STREAM,10,"{""state_lr"": 0.01, ""readout_lr"": 0.003, ""state_decay"": 0.9}",inf
B_FriedmanDrift_GSG,S2_LRU_STREAM,11,"{""state_lr"": 0.01, ""readout_lr"": 0.003, ""state_decay"": 0.98}",inf
B_FriedmanDrift_GSG,S2_LRU_STREAM,12,"{""state_lr"": 0.01, ""readout_lr"": 0.01, ""state_decay"": 0.9}",inf
B_FriedmanDrift_GSG,S2_LRU_STREAM,13,"{""state_lr"": 0.01, ""readout_lr"": 0.01, ""state_decay"": 0.98}",inf
B_FriedmanDrift_GSG,S2_LRU_STREAM,14,"{""state_lr"": 0.01, ""readout_lr"": 0.03, ""state_decay"": 0.9}",inf
B_FriedmanDrift_GSG,S2_LRU_STREAM,15,"{""state_lr"": 0.01, ""readout_lr"": 0.03, ""state_decay"": 0.98}",inf
B_FriedmanDrift_GSG,S3_RSONN,0,"{""learning_rate"": 0.001, ""growth_threshold"": 0.05, ""pruning_threshold"": 0.001}",36.47056670968518
B_FriedmanDrift_GSG,S3_RSONN,1,"{""learning_rate"": 0.001, ""growth_threshold"": 0.05, ""pruning_threshold"": 0.005}",36.492437144350276
B_FriedmanDrift_GSG,S3_RSONN,2,"{""learning_rate"": 0.001, ""growth_threshold"": 0.1, ""pruning_threshold"": 0.001}",36.49595845308828
B_FriedmanDrift_GSG,S3_RSONN,3,"{""learning_rate"": 0.001, ""growth_threshold"": 0.1, ""pruning_threshold"": 0.005}",36.413817834552844
B_FriedmanDrift_GSG,S3_RSONN,4,"{""learning_rate"": 0.005, ""growth_threshold"": 0.05, ""pruning_threshold"": 0.001}",16.802807587200043
B_FriedmanDrift_GSG,S3_RSONN,5,"{""learning_rate"": 0.005, ""growth_threshold"": 0.05, ""pruning_threshold"": 0.005}",16.72636263089089
B_FriedmanDrift_GSG,S3_RSONN,6,"{""learning_rate"": 0.005, ""growth_threshold"": 0.1, ""pruning_threshold"": 0.001}",16.747449391769283
B_FriedmanDrift_GSG,S3_RSONN,7,"{""learning_rate"": 0.005, ""growth_threshold"": 0.1, ""pruning_threshold"": 0.005}",16.76291514768634
B_FriedmanDrift_GSG,S3_RSONN,8,"{""learning_rate"": 0.01, ""growth_threshold"": 0.05, ""pruning_threshold"": 0.001}",15.073739387045554
B_FriedmanDrift_GSG,S3_RSONN,9,"{""learning_rate"": 0.01, ""growth_threshold"": 0.05, ""pruning_threshold"": 0.005}",15.090292889211499
B_FriedmanDrift_GSG,S3_RSONN,10,"{""learning_rate"": 0.01, ""growth_threshold"": 0.1, ""pruning_threshold"": 0.001}",15.057124712451804
B_FriedmanDrift_GSG,S3_RSONN,11,"{""learning_rate"": 0.01, ""growth_threshold"": 0.1, ""pruning_threshold"": 0.005}",14.975106011078644
B_FriedmanDrift_GSG,S3_RSONN,12,"{""learning_rate"": 0.02, ""growth_threshold"": 0.05, ""pruning_threshold"": 0.001}",14.858429731172592
B_FriedmanDrift_GSG,S3_RSONN,13,"{""learning_rate"": 0.02, ""growth_threshold"": 0.05, ""pruning_threshold"": 0.005}",14.865105874098413
B_FriedmanDrift_GSG,S3_RSONN,14,"{""learning_rate"": 0.02, ""growth_threshold"": 0.1, ""pruning_threshold"": 0.001}",15.027114778935697
B_FriedmanDrift_GSG,S3_RSONN,15,"{""learning_rate"": 0.02, ""growth_threshold"": 0.1, ""pruning_threshold"": 0.005}",14.996991647857664
B_FriedmanDrift_GSG,S4_ACESN,0,"{""reservoir_size"": 20, ""spectral_radius"": 0.85, ""compression_ratio"": 0.25, ""readout_lr"": 0.001}",50.922994747099345
B_FriedmanDrift_GSG,S4_ACESN,1,"{""reservoir_size"": 20, ""spectral_radius"": 0.85, ""compression_ratio"": 0.25, ""readout_lr"": 0.01}",23.703243343201592
B_FriedmanDrift_GSG,S4_ACESN,2,"{""reservoir_size"": 20, ""spectral_radius"": 0.85, ""compression_ratio"": 0.5, ""readout_lr"": 0.001}",50.82842498301708
B_FriedmanDrift_GSG,S4_ACESN,3,"{""reservoir_size"": 20, ""spectral_radius"": 0.85, ""compression_ratio"": 0.5, ""readout_lr"": 0.01}",23.60250771060571
B_FriedmanDrift_GSG,S4_ACESN,4,"{""reservoir_size"": 20, ""spectral_radius"": 0.95, ""compression_ratio"": 0.25, ""readout_lr"": 0.001}",46.411771369007205
B_FriedmanDrift_GSG,S4_ACESN,5,"{""reservoir_size"": 20, ""spectral_radius"": 0.95, ""compression_ratio"": 0.25, ""readout_lr"": 0.01}",24.009936857636003
B_FriedmanDrift_GSG,S4_ACESN,6,"{""reservoir_size"": 20, ""spectral_radius"": 0.95, ""compression_ratio"": 0.5, ""readout_lr"": 0.001}",46.33130612259968
B_FriedmanDrift_GSG,S4_ACESN,7,"{""reservoir_size"": 20, ""spectral_radius"": 0.95, ""compression_ratio"": 0.5, ""readout_lr"": 0.01}",23.910848939877116
B_FriedmanDrift_GSG,S4_ACESN,8,"{""reservoir_size"": 40, ""spectral_radius"": 0.85, ""compression_ratio"": 0.25, ""readout_lr"": 0.001}",58.51434300656239
B_FriedmanDrift_GSG,S4_ACESN,9,"{""reservoir_size"": 40, ""spectral_radius"": 0.85, ""compression_ratio"": 0.25, ""readout_lr"": 0.01}",20.86546180705679
B_FriedmanDrift_GSG,S4_ACESN,10,"{""reservoir_size"": 40, ""spectral_radius"": 0.85, ""compression_ratio"": 0.5, ""readout_lr"": 0.001}",58.32816055686654
B_FriedmanDrift_GSG,S4_ACESN,11,"{""reservoir_size"": 40, ""spectral_radius"": 0.85, ""compression_ratio"": 0.5, ""readout_lr"": 0.01}",20.684819930181344
B_FriedmanDrift_GSG,S4_ACESN,12,"{""reservoir_size"": 40, ""spectral_radius"": 0.95, ""compression_ratio"": 0.25, ""readout_lr"": 0.001}",56.604572840410434
B_FriedmanDrift_GSG,S4_ACESN,13,"{""reservoir_size"": 40, ""spectral_radius"": 0.95, ""compression_ratio"": 0.25, ""readout_lr"": 0.01}",22.003640637402764
B_FriedmanDrift_GSG,S4_ACESN,14,"{""reservoir_size"": 40, ""spectral_radius"": 0.95, ""compression_ratio"": 0.5, ""readout_lr"": 0.001}",56.41842508223673
B_FriedmanDrift_GSG,S4_ACESN,15,"{""reservoir_size"": 40, ""spectral_radius"": 0.95, ""compression_ratio"": 0.5, ""readout_lr"": 0.01}",21.81464239217715
B_FriedmanDrift_GSG,S5_CONTINUAL_BACKPROP,0,"{""learning_rate"": 0.001, ""replacement_rate"": 0.0001, ""maturity_threshold"": 50}",30.160282434191412
B_FriedmanDrift_GSG,S5_CONTINUAL_BACKPROP,1,"{""learning_rate"": 0.001, ""replacement_rate"": 0.0001, ""maturity_threshold"": 100}",30.198384541654836
B_FriedmanDrift_GSG,S5_CONTINUAL_BACKPROP,2,"{""learning_rate"": 0.001, ""replacement_rate"": 0.001, ""maturity_threshold"": 50}",30.201636668955135
B_FriedmanDrift_GSG,S5_CONTINUAL_BACKPROP,3,"{""learning_rate"": 0.001, ""replacement_rate"": 0.001, ""maturity_threshold"": 100}",30.162554869179377
B_FriedmanDrift_GSG,S5_CONTINUAL_BACKPROP,4,"{""learning_rate"": 0.005, ""replacement_rate"": 0.0001, ""maturity_threshold"": 50}",13.797810531763714
B_FriedmanDrift_GSG,S5_CONTINUAL_BACKPROP,5,"{""learning_rate"": 0.005, ""replacement_rate"": 0.0001, ""maturity_threshold"": 100}",13.796641117324285
B_FriedmanDrift_GSG,S5_CONTINUAL_BACKPROP,6,"{""learning_rate"": 0.005, ""replacement_rate"": 0.001, ""maturity_threshold"": 50}",13.798911004236793
B_FriedmanDrift_GSG,S5_CONTINUAL_BACKPROP,7,"{""learning_rate"": 0.005, ""replacement_rate"": 0.001, ""maturity_threshold"": 100}",13.800142716843887
B_FriedmanDrift_GSG,S5_CONTINUAL_BACKPROP,8,"{""learning_rate"": 0.01, ""replacement_rate"": 0.0001, ""maturity_threshold"": 50}",10.73184922474004
B_FriedmanDrift_GSG,S5_CONTINUAL_BACKPROP,9,"{""learning_rate"": 0.01, ""replacement_rate"": 0.0001, ""maturity_threshold"": 100}",10.734284094566723
B_FriedmanDrift_GSG,S5_CONTINUAL_BACKPROP,10,"{""learning_rate"": 0.01, ""replacement_rate"": 0.001, ""maturity_threshold"": 50}",10.73295269064088
B_FriedmanDrift_GSG,S5_CONTINUAL_BACKPROP,11,"{""learning_rate"": 0.01, ""replacement_rate"": 0.001, ""maturity_threshold"": 100}",10.733983664118943
B_FriedmanDrift_GSG,S5_CONTINUAL_BACKPROP,12,"{""learning_rate"": 0.03, ""replacement_rate"": 0.0001, ""maturity_threshold"": 50}",8.723825212186933
B_FriedmanDrift_GSG,S5_CONTINUAL_BACKPROP,13,"{""learning_rate"": 0.03, ""replacement_rate"": 0.0001, ""maturity_threshold"": 100}",8.721610440848243
B_FriedmanDrift_GSG,S5_CONTINUAL_BACKPROP,14,"{""learning_rate"": 0.03, ""replacement_rate"": 0.001, ""maturity_threshold"": 50}",8.723460249548706
B_FriedmanDrift_GSG,S5_CONTINUAL_BACKPROP,15,"{""learning_rate"": 0.03, ""replacement_rate"": 0.001, ""maturity_threshold"": 100}",8.724498700138914
B_FriedmanDrift_GSG,C1_CURRENT_ONLY_LINEAR,0,"{""learning_rate"": 0.001}",30.169763624470466
B_FriedmanDrift_GSG,C1_CURRENT_ONLY_LINEAR,1,"{""learning_rate"": 0.003}",17.27368619551947
B_FriedmanDrift_GSG,C1_CURRENT_ONLY_LINEAR,2,"{""learning_rate"": 0.01}",10.732463330607734
B_FriedmanDrift_GSG,C1_CURRENT_ONLY_LINEAR,3,"{""learning_rate"": 0.03}",8.723533238287038
B_FriedmanDrift_GSG,C2_NLMS,0,"{""step_size"": 0.01}",16.727229902838783
B_FriedmanDrift_GSG,C2_NLMS,1,"{""step_size"": 0.05}",9.564127930171189
B_FriedmanDrift_GSG,C2_NLMS,2,"{""step_size"": 0.1}",8.719877295631095
B_FriedmanDrift_GSG,C2_NLMS,3,"{""step_size"": 0.2}",8.623662799246668
B_FriedmanDrift_GSG,C3_RLS,0,"{""forgetting_factor"": 0.99}",7.706066593546645
B_FriedmanDrift_GSG,C3_RLS,1,"{""forgetting_factor"": 0.995}",7.559216676892973
B_FriedmanDrift_GSG,C3_RLS,2,"{""forgetting_factor"": 0.999}",7.714070273172699
B_FriedmanDrift_GSG,C3_RLS,3,"{""forgetting_factor"": 1.0}",8.057906287862835
B_FriedmanDrift_GSG,C4_FIXED_LAG_LINEAR,0,"{""max_lag"": 4, ""learning_rate"": 0.001}",70.2181188855004
B_FriedmanDrift_GSG,C4_FIXED_LAG_LINEAR,1,"{""max_lag"": 4, ""learning_rate"": 0.01}",38.26003040700119
B_FriedmanDrift_GSG,C4_FIXED_LAG_LINEAR,2,"{""max_lag"": 8, ""learning_rate"": 0.001}",48.02578566054035
B_FriedmanDrift_GSG,C4_FIXED_LAG_LINEAR,3,"{""max_lag"": 8, ""learning_rate"": 0.01}",30.290900081707875
B_FriedmanDrift_GSG,C4_FIXED_LAG_LINEAR,4,"{""max_lag"": 16, ""learning_rate"": 0.001}",36.30878725130695
B_FriedmanDrift_GSG,C4_FIXED_LAG_LINEAR,5,"{""max_lag"": 16, ""learning_rate"": 0.01}",26.150119181018365
B_FriedmanDrift_GSG,C4_FIXED_LAG_LINEAR,6,"{""max_lag"": 32, ""learning_rate"": 0.001}",30.765696762104643
B_FriedmanDrift_GSG,C4_FIXED_LAG_LINEAR,7,"{""max_lag"": 32, ""learning_rate"": 0.01}",24.45115444228657
B_FriedmanDrift_GSG,IPNLMS,0,"{""mu"": 0.1}",8.76851844410814
B_FriedmanDrift_GSG,IPNLMS,1,"{""mu"": 0.5}",9.513873933769677
B_Planes2D,B1_RZA_LMS,0,"{""learning_rate"": 0.001, ""rho_zero_attraction"": 1e-06, ""epsilon_reweight"": 10.0}",8.308233396601294
B_Planes2D,B1_RZA_LMS,1,"{""learning_rate"": 0.001, ""rho_zero_attraction"": 1e-05, ""epsilon_reweight"": 10.0}",8.313717809932324
B_Planes2D,B1_RZA_LMS,2,"{""learning_rate"": 0.001, ""rho_zero_attraction"": 0.0001, ""epsilon_reweight"": 10.0}",8.37373601546051
B_Planes2D,B1_RZA_LMS,3,"{""learning_rate"": 0.001, ""rho_zero_attraction"": 0.001, ""epsilon_reweight"": 10.0}",9.721157106212154
B_Planes2D,B1_RZA_LMS,4,"{""learning_rate"": 0.003, ""rho_zero_attraction"": 1e-06, ""epsilon_reweight"": 10.0}",6.583354473697523
B_Planes2D,B1_RZA_LMS,5,"{""learning_rate"": 0.003, ""rho_zero_attraction"": 1e-05, ""epsilon_reweight"": 10.0}",6.583744183528114
B_Planes2D,B1_RZA_LMS,6,"{""learning_rate"": 0.003, ""rho_zero_attraction"": 0.0001, ""epsilon_reweight"": 10.0}",6.588095016027661
B_Planes2D,B1_RZA_LMS,7,"{""learning_rate"": 0.003, ""rho_zero_attraction"": 0.001, ""epsilon_reweight"": 10.0}",6.685879327724145
B_Planes2D,B1_RZA_LMS,8,"{""learning_rate"": 0.01, ""rho_zero_attraction"": 1e-06, ""epsilon_reweight"": 10.0}",6.086624349281095
B_Planes2D,B1_RZA_LMS,9,"{""learning_rate"": 0.01, ""rho_zero_attraction"": 1e-05, ""epsilon_reweight"": 10.0}",6.086582989466799
B_Planes2D,B1_RZA_LMS,10,"{""learning_rate"": 0.01, ""rho_zero_attraction"": 0.0001, ""epsilon_reweight"": 10.0}",6.086202838794509
B_Planes2D,B1_RZA_LMS,11,"{""learning_rate"": 0.01, ""rho_zero_attraction"": 0.001, ""epsilon_reweight"": 10.0}",6.085335766353995
B_Planes2D,B1_RZA_LMS,12,"{""learning_rate"": 0.03, ""rho_zero_attraction"": 1e-06, ""epsilon_reweight"": 10.0}",6.357831154605214
B_Planes2D,B1_RZA_LMS,13,"{""learning_rate"": 0.03, ""rho_zero_attraction"": 1e-05, ""epsilon_reweight"": 10.0}",6.357784493906686
B_Planes2D,B1_RZA_LMS,14,"{""learning_rate"": 0.03, ""rho_zero_attraction"": 0.0001, ""epsilon_reweight"": 10.0}",6.3573202218756535
B_Planes2D,B1_RZA_LMS,15,"{""learning_rate"": 0.03, ""rho_zero_attraction"": 0.001, ""epsilon_reweight"": 10.0}",6.352924602278947
B_Planes2D,B2_CCN,0,"{""readout_lr"": 0.001, ""recurrent_lr"": 0.0001, ""max_columns"": 1}",8.306133646402015
B_Planes2D,B2_CCN,1,"{""readout_lr"": 0.001, ""recurrent_lr"": 0.0001, ""max_columns"": 2}",8.306410208977207
B_Planes2D,B2_CCN,2,"{""readout_lr"": 0.001, ""recurrent_lr"": 0.001, ""max_columns"": 1}",8.305635614511328
B_Planes2D,B2_CCN,3,"{""readout_lr"": 0.001, ""recurrent_lr"": 0.001, ""max_columns"": 2}",8.305992855324059
B_Planes2D,B2_CCN,4,"{""readout_lr"": 0.003, ""recurrent_lr"": 0.0001, ""max_columns"": 1}",6.583278584274204
B_Planes2D,B2_CCN,5,"{""readout_lr"": 0.003, ""recurrent_lr"": 0.0001, ""max_columns"": 2}",6.5843893490119845
B_Planes2D,B2_CCN,6,"{""readout_lr"": 0.003, ""recurrent_lr"": 0.001, ""max_columns"": 1}",6.583402560710167
B_Planes2D,B2_CCN,7,"{""readout_lr"": 0.003, ""recurrent_lr"": 0.001, ""max_columns"": 2}",6.5843937489075985
B_Planes2D,B2_CCN,8,"{""readout_lr"": 0.01, ""recurrent_lr"": 0.0001, ""max_columns"": 1}",6.094240492663431
B_Planes2D,B2_CCN,9,"{""readout_lr"": 0.01, ""recurrent_lr"": 0.0001, ""max_columns"": 2}",6.097048158335865
B_Planes2D,B2_CCN,10,"{""readout_lr"": 0.01, ""recurrent_lr"": 0.001, ""max_columns"": 1}",6.094292265294562
B_Planes2D,B2_CCN,11,"{""readout_lr"": 0.01, ""recurrent_lr"": 0.001, ""max_columns"": 2}",6.097042083004889
B_Planes2D,B2_CCN,12,"{""readout_lr"": 0.03, ""recurrent_lr"": 0.0001, ""max_columns"": 1}",6.382915987860294
B_Planes2D,B2_CCN,13,"{""readout_lr"": 0.03, ""recurrent_lr"": 0.0001, ""max_columns"": 2}",6.391375895233136
B_Planes2D,B2_CCN,14,"{""readout_lr"": 0.03, ""recurrent_lr"": 0.001, ""max_columns"": 1}",6.383155091810397
B_Planes2D,B2_CCN,15,"{""readout_lr"": 0.03, ""recurrent_lr"": 0.001, ""max_columns"": 2}",6.391678599921293
B_Planes2D,B3_MUSE_RNN,0,"{""learning_rate"": 0.001, ""growth_multiplier"": 1.5, ""pruning_threshold"": 0.001}",19.65151694011152
B_Planes2D,B3_MUSE_RNN,1,"{""learning_rate"": 0.001, ""growth_multiplier"": 1.5, ""pruning_threshold"": 0.01}",19.65131689155677
B_Planes2D,B3_MUSE_RNN,2,"{""learning_rate"": 0.001, ""growth_multiplier"": 2.5, ""pruning_threshold"": 0.001}",19.65182162486315
B_Planes2D,B3_MUSE_RNN,3,"{""learning_rate"": 0.001, ""growth_multiplier"": 2.5, ""pruning_threshold"": 0.01}",19.651054394837654
B_Planes2D,B3_MUSE_RNN,4,"{""learning_rate"": 0.003, ""growth_multiplier"": 1.5, ""pruning_threshold"": 0.001}",19.652105792846054
B_Planes2D,B3_MUSE_RNN,5,"{""learning_rate"": 0.003, ""growth_multiplier"": 1.5, ""pruning_threshold"": 0.01}",19.65208336671459
B_Planes2D,B3_MUSE_RNN,6,"{""learning_rate"": 0.003, ""growth_multiplier"": 2.5, ""pruning_threshold"": 0.001}",19.65238732934907
B_Planes2D,B3_MUSE_RNN,7,"{""learning_rate"": 0.003, ""growth_multiplier"": 2.5, ""pruning_threshold"": 0.01}",19.653017776653613
B_Planes2D,B3_MUSE_RNN,8,"{""learning_rate"": 0.01, ""growth_multiplier"": 1.5, ""pruning_threshold"": 0.001}",19.657153030711154
B_Planes2D,B3_MUSE_RNN,9,"{""learning_rate"": 0.01, ""growth_multiplier"": 1.5, ""pruning_threshold"": 0.01}",19.675582826190904
B_Planes2D,B3_MUSE_RNN,10,"{""learning_rate"": 0.01, ""growth_multiplier"": 2.5, ""pruning_threshold"": 0.001}",19.659702914157723
B_Planes2D,B3_MUSE_RNN,11,"{""learning_rate"": 0.01, ""growth_multiplier"": 2.5, ""pruning_threshold"": 0.01}",19.673651841177236
B_Planes2D,B3_MUSE_RNN,12,"{""learning_rate"": 0.03, ""growth_multiplier"": 1.5, ""pruning_threshold"": 0.001}",20.021434341315643
B_Planes2D,B3_MUSE_RNN,13,"{""learning_rate"": 0.03, ""growth_multiplier"": 1.5, ""pruning_threshold"": 0.01}",19.798312926747386
B_Planes2D,B3_MUSE_RNN,14,"{""learning_rate"": 0.03, ""growth_multiplier"": 2.5, ""pruning_threshold"": 0.001}",19.852902156326863
B_Planes2D,B3_MUSE_RNN,15,"{""learning_rate"": 0.03, ""growth_multiplier"": 2.5, ""pruning_threshold"": 0.01}",19.82879775626944
B_Planes2D,B4_MINIMAL_GRU,0,"{""learning_rate"": 0.0001, ""weight_decay"": 0.9}",19.65155430578093
B_Planes2D,B4_MINIMAL_GRU,1,"{""learning_rate"": 0.0001, ""weight_decay"": 0.95}",19.651554890468372
B_Planes2D,B4_MINIMAL_GRU,2,"{""learning_rate"": 0.0001, ""weight_decay"": 0.99}",19.651411082438774
B_Planes2D,B4_MINIMAL_GRU,3,"{""learning_rate"": 0.0001, ""weight_decay"": 0.999}",19.651582040797013
B_Planes2D,B4_MINIMAL_GRU,4,"{""learning_rate"": 0.001, ""weight_decay"": 0.9}",19.651434710429104
B_Planes2D,B4_MINIMAL_GRU,5,"{""learning_rate"": 0.001, ""weight_decay"": 0.95}",19.651334311211517
B_Planes2D,B4_MINIMAL_GRU,6,"{""learning_rate"": 0.001, ""weight_decay"": 0.99}",19.650127617952478
B_Planes2D,B4_MINIMAL_GRU,7,"{""learning_rate"": 0.001, ""weight_decay"": 0.999}",19.627961381409246
B_Planes2D,B4_MINIMAL_GRU,8,"{""learning_rate"": 0.003, ""weight_decay"": 0.9}",19.651159984625767
B_Planes2D,B4_MINIMAL_GRU,9,"{""learning_rate"": 0.003, ""weight_decay"": 0.95}",19.65052149820116
B_Planes2D,B4_MINIMAL_GRU,10,"{""learning_rate"": 0.003, ""weight_decay"": 0.99}",19.630625416044527
B_Planes2D,B4_MINIMAL_GRU,11,"{""learning_rate"": 0.003, ""weight_decay"": 0.999}",17.34966336014043
B_Planes2D,B4_MINIMAL_GRU,12,"{""learning_rate"": 0.01, ""weight_decay"": 0.9}",19.64160776112389
B_Planes2D,B4_MINIMAL_GRU,13,"{""learning_rate"": 0.01, ""weight_decay"": 0.95}",19.32388395041756
B_Planes2D,B4_MINIMAL_GRU,14,"{""learning_rate"": 0.01, ""weight_decay"": 0.99}",14.21826327692319
B_Planes2D,B4_MINIMAL_GRU,15,"{""learning_rate"": 0.01, ""weight_decay"": 0.999}",18.249747591091193
B_Planes2D,B5_ONLINE_ESN,0,"{""reservoir_size"": 10, ""spectral_radius"": 0.85, ""leak_rate"": 0.3, ""readout_lr"": 0.001}",19.416947475755787
B_Planes2D,B5_ONLINE_ESN,1,"{""reservoir_size"": 10, ""spectral_radius"": 0.85, ""leak_rate"": 0.3, ""readout_lr"": 0.01}",17.978849882530834
B_Planes2D,B5_ONLINE_ESN,2,"{""reservoir_size"": 10, ""spectral_radius"": 0.85, ""leak_rate"": 0.7, ""readout_lr"": 0.001}",18.574481988947912
B_Planes2D,B5_ONLINE_ESN,3,"{""reservoir_size"": 10, ""spectral_radius"": 0.85, ""leak_rate"": 0.7, ""readout_lr"": 0.01}",14.910222810095368
B_Planes2D,B5_ONLINE_ESN,4,"{""reservoir_size"": 10, ""spectral_radius"": 0.95, ""leak_rate"": 0.3, ""readout_lr"": 0.001}",19.418228861273633
B_Planes2D,B5_ONLINE_ESN,5,"{""reservoir_size"": 10, ""spectral_radius"": 0.95, ""leak_rate"": 0.3, ""readout_lr"": 0.01}",17.99854541185435
B_Planes2D,B5_ONLINE_ESN,6,"{""reservoir_size"": 10, ""spectral_radius"": 0.95, ""leak_rate"": 0.7, ""readout_lr"": 0.001}",18.607899944116134
B_Planes2D,B5_ONLINE_ESN,7,"{""reservoir_size"": 10, ""spectral_radius"": 0.95, ""leak_rate"": 0.7, ""readout_lr"": 0.01}",15.116179733688798
B_Planes2D,B5_ONLINE_ESN,8,"{""reservoir_size"": 20, ""spectral_radius"": 0.85, ""leak_rate"": 0.3, ""readout_lr"": 0.001}",19.14505450955315
B_Planes2D,B5_ONLINE_ESN,9,"{""reservoir_size"": 20, ""spectral_radius"": 0.85, ""leak_rate"": 0.3, ""readout_lr"": 0.01}",16.709804968754312
B_Planes2D,B5_ONLINE_ESN,10,"{""reservoir_size"": 20, ""spectral_radius"": 0.85, ""leak_rate"": 0.7, ""readout_lr"": 0.001}",17.480442427583803
B_Planes2D,B5_ONLINE_ESN,11,"{""reservoir_size"": 20, ""spectral_radius"": 0.85, ""leak_rate"": 0.7, ""readout_lr"": 0.01}",12.051908749957626
B_Planes2D,B5_ONLINE_ESN,12,"{""reservoir_size"": 20, ""spectral_radius"": 0.95, ""leak_rate"": 0.3, ""readout_lr"": 0.001}",19.155468081841725
B_Planes2D,B5_ONLINE_ESN,13,"{""reservoir_size"": 20, ""spectral_radius"": 0.95, ""leak_rate"": 0.3, ""readout_lr"": 0.01}",16.781383822892057
B_Planes2D,B5_ONLINE_ESN,14,"{""reservoir_size"": 20, ""spectral_radius"": 0.95, ""leak_rate"": 0.7, ""readout_lr"": 0.001}",17.571276874472556
B_Planes2D,B5_ONLINE_ESN,15,"{""reservoir_size"": 20, ""spectral_radius"": 0.95, ""leak_rate"": 0.7, ""readout_lr"": 0.01}",12.303673072808579
B_Planes2D,S1_VARIABLE_TAP_LMS,0,"{""learning_rate"": 0.001, ""tap_leakage"": 0.0001}",12.280155055273488
B_Planes2D,S1_VARIABLE_TAP_LMS,1,"{""learning_rate"": 0.001, ""tap_leakage"": 0.001}",13.803915624504958
B_Planes2D,S1_VARIABLE_TAP_LMS,2,"{""learning_rate"": 0.001, ""tap_leakage"": 0.01}",18.122555073640854
B_Planes2D,S1_VARIABLE_TAP_LMS,3,"{""learning_rate"": 0.001, ""tap_leakage"": 0.1}",19.471621323145822
B_Planes2D,S1_VARIABLE_TAP_LMS,4,"{""learning_rate"": 0.003, ""tap_leakage"": 0.0001}",11.470278933317788
B_Planes2D,S1_VARIABLE_TAP_LMS,5,"{""learning_rate"": 0.003, ""tap_leakage"": 0.001}",11.927181525028347
B_Planes2D,S1_VARIABLE_TAP_LMS,6,"{""learning_rate"": 0.003, ""tap_leakage"": 0.01}",16.145603799660744
B_Planes2D,S1_VARIABLE_TAP_LMS,7,"{""learning_rate"": 0.003, ""tap_leakage"": 0.1}",19.128500422185983
B_Planes2D,S1_VARIABLE_TAP_LMS,8,"{""learning_rate"": 0.01, ""tap_leakage"": 0.0001}",12.570730146213387
B_Planes2D,S1_VARIABLE_TAP_LMS,9,"{""learning_rate"": 0.01, ""tap_leakage"": 0.001}",12.493323984527164
B_Planes2D,S1_VARIABLE_TAP_LMS,10,"{""learning_rate"": 0.01, ""tap_leakage"": 0.01}",13.994494501142688
B_Planes2D,S1_VARIABLE_TAP_LMS,11,"{""learning_rate"": 0.01, ""tap_leakage"": 0.1}",18.30521818882414
B_Planes2D,S1_VARIABLE_TAP_LMS,12,"{""learning_rate"": 0.03, ""tap_leakage"": 0.0001}",19.232183070151248
B_Planes2D,S1_VARIABLE_TAP_LMS,13,"{""learning_rate"": 0.03, ""tap_leakage"": 0.001}",18.831039154897997
B_Planes2D,S1_VARIABLE_TAP_LMS,14,"{""learning_rate"": 0.03, ""tap_leakage"": 0.01}",16.91489398765889
B_Planes2D,S1_VARIABLE_TAP_LMS,15,"{""learning_rate"": 0.03, ""tap_leakage"": 0.1}",17.787664773924064
B_Planes2D,S2_LRU_STREAM,0,"{""state_lr"": 0.001, ""readout_lr"": 0.001, ""state_decay"": 0.9}",8.30121399640151
B_Planes2D,S2_LRU_STREAM,1,"{""state_lr"": 0.001, ""readout_lr"": 0.001, ""state_decay"": 0.98}",8.321841624883215
B_Planes2D,S2_LRU_STREAM,2,"{""state_lr"": 0.001, ""readout_lr"": 0.003, ""state_decay"": 0.9}",6.586359165931988
B_Planes2D,S2_LRU_STREAM,3,"{""state_lr"": 0.001, ""readout_lr"": 0.003, ""state_decay"": 0.98}",6.590291485094352
B_Planes2D,S2_LRU_STREAM,4,"{""state_lr"": 0.001, ""readout_lr"": 0.01, ""state_decay"": 0.9}",6.091283422691234
B_Planes2D,S2_LRU_STREAM,5,"{""state_lr"": 0.001, ""readout_lr"": 0.01, ""state_decay"": 0.98}",6.100140919060812
B_Planes2D,S2_LRU_STREAM,6,"{""state_lr"": 0.001, ""readout_lr"": 0.03, ""state_decay"": 0.9}",6.369717825382414
B_Planes2D,S2_LRU_STREAM,7,"{""state_lr"": 0.001, ""readout_lr"": 0.03, ""state_decay"": 0.98}",6.445451892914318
B_Planes2D,S2_LRU_STREAM,8,"{""state_lr"": 0.01, ""readout_lr"": 0.001, ""state_decay"": 0.9}",8.599552979251555
B_Planes2D,S2_LRU_STREAM,9,"{""state_lr"": 0.01, ""readout_lr"": 0.001, ""state_decay"": 0.98}",8.851809588632142
B_Planes2D,S2_LRU_STREAM,10,"{""state_lr"": 0.01, ""readout_lr"": 0.003, ""state_decay"": 0.9}",6.899336056852917
B_Planes2D,S2_LRU_STREAM,11,"{""state_lr"": 0.01, ""readout_lr"": 0.003, ""state_decay"": 0.98}",inf
B_Planes2D,S2_LRU_STREAM,12,"{""state_lr"": 0.01, ""readout_lr"": 0.01, ""state_decay"": 0.9}",inf
B_Planes2D,S2_LRU_STREAM,13,"{""state_lr"": 0.01, ""readout_lr"": 0.01, ""state_decay"": 0.98}",inf
B_Planes2D,S2_LRU_STREAM,14,"{""state_lr"": 0.01, ""readout_lr"": 0.03, ""state_decay"": 0.9}",inf
B_Planes2D,S2_LRU_STREAM,15,"{""state_lr"": 0.01, ""readout_lr"": 0.03, ""state_decay"": 0.98}",inf
B_Planes2D,S3_RSONN,0,"{""learning_rate"": 0.001, ""growth_threshold"": 0.05, ""pruning_threshold"": 0.001}",19.601514135868307
B_Planes2D,S3_RSONN,1,"{""learning_rate"": 0.001, ""growth_threshold"": 0.05, ""pruning_threshold"": 0.005}",19.60780846724711
B_Planes2D,S3_RSONN,2,"{""learning_rate"": 0.001, ""growth_threshold"": 0.1, ""pruning_threshold"": 0.001}",19.60927519241704
B_Planes2D,S3_RSONN,3,"{""learning_rate"": 0.001, ""growth_threshold"": 0.1, ""pruning_threshold"": 0.005}",19.6026194608206
B_Planes2D,S3_RSONN,4,"{""learning_rate"": 0.005, ""growth_threshold"": 0.05, ""pruning_threshold"": 0.001}",13.110244051554874
B_Planes2D,S3_RSONN,5,"{""learning_rate"": 0.005, ""growth_threshold"": 0.05, ""pruning_threshold"": 0.005}",13.393315426863746
B_Planes2D,S3_RSONN,6,"{""learning_rate"": 0.005, ""growth_threshold"": 0.1, ""pruning_threshold"": 0.001}",13.030850340736707
B_Planes2D,S3_RSONN,7,"{""learning_rate"": 0.005, ""growth_threshold"": 0.1, ""pruning_threshold"": 0.005}",11.788711947882765
B_Planes2D,S3_RSONN,8,"{""learning_rate"": 0.01, ""growth_threshold"": 0.05, ""pruning_threshold"": 0.001}",8.122664093723907
B_Planes2D,S3_RSONN,9,"{""learning_rate"": 0.01, ""growth_threshold"": 0.05, ""pruning_threshold"": 0.005}",8.429578088347563
B_Planes2D,S3_RSONN,10,"{""learning_rate"": 0.01, ""growth_threshold"": 0.1, ""pruning_threshold"": 0.001}",8.813538624404963
B_Planes2D,S3_RSONN,11,"{""learning_rate"": 0.01, ""growth_threshold"": 0.1, ""pruning_threshold"": 0.005}",8.384363765665073
B_Planes2D,S3_RSONN,12,"{""learning_rate"": 0.02, ""growth_threshold"": 0.05, ""pruning_threshold"": 0.001}",6.173427684924658
B_Planes2D,S3_RSONN,13,"{""learning_rate"": 0.02, ""growth_threshold"": 0.05, ""pruning_threshold"": 0.005}",5.8809807649708645
B_Planes2D,S3_RSONN,14,"{""learning_rate"": 0.02, ""growth_threshold"": 0.1, ""pruning_threshold"": 0.001}",5.259409728588963
B_Planes2D,S3_RSONN,15,"{""learning_rate"": 0.02, ""growth_threshold"": 0.1, ""pruning_threshold"": 0.005}",5.5969794789865235
B_Planes2D,S4_ACESN,0,"{""reservoir_size"": 20, ""spectral_radius"": 0.85, ""compression_ratio"": 0.25, ""readout_lr"": 0.001}",16.36132179988961
B_Planes2D,S4_ACESN,1,"{""reservoir_size"": 20, ""spectral_radius"": 0.85, ""compression_ratio"": 0.25, ""readout_lr"": 0.01}",11.391259592807222
B_Planes2D,S4_ACESN,2,"{""reservoir_size"": 20, ""spectral_radius"": 0.85, ""compression_ratio"": 0.5, ""readout_lr"": 0.001}",16.357146731718064
B_Planes2D,S4_ACESN,3,"{""reservoir_size"": 20, ""spectral_radius"": 0.85, ""compression_ratio"": 0.5, ""readout_lr"": 0.01}",11.377938993048533
B_Planes2D,S4_ACESN,4,"{""reservoir_size"": 20, ""spectral_radius"": 0.95, ""compression_ratio"": 0.25, ""readout_lr"": 0.001}",16.611956992711182
B_Planes2D,S4_ACESN,5,"{""reservoir_size"": 20, ""spectral_radius"": 0.95, ""compression_ratio"": 0.25, ""readout_lr"": 0.01}",11.887535236027995
B_Planes2D,S4_ACESN,6,"{""reservoir_size"": 20, ""spectral_radius"": 0.95, ""compression_ratio"": 0.5, ""readout_lr"": 0.001}",16.6076509750248
B_Planes2D,S4_ACESN,7,"{""reservoir_size"": 20, ""spectral_radius"": 0.95, ""compression_ratio"": 0.5, ""readout_lr"": 0.01}",11.872844835527118
B_Planes2D,S4_ACESN,8,"{""reservoir_size"": 40, ""spectral_radius"": 0.85, ""compression_ratio"": 0.25, ""readout_lr"": 0.001}",13.475724442402784
B_Planes2D,S4_ACESN,9,"{""reservoir_size"": 40, ""spectral_radius"": 0.85, ""compression_ratio"": 0.25, ""readout_lr"": 0.01}",8.499335714619773
B_Planes2D,S4_ACESN,10,"{""reservoir_size"": 40, ""spectral_radius"": 0.85, ""compression_ratio"": 0.5, ""readout_lr"": 0.001}",13.465491049685419
B_Planes2D,S4_ACESN,11,"{""reservoir_size"": 40, ""spectral_radius"": 0.85, ""compression_ratio"": 0.5, ""readout_lr"": 0.01}",8.487510942996437
B_Planes2D,S4_ACESN,12,"{""reservoir_size"": 40, ""spectral_radius"": 0.95, ""compression_ratio"": 0.25, ""readout_lr"": 0.001}",13.806455068707534
B_Planes2D,S4_ACESN,13,"{""reservoir_size"": 40, ""spectral_radius"": 0.95, ""compression_ratio"": 0.25, ""readout_lr"": 0.01}",8.92575026750133
B_Planes2D,S4_ACESN,14,"{""reservoir_size"": 40, ""spectral_radius"": 0.95, ""compression_ratio"": 0.5, ""readout_lr"": 0.001}",13.798884318589813
B_Planes2D,S4_ACESN,15,"{""reservoir_size"": 40, ""spectral_radius"": 0.95, ""compression_ratio"": 0.5, ""readout_lr"": 0.01}",8.914225553513148
B_Planes2D,S5_CONTINUAL_BACKPROP,0,"{""learning_rate"": 0.001, ""replacement_rate"": 0.0001, ""maturity_threshold"": 50}",8.316826881841179
B_Planes2D,S5_CONTINUAL_BACKPROP,1,"{""learning_rate"": 0.001, ""replacement_rate"": 0.0001, ""maturity_threshold"": 100}",8.308052341284212
B_Planes2D,S5_CONTINUAL_BACKPROP,2,"{""learning_rate"": 0.001, ""replacement_rate"": 0.001, ""maturity_threshold"": 50}",8.312796989815071
B_Planes2D,S5_CONTINUAL_BACKPROP,3,"{""learning_rate"": 0.001, ""replacement_rate"": 0.001, ""maturity_threshold"": 100}",8.304407220090281
B_Planes2D,S5_CONTINUAL_BACKPROP,4,"{""learning_rate"": 0.005, ""replacement_rate"": 0.0001, ""maturity_threshold"": 50}",6.264197787237471
B_Planes2D,S5_CONTINUAL_BACKPROP,5,"{""learning_rate"": 0.005, ""replacement_rate"": 0.0001, ""maturity_threshold"": 100}",6.258606709846444
B_Planes2D,S5_CONTINUAL_BACKPROP,6,"{""learning_rate"": 0.005, ""replacement_rate"": 0.001, ""maturity_threshold"": 50}",6.260256520551863
B_Planes2D,S5_CONTINUAL_BACKPROP,7,"{""learning_rate"": 0.005, ""replacement_rate"": 0.001, ""maturity_threshold"": 100}",6.2597955043603735
B_Planes2D,S5_CONTINUAL_BACKPROP,8,"{""learning_rate"": 0.01, ""replacement_rate"": 0.0001, ""maturity_threshold"": 50}",6.08592950151576
B_Planes2D,S5_CONTINUAL_BACKPROP,9,"{""learning_rate"": 0.01, ""replacement_rate"": 0.0001, ""maturity_threshold"": 100}",6.085324431757303
B_Planes2D,S5_CONTINUAL_BACKPROP,10,"{""learning_rate"": 0.01, ""replacement_rate"": 0.001, ""maturity_threshold"": 50}",6.086214671958939
B_Planes2D,S5_CONTINUAL_BACKPROP,11,"{""learning_rate"": 0.01, ""replacement_rate"": 0.001, ""maturity_threshold"": 100}",6.086114004729862
B_Planes2D,S5_CONTINUAL_BACKPROP,12,"{""learning_rate"": 0.03, ""replacement_rate"": 0.0001, ""maturity_threshold"": 50}",6.3579750366806165
B_Planes2D,S5_CONTINUAL_BACKPROP,13,"{""learning_rate"": 0.03, ""replacement_rate"": 0.0001, ""maturity_threshold"": 100}",6.358003100100665
B_Planes2D,S5_CONTINUAL_BACKPROP,14,"{""learning_rate"": 0.03, ""replacement_rate"": 0.001, ""maturity_threshold"": 50}",6.358131652999408
B_Planes2D,S5_CONTINUAL_BACKPROP,15,"{""learning_rate"": 0.03, ""replacement_rate"": 0.001, ""maturity_threshold"": 100}",6.357726345528575
B_Planes2D,C1_CURRENT_ONLY_LINEAR,0,"{""learning_rate"": 0.001}",8.307629792026132
B_Planes2D,C1_CURRENT_ONLY_LINEAR,1,"{""learning_rate"": 0.003}",6.583311818289761
B_Planes2D,C1_CURRENT_ONLY_LINEAR,2,"{""learning_rate"": 0.01}",6.08662894755851
B_Planes2D,C1_CURRENT_ONLY_LINEAR,3,"{""learning_rate"": 0.03}",6.357836339276364
B_Planes2D,C2_NLMS,0,"{""step_size"": 0.01}",7.520118549525954
B_Planes2D,C2_NLMS,1,"{""step_size"": 0.05}",6.124144135510879
B_Planes2D,C2_NLMS,2,"{""step_size"": 0.1}",6.067903088161731
B_Planes2D,C2_NLMS,3,"{""step_size"": 0.2}",6.274738016783533
B_Planes2D,C3_RLS,0,"{""forgetting_factor"": 0.99}",5.966534766420686
B_Planes2D,C3_RLS,1,"{""forgetting_factor"": 0.995}",5.841354776569536
B_Planes2D,C3_RLS,2,"{""forgetting_factor"": 0.999}",5.764881095286238
B_Planes2D,C3_RLS,3,"{""forgetting_factor"": 1.0}",5.767683875184112
B_Planes2D,C4_FIXED_LAG_LINEAR,0,"{""max_lag"": 4, ""learning_rate"": 0.001}",12.160684331997444
B_Planes2D,C4_FIXED_LAG_LINEAR,1,"{""max_lag"": 4, ""learning_rate"": 0.01}",10.965465257642988
B_Planes2D,C4_FIXED_LAG_LINEAR,2,"{""max_lag"": 8, ""learning_rate"": 0.001}",12.182315531269877
B_Planes2D,C4_FIXED_LAG_LINEAR,3,"{""max_lag"": 8, ""learning_rate"": 0.01}",11.202354192498554
B_Planes2D,C4_FIXED_LAG_LINEAR,4,"{""max_lag"": 16, ""learning_rate"": 0.001}",12.21011479551826
B_Planes2D,C4_FIXED_LAG_LINEAR,5,"{""max_lag"": 16, ""learning_rate"": 0.01}",11.65801426204541
B_Planes2D,C4_FIXED_LAG_LINEAR,6,"{""max_lag"": 32, ""learning_rate"": 0.001}",12.306603983201489
B_Planes2D,C4_FIXED_LAG_LINEAR,7,"{""max_lag"": 32, ""learning_rate"": 0.01}",12.78535762783014
B_Planes2D,IPNLMS,0,"{""mu"": 0.1}",6.049838118328128
B_Planes2D,IPNLMS,1,"{""mu"": 0.5}",7.396338856478077
B_Mv,B1_RZA_LMS,0,"{""learning_rate"": 0.001, ""rho_zero_attraction"": 1e-06, ""epsilon_reweight"": 10.0}",inf
B_Mv,B1_RZA_LMS,1,"{""learning_rate"": 0.001, ""rho_zero_attraction"": 1e-05, ""epsilon_reweight"": 10.0}",inf
B_Mv,B1_RZA_LMS,2,"{""learning_rate"": 0.001, ""rho_zero_attraction"": 0.0001, ""epsilon_reweight"": 10.0}",inf
B_Mv,B1_RZA_LMS,3,"{""learning_rate"": 0.001, ""rho_zero_attraction"": 0.001, ""epsilon_reweight"": 10.0}",inf
B_Mv,B1_RZA_LMS,4,"{""learning_rate"": 0.003, ""rho_zero_attraction"": 1e-06, ""epsilon_reweight"": 10.0}",inf
B_Mv,B1_RZA_LMS,5,"{""learning_rate"": 0.003, ""rho_zero_attraction"": 1e-05, ""epsilon_reweight"": 10.0}",inf
B_Mv,B1_RZA_LMS,6,"{""learning_rate"": 0.003, ""rho_zero_attraction"": 0.0001, ""epsilon_reweight"": 10.0}",inf
B_Mv,B1_RZA_LMS,7,"{""learning_rate"": 0.003, ""rho_zero_attraction"": 0.001, ""epsilon_reweight"": 10.0}",inf
B_Mv,B1_RZA_LMS,8,"{""learning_rate"": 0.01, ""rho_zero_attraction"": 1e-06, ""epsilon_reweight"": 10.0}",inf
B_Mv,B1_RZA_LMS,9,"{""learning_rate"": 0.01, ""rho_zero_attraction"": 1e-05, ""epsilon_reweight"": 10.0}",inf
B_Mv,B1_RZA_LMS,10,"{""learning_rate"": 0.01, ""rho_zero_attraction"": 0.0001, ""epsilon_reweight"": 10.0}",inf
B_Mv,B1_RZA_LMS,11,"{""learning_rate"": 0.01, ""rho_zero_attraction"": 0.001, ""epsilon_reweight"": 10.0}",inf
B_Mv,B1_RZA_LMS,12,"{""learning_rate"": 0.03, ""rho_zero_attraction"": 1e-06, ""epsilon_reweight"": 10.0}",inf
B_Mv,B1_RZA_LMS,13,"{""learning_rate"": 0.03, ""rho_zero_attraction"": 1e-05, ""epsilon_reweight"": 10.0}",inf
B_Mv,B1_RZA_LMS,14,"{""learning_rate"": 0.03, ""rho_zero_attraction"": 0.0001, ""epsilon_reweight"": 10.0}",inf
B_Mv,B1_RZA_LMS,15,"{""learning_rate"": 0.03, ""rho_zero_attraction"": 0.001, ""epsilon_reweight"": 10.0}",inf
B_Mv,B2_CCN,0,"{""readout_lr"": 0.001, ""recurrent_lr"": 0.0001, ""max_columns"": 1}",inf
B_Mv,B2_CCN,1,"{""readout_lr"": 0.001, ""recurrent_lr"": 0.0001, ""max_columns"": 2}",inf
B_Mv,B2_CCN,2,"{""readout_lr"": 0.001, ""recurrent_lr"": 0.001, ""max_columns"": 1}",inf
B_Mv,B2_CCN,3,"{""readout_lr"": 0.001, ""recurrent_lr"": 0.001, ""max_columns"": 2}",inf
B_Mv,B2_CCN,4,"{""readout_lr"": 0.003, ""recurrent_lr"": 0.0001, ""max_columns"": 1}",inf
B_Mv,B2_CCN,5,"{""readout_lr"": 0.003, ""recurrent_lr"": 0.0001, ""max_columns"": 2}",inf
B_Mv,B2_CCN,6,"{""readout_lr"": 0.003, ""recurrent_lr"": 0.001, ""max_columns"": 1}",inf
B_Mv,B2_CCN,7,"{""readout_lr"": 0.003, ""recurrent_lr"": 0.001, ""max_columns"": 2}",inf
B_Mv,B2_CCN,8,"{""readout_lr"": 0.01, ""recurrent_lr"": 0.0001, ""max_columns"": 1}",inf
B_Mv,B2_CCN,9,"{""readout_lr"": 0.01, ""recurrent_lr"": 0.0001, ""max_columns"": 2}",inf
B_Mv,B2_CCN,10,"{""readout_lr"": 0.01, ""recurrent_lr"": 0.001, ""max_columns"": 1}",inf
B_Mv,B2_CCN,11,"{""readout_lr"": 0.01, ""recurrent_lr"": 0.001, ""max_columns"": 2}",inf
B_Mv,B2_CCN,12,"{""readout_lr"": 0.03, ""recurrent_lr"": 0.0001, ""max_columns"": 1}",inf
B_Mv,B2_CCN,13,"{""readout_lr"": 0.03, ""recurrent_lr"": 0.0001, ""max_columns"": 2}",inf
B_Mv,B2_CCN,14,"{""readout_lr"": 0.03, ""recurrent_lr"": 0.001, ""max_columns"": 1}",inf
B_Mv,B2_CCN,15,"{""readout_lr"": 0.03, ""recurrent_lr"": 0.001, ""max_columns"": 2}",inf
B_Mv,B3_MUSE_RNN,0,"{""learning_rate"": 0.001, ""growth_multiplier"": 1.5, ""pruning_threshold"": 0.001}",976.0689151688903
B_Mv,B3_MUSE_RNN,1,"{""learning_rate"": 0.001, ""growth_multiplier"": 1.5, ""pruning_threshold"": 0.01}",985.2879666961368
B_Mv,B3_MUSE_RNN,2,"{""learning_rate"": 0.001, ""growth_multiplier"": 2.5, ""pruning_threshold"": 0.001}",993.1752645758141
B_Mv,B3_MUSE_RNN,3,"{""learning_rate"": 0.001, ""growth_multiplier"": 2.5, ""pruning_threshold"": 0.01}",1005.8974844697113
B_Mv,B3_MUSE_RNN,4,"{""learning_rate"": 0.003, ""growth_multiplier"": 1.5, ""pruning_threshold"": 0.001}",938.9286712244487
B_Mv,B3_MUSE_RNN,5,"{""learning_rate"": 0.003, ""growth_multiplier"": 1.5, ""pruning_threshold"": 0.01}",948.3195854178351
B_Mv,B3_MUSE_RNN,6,"{""learning_rate"": 0.003, ""growth_multiplier"": 2.5, ""pruning_threshold"": 0.001}",926.0336790941202
B_Mv,B3_MUSE_RNN,7,"{""learning_rate"": 0.003, ""growth_multiplier"": 2.5, ""pruning_threshold"": 0.01}",940.5352219584433
B_Mv,B3_MUSE_RNN,8,"{""learning_rate"": 0.01, ""growth_multiplier"": 1.5, ""pruning_threshold"": 0.001}",950.2418257005551
B_Mv,B3_MUSE_RNN,9,"{""learning_rate"": 0.01, ""growth_multiplier"": 1.5, ""pruning_threshold"": 0.01}",946.9102217596125
B_Mv,B3_MUSE_RNN,10,"{""learning_rate"": 0.01, ""growth_multiplier"": 2.5, ""pruning_threshold"": 0.001}",951.0890469730294
B_Mv,B3_MUSE_RNN,11,"{""learning_rate"": 0.01, ""growth_multiplier"": 2.5, ""pruning_threshold"": 0.01}",949.5991773917209
B_Mv,B3_MUSE_RNN,12,"{""learning_rate"": 0.03, ""growth_multiplier"": 1.5, ""pruning_threshold"": 0.001}",998.3745236613998
B_Mv,B3_MUSE_RNN,13,"{""learning_rate"": 0.03, ""growth_multiplier"": 1.5, ""pruning_threshold"": 0.01}",996.5738778182158
B_Mv,B3_MUSE_RNN,14,"{""learning_rate"": 0.03, ""growth_multiplier"": 2.5, ""pruning_threshold"": 0.001}",996.5287272592642
B_Mv,B3_MUSE_RNN,15,"{""learning_rate"": 0.03, ""growth_multiplier"": 2.5, ""pruning_threshold"": 0.01}",985.9550303882623
B_Mv,B4_MINIMAL_GRU,0,"{""learning_rate"": 0.0001, ""weight_decay"": 0.9}",1148.4427973298618
B_Mv,B4_MINIMAL_GRU,1,"{""learning_rate"": 0.0001, ""weight_decay"": 0.95}",1148.1914627747435
B_Mv,B4_MINIMAL_GRU,2,"{""learning_rate"": 0.0001, ""weight_decay"": 0.99}",1122.7081920620383
B_Mv,B4_MINIMAL_GRU,3,"{""learning_rate"": 0.0001, ""weight_decay"": 0.999}",1093.7468839078126
B_Mv,B4_MINIMAL_GRU,4,"{""learning_rate"": 0.001, ""weight_decay"": 0.9}",981.2574788669972
B_Mv,B4_MINIMAL_GRU,5,"{""learning_rate"": 0.001, ""weight_decay"": 0.95}",968.8242103703275
B_Mv,B4_MINIMAL_GRU,6,"{""learning_rate"": 0.001, ""weight_decay"": 0.99}",1003.2237565544283
B_Mv,B4_MINIMAL_GRU,7,"{""learning_rate"": 0.001, ""weight_decay"": 0.999}",1084.6082863926272
B_Mv,B4_MINIMAL_GRU,8,"{""learning_rate"": 0.003, ""weight_decay"": 0.9}",1019.0767737289874
B_Mv,B4_MINIMAL_GRU,9,"{""learning_rate"": 0.003, ""weight_decay"": 0.95}",1023.5931278610561
B_Mv,B4_MINIMAL_GRU,10,"{""learning_rate"": 0.003, ""weight_decay"": 0.99}",995.3141900166064
B_Mv,B4_MINIMAL_GRU,11,"{""learning_rate"": 0.003, ""weight_decay"": 0.999}",1077.4951368187612
B_Mv,B4_MINIMAL_GRU,12,"{""learning_rate"": 0.01, ""weight_decay"": 0.9}",937.205007486601
B_Mv,B4_MINIMAL_GRU,13,"{""learning_rate"": 0.01, ""weight_decay"": 0.95}",930.1277391850468
B_Mv,B4_MINIMAL_GRU,14,"{""learning_rate"": 0.01, ""weight_decay"": 0.99}",986.5291966281073
B_Mv,B4_MINIMAL_GRU,15,"{""learning_rate"": 0.01, ""weight_decay"": 0.999}",1018.3513968767112
B_Mv,B5_ONLINE_ESN,0,"{""reservoir_size"": 10, ""spectral_radius"": 0.85, ""leak_rate"": 0.3, ""readout_lr"": 0.001}",903.5113419851796
B_Mv,B5_ONLINE_ESN,1,"{""reservoir_size"": 10, ""spectral_radius"": 0.85, ""leak_rate"": 0.3, ""readout_lr"": 0.01}",809.4419188319971
B_Mv,B5_ONLINE_ESN,2,"{""reservoir_size"": 10, ""spectral_radius"": 0.85, ""leak_rate"": 0.7, ""readout_lr"": 0.001}",810.1744183180941
B_Mv,B5_ONLINE_ESN,3,"{""reservoir_size"": 10, ""spectral_radius"": 0.85, ""leak_rate"": 0.7, ""readout_lr"": 0.01}",626.4146270600005
B_Mv,B5_ONLINE_ESN,4,"{""reservoir_size"": 10, ""spectral_radius"": 0.95, ""leak_rate"": 0.3, ""readout_lr"": 0.001}",904.0706439913325
B_Mv,B5_ONLINE_ESN,5,"{""reservoir_size"": 10, ""spectral_radius"": 0.95, ""leak_rate"": 0.3, ""readout_lr"": 0.01}",809.3687469566154
B_Mv,B5_ONLINE_ESN,6,"{""reservoir_size"": 10, ""spectral_radius"": 0.95, ""leak_rate"": 0.7, ""readout_lr"": 0.001}",813.5341614804611
B_Mv,B5_ONLINE_ESN,7,"{""reservoir_size"": 10, ""spectral_radius"": 0.95, ""leak_rate"": 0.7, ""readout_lr"": 0.01}",632.5328365285158
B_Mv,B5_ONLINE_ESN,8,"{""reservoir_size"": 20, ""spectral_radius"": 0.85, ""leak_rate"": 0.3, ""readout_lr"": 0.001}",878.4196564448742
B_Mv,B5_ONLINE_ESN,9,"{""reservoir_size"": 20, ""spectral_radius"": 0.85, ""leak_rate"": 0.3, ""readout_lr"": 0.01}",791.0475472039892
B_Mv,B5_ONLINE_ESN,10,"{""reservoir_size"": 20, ""spectral_radius"": 0.85, ""leak_rate"": 0.7, ""readout_lr"": 0.001}",752.2821465225621
B_Mv,B5_ONLINE_ESN,11,"{""reservoir_size"": 20, ""spectral_radius"": 0.85, ""leak_rate"": 0.7, ""readout_lr"": 0.01}",582.9082015982267
B_Mv,B5_ONLINE_ESN,12,"{""reservoir_size"": 20, ""spectral_radius"": 0.95, ""leak_rate"": 0.3, ""readout_lr"": 0.001}",880.7840367903636
B_Mv,B5_ONLINE_ESN,13,"{""reservoir_size"": 20, ""spectral_radius"": 0.95, ""leak_rate"": 0.3, ""readout_lr"": 0.01}",795.9315557554384
B_Mv,B5_ONLINE_ESN,14,"{""reservoir_size"": 20, ""spectral_radius"": 0.95, ""leak_rate"": 0.7, ""readout_lr"": 0.001}",758.8387888607422
B_Mv,B5_ONLINE_ESN,15,"{""reservoir_size"": 20, ""spectral_radius"": 0.95, ""leak_rate"": 0.7, ""readout_lr"": 0.01}",593.3010651401137
B_Mv,S1_VARIABLE_TAP_LMS,0,"{""learning_rate"": 0.001, ""tap_leakage"": 0.0001}",1153.8620129115513
B_Mv,S1_VARIABLE_TAP_LMS,1,"{""learning_rate"": 0.001, ""tap_leakage"": 0.001}",1145.5871334294272
B_Mv,S1_VARIABLE_TAP_LMS,2,"{""learning_rate"": 0.001, ""tap_leakage"": 0.01}",1139.314555650896
B_Mv,S1_VARIABLE_TAP_LMS,3,"{""learning_rate"": 0.001, ""tap_leakage"": 0.1}",1146.2981365968874
B_Mv,S1_VARIABLE_TAP_LMS,4,"{""learning_rate"": 0.003, ""tap_leakage"": 0.0001}",1378.2452619535445
B_Mv,S1_VARIABLE_TAP_LMS,5,"{""learning_rate"": 0.003, ""tap_leakage"": 0.001}",1357.5848289688636
B_Mv,S1_VARIABLE_TAP_LMS,6,"{""learning_rate"": 0.003, ""tap_leakage"": 0.01}",1258.285643043915
B_Mv,S1_VARIABLE_TAP_LMS,7,"{""learning_rate"": 0.003, ""tap_leakage"": 0.1}",1169.7954285815617
B_Mv,S1_VARIABLE_TAP_LMS,8,"{""learning_rate"": 0.01, ""tap_leakage"": 0.0001}",250183.45079407401
B_Mv,S1_VARIABLE_TAP_LMS,9,"{""learning_rate"": 0.01, ""tap_leakage"": 0.001}",153859.41179082726
B_Mv,S1_VARIABLE_TAP_LMS,10,"{""learning_rate"": 0.01, ""tap_leakage"": 0.01}",12231.270042999211
B_Mv,S1_VARIABLE_TAP_LMS,11,"{""learning_rate"": 0.01, ""tap_leakage"": 0.1}",1700.2059056762866
B_Mv,S1_VARIABLE_TAP_LMS,12,"{""learning_rate"": 0.03, ""tap_leakage"": 0.0001}",inf
B_Mv,S1_VARIABLE_TAP_LMS,13,"{""learning_rate"": 0.03, ""tap_leakage"": 0.001}",inf
B_Mv,S1_VARIABLE_TAP_LMS,14,"{""learning_rate"": 0.03, ""tap_leakage"": 0.01}",inf
B_Mv,S1_VARIABLE_TAP_LMS,15,"{""learning_rate"": 0.03, ""tap_leakage"": 0.1}",inf
B_Mv,S2_LRU_STREAM,0,"{""state_lr"": 0.001, ""readout_lr"": 0.001, ""state_decay"": 0.9}",inf
B_Mv,S2_LRU_STREAM,1,"{""state_lr"": 0.001, ""readout_lr"": 0.001, ""state_decay"": 0.98}",inf
B_Mv,S2_LRU_STREAM,2,"{""state_lr"": 0.001, ""readout_lr"": 0.003, ""state_decay"": 0.9}",inf
B_Mv,S2_LRU_STREAM,3,"{""state_lr"": 0.001, ""readout_lr"": 0.003, ""state_decay"": 0.98}",inf
B_Mv,S2_LRU_STREAM,4,"{""state_lr"": 0.001, ""readout_lr"": 0.01, ""state_decay"": 0.9}",inf
B_Mv,S2_LRU_STREAM,5,"{""state_lr"": 0.001, ""readout_lr"": 0.01, ""state_decay"": 0.98}",inf
B_Mv,S2_LRU_STREAM,6,"{""state_lr"": 0.001, ""readout_lr"": 0.03, ""state_decay"": 0.9}",inf
B_Mv,S2_LRU_STREAM,7,"{""state_lr"": 0.001, ""readout_lr"": 0.03, ""state_decay"": 0.98}",inf
B_Mv,S2_LRU_STREAM,8,"{""state_lr"": 0.01, ""readout_lr"": 0.001, ""state_decay"": 0.9}",inf
B_Mv,S2_LRU_STREAM,9,"{""state_lr"": 0.01, ""readout_lr"": 0.001, ""state_decay"": 0.98}",inf
B_Mv,S2_LRU_STREAM,10,"{""state_lr"": 0.01, ""readout_lr"": 0.003, ""state_decay"": 0.9}",inf
B_Mv,S2_LRU_STREAM,11,"{""state_lr"": 0.01, ""readout_lr"": 0.003, ""state_decay"": 0.98}",inf
B_Mv,S2_LRU_STREAM,12,"{""state_lr"": 0.01, ""readout_lr"": 0.01, ""state_decay"": 0.9}",inf
B_Mv,S2_LRU_STREAM,13,"{""state_lr"": 0.01, ""readout_lr"": 0.01, ""state_decay"": 0.98}",inf
B_Mv,S2_LRU_STREAM,14,"{""state_lr"": 0.01, ""readout_lr"": 0.03, ""state_decay"": 0.9}",inf
B_Mv,S2_LRU_STREAM,15,"{""state_lr"": 0.01, ""readout_lr"": 0.03, ""state_decay"": 0.98}",inf
B_Mv,S3_RSONN,0,"{""learning_rate"": 0.001, ""growth_threshold"": 0.05, ""pruning_threshold"": 0.001}",543.0399807528087
B_Mv,S3_RSONN,1,"{""learning_rate"": 0.001, ""growth_threshold"": 0.05, ""pruning_threshold"": 0.005}",544.17174504563
B_Mv,S3_RSONN,2,"{""learning_rate"": 0.001, ""growth_threshold"": 0.1, ""pruning_threshold"": 0.001}",542.0511535915006
B_Mv,S3_RSONN,3,"{""learning_rate"": 0.001, ""growth_threshold"": 0.1, ""pruning_threshold"": 0.005}",540.3661007058004
B_Mv,S3_RSONN,4,"{""learning_rate"": 0.005, ""growth_threshold"": 0.05, ""pruning_threshold"": 0.001}",746.0820705248635
B_Mv,S3_RSONN,5,"{""learning_rate"": 0.005, ""growth_threshold"": 0.05, ""pruning_threshold"": 0.005}",800.512513542867
B_Mv,S3_RSONN,6,"{""learning_rate"": 0.005, ""growth_threshold"": 0.1, ""pruning_threshold"": 0.001}",736.34235198315
B_Mv,S3_RSONN,7,"{""learning_rate"": 0.005, ""growth_threshold"": 0.1, ""pruning_threshold"": 0.005}",831.8508267747137
B_Mv,S3_RSONN,8,"{""learning_rate"": 0.01, ""growth_threshold"": 0.05, ""pruning_threshold"": 0.001}",838.377962789447
B_Mv,S3_RSONN,9,"{""learning_rate"": 0.01, ""growth_threshold"": 0.05, ""pruning_threshold"": 0.005}",858.5065664847983
B_Mv,S3_RSONN,10,"{""learning_rate"": 0.01, ""growth_threshold"": 0.1, ""pruning_threshold"": 0.001}",869.8628740894874
B_Mv,S3_RSONN,11,"{""learning_rate"": 0.01, ""growth_threshold"": 0.1, ""pruning_threshold"": 0.005}",855.5246447946571
B_Mv,S3_RSONN,12,"{""learning_rate"": 0.02, ""growth_threshold"": 0.05, ""pruning_threshold"": 0.001}",914.7107515424487
B_Mv,S3_RSONN,13,"{""learning_rate"": 0.02, ""growth_threshold"": 0.05, ""pruning_threshold"": 0.005}",917.69523043574
B_Mv,S3_RSONN,14,"{""learning_rate"": 0.02, ""growth_threshold"": 0.1, ""pruning_threshold"": 0.001}",909.0971408502761
B_Mv,S3_RSONN,15,"{""learning_rate"": 0.02, ""growth_threshold"": 0.1, ""pruning_threshold"": 0.005}",924.6458306440369
B_Mv,S4_ACESN,0,"{""reservoir_size"": 20, ""spectral_radius"": 0.85, ""compression_ratio"": 0.25, ""readout_lr"": 0.001}",683.193371258808
B_Mv,S4_ACESN,1,"{""reservoir_size"": 20, ""spectral_radius"": 0.85, ""compression_ratio"": 0.25, ""readout_lr"": 0.01}",548.2290908769675
B_Mv,S4_ACESN,2,"{""reservoir_size"": 20, ""spectral_radius"": 0.85, ""compression_ratio"": 0.5, ""readout_lr"": 0.001}",683.0830052633274
B_Mv,S4_ACESN,3,"{""reservoir_size"": 20, ""spectral_radius"": 0.85, ""compression_ratio"": 0.5, ""readout_lr"": 0.01}",548.256520565887
B_Mv,S4_ACESN,4,"{""reservoir_size"": 20, ""spectral_radius"": 0.95, ""compression_ratio"": 0.25, ""readout_lr"": 0.001}",694.1193943962402
B_Mv,S4_ACESN,5,"{""reservoir_size"": 20, ""spectral_radius"": 0.95, ""compression_ratio"": 0.25, ""readout_lr"": 0.01}",564.601275423243
B_Mv,S4_ACESN,6,"{""reservoir_size"": 20, ""spectral_radius"": 0.95, ""compression_ratio"": 0.5, ""readout_lr"": 0.001}",693.9020841216516
B_Mv,S4_ACESN,7,"{""reservoir_size"": 20, ""spectral_radius"": 0.95, ""compression_ratio"": 0.5, ""readout_lr"": 0.01}",564.7226383035919
B_Mv,S4_ACESN,8,"{""reservoir_size"": 40, ""spectral_radius"": 0.85, ""compression_ratio"": 0.25, ""readout_lr"": 0.001}",614.7725219791038
B_Mv,S4_ACESN,9,"{""reservoir_size"": 40, ""spectral_radius"": 0.85, ""compression_ratio"": 0.25, ""readout_lr"": 0.01}",479.6413468246123
B_Mv,S4_ACESN,10,"{""reservoir_size"": 40, ""spectral_radius"": 0.85, ""compression_ratio"": 0.5, ""readout_lr"": 0.001}",614.1995916700466
B_Mv,S4_ACESN,11,"{""reservoir_size"": 40, ""spectral_radius"": 0.85, ""compression_ratio"": 0.5, ""readout_lr"": 0.01}",478.5185851082131
B_Mv,S4_ACESN,12,"{""reservoir_size"": 40, ""spectral_radius"": 0.95, ""compression_ratio"": 0.25, ""readout_lr"": 0.001}",621.2737521406947
B_Mv,S4_ACESN,13,"{""reservoir_size"": 40, ""spectral_radius"": 0.95, ""compression_ratio"": 0.25, ""readout_lr"": 0.01}",487.43567760544965
B_Mv,S4_ACESN,14,"{""reservoir_size"": 40, ""spectral_radius"": 0.95, ""compression_ratio"": 0.5, ""readout_lr"": 0.001}",620.7124585115217
B_Mv,S4_ACESN,15,"{""reservoir_size"": 40, ""spectral_radius"": 0.95, ""compression_ratio"": 0.5, ""readout_lr"": 0.01}",486.3912052686646
B_Mv,S5_CONTINUAL_BACKPROP,0,"{""learning_rate"": 0.001, ""replacement_rate"": 0.0001, ""maturity_threshold"": 50}",inf
B_Mv,S5_CONTINUAL_BACKPROP,1,"{""learning_rate"": 0.001, ""replacement_rate"": 0.0001, ""maturity_threshold"": 100}",inf
B_Mv,S5_CONTINUAL_BACKPROP,2,"{""learning_rate"": 0.001, ""replacement_rate"": 0.001, ""maturity_threshold"": 50}",inf
B_Mv,S5_CONTINUAL_BACKPROP,3,"{""learning_rate"": 0.001, ""replacement_rate"": 0.001, ""maturity_threshold"": 100}",inf
B_Mv,S5_CONTINUAL_BACKPROP,4,"{""learning_rate"": 0.005, ""replacement_rate"": 0.0001, ""maturity_threshold"": 50}",inf
B_Mv,S5_CONTINUAL_BACKPROP,5,"{""learning_rate"": 0.005, ""replacement_rate"": 0.0001, ""maturity_threshold"": 100}",inf
B_Mv,S5_CONTINUAL_BACKPROP,6,"{""learning_rate"": 0.005, ""replacement_rate"": 0.001, ""maturity_threshold"": 50}",inf
B_Mv,S5_CONTINUAL_BACKPROP,7,"{""learning_rate"": 0.005, ""replacement_rate"": 0.001, ""maturity_threshold"": 100}",inf
B_Mv,S5_CONTINUAL_BACKPROP,8,"{""learning_rate"": 0.01, ""replacement_rate"": 0.0001, ""maturity_threshold"": 50}",inf
B_Mv,S5_CONTINUAL_BACKPROP,9,"{""learning_rate"": 0.01, ""replacement_rate"": 0.0001, ""maturity_threshold"": 100}",inf
B_Mv,S5_CONTINUAL_BACKPROP,10,"{""learning_rate"": 0.01, ""replacement_rate"": 0.001, ""maturity_threshold"": 50}",inf
B_Mv,S5_CONTINUAL_BACKPROP,11,"{""learning_rate"": 0.01, ""replacement_rate"": 0.001, ""maturity_threshold"": 100}",inf
B_Mv,S5_CONTINUAL_BACKPROP,12,"{""learning_rate"": 0.03, ""replacement_rate"": 0.0001, ""maturity_threshold"": 50}",inf
B_Mv,S5_CONTINUAL_BACKPROP,13,"{""learning_rate"": 0.03, ""replacement_rate"": 0.0001, ""maturity_threshold"": 100}",inf
B_Mv,S5_CONTINUAL_BACKPROP,14,"{""learning_rate"": 0.03, ""replacement_rate"": 0.001, ""maturity_threshold"": 50}",inf
B_Mv,S5_CONTINUAL_BACKPROP,15,"{""learning_rate"": 0.03, ""replacement_rate"": 0.001, ""maturity_threshold"": 100}",inf
B_Mv,C1_CURRENT_ONLY_LINEAR,0,"{""learning_rate"": 0.001}",inf
B_Mv,C1_CURRENT_ONLY_LINEAR,1,"{""learning_rate"": 0.003}",inf
B_Mv,C1_CURRENT_ONLY_LINEAR,2,"{""learning_rate"": 0.01}",inf
B_Mv,C1_CURRENT_ONLY_LINEAR,3,"{""learning_rate"": 0.03}",inf
B_Mv,C2_NLMS,0,"{""step_size"": 0.01}",650.0974756839745
B_Mv,C2_NLMS,1,"{""step_size"": 0.05}",503.513305581366
B_Mv,C2_NLMS,2,"{""step_size"": 0.1}",467.86927300705105
B_Mv,C2_NLMS,3,"{""step_size"": 0.2}",456.1776249974935
B_Mv,C3_RLS,0,"{""forgetting_factor"": 0.99}",370.7822673858811
B_Mv,C3_RLS,1,"{""forgetting_factor"": 0.995}",372.5341307301449
B_Mv,C3_RLS,2,"{""forgetting_factor"": 0.999}",425.97703216079316
B_Mv,C3_RLS,3,"{""forgetting_factor"": 1.0}",451.2926683304782
B_Mv,C4_FIXED_LAG_LINEAR,0,"{""max_lag"": 4, ""learning_rate"": 0.001}",1082.2038586177732
B_Mv,C4_FIXED_LAG_LINEAR,1,"{""max_lag"": 4, ""learning_rate"": 0.01}",1177.5865016081991
B_Mv,C4_FIXED_LAG_LINEAR,2,"{""max_lag"": 8, ""learning_rate"": 0.001}",1092.4538485997475
B_Mv,C4_FIXED_LAG_LINEAR,3,"{""max_lag"": 8, ""learning_rate"": 0.01}",1323.257042442797
B_Mv,C4_FIXED_LAG_LINEAR,4,"{""max_lag"": 16, ""learning_rate"": 0.001}",1114.4251900037723
B_Mv,C4_FIXED_LAG_LINEAR,5,"{""max_lag"": 16, ""learning_rate"": 0.01}",1857.0004996016723
B_Mv,C4_FIXED_LAG_LINEAR,6,"{""max_lag"": 32, ""learning_rate"": 0.001}",1160.9803327834616
B_Mv,C4_FIXED_LAG_LINEAR,7,"{""max_lag"": 32, ""learning_rate"": 0.01}",173316582.805946
B_Mv,IPNLMS,0,"{""mu"": 0.1}",475.98255003950794
B_Mv,IPNLMS,1,"{""mu"": 0.5}",515.5084435233653
B_Bikes,B1_RZA_LMS,0,"{""learning_rate"": 0.001, ""rho_zero_attraction"": 1e-06, ""epsilon_reweight"": 10.0}",inf
B_Bikes,B1_RZA_LMS,1,"{""learning_rate"": 0.001, ""rho_zero_attraction"": 1e-05, ""epsilon_reweight"": 10.0}",inf
B_Bikes,B1_RZA_LMS,2,"{""learning_rate"": 0.001, ""rho_zero_attraction"": 0.0001, ""epsilon_reweight"": 10.0}",inf
B_Bikes,B1_RZA_LMS,3,"{""learning_rate"": 0.001, ""rho_zero_attraction"": 0.001, ""epsilon_reweight"": 10.0}",inf
B_Bikes,B1_RZA_LMS,4,"{""learning_rate"": 0.003, ""rho_zero_attraction"": 1e-06, ""epsilon_reweight"": 10.0}",inf
B_Bikes,B1_RZA_LMS,5,"{""learning_rate"": 0.003, ""rho_zero_attraction"": 1e-05, ""epsilon_reweight"": 10.0}",inf
B_Bikes,B1_RZA_LMS,6,"{""learning_rate"": 0.003, ""rho_zero_attraction"": 0.0001, ""epsilon_reweight"": 10.0}",inf
B_Bikes,B1_RZA_LMS,7,"{""learning_rate"": 0.003, ""rho_zero_attraction"": 0.001, ""epsilon_reweight"": 10.0}",inf
B_Bikes,B1_RZA_LMS,8,"{""learning_rate"": 0.01, ""rho_zero_attraction"": 1e-06, ""epsilon_reweight"": 10.0}",inf
B_Bikes,B1_RZA_LMS,9,"{""learning_rate"": 0.01, ""rho_zero_attraction"": 1e-05, ""epsilon_reweight"": 10.0}",inf
B_Bikes,B1_RZA_LMS,10,"{""learning_rate"": 0.01, ""rho_zero_attraction"": 0.0001, ""epsilon_reweight"": 10.0}",inf
B_Bikes,B1_RZA_LMS,11,"{""learning_rate"": 0.01, ""rho_zero_attraction"": 0.001, ""epsilon_reweight"": 10.0}",inf
B_Bikes,B1_RZA_LMS,12,"{""learning_rate"": 0.03, ""rho_zero_attraction"": 1e-06, ""epsilon_reweight"": 10.0}",inf
B_Bikes,B1_RZA_LMS,13,"{""learning_rate"": 0.03, ""rho_zero_attraction"": 1e-05, ""epsilon_reweight"": 10.0}",inf
B_Bikes,B1_RZA_LMS,14,"{""learning_rate"": 0.03, ""rho_zero_attraction"": 0.0001, ""epsilon_reweight"": 10.0}",inf
B_Bikes,B1_RZA_LMS,15,"{""learning_rate"": 0.03, ""rho_zero_attraction"": 0.001, ""epsilon_reweight"": 10.0}",inf
B_Bikes,B2_CCN,0,"{""readout_lr"": 0.001, ""recurrent_lr"": 0.0001, ""max_columns"": 1}",inf
B_Bikes,B2_CCN,1,"{""readout_lr"": 0.001, ""recurrent_lr"": 0.0001, ""max_columns"": 2}",inf
B_Bikes,B2_CCN,2,"{""readout_lr"": 0.001, ""recurrent_lr"": 0.001, ""max_columns"": 1}",inf
B_Bikes,B2_CCN,3,"{""readout_lr"": 0.001, ""recurrent_lr"": 0.001, ""max_columns"": 2}",inf
B_Bikes,B2_CCN,4,"{""readout_lr"": 0.003, ""recurrent_lr"": 0.0001, ""max_columns"": 1}",inf
B_Bikes,B2_CCN,5,"{""readout_lr"": 0.003, ""recurrent_lr"": 0.0001, ""max_columns"": 2}",inf
B_Bikes,B2_CCN,6,"{""readout_lr"": 0.003, ""recurrent_lr"": 0.001, ""max_columns"": 1}",inf
B_Bikes,B2_CCN,7,"{""readout_lr"": 0.003, ""recurrent_lr"": 0.001, ""max_columns"": 2}",inf
B_Bikes,B2_CCN,8,"{""readout_lr"": 0.01, ""recurrent_lr"": 0.0001, ""max_columns"": 1}",inf
B_Bikes,B2_CCN,9,"{""readout_lr"": 0.01, ""recurrent_lr"": 0.0001, ""max_columns"": 2}",inf
B_Bikes,B2_CCN,10,"{""readout_lr"": 0.01, ""recurrent_lr"": 0.001, ""max_columns"": 1}",inf
B_Bikes,B2_CCN,11,"{""readout_lr"": 0.01, ""recurrent_lr"": 0.001, ""max_columns"": 2}",inf
B_Bikes,B2_CCN,12,"{""readout_lr"": 0.03, ""recurrent_lr"": 0.0001, ""max_columns"": 1}",inf
B_Bikes,B2_CCN,13,"{""readout_lr"": 0.03, ""recurrent_lr"": 0.0001, ""max_columns"": 2}",inf
B_Bikes,B2_CCN,14,"{""readout_lr"": 0.03, ""recurrent_lr"": 0.001, ""max_columns"": 1}",inf
B_Bikes,B2_CCN,15,"{""readout_lr"": 0.03, ""recurrent_lr"": 0.001, ""max_columns"": 2}",inf
B_Bikes,B3_MUSE_RNN,0,"{""learning_rate"": 0.001, ""growth_multiplier"": 1.5, ""pruning_threshold"": 0.001}",116.67313855185536
B_Bikes,B3_MUSE_RNN,1,"{""learning_rate"": 0.001, ""growth_multiplier"": 1.5, ""pruning_threshold"": 0.01}",116.69725193881514
B_Bikes,B3_MUSE_RNN,2,"{""learning_rate"": 0.001, ""growth_multiplier"": 2.5, ""pruning_threshold"": 0.001}",116.69887360300554
B_Bikes,B3_MUSE_RNN,3,"{""learning_rate"": 0.001, ""growth_multiplier"": 2.5, ""pruning_threshold"": 0.01}",116.72066072806764
B_Bikes,B3_MUSE_RNN,4,"{""learning_rate"": 0.003, ""growth_multiplier"": 1.5, ""pruning_threshold"": 0.001}",68.9743894650598
B_Bikes,B3_MUSE_RNN,5,"{""learning_rate"": 0.003, ""growth_multiplier"": 1.5, ""pruning_threshold"": 0.01}",90.78785472675258
B_Bikes,B3_MUSE_RNN,6,"{""learning_rate"": 0.003, ""growth_multiplier"": 2.5, ""pruning_threshold"": 0.001}",91.489116085452
B_Bikes,B3_MUSE_RNN,7,"{""learning_rate"": 0.003, ""growth_multiplier"": 2.5, ""pruning_threshold"": 0.01}",104.90816262247388
B_Bikes,B3_MUSE_RNN,8,"{""learning_rate"": 0.01, ""growth_multiplier"": 1.5, ""pruning_threshold"": 0.001}",37.651793801744326
B_Bikes,B3_MUSE_RNN,9,"{""learning_rate"": 0.01, ""growth_multiplier"": 1.5, ""pruning_threshold"": 0.01}",37.17572653044497
B_Bikes,B3_MUSE_RNN,10,"{""learning_rate"": 0.01, ""growth_multiplier"": 2.5, ""pruning_threshold"": 0.001}",37.65222775777125
B_Bikes,B3_MUSE_RNN,11,"{""learning_rate"": 0.01, ""growth_multiplier"": 2.5, ""pruning_threshold"": 0.01}",41.62140691135286
B_Bikes,B3_MUSE_RNN,12,"{""learning_rate"": 0.03, ""growth_multiplier"": 1.5, ""pruning_threshold"": 0.001}",35.67712436824658
B_Bikes,B3_MUSE_RNN,13,"{""learning_rate"": 0.03, ""growth_multiplier"": 1.5, ""pruning_threshold"": 0.01}",35.299609927288
B_Bikes,B3_MUSE_RNN,14,"{""learning_rate"": 0.03, ""growth_multiplier"": 2.5, ""pruning_threshold"": 0.001}",35.54171256457729
B_Bikes,B3_MUSE_RNN,15,"{""learning_rate"": 0.03, ""growth_multiplier"": 2.5, ""pruning_threshold"": 0.01}",34.92790024415273
B_Bikes,B4_MINIMAL_GRU,0,"{""learning_rate"": 0.0001, ""weight_decay"": 0.9}",116.67772251522375
B_Bikes,B4_MINIMAL_GRU,1,"{""learning_rate"": 0.0001, ""weight_decay"": 0.95}",116.66563880128221
B_Bikes,B4_MINIMAL_GRU,2,"{""learning_rate"": 0.0001, ""weight_decay"": 0.99}",116.34785569368835
B_Bikes,B4_MINIMAL_GRU,3,"{""learning_rate"": 0.0001, ""weight_decay"": 0.999}",101.13303400120525
B_Bikes,B4_MINIMAL_GRU,4,"{""learning_rate"": 0.001, ""weight_decay"": 0.9}",57.19547865847783
B_Bikes,B4_MINIMAL_GRU,5,"{""learning_rate"": 0.001, ""weight_decay"": 0.95}",50.43278202093257
B_Bikes,B4_MINIMAL_GRU,6,"{""learning_rate"": 0.001, ""weight_decay"": 0.99}",49.019353596418966
B_Bikes,B4_MINIMAL_GRU,7,"{""learning_rate"": 0.001, ""weight_decay"": 0.999}",58.26702676304959
B_Bikes,B4_MINIMAL_GRU,8,"{""learning_rate"": 0.003, ""weight_decay"": 0.9}",42.0006277030083
B_Bikes,B4_MINIMAL_GRU,9,"{""learning_rate"": 0.003, ""weight_decay"": 0.95}",40.234265296186734
B_Bikes,B4_MINIMAL_GRU,10,"{""learning_rate"": 0.003, ""weight_decay"": 0.99}",39.62491586085242
B_Bikes,B4_MINIMAL_GRU,11,"{""learning_rate"": 0.003, ""weight_decay"": 0.999}",44.3218669811144
B_Bikes,B4_MINIMAL_GRU,12,"{""learning_rate"": 0.01, ""weight_decay"": 0.9}",42.333898887219526
B_Bikes,B4_MINIMAL_GRU,13,"{""learning_rate"": 0.01, ""weight_decay"": 0.95}",40.30729932939443
B_Bikes,B4_MINIMAL_GRU,14,"{""learning_rate"": 0.01, ""weight_decay"": 0.99}",38.34014078697899
B_Bikes,B4_MINIMAL_GRU,15,"{""learning_rate"": 0.01, ""weight_decay"": 0.999}",37.071443679657975
B_Bikes,B5_ONLINE_ESN,0,"{""reservoir_size"": 10, ""spectral_radius"": 0.85, ""leak_rate"": 0.3, ""readout_lr"": 0.001}",54.87236152823069
B_Bikes,B5_ONLINE_ESN,1,"{""reservoir_size"": 10, ""spectral_radius"": 0.85, ""leak_rate"": 0.3, ""readout_lr"": 0.01}",37.84905893124044
B_Bikes,B5_ONLINE_ESN,2,"{""reservoir_size"": 10, ""spectral_radius"": 0.85, ""leak_rate"": 0.7, ""readout_lr"": 0.001}",54.835406169827536
B_Bikes,B5_ONLINE_ESN,3,"{""reservoir_size"": 10, ""spectral_radius"": 0.85, ""leak_rate"": 0.7, ""readout_lr"": 0.01}",37.818940117759766
B_Bikes,B5_ONLINE_ESN,4,"{""reservoir_size"": 10, ""spectral_radius"": 0.95, ""leak_rate"": 0.3, ""readout_lr"": 0.001}",54.89636887342031
B_Bikes,B5_ONLINE_ESN,5,"{""reservoir_size"": 10, ""spectral_radius"": 0.95, ""leak_rate"": 0.3, ""readout_lr"": 0.01}",37.81921296494772
B_Bikes,B5_ONLINE_ESN,6,"{""reservoir_size"": 10, ""spectral_radius"": 0.95, ""leak_rate"": 0.7, ""readout_lr"": 0.001}",54.838592811502245
B_Bikes,B5_ONLINE_ESN,7,"{""reservoir_size"": 10, ""spectral_radius"": 0.95, ""leak_rate"": 0.7, ""readout_lr"": 0.01}",37.77182480722376
B_Bikes,B5_ONLINE_ESN,8,"{""reservoir_size"": 20, ""spectral_radius"": 0.85, ""leak_rate"": 0.3, ""readout_lr"": 0.001}",41.637275704084445
B_Bikes,B5_ONLINE_ESN,9,"{""reservoir_size"": 20, ""spectral_radius"": 0.85, ""leak_rate"": 0.3, ""readout_lr"": 0.01}",34.561538013320394
B_Bikes,B5_ONLINE_ESN,10,"{""reservoir_size"": 20, ""spectral_radius"": 0.85, ""leak_rate"": 0.7, ""readout_lr"": 0.001}",41.653539207012464
B_Bikes,B5_ONLINE_ESN,11,"{""reservoir_size"": 20, ""spectral_radius"": 0.85, ""leak_rate"": 0.7, ""readout_lr"": 0.01}",34.54012632538013
B_Bikes,B5_ONLINE_ESN,12,"{""reservoir_size"": 20, ""spectral_radius"": 0.95, ""leak_rate"": 0.3, ""readout_lr"": 0.001}",41.22984509155717
B_Bikes,B5_ONLINE_ESN,13,"{""reservoir_size"": 20, ""spectral_radius"": 0.95, ""leak_rate"": 0.3, ""readout_lr"": 0.01}",34.571174400754515
B_Bikes,B5_ONLINE_ESN,14,"{""reservoir_size"": 20, ""spectral_radius"": 0.95, ""leak_rate"": 0.7, ""readout_lr"": 0.001}",41.23621227382425
B_Bikes,B5_ONLINE_ESN,15,"{""reservoir_size"": 20, ""spectral_radius"": 0.95, ""leak_rate"": 0.7, ""readout_lr"": 0.01}",34.54339624860126
B_Bikes,S1_VARIABLE_TAP_LMS,0,"{""learning_rate"": 0.001, ""tap_leakage"": 0.0001}",inf
B_Bikes,S1_VARIABLE_TAP_LMS,1,"{""learning_rate"": 0.001, ""tap_leakage"": 0.001}",inf
B_Bikes,S1_VARIABLE_TAP_LMS,2,"{""learning_rate"": 0.001, ""tap_leakage"": 0.01}",inf
B_Bikes,S1_VARIABLE_TAP_LMS,3,"{""learning_rate"": 0.001, ""tap_leakage"": 0.1}",inf
B_Bikes,S1_VARIABLE_TAP_LMS,4,"{""learning_rate"": 0.003, ""tap_leakage"": 0.0001}",inf
B_Bikes,S1_VARIABLE_TAP_LMS,5,"{""learning_rate"": 0.003, ""tap_leakage"": 0.001}",inf
B_Bikes,S1_VARIABLE_TAP_LMS,6,"{""learning_rate"": 0.003, ""tap_leakage"": 0.01}",inf
B_Bikes,S1_VARIABLE_TAP_LMS,7,"{""learning_rate"": 0.003, ""tap_leakage"": 0.1}",inf
B_Bikes,S1_VARIABLE_TAP_LMS,8,"{""learning_rate"": 0.01, ""tap_leakage"": 0.0001}",inf
B_Bikes,S1_VARIABLE_TAP_LMS,9,"{""learning_rate"": 0.01, ""tap_leakage"": 0.001}",inf
B_Bikes,S1_VARIABLE_TAP_LMS,10,"{""learning_rate"": 0.01, ""tap_leakage"": 0.01}",inf
B_Bikes,S1_VARIABLE_TAP_LMS,11,"{""learning_rate"": 0.01, ""tap_leakage"": 0.1}",inf
B_Bikes,S1_VARIABLE_TAP_LMS,12,"{""learning_rate"": 0.03, ""tap_leakage"": 0.0001}",inf
B_Bikes,S1_VARIABLE_TAP_LMS,13,"{""learning_rate"": 0.03, ""tap_leakage"": 0.001}",inf
B_Bikes,S1_VARIABLE_TAP_LMS,14,"{""learning_rate"": 0.03, ""tap_leakage"": 0.01}",inf
B_Bikes,S1_VARIABLE_TAP_LMS,15,"{""learning_rate"": 0.03, ""tap_leakage"": 0.1}",inf
B_Bikes,S2_LRU_STREAM,0,"{""state_lr"": 0.001, ""readout_lr"": 0.001, ""state_decay"": 0.9}",inf
B_Bikes,S2_LRU_STREAM,1,"{""state_lr"": 0.001, ""readout_lr"": 0.001, ""state_decay"": 0.98}",inf
B_Bikes,S2_LRU_STREAM,2,"{""state_lr"": 0.001, ""readout_lr"": 0.003, ""state_decay"": 0.9}",inf
B_Bikes,S2_LRU_STREAM,3,"{""state_lr"": 0.001, ""readout_lr"": 0.003, ""state_decay"": 0.98}",inf
B_Bikes,S2_LRU_STREAM,4,"{""state_lr"": 0.001, ""readout_lr"": 0.01, ""state_decay"": 0.9}",inf
B_Bikes,S2_LRU_STREAM,5,"{""state_lr"": 0.001, ""readout_lr"": 0.01, ""state_decay"": 0.98}",inf
B_Bikes,S2_LRU_STREAM,6,"{""state_lr"": 0.001, ""readout_lr"": 0.03, ""state_decay"": 0.9}",inf
B_Bikes,S2_LRU_STREAM,7,"{""state_lr"": 0.001, ""readout_lr"": 0.03, ""state_decay"": 0.98}",inf
B_Bikes,S2_LRU_STREAM,8,"{""state_lr"": 0.01, ""readout_lr"": 0.001, ""state_decay"": 0.9}",inf
B_Bikes,S2_LRU_STREAM,9,"{""state_lr"": 0.01, ""readout_lr"": 0.001, ""state_decay"": 0.98}",inf
B_Bikes,S2_LRU_STREAM,10,"{""state_lr"": 0.01, ""readout_lr"": 0.003, ""state_decay"": 0.9}",inf
B_Bikes,S2_LRU_STREAM,11,"{""state_lr"": 0.01, ""readout_lr"": 0.003, ""state_decay"": 0.98}",inf
B_Bikes,S2_LRU_STREAM,12,"{""state_lr"": 0.01, ""readout_lr"": 0.01, ""state_decay"": 0.9}",inf
B_Bikes,S2_LRU_STREAM,13,"{""state_lr"": 0.01, ""readout_lr"": 0.01, ""state_decay"": 0.98}",inf
B_Bikes,S2_LRU_STREAM,14,"{""state_lr"": 0.01, ""readout_lr"": 0.03, ""state_decay"": 0.9}",inf
B_Bikes,S2_LRU_STREAM,15,"{""state_lr"": 0.01, ""readout_lr"": 0.03, ""state_decay"": 0.98}",inf
B_Bikes,S3_RSONN,0,"{""learning_rate"": 0.001, ""growth_threshold"": 0.05, ""pruning_threshold"": 0.001}",40.0934184496457
B_Bikes,S3_RSONN,1,"{""learning_rate"": 0.001, ""growth_threshold"": 0.05, ""pruning_threshold"": 0.005}",40.057566690328606
B_Bikes,S3_RSONN,2,"{""learning_rate"": 0.001, ""growth_threshold"": 0.1, ""pruning_threshold"": 0.001}",40.06065652488589
B_Bikes,S3_RSONN,3,"{""learning_rate"": 0.001, ""growth_threshold"": 0.1, ""pruning_threshold"": 0.005}",40.039389676689716
B_Bikes,S3_RSONN,4,"{""learning_rate"": 0.005, ""growth_threshold"": 0.05, ""pruning_threshold"": 0.001}",34.21981874443019
B_Bikes,S3_RSONN,5,"{""learning_rate"": 0.005, ""growth_threshold"": 0.05, ""pruning_threshold"": 0.005}",34.21352883895947
B_Bikes,S3_RSONN,6,"{""learning_rate"": 0.005, ""growth_threshold"": 0.1, ""pruning_threshold"": 0.001}",34.20839121187909
B_Bikes,S3_RSONN,7,"{""learning_rate"": 0.005, ""growth_threshold"": 0.1, ""pruning_threshold"": 0.005}",34.21181242857716
B_Bikes,S3_RSONN,8,"{""learning_rate"": 0.01, ""growth_threshold"": 0.05, ""pruning_threshold"": 0.001}",34.109295819598955
B_Bikes,S3_RSONN,9,"{""learning_rate"": 0.01, ""growth_threshold"": 0.05, ""pruning_threshold"": 0.005}",34.1030167316375
B_Bikes,S3_RSONN,10,"{""learning_rate"": 0.01, ""growth_threshold"": 0.1, ""pruning_threshold"": 0.001}",34.10393040781547
B_Bikes,S3_RSONN,11,"{""learning_rate"": 0.01, ""growth_threshold"": 0.1, ""pruning_threshold"": 0.005}",34.10542668867138
B_Bikes,S3_RSONN,12,"{""learning_rate"": 0.02, ""growth_threshold"": 0.05, ""pruning_threshold"": 0.001}",34.370905826319074
B_Bikes,S3_RSONN,13,"{""learning_rate"": 0.02, ""growth_threshold"": 0.05, ""pruning_threshold"": 0.005}",34.37012803468972
B_Bikes,S3_RSONN,14,"{""learning_rate"": 0.02, ""growth_threshold"": 0.1, ""pruning_threshold"": 0.001}",34.37063048992274
B_Bikes,S3_RSONN,15,"{""learning_rate"": 0.02, ""growth_threshold"": 0.1, ""pruning_threshold"": 0.005}",34.3722547687951
B_Bikes,S4_ACESN,0,"{""reservoir_size"": 20, ""spectral_radius"": 0.85, ""compression_ratio"": 0.25, ""readout_lr"": 0.001}",41.65430615257869
B_Bikes,S4_ACESN,1,"{""reservoir_size"": 20, ""spectral_radius"": 0.85, ""compression_ratio"": 0.25, ""readout_lr"": 0.01}",34.5336626615071
B_Bikes,S4_ACESN,2,"{""reservoir_size"": 20, ""spectral_radius"": 0.85, ""compression_ratio"": 0.5, ""readout_lr"": 0.001}",41.65379556230251
B_Bikes,S4_ACESN,3,"{""reservoir_size"": 20, ""spectral_radius"": 0.85, ""compression_ratio"": 0.5, ""readout_lr"": 0.01}",34.53778915167288
B_Bikes,S4_ACESN,4,"{""reservoir_size"": 20, ""spectral_radius"": 0.95, ""compression_ratio"": 0.25, ""readout_lr"": 0.001}",41.22538642350563
B_Bikes,S4_ACESN,5,"{""reservoir_size"": 20, ""spectral_radius"": 0.95, ""compression_ratio"": 0.25, ""readout_lr"": 0.01}",34.534016221830306
B_Bikes,S4_ACESN,6,"{""reservoir_size"": 20, ""spectral_radius"": 0.95, ""compression_ratio"": 0.5, ""readout_lr"": 0.001}",41.22301035537995
B_Bikes,S4_ACESN,7,"{""reservoir_size"": 20, ""spectral_radius"": 0.95, ""compression_ratio"": 0.5, ""readout_lr"": 0.01}",34.53393520805253
B_Bikes,S4_ACESN,8,"{""reservoir_size"": 40, ""spectral_radius"": 0.85, ""compression_ratio"": 0.25, ""readout_lr"": 0.001}",37.569283945539986
B_Bikes,S4_ACESN,9,"{""reservoir_size"": 40, ""spectral_radius"": 0.85, ""compression_ratio"": 0.25, ""readout_lr"": 0.01}",34.99618284209912
B_Bikes,S4_ACESN,10,"{""reservoir_size"": 40, ""spectral_radius"": 0.85, ""compression_ratio"": 0.5, ""readout_lr"": 0.001}",37.5566808512411
B_Bikes,S4_ACESN,11,"{""reservoir_size"": 40, ""spectral_radius"": 0.85, ""compression_ratio"": 0.5, ""readout_lr"": 0.01}",34.992457833114145
B_Bikes,S4_ACESN,12,"{""reservoir_size"": 40, ""spectral_radius"": 0.95, ""compression_ratio"": 0.25, ""readout_lr"": 0.001}",37.316346280852024
B_Bikes,S4_ACESN,13,"{""reservoir_size"": 40, ""spectral_radius"": 0.95, ""compression_ratio"": 0.25, ""readout_lr"": 0.01}",35.069039626670346
B_Bikes,S4_ACESN,14,"{""reservoir_size"": 40, ""spectral_radius"": 0.95, ""compression_ratio"": 0.5, ""readout_lr"": 0.001}",37.305178441958304
B_Bikes,S4_ACESN,15,"{""reservoir_size"": 40, ""spectral_radius"": 0.95, ""compression_ratio"": 0.5, ""readout_lr"": 0.01}",35.06478418739857
B_Bikes,S5_CONTINUAL_BACKPROP,0,"{""learning_rate"": 0.001, ""replacement_rate"": 0.0001, ""maturity_threshold"": 50}",inf
B_Bikes,S5_CONTINUAL_BACKPROP,1,"{""learning_rate"": 0.001, ""replacement_rate"": 0.0001, ""maturity_threshold"": 100}",inf
B_Bikes,S5_CONTINUAL_BACKPROP,2,"{""learning_rate"": 0.001, ""replacement_rate"": 0.001, ""maturity_threshold"": 50}",inf
B_Bikes,S5_CONTINUAL_BACKPROP,3,"{""learning_rate"": 0.001, ""replacement_rate"": 0.001, ""maturity_threshold"": 100}",inf
B_Bikes,S5_CONTINUAL_BACKPROP,4,"{""learning_rate"": 0.005, ""replacement_rate"": 0.0001, ""maturity_threshold"": 50}",inf
B_Bikes,S5_CONTINUAL_BACKPROP,5,"{""learning_rate"": 0.005, ""replacement_rate"": 0.0001, ""maturity_threshold"": 100}",inf
B_Bikes,S5_CONTINUAL_BACKPROP,6,"{""learning_rate"": 0.005, ""replacement_rate"": 0.001, ""maturity_threshold"": 50}",inf
B_Bikes,S5_CONTINUAL_BACKPROP,7,"{""learning_rate"": 0.005, ""replacement_rate"": 0.001, ""maturity_threshold"": 100}",inf
B_Bikes,S5_CONTINUAL_BACKPROP,8,"{""learning_rate"": 0.01, ""replacement_rate"": 0.0001, ""maturity_threshold"": 50}",inf
B_Bikes,S5_CONTINUAL_BACKPROP,9,"{""learning_rate"": 0.01, ""replacement_rate"": 0.0001, ""maturity_threshold"": 100}",inf
B_Bikes,S5_CONTINUAL_BACKPROP,10,"{""learning_rate"": 0.01, ""replacement_rate"": 0.001, ""maturity_threshold"": 50}",inf
B_Bikes,S5_CONTINUAL_BACKPROP,11,"{""learning_rate"": 0.01, ""replacement_rate"": 0.001, ""maturity_threshold"": 100}",inf
B_Bikes,S5_CONTINUAL_BACKPROP,12,"{""learning_rate"": 0.03, ""replacement_rate"": 0.0001, ""maturity_threshold"": 50}",inf
B_Bikes,S5_CONTINUAL_BACKPROP,13,"{""learning_rate"": 0.03, ""replacement_rate"": 0.0001, ""maturity_threshold"": 100}",inf
B_Bikes,S5_CONTINUAL_BACKPROP,14,"{""learning_rate"": 0.03, ""replacement_rate"": 0.001, ""maturity_threshold"": 50}",inf
B_Bikes,S5_CONTINUAL_BACKPROP,15,"{""learning_rate"": 0.03, ""replacement_rate"": 0.001, ""maturity_threshold"": 100}",inf
B_Bikes,C1_CURRENT_ONLY_LINEAR,0,"{""learning_rate"": 0.001}",inf
B_Bikes,C1_CURRENT_ONLY_LINEAR,1,"{""learning_rate"": 0.003}",inf
B_Bikes,C1_CURRENT_ONLY_LINEAR,2,"{""learning_rate"": 0.01}",inf
B_Bikes,C1_CURRENT_ONLY_LINEAR,3,"{""learning_rate"": 0.03}",inf
B_Bikes,C2_NLMS,0,"{""step_size"": 0.01}",36.83084725202894
B_Bikes,C2_NLMS,1,"{""step_size"": 0.05}",34.18121952205407
B_Bikes,C2_NLMS,2,"{""step_size"": 0.1}",34.749476770539914
B_Bikes,C2_NLMS,3,"{""step_size"": 0.2}",36.80094843764381
B_Bikes,C3_RLS,0,"{""forgetting_factor"": 0.99}",2194.7613859146177
B_Bikes,C3_RLS,1,"{""forgetting_factor"": 0.995}",35.18053169775707
B_Bikes,C3_RLS,2,"{""forgetting_factor"": 0.999}",41.330423890069184
B_Bikes,C3_RLS,3,"{""forgetting_factor"": 1.0}",49.13371116560475
B_Bikes,C4_FIXED_LAG_LINEAR,0,"{""max_lag"": 4, ""learning_rate"": 0.001}",inf
B_Bikes,C4_FIXED_LAG_LINEAR,1,"{""max_lag"": 4, ""learning_rate"": 0.01}",inf
B_Bikes,C4_FIXED_LAG_LINEAR,2,"{""max_lag"": 8, ""learning_rate"": 0.001}",inf
B_Bikes,C4_FIXED_LAG_LINEAR,3,"{""max_lag"": 8, ""learning_rate"": 0.01}",inf
B_Bikes,C4_FIXED_LAG_LINEAR,4,"{""max_lag"": 16, ""learning_rate"": 0.001}",inf
B_Bikes,C4_FIXED_LAG_LINEAR,5,"{""max_lag"": 16, ""learning_rate"": 0.01}",inf
B_Bikes,C4_FIXED_LAG_LINEAR,6,"{""max_lag"": 32, ""learning_rate"": 0.001}",inf
B_Bikes,C4_FIXED_LAG_LINEAR,7,"{""max_lag"": 32, ""learning_rate"": 0.01}",inf
B_Bikes,IPNLMS,0,"{""mu"": 0.1}",34.7517840965007
B_Bikes,IPNLMS,1,"{""mu"": 0.5}",45.16988341545167
B_WaterFlow,B1_RZA_LMS,0,"{""learning_rate"": 0.001, ""rho_zero_attraction"": 1e-06, ""epsilon_reweight"": 10.0}",1145742.0555057398
B_WaterFlow,B1_RZA_LMS,1,"{""learning_rate"": 0.001, ""rho_zero_attraction"": 1e-05, ""epsilon_reweight"": 10.0}",1145742.033250446
B_WaterFlow,B1_RZA_LMS,2,"{""learning_rate"": 0.001, ""rho_zero_attraction"": 0.0001, ""epsilon_reweight"": 10.0}",1145741.810697503
B_WaterFlow,B1_RZA_LMS,3,"{""learning_rate"": 0.001, ""rho_zero_attraction"": 0.001, ""epsilon_reweight"": 10.0}",1145739.585168141
B_WaterFlow,B1_RZA_LMS,4,"{""learning_rate"": 0.003, ""rho_zero_attraction"": 1e-06, ""epsilon_reweight"": 10.0}",inf
B_WaterFlow,B1_RZA_LMS,5,"{""learning_rate"": 0.003, ""rho_zero_attraction"": 1e-05, ""epsilon_reweight"": 10.0}",inf
B_WaterFlow,B1_RZA_LMS,6,"{""learning_rate"": 0.003, ""rho_zero_attraction"": 0.0001, ""epsilon_reweight"": 10.0}",inf
B_WaterFlow,B1_RZA_LMS,7,"{""learning_rate"": 0.003, ""rho_zero_attraction"": 0.001, ""epsilon_reweight"": 10.0}",inf
B_WaterFlow,B1_RZA_LMS,8,"{""learning_rate"": 0.01, ""rho_zero_attraction"": 1e-06, ""epsilon_reweight"": 10.0}",inf
B_WaterFlow,B1_RZA_LMS,9,"{""learning_rate"": 0.01, ""rho_zero_attraction"": 1e-05, ""epsilon_reweight"": 10.0}",inf
B_WaterFlow,B1_RZA_LMS,10,"{""learning_rate"": 0.01, ""rho_zero_attraction"": 0.0001, ""epsilon_reweight"": 10.0}",inf
B_WaterFlow,B1_RZA_LMS,11,"{""learning_rate"": 0.01, ""rho_zero_attraction"": 0.001, ""epsilon_reweight"": 10.0}",inf
B_WaterFlow,B1_RZA_LMS,12,"{""learning_rate"": 0.03, ""rho_zero_attraction"": 1e-06, ""epsilon_reweight"": 10.0}",inf
B_WaterFlow,B1_RZA_LMS,13,"{""learning_rate"": 0.03, ""rho_zero_attraction"": 1e-05, ""epsilon_reweight"": 10.0}",inf
B_WaterFlow,B1_RZA_LMS,14,"{""learning_rate"": 0.03, ""rho_zero_attraction"": 0.0001, ""epsilon_reweight"": 10.0}",inf
B_WaterFlow,B1_RZA_LMS,15,"{""learning_rate"": 0.03, ""rho_zero_attraction"": 0.001, ""epsilon_reweight"": 10.0}",inf
B_WaterFlow,B2_CCN,0,"{""readout_lr"": 0.001, ""recurrent_lr"": 0.0001, ""max_columns"": 1}",1150866.2859698276
B_WaterFlow,B2_CCN,1,"{""readout_lr"": 0.001, ""recurrent_lr"": 0.0001, ""max_columns"": 2}",1150982.8906213527
B_WaterFlow,B2_CCN,2,"{""readout_lr"": 0.001, ""recurrent_lr"": 0.001, ""max_columns"": 1}",1151287.079442392
B_WaterFlow,B2_CCN,3,"{""readout_lr"": 0.001, ""recurrent_lr"": 0.001, ""max_columns"": 2}",1150981.1332205683
B_WaterFlow,B2_CCN,4,"{""readout_lr"": 0.003, ""recurrent_lr"": 0.0001, ""max_columns"": 1}",inf
B_WaterFlow,B2_CCN,5,"{""readout_lr"": 0.003, ""recurrent_lr"": 0.0001, ""max_columns"": 2}",inf
B_WaterFlow,B2_CCN,6,"{""readout_lr"": 0.003, ""recurrent_lr"": 0.001, ""max_columns"": 1}",inf
B_WaterFlow,B2_CCN,7,"{""readout_lr"": 0.003, ""recurrent_lr"": 0.001, ""max_columns"": 2}",inf
B_WaterFlow,B2_CCN,8,"{""readout_lr"": 0.01, ""recurrent_lr"": 0.0001, ""max_columns"": 1}",inf
B_WaterFlow,B2_CCN,9,"{""readout_lr"": 0.01, ""recurrent_lr"": 0.0001, ""max_columns"": 2}",inf
B_WaterFlow,B2_CCN,10,"{""readout_lr"": 0.01, ""recurrent_lr"": 0.001, ""max_columns"": 1}",inf
B_WaterFlow,B2_CCN,11,"{""readout_lr"": 0.01, ""recurrent_lr"": 0.001, ""max_columns"": 2}",inf
B_WaterFlow,B2_CCN,12,"{""readout_lr"": 0.03, ""recurrent_lr"": 0.0001, ""max_columns"": 1}",inf
B_WaterFlow,B2_CCN,13,"{""readout_lr"": 0.03, ""recurrent_lr"": 0.0001, ""max_columns"": 2}",inf
B_WaterFlow,B2_CCN,14,"{""readout_lr"": 0.03, ""recurrent_lr"": 0.001, ""max_columns"": 1}",inf
B_WaterFlow,B2_CCN,15,"{""readout_lr"": 0.03, ""recurrent_lr"": 0.001, ""max_columns"": 2}",inf
B_WaterFlow,B3_MUSE_RNN,0,"{""learning_rate"": 0.001, ""growth_multiplier"": 1.5, ""pruning_threshold"": 0.001}",9202.253000743396
B_WaterFlow,B3_MUSE_RNN,1,"{""learning_rate"": 0.001, ""growth_multiplier"": 1.5, ""pruning_threshold"": 0.01}",8868.435641057964
B_WaterFlow,B3_MUSE_RNN,2,"{""learning_rate"": 0.001, ""growth_multiplier"": 2.5, ""pruning_threshold"": 0.001}",8515.957858164511
B_WaterFlow,B3_MUSE_RNN,3,"{""learning_rate"": 0.001, ""growth_multiplier"": 2.5, ""pruning_threshold"": 0.01}",8986.862205930716
B_WaterFlow,B3_MUSE_RNN,4,"{""learning_rate"": 0.003, ""growth_multiplier"": 1.5, ""pruning_threshold"": 0.001}",7051.803838713052
B_WaterFlow,B3_MUSE_RNN,5,"{""learning_rate"": 0.003, ""growth_multiplier"": 1.5, ""pruning_threshold"": 0.01}",6746.711609668098
B_WaterFlow,B3_MUSE_RNN,6,"{""learning_rate"": 0.003, ""growth_multiplier"": 2.5, ""pruning_threshold"": 0.001}",6406.063905447513
B_WaterFlow,B3_MUSE_RNN,7,"{""learning_rate"": 0.003, ""growth_multiplier"": 2.5, ""pruning_threshold"": 0.01}",6194.252753828489
B_WaterFlow,B3_MUSE_RNN,8,"{""learning_rate"": 0.01, ""growth_multiplier"": 1.5, ""pruning_threshold"": 0.001}",3719.783658095698
B_WaterFlow,B3_MUSE_RNN,9,"{""learning_rate"": 0.01, ""growth_multiplier"": 1.5, ""pruning_threshold"": 0.01}",2984.4215036215865
B_WaterFlow,B3_MUSE_RNN,10,"{""learning_rate"": 0.01, ""growth_multiplier"": 2.5, ""pruning_threshold"": 0.001}",2986.6158811885784
B_WaterFlow,B3_MUSE_RNN,11,"{""learning_rate"": 0.01, ""growth_multiplier"": 2.5, ""pruning_threshold"": 0.01}",4024.833654818058
B_WaterFlow,B3_MUSE_RNN,12,"{""learning_rate"": 0.03, ""growth_multiplier"": 1.5, ""pruning_threshold"": 0.001}",1387.203569817502
B_WaterFlow,B3_MUSE_RNN,13,"{""learning_rate"": 0.03, ""growth_multiplier"": 1.5, ""pruning_threshold"": 0.01}",2011.875509036683
B_WaterFlow,B3_MUSE_RNN,14,"{""learning_rate"": 0.03, ""growth_multiplier"": 2.5, ""pruning_threshold"": 0.001}",2244.33723359425
B_WaterFlow,B3_MUSE_RNN,15,"{""learning_rate"": 0.03, ""growth_multiplier"": 2.5, ""pruning_threshold"": 0.01}",1350.527189733646
B_WaterFlow,B4_MINIMAL_GRU,0,"{""learning_rate"": 0.0001, ""weight_decay"": 0.9}",9468.370995108151
B_WaterFlow,B4_MINIMAL_GRU,1,"{""learning_rate"": 0.0001, ""weight_decay"": 0.95}",9415.423136906917
B_WaterFlow,B4_MINIMAL_GRU,2,"{""learning_rate"": 0.0001, ""weight_decay"": 0.99}",9393.110092093297
B_WaterFlow,B4_MINIMAL_GRU,3,"{""learning_rate"": 0.0001, ""weight_decay"": 0.999}",9392.981571330702
B_WaterFlow,B4_MINIMAL_GRU,4,"{""learning_rate"": 0.001, ""weight_decay"": 0.9}",8043.95685316487
B_WaterFlow,B4_MINIMAL_GRU,5,"{""learning_rate"": 0.001, ""weight_decay"": 0.95}",8053.115037762646
B_WaterFlow,B4_MINIMAL_GRU,6,"{""learning_rate"": 0.001, ""weight_decay"": 0.99}",8063.15619150821
B_WaterFlow,B4_MINIMAL_GRU,7,"{""learning_rate"": 0.001, ""weight_decay"": 0.999}",8052.841773205073
B_WaterFlow,B4_MINIMAL_GRU,8,"{""learning_rate"": 0.003, ""weight_decay"": 0.9}",5934.305528357957
B_WaterFlow,B4_MINIMAL_GRU,9,"{""learning_rate"": 0.003, ""weight_decay"": 0.95}",5941.575377217247
B_WaterFlow,B4_MINIMAL_GRU,10,"{""learning_rate"": 0.003, ""weight_decay"": 0.99}",5942.95453445689
B_WaterFlow,B4_MINIMAL_GRU,11,"{""learning_rate"": 0.003, ""weight_decay"": 0.999}",5923.166742138987
B_WaterFlow,B4_MINIMAL_GRU,12,"{""learning_rate"": 0.01, ""weight_decay"": 0.9}",4593.833460090526
B_WaterFlow,B4_MINIMAL_GRU,13,"{""learning_rate"": 0.01, ""weight_decay"": 0.95}",4237.356412263464
B_WaterFlow,B4_MINIMAL_GRU,14,"{""learning_rate"": 0.01, ""weight_decay"": 0.99}",5853.731689979977
B_WaterFlow,B4_MINIMAL_GRU,15,"{""learning_rate"": 0.01, ""weight_decay"": 0.999}",2852.329514693068
B_WaterFlow,B5_ONLINE_ESN,0,"{""reservoir_size"": 10, ""spectral_radius"": 0.85, ""leak_rate"": 0.3, ""readout_lr"": 0.001}",4574.8651986860605
B_WaterFlow,B5_ONLINE_ESN,1,"{""reservoir_size"": 10, ""spectral_radius"": 0.85, ""leak_rate"": 0.3, ""readout_lr"": 0.01}",791.692555086525
B_WaterFlow,B5_ONLINE_ESN,2,"{""reservoir_size"": 10, ""spectral_radius"": 0.85, ""leak_rate"": 0.7, ""readout_lr"": 0.001}",4477.8877370742575
B_WaterFlow,B5_ONLINE_ESN,3,"{""reservoir_size"": 10, ""spectral_radius"": 0.85, ""leak_rate"": 0.7, ""readout_lr"": 0.01}",665.1240721285816
B_WaterFlow,B5_ONLINE_ESN,4,"{""reservoir_size"": 10, ""spectral_radius"": 0.95, ""leak_rate"": 0.3, ""readout_lr"": 0.001}",4535.469266348459
B_WaterFlow,B5_ONLINE_ESN,5,"{""reservoir_size"": 10, ""spectral_radius"": 0.95, ""leak_rate"": 0.3, ""readout_lr"": 0.01}",790.3918448982007
B_WaterFlow,B5_ONLINE_ESN,6,"{""reservoir_size"": 10, ""spectral_radius"": 0.95, ""leak_rate"": 0.7, ""readout_lr"": 0.001}",4436.469392174148
B_WaterFlow,B5_ONLINE_ESN,7,"{""reservoir_size"": 10, ""spectral_radius"": 0.95, ""leak_rate"": 0.7, ""readout_lr"": 0.01}",661.3317958017702
B_WaterFlow,B5_ONLINE_ESN,8,"{""reservoir_size"": 20, ""spectral_radius"": 0.85, ""leak_rate"": 0.3, ""readout_lr"": 0.001}",3027.8811239464953
B_WaterFlow,B5_ONLINE_ESN,9,"{""reservoir_size"": 20, ""spectral_radius"": 0.85, ""leak_rate"": 0.3, ""readout_lr"": 0.01}",489.29691093668816
B_WaterFlow,B5_ONLINE_ESN,10,"{""reservoir_size"": 20, ""spectral_radius"": 0.85, ""leak_rate"": 0.7, ""readout_lr"": 0.001}",2948.3755947014197
B_WaterFlow,B5_ONLINE_ESN,11,"{""reservoir_size"": 20, ""spectral_radius"": 0.85, ""leak_rate"": 0.7, ""readout_lr"": 0.01}",384.1187136756405
B_WaterFlow,B5_ONLINE_ESN,12,"{""reservoir_size"": 20, ""spectral_radius"": 0.95, ""leak_rate"": 0.3, ""readout_lr"": 0.001}",3025.930255010946
B_WaterFlow,B5_ONLINE_ESN,13,"{""reservoir_size"": 20, ""spectral_radius"": 0.95, ""leak_rate"": 0.3, ""readout_lr"": 0.01}",491.8048278796393
B_WaterFlow,B5_ONLINE_ESN,14,"{""reservoir_size"": 20, ""spectral_radius"": 0.95, ""leak_rate"": 0.7, ""readout_lr"": 0.001}",2953.065957347952
B_WaterFlow,B5_ONLINE_ESN,15,"{""reservoir_size"": 20, ""spectral_radius"": 0.95, ""leak_rate"": 0.7, ""readout_lr"": 0.01}",387.9879010941244
B_WaterFlow,S1_VARIABLE_TAP_LMS,0,"{""learning_rate"": 0.001, ""tap_leakage"": 0.0001}",inf
B_WaterFlow,S1_VARIABLE_TAP_LMS,1,"{""learning_rate"": 0.001, ""tap_leakage"": 0.001}",inf
B_WaterFlow,S1_VARIABLE_TAP_LMS,2,"{""learning_rate"": 0.001, ""tap_leakage"": 0.01}",inf
B_WaterFlow,S1_VARIABLE_TAP_LMS,3,"{""learning_rate"": 0.001, ""tap_leakage"": 0.1}",inf
B_WaterFlow,S1_VARIABLE_TAP_LMS,4,"{""learning_rate"": 0.003, ""tap_leakage"": 0.0001}",inf
B_WaterFlow,S1_VARIABLE_TAP_LMS,5,"{""learning_rate"": 0.003, ""tap_leakage"": 0.001}",inf
B_WaterFlow,S1_VARIABLE_TAP_LMS,6,"{""learning_rate"": 0.003, ""tap_leakage"": 0.01}",inf
B_WaterFlow,S1_VARIABLE_TAP_LMS,7,"{""learning_rate"": 0.003, ""tap_leakage"": 0.1}",inf
B_WaterFlow,S1_VARIABLE_TAP_LMS,8,"{""learning_rate"": 0.01, ""tap_leakage"": 0.0001}",inf
B_WaterFlow,S1_VARIABLE_TAP_LMS,9,"{""learning_rate"": 0.01, ""tap_leakage"": 0.001}",inf
B_WaterFlow,S1_VARIABLE_TAP_LMS,10,"{""learning_rate"": 0.01, ""tap_leakage"": 0.01}",inf
B_WaterFlow,S1_VARIABLE_TAP_LMS,11,"{""learning_rate"": 0.01, ""tap_leakage"": 0.1}",inf
B_WaterFlow,S1_VARIABLE_TAP_LMS,12,"{""learning_rate"": 0.03, ""tap_leakage"": 0.0001}",inf
B_WaterFlow,S1_VARIABLE_TAP_LMS,13,"{""learning_rate"": 0.03, ""tap_leakage"": 0.001}",inf
B_WaterFlow,S1_VARIABLE_TAP_LMS,14,"{""learning_rate"": 0.03, ""tap_leakage"": 0.01}",inf
B_WaterFlow,S1_VARIABLE_TAP_LMS,15,"{""learning_rate"": 0.03, ""tap_leakage"": 0.1}",inf
B_WaterFlow,S2_LRU_STREAM,0,"{""state_lr"": 0.001, ""readout_lr"": 0.001, ""state_decay"": 0.9}",inf
B_WaterFlow,S2_LRU_STREAM,1,"{""state_lr"": 0.001, ""readout_lr"": 0.001, ""state_decay"": 0.98}",inf
B_WaterFlow,S2_LRU_STREAM,2,"{""state_lr"": 0.001, ""readout_lr"": 0.003, ""state_decay"": 0.9}",inf
B_WaterFlow,S2_LRU_STREAM,3,"{""state_lr"": 0.001, ""readout_lr"": 0.003, ""state_decay"": 0.98}",inf
B_WaterFlow,S2_LRU_STREAM,4,"{""state_lr"": 0.001, ""readout_lr"": 0.01, ""state_decay"": 0.9}",inf
B_WaterFlow,S2_LRU_STREAM,5,"{""state_lr"": 0.001, ""readout_lr"": 0.01, ""state_decay"": 0.98}",inf
B_WaterFlow,S2_LRU_STREAM,6,"{""state_lr"": 0.001, ""readout_lr"": 0.03, ""state_decay"": 0.9}",inf
B_WaterFlow,S2_LRU_STREAM,7,"{""state_lr"": 0.001, ""readout_lr"": 0.03, ""state_decay"": 0.98}",inf
B_WaterFlow,S2_LRU_STREAM,8,"{""state_lr"": 0.01, ""readout_lr"": 0.001, ""state_decay"": 0.9}",inf
B_WaterFlow,S2_LRU_STREAM,9,"{""state_lr"": 0.01, ""readout_lr"": 0.001, ""state_decay"": 0.98}",inf
B_WaterFlow,S2_LRU_STREAM,10,"{""state_lr"": 0.01, ""readout_lr"": 0.003, ""state_decay"": 0.9}",inf
B_WaterFlow,S2_LRU_STREAM,11,"{""state_lr"": 0.01, ""readout_lr"": 0.003, ""state_decay"": 0.98}",inf
B_WaterFlow,S2_LRU_STREAM,12,"{""state_lr"": 0.01, ""readout_lr"": 0.01, ""state_decay"": 0.9}",inf
B_WaterFlow,S2_LRU_STREAM,13,"{""state_lr"": 0.01, ""readout_lr"": 0.01, ""state_decay"": 0.98}",inf
B_WaterFlow,S2_LRU_STREAM,14,"{""state_lr"": 0.01, ""readout_lr"": 0.03, ""state_decay"": 0.9}",inf
B_WaterFlow,S2_LRU_STREAM,15,"{""state_lr"": 0.01, ""readout_lr"": 0.03, ""state_decay"": 0.98}",inf
B_WaterFlow,S3_RSONN,0,"{""learning_rate"": 0.001, ""growth_threshold"": 0.05, ""pruning_threshold"": 0.001}",5249.0429220470605
B_WaterFlow,S3_RSONN,1,"{""learning_rate"": 0.001, ""growth_threshold"": 0.05, ""pruning_threshold"": 0.005}",5230.804786598266
B_WaterFlow,S3_RSONN,2,"{""learning_rate"": 0.001, ""growth_threshold"": 0.1, ""pruning_threshold"": 0.001}",5246.79185580912
B_WaterFlow,S3_RSONN,3,"{""learning_rate"": 0.001, ""growth_threshold"": 0.1, ""pruning_threshold"": 0.005}",5277.802584202268
B_WaterFlow,S3_RSONN,4,"{""learning_rate"": 0.005, ""growth_threshold"": 0.05, ""pruning_threshold"": 0.001}",1695.7873153850635
B_WaterFlow,S3_RSONN,5,"{""learning_rate"": 0.005, ""growth_threshold"": 0.05, ""pruning_threshold"": 0.005}",1771.7762053134675
B_WaterFlow,S3_RSONN,6,"{""learning_rate"": 0.005, ""growth_threshold"": 0.1, ""pruning_threshold"": 0.001}",1590.9724783059753
B_WaterFlow,S3_RSONN,7,"{""learning_rate"": 0.005, ""growth_threshold"": 0.1, ""pruning_threshold"": 0.005}",1745.9613189587205
B_WaterFlow,S3_RSONN,8,"{""learning_rate"": 0.01, ""growth_threshold"": 0.05, ""pruning_threshold"": 0.001}",990.7252689298897
B_WaterFlow,S3_RSONN,9,"{""learning_rate"": 0.01, ""growth_threshold"": 0.05, ""pruning_threshold"": 0.005}",987.5094609569751
B_WaterFlow,S3_RSONN,10,"{""learning_rate"": 0.01, ""growth_threshold"": 0.1, ""pruning_threshold"": 0.001}",1124.3728753894186
B_WaterFlow,S3_RSONN,11,"{""learning_rate"": 0.01, ""growth_threshold"": 0.1, ""pruning_threshold"": 0.005}",1058.0194462499035
B_WaterFlow,S3_RSONN,12,"{""learning_rate"": 0.02, ""growth_threshold"": 0.05, ""pruning_threshold"": 0.001}",702.9306120998821
B_WaterFlow,S3_RSONN,13,"{""learning_rate"": 0.02, ""growth_threshold"": 0.05, ""pruning_threshold"": 0.005}",691.1645849332709
B_WaterFlow,S3_RSONN,14,"{""learning_rate"": 0.02, ""growth_threshold"": 0.1, ""pruning_threshold"": 0.001}",709.9948340277556
B_WaterFlow,S3_RSONN,15,"{""learning_rate"": 0.02, ""growth_threshold"": 0.1, ""pruning_threshold"": 0.005}",711.9552080305131
B_WaterFlow,S4_ACESN,0,"{""reservoir_size"": 20, ""spectral_radius"": 0.85, ""compression_ratio"": 0.25, ""readout_lr"": 0.001}",3093.0311098059024
B_WaterFlow,S4_ACESN,1,"{""reservoir_size"": 20, ""spectral_radius"": 0.85, ""compression_ratio"": 0.25, ""readout_lr"": 0.01}",478.28057774123664
B_WaterFlow,S4_ACESN,2,"{""reservoir_size"": 20, ""spectral_radius"": 0.85, ""compression_ratio"": 0.5, ""readout_lr"": 0.001}",3005.6040537244116
B_WaterFlow,S4_ACESN,3,"{""reservoir_size"": 20, ""spectral_radius"": 0.85, ""compression_ratio"": 0.5, ""readout_lr"": 0.01}",415.50930433429676
B_WaterFlow,S4_ACESN,4,"{""reservoir_size"": 20, ""spectral_radius"": 0.95, ""compression_ratio"": 0.25, ""readout_lr"": 0.001}",3099.261945844873
B_WaterFlow,S4_ACESN,5,"{""reservoir_size"": 20, ""spectral_radius"": 0.95, ""compression_ratio"": 0.25, ""readout_lr"": 0.01}",484.65126090440657
B_WaterFlow,S4_ACESN,6,"{""reservoir_size"": 20, ""spectral_radius"": 0.95, ""compression_ratio"": 0.5, ""readout_lr"": 0.001}",3013.1835070912625
B_WaterFlow,S4_ACESN,7,"{""reservoir_size"": 20, ""spectral_radius"": 0.95, ""compression_ratio"": 0.5, ""readout_lr"": 0.01}",421.5106624313781
B_WaterFlow,S4_ACESN,8,"{""reservoir_size"": 40, ""spectral_radius"": 0.85, ""compression_ratio"": 0.25, ""readout_lr"": 0.001}",1509.0395828887201
B_WaterFlow,S4_ACESN,9,"{""reservoir_size"": 40, ""spectral_radius"": 0.85, ""compression_ratio"": 0.25, ""readout_lr"": 0.01}",343.7353928934812
B_WaterFlow,S4_ACESN,10,"{""reservoir_size"": 40, ""spectral_radius"": 0.85, ""compression_ratio"": 0.5, ""readout_lr"": 0.001}",1345.438248579744
B_WaterFlow,S4_ACESN,11,"{""reservoir_size"": 40, ""spectral_radius"": 0.85, ""compression_ratio"": 0.5, ""readout_lr"": 0.01}",267.2732884271417
B_WaterFlow,S4_ACESN,12,"{""reservoir_size"": 40, ""spectral_radius"": 0.95, ""compression_ratio"": 0.25, ""readout_lr"": 0.001}",1498.1871832118552
B_WaterFlow,S4_ACESN,13,"{""reservoir_size"": 40, ""spectral_radius"": 0.95, ""compression_ratio"": 0.25, ""readout_lr"": 0.01}",344.63668328005923
B_WaterFlow,S4_ACESN,14,"{""reservoir_size"": 40, ""spectral_radius"": 0.95, ""compression_ratio"": 0.5, ""readout_lr"": 0.001}",1336.1620827413842
B_WaterFlow,S4_ACESN,15,"{""reservoir_size"": 40, ""spectral_radius"": 0.95, ""compression_ratio"": 0.5, ""readout_lr"": 0.01}",268.62962822547644
B_WaterFlow,S5_CONTINUAL_BACKPROP,0,"{""learning_rate"": 0.001, ""replacement_rate"": 0.0001, ""maturity_threshold"": 50}",1133307.9835858562
B_WaterFlow,S5_CONTINUAL_BACKPROP,1,"{""learning_rate"": 0.001, ""replacement_rate"": 0.0001, ""maturity_threshold"": 100}",1163832.9273124896
B_WaterFlow,S5_CONTINUAL_BACKPROP,2,"{""learning_rate"": 0.001, ""replacement_rate"": 0.001, ""maturity_threshold"": 50}",1116041.7354483549
B_WaterFlow,S5_CONTINUAL_BACKPROP,3,"{""learning_rate"": 0.001, ""replacement_rate"": 0.001, ""maturity_threshold"": 100}",1186993.4777442345
B_WaterFlow,S5_CONTINUAL_BACKPROP,4,"{""learning_rate"": 0.005, ""replacement_rate"": 0.0001, ""maturity_threshold"": 50}",inf
B_WaterFlow,S5_CONTINUAL_BACKPROP,5,"{""learning_rate"": 0.005, ""replacement_rate"": 0.0001, ""maturity_threshold"": 100}",inf
B_WaterFlow,S5_CONTINUAL_BACKPROP,6,"{""learning_rate"": 0.005, ""replacement_rate"": 0.001, ""maturity_threshold"": 50}",inf
B_WaterFlow,S5_CONTINUAL_BACKPROP,7,"{""learning_rate"": 0.005, ""replacement_rate"": 0.001, ""maturity_threshold"": 100}",inf
B_WaterFlow,S5_CONTINUAL_BACKPROP,8,"{""learning_rate"": 0.01, ""replacement_rate"": 0.0001, ""maturity_threshold"": 50}",inf
B_WaterFlow,S5_CONTINUAL_BACKPROP,9,"{""learning_rate"": 0.01, ""replacement_rate"": 0.0001, ""maturity_threshold"": 100}",inf
B_WaterFlow,S5_CONTINUAL_BACKPROP,10,"{""learning_rate"": 0.01, ""replacement_rate"": 0.001, ""maturity_threshold"": 50}",inf
B_WaterFlow,S5_CONTINUAL_BACKPROP,11,"{""learning_rate"": 0.01, ""replacement_rate"": 0.001, ""maturity_threshold"": 100}",inf
B_WaterFlow,S5_CONTINUAL_BACKPROP,12,"{""learning_rate"": 0.03, ""replacement_rate"": 0.0001, ""maturity_threshold"": 50}",inf
B_WaterFlow,S5_CONTINUAL_BACKPROP,13,"{""learning_rate"": 0.03, ""replacement_rate"": 0.0001, ""maturity_threshold"": 100}",inf
B_WaterFlow,S5_CONTINUAL_BACKPROP,14,"{""learning_rate"": 0.03, ""replacement_rate"": 0.001, ""maturity_threshold"": 50}",inf
B_WaterFlow,S5_CONTINUAL_BACKPROP,15,"{""learning_rate"": 0.03, ""replacement_rate"": 0.001, ""maturity_threshold"": 100}",inf
B_WaterFlow,C1_CURRENT_ONLY_LINEAR,0,"{""learning_rate"": 0.001}",1145742.0579785495
B_WaterFlow,C1_CURRENT_ONLY_LINEAR,1,"{""learning_rate"": 0.003}",inf
B_WaterFlow,C1_CURRENT_ONLY_LINEAR,2,"{""learning_rate"": 0.01}",inf
B_WaterFlow,C1_CURRENT_ONLY_LINEAR,3,"{""learning_rate"": 0.03}",inf
B_WaterFlow,C2_NLMS,0,"{""step_size"": 0.01}",3902.3492346098387
B_WaterFlow,C2_NLMS,1,"{""step_size"": 0.05}",1033.5343186229525
B_WaterFlow,C2_NLMS,2,"{""step_size"": 0.1}",546.0294065920576
B_WaterFlow,C2_NLMS,3,"{""step_size"": 0.2}",300.6898655644608
B_WaterFlow,C3_RLS,0,"{""forgetting_factor"": 0.99}",2270.180039339616
B_WaterFlow,C3_RLS,1,"{""forgetting_factor"": 0.995}",2516.221247692309
B_WaterFlow,C3_RLS,2,"{""forgetting_factor"": 0.999}",2683.948776388583
B_WaterFlow,C3_RLS,3,"{""forgetting_factor"": 1.0}",2721.7998687799554
B_WaterFlow,C4_FIXED_LAG_LINEAR,0,"{""max_lag"": 4, ""learning_rate"": 0.001}",inf
B_WaterFlow,C4_FIXED_LAG_LINEAR,1,"{""max_lag"": 4, ""learning_rate"": 0.01}",inf
B_WaterFlow,C4_FIXED_LAG_LINEAR,2,"{""max_lag"": 8, ""learning_rate"": 0.001}",inf
B_WaterFlow,C4_FIXED_LAG_LINEAR,3,"{""max_lag"": 8, ""learning_rate"": 0.01}",inf
B_WaterFlow,C4_FIXED_LAG_LINEAR,4,"{""max_lag"": 16, ""learning_rate"": 0.001}",inf
B_WaterFlow,C4_FIXED_LAG_LINEAR,5,"{""max_lag"": 16, ""learning_rate"": 0.01}",inf
B_WaterFlow,C4_FIXED_LAG_LINEAR,6,"{""max_lag"": 32, ""learning_rate"": 0.001}",inf
B_WaterFlow,C4_FIXED_LAG_LINEAR,7,"{""max_lag"": 32, ""learning_rate"": 0.01}",inf
B_WaterFlow,IPNLMS,0,"{""mu"": 0.1}",548.8096937555944
B_WaterFlow,IPNLMS,1,"{""mu"": 0.5}",212.31290832331624
B_TrumpApproval,B1_RZA_LMS,0,"{""learning_rate"": 0.001, ""rho_zero_attraction"": 1e-06, ""epsilon_reweight"": 10.0}",inf
B_TrumpApproval,B1_RZA_LMS,1,"{""learning_rate"": 0.001, ""rho_zero_attraction"": 1e-05, ""epsilon_reweight"": 10.0}",inf
B_TrumpApproval,B1_RZA_LMS,2,"{""learning_rate"": 0.001, ""rho_zero_attraction"": 0.0001, ""epsilon_reweight"": 10.0}",inf
B_TrumpApproval,B1_RZA_LMS,3,"{""learning_rate"": 0.001, ""rho_zero_attraction"": 0.001, ""epsilon_reweight"": 10.0}",inf
B_TrumpApproval,B1_RZA_LMS,4,"{""learning_rate"": 0.003, ""rho_zero_attraction"": 1e-06, ""epsilon_reweight"": 10.0}",inf
B_TrumpApproval,B1_RZA_LMS,5,"{""learning_rate"": 0.003, ""rho_zero_attraction"": 1e-05, ""epsilon_reweight"": 10.0}",inf
B_TrumpApproval,B1_RZA_LMS,6,"{""learning_rate"": 0.003, ""rho_zero_attraction"": 0.0001, ""epsilon_reweight"": 10.0}",inf
B_TrumpApproval,B1_RZA_LMS,7,"{""learning_rate"": 0.003, ""rho_zero_attraction"": 0.001, ""epsilon_reweight"": 10.0}",inf
B_TrumpApproval,B1_RZA_LMS,8,"{""learning_rate"": 0.01, ""rho_zero_attraction"": 1e-06, ""epsilon_reweight"": 10.0}",inf
B_TrumpApproval,B1_RZA_LMS,9,"{""learning_rate"": 0.01, ""rho_zero_attraction"": 1e-05, ""epsilon_reweight"": 10.0}",inf
B_TrumpApproval,B1_RZA_LMS,10,"{""learning_rate"": 0.01, ""rho_zero_attraction"": 0.0001, ""epsilon_reweight"": 10.0}",inf
B_TrumpApproval,B1_RZA_LMS,11,"{""learning_rate"": 0.01, ""rho_zero_attraction"": 0.001, ""epsilon_reweight"": 10.0}",inf
B_TrumpApproval,B1_RZA_LMS,12,"{""learning_rate"": 0.03, ""rho_zero_attraction"": 1e-06, ""epsilon_reweight"": 10.0}",inf
B_TrumpApproval,B1_RZA_LMS,13,"{""learning_rate"": 0.03, ""rho_zero_attraction"": 1e-05, ""epsilon_reweight"": 10.0}",inf
B_TrumpApproval,B1_RZA_LMS,14,"{""learning_rate"": 0.03, ""rho_zero_attraction"": 0.0001, ""epsilon_reweight"": 10.0}",inf
B_TrumpApproval,B1_RZA_LMS,15,"{""learning_rate"": 0.03, ""rho_zero_attraction"": 0.001, ""epsilon_reweight"": 10.0}",inf
B_TrumpApproval,B2_CCN,0,"{""readout_lr"": 0.001, ""recurrent_lr"": 0.0001, ""max_columns"": 1}",inf
B_TrumpApproval,B2_CCN,1,"{""readout_lr"": 0.001, ""recurrent_lr"": 0.0001, ""max_columns"": 2}",inf
B_TrumpApproval,B2_CCN,2,"{""readout_lr"": 0.001, ""recurrent_lr"": 0.001, ""max_columns"": 1}",inf
B_TrumpApproval,B2_CCN,3,"{""readout_lr"": 0.001, ""recurrent_lr"": 0.001, ""max_columns"": 2}",inf
B_TrumpApproval,B2_CCN,4,"{""readout_lr"": 0.003, ""recurrent_lr"": 0.0001, ""max_columns"": 1}",inf
B_TrumpApproval,B2_CCN,5,"{""readout_lr"": 0.003, ""recurrent_lr"": 0.0001, ""max_columns"": 2}",inf
B_TrumpApproval,B2_CCN,6,"{""readout_lr"": 0.003, ""recurrent_lr"": 0.001, ""max_columns"": 1}",inf
B_TrumpApproval,B2_CCN,7,"{""readout_lr"": 0.003, ""recurrent_lr"": 0.001, ""max_columns"": 2}",inf
B_TrumpApproval,B2_CCN,8,"{""readout_lr"": 0.01, ""recurrent_lr"": 0.0001, ""max_columns"": 1}",inf
B_TrumpApproval,B2_CCN,9,"{""readout_lr"": 0.01, ""recurrent_lr"": 0.0001, ""max_columns"": 2}",inf
B_TrumpApproval,B2_CCN,10,"{""readout_lr"": 0.01, ""recurrent_lr"": 0.001, ""max_columns"": 1}",inf
B_TrumpApproval,B2_CCN,11,"{""readout_lr"": 0.01, ""recurrent_lr"": 0.001, ""max_columns"": 2}",inf
B_TrumpApproval,B2_CCN,12,"{""readout_lr"": 0.03, ""recurrent_lr"": 0.0001, ""max_columns"": 1}",inf
B_TrumpApproval,B2_CCN,13,"{""readout_lr"": 0.03, ""recurrent_lr"": 0.0001, ""max_columns"": 2}",inf
B_TrumpApproval,B2_CCN,14,"{""readout_lr"": 0.03, ""recurrent_lr"": 0.001, ""max_columns"": 1}",inf
B_TrumpApproval,B2_CCN,15,"{""readout_lr"": 0.03, ""recurrent_lr"": 0.001, ""max_columns"": 2}",inf
B_TrumpApproval,B3_MUSE_RNN,0,"{""learning_rate"": 0.001, ""growth_multiplier"": 1.5, ""pruning_threshold"": 0.001}",1515.071603591867
B_TrumpApproval,B3_MUSE_RNN,1,"{""learning_rate"": 0.001, ""growth_multiplier"": 1.5, ""pruning_threshold"": 0.01}",1537.7825834351424
B_TrumpApproval,B3_MUSE_RNN,2,"{""learning_rate"": 0.001, ""growth_multiplier"": 2.5, ""pruning_threshold"": 0.001}",1544.2999353727964
B_TrumpApproval,B3_MUSE_RNN,3,"{""learning_rate"": 0.001, ""growth_multiplier"": 2.5, ""pruning_threshold"": 0.01}",1532.5767929682436
B_TrumpApproval,B3_MUSE_RNN,4,"{""learning_rate"": 0.003, ""growth_multiplier"": 1.5, ""pruning_threshold"": 0.001}",1289.8390656889972
B_TrumpApproval,B3_MUSE_RNN,5,"{""learning_rate"": 0.003, ""growth_multiplier"": 1.5, ""pruning_threshold"": 0.01}",1306.0259254365537
B_TrumpApproval,B3_MUSE_RNN,6,"{""learning_rate"": 0.003, ""growth_multiplier"": 2.5, ""pruning_threshold"": 0.001}",1138.2165615200165
B_TrumpApproval,B3_MUSE_RNN,7,"{""learning_rate"": 0.003, ""growth_multiplier"": 2.5, ""pruning_threshold"": 0.01}",1409.0238591267673
B_TrumpApproval,B3_MUSE_RNN,8,"{""learning_rate"": 0.01, ""growth_multiplier"": 1.5, ""pruning_threshold"": 0.001}",599.2032503060069
B_TrumpApproval,B3_MUSE_RNN,9,"{""learning_rate"": 0.01, ""growth_multiplier"": 1.5, ""pruning_threshold"": 0.01}",884.1571953328771
B_TrumpApproval,B3_MUSE_RNN,10,"{""learning_rate"": 0.01, ""growth_multiplier"": 2.5, ""pruning_threshold"": 0.001}",937.0638706523347
B_TrumpApproval,B3_MUSE_RNN,11,"{""learning_rate"": 0.01, ""growth_multiplier"": 2.5, ""pruning_threshold"": 0.01}",740.0805657080941
B_TrumpApproval,B3_MUSE_RNN,12,"{""learning_rate"": 0.03, ""growth_multiplier"": 1.5, ""pruning_threshold"": 0.001}",391.32269116539607
B_TrumpApproval,B3_MUSE_RNN,13,"{""learning_rate"": 0.03, ""growth_multiplier"": 1.5, ""pruning_threshold"": 0.01}",248.3502876273642
B_TrumpApproval,B3_MUSE_RNN,14,"{""learning_rate"": 0.03, ""growth_multiplier"": 2.5, ""pruning_threshold"": 0.001}",283.6034538059493
B_TrumpApproval,B3_MUSE_RNN,15,"{""learning_rate"": 0.03, ""growth_multiplier"": 2.5, ""pruning_threshold"": 0.01}",254.2449198236271
B_TrumpApproval,B4_MINIMAL_GRU,0,"{""learning_rate"": 0.0001, ""weight_decay"": 0.9}",1624.0537754593734
B_TrumpApproval,B4_MINIMAL_GRU,1,"{""learning_rate"": 0.0001, ""weight_decay"": 0.95}",1616.1247306218422
B_TrumpApproval,B4_MINIMAL_GRU,2,"{""learning_rate"": 0.0001, ""weight_decay"": 0.99}",1615.5807295205977
B_TrumpApproval,B4_MINIMAL_GRU,3,"{""learning_rate"": 0.0001, ""weight_decay"": 0.999}",1615.4455741001814
B_TrumpApproval,B4_MINIMAL_GRU,4,"{""learning_rate"": 0.001, ""weight_decay"": 0.9}",1420.4798376601818
B_TrumpApproval,B4_MINIMAL_GRU,5,"{""learning_rate"": 0.001, ""weight_decay"": 0.95}",1421.5161704804368
B_TrumpApproval,B4_MINIMAL_GRU,6,"{""learning_rate"": 0.001, ""weight_decay"": 0.99}",1420.4798376601818
B_TrumpApproval,B4_MINIMAL_GRU,7,"{""learning_rate"": 0.001, ""weight_decay"": 0.999}",1422.5467265918871
B_TrumpApproval,B4_MINIMAL_GRU,8,"{""learning_rate"": 0.003, ""weight_decay"": 0.9}",1090.8158405741578
B_TrumpApproval,B4_MINIMAL_GRU,9,"{""learning_rate"": 0.003, ""weight_decay"": 0.95}",1090.8158405741578
B_TrumpApproval,B4_MINIMAL_GRU,10,"{""learning_rate"": 0.003, ""weight_decay"": 0.99}",1089.5799137342701
B_TrumpApproval,B4_MINIMAL_GRU,11,"{""learning_rate"": 0.003, ""weight_decay"": 0.999}",1094.2632228945993
B_TrumpApproval,B4_MINIMAL_GRU,12,"{""learning_rate"": 0.01, ""weight_decay"": 0.9}",545.2337866190368
B_TrumpApproval,B4_MINIMAL_GRU,13,"{""learning_rate"": 0.01, ""weight_decay"": 0.95}",541.1477097517243
B_TrumpApproval,B4_MINIMAL_GRU,14,"{""learning_rate"": 0.01, ""weight_decay"": 0.99}",547.2768250526926
B_TrumpApproval,B4_MINIMAL_GRU,15,"{""learning_rate"": 0.01, ""weight_decay"": 0.999}",543.4921548728701
B_TrumpApproval,B5_ONLINE_ESN,0,"{""reservoir_size"": 10, ""spectral_radius"": 0.85, ""leak_rate"": 0.3, ""readout_lr"": 0.001}",746.3389115596478
B_TrumpApproval,B5_ONLINE_ESN,1,"{""reservoir_size"": 10, ""spectral_radius"": 0.85, ""leak_rate"": 0.3, ""readout_lr"": 0.01}",120.4555442601948
B_TrumpApproval,B5_ONLINE_ESN,2,"{""reservoir_size"": 10, ""spectral_radius"": 0.85, ""leak_rate"": 0.7, ""readout_lr"": 0.001}",727.0892454836626
B_TrumpApproval,B5_ONLINE_ESN,3,"{""reservoir_size"": 10, ""spectral_radius"": 0.85, ""leak_rate"": 0.7, ""readout_lr"": 0.01}",99.26028615589603
B_TrumpApproval,B5_ONLINE_ESN,4,"{""reservoir_size"": 10, ""spectral_radius"": 0.95, ""leak_rate"": 0.3, ""readout_lr"": 0.001}",748.9168515549609
B_TrumpApproval,B5_ONLINE_ESN,5,"{""reservoir_size"": 10, ""spectral_radius"": 0.95, ""leak_rate"": 0.3, ""readout_lr"": 0.01}",120.73213018546012
B_TrumpApproval,B5_ONLINE_ESN,6,"{""reservoir_size"": 10, ""spectral_radius"": 0.95, ""leak_rate"": 0.7, ""readout_lr"": 0.001}",729.5051241657076
B_TrumpApproval,B5_ONLINE_ESN,7,"{""reservoir_size"": 10, ""spectral_radius"": 0.95, ""leak_rate"": 0.7, ""readout_lr"": 0.01}",99.45586976984191
B_TrumpApproval,B5_ONLINE_ESN,8,"{""reservoir_size"": 20, ""spectral_radius"": 0.85, ""leak_rate"": 0.3, ""readout_lr"": 0.001}",417.4596050803919
B_TrumpApproval,B5_ONLINE_ESN,9,"{""reservoir_size"": 20, ""spectral_radius"": 0.85, ""leak_rate"": 0.3, ""readout_lr"": 0.01}",73.3941541877587
B_TrumpApproval,B5_ONLINE_ESN,10,"{""reservoir_size"": 20, ""spectral_radius"": 0.85, ""leak_rate"": 0.7, ""readout_lr"": 0.001}",394.917005449789
B_TrumpApproval,B5_ONLINE_ESN,11,"{""reservoir_size"": 20, ""spectral_radius"": 0.85, ""leak_rate"": 0.7, ""readout_lr"": 0.01}",54.0934019086992
B_TrumpApproval,B5_ONLINE_ESN,12,"{""reservoir_size"": 20, ""spectral_radius"": 0.95, ""leak_rate"": 0.3, ""readout_lr"": 0.001}",416.2194210377115
B_TrumpApproval,B5_ONLINE_ESN,13,"{""reservoir_size"": 20, ""spectral_radius"": 0.95, ""leak_rate"": 0.3, ""readout_lr"": 0.01}",73.49309707004205
B_TrumpApproval,B5_ONLINE_ESN,14,"{""reservoir_size"": 20, ""spectral_radius"": 0.95, ""leak_rate"": 0.7, ""readout_lr"": 0.001}",393.4036524939426
B_TrumpApproval,B5_ONLINE_ESN,15,"{""reservoir_size"": 20, ""spectral_radius"": 0.95, ""leak_rate"": 0.7, ""readout_lr"": 0.01}",54.15541872346421
B_TrumpApproval,S1_VARIABLE_TAP_LMS,0,"{""learning_rate"": 0.001, ""tap_leakage"": 0.0001}",inf
B_TrumpApproval,S1_VARIABLE_TAP_LMS,1,"{""learning_rate"": 0.001, ""tap_leakage"": 0.001}",inf
B_TrumpApproval,S1_VARIABLE_TAP_LMS,2,"{""learning_rate"": 0.001, ""tap_leakage"": 0.01}",inf
B_TrumpApproval,S1_VARIABLE_TAP_LMS,3,"{""learning_rate"": 0.001, ""tap_leakage"": 0.1}",inf
B_TrumpApproval,S1_VARIABLE_TAP_LMS,4,"{""learning_rate"": 0.003, ""tap_leakage"": 0.0001}",inf
B_TrumpApproval,S1_VARIABLE_TAP_LMS,5,"{""learning_rate"": 0.003, ""tap_leakage"": 0.001}",inf
B_TrumpApproval,S1_VARIABLE_TAP_LMS,6,"{""learning_rate"": 0.003, ""tap_leakage"": 0.01}",inf
B_TrumpApproval,S1_VARIABLE_TAP_LMS,7,"{""learning_rate"": 0.003, ""tap_leakage"": 0.1}",inf
B_TrumpApproval,S1_VARIABLE_TAP_LMS,8,"{""learning_rate"": 0.01, ""tap_leakage"": 0.0001}",inf
B_TrumpApproval,S1_VARIABLE_TAP_LMS,9,"{""learning_rate"": 0.01, ""tap_leakage"": 0.001}",inf
B_TrumpApproval,S1_VARIABLE_TAP_LMS,10,"{""learning_rate"": 0.01, ""tap_leakage"": 0.01}",inf
B_TrumpApproval,S1_VARIABLE_TAP_LMS,11,"{""learning_rate"": 0.01, ""tap_leakage"": 0.1}",inf
B_TrumpApproval,S1_VARIABLE_TAP_LMS,12,"{""learning_rate"": 0.03, ""tap_leakage"": 0.0001}",inf
B_TrumpApproval,S1_VARIABLE_TAP_LMS,13,"{""learning_rate"": 0.03, ""tap_leakage"": 0.001}",inf
B_TrumpApproval,S1_VARIABLE_TAP_LMS,14,"{""learning_rate"": 0.03, ""tap_leakage"": 0.01}",inf
B_TrumpApproval,S1_VARIABLE_TAP_LMS,15,"{""learning_rate"": 0.03, ""tap_leakage"": 0.1}",inf
B_TrumpApproval,S2_LRU_STREAM,0,"{""state_lr"": 0.001, ""readout_lr"": 0.001, ""state_decay"": 0.9}",inf
B_TrumpApproval,S2_LRU_STREAM,1,"{""state_lr"": 0.001, ""readout_lr"": 0.001, ""state_decay"": 0.98}",inf
B_TrumpApproval,S2_LRU_STREAM,2,"{""state_lr"": 0.001, ""readout_lr"": 0.003, ""state_decay"": 0.9}",inf
B_TrumpApproval,S2_LRU_STREAM,3,"{""state_lr"": 0.001, ""readout_lr"": 0.003, ""state_decay"": 0.98}",inf
B_TrumpApproval,S2_LRU_STREAM,4,"{""state_lr"": 0.001, ""readout_lr"": 0.01, ""state_decay"": 0.9}",inf
B_TrumpApproval,S2_LRU_STREAM,5,"{""state_lr"": 0.001, ""readout_lr"": 0.01, ""state_decay"": 0.98}",inf
B_TrumpApproval,S2_LRU_STREAM,6,"{""state_lr"": 0.001, ""readout_lr"": 0.03, ""state_decay"": 0.9}",inf
B_TrumpApproval,S2_LRU_STREAM,7,"{""state_lr"": 0.001, ""readout_lr"": 0.03, ""state_decay"": 0.98}",inf
B_TrumpApproval,S2_LRU_STREAM,8,"{""state_lr"": 0.01, ""readout_lr"": 0.001, ""state_decay"": 0.9}",inf
B_TrumpApproval,S2_LRU_STREAM,9,"{""state_lr"": 0.01, ""readout_lr"": 0.001, ""state_decay"": 0.98}",inf
B_TrumpApproval,S2_LRU_STREAM,10,"{""state_lr"": 0.01, ""readout_lr"": 0.003, ""state_decay"": 0.9}",inf
B_TrumpApproval,S2_LRU_STREAM,11,"{""state_lr"": 0.01, ""readout_lr"": 0.003, ""state_decay"": 0.98}",inf
B_TrumpApproval,S2_LRU_STREAM,12,"{""state_lr"": 0.01, ""readout_lr"": 0.01, ""state_decay"": 0.9}",inf
B_TrumpApproval,S2_LRU_STREAM,13,"{""state_lr"": 0.01, ""readout_lr"": 0.01, ""state_decay"": 0.98}",inf
B_TrumpApproval,S2_LRU_STREAM,14,"{""state_lr"": 0.01, ""readout_lr"": 0.03, ""state_decay"": 0.9}",inf
B_TrumpApproval,S2_LRU_STREAM,15,"{""state_lr"": 0.01, ""readout_lr"": 0.03, ""state_decay"": 0.98}",inf
B_TrumpApproval,S3_RSONN,0,"{""learning_rate"": 0.001, ""growth_threshold"": 0.05, ""pruning_threshold"": 0.001}",990.2824694903078
B_TrumpApproval,S3_RSONN,1,"{""learning_rate"": 0.001, ""growth_threshold"": 0.05, ""pruning_threshold"": 0.005}",999.1391602532477
B_TrumpApproval,S3_RSONN,2,"{""learning_rate"": 0.001, ""growth_threshold"": 0.1, ""pruning_threshold"": 0.001}",992.6871564314562
B_TrumpApproval,S3_RSONN,3,"{""learning_rate"": 0.001, ""growth_threshold"": 0.1, ""pruning_threshold"": 0.005}",989.8772643854358
B_TrumpApproval,S3_RSONN,4,"{""learning_rate"": 0.005, ""growth_threshold"": 0.05, ""pruning_threshold"": 0.001}",325.61124496331405
B_TrumpApproval,S3_RSONN,5,"{""learning_rate"": 0.005, ""growth_threshold"": 0.05, ""pruning_threshold"": 0.005}",324.88499463255505
B_TrumpApproval,S3_RSONN,6,"{""learning_rate"": 0.005, ""growth_threshold"": 0.1, ""pruning_threshold"": 0.001}",326.4234550195414
B_TrumpApproval,S3_RSONN,7,"{""learning_rate"": 0.005, ""growth_threshold"": 0.1, ""pruning_threshold"": 0.005}",328.61489372961574
B_TrumpApproval,S3_RSONN,8,"{""learning_rate"": 0.01, ""growth_threshold"": 0.05, ""pruning_threshold"": 0.001}",191.32577720273525
B_TrumpApproval,S3_RSONN,9,"{""learning_rate"": 0.01, ""growth_threshold"": 0.05, ""pruning_threshold"": 0.005}",182.62849602996562
B_TrumpApproval,S3_RSONN,10,"{""learning_rate"": 0.01, ""growth_threshold"": 0.1, ""pruning_threshold"": 0.001}",185.53616366168686
B_TrumpApproval,S3_RSONN,11,"{""learning_rate"": 0.01, ""growth_threshold"": 0.1, ""pruning_threshold"": 0.005}",185.58452691065045
B_TrumpApproval,S3_RSONN,12,"{""learning_rate"": 0.02, ""growth_threshold"": 0.05, ""pruning_threshold"": 0.001}",120.10214006447124
B_TrumpApproval,S3_RSONN,13,"{""learning_rate"": 0.02, ""growth_threshold"": 0.05, ""pruning_threshold"": 0.005}",107.37170327679705
B_TrumpApproval,S3_RSONN,14,"{""learning_rate"": 0.02, ""growth_threshold"": 0.1, ""pruning_threshold"": 0.001}",117.50661277377121
B_TrumpApproval,S3_RSONN,15,"{""learning_rate"": 0.02, ""growth_threshold"": 0.1, ""pruning_threshold"": 0.005}",114.32348637330381
B_TrumpApproval,S4_ACESN,0,"{""reservoir_size"": 20, ""spectral_radius"": 0.85, ""compression_ratio"": 0.25, ""readout_lr"": 0.001}",417.9404276445684
B_TrumpApproval,S4_ACESN,1,"{""reservoir_size"": 20, ""spectral_radius"": 0.85, ""compression_ratio"": 0.25, ""readout_lr"": 0.01}",75.5275202795565
B_TrumpApproval,S4_ACESN,2,"{""reservoir_size"": 20, ""spectral_radius"": 0.85, ""compression_ratio"": 0.5, ""readout_lr"": 0.001}",402.47099401963106
B_TrumpApproval,S4_ACESN,3,"{""reservoir_size"": 20, ""spectral_radius"": 0.85, ""compression_ratio"": 0.5, ""readout_lr"": 0.01}",62.73224560716622
B_TrumpApproval,S4_ACESN,4,"{""reservoir_size"": 20, ""spectral_radius"": 0.95, ""compression_ratio"": 0.25, ""readout_lr"": 0.001}",416.08771900325337
B_TrumpApproval,S4_ACESN,5,"{""reservoir_size"": 20, ""spectral_radius"": 0.95, ""compression_ratio"": 0.25, ""readout_lr"": 0.01}",75.62340003291747
B_TrumpApproval,S4_ACESN,6,"{""reservoir_size"": 20, ""spectral_radius"": 0.95, ""compression_ratio"": 0.5, ""readout_lr"": 0.001}",400.73647404112995
B_TrumpApproval,S4_ACESN,7,"{""reservoir_size"": 20, ""spectral_radius"": 0.95, ""compression_ratio"": 0.5, ""readout_lr"": 0.01}",62.81389030792664
B_TrumpApproval,S4_ACESN,8,"{""reservoir_size"": 40, ""spectral_radius"": 0.85, ""compression_ratio"": 0.25, ""readout_lr"": 0.001}",260.287143007133
B_TrumpApproval,S4_ACESN,9,"{""reservoir_size"": 40, ""spectral_radius"": 0.85, ""compression_ratio"": 0.25, ""readout_lr"": 0.01}",58.36186863334874
B_TrumpApproval,S4_ACESN,10,"{""reservoir_size"": 40, ""spectral_radius"": 0.85, ""compression_ratio"": 0.5, ""readout_lr"": 0.001}",228.5442808797496
B_TrumpApproval,S4_ACESN,11,"{""reservoir_size"": 40, ""spectral_radius"": 0.85, ""compression_ratio"": 0.5, ""readout_lr"": 0.01}",44.40676402533945
B_TrumpApproval,S4_ACESN,12,"{""reservoir_size"": 40, ""spectral_radius"": 0.95, ""compression_ratio"": 0.25, ""readout_lr"": 0.001}",260.7827124217985
B_TrumpApproval,S4_ACESN,13,"{""reservoir_size"": 40, ""spectral_radius"": 0.95, ""compression_ratio"": 0.25, ""readout_lr"": 0.01}",58.27511392915874
B_TrumpApproval,S4_ACESN,14,"{""reservoir_size"": 40, ""spectral_radius"": 0.95, ""compression_ratio"": 0.5, ""readout_lr"": 0.001}",229.28715500519397
B_TrumpApproval,S4_ACESN,15,"{""reservoir_size"": 40, ""spectral_radius"": 0.95, ""compression_ratio"": 0.5, ""readout_lr"": 0.01}",44.397814624247864
B_TrumpApproval,S5_CONTINUAL_BACKPROP,0,"{""learning_rate"": 0.001, ""replacement_rate"": 0.0001, ""maturity_threshold"": 50}",inf
B_TrumpApproval,S5_CONTINUAL_BACKPROP,1,"{""learning_rate"": 0.001, ""replacement_rate"": 0.0001, ""maturity_threshold"": 100}",inf
B_TrumpApproval,S5_CONTINUAL_BACKPROP,2,"{""learning_rate"": 0.001, ""replacement_rate"": 0.001, ""maturity_threshold"": 50}",inf
B_TrumpApproval,S5_CONTINUAL_BACKPROP,3,"{""learning_rate"": 0.001, ""replacement_rate"": 0.001, ""maturity_threshold"": 100}",inf
B_TrumpApproval,S5_CONTINUAL_BACKPROP,4,"{""learning_rate"": 0.005, ""replacement_rate"": 0.0001, ""maturity_threshold"": 50}",inf
B_TrumpApproval,S5_CONTINUAL_BACKPROP,5,"{""learning_rate"": 0.005, ""replacement_rate"": 0.0001, ""maturity_threshold"": 100}",inf
B_TrumpApproval,S5_CONTINUAL_BACKPROP,6,"{""learning_rate"": 0.005, ""replacement_rate"": 0.001, ""maturity_threshold"": 50}",inf
B_TrumpApproval,S5_CONTINUAL_BACKPROP,7,"{""learning_rate"": 0.005, ""replacement_rate"": 0.001, ""maturity_threshold"": 100}",inf
B_TrumpApproval,S5_CONTINUAL_BACKPROP,8,"{""learning_rate"": 0.01, ""replacement_rate"": 0.0001, ""maturity_threshold"": 50}",inf
B_TrumpApproval,S5_CONTINUAL_BACKPROP,9,"{""learning_rate"": 0.01, ""replacement_rate"": 0.0001, ""maturity_threshold"": 100}",inf
B_TrumpApproval,S5_CONTINUAL_BACKPROP,10,"{""learning_rate"": 0.01, ""replacement_rate"": 0.001, ""maturity_threshold"": 50}",inf
B_TrumpApproval,S5_CONTINUAL_BACKPROP,11,"{""learning_rate"": 0.01, ""replacement_rate"": 0.001, ""maturity_threshold"": 100}",inf
B_TrumpApproval,S5_CONTINUAL_BACKPROP,12,"{""learning_rate"": 0.03, ""replacement_rate"": 0.0001, ""maturity_threshold"": 50}",inf
B_TrumpApproval,S5_CONTINUAL_BACKPROP,13,"{""learning_rate"": 0.03, ""replacement_rate"": 0.0001, ""maturity_threshold"": 100}",inf
B_TrumpApproval,S5_CONTINUAL_BACKPROP,14,"{""learning_rate"": 0.03, ""replacement_rate"": 0.001, ""maturity_threshold"": 50}",inf
B_TrumpApproval,S5_CONTINUAL_BACKPROP,15,"{""learning_rate"": 0.03, ""replacement_rate"": 0.001, ""maturity_threshold"": 100}",inf
B_TrumpApproval,C1_CURRENT_ONLY_LINEAR,0,"{""learning_rate"": 0.001}",inf
B_TrumpApproval,C1_CURRENT_ONLY_LINEAR,1,"{""learning_rate"": 0.003}",inf
B_TrumpApproval,C1_CURRENT_ONLY_LINEAR,2,"{""learning_rate"": 0.01}",inf
B_TrumpApproval,C1_CURRENT_ONLY_LINEAR,3,"{""learning_rate"": 0.03}",inf
B_TrumpApproval,C2_NLMS,0,"{""step_size"": 0.01}",754.7429681384998
B_TrumpApproval,C2_NLMS,1,"{""step_size"": 0.05}",210.5585673294306
B_TrumpApproval,C2_NLMS,2,"{""step_size"": 0.1}",114.7894963511543
B_TrumpApproval,C2_NLMS,3,"{""step_size"": 0.2}",64.83679308390242
B_TrumpApproval,C3_RLS,0,"{""forgetting_factor"": 0.99}",96.18075041308897
B_TrumpApproval,C3_RLS,1,"{""forgetting_factor"": 0.995}",101.45486220592743
B_TrumpApproval,C3_RLS,2,"{""forgetting_factor"": 0.999}",105.47227476126359
B_TrumpApproval,C3_RLS,3,"{""forgetting_factor"": 1.0}",106.46394685204613
B_TrumpApproval,C4_FIXED_LAG_LINEAR,0,"{""max_lag"": 4, ""learning_rate"": 0.001}",664699933209.352
B_TrumpApproval,C4_FIXED_LAG_LINEAR,1,"{""max_lag"": 4, ""learning_rate"": 0.01}",inf
B_TrumpApproval,C4_FIXED_LAG_LINEAR,2,"{""max_lag"": 8, ""learning_rate"": 0.001}",inf
B_TrumpApproval,C4_FIXED_LAG_LINEAR,3,"{""max_lag"": 8, ""learning_rate"": 0.01}",inf
B_TrumpApproval,C4_FIXED_LAG_LINEAR,4,"{""max_lag"": 16, ""learning_rate"": 0.001}",inf
B_TrumpApproval,C4_FIXED_LAG_LINEAR,5,"{""max_lag"": 16, ""learning_rate"": 0.01}",inf
B_TrumpApproval,C4_FIXED_LAG_LINEAR,6,"{""max_lag"": 32, ""learning_rate"": 0.001}",inf
B_TrumpApproval,C4_FIXED_LAG_LINEAR,7,"{""max_lag"": 32, ""learning_rate"": 0.01}",inf
B_TrumpApproval,IPNLMS,0,"{""mu"": 0.1}",119.90108585643016
B_TrumpApproval,IPNLMS,1,"{""mu"": 0.5}",37.2565023311006
C_WienerHammerstein,B1_RZA_LMS,0,"{""learning_rate"": 0.001, ""rho_zero_attraction"": 1e-06, ""epsilon_reweight"": 10.0}",0.043730960200250156
C_WienerHammerstein,B1_RZA_LMS,1,"{""learning_rate"": 0.001, ""rho_zero_attraction"": 1e-05, ""epsilon_reweight"": 10.0}",0.04495059209962247
C_WienerHammerstein,B1_RZA_LMS,2,"{""learning_rate"": 0.001, ""rho_zero_attraction"": 0.0001, ""epsilon_reweight"": 10.0}",0.06141429429396239
C_WienerHammerstein,B1_RZA_LMS,3,"{""learning_rate"": 0.001, ""rho_zero_attraction"": 0.001, ""epsilon_reweight"": 10.0}",0.06167109171642244
C_WienerHammerstein,B1_RZA_LMS,4,"{""learning_rate"": 0.003, ""rho_zero_attraction"": 1e-06, ""epsilon_reweight"": 10.0}",0.025511555617533172
C_WienerHammerstein,B1_RZA_LMS,5,"{""learning_rate"": 0.003, ""rho_zero_attraction"": 1e-05, ""epsilon_reweight"": 10.0}",0.025905351659237703
C_WienerHammerstein,B1_RZA_LMS,6,"{""learning_rate"": 0.003, ""rho_zero_attraction"": 0.0001, ""epsilon_reweight"": 10.0}",0.030995265474860718
C_WienerHammerstein,B1_RZA_LMS,7,"{""learning_rate"": 0.003, ""rho_zero_attraction"": 0.001, ""epsilon_reweight"": 10.0}",0.06135742189041434
C_WienerHammerstein,B1_RZA_LMS,8,"{""learning_rate"": 0.01, ""rho_zero_attraction"": 1e-06, ""epsilon_reweight"": 10.0}",0.010113243537345454
C_WienerHammerstein,B1_RZA_LMS,9,"{""learning_rate"": 0.01, ""rho_zero_attraction"": 1e-05, ""epsilon_reweight"": 10.0}",0.010167001600794605
C_WienerHammerstein,B1_RZA_LMS,10,"{""learning_rate"": 0.01, ""rho_zero_attraction"": 0.0001, ""epsilon_reweight"": 10.0}",0.010757307854646453
C_WienerHammerstein,B1_RZA_LMS,11,"{""learning_rate"": 0.01, ""rho_zero_attraction"": 0.001, ""epsilon_reweight"": 10.0}",0.045725636079067176
C_WienerHammerstein,B1_RZA_LMS,12,"{""learning_rate"": 0.03, ""rho_zero_attraction"": 1e-06, ""epsilon_reweight"": 10.0}",0.004416029583033047
C_WienerHammerstein,B1_RZA_LMS,13,"{""learning_rate"": 0.03, ""rho_zero_attraction"": 1e-05, ""epsilon_reweight"": 10.0}",0.00442238736726893
C_WienerHammerstein,B1_RZA_LMS,14,"{""learning_rate"": 0.03, ""rho_zero_attraction"": 0.0001, ""epsilon_reweight"": 10.0}",0.004492902770486902
C_WienerHammerstein,B1_RZA_LMS,15,"{""learning_rate"": 0.03, ""rho_zero_attraction"": 0.001, ""epsilon_reweight"": 10.0}",0.005621361722239212
C_WienerHammerstein,B2_CCN,0,"{""readout_lr"": 0.001, ""recurrent_lr"": 0.0001, ""max_columns"": 1}",0.042868302019467064
C_WienerHammerstein,B2_CCN,1,"{""readout_lr"": 0.001, ""recurrent_lr"": 0.0001, ""max_columns"": 2}",0.04282172623294622
C_WienerHammerstein,B2_CCN,2,"{""readout_lr"": 0.001, ""recurrent_lr"": 0.001, ""max_columns"": 1}",0.04286522386970682
C_WienerHammerstein,B2_CCN,3,"{""readout_lr"": 0.001, ""recurrent_lr"": 0.001, ""max_columns"": 2}",0.04281912544731556
C_WienerHammerstein,B2_CCN,4,"{""readout_lr"": 0.003, ""recurrent_lr"": 0.0001, ""max_columns"": 1}",0.024951420392742427
C_WienerHammerstein,B2_CCN,5,"{""readout_lr"": 0.003, ""recurrent_lr"": 0.0001, ""max_columns"": 2}",0.024935868070573117
C_WienerHammerstein,B2_CCN,6,"{""readout_lr"": 0.003, ""recurrent_lr"": 0.001, ""max_columns"": 1}",0.024948423099709318
C_WienerHammerstein,B2_CCN,7,"{""readout_lr"": 0.003, ""recurrent_lr"": 0.001, ""max_columns"": 2}",0.02493395808761813
C_WienerHammerstein,B2_CCN,8,"{""readout_lr"": 0.01, ""recurrent_lr"": 0.0001, ""max_columns"": 1}",0.009908055837028272
C_WienerHammerstein,B2_CCN,9,"{""readout_lr"": 0.01, ""recurrent_lr"": 0.0001, ""max_columns"": 2}",0.009912551249027193
C_WienerHammerstein,B2_CCN,10,"{""readout_lr"": 0.01, ""recurrent_lr"": 0.001, ""max_columns"": 1}",0.009907839515690171
C_WienerHammerstein,B2_CCN,11,"{""readout_lr"": 0.01, ""recurrent_lr"": 0.001, ""max_columns"": 2}",0.009912206159078387
C_WienerHammerstein,B2_CCN,12,"{""readout_lr"": 0.03, ""recurrent_lr"": 0.0001, ""max_columns"": 1}",0.004316976141486438
C_WienerHammerstein,B2_CCN,13,"{""readout_lr"": 0.03, ""recurrent_lr"": 0.0001, ""max_columns"": 2}",0.0043131987211692605
C_WienerHammerstein,B2_CCN,14,"{""readout_lr"": 0.03, ""recurrent_lr"": 0.001, ""max_columns"": 1}",0.004316896473268268
C_WienerHammerstein,B2_CCN,15,"{""readout_lr"": 0.03, ""recurrent_lr"": 0.001, ""max_columns"": 2}",0.004313279538185241
C_WienerHammerstein,B3_MUSE_RNN,0,"{""learning_rate"": 0.001, ""growth_multiplier"": 1.5, ""pruning_threshold"": 0.001}",0.061736677240243225
C_WienerHammerstein,B3_MUSE_RNN,1,"{""learning_rate"": 0.001, ""growth_multiplier"": 1.5, ""pruning_threshold"": 0.01}",0.0617137871556401
C_WienerHammerstein,B3_MUSE_RNN,2,"{""learning_rate"": 0.001, ""growth_multiplier"": 2.5, ""pruning_threshold"": 0.001}",0.0616879655394554
C_WienerHammerstein,B3_MUSE_RNN,3,"{""learning_rate"": 0.001, ""growth_multiplier"": 2.5, ""pruning_threshold"": 0.01}",0.06175240003469224
C_WienerHammerstein,B3_MUSE_RNN,4,"{""learning_rate"": 0.003, ""growth_multiplier"": 1.5, ""pruning_threshold"": 0.001}",0.06174109535280218
C_WienerHammerstein,B3_MUSE_RNN,5,"{""learning_rate"": 0.003, ""growth_multiplier"": 1.5, ""pruning_threshold"": 0.01}",0.06163434279778727
C_WienerHammerstein,B3_MUSE_RNN,6,"{""learning_rate"": 0.003, ""growth_multiplier"": 2.5, ""pruning_threshold"": 0.001}",0.06171682313544773
C_WienerHammerstein,B3_MUSE_RNN,7,"{""learning_rate"": 0.003, ""growth_multiplier"": 2.5, ""pruning_threshold"": 0.01}",0.06168169192187881
C_WienerHammerstein,B3_MUSE_RNN,8,"{""learning_rate"": 0.01, ""growth_multiplier"": 1.5, ""pruning_threshold"": 0.001}",0.06175388517244801
C_WienerHammerstein,B3_MUSE_RNN,9,"{""learning_rate"": 0.01, ""growth_multiplier"": 1.5, ""pruning_threshold"": 0.01}",0.061756013885873845
C_WienerHammerstein,B3_MUSE_RNN,10,"{""learning_rate"": 0.01, ""growth_multiplier"": 2.5, ""pruning_threshold"": 0.001}",0.061752763165676454
C_WienerHammerstein,B3_MUSE_RNN,11,"{""learning_rate"": 0.01, ""growth_multiplier"": 2.5, ""pruning_threshold"": 0.01}",0.06175505329645945
C_WienerHammerstein,B3_MUSE_RNN,12,"{""learning_rate"": 0.03, ""growth_multiplier"": 1.5, ""pruning_threshold"": 0.001}",0.06175562805116994
C_WienerHammerstein,B3_MUSE_RNN,13,"{""learning_rate"": 0.03, ""growth_multiplier"": 1.5, ""pruning_threshold"": 0.01}",0.061751691004155486
C_WienerHammerstein,B3_MUSE_RNN,14,"{""learning_rate"": 0.03, ""growth_multiplier"": 2.5, ""pruning_threshold"": 0.001}",0.06175655938691524
C_WienerHammerstein,B3_MUSE_RNN,15,"{""learning_rate"": 0.03, ""growth_multiplier"": 2.5, ""pruning_threshold"": 0.01}",0.061744743168699656
C_WienerHammerstein,B4_MINIMAL_GRU,0,"{""learning_rate"": 0.0001, ""weight_decay"": 0.9}",0.06175617139729945
C_WienerHammerstein,B4_MINIMAL_GRU,1,"{""learning_rate"": 0.0001, ""weight_decay"": 0.95}",0.06175621397056385
C_WienerHammerstein,B4_MINIMAL_GRU,2,"{""learning_rate"": 0.0001, ""weight_decay"": 0.99}",0.061756026398030274
C_WienerHammerstein,B4_MINIMAL_GRU,3,"{""learning_rate"": 0.0001, ""weight_decay"": 0.999}",0.0617564307626717
C_WienerHammerstein,B4_MINIMAL_GRU,4,"{""learning_rate"": 0.001, ""weight_decay"": 0.9}",0.06175605770426194
C_WienerHammerstein,B4_MINIMAL_GRU,5,"{""learning_rate"": 0.001, ""weight_decay"": 0.95}",0.06175584130239154
C_WienerHammerstein,B4_MINIMAL_GRU,6,"{""learning_rate"": 0.001, ""weight_decay"": 0.99}",0.06175652251775252
C_WienerHammerstein,B4_MINIMAL_GRU,7,"{""learning_rate"": 0.001, ""weight_decay"": 0.999}",0.06174059359919068
C_WienerHammerstein,B4_MINIMAL_GRU,8,"{""learning_rate"": 0.003, ""weight_decay"": 0.9}",0.06175557179640149
C_WienerHammerstein,B4_MINIMAL_GRU,9,"{""learning_rate"": 0.003, ""weight_decay"": 0.95}",0.06175516695601824
C_WienerHammerstein,B4_MINIMAL_GRU,10,"{""learning_rate"": 0.003, ""weight_decay"": 0.99}",0.06175249010284085
C_WienerHammerstein,B4_MINIMAL_GRU,11,"{""learning_rate"": 0.003, ""weight_decay"": 0.999}",0.06171640549383478
C_WienerHammerstein,B4_MINIMAL_GRU,12,"{""learning_rate"": 0.01, ""weight_decay"": 0.9}",0.06175406415518769
C_WienerHammerstein,B4_MINIMAL_GRU,13,"{""learning_rate"": 0.01, ""weight_decay"": 0.95}",0.061753080658255265
C_WienerHammerstein,B4_MINIMAL_GRU,14,"{""learning_rate"": 0.01, ""weight_decay"": 0.99}",0.061745142894959165
C_WienerHammerstein,B4_MINIMAL_GRU,15,"{""learning_rate"": 0.01, ""weight_decay"": 0.999}",0.061645880838063126
C_WienerHammerstein,B5_ONLINE_ESN,0,"{""reservoir_size"": 10, ""spectral_radius"": 0.85, ""leak_rate"": 0.3, ""readout_lr"": 0.001}",0.05878212979063888
C_WienerHammerstein,B5_ONLINE_ESN,1,"{""reservoir_size"": 10, ""spectral_radius"": 0.85, ""leak_rate"": 0.3, ""readout_lr"": 0.01}",0.04344641733831733
C_WienerHammerstein,B5_ONLINE_ESN,2,"{""reservoir_size"": 10, ""spectral_radius"": 0.85, ""leak_rate"": 0.7, ""readout_lr"": 0.001}",0.05967357602281215
C_WienerHammerstein,B5_ONLINE_ESN,3,"{""reservoir_size"": 10, ""spectral_radius"": 0.85, ""leak_rate"": 0.7, ""readout_lr"": 0.01}",0.04738212517156181
C_WienerHammerstein,B5_ONLINE_ESN,4,"{""reservoir_size"": 10, ""spectral_radius"": 0.95, ""leak_rate"": 0.3, ""readout_lr"": 0.001}",0.058432749296145114
C_WienerHammerstein,B5_ONLINE_ESN,5,"{""reservoir_size"": 10, ""spectral_radius"": 0.95, ""leak_rate"": 0.3, ""readout_lr"": 0.01}",0.04259984131058897
C_WienerHammerstein,B5_ONLINE_ESN,6,"{""reservoir_size"": 10, ""spectral_radius"": 0.95, ""leak_rate"": 0.7, ""readout_lr"": 0.001}",0.05977263034043895
C_WienerHammerstein,B5_ONLINE_ESN,7,"{""reservoir_size"": 10, ""spectral_radius"": 0.95, ""leak_rate"": 0.7, ""readout_lr"": 0.01}",0.048320944007603554
C_WienerHammerstein,B5_ONLINE_ESN,8,"{""reservoir_size"": 20, ""spectral_radius"": 0.85, ""leak_rate"": 0.3, ""readout_lr"": 0.001}",0.05570150190919663
C_WienerHammerstein,B5_ONLINE_ESN,9,"{""reservoir_size"": 20, ""spectral_radius"": 0.85, ""leak_rate"": 0.3, ""readout_lr"": 0.01}",0.029887174719717035
C_WienerHammerstein,B5_ONLINE_ESN,10,"{""reservoir_size"": 20, ""spectral_radius"": 0.85, ""leak_rate"": 0.7, ""readout_lr"": 0.001}",0.05334252731018884
C_WienerHammerstein,B5_ONLINE_ESN,11,"{""reservoir_size"": 20, ""spectral_radius"": 0.85, ""leak_rate"": 0.7, ""readout_lr"": 0.01}",0.025089878802986968
C_WienerHammerstein,B5_ONLINE_ESN,12,"{""reservoir_size"": 20, ""spectral_radius"": 0.95, ""leak_rate"": 0.3, ""readout_lr"": 0.001}",0.05408386145070321
C_WienerHammerstein,B5_ONLINE_ESN,13,"{""reservoir_size"": 20, ""spectral_radius"": 0.95, ""leak_rate"": 0.3, ""readout_lr"": 0.01}",0.026158651877619444
C_WienerHammerstein,B5_ONLINE_ESN,14,"{""reservoir_size"": 20, ""spectral_radius"": 0.95, ""leak_rate"": 0.7, ""readout_lr"": 0.001}",0.051864061894922264
C_WienerHammerstein,B5_ONLINE_ESN,15,"{""reservoir_size"": 20, ""spectral_radius"": 0.95, ""leak_rate"": 0.7, ""readout_lr"": 0.01}",0.02533745514077768
C_WienerHammerstein,S1_VARIABLE_TAP_LMS,0,"{""learning_rate"": 0.001, ""tap_leakage"": 0.0001}",0.06174412455471471
C_WienerHammerstein,S1_VARIABLE_TAP_LMS,1,"{""learning_rate"": 0.001, ""tap_leakage"": 0.001}",0.061691371997405785
C_WienerHammerstein,S1_VARIABLE_TAP_LMS,2,"{""learning_rate"": 0.001, ""tap_leakage"": 0.01}",0.06161783749334574
C_WienerHammerstein,S1_VARIABLE_TAP_LMS,3,"{""learning_rate"": 0.001, ""tap_leakage"": 0.1}",0.061609638604119756
C_WienerHammerstein,S1_VARIABLE_TAP_LMS,4,"{""learning_rate"": 0.003, ""tap_leakage"": 0.0001}",0.061646337145404385
C_WienerHammerstein,S1_VARIABLE_TAP_LMS,5,"{""learning_rate"": 0.003, ""tap_leakage"": 0.001}",0.06156824137175034
C_WienerHammerstein,S1_VARIABLE_TAP_LMS,6,"{""learning_rate"": 0.003, ""tap_leakage"": 0.01}",0.06138620216886528
C_WienerHammerstein,S1_VARIABLE_TAP_LMS,7,"{""learning_rate"": 0.003, ""tap_leakage"": 0.1}",0.06132549990432249
C_WienerHammerstein,S1_VARIABLE_TAP_LMS,8,"{""learning_rate"": 0.01, ""tap_leakage"": 0.0001}",0.061364182319465034
C_WienerHammerstein,S1_VARIABLE_TAP_LMS,9,"{""learning_rate"": 0.01, ""tap_leakage"": 0.001}",0.061267556128203025
C_WienerHammerstein,S1_VARIABLE_TAP_LMS,10,"{""learning_rate"": 0.01, ""tap_leakage"": 0.01}",0.06083100978906327
C_WienerHammerstein,S1_VARIABLE_TAP_LMS,11,"{""learning_rate"": 0.01, ""tap_leakage"": 0.1}",0.060414993818578455
C_WienerHammerstein,S1_VARIABLE_TAP_LMS,12,"{""learning_rate"": 0.03, ""tap_leakage"": 0.0001}",0.06076819790675197
C_WienerHammerstein,S1_VARIABLE_TAP_LMS,13,"{""learning_rate"": 0.03, ""tap_leakage"": 0.001}",0.06064874784163004
C_WienerHammerstein,S1_VARIABLE_TAP_LMS,14,"{""learning_rate"": 0.03, ""tap_leakage"": 0.01}",0.0599368939082525
C_WienerHammerstein,S1_VARIABLE_TAP_LMS,15,"{""learning_rate"": 0.03, ""tap_leakage"": 0.1}",0.05813811121968307
C_WienerHammerstein,S2_LRU_STREAM,0,"{""state_lr"": 0.001, ""readout_lr"": 0.001, ""state_decay"": 0.9}",0.040144005784730846
C_WienerHammerstein,S2_LRU_STREAM,1,"{""state_lr"": 0.001, ""readout_lr"": 0.001, ""state_decay"": 0.98}",0.03945395189039876
C_WienerHammerstein,S2_LRU_STREAM,2,"{""state_lr"": 0.001, ""readout_lr"": 0.003, ""state_decay"": 0.9}",0.025121551043346253
C_WienerHammerstein,S2_LRU_STREAM,3,"{""state_lr"": 0.001, ""readout_lr"": 0.003, ""state_decay"": 0.98}",0.02325236776198983
C_WienerHammerstein,S2_LRU_STREAM,4,"{""state_lr"": 0.001, ""readout_lr"": 0.01, ""state_decay"": 0.9}",0.00960387615456385
C_WienerHammerstein,S2_LRU_STREAM,5,"{""state_lr"": 0.001, ""readout_lr"": 0.01, ""state_decay"": 0.98}",0.009995892522931408
C_WienerHammerstein,S2_LRU_STREAM,6,"{""state_lr"": 0.001, ""readout_lr"": 0.03, ""state_decay"": 0.9}",0.004231518522074205
C_WienerHammerstein,S2_LRU_STREAM,7,"{""state_lr"": 0.001, ""readout_lr"": 0.03, ""state_decay"": 0.98}",0.004447891510249362
C_WienerHammerstein,S2_LRU_STREAM,8,"{""state_lr"": 0.01, ""readout_lr"": 0.001, ""state_decay"": 0.9}",0.040690569663790255
C_WienerHammerstein,S2_LRU_STREAM,9,"{""state_lr"": 0.01, ""readout_lr"": 0.001, ""state_decay"": 0.98}",0.040281562912653585
C_WienerHammerstein,S2_LRU_STREAM,10,"{""state_lr"": 0.01, ""readout_lr"": 0.003, ""state_decay"": 0.9}",0.02265369687004019
C_WienerHammerstein,S2_LRU_STREAM,11,"{""state_lr"": 0.01, ""readout_lr"": 0.003, ""state_decay"": 0.98}",0.024845441912789906
C_WienerHammerstein,S2_LRU_STREAM,12,"{""state_lr"": 0.01, ""readout_lr"": 0.01, ""state_decay"": 0.9}",0.010127129615939734
C_WienerHammerstein,S2_LRU_STREAM,13,"{""state_lr"": 0.01, ""readout_lr"": 0.01, ""state_decay"": 0.98}",0.00982844195618341
C_WienerHammerstein,S2_LRU_STREAM,14,"{""state_lr"": 0.01, ""readout_lr"": 0.03, ""state_decay"": 0.9}",0.004198254320133662
C_WienerHammerstein,S2_LRU_STREAM,15,"{""state_lr"": 0.01, ""readout_lr"": 0.03, ""state_decay"": 0.98}",0.00438578296181775
C_WienerHammerstein,S3_RSONN,0,"{""learning_rate"": 0.001, ""growth_threshold"": 0.05, ""pruning_threshold"": 0.001}",0.06009942365320483
C_WienerHammerstein,S3_RSONN,1,"{""learning_rate"": 0.001, ""growth_threshold"": 0.05, ""pruning_threshold"": 0.005}",0.06014831438052085
C_WienerHammerstein,S3_RSONN,2,"{""learning_rate"": 0.001, ""growth_threshold"": 0.1, ""pruning_threshold"": 0.001}",0.06012364053550529
C_WienerHammerstein,S3_RSONN,3,"{""learning_rate"": 0.001, ""growth_threshold"": 0.1, ""pruning_threshold"": 0.005}",0.06024100881926394
C_WienerHammerstein,S3_RSONN,4,"{""learning_rate"": 0.005, ""growth_threshold"": 0.05, ""pruning_threshold"": 0.001}",0.05880729909745358
C_WienerHammerstein,S3_RSONN,5,"{""learning_rate"": 0.005, ""growth_threshold"": 0.05, ""pruning_threshold"": 0.005}",0.059057491309362616
C_WienerHammerstein,S3_RSONN,6,"{""learning_rate"": 0.005, ""growth_threshold"": 0.1, ""pruning_threshold"": 0.001}",0.058794661982124914
C_WienerHammerstein,S3_RSONN,7,"{""learning_rate"": 0.005, ""growth_threshold"": 0.1, ""pruning_threshold"": 0.005}",0.05902741273612048
C_WienerHammerstein,S3_RSONN,8,"{""learning_rate"": 0.01, ""growth_threshold"": 0.05, ""pruning_threshold"": 0.001}",0.057531476099303064
C_WienerHammerstein,S3_RSONN,9,"{""learning_rate"": 0.01, ""growth_threshold"": 0.05, ""pruning_threshold"": 0.005}",0.0581171023433358
C_WienerHammerstein,S3_RSONN,10,"{""learning_rate"": 0.01, ""growth_threshold"": 0.1, ""pruning_threshold"": 0.001}",0.05752847781087685
C_WienerHammerstein,S3_RSONN,11,"{""learning_rate"": 0.01, ""growth_threshold"": 0.1, ""pruning_threshold"": 0.005}",0.0581205129566183
C_WienerHammerstein,S3_RSONN,12,"{""learning_rate"": 0.02, ""growth_threshold"": 0.05, ""pruning_threshold"": 0.001}",0.054696299802041964
C_WienerHammerstein,S3_RSONN,13,"{""learning_rate"": 0.02, ""growth_threshold"": 0.05, ""pruning_threshold"": 0.005}",0.05557819891834478
C_WienerHammerstein,S3_RSONN,14,"{""learning_rate"": 0.02, ""growth_threshold"": 0.1, ""pruning_threshold"": 0.001}",0.05471952446413327
C_WienerHammerstein,S3_RSONN,15,"{""learning_rate"": 0.02, ""growth_threshold"": 0.1, ""pruning_threshold"": 0.005}",0.05561943976930545
C_WienerHammerstein,S4_ACESN,0,"{""reservoir_size"": 20, ""spectral_radius"": 0.85, ""compression_ratio"": 0.25, ""readout_lr"": 0.001}",0.05283324728677022
C_WienerHammerstein,S4_ACESN,1,"{""reservoir_size"": 20, ""spectral_radius"": 0.85, ""compression_ratio"": 0.25, ""readout_lr"": 0.01}",0.026823648116546722
C_WienerHammerstein,S4_ACESN,2,"{""reservoir_size"": 20, ""spectral_radius"": 0.85, ""compression_ratio"": 0.5, ""readout_lr"": 0.001}",0.0528316239906493
C_WienerHammerstein,S4_ACESN,3,"{""reservoir_size"": 20, ""spectral_radius"": 0.85, ""compression_ratio"": 0.5, ""readout_lr"": 0.01}",0.026820317223945858
C_WienerHammerstein,S4_ACESN,4,"{""reservoir_size"": 20, ""spectral_radius"": 0.95, ""compression_ratio"": 0.25, ""readout_lr"": 0.001}",0.05182322248164448
C_WienerHammerstein,S4_ACESN,5,"{""reservoir_size"": 20, ""spectral_radius"": 0.95, ""compression_ratio"": 0.25, ""readout_lr"": 0.01}",0.028648658062077326
C_WienerHammerstein,S4_ACESN,6,"{""reservoir_size"": 20, ""spectral_radius"": 0.95, ""compression_ratio"": 0.5, ""readout_lr"": 0.001}",0.05182228489358545
C_WienerHammerstein,S4_ACESN,7,"{""reservoir_size"": 20, ""spectral_radius"": 0.95, ""compression_ratio"": 0.5, ""readout_lr"": 0.01}",0.02864835317526336
C_WienerHammerstein,S4_ACESN,8,"{""reservoir_size"": 40, ""spectral_radius"": 0.85, ""compression_ratio"": 0.25, ""readout_lr"": 0.001}",0.048289973048493924
C_WienerHammerstein,S4_ACESN,9,"{""reservoir_size"": 40, ""spectral_radius"": 0.85, ""compression_ratio"": 0.25, ""readout_lr"": 0.01}",0.020724528209530385
C_WienerHammerstein,S4_ACESN,10,"{""reservoir_size"": 40, ""spectral_radius"": 0.85, ""compression_ratio"": 0.5, ""readout_lr"": 0.001}",0.04825131262110067
C_WienerHammerstein,S4_ACESN,11,"{""reservoir_size"": 40, ""spectral_radius"": 0.85, ""compression_ratio"": 0.5, ""readout_lr"": 0.01}",0.0206280617967744
C_WienerHammerstein,S4_ACESN,12,"{""reservoir_size"": 40, ""spectral_radius"": 0.95, ""compression_ratio"": 0.25, ""readout_lr"": 0.001}",0.04804563796926418
C_WienerHammerstein,S4_ACESN,13,"{""reservoir_size"": 40, ""spectral_radius"": 0.95, ""compression_ratio"": 0.25, ""readout_lr"": 0.01}",0.021093437907021406
C_WienerHammerstein,S4_ACESN,14,"{""reservoir_size"": 40, ""spectral_radius"": 0.95, ""compression_ratio"": 0.5, ""readout_lr"": 0.001}",0.048009973006538136
C_WienerHammerstein,S4_ACESN,15,"{""reservoir_size"": 40, ""spectral_radius"": 0.95, ""compression_ratio"": 0.5, ""readout_lr"": 0.01}",0.021019222865707638
C_WienerHammerstein,S5_CONTINUAL_BACKPROP,0,"{""learning_rate"": 0.001, ""replacement_rate"": 0.0001, ""maturity_threshold"": 50}",0.04386867682305431
C_WienerHammerstein,S5_CONTINUAL_BACKPROP,1,"{""learning_rate"": 0.001, ""replacement_rate"": 0.0001, ""maturity_threshold"": 100}",0.04317287196647371
C_WienerHammerstein,S5_CONTINUAL_BACKPROP,2,"{""learning_rate"": 0.001, ""replacement_rate"": 0.001, ""maturity_threshold"": 50}",0.04378277335721615
C_WienerHammerstein,S5_CONTINUAL_BACKPROP,3,"{""learning_rate"": 0.001, ""replacement_rate"": 0.001, ""maturity_threshold"": 100}",0.04405273636072785
C_WienerHammerstein,S5_CONTINUAL_BACKPROP,4,"{""learning_rate"": 0.005, ""replacement_rate"": 0.0001, ""maturity_threshold"": 50}",0.017510225013633866
C_WienerHammerstein,S5_CONTINUAL_BACKPROP,5,"{""learning_rate"": 0.005, ""replacement_rate"": 0.0001, ""maturity_threshold"": 100}",0.017511891490859785
C_WienerHammerstein,S5_CONTINUAL_BACKPROP,6,"{""learning_rate"": 0.005, ""replacement_rate"": 0.001, ""maturity_threshold"": 50}",0.017392615637505233
C_WienerHammerstein,S5_CONTINUAL_BACKPROP,7,"{""learning_rate"": 0.005, ""replacement_rate"": 0.001, ""maturity_threshold"": 100}",0.01719925952614992
C_WienerHammerstein,S5_CONTINUAL_BACKPROP,8,"{""learning_rate"": 0.01, ""replacement_rate"": 0.0001, ""maturity_threshold"": 50}",0.009987128504547771
C_WienerHammerstein,S5_CONTINUAL_BACKPROP,9,"{""learning_rate"": 0.01, ""replacement_rate"": 0.0001, ""maturity_threshold"": 100}",0.010189183444920332
C_WienerHammerstein,S5_CONTINUAL_BACKPROP,10,"{""learning_rate"": 0.01, ""replacement_rate"": 0.001, ""maturity_threshold"": 50}",0.010395357573942166
C_WienerHammerstein,S5_CONTINUAL_BACKPROP,11,"{""learning_rate"": 0.01, ""replacement_rate"": 0.001, ""maturity_threshold"": 100}",0.010091932194891249
C_WienerHammerstein,S5_CONTINUAL_BACKPROP,12,"{""learning_rate"": 0.03, ""replacement_rate"": 0.0001, ""maturity_threshold"": 50}",0.004360731638076253
C_WienerHammerstein,S5_CONTINUAL_BACKPROP,13,"{""learning_rate"": 0.03, ""replacement_rate"": 0.0001, ""maturity_threshold"": 100}",0.004431394223299217
C_WienerHammerstein,S5_CONTINUAL_BACKPROP,14,"{""learning_rate"": 0.03, ""replacement_rate"": 0.001, ""maturity_threshold"": 50}",0.004460077648816147
C_WienerHammerstein,S5_CONTINUAL_BACKPROP,15,"{""learning_rate"": 0.03, ""replacement_rate"": 0.001, ""maturity_threshold"": 100}",0.004423021346848482
C_WienerHammerstein,C1_CURRENT_ONLY_LINEAR,0,"{""learning_rate"": 0.001}",0.043601470283050205
C_WienerHammerstein,C1_CURRENT_ONLY_LINEAR,1,"{""learning_rate"": 0.003}",0.02546880487822328
C_WienerHammerstein,C1_CURRENT_ONLY_LINEAR,2,"{""learning_rate"": 0.01}",0.010107372736086419
C_WienerHammerstein,C1_CURRENT_ONLY_LINEAR,3,"{""learning_rate"": 0.03}",0.004415339440035186
C_WienerHammerstein,C2_NLMS,0,"{""step_size"": 0.01}",0.0033488586752022636
C_WienerHammerstein,C2_NLMS,1,"{""step_size"": 0.05}",0.0016896342944322078
C_WienerHammerstein,C2_NLMS,2,"{""step_size"": 0.1}",0.0017304713666870797
C_WienerHammerstein,C2_NLMS,3,"{""step_size"": 0.2}",0.0019362040058547886
C_WienerHammerstein,C3_RLS,0,"{""forgetting_factor"": 0.99}",0.09397755739197998
C_WienerHammerstein,C3_RLS,1,"{""forgetting_factor"": 0.995}",0.0013888976490570263
C_WienerHammerstein,C3_RLS,2,"{""forgetting_factor"": 0.999}",0.0014827309450866756
C_WienerHammerstein,C3_RLS,3,"{""forgetting_factor"": 1.0}",0.0016629408199755151
C_WienerHammerstein,C4_FIXED_LAG_LINEAR,0,"{""max_lag"": 4, ""learning_rate"": 0.001}",0.061714904219310064
C_WienerHammerstein,C4_FIXED_LAG_LINEAR,1,"{""max_lag"": 4, ""learning_rate"": 0.01}",0.06105772813318381
C_WienerHammerstein,C4_FIXED_LAG_LINEAR,2,"{""max_lag"": 8, ""learning_rate"": 0.001}",0.059514528639506424
C_WienerHammerstein,C4_FIXED_LAG_LINEAR,3,"{""max_lag"": 8, ""learning_rate"": 0.01}",0.057311237031278384
C_WienerHammerstein,C4_FIXED_LAG_LINEAR,4,"{""max_lag"": 16, ""learning_rate"": 0.001}",0.025273791083506105
C_WienerHammerstein,C4_FIXED_LAG_LINEAR,5,"{""max_lag"": 16, ""learning_rate"": 0.01}",0.01914494401078535
C_WienerHammerstein,C4_FIXED_LAG_LINEAR,6,"{""max_lag"": 32, ""learning_rate"": 0.001}",0.007195441756901758
C_WienerHammerstein,C4_FIXED_LAG_LINEAR,7,"{""max_lag"": 32, ""learning_rate"": 0.01}",0.003461167747986101
C_WienerHammerstein,IPNLMS,0,"{""mu"": 0.1}",0.0021063882311414877
C_WienerHammerstein,IPNLMS,1,"{""mu"": 0.5}",0.0017886903330521402
C_CascadedTanks,B1_RZA_LMS,0,"{""learning_rate"": 0.001, ""rho_zero_attraction"": 1e-06, ""epsilon_reweight"": 10.0}",1.680161286637236
C_CascadedTanks,B1_RZA_LMS,1,"{""learning_rate"": 0.001, ""rho_zero_attraction"": 1e-05, ""epsilon_reweight"": 10.0}",1.6804306003229839
C_CascadedTanks,B1_RZA_LMS,2,"{""learning_rate"": 0.001, ""rho_zero_attraction"": 0.0001, ""epsilon_reweight"": 10.0}",1.6831356971105385
C_CascadedTanks,B1_RZA_LMS,3,"{""learning_rate"": 0.001, ""rho_zero_attraction"": 0.001, ""epsilon_reweight"": 10.0}",1.711420127623487
C_CascadedTanks,B1_RZA_LMS,4,"{""learning_rate"": 0.003, ""rho_zero_attraction"": 1e-06, ""epsilon_reweight"": 10.0}",0.5902964729245852
C_CascadedTanks,B1_RZA_LMS,5,"{""learning_rate"": 0.003, ""rho_zero_attraction"": 1e-05, ""epsilon_reweight"": 10.0}",0.5902953774947016
C_CascadedTanks,B1_RZA_LMS,6,"{""learning_rate"": 0.003, ""rho_zero_attraction"": 0.0001, ""epsilon_reweight"": 10.0}",0.5902852457108232
C_CascadedTanks,B1_RZA_LMS,7,"{""learning_rate"": 0.003, ""rho_zero_attraction"": 0.001, ""epsilon_reweight"": 10.0}",0.5902676929021664
C_CascadedTanks,B1_RZA_LMS,8,"{""learning_rate"": 0.01, ""rho_zero_attraction"": 1e-06, ""epsilon_reweight"": 10.0}",0.2286661838476863
C_CascadedTanks,B1_RZA_LMS,9,"{""learning_rate"": 0.01, ""rho_zero_attraction"": 1e-05, ""epsilon_reweight"": 10.0}",0.22866276493740267
C_CascadedTanks,B1_RZA_LMS,10,"{""learning_rate"": 0.01, ""rho_zero_attraction"": 0.0001, ""epsilon_reweight"": 10.0}",0.22862862679197593
C_CascadedTanks,B1_RZA_LMS,11,"{""learning_rate"": 0.01, ""rho_zero_attraction"": 0.001, ""epsilon_reweight"": 10.0}",0.22829237810090777
C_CascadedTanks,B1_RZA_LMS,12,"{""learning_rate"": 0.03, ""rho_zero_attraction"": 1e-06, ""epsilon_reweight"": 10.0}",14930703.284163348
C_CascadedTanks,B1_RZA_LMS,13,"{""learning_rate"": 0.03, ""rho_zero_attraction"": 1e-05, ""epsilon_reweight"": 10.0}",14930472.170083312
C_CascadedTanks,B1_RZA_LMS,14,"{""learning_rate"": 0.03, ""rho_zero_attraction"": 0.0001, ""epsilon_reweight"": 10.0}",14928165.292969368
C_CascadedTanks,B1_RZA_LMS,15,"{""learning_rate"": 0.03, ""rho_zero_attraction"": 0.001, ""epsilon_reweight"": 10.0}",14905527.436076557
C_CascadedTanks,B2_CCN,0,"{""readout_lr"": 0.001, ""recurrent_lr"": 0.0001, ""max_columns"": 1}",1.6690043624050166
C_CascadedTanks,B2_CCN,1,"{""readout_lr"": 0.001, ""recurrent_lr"": 0.0001, ""max_columns"": 2}",1.669241228548031
C_CascadedTanks,B2_CCN,2,"{""readout_lr"": 0.001, ""recurrent_lr"": 0.001, ""max_columns"": 1}",1.6682590432090736
C_CascadedTanks,B2_CCN,3,"{""readout_lr"": 0.001, ""recurrent_lr"": 0.001, ""max_columns"": 2}",1.669024919715433
C_CascadedTanks,B2_CCN,4,"{""readout_lr"": 0.003, ""recurrent_lr"": 0.0001, ""max_columns"": 1}",0.5869054201252885
C_CascadedTanks,B2_CCN,5,"{""readout_lr"": 0.003, ""recurrent_lr"": 0.0001, ""max_columns"": 2}",0.5864771436482523
C_CascadedTanks,B2_CCN,6,"{""readout_lr"": 0.003, ""recurrent_lr"": 0.001, ""max_columns"": 1}",0.5867066469383976
C_CascadedTanks,B2_CCN,7,"{""readout_lr"": 0.003, ""recurrent_lr"": 0.001, ""max_columns"": 2}",0.5868359344157973
C_CascadedTanks,B2_CCN,8,"{""readout_lr"": 0.01, ""recurrent_lr"": 0.0001, ""max_columns"": 1}",0.22719667771999266
C_CascadedTanks,B2_CCN,9,"{""readout_lr"": 0.01, ""recurrent_lr"": 0.0001, ""max_columns"": 2}",0.22718247944804656
C_CascadedTanks,B2_CCN,10,"{""readout_lr"": 0.01, ""recurrent_lr"": 0.001, ""max_columns"": 1}",0.22717636562552448
C_CascadedTanks,B2_CCN,11,"{""readout_lr"": 0.01, ""recurrent_lr"": 0.001, ""max_columns"": 2}",0.22724332146544637
C_CascadedTanks,B2_CCN,12,"{""readout_lr"": 0.03, ""recurrent_lr"": 0.0001, ""max_columns"": 1}",35977336.09984516
C_CascadedTanks,B2_CCN,13,"{""readout_lr"": 0.03, ""recurrent_lr"": 0.0001, ""max_columns"": 2}",36216260.60998213
C_CascadedTanks,B2_CCN,14,"{""readout_lr"": 0.03, ""recurrent_lr"": 0.001, ""max_columns"": 1}",38077239.49463823
C_CascadedTanks,B2_CCN,15,"{""readout_lr"": 0.03, ""recurrent_lr"": 0.001, ""max_columns"": 2}",38553920.012283966
C_CascadedTanks,B3_MUSE_RNN,0,"{""learning_rate"": 0.001, ""growth_multiplier"": 1.5, ""pruning_threshold"": 0.001}",50.17810781927765
C_CascadedTanks,B3_MUSE_RNN,1,"{""learning_rate"": 0.001, ""growth_multiplier"": 1.5, ""pruning_threshold"": 0.01}",50.17916748089795
C_CascadedTanks,B3_MUSE_RNN,2,"{""learning_rate"": 0.001, ""growth_multiplier"": 2.5, ""pruning_threshold"": 0.001}",50.17784382483622
C_CascadedTanks,B3_MUSE_RNN,3,"{""learning_rate"": 0.001, ""growth_multiplier"": 2.5, ""pruning_threshold"": 0.01}",50.178469226856656
C_CascadedTanks,B3_MUSE_RNN,4,"{""learning_rate"": 0.003, ""growth_multiplier"": 1.5, ""pruning_threshold"": 0.001}",50.200618482608526
C_CascadedTanks,B3_MUSE_RNN,5,"{""learning_rate"": 0.003, ""growth_multiplier"": 1.5, ""pruning_threshold"": 0.01}",50.18502512509708
C_CascadedTanks,B3_MUSE_RNN,6,"{""learning_rate"": 0.003, ""growth_multiplier"": 2.5, ""pruning_threshold"": 0.001}",50.16597291902946
C_CascadedTanks,B3_MUSE_RNN,7,"{""learning_rate"": 0.003, ""growth_multiplier"": 2.5, ""pruning_threshold"": 0.01}",50.15760391485791
C_CascadedTanks,B3_MUSE_RNN,8,"{""learning_rate"": 0.01, ""growth_multiplier"": 1.5, ""pruning_threshold"": 0.001}",38.50084578600663
C_CascadedTanks,B3_MUSE_RNN,9,"{""learning_rate"": 0.01, ""growth_multiplier"": 1.5, ""pruning_threshold"": 0.01}",44.50675405404835
C_CascadedTanks,B3_MUSE_RNN,10,"{""learning_rate"": 0.01, ""growth_multiplier"": 2.5, ""pruning_threshold"": 0.001}",33.18421262723424
C_CascadedTanks,B3_MUSE_RNN,11,"{""learning_rate"": 0.01, ""growth_multiplier"": 2.5, ""pruning_threshold"": 0.01}",38.88742597008518
C_CascadedTanks,B3_MUSE_RNN,12,"{""learning_rate"": 0.03, ""growth_multiplier"": 1.5, ""pruning_threshold"": 0.001}",6.7889511222209675
C_CascadedTanks,B3_MUSE_RNN,13,"{""learning_rate"": 0.03, ""growth_multiplier"": 1.5, ""pruning_threshold"": 0.01}",6.212478630396345
C_CascadedTanks,B3_MUSE_RNN,14,"{""learning_rate"": 0.03, ""growth_multiplier"": 2.5, ""pruning_threshold"": 0.001}",9.320706633673263
C_CascadedTanks,B3_MUSE_RNN,15,"{""learning_rate"": 0.03, ""growth_multiplier"": 2.5, ""pruning_threshold"": 0.01}",6.229734595008296
C_CascadedTanks,B4_MINIMAL_GRU,0,"{""learning_rate"": 0.0001, ""weight_decay"": 0.9}",50.17514236798218
C_CascadedTanks,B4_MINIMAL_GRU,1,"{""learning_rate"": 0.0001, ""weight_decay"": 0.95}",50.16813260466021
C_CascadedTanks,B4_MINIMAL_GRU,2,"{""learning_rate"": 0.0001, ""weight_decay"": 0.99}",50.11793456630729
C_CascadedTanks,B4_MINIMAL_GRU,3,"{""learning_rate"": 0.0001, ""weight_decay"": 0.999}",50.121313053371495
C_CascadedTanks,B4_MINIMAL_GRU,4,"{""learning_rate"": 0.001, ""weight_decay"": 0.9}",50.103490162207976
C_CascadedTanks,B4_MINIMAL_GRU,5,"{""learning_rate"": 0.001, ""weight_decay"": 0.95}",49.92982977458123
C_CascadedTanks,B4_MINIMAL_GRU,6,"{""learning_rate"": 0.001, ""weight_decay"": 0.99}",47.21728594110027
C_CascadedTanks,B4_MINIMAL_GRU,7,"{""learning_rate"": 0.001, ""weight_decay"": 0.999}",44.9124984362907
C_CascadedTanks,B4_MINIMAL_GRU,8,"{""learning_rate"": 0.003, ""weight_decay"": 0.9}",41.01747396048075
C_CascadedTanks,B4_MINIMAL_GRU,9,"{""learning_rate"": 0.003, ""weight_decay"": 0.95}",35.205676708559054
C_CascadedTanks,B4_MINIMAL_GRU,10,"{""learning_rate"": 0.003, ""weight_decay"": 0.99}",30.40229013875756
C_CascadedTanks,B4_MINIMAL_GRU,11,"{""learning_rate"": 0.003, ""weight_decay"": 0.999}",30.157237830468357
C_CascadedTanks,B4_MINIMAL_GRU,12,"{""learning_rate"": 0.01, ""weight_decay"": 0.9}",12.2550932764971
C_CascadedTanks,B4_MINIMAL_GRU,13,"{""learning_rate"": 0.01, ""weight_decay"": 0.95}",11.364707102171765
C_CascadedTanks,B4_MINIMAL_GRU,14,"{""learning_rate"": 0.01, ""weight_decay"": 0.99}",11.077956230688683
C_CascadedTanks,B4_MINIMAL_GRU,15,"{""learning_rate"": 0.01, ""weight_decay"": 0.999}",11.009818246738982
C_CascadedTanks,B5_ONLINE_ESN,0,"{""reservoir_size"": 10, ""spectral_radius"": 0.85, ""leak_rate"": 0.3, ""readout_lr"": 0.001}",24.9355590058336
C_CascadedTanks,B5_ONLINE_ESN,1,"{""reservoir_size"": 10, ""spectral_radius"": 0.85, ""leak_rate"": 0.3, ""readout_lr"": 0.01}",3.093381974833143
C_CascadedTanks,B5_ONLINE_ESN,2,"{""reservoir_size"": 10, ""spectral_radius"": 0.85, ""leak_rate"": 0.7, ""readout_lr"": 0.001}",24.808889773264294
C_CascadedTanks,B5_ONLINE_ESN,3,"{""reservoir_size"": 10, ""spectral_radius"": 0.85, ""leak_rate"": 0.7, ""readout_lr"": 0.01}",2.9496707631652286
C_CascadedTanks,B5_ONLINE_ESN,4,"{""reservoir_size"": 10, ""spectral_radius"": 0.95, ""leak_rate"": 0.3, ""readout_lr"": 0.001}",24.735764247309167
C_CascadedTanks,B5_ONLINE_ESN,5,"{""reservoir_size"": 10, ""spectral_radius"": 0.95, ""leak_rate"": 0.3, ""readout_lr"": 0.01}",3.0667918273030224
C_CascadedTanks,B5_ONLINE_ESN,6,"{""reservoir_size"": 10, ""spectral_radius"": 0.95, ""leak_rate"": 0.7, ""readout_lr"": 0.001}",24.613296962540204
C_CascadedTanks,B5_ONLINE_ESN,7,"{""reservoir_size"": 10, ""spectral_radius"": 0.95, ""leak_rate"": 0.7, ""readout_lr"": 0.01}",2.9216517389279457
C_CascadedTanks,B5_ONLINE_ESN,8,"{""reservoir_size"": 20, ""spectral_radius"": 0.85, ""leak_rate"": 0.3, ""readout_lr"": 0.001}",13.724565398730556
C_CascadedTanks,B5_ONLINE_ESN,9,"{""reservoir_size"": 20, ""spectral_radius"": 0.85, ""leak_rate"": 0.3, ""readout_lr"": 0.01}",1.5486591581150637
C_CascadedTanks,B5_ONLINE_ESN,10,"{""reservoir_size"": 20, ""spectral_radius"": 0.85, ""leak_rate"": 0.7, ""readout_lr"": 0.001}",13.44081510011708
C_CascadedTanks,B5_ONLINE_ESN,11,"{""reservoir_size"": 20, ""spectral_radius"": 0.85, ""leak_rate"": 0.7, ""readout_lr"": 0.01}",1.3309439990609429
C_CascadedTanks,B5_ONLINE_ESN,12,"{""reservoir_size"": 20, ""spectral_radius"": 0.95, ""leak_rate"": 0.3, ""readout_lr"": 0.001}",13.445691857004874
C_CascadedTanks,B5_ONLINE_ESN,13,"{""reservoir_size"": 20, ""spectral_radius"": 0.95, ""leak_rate"": 0.3, ""readout_lr"": 0.01}",1.529212182916161
C_CascadedTanks,B5_ONLINE_ESN,14,"{""reservoir_size"": 20, ""spectral_radius"": 0.95, ""leak_rate"": 0.7, ""readout_lr"": 0.001}",13.161279593140904
C_CascadedTanks,B5_ONLINE_ESN,15,"{""reservoir_size"": 20, ""spectral_radius"": 0.95, ""leak_rate"": 0.7, ""readout_lr"": 0.01}",1.318247572844862
C_CascadedTanks,S1_VARIABLE_TAP_LMS,0,"{""learning_rate"": 0.001, ""tap_leakage"": 0.0001}",3.421339898907799
C_CascadedTanks,S1_VARIABLE_TAP_LMS,1,"{""learning_rate"": 0.001, ""tap_leakage"": 0.001}",3.292636692998387
C_CascadedTanks,S1_VARIABLE_TAP_LMS,2,"{""learning_rate"": 0.001, ""tap_leakage"": 0.01}",2.961832741092261
C_CascadedTanks,S1_VARIABLE_TAP_LMS,3,"{""learning_rate"": 0.001, ""tap_leakage"": 0.1}",8.9705442642437
C_CascadedTanks,S1_VARIABLE_TAP_LMS,4,"{""learning_rate"": 0.003, ""tap_leakage"": 0.0001}",1.0780316198223945
C_CascadedTanks,S1_VARIABLE_TAP_LMS,5,"{""learning_rate"": 0.003, ""tap_leakage"": 0.001}",1.0429782441574986
C_CascadedTanks,S1_VARIABLE_TAP_LMS,6,"{""learning_rate"": 0.003, ""tap_leakage"": 0.01}",0.8308194022049662
C_CascadedTanks,S1_VARIABLE_TAP_LMS,7,"{""learning_rate"": 0.003, ""tap_leakage"": 0.1}",6.689682877881842
C_CascadedTanks,S1_VARIABLE_TAP_LMS,8,"{""learning_rate"": 0.01, ""tap_leakage"": 0.0001}",200661014499.85654
C_CascadedTanks,S1_VARIABLE_TAP_LMS,9,"{""learning_rate"": 0.01, ""tap_leakage"": 0.001}",inf
C_CascadedTanks,S1_VARIABLE_TAP_LMS,10,"{""learning_rate"": 0.01, ""tap_leakage"": 0.01}",inf
C_CascadedTanks,S1_VARIABLE_TAP_LMS,11,"{""learning_rate"": 0.01, ""tap_leakage"": 0.1}",inf
C_CascadedTanks,S1_VARIABLE_TAP_LMS,12,"{""learning_rate"": 0.03, ""tap_leakage"": 0.0001}",inf
C_CascadedTanks,S1_VARIABLE_TAP_LMS,13,"{""learning_rate"": 0.03, ""tap_leakage"": 0.001}",inf
C_CascadedTanks,S1_VARIABLE_TAP_LMS,14,"{""learning_rate"": 0.03, ""tap_leakage"": 0.01}",inf
C_CascadedTanks,S1_VARIABLE_TAP_LMS,15,"{""learning_rate"": 0.03, ""tap_leakage"": 0.1}",inf
C_CascadedTanks,S2_LRU_STREAM,0,"{""state_lr"": 0.001, ""readout_lr"": 0.001, ""state_decay"": 0.9}",1.1251385631749118
C_CascadedTanks,S2_LRU_STREAM,1,"{""state_lr"": 0.001, ""readout_lr"": 0.001, ""state_decay"": 0.98}",1.045453762042815
C_CascadedTanks,S2_LRU_STREAM,2,"{""state_lr"": 0.001, ""readout_lr"": 0.003, ""state_decay"": 0.9}",0.5542530801865474
C_CascadedTanks,S2_LRU_STREAM,3,"{""state_lr"": 0.001, ""readout_lr"": 0.003, ""state_decay"": 0.98}",inf
C_CascadedTanks,S2_LRU_STREAM,4,"{""state_lr"": 0.001, ""readout_lr"": 0.01, ""state_decay"": 0.9}",0.2246662048402389
C_CascadedTanks,S2_LRU_STREAM,5,"{""state_lr"": 0.001, ""readout_lr"": 0.01, ""state_decay"": 0.98}",0.223955773575596
C_CascadedTanks,S2_LRU_STREAM,6,"{""state_lr"": 0.001, ""readout_lr"": 0.03, ""state_decay"": 0.9}",inf
C_CascadedTanks,S2_LRU_STREAM,7,"{""state_lr"": 0.001, ""readout_lr"": 0.03, ""state_decay"": 0.98}",inf
C_CascadedTanks,S2_LRU_STREAM,8,"{""state_lr"": 0.01, ""readout_lr"": 0.001, ""state_decay"": 0.9}",0.6822094173648873
C_CascadedTanks,S2_LRU_STREAM,9,"{""state_lr"": 0.01, ""readout_lr"": 0.001, ""state_decay"": 0.98}",inf
C_CascadedTanks,S2_LRU_STREAM,10,"{""state_lr"": 0.01, ""readout_lr"": 0.003, ""state_decay"": 0.9}",0.4536498023221373
C_CascadedTanks,S2_LRU_STREAM,11,"{""state_lr"": 0.01, ""readout_lr"": 0.003, ""state_decay"": 0.98}",inf
C_CascadedTanks,S2_LRU_STREAM,12,"{""state_lr"": 0.01, ""readout_lr"": 0.01, ""state_decay"": 0.9}",0.21315951119471013
C_CascadedTanks,S2_LRU_STREAM,13,"{""state_lr"": 0.01, ""readout_lr"": 0.01, ""state_decay"": 0.98}",inf
C_CascadedTanks,S2_LRU_STREAM,14,"{""state_lr"": 0.01, ""readout_lr"": 0.03, ""state_decay"": 0.9}",inf
C_CascadedTanks,S2_LRU_STREAM,15,"{""state_lr"": 0.01, ""readout_lr"": 0.03, ""state_decay"": 0.98}",inf
C_CascadedTanks,S3_RSONN,0,"{""learning_rate"": 0.001, ""growth_threshold"": 0.05, ""pruning_threshold"": 0.001}",28.144031024679744
C_CascadedTanks,S3_RSONN,1,"{""learning_rate"": 0.001, ""growth_threshold"": 0.05, ""pruning_threshold"": 0.005}",30.956841567887114
C_CascadedTanks,S3_RSONN,2,"{""learning_rate"": 0.001, ""growth_threshold"": 0.1, ""pruning_threshold"": 0.001}",27.375661183709724
C_CascadedTanks,S3_RSONN,3,"{""learning_rate"": 0.001, ""growth_threshold"": 0.1, ""pruning_threshold"": 0.005}",30.596014169224812
C_CascadedTanks,S3_RSONN,4,"{""learning_rate"": 0.005, ""growth_threshold"": 0.05, ""pruning_threshold"": 0.001}",6.236976145428737
C_CascadedTanks,S3_RSONN,5,"{""learning_rate"": 0.005, ""growth_threshold"": 0.05, ""pruning_threshold"": 0.005}",6.118354654778198
C_CascadedTanks,S3_RSONN,6,"{""learning_rate"": 0.005, ""growth_threshold"": 0.1, ""pruning_threshold"": 0.001}",6.154101570223727
C_CascadedTanks,S3_RSONN,7,"{""learning_rate"": 0.005, ""growth_threshold"": 0.1, ""pruning_threshold"": 0.005}",6.205397886720546
C_CascadedTanks,S3_RSONN,8,"{""learning_rate"": 0.01, ""growth_threshold"": 0.05, ""pruning_threshold"": 0.001}",3.394578753003136
C_CascadedTanks,S3_RSONN,9,"{""learning_rate"": 0.01, ""growth_threshold"": 0.05, ""pruning_threshold"": 0.005}",3.3769830045757225
C_CascadedTanks,S3_RSONN,10,"{""learning_rate"": 0.01, ""growth_threshold"": 0.1, ""pruning_threshold"": 0.001}",3.383682898575932
C_CascadedTanks,S3_RSONN,11,"{""learning_rate"": 0.01, ""growth_threshold"": 0.1, ""pruning_threshold"": 0.005}",3.3548491613396494
C_CascadedTanks,S3_RSONN,12,"{""learning_rate"": 0.02, ""growth_threshold"": 0.05, ""pruning_threshold"": 0.001}",1.7238386198836606
C_CascadedTanks,S3_RSONN,13,"{""learning_rate"": 0.02, ""growth_threshold"": 0.05, ""pruning_threshold"": 0.005}",1.724284083845151
C_CascadedTanks,S3_RSONN,14,"{""learning_rate"": 0.02, ""growth_threshold"": 0.1, ""pruning_threshold"": 0.001}",1.7234371980754952
C_CascadedTanks,S3_RSONN,15,"{""learning_rate"": 0.02, ""growth_threshold"": 0.1, ""pruning_threshold"": 0.005}",1.7113316894499133
C_CascadedTanks,S4_ACESN,0,"{""reservoir_size"": 20, ""spectral_radius"": 0.85, ""compression_ratio"": 0.25, ""readout_lr"": 0.001}",13.642890904214967
C_CascadedTanks,S4_ACESN,1,"{""reservoir_size"": 20, ""spectral_radius"": 0.85, ""compression_ratio"": 0.25, ""readout_lr"": 0.01}",1.4847207833627374
C_CascadedTanks,S4_ACESN,2,"{""reservoir_size"": 20, ""spectral_radius"": 0.85, ""compression_ratio"": 0.5, ""readout_lr"": 0.001}",13.47994808184726
C_CascadedTanks,S4_ACESN,3,"{""reservoir_size"": 20, ""spectral_radius"": 0.85, ""compression_ratio"": 0.5, ""readout_lr"": 0.01}",1.3605088829983145
C_CascadedTanks,S4_ACESN,4,"{""reservoir_size"": 20, ""spectral_radius"": 0.95, ""compression_ratio"": 0.25, ""readout_lr"": 0.001}",13.356987360420057
C_CascadedTanks,S4_ACESN,5,"{""reservoir_size"": 20, ""spectral_radius"": 0.95, ""compression_ratio"": 0.25, ""readout_lr"": 0.01}",1.4745804152625575
C_CascadedTanks,S4_ACESN,6,"{""reservoir_size"": 20, ""spectral_radius"": 0.95, ""compression_ratio"": 0.5, ""readout_lr"": 0.001}",13.195937733262857
C_CascadedTanks,S4_ACESN,7,"{""reservoir_size"": 20, ""spectral_radius"": 0.95, ""compression_ratio"": 0.5, ""readout_lr"": 0.01}",1.3492410878073269
C_CascadedTanks,S4_ACESN,8,"{""reservoir_size"": 40, ""spectral_radius"": 0.85, ""compression_ratio"": 0.25, ""readout_lr"": 0.001}",6.474028429133071
C_CascadedTanks,S4_ACESN,9,"{""reservoir_size"": 40, ""spectral_radius"": 0.85, ""compression_ratio"": 0.25, ""readout_lr"": 0.01}",0.9912315558417802
C_CascadedTanks,S4_ACESN,10,"{""reservoir_size"": 40, ""spectral_radius"": 0.85, ""compression_ratio"": 0.5, ""readout_lr"": 0.001}",6.171589324188332
C_CascadedTanks,S4_ACESN,11,"{""reservoir_size"": 40, ""spectral_radius"": 0.85, ""compression_ratio"": 0.5, ""readout_lr"": 0.01}",0.8103927734185684
C_CascadedTanks,S4_ACESN,12,"{""reservoir_size"": 40, ""spectral_radius"": 0.95, ""compression_ratio"": 0.25, ""readout_lr"": 0.001}",6.25190859316528
C_CascadedTanks,S4_ACESN,13,"{""reservoir_size"": 40, ""spectral_radius"": 0.95, ""compression_ratio"": 0.25, ""readout_lr"": 0.01}",0.9679731814519087
C_CascadedTanks,S4_ACESN,14,"{""reservoir_size"": 40, ""spectral_radius"": 0.95, ""compression_ratio"": 0.5, ""readout_lr"": 0.001}",5.948424644440272
C_CascadedTanks,S4_ACESN,15,"{""reservoir_size"": 40, ""spectral_radius"": 0.95, ""compression_ratio"": 0.5, ""readout_lr"": 0.01}",0.7891280422544252
C_CascadedTanks,S5_CONTINUAL_BACKPROP,0,"{""learning_rate"": 0.001, ""replacement_rate"": 0.0001, ""maturity_threshold"": 50}",1.6741457705711555
C_CascadedTanks,S5_CONTINUAL_BACKPROP,1,"{""learning_rate"": 0.001, ""replacement_rate"": 0.0001, ""maturity_threshold"": 100}",1.6513098220793478
C_CascadedTanks,S5_CONTINUAL_BACKPROP,2,"{""learning_rate"": 0.001, ""replacement_rate"": 0.001, ""maturity_threshold"": 50}",1.6665447997086218
C_CascadedTanks,S5_CONTINUAL_BACKPROP,3,"{""learning_rate"": 0.001, ""replacement_rate"": 0.001, ""maturity_threshold"": 100}",1.6862493893373856
C_CascadedTanks,S5_CONTINUAL_BACKPROP,4,"{""learning_rate"": 0.005, ""replacement_rate"": 0.0001, ""maturity_threshold"": 50}",0.38390578504729084
C_CascadedTanks,S5_CONTINUAL_BACKPROP,5,"{""learning_rate"": 0.005, ""replacement_rate"": 0.0001, ""maturity_threshold"": 100}",0.38643733759326254
C_CascadedTanks,S5_CONTINUAL_BACKPROP,6,"{""learning_rate"": 0.005, ""replacement_rate"": 0.001, ""maturity_threshold"": 50}",0.37664134273671684
C_CascadedTanks,S5_CONTINUAL_BACKPROP,7,"{""learning_rate"": 0.005, ""replacement_rate"": 0.001, ""maturity_threshold"": 100}",0.3855377605980865
C_CascadedTanks,S5_CONTINUAL_BACKPROP,8,"{""learning_rate"": 0.01, ""replacement_rate"": 0.0001, ""maturity_threshold"": 50}",0.22545695558029297
C_CascadedTanks,S5_CONTINUAL_BACKPROP,9,"{""learning_rate"": 0.01, ""replacement_rate"": 0.0001, ""maturity_threshold"": 100}",0.23002115261186595
C_CascadedTanks,S5_CONTINUAL_BACKPROP,10,"{""learning_rate"": 0.01, ""replacement_rate"": 0.001, ""maturity_threshold"": 50}",0.2307867449852945
C_CascadedTanks,S5_CONTINUAL_BACKPROP,11,"{""learning_rate"": 0.01, ""replacement_rate"": 0.001, ""maturity_threshold"": 100}",0.23176523226159032
C_CascadedTanks,S5_CONTINUAL_BACKPROP,12,"{""learning_rate"": 0.03, ""replacement_rate"": 0.0001, ""maturity_threshold"": 50}",15011876.033666454
C_CascadedTanks,S5_CONTINUAL_BACKPROP,13,"{""learning_rate"": 0.03, ""replacement_rate"": 0.0001, ""maturity_threshold"": 100}",14932620.55237504
C_CascadedTanks,S5_CONTINUAL_BACKPROP,14,"{""learning_rate"": 0.03, ""replacement_rate"": 0.001, ""maturity_threshold"": 50}",14919109.083422424
C_CascadedTanks,S5_CONTINUAL_BACKPROP,15,"{""learning_rate"": 0.03, ""replacement_rate"": 0.001, ""maturity_threshold"": 100}",14871878.282852143
C_CascadedTanks,C1_CURRENT_ONLY_LINEAR,0,"{""learning_rate"": 0.001}",1.680131376277765
C_CascadedTanks,C1_CURRENT_ONLY_LINEAR,1,"{""learning_rate"": 0.003}",0.5902965955605368
C_CascadedTanks,C1_CURRENT_ONLY_LINEAR,2,"{""learning_rate"": 0.01}",0.2286665637837585
C_CascadedTanks,C1_CURRENT_ONLY_LINEAR,3,"{""learning_rate"": 0.03}",14930728.96828554
C_CascadedTanks,C2_NLMS,0,"{""step_size"": 0.01}",7.4252417088248945
C_CascadedTanks,C2_NLMS,1,"{""step_size"": 0.05}",1.3791377456459963
C_CascadedTanks,C2_NLMS,2,"{""step_size"": 0.1}",0.7175838677547292
C_CascadedTanks,C2_NLMS,3,"{""step_size"": 0.2}",0.3750864758449075
C_CascadedTanks,C3_RLS,0,"{""forgetting_factor"": 0.99}",0.5483953694860966
C_CascadedTanks,C3_RLS,1,"{""forgetting_factor"": 0.995}",0.7567194010263352
C_CascadedTanks,C3_RLS,2,"{""forgetting_factor"": 0.999}",0.9953604317060109
C_CascadedTanks,C3_RLS,3,"{""forgetting_factor"": 1.0}",1.0660218330539175
C_CascadedTanks,C4_FIXED_LAG_LINEAR,0,"{""max_lag"": 4, ""learning_rate"": 0.001}",5.36041018106652
C_CascadedTanks,C4_FIXED_LAG_LINEAR,1,"{""max_lag"": 4, ""learning_rate"": 0.01}",0.7811199261324048
C_CascadedTanks,C4_FIXED_LAG_LINEAR,2,"{""max_lag"": 8, ""learning_rate"": 0.001}",3.221321862718161
C_CascadedTanks,C4_FIXED_LAG_LINEAR,3,"{""max_lag"": 8, ""learning_rate"": 0.01}",60.18851917736712
C_CascadedTanks,C4_FIXED_LAG_LINEAR,4,"{""max_lag"": 16, ""learning_rate"": 0.001}",1.73347205177934
C_CascadedTanks,C4_FIXED_LAG_LINEAR,5,"{""max_lag"": 16, ""learning_rate"": 0.01}",inf
C_CascadedTanks,C4_FIXED_LAG_LINEAR,6,"{""max_lag"": 32, ""learning_rate"": 0.001}",0.9640820073162586
C_CascadedTanks,C4_FIXED_LAG_LINEAR,7,"{""max_lag"": 32, ""learning_rate"": 0.01}",inf
C_CascadedTanks,IPNLMS,0,"{""mu"": 0.1}",0.8243682182457487
C_CascadedTanks,IPNLMS,1,"{""mu"": 0.5}",0.19179677581429636
C_EMPS,B1_RZA_LMS,0,"{""learning_rate"": 0.001, ""rho_zero_attraction"": 1e-06, ""epsilon_reweight"": 10.0}",0.01742672910200408
C_EMPS,B1_RZA_LMS,1,"{""learning_rate"": 0.001, ""rho_zero_attraction"": 1e-05, ""epsilon_reweight"": 10.0}",0.01782236489434252
C_EMPS,B1_RZA_LMS,2,"{""learning_rate"": 0.001, ""rho_zero_attraction"": 0.0001, ""epsilon_reweight"": 10.0}",0.018935914847880826
C_EMPS,B1_RZA_LMS,3,"{""learning_rate"": 0.001, ""rho_zero_attraction"": 0.001, ""epsilon_reweight"": 10.0}",0.026788217554810628
C_EMPS,B1_RZA_LMS,4,"{""learning_rate"": 0.003, ""rho_zero_attraction"": 1e-06, ""epsilon_reweight"": 10.0}",0.012128069604210139
C_EMPS,B1_RZA_LMS,5,"{""learning_rate"": 0.003, ""rho_zero_attraction"": 1e-05, ""epsilon_reweight"": 10.0}",0.012456840296182957
C_EMPS,B1_RZA_LMS,6,"{""learning_rate"": 0.003, ""rho_zero_attraction"": 0.0001, ""epsilon_reweight"": 10.0}",0.013867130578392249
C_EMPS,B1_RZA_LMS,7,"{""learning_rate"": 0.003, ""rho_zero_attraction"": 0.001, ""epsilon_reweight"": 10.0}",0.024118361539737194
C_EMPS,B1_RZA_LMS,8,"{""learning_rate"": 0.01, ""rho_zero_attraction"": 1e-06, ""epsilon_reweight"": 10.0}",0.0061048562316450864
C_EMPS,B1_RZA_LMS,9,"{""learning_rate"": 0.01, ""rho_zero_attraction"": 1e-05, ""epsilon_reweight"": 10.0}",0.006274412668594642
C_EMPS,B1_RZA_LMS,10,"{""learning_rate"": 0.01, ""rho_zero_attraction"": 0.0001, ""epsilon_reweight"": 10.0}",0.006938885749041679
C_EMPS,B1_RZA_LMS,11,"{""learning_rate"": 0.01, ""rho_zero_attraction"": 0.001, ""epsilon_reweight"": 10.0}",0.01061924596951652
C_EMPS,B1_RZA_LMS,12,"{""learning_rate"": 0.03, ""rho_zero_attraction"": 1e-06, ""epsilon_reweight"": 10.0}",0.0025849967999762137
C_EMPS,B1_RZA_LMS,13,"{""learning_rate"": 0.03, ""rho_zero_attraction"": 1e-05, ""epsilon_reweight"": 10.0}",0.0026562904460089814
C_EMPS,B1_RZA_LMS,14,"{""learning_rate"": 0.03, ""rho_zero_attraction"": 0.0001, ""epsilon_reweight"": 10.0}",0.0029435280612774583
C_EMPS,B1_RZA_LMS,15,"{""learning_rate"": 0.03, ""rho_zero_attraction"": 0.001, ""epsilon_reweight"": 10.0}",0.004757041994331083
C_EMPS,B2_CCN,0,"{""readout_lr"": 0.001, ""recurrent_lr"": 0.0001, ""max_columns"": 1}",0.009664639032924452
C_EMPS,B2_CCN,1,"{""readout_lr"": 0.001, ""recurrent_lr"": 0.0001, ""max_columns"": 2}",0.007283497163179282
C_EMPS,B2_CCN,2,"{""readout_lr"": 0.001, ""recurrent_lr"": 0.001, ""max_columns"": 1}",0.00965572526286008
C_EMPS,B2_CCN,3,"{""readout_lr"": 0.001, ""recurrent_lr"": 0.001, ""max_columns"": 2}",0.0072863446647144425
C_EMPS,B2_CCN,4,"{""readout_lr"": 0.003, ""recurrent_lr"": 0.0001, ""max_columns"": 1}",0.0038276967348110217
C_EMPS,B2_CCN,5,"{""readout_lr"": 0.003, ""recurrent_lr"": 0.0001, ""max_columns"": 2}",0.0025773269280682316
C_EMPS,B2_CCN,6,"{""readout_lr"": 0.003, ""recurrent_lr"": 0.001, ""max_columns"": 1}",0.003822263975498183
C_EMPS,B2_CCN,7,"{""readout_lr"": 0.003, ""recurrent_lr"": 0.001, ""max_columns"": 2}",0.0025817007329756794
C_EMPS,B2_CCN,8,"{""readout_lr"": 0.01, ""recurrent_lr"": 0.0001, ""max_columns"": 1}",0.0010697678467048645
C_EMPS,B2_CCN,9,"{""readout_lr"": 0.01, ""recurrent_lr"": 0.0001, ""max_columns"": 2}",0.0006914677466026939
C_EMPS,B2_CCN,10,"{""readout_lr"": 0.01, ""recurrent_lr"": 0.001, ""max_columns"": 1}",0.0010677438673335066
C_EMPS,B2_CCN,11,"{""readout_lr"": 0.01, ""recurrent_lr"": 0.001, ""max_columns"": 2}",0.0006934933531828924
C_EMPS,B2_CCN,12,"{""readout_lr"": 0.03, ""recurrent_lr"": 0.0001, ""max_columns"": 1}",0.00033185952696277544
C_EMPS,B2_CCN,13,"{""readout_lr"": 0.03, ""recurrent_lr"": 0.0001, ""max_columns"": 2}",0.00020833521177206216
C_EMPS,B2_CCN,14,"{""readout_lr"": 0.03, ""recurrent_lr"": 0.001, ""max_columns"": 1}",0.00033108846414046396
C_EMPS,B2_CCN,15,"{""readout_lr"": 0.03, ""recurrent_lr"": 0.001, ""max_columns"": 2}",0.00020867826142665055
C_EMPS,B3_MUSE_RNN,0,"{""learning_rate"": 0.001, ""growth_multiplier"": 1.5, ""pruning_threshold"": 0.001}",0.026880977301181257
C_EMPS,B3_MUSE_RNN,1,"{""learning_rate"": 0.001, ""growth_multiplier"": 1.5, ""pruning_threshold"": 0.01}",0.026863400974140948
C_EMPS,B3_MUSE_RNN,2,"{""learning_rate"": 0.001, ""growth_multiplier"": 2.5, ""pruning_threshold"": 0.001}",0.02685087286495623
C_EMPS,B3_MUSE_RNN,3,"{""learning_rate"": 0.001, ""growth_multiplier"": 2.5, ""pruning_threshold"": 0.01}",0.02683987676397692
C_EMPS,B3_MUSE_RNN,4,"{""learning_rate"": 0.003, ""growth_multiplier"": 1.5, ""pruning_threshold"": 0.001}",0.02686531288475784
C_EMPS,B3_MUSE_RNN,5,"{""learning_rate"": 0.003, ""growth_multiplier"": 1.5, ""pruning_threshold"": 0.01}",0.026709860249330156
C_EMPS,B3_MUSE_RNN,6,"{""learning_rate"": 0.003, ""growth_multiplier"": 2.5, ""pruning_threshold"": 0.001}",0.026828089635658706
C_EMPS,B3_MUSE_RNN,7,"{""learning_rate"": 0.003, ""growth_multiplier"": 2.5, ""pruning_threshold"": 0.01}",0.026799247490701266
C_EMPS,B3_MUSE_RNN,8,"{""learning_rate"": 0.01, ""growth_multiplier"": 1.5, ""pruning_threshold"": 0.001}",0.02686157705659499
C_EMPS,B3_MUSE_RNN,9,"{""learning_rate"": 0.01, ""growth_multiplier"": 1.5, ""pruning_threshold"": 0.01}",0.026867538004800684
C_EMPS,B3_MUSE_RNN,10,"{""learning_rate"": 0.01, ""growth_multiplier"": 2.5, ""pruning_threshold"": 0.001}",0.02682379837501664
C_EMPS,B3_MUSE_RNN,11,"{""learning_rate"": 0.01, ""growth_multiplier"": 2.5, ""pruning_threshold"": 0.01}",0.026687108180430703
C_EMPS,B3_MUSE_RNN,12,"{""learning_rate"": 0.03, ""growth_multiplier"": 1.5, ""pruning_threshold"": 0.001}",0.0268841424284168
C_EMPS,B3_MUSE_RNN,13,"{""learning_rate"": 0.03, ""growth_multiplier"": 1.5, ""pruning_threshold"": 0.01}",0.02687994387252575
C_EMPS,B3_MUSE_RNN,14,"{""learning_rate"": 0.03, ""growth_multiplier"": 2.5, ""pruning_threshold"": 0.001}",0.02688443075821506
C_EMPS,B3_MUSE_RNN,15,"{""learning_rate"": 0.03, ""growth_multiplier"": 2.5, ""pruning_threshold"": 0.01}",0.02686908910992887
C_EMPS,B4_MINIMAL_GRU,0,"{""learning_rate"": 0.0001, ""weight_decay"": 0.9}",0.026884548398656314
C_EMPS,B4_MINIMAL_GRU,1,"{""learning_rate"": 0.0001, ""weight_decay"": 0.95}",0.026884515587178203
C_EMPS,B4_MINIMAL_GRU,2,"{""learning_rate"": 0.0001, ""weight_decay"": 0.99}",0.026884071864435335
C_EMPS,B4_MINIMAL_GRU,3,"{""learning_rate"": 0.0001, ""weight_decay"": 0.999}",0.026883127696826502
C_EMPS,B4_MINIMAL_GRU,4,"{""learning_rate"": 0.001, ""weight_decay"": 0.9}",0.02688378662435939
C_EMPS,B4_MINIMAL_GRU,5,"{""learning_rate"": 0.001, ""weight_decay"": 0.95}",0.02688303592872307
C_EMPS,B4_MINIMAL_GRU,6,"{""learning_rate"": 0.001, ""weight_decay"": 0.99}",0.026879073409687412
C_EMPS,B4_MINIMAL_GRU,7,"{""learning_rate"": 0.001, ""weight_decay"": 0.999}",0.026856059528049803
C_EMPS,B4_MINIMAL_GRU,8,"{""learning_rate"": 0.003, ""weight_decay"": 0.9}",0.026882113108183767
C_EMPS,B4_MINIMAL_GRU,9,"{""learning_rate"": 0.003, ""weight_decay"": 0.95}",0.026879785211282748
C_EMPS,B4_MINIMAL_GRU,10,"{""learning_rate"": 0.003, ""weight_decay"": 0.99}",0.02686786702102835
C_EMPS,B4_MINIMAL_GRU,11,"{""learning_rate"": 0.003, ""weight_decay"": 0.999}",0.026808898299541525
C_EMPS,B4_MINIMAL_GRU,12,"{""learning_rate"": 0.01, ""weight_decay"": 0.9}",0.026875968927720262
C_EMPS,B4_MINIMAL_GRU,13,"{""learning_rate"": 0.01, ""weight_decay"": 0.95}",0.026867845139771755
C_EMPS,B4_MINIMAL_GRU,14,"{""learning_rate"": 0.01, ""weight_decay"": 0.99}",0.026821846217326528
C_EMPS,B4_MINIMAL_GRU,15,"{""learning_rate"": 0.01, ""weight_decay"": 0.999}",0.02653865340888856
C_EMPS,B5_ONLINE_ESN,0,"{""reservoir_size"": 10, ""spectral_radius"": 0.85, ""leak_rate"": 0.3, ""readout_lr"": 0.001}",0.02467346911775282
C_EMPS,B5_ONLINE_ESN,1,"{""reservoir_size"": 10, ""spectral_radius"": 0.85, ""leak_rate"": 0.3, ""readout_lr"": 0.01}",0.015951178644646496
C_EMPS,B5_ONLINE_ESN,2,"{""reservoir_size"": 10, ""spectral_radius"": 0.85, ""leak_rate"": 0.7, ""readout_lr"": 0.001}",0.024657786038856322
C_EMPS,B5_ONLINE_ESN,3,"{""reservoir_size"": 10, ""spectral_radius"": 0.85, ""leak_rate"": 0.7, ""readout_lr"": 0.01}",0.01593131756565669
C_EMPS,B5_ONLINE_ESN,4,"{""reservoir_size"": 10, ""spectral_radius"": 0.95, ""leak_rate"": 0.3, ""readout_lr"": 0.001}",0.02457837436226432
C_EMPS,B5_ONLINE_ESN,5,"{""reservoir_size"": 10, ""spectral_radius"": 0.95, ""leak_rate"": 0.3, ""readout_lr"": 0.01}",0.015831780311656215
C_EMPS,B5_ONLINE_ESN,6,"{""reservoir_size"": 10, ""spectral_radius"": 0.95, ""leak_rate"": 0.7, ""readout_lr"": 0.001}",0.024561893069836662
C_EMPS,B5_ONLINE_ESN,7,"{""reservoir_size"": 10, ""spectral_radius"": 0.95, ""leak_rate"": 0.7, ""readout_lr"": 0.01}",0.01580913450718878
C_EMPS,B5_ONLINE_ESN,8,"{""reservoir_size"": 20, ""spectral_radius"": 0.85, ""leak_rate"": 0.3, ""readout_lr"": 0.001}",0.02205921439435256
C_EMPS,B5_ONLINE_ESN,9,"{""reservoir_size"": 20, ""spectral_radius"": 0.85, ""leak_rate"": 0.3, ""readout_lr"": 0.01}",0.01049135420531372
C_EMPS,B5_ONLINE_ESN,10,"{""reservoir_size"": 20, ""spectral_radius"": 0.85, ""leak_rate"": 0.7, ""readout_lr"": 0.001}",0.022020830011311002
C_EMPS,B5_ONLINE_ESN,11,"{""reservoir_size"": 20, ""spectral_radius"": 0.85, ""leak_rate"": 0.7, ""readout_lr"": 0.01}",0.010367835799675184
C_EMPS,B5_ONLINE_ESN,12,"{""reservoir_size"": 20, ""spectral_radius"": 0.95, ""leak_rate"": 0.3, ""readout_lr"": 0.001}",0.020271566869224107
C_EMPS,B5_ONLINE_ESN,13,"{""reservoir_size"": 20, ""spectral_radius"": 0.95, ""leak_rate"": 0.3, ""readout_lr"": 0.01}",0.009188125166173301
C_EMPS,B5_ONLINE_ESN,14,"{""reservoir_size"": 20, ""spectral_radius"": 0.95, ""leak_rate"": 0.7, ""readout_lr"": 0.001}",0.020253059382471687
C_EMPS,B5_ONLINE_ESN,15,"{""reservoir_size"": 20, ""spectral_radius"": 0.95, ""leak_rate"": 0.7, ""readout_lr"": 0.01}",0.00897539312455714
C_EMPS,S1_VARIABLE_TAP_LMS,0,"{""learning_rate"": 0.001, ""tap_leakage"": 0.0001}",0.016052669349662863
C_EMPS,S1_VARIABLE_TAP_LMS,1,"{""learning_rate"": 0.001, ""tap_leakage"": 0.001}",0.015623614140122208
C_EMPS,S1_VARIABLE_TAP_LMS,2,"{""learning_rate"": 0.001, ""tap_leakage"": 0.01}",0.019965191590849248
C_EMPS,S1_VARIABLE_TAP_LMS,3,"{""learning_rate"": 0.001, ""tap_leakage"": 0.1}",0.025258465980945003
C_EMPS,S1_VARIABLE_TAP_LMS,4,"{""learning_rate"": 0.003, ""tap_leakage"": 0.0001}",0.010767486407673834
C_EMPS,S1_VARIABLE_TAP_LMS,5,"{""learning_rate"": 0.003, ""tap_leakage"": 0.001}",0.01013400250806111
C_EMPS,S1_VARIABLE_TAP_LMS,6,"{""learning_rate"": 0.003, ""tap_leakage"": 0.01}",0.013903976355333796
C_EMPS,S1_VARIABLE_TAP_LMS,7,"{""learning_rate"": 0.003, ""tap_leakage"": 0.1}",0.02284749457237475
C_EMPS,S1_VARIABLE_TAP_LMS,8,"{""learning_rate"": 0.01, ""tap_leakage"": 0.0001}",0.005151315744169001
C_EMPS,S1_VARIABLE_TAP_LMS,9,"{""learning_rate"": 0.01, ""tap_leakage"": 0.001}",0.004894142092646447
C_EMPS,S1_VARIABLE_TAP_LMS,10,"{""learning_rate"": 0.01, ""tap_leakage"": 0.01}",0.005520825202157208
C_EMPS,S1_VARIABLE_TAP_LMS,11,"{""learning_rate"": 0.01, ""tap_leakage"": 0.1}",0.017801686894485014
C_EMPS,S1_VARIABLE_TAP_LMS,12,"{""learning_rate"": 0.03, ""tap_leakage"": 0.0001}",0.0022725182212093315
C_EMPS,S1_VARIABLE_TAP_LMS,13,"{""learning_rate"": 0.03, ""tap_leakage"": 0.001}",0.00218391643355888
C_EMPS,S1_VARIABLE_TAP_LMS,14,"{""learning_rate"": 0.03, ""tap_leakage"": 0.01}",0.0019242470588308064
C_EMPS,S1_VARIABLE_TAP_LMS,15,"{""learning_rate"": 0.03, ""tap_leakage"": 0.1}",0.011214921745506638
C_EMPS,S2_LRU_STREAM,0,"{""state_lr"": 0.001, ""readout_lr"": 0.001, ""state_decay"": 0.9}",0.016696163242676716
C_EMPS,S2_LRU_STREAM,1,"{""state_lr"": 0.001, ""readout_lr"": 0.001, ""state_decay"": 0.98}",0.01378479380534328
C_EMPS,S2_LRU_STREAM,2,"{""state_lr"": 0.001, ""readout_lr"": 0.003, ""state_decay"": 0.9}",0.010753313493937676
C_EMPS,S2_LRU_STREAM,3,"{""state_lr"": 0.001, ""readout_lr"": 0.003, ""state_decay"": 0.98}",0.0067492939629810525
C_EMPS,S2_LRU_STREAM,4,"{""state_lr"": 0.001, ""readout_lr"": 0.01, ""state_decay"": 0.9}",0.005726573928671999
C_EMPS,S2_LRU_STREAM,5,"{""state_lr"": 0.001, ""readout_lr"": 0.01, ""state_decay"": 0.98}",inf
C_EMPS,S2_LRU_STREAM,6,"{""state_lr"": 0.001, ""readout_lr"": 0.03, ""state_decay"": 0.9}",0.0025232998322211454
C_EMPS,S2_LRU_STREAM,7,"{""state_lr"": 0.001, ""readout_lr"": 0.03, ""state_decay"": 0.98}",0.002054453832349569
C_EMPS,S2_LRU_STREAM,8,"{""state_lr"": 0.01, ""readout_lr"": 0.001, ""state_decay"": 0.9}",0.013402753677113605
C_EMPS,S2_LRU_STREAM,9,"{""state_lr"": 0.01, ""readout_lr"": 0.001, ""state_decay"": 0.98}",0.01063182958996467
C_EMPS,S2_LRU_STREAM,10,"{""state_lr"": 0.01, ""readout_lr"": 0.003, ""state_decay"": 0.9}",0.008101562800408893
C_EMPS,S2_LRU_STREAM,11,"{""state_lr"": 0.01, ""readout_lr"": 0.003, ""state_decay"": 0.98}",0.0026511792119255297
C_EMPS,S2_LRU_STREAM,12,"{""state_lr"": 0.01, ""readout_lr"": 0.01, ""state_decay"": 0.9}",0.0048236745354739916
C_EMPS,S2_LRU_STREAM,13,"{""state_lr"": 0.01, ""readout_lr"": 0.01, ""state_decay"": 0.98}",0.0036136033190775703
C_EMPS,S2_LRU_STREAM,14,"{""state_lr"": 0.01, ""readout_lr"": 0.03, ""state_decay"": 0.9}",0.0023062333079451386
C_EMPS,S2_LRU_STREAM,15,"{""state_lr"": 0.01, ""readout_lr"": 0.03, ""state_decay"": 0.98}",0.001535621672768277
C_EMPS,S3_RSONN,0,"{""learning_rate"": 0.001, ""growth_threshold"": 0.05, ""pruning_threshold"": 0.001}",0.004616211561510501
C_EMPS,S3_RSONN,1,"{""learning_rate"": 0.001, ""growth_threshold"": 0.05, ""pruning_threshold"": 0.005}",0.0046262243819688575
C_EMPS,S3_RSONN,2,"{""learning_rate"": 0.001, ""growth_threshold"": 0.1, ""pruning_threshold"": 0.001}",0.005736423995971192
C_EMPS,S3_RSONN,3,"{""learning_rate"": 0.001, ""growth_threshold"": 0.1, ""pruning_threshold"": 0.005}",0.005738774044740627
C_EMPS,S3_RSONN,4,"{""learning_rate"": 0.005, ""growth_threshold"": 0.05, ""pruning_threshold"": 0.001}",0.0009127208775520111
C_EMPS,S3_RSONN,5,"{""learning_rate"": 0.005, ""growth_threshold"": 0.05, ""pruning_threshold"": 0.005}",0.0011209836593451094
C_EMPS,S3_RSONN,6,"{""learning_rate"": 0.005, ""growth_threshold"": 0.1, ""pruning_threshold"": 0.001}",0.0023164918718584994
C_EMPS,S3_RSONN,7,"{""learning_rate"": 0.005, ""growth_threshold"": 0.1, ""pruning_threshold"": 0.005}",0.0022623269072812044
C_EMPS,S3_RSONN,8,"{""learning_rate"": 0.01, ""growth_threshold"": 0.05, ""pruning_threshold"": 0.001}",0.0005925662840148556
C_EMPS,S3_RSONN,9,"{""learning_rate"": 0.01, ""growth_threshold"": 0.05, ""pruning_threshold"": 0.005}",0.0006693420470751933
C_EMPS,S3_RSONN,10,"{""learning_rate"": 0.01, ""growth_threshold"": 0.1, ""pruning_threshold"": 0.001}",0.0008398111247093189
C_EMPS,S3_RSONN,11,"{""learning_rate"": 0.01, ""growth_threshold"": 0.1, ""pruning_threshold"": 0.005}",0.0008186238189561591
C_EMPS,S3_RSONN,12,"{""learning_rate"": 0.02, ""growth_threshold"": 0.05, ""pruning_threshold"": 0.001}",0.0002720656277752891
C_EMPS,S3_RSONN,13,"{""learning_rate"": 0.02, ""growth_threshold"": 0.05, ""pruning_threshold"": 0.005}",0.00023649000708396623
C_EMPS,S3_RSONN,14,"{""learning_rate"": 0.02, ""growth_threshold"": 0.1, ""pruning_threshold"": 0.001}",0.0002451210272465583
C_EMPS,S3_RSONN,15,"{""learning_rate"": 0.02, ""growth_threshold"": 0.1, ""pruning_threshold"": 0.005}",0.00026975419175048185
C_EMPS,S4_ACESN,0,"{""reservoir_size"": 20, ""spectral_radius"": 0.85, ""compression_ratio"": 0.25, ""readout_lr"": 0.001}",0.021788703792466373
C_EMPS,S4_ACESN,1,"{""reservoir_size"": 20, ""spectral_radius"": 0.85, ""compression_ratio"": 0.25, ""readout_lr"": 0.01}",0.012401664002325211
C_EMPS,S4_ACESN,2,"{""reservoir_size"": 20, ""spectral_radius"": 0.85, ""compression_ratio"": 0.5, ""readout_lr"": 0.001}",0.02178870450807224
C_EMPS,S4_ACESN,3,"{""reservoir_size"": 20, ""spectral_radius"": 0.85, ""compression_ratio"": 0.5, ""readout_lr"": 0.01}",0.012401665728499362
C_EMPS,S4_ACESN,4,"{""reservoir_size"": 20, ""spectral_radius"": 0.95, ""compression_ratio"": 0.25, ""readout_lr"": 0.001}",0.020318775752699077
C_EMPS,S4_ACESN,5,"{""reservoir_size"": 20, ""spectral_radius"": 0.95, ""compression_ratio"": 0.25, ""readout_lr"": 0.01}",0.01177535767091282
C_EMPS,S4_ACESN,6,"{""reservoir_size"": 20, ""spectral_radius"": 0.95, ""compression_ratio"": 0.5, ""readout_lr"": 0.001}",0.020318776324418752
C_EMPS,S4_ACESN,7,"{""reservoir_size"": 20, ""spectral_radius"": 0.95, ""compression_ratio"": 0.5, ""readout_lr"": 0.01}",0.011775359171320643
C_EMPS,S4_ACESN,8,"{""reservoir_size"": 40, ""spectral_radius"": 0.85, ""compression_ratio"": 0.25, ""readout_lr"": 0.001}",0.0186326184475874
C_EMPS,S4_ACESN,9,"{""reservoir_size"": 40, ""spectral_radius"": 0.85, ""compression_ratio"": 0.25, ""readout_lr"": 0.01}",0.009725973210378687
C_EMPS,S4_ACESN,10,"{""reservoir_size"": 40, ""spectral_radius"": 0.85, ""compression_ratio"": 0.5, ""readout_lr"": 0.001}",0.01863262097787811
C_EMPS,S4_ACESN,11,"{""reservoir_size"": 40, ""spectral_radius"": 0.85, ""compression_ratio"": 0.5, ""readout_lr"": 0.01}",0.009726022101291802
C_EMPS,S4_ACESN,12,"{""reservoir_size"": 40, ""spectral_radius"": 0.95, ""compression_ratio"": 0.25, ""readout_lr"": 0.001}",0.017763333091532236
C_EMPS,S4_ACESN,13,"{""reservoir_size"": 40, ""spectral_radius"": 0.95, ""compression_ratio"": 0.25, ""readout_lr"": 0.01}",0.009224652520956675
C_EMPS,S4_ACESN,14,"{""reservoir_size"": 40, ""spectral_radius"": 0.95, ""compression_ratio"": 0.5, ""readout_lr"": 0.001}",0.017763333839470416
C_EMPS,S4_ACESN,15,"{""reservoir_size"": 40, ""spectral_radius"": 0.95, ""compression_ratio"": 0.5, ""readout_lr"": 0.01}",0.009224698321106053
C_EMPS,S5_CONTINUAL_BACKPROP,0,"{""learning_rate"": 0.001, ""replacement_rate"": 0.0001, ""maturity_threshold"": 50}",0.01768075590125594
C_EMPS,S5_CONTINUAL_BACKPROP,1,"{""learning_rate"": 0.001, ""replacement_rate"": 0.0001, ""maturity_threshold"": 100}",0.01760053999218739
C_EMPS,S5_CONTINUAL_BACKPROP,2,"{""learning_rate"": 0.001, ""replacement_rate"": 0.001, ""maturity_threshold"": 50}",0.017506321601484118
C_EMPS,S5_CONTINUAL_BACKPROP,3,"{""learning_rate"": 0.001, ""replacement_rate"": 0.001, ""maturity_threshold"": 100}",0.017509152339269318
C_EMPS,S5_CONTINUAL_BACKPROP,4,"{""learning_rate"": 0.005, ""replacement_rate"": 0.0001, ""maturity_threshold"": 50}",0.009400053994094404
C_EMPS,S5_CONTINUAL_BACKPROP,5,"{""learning_rate"": 0.005, ""replacement_rate"": 0.0001, ""maturity_threshold"": 100}",0.009306790400478097
C_EMPS,S5_CONTINUAL_BACKPROP,6,"{""learning_rate"": 0.005, ""replacement_rate"": 0.001, ""maturity_threshold"": 50}",0.009279709528938031
C_EMPS,S5_CONTINUAL_BACKPROP,7,"{""learning_rate"": 0.005, ""replacement_rate"": 0.001, ""maturity_threshold"": 100}",0.009370688155002456
C_EMPS,S5_CONTINUAL_BACKPROP,8,"{""learning_rate"": 0.01, ""replacement_rate"": 0.0001, ""maturity_threshold"": 50}",0.005931284089145606
C_EMPS,S5_CONTINUAL_BACKPROP,9,"{""learning_rate"": 0.01, ""replacement_rate"": 0.0001, ""maturity_threshold"": 100}",0.006038280150417176
C_EMPS,S5_CONTINUAL_BACKPROP,10,"{""learning_rate"": 0.01, ""replacement_rate"": 0.001, ""maturity_threshold"": 50}",0.006128223485343957
C_EMPS,S5_CONTINUAL_BACKPROP,11,"{""learning_rate"": 0.01, ""replacement_rate"": 0.001, ""maturity_threshold"": 100}",0.005953251446924666
C_EMPS,S5_CONTINUAL_BACKPROP,12,"{""learning_rate"": 0.03, ""replacement_rate"": 0.0001, ""maturity_threshold"": 50}",0.002539517453910353
C_EMPS,S5_CONTINUAL_BACKPROP,13,"{""learning_rate"": 0.03, ""replacement_rate"": 0.0001, ""maturity_threshold"": 100}",0.0026776366106035804
C_EMPS,S5_CONTINUAL_BACKPROP,14,"{""learning_rate"": 0.03, ""replacement_rate"": 0.001, ""maturity_threshold"": 50}",0.0026196815235175253
C_EMPS,S5_CONTINUAL_BACKPROP,15,"{""learning_rate"": 0.03, ""replacement_rate"": 0.001, ""maturity_threshold"": 100}",0.0025422501257747576
C_EMPS,C1_CURRENT_ONLY_LINEAR,0,"{""learning_rate"": 0.001}",0.01736234026541531
C_EMPS,C1_CURRENT_ONLY_LINEAR,1,"{""learning_rate"": 0.003}",0.012080868481438902
C_EMPS,C1_CURRENT_ONLY_LINEAR,2,"{""learning_rate"": 0.01}",0.006080749045455486
C_EMPS,C1_CURRENT_ONLY_LINEAR,3,"{""learning_rate"": 0.03}",0.0025749222574855918
C_EMPS,C2_NLMS,0,"{""step_size"": 0.01}",0.009892178502716373
C_EMPS,C2_NLMS,1,"{""step_size"": 0.05}",0.001003069131613367
C_EMPS,C2_NLMS,2,"{""step_size"": 0.1}",0.0002262203887716069
C_EMPS,C2_NLMS,3,"{""step_size"": 0.2}",4.871788410702379e-05
C_EMPS,C3_RLS,0,"{""forgetting_factor"": 0.99}",0.018535572951403113
C_EMPS,C3_RLS,1,"{""forgetting_factor"": 0.995}",4.204608591536281e-05
C_EMPS,C3_RLS,2,"{""forgetting_factor"": 0.999}",0.00018996978540330187
C_EMPS,C3_RLS,3,"{""forgetting_factor"": 1.0}",0.00037608310872246217
C_EMPS,C4_FIXED_LAG_LINEAR,0,"{""max_lag"": 4, ""learning_rate"": 0.001}",0.013664318930473077
C_EMPS,C4_FIXED_LAG_LINEAR,1,"{""max_lag"": 4, ""learning_rate"": 0.01}",0.0038831968331206105
C_EMPS,C4_FIXED_LAG_LINEAR,2,"{""max_lag"": 8, ""learning_rate"": 0.001}",0.010303149361142423
C_EMPS,C4_FIXED_LAG_LINEAR,3,"{""max_lag"": 8, ""learning_rate"": 0.01}",0.002513909891258266
C_EMPS,C4_FIXED_LAG_LINEAR,4,"{""max_lag"": 16, ""learning_rate"": 0.001}",0.007124135380254466
C_EMPS,C4_FIXED_LAG_LINEAR,5,"{""max_lag"": 16, ""learning_rate"": 0.01}",0.0018748515969034586
C_EMPS,C4_FIXED_LAG_LINEAR,6,"{""max_lag"": 32, ""learning_rate"": 0.001}",0.004812606775389266
C_EMPS,C4_FIXED_LAG_LINEAR,7,"{""max_lag"": 32, ""learning_rate"": 0.01}",inf
C_EMPS,IPNLMS,0,"{""mu"": 0.1}",1.2228548711853173e-05
C_EMPS,IPNLMS,1,"{""mu"": 0.5}",4.766784874734777e-06
D_SparseFIR_K1_white,B1_RZA_LMS,0,"{""learning_rate"": 0.001, ""rho_zero_attraction"": 1e-06, ""epsilon_reweight"": 10.0}",0.22378153726335395
D_SparseFIR_K1_white,B1_RZA_LMS,1,"{""learning_rate"": 0.001, ""rho_zero_attraction"": 1e-05, ""epsilon_reweight"": 10.0}",0.2239335554339887
D_SparseFIR_K1_white,B1_RZA_LMS,2,"{""learning_rate"": 0.001, ""rho_zero_attraction"": 0.0001, ""epsilon_reweight"": 10.0}",0.23283897395823772
D_SparseFIR_K1_white,B1_RZA_LMS,3,"{""learning_rate"": 0.001, ""rho_zero_attraction"": 0.001, ""epsilon_reweight"": 10.0}",0.5033369346871523
D_SparseFIR_K1_white,B1_RZA_LMS,4,"{""learning_rate"": 0.003, ""rho_zero_attraction"": 1e-06, ""epsilon_reweight"": 10.0}",0.08622028433641425
D_SparseFIR_K1_white,B1_RZA_LMS,5,"{""learning_rate"": 0.003, ""rho_zero_attraction"": 1e-05, ""epsilon_reweight"": 10.0}",0.08591949404049283
D_SparseFIR_K1_white,B1_RZA_LMS,6,"{""learning_rate"": 0.003, ""rho_zero_attraction"": 0.0001, ""epsilon_reweight"": 10.0}",0.08559128839503254
D_SparseFIR_K1_white,B1_RZA_LMS,7,"{""learning_rate"": 0.003, ""rho_zero_attraction"": 0.001, ""epsilon_reweight"": 10.0}",0.1042246996298899
D_SparseFIR_K1_white,B1_RZA_LMS,8,"{""learning_rate"": 0.01, ""rho_zero_attraction"": 1e-06, ""epsilon_reweight"": 10.0}",0.03456715456791238
D_SparseFIR_K1_white,B1_RZA_LMS,9,"{""learning_rate"": 0.01, ""rho_zero_attraction"": 1e-05, ""epsilon_reweight"": 10.0}",0.03439581380289416
D_SparseFIR_K1_white,B1_RZA_LMS,10,"{""learning_rate"": 0.01, ""rho_zero_attraction"": 0.0001, ""epsilon_reweight"": 10.0}",0.03333713071131044
D_SparseFIR_K1_white,B1_RZA_LMS,11,"{""learning_rate"": 0.01, ""rho_zero_attraction"": 0.001, ""epsilon_reweight"": 10.0}",0.03270494709643474
D_SparseFIR_K1_white,B1_RZA_LMS,12,"{""learning_rate"": 0.03, ""rho_zero_attraction"": 1e-06, ""epsilon_reweight"": 10.0}",0.025660985541657706
D_SparseFIR_K1_white,B1_RZA_LMS,13,"{""learning_rate"": 0.03, ""rho_zero_attraction"": 1e-05, ""epsilon_reweight"": 10.0}",0.025481978397260022
D_SparseFIR_K1_white,B1_RZA_LMS,14,"{""learning_rate"": 0.03, ""rho_zero_attraction"": 0.0001, ""epsilon_reweight"": 10.0}",0.023901031794455452
D_SparseFIR_K1_white,B1_RZA_LMS,15,"{""learning_rate"": 0.03, ""rho_zero_attraction"": 0.001, ""epsilon_reweight"": 10.0}",0.01859657465721988
D_SparseFIR_K1_white,B2_CCN,0,"{""readout_lr"": 0.001, ""recurrent_lr"": 0.0001, ""max_columns"": 1}",0.2238043880673389
D_SparseFIR_K1_white,B2_CCN,1,"{""readout_lr"": 0.001, ""recurrent_lr"": 0.0001, ""max_columns"": 2}",0.22381085252327837
D_SparseFIR_K1_white,B2_CCN,2,"{""readout_lr"": 0.001, ""recurrent_lr"": 0.001, ""max_columns"": 1}",0.22380943821044488
D_SparseFIR_K1_white,B2_CCN,3,"{""readout_lr"": 0.001, ""recurrent_lr"": 0.001, ""max_columns"": 2}",0.2238009436993893
D_SparseFIR_K1_white,B2_CCN,4,"{""readout_lr"": 0.003, ""recurrent_lr"": 0.0001, ""max_columns"": 1}",0.0862925318093869
D_SparseFIR_K1_white,B2_CCN,5,"{""readout_lr"": 0.003, ""recurrent_lr"": 0.0001, ""max_columns"": 2}",0.08629431079589234
D_SparseFIR_K1_white,B2_CCN,6,"{""readout_lr"": 0.003, ""recurrent_lr"": 0.001, ""max_columns"": 1}",0.08629167580752913
D_SparseFIR_K1_white,B2_CCN,7,"{""readout_lr"": 0.003, ""recurrent_lr"": 0.001, ""max_columns"": 2}",0.08629333305817126
D_SparseFIR_K1_white,B2_CCN,8,"{""readout_lr"": 0.01, ""recurrent_lr"": 0.0001, ""max_columns"": 1}",0.034634358779286216
D_SparseFIR_K1_white,B2_CCN,9,"{""readout_lr"": 0.01, ""recurrent_lr"": 0.0001, ""max_columns"": 2}",0.03463429391980496
D_SparseFIR_K1_white,B2_CCN,10,"{""readout_lr"": 0.01, ""recurrent_lr"": 0.001, ""max_columns"": 1}",0.03463439901679754
D_SparseFIR_K1_white,B2_CCN,11,"{""readout_lr"": 0.01, ""recurrent_lr"": 0.001, ""max_columns"": 2}",0.034634139102168095
D_SparseFIR_K1_white,B2_CCN,12,"{""readout_lr"": 0.03, ""recurrent_lr"": 0.0001, ""max_columns"": 1}",0.025867264834738557
D_SparseFIR_K1_white,B2_CCN,13,"{""readout_lr"": 0.03, ""recurrent_lr"": 0.0001, ""max_columns"": 2}",0.025867139354583207
D_SparseFIR_K1_white,B2_CCN,14,"{""readout_lr"": 0.03, ""recurrent_lr"": 0.001, ""max_columns"": 1}",0.025867674474584976
D_SparseFIR_K1_white,B2_CCN,15,"{""readout_lr"": 0.03, ""recurrent_lr"": 0.001, ""max_columns"": 2}",0.02586642864547394
D_SparseFIR_K1_white,B3_MUSE_RNN,0,"{""learning_rate"": 0.001, ""growth_multiplier"": 1.5, ""pruning_threshold"": 0.001}",0.6676568210160693
D_SparseFIR_K1_white,B3_MUSE_RNN,1,"{""learning_rate"": 0.001, ""growth_multiplier"": 1.5, ""pruning_threshold"": 0.01}",0.6670057825630181
D_SparseFIR_K1_white,B3_MUSE_RNN,2,"{""learning_rate"": 0.001, ""growth_multiplier"": 2.5, ""pruning_threshold"": 0.001}",0.6661805624606816
D_SparseFIR_K1_white,B3_MUSE_RNN,3,"{""learning_rate"": 0.001, ""growth_multiplier"": 2.5, ""pruning_threshold"": 0.01}",0.6676957792562511
D_SparseFIR_K1_white,B3_MUSE_RNN,4,"{""learning_rate"": 0.003, ""growth_multiplier"": 1.5, ""pruning_threshold"": 0.001}",0.6676972861816223
D_SparseFIR_K1_white,B3_MUSE_RNN,5,"{""learning_rate"": 0.003, ""growth_multiplier"": 1.5, ""pruning_threshold"": 0.01}",0.6681079290812759
D_SparseFIR_K1_white,B3_MUSE_RNN,6,"{""learning_rate"": 0.003, ""growth_multiplier"": 2.5, ""pruning_threshold"": 0.001}",0.6680113523925396
D_SparseFIR_K1_white,B3_MUSE_RNN,7,"{""learning_rate"": 0.003, ""growth_multiplier"": 2.5, ""pruning_threshold"": 0.01}",0.6681235158294934
D_SparseFIR_K1_white,B3_MUSE_RNN,8,"{""learning_rate"": 0.01, ""growth_multiplier"": 1.5, ""pruning_threshold"": 0.001}",0.6682557517518402
D_SparseFIR_K1_white,B3_MUSE_RNN,9,"{""learning_rate"": 0.01, ""growth_multiplier"": 1.5, ""pruning_threshold"": 0.01}",0.6682921963895504
D_SparseFIR_K1_white,B3_MUSE_RNN,10,"{""learning_rate"": 0.01, ""growth_multiplier"": 2.5, ""pruning_threshold"": 0.001}",0.6682002822054841
D_SparseFIR_K1_white,B3_MUSE_RNN,11,"{""learning_rate"": 0.01, ""growth_multiplier"": 2.5, ""pruning_threshold"": 0.01}",0.6683745371157702
D_SparseFIR_K1_white,B3_MUSE_RNN,12,"{""learning_rate"": 0.03, ""growth_multiplier"": 1.5, ""pruning_threshold"": 0.001}",0.6683886356426313
D_SparseFIR_K1_white,B3_MUSE_RNN,13,"{""learning_rate"": 0.03, ""growth_multiplier"": 1.5, ""pruning_threshold"": 0.01}",0.669341080056813
D_SparseFIR_K1_white,B3_MUSE_RNN,14,"{""learning_rate"": 0.03, ""growth_multiplier"": 2.5, ""pruning_threshold"": 0.001}",0.6689492727814565
D_SparseFIR_K1_white,B3_MUSE_RNN,15,"{""learning_rate"": 0.03, ""growth_multiplier"": 2.5, ""pruning_threshold"": 0.01}",0.6697562585346953
D_SparseFIR_K1_white,B4_MINIMAL_GRU,0,"{""learning_rate"": 0.0001, ""weight_decay"": 0.9}",0.6681018641731381
D_SparseFIR_K1_white,B4_MINIMAL_GRU,1,"{""learning_rate"": 0.0001, ""weight_decay"": 0.95}",0.6681017008668446
D_SparseFIR_K1_white,B4_MINIMAL_GRU,2,"{""learning_rate"": 0.0001, ""weight_decay"": 0.99}",0.6680822715272258
D_SparseFIR_K1_white,B4_MINIMAL_GRU,3,"{""learning_rate"": 0.0001, ""weight_decay"": 0.999}",0.6681116672615867
D_SparseFIR_K1_white,B4_MINIMAL_GRU,4,"{""learning_rate"": 0.001, ""weight_decay"": 0.9}",0.6680999809641546
D_SparseFIR_K1_white,B4_MINIMAL_GRU,5,"{""learning_rate"": 0.001, ""weight_decay"": 0.95}",0.6680891970651669
D_SparseFIR_K1_white,B4_MINIMAL_GRU,6,"{""learning_rate"": 0.001, ""weight_decay"": 0.99}",0.6680576533191696
D_SparseFIR_K1_white,B4_MINIMAL_GRU,7,"{""learning_rate"": 0.001, ""weight_decay"": 0.999}",0.6683559859834931
D_SparseFIR_K1_white,B4_MINIMAL_GRU,8,"{""learning_rate"": 0.003, ""weight_decay"": 0.9}",0.6680810520001503
D_SparseFIR_K1_white,B4_MINIMAL_GRU,9,"{""learning_rate"": 0.003, ""weight_decay"": 0.95}",0.6680699339370241
D_SparseFIR_K1_white,B4_MINIMAL_GRU,10,"{""learning_rate"": 0.003, ""weight_decay"": 0.99}",0.6678977648440015
D_SparseFIR_K1_white,B4_MINIMAL_GRU,11,"{""learning_rate"": 0.003, ""weight_decay"": 0.999}",0.6677843993056971
D_SparseFIR_K1_white,B4_MINIMAL_GRU,12,"{""learning_rate"": 0.01, ""weight_decay"": 0.9}",0.6680400552619036
D_SparseFIR_K1_white,B4_MINIMAL_GRU,13,"{""learning_rate"": 0.01, ""weight_decay"": 0.95}",0.6679794363635566
D_SparseFIR_K1_white,B4_MINIMAL_GRU,14,"{""learning_rate"": 0.01, ""weight_decay"": 0.99}",0.6671673441713833
D_SparseFIR_K1_white,B4_MINIMAL_GRU,15,"{""learning_rate"": 0.01, ""weight_decay"": 0.999}",0.6312304968237127
D_SparseFIR_K1_white,B5_ONLINE_ESN,0,"{""reservoir_size"": 10, ""spectral_radius"": 0.85, ""leak_rate"": 0.3, ""readout_lr"": 0.001}",0.6621712724578902
D_SparseFIR_K1_white,B5_ONLINE_ESN,1,"{""reservoir_size"": 10, ""spectral_radius"": 0.85, ""leak_rate"": 0.3, ""readout_lr"": 0.01}",0.6263738142640254
D_SparseFIR_K1_white,B5_ONLINE_ESN,2,"{""reservoir_size"": 10, ""spectral_radius"": 0.85, ""leak_rate"": 0.7, ""readout_lr"": 0.001}",0.645093364787387
D_SparseFIR_K1_white,B5_ONLINE_ESN,3,"{""reservoir_size"": 10, ""spectral_radius"": 0.85, ""leak_rate"": 0.7, ""readout_lr"": 0.01}",0.5717720575219197
D_SparseFIR_K1_white,B5_ONLINE_ESN,4,"{""reservoir_size"": 10, ""spectral_radius"": 0.95, ""leak_rate"": 0.3, ""readout_lr"": 0.001}",0.6620458009356658
D_SparseFIR_K1_white,B5_ONLINE_ESN,5,"{""reservoir_size"": 10, ""spectral_radius"": 0.95, ""leak_rate"": 0.3, ""readout_lr"": 0.01}",0.6255523151850131
D_SparseFIR_K1_white,B5_ONLINE_ESN,6,"{""reservoir_size"": 10, ""spectral_radius"": 0.95, ""leak_rate"": 0.7, ""readout_lr"": 0.001}",0.6444754947435755
D_SparseFIR_K1_white,B5_ONLINE_ESN,7,"{""reservoir_size"": 10, ""spectral_radius"": 0.95, ""leak_rate"": 0.7, ""readout_lr"": 0.01}",0.5704255076920918
D_SparseFIR_K1_white,B5_ONLINE_ESN,8,"{""reservoir_size"": 20, ""spectral_radius"": 0.85, ""leak_rate"": 0.3, ""readout_lr"": 0.001}",0.655763305045874
D_SparseFIR_K1_white,B5_ONLINE_ESN,9,"{""reservoir_size"": 20, ""spectral_radius"": 0.85, ""leak_rate"": 0.3, ""readout_lr"": 0.01}",0.6022871052104142
D_SparseFIR_K1_white,B5_ONLINE_ESN,10,"{""reservoir_size"": 20, ""spectral_radius"": 0.85, ""leak_rate"": 0.7, ""readout_lr"": 0.001}",0.6274388322417327
D_SparseFIR_K1_white,B5_ONLINE_ESN,11,"{""reservoir_size"": 20, ""spectral_radius"": 0.85, ""leak_rate"": 0.7, ""readout_lr"": 0.01}",0.49723496184383675
D_SparseFIR_K1_white,B5_ONLINE_ESN,12,"{""reservoir_size"": 20, ""spectral_radius"": 0.95, ""leak_rate"": 0.3, ""readout_lr"": 0.001}",0.65553414151475
D_SparseFIR_K1_white,B5_ONLINE_ESN,13,"{""reservoir_size"": 20, ""spectral_radius"": 0.95, ""leak_rate"": 0.3, ""readout_lr"": 0.01}",0.6021226607562984
D_SparseFIR_K1_white,B5_ONLINE_ESN,14,"{""reservoir_size"": 20, ""spectral_radius"": 0.95, ""leak_rate"": 0.7, ""readout_lr"": 0.001}",0.6274214236543827
D_SparseFIR_K1_white,B5_ONLINE_ESN,15,"{""reservoir_size"": 20, ""spectral_radius"": 0.95, ""leak_rate"": 0.7, ""readout_lr"": 0.01}",0.4989542742511374
D_SparseFIR_K1_white,S1_VARIABLE_TAP_LMS,0,"{""learning_rate"": 0.001, ""tap_leakage"": 0.0001}",0.5650389976647879
D_SparseFIR_K1_white,S1_VARIABLE_TAP_LMS,1,"{""learning_rate"": 0.001, ""tap_leakage"": 0.001}",0.584029655361457
D_SparseFIR_K1_white,S1_VARIABLE_TAP_LMS,2,"{""learning_rate"": 0.001, ""tap_leakage"": 0.01}",0.6435523007254091
D_SparseFIR_K1_white,S1_VARIABLE_TAP_LMS,3,"{""learning_rate"": 0.001, ""tap_leakage"": 0.1}",0.6650662003862698
D_SparseFIR_K1_white,S1_VARIABLE_TAP_LMS,4,"{""learning_rate"": 0.003, ""tap_leakage"": 0.0001}",0.531698033976869
D_SparseFIR_K1_white,S1_VARIABLE_TAP_LMS,5,"{""learning_rate"": 0.003, ""tap_leakage"": 0.001}",0.5407776595669974
D_SparseFIR_K1_white,S1_VARIABLE_TAP_LMS,6,"{""learning_rate"": 0.003, ""tap_leakage"": 0.01}",0.609339944021271
D_SparseFIR_K1_white,S1_VARIABLE_TAP_LMS,7,"{""learning_rate"": 0.003, ""tap_leakage"": 0.1}",0.6592842190654578
D_SparseFIR_K1_white,S1_VARIABLE_TAP_LMS,8,"{""learning_rate"": 0.01, ""tap_leakage"": 0.0001}",0.27500021165810845
D_SparseFIR_K1_white,S1_VARIABLE_TAP_LMS,9,"{""learning_rate"": 0.01, ""tap_leakage"": 0.001}",0.2815595573171354
D_SparseFIR_K1_white,S1_VARIABLE_TAP_LMS,10,"{""learning_rate"": 0.01, ""tap_leakage"": 0.01}",0.3393149005026617
D_SparseFIR_K1_white,S1_VARIABLE_TAP_LMS,11,"{""learning_rate"": 0.01, ""tap_leakage"": 0.1}",0.6419569183464061
D_SparseFIR_K1_white,S1_VARIABLE_TAP_LMS,12,"{""learning_rate"": 0.03, ""tap_leakage"": 0.0001}",0.0523839611910627
D_SparseFIR_K1_white,S1_VARIABLE_TAP_LMS,13,"{""learning_rate"": 0.03, ""tap_leakage"": 0.001}",0.07621192039241939
D_SparseFIR_K1_white,S1_VARIABLE_TAP_LMS,14,"{""learning_rate"": 0.03, ""tap_leakage"": 0.01}",0.11405341512951546
D_SparseFIR_K1_white,S1_VARIABLE_TAP_LMS,15,"{""learning_rate"": 0.03, ""tap_leakage"": 0.1}",0.476755338672538
D_SparseFIR_K1_white,S2_LRU_STREAM,0,"{""state_lr"": 0.001, ""readout_lr"": 0.001, ""state_decay"": 0.9}",0.22329802762064874
D_SparseFIR_K1_white,S2_LRU_STREAM,1,"{""state_lr"": 0.001, ""readout_lr"": 0.001, ""state_decay"": 0.98}",0.22283398383939534
D_SparseFIR_K1_white,S2_LRU_STREAM,2,"{""state_lr"": 0.001, ""readout_lr"": 0.003, ""state_decay"": 0.9}",0.08606270697114138
D_SparseFIR_K1_white,S2_LRU_STREAM,3,"{""state_lr"": 0.001, ""readout_lr"": 0.003, ""state_decay"": 0.98}",0.08725395587466662
D_SparseFIR_K1_white,S2_LRU_STREAM,4,"{""state_lr"": 0.001, ""readout_lr"": 0.01, ""state_decay"": 0.9}",0.03491941689586176
D_SparseFIR_K1_white,S2_LRU_STREAM,5,"{""state_lr"": 0.001, ""readout_lr"": 0.01, ""state_decay"": 0.98}",0.035292560203187405
D_SparseFIR_K1_white,S2_LRU_STREAM,6,"{""state_lr"": 0.001, ""readout_lr"": 0.03, ""state_decay"": 0.9}",0.02629784542590872
D_SparseFIR_K1_white,S2_LRU_STREAM,7,"{""state_lr"": 0.001, ""readout_lr"": 0.03, ""state_decay"": 0.98}",0.02631017374922663
D_SparseFIR_K1_white,S2_LRU_STREAM,8,"{""state_lr"": 0.01, ""readout_lr"": 0.001, ""state_decay"": 0.9}",0.2008244254002065
D_SparseFIR_K1_white,S2_LRU_STREAM,9,"{""state_lr"": 0.01, ""readout_lr"": 0.001, ""state_decay"": 0.98}",0.22237420005529476
D_SparseFIR_K1_white,S2_LRU_STREAM,10,"{""state_lr"": 0.01, ""readout_lr"": 0.003, ""state_decay"": 0.9}",0.08582658114576917
D_SparseFIR_K1_white,S2_LRU_STREAM,11,"{""state_lr"": 0.01, ""readout_lr"": 0.003, ""state_decay"": 0.98}",0.08743529076068107
D_SparseFIR_K1_white,S2_LRU_STREAM,12,"{""state_lr"": 0.01, ""readout_lr"": 0.01, ""state_decay"": 0.9}",0.034523369835917465
D_SparseFIR_K1_white,S2_LRU_STREAM,13,"{""state_lr"": 0.01, ""readout_lr"": 0.01, ""state_decay"": 0.98}",0.03437003259911011
D_SparseFIR_K1_white,S2_LRU_STREAM,14,"{""state_lr"": 0.01, ""readout_lr"": 0.03, ""state_decay"": 0.9}",0.025962022233999352
D_SparseFIR_K1_white,S2_LRU_STREAM,15,"{""state_lr"": 0.01, ""readout_lr"": 0.03, ""state_decay"": 0.98}",0.027566637120146658
D_SparseFIR_K1_white,S3_RSONN,0,"{""learning_rate"": 0.001, ""growth_threshold"": 0.05, ""pruning_threshold"": 0.001}",0.668170073924118
D_SparseFIR_K1_white,S3_RSONN,1,"{""learning_rate"": 0.001, ""growth_threshold"": 0.05, ""pruning_threshold"": 0.005}",0.6682130454082955
D_SparseFIR_K1_white,S3_RSONN,2,"{""learning_rate"": 0.001, ""growth_threshold"": 0.1, ""pruning_threshold"": 0.001}",0.6682616263945694
D_SparseFIR_K1_white,S3_RSONN,3,"{""learning_rate"": 0.001, ""growth_threshold"": 0.1, ""pruning_threshold"": 0.005}",0.6681406224334387
D_SparseFIR_K1_white,S3_RSONN,4,"{""learning_rate"": 0.005, ""growth_threshold"": 0.05, ""pruning_threshold"": 0.001}",0.6691438562605198
D_SparseFIR_K1_white,S3_RSONN,5,"{""learning_rate"": 0.005, ""growth_threshold"": 0.05, ""pruning_threshold"": 0.005}",0.6690497432406199
D_SparseFIR_K1_white,S3_RSONN,6,"{""learning_rate"": 0.005, ""growth_threshold"": 0.1, ""pruning_threshold"": 0.001}",0.6690190058803441
D_SparseFIR_K1_white,S3_RSONN,7,"{""learning_rate"": 0.005, ""growth_threshold"": 0.1, ""pruning_threshold"": 0.005}",0.6689180235555567
D_SparseFIR_K1_white,S3_RSONN,8,"{""learning_rate"": 0.01, ""growth_threshold"": 0.05, ""pruning_threshold"": 0.001}",0.6682778993854094
D_SparseFIR_K1_white,S3_RSONN,9,"{""learning_rate"": 0.01, ""growth_threshold"": 0.05, ""pruning_threshold"": 0.005}",0.6639446891202742
D_SparseFIR_K1_white,S3_RSONN,10,"{""learning_rate"": 0.01, ""growth_threshold"": 0.1, ""pruning_threshold"": 0.001}",0.6675563564016139
D_SparseFIR_K1_white,S3_RSONN,11,"{""learning_rate"": 0.01, ""growth_threshold"": 0.1, ""pruning_threshold"": 0.005}",0.667204789406696
D_SparseFIR_K1_white,S3_RSONN,12,"{""learning_rate"": 0.02, ""growth_threshold"": 0.05, ""pruning_threshold"": 0.001}",0.5010485661514537
D_SparseFIR_K1_white,S3_RSONN,13,"{""learning_rate"": 0.02, ""growth_threshold"": 0.05, ""pruning_threshold"": 0.005}",0.5326407973564284
D_SparseFIR_K1_white,S3_RSONN,14,"{""learning_rate"": 0.02, ""growth_threshold"": 0.1, ""pruning_threshold"": 0.001}",0.5105630621077487
D_SparseFIR_K1_white,S3_RSONN,15,"{""learning_rate"": 0.02, ""growth_threshold"": 0.1, ""pruning_threshold"": 0.005}",0.5259069678386988
D_SparseFIR_K1_white,S4_ACESN,0,"{""reservoir_size"": 20, ""spectral_radius"": 0.85, ""compression_ratio"": 0.25, ""readout_lr"": 0.001}",0.5954720422728735
D_SparseFIR_K1_white,S4_ACESN,1,"{""reservoir_size"": 20, ""spectral_radius"": 0.85, ""compression_ratio"": 0.25, ""readout_lr"": 0.01}",0.46751856165114614
D_SparseFIR_K1_white,S4_ACESN,2,"{""reservoir_size"": 20, ""spectral_radius"": 0.85, ""compression_ratio"": 0.5, ""readout_lr"": 0.001}",0.5952338429133129
D_SparseFIR_K1_white,S4_ACESN,3,"{""reservoir_size"": 20, ""spectral_radius"": 0.85, ""compression_ratio"": 0.5, ""readout_lr"": 0.01}",0.46702555208413604
D_SparseFIR_K1_white,S4_ACESN,4,"{""reservoir_size"": 20, ""spectral_radius"": 0.95, ""compression_ratio"": 0.25, ""readout_lr"": 0.001}",0.5977851339674457
D_SparseFIR_K1_white,S4_ACESN,5,"{""reservoir_size"": 20, ""spectral_radius"": 0.95, ""compression_ratio"": 0.25, ""readout_lr"": 0.01}",0.4780118705011218
D_SparseFIR_K1_white,S4_ACESN,6,"{""reservoir_size"": 20, ""spectral_radius"": 0.95, ""compression_ratio"": 0.5, ""readout_lr"": 0.001}",0.5975425727927931
D_SparseFIR_K1_white,S4_ACESN,7,"{""reservoir_size"": 20, ""spectral_radius"": 0.95, ""compression_ratio"": 0.5, ""readout_lr"": 0.01}",0.4774589200787318
D_SparseFIR_K1_white,S4_ACESN,8,"{""reservoir_size"": 40, ""spectral_radius"": 0.85, ""compression_ratio"": 0.25, ""readout_lr"": 0.001}",0.5060474015056021
D_SparseFIR_K1_white,S4_ACESN,9,"{""reservoir_size"": 40, ""spectral_radius"": 0.85, ""compression_ratio"": 0.25, ""readout_lr"": 0.01}",0.24511724299120033
D_SparseFIR_K1_white,S4_ACESN,10,"{""reservoir_size"": 40, ""spectral_radius"": 0.85, ""compression_ratio"": 0.5, ""readout_lr"": 0.001}",0.5053332204169969
D_SparseFIR_K1_white,S4_ACESN,11,"{""reservoir_size"": 40, ""spectral_radius"": 0.85, ""compression_ratio"": 0.5, ""readout_lr"": 0.01}",0.24357917725546807
D_SparseFIR_K1_white,S4_ACESN,12,"{""reservoir_size"": 40, ""spectral_radius"": 0.95, ""compression_ratio"": 0.25, ""readout_lr"": 0.001}",0.5091504924473086
D_SparseFIR_K1_white,S4_ACESN,13,"{""reservoir_size"": 40, ""spectral_radius"": 0.95, ""compression_ratio"": 0.25, ""readout_lr"": 0.01}",0.2554758100151877
D_SparseFIR_K1_white,S4_ACESN,14,"{""reservoir_size"": 40, ""spectral_radius"": 0.95, ""compression_ratio"": 0.5, ""readout_lr"": 0.001}",0.5083818874615882
D_SparseFIR_K1_white,S4_ACESN,15,"{""reservoir_size"": 40, ""spectral_radius"": 0.95, ""compression_ratio"": 0.5, ""readout_lr"": 0.01}",0.25423558433286725
D_SparseFIR_K1_white,S5_CONTINUAL_BACKPROP,0,"{""learning_rate"": 0.001, ""replacement_rate"": 0.0001, ""maturity_threshold"": 50}",0.2230762928733598
D_SparseFIR_K1_white,S5_CONTINUAL_BACKPROP,1,"{""learning_rate"": 0.001, ""replacement_rate"": 0.0001, ""maturity_threshold"": 100}",0.22481160557807775
D_SparseFIR_K1_white,S5_CONTINUAL_BACKPROP,2,"{""learning_rate"": 0.001, ""replacement_rate"": 0.001, ""maturity_threshold"": 50}",0.2224298705439521
D_SparseFIR_K1_white,S5_CONTINUAL_BACKPROP,3,"{""learning_rate"": 0.001, ""replacement_rate"": 0.001, ""maturity_threshold"": 100}",0.22814472381550935
D_SparseFIR_K1_white,S5_CONTINUAL_BACKPROP,4,"{""learning_rate"": 0.005, ""replacement_rate"": 0.0001, ""maturity_threshold"": 50}",0.05567928029658064
D_SparseFIR_K1_white,S5_CONTINUAL_BACKPROP,5,"{""learning_rate"": 0.005, ""replacement_rate"": 0.0001, ""maturity_threshold"": 100}",0.05657824924675403
D_SparseFIR_K1_white,S5_CONTINUAL_BACKPROP,6,"{""learning_rate"": 0.005, ""replacement_rate"": 0.001, ""maturity_threshold"": 50}",0.05783327637165666
D_SparseFIR_K1_white,S5_CONTINUAL_BACKPROP,7,"{""learning_rate"": 0.005, ""replacement_rate"": 0.001, ""maturity_threshold"": 100}",0.056826121544615894
D_SparseFIR_K1_white,S5_CONTINUAL_BACKPROP,8,"{""learning_rate"": 0.01, ""replacement_rate"": 0.0001, ""maturity_threshold"": 50}",0.0350363017672953
D_SparseFIR_K1_white,S5_CONTINUAL_BACKPROP,9,"{""learning_rate"": 0.01, ""replacement_rate"": 0.0001, ""maturity_threshold"": 100}",0.03424938346331985
D_SparseFIR_K1_white,S5_CONTINUAL_BACKPROP,10,"{""learning_rate"": 0.01, ""replacement_rate"": 0.001, ""maturity_threshold"": 50}",0.03428687006000473
D_SparseFIR_K1_white,S5_CONTINUAL_BACKPROP,11,"{""learning_rate"": 0.01, ""replacement_rate"": 0.001, ""maturity_threshold"": 100}",0.03441207256795307
D_SparseFIR_K1_white,S5_CONTINUAL_BACKPROP,12,"{""learning_rate"": 0.03, ""replacement_rate"": 0.0001, ""maturity_threshold"": 50}",0.025729134973809215
D_SparseFIR_K1_white,S5_CONTINUAL_BACKPROP,13,"{""learning_rate"": 0.03, ""replacement_rate"": 0.0001, ""maturity_threshold"": 100}",0.025652107969343047
D_SparseFIR_K1_white,S5_CONTINUAL_BACKPROP,14,"{""learning_rate"": 0.03, ""replacement_rate"": 0.001, ""maturity_threshold"": 50}",0.025454075555530142
D_SparseFIR_K1_white,S5_CONTINUAL_BACKPROP,15,"{""learning_rate"": 0.03, ""replacement_rate"": 0.001, ""maturity_threshold"": 100}",0.02584201024395961
D_SparseFIR_K1_white,C1_CURRENT_ONLY_LINEAR,0,"{""learning_rate"": 0.001}",0.22378724858397261
D_SparseFIR_K1_white,C1_CURRENT_ONLY_LINEAR,1,"{""learning_rate"": 0.003}",0.08626250140248815
D_SparseFIR_K1_white,C1_CURRENT_ONLY_LINEAR,2,"{""learning_rate"": 0.01}",0.03458727170478634
D_SparseFIR_K1_white,C1_CURRENT_ONLY_LINEAR,3,"{""learning_rate"": 0.03}",0.025681113717825176
D_SparseFIR_K1_white,C2_NLMS,0,"{""step_size"": 0.01}",0.4293400975942047
D_SparseFIR_K1_white,C2_NLMS,1,"{""step_size"": 0.05}",0.13709289844098635
D_SparseFIR_K1_white,C2_NLMS,2,"{""step_size"": 0.1}",0.06863380536093984
D_SparseFIR_K1_white,C2_NLMS,3,"{""step_size"": 0.2}",0.03572899668424208
D_SparseFIR_K1_white,C3_RLS,0,"{""forgetting_factor"": 0.99}",0.012495657293344642
D_SparseFIR_K1_white,C3_RLS,1,"{""forgetting_factor"": 0.995}",0.012009622661988689
D_SparseFIR_K1_white,C3_RLS,2,"{""forgetting_factor"": 0.999}",0.011797083043648848
D_SparseFIR_K1_white,C3_RLS,3,"{""forgetting_factor"": 1.0}",0.011800770022052943
D_SparseFIR_K1_white,C4_FIXED_LAG_LINEAR,0,"{""max_lag"": 4, ""learning_rate"": 0.001}",0.5635174400498731
D_SparseFIR_K1_white,C4_FIXED_LAG_LINEAR,1,"{""max_lag"": 4, ""learning_rate"": 0.01}",0.5276347375004672
D_SparseFIR_K1_white,C4_FIXED_LAG_LINEAR,2,"{""max_lag"": 8, ""learning_rate"": 0.001}",0.3201857983908642
D_SparseFIR_K1_white,C4_FIXED_LAG_LINEAR,3,"{""max_lag"": 8, ""learning_rate"": 0.01}",0.1781588785376954
D_SparseFIR_K1_white,C4_FIXED_LAG_LINEAR,4,"{""max_lag"": 16, ""learning_rate"": 0.001}",0.32140019001065623
D_SparseFIR_K1_white,C4_FIXED_LAG_LINEAR,5,"{""max_lag"": 16, ""learning_rate"": 0.01}",0.18559983064662078
D_SparseFIR_K1_white,C4_FIXED_LAG_LINEAR,6,"{""max_lag"": 32, ""learning_rate"": 0.001}",0.2239427636004355
D_SparseFIR_K1_white,C4_FIXED_LAG_LINEAR,7,"{""max_lag"": 32, ""learning_rate"": 0.01}",0.034604200723391085
D_SparseFIR_K1_white,IPNLMS,0,"{""mu"": 0.1}",0.018701212279283282
D_SparseFIR_K1_white,IPNLMS,1,"{""mu"": 0.5}",0.01484840745909298
D_SparseFIR_K1_colored,B1_RZA_LMS,0,"{""learning_rate"": 0.001, ""rho_zero_attraction"": 1e-06, ""epsilon_reweight"": 10.0}",0.1479555116416634
D_SparseFIR_K1_colored,B1_RZA_LMS,1,"{""learning_rate"": 0.001, ""rho_zero_attraction"": 1e-05, ""epsilon_reweight"": 10.0}",0.14767332351243387
D_SparseFIR_K1_colored,B1_RZA_LMS,2,"{""learning_rate"": 0.001, ""rho_zero_attraction"": 0.0001, ""epsilon_reweight"": 10.0}",0.1528240922201213
D_SparseFIR_K1_colored,B1_RZA_LMS,3,"{""learning_rate"": 0.001, ""rho_zero_attraction"": 0.001, ""epsilon_reweight"": 10.0}",0.46718475014274236
D_SparseFIR_K1_colored,B1_RZA_LMS,4,"{""learning_rate"": 0.003, ""rho_zero_attraction"": 1e-06, ""epsilon_reweight"": 10.0}",0.07621879081998038
D_SparseFIR_K1_colored,B1_RZA_LMS,5,"{""learning_rate"": 0.003, ""rho_zero_attraction"": 1e-05, ""epsilon_reweight"": 10.0}",0.07582900373209021
D_SparseFIR_K1_colored,B1_RZA_LMS,6,"{""learning_rate"": 0.003, ""rho_zero_attraction"": 0.0001, ""epsilon_reweight"": 10.0}",0.07411225842098677
D_SparseFIR_K1_colored,B1_RZA_LMS,7,"{""learning_rate"": 0.003, ""rho_zero_attraction"": 0.001, ""epsilon_reweight"": 10.0}",0.09435328842255346
D_SparseFIR_K1_colored,B1_RZA_LMS,8,"{""learning_rate"": 0.01, ""rho_zero_attraction"": 1e-06, ""epsilon_reweight"": 10.0}",0.03464471786539924
D_SparseFIR_K1_colored,B1_RZA_LMS,9,"{""learning_rate"": 0.01, ""rho_zero_attraction"": 1e-05, ""epsilon_reweight"": 10.0}",0.03442031764450904
D_SparseFIR_K1_colored,B1_RZA_LMS,10,"{""learning_rate"": 0.01, ""rho_zero_attraction"": 0.0001, ""epsilon_reweight"": 10.0}",0.033176812861186004
D_SparseFIR_K1_colored,B1_RZA_LMS,11,"{""learning_rate"": 0.01, ""rho_zero_attraction"": 0.001, ""epsilon_reweight"": 10.0}",0.031225381266843173
D_SparseFIR_K1_colored,B1_RZA_LMS,12,"{""learning_rate"": 0.03, ""rho_zero_attraction"": 1e-06, ""epsilon_reweight"": 10.0}",4239.281880414902
D_SparseFIR_K1_colored,B1_RZA_LMS,13,"{""learning_rate"": 0.03, ""rho_zero_attraction"": 1e-05, ""epsilon_reweight"": 10.0}",4305.697699038129
D_SparseFIR_K1_colored,B1_RZA_LMS,14,"{""learning_rate"": 0.03, ""rho_zero_attraction"": 0.0001, ""epsilon_reweight"": 10.0}",3443.226546254597
D_SparseFIR_K1_colored,B1_RZA_LMS,15,"{""learning_rate"": 0.03, ""rho_zero_attraction"": 0.001, ""epsilon_reweight"": 10.0}",323.6437112942621
D_SparseFIR_K1_colored,B2_CCN,0,"{""readout_lr"": 0.001, ""recurrent_lr"": 0.0001, ""max_columns"": 1}",0.14801853816947963
D_SparseFIR_K1_colored,B2_CCN,1,"{""readout_lr"": 0.001, ""recurrent_lr"": 0.0001, ""max_columns"": 2}",0.14801108613680003
D_SparseFIR_K1_colored,B2_CCN,2,"{""readout_lr"": 0.001, ""recurrent_lr"": 0.001, ""max_columns"": 1}",0.1480137174987774
D_SparseFIR_K1_colored,B2_CCN,3,"{""readout_lr"": 0.001, ""recurrent_lr"": 0.001, ""max_columns"": 2}",0.14801100470328596
D_SparseFIR_K1_colored,B2_CCN,4,"{""readout_lr"": 0.003, ""recurrent_lr"": 0.0001, ""max_columns"": 1}",0.07629090513725066
D_SparseFIR_K1_colored,B2_CCN,5,"{""readout_lr"": 0.003, ""recurrent_lr"": 0.0001, ""max_columns"": 2}",0.07629588392836288
D_SparseFIR_K1_colored,B2_CCN,6,"{""readout_lr"": 0.003, ""recurrent_lr"": 0.001, ""max_columns"": 1}",0.07629210658347117
D_SparseFIR_K1_colored,B2_CCN,7,"{""readout_lr"": 0.003, ""recurrent_lr"": 0.001, ""max_columns"": 2}",0.07629606626498003
D_SparseFIR_K1_colored,B2_CCN,8,"{""readout_lr"": 0.01, ""recurrent_lr"": 0.0001, ""max_columns"": 1}",0.03472479036335584
D_SparseFIR_K1_colored,B2_CCN,9,"{""readout_lr"": 0.01, ""recurrent_lr"": 0.0001, ""max_columns"": 2}",0.03472393356036268
D_SparseFIR_K1_colored,B2_CCN,10,"{""readout_lr"": 0.01, ""recurrent_lr"": 0.001, ""max_columns"": 1}",0.03472333223693567
D_SparseFIR_K1_colored,B2_CCN,11,"{""readout_lr"": 0.01, ""recurrent_lr"": 0.001, ""max_columns"": 2}",0.03472383579055311
D_SparseFIR_K1_colored,B2_CCN,12,"{""readout_lr"": 0.03, ""recurrent_lr"": 0.0001, ""max_columns"": 1}",6786.8784242833035
D_SparseFIR_K1_colored,B2_CCN,13,"{""readout_lr"": 0.03, ""recurrent_lr"": 0.0001, ""max_columns"": 2}",6662.848847634061
D_SparseFIR_K1_colored,B2_CCN,14,"{""readout_lr"": 0.03, ""recurrent_lr"": 0.001, ""max_columns"": 1}",7408.787241483205
D_SparseFIR_K1_colored,B2_CCN,15,"{""readout_lr"": 0.03, ""recurrent_lr"": 0.001, ""max_columns"": 2}",7459.991875228563
D_SparseFIR_K1_colored,B3_MUSE_RNN,0,"{""learning_rate"": 0.001, ""growth_multiplier"": 1.5, ""pruning_threshold"": 0.001}",0.673135697390762
D_SparseFIR_K1_colored,B3_MUSE_RNN,1,"{""learning_rate"": 0.001, ""growth_multiplier"": 1.5, ""pruning_threshold"": 0.01}",0.6709987767145686
D_SparseFIR_K1_colored,B3_MUSE_RNN,2,"{""learning_rate"": 0.001, ""growth_multiplier"": 2.5, ""pruning_threshold"": 0.001}",0.6708955237833555
D_SparseFIR_K1_colored,B3_MUSE_RNN,3,"{""learning_rate"": 0.001, ""growth_multiplier"": 2.5, ""pruning_threshold"": 0.01}",0.6720804409891059
D_SparseFIR_K1_colored,B3_MUSE_RNN,4,"{""learning_rate"": 0.003, ""growth_multiplier"": 1.5, ""pruning_threshold"": 0.001}",0.6743133985245778
D_SparseFIR_K1_colored,B3_MUSE_RNN,5,"{""learning_rate"": 0.003, ""growth_multiplier"": 1.5, ""pruning_threshold"": 0.01}",0.6743778634220434
D_SparseFIR_K1_colored,B3_MUSE_RNN,6,"{""learning_rate"": 0.003, ""growth_multiplier"": 2.5, ""pruning_threshold"": 0.001}",0.6744004404277556
D_SparseFIR_K1_colored,B3_MUSE_RNN,7,"{""learning_rate"": 0.003, ""growth_multiplier"": 2.5, ""pruning_threshold"": 0.01}",0.6743781326912357
D_SparseFIR_K1_colored,B3_MUSE_RNN,8,"{""learning_rate"": 0.01, ""growth_multiplier"": 1.5, ""pruning_threshold"": 0.001}",0.674560161648515
D_SparseFIR_K1_colored,B3_MUSE_RNN,9,"{""learning_rate"": 0.01, ""growth_multiplier"": 1.5, ""pruning_threshold"": 0.01}",0.6744439773428071
D_SparseFIR_K1_colored,B3_MUSE_RNN,10,"{""learning_rate"": 0.01, ""growth_multiplier"": 2.5, ""pruning_threshold"": 0.001}",0.6744107166411588
D_SparseFIR_K1_colored,B3_MUSE_RNN,11,"{""learning_rate"": 0.01, ""growth_multiplier"": 2.5, ""pruning_threshold"": 0.01}",0.6741890780216777
D_SparseFIR_K1_colored,B3_MUSE_RNN,12,"{""learning_rate"": 0.03, ""growth_multiplier"": 1.5, ""pruning_threshold"": 0.001}",0.6753662516230302
D_SparseFIR_K1_colored,B3_MUSE_RNN,13,"{""learning_rate"": 0.03, ""growth_multiplier"": 1.5, ""pruning_threshold"": 0.01}",0.6755005313226463
D_SparseFIR_K1_colored,B3_MUSE_RNN,14,"{""learning_rate"": 0.03, ""growth_multiplier"": 2.5, ""pruning_threshold"": 0.001}",0.6679529437091637
D_SparseFIR_K1_colored,B3_MUSE_RNN,15,"{""learning_rate"": 0.03, ""growth_multiplier"": 2.5, ""pruning_threshold"": 0.01}",0.6756251595158534
D_SparseFIR_K1_colored,B4_MINIMAL_GRU,0,"{""learning_rate"": 0.0001, ""weight_decay"": 0.9}",0.674363000722313
D_SparseFIR_K1_colored,B4_MINIMAL_GRU,1,"{""learning_rate"": 0.0001, ""weight_decay"": 0.95}",0.6743779311801908
D_SparseFIR_K1_colored,B4_MINIMAL_GRU,2,"{""learning_rate"": 0.0001, ""weight_decay"": 0.99}",0.6742867212388807
D_SparseFIR_K1_colored,B4_MINIMAL_GRU,3,"{""learning_rate"": 0.0001, ""weight_decay"": 0.999}",0.6729836771983259
D_SparseFIR_K1_colored,B4_MINIMAL_GRU,4,"{""learning_rate"": 0.001, ""weight_decay"": 0.9}",0.674267427400136
D_SparseFIR_K1_colored,B4_MINIMAL_GRU,5,"{""learning_rate"": 0.001, ""weight_decay"": 0.95}",0.6742075587289186
D_SparseFIR_K1_colored,B4_MINIMAL_GRU,6,"{""learning_rate"": 0.001, ""weight_decay"": 0.99}",0.6737218602698037
D_SparseFIR_K1_colored,B4_MINIMAL_GRU,7,"{""learning_rate"": 0.001, ""weight_decay"": 0.999}",0.6737041140142498
D_SparseFIR_K1_colored,B4_MINIMAL_GRU,8,"{""learning_rate"": 0.003, ""weight_decay"": 0.9}",0.6740428582446416
D_SparseFIR_K1_colored,B4_MINIMAL_GRU,9,"{""learning_rate"": 0.003, ""weight_decay"": 0.95}",0.6738395028500594
D_SparseFIR_K1_colored,B4_MINIMAL_GRU,10,"{""learning_rate"": 0.003, ""weight_decay"": 0.99}",0.6713368271088566
D_SparseFIR_K1_colored,B4_MINIMAL_GRU,11,"{""learning_rate"": 0.003, ""weight_decay"": 0.999}",0.6494569286040307
D_SparseFIR_K1_colored,B4_MINIMAL_GRU,12,"{""learning_rate"": 0.01, ""weight_decay"": 0.9}",0.6708953167523305
D_SparseFIR_K1_colored,B4_MINIMAL_GRU,13,"{""learning_rate"": 0.01, ""weight_decay"": 0.95}",0.6626381507196467
D_SparseFIR_K1_colored,B4_MINIMAL_GRU,14,"{""learning_rate"": 0.01, ""weight_decay"": 0.99}",0.5434796186726499
D_SparseFIR_K1_colored,B4_MINIMAL_GRU,15,"{""learning_rate"": 0.01, ""weight_decay"": 0.999}",0.3993287137650676
D_SparseFIR_K1_colored,B5_ONLINE_ESN,0,"{""reservoir_size"": 10, ""spectral_radius"": 0.85, ""leak_rate"": 0.3, ""readout_lr"": 0.001}",0.5824703076986103
D_SparseFIR_K1_colored,B5_ONLINE_ESN,1,"{""reservoir_size"": 10, ""spectral_radius"": 0.85, ""leak_rate"": 0.3, ""readout_lr"": 0.01}",0.3995730305000816
D_SparseFIR_K1_colored,B5_ONLINE_ESN,2,"{""reservoir_size"": 10, ""spectral_radius"": 0.85, ""leak_rate"": 0.7, ""readout_lr"": 0.001}",0.5608553694119037
D_SparseFIR_K1_colored,B5_ONLINE_ESN,3,"{""reservoir_size"": 10, ""spectral_radius"": 0.85, ""leak_rate"": 0.7, ""readout_lr"": 0.01}",0.39131079790642254
D_SparseFIR_K1_colored,B5_ONLINE_ESN,4,"{""reservoir_size"": 10, ""spectral_radius"": 0.95, ""leak_rate"": 0.3, ""readout_lr"": 0.001}",0.5810864912478432
D_SparseFIR_K1_colored,B5_ONLINE_ESN,5,"{""reservoir_size"": 10, ""spectral_radius"": 0.95, ""leak_rate"": 0.3, ""readout_lr"": 0.01}",0.39746303927252025
D_SparseFIR_K1_colored,B5_ONLINE_ESN,6,"{""reservoir_size"": 10, ""spectral_radius"": 0.95, ""leak_rate"": 0.7, ""readout_lr"": 0.001}",0.5616282404692993
D_SparseFIR_K1_colored,B5_ONLINE_ESN,7,"{""reservoir_size"": 10, ""spectral_radius"": 0.95, ""leak_rate"": 0.7, ""readout_lr"": 0.01}",0.39244762478545453
D_SparseFIR_K1_colored,B5_ONLINE_ESN,8,"{""reservoir_size"": 20, ""spectral_radius"": 0.85, ""leak_rate"": 0.3, ""readout_lr"": 0.001}",0.49678291988160894
D_SparseFIR_K1_colored,B5_ONLINE_ESN,9,"{""reservoir_size"": 20, ""spectral_radius"": 0.85, ""leak_rate"": 0.3, ""readout_lr"": 0.01}",0.3135974023832813
D_SparseFIR_K1_colored,B5_ONLINE_ESN,10,"{""reservoir_size"": 20, ""spectral_radius"": 0.85, ""leak_rate"": 0.7, ""readout_lr"": 0.001}",0.465125866289418
D_SparseFIR_K1_colored,B5_ONLINE_ESN,11,"{""reservoir_size"": 20, ""spectral_radius"": 0.85, ""leak_rate"": 0.7, ""readout_lr"": 0.01}",0.28389756277777733
D_SparseFIR_K1_colored,B5_ONLINE_ESN,12,"{""reservoir_size"": 20, ""spectral_radius"": 0.95, ""leak_rate"": 0.3, ""readout_lr"": 0.001}",0.49866668249947227
D_SparseFIR_K1_colored,B5_ONLINE_ESN,13,"{""reservoir_size"": 20, ""spectral_radius"": 0.95, ""leak_rate"": 0.3, ""readout_lr"": 0.01}",0.3174347589952059
D_SparseFIR_K1_colored,B5_ONLINE_ESN,14,"{""reservoir_size"": 20, ""spectral_radius"": 0.95, ""leak_rate"": 0.7, ""readout_lr"": 0.001}",0.46831398936360663
D_SparseFIR_K1_colored,B5_ONLINE_ESN,15,"{""reservoir_size"": 20, ""spectral_radius"": 0.95, ""leak_rate"": 0.7, ""readout_lr"": 0.01}",0.2898940280025407
D_SparseFIR_K1_colored,S1_VARIABLE_TAP_LMS,0,"{""learning_rate"": 0.001, ""tap_leakage"": 0.0001}",0.39471551696231383
D_SparseFIR_K1_colored,S1_VARIABLE_TAP_LMS,1,"{""learning_rate"": 0.001, ""tap_leakage"": 0.001}",0.4194491352716893
D_SparseFIR_K1_colored,S1_VARIABLE_TAP_LMS,2,"{""learning_rate"": 0.001, ""tap_leakage"": 0.01}",0.5893691093237234
D_SparseFIR_K1_colored,S1_VARIABLE_TAP_LMS,3,"{""learning_rate"": 0.001, ""tap_leakage"": 0.1}",0.6633179384930236
D_SparseFIR_K1_colored,S1_VARIABLE_TAP_LMS,4,"{""learning_rate"": 0.003, ""tap_leakage"": 0.0001}",0.2699206571858138
D_SparseFIR_K1_colored,S1_VARIABLE_TAP_LMS,5,"{""learning_rate"": 0.003, ""tap_leakage"": 0.001}",0.2821746231957687
D_SparseFIR_K1_colored,S1_VARIABLE_TAP_LMS,6,"{""learning_rate"": 0.003, ""tap_leakage"": 0.01}",0.38779518350447356
D_SparseFIR_K1_colored,S1_VARIABLE_TAP_LMS,7,"{""learning_rate"": 0.003, ""tap_leakage"": 0.1}",0.6414371374987305
D_SparseFIR_K1_colored,S1_VARIABLE_TAP_LMS,8,"{""learning_rate"": 0.01, ""tap_leakage"": 0.0001}",0.18791981928493995
D_SparseFIR_K1_colored,S1_VARIABLE_TAP_LMS,9,"{""learning_rate"": 0.01, ""tap_leakage"": 0.001}",0.1927299871155331
D_SparseFIR_K1_colored,S1_VARIABLE_TAP_LMS,10,"{""learning_rate"": 0.01, ""tap_leakage"": 0.01}",0.2620078971660202
D_SparseFIR_K1_colored,S1_VARIABLE_TAP_LMS,11,"{""learning_rate"": 0.01, ""tap_leakage"": 0.1}",0.4604490034268151
D_SparseFIR_K1_colored,S1_VARIABLE_TAP_LMS,12,"{""learning_rate"": 0.03, ""tap_leakage"": 0.0001}",851.4292139767819
D_SparseFIR_K1_colored,S1_VARIABLE_TAP_LMS,13,"{""learning_rate"": 0.03, ""tap_leakage"": 0.001}",577.4987401432202
D_SparseFIR_K1_colored,S1_VARIABLE_TAP_LMS,14,"{""learning_rate"": 0.03, ""tap_leakage"": 0.01}",1908.5147517375146
D_SparseFIR_K1_colored,S1_VARIABLE_TAP_LMS,15,"{""learning_rate"": 0.03, ""tap_leakage"": 0.1}",0.29440221715326587
D_SparseFIR_K1_colored,S2_LRU_STREAM,0,"{""state_lr"": 0.001, ""readout_lr"": 0.001, ""state_decay"": 0.9}",0.14855649608596233
D_SparseFIR_K1_colored,S2_LRU_STREAM,1,"{""state_lr"": 0.001, ""readout_lr"": 0.001, ""state_decay"": 0.98}",0.15049383472793637
D_SparseFIR_K1_colored,S2_LRU_STREAM,2,"{""state_lr"": 0.001, ""readout_lr"": 0.003, ""state_decay"": 0.9}",0.07813655612794347
D_SparseFIR_K1_colored,S2_LRU_STREAM,3,"{""state_lr"": 0.001, ""readout_lr"": 0.003, ""state_decay"": 0.98}",inf
D_SparseFIR_K1_colored,S2_LRU_STREAM,4,"{""state_lr"": 0.001, ""readout_lr"": 0.01, ""state_decay"": 0.9}",0.03489818570742151
D_SparseFIR_K1_colored,S2_LRU_STREAM,5,"{""state_lr"": 0.001, ""readout_lr"": 0.01, ""state_decay"": 0.98}",0.03566913312005854
D_SparseFIR_K1_colored,S2_LRU_STREAM,6,"{""state_lr"": 0.001, ""readout_lr"": 0.03, ""state_decay"": 0.9}",inf
D_SparseFIR_K1_colored,S2_LRU_STREAM,7,"{""state_lr"": 0.001, ""readout_lr"": 0.03, ""state_decay"": 0.98}",inf
D_SparseFIR_K1_colored,S2_LRU_STREAM,8,"{""state_lr"": 0.01, ""readout_lr"": 0.001, ""state_decay"": 0.9}",0.138873521770604
D_SparseFIR_K1_colored,S2_LRU_STREAM,9,"{""state_lr"": 0.01, ""readout_lr"": 0.001, ""state_decay"": 0.98}",0.15646181525588884
D_SparseFIR_K1_colored,S2_LRU_STREAM,10,"{""state_lr"": 0.01, ""readout_lr"": 0.003, ""state_decay"": 0.9}",0.07723938724384846
D_SparseFIR_K1_colored,S2_LRU_STREAM,11,"{""state_lr"": 0.01, ""readout_lr"": 0.003, ""state_decay"": 0.98}",0.08293400430745256
D_SparseFIR_K1_colored,S2_LRU_STREAM,12,"{""state_lr"": 0.01, ""readout_lr"": 0.01, ""state_decay"": 0.9}",0.03796759418607384
D_SparseFIR_K1_colored,S2_LRU_STREAM,13,"{""state_lr"": 0.01, ""readout_lr"": 0.01, ""state_decay"": 0.98}",inf
D_SparseFIR_K1_colored,S2_LRU_STREAM,14,"{""state_lr"": 0.01, ""readout_lr"": 0.03, ""state_decay"": 0.9}",inf
D_SparseFIR_K1_colored,S2_LRU_STREAM,15,"{""state_lr"": 0.01, ""readout_lr"": 0.03, ""state_decay"": 0.98}",inf
D_SparseFIR_K1_colored,S3_RSONN,0,"{""learning_rate"": 0.001, ""growth_threshold"": 0.05, ""pruning_threshold"": 0.001}",0.6712643719331153
D_SparseFIR_K1_colored,S3_RSONN,1,"{""learning_rate"": 0.001, ""growth_threshold"": 0.05, ""pruning_threshold"": 0.005}",0.6713189401680838
D_SparseFIR_K1_colored,S3_RSONN,2,"{""learning_rate"": 0.001, ""growth_threshold"": 0.1, ""pruning_threshold"": 0.001}",0.6709536100548324
D_SparseFIR_K1_colored,S3_RSONN,3,"{""learning_rate"": 0.001, ""growth_threshold"": 0.1, ""pruning_threshold"": 0.005}",0.670683177331684
D_SparseFIR_K1_colored,S3_RSONN,4,"{""learning_rate"": 0.005, ""growth_threshold"": 0.05, ""pruning_threshold"": 0.001}",0.6284780058616075
D_SparseFIR_K1_colored,S3_RSONN,5,"{""learning_rate"": 0.005, ""growth_threshold"": 0.05, ""pruning_threshold"": 0.005}",0.621919365469033
D_SparseFIR_K1_colored,S3_RSONN,6,"{""learning_rate"": 0.005, ""growth_threshold"": 0.1, ""pruning_threshold"": 0.001}",0.6584017291211647
D_SparseFIR_K1_colored,S3_RSONN,7,"{""learning_rate"": 0.005, ""growth_threshold"": 0.1, ""pruning_threshold"": 0.005}",0.6144877135462886
D_SparseFIR_K1_colored,S3_RSONN,8,"{""learning_rate"": 0.01, ""growth_threshold"": 0.05, ""pruning_threshold"": 0.001}",0.5083767032936959
D_SparseFIR_K1_colored,S3_RSONN,9,"{""learning_rate"": 0.01, ""growth_threshold"": 0.05, ""pruning_threshold"": 0.005}",0.5185610285684467
D_SparseFIR_K1_colored,S3_RSONN,10,"{""learning_rate"": 0.01, ""growth_threshold"": 0.1, ""pruning_threshold"": 0.001}",0.5158541366632572
D_SparseFIR_K1_colored,S3_RSONN,11,"{""learning_rate"": 0.01, ""growth_threshold"": 0.1, ""pruning_threshold"": 0.005}",0.5152647398926476
D_SparseFIR_K1_colored,S3_RSONN,12,"{""learning_rate"": 0.02, ""growth_threshold"": 0.05, ""pruning_threshold"": 0.001}",0.323040045452341
D_SparseFIR_K1_colored,S3_RSONN,13,"{""learning_rate"": 0.02, ""growth_threshold"": 0.05, ""pruning_threshold"": 0.005}",0.34152138279659594
D_SparseFIR_K1_colored,S3_RSONN,14,"{""learning_rate"": 0.02, ""growth_threshold"": 0.1, ""pruning_threshold"": 0.001}",0.3545491332697412
D_SparseFIR_K1_colored,S3_RSONN,15,"{""learning_rate"": 0.02, ""growth_threshold"": 0.1, ""pruning_threshold"": 0.005}",0.319858651457986
D_SparseFIR_K1_colored,S4_ACESN,0,"{""reservoir_size"": 20, ""spectral_radius"": 0.85, ""compression_ratio"": 0.25, ""readout_lr"": 0.001}",0.46073068445066
D_SparseFIR_K1_colored,S4_ACESN,1,"{""reservoir_size"": 20, ""spectral_radius"": 0.85, ""compression_ratio"": 0.25, ""readout_lr"": 0.01}",0.2859716389501957
D_SparseFIR_K1_colored,S4_ACESN,2,"{""reservoir_size"": 20, ""spectral_radius"": 0.85, ""compression_ratio"": 0.5, ""readout_lr"": 0.001}",0.4606544570759327
D_SparseFIR_K1_colored,S4_ACESN,3,"{""reservoir_size"": 20, ""spectral_radius"": 0.85, ""compression_ratio"": 0.5, ""readout_lr"": 0.01}",0.2859981965831946
D_SparseFIR_K1_colored,S4_ACESN,4,"{""reservoir_size"": 20, ""spectral_radius"": 0.95, ""compression_ratio"": 0.25, ""readout_lr"": 0.001}",0.46656314818232464
D_SparseFIR_K1_colored,S4_ACESN,5,"{""reservoir_size"": 20, ""spectral_radius"": 0.95, ""compression_ratio"": 0.25, ""readout_lr"": 0.01}",0.2950395476304462
D_SparseFIR_K1_colored,S4_ACESN,6,"{""reservoir_size"": 20, ""spectral_radius"": 0.95, ""compression_ratio"": 0.5, ""readout_lr"": 0.001}",0.46646499484853193
D_SparseFIR_K1_colored,S4_ACESN,7,"{""reservoir_size"": 20, ""spectral_radius"": 0.95, ""compression_ratio"": 0.5, ""readout_lr"": 0.01}",0.29496582717254793
D_SparseFIR_K1_colored,S4_ACESN,8,"{""reservoir_size"": 40, ""spectral_radius"": 0.85, ""compression_ratio"": 0.25, ""readout_lr"": 0.001}",0.29874542813166677
D_SparseFIR_K1_colored,S4_ACESN,9,"{""reservoir_size"": 40, ""spectral_radius"": 0.85, ""compression_ratio"": 0.25, ""readout_lr"": 0.01}",0.13361368195839748
D_SparseFIR_K1_colored,S4_ACESN,10,"{""reservoir_size"": 40, ""spectral_radius"": 0.85, ""compression_ratio"": 0.5, ""readout_lr"": 0.001}",0.29782888541075175
D_SparseFIR_K1_colored,S4_ACESN,11,"{""reservoir_size"": 40, ""spectral_radius"": 0.85, ""compression_ratio"": 0.5, ""readout_lr"": 0.01}",0.1326662304005226
D_SparseFIR_K1_colored,S4_ACESN,12,"{""reservoir_size"": 40, ""spectral_radius"": 0.95, ""compression_ratio"": 0.25, ""readout_lr"": 0.001}",0.30290123653803014
D_SparseFIR_K1_colored,S4_ACESN,13,"{""reservoir_size"": 40, ""spectral_radius"": 0.95, ""compression_ratio"": 0.25, ""readout_lr"": 0.01}",0.1397929731910523
D_SparseFIR_K1_colored,S4_ACESN,14,"{""reservoir_size"": 40, ""spectral_radius"": 0.95, ""compression_ratio"": 0.5, ""readout_lr"": 0.001}",0.30201608946246816
D_SparseFIR_K1_colored,S4_ACESN,15,"{""reservoir_size"": 40, ""spectral_radius"": 0.95, ""compression_ratio"": 0.5, ""readout_lr"": 0.01}",0.13890627713660167
D_SparseFIR_K1_colored,S5_CONTINUAL_BACKPROP,0,"{""learning_rate"": 0.001, ""replacement_rate"": 0.0001, ""maturity_threshold"": 50}",0.15041244587209854
D_SparseFIR_K1_colored,S5_CONTINUAL_BACKPROP,1,"{""learning_rate"": 0.001, ""replacement_rate"": 0.0001, ""maturity_threshold"": 100}",0.14453067449941986
D_SparseFIR_K1_colored,S5_CONTINUAL_BACKPROP,2,"{""learning_rate"": 0.001, ""replacement_rate"": 0.001, ""maturity_threshold"": 50}",0.14590345509899813
D_SparseFIR_K1_colored,S5_CONTINUAL_BACKPROP,3,"{""learning_rate"": 0.001, ""replacement_rate"": 0.001, ""maturity_threshold"": 100}",0.1492370564884921
D_SparseFIR_K1_colored,S5_CONTINUAL_BACKPROP,4,"{""learning_rate"": 0.005, ""replacement_rate"": 0.0001, ""maturity_threshold"": 50}",0.0540218964014089
D_SparseFIR_K1_colored,S5_CONTINUAL_BACKPROP,5,"{""learning_rate"": 0.005, ""replacement_rate"": 0.0001, ""maturity_threshold"": 100}",0.05485171310630572
D_SparseFIR_K1_colored,S5_CONTINUAL_BACKPROP,6,"{""learning_rate"": 0.005, ""replacement_rate"": 0.001, ""maturity_threshold"": 50}",0.05462829899654715
D_SparseFIR_K1_colored,S5_CONTINUAL_BACKPROP,7,"{""learning_rate"": 0.005, ""replacement_rate"": 0.001, ""maturity_threshold"": 100}",0.054641968538948406
D_SparseFIR_K1_colored,S5_CONTINUAL_BACKPROP,8,"{""learning_rate"": 0.01, ""replacement_rate"": 0.0001, ""maturity_threshold"": 50}",0.03457082366490384
D_SparseFIR_K1_colored,S5_CONTINUAL_BACKPROP,9,"{""learning_rate"": 0.01, ""replacement_rate"": 0.0001, ""maturity_threshold"": 100}",0.03526871770672562
D_SparseFIR_K1_colored,S5_CONTINUAL_BACKPROP,10,"{""learning_rate"": 0.01, ""replacement_rate"": 0.001, ""maturity_threshold"": 50}",0.03482798382149121
D_SparseFIR_K1_colored,S5_CONTINUAL_BACKPROP,11,"{""learning_rate"": 0.01, ""replacement_rate"": 0.001, ""maturity_threshold"": 100}",0.0354410031141645
D_SparseFIR_K1_colored,S5_CONTINUAL_BACKPROP,12,"{""learning_rate"": 0.03, ""replacement_rate"": 0.0001, ""maturity_threshold"": 50}",4267.324451965608
D_SparseFIR_K1_colored,S5_CONTINUAL_BACKPROP,13,"{""learning_rate"": 0.03, ""replacement_rate"": 0.0001, ""maturity_threshold"": 100}",4227.605704637945
D_SparseFIR_K1_colored,S5_CONTINUAL_BACKPROP,14,"{""learning_rate"": 0.03, ""replacement_rate"": 0.001, ""maturity_threshold"": 50}",4228.930008837918
D_SparseFIR_K1_colored,S5_CONTINUAL_BACKPROP,15,"{""learning_rate"": 0.03, ""replacement_rate"": 0.001, ""maturity_threshold"": 100}",4210.313254718904
D_SparseFIR_K1_colored,C1_CURRENT_ONLY_LINEAR,0,"{""learning_rate"": 0.001}",0.14800297948429658
D_SparseFIR_K1_colored,C1_CURRENT_ONLY_LINEAR,1,"{""learning_rate"": 0.003}",0.07626619097703818
D_SparseFIR_K1_colored,C1_CURRENT_ONLY_LINEAR,2,"{""learning_rate"": 0.01}",0.034671980192696225
D_SparseFIR_K1_colored,C1_CURRENT_ONLY_LINEAR,3,"{""learning_rate"": 0.03}",4231.482520251103
D_SparseFIR_K1_colored,C2_NLMS,0,"{""step_size"": 0.01}",0.250247154490959
D_SparseFIR_K1_colored,C2_NLMS,1,"{""step_size"": 0.05}",0.08977004078982681
D_SparseFIR_K1_colored,C2_NLMS,2,"{""step_size"": 0.1}",0.05142086491626043
D_SparseFIR_K1_colored,C2_NLMS,3,"{""step_size"": 0.2}",0.028964042593694676
D_SparseFIR_K1_colored,C3_RLS,0,"{""forgetting_factor"": 0.99}",0.010586498742096336
D_SparseFIR_K1_colored,C3_RLS,1,"{""forgetting_factor"": 0.995}",0.010090415129879177
D_SparseFIR_K1_colored,C3_RLS,2,"{""forgetting_factor"": 0.999}",0.009875726780996899
D_SparseFIR_K1_colored,C3_RLS,3,"{""forgetting_factor"": 1.0}",0.00988193025144626
D_SparseFIR_K1_colored,C4_FIXED_LAG_LINEAR,0,"{""max_lag"": 4, ""learning_rate"": 0.001}",0.4750492219505635
D_SparseFIR_K1_colored,C4_FIXED_LAG_LINEAR,1,"{""max_lag"": 4, ""learning_rate"": 0.01}",0.41608841644415734
D_SparseFIR_K1_colored,C4_FIXED_LAG_LINEAR,2,"{""max_lag"": 8, ""learning_rate"": 0.001}",0.26573621749363624
D_SparseFIR_K1_colored,C4_FIXED_LAG_LINEAR,3,"{""max_lag"": 8, ""learning_rate"": 0.01}",0.16611856049122223
D_SparseFIR_K1_colored,C4_FIXED_LAG_LINEAR,4,"{""max_lag"": 16, ""learning_rate"": 0.001}",0.26498006403046986
D_SparseFIR_K1_colored,C4_FIXED_LAG_LINEAR,5,"{""max_lag"": 16, ""learning_rate"": 0.01}",0.15836061692442185
D_SparseFIR_K1_colored,C4_FIXED_LAG_LINEAR,6,"{""max_lag"": 32, ""learning_rate"": 0.001}",0.14806804320991335
D_SparseFIR_K1_colored,C4_FIXED_LAG_LINEAR,7,"{""max_lag"": 32, ""learning_rate"": 0.01}",0.034686969018702545
D_SparseFIR_K1_colored,IPNLMS,0,"{""mu"": 0.1}",0.018851279631728567
D_SparseFIR_K1_colored,IPNLMS,1,"{""mu"": 0.5}",0.013276654427890312
D_SparseFIR_K4_white,B1_RZA_LMS,0,"{""learning_rate"": 0.001, ""rho_zero_attraction"": 1e-06, ""epsilon_reweight"": 10.0}",0.9039809564884984
D_SparseFIR_K4_white,B1_RZA_LMS,1,"{""learning_rate"": 0.001, ""rho_zero_attraction"": 1e-05, ""epsilon_reweight"": 10.0}",0.9062889816783684
D_SparseFIR_K4_white,B1_RZA_LMS,2,"{""learning_rate"": 0.001, ""rho_zero_attraction"": 0.0001, ""epsilon_reweight"": 10.0}",0.9411782132975693
D_SparseFIR_K4_white,B1_RZA_LMS,3,"{""learning_rate"": 0.001, ""rho_zero_attraction"": 0.001, ""epsilon_reweight"": 10.0}",1.732849727080333
D_SparseFIR_K4_white,B1_RZA_LMS,4,"{""learning_rate"": 0.003, ""rho_zero_attraction"": 1e-06, ""epsilon_reweight"": 10.0}",0.3517106227387213
D_SparseFIR_K4_white,B1_RZA_LMS,5,"{""learning_rate"": 0.003, ""rho_zero_attraction"": 1e-05, ""epsilon_reweight"": 10.0}",0.3514642652418192
D_SparseFIR_K4_white,B1_RZA_LMS,6,"{""learning_rate"": 0.003, ""rho_zero_attraction"": 0.0001, ""epsilon_reweight"": 10.0}",0.3528280937873936
D_SparseFIR_K4_white,B1_RZA_LMS,7,"{""learning_rate"": 0.003, ""rho_zero_attraction"": 0.001, ""epsilon_reweight"": 10.0}",0.4348948254218998
D_SparseFIR_K4_white,B1_RZA_LMS,8,"{""learning_rate"": 0.01, ""rho_zero_attraction"": 1e-06, ""epsilon_reweight"": 10.0}",0.142279505157932
D_SparseFIR_K4_white,B1_RZA_LMS,9,"{""learning_rate"": 0.01, ""rho_zero_attraction"": 1e-05, ""epsilon_reweight"": 10.0}",0.14200524906019704
D_SparseFIR_K4_white,B1_RZA_LMS,10,"{""learning_rate"": 0.01, ""rho_zero_attraction"": 0.0001, ""epsilon_reweight"": 10.0}",0.1398959813653647
D_SparseFIR_K4_white,B1_RZA_LMS,11,"{""learning_rate"": 0.01, ""rho_zero_attraction"": 0.001, ""epsilon_reweight"": 10.0}",0.1394092714957176
D_SparseFIR_K4_white,B1_RZA_LMS,12,"{""learning_rate"": 0.03, ""rho_zero_attraction"": 1e-06, ""epsilon_reweight"": 10.0}",0.10924370401577006
D_SparseFIR_K4_white,B1_RZA_LMS,13,"{""learning_rate"": 0.03, ""rho_zero_attraction"": 1e-05, ""epsilon_reweight"": 10.0}",0.10895300768716105
D_SparseFIR_K4_white,B1_RZA_LMS,14,"{""learning_rate"": 0.03, ""rho_zero_attraction"": 0.0001, ""epsilon_reweight"": 10.0}",0.1061812434303905
D_SparseFIR_K4_white,B1_RZA_LMS,15,"{""learning_rate"": 0.03, ""rho_zero_attraction"": 0.001, ""epsilon_reweight"": 10.0}",0.08933883945507208
D_SparseFIR_K4_white,B2_CCN,0,"{""readout_lr"": 0.001, ""recurrent_lr"": 0.0001, ""max_columns"": 1}",0.9038185536740967
D_SparseFIR_K4_white,B2_CCN,1,"{""readout_lr"": 0.001, ""recurrent_lr"": 0.0001, ""max_columns"": 2}",0.9038456910724295
D_SparseFIR_K4_white,B2_CCN,2,"{""readout_lr"": 0.001, ""recurrent_lr"": 0.001, ""max_columns"": 1}",0.903845840944391
D_SparseFIR_K4_white,B2_CCN,3,"{""readout_lr"": 0.001, ""recurrent_lr"": 0.001, ""max_columns"": 2}",0.9038198698686983
D_SparseFIR_K4_white,B2_CCN,4,"{""readout_lr"": 0.003, ""recurrent_lr"": 0.0001, ""max_columns"": 1}",0.35190454320260445
D_SparseFIR_K4_white,B2_CCN,5,"{""readout_lr"": 0.003, ""recurrent_lr"": 0.0001, ""max_columns"": 2}",0.35189992434012424
D_SparseFIR_K4_white,B2_CCN,6,"{""readout_lr"": 0.003, ""recurrent_lr"": 0.001, ""max_columns"": 1}",0.3519002381869539
D_SparseFIR_K4_white,B2_CCN,7,"{""readout_lr"": 0.003, ""recurrent_lr"": 0.001, ""max_columns"": 2}",0.35189993447487683
D_SparseFIR_K4_white,B2_CCN,8,"{""readout_lr"": 0.01, ""recurrent_lr"": 0.0001, ""max_columns"": 1}",0.1425297748375652
D_SparseFIR_K4_white,B2_CCN,9,"{""readout_lr"": 0.01, ""recurrent_lr"": 0.0001, ""max_columns"": 2}",0.14253197538612383
D_SparseFIR_K4_white,B2_CCN,10,"{""readout_lr"": 0.01, ""recurrent_lr"": 0.001, ""max_columns"": 1}",0.142532631734218
D_SparseFIR_K4_white,B2_CCN,11,"{""readout_lr"": 0.01, ""recurrent_lr"": 0.001, ""max_columns"": 2}",0.14253189708402425
D_SparseFIR_K4_white,B2_CCN,12,"{""readout_lr"": 0.03, ""recurrent_lr"": 0.0001, ""max_columns"": 1}",0.10988323803947202
D_SparseFIR_K4_white,B2_CCN,13,"{""readout_lr"": 0.03, ""recurrent_lr"": 0.0001, ""max_columns"": 2}",0.1098793929786609
D_SparseFIR_K4_white,B2_CCN,14,"{""readout_lr"": 0.03, ""recurrent_lr"": 0.001, ""max_columns"": 1}",0.10988706719766284
D_SparseFIR_K4_white,B2_CCN,15,"{""readout_lr"": 0.03, ""recurrent_lr"": 0.001, ""max_columns"": 2}",0.10988700361396218
D_SparseFIR_K4_white,B3_MUSE_RNN,0,"{""learning_rate"": 0.001, ""growth_multiplier"": 1.5, ""pruning_threshold"": 0.001}",2.6125415072207274
D_SparseFIR_K4_white,B3_MUSE_RNN,1,"{""learning_rate"": 0.001, ""growth_multiplier"": 1.5, ""pruning_threshold"": 0.01}",2.6123229178587732
D_SparseFIR_K4_white,B3_MUSE_RNN,2,"{""learning_rate"": 0.001, ""growth_multiplier"": 2.5, ""pruning_threshold"": 0.001}",2.6121975601097045
D_SparseFIR_K4_white,B3_MUSE_RNN,3,"{""learning_rate"": 0.001, ""growth_multiplier"": 2.5, ""pruning_threshold"": 0.01}",2.612986696070227
D_SparseFIR_K4_white,B3_MUSE_RNN,4,"{""learning_rate"": 0.003, ""growth_multiplier"": 1.5, ""pruning_threshold"": 0.001}",2.6130667711477193
D_SparseFIR_K4_white,B3_MUSE_RNN,5,"{""learning_rate"": 0.003, ""growth_multiplier"": 1.5, ""pruning_threshold"": 0.01}",2.6130827877541782
D_SparseFIR_K4_white,B3_MUSE_RNN,6,"{""learning_rate"": 0.003, ""growth_multiplier"": 2.5, ""pruning_threshold"": 0.001}",2.613072374544068
D_SparseFIR_K4_white,B3_MUSE_RNN,7,"{""learning_rate"": 0.003, ""growth_multiplier"": 2.5, ""pruning_threshold"": 0.01}",2.6129992139782643
D_SparseFIR_K4_white,B3_MUSE_RNN,8,"{""learning_rate"": 0.01, ""growth_multiplier"": 1.5, ""pruning_threshold"": 0.001}",2.6132650933043573
D_SparseFIR_K4_white,B3_MUSE_RNN,9,"{""learning_rate"": 0.01, ""growth_multiplier"": 1.5, ""pruning_threshold"": 0.01}",2.6137482747048097
D_SparseFIR_K4_white,B3_MUSE_RNN,10,"{""learning_rate"": 0.01, ""growth_multiplier"": 2.5, ""pruning_threshold"": 0.001}",2.6140718781169845
D_SparseFIR_K4_white,B3_MUSE_RNN,11,"{""learning_rate"": 0.01, ""growth_multiplier"": 2.5, ""pruning_threshold"": 0.01}",2.6136303079669325
D_SparseFIR_K4_white,B3_MUSE_RNN,12,"{""learning_rate"": 0.03, ""growth_multiplier"": 1.5, ""pruning_threshold"": 0.001}",2.6220694162446816
D_SparseFIR_K4_white,B3_MUSE_RNN,13,"{""learning_rate"": 0.03, ""growth_multiplier"": 1.5, ""pruning_threshold"": 0.01}",2.617316351604791
D_SparseFIR_K4_white,B3_MUSE_RNN,14,"{""learning_rate"": 0.03, ""growth_multiplier"": 2.5, ""pruning_threshold"": 0.001}",2.6208187019959692
D_SparseFIR_K4_white,B3_MUSE_RNN,15,"{""learning_rate"": 0.03, ""growth_multiplier"": 2.5, ""pruning_threshold"": 0.01}",2.62745632865547
D_SparseFIR_K4_white,B4_MINIMAL_GRU,0,"{""learning_rate"": 0.0001, ""weight_decay"": 0.9}",2.6129455809161604
D_SparseFIR_K4_white,B4_MINIMAL_GRU,1,"{""learning_rate"": 0.0001, ""weight_decay"": 0.95}",2.6129288161222433
D_SparseFIR_K4_white,B4_MINIMAL_GRU,2,"{""learning_rate"": 0.0001, ""weight_decay"": 0.99}",2.61300349085111
D_SparseFIR_K4_white,B4_MINIMAL_GRU,3,"{""learning_rate"": 0.0001, ""weight_decay"": 0.999}",2.612943264968122
D_SparseFIR_K4_white,B4_MINIMAL_GRU,4,"{""learning_rate"": 0.001, ""weight_decay"": 0.9}",2.612930448311874
D_SparseFIR_K4_white,B4_MINIMAL_GRU,5,"{""learning_rate"": 0.001, ""weight_decay"": 0.95}",2.612915601419541
D_SparseFIR_K4_white,B4_MINIMAL_GRU,6,"{""learning_rate"": 0.001, ""weight_decay"": 0.99}",2.61280700203139
D_SparseFIR_K4_white,B4_MINIMAL_GRU,7,"{""learning_rate"": 0.001, ""weight_decay"": 0.999}",2.6124188209260053
D_SparseFIR_K4_white,B4_MINIMAL_GRU,8,"{""learning_rate"": 0.003, ""weight_decay"": 0.9}",2.6128831791463507
D_SparseFIR_K4_white,B4_MINIMAL_GRU,9,"{""learning_rate"": 0.003, ""weight_decay"": 0.95}",2.612815029610734
D_SparseFIR_K4_white,B4_MINIMAL_GRU,10,"{""learning_rate"": 0.003, ""weight_decay"": 0.99}",2.6119683022985924
D_SparseFIR_K4_white,B4_MINIMAL_GRU,11,"{""learning_rate"": 0.003, ""weight_decay"": 0.999}",2.6063779895634824
D_SparseFIR_K4_white,B4_MINIMAL_GRU,12,"{""learning_rate"": 0.01, ""weight_decay"": 0.9}",2.6126946386593692
D_SparseFIR_K4_white,B4_MINIMAL_GRU,13,"{""learning_rate"": 0.01, ""weight_decay"": 0.95}",2.6122557703844453
D_SparseFIR_K4_white,B4_MINIMAL_GRU,14,"{""learning_rate"": 0.01, ""weight_decay"": 0.99}",2.5886705184210292
D_SparseFIR_K4_white,B4_MINIMAL_GRU,15,"{""learning_rate"": 0.01, ""weight_decay"": 0.999}",2.1562915094966515
D_SparseFIR_K4_white,B5_ONLINE_ESN,0,"{""reservoir_size"": 10, ""spectral_radius"": 0.85, ""leak_rate"": 0.3, ""readout_lr"": 0.001}",2.5628201531111623
D_SparseFIR_K4_white,B5_ONLINE_ESN,1,"{""reservoir_size"": 10, ""spectral_radius"": 0.85, ""leak_rate"": 0.3, ""readout_lr"": 0.01}",2.290178989871413
D_SparseFIR_K4_white,B5_ONLINE_ESN,2,"{""reservoir_size"": 10, ""spectral_radius"": 0.85, ""leak_rate"": 0.7, ""readout_lr"": 0.001}",2.4546759290201683
D_SparseFIR_K4_white,B5_ONLINE_ESN,3,"{""reservoir_size"": 10, ""spectral_radius"": 0.85, ""leak_rate"": 0.7, ""readout_lr"": 0.01}",1.9588446633065562
D_SparseFIR_K4_white,B5_ONLINE_ESN,4,"{""reservoir_size"": 10, ""spectral_radius"": 0.95, ""leak_rate"": 0.3, ""readout_lr"": 0.001}",2.5590760126402805
D_SparseFIR_K4_white,B5_ONLINE_ESN,5,"{""reservoir_size"": 10, ""spectral_radius"": 0.95, ""leak_rate"": 0.3, ""readout_lr"": 0.01}",2.2807402355578303
D_SparseFIR_K4_white,B5_ONLINE_ESN,6,"{""reservoir_size"": 10, ""spectral_radius"": 0.95, ""leak_rate"": 0.7, ""readout_lr"": 0.001}",2.4520040851768194
D_SparseFIR_K4_white,B5_ONLINE_ESN,7,"{""reservoir_size"": 10, ""spectral_radius"": 0.95, ""leak_rate"": 0.7, ""readout_lr"": 0.01}",1.961801873117133
D_SparseFIR_K4_white,B5_ONLINE_ESN,8,"{""reservoir_size"": 20, ""spectral_radius"": 0.85, ""leak_rate"": 0.3, ""readout_lr"": 0.001}",2.489564662807563
D_SparseFIR_K4_white,B5_ONLINE_ESN,9,"{""reservoir_size"": 20, ""spectral_radius"": 0.85, ""leak_rate"": 0.3, ""readout_lr"": 0.01}",2.11711256703981
D_SparseFIR_K4_white,B5_ONLINE_ESN,10,"{""reservoir_size"": 20, ""spectral_radius"": 0.85, ""leak_rate"": 0.7, ""readout_lr"": 0.001}",2.2773705833117632
D_SparseFIR_K4_white,B5_ONLINE_ESN,11,"{""reservoir_size"": 20, ""spectral_radius"": 0.85, ""leak_rate"": 0.7, ""readout_lr"": 0.01}",1.6829987113111933
D_SparseFIR_K4_white,B5_ONLINE_ESN,12,"{""reservoir_size"": 20, ""spectral_radius"": 0.95, ""leak_rate"": 0.3, ""readout_lr"": 0.001}",2.486180705971442
D_SparseFIR_K4_white,B5_ONLINE_ESN,13,"{""reservoir_size"": 20, ""spectral_radius"": 0.95, ""leak_rate"": 0.3, ""readout_lr"": 0.01}",2.126271813980388
D_SparseFIR_K4_white,B5_ONLINE_ESN,14,"{""reservoir_size"": 20, ""spectral_radius"": 0.95, ""leak_rate"": 0.7, ""readout_lr"": 0.001}",2.270128699657243
D_SparseFIR_K4_white,B5_ONLINE_ESN,15,"{""reservoir_size"": 20, ""spectral_radius"": 0.95, ""leak_rate"": 0.7, ""readout_lr"": 0.01}",1.6896522361697304
D_SparseFIR_K4_white,S1_VARIABLE_TAP_LMS,0,"{""learning_rate"": 0.001, ""tap_leakage"": 0.0001}",2.435716717045157
D_SparseFIR_K4_white,S1_VARIABLE_TAP_LMS,1,"{""learning_rate"": 0.001, ""tap_leakage"": 0.001}",2.466646177030207
D_SparseFIR_K4_white,S1_VARIABLE_TAP_LMS,2,"{""learning_rate"": 0.001, ""tap_leakage"": 0.01}",2.5711605954226022
D_SparseFIR_K4_white,S1_VARIABLE_TAP_LMS,3,"{""learning_rate"": 0.001, ""tap_leakage"": 0.1}",2.607972709631366
D_SparseFIR_K4_white,S1_VARIABLE_TAP_LMS,4,"{""learning_rate"": 0.003, ""tap_leakage"": 0.0001}",2.1510130569504393
D_SparseFIR_K4_white,S1_VARIABLE_TAP_LMS,5,"{""learning_rate"": 0.003, ""tap_leakage"": 0.001}",2.150042878604792
D_SparseFIR_K4_white,S1_VARIABLE_TAP_LMS,6,"{""learning_rate"": 0.003, ""tap_leakage"": 0.01}",2.4809461411097957
D_SparseFIR_K4_white,S1_VARIABLE_TAP_LMS,7,"{""learning_rate"": 0.003, ""tap_leakage"": 0.1}",2.598487089385942
D_SparseFIR_K4_white,S1_VARIABLE_TAP_LMS,8,"{""learning_rate"": 0.01, ""tap_leakage"": 0.0001}",1.1012426466777712
D_SparseFIR_K4_white,S1_VARIABLE_TAP_LMS,9,"{""learning_rate"": 0.01, ""tap_leakage"": 0.001}",0.9891431108589694
D_SparseFIR_K4_white,S1_VARIABLE_TAP_LMS,10,"{""learning_rate"": 0.01, ""tap_leakage"": 0.01}",1.5003400621339376
D_SparseFIR_K4_white,S1_VARIABLE_TAP_LMS,11,"{""learning_rate"": 0.01, ""tap_leakage"": 0.1}",2.441422072051669
D_SparseFIR_K4_white,S1_VARIABLE_TAP_LMS,12,"{""learning_rate"": 0.03, ""tap_leakage"": 0.0001}",0.2569741283565256
D_SparseFIR_K4_white,S1_VARIABLE_TAP_LMS,13,"{""learning_rate"": 0.03, ""tap_leakage"": 0.001}",0.25967557087915116
D_SparseFIR_K4_white,S1_VARIABLE_TAP_LMS,14,"{""learning_rate"": 0.03, ""tap_leakage"": 0.01}",0.48817564759321685
D_SparseFIR_K4_white,S1_VARIABLE_TAP_LMS,15,"{""learning_rate"": 0.03, ""tap_leakage"": 0.1}",1.8647857696112027
D_SparseFIR_K4_white,S2_LRU_STREAM,0,"{""state_lr"": 0.001, ""readout_lr"": 0.001, ""state_decay"": 0.9}",0.9073057376468349
D_SparseFIR_K4_white,S2_LRU_STREAM,1,"{""state_lr"": 0.001, ""readout_lr"": 0.001, ""state_decay"": 0.98}",0.9037346061148274
D_SparseFIR_K4_white,S2_LRU_STREAM,2,"{""state_lr"": 0.001, ""readout_lr"": 0.003, ""state_decay"": 0.9}",0.34593845855257
D_SparseFIR_K4_white,S2_LRU_STREAM,3,"{""state_lr"": 0.001, ""readout_lr"": 0.003, ""state_decay"": 0.98}",0.3528242292334036
D_SparseFIR_K4_white,S2_LRU_STREAM,4,"{""state_lr"": 0.001, ""readout_lr"": 0.01, ""state_decay"": 0.9}",0.14246182182825198
D_SparseFIR_K4_white,S2_LRU_STREAM,5,"{""state_lr"": 0.001, ""readout_lr"": 0.01, ""state_decay"": 0.98}",0.1437853258624476
D_SparseFIR_K4_white,S2_LRU_STREAM,6,"{""state_lr"": 0.001, ""readout_lr"": 0.03, ""state_decay"": 0.9}",0.10983414853659394
D_SparseFIR_K4_white,S2_LRU_STREAM,7,"{""state_lr"": 0.001, ""readout_lr"": 0.03, ""state_decay"": 0.98}",0.11139088876822469
D_SparseFIR_K4_white,S2_LRU_STREAM,8,"{""state_lr"": 0.01, ""readout_lr"": 0.001, ""state_decay"": 0.9}",0.7741723608877727
D_SparseFIR_K4_white,S2_LRU_STREAM,9,"{""state_lr"": 0.01, ""readout_lr"": 0.001, ""state_decay"": 0.98}",0.8831964073091557
D_SparseFIR_K4_white,S2_LRU_STREAM,10,"{""state_lr"": 0.01, ""readout_lr"": 0.003, ""state_decay"": 0.9}",0.33893489238900903
D_SparseFIR_K4_white,S2_LRU_STREAM,11,"{""state_lr"": 0.01, ""readout_lr"": 0.003, ""state_decay"": 0.98}",0.35169231221941316
D_SparseFIR_K4_white,S2_LRU_STREAM,12,"{""state_lr"": 0.01, ""readout_lr"": 0.01, ""state_decay"": 0.9}",0.14279442310364787
D_SparseFIR_K4_white,S2_LRU_STREAM,13,"{""state_lr"": 0.01, ""readout_lr"": 0.01, ""state_decay"": 0.98}",0.14339376375036414
D_SparseFIR_K4_white,S2_LRU_STREAM,14,"{""state_lr"": 0.01, ""readout_lr"": 0.03, ""state_decay"": 0.9}",0.11058513601151636
D_SparseFIR_K4_white,S2_LRU_STREAM,15,"{""state_lr"": 0.01, ""readout_lr"": 0.03, ""state_decay"": 0.98}",0.11283170296704907
D_SparseFIR_K4_white,S3_RSONN,0,"{""learning_rate"": 0.001, ""growth_threshold"": 0.05, ""pruning_threshold"": 0.001}",2.6133606578345225
D_SparseFIR_K4_white,S3_RSONN,1,"{""learning_rate"": 0.001, ""growth_threshold"": 0.05, ""pruning_threshold"": 0.005}",2.6130584778037047
D_SparseFIR_K4_white,S3_RSONN,2,"{""learning_rate"": 0.001, ""growth_threshold"": 0.1, ""pruning_threshold"": 0.001}",2.6131727295389027
D_SparseFIR_K4_white,S3_RSONN,3,"{""learning_rate"": 0.001, ""growth_threshold"": 0.1, ""pruning_threshold"": 0.005}",2.613296649404449
D_SparseFIR_K4_white,S3_RSONN,4,"{""learning_rate"": 0.005, ""growth_threshold"": 0.05, ""pruning_threshold"": 0.001}",2.6162550540706966
D_SparseFIR_K4_white,S3_RSONN,5,"{""learning_rate"": 0.005, ""growth_threshold"": 0.05, ""pruning_threshold"": 0.005}",2.6128994135602213
D_SparseFIR_K4_white,S3_RSONN,6,"{""learning_rate"": 0.005, ""growth_threshold"": 0.1, ""pruning_threshold"": 0.001}",2.605081855653742
D_SparseFIR_K4_white,S3_RSONN,7,"{""learning_rate"": 0.005, ""growth_threshold"": 0.1, ""pruning_threshold"": 0.005}",2.60725086068476
D_SparseFIR_K4_white,S3_RSONN,8,"{""learning_rate"": 0.01, ""growth_threshold"": 0.05, ""pruning_threshold"": 0.001}",2.2143390577911557
D_SparseFIR_K4_white,S3_RSONN,9,"{""learning_rate"": 0.01, ""growth_threshold"": 0.05, ""pruning_threshold"": 0.005}",2.0506665997674074
D_SparseFIR_K4_white,S3_RSONN,10,"{""learning_rate"": 0.01, ""growth_threshold"": 0.1, ""pruning_threshold"": 0.001}",2.1144892703831215
D_SparseFIR_K4_white,S3_RSONN,11,"{""learning_rate"": 0.01, ""growth_threshold"": 0.1, ""pruning_threshold"": 0.005}",2.240760321588754
D_SparseFIR_K4_white,S3_RSONN,12,"{""learning_rate"": 0.02, ""growth_threshold"": 0.05, ""pruning_threshold"": 0.001}",1.1914212508844435
D_SparseFIR_K4_white,S3_RSONN,13,"{""learning_rate"": 0.02, ""growth_threshold"": 0.05, ""pruning_threshold"": 0.005}",1.3123746049254479
D_SparseFIR_K4_white,S3_RSONN,14,"{""learning_rate"": 0.02, ""growth_threshold"": 0.1, ""pruning_threshold"": 0.001}",1.3118199703199518
D_SparseFIR_K4_white,S3_RSONN,15,"{""learning_rate"": 0.02, ""growth_threshold"": 0.1, ""pruning_threshold"": 0.005}",1.348125849388799
D_SparseFIR_K4_white,S4_ACESN,0,"{""reservoir_size"": 20, ""spectral_radius"": 0.85, ""compression_ratio"": 0.25, ""readout_lr"": 0.001}",2.1170481045489797
D_SparseFIR_K4_white,S4_ACESN,1,"{""reservoir_size"": 20, ""spectral_radius"": 0.85, ""compression_ratio"": 0.25, ""readout_lr"": 0.01}",1.5561291884625528
D_SparseFIR_K4_white,S4_ACESN,2,"{""reservoir_size"": 20, ""spectral_radius"": 0.85, ""compression_ratio"": 0.5, ""readout_lr"": 0.001}",2.1162969179524893
D_SparseFIR_K4_white,S4_ACESN,3,"{""reservoir_size"": 20, ""spectral_radius"": 0.85, ""compression_ratio"": 0.5, ""readout_lr"": 0.01}",1.555043634084414
D_SparseFIR_K4_white,S4_ACESN,4,"{""reservoir_size"": 20, ""spectral_radius"": 0.95, ""compression_ratio"": 0.25, ""readout_lr"": 0.001}",2.1025759899785244
D_SparseFIR_K4_white,S4_ACESN,5,"{""reservoir_size"": 20, ""spectral_radius"": 0.95, ""compression_ratio"": 0.25, ""readout_lr"": 0.01}",1.5571112514369856
D_SparseFIR_K4_white,S4_ACESN,6,"{""reservoir_size"": 20, ""spectral_radius"": 0.95, ""compression_ratio"": 0.5, ""readout_lr"": 0.001}",2.101984836658287
D_SparseFIR_K4_white,S4_ACESN,7,"{""reservoir_size"": 20, ""spectral_radius"": 0.95, ""compression_ratio"": 0.5, ""readout_lr"": 0.01}",1.5561242467223166
D_SparseFIR_K4_white,S4_ACESN,8,"{""reservoir_size"": 40, ""spectral_radius"": 0.85, ""compression_ratio"": 0.25, ""readout_lr"": 0.001}",1.8817784606297263
D_SparseFIR_K4_white,S4_ACESN,9,"{""reservoir_size"": 40, ""spectral_radius"": 0.85, ""compression_ratio"": 0.25, ""readout_lr"": 0.01}",0.9816446263177113
D_SparseFIR_K4_white,S4_ACESN,10,"{""reservoir_size"": 40, ""spectral_radius"": 0.85, ""compression_ratio"": 0.5, ""readout_lr"": 0.001}",1.88113476113696
D_SparseFIR_K4_white,S4_ACESN,11,"{""reservoir_size"": 40, ""spectral_radius"": 0.85, ""compression_ratio"": 0.5, ""readout_lr"": 0.01}",0.9797362662033565
D_SparseFIR_K4_white,S4_ACESN,12,"{""reservoir_size"": 40, ""spectral_radius"": 0.95, ""compression_ratio"": 0.25, ""readout_lr"": 0.001}",1.8563888854251651
D_SparseFIR_K4_white,S4_ACESN,13,"{""reservoir_size"": 40, ""spectral_radius"": 0.95, ""compression_ratio"": 0.25, ""readout_lr"": 0.01}",1.010047958531194
D_SparseFIR_K4_white,S4_ACESN,14,"{""reservoir_size"": 40, ""spectral_radius"": 0.95, ""compression_ratio"": 0.5, ""readout_lr"": 0.001}",1.855664682313362
D_SparseFIR_K4_white,S4_ACESN,15,"{""reservoir_size"": 40, ""spectral_radius"": 0.95, ""compression_ratio"": 0.5, ""readout_lr"": 0.01}",1.0080801434026394
D_SparseFIR_K4_white,S5_CONTINUAL_BACKPROP,0,"{""learning_rate"": 0.001, ""replacement_rate"": 0.0001, ""maturity_threshold"": 50}",0.898428042815639
D_SparseFIR_K4_white,S5_CONTINUAL_BACKPROP,1,"{""learning_rate"": 0.001, ""replacement_rate"": 0.0001, ""maturity_threshold"": 100}",0.8977523984089585
D_SparseFIR_K4_white,S5_CONTINUAL_BACKPROP,2,"{""learning_rate"": 0.001, ""replacement_rate"": 0.001, ""maturity_threshold"": 50}",0.9051695565566774
D_SparseFIR_K4_white,S5_CONTINUAL_BACKPROP,3,"{""learning_rate"": 0.001, ""replacement_rate"": 0.001, ""maturity_threshold"": 100}",0.9043398774976034
D_SparseFIR_K4_white,S5_CONTINUAL_BACKPROP,4,"{""learning_rate"": 0.005, ""replacement_rate"": 0.0001, ""maturity_threshold"": 50}",0.2315073665254054
D_SparseFIR_K4_white,S5_CONTINUAL_BACKPROP,5,"{""learning_rate"": 0.005, ""replacement_rate"": 0.0001, ""maturity_threshold"": 100}",0.22972730502670427
D_SparseFIR_K4_white,S5_CONTINUAL_BACKPROP,6,"{""learning_rate"": 0.005, ""replacement_rate"": 0.001, ""maturity_threshold"": 50}",0.23263132309810844
D_SparseFIR_K4_white,S5_CONTINUAL_BACKPROP,7,"{""learning_rate"": 0.005, ""replacement_rate"": 0.001, ""maturity_threshold"": 100}",0.22956281638199094
D_SparseFIR_K4_white,S5_CONTINUAL_BACKPROP,8,"{""learning_rate"": 0.01, ""replacement_rate"": 0.0001, ""maturity_threshold"": 50}",0.14275951616906093
D_SparseFIR_K4_white,S5_CONTINUAL_BACKPROP,9,"{""learning_rate"": 0.01, ""replacement_rate"": 0.0001, ""maturity_threshold"": 100}",0.14337470480181197
D_SparseFIR_K4_white,S5_CONTINUAL_BACKPROP,10,"{""learning_rate"": 0.01, ""replacement_rate"": 0.001, ""maturity_threshold"": 50}",0.14267398403759549
D_SparseFIR_K4_white,S5_CONTINUAL_BACKPROP,11,"{""learning_rate"": 0.01, ""replacement_rate"": 0.001, ""maturity_threshold"": 100}",0.1431372059509652
D_SparseFIR_K4_white,S5_CONTINUAL_BACKPROP,12,"{""learning_rate"": 0.03, ""replacement_rate"": 0.0001, ""maturity_threshold"": 50}",0.10909568292445744
D_SparseFIR_K4_white,S5_CONTINUAL_BACKPROP,13,"{""learning_rate"": 0.03, ""replacement_rate"": 0.0001, ""maturity_threshold"": 100}",0.10889784875163683
D_SparseFIR_K4_white,S5_CONTINUAL_BACKPROP,14,"{""learning_rate"": 0.03, ""replacement_rate"": 0.001, ""maturity_threshold"": 50}",0.1093571772536213
D_SparseFIR_K4_white,S5_CONTINUAL_BACKPROP,15,"{""learning_rate"": 0.03, ""replacement_rate"": 0.001, ""maturity_threshold"": 100}",0.10942067993756847
D_SparseFIR_K4_white,C1_CURRENT_ONLY_LINEAR,0,"{""learning_rate"": 0.001}",0.9037470958708879
D_SparseFIR_K4_white,C1_CURRENT_ONLY_LINEAR,1,"{""learning_rate"": 0.003}",0.35174521183891194
D_SparseFIR_K4_white,C1_CURRENT_ONLY_LINEAR,2,"{""learning_rate"": 0.01}",0.14231072639226552
D_SparseFIR_K4_white,C1_CURRENT_ONLY_LINEAR,3,"{""learning_rate"": 0.03}",0.10927617634859925
D_SparseFIR_K4_white,C2_NLMS,0,"{""step_size"": 0.01}",1.7294857465014648
D_SparseFIR_K4_white,C2_NLMS,1,"{""step_size"": 0.05}",0.5957466444755167
D_SparseFIR_K4_white,C2_NLMS,2,"{""step_size"": 0.1}",0.31429514237894574
D_SparseFIR_K4_white,C2_NLMS,3,"{""step_size"": 0.2}",0.17243791681233678
D_SparseFIR_K4_white,C3_RLS,0,"{""forgetting_factor"": 0.99}",0.053501884495020836
D_SparseFIR_K4_white,C3_RLS,1,"{""forgetting_factor"": 0.995}",0.0515663321811524
D_SparseFIR_K4_white,C3_RLS,2,"{""forgetting_factor"": 0.999}",0.05062484252408963
D_SparseFIR_K4_white,C3_RLS,3,"{""forgetting_factor"": 1.0}",0.050586448068498276
D_SparseFIR_K4_white,C4_FIXED_LAG_LINEAR,0,"{""max_lag"": 4, ""learning_rate"": 0.001}",2.4347080194101482
D_SparseFIR_K4_white,C4_FIXED_LAG_LINEAR,1,"{""max_lag"": 4, ""learning_rate"": 0.01}",2.3965937180955628
D_SparseFIR_K4_white,C4_FIXED_LAG_LINEAR,2,"{""max_lag"": 8, ""learning_rate"": 0.001}",2.0861107851316976
D_SparseFIR_K4_white,C4_FIXED_LAG_LINEAR,3,"{""max_lag"": 8, ""learning_rate"": 0.01}",1.9241003334239188
D_SparseFIR_K4_white,C4_FIXED_LAG_LINEAR,4,"{""max_lag"": 16, ""learning_rate"": 0.001}",1.8323917692462306
D_SparseFIR_K4_white,C4_FIXED_LAG_LINEAR,5,"{""max_lag"": 16, ""learning_rate"": 0.01}",1.606531566560088
D_SparseFIR_K4_white,C4_FIXED_LAG_LINEAR,6,"{""max_lag"": 32, ""learning_rate"": 0.001}",0.9048502033211051
D_SparseFIR_K4_white,C4_FIXED_LAG_LINEAR,7,"{""max_lag"": 32, ""learning_rate"": 0.01}",0.14245456983415658
D_SparseFIR_K4_white,IPNLMS,0,"{""mu"": 0.1}",0.14377763340625954
D_SparseFIR_K4_white,IPNLMS,1,"{""mu"": 0.5}",0.07763526225234152
D_SparseFIR_K4_colored,B1_RZA_LMS,0,"{""learning_rate"": 0.001, ""rho_zero_attraction"": 1e-06, ""epsilon_reweight"": 10.0}",0.5602844929300254
D_SparseFIR_K4_colored,B1_RZA_LMS,1,"{""learning_rate"": 0.001, ""rho_zero_attraction"": 1e-05, ""epsilon_reweight"": 10.0}",0.5615479360088086
D_SparseFIR_K4_colored,B1_RZA_LMS,2,"{""learning_rate"": 0.001, ""rho_zero_attraction"": 0.0001, ""epsilon_reweight"": 10.0}",0.5837088625601269
D_SparseFIR_K4_colored,B1_RZA_LMS,3,"{""learning_rate"": 0.001, ""rho_zero_attraction"": 0.001, ""epsilon_reweight"": 10.0}",1.3798530203050028
D_SparseFIR_K4_colored,B1_RZA_LMS,4,"{""learning_rate"": 0.003, ""rho_zero_attraction"": 1e-06, ""epsilon_reweight"": 10.0}",0.30625100723211435
D_SparseFIR_K4_colored,B1_RZA_LMS,5,"{""learning_rate"": 0.003, ""rho_zero_attraction"": 1e-05, ""epsilon_reweight"": 10.0}",0.3058835214144495
D_SparseFIR_K4_colored,B1_RZA_LMS,6,"{""learning_rate"": 0.003, ""rho_zero_attraction"": 0.0001, ""epsilon_reweight"": 10.0}",0.3055679015786016
D_SparseFIR_K4_colored,B1_RZA_LMS,7,"{""learning_rate"": 0.003, ""rho_zero_attraction"": 0.001, ""epsilon_reweight"": 10.0}",0.3799685025040655
D_SparseFIR_K4_colored,B1_RZA_LMS,8,"{""learning_rate"": 0.01, ""rho_zero_attraction"": 1e-06, ""epsilon_reweight"": 10.0}",0.15116809988072585
D_SparseFIR_K4_colored,B1_RZA_LMS,9,"{""learning_rate"": 0.01, ""rho_zero_attraction"": 1e-05, ""epsilon_reweight"": 10.0}",0.1508178819297377
D_SparseFIR_K4_colored,B1_RZA_LMS,10,"{""learning_rate"": 0.01, ""rho_zero_attraction"": 0.0001, ""epsilon_reweight"": 10.0}",0.14848794795339676
D_SparseFIR_K4_colored,B1_RZA_LMS,11,"{""learning_rate"": 0.01, ""rho_zero_attraction"": 0.001, ""epsilon_reweight"": 10.0}",0.15016261029795827
D_SparseFIR_K4_colored,B1_RZA_LMS,12,"{""learning_rate"": 0.03, ""rho_zero_attraction"": 1e-06, ""epsilon_reweight"": 10.0}",248186.32898867995
D_SparseFIR_K4_colored,B1_RZA_LMS,13,"{""learning_rate"": 0.03, ""rho_zero_attraction"": 1e-05, ""epsilon_reweight"": 10.0}",247354.1093478267
D_SparseFIR_K4_colored,B1_RZA_LMS,14,"{""learning_rate"": 0.03, ""rho_zero_attraction"": 0.0001, ""epsilon_reweight"": 10.0}",245446.64592946865
D_SparseFIR_K4_colored,B1_RZA_LMS,15,"{""learning_rate"": 0.03, ""rho_zero_attraction"": 0.001, ""epsilon_reweight"": 10.0}",322941.3409937836
D_SparseFIR_K4_colored,B2_CCN,0,"{""readout_lr"": 0.001, ""recurrent_lr"": 0.0001, ""max_columns"": 1}",0.560259200021762
D_SparseFIR_K4_colored,B2_CCN,1,"{""readout_lr"": 0.001, ""recurrent_lr"": 0.0001, ""max_columns"": 2}",0.560252684973403
D_SparseFIR_K4_colored,B2_CCN,2,"{""readout_lr"": 0.001, ""recurrent_lr"": 0.001, ""max_columns"": 1}",0.5602709819877819
D_SparseFIR_K4_colored,B2_CCN,3,"{""readout_lr"": 0.001, ""recurrent_lr"": 0.001, ""max_columns"": 2}",0.5602665479357384
D_SparseFIR_K4_colored,B2_CCN,4,"{""readout_lr"": 0.003, ""recurrent_lr"": 0.0001, ""max_columns"": 1}",0.3064620378803991
D_SparseFIR_K4_colored,B2_CCN,5,"{""readout_lr"": 0.003, ""recurrent_lr"": 0.0001, ""max_columns"": 2}",0.30646493449388446
D_SparseFIR_K4_colored,B2_CCN,6,"{""readout_lr"": 0.003, ""recurrent_lr"": 0.001, ""max_columns"": 1}",0.306460577523465
D_SparseFIR_K4_colored,B2_CCN,7,"{""readout_lr"": 0.003, ""recurrent_lr"": 0.001, ""max_columns"": 2}",0.3064627944233928
D_SparseFIR_K4_colored,B2_CCN,8,"{""readout_lr"": 0.01, ""recurrent_lr"": 0.0001, ""max_columns"": 1}",0.15145276721577736
D_SparseFIR_K4_colored,B2_CCN,9,"{""readout_lr"": 0.01, ""recurrent_lr"": 0.0001, ""max_columns"": 2}",0.15145420771082843
D_SparseFIR_K4_colored,B2_CCN,10,"{""readout_lr"": 0.01, ""recurrent_lr"": 0.001, ""max_columns"": 1}",0.15145583858592046
D_SparseFIR_K4_colored,B2_CCN,11,"{""readout_lr"": 0.01, ""recurrent_lr"": 0.001, ""max_columns"": 2}",0.15145112992485948
D_SparseFIR_K4_colored,B2_CCN,12,"{""readout_lr"": 0.03, ""recurrent_lr"": 0.0001, ""max_columns"": 1}",492701.53164938284
D_SparseFIR_K4_colored,B2_CCN,13,"{""readout_lr"": 0.03, ""recurrent_lr"": 0.0001, ""max_columns"": 2}",480126.243761401
D_SparseFIR_K4_colored,B2_CCN,14,"{""readout_lr"": 0.03, ""recurrent_lr"": 0.001, ""max_columns"": 1}",528158.2168565677
D_SparseFIR_K4_colored,B2_CCN,15,"{""readout_lr"": 0.03, ""recurrent_lr"": 0.001, ""max_columns"": 2}",527866.3965350285
D_SparseFIR_K4_colored,B3_MUSE_RNN,0,"{""learning_rate"": 0.001, ""growth_multiplier"": 1.5, ""pruning_threshold"": 0.001}",2.6106483486100887
D_SparseFIR_K4_colored,B3_MUSE_RNN,1,"{""learning_rate"": 0.001, ""growth_multiplier"": 1.5, ""pruning_threshold"": 0.01}",2.6107755647696407
D_SparseFIR_K4_colored,B3_MUSE_RNN,2,"{""learning_rate"": 0.001, ""growth_multiplier"": 2.5, ""pruning_threshold"": 0.001}",2.610859687795299
D_SparseFIR_K4_colored,B3_MUSE_RNN,3,"{""learning_rate"": 0.001, ""growth_multiplier"": 2.5, ""pruning_threshold"": 0.01}",2.61115359602941
D_SparseFIR_K4_colored,B3_MUSE_RNN,4,"{""learning_rate"": 0.003, ""growth_multiplier"": 1.5, ""pruning_threshold"": 0.001}",2.6111513704524634
D_SparseFIR_K4_colored,B3_MUSE_RNN,5,"{""learning_rate"": 0.003, ""growth_multiplier"": 1.5, ""pruning_threshold"": 0.01}",2.611258034157911
D_SparseFIR_K4_colored,B3_MUSE_RNN,6,"{""learning_rate"": 0.003, ""growth_multiplier"": 2.5, ""pruning_threshold"": 0.001}",2.6115595685956925
D_SparseFIR_K4_colored,B3_MUSE_RNN,7,"{""learning_rate"": 0.003, ""growth_multiplier"": 2.5, ""pruning_threshold"": 0.01}",2.6112870701671764
D_SparseFIR_K4_colored,B3_MUSE_RNN,8,"{""learning_rate"": 0.01, ""growth_multiplier"": 1.5, ""pruning_threshold"": 0.001}",2.611832670035001
D_SparseFIR_K4_colored,B3_MUSE_RNN,9,"{""learning_rate"": 0.01, ""growth_multiplier"": 1.5, ""pruning_threshold"": 0.01}",2.611367188098857
D_SparseFIR_K4_colored,B3_MUSE_RNN,10,"{""learning_rate"": 0.01, ""growth_multiplier"": 2.5, ""pruning_threshold"": 0.001}",2.612842638647518
D_SparseFIR_K4_colored,B3_MUSE_RNN,11,"{""learning_rate"": 0.01, ""growth_multiplier"": 2.5, ""pruning_threshold"": 0.01}",2.6122973756943475
D_SparseFIR_K4_colored,B3_MUSE_RNN,12,"{""learning_rate"": 0.03, ""growth_multiplier"": 1.5, ""pruning_threshold"": 0.001}",2.592565866323003
D_SparseFIR_K4_colored,B3_MUSE_RNN,13,"{""learning_rate"": 0.03, ""growth_multiplier"": 1.5, ""pruning_threshold"": 0.01}",2.6254288706263025
D_SparseFIR_K4_colored,B3_MUSE_RNN,14,"{""learning_rate"": 0.03, ""growth_multiplier"": 2.5, ""pruning_threshold"": 0.001}",2.5760752571344097
D_SparseFIR_K4_colored,B3_MUSE_RNN,15,"{""learning_rate"": 0.03, ""growth_multiplier"": 2.5, ""pruning_threshold"": 0.01}",2.59191224390888
D_SparseFIR_K4_colored,B4_MINIMAL_GRU,0,"{""learning_rate"": 0.0001, ""weight_decay"": 0.9}",2.611099444719076
D_SparseFIR_K4_colored,B4_MINIMAL_GRU,1,"{""learning_rate"": 0.0001, ""weight_decay"": 0.95}",2.611064921206817
D_SparseFIR_K4_colored,B4_MINIMAL_GRU,2,"{""learning_rate"": 0.0001, ""weight_decay"": 0.99}",2.6106732986237335
D_SparseFIR_K4_colored,B4_MINIMAL_GRU,3,"{""learning_rate"": 0.0001, ""weight_decay"": 0.999}",2.6116540937816657
D_SparseFIR_K4_colored,B4_MINIMAL_GRU,4,"{""learning_rate"": 0.001, ""weight_decay"": 0.9}",2.610718829482266
D_SparseFIR_K4_colored,B4_MINIMAL_GRU,5,"{""learning_rate"": 0.001, ""weight_decay"": 0.95}",2.6105026242975846
D_SparseFIR_K4_colored,B4_MINIMAL_GRU,6,"{""learning_rate"": 0.001, ""weight_decay"": 0.99}",2.6085020622807473
D_SparseFIR_K4_colored,B4_MINIMAL_GRU,7,"{""learning_rate"": 0.001, ""weight_decay"": 0.999}",2.6007972082131396
D_SparseFIR_K4_colored,B4_MINIMAL_GRU,8,"{""learning_rate"": 0.003, ""weight_decay"": 0.9}",2.609421856807756
D_SparseFIR_K4_colored,B4_MINIMAL_GRU,9,"{""learning_rate"": 0.003, ""weight_decay"": 0.95}",2.607857028034502
D_SparseFIR_K4_colored,B4_MINIMAL_GRU,10,"{""learning_rate"": 0.003, ""weight_decay"": 0.99}",2.5562973522421126
D_SparseFIR_K4_colored,B4_MINIMAL_GRU,11,"{""learning_rate"": 0.003, ""weight_decay"": 0.999}",2.157946174913987
D_SparseFIR_K4_colored,B4_MINIMAL_GRU,12,"{""learning_rate"": 0.01, ""weight_decay"": 0.9}",2.3918214193998244
D_SparseFIR_K4_colored,B4_MINIMAL_GRU,13,"{""learning_rate"": 0.01, ""weight_decay"": 0.95}",2.1424490060535355
D_SparseFIR_K4_colored,B4_MINIMAL_GRU,14,"{""learning_rate"": 0.01, ""weight_decay"": 0.99}",1.4405437733451372
D_SparseFIR_K4_colored,B4_MINIMAL_GRU,15,"{""learning_rate"": 0.01, ""weight_decay"": 0.999}",1.3416651612916928
D_SparseFIR_K4_colored,B5_ONLINE_ESN,0,"{""reservoir_size"": 10, ""spectral_radius"": 0.85, ""leak_rate"": 0.3, ""readout_lr"": 0.001}",2.1937750562312215
D_SparseFIR_K4_colored,B5_ONLINE_ESN,1,"{""reservoir_size"": 10, ""spectral_radius"": 0.85, ""leak_rate"": 0.3, ""readout_lr"": 0.01}",1.4969308214301504
D_SparseFIR_K4_colored,B5_ONLINE_ESN,2,"{""reservoir_size"": 10, ""spectral_radius"": 0.85, ""leak_rate"": 0.7, ""readout_lr"": 0.001}",2.151986297785895
D_SparseFIR_K4_colored,B5_ONLINE_ESN,3,"{""reservoir_size"": 10, ""spectral_radius"": 0.85, ""leak_rate"": 0.7, ""readout_lr"": 0.01}",1.521370402814659
D_SparseFIR_K4_colored,B5_ONLINE_ESN,4,"{""reservoir_size"": 10, ""spectral_radius"": 0.95, ""leak_rate"": 0.3, ""readout_lr"": 0.001}",2.1762758815451737
D_SparseFIR_K4_colored,B5_ONLINE_ESN,5,"{""reservoir_size"": 10, ""spectral_radius"": 0.95, ""leak_rate"": 0.3, ""readout_lr"": 0.01}",1.4861896625365736
D_SparseFIR_K4_colored,B5_ONLINE_ESN,6,"{""reservoir_size"": 10, ""spectral_radius"": 0.95, ""leak_rate"": 0.7, ""readout_lr"": 0.001}",2.1487375075037236
D_SparseFIR_K4_colored,B5_ONLINE_ESN,7,"{""reservoir_size"": 10, ""spectral_radius"": 0.95, ""leak_rate"": 0.7, ""readout_lr"": 0.01}",1.5393868116719862
D_SparseFIR_K4_colored,B5_ONLINE_ESN,8,"{""reservoir_size"": 20, ""spectral_radius"": 0.85, ""leak_rate"": 0.3, ""readout_lr"": 0.001}",1.5660409448788968
D_SparseFIR_K4_colored,B5_ONLINE_ESN,9,"{""reservoir_size"": 20, ""spectral_radius"": 0.85, ""leak_rate"": 0.3, ""readout_lr"": 0.01}",0.8754378883214214
D_SparseFIR_K4_colored,B5_ONLINE_ESN,10,"{""reservoir_size"": 20, ""spectral_radius"": 0.85, ""leak_rate"": 0.7, ""readout_lr"": 0.001}",1.3585310096822596
D_SparseFIR_K4_colored,B5_ONLINE_ESN,11,"{""reservoir_size"": 20, ""spectral_radius"": 0.85, ""leak_rate"": 0.7, ""readout_lr"": 0.01}",0.7101616994540255
D_SparseFIR_K4_colored,B5_ONLINE_ESN,12,"{""reservoir_size"": 20, ""spectral_radius"": 0.95, ""leak_rate"": 0.3, ""readout_lr"": 0.001}",1.5674778043954962
D_SparseFIR_K4_colored,B5_ONLINE_ESN,13,"{""reservoir_size"": 20, ""spectral_radius"": 0.95, ""leak_rate"": 0.3, ""readout_lr"": 0.01}",0.8928574794931752
D_SparseFIR_K4_colored,B5_ONLINE_ESN,14,"{""reservoir_size"": 20, ""spectral_radius"": 0.95, ""leak_rate"": 0.7, ""readout_lr"": 0.001}",1.3567200584298773
D_SparseFIR_K4_colored,B5_ONLINE_ESN,15,"{""reservoir_size"": 20, ""spectral_radius"": 0.95, ""leak_rate"": 0.7, ""readout_lr"": 0.01}",0.7329726934821651
D_SparseFIR_K4_colored,S1_VARIABLE_TAP_LMS,0,"{""learning_rate"": 0.001, ""tap_leakage"": 0.0001}",1.859972786426412
D_SparseFIR_K4_colored,S1_VARIABLE_TAP_LMS,1,"{""learning_rate"": 0.001, ""tap_leakage"": 0.001}",1.8973511424596943
D_SparseFIR_K4_colored,S1_VARIABLE_TAP_LMS,2,"{""learning_rate"": 0.001, ""tap_leakage"": 0.01}",2.2552606439295246
D_SparseFIR_K4_colored,S1_VARIABLE_TAP_LMS,3,"{""learning_rate"": 0.001, ""tap_leakage"": 0.1}",2.5843022574109584
D_SparseFIR_K4_colored,S1_VARIABLE_TAP_LMS,4,"{""learning_rate"": 0.003, ""tap_leakage"": 0.0001}",1.5682669832917913
D_SparseFIR_K4_colored,S1_VARIABLE_TAP_LMS,5,"{""learning_rate"": 0.003, ""tap_leakage"": 0.001}",1.641714257513654
D_SparseFIR_K4_colored,S1_VARIABLE_TAP_LMS,6,"{""learning_rate"": 0.003, ""tap_leakage"": 0.01}",1.7878752098396038
D_SparseFIR_K4_colored,S1_VARIABLE_TAP_LMS,7,"{""learning_rate"": 0.003, ""tap_leakage"": 0.1}",2.420427447612546
D_SparseFIR_K4_colored,S1_VARIABLE_TAP_LMS,8,"{""learning_rate"": 0.01, ""tap_leakage"": 0.0001}",0.47505562715249283
D_SparseFIR_K4_colored,S1_VARIABLE_TAP_LMS,9,"{""learning_rate"": 0.01, ""tap_leakage"": 0.001}",0.49148491254117205
D_SparseFIR_K4_colored,S1_VARIABLE_TAP_LMS,10,"{""learning_rate"": 0.01, ""tap_leakage"": 0.01}",0.8839618598635545
D_SparseFIR_K4_colored,S1_VARIABLE_TAP_LMS,11,"{""learning_rate"": 0.01, ""tap_leakage"": 0.1}",1.6133223346123475
D_SparseFIR_K4_colored,S1_VARIABLE_TAP_LMS,12,"{""learning_rate"": 0.03, ""tap_leakage"": 0.0001}",28.730636177252652
D_SparseFIR_K4_colored,S1_VARIABLE_TAP_LMS,13,"{""learning_rate"": 0.03, ""tap_leakage"": 0.001}",7.30294613601209
D_SparseFIR_K4_colored,S1_VARIABLE_TAP_LMS,14,"{""learning_rate"": 0.03, ""tap_leakage"": 0.01}",39.820306581950895
D_SparseFIR_K4_colored,S1_VARIABLE_TAP_LMS,15,"{""learning_rate"": 0.03, ""tap_leakage"": 0.1}",1427.3576880569244
D_SparseFIR_K4_colored,S2_LRU_STREAM,0,"{""state_lr"": 0.001, ""readout_lr"": 0.001, ""state_decay"": 0.9}",0.5607125383463493
D_SparseFIR_K4_colored,S2_LRU_STREAM,1,"{""state_lr"": 0.001, ""readout_lr"": 0.001, ""state_decay"": 0.98}",0.5660338896628873
D_SparseFIR_K4_colored,S2_LRU_STREAM,2,"{""state_lr"": 0.001, ""readout_lr"": 0.003, ""state_decay"": 0.9}",0.31040304124971335
D_SparseFIR_K4_colored,S2_LRU_STREAM,3,"{""state_lr"": 0.001, ""readout_lr"": 0.003, ""state_decay"": 0.98}",0.3091635904651473
D_SparseFIR_K4_colored,S2_LRU_STREAM,4,"{""state_lr"": 0.001, ""readout_lr"": 0.01, ""state_decay"": 0.9}",0.15405911414627182
D_SparseFIR_K4_colored,S2_LRU_STREAM,5,"{""state_lr"": 0.001, ""readout_lr"": 0.01, ""state_decay"": 0.98}",inf
D_SparseFIR_K4_colored,S2_LRU_STREAM,6,"{""state_lr"": 0.001, ""readout_lr"": 0.03, ""state_decay"": 0.9}",inf
D_SparseFIR_K4_colored,S2_LRU_STREAM,7,"{""state_lr"": 0.001, ""readout_lr"": 0.03, ""state_decay"": 0.98}",inf
D_SparseFIR_K4_colored,S2_LRU_STREAM,8,"{""state_lr"": 0.01, ""readout_lr"": 0.001, ""state_decay"": 0.9}",0.5696941467460266
D_SparseFIR_K4_colored,S2_LRU_STREAM,9,"{""state_lr"": 0.01, ""readout_lr"": 0.001, ""state_decay"": 0.98}",0.6130854839952007
D_SparseFIR_K4_colored,S2_LRU_STREAM,10,"{""state_lr"": 0.01, ""readout_lr"": 0.003, ""state_decay"": 0.9}",0.32415664834679975
D_SparseFIR_K4_colored,S2_LRU_STREAM,11,"{""state_lr"": 0.01, ""readout_lr"": 0.003, ""state_decay"": 0.98}",inf
D_SparseFIR_K4_colored,S2_LRU_STREAM,12,"{""state_lr"": 0.01, ""readout_lr"": 0.01, ""state_decay"": 0.9}",inf
D_SparseFIR_K4_colored,S2_LRU_STREAM,13,"{""state_lr"": 0.01, ""readout_lr"": 0.01, ""state_decay"": 0.98}",inf
D_SparseFIR_K4_colored,S2_LRU_STREAM,14,"{""state_lr"": 0.01, ""readout_lr"": 0.03, ""state_decay"": 0.9}",inf
D_SparseFIR_K4_colored,S2_LRU_STREAM,15,"{""state_lr"": 0.01, ""readout_lr"": 0.03, ""state_decay"": 0.98}",inf
D_SparseFIR_K4_colored,S3_RSONN,0,"{""learning_rate"": 0.001, ""growth_threshold"": 0.05, ""pruning_threshold"": 0.001}",2.5936527094122708
D_SparseFIR_K4_colored,S3_RSONN,1,"{""learning_rate"": 0.001, ""growth_threshold"": 0.05, ""pruning_threshold"": 0.005}",2.5973748912746975
D_SparseFIR_K4_colored,S3_RSONN,2,"{""learning_rate"": 0.001, ""growth_threshold"": 0.1, ""pruning_threshold"": 0.001}",2.5948338049134914
D_SparseFIR_K4_colored,S3_RSONN,3,"{""learning_rate"": 0.001, ""growth_threshold"": 0.1, ""pruning_threshold"": 0.005}",2.59476397966718
D_SparseFIR_K4_colored,S3_RSONN,4,"{""learning_rate"": 0.005, ""growth_threshold"": 0.05, ""pruning_threshold"": 0.001}",2.172670036754164
D_SparseFIR_K4_colored,S3_RSONN,5,"{""learning_rate"": 0.005, ""growth_threshold"": 0.05, ""pruning_threshold"": 0.005}",2.1434325434261052
D_SparseFIR_K4_colored,S3_RSONN,6,"{""learning_rate"": 0.005, ""growth_threshold"": 0.1, ""pruning_threshold"": 0.001}",1.8804653925218073
D_SparseFIR_K4_colored,S3_RSONN,7,"{""learning_rate"": 0.005, ""growth_threshold"": 0.1, ""pruning_threshold"": 0.005}",2.2317522209532905
D_SparseFIR_K4_colored,S3_RSONN,8,"{""learning_rate"": 0.01, ""growth_threshold"": 0.05, ""pruning_threshold"": 0.001}",1.4594785738800014
D_SparseFIR_K4_colored,S3_RSONN,9,"{""learning_rate"": 0.01, ""growth_threshold"": 0.05, ""pruning_threshold"": 0.005}",1.658357514213319
D_SparseFIR_K4_colored,S3_RSONN,10,"{""learning_rate"": 0.01, ""growth_threshold"": 0.1, ""pruning_threshold"": 0.001}",1.3394620135712358
D_SparseFIR_K4_colored,S3_RSONN,11,"{""learning_rate"": 0.01, ""growth_threshold"": 0.1, ""pruning_threshold"": 0.005}",1.416504560730786
D_SparseFIR_K4_colored,S3_RSONN,12,"{""learning_rate"": 0.02, ""growth_threshold"": 0.05, ""pruning_threshold"": 0.001}",0.8458475285890344
D_SparseFIR_K4_colored,S3_RSONN,13,"{""learning_rate"": 0.02, ""growth_threshold"": 0.05, ""pruning_threshold"": 0.005}",0.8633544218352825
D_SparseFIR_K4_colored,S3_RSONN,14,"{""learning_rate"": 0.02, ""growth_threshold"": 0.1, ""pruning_threshold"": 0.001}",0.7911749099335061
D_SparseFIR_K4_colored,S3_RSONN,15,"{""learning_rate"": 0.02, ""growth_threshold"": 0.1, ""pruning_threshold"": 0.005}",0.803038203662353
D_SparseFIR_K4_colored,S4_ACESN,0,"{""reservoir_size"": 20, ""spectral_radius"": 0.85, ""compression_ratio"": 0.25, ""readout_lr"": 0.001}",1.367844692478931
D_SparseFIR_K4_colored,S4_ACESN,1,"{""reservoir_size"": 20, ""spectral_radius"": 0.85, ""compression_ratio"": 0.25, ""readout_lr"": 0.01}",0.7358051379635228
D_SparseFIR_K4_colored,S4_ACESN,2,"{""reservoir_size"": 20, ""spectral_radius"": 0.85, ""compression_ratio"": 0.5, ""readout_lr"": 0.001}",1.367264889488743
D_SparseFIR_K4_colored,S4_ACESN,3,"{""reservoir_size"": 20, ""spectral_radius"": 0.85, ""compression_ratio"": 0.5, ""readout_lr"": 0.01}",0.7351997889234217
D_SparseFIR_K4_colored,S4_ACESN,4,"{""reservoir_size"": 20, ""spectral_radius"": 0.95, ""compression_ratio"": 0.25, ""readout_lr"": 0.001}",1.3664748566094795
D_SparseFIR_K4_colored,S4_ACESN,5,"{""reservoir_size"": 20, ""spectral_radius"": 0.95, ""compression_ratio"": 0.25, ""readout_lr"": 0.01}",0.7586657179298172
D_SparseFIR_K4_colored,S4_ACESN,6,"{""reservoir_size"": 20, ""spectral_radius"": 0.95, ""compression_ratio"": 0.5, ""readout_lr"": 0.001}",1.3658026925434286
D_SparseFIR_K4_colored,S4_ACESN,7,"{""reservoir_size"": 20, ""spectral_radius"": 0.95, ""compression_ratio"": 0.5, ""readout_lr"": 0.01}",0.7576756561415644
D_SparseFIR_K4_colored,S4_ACESN,8,"{""reservoir_size"": 40, ""spectral_radius"": 0.85, ""compression_ratio"": 0.25, ""readout_lr"": 0.001}",1.2699542866341456
D_SparseFIR_K4_colored,S4_ACESN,9,"{""reservoir_size"": 40, ""spectral_radius"": 0.85, ""compression_ratio"": 0.25, ""readout_lr"": 0.01}",0.5646527584833677
D_SparseFIR_K4_colored,S4_ACESN,10,"{""reservoir_size"": 40, ""spectral_radius"": 0.85, ""compression_ratio"": 0.5, ""readout_lr"": 0.001}",1.268162613058089
D_SparseFIR_K4_colored,S4_ACESN,11,"{""reservoir_size"": 40, ""spectral_radius"": 0.85, ""compression_ratio"": 0.5, ""readout_lr"": 0.01}",0.5626096891097359
D_SparseFIR_K4_colored,S4_ACESN,12,"{""reservoir_size"": 40, ""spectral_radius"": 0.95, ""compression_ratio"": 0.25, ""readout_lr"": 0.001}",1.2639681439230566
D_SparseFIR_K4_colored,S4_ACESN,13,"{""reservoir_size"": 40, ""spectral_radius"": 0.95, ""compression_ratio"": 0.25, ""readout_lr"": 0.01}",0.5731413278747585
D_SparseFIR_K4_colored,S4_ACESN,14,"{""reservoir_size"": 40, ""spectral_radius"": 0.95, ""compression_ratio"": 0.5, ""readout_lr"": 0.001}",1.2621335439924757
D_SparseFIR_K4_colored,S4_ACESN,15,"{""reservoir_size"": 40, ""spectral_radius"": 0.95, ""compression_ratio"": 0.5, ""readout_lr"": 0.01}",0.5711265310625514
D_SparseFIR_K4_colored,S5_CONTINUAL_BACKPROP,0,"{""learning_rate"": 0.001, ""replacement_rate"": 0.0001, ""maturity_threshold"": 50}",0.5601477496583978
D_SparseFIR_K4_colored,S5_CONTINUAL_BACKPROP,1,"{""learning_rate"": 0.001, ""replacement_rate"": 0.0001, ""maturity_threshold"": 100}",0.5694934374607791
D_SparseFIR_K4_colored,S5_CONTINUAL_BACKPROP,2,"{""learning_rate"": 0.001, ""replacement_rate"": 0.001, ""maturity_threshold"": 50}",0.5635239197637416
D_SparseFIR_K4_colored,S5_CONTINUAL_BACKPROP,3,"{""learning_rate"": 0.001, ""replacement_rate"": 0.001, ""maturity_threshold"": 100}",0.5607577681654021
D_SparseFIR_K4_colored,S5_CONTINUAL_BACKPROP,4,"{""learning_rate"": 0.005, ""replacement_rate"": 0.0001, ""maturity_threshold"": 50}",0.22501389775900024
D_SparseFIR_K4_colored,S5_CONTINUAL_BACKPROP,5,"{""learning_rate"": 0.005, ""replacement_rate"": 0.0001, ""maturity_threshold"": 100}",0.22475941462984728
D_SparseFIR_K4_colored,S5_CONTINUAL_BACKPROP,6,"{""learning_rate"": 0.005, ""replacement_rate"": 0.001, ""maturity_threshold"": 50}",0.22586046830540987
D_SparseFIR_K4_colored,S5_CONTINUAL_BACKPROP,7,"{""learning_rate"": 0.005, ""replacement_rate"": 0.001, ""maturity_threshold"": 100}",0.2251061216018009
D_SparseFIR_K4_colored,S5_CONTINUAL_BACKPROP,8,"{""learning_rate"": 0.01, ""replacement_rate"": 0.0001, ""maturity_threshold"": 50}",0.15113631283906165
D_SparseFIR_K4_colored,S5_CONTINUAL_BACKPROP,9,"{""learning_rate"": 0.01, ""replacement_rate"": 0.0001, ""maturity_threshold"": 100}",0.1518863196074903
D_SparseFIR_K4_colored,S5_CONTINUAL_BACKPROP,10,"{""learning_rate"": 0.01, ""replacement_rate"": 0.001, ""maturity_threshold"": 50}",0.1529705677668468
D_SparseFIR_K4_colored,S5_CONTINUAL_BACKPROP,11,"{""learning_rate"": 0.01, ""replacement_rate"": 0.001, ""maturity_threshold"": 100}",0.15117477145614602
D_SparseFIR_K4_colored,S5_CONTINUAL_BACKPROP,12,"{""learning_rate"": 0.03, ""replacement_rate"": 0.0001, ""maturity_threshold"": 50}",247932.2972347278
D_SparseFIR_K4_colored,S5_CONTINUAL_BACKPROP,13,"{""learning_rate"": 0.03, ""replacement_rate"": 0.0001, ""maturity_threshold"": 100}",248614.83965218734
D_SparseFIR_K4_colored,S5_CONTINUAL_BACKPROP,14,"{""learning_rate"": 0.03, ""replacement_rate"": 0.001, ""maturity_threshold"": 50}",248335.99736603885
D_SparseFIR_K4_colored,S5_CONTINUAL_BACKPROP,15,"{""learning_rate"": 0.03, ""replacement_rate"": 0.001, ""maturity_threshold"": 100}",248016.74104335622
D_SparseFIR_K4_colored,C1_CURRENT_ONLY_LINEAR,0,"{""learning_rate"": 0.001}",0.5601614850348678
D_SparseFIR_K4_colored,C1_CURRENT_ONLY_LINEAR,1,"{""learning_rate"": 0.003}",0.306296033453465
D_SparseFIR_K4_colored,C1_CURRENT_ONLY_LINEAR,2,"{""learning_rate"": 0.01}",0.15120887037999617
D_SparseFIR_K4_colored,C1_CURRENT_ONLY_LINEAR,3,"{""learning_rate"": 0.03}",248294.06445523692
D_SparseFIR_K4_colored,C2_NLMS,0,"{""step_size"": 0.01}",0.9730512516357036
D_SparseFIR_K4_colored,C2_NLMS,1,"{""step_size"": 0.05}",0.3997009835147882
D_SparseFIR_K4_colored,C2_NLMS,2,"{""step_size"": 0.1}",0.25343373532219066
D_SparseFIR_K4_colored,C2_NLMS,3,"{""step_size"": 0.2}",0.15767309923173578
D_SparseFIR_K4_colored,C3_RLS,0,"{""forgetting_factor"": 0.99}",0.05399867953743518
D_SparseFIR_K4_colored,C3_RLS,1,"{""forgetting_factor"": 0.995}",0.05145666881847813
D_SparseFIR_K4_colored,C3_RLS,2,"{""forgetting_factor"": 0.999}",0.050159474138638284
D_SparseFIR_K4_colored,C3_RLS,3,"{""forgetting_factor"": 1.0}",0.050079467485026376
D_SparseFIR_K4_colored,C4_FIXED_LAG_LINEAR,0,"{""max_lag"": 4, ""learning_rate"": 0.001}",2.107091856320295
D_SparseFIR_K4_colored,C4_FIXED_LAG_LINEAR,1,"{""max_lag"": 4, ""learning_rate"": 0.01}",1.9203965724079979
D_SparseFIR_K4_colored,C4_FIXED_LAG_LINEAR,2,"{""max_lag"": 8, ""learning_rate"": 0.001}",1.7005227213324219
D_SparseFIR_K4_colored,C4_FIXED_LAG_LINEAR,3,"{""max_lag"": 8, ""learning_rate"": 0.01}",1.4886118117881686
D_SparseFIR_K4_colored,C4_FIXED_LAG_LINEAR,4,"{""max_lag"": 16, ""learning_rate"": 0.001}",1.4336288223195421
D_SparseFIR_K4_colored,C4_FIXED_LAG_LINEAR,5,"{""max_lag"": 16, ""learning_rate"": 0.01}",1.169088660172009
D_SparseFIR_K4_colored,C4_FIXED_LAG_LINEAR,6,"{""max_lag"": 32, ""learning_rate"": 0.001}",0.5606453168832183
D_SparseFIR_K4_colored,C4_FIXED_LAG_LINEAR,7,"{""max_lag"": 32, ""learning_rate"": 0.01}",0.15133738066633004
D_SparseFIR_K4_colored,IPNLMS,0,"{""mu"": 0.1}",0.17821977262084188
D_SparseFIR_K4_colored,IPNLMS,1,"{""mu"": 0.5}",0.08846277772333289
D_SparseFIR_K8_white,B1_RZA_LMS,0,"{""learning_rate"": 0.001, ""rho_zero_attraction"": 1e-06, ""epsilon_reweight"": 10.0}",2.0665315276424043
D_SparseFIR_K8_white,B1_RZA_LMS,1,"{""learning_rate"": 0.001, ""rho_zero_attraction"": 1e-05, ""epsilon_reweight"": 10.0}",2.071091946453718
D_SparseFIR_K8_white,B1_RZA_LMS,2,"{""learning_rate"": 0.001, ""rho_zero_attraction"": 0.0001, ""epsilon_reweight"": 10.0}",2.132931893726466
D_SparseFIR_K8_white,B1_RZA_LMS,3,"{""learning_rate"": 0.001, ""rho_zero_attraction"": 0.001, ""epsilon_reweight"": 10.0}",3.5392596339652367
D_SparseFIR_K8_white,B1_RZA_LMS,4,"{""learning_rate"": 0.003, ""rho_zero_attraction"": 1e-06, ""epsilon_reweight"": 10.0}",0.7953352835050124
D_SparseFIR_K8_white,B1_RZA_LMS,5,"{""learning_rate"": 0.003, ""rho_zero_attraction"": 1e-05, ""epsilon_reweight"": 10.0}",0.7952362943490915
D_SparseFIR_K8_white,B1_RZA_LMS,6,"{""learning_rate"": 0.003, ""rho_zero_attraction"": 0.0001, ""epsilon_reweight"": 10.0}",0.798397099301491
D_SparseFIR_K8_white,B1_RZA_LMS,7,"{""learning_rate"": 0.003, ""rho_zero_attraction"": 0.001, ""epsilon_reweight"": 10.0}",0.9418849827571355
D_SparseFIR_K8_white,B1_RZA_LMS,8,"{""learning_rate"": 0.01, ""rho_zero_attraction"": 1e-06, ""epsilon_reweight"": 10.0}",0.32291707696752164
D_SparseFIR_K8_white,B1_RZA_LMS,9,"{""learning_rate"": 0.01, ""rho_zero_attraction"": 1e-05, ""epsilon_reweight"": 10.0}",0.32261954069307847
D_SparseFIR_K8_white,B1_RZA_LMS,10,"{""learning_rate"": 0.01, ""rho_zero_attraction"": 0.0001, ""epsilon_reweight"": 10.0}",0.3202000208430038
D_SparseFIR_K8_white,B1_RZA_LMS,11,"{""learning_rate"": 0.01, ""rho_zero_attraction"": 0.001, ""epsilon_reweight"": 10.0}",0.32121522156678917
D_SparseFIR_K8_white,B1_RZA_LMS,12,"{""learning_rate"": 0.03, ""rho_zero_attraction"": 1e-06, ""epsilon_reweight"": 10.0}",0.24881724767112048
D_SparseFIR_K8_white,B1_RZA_LMS,13,"{""learning_rate"": 0.03, ""rho_zero_attraction"": 1e-05, ""epsilon_reweight"": 10.0}",0.24848908517765825
D_SparseFIR_K8_white,B1_RZA_LMS,14,"{""learning_rate"": 0.03, ""rho_zero_attraction"": 0.0001, ""epsilon_reweight"": 10.0}",0.24529561394358498
D_SparseFIR_K8_white,B1_RZA_LMS,15,"{""learning_rate"": 0.03, ""rho_zero_attraction"": 0.001, ""epsilon_reweight"": 10.0}",0.2216478536356377
D_SparseFIR_K8_white,B2_CCN,0,"{""readout_lr"": 0.001, ""recurrent_lr"": 0.0001, ""max_columns"": 1}",2.066279155776676
D_SparseFIR_K8_white,B2_CCN,1,"{""readout_lr"": 0.001, ""recurrent_lr"": 0.0001, ""max_columns"": 2}",2.0662861410038453
D_SparseFIR_K8_white,B2_CCN,2,"{""readout_lr"": 0.001, ""recurrent_lr"": 0.001, ""max_columns"": 1}",2.0663414445480903
D_SparseFIR_K8_white,B2_CCN,3,"{""readout_lr"": 0.001, ""recurrent_lr"": 0.001, ""max_columns"": 2}",2.066300216691788
D_SparseFIR_K8_white,B2_CCN,4,"{""readout_lr"": 0.003, ""recurrent_lr"": 0.0001, ""max_columns"": 1}",0.795596587332856
D_SparseFIR_K8_white,B2_CCN,5,"{""readout_lr"": 0.003, ""recurrent_lr"": 0.0001, ""max_columns"": 2}",0.7955984311494948
D_SparseFIR_K8_white,B2_CCN,6,"{""readout_lr"": 0.003, ""recurrent_lr"": 0.001, ""max_columns"": 1}",0.7956062711378147
D_SparseFIR_K8_white,B2_CCN,7,"{""readout_lr"": 0.003, ""recurrent_lr"": 0.001, ""max_columns"": 2}",0.7955985478707014
D_SparseFIR_K8_white,B2_CCN,8,"{""readout_lr"": 0.01, ""recurrent_lr"": 0.0001, ""max_columns"": 1}",0.3233894432952205
D_SparseFIR_K8_white,B2_CCN,9,"{""readout_lr"": 0.01, ""recurrent_lr"": 0.0001, ""max_columns"": 2}",0.32338207763552235
D_SparseFIR_K8_white,B2_CCN,10,"{""readout_lr"": 0.01, ""recurrent_lr"": 0.001, ""max_columns"": 1}",0.32338948113130345
D_SparseFIR_K8_white,B2_CCN,11,"{""readout_lr"": 0.01, ""recurrent_lr"": 0.001, ""max_columns"": 2}",0.3233861741550801
D_SparseFIR_K8_white,B2_CCN,12,"{""readout_lr"": 0.03, ""recurrent_lr"": 0.0001, ""max_columns"": 1}",0.25072506554861285
D_SparseFIR_K8_white,B2_CCN,13,"{""readout_lr"": 0.03, ""recurrent_lr"": 0.0001, ""max_columns"": 2}",0.25074077959151836
D_SparseFIR_K8_white,B2_CCN,14,"{""readout_lr"": 0.03, ""recurrent_lr"": 0.001, ""max_columns"": 1}",0.2507428828048775
D_SparseFIR_K8_white,B2_CCN,15,"{""readout_lr"": 0.03, ""recurrent_lr"": 0.001, ""max_columns"": 2}",0.25073396811847565
D_SparseFIR_K8_white,B3_MUSE_RNN,0,"{""learning_rate"": 0.001, ""growth_multiplier"": 1.5, ""pruning_threshold"": 0.001}",6.195615992343773
D_SparseFIR_K8_white,B3_MUSE_RNN,1,"{""learning_rate"": 0.001, ""growth_multiplier"": 1.5, ""pruning_threshold"": 0.01}",6.194807882060026
D_SparseFIR_K8_white,B3_MUSE_RNN,2,"{""learning_rate"": 0.001, ""growth_multiplier"": 2.5, ""pruning_threshold"": 0.001}",6.195867458922398
D_SparseFIR_K8_white,B3_MUSE_RNN,3,"{""learning_rate"": 0.001, ""growth_multiplier"": 2.5, ""pruning_threshold"": 0.01}",6.195386416877156
D_SparseFIR_K8_white,B3_MUSE_RNN,4,"{""learning_rate"": 0.003, ""growth_multiplier"": 1.5, ""pruning_threshold"": 0.001}",6.195955812543083
D_SparseFIR_K8_white,B3_MUSE_RNN,5,"{""learning_rate"": 0.003, ""growth_multiplier"": 1.5, ""pruning_threshold"": 0.01}",6.196320984207432
D_SparseFIR_K8_white,B3_MUSE_RNN,6,"{""learning_rate"": 0.003, ""growth_multiplier"": 2.5, ""pruning_threshold"": 0.001}",6.196495746573543
D_SparseFIR_K8_white,B3_MUSE_RNN,7,"{""learning_rate"": 0.003, ""growth_multiplier"": 2.5, ""pruning_threshold"": 0.01}",6.19580889098192
D_SparseFIR_K8_white,B3_MUSE_RNN,8,"{""learning_rate"": 0.01, ""growth_multiplier"": 1.5, ""pruning_threshold"": 0.001}",6.19759981114543
D_SparseFIR_K8_white,B3_MUSE_RNN,9,"{""learning_rate"": 0.01, ""growth_multiplier"": 1.5, ""pruning_threshold"": 0.01}",6.197211857967058
D_SparseFIR_K8_white,B3_MUSE_RNN,10,"{""learning_rate"": 0.01, ""growth_multiplier"": 2.5, ""pruning_threshold"": 0.001}",6.197819878372624
D_SparseFIR_K8_white,B3_MUSE_RNN,11,"{""learning_rate"": 0.01, ""growth_multiplier"": 2.5, ""pruning_threshold"": 0.01}",6.194679990402755
D_SparseFIR_K8_white,B3_MUSE_RNN,12,"{""learning_rate"": 0.03, ""growth_multiplier"": 1.5, ""pruning_threshold"": 0.001}",6.2435898020450535
D_SparseFIR_K8_white,B3_MUSE_RNN,13,"{""learning_rate"": 0.03, ""growth_multiplier"": 1.5, ""pruning_threshold"": 0.01}",6.19532027403919
D_SparseFIR_K8_white,B3_MUSE_RNN,14,"{""learning_rate"": 0.03, ""growth_multiplier"": 2.5, ""pruning_threshold"": 0.001}",6.231424452094032
D_SparseFIR_K8_white,B3_MUSE_RNN,15,"{""learning_rate"": 0.03, ""growth_multiplier"": 2.5, ""pruning_threshold"": 0.01}",6.230552277297657
D_SparseFIR_K8_white,B4_MINIMAL_GRU,0,"{""learning_rate"": 0.0001, ""weight_decay"": 0.9}",6.195581235575854
D_SparseFIR_K8_white,B4_MINIMAL_GRU,1,"{""learning_rate"": 0.0001, ""weight_decay"": 0.95}",6.19557150760306
D_SparseFIR_K8_white,B4_MINIMAL_GRU,2,"{""learning_rate"": 0.0001, ""weight_decay"": 0.99}",6.195452935579746
D_SparseFIR_K8_white,B4_MINIMAL_GRU,3,"{""learning_rate"": 0.0001, ""weight_decay"": 0.999}",6.193994526386543
D_SparseFIR_K8_white,B4_MINIMAL_GRU,4,"{""learning_rate"": 0.001, ""weight_decay"": 0.9}",6.1955356452839965
D_SparseFIR_K8_white,B4_MINIMAL_GRU,5,"{""learning_rate"": 0.001, ""weight_decay"": 0.95}",6.1954921838143795
D_SparseFIR_K8_white,B4_MINIMAL_GRU,6,"{""learning_rate"": 0.001, ""weight_decay"": 0.99}",6.195163544850824
D_SparseFIR_K8_white,B4_MINIMAL_GRU,7,"{""learning_rate"": 0.001, ""weight_decay"": 0.999}",6.192465245042492
D_SparseFIR_K8_white,B4_MINIMAL_GRU,8,"{""learning_rate"": 0.003, ""weight_decay"": 0.9}",6.19544958275461
D_SparseFIR_K8_white,B4_MINIMAL_GRU,9,"{""learning_rate"": 0.003, ""weight_decay"": 0.95}",6.195262073561988
D_SparseFIR_K8_white,B4_MINIMAL_GRU,10,"{""learning_rate"": 0.003, ""weight_decay"": 0.99}",6.193521561704546
D_SparseFIR_K8_white,B4_MINIMAL_GRU,11,"{""learning_rate"": 0.003, ""weight_decay"": 0.999}",6.165869526076128
D_SparseFIR_K8_white,B4_MINIMAL_GRU,12,"{""learning_rate"": 0.01, ""weight_decay"": 0.9}",6.194844719859077
D_SparseFIR_K8_white,B4_MINIMAL_GRU,13,"{""learning_rate"": 0.01, ""weight_decay"": 0.95}",6.193021823115849
D_SparseFIR_K8_white,B4_MINIMAL_GRU,14,"{""learning_rate"": 0.01, ""weight_decay"": 0.99}",5.874797232402003
D_SparseFIR_K8_white,B4_MINIMAL_GRU,15,"{""learning_rate"": 0.01, ""weight_decay"": 0.999}",5.3177715823352
D_SparseFIR_K8_white,B5_ONLINE_ESN,0,"{""reservoir_size"": 10, ""spectral_radius"": 0.85, ""leak_rate"": 0.3, ""readout_lr"": 0.001}",6.15239142778713
D_SparseFIR_K8_white,B5_ONLINE_ESN,1,"{""reservoir_size"": 10, ""spectral_radius"": 0.85, ""leak_rate"": 0.3, ""readout_lr"": 0.01}",5.8582691221520555
D_SparseFIR_K8_white,B5_ONLINE_ESN,2,"{""reservoir_size"": 10, ""spectral_radius"": 0.85, ""leak_rate"": 0.7, ""readout_lr"": 0.001}",5.982317038579315
D_SparseFIR_K8_white,B5_ONLINE_ESN,3,"{""reservoir_size"": 10, ""spectral_radius"": 0.85, ""leak_rate"": 0.7, ""readout_lr"": 0.01}",5.219728475029524
D_SparseFIR_K8_white,B5_ONLINE_ESN,4,"{""reservoir_size"": 10, ""spectral_radius"": 0.95, ""leak_rate"": 0.3, ""readout_lr"": 0.001}",6.151193259320664
D_SparseFIR_K8_white,B5_ONLINE_ESN,5,"{""reservoir_size"": 10, ""spectral_radius"": 0.95, ""leak_rate"": 0.3, ""readout_lr"": 0.01}",5.853400217360286
D_SparseFIR_K8_white,B5_ONLINE_ESN,6,"{""reservoir_size"": 10, ""spectral_radius"": 0.95, ""leak_rate"": 0.7, ""readout_lr"": 0.001}",5.976268468335423
D_SparseFIR_K8_white,B5_ONLINE_ESN,7,"{""reservoir_size"": 10, ""spectral_radius"": 0.95, ""leak_rate"": 0.7, ""readout_lr"": 0.01}",5.217585008367858
D_SparseFIR_K8_white,B5_ONLINE_ESN,8,"{""reservoir_size"": 20, ""spectral_radius"": 0.85, ""leak_rate"": 0.3, ""readout_lr"": 0.001}",6.077027643359361
D_SparseFIR_K8_white,B5_ONLINE_ESN,9,"{""reservoir_size"": 20, ""spectral_radius"": 0.85, ""leak_rate"": 0.3, ""readout_lr"": 0.01}",5.615874880801033
D_SparseFIR_K8_white,B5_ONLINE_ESN,10,"{""reservoir_size"": 20, ""spectral_radius"": 0.85, ""leak_rate"": 0.7, ""readout_lr"": 0.001}",5.673924977742144
D_SparseFIR_K8_white,B5_ONLINE_ESN,11,"{""reservoir_size"": 20, ""spectral_radius"": 0.85, ""leak_rate"": 0.7, ""readout_lr"": 0.01}",4.300190549040098
D_SparseFIR_K8_white,B5_ONLINE_ESN,12,"{""reservoir_size"": 20, ""spectral_radius"": 0.95, ""leak_rate"": 0.3, ""readout_lr"": 0.001}",6.074047491981644
D_SparseFIR_K8_white,B5_ONLINE_ESN,13,"{""reservoir_size"": 20, ""spectral_radius"": 0.95, ""leak_rate"": 0.3, ""readout_lr"": 0.01}",5.610957035593763
D_SparseFIR_K8_white,B5_ONLINE_ESN,14,"{""reservoir_size"": 20, ""spectral_radius"": 0.95, ""leak_rate"": 0.7, ""readout_lr"": 0.001}",5.66165360017585
D_SparseFIR_K8_white,B5_ONLINE_ESN,15,"{""reservoir_size"": 20, ""spectral_radius"": 0.95, ""leak_rate"": 0.7, ""readout_lr"": 0.01}",4.288236535372712
D_SparseFIR_K8_white,S1_VARIABLE_TAP_LMS,0,"{""learning_rate"": 0.001, ""tap_leakage"": 0.0001}",5.629543255766369
D_SparseFIR_K8_white,S1_VARIABLE_TAP_LMS,1,"{""learning_rate"": 0.001, ""tap_leakage"": 0.001}",5.731377238076656
D_SparseFIR_K8_white,S1_VARIABLE_TAP_LMS,2,"{""learning_rate"": 0.001, ""tap_leakage"": 0.01}",6.056514015026976
D_SparseFIR_K8_white,S1_VARIABLE_TAP_LMS,3,"{""learning_rate"": 0.001, ""tap_leakage"": 0.1}",6.178359308522668
D_SparseFIR_K8_white,S1_VARIABLE_TAP_LMS,4,"{""learning_rate"": 0.003, ""tap_leakage"": 0.0001}",4.505268161656287
D_SparseFIR_K8_white,S1_VARIABLE_TAP_LMS,5,"{""learning_rate"": 0.003, ""tap_leakage"": 0.001}",4.543631942647573
D_SparseFIR_K8_white,S1_VARIABLE_TAP_LMS,6,"{""learning_rate"": 0.003, ""tap_leakage"": 0.01}",5.613808450579859
D_SparseFIR_K8_white,S1_VARIABLE_TAP_LMS,7,"{""learning_rate"": 0.003, ""tap_leakage"": 0.1}",6.145272230100647
D_SparseFIR_K8_white,S1_VARIABLE_TAP_LMS,8,"{""learning_rate"": 0.01, ""tap_leakage"": 0.0001}",0.9685039436497754
D_SparseFIR_K8_white,S1_VARIABLE_TAP_LMS,9,"{""learning_rate"": 0.01, ""tap_leakage"": 0.001}",1.1565162372572013
D_SparseFIR_K8_white,S1_VARIABLE_TAP_LMS,10,"{""learning_rate"": 0.01, ""tap_leakage"": 0.01}",2.342757804243114
D_SparseFIR_K8_white,S1_VARIABLE_TAP_LMS,11,"{""learning_rate"": 0.01, ""tap_leakage"": 0.1}",5.402380634759148
D_SparseFIR_K8_white,S1_VARIABLE_TAP_LMS,12,"{""learning_rate"": 0.03, ""tap_leakage"": 0.0001}",0.40311902438382696
D_SparseFIR_K8_white,S1_VARIABLE_TAP_LMS,13,"{""learning_rate"": 0.03, ""tap_leakage"": 0.001}",0.39383429851759216
D_SparseFIR_K8_white,S1_VARIABLE_TAP_LMS,14,"{""learning_rate"": 0.03, ""tap_leakage"": 0.01}",0.920325943840441
D_SparseFIR_K8_white,S1_VARIABLE_TAP_LMS,15,"{""learning_rate"": 0.03, ""tap_leakage"": 0.1}",4.290690386894126
D_SparseFIR_K8_white,S2_LRU_STREAM,0,"{""state_lr"": 0.001, ""readout_lr"": 0.001, ""state_decay"": 0.9}",2.0529232517193856
D_SparseFIR_K8_white,S2_LRU_STREAM,1,"{""state_lr"": 0.001, ""readout_lr"": 0.001, ""state_decay"": 0.98}",2.0590625225883286
D_SparseFIR_K8_white,S2_LRU_STREAM,2,"{""state_lr"": 0.001, ""readout_lr"": 0.003, ""state_decay"": 0.9}",0.7936358766737032
D_SparseFIR_K8_white,S2_LRU_STREAM,3,"{""state_lr"": 0.001, ""readout_lr"": 0.003, ""state_decay"": 0.98}",0.7954952904423299
D_SparseFIR_K8_white,S2_LRU_STREAM,4,"{""state_lr"": 0.001, ""readout_lr"": 0.01, ""state_decay"": 0.9}",0.32418529537400365
D_SparseFIR_K8_white,S2_LRU_STREAM,5,"{""state_lr"": 0.001, ""readout_lr"": 0.01, ""state_decay"": 0.98}",0.32512407456714726
D_SparseFIR_K8_white,S2_LRU_STREAM,6,"{""state_lr"": 0.001, ""readout_lr"": 0.03, ""state_decay"": 0.9}",0.25083078254895463
D_SparseFIR_K8_white,S2_LRU_STREAM,7,"{""state_lr"": 0.001, ""readout_lr"": 0.03, ""state_decay"": 0.98}",0.25851901386581294
D_SparseFIR_K8_white,S2_LRU_STREAM,8,"{""state_lr"": 0.01, ""readout_lr"": 0.001, ""state_decay"": 0.9}",1.6453968200955567
D_SparseFIR_K8_white,S2_LRU_STREAM,9,"{""state_lr"": 0.01, ""readout_lr"": 0.001, ""state_decay"": 0.98}",1.9457979038037905
D_SparseFIR_K8_white,S2_LRU_STREAM,10,"{""state_lr"": 0.01, ""readout_lr"": 0.003, ""state_decay"": 0.9}",0.7157146544702018
D_SparseFIR_K8_white,S2_LRU_STREAM,11,"{""state_lr"": 0.01, ""readout_lr"": 0.003, ""state_decay"": 0.98}",0.7827448009791396
D_SparseFIR_K8_white,S2_LRU_STREAM,12,"{""state_lr"": 0.01, ""readout_lr"": 0.01, ""state_decay"": 0.9}",0.3226791585956298
D_SparseFIR_K8_white,S2_LRU_STREAM,13,"{""state_lr"": 0.01, ""readout_lr"": 0.01, ""state_decay"": 0.98}",0.3241227409579987
D_SparseFIR_K8_white,S2_LRU_STREAM,14,"{""state_lr"": 0.01, ""readout_lr"": 0.03, ""state_decay"": 0.9}",0.25149741339883724
D_SparseFIR_K8_white,S2_LRU_STREAM,15,"{""state_lr"": 0.01, ""readout_lr"": 0.03, ""state_decay"": 0.98}",0.2551255681243166
D_SparseFIR_K8_white,S3_RSONN,0,"{""learning_rate"": 0.001, ""growth_threshold"": 0.05, ""pruning_threshold"": 0.001}",6.199261968021475
D_SparseFIR_K8_white,S3_RSONN,1,"{""learning_rate"": 0.001, ""growth_threshold"": 0.05, ""pruning_threshold"": 0.005}",6.1985384531632794
D_SparseFIR_K8_white,S3_RSONN,2,"{""learning_rate"": 0.001, ""growth_threshold"": 0.1, ""pruning_threshold"": 0.001}",6.199530812352056
D_SparseFIR_K8_white,S3_RSONN,3,"{""learning_rate"": 0.001, ""growth_threshold"": 0.1, ""pruning_threshold"": 0.005}",6.1988124925622
D_SparseFIR_K8_white,S3_RSONN,4,"{""learning_rate"": 0.005, ""growth_threshold"": 0.05, ""pruning_threshold"": 0.001}",6.125518449696443
D_SparseFIR_K8_white,S3_RSONN,5,"{""learning_rate"": 0.005, ""growth_threshold"": 0.05, ""pruning_threshold"": 0.005}",6.118187860234758
D_SparseFIR_K8_white,S3_RSONN,6,"{""learning_rate"": 0.005, ""growth_threshold"": 0.1, ""pruning_threshold"": 0.001}",6.138595353638185
D_SparseFIR_K8_white,S3_RSONN,7,"{""learning_rate"": 0.005, ""growth_threshold"": 0.1, ""pruning_threshold"": 0.005}",6.092811541436195
D_SparseFIR_K8_white,S3_RSONN,8,"{""learning_rate"": 0.01, ""growth_threshold"": 0.05, ""pruning_threshold"": 0.001}",3.8586600358715084
D_SparseFIR_K8_white,S3_RSONN,9,"{""learning_rate"": 0.01, ""growth_threshold"": 0.05, ""pruning_threshold"": 0.005}",3.8699562034372015
D_SparseFIR_K8_white,S3_RSONN,10,"{""learning_rate"": 0.01, ""growth_threshold"": 0.1, ""pruning_threshold"": 0.001}",4.164630365539331
D_SparseFIR_K8_white,S3_RSONN,11,"{""learning_rate"": 0.01, ""growth_threshold"": 0.1, ""pruning_threshold"": 0.005}",3.8132550955902116
D_SparseFIR_K8_white,S3_RSONN,12,"{""learning_rate"": 0.02, ""growth_threshold"": 0.05, ""pruning_threshold"": 0.001}",2.0869930667041525
D_SparseFIR_K8_white,S3_RSONN,13,"{""learning_rate"": 0.02, ""growth_threshold"": 0.05, ""pruning_threshold"": 0.005}",2.198047086306691
D_SparseFIR_K8_white,S3_RSONN,14,"{""learning_rate"": 0.02, ""growth_threshold"": 0.1, ""pruning_threshold"": 0.001}",2.132088339637988
D_SparseFIR_K8_white,S3_RSONN,15,"{""learning_rate"": 0.02, ""growth_threshold"": 0.1, ""pruning_threshold"": 0.005}",2.281101256103699
D_SparseFIR_K8_white,S4_ACESN,0,"{""reservoir_size"": 20, ""spectral_radius"": 0.85, ""compression_ratio"": 0.25, ""readout_lr"": 0.001}",5.08313710784926
D_SparseFIR_K8_white,S4_ACESN,1,"{""reservoir_size"": 20, ""spectral_radius"": 0.85, ""compression_ratio"": 0.25, ""readout_lr"": 0.01}",3.4671856979196085
D_SparseFIR_K8_white,S4_ACESN,2,"{""reservoir_size"": 20, ""spectral_radius"": 0.85, ""compression_ratio"": 0.5, ""readout_lr"": 0.001}",5.081216366432087
D_SparseFIR_K8_white,S4_ACESN,3,"{""reservoir_size"": 20, ""spectral_radius"": 0.85, ""compression_ratio"": 0.5, ""readout_lr"": 0.01}",3.4656650431223692
D_SparseFIR_K8_white,S4_ACESN,4,"{""reservoir_size"": 20, ""spectral_radius"": 0.95, ""compression_ratio"": 0.25, ""readout_lr"": 0.001}",5.069833960451658
D_SparseFIR_K8_white,S4_ACESN,5,"{""reservoir_size"": 20, ""spectral_radius"": 0.95, ""compression_ratio"": 0.25, ""readout_lr"": 0.01}",3.506639739770503
D_SparseFIR_K8_white,S4_ACESN,6,"{""reservoir_size"": 20, ""spectral_radius"": 0.95, ""compression_ratio"": 0.5, ""readout_lr"": 0.001}",5.068343607196341
D_SparseFIR_K8_white,S4_ACESN,7,"{""reservoir_size"": 20, ""spectral_radius"": 0.95, ""compression_ratio"": 0.5, ""readout_lr"": 0.01}",3.505573467737736
D_SparseFIR_K8_white,S4_ACESN,8,"{""reservoir_size"": 40, ""spectral_radius"": 0.85, ""compression_ratio"": 0.25, ""readout_lr"": 0.001}",4.3671472999794325
D_SparseFIR_K8_white,S4_ACESN,9,"{""reservoir_size"": 40, ""spectral_radius"": 0.85, ""compression_ratio"": 0.25, ""readout_lr"": 0.01}",1.8820967319399646
D_SparseFIR_K8_white,S4_ACESN,10,"{""reservoir_size"": 40, ""spectral_radius"": 0.85, ""compression_ratio"": 0.5, ""readout_lr"": 0.001}",4.365002625647126
D_SparseFIR_K8_white,S4_ACESN,11,"{""reservoir_size"": 40, ""spectral_radius"": 0.85, ""compression_ratio"": 0.5, ""readout_lr"": 0.01}",1.878690840714335
D_SparseFIR_K8_white,S4_ACESN,12,"{""reservoir_size"": 40, ""spectral_radius"": 0.95, ""compression_ratio"": 0.25, ""readout_lr"": 0.001}",4.346301755064997
D_SparseFIR_K8_white,S4_ACESN,13,"{""reservoir_size"": 40, ""spectral_radius"": 0.95, ""compression_ratio"": 0.25, ""readout_lr"": 0.01}",1.9713539396352135
D_SparseFIR_K8_white,S4_ACESN,14,"{""reservoir_size"": 40, ""spectral_radius"": 0.95, ""compression_ratio"": 0.5, ""readout_lr"": 0.001}",4.344099505845704
D_SparseFIR_K8_white,S4_ACESN,15,"{""reservoir_size"": 40, ""spectral_radius"": 0.95, ""compression_ratio"": 0.5, ""readout_lr"": 0.01}",1.9675826583411757
D_SparseFIR_K8_white,S5_CONTINUAL_BACKPROP,0,"{""learning_rate"": 0.001, ""replacement_rate"": 0.0001, ""maturity_threshold"": 50}",2.067647622562384
D_SparseFIR_K8_white,S5_CONTINUAL_BACKPROP,1,"{""learning_rate"": 0.001, ""replacement_rate"": 0.0001, ""maturity_threshold"": 100}",2.062953214984222
D_SparseFIR_K8_white,S5_CONTINUAL_BACKPROP,2,"{""learning_rate"": 0.001, ""replacement_rate"": 0.001, ""maturity_threshold"": 50}",2.058642929905097
D_SparseFIR_K8_white,S5_CONTINUAL_BACKPROP,3,"{""learning_rate"": 0.001, ""replacement_rate"": 0.001, ""maturity_threshold"": 100}",2.0563042610648576
D_SparseFIR_K8_white,S5_CONTINUAL_BACKPROP,4,"{""learning_rate"": 0.005, ""replacement_rate"": 0.0001, ""maturity_threshold"": 50}",0.5213430538293382
D_SparseFIR_K8_white,S5_CONTINUAL_BACKPROP,5,"{""learning_rate"": 0.005, ""replacement_rate"": 0.0001, ""maturity_threshold"": 100}",0.5227498891228587
D_SparseFIR_K8_white,S5_CONTINUAL_BACKPROP,6,"{""learning_rate"": 0.005, ""replacement_rate"": 0.001, ""maturity_threshold"": 50}",0.5186677223303086
D_SparseFIR_K8_white,S5_CONTINUAL_BACKPROP,7,"{""learning_rate"": 0.005, ""replacement_rate"": 0.001, ""maturity_threshold"": 100}",0.5245970210586082
D_SparseFIR_K8_white,S5_CONTINUAL_BACKPROP,8,"{""learning_rate"": 0.01, ""replacement_rate"": 0.0001, ""maturity_threshold"": 50}",0.3218723556402825
D_SparseFIR_K8_white,S5_CONTINUAL_BACKPROP,9,"{""learning_rate"": 0.01, ""replacement_rate"": 0.0001, ""maturity_threshold"": 100}",0.32307991914125733
D_SparseFIR_K8_white,S5_CONTINUAL_BACKPROP,10,"{""learning_rate"": 0.01, ""replacement_rate"": 0.001, ""maturity_threshold"": 50}",0.3245132886742611
D_SparseFIR_K8_white,S5_CONTINUAL_BACKPROP,11,"{""learning_rate"": 0.01, ""replacement_rate"": 0.001, ""maturity_threshold"": 100}",0.3235354679694455
D_SparseFIR_K8_white,S5_CONTINUAL_BACKPROP,12,"{""learning_rate"": 0.03, ""replacement_rate"": 0.0001, ""maturity_threshold"": 50}",0.24888598680207283
D_SparseFIR_K8_white,S5_CONTINUAL_BACKPROP,13,"{""learning_rate"": 0.03, ""replacement_rate"": 0.0001, ""maturity_threshold"": 100}",0.24868699536527003
D_SparseFIR_K8_white,S5_CONTINUAL_BACKPROP,14,"{""learning_rate"": 0.03, ""replacement_rate"": 0.001, ""maturity_threshold"": 50}",0.2498000756593217
D_SparseFIR_K8_white,S5_CONTINUAL_BACKPROP,15,"{""learning_rate"": 0.03, ""replacement_rate"": 0.001, ""maturity_threshold"": 100}",0.24887844716103072
D_SparseFIR_K8_white,C1_CURRENT_ONLY_LINEAR,0,"{""learning_rate"": 0.001}",2.066043350099055
D_SparseFIR_K8_white,C1_CURRENT_ONLY_LINEAR,1,"{""learning_rate"": 0.003}",0.7953518980874117
D_SparseFIR_K8_white,C1_CURRENT_ONLY_LINEAR,2,"{""learning_rate"": 0.01}",0.3229508693556979
D_SparseFIR_K8_white,C1_CURRENT_ONLY_LINEAR,3,"{""learning_rate"": 0.03}",0.24885380094468168
D_SparseFIR_K8_white,C2_NLMS,0,"{""step_size"": 0.01}",4.010876061648686
D_SparseFIR_K8_white,C2_NLMS,1,"{""step_size"": 0.05}",1.328344791810734
D_SparseFIR_K8_white,C2_NLMS,2,"{""step_size"": 0.1}",0.6933656098110247
D_SparseFIR_K8_white,C2_NLMS,3,"{""step_size"": 0.2}",0.3818111246704956
D_SparseFIR_K8_white,C3_RLS,0,"{""forgetting_factor"": 0.99}",0.12448978497925095
D_SparseFIR_K8_white,C3_RLS,1,"{""forgetting_factor"": 0.995}",0.12007617702660493
D_SparseFIR_K8_white,C3_RLS,2,"{""forgetting_factor"": 0.999}",0.11801176903388748
D_SparseFIR_K8_white,C3_RLS,3,"{""forgetting_factor"": 1.0}",0.1179281655921313
D_SparseFIR_K8_white,C4_FIXED_LAG_LINEAR,0,"{""max_lag"": 4, ""learning_rate"": 0.001}",5.616674403050031
D_SparseFIR_K8_white,C4_FIXED_LAG_LINEAR,1,"{""max_lag"": 4, ""learning_rate"": 0.01}",5.461415084855172
D_SparseFIR_K8_white,C4_FIXED_LAG_LINEAR,2,"{""max_lag"": 8, ""learning_rate"": 0.001}",4.9015363612586045
D_SparseFIR_K8_white,C4_FIXED_LAG_LINEAR,3,"{""max_lag"": 8, ""learning_rate"": 0.01}",4.514423595530018
D_SparseFIR_K8_white,C4_FIXED_LAG_LINEAR,4,"{""max_lag"": 16, ""learning_rate"": 0.001}",4.445246999963749
D_SparseFIR_K8_white,C4_FIXED_LAG_LINEAR,5,"{""max_lag"": 16, ""learning_rate"": 0.01}",3.9622600414527223
D_SparseFIR_K8_white,C4_FIXED_LAG_LINEAR,6,"{""max_lag"": 32, ""learning_rate"": 0.001}",2.0685680034066984
D_SparseFIR_K8_white,C4_FIXED_LAG_LINEAR,7,"{""max_lag"": 32, ""learning_rate"": 0.01}",0.32326350921784686
D_SparseFIR_K8_white,IPNLMS,0,"{""mu"": 0.1}",0.37411208177650296
D_SparseFIR_K8_white,IPNLMS,1,"{""mu"": 0.5}",0.19186479440234874
D_SparseFIR_K8_colored,B1_RZA_LMS,0,"{""learning_rate"": 0.001, ""rho_zero_attraction"": 1e-06, ""epsilon_reweight"": 10.0}",1.152756274926775
D_SparseFIR_K8_colored,B1_RZA_LMS,1,"{""learning_rate"": 0.001, ""rho_zero_attraction"": 1e-05, ""epsilon_reweight"": 10.0}",1.15585609562555
D_SparseFIR_K8_colored,B1_RZA_LMS,2,"{""learning_rate"": 0.001, ""rho_zero_attraction"": 0.0001, ""epsilon_reweight"": 10.0}",1.2102803657276686
D_SparseFIR_K8_colored,B1_RZA_LMS,3,"{""learning_rate"": 0.001, ""rho_zero_attraction"": 0.001, ""epsilon_reweight"": 10.0}",2.054444596388591
D_SparseFIR_K8_colored,B1_RZA_LMS,4,"{""learning_rate"": 0.003, ""rho_zero_attraction"": 1e-06, ""epsilon_reweight"": 10.0}",0.6566532608860263
D_SparseFIR_K8_colored,B1_RZA_LMS,5,"{""learning_rate"": 0.003, ""rho_zero_attraction"": 1e-05, ""epsilon_reweight"": 10.0}",0.656988381313782
D_SparseFIR_K8_colored,B1_RZA_LMS,6,"{""learning_rate"": 0.003, ""rho_zero_attraction"": 0.0001, ""epsilon_reweight"": 10.0}",0.6640398983281309
D_SparseFIR_K8_colored,B1_RZA_LMS,7,"{""learning_rate"": 0.003, ""rho_zero_attraction"": 0.001, ""epsilon_reweight"": 10.0}",0.8841144773329882
D_SparseFIR_K8_colored,B1_RZA_LMS,8,"{""learning_rate"": 0.01, ""rho_zero_attraction"": 1e-06, ""epsilon_reweight"": 10.0}",0.29965237589681215
D_SparseFIR_K8_colored,B1_RZA_LMS,9,"{""learning_rate"": 0.01, ""rho_zero_attraction"": 1e-05, ""epsilon_reweight"": 10.0}",0.29938230771817337
D_SparseFIR_K8_colored,B1_RZA_LMS,10,"{""learning_rate"": 0.01, ""rho_zero_attraction"": 0.0001, ""epsilon_reweight"": 10.0}",0.297662980522763
D_SparseFIR_K8_colored,B1_RZA_LMS,11,"{""learning_rate"": 0.01, ""rho_zero_attraction"": 0.001, ""epsilon_reweight"": 10.0}",0.3234196866439744
D_SparseFIR_K8_colored,B1_RZA_LMS,12,"{""learning_rate"": 0.03, ""rho_zero_attraction"": 1e-06, ""epsilon_reweight"": 10.0}",4416.735542799016
D_SparseFIR_K8_colored,B1_RZA_LMS,13,"{""learning_rate"": 0.03, ""rho_zero_attraction"": 1e-05, ""epsilon_reweight"": 10.0}",4288.158984826926
D_SparseFIR_K8_colored,B1_RZA_LMS,14,"{""learning_rate"": 0.03, ""rho_zero_attraction"": 0.0001, ""epsilon_reweight"": 10.0}",3546.1163437664413
D_SparseFIR_K8_colored,B1_RZA_LMS,15,"{""learning_rate"": 0.03, ""rho_zero_attraction"": 0.001, ""epsilon_reweight"": 10.0}",8370.111161886553
D_SparseFIR_K8_colored,B2_CCN,0,"{""readout_lr"": 0.001, ""recurrent_lr"": 0.0001, ""max_columns"": 1}",1.1526495366816993
D_SparseFIR_K8_colored,B2_CCN,1,"{""readout_lr"": 0.001, ""recurrent_lr"": 0.0001, ""max_columns"": 2}",1.1526451883342403
D_SparseFIR_K8_colored,B2_CCN,2,"{""readout_lr"": 0.001, ""recurrent_lr"": 0.001, ""max_columns"": 1}",1.1526274775186487
D_SparseFIR_K8_colored,B2_CCN,3,"{""readout_lr"": 0.001, ""recurrent_lr"": 0.001, ""max_columns"": 2}",1.152625870845411
D_SparseFIR_K8_colored,B2_CCN,4,"{""readout_lr"": 0.003, ""recurrent_lr"": 0.0001, ""max_columns"": 1}",0.6568862906575028
D_SparseFIR_K8_colored,B2_CCN,5,"{""readout_lr"": 0.003, ""recurrent_lr"": 0.0001, ""max_columns"": 2}",0.6569005319252003
D_SparseFIR_K8_colored,B2_CCN,6,"{""readout_lr"": 0.003, ""recurrent_lr"": 0.001, ""max_columns"": 1}",0.6569127104043986
D_SparseFIR_K8_colored,B2_CCN,7,"{""readout_lr"": 0.003, ""recurrent_lr"": 0.001, ""max_columns"": 2}",0.6569012790726015
D_SparseFIR_K8_colored,B2_CCN,8,"{""readout_lr"": 0.01, ""recurrent_lr"": 0.0001, ""max_columns"": 1}",0.3001268151565969
D_SparseFIR_K8_colored,B2_CCN,9,"{""readout_lr"": 0.01, ""recurrent_lr"": 0.0001, ""max_columns"": 2}",0.30012035794934744
D_SparseFIR_K8_colored,B2_CCN,10,"{""readout_lr"": 0.01, ""recurrent_lr"": 0.001, ""max_columns"": 1}",0.30013267277005584
D_SparseFIR_K8_colored,B2_CCN,11,"{""readout_lr"": 0.01, ""recurrent_lr"": 0.001, ""max_columns"": 2}",0.3001032196171811
D_SparseFIR_K8_colored,B2_CCN,12,"{""readout_lr"": 0.03, ""recurrent_lr"": 0.0001, ""max_columns"": 1}",7900.504689931426
D_SparseFIR_K8_colored,B2_CCN,13,"{""readout_lr"": 0.03, ""recurrent_lr"": 0.0001, ""max_columns"": 2}",8441.7567047098
D_SparseFIR_K8_colored,B2_CCN,14,"{""readout_lr"": 0.03, ""recurrent_lr"": 0.001, ""max_columns"": 1}",8699.935653108847
D_SparseFIR_K8_colored,B2_CCN,15,"{""readout_lr"": 0.03, ""recurrent_lr"": 0.001, ""max_columns"": 2}",8884.171580688868
D_SparseFIR_K8_colored,B3_MUSE_RNN,0,"{""learning_rate"": 0.001, ""growth_multiplier"": 1.5, ""pruning_threshold"": 0.001}",3.3220360387146015
D_SparseFIR_K8_colored,B3_MUSE_RNN,1,"{""learning_rate"": 0.001, ""growth_multiplier"": 1.5, ""pruning_threshold"": 0.01}",3.32129064506994
D_SparseFIR_K8_colored,B3_MUSE_RNN,2,"{""learning_rate"": 0.001, ""growth_multiplier"": 2.5, ""pruning_threshold"": 0.001}",3.322047208940346
D_SparseFIR_K8_colored,B3_MUSE_RNN,3,"{""learning_rate"": 0.001, ""growth_multiplier"": 2.5, ""pruning_threshold"": 0.01}",3.3220111760398296
D_SparseFIR_K8_colored,B3_MUSE_RNN,4,"{""learning_rate"": 0.003, ""growth_multiplier"": 1.5, ""pruning_threshold"": 0.001}",3.322271008736941
D_SparseFIR_K8_colored,B3_MUSE_RNN,5,"{""learning_rate"": 0.003, ""growth_multiplier"": 1.5, ""pruning_threshold"": 0.01}",3.3223559739875466
D_SparseFIR_K8_colored,B3_MUSE_RNN,6,"{""learning_rate"": 0.003, ""growth_multiplier"": 2.5, ""pruning_threshold"": 0.001}",3.322252797715059
D_SparseFIR_K8_colored,B3_MUSE_RNN,7,"{""learning_rate"": 0.003, ""growth_multiplier"": 2.5, ""pruning_threshold"": 0.01}",3.3220968040345866
D_SparseFIR_K8_colored,B3_MUSE_RNN,8,"{""learning_rate"": 0.01, ""growth_multiplier"": 1.5, ""pruning_threshold"": 0.001}",3.3229781497865822
D_SparseFIR_K8_colored,B3_MUSE_RNN,9,"{""learning_rate"": 0.01, ""growth_multiplier"": 1.5, ""pruning_threshold"": 0.01}",3.324220138007069
D_SparseFIR_K8_colored,B3_MUSE_RNN,10,"{""learning_rate"": 0.01, ""growth_multiplier"": 2.5, ""pruning_threshold"": 0.001}",3.3233785247305483
D_SparseFIR_K8_colored,B3_MUSE_RNN,11,"{""learning_rate"": 0.01, ""growth_multiplier"": 2.5, ""pruning_threshold"": 0.01}",3.3244658245224623
D_SparseFIR_K8_colored,B3_MUSE_RNN,12,"{""learning_rate"": 0.03, ""growth_multiplier"": 1.5, ""pruning_threshold"": 0.001}",3.327489853813196
D_SparseFIR_K8_colored,B3_MUSE_RNN,13,"{""learning_rate"": 0.03, ""growth_multiplier"": 1.5, ""pruning_threshold"": 0.01}",3.334983130131233
D_SparseFIR_K8_colored,B3_MUSE_RNN,14,"{""learning_rate"": 0.03, ""growth_multiplier"": 2.5, ""pruning_threshold"": 0.001}",3.3296559510323007
D_SparseFIR_K8_colored,B3_MUSE_RNN,15,"{""learning_rate"": 0.03, ""growth_multiplier"": 2.5, ""pruning_threshold"": 0.01}",3.312208894091381
D_SparseFIR_K8_colored,B4_MINIMAL_GRU,0,"{""learning_rate"": 0.0001, ""weight_decay"": 0.9}",3.322010180339294
D_SparseFIR_K8_colored,B4_MINIMAL_GRU,1,"{""learning_rate"": 0.0001, ""weight_decay"": 0.95}",3.322002131746322
D_SparseFIR_K8_colored,B4_MINIMAL_GRU,2,"{""learning_rate"": 0.0001, ""weight_decay"": 0.99}",3.3217268300377545
D_SparseFIR_K8_colored,B4_MINIMAL_GRU,3,"{""learning_rate"": 0.0001, ""weight_decay"": 0.999}",3.321985583212823
D_SparseFIR_K8_colored,B4_MINIMAL_GRU,4,"{""learning_rate"": 0.001, ""weight_decay"": 0.9}",3.321713701691126
D_SparseFIR_K8_colored,B4_MINIMAL_GRU,5,"{""learning_rate"": 0.001, ""weight_decay"": 0.95}",3.321499547692742
D_SparseFIR_K8_colored,B4_MINIMAL_GRU,6,"{""learning_rate"": 0.001, ""weight_decay"": 0.99}",3.319921205412672
D_SparseFIR_K8_colored,B4_MINIMAL_GRU,7,"{""learning_rate"": 0.001, ""weight_decay"": 0.999}",3.3077169098692902
D_SparseFIR_K8_colored,B4_MINIMAL_GRU,8,"{""learning_rate"": 0.003, ""weight_decay"": 0.9}",3.320823325256853
D_SparseFIR_K8_colored,B4_MINIMAL_GRU,9,"{""learning_rate"": 0.003, ""weight_decay"": 0.95}",3.319707554312877
D_SparseFIR_K8_colored,B4_MINIMAL_GRU,10,"{""learning_rate"": 0.003, ""weight_decay"": 0.99}",3.283816091300931
D_SparseFIR_K8_colored,B4_MINIMAL_GRU,11,"{""learning_rate"": 0.003, ""weight_decay"": 0.999}",3.0403034191098484
D_SparseFIR_K8_colored,B4_MINIMAL_GRU,12,"{""learning_rate"": 0.01, ""weight_decay"": 0.9}",3.203294727189254
D_SparseFIR_K8_colored,B4_MINIMAL_GRU,13,"{""learning_rate"": 0.01, ""weight_decay"": 0.95}",3.0211207350230382
D_SparseFIR_K8_colored,B4_MINIMAL_GRU,14,"{""learning_rate"": 0.01, ""weight_decay"": 0.99}",2.347138800687422
D_SparseFIR_K8_colored,B4_MINIMAL_GRU,15,"{""learning_rate"": 0.01, ""weight_decay"": 0.999}",1.9925313202570656
D_SparseFIR_K8_colored,B5_ONLINE_ESN,0,"{""reservoir_size"": 10, ""spectral_radius"": 0.85, ""leak_rate"": 0.3, ""readout_lr"": 0.001}",2.903197903426303
D_SparseFIR_K8_colored,B5_ONLINE_ESN,1,"{""reservoir_size"": 10, ""spectral_radius"": 0.85, ""leak_rate"": 0.3, ""readout_lr"": 0.01}",2.1734056004531435
D_SparseFIR_K8_colored,B5_ONLINE_ESN,2,"{""reservoir_size"": 10, ""spectral_radius"": 0.85, ""leak_rate"": 0.7, ""readout_lr"": 0.001}",2.8628591230321834
D_SparseFIR_K8_colored,B5_ONLINE_ESN,3,"{""reservoir_size"": 10, ""spectral_radius"": 0.85, ""leak_rate"": 0.7, ""readout_lr"": 0.01}",2.1451129910080637
D_SparseFIR_K8_colored,B5_ONLINE_ESN,4,"{""reservoir_size"": 10, ""spectral_radius"": 0.95, ""leak_rate"": 0.3, ""readout_lr"": 0.001}",2.8890505484242492
D_SparseFIR_K8_colored,B5_ONLINE_ESN,5,"{""reservoir_size"": 10, ""spectral_radius"": 0.95, ""leak_rate"": 0.3, ""readout_lr"": 0.01}",2.1631766729475594
D_SparseFIR_K8_colored,B5_ONLINE_ESN,6,"{""reservoir_size"": 10, ""spectral_radius"": 0.95, ""leak_rate"": 0.7, ""readout_lr"": 0.001}",2.8484710486847757
D_SparseFIR_K8_colored,B5_ONLINE_ESN,7,"{""reservoir_size"": 10, ""spectral_radius"": 0.95, ""leak_rate"": 0.7, ""readout_lr"": 0.01}",2.1256820509847922
D_SparseFIR_K8_colored,B5_ONLINE_ESN,8,"{""reservoir_size"": 20, ""spectral_radius"": 0.85, ""leak_rate"": 0.3, ""readout_lr"": 0.001}",2.437391727910273
D_SparseFIR_K8_colored,B5_ONLINE_ESN,9,"{""reservoir_size"": 20, ""spectral_radius"": 0.85, ""leak_rate"": 0.3, ""readout_lr"": 0.01}",1.8465893868554082
D_SparseFIR_K8_colored,B5_ONLINE_ESN,10,"{""reservoir_size"": 20, ""spectral_radius"": 0.85, ""leak_rate"": 0.7, ""readout_lr"": 0.001}",2.2365256858829143
D_SparseFIR_K8_colored,B5_ONLINE_ESN,11,"{""reservoir_size"": 20, ""spectral_radius"": 0.85, ""leak_rate"": 0.7, ""readout_lr"": 0.01}",1.6103761484569976
D_SparseFIR_K8_colored,B5_ONLINE_ESN,12,"{""reservoir_size"": 20, ""spectral_radius"": 0.95, ""leak_rate"": 0.3, ""readout_lr"": 0.001}",2.4316952377838508
D_SparseFIR_K8_colored,B5_ONLINE_ESN,13,"{""reservoir_size"": 20, ""spectral_radius"": 0.95, ""leak_rate"": 0.3, ""readout_lr"": 0.01}",1.8540215481490534
D_SparseFIR_K8_colored,B5_ONLINE_ESN,14,"{""reservoir_size"": 20, ""spectral_radius"": 0.95, ""leak_rate"": 0.7, ""readout_lr"": 0.001}",2.235940738790893
D_SparseFIR_K8_colored,B5_ONLINE_ESN,15,"{""reservoir_size"": 20, ""spectral_radius"": 0.95, ""leak_rate"": 0.7, ""readout_lr"": 0.01}",1.624940289815384
D_SparseFIR_K8_colored,S1_VARIABLE_TAP_LMS,0,"{""learning_rate"": 0.001, ""tap_leakage"": 0.0001}",2.8263370868102213
D_SparseFIR_K8_colored,S1_VARIABLE_TAP_LMS,1,"{""learning_rate"": 0.001, ""tap_leakage"": 0.001}",2.8525717300063285
D_SparseFIR_K8_colored,S1_VARIABLE_TAP_LMS,2,"{""learning_rate"": 0.001, ""tap_leakage"": 0.01}",3.10447912489536
D_SparseFIR_K8_colored,S1_VARIABLE_TAP_LMS,3,"{""learning_rate"": 0.001, ""tap_leakage"": 0.1}",3.3039556165736896
D_SparseFIR_K8_colored,S1_VARIABLE_TAP_LMS,4,"{""learning_rate"": 0.003, ""tap_leakage"": 0.0001}",2.284125345358737
D_SparseFIR_K8_colored,S1_VARIABLE_TAP_LMS,5,"{""learning_rate"": 0.003, ""tap_leakage"": 0.001}",2.321135254397842
D_SparseFIR_K8_colored,S1_VARIABLE_TAP_LMS,6,"{""learning_rate"": 0.003, ""tap_leakage"": 0.01}",2.7206224661479097
D_SparseFIR_K8_colored,S1_VARIABLE_TAP_LMS,7,"{""learning_rate"": 0.003, ""tap_leakage"": 0.1}",3.255133332684021
D_SparseFIR_K8_colored,S1_VARIABLE_TAP_LMS,8,"{""learning_rate"": 0.01, ""tap_leakage"": 0.0001}",0.7550368020131181
D_SparseFIR_K8_colored,S1_VARIABLE_TAP_LMS,9,"{""learning_rate"": 0.01, ""tap_leakage"": 0.001}",0.7765128539730638
D_SparseFIR_K8_colored,S1_VARIABLE_TAP_LMS,10,"{""learning_rate"": 0.01, ""tap_leakage"": 0.01}",1.516722084712309
D_SparseFIR_K8_colored,S1_VARIABLE_TAP_LMS,11,"{""learning_rate"": 0.01, ""tap_leakage"": 0.1}",2.5977511150629753
D_SparseFIR_K8_colored,S1_VARIABLE_TAP_LMS,12,"{""learning_rate"": 0.03, ""tap_leakage"": 0.0001}",34.59339433772594
D_SparseFIR_K8_colored,S1_VARIABLE_TAP_LMS,13,"{""learning_rate"": 0.03, ""tap_leakage"": 0.001}",179.10657110978556
D_SparseFIR_K8_colored,S1_VARIABLE_TAP_LMS,14,"{""learning_rate"": 0.03, ""tap_leakage"": 0.01}",3156.72200025741
D_SparseFIR_K8_colored,S1_VARIABLE_TAP_LMS,15,"{""learning_rate"": 0.03, ""tap_leakage"": 0.1}",272236.6268871959
D_SparseFIR_K8_colored,S2_LRU_STREAM,0,"{""state_lr"": 0.001, ""readout_lr"": 0.001, ""state_decay"": 0.9}",1.147916627603551
D_SparseFIR_K8_colored,S2_LRU_STREAM,1,"{""state_lr"": 0.001, ""readout_lr"": 0.001, ""state_decay"": 0.98}",1.1621439277270331
D_SparseFIR_K8_colored,S2_LRU_STREAM,2,"{""state_lr"": 0.001, ""readout_lr"": 0.003, ""state_decay"": 0.9}",0.6608642284537858
D_SparseFIR_K8_colored,S2_LRU_STREAM,3,"{""state_lr"": 0.001, ""readout_lr"": 0.003, ""state_decay"": 0.98}",0.6829490896221243
D_SparseFIR_K8_colored,S2_LRU_STREAM,4,"{""state_lr"": 0.001, ""readout_lr"": 0.01, ""state_decay"": 0.9}",0.3045322943817759
D_SparseFIR_K8_colored,S2_LRU_STREAM,5,"{""state_lr"": 0.001, ""readout_lr"": 0.01, ""state_decay"": 0.98}",inf
D_SparseFIR_K8_colored,S2_LRU_STREAM,6,"{""state_lr"": 0.001, ""readout_lr"": 0.03, ""state_decay"": 0.9}",inf
D_SparseFIR_K8_colored,S2_LRU_STREAM,7,"{""state_lr"": 0.001, ""readout_lr"": 0.03, ""state_decay"": 0.98}",inf
D_SparseFIR_K8_colored,S2_LRU_STREAM,8,"{""state_lr"": 0.01, ""readout_lr"": 0.001, ""state_decay"": 0.9}",1.1193660690340026
D_SparseFIR_K8_colored,S2_LRU_STREAM,9,"{""state_lr"": 0.01, ""readout_lr"": 0.001, ""state_decay"": 0.98}",inf
D_SparseFIR_K8_colored,S2_LRU_STREAM,10,"{""state_lr"": 0.01, ""readout_lr"": 0.003, ""state_decay"": 0.9}",0.6612496159833995
D_SparseFIR_K8_colored,S2_LRU_STREAM,11,"{""state_lr"": 0.01, ""readout_lr"": 0.003, ""state_decay"": 0.98}",inf
D_SparseFIR_K8_colored,S2_LRU_STREAM,12,"{""state_lr"": 0.01, ""readout_lr"": 0.01, ""state_decay"": 0.9}",inf
D_SparseFIR_K8_colored,S2_LRU_STREAM,13,"{""state_lr"": 0.01, ""readout_lr"": 0.01, ""state_decay"": 0.98}",inf
D_SparseFIR_K8_colored,S2_LRU_STREAM,14,"{""state_lr"": 0.01, ""readout_lr"": 0.03, ""state_decay"": 0.9}",inf
D_SparseFIR_K8_colored,S2_LRU_STREAM,15,"{""state_lr"": 0.01, ""readout_lr"": 0.03, ""state_decay"": 0.98}",inf
D_SparseFIR_K8_colored,S3_RSONN,0,"{""learning_rate"": 0.001, ""growth_threshold"": 0.05, ""pruning_threshold"": 0.001}",3.316238975859092
D_SparseFIR_K8_colored,S3_RSONN,1,"{""learning_rate"": 0.001, ""growth_threshold"": 0.05, ""pruning_threshold"": 0.005}",3.3118082011584065
D_SparseFIR_K8_colored,S3_RSONN,2,"{""learning_rate"": 0.001, ""growth_threshold"": 0.1, ""pruning_threshold"": 0.001}",3.3187715664095623
D_SparseFIR_K8_colored,S3_RSONN,3,"{""learning_rate"": 0.001, ""growth_threshold"": 0.1, ""pruning_threshold"": 0.005}",3.3180336577284586
D_SparseFIR_K8_colored,S3_RSONN,4,"{""learning_rate"": 0.005, ""growth_threshold"": 0.05, ""pruning_threshold"": 0.001}",3.0802818490478523
D_SparseFIR_K8_colored,S3_RSONN,5,"{""learning_rate"": 0.005, ""growth_threshold"": 0.05, ""pruning_threshold"": 0.005}",3.0999026469421493
D_SparseFIR_K8_colored,S3_RSONN,6,"{""learning_rate"": 0.005, ""growth_threshold"": 0.1, ""pruning_threshold"": 0.001}",2.995725795206468
D_SparseFIR_K8_colored,S3_RSONN,7,"{""learning_rate"": 0.005, ""growth_threshold"": 0.1, ""pruning_threshold"": 0.005}",3.062295671272119
D_SparseFIR_K8_colored,S3_RSONN,8,"{""learning_rate"": 0.01, ""growth_threshold"": 0.05, ""pruning_threshold"": 0.001}",2.151895471909788
D_SparseFIR_K8_colored,S3_RSONN,9,"{""learning_rate"": 0.01, ""growth_threshold"": 0.05, ""pruning_threshold"": 0.005}",2.2451902759072575
D_SparseFIR_K8_colored,S3_RSONN,10,"{""learning_rate"": 0.01, ""growth_threshold"": 0.1, ""pruning_threshold"": 0.001}",2.099454967287349
D_SparseFIR_K8_colored,S3_RSONN,11,"{""learning_rate"": 0.01, ""growth_threshold"": 0.1, ""pruning_threshold"": 0.005}",2.3013066835883023
D_SparseFIR_K8_colored,S3_RSONN,12,"{""learning_rate"": 0.02, ""growth_threshold"": 0.05, ""pruning_threshold"": 0.001}",1.3161329589192616
D_SparseFIR_K8_colored,S3_RSONN,13,"{""learning_rate"": 0.02, ""growth_threshold"": 0.05, ""pruning_threshold"": 0.005}",1.1843154200843504
D_SparseFIR_K8_colored,S3_RSONN,14,"{""learning_rate"": 0.02, ""growth_threshold"": 0.1, ""pruning_threshold"": 0.001}",1.2097316217200906
D_SparseFIR_K8_colored,S3_RSONN,15,"{""learning_rate"": 0.02, ""growth_threshold"": 0.1, ""pruning_threshold"": 0.005}",1.2548260278188292
D_SparseFIR_K8_colored,S4_ACESN,0,"{""reservoir_size"": 20, ""spectral_radius"": 0.85, ""compression_ratio"": 0.25, ""readout_lr"": 0.001}",2.1339353385296307
D_SparseFIR_K8_colored,S4_ACESN,1,"{""reservoir_size"": 20, ""spectral_radius"": 0.85, ""compression_ratio"": 0.25, ""readout_lr"": 0.01}",1.4798140054300069
D_SparseFIR_K8_colored,S4_ACESN,2,"{""reservoir_size"": 20, ""spectral_radius"": 0.85, ""compression_ratio"": 0.5, ""readout_lr"": 0.001}",2.133875790142378
D_SparseFIR_K8_colored,S4_ACESN,3,"{""reservoir_size"": 20, ""spectral_radius"": 0.85, ""compression_ratio"": 0.5, ""readout_lr"": 0.01}",1.4793350924122997
D_SparseFIR_K8_colored,S4_ACESN,4,"{""reservoir_size"": 20, ""spectral_radius"": 0.95, ""compression_ratio"": 0.25, ""readout_lr"": 0.001}",2.1394637163309356
D_SparseFIR_K8_colored,S4_ACESN,5,"{""reservoir_size"": 20, ""spectral_radius"": 0.95, ""compression_ratio"": 0.25, ""readout_lr"": 0.01}",1.4953681803715562
D_SparseFIR_K8_colored,S4_ACESN,6,"{""reservoir_size"": 20, ""spectral_radius"": 0.95, ""compression_ratio"": 0.5, ""readout_lr"": 0.001}",2.139344454199205
D_SparseFIR_K8_colored,S4_ACESN,7,"{""reservoir_size"": 20, ""spectral_radius"": 0.95, ""compression_ratio"": 0.5, ""readout_lr"": 0.01}",1.4948800036408663
D_SparseFIR_K8_colored,S4_ACESN,8,"{""reservoir_size"": 40, ""spectral_radius"": 0.85, ""compression_ratio"": 0.25, ""readout_lr"": 0.001}",1.8128382673969494
D_SparseFIR_K8_colored,S4_ACESN,9,"{""reservoir_size"": 40, ""spectral_radius"": 0.85, ""compression_ratio"": 0.25, ""readout_lr"": 0.01}",0.9827408175939293
D_SparseFIR_K8_colored,S4_ACESN,10,"{""reservoir_size"": 40, ""spectral_radius"": 0.85, ""compression_ratio"": 0.5, ""readout_lr"": 0.001}",1.8118212423462055
D_SparseFIR_K8_colored,S4_ACESN,11,"{""reservoir_size"": 40, ""spectral_radius"": 0.85, ""compression_ratio"": 0.5, ""readout_lr"": 0.01}",0.9814856451982626
D_SparseFIR_K8_colored,S4_ACESN,12,"{""reservoir_size"": 40, ""spectral_radius"": 0.95, ""compression_ratio"": 0.25, ""readout_lr"": 0.001}",1.8038593428243808
D_SparseFIR_K8_colored,S4_ACESN,13,"{""reservoir_size"": 40, ""spectral_radius"": 0.95, ""compression_ratio"": 0.25, ""readout_lr"": 0.01}",1.0174167440474136
D_SparseFIR_K8_colored,S4_ACESN,14,"{""reservoir_size"": 40, ""spectral_radius"": 0.95, ""compression_ratio"": 0.5, ""readout_lr"": 0.001}",1.8027630223368043
D_SparseFIR_K8_colored,S4_ACESN,15,"{""reservoir_size"": 40, ""spectral_radius"": 0.95, ""compression_ratio"": 0.5, ""readout_lr"": 0.01}",1.0161226354014088
D_SparseFIR_K8_colored,S5_CONTINUAL_BACKPROP,0,"{""learning_rate"": 0.001, ""replacement_rate"": 0.0001, ""maturity_threshold"": 50}",1.1529039852194893
D_SparseFIR_K8_colored,S5_CONTINUAL_BACKPROP,1,"{""learning_rate"": 0.001, ""replacement_rate"": 0.0001, ""maturity_threshold"": 100}",1.164225399879198
D_SparseFIR_K8_colored,S5_CONTINUAL_BACKPROP,2,"{""learning_rate"": 0.001, ""replacement_rate"": 0.001, ""maturity_threshold"": 50}",1.15842709479867
D_SparseFIR_K8_colored,S5_CONTINUAL_BACKPROP,3,"{""learning_rate"": 0.001, ""replacement_rate"": 0.001, ""maturity_threshold"": 100}",1.1493659063672854
D_SparseFIR_K8_colored,S5_CONTINUAL_BACKPROP,4,"{""learning_rate"": 0.005, ""replacement_rate"": 0.0001, ""maturity_threshold"": 50}",0.4742454549729
D_SparseFIR_K8_colored,S5_CONTINUAL_BACKPROP,5,"{""learning_rate"": 0.005, ""replacement_rate"": 0.0001, ""maturity_threshold"": 100}",0.47642340465198557
D_SparseFIR_K8_colored,S5_CONTINUAL_BACKPROP,6,"{""learning_rate"": 0.005, ""replacement_rate"": 0.001, ""maturity_threshold"": 50}",0.4735720619806117
D_SparseFIR_K8_colored,S5_CONTINUAL_BACKPROP,7,"{""learning_rate"": 0.005, ""replacement_rate"": 0.001, ""maturity_threshold"": 100}",0.47218365373581545
D_SparseFIR_K8_colored,S5_CONTINUAL_BACKPROP,8,"{""learning_rate"": 0.01, ""replacement_rate"": 0.0001, ""maturity_threshold"": 50}",0.29933082719694976
D_SparseFIR_K8_colored,S5_CONTINUAL_BACKPROP,9,"{""learning_rate"": 0.01, ""replacement_rate"": 0.0001, ""maturity_threshold"": 100}",0.2980407657515989
D_SparseFIR_K8_colored,S5_CONTINUAL_BACKPROP,10,"{""learning_rate"": 0.01, ""replacement_rate"": 0.001, ""maturity_threshold"": 50}",0.29897165289314853
D_SparseFIR_K8_colored,S5_CONTINUAL_BACKPROP,11,"{""learning_rate"": 0.01, ""replacement_rate"": 0.001, ""maturity_threshold"": 100}",0.2991414596884315
D_SparseFIR_K8_colored,S5_CONTINUAL_BACKPROP,12,"{""learning_rate"": 0.03, ""replacement_rate"": 0.0001, ""maturity_threshold"": 50}",4374.740202665746
D_SparseFIR_K8_colored,S5_CONTINUAL_BACKPROP,13,"{""learning_rate"": 0.03, ""replacement_rate"": 0.0001, ""maturity_threshold"": 100}",4376.740933581445
D_SparseFIR_K8_colored,S5_CONTINUAL_BACKPROP,14,"{""learning_rate"": 0.03, ""replacement_rate"": 0.001, ""maturity_threshold"": 50}",4429.183398456286
D_SparseFIR_K8_colored,S5_CONTINUAL_BACKPROP,15,"{""learning_rate"": 0.03, ""replacement_rate"": 0.001, ""maturity_threshold"": 100}",4426.265292428998
D_SparseFIR_K8_colored,C1_CURRENT_ONLY_LINEAR,0,"{""learning_rate"": 0.001}",1.1524390250386969
D_SparseFIR_K8_colored,C1_CURRENT_ONLY_LINEAR,1,"{""learning_rate"": 0.003}",0.6566209817843857
D_SparseFIR_K8_colored,C1_CURRENT_ONLY_LINEAR,2,"{""learning_rate"": 0.01}",0.2996836320565934
D_SparseFIR_K8_colored,C1_CURRENT_ONLY_LINEAR,3,"{""learning_rate"": 0.03}",4430.919631694168
D_SparseFIR_K8_colored,C2_NLMS,0,"{""step_size"": 0.01}",1.687873959099753
D_SparseFIR_K8_colored,C2_NLMS,1,"{""step_size"": 0.05}",0.8261226715661233
D_SparseFIR_K8_colored,C2_NLMS,2,"{""step_size"": 0.1}",0.5300483949534635
D_SparseFIR_K8_colored,C2_NLMS,3,"{""step_size"": 0.2}",0.31666729794583254
D_SparseFIR_K8_colored,C3_RLS,0,"{""forgetting_factor"": 0.99}",0.07579872208520315
D_SparseFIR_K8_colored,C3_RLS,1,"{""forgetting_factor"": 0.995}",0.07284384794432508
D_SparseFIR_K8_colored,C3_RLS,2,"{""forgetting_factor"": 0.999}",0.07160521507698586
D_SparseFIR_K8_colored,C3_RLS,3,"{""forgetting_factor"": 1.0}",0.07164615800381192
D_SparseFIR_K8_colored,C4_FIXED_LAG_LINEAR,0,"{""max_lag"": 4, ""learning_rate"": 0.001}",3.104163444596081
D_SparseFIR_K8_colored,C4_FIXED_LAG_LINEAR,1,"{""max_lag"": 4, ""learning_rate"": 0.01}",2.9559991160186776
D_SparseFIR_K8_colored,C4_FIXED_LAG_LINEAR,2,"{""max_lag"": 8, ""learning_rate"": 0.001}",2.627781690054082
D_SparseFIR_K8_colored,C4_FIXED_LAG_LINEAR,3,"{""max_lag"": 8, ""learning_rate"": 0.01}",2.3031174767148515
D_SparseFIR_K8_colored,C4_FIXED_LAG_LINEAR,4,"{""max_lag"": 16, ""learning_rate"": 0.001}",2.2038919846246854
D_SparseFIR_K8_colored,C4_FIXED_LAG_LINEAR,5,"{""max_lag"": 16, ""learning_rate"": 0.01}",1.8113635406072264
D_SparseFIR_K8_colored,C4_FIXED_LAG_LINEAR,6,"{""max_lag"": 32, ""learning_rate"": 0.001}",1.1532470983999572
D_SparseFIR_K8_colored,C4_FIXED_LAG_LINEAR,7,"{""max_lag"": 32, ""learning_rate"": 0.01}",0.29997828732833987
D_SparseFIR_K8_colored,IPNLMS,0,"{""mu"": 0.1}",0.33838368243727235
D_SparseFIR_K8_colored,IPNLMS,1,"{""mu"": 0.5}",0.15056028176372818
