track,task_id,model_id,seed,config,T,D,status,failure_step,fraction_completed,mse,mae,nmse,mean_flops,p95_flops,peak_flops,memory_bytes,active_params,wall_time,wall,coverage,n_active_final,n_events
C,C_F16,S4_ACESN,7501,"{""reservoir_size"": 40, ""spectral_radius"": 0.85, ""compression_ratio"": 0.5, ""readout_lr"": 0.01}",147456,2,SUCCESS,,1.0,0.025533367494422504,0.10894152727416054,0.02641708007216775,3797.0880533854165,3845.0,3845.0,14208,33,3.2266533374786377,3.2451531887054443,,,
C,C_F16,S4_ACESN,7502,"{""reservoir_size"": 40, ""spectral_radius"": 0.85, ""compression_ratio"": 0.5, ""readout_lr"": 0.01}",147456,2,SUCCESS,,1.0,0.01852635601003585,0.09603897999442038,0.019167555171463783,3786.8502061631943,3845.0,3845.0,14208,38,3.1607069969177246,3.1782312393188477,,,
C,C_F16,S4_ACESN,7503,"{""reservoir_size"": 40, ""spectral_radius"": 0.85, ""compression_ratio"": 0.5, ""readout_lr"": 0.01}",147456,2,SUCCESS,,1.0,0.02218623394518797,0.10375572983781858,0.022954101873084432,3788.2692599826387,3845.0,3845.0,14208,37,3.2089433670043945,3.229647636413574,,,
C,C_F16,B5_ONLINE_ESN,7501,"{""reservoir_size"": 20, ""spectral_radius"": 0.85, ""leak_rate"": 0.7, ""readout_lr"": 0.01}",147456,2,SUCCESS,,1.0,0.023761544759534032,0.09365160816314584,0.024583934363069236,1161.0,1161.0,1161.0,3968,20,3.192401647567749,3.210257053375244,,,
C,C_F16,B5_ONLINE_ESN,7502,"{""reservoir_size"": 20, ""spectral_radius"": 0.85, ""leak_rate"": 0.7, ""readout_lr"": 0.01}",147456,2,SUCCESS,,1.0,0.0271100305320249,0.10430388633061459,0.028048311586000303,1161.0,1161.0,1161.0,3968,20,3.358344793319702,3.377746820449829,,,
C,C_F16,B5_ONLINE_ESN,7503,"{""reservoir_size"": 20, ""spectral_radius"": 0.85, ""leak_rate"": 0.7, ""readout_lr"": 0.01}",147456,2,SUCCESS,,1.0,0.02858267058214262,0.10977023352482689,0.029571919865634348,1161.0,1161.0,1161.0,3968,20,3.271902322769165,3.2912464141845703,,,
C,C_ParWH,S4_ACESN,7501,"{""reservoir_size"": 40, ""spectral_radius"": 0.95, ""compression_ratio"": 0.5, ""readout_lr"": 0.01}",65536,2,SUCCESS,,1.0,0.00640699269374685,0.06720242494555814,0.152563292175442,3701.6688232421875,3733.0,3845.0,14208,2,1.4600558280944824,1.4692082405090332,,,
C,C_ParWH,S4_ACESN,7502,"{""reservoir_size"": 40, ""spectral_radius"": 0.95, ""compression_ratio"": 0.5, ""readout_lr"": 0.01}",65536,2,SUCCESS,,1.0,0.009614494950850087,0.06840419530317425,0.228940326986396,3700.26904296875,3705.0,3845.0,14208,3,1.398860216140747,1.4063689708709717,,,
C,C_ParWH,S4_ACESN,7503,"{""reservoir_size"": 40, ""spectral_radius"": 0.95, ""compression_ratio"": 0.5, ""readout_lr"": 0.01}",65536,2,SUCCESS,,1.0,0.005037227536531421,0.05747902683603536,0.11994644806760406,3696.754150390625,3709.0,3845.0,14208,2,1.340317726135254,1.3473284244537354,,,
A,A_AusElectricity,S4_ACESN,7501,"{""reservoir_size"": 40, ""spectral_radius"": 0.95, ""compression_ratio"": 0.5, ""readout_lr"": 0.01}",49999,1,SUCCESS,,1.0,26557334.62067528,4432.119798012965,15.683962610740352,3764.999885714286,3765.0,3765.0,13888,40,1.1697030067443848,1.178210973739624,,,
A,A_AusElectricity,S4_ACESN,7502,"{""reservoir_size"": 40, ""spectral_radius"": 0.95, ""compression_ratio"": 0.5, ""readout_lr"": 0.01}",49999,1,SUCCESS,,1.0,29935088.802253947,4891.481118524403,17.678762580271506,3765.0,3765.0,3765.0,13888,40,1.100099802017212,1.1081039905548096,,,
A,A_AusElectricity,S4_ACESN,7503,"{""reservoir_size"": 40, ""spectral_radius"": 0.95, ""compression_ratio"": 0.5, ""readout_lr"": 0.01}",49999,1,SUCCESS,,1.0,29488846.632649932,4777.006149450136,17.415225384111906,3765.0,3765.0,3765.0,13888,40,1.152482271194458,1.1609926223754883,,,
A,A_Sunspot,S4_ACESN,7501,"{""reservoir_size"": 40, ""spectral_radius"": 0.95, ""compression_ratio"": 0.5, ""readout_lr"": 0.01}",49999,1,SUCCESS,,1.0,2866.9366157666536,40.0767213859351,0.5365981563775285,3764.9981714285714,3765.0,3765.0,13888,40,1.151078462600708,1.1639177799224854,,,
A,A_Sunspot,S4_ACESN,7502,"{""reservoir_size"": 40, ""spectral_radius"": 0.95, ""compression_ratio"": 0.5, ""readout_lr"": 0.01}",49999,1,SUCCESS,,1.0,3369.5390209389748,45.15565846474669,0.63066913183028,3764.998857142857,3765.0,3765.0,13888,40,1.1148273944854736,1.1251637935638428,,,
A,A_Sunspot,S4_ACESN,7503,"{""reservoir_size"": 40, ""spectral_radius"": 0.95, ""compression_ratio"": 0.5, ""readout_lr"": 0.01}",49999,1,SUCCESS,,1.0,3106.79998134348,42.31040758767855,0.581492849564394,3764.9981714285714,3765.0,3765.0,13888,40,1.0894324779510498,1.098637580871582,,,
A,A_Solar10min,S4_ACESN,7501,"{""reservoir_size"": 40, ""spectral_radius"": 0.85, ""compression_ratio"": 0.5, ""readout_lr"": 0.01}",49999,1,SUCCESS,,1.0,191.9850084098096,12.857162774644326,0.6051614881088101,3764.9993142857143,3765.0,3765.0,13888,40,1.0861485004425049,1.0946581363677979,,,
A,A_Solar10min,S4_ACESN,7502,"{""reservoir_size"": 40, ""spectral_radius"": 0.85, ""compression_ratio"": 0.5, ""readout_lr"": 0.01}",49999,1,SUCCESS,,1.0,200.7262401329973,13.37414612879545,0.6327149770052791,3764.999885714286,3765.0,3765.0,13888,40,1.1137118339538574,1.1222283840179443,,,
A,A_Solar10min,S4_ACESN,7503,"{""reservoir_size"": 40, ""spectral_radius"": 0.85, ""compression_ratio"": 0.5, ""readout_lr"": 0.01}",49999,1,SUCCESS,,1.0,181.7902961398669,12.380662105562807,0.5730264412151983,3764.999542857143,3765.0,3765.0,13888,40,1.174323320388794,1.1838386058807373,,,
A,A_Pedestrian,S4_ACESN,7501,"{""reservoir_size"": 40, ""spectral_radius"": 0.95, ""compression_ratio"": 0.5, ""readout_lr"": 0.01}",49999,1,SUCCESS,,1.0,928212.0068662869,857.9359783816889,0.6936682620564852,3765.0,3765.0,3765.0,13888,40,1.0817406177520752,1.090252161026001,,,
A,A_Pedestrian,S4_ACESN,7502,"{""reservoir_size"": 40, ""spectral_radius"": 0.95, ""compression_ratio"": 0.5, ""readout_lr"": 0.01}",49999,1,SUCCESS,,1.0,1070431.7065646718,970.6585490054233,0.7999514077066205,3765.0,3765.0,3765.0,13888,40,1.144455909729004,1.1529650688171387,,,
A,A_Pedestrian,S4_ACESN,7503,"{""reservoir_size"": 40, ""spectral_radius"": 0.95, ""compression_ratio"": 0.5, ""readout_lr"": 0.01}",49999,1,SUCCESS,,1.0,1054004.9454267204,973.9138398556269,0.7876754160522471,3765.0,3765.0,3765.0,13888,40,1.1315319538116455,1.141049861907959,,,
C,C_F16,C3_RLS,7501,"{""forgetting_factor"": 0.995}",147456,2,SUCCESS,,1.0,43.31031062845019,0.30024699788279235,44.80928510789461,37.0,37.0,37.0,112,2,3.2870469093322754,3.306096076965332,,,
C,C_F16,C3_RLS,7502,"{""forgetting_factor"": 0.995}",147456,2,SUCCESS,,1.0,43.31031062845019,0.30024699788279235,44.80928510789461,37.0,37.0,37.0,112,2,3.457817554473877,3.4753499031066895,,,
C,C_F16,C3_RLS,7503,"{""forgetting_factor"": 0.995}",147456,2,SUCCESS,,1.0,43.31031062845019,0.30024699788279235,44.80928510789461,37.0,37.0,37.0,112,2,3.7122719287872314,3.726686716079712,,,
C,C_ParWH,B5_ONLINE_ESN,7501,"{""reservoir_size"": 20, ""spectral_radius"": 0.95, ""leak_rate"": 0.3, ""readout_lr"": 0.01}",65536,2,SUCCESS,,1.0,0.0006311819982586502,0.021542736283903005,0.01502970398424159,1161.0,1161.0,1161.0,3968,20,1.3722381591796875,1.3798162937164307,,,
C,C_ParWH,B5_ONLINE_ESN,7502,"{""reservoir_size"": 20, ""spectral_radius"": 0.95, ""leak_rate"": 0.3, ""readout_lr"": 0.01}",65536,2,SUCCESS,,1.0,0.0009220735002961208,0.02452308469170023,0.02195641162041691,1161.0,1161.0,1161.0,3968,20,1.4848968982696533,1.4944133758544922,,,
C,C_ParWH,B5_ONLINE_ESN,7503,"{""reservoir_size"": 20, ""spectral_radius"": 0.95, ""leak_rate"": 0.3, ""readout_lr"": 0.01}",65536,2,SUCCESS,,1.0,0.0008886378157971914,0.024499764637088334,0.021160241194270707,1161.0,1161.0,1161.0,3968,20,1.4504094123840332,1.4593579769134521,,,
A,A_SaugeenRiver,RIVER_ARF,7501,{},23740,1,SUCCESS,,1.0,286.12511265581094,4.958909043104364,0.17910994180569734,,,,-1,-1,190.50881385803223,190.5224838256836,,,
A,A_SaugeenRiver,RIVER_ARF,7502,{},23740,1,SUCCESS,,1.0,242.63139383778935,4.938537096007426,0.15188353943192093,,,,-1,-1,220.74217176437378,220.76598525047302,,,
A,A_SaugeenRiver,RIVER_ARF,7503,{},23740,1,SUCCESS,,1.0,282.6906273093724,4.94454704413814,0.17696000653848745,,,,-1,-1,233.97722172737122,233.98673558235168,,,
A,A_AusElectricity,B5_ONLINE_ESN,7501,"{""reservoir_size"": 20, ""spectral_radius"": 0.85, ""leak_rate"": 0.7, ""readout_lr"": 0.01}",49999,1,SUCCESS,,1.0,31127692.093541685,5021.703703673815,18.38307819391147,1121.0,1121.0,1121.0,3808,20,1.1007006168365479,1.1087141036987305,,,
A,A_AusElectricity,B5_ONLINE_ESN,7502,"{""reservoir_size"": 20, ""spectral_radius"": 0.85, ""leak_rate"": 0.7, ""readout_lr"": 0.01}",49999,1,SUCCESS,,1.0,29461993.831918888,4810.60168659232,17.399366928108137,1121.0,1121.0,1121.0,3808,20,1.109135389328003,1.11716628074646,,,
A,A_AusElectricity,B5_ONLINE_ESN,7503,"{""reservoir_size"": 20, ""spectral_radius"": 0.85, ""leak_rate"": 0.7, ""readout_lr"": 0.01}",49999,1,SUCCESS,,1.0,30680628.096114635,4964.732546682914,18.119055650971667,1121.0,1121.0,1121.0,3808,20,1.1986160278320312,1.2066290378570557,,,
A,A_Sunspot,B5_ONLINE_ESN,7501,"{""reservoir_size"": 20, ""spectral_radius"": 0.85, ""leak_rate"": 0.7, ""readout_lr"": 0.01}",49999,1,SUCCESS,,1.0,3878.895615847706,49.744221569192916,0.726004273968981,1121.0,1121.0,1121.0,3808,20,1.195127248764038,1.203648567199707,,,
A,A_Sunspot,B5_ONLINE_ESN,7502,"{""reservoir_size"": 20, ""spectral_radius"": 0.85, ""leak_rate"": 0.7, ""readout_lr"": 0.01}",49999,1,SUCCESS,,1.0,3589.667286595589,47.07472786491709,0.671870050214147,1121.0,1121.0,1121.0,3808,20,1.128937005996704,1.1374576091766357,,,
A,A_Sunspot,B5_ONLINE_ESN,7503,"{""reservoir_size"": 20, ""spectral_radius"": 0.85, ""leak_rate"": 0.7, ""readout_lr"": 0.01}",49999,1,SUCCESS,,1.0,4231.5998024838655,53.43698545011426,0.792019132914507,1121.0,1121.0,1121.0,3808,20,1.1675946712493896,1.1753172874450684,,,
A,A_Solar10min,B5_ONLINE_ESN,7501,"{""reservoir_size"": 20, ""spectral_radius"": 0.85, ""leak_rate"": 0.7, ""readout_lr"": 0.01}",49999,1,SUCCESS,,1.0,196.49827629349494,13.284848547193258,0.6193878901146094,1121.0,1121.0,1121.0,3808,20,1.214534044265747,1.2240557670593262,,,
A,A_Solar10min,B5_ONLINE_ESN,7502,"{""reservoir_size"": 20, ""spectral_radius"": 0.85, ""leak_rate"": 0.7, ""readout_lr"": 0.01}",49999,1,SUCCESS,,1.0,191.2495614548569,12.93712105456591,0.6028432645278612,1121.0,1121.0,1121.0,3808,20,1.1687853336334229,1.177626371383667,,,
A,A_Solar10min,B5_ONLINE_ESN,7503,"{""reservoir_size"": 20, ""spectral_radius"": 0.85, ""leak_rate"": 0.7, ""readout_lr"": 0.01}",49999,1,SUCCESS,,1.0,205.7417968778645,13.670821010185858,0.6485246582327792,1121.0,1121.0,1121.0,3808,20,1.1623473167419434,1.1704001426696777,,,
A,A_Pedestrian,B5_ONLINE_ESN,7501,"{""reservoir_size"": 20, ""spectral_radius"": 0.95, ""leak_rate"": 0.7, ""readout_lr"": 0.01}",49999,1,SUCCESS,,1.0,1116025.7750865512,991.7650170575131,0.8340246130063796,1121.0,1121.0,1121.0,3808,20,1.2023918628692627,1.2112009525299072,,,
A,A_Pedestrian,B5_ONLINE_ESN,7502,"{""reservoir_size"": 20, ""spectral_radius"": 0.95, ""leak_rate"": 0.7, ""readout_lr"": 0.01}",49999,1,SUCCESS,,1.0,1062193.4208878514,930.1820523865676,0.7937947998783531,1121.0,1121.0,1121.0,3808,20,1.147296667098999,1.1563260555267334,,,
A,A_Pedestrian,B5_ONLINE_ESN,7503,"{""reservoir_size"": 20, ""spectral_radius"": 0.95, ""leak_rate"": 0.7, ""readout_lr"": 0.01}",49999,1,SUCCESS,,1.0,1124163.3910678052,983.484161476843,0.8401059886977552,1121.0,1121.0,1121.0,3808,20,1.15059232711792,1.159529685974121,,,
B,B_FriedmanDrift_LEA,RIVER_ARF,7301,{},16000,10,SUCCESS,,1.0,8.087182069961575,2.079685210108988,0.25941553666144196,,,,-1,-1,38.08598518371582,38.092007637023926,,,
B,B_FriedmanDrift_LEA,RIVER_ARF,7302,{},16000,10,SUCCESS,,1.0,8.0552983358011,2.0794377597624822,0.2528620403715409,,,,-1,-1,38.313512086868286,38.3272807598114,,,
B,B_FriedmanDrift_LEA,RIVER_ARF,7303,{},16000,10,SUCCESS,,1.0,8.407257838592422,2.1325899658755874,0.2668340310484861,,,,-1,-1,41.814528465270996,41.823042154312134,,,
B,B_FriedmanDrift_LEA,RIVER_ARF,7304,{},16000,10,SUCCESS,,1.0,8.070933646718398,2.0700225910613925,0.25882379791210663,,,,-1,-1,39.07717752456665,39.08468818664551,,,
B,B_FriedmanDrift_LEA,RIVER_ARF,7305,{},16000,10,SUCCESS,,1.0,8.221505817773776,2.0884689028801833,0.2534589987448191,,,,-1,-1,52.11967062950134,52.1293580532074,,,
B,B_FriedmanDrift_LEA,RIVER_ARF,7306,{},16000,10,SUCCESS,,1.0,7.730548606135939,2.0453046702001765,0.24430469026101473,,,,-1,-1,62.32640194892883,62.33542847633362,,,
B,B_FriedmanDrift_LEA,RIVER_ARF,7307,{},16000,10,SUCCESS,,1.0,7.832688280294269,2.0524685437087804,0.24921135278539747,,,,-1,-1,64.48985958099365,64.49889802932739,,,
B,B_FriedmanDrift_LEA,RIVER_ARF,7308,{},16000,10,SUCCESS,,1.0,7.795559040116974,2.023285207615138,0.24875583116918187,,,,-1,-1,35.511125326156616,35.51919937133789,,,
B,B_FriedmanDrift_LEA,RIVER_ARF,7309,{},16000,10,SUCCESS,,1.0,7.883877401102533,2.0675720657253454,0.2530616426054028,,,,-1,-1,39.22317838668823,39.22817873954773,,,
B,B_FriedmanDrift_LEA,RIVER_ARF,7310,{},16000,10,SUCCESS,,1.0,7.793524323243016,2.0359763919645775,0.2516560161801144,,,,-1,-1,35.25270938873291,35.26334285736084,,,
B,B_FriedmanDrift_GRA,RIVER_ARF,7301,{},16000,10,SUCCESS,,1.0,8.022423904549235,2.174315583542977,0.3310670941292437,,,,-1,-1,54.93618822097778,54.94319438934326,,,
B,B_FriedmanDrift_GRA,RIVER_ARF,7302,{},16000,10,SUCCESS,,1.0,8.198840262774016,2.2058753993638343,0.33110580051842364,,,,-1,-1,48.712878942489624,48.72239708900452,,,
B,B_FriedmanDrift_GRA,RIVER_ARF,7303,{},16000,10,SUCCESS,,1.0,8.662002738848894,2.281140137468367,0.35142556060238345,,,,-1,-1,42.60924506187439,42.61819410324097,,,
B,B_FriedmanDrift_GRA,RIVER_ARF,7304,{},16000,10,SUCCESS,,1.0,8.214661464717004,2.193217911336182,0.3346026841455807,,,,-1,-1,41.12510585784912,41.13261938095093,,,
B,B_FriedmanDrift_GRA,RIVER_ARF,7305,{},16000,10,SUCCESS,,1.0,7.868131678619585,2.155158520494468,0.31257135704252276,,,,-1,-1,38.936033725738525,38.94354820251465,,,
B,B_FriedmanDrift_GRA,RIVER_ARF,7306,{},16000,10,SUCCESS,,1.0,8.636384888902862,2.2593874809684635,0.3422131068737358,,,,-1,-1,44.09638738632202,44.10240435600281,,,
B,B_FriedmanDrift_GRA,RIVER_ARF,7307,{},16000,10,SUCCESS,,1.0,8.164564728089102,2.1999106194053897,0.32876589626615293,,,,-1,-1,42.26700687408447,42.275031089782715,,,
B,B_FriedmanDrift_GRA,RIVER_ARF,7308,{},16000,10,SUCCESS,,1.0,8.31208815529236,2.207460426242148,0.3375416595918963,,,,-1,-1,46.12676286697388,46.13485813140869,,,
B,B_FriedmanDrift_GRA,RIVER_ARF,7309,{},16000,10,SUCCESS,,1.0,8.6367148688292,2.2508311179754337,0.35487678553920754,,,,-1,-1,60.3806095123291,60.38912296295166,,,
B,B_FriedmanDrift_GRA,RIVER_ARF,7310,{},16000,10,SUCCESS,,1.0,8.482054729347183,2.2292674747757264,0.3488038884445356,,,,-1,-1,59.97069716453552,59.97820854187012,,,
B,B_FriedmanDrift_GSG,RIVER_ARF,7301,{},16000,10,SUCCESS,,1.0,8.15294284637932,2.1667940283445404,0.33113546548647194,,,,-1,-1,42.42948031425476,42.43899130821228,,,
B,B_FriedmanDrift_GSG,RIVER_ARF,7302,{},16000,10,SUCCESS,,1.0,8.198036325196624,2.17135285099464,0.3320202323637854,,,,-1,-1,45.982500076293945,45.9920220375061,,,
B,B_FriedmanDrift_GSG,RIVER_ARF,7303,{},16000,10,SUCCESS,,1.0,8.210034035757651,2.183163673051704,0.33448515108472,,,,-1,-1,42.358683347702026,42.36620092391968,,,
B,B_FriedmanDrift_GSG,RIVER_ARF,7304,{},16000,10,SUCCESS,,1.0,7.943537319242392,2.133773286005269,0.32406122908545715,,,,-1,-1,44.882975816726685,44.89149355888367,,,
B,B_FriedmanDrift_GSG,RIVER_ARF,7305,{},16000,10,SUCCESS,,1.0,7.986612925072034,2.1410068004629554,0.31665698447953,,,,-1,-1,46.81553411483765,46.823050022125244,,,
B,B_FriedmanDrift_GSG,RIVER_ARF,7306,{},16000,10,SUCCESS,,1.0,8.637622099597372,2.2471813950517356,0.34002331543339626,,,,-1,-1,48.12956881523132,48.14059925079346,,,
B,B_FriedmanDrift_GSG,RIVER_ARF,7307,{},16000,10,SUCCESS,,1.0,7.864193767246254,2.134359602643099,0.3164356924841727,,,,-1,-1,38.21559023857117,38.22409725189209,,,
B,B_FriedmanDrift_GSG,RIVER_ARF,7308,{},16000,10,SUCCESS,,1.0,8.080846914414808,2.150971545268078,0.33472064653876765,,,,-1,-1,44.9514696598053,44.95998668670654,,,
B,B_FriedmanDrift_GSG,RIVER_ARF,7309,{},16000,10,SUCCESS,,1.0,7.948231353441318,2.1393820199721985,0.32250602062467726,,,,-1,-1,38.46578860282898,38.47381854057312,,,
B,B_FriedmanDrift_GSG,RIVER_ARF,7310,{},16000,10,SUCCESS,,1.0,8.086253843192878,2.1579299055134067,0.32949823220485197,,,,-1,-1,42.48344111442566,42.49044728279114,,,
B,B_Planes2D,RIVER_ARF,7301,{},16000,10,SUCCESS,,1.0,1.9085779142205215,1.0720623866344239,0.09865488770221016,,,,-1,-1,28.687529802322388,28.71511483192444,,,
B,B_Planes2D,RIVER_ARF,7302,{},16000,10,SUCCESS,,1.0,2.8021078123987357,1.3089594278069576,0.1459113042237998,,,,-1,-1,29.21244239807129,29.223978757858276,,,
B,B_Planes2D,RIVER_ARF,7303,{},16000,10,SUCCESS,,1.0,2.4781504144513176,1.246848891343978,0.12886238802476563,,,,-1,-1,29.90959095954895,29.917107105255127,,,
B,B_Planes2D,RIVER_ARF,7304,{},16000,10,SUCCESS,,1.0,3.1098625876167905,1.3914503861979883,0.16167762338358405,,,,-1,-1,32.90018606185913,32.90770745277405,,,
B,B_Planes2D,RIVER_ARF,7305,{},16000,10,SUCCESS,,1.0,2.756840255684769,1.2989599377465,0.14400692610508903,,,,-1,-1,28.294609308242798,28.301722288131714,,,
B,B_Planes2D,RIVER_ARF,7306,{},16000,10,SUCCESS,,1.0,2.832288949761705,1.3304184847965774,0.14751123579595654,,,,-1,-1,28.223782777786255,28.230963945388794,,,
B,B_Planes2D,RIVER_ARF,7307,{},16000,10,SUCCESS,,1.0,3.166310900705131,1.4179762437877759,0.1633596802048175,,,,-1,-1,34.02364206314087,34.03216552734375,,,
B,B_Planes2D,RIVER_ARF,7308,{},16000,10,SUCCESS,,1.0,3.4678385128640055,1.4863520483524522,0.18214921343988247,,,,-1,-1,32.793375730514526,32.801382303237915,,,
B,B_Planes2D,RIVER_ARF,7309,{},16000,10,SUCCESS,,1.0,2.0642446839493056,1.1145097572131957,0.1061179368512998,,,,-1,-1,28.88542151451111,28.892863988876343,,,
B,B_Planes2D,RIVER_ARF,7310,{},16000,10,SUCCESS,,1.0,2.5563403626776093,1.2683689693865323,0.13625524147462462,,,,-1,-1,50.0197114944458,50.02640104293823,,,
B,B_Mv,RIVER_ARF,7301,{},16000,14,SUCCESS,,1.0,54.92863386731017,4.875961894634934,0.058783253789193676,,,,-1,-1,41.65023994445801,41.6562762260437,,,
B,B_Mv,RIVER_ARF,7302,{},16000,14,SUCCESS,,1.0,58.634470183785545,5.070297274534372,0.06278693308846575,,,,-1,-1,57.63469958305359,57.64322090148926,,,
B,B_Mv,RIVER_ARF,7303,{},16000,14,SUCCESS,,1.0,60.481534026410465,5.135226527572478,0.06372319947542653,,,,-1,-1,50.14008092880249,50.14611339569092,,,
B,B_Mv,RIVER_ARF,7304,{},16000,14,SUCCESS,,1.0,54.522136564564406,4.8070552079717315,0.058421648322597136,,,,-1,-1,65.46937084197998,65.48094916343689,,,
B,B_Mv,RIVER_ARF,7305,{},16000,14,SUCCESS,,1.0,56.58867976132477,4.895131501268996,0.06173674992754008,,,,-1,-1,61.63139605522156,61.638906955718994,,,
B,B_Mv,RIVER_ARF,7306,{},16000,14,SUCCESS,,1.0,55.65633482648334,4.885190914223689,0.05936961086224221,,,,-1,-1,42.62971305847168,42.637789726257324,,,
B,B_Mv,RIVER_ARF,7307,{},16000,14,SUCCESS,,1.0,69.93020331018906,5.5464609916867715,0.07653042682430213,,,,-1,-1,49.97568726539612,49.98317527770996,,,
B,B_Mv,RIVER_ARF,7308,{},16000,14,SUCCESS,,1.0,69.6157634596304,5.481543322225822,0.07505400028173564,,,,-1,-1,63.892847537994385,63.90036487579346,,,
B,B_Mv,RIVER_ARF,7309,{},16000,14,SUCCESS,,1.0,40.72820279643243,4.243286665681348,0.04447688664010083,,,,-1,-1,67.57483220100403,67.58134484291077,,,
B,B_Mv,RIVER_ARF,7310,{},16000,14,SUCCESS,,1.0,69.0678723877896,5.491843054457568,0.07230531723500805,,,,-1,-1,42.02529239654541,42.0341739654541,,,
C,C_F16,B3_MUSE_RNN,7501,"{""learning_rate"": 0.03, ""growth_multiplier"": 1.5, ""pruning_threshold"": 0.001}",147456,2,SUCCESS,,1.0,0.9442528304465125,0.7669985092704976,0.9769335218210211,129.41395399305554,220.0,220.0,224,10,30.195849895477295,30.231382369995117,,,
C,C_F16,B3_MUSE_RNN,7502,"{""learning_rate"": 0.03, ""growth_multiplier"": 1.5, ""pruning_threshold"": 0.001}",147456,2,SUCCESS,,1.0,0.9618108823507328,0.7759159629231761,0.9950992597780839,126.25211588541667,220.0,220.0,296,18,30.126747369766235,30.161850929260254,,,
C,C_F16,B3_MUSE_RNN,7503,"{""learning_rate"": 0.03, ""growth_multiplier"": 1.5, ""pruning_threshold"": 0.001}",147456,2,SUCCESS,,1.0,0.9402159210332949,0.7653539439270127,0.9727568945415855,128.50509982638889,220.0,220.0,384,28,22.143893003463745,22.184134006500244,,,
A,A_SaugeenRiver,S4_ACESN,7501,"{""reservoir_size"": 40, ""spectral_radius"": 0.95, ""compression_ratio"": 0.5, ""readout_lr"": 0.01}",23740,1,SUCCESS,,1.0,657.7487455643909,22.164988142914996,0.41174064886267114,3765.0,3765.0,3765.0,13888,40,0.5646636486053467,0.5686635971069336,,,
A,A_SaugeenRiver,S4_ACESN,7502,"{""reservoir_size"": 40, ""spectral_radius"": 0.95, ""compression_ratio"": 0.5, ""readout_lr"": 0.01}",23740,1,SUCCESS,,1.0,685.3285717603177,23.02411442980394,0.4290051979933375,3764.9995185942953,3765.0,3765.0,13888,40,0.5886859893798828,0.5941274166107178,,,
A,A_SaugeenRiver,S4_ACESN,7503,"{""reservoir_size"": 40, ""spectral_radius"": 0.95, ""compression_ratio"": 0.5, ""readout_lr"": 0.01}",23740,1,SUCCESS,,1.0,663.1263625279718,22.4259941807643,0.4151069547854894,3764.999277891443,3765.0,3765.0,13888,40,0.5370018482208252,0.5415058135986328,,,
C,C_ParWH,C3_RLS,7501,"{""forgetting_factor"": 0.995}",65536,2,SUCCESS,,1.0,0.4158230670912627,0.03067122829697826,9.901577715212442,37.0,37.0,37.0,112,2,2.6842610836029053,2.694772481918335,,,
C,C_ParWH,C3_RLS,7502,"{""forgetting_factor"": 0.995}",65536,2,SUCCESS,,1.0,0.4158230670912627,0.03067122829697826,9.901577715212442,37.0,37.0,37.0,112,2,3.6747748851776123,3.820265769958496,,,
C,C_ParWH,C3_RLS,7503,"{""forgetting_factor"": 0.995}",65536,2,SUCCESS,,1.0,0.4158230670912627,0.03067122829697826,9.901577715212442,37.0,37.0,37.0,112,2,3.6461517810821533,3.665705919265747,,,
A,A_KDDCup2018,RIVER_ARF,7501,{},10897,1,SUCCESS,,1.0,144.72233057021845,6.830065220185627,0.061881316153367956,,,,-1,-1,46.35109281539917,46.35609483718872,,,
A,A_KDDCup2018,RIVER_ARF,7502,{},10897,1,SUCCESS,,1.0,143.32972620305594,6.811519429622466,0.0612858573131088,,,,-1,-1,62.561673164367676,62.56589317321777,,,
A,A_KDDCup2018,RIVER_ARF,7503,{},10897,1,SUCCESS,,1.0,143.0225729668239,6.825396401566859,0.0611545227329931,,,,-1,-1,45.99463105201721,45.9986367225647,,,
D,D_SparseFIR_K2_white_SNR10,RIVER_ARF,7401,{},10000,32,SUCCESS,,1.0,1.7128195468537186,0.9884192895015025,0.8101077667847789,,,,-1,-1,39.93307304382324,39.938589334487915,,,
D,D_SparseFIR_K2_white_SNR10,RIVER_ARF,7402,{},10000,32,SUCCESS,,1.0,0.6507086843972292,0.617179299648571,0.6860104747810191,,,,-1,-1,41.5987753868103,41.60477590560913,,,
D,D_SparseFIR_K2_white_SNR10,RIVER_ARF,7403,{},10000,32,SUCCESS,,1.0,0.21449943109371328,0.363765665856753,0.9293130717397646,,,,-1,-1,57.986762285232544,57.99328374862671,,,
D,D_SparseFIR_K2_white_SNR10,RIVER_ARF,7404,{},10000,32,SUCCESS,,1.0,3.014151391099864,1.335270357843182,0.8560221932945187,,,,-1,-1,42.21426320075989,42.30418395996094,,,
D,D_SparseFIR_K2_white_SNR10,RIVER_ARF,7405,{},10000,32,SUCCESS,,1.0,0.419030814006733,0.5037840543201966,0.8034705856523192,,,,-1,-1,41.35502028465271,41.36005449295044,,,
D,D_SparseFIR_K2_white_SNR10,RIVER_ARF,7406,{},10000,32,SUCCESS,,1.0,1.2521070624167223,0.870922903439003,0.7882784714352253,,,,-1,-1,41.67478704452515,41.678790807724,,,
D,D_SparseFIR_K2_white_SNR10,RIVER_ARF,7407,{},10000,32,SUCCESS,,1.0,0.16087240736331646,0.31352058244973174,0.7677559716647843,,,,-1,-1,40.81261134147644,40.81711554527283,,,
D,D_SparseFIR_K2_white_SNR10,RIVER_ARF,7408,{},10000,32,SUCCESS,,1.0,0.8172871876453374,0.695941092847961,0.8882226274190715,,,,-1,-1,39.59195613861084,39.59746742248535,,,
D,D_SparseFIR_K2_white_SNR10,RIVER_ARF,7409,{},10000,32,SUCCESS,,1.0,1.377850656239712,0.9137646116214465,0.8289846219759565,,,,-1,-1,59.22014117240906,59.22765350341797,,,
D,D_SparseFIR_K2_white_SNR10,RIVER_ARF,7410,{},10000,32,SUCCESS,,1.0,2.224850586154756,1.1485789014743173,0.8606983228519091,,,,-1,-1,63.25589609146118,63.262410163879395,,,
D,D_SparseFIR_K2_colored_SNR10,RIVER_ARF,7401,{},10000,32,SUCCESS,,1.0,0.5242217879145088,0.5491744856572518,0.340273742536027,,,,-1,-1,38.361865758895874,38.36638021469116,,,
D,D_SparseFIR_K2_colored_SNR10,RIVER_ARF,7402,{},10000,32,SUCCESS,,1.0,0.3217090223044259,0.4062430708476159,0.423459109621248,,,,-1,-1,54.48123240470886,54.49026370048523,,,
D,D_SparseFIR_K2_colored_SNR10,RIVER_ARF,7403,{},10000,32,SUCCESS,,1.0,0.14022572971370267,0.29150396052890737,0.7889540790810552,,,,-1,-1,54.88323187828064,54.88874530792236,,,
D,D_SparseFIR_K2_colored_SNR10,RIVER_ARF,7404,{},10000,32,SUCCESS,,1.0,2.0692511739618715,1.0822605081406267,0.8293676902619751,,,,-1,-1,86.27176284790039,86.27680659294128,,,
D,D_SparseFIR_K2_colored_SNR10,RIVER_ARF,7405,{},10000,32,SUCCESS,,1.0,0.33675990113867577,0.44240242054552975,0.6733800081345633,,,,-1,-1,74.62442469596863,74.63059949874878,,,
D,D_SparseFIR_K2_colored_SNR10,RIVER_ARF,7406,{},10000,32,SUCCESS,,1.0,1.0402217591658078,0.7938853841113565,0.656209180466743,,,,-1,-1,69.5847635269165,69.59127926826477,,,
D,D_SparseFIR_K2_colored_SNR10,RIVER_ARF,7407,{},10000,32,SUCCESS,,1.0,0.09958485501249315,0.24306417536382302,0.4622427748949241,,,,-1,-1,83.28679323196411,83.29178810119629,,,
D,D_SparseFIR_K2_colored_SNR10,RIVER_ARF,7408,{},10000,32,SUCCESS,,1.0,0.3409290839168594,0.432152932167067,0.3509703618471281,,,,-1,-1,39.47032022476196,39.4743332862854,,,
D,D_SparseFIR_K2_colored_SNR10,RIVER_ARF,7409,{},10000,32,SUCCESS,,1.0,0.7733786373916903,0.6622014385073626,0.3217568845972165,,,,-1,-1,61.0857789516449,61.09081196784973,,,
D,D_SparseFIR_K2_colored_SNR10,RIVER_ARF,7410,{},10000,32,SUCCESS,,1.0,0.8200293520585281,0.6848909017114848,0.23946501019706326,,,,-1,-1,36.293304204940796,36.298150300979614,,,
D,D_SparseFIR_K6_white_SNR10,RIVER_ARF,7401,{},10000,32,SUCCESS,,1.0,4.0761845661066305,1.5965643259228766,0.7365488137612867,,,,-1,-1,48.111881494522095,48.11779308319092,,,
D,D_SparseFIR_K6_white_SNR10,RIVER_ARF,7402,{},10000,32,SUCCESS,,1.0,12.673075663145527,2.7783553468423365,0.8014955667941133,,,,-1,-1,56.319535970687866,56.32554268836975,,,
D,D_SparseFIR_K6_white_SNR10,RIVER_ARF,7403,{},10000,32,SUCCESS,,1.0,5.126653942169355,1.780782965250392,0.8831932899140706,,,,-1,-1,43.216614723205566,43.221622705459595,,,
D,D_SparseFIR_K6_white_SNR10,RIVER_ARF,7404,{},10000,32,SUCCESS,,1.0,6.13723558079068,1.956853183280258,0.863737528234275,,,,-1,-1,46.3084774017334,46.31400799751282,,,
D,D_SparseFIR_K6_white_SNR10,RIVER_ARF,7405,{},10000,32,SUCCESS,,1.0,9.857329370846847,2.4341169466007715,0.8796801465148307,,,,-1,-1,70.6788604259491,70.68436980247498,,,
D,D_SparseFIR_K6_white_SNR10,RIVER_ARF,7406,{},10000,32,SUCCESS,,1.0,3.6681451995940035,1.505313864108661,0.8003582414932954,,,,-1,-1,80.67912220954895,80.6851418018341,,,
D,D_SparseFIR_K6_white_SNR10,RIVER_ARF,7407,{},10000,32,SUCCESS,,1.0,7.3773424338299,2.1402089738003847,0.8797751875850502,,,,-1,-1,40.96104717254639,40.96680450439453,,,
D,D_SparseFIR_K6_white_SNR10,RIVER_ARF,7408,{},10000,32,SUCCESS,,1.0,7.78109438539785,2.153170133096308,0.8890156481095998,,,,-1,-1,65.42308330535889,65.42808938026428,,,
D,D_SparseFIR_K6_white_SNR10,RIVER_ARF,7409,{},10000,32,SUCCESS,,1.0,5.782012519431136,1.8377295638292934,0.8893031439649874,,,,-1,-1,58.724334716796875,58.72933602333069,,,
D,D_SparseFIR_K6_white_SNR10,RIVER_ARF,7410,{},10000,32,SUCCESS,,1.0,8.946511406162195,2.3338401940512123,0.7983045245614059,,,,-1,-1,60.174944162368774,60.17946124076843,,,
D,D_SparseFIR_K6_colored_SNR10,RIVER_ARF,7401,{},10000,32,SUCCESS,,1.0,3.3500155642320606,1.4511135151194055,0.6957883962391376,,,,-1,-1,56.01377201080322,56.018773794174194,,,
D,D_SparseFIR_K6_colored_SNR10,RIVER_ARF,7402,{},10000,32,SUCCESS,,1.0,8.39340355308443,2.22049051843859,0.46290906843784474,,,,-1,-1,70.50575375556946,70.51237726211548,,,
D,D_SparseFIR_K6_colored_SNR10,RIVER_ARF,7403,{},10000,32,SUCCESS,,1.0,3.8912083147684187,1.5368948672844327,0.8387973176238901,,,,-1,-1,52.85382890701294,52.8593487739563,,,
D,D_SparseFIR_K6_colored_SNR10,RIVER_ARF,7404,{},10000,32,SUCCESS,,1.0,6.537874970576269,1.964820149599853,0.7131990810161081,,,,-1,-1,50.20502257347107,50.21202850341797,,,
D,D_SparseFIR_K6_colored_SNR10,RIVER_ARF,7405,{},10000,32,SUCCESS,,1.0,7.170120256543719,2.0531812856711187,0.6792618647149463,,,,-1,-1,61.466633796691895,61.47415232658386,,,
D,D_SparseFIR_K6_colored_SNR10,RIVER_ARF,7406,{},10000,32,SUCCESS,,1.0,2.0125992820681855,1.115254018906018,0.5347904848111311,,,,-1,-1,50.57689189910889,50.58090138435364,,,
D,D_SparseFIR_K6_colored_SNR10,RIVER_ARF,7407,{},10000,32,SUCCESS,,1.0,3.9127779924796173,1.5289241881020181,0.43301141369127455,,,,-1,-1,43.98578643798828,43.99029612541199,,,
D,D_SparseFIR_K6_colored_SNR10,RIVER_ARF,7408,{},10000,32,SUCCESS,,1.0,5.815912749088311,1.8257316523314975,0.7293496159362759,,,,-1,-1,68.94328665733337,68.95082783699036,,,
D,D_SparseFIR_K6_colored_SNR10,RIVER_ARF,7409,{},10000,32,SUCCESS,,1.0,2.2563570260351833,1.1575149004440515,0.5773846158660888,,,,-1,-1,50.367791414260864,50.37231254577637,,,
D,D_SparseFIR_K6_colored_SNR10,RIVER_ARF,7410,{},10000,32,SUCCESS,,1.0,7.7141730881601625,2.0906512413945726,0.32039388187484463,,,,-1,-1,49.587788105010986,49.59429931640625,,,
A,A_AusElectricity,C3_RLS,7501,"{""forgetting_factor"": 0.99}",49999,1,SUCCESS,,1.0,30403356.967045594,4957.191137061877,17.955307666338786,17.0,17.0,17.0,80,1,1.9921536445617676,2.0221641063690186,,,
A,A_AusElectricity,C3_RLS,7502,"{""forgetting_factor"": 0.99}",49999,1,SUCCESS,,1.0,30403356.967045594,4957.191137061877,17.955307666338786,17.0,17.0,17.0,80,1,1.9732944965362549,1.9813833236694336,,,
A,A_AusElectricity,C3_RLS,7503,"{""forgetting_factor"": 0.99}",49999,1,SUCCESS,,1.0,30403356.967045594,4957.191137061877,17.955307666338786,17.0,17.0,17.0,80,1,1.1646134853363037,1.1731626987457275,,,
A,A_Sunspot,C3_RLS,7501,"{""forgetting_factor"": 0.99}",49999,1,SUCCESS,,1.0,3249.019473149272,44.19209682424213,0.6081117558507226,17.0,17.0,17.0,80,1,1.165677547454834,1.1741859912872314,,,
A,A_Sunspot,C3_RLS,7502,"{""forgetting_factor"": 0.99}",49999,1,SUCCESS,,1.0,3249.019473149272,44.19209682424213,0.6081117558507226,17.0,17.0,17.0,80,1,1.4706788063049316,1.4811947345733643,,,
A,A_Sunspot,C3_RLS,7503,"{""forgetting_factor"": 0.99}",49999,1,SUCCESS,,1.0,3249.019473149272,44.19209682424213,0.6081117558507226,17.0,17.0,17.0,80,1,1.178250789642334,1.1887662410736084,,,
A,A_Solar10min,C3_RLS,7501,"{""forgetting_factor"": 0.99}",49999,1,SUCCESS,,1.0,193.890421523589,12.919941553547018,0.6111675957989241,17.0,17.0,17.0,80,1,1.1750130653381348,1.1851611137390137,,,
A,A_Solar10min,C3_RLS,7502,"{""forgetting_factor"": 0.99}",49999,1,SUCCESS,,1.0,193.890421523589,12.919941553547018,0.6111675957989241,17.0,17.0,17.0,80,1,1.2685213088989258,1.2820520401000977,,,
A,A_Solar10min,C3_RLS,7503,"{""forgetting_factor"": 0.99}",49999,1,SUCCESS,,1.0,193.890421523589,12.919941553547018,0.6111675957989241,17.0,17.0,17.0,80,1,1.1239521503448486,1.138519048690796,,,
A,A_Pedestrian,C3_RLS,7501,"{""forgetting_factor"": 0.99}",49999,1,SUCCESS,,1.0,1169988.759590933,985.048271651698,0.8743520483332617,17.0,17.0,17.0,80,1,1.2673149108886719,1.2944340705871582,,,
A,A_Pedestrian,C3_RLS,7502,"{""forgetting_factor"": 0.99}",49999,1,SUCCESS,,1.0,1169988.759590933,985.048271651698,0.8743520483332617,17.0,17.0,17.0,80,1,1.22953462600708,1.2580204010009766,,,
A,A_Pedestrian,C3_RLS,7503,"{""forgetting_factor"": 0.99}",49999,1,SUCCESS,,1.0,1169988.759590933,985.048271651698,0.8743520483332617,17.0,17.0,17.0,80,1,1.1696677207946777,1.1880035400390625,,,
B,B_FriedmanDrift_LEA,S4_ACESN,7301,"{""reservoir_size"": 40, ""spectral_radius"": 0.85, ""compression_ratio"": 0.5, ""readout_lr"": 0.01}",16000,10,SUCCESS,,1.0,26.32847874347336,3.9766678300372393,0.8445483709444866,4484.988214285714,4485.0,4485.0,16768,40,0.3505384922027588,0.35353684425354004,,,
B,B_FriedmanDrift_LEA,S4_ACESN,7302,"{""reservoir_size"": 40, ""spectral_radius"": 0.85, ""compression_ratio"": 0.5, ""readout_lr"": 0.01}",16000,10,SUCCESS,,1.0,17.986931970643298,3.2769704257318737,0.5646236959228209,4484.983571428572,4485.0,4485.0,16768,40,0.3460571765899658,0.34906792640686035,,,
B,B_FriedmanDrift_LEA,S4_ACESN,7303,"{""reservoir_size"": 40, ""spectral_radius"": 0.85, ""compression_ratio"": 0.5, ""readout_lr"": 0.01}",16000,10,SUCCESS,,1.0,19.810973266793376,3.472920497264318,0.6287712304369287,4484.984285714286,4485.0,4485.0,16768,40,0.3541140556335449,0.3582034111022949,,,
B,B_FriedmanDrift_LEA,S4_ACESN,7304,"{""reservoir_size"": 40, ""spectral_radius"": 0.85, ""compression_ratio"": 0.5, ""readout_lr"": 0.01}",16000,10,SUCCESS,,1.0,19.72154390449521,3.4569782168822485,0.6324429263679094,4484.981428571428,4485.0,4485.0,16768,40,0.3487889766693115,0.35230255126953125,,,
B,B_FriedmanDrift_LEA,S4_ACESN,7305,"{""reservoir_size"": 40, ""spectral_radius"": 0.85, ""compression_ratio"": 0.5, ""readout_lr"": 0.01}",16000,10,SUCCESS,,1.0,24.858093774687134,3.865220590391092,0.7663447181678302,4484.987857142857,4485.0,4485.0,16768,40,0.35675883293151855,0.35976743698120117,,,
B,B_FriedmanDrift_LEA,S4_ACESN,7306,"{""reservoir_size"": 40, ""spectral_radius"": 0.85, ""compression_ratio"": 0.5, ""readout_lr"": 0.01}",16000,10,SUCCESS,,1.0,16.061583712231,3.0628776513293063,0.5075862573069438,4484.982857142857,4485.0,4485.0,16768,40,0.3533022403717041,0.35881638526916504,,,
B,B_FriedmanDrift_LEA,S4_ACESN,7307,"{""reservoir_size"": 40, ""spectral_radius"": 0.85, ""compression_ratio"": 0.5, ""readout_lr"": 0.01}",16000,10,SUCCESS,,1.0,24.16701565880079,3.812341618110081,0.7689179563378922,4484.988214285714,4485.0,4485.0,16768,40,0.3799738883972168,0.3829834461212158,,,
B,B_FriedmanDrift_LEA,S4_ACESN,7308,"{""reservoir_size"": 40, ""spectral_radius"": 0.85, ""compression_ratio"": 0.5, ""readout_lr"": 0.01}",16000,10,SUCCESS,,1.0,23.498910414511567,3.7636033419989285,0.7498488513332145,4484.981071428571,4485.0,4485.0,16768,40,0.35555410385131836,0.3595588207244873,,,
B,B_FriedmanDrift_LEA,S4_ACESN,7309,"{""reservoir_size"": 40, ""spectral_radius"": 0.85, ""compression_ratio"": 0.5, ""readout_lr"": 0.01}",16000,10,SUCCESS,,1.0,20.576848625753268,3.519591057314805,0.6604885956430064,4484.982857142857,4485.0,4485.0,16768,40,0.4022219181060791,0.40674257278442383,,,
B,B_FriedmanDrift_LEA,S4_ACESN,7310,"{""reservoir_size"": 40, ""spectral_radius"": 0.85, ""compression_ratio"": 0.5, ""readout_lr"": 0.01}",16000,10,SUCCESS,,1.0,24.377524725016446,3.8557326387080737,0.7871600192911318,4484.990714285715,4485.0,4485.0,16768,40,0.35011863708496094,0.35462355613708496,,,
B,B_FriedmanDrift_GRA,S4_ACESN,7301,"{""reservoir_size"": 40, ""spectral_radius"": 0.85, ""compression_ratio"": 0.5, ""readout_lr"": 0.01}",16000,10,SUCCESS,,1.0,26.484665290757324,4.008204539577214,1.0929615888066608,4484.984642857143,4485.0,4485.0,16768,40,0.4678812026977539,0.47238731384277344,,,
B,B_FriedmanDrift_GRA,S4_ACESN,7302,"{""reservoir_size"": 40, ""spectral_radius"": 0.85, ""compression_ratio"": 0.5, ""readout_lr"": 0.01}",16000,10,SUCCESS,,1.0,17.690718253879915,3.2843703021632304,0.7144302415296669,4484.984285714286,4485.0,4485.0,16768,40,0.35864925384521484,0.3616509437561035,,,
B,B_FriedmanDrift_GRA,S4_ACESN,7303,"{""reservoir_size"": 40, ""spectral_radius"": 0.85, ""compression_ratio"": 0.5, ""readout_lr"": 0.01}",16000,10,SUCCESS,,1.0,19.122864854273793,3.4423581718021365,0.7758325302295909,4484.985,4485.0,4485.0,16768,40,0.35874271392822266,0.3617415428161621,,,
B,B_FriedmanDrift_GRA,S4_ACESN,7304,"{""reservoir_size"": 40, ""spectral_radius"": 0.85, ""compression_ratio"": 0.5, ""readout_lr"": 0.01}",16000,10,SUCCESS,,1.0,18.40199625466377,3.325679587956787,0.7495570410167283,4484.980714285714,4485.0,4485.0,16768,40,0.3675215244293213,0.3715240955352783,,,
B,B_FriedmanDrift_GRA,S4_ACESN,7305,"{""reservoir_size"": 40, ""spectral_radius"": 0.85, ""compression_ratio"": 0.5, ""readout_lr"": 0.01}",16000,10,SUCCESS,,1.0,25.03195123463498,3.9093628092064203,0.9944255239262632,4484.9875,4485.0,4485.0,16768,40,0.3544785976409912,0.35749173164367676,,,
B,B_FriedmanDrift_GRA,S4_ACESN,7306,"{""reservoir_size"": 40, ""spectral_radius"": 0.85, ""compression_ratio"": 0.5, ""readout_lr"": 0.01}",16000,10,SUCCESS,,1.0,14.944069035387354,3.0372694202305683,0.5921524294854779,4484.9857142857145,4485.0,4485.0,16768,40,0.3815782070159912,0.38457822799682617,,,
B,B_FriedmanDrift_GRA,S4_ACESN,7307,"{""reservoir_size"": 40, ""spectral_radius"": 0.85, ""compression_ratio"": 0.5, ""readout_lr"": 0.01}",16000,10,SUCCESS,,1.0,28.266451507928146,4.150138021592931,1.1382168644332327,4484.988928571429,4485.0,4485.0,16768,40,0.3648953437805176,0.36890292167663574,,,
B,B_FriedmanDrift_GRA,S4_ACESN,7308,"{""reservoir_size"": 40, ""spectral_radius"": 0.85, ""compression_ratio"": 0.5, ""readout_lr"": 0.01}",16000,10,SUCCESS,,1.0,21.348833804308395,3.5909831529731493,0.8669447024656072,4484.986785714285,4485.0,4485.0,16768,40,0.3067004680633545,0.30970096588134766,,,
B,B_FriedmanDrift_GRA,S4_ACESN,7309,"{""reservoir_size"": 40, ""spectral_radius"": 0.85, ""compression_ratio"": 0.5, ""readout_lr"": 0.01}",16000,10,SUCCESS,,1.0,22.954445325897304,3.758424384173604,0.9431826678092247,4484.986071428571,4485.0,4485.0,16768,40,0.39412617683410645,0.3966329097747803,,,
B,B_FriedmanDrift_GRA,S4_ACESN,7310,"{""reservoir_size"": 40, ""spectral_radius"": 0.85, ""compression_ratio"": 0.5, ""readout_lr"": 0.01}",16000,10,SUCCESS,,1.0,25.63358255186162,3.99047394987824,1.0541187900990447,4484.9875,4485.0,4485.0,16768,40,0.3449559211730957,0.34746694564819336,,,
B,B_FriedmanDrift_GSG,S4_ACESN,7301,"{""reservoir_size"": 40, ""spectral_radius"": 0.85, ""compression_ratio"": 0.5, ""readout_lr"": 0.01}",16000,10,SUCCESS,,1.0,27.599170537838354,4.054206332825086,1.1209528087328904,4484.985,4485.0,4485.0,16768,40,0.3724050521850586,0.3764045238494873,,,
B,B_FriedmanDrift_GSG,S4_ACESN,7302,"{""reservoir_size"": 40, ""spectral_radius"": 0.85, ""compression_ratio"": 0.5, ""readout_lr"": 0.01}",16000,10,SUCCESS,,1.0,18.3748157559105,3.320811112021714,0.7441795028607447,4484.983928571429,4485.0,4485.0,16768,40,0.36920166015625,0.3747138977050781,,,
B,B_FriedmanDrift_GSG,S4_ACESN,7303,"{""reservoir_size"": 40, ""spectral_radius"": 0.85, ""compression_ratio"": 0.5, ""readout_lr"": 0.01}",16000,10,SUCCESS,,1.0,17.788384033089724,3.288273584156192,0.7247168884984962,4484.986428571428,4485.0,4485.0,16768,40,0.3538014888763428,0.35831403732299805,,,
B,B_FriedmanDrift_GSG,S4_ACESN,7304,"{""reservoir_size"": 40, ""spectral_radius"": 0.85, ""compression_ratio"": 0.5, ""readout_lr"": 0.01}",16000,10,SUCCESS,,1.0,19.59241981032281,3.4498248538742615,0.7992841714372424,4484.986428571428,4485.0,4485.0,16768,40,0.37900257110595703,0.38350486755371094,,,
B,B_FriedmanDrift_GSG,S4_ACESN,7305,"{""reservoir_size"": 40, ""spectral_radius"": 0.85, ""compression_ratio"": 0.5, ""readout_lr"": 0.01}",16000,10,SUCCESS,,1.0,23.404974549964518,3.7555364035363876,0.9279714357441535,4484.983928571429,4485.0,4485.0,16768,40,0.42481040954589844,0.42781615257263184,,,
B,B_FriedmanDrift_GSG,S4_ACESN,7306,"{""reservoir_size"": 40, ""spectral_radius"": 0.85, ""compression_ratio"": 0.5, ""readout_lr"": 0.01}",16000,10,SUCCESS,,1.0,14.262183581430442,2.9494459434114773,0.5614363410160972,4484.986428571428,4485.0,4485.0,16768,40,0.3491690158843994,0.3526794910430908,,,
B,B_FriedmanDrift_GSG,S4_ACESN,7307,"{""reservoir_size"": 40, ""spectral_radius"": 0.85, ""compression_ratio"": 0.5, ""readout_lr"": 0.01}",16000,10,SUCCESS,,1.0,27.0223064266874,4.0142133882807265,1.0873107275486824,4484.986785714285,4485.0,4485.0,16768,40,0.355029821395874,0.35953783988952637,,,
B,B_FriedmanDrift_GSG,S4_ACESN,7308,"{""reservoir_size"": 40, ""spectral_radius"": 0.85, ""compression_ratio"": 0.5, ""readout_lr"": 0.01}",16000,10,SUCCESS,,1.0,20.976187861814562,3.564316954123735,0.8688647659567343,4484.981785714286,4485.0,4485.0,16768,40,0.3647191524505615,0.368725061416626,,,
B,B_FriedmanDrift_GSG,S4_ACESN,7309,"{""reservoir_size"": 40, ""spectral_radius"": 0.85, ""compression_ratio"": 0.5, ""readout_lr"": 0.01}",16000,10,SUCCESS,,1.0,21.44953813287945,3.5568840346135513,0.8703326412959947,4484.982142857143,4485.0,4485.0,16768,40,0.3432736396789551,0.34677934646606445,,,
B,B_FriedmanDrift_GSG,S4_ACESN,7310,"{""reservoir_size"": 40, ""spectral_radius"": 0.85, ""compression_ratio"": 0.5, ""readout_lr"": 0.01}",16000,10,SUCCESS,,1.0,24.171050697950278,3.8318445786204034,0.9849206604134675,4484.988571428571,4485.0,4485.0,16768,40,0.3531155586242676,0.3571624755859375,,,
B,B_Planes2D,S4_ACESN,7301,"{""reservoir_size"": 40, ""spectral_radius"": 0.85, ""compression_ratio"": 0.5, ""readout_lr"": 0.01}",16000,10,SUCCESS,,1.0,6.8033949416298585,2.0930351196167725,0.3516692501570715,4484.973928571429,4485.0,4485.0,16768,40,0.39968132972717285,0.4042932987213135,,,
B,B_Planes2D,S4_ACESN,7302,"{""reservoir_size"": 40, ""spectral_radius"": 0.85, ""compression_ratio"": 0.5, ""readout_lr"": 0.01}",16000,10,SUCCESS,,1.0,6.110794712746181,1.9888817432740136,0.3182011849920274,4484.970714285714,4485.0,4485.0,16768,40,0.3450305461883545,0.3490772247314453,,,
B,B_Planes2D,S4_ACESN,7303,"{""reservoir_size"": 40, ""spectral_radius"": 0.85, ""compression_ratio"": 0.5, ""readout_lr"": 0.01}",16000,10,SUCCESS,,1.0,6.344245506157107,2.0227158713107674,0.3298970963874287,4484.975,4485.0,4485.0,16768,40,0.3520638942718506,0.3537483215332031,,,
B,B_Planes2D,S4_ACESN,7304,"{""reservoir_size"": 40, ""spectral_radius"": 0.85, ""compression_ratio"": 0.5, ""readout_lr"": 0.01}",16000,10,SUCCESS,,1.0,6.091659873903154,1.991040036376031,0.31669730193081014,4484.972142857143,4485.0,4485.0,16768,40,0.3730318546295166,0.37503743171691895,,,
B,B_Planes2D,S4_ACESN,7305,"{""reservoir_size"": 40, ""spectral_radius"": 0.85, ""compression_ratio"": 0.5, ""readout_lr"": 0.01}",16000,10,SUCCESS,,1.0,6.421769745806838,2.0362507269273955,0.3354490051940266,4484.970357142857,4485.0,4485.0,16768,40,0.33892250061035156,0.3414280414581299,,,
B,B_Planes2D,S4_ACESN,7306,"{""reservoir_size"": 40, ""spectral_radius"": 0.85, ""compression_ratio"": 0.5, ""readout_lr"": 0.01}",16000,10,SUCCESS,,1.0,6.154158382161992,2.000533412288256,0.32052079584363685,4484.976071428571,4485.0,4485.0,16768,40,0.3620162010192871,0.36402058601379395,,,
B,B_Planes2D,S4_ACESN,7307,"{""reservoir_size"": 40, ""spectral_radius"": 0.85, ""compression_ratio"": 0.5, ""readout_lr"": 0.01}",16000,10,SUCCESS,,1.0,6.1705096398888415,1.9920365365383463,0.3183554973229263,4484.973214285715,4485.0,4485.0,16768,40,0.35022497177124023,0.35375380516052246,,,
B,B_Planes2D,S4_ACESN,7308,"{""reservoir_size"": 40, ""spectral_radius"": 0.85, ""compression_ratio"": 0.5, ""readout_lr"": 0.01}",16000,10,SUCCESS,,1.0,6.552327750336866,2.063697432579928,0.34416289613742435,4484.978928571429,4485.0,4485.0,16768,40,0.3390986919403076,0.34312987327575684,,,
B,B_Planes2D,S4_ACESN,7309,"{""reservoir_size"": 40, ""spectral_radius"": 0.85, ""compression_ratio"": 0.5, ""readout_lr"": 0.01}",16000,10,SUCCESS,,1.0,5.975630019919449,1.9704345986893503,0.3071930057668088,4484.975714285714,4485.0,4485.0,16768,40,0.3488452434539795,0.3517019748687744,,,
B,B_Planes2D,S4_ACESN,7310,"{""reservoir_size"": 40, ""spectral_radius"": 0.85, ""compression_ratio"": 0.5, ""readout_lr"": 0.01}",16000,10,SUCCESS,,1.0,5.904134769123879,1.9642128907458112,0.3146956956166311,4484.97,4485.0,4485.0,16768,40,0.35131001472473145,0.3543083667755127,,,
B,B_Mv,S4_ACESN,7301,"{""reservoir_size"": 40, ""spectral_radius"": 0.85, ""compression_ratio"": 0.5, ""readout_lr"": 0.01}",16000,14,SUCCESS,,1.0,352.47623925893873,14.108877689637064,0.37721127885814254,4804.995,4805.0,4805.0,18048,40,0.384570837020874,0.3875718116760254,,,
B,B_Mv,S4_ACESN,7302,"{""reservoir_size"": 40, ""spectral_radius"": 0.85, ""compression_ratio"": 0.5, ""readout_lr"": 0.01}",16000,14,SUCCESS,,1.0,389.0870586753089,14.969185364480404,0.4166420032800124,4804.993214285714,4805.0,4805.0,18048,40,0.35246968269348145,0.35648107528686523,,,
B,B_Mv,S4_ACESN,7303,"{""reservoir_size"": 40, ""spectral_radius"": 0.85, ""compression_ratio"": 0.5, ""readout_lr"": 0.01}",16000,14,SUCCESS,,1.0,377.86176768872656,14.750497218441378,0.39811425394818223,4804.995,4805.0,4805.0,18048,40,0.3062863349914551,0.3102841377258301,,,
B,B_Mv,S4_ACESN,7304,"{""reservoir_size"": 40, ""spectral_radius"": 0.85, ""compression_ratio"": 0.5, ""readout_lr"": 0.01}",16000,14,SUCCESS,,1.0,363.95968550993905,14.431306131851048,0.38999067333476917,4804.993571428571,4805.0,4805.0,18048,40,0.34560513496398926,0.34760522842407227,,,
B,B_Mv,S4_ACESN,7305,"{""reservoir_size"": 40, ""spectral_radius"": 0.85, ""compression_ratio"": 0.5, ""readout_lr"": 0.01}",16000,14,SUCCESS,,1.0,366.7147195427786,14.389241895822229,0.40007604048457673,4804.992857142857,4805.0,4805.0,18048,40,0.3406038284301758,0.3441145420074463,,,
B,B_Mv,S4_ACESN,7306,"{""reservoir_size"": 40, ""spectral_radius"": 0.85, ""compression_ratio"": 0.5, ""readout_lr"": 0.01}",16000,14,SUCCESS,,1.0,367.10948340333954,14.40683116483859,0.39160227207638726,4804.994642857143,4805.0,4805.0,18048,40,0.3392961025238037,0.34288549423217773,,,
B,B_Mv,S4_ACESN,7307,"{""reservoir_size"": 40, ""spectral_radius"": 0.85, ""compression_ratio"": 0.5, ""readout_lr"": 0.01}",16000,14,SUCCESS,,1.0,353.90744887549886,14.124033110537026,0.3873103013672417,4804.995714285715,4805.0,4805.0,18048,40,0.3183450698852539,0.32135009765625,,,
B,B_Mv,S4_ACESN,7308,"{""reservoir_size"": 40, ""spectral_radius"": 0.85, ""compression_ratio"": 0.5, ""readout_lr"": 0.01}",16000,14,SUCCESS,,1.0,351.17714802948785,13.984222129742806,0.3786103672112804,4804.996428571429,4805.0,4805.0,18048,40,0.3413867950439453,0.3448913097381592,,,
B,B_Mv,S4_ACESN,7309,"{""reservoir_size"": 40, ""spectral_radius"": 0.85, ""compression_ratio"": 0.5, ""readout_lr"": 0.01}",16000,14,SUCCESS,,1.0,337.021455400682,13.688028173130943,0.36804140713154526,4804.9971428571425,4805.0,4805.0,18048,40,0.343822717666626,0.3473348617553711,,,
B,B_Mv,S4_ACESN,7310,"{""reservoir_size"": 40, ""spectral_radius"": 0.85, ""compression_ratio"": 0.5, ""readout_lr"": 0.01}",16000,14,SUCCESS,,1.0,344.62963188356946,13.970507917380118,0.36078358867082816,4804.996071428572,4805.0,4805.0,18048,40,0.3298776149749756,0.3333868980407715,,,
A,A_SaugeenRiver,B5_ONLINE_ESN,7501,"{""reservoir_size"": 20, ""spectral_radius"": 0.85, ""leak_rate"": 0.7, ""readout_lr"": 0.01}",23740,1,SUCCESS,,1.0,752.50350525123,23.600272736684843,0.47105567834677714,1121.0,1121.0,1121.0,3808,20,0.5349395275115967,0.539447546005249,,,
A,A_SaugeenRiver,B5_ONLINE_ESN,7502,"{""reservoir_size"": 20, ""spectral_radius"": 0.85, ""leak_rate"": 0.7, ""readout_lr"": 0.01}",23740,1,SUCCESS,,1.0,728.6516910100235,23.235791980765953,0.4561248076481194,1121.0,1121.0,1121.0,3808,20,0.5762248039245605,0.5807383060455322,,,
A,A_SaugeenRiver,B5_ONLINE_ESN,7503,"{""reservoir_size"": 20, ""spectral_radius"": 0.85, ""leak_rate"": 0.7, ""readout_lr"": 0.01}",23740,1,SUCCESS,,1.0,766.4791064159054,23.611266621924102,0.479804190800194,1121.0,1121.0,1121.0,3808,20,0.5292820930480957,0.5338010787963867,,,
A,A_USBirths,RIVER_ARF,7501,{},7304,1,NUMERICAL_DIVERGENCE,1.0,0.00013691128148959474,inf,inf,inf,0.0,0.0,0.0,-1,-1,0.0009992122650146484,0.0009992122650146484,,,
A,A_USBirths,RIVER_ARF,7502,{},7304,1,NUMERICAL_DIVERGENCE,1.0,0.00013691128148959474,inf,inf,inf,0.0,0.0,0.0,-1,-1,0.002000570297241211,0.002000570297241211,,,
A,A_USBirths,RIVER_ARF,7503,{},7304,1,NUMERICAL_DIVERGENCE,1.0,0.00013691128148959474,inf,inf,inf,0.0,0.0,0.0,-1,-1,0.0010008811950683594,0.0010008811950683594,,,
C,C_ParWH,B3_MUSE_RNN,7501,"{""learning_rate"": 0.01, ""growth_multiplier"": 2.5, ""pruning_threshold"": 0.01}",65536,2,SUCCESS,,1.0,0.04241957062766635,0.16545604135555386,1.0100946976171417,32.3660888671875,28.0,220.0,168,4,8.762895822525024,8.90496277809143,,,
C,C_ParWH,B3_MUSE_RNN,7502,"{""learning_rate"": 0.01, ""growth_multiplier"": 2.5, ""pruning_threshold"": 0.01}",65536,2,SUCCESS,,1.0,0.04241895045237791,0.16546057280237958,1.0100799300049008,32.3604736328125,28.0,220.0,168,4,5.522055387496948,5.533665180206299,,,
C,C_ParWH,B3_MUSE_RNN,7503,"{""learning_rate"": 0.01, ""growth_multiplier"": 2.5, ""pruning_threshold"": 0.01}",65536,2,SUCCESS,,1.0,0.04241723023884447,0.16545568761592067,1.0100389682850346,32.3551025390625,28.0,220.0,168,4,4.7586236000061035,4.765958070755005,,,
A,A_KDDCup2018,S4_ACESN,7501,"{""reservoir_size"": 40, ""spectral_radius"": 0.85, ""compression_ratio"": 0.5, ""readout_lr"": 0.01}",10897,1,SUCCESS,,1.0,796.2453230819865,24.31882242723867,0.3404637582820723,3764.9811221814366,3765.0,3765.0,13888,40,0.2726602554321289,0.2755770683288574,,,
A,A_KDDCup2018,S4_ACESN,7502,"{""reservoir_size"": 40, ""spectral_radius"": 0.85, ""compression_ratio"": 0.5, ""readout_lr"": 0.01}",10897,1,SUCCESS,,1.0,813.1897102010001,24.82078527660559,0.34770894962334903,3764.9942317776613,3765.0,3765.0,13888,40,0.25138139724731445,0.25438714027404785,,,
A,A_KDDCup2018,S4_ACESN,7503,"{""reservoir_size"": 40, ""spectral_radius"": 0.85, ""compression_ratio"": 0.5, ""readout_lr"": 0.01}",10897,1,SUCCESS,,1.0,816.8205360440334,24.642812420011293,0.34926144177162566,3764.997902464604,3765.0,3765.0,13888,40,0.262392520904541,0.264392614364624,,,
B,B_FriedmanDrift_LEA,B5_ONLINE_ESN,7301,"{""reservoir_size"": 20, ""spectral_radius"": 0.95, ""leak_rate"": 0.7, ""readout_lr"": 0.01}",16000,10,SUCCESS,,1.0,26.06656295930491,4.036319898533739,0.8361468012602167,1481.0,1481.0,1481.0,5248,20,0.40074920654296875,0.4037501811981201,,,
B,B_FriedmanDrift_LEA,B5_ONLINE_ESN,7302,"{""reservoir_size"": 20, ""spectral_radius"": 0.95, ""leak_rate"": 0.7, ""readout_lr"": 0.01}",16000,10,SUCCESS,,1.0,27.18588534945667,4.14890368157647,0.8533859519787417,1481.0,1481.0,1481.0,5248,20,0.3652493953704834,0.3707618713378906,,,
B,B_FriedmanDrift_LEA,B5_ONLINE_ESN,7303,"{""reservoir_size"": 20, ""spectral_radius"": 0.95, ""leak_rate"": 0.7, ""readout_lr"": 0.01}",16000,10,SUCCESS,,1.0,36.331140400633906,4.758811573777939,1.1530971015529992,1481.0,1481.0,1481.0,5248,20,0.36886167526245117,0.3728621006011963,,,
B,B_FriedmanDrift_LEA,B5_ONLINE_ESN,7304,"{""reservoir_size"": 20, ""spectral_radius"": 0.95, ""leak_rate"": 0.7, ""readout_lr"": 0.01}",16000,10,SUCCESS,,1.0,38.37190195627186,4.778093424469314,1.2305343882329403,1481.0,1481.0,1481.0,5248,20,0.3542160987854004,0.35721707344055176,,,
B,B_FriedmanDrift_LEA,B5_ONLINE_ESN,7305,"{""reservoir_size"": 20, ""spectral_radius"": 0.95, ""leak_rate"": 0.7, ""readout_lr"": 0.01}",16000,10,SUCCESS,,1.0,19.338428012165785,3.4129494474400404,0.5961801535998343,1481.0,1481.0,1481.0,5248,20,0.39736366271972656,0.40187764167785645,,,
B,B_FriedmanDrift_LEA,B5_ONLINE_ESN,7306,"{""reservoir_size"": 20, ""spectral_radius"": 0.95, ""leak_rate"": 0.7, ""readout_lr"": 0.01}",16000,10,SUCCESS,,1.0,21.322126821096454,3.5906494691905997,0.6738325899146987,1481.0,1481.0,1481.0,5248,20,0.3492777347564697,0.35327792167663574,,,
B,B_FriedmanDrift_LEA,B5_ONLINE_ESN,7307,"{""reservoir_size"": 20, ""spectral_radius"": 0.95, ""leak_rate"": 0.7, ""readout_lr"": 0.01}",16000,10,SUCCESS,,1.0,27.18259633760461,4.130872931942887,0.8648641900580439,1481.0,1481.0,1481.0,5248,20,0.3764381408691406,0.38294529914855957,,,
B,B_FriedmanDrift_LEA,B5_ONLINE_ESN,7308,"{""reservoir_size"": 20, ""spectral_radius"": 0.95, ""leak_rate"": 0.7, ""readout_lr"": 0.01}",16000,10,SUCCESS,,1.0,21.261390887862994,3.608753934171446,0.6784497346381291,1481.0,1481.0,1481.0,5248,20,0.39031291007995605,0.39482831954956055,,,
B,B_FriedmanDrift_LEA,B5_ONLINE_ESN,7309,"{""reservoir_size"": 20, ""spectral_radius"": 0.95, ""leak_rate"": 0.7, ""readout_lr"": 0.01}",16000,10,SUCCESS,,1.0,39.503867678636716,4.969446990747982,1.2680199266701246,1481.0,1481.0,1481.0,5248,20,0.34250545501708984,0.34750962257385254,,,
B,B_FriedmanDrift_LEA,B5_ONLINE_ESN,7310,"{""reservoir_size"": 20, ""spectral_radius"": 0.95, ""leak_rate"": 0.7, ""readout_lr"": 0.01}",16000,10,SUCCESS,,1.0,21.803573155015595,3.701378540224601,0.7040460940525659,1481.0,1481.0,1481.0,5248,20,0.4783329963684082,0.4818415641784668,,,
B,B_FriedmanDrift_GRA,B5_ONLINE_ESN,7301,"{""reservoir_size"": 20, ""spectral_radius"": 0.95, ""leak_rate"": 0.7, ""readout_lr"": 0.01}",16000,10,SUCCESS,,1.0,23.136015554004967,3.8243329102092645,0.954770469664403,1481.0,1481.0,1481.0,5248,20,0.37431931495666504,0.37831950187683105,,,
B,B_FriedmanDrift_GRA,B5_ONLINE_ESN,7302,"{""reservoir_size"": 20, ""spectral_radius"": 0.95, ""leak_rate"": 0.7, ""readout_lr"": 0.01}",16000,10,SUCCESS,,1.0,24.18479706500637,3.8930415330608095,0.976690158112094,1481.0,1481.0,1481.0,5248,20,0.37381434440612793,0.3768129348754883,,,
B,B_FriedmanDrift_GRA,B5_ONLINE_ESN,7303,"{""reservoir_size"": 20, ""spectral_radius"": 0.95, ""leak_rate"": 0.7, ""readout_lr"": 0.01}",16000,10,SUCCESS,,1.0,33.247330470040524,4.498878100383625,1.3488753237821527,1481.0,1481.0,1481.0,5248,20,0.36186742782592773,0.36586737632751465,,,
B,B_FriedmanDrift_GRA,B5_ONLINE_ESN,7304,"{""reservoir_size"": 20, ""spectral_radius"": 0.95, ""leak_rate"": 0.7, ""readout_lr"": 0.01}",16000,10,SUCCESS,,1.0,40.08090929636334,4.909060079462037,1.63259069057945,1481.0,1481.0,1481.0,5248,20,0.4643111228942871,0.46831202507019043,,,
B,B_FriedmanDrift_GRA,B5_ONLINE_ESN,7305,"{""reservoir_size"": 20, ""spectral_radius"": 0.95, ""leak_rate"": 0.7, ""readout_lr"": 0.01}",16000,10,SUCCESS,,1.0,19.108101064678245,3.4708907820704535,0.7590931779296323,1481.0,1481.0,1481.0,5248,20,0.3759167194366455,0.3794217109680176,,,
B,B_FriedmanDrift_GRA,B5_ONLINE_ESN,7306,"{""reservoir_size"": 20, ""spectral_radius"": 0.95, ""leak_rate"": 0.7, ""readout_lr"": 0.01}",16000,10,SUCCESS,,1.0,21.178982342287263,3.6303772583447174,0.8392082382862445,1481.0,1481.0,1481.0,5248,20,0.37283754348754883,0.3758373260498047,,,
B,B_FriedmanDrift_GRA,B5_ONLINE_ESN,7307,"{""reservoir_size"": 20, ""spectral_radius"": 0.95, ""leak_rate"": 0.7, ""readout_lr"": 0.01}",16000,10,SUCCESS,,1.0,25.107156301100943,3.964001599209301,1.0110002209459803,1481.0,1481.0,1481.0,5248,20,0.3645613193511963,0.36757349967956543,,,
B,B_FriedmanDrift_GRA,B5_ONLINE_ESN,7308,"{""reservoir_size"": 20, ""spectral_radius"": 0.95, ""leak_rate"": 0.7, ""readout_lr"": 0.01}",16000,10,SUCCESS,,1.0,17.998361373510736,3.3702593015093636,0.7308869509620611,1481.0,1481.0,1481.0,5248,20,0.36364293098449707,0.3671553134918213,,,
B,B_FriedmanDrift_GRA,B5_ONLINE_ESN,7309,"{""reservoir_size"": 20, ""spectral_radius"": 0.95, ""leak_rate"": 0.7, ""readout_lr"": 0.01}",16000,10,SUCCESS,,1.0,40.87766925659142,5.056625181700948,1.679635843770835,1481.0,1481.0,1481.0,5248,20,1.02040696144104,1.0249395370483398,,,
B,B_FriedmanDrift_GRA,B5_ONLINE_ESN,7310,"{""reservoir_size"": 20, ""spectral_radius"": 0.95, ""leak_rate"": 0.7, ""readout_lr"": 0.01}",16000,10,SUCCESS,,1.0,19.89256230334261,3.5610920843967624,0.8180332836717166,1481.0,1481.0,1481.0,5248,20,0.372180700302124,0.38031888008117676,,,
B,B_FriedmanDrift_GSG,B5_ONLINE_ESN,7301,"{""reservoir_size"": 20, ""spectral_radius"": 0.95, ""leak_rate"": 0.7, ""readout_lr"": 0.01}",16000,10,SUCCESS,,1.0,21.59078251473183,3.692149557806861,0.8769194084818034,1481.0,1481.0,1481.0,5248,20,0.3631906509399414,0.3677093982696533,,,
B,B_FriedmanDrift_GSG,B5_ONLINE_ESN,7302,"{""reservoir_size"": 20, ""spectral_radius"": 0.95, ""leak_rate"": 0.7, ""readout_lr"": 0.01}",16000,10,SUCCESS,,1.0,26.128171577817618,4.0701307491270144,1.0581901877947333,1481.0,1481.0,1481.0,5248,20,0.3838818073272705,0.38639140129089355,,,
B,B_FriedmanDrift_GSG,B5_ONLINE_ESN,7303,"{""reservoir_size"": 20, ""spectral_radius"": 0.95, ""leak_rate"": 0.7, ""readout_lr"": 0.01}",16000,10,SUCCESS,,1.0,34.76749590719896,4.615935930399306,1.416463204745246,1481.0,1481.0,1481.0,5248,20,0.3699018955230713,0.3734138011932373,,,
B,B_FriedmanDrift_GSG,B5_ONLINE_ESN,7304,"{""reservoir_size"": 20, ""spectral_radius"": 0.95, ""leak_rate"": 0.7, ""readout_lr"": 0.01}",16000,10,SUCCESS,,1.0,42.322869893655806,4.987805174979841,1.7265861145938528,1481.0,1481.0,1481.0,5248,20,0.42778968811035156,0.4323081970214844,,,
B,B_FriedmanDrift_GSG,B5_ONLINE_ESN,7305,"{""reservoir_size"": 20, ""spectral_radius"": 0.95, ""leak_rate"": 0.7, ""readout_lr"": 0.01}",16000,10,SUCCESS,,1.0,20.8899530533783,3.5929954993476945,0.8282546809093118,1481.0,1481.0,1481.0,5248,20,0.3502771854400635,0.3542773723602295,,,
B,B_FriedmanDrift_GSG,B5_ONLINE_ESN,7306,"{""reservoir_size"": 20, ""spectral_radius"": 0.95, ""leak_rate"": 0.7, ""readout_lr"": 0.01}",16000,10,SUCCESS,,1.0,19.867430308659113,3.4906131267180953,0.7820890338565639,1481.0,1481.0,1481.0,5248,20,0.3666572570800781,0.37265753746032715,,,
B,B_FriedmanDrift_GSG,B5_ONLINE_ESN,7307,"{""reservoir_size"": 20, ""spectral_radius"": 0.95, ""leak_rate"": 0.7, ""readout_lr"": 0.01}",16000,10,SUCCESS,,1.0,26.798155069314785,4.109856081940874,1.078291431726282,1481.0,1481.0,1481.0,5248,20,0.3710498809814453,0.3745718002319336,,,
B,B_FriedmanDrift_GSG,B5_ONLINE_ESN,7308,"{""reservoir_size"": 20, ""spectral_radius"": 0.95, ""leak_rate"": 0.7, ""readout_lr"": 0.01}",16000,10,SUCCESS,,1.0,18.915311353475595,3.4586417513291425,0.7835002089228343,1481.0,1481.0,1481.0,5248,20,0.3574860095977783,0.36200737953186035,,,
B,B_FriedmanDrift_GSG,B5_ONLINE_ESN,7309,"{""reservoir_size"": 20, ""spectral_radius"": 0.95, ""leak_rate"": 0.7, ""readout_lr"": 0.01}",16000,10,SUCCESS,,1.0,38.900381762997895,4.938612138171932,1.5784149662092297,1481.0,1481.0,1481.0,5248,20,0.3696780204772949,0.37519359588623047,,,
B,B_FriedmanDrift_GSG,B5_ONLINE_ESN,7310,"{""reservoir_size"": 20, ""spectral_radius"": 0.95, ""leak_rate"": 0.7, ""readout_lr"": 0.01}",16000,10,SUCCESS,,1.0,20.034563719946465,3.5964293883235783,0.8163673138056301,1481.0,1481.0,1481.0,5248,20,0.38473081588745117,0.3877582550048828,,,
B,B_Planes2D,B5_ONLINE_ESN,7301,"{""reservoir_size"": 20, ""spectral_radius"": 0.85, ""leak_rate"": 0.7, ""readout_lr"": 0.01}",16000,10,SUCCESS,,1.0,9.739686067833679,2.5057973367198794,0.5034469004999141,1481.0,1481.0,1481.0,5248,20,0.6746799945831299,0.6776883602142334,,,
B,B_Planes2D,B5_ONLINE_ESN,7302,"{""reservoir_size"": 20, ""spectral_radius"": 0.85, ""leak_rate"": 0.7, ""readout_lr"": 0.01}",16000,10,SUCCESS,,1.0,8.197089538339748,2.3028876491309127,0.4268386891061641,1481.0,1481.0,1481.0,5248,20,0.37333226203918457,0.37683963775634766,,,
B,B_Planes2D,B5_ONLINE_ESN,7303,"{""reservoir_size"": 20, ""spectral_radius"": 0.85, ""leak_rate"": 0.7, ""readout_lr"": 0.01}",16000,10,SUCCESS,,1.0,7.0590047186070475,2.1399707049351213,0.3670641619706504,1481.0,1481.0,1481.0,5248,20,0.3769543170928955,0.3800532817840576,,,
B,B_Planes2D,B5_ONLINE_ESN,7304,"{""reservoir_size"": 20, ""spectral_radius"": 0.85, ""leak_rate"": 0.7, ""readout_lr"": 0.01}",16000,10,SUCCESS,,1.0,9.703777713704445,2.491903192273877,0.5044865084526517,1481.0,1481.0,1481.0,5248,20,0.3969433307647705,0.39905381202697754,,,
B,B_Planes2D,B5_ONLINE_ESN,7305,"{""reservoir_size"": 20, ""spectral_radius"": 0.85, ""leak_rate"": 0.7, ""readout_lr"": 0.01}",16000,10,SUCCESS,,1.0,7.511204948103197,2.20615939167564,0.39235698684072,1481.0,1481.0,1481.0,5248,20,0.4157247543334961,0.41872406005859375,,,
B,B_Planes2D,B5_ONLINE_ESN,7306,"{""reservoir_size"": 20, ""spectral_radius"": 0.85, ""leak_rate"": 0.7, ""readout_lr"": 0.01}",16000,10,SUCCESS,,1.0,7.764631474031656,2.244333648625232,0.40439743421339663,1481.0,1481.0,1481.0,5248,20,0.3739955425262451,0.37700819969177246,,,
B,B_Planes2D,B5_ONLINE_ESN,7307,"{""reservoir_size"": 20, ""spectral_radius"": 0.85, ""leak_rate"": 0.7, ""readout_lr"": 0.01}",16000,10,SUCCESS,,1.0,7.624165510323809,2.2061359075002005,0.39335405734090434,1481.0,1481.0,1481.0,5248,20,0.3618130683898926,0.3643348217010498,,,
B,B_Planes2D,B5_ONLINE_ESN,7308,"{""reservoir_size"": 20, ""spectral_radius"": 0.85, ""leak_rate"": 0.7, ""readout_lr"": 0.01}",16000,10,SUCCESS,,1.0,6.8384172344840755,2.104546046399793,0.35918982842320674,1481.0,1481.0,1481.0,5248,20,0.3447744846343994,0.3467752933502197,,,
B,B_Planes2D,B5_ONLINE_ESN,7309,"{""reservoir_size"": 20, ""spectral_radius"": 0.85, ""leak_rate"": 0.7, ""readout_lr"": 0.01}",16000,10,SUCCESS,,1.0,7.7933354364003025,2.2560777331275865,0.40063694199211236,1481.0,1481.0,1481.0,5248,20,1.7601115703582764,1.7631163597106934,,,
B,B_Planes2D,B5_ONLINE_ESN,7310,"{""reservoir_size"": 20, ""spectral_radius"": 0.85, ""leak_rate"": 0.7, ""readout_lr"": 0.01}",16000,10,SUCCESS,,1.0,8.737483092023982,2.3771255971289422,0.4657157106173345,1481.0,1481.0,1481.0,5248,20,0.37291383743286133,0.3759267330169678,,,
B,B_Mv,B5_ONLINE_ESN,7301,"{""reservoir_size"": 20, ""spectral_radius"": 0.85, ""leak_rate"": 0.7, ""readout_lr"": 0.01}",16000,14,SUCCESS,,1.0,442.191357133575,15.664227831780229,0.47322216009527357,1641.0,1641.0,1641.0,5888,20,0.3590118885040283,0.36151576042175293,,,
B,B_Mv,B5_ONLINE_ESN,7302,"{""reservoir_size"": 20, ""spectral_radius"": 0.85, ""leak_rate"": 0.7, ""readout_lr"": 0.01}",16000,14,SUCCESS,,1.0,401.12049259297777,15.412637934473043,0.42952763877471295,1641.0,1641.0,1641.0,5888,20,0.3624448776245117,0.36495113372802734,,,
B,B_Mv,B5_ONLINE_ESN,7303,"{""reservoir_size"": 20, ""spectral_radius"": 0.85, ""leak_rate"": 0.7, ""readout_lr"": 0.01}",16000,14,SUCCESS,,1.0,483.0870355256748,16.660520147472905,0.5089793442632037,1641.0,1641.0,1641.0,5888,20,0.35985469818115234,0.36386799812316895,,,
B,B_Mv,B5_ONLINE_ESN,7304,"{""reservoir_size"": 20, ""spectral_radius"": 0.85, ""leak_rate"": 0.7, ""readout_lr"": 0.01}",16000,14,SUCCESS,,1.0,407.6718231639836,15.28680451616678,0.4368291740679429,1641.0,1641.0,1641.0,5888,20,0.35883665084838867,0.3626670837402344,,,
B,B_Mv,B5_ONLINE_ESN,7305,"{""reservoir_size"": 20, ""spectral_radius"": 0.85, ""leak_rate"": 0.7, ""readout_lr"": 0.01}",16000,14,SUCCESS,,1.0,434.5724892165326,15.935457358628344,0.47410706885736326,1641.0,1641.0,1641.0,5888,20,1.7095963954925537,1.7131059169769287,,,
B,B_Mv,B5_ONLINE_ESN,7306,"{""reservoir_size"": 20, ""spectral_radius"": 0.85, ""leak_rate"": 0.7, ""readout_lr"": 0.01}",16000,14,SUCCESS,,1.0,406.5274786349468,15.442093799167685,0.43365015476873936,1641.0,1641.0,1641.0,5888,20,0.35896897315979004,0.36248326301574707,,,
B,B_Mv,B5_ONLINE_ESN,7307,"{""reservoir_size"": 20, ""spectral_radius"": 0.85, ""leak_rate"": 0.7, ""readout_lr"": 0.01}",16000,14,SUCCESS,,1.0,357.05197135208533,14.297188874385592,0.3907516133597769,1641.0,1641.0,1641.0,5888,20,0.3715507984161377,0.37467145919799805,,,
B,B_Mv,B5_ONLINE_ESN,7308,"{""reservoir_size"": 20, ""spectral_radius"": 0.85, ""leak_rate"": 0.7, ""readout_lr"": 0.01}",16000,14,SUCCESS,,1.0,397.2516092811296,15.229239210460243,0.42828406833741756,1641.0,1641.0,1641.0,5888,20,0.3912034034729004,0.3954432010650635,,,
B,B_Mv,B5_ONLINE_ESN,7309,"{""reservoir_size"": 20, ""spectral_radius"": 0.85, ""leak_rate"": 0.7, ""readout_lr"": 0.01}",16000,14,SUCCESS,,1.0,383.8593760276214,14.84928355388162,0.41919035904073443,1641.0,1641.0,1641.0,5888,20,0.3939228057861328,0.39692211151123047,,,
B,B_Mv,B5_ONLINE_ESN,7310,"{""reservoir_size"": 20, ""spectral_radius"": 0.85, ""leak_rate"": 0.7, ""readout_lr"": 0.01}",16000,14,SUCCESS,,1.0,408.0380569790903,15.51208479515876,0.42716418117210253,1641.0,1641.0,1641.0,5888,20,0.4094398021697998,0.41244029998779297,,,
D,D_SparseFIR_K2_white_SNR10,S4_ACESN,7401,"{""reservoir_size"": 40, ""spectral_radius"": 0.85, ""compression_ratio"": 0.5, ""readout_lr"": 0.01}",10000,32,SUCCESS,,1.0,0.8173049148125333,0.7008867287899643,0.38655856102134484,6244.902285714285,6245.0,6245.0,23808,39,0.24296140670776367,0.24496078491210938,,,
D,D_SparseFIR_K2_white_SNR10,S4_ACESN,7402,"{""reservoir_size"": 40, ""spectral_radius"": 0.85, ""compression_ratio"": 0.5, ""readout_lr"": 0.01}",10000,32,SUCCESS,,1.0,0.38547214981914657,0.4712709690669588,0.4063845140736819,6244.8451428571425,6245.0,6245.0,23808,40,0.2729313373565674,0.2749369144439697,,,
D,D_SparseFIR_K2_white_SNR10,S4_ACESN,7403,"{""reservoir_size"": 40, ""spectral_radius"": 0.85, ""compression_ratio"": 0.5, ""readout_lr"": 0.01}",10000,32,SUCCESS,,1.0,0.07572487404668016,0.2088746172699125,0.3280759997758784,6244.562857142857,6245.0,6245.0,23808,40,0.22881746292114258,0.2313234806060791,,,
D,D_SparseFIR_K2_white_SNR10,S4_ACESN,7404,"{""reservoir_size"": 40, ""spectral_radius"": 0.85, ""compression_ratio"": 0.5, ""readout_lr"": 0.01}",10000,32,SUCCESS,,1.0,1.081490769302166,0.7942419054150569,0.30714452601798453,6244.923428571428,6245.0,6245.0,23808,40,0.22733139991760254,0.22933650016784668,,,
D,D_SparseFIR_K2_white_SNR10,S4_ACESN,7405,"{""reservoir_size"": 40, ""spectral_radius"": 0.85, ""compression_ratio"": 0.5, ""readout_lr"": 0.01}",10000,32,SUCCESS,,1.0,0.17053906444549283,0.31589419551566855,0.32700010931515183,6244.764,6245.0,6245.0,23808,40,0.22120118141174316,0.22370314598083496,,,
D,D_SparseFIR_K2_white_SNR10,S4_ACESN,7406,"{""reservoir_size"": 40, ""spectral_radius"": 0.85, ""compression_ratio"": 0.5, ""readout_lr"": 0.01}",10000,32,SUCCESS,,1.0,0.6491137220660348,0.6253062211768062,0.40865704537296754,6244.905714285715,6245.0,6245.0,23808,40,0.21649956703186035,0.2185041904449463,,,
D,D_SparseFIR_K2_white_SNR10,S4_ACESN,7407,"{""reservoir_size"": 40, ""spectral_radius"": 0.85, ""compression_ratio"": 0.5, ""readout_lr"": 0.01}",10000,32,SUCCESS,,1.0,0.0825748553929525,0.22120072969802895,0.39408460018950225,6244.5617142857145,6245.0,6245.0,23808,40,0.27297210693359375,0.27747559547424316,,,
D,D_SparseFIR_K2_white_SNR10,S4_ACESN,7408,"{""reservoir_size"": 40, ""spectral_radius"": 0.85, ""compression_ratio"": 0.5, ""readout_lr"": 0.01}",10000,32,SUCCESS,,1.0,0.3878806737276409,0.4794673069343601,0.4215463014121684,6244.857714285714,6245.0,6245.0,23808,40,0.24065470695495605,0.24266600608825684,,,
D,D_SparseFIR_K2_white_SNR10,S4_ACESN,7409,"{""reservoir_size"": 40, ""spectral_radius"": 0.85, ""compression_ratio"": 0.5, ""readout_lr"": 0.01}",10000,32,SUCCESS,,1.0,0.4934777163099111,0.5441773499139134,0.29690114545880014,6244.873714285714,6245.0,6245.0,23808,40,0.21762442588806152,0.21962404251098633,,,
D,D_SparseFIR_K2_white_SNR10,S4_ACESN,7410,"{""reservoir_size"": 40, ""spectral_radius"": 0.85, ""compression_ratio"": 0.5, ""readout_lr"": 0.01}",10000,32,SUCCESS,,1.0,0.6729532527449202,0.6413966506280898,0.26033646465956484,6244.898857142857,6245.0,6245.0,23808,40,0.22746777534484863,0.22897124290466309,,,
D,D_SparseFIR_K2_colored_SNR10,S4_ACESN,7401,"{""reservoir_size"": 40, ""spectral_radius"": 0.85, ""compression_ratio"": 0.5, ""readout_lr"": 0.01}",10000,32,SUCCESS,,1.0,0.39552356228911356,0.4888071820519094,0.25673538548772923,6244.854857142857,6245.0,6245.0,23808,40,0.2279365062713623,0.2299342155456543,,,
D,D_SparseFIR_K2_colored_SNR10,S4_ACESN,7402,"{""reservoir_size"": 40, ""spectral_radius"": 0.85, ""compression_ratio"": 0.5, ""readout_lr"": 0.01}",10000,32,SUCCESS,,1.0,0.2495960064199125,0.3829509687885112,0.32853819854508126,6244.794857142857,6245.0,6245.0,23808,40,0.2160966396331787,0.21809625625610352,,,
D,D_SparseFIR_K2_colored_SNR10,S4_ACESN,7403,"{""reservoir_size"": 40, ""spectral_radius"": 0.85, ""compression_ratio"": 0.5, ""readout_lr"": 0.01}",10000,32,SUCCESS,,1.0,0.04678535786890401,0.16617392086072075,0.26322914494579963,6244.204,6245.0,6245.0,23808,40,0.22699236869812012,0.22950291633605957,,,
D,D_SparseFIR_K2_colored_SNR10,S4_ACESN,7404,"{""reservoir_size"": 40, ""spectral_radius"": 0.85, ""compression_ratio"": 0.5, ""readout_lr"": 0.01}",10000,32,SUCCESS,,1.0,0.6585189816360092,0.6287096486078292,0.26393816935593944,6244.893142857143,6245.0,6245.0,23808,40,0.23349666595458984,0.23500895500183105,,,
D,D_SparseFIR_K2_colored_SNR10,S4_ACESN,7405,"{""reservoir_size"": 40, ""spectral_radius"": 0.85, ""compression_ratio"": 0.5, ""readout_lr"": 0.01}",10000,32,SUCCESS,,1.0,0.13072760253769397,0.2809465261474205,0.261400938064756,6244.697714285714,6245.0,6245.0,23808,40,0.21947669982910156,0.22199416160583496,,,
D,D_SparseFIR_K2_colored_SNR10,S4_ACESN,7406,"{""reservoir_size"": 40, ""spectral_radius"": 0.85, ""compression_ratio"": 0.5, ""readout_lr"": 0.01}",10000,32,SUCCESS,,1.0,0.47498822074729913,0.539530161929774,0.2996395992695813,6244.892,6245.0,6245.0,23808,40,0.2250807285308838,0.227081298828125,,,
D,D_SparseFIR_K2_colored_SNR10,S4_ACESN,7407,"{""reservoir_size"": 40, ""spectral_radius"": 0.85, ""compression_ratio"": 0.5, ""readout_lr"": 0.01}",10000,32,SUCCESS,,1.0,0.057858937099495474,0.18830184208158485,0.2685636850501661,6244.382857142858,6245.0,6245.0,23808,40,0.22517800331115723,0.22718143463134766,,,
D,D_SparseFIR_K2_colored_SNR10,S4_ACESN,7408,"{""reservoir_size"": 40, ""spectral_radius"": 0.85, ""compression_ratio"": 0.5, ""readout_lr"": 0.01}",10000,32,SUCCESS,,1.0,0.23458142773996316,0.378323840526332,0.24149048133596154,6244.823428571429,6245.0,6245.0,23808,39,0.22655129432678223,0.2290644645690918,,,
D,D_SparseFIR_K2_colored_SNR10,S4_ACESN,7409,"{""reservoir_size"": 40, ""spectral_radius"": 0.85, ""compression_ratio"": 0.5, ""readout_lr"": 0.01}",10000,32,SUCCESS,,1.0,0.3984402322973002,0.49455904638233567,0.16576729902256288,6244.868571428571,6245.0,6245.0,23808,40,0.22852349281311035,0.23052382469177246,,,
D,D_SparseFIR_K2_colored_SNR10,S4_ACESN,7410,"{""reservoir_size"": 40, ""spectral_radius"": 0.85, ""compression_ratio"": 0.5, ""readout_lr"": 0.01}",10000,32,SUCCESS,,1.0,0.5871233780349205,0.6028055546396074,0.17145179664011798,6244.895428571429,6245.0,6245.0,23808,40,0.22542285919189453,0.22742271423339844,,,
D,D_SparseFIR_K6_white_SNR10,S4_ACESN,7401,"{""reservoir_size"": 40, ""spectral_radius"": 0.85, ""compression_ratio"": 0.5, ""readout_lr"": 0.01}",10000,32,SUCCESS,,1.0,1.6047422699210614,0.9901103524602206,0.28996994521077646,6244.941714285715,6245.0,6245.0,23808,40,0.22893118858337402,0.23193120956420898,,,
D,D_SparseFIR_K6_white_SNR10,S4_ACESN,7402,"{""reservoir_size"": 40, ""spectral_radius"": 0.85, ""compression_ratio"": 0.5, ""readout_lr"": 0.01}",10000,32,SUCCESS,,1.0,4.314525379611354,1.62226355218263,0.2728676965636356,6244.968,6245.0,6245.0,23808,40,0.22452735900878906,0.22692489624023438,,,
D,D_SparseFIR_K6_white_SNR10,S4_ACESN,7403,"{""reservoir_size"": 40, ""spectral_radius"": 0.85, ""compression_ratio"": 0.5, ""readout_lr"": 0.01}",10000,32,SUCCESS,,1.0,2.0465585305028826,1.0946285199810257,0.3525704644678428,6244.942857142857,6245.0,6245.0,23808,40,0.2313387393951416,0.23433685302734375,,,
D,D_SparseFIR_K6_white_SNR10,S4_ACESN,7404,"{""reservoir_size"": 40, ""spectral_radius"": 0.85, ""compression_ratio"": 0.5, ""readout_lr"": 0.01}",10000,32,SUCCESS,,1.0,2.0213104494028045,1.102139160948499,0.28447363122670977,6244.937714285715,6245.0,6245.0,23808,40,0.22657394409179688,0.2305738925933838,,,
D,D_SparseFIR_K6_white_SNR10,S4_ACESN,7405,"{""reservoir_size"": 40, ""spectral_radius"": 0.85, ""compression_ratio"": 0.5, ""readout_lr"": 0.01}",10000,32,SUCCESS,,1.0,2.2058444628741185,1.1422931261657423,0.19685226163071073,6244.941142857143,6245.0,6245.0,23808,40,0.22490453720092773,0.22791337966918945,,,
D,D_SparseFIR_K6_white_SNR10,S4_ACESN,7406,"{""reservoir_size"": 40, ""spectral_radius"": 0.85, ""compression_ratio"": 0.5, ""readout_lr"": 0.01}",10000,32,SUCCESS,,1.0,1.4744515030188405,0.9484431348399065,0.32171284066233796,6244.94,6245.0,6245.0,23808,40,0.22865700721740723,0.23116779327392578,,,
D,D_SparseFIR_K6_white_SNR10,S4_ACESN,7407,"{""reservoir_size"": 40, ""spectral_radius"": 0.85, ""compression_ratio"": 0.5, ""readout_lr"": 0.01}",10000,32,SUCCESS,,1.0,2.879001237672492,1.3178249786689422,0.3433314742604382,6244.962285714286,6245.0,6245.0,23808,40,0.22197461128234863,0.22397494316101074,,,
D,D_SparseFIR_K6_white_SNR10,S4_ACESN,7408,"{""reservoir_size"": 40, ""spectral_radius"": 0.85, ""compression_ratio"": 0.5, ""readout_lr"": 0.01}",10000,32,SUCCESS,,1.0,2.167250752040736,1.1330465737452513,0.24761553279153528,6244.947428571429,6245.0,6245.0,23808,40,0.2225024700164795,0.22450900077819824,,,
D,D_SparseFIR_K6_white_SNR10,S4_ACESN,7409,"{""reservoir_size"": 40, ""spectral_radius"": 0.85, ""compression_ratio"": 0.5, ""readout_lr"": 0.01}",10000,32,SUCCESS,,1.0,1.599604492538012,0.958914465115902,0.24602736495882377,6244.941142857143,6245.0,6245.0,23808,40,0.2355198860168457,0.23802518844604492,,,
D,D_SparseFIR_K6_white_SNR10,S4_ACESN,7410,"{""reservoir_size"": 40, ""spectral_radius"": 0.85, ""compression_ratio"": 0.5, ""readout_lr"": 0.01}",10000,32,SUCCESS,,1.0,2.695857421556728,1.2822130411799315,0.24055356099125336,6244.9554285714285,6245.0,6245.0,23808,40,0.20646023750305176,0.20897221565246582,,,
D,D_SparseFIR_K6_colored_SNR10,S4_ACESN,7401,"{""reservoir_size"": 40, ""spectral_radius"": 0.85, ""compression_ratio"": 0.5, ""readout_lr"": 0.01}",10000,32,SUCCESS,,1.0,0.9759625520869243,0.7775873902644692,0.20270455640754062,6244.92,6245.0,6245.0,23808,40,0.21737003326416016,0.2203683853149414,,,
D,D_SparseFIR_K6_colored_SNR10,S4_ACESN,7402,"{""reservoir_size"": 40, ""spectral_radius"": 0.85, ""compression_ratio"": 0.5, ""readout_lr"": 0.01}",10000,32,SUCCESS,,1.0,3.1773703910915563,1.402589218149444,0.1752368462352411,6244.964,6245.0,6245.0,23808,40,0.20135068893432617,0.20435452461242676,,,
D,D_SparseFIR_K6_colored_SNR10,S4_ACESN,7403,"{""reservoir_size"": 40, ""spectral_radius"": 0.85, ""compression_ratio"": 0.5, ""readout_lr"": 0.01}",10000,32,SUCCESS,,1.0,1.3237642903336029,0.8998224990775977,0.28535350618056055,6244.930857142857,6245.0,6245.0,23808,40,0.21375036239624023,0.21575593948364258,,,
D,D_SparseFIR_K6_colored_SNR10,S4_ACESN,7404,"{""reservoir_size"": 40, ""spectral_radius"": 0.85, ""compression_ratio"": 0.5, ""readout_lr"": 0.01}",10000,32,SUCCESS,,1.0,1.579880372360253,0.9818706118664143,0.1723448727229793,6244.943428571429,6245.0,6245.0,23808,40,0.2578260898590088,0.2608373165130615,,,
D,D_SparseFIR_K6_colored_SNR10,S4_ACESN,7405,"{""reservoir_size"": 40, ""spectral_radius"": 0.85, ""compression_ratio"": 0.5, ""readout_lr"": 0.01}",10000,32,SUCCESS,,1.0,1.7737146695390136,1.0379824691396569,0.16803298840124256,6244.937714285715,6245.0,6245.0,23808,40,0.22121667861938477,0.22371959686279297,,,
D,D_SparseFIR_K6_colored_SNR10,S4_ACESN,7406,"{""reservoir_size"": 40, ""spectral_radius"": 0.85, ""compression_ratio"": 0.5, ""readout_lr"": 0.01}",10000,32,SUCCESS,,1.0,1.0011322598383852,0.7896675009215945,0.26602215918950844,6244.924571428572,6245.0,6245.0,23808,40,0.25225090980529785,0.2547643184661865,,,
D,D_SparseFIR_K6_colored_SNR10,S4_ACESN,7407,"{""reservoir_size"": 40, ""spectral_radius"": 0.85, ""compression_ratio"": 0.5, ""readout_lr"": 0.01}",10000,32,SUCCESS,,1.0,2.290439730901228,1.1758757661739634,0.2534737589912903,6244.954285714286,6245.0,6245.0,23808,40,0.2066946029663086,0.20969486236572266,,,
D,D_SparseFIR_K6_colored_SNR10,S4_ACESN,7408,"{""reservoir_size"": 40, ""spectral_radius"": 0.85, ""compression_ratio"": 0.5, ""readout_lr"": 0.01}",10000,32,SUCCESS,,1.0,1.4279903212247487,0.9217093023240928,0.17907837295345488,6244.940571428571,6245.0,6245.0,23808,40,0.22459101676940918,0.22709393501281738,,,
D,D_SparseFIR_K6_colored_SNR10,S4_ACESN,7409,"{""reservoir_size"": 40, ""spectral_radius"": 0.85, ""compression_ratio"": 0.5, ""readout_lr"": 0.01}",10000,32,SUCCESS,,1.0,0.9261361092670641,0.7505260787902558,0.23699119222657086,6244.910857142857,6245.0,6245.0,23808,40,0.22911381721496582,0.23161602020263672,,,
D,D_SparseFIR_K6_colored_SNR10,S4_ACESN,7410,"{""reservoir_size"": 40, ""spectral_radius"": 0.85, ""compression_ratio"": 0.5, ""readout_lr"": 0.01}",10000,32,SUCCESS,,1.0,3.1693590629423696,1.4098884252570343,0.13163345463298518,6244.964571428572,6245.0,6245.0,23808,40,0.2098381519317627,0.21186614036560059,,,
A,A_AusElectricity,B3_MUSE_RNN,7501,"{""learning_rate"": 0.03, ""growth_multiplier"": 1.5, ""pruning_threshold"": 0.001}",49999,1,SUCCESS,,1.0,17403968.59027915,2768.407999795948,10.27826009451761,200.0,200.0,200.0,448,35,9.350745439529419,9.359260082244873,,,
A,A_AusElectricity,B3_MUSE_RNN,7502,"{""learning_rate"": 0.03, ""growth_multiplier"": 1.5, ""pruning_threshold"": 0.001}",49999,1,SUCCESS,,1.0,27338607.17401946,4082.6955416231153,16.145358669135017,200.0,200.0,200.0,448,35,7.526172637939453,7.5346879959106445,,,
A,A_AusElectricity,B3_MUSE_RNN,7503,"{""learning_rate"": 0.03, ""growth_multiplier"": 1.5, ""pruning_threshold"": 0.001}",49999,1,SUCCESS,,1.0,933717.339610037,716.4900352360828,0.5514253614910172,200.0,200.0,200.0,448,35,3.337775945663452,3.3468215465545654,,,
A,A_Sunspot,B3_MUSE_RNN,7501,"{""learning_rate"": 0.03, ""growth_multiplier"": 2.5, ""pruning_threshold"": 0.001}",49999,1,SUCCESS,,1.0,1273.3290420092953,25.244611925909723,0.23832616760571068,199.1296,200.0,200.0,448,35,3.798391342163086,3.810868740081787,,,
A,A_Sunspot,B3_MUSE_RNN,7502,"{""learning_rate"": 0.03, ""growth_multiplier"": 2.5, ""pruning_threshold"": 0.001}",49999,1,SUCCESS,,1.0,1244.528454104411,24.996865753522016,0.23293562555906788,199.8432,200.0,200.0,448,35,6.403505325317383,6.41680121421814,,,
A,A_Sunspot,B3_MUSE_RNN,7503,"{""learning_rate"": 0.03, ""growth_multiplier"": 2.5, ""pruning_threshold"": 0.001}",49999,1,SUCCESS,,1.0,2047.025784952282,30.326407822696826,0.3831372679193063,199.6688,200.0,200.0,448,35,7.361247539520264,7.372765302658081,,,
A,A_Solar10min,B3_MUSE_RNN,7501,"{""learning_rate"": 0.03, ""growth_multiplier"": 2.5, ""pruning_threshold"": 0.001}",49999,1,SUCCESS,,1.0,51.36545803976068,4.290066948138187,0.16191054333982016,199.528,200.0,200.0,448,35,5.856743574142456,5.868264436721802,,,
A,A_Solar10min,B3_MUSE_RNN,7502,"{""learning_rate"": 0.03, ""growth_multiplier"": 2.5, ""pruning_threshold"": 0.001}",49999,1,SUCCESS,,1.0,51.61717039195237,4.308889307754208,0.16270397311274562,198.7808,200.0,200.0,448,35,5.335622787475586,5.353152275085449,,,
A,A_Solar10min,B3_MUSE_RNN,7503,"{""learning_rate"": 0.03, ""growth_multiplier"": 2.5, ""pruning_threshold"": 0.001}",49999,1,SUCCESS,,1.0,53.02733011147619,4.377779876096159,0.16714897827958933,198.4064,200.0,200.0,448,35,3.881587505340576,3.8945677280426025,,,
A,A_Pedestrian,B3_MUSE_RNN,7501,"{""learning_rate"": 0.03, ""growth_multiplier"": 1.5, ""pruning_threshold"": 0.001}",49999,1,SUCCESS,,1.0,1906080.4866457686,1128.1056668384263,1.4244456317422072,200.0,200.0,200.0,448,35,4.4682581424713135,4.591001987457275,,,
A,A_Pedestrian,B3_MUSE_RNN,7502,"{""learning_rate"": 0.03, ""growth_multiplier"": 1.5, ""pruning_threshold"": 0.001}",49999,1,SUCCESS,,1.0,1882736.7041766758,1129.4844709194117,1.4070004350679814,200.0,200.0,200.0,448,35,3.951765537261963,3.9642796516418457,,,
A,A_Pedestrian,B3_MUSE_RNN,7503,"{""learning_rate"": 0.03, ""growth_multiplier"": 1.5, ""pruning_threshold"": 0.001}",49999,1,SUCCESS,,1.0,1660993.1677047887,1035.7235270540327,1.2412878043016453,200.0,200.0,200.0,448,35,5.966725587844849,5.975237846374512,,,
A,A_SaugeenRiver,C3_RLS,7501,"{""forgetting_factor"": 0.99}",23740,1,SUCCESS,,1.0,751.794910020515,22.621567690446028,0.4706121085763396,17.0,17.0,17.0,80,1,1.6599681377410889,1.6659860610961914,,,
A,A_SaugeenRiver,C3_RLS,7502,"{""forgetting_factor"": 0.99}",23740,1,SUCCESS,,1.0,751.794910020515,22.621567690446028,0.4706121085763396,17.0,17.0,17.0,80,1,0.5830175876617432,0.5903425216674805,,,
A,A_SaugeenRiver,C3_RLS,7503,"{""forgetting_factor"": 0.99}",23740,1,SUCCESS,,1.0,751.794910020515,22.621567690446028,0.4706121085763396,17.0,17.0,17.0,80,1,0.6037170886993408,0.6097238063812256,,,
A,A_USBirths,S4_ACESN,7501,"{""reservoir_size"": 40, ""spectral_radius"": 0.95, ""compression_ratio"": 0.5, ""readout_lr"": 0.01}",7304,1,SUCCESS,,1.0,891372.9816726815,756.0595591085282,0.670370729327376,3765.0,3765.0,3765.0,13888,40,0.17546987533569336,0.17797446250915527,,,
A,A_USBirths,S4_ACESN,7502,"{""reservoir_size"": 40, ""spectral_radius"": 0.95, ""compression_ratio"": 0.5, ""readout_lr"": 0.01}",7304,1,SUCCESS,,1.0,1409512.0111884954,864.9288251822366,1.0600451375169688,3765.0,3765.0,3765.0,13888,40,0.17507433891296387,0.1770777702331543,,,
A,A_USBirths,S4_ACESN,7503,"{""reservoir_size"": 40, ""spectral_radius"": 0.95, ""compression_ratio"": 0.5, ""readout_lr"": 0.01}",7304,1,SUCCESS,,1.0,1040126.2955164508,816.2655080362433,0.7822429416802622,3765.0,3765.0,3765.0,13888,40,0.1686859130859375,0.17071008682250977,,,
A,A_KDDCup2018,B5_ONLINE_ESN,7501,"{""reservoir_size"": 20, ""spectral_radius"": 0.85, ""leak_rate"": 0.7, ""readout_lr"": 0.01}",10897,1,SUCCESS,,1.0,842.0060582147544,25.236637085696323,0.36003043128273543,1121.0,1121.0,1121.0,3808,20,0.24708867073059082,0.2501049041748047,,,
A,A_KDDCup2018,B5_ONLINE_ESN,7502,"{""reservoir_size"": 20, ""spectral_radius"": 0.85, ""leak_rate"": 0.7, ""readout_lr"": 0.01}",10897,1,SUCCESS,,1.0,829.3287347524197,25.092914561223864,0.3546097787955879,1121.0,1121.0,1121.0,3808,20,0.27932214736938477,0.2830836772918701,,,
A,A_KDDCup2018,B5_ONLINE_ESN,7503,"{""reservoir_size"": 20, ""spectral_radius"": 0.85, ""leak_rate"": 0.7, ""readout_lr"": 0.01}",10897,1,SUCCESS,,1.0,854.8401999910595,25.414580261622827,0.36551813716535564,1121.0,1121.0,1121.0,3808,20,0.29563188552856445,0.2986323833465576,,,
D,D_SparseFIR_K2_white_SNR10,B5_ONLINE_ESN,7401,"{""reservoir_size"": 20, ""spectral_radius"": 0.85, ""leak_rate"": 0.7, ""readout_lr"": 0.01}",10000,32,SUCCESS,,1.0,1.2051199853016468,0.8562989765598724,0.5699824373173157,2361.0,2361.0,2361.0,8768,20,0.3432435989379883,0.3452427387237549,,,
D,D_SparseFIR_K2_white_SNR10,B5_ONLINE_ESN,7402,"{""reservoir_size"": 20, ""spectral_radius"": 0.85, ""leak_rate"": 0.7, ""readout_lr"": 0.01}",10000,32,SUCCESS,,1.0,0.6883464468962314,0.5933847319367598,0.725690134728317,2361.0,2361.0,2361.0,8768,20,0.2201542854309082,0.22415518760681152,,,
D,D_SparseFIR_K2_white_SNR10,B5_ONLINE_ESN,7403,"{""reservoir_size"": 20, ""spectral_radius"": 0.85, ""leak_rate"": 0.7, ""readout_lr"": 0.01}",10000,32,SUCCESS,,1.0,0.1552585216591115,0.30686842717676194,0.6726534095736931,2361.0,2361.0,2361.0,8768,20,0.22516512870788574,0.22716426849365234,,,
D,D_SparseFIR_K2_white_SNR10,B5_ONLINE_ESN,7404,"{""reservoir_size"": 20, ""spectral_radius"": 0.85, ""leak_rate"": 0.7, ""readout_lr"": 0.01}",10000,32,SUCCESS,,1.0,1.8158246934363165,1.0555011223224589,0.5156961396509374,2361.0,2361.0,2361.0,8768,20,0.21984577178955078,0.2223494052886963,,,
D,D_SparseFIR_K2_white_SNR10,B5_ONLINE_ESN,7405,"{""reservoir_size"": 20, ""spectral_radius"": 0.85, ""leak_rate"": 0.7, ""readout_lr"": 0.01}",10000,32,SUCCESS,,1.0,0.3311333472199618,0.4503808917370213,0.6349315981701539,2361.0,2361.0,2361.0,8768,20,0.22208356857299805,0.2241053581237793,,,
D,D_SparseFIR_K2_white_SNR10,B5_ONLINE_ESN,7406,"{""reservoir_size"": 20, ""spectral_radius"": 0.85, ""leak_rate"": 0.7, ""readout_lr"": 0.01}",10000,32,SUCCESS,,1.0,1.1401524462208519,0.8229829914155808,0.7177961489773822,2361.0,2361.0,2361.0,8768,20,0.24007463455200195,0.2440946102142334,,,
D,D_SparseFIR_K2_white_SNR10,B5_ONLINE_ESN,7407,"{""reservoir_size"": 20, ""spectral_radius"": 0.85, ""leak_rate"": 0.7, ""readout_lr"": 0.01}",10000,32,SUCCESS,,1.0,0.11670239173938865,0.265699444757149,0.5569566567318602,2361.0,2361.0,2361.0,8768,20,0.22908425331115723,0.23259830474853516,,,
D,D_SparseFIR_K2_white_SNR10,B5_ONLINE_ESN,7408,"{""reservoir_size"": 20, ""spectral_radius"": 0.85, ""leak_rate"": 0.7, ""readout_lr"": 0.01}",10000,32,SUCCESS,,1.0,0.4518200415451554,0.5314029420712821,0.49103520829447267,2361.0,2361.0,2361.0,8768,20,0.21808099746704102,0.2210831642150879,,,
D,D_SparseFIR_K2_white_SNR10,B5_ONLINE_ESN,7409,"{""reservoir_size"": 20, ""spectral_radius"": 0.85, ""leak_rate"": 0.7, ""readout_lr"": 0.01}",10000,32,SUCCESS,,1.0,0.9124543842330816,0.7523983891644945,0.5489786932700553,2361.0,2361.0,2361.0,8768,20,0.21908211708068848,0.22212648391723633,,,
D,D_SparseFIR_K2_white_SNR10,B5_ONLINE_ESN,7410,"{""reservoir_size"": 20, ""spectral_radius"": 0.85, ""leak_rate"": 0.7, ""readout_lr"": 0.01}",10000,32,SUCCESS,,1.0,1.7911802869622777,1.0597764217803054,0.6929300684313903,2361.0,2361.0,2361.0,8768,20,0.2359619140625,0.23896169662475586,,,
D,D_SparseFIR_K2_colored_SNR10,B5_ONLINE_ESN,7401,"{""reservoir_size"": 20, ""spectral_radius"": 0.85, ""leak_rate"": 0.7, ""readout_lr"": 0.01}",10000,32,SUCCESS,,1.0,0.6095362709113192,0.6099670370160463,0.3956515980374951,2361.0,2361.0,2361.0,8768,20,0.2526428699493408,0.255643367767334,,,
D,D_SparseFIR_K2_colored_SNR10,B5_ONLINE_ESN,7402,"{""reservoir_size"": 20, ""spectral_radius"": 0.85, ""leak_rate"": 0.7, ""readout_lr"": 0.01}",10000,32,SUCCESS,,1.0,0.30610390998623327,0.41684732126810703,0.4029184144288443,2361.0,2361.0,2361.0,8768,20,0.21981287002563477,0.2223672866821289,,,
D,D_SparseFIR_K2_colored_SNR10,B5_ONLINE_ESN,7403,"{""reservoir_size"": 20, ""spectral_radius"": 0.85, ""leak_rate"": 0.7, ""readout_lr"": 0.01}",10000,32,SUCCESS,,1.0,0.07308923575309079,0.210793773371284,0.4112230387536576,2361.0,2361.0,2361.0,8768,20,0.2320878505706787,0.23408794403076172,,,
D,D_SparseFIR_K2_colored_SNR10,B5_ONLINE_ESN,7404,"{""reservoir_size"": 20, ""spectral_radius"": 0.85, ""leak_rate"": 0.7, ""readout_lr"": 0.01}",10000,32,SUCCESS,,1.0,0.9146336841625431,0.7529276753568286,0.36659040507745855,2361.0,2361.0,2361.0,8768,20,0.3177218437194824,0.3207235336303711,,,
D,D_SparseFIR_K2_colored_SNR10,B5_ONLINE_ESN,7405,"{""reservoir_size"": 20, ""spectral_radius"": 0.85, ""leak_rate"": 0.7, ""readout_lr"": 0.01}",10000,32,SUCCESS,,1.0,0.1840532108606702,0.3384360132148138,0.3680300184418743,2361.0,2361.0,2361.0,8768,20,0.2252659797668457,0.22793865203857422,,,
D,D_SparseFIR_K2_colored_SNR10,B5_ONLINE_ESN,7406,"{""reservoir_size"": 20, ""spectral_radius"": 0.85, ""leak_rate"": 0.7, ""readout_lr"": 0.01}",10000,32,SUCCESS,,1.0,0.54552651811912,0.576368449122497,0.3441376862419226,2361.0,2361.0,2361.0,8768,20,0.2322864532470703,0.23528599739074707,,,
D,D_SparseFIR_K2_colored_SNR10,B5_ONLINE_ESN,7407,"{""reservoir_size"": 20, ""spectral_radius"": 0.85, ""leak_rate"": 0.7, ""readout_lr"": 0.01}",10000,32,SUCCESS,,1.0,0.07347930917901226,0.21159917840830167,0.3410687274486434,2361.0,2361.0,2361.0,8768,20,0.21934938430786133,0.22135019302368164,,,
D,D_SparseFIR_K2_colored_SNR10,B5_ONLINE_ESN,7408,"{""reservoir_size"": 20, ""spectral_radius"": 0.85, ""leak_rate"": 0.7, ""readout_lr"": 0.01}",10000,32,SUCCESS,,1.0,0.27007928683287136,0.4072558512244867,0.27803384779652024,2361.0,2361.0,2361.0,8768,20,0.2242264747619629,0.2267313003540039,,,
D,D_SparseFIR_K2_colored_SNR10,B5_ONLINE_ESN,7409,"{""reservoir_size"": 20, ""spectral_radius"": 0.85, ""leak_rate"": 0.7, ""readout_lr"": 0.01}",10000,32,SUCCESS,,1.0,0.6475590765833091,0.6283008042929944,0.26941084353817013,2361.0,2361.0,2361.0,8768,20,0.22411274909973145,0.22611141204833984,,,
D,D_SparseFIR_K2_colored_SNR10,B5_ONLINE_ESN,7410,"{""reservoir_size"": 20, ""spectral_radius"": 0.85, ""leak_rate"": 0.7, ""readout_lr"": 0.01}",10000,32,SUCCESS,,1.0,1.2993187385095817,0.8886247115659114,0.3794271195114796,2361.0,2361.0,2361.0,8768,20,0.23920822143554688,0.2432234287261963,,,
D,D_SparseFIR_K6_white_SNR10,B5_ONLINE_ESN,7401,"{""reservoir_size"": 20, ""spectral_radius"": 0.85, ""leak_rate"": 0.7, ""readout_lr"": 0.01}",10000,32,SUCCESS,,1.0,3.506091278507744,1.4789131928720294,0.6335354374275205,2361.0,2361.0,2361.0,8768,20,0.2286844253540039,0.23119211196899414,,,
D,D_SparseFIR_K6_white_SNR10,B5_ONLINE_ESN,7402,"{""reservoir_size"": 20, ""spectral_radius"": 0.85, ""leak_rate"": 0.7, ""readout_lr"": 0.01}",10000,32,SUCCESS,,1.0,9.181407465262911,2.4020431930982786,0.580668621883071,2361.0,2361.0,2361.0,8768,20,0.22116732597351074,0.2241685390472412,,,
D,D_SparseFIR_K6_white_SNR10,B5_ONLINE_ESN,7403,"{""reservoir_size"": 20, ""spectral_radius"": 0.85, ""leak_rate"": 0.7, ""readout_lr"": 0.01}",10000,32,SUCCESS,,1.0,3.3865128817399297,1.4522929541447123,0.5834108342594007,2361.0,2361.0,2361.0,8768,20,0.2543153762817383,0.25682759284973145,,,
D,D_SparseFIR_K6_white_SNR10,B5_ONLINE_ESN,7404,"{""reservoir_size"": 20, ""spectral_radius"": 0.85, ""leak_rate"": 0.7, ""readout_lr"": 0.01}",10000,32,SUCCESS,,1.0,4.204497620425451,1.626844325137217,0.5917293436640901,2361.0,2361.0,2361.0,8768,20,0.23629164695739746,0.23829150199890137,,,
D,D_SparseFIR_K6_white_SNR10,B5_ONLINE_ESN,7405,"{""reservoir_size"": 20, ""spectral_radius"": 0.85, ""leak_rate"": 0.7, ""readout_lr"": 0.01}",10000,32,SUCCESS,,1.0,7.6077482611769325,2.1333095088941323,0.6789247729545156,2361.0,2361.0,2361.0,8768,20,0.238295316696167,0.23979902267456055,,,
D,D_SparseFIR_K6_white_SNR10,B5_ONLINE_ESN,7406,"{""reservoir_size"": 20, ""spectral_radius"": 0.85, ""leak_rate"": 0.7, ""readout_lr"": 0.01}",10000,32,SUCCESS,,1.0,2.358146807892851,1.2239245757227286,0.5145276780638472,2361.0,2361.0,2361.0,8768,20,0.23239707946777344,0.23439693450927734,,,
D,D_SparseFIR_K6_white_SNR10,B5_ONLINE_ESN,7407,"{""reservoir_size"": 20, ""spectral_radius"": 0.85, ""leak_rate"": 0.7, ""readout_lr"": 0.01}",10000,32,SUCCESS,,1.0,4.9283382615152,1.7369587228900474,0.5877224430608676,2361.0,2361.0,2361.0,8768,20,0.26384806632995605,0.26735806465148926,,,
D,D_SparseFIR_K6_white_SNR10,B5_ONLINE_ESN,7408,"{""reservoir_size"": 20, ""spectral_radius"": 0.85, ""leak_rate"": 0.7, ""readout_lr"": 0.01}",10000,32,SUCCESS,,1.0,5.436726661351685,1.8005733042332353,0.6211639182152368,2361.0,2361.0,2361.0,8768,20,0.23131251335144043,0.23331570625305176,,,
D,D_SparseFIR_K6_white_SNR10,B5_ONLINE_ESN,7409,"{""reservoir_size"": 20, ""spectral_radius"": 0.85, ""leak_rate"": 0.7, ""readout_lr"": 0.01}",10000,32,SUCCESS,,1.0,4.140812789153842,1.5659151104940092,0.6368782183694126,2361.0,2361.0,2361.0,8768,20,0.2138652801513672,0.21587181091308594,,,
D,D_SparseFIR_K6_white_SNR10,B5_ONLINE_ESN,7410,"{""reservoir_size"": 20, ""spectral_radius"": 0.85, ""leak_rate"": 0.7, ""readout_lr"": 0.01}",10000,32,SUCCESS,,1.0,6.541517285652336,2.004790957848671,0.5837049336388264,2361.0,2361.0,2361.0,8768,20,0.22966408729553223,0.23166775703430176,,,
D,D_SparseFIR_K6_colored_SNR10,B5_ONLINE_ESN,7401,"{""reservoir_size"": 20, ""spectral_radius"": 0.85, ""leak_rate"": 0.7, ""readout_lr"": 0.01}",10000,32,SUCCESS,,1.0,1.6946907636876845,1.016187005410873,0.35198229559803085,2361.0,2361.0,2361.0,8768,20,0.22742867469787598,0.23050475120544434,,,
D,D_SparseFIR_K6_colored_SNR10,B5_ONLINE_ESN,7402,"{""reservoir_size"": 20, ""spectral_radius"": 0.85, ""leak_rate"": 0.7, ""readout_lr"": 0.01}",10000,32,SUCCESS,,1.0,4.01494872556298,1.5833509638705512,0.22143057492965218,2361.0,2361.0,2361.0,8768,20,0.2614765167236328,0.26298069953918457,,,
D,D_SparseFIR_K6_colored_SNR10,B5_ONLINE_ESN,7403,"{""reservoir_size"": 20, ""spectral_radius"": 0.85, ""leak_rate"": 0.7, ""readout_lr"": 0.01}",10000,32,SUCCESS,,1.0,1.706764400464007,1.0220826230377984,0.36791384195280685,2361.0,2361.0,2361.0,8768,20,0.24057412147521973,0.24258041381835938,,,
D,D_SparseFIR_K6_colored_SNR10,B5_ONLINE_ESN,7404,"{""reservoir_size"": 20, ""spectral_radius"": 0.85, ""leak_rate"": 0.7, ""readout_lr"": 0.01}",10000,32,SUCCESS,,1.0,2.5080971928463196,1.2450527152339512,0.2736015327744035,2361.0,2361.0,2361.0,8768,20,0.23697900772094727,0.23998498916625977,,,
D,D_SparseFIR_K6_colored_SNR10,B5_ONLINE_ESN,7405,"{""reservoir_size"": 20, ""spectral_radius"": 0.85, ""leak_rate"": 0.7, ""readout_lr"": 0.01}",10000,32,SUCCESS,,1.0,3.6651736828816683,1.4946083194977178,0.34722049578823116,2361.0,2361.0,2361.0,8768,20,0.24278521537780762,0.2457888126373291,,,
D,D_SparseFIR_K6_colored_SNR10,B5_ONLINE_ESN,7406,"{""reservoir_size"": 20, ""spectral_radius"": 0.85, ""leak_rate"": 0.7, ""readout_lr"": 0.01}",10000,32,SUCCESS,,1.0,1.3024080429973892,0.9029135368995909,0.34607755003307844,2361.0,2361.0,2361.0,8768,20,0.2432088851928711,0.24571824073791504,,,
D,D_SparseFIR_K6_colored_SNR10,B5_ONLINE_ESN,7407,"{""reservoir_size"": 20, ""spectral_radius"": 0.85, ""leak_rate"": 0.7, ""readout_lr"": 0.01}",10000,32,SUCCESS,,1.0,3.1032791080393727,1.3750027549983406,0.3434274257914535,2361.0,2361.0,2361.0,8768,20,0.23662328720092773,0.24213743209838867,,,
D,D_SparseFIR_K6_colored_SNR10,B5_ONLINE_ESN,7408,"{""reservoir_size"": 20, ""spectral_radius"": 0.85, ""leak_rate"": 0.7, ""readout_lr"": 0.01}",10000,32,SUCCESS,,1.0,3.3611148754858218,1.4145235510753218,0.4215035454129823,2361.0,2361.0,2361.0,8768,20,0.2060694694519043,0.20906519889831543,,,
D,D_SparseFIR_K6_colored_SNR10,B5_ONLINE_ESN,7409,"{""reservoir_size"": 20, ""spectral_radius"": 0.85, ""leak_rate"": 0.7, ""readout_lr"": 0.01}",10000,32,SUCCESS,,1.0,1.7148470375033391,1.0140613043446007,0.4388163249846112,2361.0,2361.0,2361.0,8768,20,0.24585604667663574,0.24836325645446777,,,
D,D_SparseFIR_K6_colored_SNR10,B5_ONLINE_ESN,7410,"{""reservoir_size"": 20, ""spectral_radius"": 0.85, ""leak_rate"": 0.7, ""readout_lr"": 0.01}",10000,32,SUCCESS,,1.0,4.237271158429013,1.6278440569882535,0.17598720426549036,2361.0,2361.0,2361.0,8768,20,0.22038984298706055,0.223388671875,,,
B,B_FriedmanDrift_LEA,C3_RLS,7301,"{""forgetting_factor"": 0.995}",16000,10,SUCCESS,,1.0,1065060.4766481654,98.38604824959727,34164.33965952343,485.0,485.0,485.0,944,10,0.4270477294921875,0.43004822731018066,,,
B,B_FriedmanDrift_LEA,C3_RLS,7302,"{""forgetting_factor"": 0.995}",16000,10,SUCCESS,,1.0,213430817.9912531,281.84789942191276,6699758.328698582,485.0,485.0,485.0,944,10,0.396024227142334,0.4000272750854492,,,
B,B_FriedmanDrift_LEA,C3_RLS,7303,"{""forgetting_factor"": 0.995}",16000,10,SUCCESS,,1.0,64627736.473363385,404.71179674982045,2051189.552147009,485.0,485.0,485.0,944,10,0.38602542877197266,0.38902807235717773,,,
B,B_FriedmanDrift_LEA,C3_RLS,7304,"{""forgetting_factor"": 0.995}",16000,10,SUCCESS,,1.0,89520111.00482637,273.1370438655849,2870787.462018513,485.0,485.0,485.0,944,10,0.37925004959106445,0.38297176361083984,,,
B,B_FriedmanDrift_LEA,C3_RLS,7305,"{""forgetting_factor"": 0.995}",16000,10,SUCCESS,,1.0,10789821.870064793,259.4756852382498,332637.0507345938,485.0,485.0,485.0,944,10,0.3959953784942627,0.3990030288696289,,,
B,B_FriedmanDrift_LEA,C3_RLS,7306,"{""forgetting_factor"": 0.995}",16000,10,SUCCESS,,1.0,946436845.9501053,591.9343535425994,29909773.84424278,485.0,485.0,485.0,944,10,0.41034650802612305,0.4143497943878174,,,
B,B_FriedmanDrift_LEA,C3_RLS,7307,"{""forgetting_factor"": 0.995}",16000,10,SUCCESS,,1.0,157418562.58744118,270.1806156923721,5008560.475289987,485.0,485.0,485.0,944,10,0.38478827476501465,0.3872697353363037,,,
B,B_FriedmanDrift_LEA,C3_RLS,7308,"{""forgetting_factor"": 0.995}",16000,10,SUCCESS,,1.0,6775309.714827653,165.30484829975745,216199.7351142242,485.0,485.0,485.0,944,10,0.40131521224975586,0.40482664108276367,,,
B,B_FriedmanDrift_LEA,C3_RLS,7309,"{""forgetting_factor"": 0.995}",16000,10,SUCCESS,,1.0,9094900.095642917,170.87338503013262,291933.8087643987,485.0,485.0,485.0,944,10,0.37224364280700684,0.374753475189209,,,
B,B_FriedmanDrift_LEA,C3_RLS,7310,"{""forgetting_factor"": 0.995}",16000,10,SUCCESS,,1.0,2913504.6136257984,183.45936685593944,94078.22876754103,485.0,485.0,485.0,944,10,0.3801276683807373,0.3841278553009033,,,
B,B_FriedmanDrift_GRA,C3_RLS,7301,"{""forgetting_factor"": 0.995}",16000,10,SUCCESS,,1.0,667998.862848675,108.34786432941384,27566.78592856982,485.0,485.0,485.0,944,10,0.3767547607421875,0.38027119636535645,,,
B,B_FriedmanDrift_GRA,C3_RLS,7302,"{""forgetting_factor"": 0.995}",16000,10,SUCCESS,,1.0,72227549.9376241,201.77725883927945,2916871.1641041287,485.0,485.0,485.0,944,10,0.5238401889801025,0.5278420448303223,,,
B,B_FriedmanDrift_GRA,C3_RLS,7303,"{""forgetting_factor"": 0.995}",16000,10,SUCCESS,,1.0,1848793909.508108,1231.0845222459964,75007299.77528273,485.0,485.0,485.0,944,10,0.34186363220214844,0.34586644172668457,,,
B,B_FriedmanDrift_GRA,C3_RLS,7304,"{""forgetting_factor"": 0.995}",16000,10,SUCCESS,,1.0,121441410.94320787,299.19916427685496,4946597.281282329,485.0,485.0,485.0,944,10,0.36042261123657227,0.3634216785430908,,,
B,B_FriedmanDrift_GRA,C3_RLS,7305,"{""forgetting_factor"": 0.995}",16000,10,SUCCESS,,1.0,17559680.52310165,399.5858352950656,697580.2381718641,485.0,485.0,485.0,944,10,0.3798990249633789,0.38341355323791504,,,
B,B_FriedmanDrift_GRA,C3_RLS,7306,"{""forgetting_factor"": 0.995}",16000,10,SUCCESS,,1.0,649837886.2841624,501.4553153889915,25749552.027875803,485.0,485.0,485.0,944,10,0.3954143524169922,0.39841222763061523,,,
B,B_FriedmanDrift_GRA,C3_RLS,7307,"{""forgetting_factor"": 0.995}",16000,10,SUCCESS,,1.0,132392912.74180001,319.236536124644,5331120.0371892555,485.0,485.0,485.0,944,10,0.396071195602417,0.399580717086792,,,
B,B_FriedmanDrift_GRA,C3_RLS,7308,"{""forgetting_factor"": 0.995}",16000,10,SUCCESS,,1.0,3698092.342685839,134.54781463309627,150174.0842196779,485.0,485.0,485.0,944,10,0.4528791904449463,0.4563922882080078,,,
B,B_FriedmanDrift_GRA,C3_RLS,7309,"{""forgetting_factor"": 0.995}",16000,10,SUCCESS,,1.0,6680115.64321426,224.93925713052803,274481.443754715,485.0,485.0,485.0,944,10,0.37024736404418945,0.3737480640411377,,,
B,B_FriedmanDrift_GRA,C3_RLS,7310,"{""forgetting_factor"": 0.995}",16000,10,SUCCESS,,1.0,4255441.2859151075,195.23196575416065,174994.68170595542,485.0,485.0,485.0,944,10,0.388852596282959,0.3928539752960205,,,
B,B_FriedmanDrift_GSG,C3_RLS,7301,"{""forgetting_factor"": 0.995}",16000,10,SUCCESS,,1.0,1086825.8126402686,105.19918892235673,44141.92251220947,485.0,485.0,485.0,944,10,0.4551558494567871,0.45815610885620117,,,
B,B_FriedmanDrift_GSG,C3_RLS,7302,"{""forgetting_factor"": 0.995}",16000,10,SUCCESS,,1.0,132082386.54481044,268.65780714178356,5349332.807539064,485.0,485.0,485.0,944,10,0.378187894821167,0.3841869831085205,,,
B,B_FriedmanDrift_GSG,C3_RLS,7303,"{""forgetting_factor"": 0.995}",16000,10,SUCCESS,,1.0,1323461777.8156872,1012.39980082497,53919181.184817135,485.0,485.0,485.0,944,10,0.4903895854949951,0.4938924312591553,,,
B,B_FriedmanDrift_GSG,C3_RLS,7304,"{""forgetting_factor"": 0.995}",16000,10,SUCCESS,,1.0,109644436.19185783,292.1365578818749,4473008.601425469,485.0,485.0,485.0,944,10,0.38959717750549316,0.39411091804504395,,,
B,B_FriedmanDrift_GSG,C3_RLS,7305,"{""forgetting_factor"": 0.995}",16000,10,SUCCESS,,1.0,12672496.888528151,273.25998318857864,502445.11511885474,485.0,485.0,485.0,944,10,0.4560825824737549,0.459583044052124,,,
B,B_FriedmanDrift_GSG,C3_RLS,7306,"{""forgetting_factor"": 0.995}",16000,10,SUCCESS,,1.0,18500193.39966593,196.57610276862988,728267.2271812706,485.0,485.0,485.0,944,10,0.37868833541870117,0.3821992874145508,,,
B,B_FriedmanDrift_GSG,C3_RLS,7307,"{""forgetting_factor"": 0.995}",16000,10,SUCCESS,,1.0,268904566.307701,376.46887720684487,10820054.181031348,485.0,485.0,485.0,944,10,0.40618443489074707,0.4096956253051758,,,
B,B_FriedmanDrift_GSG,C3_RLS,7308,"{""forgetting_factor"": 0.995}",16000,10,SUCCESS,,1.0,3740519.1241732966,162.955262057888,154937.84165128923,485.0,485.0,485.0,944,10,0.4071476459503174,0.4112064838409424,,,
B,B_FriedmanDrift_GSG,C3_RLS,7309,"{""forgetting_factor"": 0.995}",16000,10,SUCCESS,,1.0,7736289.847017923,200.37699236447384,313906.31978529313,485.0,485.0,485.0,944,10,0.4511847496032715,0.45424604415893555,,,
B,B_FriedmanDrift_GSG,C3_RLS,7310,"{""forgetting_factor"": 0.995}",16000,10,SUCCESS,,1.0,5514461.213669029,210.60834679911733,224702.96588521617,485.0,485.0,485.0,944,10,0.40877461433410645,0.41178393363952637,,,
B,B_Planes2D,C3_RLS,7301,"{""forgetting_factor"": 0.999}",16000,10,SUCCESS,,1.0,5.682450829069016,1.9149497783622726,0.29372735807020434,485.0,485.0,485.0,944,10,0.42772746086120605,0.43175292015075684,,,
B,B_Planes2D,C3_RLS,7302,"{""forgetting_factor"": 0.999}",16000,10,SUCCESS,,1.0,5.715365669809471,1.9283678508724422,0.2976104114580596,485.0,485.0,485.0,944,10,0.41530346870422363,0.41881489753723145,,,
B,B_Planes2D,C3_RLS,7303,"{""forgetting_factor"": 0.999}",16000,10,SUCCESS,,1.0,5.540380599089299,1.8928251266829381,0.28809658622872664,485.0,485.0,485.0,944,10,0.46097588539123535,0.4645040035247803,,,
B,B_Planes2D,C3_RLS,7304,"{""forgetting_factor"": 0.999}",16000,10,SUCCESS,,1.0,5.681529295620514,1.9241384139433375,0.2953751581686681,485.0,485.0,485.0,944,10,0.526735782623291,0.5297355651855469,,,
B,B_Planes2D,C3_RLS,7305,"{""forgetting_factor"": 0.999}",16000,10,SUCCESS,,1.0,5.75044452481707,1.9325913356209614,0.30038151033566274,485.0,485.0,485.0,944,10,0.3911771774291992,0.3942699432373047,,,
B,B_Planes2D,C3_RLS,7306,"{""forgetting_factor"": 0.999}",16000,10,SUCCESS,,1.0,5.615733218136013,1.915721279783994,0.2924785435389082,485.0,485.0,485.0,944,10,0.49825000762939453,0.5022549629211426,,,
B,B_Planes2D,C3_RLS,7307,"{""forgetting_factor"": 0.999}",16000,10,SUCCESS,,1.0,5.596909032342053,1.8990212732439844,0.28876168460123025,485.0,485.0,485.0,944,10,0.8152251243591309,0.8187332153320312,,,
B,B_Planes2D,C3_RLS,7308,"{""forgetting_factor"": 0.999}",16000,10,SUCCESS,,1.0,5.792636163850802,1.9386758660695367,0.304259877463971,485.0,485.0,485.0,944,10,0.3874690532684326,0.39148378372192383,,,
B,B_Planes2D,C3_RLS,7309,"{""forgetting_factor"": 0.999}",16000,10,SUCCESS,,1.0,5.621096033922122,1.9098316435437073,0.28896725209029944,485.0,485.0,485.0,944,10,0.3974292278289795,0.40044164657592773,,,
B,B_Planes2D,C3_RLS,7310,"{""forgetting_factor"": 0.999}",16000,10,SUCCESS,,1.0,5.653047127313105,1.9191101822258254,0.30131249838448076,485.0,485.0,485.0,944,10,0.41046810150146484,0.41347527503967285,,,
B,B_Mv,C3_RLS,7301,"{""forgetting_factor"": 0.99}",16000,14,SUCCESS,,1.0,10308112984.923363,4397.666257734698,11031485.384184116,901.0,901.0,901.0,1744,14,0.3782656192779541,0.3822975158691406,,,
B,B_Mv,C3_RLS,7302,"{""forgetting_factor"": 0.99}",16000,14,NUMERICAL_DIVERGENCE,4342.0,0.271375,inf,inf,inf,0.0,0.0,0.0,1744,14,0.11743450164794922,0.11743450164794922,,,
B,B_Mv,C3_RLS,7303,"{""forgetting_factor"": 0.99}",16000,14,SUCCESS,,1.0,229548073800.9616,6351.4330582046805,241851301.08689374,901.0,901.0,901.0,1744,14,0.48825764656066895,0.49178004264831543,,,
B,B_Mv,C3_RLS,7304,"{""forgetting_factor"": 0.99}",16000,14,SUCCESS,,1.0,4711568760.863462,8297.282568370258,5048547.810831725,901.0,901.0,901.0,1744,14,0.381990909576416,0.38579893112182617,,,
B,B_Mv,C3_RLS,7305,"{""forgetting_factor"": 0.99}",16000,14,SUCCESS,,1.0,63515951403.83627,4624.959469678524,69294219.70555316,901.0,901.0,901.0,1744,14,0.40905046463012695,0.4130563735961914,,,
B,B_Mv,C3_RLS,7306,"{""forgetting_factor"": 0.99}",16000,14,SUCCESS,,1.0,781659133.2478322,2025.3240690016694,833809.8207961633,901.0,901.0,901.0,1744,14,0.4336531162261963,0.43816661834716797,,,
B,B_Mv,C3_RLS,7307,"{""forgetting_factor"": 0.99}",16000,14,SUCCESS,,1.0,125005287.6819337,896.1565575014158,136803.6637782685,901.0,901.0,901.0,1744,14,0.37308263778686523,0.3781247138977051,,,
B,B_Mv,C3_RLS,7308,"{""forgetting_factor"": 0.99}",16000,14,SUCCESS,,1.0,4186819038.9198885,5439.376833290612,4513884.524284406,901.0,901.0,901.0,1744,14,0.4083404541015625,0.41237497329711914,,,
B,B_Mv,C3_RLS,7309,"{""forgetting_factor"": 0.99}",16000,14,SUCCESS,,1.0,23734266003.264854,12234.203605156394,25918802.84503192,901.0,901.0,901.0,1744,14,0.39795589447021484,0.4009573459625244,,,
B,B_Mv,C3_RLS,7310,"{""forgetting_factor"": 0.99}",16000,14,SUCCESS,,1.0,895908295.0886534,1775.092407051461,937902.5478901599,901.0,901.0,901.0,1744,14,0.4237997531890869,0.42756056785583496,,,
C,C_F16,LEBRE_V04,7501,{},147456,2,SUCCESS,,1.0,0.022972011606477393,0.08806579549657333,0.02376707538320752,90.06662326388889,133.0,440.0,592,-1,8.165178060531616,8.207450151443481,0.8983287663799886,2.0,184.0
C,C_F16,LEBRE_V032,7501,{},147456,2,SUCCESS,,1.0,0.022593783035854784,0.0879751328475323,0.023375756281334193,86.21910264756944,143.0,379.0,544,-1,11.010576009750366,11.050621271133423,,,
C,C_F16,CTRL_PERSISTENCE,7501,{},147456,2,SUCCESS,,1.0,0.036465423393622735,0.1411486101502754,0.03772749559435338,0.0,0.0,0.0,4,-1,4.066366910934448,4.085897922515869,,,
C,C_F16,CTRL_ARX_NLMS,7501,{},147456,2,SUCCESS,,1.0,0.03893491624524058,0.14429567442707858,0.04028245785748161,26.0,26.0,26.0,20,-1,4.075254440307617,4.109359264373779,,,
C,C_F16,IPNLMS,7501,"{""mu"": 0.5}",147456,2,SUCCESS,,1.0,0.04460093686920478,0.1483375363781156,0.04614458006077156,36.0,36.0,36.0,24,-1,4.055130243301392,4.074995040893555,,,
C,C_F16,RIVER_SGD_LINREG,7501,{},147456,2,SUCCESS,,1.0,0.03730855112769672,0.14255933357770326,0.038599804069409126,,,,-1,-1,3.482154130935669,3.5041751861572266,,,
C,C_F16,RIVER_HATR,7501,{},147456,2,SUCCESS,,1.0,0.043619246473090185,0.15426834322091287,0.04512891325513371,,,,-1,-1,24.34583592414856,24.39663815498352,,,
C,C_F16,Track_B,7501,{},147456,2,SUCCESS,,1.0,0.03746756779242809,0.1390723395193224,0.03876432431790104,13.225151909722221,22.0,36.0,216,2,3.376621723175049,3.396150588989258,,,
C,C_F16,B1_RZA_LMS,7501,"{""learning_rate"": 0.003, ""rho_zero_attraction"": 1e-06, ""epsilon_reweight"": 10.0}",147456,2,SUCCESS,,1.0,0.03602861321107534,0.14048304104194462,0.0372755673647059,21.0,21.0,21.0,80,1,7.414858102798462,7.435452461242676,,,
C,C_F16,B2_CCN,7501,"{""readout_lr"": 0.003, ""recurrent_lr"": 0.0001, ""max_columns"": 1}",147456,2,SUCCESS,,1.0,0.03605975589549226,0.14055804426562657,0.037307787900758727,53.0,53.0,53.0,152,6,5.478984832763672,5.501107692718506,,,
C,C_F16,B4_MINIMAL_GRU,7501,"{""learning_rate"": 0.01, ""weight_decay"": 0.999}",147456,2,SUCCESS,,1.0,0.10189763392851853,0.24870262071436544,0.10542432192863377,81.0,81.0,81.0,168,13,11.09043574333191,11.113983631134033,,,
C,C_F16,S1_VARIABLE_TAP_LMS,7501,"{""learning_rate"": 0.001, ""tap_leakage"": 0.0001}",147456,2,SUCCESS,,1.0,0.26318044162716325,0.40718280518371913,0.2722891448380999,97.649658203125,137.0,143.0,544,23,3.0668857097625732,3.0879080295562744,,,
C,C_F16,S2_LRU_STREAM,7501,"{""state_lr"": 0.001, ""readout_lr"": 0.003, ""state_decay"": 0.9}",147456,2,SUCCESS,,1.0,0.03524068294885052,0.13808181593554025,0.036460366751898995,28.0,28.0,28.0,120,6,3.022853374481201,3.048894166946411,,,
C,C_F16,S3_RSONN,7501,"{""learning_rate"": 0.02, ""growth_threshold"": 0.1, ""pruning_threshold"": 0.005}",147456,2,SUCCESS,,1.0,0.036350362060837346,0.13934427825001663,0.037608451976543625,127.17100694444444,130.0,130.0,320,28,22.321844339370728,22.358426809310913,,,
C,C_F16,S5_CONTINUAL_BACKPROP,7501,"{""learning_rate"": 0.001, ""replacement_rate"": 0.0001, ""maturity_threshold"": 100}",147456,2,SUCCESS,,1.0,0.035987117695446755,0.14053097073479165,0.03723263568484677,17.0,17.0,17.0,112,2,10.930848121643066,10.957199573516846,,,
C,C_F16,C1_CURRENT_ONLY_LINEAR,7501,"{""learning_rate"": 0.003}",147456,2,SUCCESS,,1.0,0.0360298247902574,0.14049146876877724,0.03727682087677294,9.0,9.0,9.0,48,2,9.775298118591309,9.800283193588257,,,
C,C_F16,C2_NLMS,7501,"{""step_size"": 0.2}",147456,2,SUCCESS,,1.0,0.047696892488280046,0.14828820950914698,0.04934768703468929,17.0,17.0,17.0,48,2,3.8156325817108154,3.8442912101745605,,,
C,C_F16,C4_FIXED_LAG_LINEAR,7501,"{""max_lag"": 4, ""learning_rate"": 0.001}",147456,2,SUCCESS,,1.0,0.28779977062762535,0.4238836084891757,0.29776055144634755,17.0,17.0,17.0,96,4,2.510767936706543,2.5413126945495605,,,
C,C_F16,LEBRE_V04,7502,{},147456,2,SUCCESS,,1.0,0.022972011606477393,0.08806579549657333,0.02376707538320752,90.06662326388889,133.0,440.0,592,-1,11.098271131515503,11.133815288543701,0.8983287663799886,2.0,184.0
C,C_F16,LEBRE_V032,7502,{},147456,2,SUCCESS,,1.0,0.022593783035854784,0.0879751328475323,0.023375756281334193,86.21910264756944,143.0,379.0,544,-1,9.775130033493042,9.826370000839233,,,
C,C_F16,CTRL_PERSISTENCE,7502,{},147456,2,SUCCESS,,1.0,0.036465423393622735,0.1411486101502754,0.03772749559435338,0.0,0.0,0.0,4,-1,1.9373481273651123,1.9633309841156006,,,
C,C_F16,CTRL_ARX_NLMS,7502,{},147456,2,SUCCESS,,1.0,0.03893491624524058,0.14429567442707858,0.04028245785748161,26.0,26.0,26.0,20,-1,4.009896755218506,4.033919811248779,,,
C,C_F16,IPNLMS,7502,"{""mu"": 0.5}",147456,2,SUCCESS,,1.0,0.04460093686920478,0.1483375363781156,0.04614458006077156,36.0,36.0,36.0,24,-1,6.330557823181152,6.363638639450073,,,
C,C_F16,RIVER_SGD_LINREG,7502,{},147456,2,SUCCESS,,1.0,0.03730855112769672,0.14255933357770326,0.038599804069409126,,,,-1,-1,8.987959861755371,9.014005422592163,,,
C,C_F16,RIVER_HATR,7502,{},147456,2,SUCCESS,,1.0,0.04412498406993405,0.15573261531298127,0.04565215448425277,,,,-1,-1,17.338813304901123,17.4001944065094,,,
C,C_F16,Track_B,7502,{},147456,2,SUCCESS,,1.0,0.03746756779242809,0.1390723395193224,0.03876432431790104,13.225151909722221,22.0,36.0,216,2,5.381694555282593,5.430832624435425,,,
C,C_F16,B1_RZA_LMS,7502,"{""learning_rate"": 0.003, ""rho_zero_attraction"": 1e-06, ""epsilon_reweight"": 10.0}",147456,2,SUCCESS,,1.0,0.03602861321107534,0.14048304104194462,0.0372755673647059,21.0,21.0,21.0,80,1,3.274308204650879,3.295832633972168,,,
C,C_F16,B2_CCN,7502,"{""readout_lr"": 0.003, ""recurrent_lr"": 0.0001, ""max_columns"": 1}",147456,2,SUCCESS,,1.0,0.03605971028226643,0.14055804968332886,0.03730774070885427,53.0,53.0,53.0,152,6,5.505224943161011,5.534529685974121,,,
C,C_F16,B4_MINIMAL_GRU,7502,"{""learning_rate"": 0.01, ""weight_decay"": 0.999}",147456,2,SUCCESS,,1.0,0.1018968552140902,0.2487016365027099,0.10542351626281585,81.0,81.0,81.0,168,13,5.819188833236694,5.844647169113159,,,
C,C_F16,S1_VARIABLE_TAP_LMS,7502,"{""learning_rate"": 0.001, ""tap_leakage"": 0.0001}",147456,2,SUCCESS,,1.0,0.26318044162716325,0.40718280518371913,0.2722891448380999,97.649658203125,137.0,143.0,544,23,3.364570379257202,3.412031888961792,,,
C,C_F16,S2_LRU_STREAM,7502,"{""state_lr"": 0.001, ""readout_lr"": 0.003, ""state_decay"": 0.9}",147456,2,SUCCESS,,1.0,0.03597002827118906,0.1402117863675239,0.037214954793789154,28.0,28.0,28.0,120,6,2.72902774810791,2.750053644180298,,,
C,C_F16,S3_RSONN,7502,"{""learning_rate"": 0.02, ""growth_threshold"": 0.1, ""pruning_threshold"": 0.005}",147456,2,SUCCESS,,1.0,0.035972382835419245,0.13870175160261394,0.037217390849738984,130.0,130.0,130.0,320,28,12.1028733253479,12.134162902832031,,,
C,C_F16,S5_CONTINUAL_BACKPROP,7502,"{""learning_rate"": 0.001, ""replacement_rate"": 0.0001, ""maturity_threshold"": 100}",147456,2,SUCCESS,,1.0,0.035987117695161795,0.1405309707342973,0.03723263568455194,17.0,17.0,17.0,112,2,3.501256227493286,3.5218355655670166,,,
C,C_F16,C1_CURRENT_ONLY_LINEAR,7502,"{""learning_rate"": 0.003}",147456,2,SUCCESS,,1.0,0.0360298247902574,0.14049146876877724,0.03727682087677294,9.0,9.0,9.0,48,2,4.726197957992554,4.760430097579956,,,
C,C_F16,C2_NLMS,7502,"{""step_size"": 0.2}",147456,2,SUCCESS,,1.0,0.047696892488280046,0.14828820950914698,0.04934768703468929,17.0,17.0,17.0,48,2,4.25230073928833,4.392077922821045,,,
C,C_F16,C4_FIXED_LAG_LINEAR,7502,"{""max_lag"": 4, ""learning_rate"": 0.001}",147456,2,SUCCESS,,1.0,0.28779977062762535,0.4238836084891757,0.29776055144634755,17.0,17.0,17.0,96,4,3.63279128074646,3.7018842697143555,,,
C,C_F16,LEBRE_V04,7503,{},147456,2,SUCCESS,,1.0,0.022972011606477393,0.08806579549657333,0.02376707538320752,90.06662326388889,133.0,440.0,592,-1,9.169238328933716,9.227904558181763,0.8983287663799886,2.0,184.0
C,C_F16,LEBRE_V032,7503,{},147456,2,SUCCESS,,1.0,0.022593783035854784,0.0879751328475323,0.023375756281334193,86.21910264756944,143.0,379.0,544,-1,7.7285544872283936,7.781686782836914,,,
C,C_F16,CTRL_PERSISTENCE,7503,{},147456,2,SUCCESS,,1.0,0.036465423393622735,0.1411486101502754,0.03772749559435338,0.0,0.0,0.0,4,-1,2.7048654556274414,2.728741407394409,,,
C,C_F16,CTRL_ARX_NLMS,7503,{},147456,2,SUCCESS,,1.0,0.03893491624524058,0.14429567442707858,0.04028245785748161,26.0,26.0,26.0,20,-1,2.754429817199707,2.7895021438598633,,,
C,C_F16,IPNLMS,7503,"{""mu"": 0.5}",147456,2,SUCCESS,,1.0,0.04460093686920478,0.1483375363781156,0.04614458006077156,36.0,36.0,36.0,24,-1,4.133270740509033,4.187558174133301,,,
C,C_F16,RIVER_SGD_LINREG,7503,{},147456,2,SUCCESS,,1.0,0.03730855112769672,0.14255933357770326,0.038599804069409126,,,,-1,-1,3.7375693321228027,3.7682652473449707,,,
C,C_F16,RIVER_HATR,7503,{},147456,2,SUCCESS,,1.0,0.043481121127039286,0.1541284855490987,0.04498600737609447,,,,-1,-1,11.70817255973816,11.769575119018555,,,
C,C_F16,Track_B,7503,{},147456,2,SUCCESS,,1.0,0.03746756779242809,0.1390723395193224,0.03876432431790104,13.225151909722221,22.0,36.0,216,2,3.251295804977417,3.2818386554718018,,,
C,C_F16,B1_RZA_LMS,7503,"{""learning_rate"": 0.003, ""rho_zero_attraction"": 1e-06, ""epsilon_reweight"": 10.0}",147456,2,SUCCESS,,1.0,0.03602861321107534,0.14048304104194462,0.0372755673647059,21.0,21.0,21.0,80,1,3.7991421222686768,3.838054895401001,,,
C,C_F16,B2_CCN,7503,"{""readout_lr"": 0.003, ""recurrent_lr"": 0.0001, ""max_columns"": 1}",147456,2,SUCCESS,,1.0,0.03605974886951831,0.1405579200124338,0.037307780631615065,53.0,53.0,53.0,152,6,5.532331466674805,5.571585178375244,,,
C,C_F16,B4_MINIMAL_GRU,7503,"{""learning_rate"": 0.01, ""weight_decay"": 0.999}",147456,2,SUCCESS,,1.0,0.10189660339164953,0.2487013181860252,0.10542325572477361,81.0,81.0,81.0,168,13,5.768427610397339,5.799468755722046,,,
C,C_F16,S1_VARIABLE_TAP_LMS,7503,"{""learning_rate"": 0.001, ""tap_leakage"": 0.0001}",147456,2,SUCCESS,,1.0,0.26318044162716325,0.40718280518371913,0.2722891448380999,97.649658203125,137.0,143.0,544,23,2.960108518600464,3.016521692276001,,,
C,C_F16,S2_LRU_STREAM,7503,"{""state_lr"": 0.001, ""readout_lr"": 0.003, ""state_decay"": 0.9}",147456,2,SUCCESS,,1.0,0.033804871264734214,0.13340248054824128,0.03497486147194954,28.0,28.0,28.0,120,6,2.9018895626068115,2.953326940536499,,,
C,C_F16,S3_RSONN,7503,"{""learning_rate"": 0.02, ""growth_threshold"": 0.1, ""pruning_threshold"": 0.005}",147456,2,SUCCESS,,1.0,0.036476981011808345,0.14005682617064702,0.03773945322293956,130.0,130.0,130.0,320,28,8.769644975662231,8.814818859100342,,,
C,C_F16,S5_CONTINUAL_BACKPROP,7503,"{""learning_rate"": 0.001, ""replacement_rate"": 0.0001, ""maturity_threshold"": 100}",147456,2,SUCCESS,,1.0,0.03598711769540999,0.14053097073472787,0.03723263568480873,17.0,17.0,17.0,112,2,3.345611333847046,3.3941643238067627,,,
C,C_F16,C1_CURRENT_ONLY_LINEAR,7503,"{""learning_rate"": 0.003}",147456,2,SUCCESS,,1.0,0.0360298247902574,0.14049146876877724,0.03727682087677294,9.0,9.0,9.0,48,2,2.2790873050689697,2.3431754112243652,,,
C,C_F16,C2_NLMS,7503,"{""step_size"": 0.2}",147456,2,SUCCESS,,1.0,0.047696892488280046,0.14828820950914698,0.04934768703468929,17.0,17.0,17.0,48,2,2.504275321960449,2.540841817855835,,,
C,C_F16,C4_FIXED_LAG_LINEAR,7503,"{""max_lag"": 4, ""learning_rate"": 0.001}",147456,2,SUCCESS,,1.0,0.28779977062762535,0.4238836084891757,0.29776055144634755,17.0,17.0,17.0,96,4,2.4699501991271973,2.4989442825317383,,,
A,A_USBirths,B5_ONLINE_ESN,7501,"{""reservoir_size"": 20, ""spectral_radius"": 0.95, ""leak_rate"": 0.7, ""readout_lr"": 0.01}",7304,1,SUCCESS,,1.0,1342465.9106468125,929.5862410385091,1.0096220887564569,1121.0,1121.0,1121.0,3808,20,0.1640794277191162,0.1665818691253662,,,
A,A_USBirths,B5_ONLINE_ESN,7502,"{""reservoir_size"": 20, ""spectral_radius"": 0.95, ""leak_rate"": 0.7, ""readout_lr"": 0.01}",7304,1,SUCCESS,,1.0,1007347.9131964106,846.9724980037206,0.7575914562596218,1121.0,1121.0,1121.0,3808,20,0.1722111701965332,0.17521166801452637,,,
A,A_USBirths,B5_ONLINE_ESN,7503,"{""reservoir_size"": 20, ""spectral_radius"": 0.95, ""leak_rate"": 0.7, ""readout_lr"": 0.01}",7304,1,SUCCESS,,1.0,1158703.4049522174,938.8249446507368,0.8714206764426744,1121.0,1121.0,1121.0,3808,20,0.1629340648651123,0.16544008255004883,,,
A,A_SaugeenRiver,B3_MUSE_RNN,7501,"{""learning_rate"": 0.03, ""growth_multiplier"": 2.5, ""pruning_threshold"": 0.001}",23740,1,SUCCESS,,1.0,665.6987555542905,10.644730641570597,0.41671723345333767,198.56107834877844,200.0,200.0,448,35,1.6535139083862305,1.6599299907684326,,,
A,A_SaugeenRiver,B3_MUSE_RNN,7502,"{""learning_rate"": 0.03, ""growth_multiplier"": 2.5, ""pruning_threshold"": 0.001}",23740,1,SUCCESS,,1.0,666.9109068874643,10.601558784542544,0.41747602163774156,199.39342881213142,200.0,200.0,448,35,1.5384047031402588,1.54591703414917,,,
A,A_SaugeenRiver,B3_MUSE_RNN,7503,"{""learning_rate"": 0.03, ""growth_multiplier"": 2.5, ""pruning_threshold"": 0.001}",23740,1,SUCCESS,,1.0,662.3743455384039,10.57910003821403,0.414636203658515,200.0,200.0,200.0,448,35,1.6411027908325195,1.6476154327392578,,,
A,A_KDDCup2018,C3_RLS,7501,"{""forgetting_factor"": 0.99}",10897,1,SUCCESS,,1.0,800.0725976165083,24.568088561775475,0.3421002492406087,17.0,17.0,17.0,80,1,0.2550337314605713,0.25803303718566895,,,
A,A_KDDCup2018,C3_RLS,7502,"{""forgetting_factor"": 0.99}",10897,1,SUCCESS,,1.0,800.0725976165083,24.568088561775475,0.3421002492406087,17.0,17.0,17.0,80,1,0.26232266426086426,0.26532697677612305,,,
A,A_KDDCup2018,C3_RLS,7503,"{""forgetting_factor"": 0.99}",10897,1,SUCCESS,,1.0,800.0725976165083,24.568088561775475,0.3421002492406087,17.0,17.0,17.0,80,1,0.27486705780029297,0.278872013092041,,,
D,D_SparseFIR_K2_white_SNR10,C3_RLS,7401,"{""forgetting_factor"": 1.0}",10000,32,SUCCESS,,1.0,1.3247550381356168,0.8412327259607034,0.6265659143441479,4357.0,4357.0,4357.0,8512,32,0.2523508071899414,0.2588644027709961,,,
D,D_SparseFIR_K2_white_SNR10,C3_RLS,7402,"{""forgetting_factor"": 1.0}",10000,32,SUCCESS,,1.0,1.1596674518288972,0.7900032590276181,1.2225809156891343,4357.0,4357.0,4357.0,8512,32,0.2585618495941162,0.2630655765533447,,,
D,D_SparseFIR_K2_white_SNR10,C3_RLS,7403,"{""forgetting_factor"": 1.0}",10000,32,SUCCESS,,1.0,0.28426102958196786,0.38402210490854227,1.231553338998432,4357.0,4357.0,4357.0,8512,32,0.24903631210327148,0.2510366439819336,,,
D,D_SparseFIR_K2_white_SNR10,C3_RLS,7404,"{""forgetting_factor"": 1.0}",10000,32,SUCCESS,,1.0,2.287367044231559,1.1022467744508273,0.6496146676156872,4357.0,4357.0,4357.0,8512,32,0.2779109477996826,0.2799112796783447,,,
D,D_SparseFIR_K2_white_SNR10,C3_RLS,7405,"{""forgetting_factor"": 1.0}",10000,32,SUCCESS,,1.0,0.48307171745828537,0.5092733511985494,0.9262658085379939,4357.0,4357.0,4357.0,8512,32,0.27205920219421387,0.2739109992980957,,,
D,D_SparseFIR_K2_white_SNR10,C3_RLS,7406,"{""forgetting_factor"": 1.0}",10000,32,SUCCESS,,1.0,1.5526528910509203,0.9061366225471867,0.977490571185486,4357.0,4357.0,4357.0,8512,32,0.26671624183654785,0.2697176933288574,,,
D,D_SparseFIR_K2_white_SNR10,C3_RLS,7407,"{""forgetting_factor"": 1.0}",10000,32,SUCCESS,,1.0,0.19895407538086538,0.3248674972909553,0.9494989349897428,4357.0,4357.0,4357.0,8512,32,0.2641913890838623,0.2671992778778076,,,
D,D_SparseFIR_K2_white_SNR10,C3_RLS,7408,"{""forgetting_factor"": 1.0}",10000,32,SUCCESS,,1.0,0.5945511347674999,0.5627096384146645,0.6461544718199426,4357.0,4357.0,4357.0,8512,32,0.25156617164611816,0.2535667419433594,,,
D,D_SparseFIR_K2_white_SNR10,C3_RLS,7409,"{""forgetting_factor"": 1.0}",10000,32,SUCCESS,,1.0,1.3832939619538769,0.8534048735104355,0.8322595899191959,4357.0,4357.0,4357.0,8512,32,0.265575647354126,0.26908421516418457,,,
D,D_SparseFIR_K2_white_SNR10,C3_RLS,7410,"{""forgetting_factor"": 1.0}",10000,32,SUCCESS,,1.0,1.9695897455283566,1.0342187786366375,0.7619489601827396,4357.0,4357.0,4357.0,8512,32,0.2825491428375244,0.28505492210388184,,,
D,D_SparseFIR_K2_colored_SNR10,C3_RLS,7401,"{""forgetting_factor"": 1.0}",10000,32,SUCCESS,,1.0,0.9892768999316637,0.7249510737729773,0.64214223999229,4357.0,4357.0,4357.0,8512,32,0.27303552627563477,0.27704501152038574,,,
D,D_SparseFIR_K2_colored_SNR10,C3_RLS,7402,"{""forgetting_factor"": 1.0}",10000,32,SUCCESS,,1.0,0.8992896580337468,0.7001194832964067,1.1837168729517724,4357.0,4357.0,4357.0,8512,32,0.26102423667907715,0.26453328132629395,,,
D,D_SparseFIR_K2_colored_SNR10,C3_RLS,7403,"{""forgetting_factor"": 1.0}",10000,32,SUCCESS,,1.0,0.17005973255812964,0.29939485520838754,0.9568095667114853,4357.0,4357.0,4357.0,8512,32,0.2781491279602051,0.2821516990661621,,,
D,D_SparseFIR_K2_colored_SNR10,C3_RLS,7404,"{""forgetting_factor"": 1.0}",10000,32,SUCCESS,,1.0,1.743779654382976,0.961765893989709,0.698916846093853,4357.0,4357.0,4357.0,8512,32,0.2629542350769043,0.2649543285369873,,,
D,D_SparseFIR_K2_colored_SNR10,C3_RLS,7405,"{""forgetting_factor"": 1.0}",10000,32,SUCCESS,,1.0,0.48239574549946945,0.5107609867093816,0.9645912412082164,4357.0,4357.0,4357.0,8512,32,0.2531745433807373,0.2556774616241455,,,
D,D_SparseFIR_K2_colored_SNR10,C3_RLS,7406,"{""forgetting_factor"": 1.0}",10000,32,SUCCESS,,1.0,1.42828772491659,0.8727525936004337,0.9010151048847931,4357.0,4357.0,4357.0,8512,32,0.263014554977417,0.26552391052246094,,,
D,D_SparseFIR_K2_colored_SNR10,C3_RLS,7407,"{""forgetting_factor"": 1.0}",10000,32,SUCCESS,,1.0,0.15788376903954077,0.2949512604414988,0.7328486997601297,4357.0,4357.0,4357.0,8512,32,0.26044797897338867,0.26345133781433105,,,
D,D_SparseFIR_K2_colored_SNR10,C3_RLS,7408,"{""forgetting_factor"": 1.0}",10000,32,SUCCESS,,1.0,0.5709448317682166,0.5565838085884482,0.5877606917493301,4357.0,4357.0,4357.0,8512,32,0.27096056938171387,0.27396106719970703,,,
D,D_SparseFIR_K2_colored_SNR10,C3_RLS,7409,"{""forgetting_factor"": 1.0}",10000,32,SUCCESS,,1.0,1.9783519813032358,1.0214635887159644,0.8230746743764393,4357.0,4357.0,4357.0,8512,32,0.27345919609069824,0.2759683132171631,,,
D,D_SparseFIR_K2_colored_SNR10,C3_RLS,7410,"{""forgetting_factor"": 1.0}",10000,32,SUCCESS,,1.0,3.6070187122540425,1.3853542609044442,1.053321775059173,4357.0,4357.0,4357.0,8512,32,0.2659618854522705,0.2689642906188965,,,
D,D_SparseFIR_K6_white_SNR10,C3_RLS,7401,"{""forgetting_factor"": 1.0}",10000,32,SUCCESS,,1.0,3.3606608301094805,1.3601363435757645,0.6072567882360228,4357.0,4357.0,4357.0,8512,32,0.29743361473083496,0.30043554306030273,,,
D,D_SparseFIR_K6_white_SNR10,C3_RLS,7402,"{""forgetting_factor"": 1.0}",10000,32,SUCCESS,,1.0,9.957085771942294,2.3196790701196206,0.6297255943644915,4357.0,4357.0,4357.0,8512,32,0.29442787170410156,0.29743337631225586,,,
D,D_SparseFIR_K6_white_SNR10,C3_RLS,7403,"{""forgetting_factor"": 1.0}",10000,32,SUCCESS,,1.0,5.008539811194174,1.6118320448192587,0.8628452014536333,4357.0,4357.0,4357.0,8512,32,0.2829582691192627,0.28696131706237793,,,
D,D_SparseFIR_K6_white_SNR10,C3_RLS,7404,"{""forgetting_factor"": 1.0}",10000,32,SUCCESS,,1.0,5.116195302235987,1.6606633487173939,0.7200391489204983,4357.0,4357.0,4357.0,8512,32,0.31048083305358887,0.31398701667785645,,,
D,D_SparseFIR_K6_white_SNR10,C3_RLS,7405,"{""forgetting_factor"": 1.0}",10000,32,SUCCESS,,1.0,7.298818117388064,1.9667872038385217,0.6513554685387809,4357.0,4357.0,4357.0,8512,32,0.2995328903198242,0.3030362129211426,,,
D,D_SparseFIR_K6_white_SNR10,C3_RLS,7406,"{""forgetting_factor"": 1.0}",10000,32,SUCCESS,,1.0,3.3333406469359015,1.3403438032009847,0.7273067213301768,4357.0,4357.0,4357.0,8512,32,0.2797703742980957,0.2827787399291992,,,
D,D_SparseFIR_K6_white_SNR10,C3_RLS,7407,"{""forgetting_factor"": 1.0}",10000,32,SUCCESS,,1.0,7.183074991556437,1.9490311510200227,0.8566080814081617,4357.0,4357.0,4357.0,8512,32,0.274198055267334,0.2767002582550049,,,
D,D_SparseFIR_K6_white_SNR10,C3_RLS,7408,"{""forgetting_factor"": 1.0}",10000,32,SUCCESS,,1.0,6.112827306150181,1.8086571265155134,0.6984106425385944,4357.0,4357.0,4357.0,8512,32,0.26367616653442383,0.2666792869567871,,,
D,D_SparseFIR_K6_white_SNR10,C3_RLS,7409,"{""forgetting_factor"": 1.0}",10000,32,SUCCESS,,1.0,3.986104726157822,1.4588497910050922,0.6130833257854321,4357.0,4357.0,4357.0,8512,32,0.26880741119384766,0.27180933952331543,,,
D,D_SparseFIR_K6_white_SNR10,C3_RLS,7410,"{""forgetting_factor"": 1.0}",10000,32,SUCCESS,,1.0,5.4123468913662425,1.7278726701419225,0.482948136510228,4357.0,4357.0,4357.0,8512,32,0.26381444931030273,0.2668120861053467,,,
D,D_SparseFIR_K6_colored_SNR10,C3_RLS,7401,"{""forgetting_factor"": 1.0}",10000,32,SUCCESS,,1.0,3.3203180549340208,1.3271350593628195,0.6896203107569685,4357.0,4357.0,4357.0,8512,32,0.25977611541748047,0.26328253746032715,,,
D,D_SparseFIR_K6_colored_SNR10,C3_RLS,7402,"{""forgetting_factor"": 1.0}",10000,32,SUCCESS,,1.0,13.713986889205458,2.717979873158302,0.7563473929617043,4357.0,4357.0,4357.0,8512,32,0.2687807083129883,0.27178025245666504,,,
D,D_SparseFIR_K6_colored_SNR10,C3_RLS,7403,"{""forgetting_factor"": 1.0}",10000,32,SUCCESS,,1.0,4.526945144908082,1.537696647782662,0.9758381298086267,4357.0,4357.0,4357.0,8512,32,0.25502943992614746,0.25702953338623047,,,
D,D_SparseFIR_K6_colored_SNR10,C3_RLS,7404,"{""forgetting_factor"": 1.0}",10000,32,SUCCESS,,1.0,6.137592158838414,1.8005121191844675,0.6695333127408212,4357.0,4357.0,4357.0,8512,32,0.2701117992401123,0.27211523056030273,,,
D,D_SparseFIR_K6_colored_SNR10,C3_RLS,7405,"{""forgetting_factor"": 1.0}",10000,32,SUCCESS,,1.0,6.578177434323351,1.8897057116921814,0.6231841183397613,4357.0,4357.0,4357.0,8512,32,0.25809454917907715,0.2606055736541748,,,
D,D_SparseFIR_K6_colored_SNR10,C3_RLS,7406,"{""forgetting_factor"": 1.0}",10000,32,SUCCESS,,1.0,2.4125609963800474,1.1442787894084598,0.6410688289447574,4357.0,4357.0,4357.0,8512,32,0.2686159610748291,0.2716190814971924,,,
D,D_SparseFIR_K6_colored_SNR10,C3_RLS,7407,"{""forgetting_factor"": 1.0}",10000,32,SUCCESS,,1.0,10.429754088138962,2.3418900819637374,1.1542189643362262,4357.0,4357.0,4357.0,8512,32,0.257096529006958,0.2590961456298828,,,
D,D_SparseFIR_K6_colored_SNR10,C3_RLS,7408,"{""forgetting_factor"": 1.0}",10000,32,SUCCESS,,1.0,4.811021430448541,1.6021736526425354,0.6033303427925196,4357.0,4357.0,4357.0,8512,32,0.2819960117340088,0.28513288497924805,,,
D,D_SparseFIR_K6_colored_SNR10,C3_RLS,7409,"{""forgetting_factor"": 1.0}",10000,32,SUCCESS,,1.0,1.5833323724115853,0.9381222494107744,0.4051627216281468,4357.0,4357.0,4357.0,8512,32,0.24343657493591309,0.24570131301879883,,,
D,D_SparseFIR_K6_colored_SNR10,C3_RLS,7410,"{""forgetting_factor"": 1.0}",10000,32,SUCCESS,,1.0,10.338616811828405,2.409911018075991,0.4293952878296448,4357.0,4357.0,4357.0,8512,32,0.25668883323669434,0.2586944103240967,,,
B,B_FriedmanDrift_LEA,B3_MUSE_RNN,7301,"{""learning_rate"": 0.03, ""growth_multiplier"": 2.5, ""pruning_threshold"": 0.01}",16000,10,SUCCESS,,1.0,31.46463091622168,4.501649759466133,1.0093026278342003,61.745357142857145,60.0,204.0,232,12,1.0368380546569824,1.0413475036621094,,,
B,B_FriedmanDrift_LEA,B3_MUSE_RNN,7302,"{""learning_rate"": 0.03, ""growth_multiplier"": 2.5, ""pruning_threshold"": 0.01}",16000,10,SUCCESS,,1.0,32.18363471623321,4.562431162422044,1.0102691671580109,61.565357142857145,60.0,204.0,232,12,1.0418524742126465,1.0463643074035645,,,
B,B_FriedmanDrift_LEA,B3_MUSE_RNN,7303,"{""learning_rate"": 0.03, ""growth_multiplier"": 2.5, ""pruning_threshold"": 0.01}",16000,10,SUCCESS,,1.0,31.85503804325148,4.5274790904913464,1.0110321787997854,61.65357142857143,60.0,204.0,232,12,0.9920313358306885,0.9957840442657471,,,
B,B_FriedmanDrift_LEA,B3_MUSE_RNN,7304,"{""learning_rate"": 0.03, ""growth_multiplier"": 2.5, ""pruning_threshold"": 0.01}",16000,10,SUCCESS,,1.0,31.47174013810433,4.526506116950693,1.0092556407967777,61.4525,60.0,204.0,232,12,1.0295660495758057,1.0330767631530762,,,
B,B_FriedmanDrift_LEA,B3_MUSE_RNN,7305,"{""learning_rate"": 0.03, ""growth_multiplier"": 2.5, ""pruning_threshold"": 0.01}",16000,10,SUCCESS,,1.0,63.26460308127291,5.976018386460518,1.9503705657304744,63.9825,128.0,380.0,232,12,1.0437371730804443,1.0483956336975098,,,
B,B_FriedmanDrift_LEA,B3_MUSE_RNN,7306,"{""learning_rate"": 0.03, ""growth_multiplier"": 2.5, ""pruning_threshold"": 0.01}",16000,10,SUCCESS,,1.0,47.77733291908242,5.2674712679841535,1.509883336226521,120.54714285714286,204.0,380.0,352,26,1.0781700611114502,1.082169771194458,,,
B,B_FriedmanDrift_LEA,B3_MUSE_RNN,7307,"{""learning_rate"": 0.03, ""growth_multiplier"": 2.5, ""pruning_threshold"": 0.01}",16000,10,SUCCESS,,1.0,31.704010214413824,4.524797316748859,1.0087212705928459,61.252857142857145,60.0,204.0,232,12,1.0582635402679443,1.0622632503509521,,,
B,B_FriedmanDrift_LEA,B3_MUSE_RNN,7308,"{""learning_rate"": 0.03, ""growth_multiplier"": 2.5, ""pruning_threshold"": 0.01}",16000,10,SUCCESS,,1.0,31.67526419994073,4.513467097470362,1.0107558204628075,61.566785714285714,60.0,288.0,232,12,1.0129776000976562,1.0169858932495117,,,
B,B_FriedmanDrift_LEA,B3_MUSE_RNN,7309,"{""learning_rate"": 0.03, ""growth_multiplier"": 2.5, ""pruning_threshold"": 0.01}",16000,10,SUCCESS,,1.0,31.474167607787262,4.48784320305749,1.0102775765323977,61.62464285714286,60.0,204.0,232,12,0.9951534271240234,0.9986650943756104,,,
B,B_FriedmanDrift_LEA,B3_MUSE_RNN,7310,"{""learning_rate"": 0.03, ""growth_multiplier"": 2.5, ""pruning_threshold"": 0.01}",16000,10,SUCCESS,,1.0,135.36576950292715,9.417320146664027,4.371014815295656,69.46928571428572,128.0,380.0,232,12,0.973823070526123,0.9779574871063232,,,
B,B_FriedmanDrift_GRA,B3_MUSE_RNN,7301,"{""learning_rate"": 0.03, ""growth_multiplier"": 2.5, ""pruning_threshold"": 0.01}",16000,10,SUCCESS,,1.0,24.598453679505432,4.031936700514758,1.015121947760531,61.057857142857145,60.0,204.0,232,12,1.0139832496643066,1.017991542816162,,,
B,B_FriedmanDrift_GRA,B3_MUSE_RNN,7302,"{""learning_rate"": 0.03, ""growth_multiplier"": 2.5, ""pruning_threshold"": 0.01}",16000,10,SUCCESS,,1.0,113.66814728400898,8.417329669624912,4.590427632893528,61.46892857142857,60.0,204.0,232,12,1.0763092041015625,1.0803096294403076,,,
B,B_FriedmanDrift_GRA,B3_MUSE_RNN,7303,"{""learning_rate"": 0.03, ""growth_multiplier"": 2.5, ""pruning_threshold"": 0.01}",16000,10,SUCCESS,,1.0,25.015298154110102,4.0688443217620485,1.0148940657818541,60.93571428571428,60.0,204.0,232,12,1.0337715148925781,1.0372776985168457,,,
B,B_FriedmanDrift_GRA,B3_MUSE_RNN,7304,"{""learning_rate"": 0.03, ""growth_multiplier"": 2.5, ""pruning_threshold"": 0.01}",16000,10,SUCCESS,,1.0,24.903182036756885,4.068628923678404,1.0143657884204633,61.057857142857145,60.0,204.0,232,12,1.0649569034576416,1.0694596767425537,,,
B,B_FriedmanDrift_GRA,B3_MUSE_RNN,7305,"{""learning_rate"": 0.03, ""growth_multiplier"": 2.5, ""pruning_threshold"": 0.01}",16000,10,SUCCESS,,1.0,25.546992413441462,4.11571652039416,1.014886177963076,60.93035714285714,60.0,204.0,232,12,1.0066370964050293,1.0111446380615234,,,
B,B_FriedmanDrift_GRA,B3_MUSE_RNN,7306,"{""learning_rate"": 0.03, ""growth_multiplier"": 2.5, ""pruning_threshold"": 0.01}",16000,10,SUCCESS,,1.0,25.54367083613189,4.104601991361477,1.0121571780600906,61.20428571428572,60.0,204.0,232,12,0.9736812114715576,0.978687047958374,,,
B,B_FriedmanDrift_GRA,B3_MUSE_RNN,7307,"{""learning_rate"": 0.03, ""growth_multiplier"": 2.5, ""pruning_threshold"": 0.01}",16000,10,SUCCESS,,1.0,25.193872062555908,4.088001583917124,1.0144920402878077,60.894642857142856,60.0,204.0,232,12,1.0071191787719727,1.0136237144470215,,,
B,B_FriedmanDrift_GRA,B3_MUSE_RNN,7308,"{""learning_rate"": 0.03, ""growth_multiplier"": 2.5, ""pruning_threshold"": 0.01}",16000,10,SUCCESS,,1.0,100.45845214809599,7.704324352490577,4.079469806454278,155.2332142857143,204.0,380.0,232,12,1.0986309051513672,1.1017208099365234,,,
B,B_FriedmanDrift_GRA,B3_MUSE_RNN,7309,"{""learning_rate"": 0.03, ""growth_multiplier"": 2.5, ""pruning_threshold"": 0.01}",16000,10,SUCCESS,,1.0,128.50308279348954,9.080758075028355,5.280104952661725,63.155,60.0,380.0,232,12,1.0449979305267334,1.048997402191162,,,
B,B_FriedmanDrift_GRA,B3_MUSE_RNN,7310,"{""learning_rate"": 0.03, ""growth_multiplier"": 2.5, ""pruning_threshold"": 0.01}",16000,10,SUCCESS,,1.0,83.22612440924695,6.839026333734954,3.422472117949687,64.19107142857143,128.0,380.0,232,12,1.0229718685150146,1.0284862518310547,,,
B,B_FriedmanDrift_GSG,B3_MUSE_RNN,7301,"{""learning_rate"": 0.03, ""growth_multiplier"": 2.5, ""pruning_threshold"": 0.001}",16000,10,SUCCESS,,1.0,193.7225923855765,11.925926701003132,7.8681308103774965,282.2325,380.0,380.0,352,26,1.0816197395324707,1.0847446918487549,,,
B,B_FriedmanDrift_GSG,B3_MUSE_RNN,7302,"{""learning_rate"": 0.03, ""growth_multiplier"": 2.5, ""pruning_threshold"": 0.001}",16000,10,SUCCESS,,1.0,25.20334841672784,4.083760026153698,1.0207348767104567,111.275,204.0,288.0,488,42,1.0570218563079834,1.0600216388702393,,,
B,B_FriedmanDrift_GSG,B3_MUSE_RNN,7303,"{""learning_rate"": 0.03, ""growth_multiplier"": 2.5, ""pruning_threshold"": 0.001}",16000,10,SUCCESS,,1.0,25.81704969572634,4.132707982286704,1.0518129072822828,259.84035714285716,380.0,380.0,488,42,1.048506498336792,1.0520167350769043,,,
B,B_FriedmanDrift_GSG,B3_MUSE_RNN,7304,"{""learning_rate"": 0.03, ""growth_multiplier"": 2.5, ""pruning_threshold"": 0.001}",16000,10,SUCCESS,,1.0,25.26113973079563,4.107187297387343,1.0305429005074347,164.52357142857142,288.0,380.0,640,60,1.084550142288208,1.0920610427856445,,,
B,B_FriedmanDrift_GSG,B3_MUSE_RNN,7305,"{""learning_rate"": 0.03, ""growth_multiplier"": 2.5, ""pruning_threshold"": 0.001}",16000,10,SUCCESS,,1.0,26.05207801376303,4.1581468839927735,1.0329250385186608,155.9792857142857,288.0,380.0,640,60,1.070549726486206,1.0745506286621094,,,
B,B_FriedmanDrift_GSG,B3_MUSE_RNN,7306,"{""learning_rate"": 0.03, ""growth_multiplier"": 2.5, ""pruning_threshold"": 0.001}",16000,10,SUCCESS,,1.0,52.28873914529855,5.372647849325711,2.058366323394164,217.65678571428572,380.0,380.0,488,42,1.059323787689209,1.063791036605835,,,
B,B_FriedmanDrift_GSG,B3_MUSE_RNN,7307,"{""learning_rate"": 0.03, ""growth_multiplier"": 2.5, ""pruning_threshold"": 0.001}",16000,10,SUCCESS,,1.0,230.62700074271257,13.76474772860642,9.279859683712045,230.96928571428572,380.0,380.0,808,80,1.1457438468933105,1.1492576599121094,,,
B,B_FriedmanDrift_GSG,B3_MUSE_RNN,7308,"{""learning_rate"": 0.03, ""growth_multiplier"": 2.5, ""pruning_threshold"": 0.001}",16000,10,SUCCESS,,1.0,24.773648551737672,4.044887775997703,1.0261612115890875,136.77892857142857,204.0,380.0,232,12,1.1326589584350586,1.1366674900054932,,,
B,B_FriedmanDrift_GSG,B3_MUSE_RNN,7309,"{""learning_rate"": 0.03, ""growth_multiplier"": 2.5, ""pruning_threshold"": 0.001}",16000,10,SUCCESS,,1.0,25.797379370603853,4.1292690119719,1.046749873449065,219.10714285714286,380.0,380.0,488,42,1.0814857482910156,1.086000919342041,,,
B,B_FriedmanDrift_GSG,B3_MUSE_RNN,7310,"{""learning_rate"": 0.03, ""growth_multiplier"": 2.5, ""pruning_threshold"": 0.001}",16000,10,SUCCESS,,1.0,25.357865799300875,4.094469103512858,1.0332809376731578,166.07142857142858,288.0,380.0,352,26,1.0356652736663818,1.0396697521209717,,,
B,B_Planes2D,B3_MUSE_RNN,7301,"{""learning_rate"": 0.001, ""growth_multiplier"": 2.5, ""pruning_threshold"": 0.001}",16000,10,SUCCESS,,1.0,19.34637014666792,3.611300824203962,1.000018893671631,60.73535714285714,60.0,204.0,232,12,1.0529592037200928,1.0564672946929932,,,
B,B_Planes2D,B3_MUSE_RNN,7302,"{""learning_rate"": 0.001, ""growth_multiplier"": 2.5, ""pruning_threshold"": 0.001}",16000,10,SUCCESS,,1.0,19.205376693932518,3.595491684914649,1.0000620065800314,60.49178571428571,60.0,128.0,232,12,1.130937099456787,1.133936882019043,,,
B,B_Planes2D,B3_MUSE_RNN,7303,"{""learning_rate"": 0.001, ""growth_multiplier"": 2.5, ""pruning_threshold"": 0.001}",16000,10,SUCCESS,,1.0,19.232174439526073,3.605908888615785,1.0000619456890008,60.565357142857145,60.0,204.0,232,12,1.0124995708465576,1.0158991813659668,,,
B,B_Planes2D,B3_MUSE_RNN,7304,"{""learning_rate"": 0.001, ""growth_multiplier"": 2.5, ""pruning_threshold"": 0.001}",16000,10,SUCCESS,,1.0,19.234971674903267,3.6071669473776384,1.0000006169507727,60.54714285714286,60.0,204.0,232,12,1.0527801513671875,1.0552902221679688,,,
B,B_Planes2D,B3_MUSE_RNN,7305,"{""learning_rate"": 0.001, ""growth_multiplier"": 2.5, ""pruning_threshold"": 0.001}",16000,10,SUCCESS,,1.0,19.144083625367863,3.5853168948757164,1.0000146473134024,60.58357142857143,60.0,204.0,232,12,1.006922721862793,1.0104339122772217,,,
B,B_Planes2D,B3_MUSE_RNN,7306,"{""learning_rate"": 0.001, ""growth_multiplier"": 2.5, ""pruning_threshold"": 0.001}",16000,10,SUCCESS,,1.0,19.202958513126667,3.611000891243675,1.000128232484233,60.510714285714286,60.0,204.0,232,12,1.0740880966186523,1.0770881175994873,,,
B,B_Planes2D,B3_MUSE_RNN,7307,"{""learning_rate"": 0.001, ""growth_multiplier"": 2.5, ""pruning_threshold"": 0.001}",16000,10,SUCCESS,,1.0,19.38467771369646,3.62086621528369,1.0001149133768557,60.54035714285714,60.0,128.0,232,12,1.0244154930114746,1.0279624462127686,,,
B,B_Planes2D,B3_MUSE_RNN,7308,"{""learning_rate"": 0.001, ""growth_multiplier"": 2.5, ""pruning_threshold"": 0.001}",16000,10,SUCCESS,,1.0,19.039727990446625,3.5830840615919852,1.0000671786486877,60.613214285714285,60.0,128.0,232,12,1.0097734928131104,1.012773036956787,,,
B,B_Planes2D,B3_MUSE_RNN,7309,"{""learning_rate"": 0.001, ""growth_multiplier"": 2.5, ""pruning_threshold"": 0.001}",16000,10,SUCCESS,,1.0,19.452688829234404,3.6256211805710583,1.0000167232206745,60.51,60.0,128.0,232,12,1.049130916595459,1.051652431488037,,,
B,B_Planes2D,B3_MUSE_RNN,7310,"{""learning_rate"": 0.001, ""growth_multiplier"": 2.5, ""pruning_threshold"": 0.001}",16000,10,SUCCESS,,1.0,18.767057224238762,3.5482495203984583,1.0003010362745028,60.58357142857143,60.0,204.0,232,12,1.0713191032409668,1.074326753616333,,,
B,B_Mv,B3_MUSE_RNN,7301,"{""learning_rate"": 0.003, ""growth_multiplier"": 2.5, ""pruning_threshold"": 0.001}",16000,14,SUCCESS,,1.0,936.2275341704576,22.982031549283096,1.0019273532001283,460.0,460.0,460.0,968,100,1.0425968170166016,1.0455965995788574,,,
B,B_Mv,B3_MUSE_RNN,7302,"{""learning_rate"": 0.003, ""growth_multiplier"": 2.5, ""pruning_threshold"": 0.001}",16000,14,SUCCESS,,1.0,912.3543256025868,22.88148558848393,0.9769667878814208,452.09285714285716,460.0,460.0,968,100,1.0598669052124023,1.0638668537139893,,,
B,B_Mv,B3_MUSE_RNN,7303,"{""learning_rate"": 0.003, ""growth_multiplier"": 2.5, ""pruning_threshold"": 0.001}",16000,14,SUCCESS,,1.0,955.8056591080605,23.255427435230228,1.0070345545218515,460.0,460.0,460.0,968,100,1.0455458164215088,1.049556016921997,,,
B,B_Mv,B3_MUSE_RNN,7304,"{""learning_rate"": 0.003, ""growth_multiplier"": 2.5, ""pruning_threshold"": 0.001}",16000,14,SUCCESS,,1.0,940.2576141379062,22.984218665563304,1.0075063657998793,458.5053571428571,460.0,460.0,968,100,1.0490400791168213,1.053044319152832,,,
B,B_Mv,B3_MUSE_RNN,7305,"{""learning_rate"": 0.003, ""growth_multiplier"": 2.5, ""pruning_threshold"": 0.001}",16000,14,SUCCESS,,1.0,947.9811071698341,22.470682847425426,1.034222264880889,443.09964285714284,460.0,460.0,768,76,1.0811398029327393,1.0846431255340576,,,
B,B_Mv,B3_MUSE_RNN,7306,"{""learning_rate"": 0.003, ""growth_multiplier"": 2.5, ""pruning_threshold"": 0.001}",16000,14,SUCCESS,,1.0,810.0281042226476,21.812745184063747,0.8640715110887048,436.26892857142855,460.0,460.0,768,76,1.0421102046966553,1.046119213104248,,,
B,B_Mv,B3_MUSE_RNN,7307,"{""learning_rate"": 0.003, ""growth_multiplier"": 2.5, ""pruning_threshold"": 0.001}",16000,14,SUCCESS,,1.0,910.9817961651722,22.799566198495036,0.9969630058194312,446.96285714285716,460.0,460.0,968,100,1.074681282043457,1.0786798000335693,,,
B,B_Mv,B3_MUSE_RNN,7308,"{""learning_rate"": 0.003, ""growth_multiplier"": 2.5, ""pruning_threshold"": 0.001}",16000,14,SUCCESS,,1.0,854.1931372901269,22.19163738916912,0.9209209061394126,442.5942857142857,460.0,460.0,584,54,1.1389153003692627,1.1424310207366943,,,
B,B_Mv,B3_MUSE_RNN,7309,"{""learning_rate"": 0.003, ""growth_multiplier"": 2.5, ""pruning_threshold"": 0.001}",16000,14,SUCCESS,,1.0,922.6065535315469,22.824446320199286,1.0075246212050177,460.0,460.0,460.0,968,100,1.0287723541259766,1.0322802066802979,,,
B,B_Mv,B3_MUSE_RNN,7310,"{""learning_rate"": 0.003, ""growth_multiplier"": 2.5, ""pruning_threshold"": 0.001}",16000,14,SUCCESS,,1.0,962.6897841319114,23.628541567198912,1.007814311258053,457.7628571428571,460.0,460.0,968,100,1.047241449356079,1.0512418746948242,,,
A,A_USBirths,C3_RLS,7501,"{""forgetting_factor"": 0.99}",7304,1,SUCCESS,,1.0,2079949.740882837,981.8239142078357,1.5642581202578165,17.0,17.0,17.0,80,1,0.1600170135498047,0.16152119636535645,,,
A,A_USBirths,C3_RLS,7502,"{""forgetting_factor"": 0.99}",7304,1,SUCCESS,,1.0,2079949.740882837,981.8239142078357,1.5642581202578165,17.0,17.0,17.0,80,1,0.1699225902557373,0.1709272861480713,,,
A,A_USBirths,C3_RLS,7503,"{""forgetting_factor"": 0.99}",7304,1,SUCCESS,,1.0,2079949.740882837,981.8239142078357,1.5642581202578165,17.0,17.0,17.0,80,1,0.1701521873474121,0.17115092277526855,,,
C,C_ParWH,LEBRE_V04,7501,{},65536,2,SUCCESS,,1.0,0.00011599312183367157,0.008438771475669526,0.002762027893979566,104.49102783203125,173.0,291.0,648,-1,3.6125283241271973,3.6242074966430664,0.9338329568349716,4.0,22.0
C,C_ParWH,LEBRE_V032,7501,{},65536,2,SUCCESS,,1.0,0.00011427730634763028,0.008356181165300736,0.002721170900405724,99.680419921875,155.0,166.0,604,-1,2.832733631134033,2.8506739139556885,,,
C,C_ParWH,CTRL_PERSISTENCE,7501,{},65536,2,SUCCESS,,1.0,0.000160539632126894,0.0072544971922070545,0.0038227692729878803,0.0,0.0,0.0,4,-1,0.7696104049682617,0.7771670818328857,,,
C,C_ParWH,CTRL_ARX_NLMS,7501,{},65536,2,SUCCESS,,1.0,0.00016403354933256908,0.008062139308135893,0.0039059664197563563,26.0,26.0,26.0,20,-1,1.2571172714233398,1.2651772499084473,,,
C,C_ParWH,IPNLMS,7501,"{""mu"": 0.5}",65536,2,SUCCESS,,1.0,0.0002132063121745009,0.009338553639421855,0.005076868111567116,36.0,36.0,36.0,24,-1,1.8065123558044434,1.8150179386138916,,,
C,C_ParWH,RIVER_SGD_LINREG,7501,{},65536,2,SUCCESS,,1.0,0.00015090095754894577,0.008076788435837756,0.003593253180788381,,,,-1,-1,1.5501689910888672,1.5595018863677979,,,
C,C_ParWH,RIVER_HATR,7501,{},65536,2,SUCCESS,,1.0,0.00023582726335131756,0.01089461801494871,0.005615518137973943,,,,-1,-1,6.673028469085693,6.7025392055511475,,,
C,C_ParWH,Track_B,7501,{},65536,2,SUCCESS,,1.0,0.00042047669531299206,0.015019798684576424,0.010012389897464577,12.0,12.0,12.0,216,2,1.366321325302124,1.3767976760864258,,,
C,C_ParWH,B1_RZA_LMS,7501,"{""learning_rate"": 0.03, ""rho_zero_attraction"": 1e-06, ""epsilon_reweight"": 10.0}",65536,2,SUCCESS,,1.0,0.0004914366035258805,0.017265138001503186,0.01170208703415577,21.0,21.0,21.0,80,2,1.4183399677276611,1.4279754161834717,,,
C,C_ParWH,B2_CCN,7501,"{""readout_lr"": 0.03, ""recurrent_lr"": 0.0001, ""max_columns"": 2}",65536,2,SUCCESS,,1.0,0.00015257943253605669,0.007975317856256717,0.0036332210225057124,97.0,97.0,97.0,208,10,3.6619882583618164,3.6750152111053467,,,
C,C_ParWH,B4_MINIMAL_GRU,7501,"{""learning_rate"": 0.01, ""weight_decay"": 0.999}",65536,2,SUCCESS,,1.0,0.004662327390683631,0.05180079506882845,0.11101932683904159,81.0,81.0,81.0,168,13,2.640915632247925,2.6509318351745605,,,
C,C_ParWH,S1_VARIABLE_TAP_LMS,7501,"{""learning_rate"": 0.03, ""tap_leakage"": 0.1}",65536,2,SUCCESS,,1.0,0.0372029425089253,0.15272307246545025,0.8858763633857207,17.627685546875,23.0,59.0,544,2,1.5032966136932373,1.5118134021759033,,,
C,C_ParWH,S2_LRU_STREAM,7501,"{""state_lr"": 0.01, ""readout_lr"": 0.03, ""state_decay"": 0.98}",65536,2,SUCCESS,,1.0,0.0003476019006475492,0.013885917529115109,0.008277095489899487,28.0,28.0,28.0,120,6,1.227172613143921,1.235680103302002,,,
C,C_ParWH,S3_RSONN,7501,"{""learning_rate"": 0.02, ""growth_threshold"": 0.05, ""pruning_threshold"": 0.001}",65536,2,SUCCESS,,1.0,0.0016096375219841544,0.021274397175642955,0.03832868418949471,98.7669677734375,130.0,130.0,232,18,3.8801774978637695,3.888685941696167,,,
C,C_ParWH,S5_CONTINUAL_BACKPROP,7501,"{""learning_rate"": 0.03, ""replacement_rate"": 0.0001, ""maturity_threshold"": 100}",65536,2,SUCCESS,,1.0,0.0004915525339297635,0.017268408675730887,0.011704847568610083,17.0,17.0,17.0,112,2,1.515817403793335,1.5239529609680176,,,
C,C_ParWH,C1_CURRENT_ONLY_LINEAR,7501,"{""learning_rate"": 0.03}",65536,2,SUCCESS,,1.0,0.0004915525339297635,0.017268408675730887,0.011704847568610083,9.0,9.0,9.0,48,2,1.016017198562622,1.023519515991211,,,
C,C_ParWH,C2_NLMS,7501,"{""step_size"": 0.05}",65536,2,SUCCESS,,1.0,0.0008134542991284891,0.018520438591066377,0.019369971504795445,17.0,17.0,17.0,48,2,1.0820558071136475,1.0905652046203613,,,
C,C_ParWH,C4_FIXED_LAG_LINEAR,7501,"{""max_lag"": 32, ""learning_rate"": 0.01}",65536,2,SUCCESS,,1.0,0.01783930311242744,0.10336835516693094,0.4247894360179015,129.0,129.0,129.0,544,32,1.186326265335083,1.1943480968475342,,,
C,C_ParWH,LEBRE_V04,7502,{},65536,2,SUCCESS,,1.0,0.00011599312183367157,0.008438771475669526,0.002762027893979566,104.49102783203125,173.0,291.0,648,-1,3.4854016304016113,3.4989101886749268,0.9338329568349716,4.0,22.0
C,C_ParWH,LEBRE_V032,7502,{},65536,2,SUCCESS,,1.0,0.00011427730634763028,0.008356181165300736,0.002721170900405724,99.680419921875,155.0,166.0,604,-1,2.779479503631592,2.796006917953491,,,
C,C_ParWH,CTRL_PERSISTENCE,7502,{},65536,2,SUCCESS,,1.0,0.000160539632126894,0.0072544971922070545,0.0038227692729878803,0.0,0.0,0.0,4,-1,0.7843101024627686,0.7928235530853271,,,
C,C_ParWH,CTRL_ARX_NLMS,7502,{},65536,2,SUCCESS,,1.0,0.00016403354933256908,0.008062139308135893,0.0039059664197563563,26.0,26.0,26.0,20,-1,1.3112523555755615,1.3212707042694092,,,
C,C_ParWH,IPNLMS,7502,"{""mu"": 0.5}",65536,2,SUCCESS,,1.0,0.0002132063121745009,0.009338553639421855,0.005076868111567116,36.0,36.0,36.0,24,-1,1.8990650177001953,1.9095778465270996,,,
C,C_ParWH,RIVER_SGD_LINREG,7502,{},65536,2,SUCCESS,,1.0,0.00015090095754894577,0.008076788435837756,0.003593253180788381,,,,-1,-1,1.6964852809906006,1.7080132961273193,,,
C,C_ParWH,RIVER_HATR,7502,{},65536,2,SUCCESS,,1.0,0.00019546378136797295,0.009592654652704515,0.004654383017427714,,,,-1,-1,5.782228946685791,5.796765327453613,,,
C,C_ParWH,Track_B,7502,{},65536,2,SUCCESS,,1.0,0.00042047669531299206,0.015019798684576424,0.010012389897464577,12.0,12.0,12.0,216,2,1.3487002849578857,1.3577024936676025,,,
C,C_ParWH,B1_RZA_LMS,7502,"{""learning_rate"": 0.03, ""rho_zero_attraction"": 1e-06, ""epsilon_reweight"": 10.0}",65536,2,SUCCESS,,1.0,0.0004914366035258805,0.017265138001503186,0.01170208703415577,21.0,21.0,21.0,80,2,1.3853342533111572,1.3958494663238525,,,
C,C_ParWH,B2_CCN,7502,"{""readout_lr"": 0.03, ""recurrent_lr"": 0.0001, ""max_columns"": 2}",65536,2,SUCCESS,,1.0,0.00015258383816695714,0.007975156227774376,0.0036333259293764414,97.0,97.0,97.0,208,10,3.70382022857666,3.71533465385437,,,
C,C_ParWH,B4_MINIMAL_GRU,7502,"{""learning_rate"": 0.01, ""weight_decay"": 0.999}",65536,2,SUCCESS,,1.0,0.004713832463167781,0.052042688474983154,0.1122457654815557,81.0,81.0,81.0,168,13,2.5719165802001953,2.582289695739746,,,
C,C_ParWH,S1_VARIABLE_TAP_LMS,7502,"{""learning_rate"": 0.03, ""tap_leakage"": 0.1}",65536,2,SUCCESS,,1.0,0.0372029425089253,0.15272307246545025,0.8858763633857207,17.627685546875,23.0,59.0,544,2,1.3876316547393799,1.3956401348114014,,,
C,C_ParWH,S2_LRU_STREAM,7502,"{""state_lr"": 0.01, ""readout_lr"": 0.03, ""state_decay"": 0.98}",65536,2,SUCCESS,,1.0,0.0004437231541302958,0.016485762323627882,0.010565934510064197,28.0,28.0,28.0,120,6,1.2736997604370117,1.2872157096862793,,,
C,C_ParWH,S3_RSONN,7502,"{""learning_rate"": 0.02, ""growth_threshold"": 0.05, ""pruning_threshold"": 0.001}",65536,2,SUCCESS,,1.0,0.00812873661500487,0.05519519223473605,0.19356145363214947,129.2625732421875,130.0,130.0,320,28,4.160180568695068,4.171691417694092,,,
C,C_ParWH,S5_CONTINUAL_BACKPROP,7502,"{""learning_rate"": 0.03, ""replacement_rate"": 0.0001, ""maturity_threshold"": 100}",65536,2,SUCCESS,,1.0,0.0004915525339297635,0.017268408675730887,0.011704847568610083,17.0,17.0,17.0,112,2,1.4036121368408203,1.4121222496032715,,,
C,C_ParWH,C1_CURRENT_ONLY_LINEAR,7502,"{""learning_rate"": 0.03}",65536,2,SUCCESS,,1.0,0.0004915525339297635,0.017268408675730887,0.011704847568610083,9.0,9.0,9.0,48,2,1.093665361404419,1.1041748523712158,,,
C,C_ParWH,C2_NLMS,7502,"{""step_size"": 0.05}",65536,2,SUCCESS,,1.0,0.0008134542991284891,0.018520438591066377,0.019369971504795445,17.0,17.0,17.0,48,2,1.1010427474975586,1.111555576324463,,,
C,C_ParWH,C4_FIXED_LAG_LINEAR,7502,"{""max_lag"": 32, ""learning_rate"": 0.01}",65536,2,SUCCESS,,1.0,0.01783930311242744,0.10336835516693094,0.4247894360179015,129.0,129.0,129.0,544,32,1.2392041683197021,1.2507293224334717,,,
C,C_ParWH,LEBRE_V04,7503,{},65536,2,SUCCESS,,1.0,0.00011599312183367157,0.008438771475669526,0.002762027893979566,104.49102783203125,173.0,291.0,648,-1,3.7392187118530273,3.7797904014587402,0.9338329568349716,4.0,22.0
C,C_ParWH,LEBRE_V032,7503,{},65536,2,SUCCESS,,1.0,0.00011427730634763028,0.008356181165300736,0.002721170900405724,99.680419921875,155.0,166.0,604,-1,2.835301399230957,2.8571882247924805,,,
C,C_ParWH,CTRL_PERSISTENCE,7503,{},65536,2,SUCCESS,,1.0,0.000160539632126894,0.0072544971922070545,0.0038227692729878803,0.0,0.0,0.0,4,-1,0.8251094818115234,0.8318212032318115,,,
C,C_ParWH,CTRL_ARX_NLMS,7503,{},65536,2,SUCCESS,,1.0,0.00016403354933256908,0.008062139308135893,0.0039059664197563563,26.0,26.0,26.0,20,-1,1.2387628555297852,1.2517726421356201,,,
C,C_ParWH,IPNLMS,7503,"{""mu"": 0.5}",65536,2,SUCCESS,,1.0,0.0002132063121745009,0.009338553639421855,0.005076868111567116,36.0,36.0,36.0,24,-1,1.7823452949523926,1.7938573360443115,,,
C,C_ParWH,RIVER_SGD_LINREG,7503,{},65536,2,SUCCESS,,1.0,0.00015090095754894577,0.008076788435837756,0.003593253180788381,,,,-1,-1,1.670365810394287,1.686389684677124,,,
C,C_ParWH,RIVER_HATR,7503,{},65536,2,SUCCESS,,1.0,0.00026422983727351207,0.010333550681273621,0.0062918401490877525,,,,-1,-1,6.110210418701172,6.135956525802612,,,
C,C_ParWH,Track_B,7503,{},65536,2,SUCCESS,,1.0,0.00042047669531299206,0.015019798684576424,0.010012389897464577,12.0,12.0,12.0,216,2,1.3527913093566895,1.3650829792022705,,,
C,C_ParWH,B1_RZA_LMS,7503,"{""learning_rate"": 0.03, ""rho_zero_attraction"": 1e-06, ""epsilon_reweight"": 10.0}",65536,2,SUCCESS,,1.0,0.0004914366035258805,0.017265138001503186,0.01170208703415577,21.0,21.0,21.0,80,2,1.419083833694458,1.4352374076843262,,,
C,C_ParWH,B2_CCN,7503,"{""readout_lr"": 0.03, ""recurrent_lr"": 0.0001, ""max_columns"": 2}",65536,2,SUCCESS,,1.0,0.00015259438860428198,0.00797499889002888,0.00363357715636063,97.0,97.0,97.0,208,10,3.972139358520508,3.987549304962158,,,
C,C_ParWH,B4_MINIMAL_GRU,7503,"{""learning_rate"": 0.01, ""weight_decay"": 0.999}",65536,2,SUCCESS,,1.0,0.004720557876511166,0.05207413822427339,0.11240591100535328,81.0,81.0,81.0,168,13,2.56596302986145,2.576914072036743,,,
C,C_ParWH,S1_VARIABLE_TAP_LMS,7503,"{""learning_rate"": 0.03, ""tap_leakage"": 0.1}",65536,2,SUCCESS,,1.0,0.0372029425089253,0.15272307246545025,0.8858763633857207,17.627685546875,23.0,59.0,544,2,1.3536567687988281,1.364166259765625,,,
C,C_ParWH,S2_LRU_STREAM,7503,"{""state_lr"": 0.01, ""readout_lr"": 0.03, ""state_decay"": 0.98}",65536,2,SUCCESS,,1.0,0.0004499885575444607,0.016420356706738918,0.01071512627870866,28.0,28.0,28.0,120,6,1.2204155921936035,1.231431245803833,,,
C,C_ParWH,S3_RSONN,7503,"{""learning_rate"": 0.02, ""growth_threshold"": 0.05, ""pruning_threshold"": 0.001}",65536,2,SUCCESS,,1.0,0.0016483142562176037,0.021501388056003948,0.039249654477319235,129.9351806640625,130.0,130.0,320,28,4.108011484146118,4.134739398956299,,,
C,C_ParWH,S5_CONTINUAL_BACKPROP,7503,"{""learning_rate"": 0.03, ""replacement_rate"": 0.0001, ""maturity_threshold"": 100}",65536,2,SUCCESS,,1.0,0.0004915525339297635,0.017268408675730887,0.011704847568610083,17.0,17.0,17.0,112,2,1.4253818988800049,1.4408941268920898,,,
C,C_ParWH,C1_CURRENT_ONLY_LINEAR,7503,"{""learning_rate"": 0.03}",65536,2,SUCCESS,,1.0,0.0004915525339297635,0.017268408675730887,0.011704847568610083,9.0,9.0,9.0,48,2,1.0704994201660156,1.106065034866333,,,
C,C_ParWH,C2_NLMS,7503,"{""step_size"": 0.05}",65536,2,SUCCESS,,1.0,0.0008134542991284891,0.018520438591066377,0.019369971504795445,17.0,17.0,17.0,48,2,1.1653807163238525,1.1782197952270508,,,
C,C_ParWH,C4_FIXED_LAG_LINEAR,7503,"{""max_lag"": 32, ""learning_rate"": 0.01}",65536,2,SUCCESS,,1.0,0.01783930311242744,0.10336835516693094,0.4247894360179015,129.0,129.0,129.0,544,32,1.2248132228851318,1.237851619720459,,,
A,A_KDDCup2018,B3_MUSE_RNN,7501,"{""learning_rate"": 0.03, ""growth_multiplier"": 1.5, ""pruning_threshold"": 0.01}",10897,1,SUCCESS,,1.0,708.2368894637342,16.73489276741474,0.30283253935797294,193.32669113791295,200.0,200.0,448,35,0.8523149490356445,0.8563134670257568,,,
A,A_KDDCup2018,B3_MUSE_RNN,7502,"{""learning_rate"": 0.03, ""growth_multiplier"": 1.5, ""pruning_threshold"": 0.01}",10897,1,SUCCESS,,1.0,577.1742474600137,14.983330461166002,0.24679192175754794,195.9580492920818,200.0,200.0,448,35,0.790379524230957,0.7948849201202393,,,
A,A_KDDCup2018,B3_MUSE_RNN,7503,"{""learning_rate"": 0.03, ""growth_multiplier"": 1.5, ""pruning_threshold"": 0.01}",10897,1,SUCCESS,,1.0,522.2458043989375,14.297644927386203,0.2233052605250885,200.0,200.0,200.0,448,35,0.7658894062042236,0.7687416076660156,,,
D,D_SparseFIR_K2_white_SNR10,B3_MUSE_RNN,7401,"{""learning_rate"": 0.03, ""growth_multiplier"": 1.5, ""pruning_threshold"": 0.001}",10000,32,SUCCESS,,1.0,2.11939728470381,1.1348380122421922,1.0024057726308522,429.5302857142857,820.0,820.0,1344,148,0.6809549331665039,0.6839563846588135,,,
D,D_SparseFIR_K2_white_SNR10,B3_MUSE_RNN,7402,"{""learning_rate"": 0.03, ""growth_multiplier"": 1.5, ""pruning_threshold"": 0.001}",10000,32,SUCCESS,,1.0,0.9530570269861024,0.618210542497659,1.0047616072340628,339.5222857142857,820.0,820.0,704,70,0.8182809352874756,0.8223915100097656,,,
D,D_SparseFIR_K2_white_SNR10,B3_MUSE_RNN,7403,"{""learning_rate"": 0.03, ""growth_multiplier"": 1.5, ""pruning_threshold"": 0.001}",10000,32,SUCCESS,,1.0,0.23086560170058512,0.3815435161019329,1.000219069959612,247.27142857142857,468.0,820.0,408,34,0.7893309593200684,0.7923324108123779,,,
D,D_SparseFIR_K2_white_SNR10,B3_MUSE_RNN,7404,"{""learning_rate"": 0.03, ""growth_multiplier"": 1.5, ""pruning_threshold"": 0.001}",10000,32,SUCCESS,,1.0,3.543826346513706,1.4860717639316348,1.006450442653647,544.9022857142858,820.0,820.0,1688,190,0.7623157501220703,0.7668302059173584,,,
D,D_SparseFIR_K2_white_SNR10,B3_MUSE_RNN,7405,"{""learning_rate"": 0.03, ""growth_multiplier"": 1.5, ""pruning_threshold"": 0.001}",10000,32,SUCCESS,,1.0,0.5217544485859381,0.559506742063954,1.0004380068462237,288.08514285714284,640.0,820.0,704,70,0.7482888698577881,0.7518048286437988,,,
D,D_SparseFIR_K2_white_SNR10,B3_MUSE_RNN,7406,"{""learning_rate"": 0.03, ""growth_multiplier"": 1.5, ""pruning_threshold"": 0.001}",10000,32,SUCCESS,,1.0,1.5988717438876614,0.9544789931627654,1.0065881841286757,445.412,820.0,820.0,1016,108,0.7254750728607178,0.7284748554229736,,,
D,D_SparseFIR_K2_white_SNR10,B3_MUSE_RNN,7407,"{""learning_rate"": 0.03, ""growth_multiplier"": 1.5, ""pruning_threshold"": 0.001}",10000,32,SUCCESS,,1.0,0.2097004383056171,0.35341578510915456,1.0007854448666165,288.6531428571429,640.0,820.0,408,34,0.707883358001709,0.7108840942382812,,,
D,D_SparseFIR_K2_white_SNR10,B3_MUSE_RNN,7408,"{""learning_rate"": 0.03, ""growth_multiplier"": 1.5, ""pruning_threshold"": 0.001}",10000,32,SUCCESS,,1.0,0.9206596319509172,0.7578096537162647,1.0005671563335248,354.4102857142857,640.0,820.0,704,70,0.6965434551239014,0.7000572681427002,,,
D,D_SparseFIR_K2_white_SNR10,B3_MUSE_RNN,7409,"{""learning_rate"": 0.03, ""growth_multiplier"": 1.5, ""pruning_threshold"": 0.001}",10000,32,SUCCESS,,1.0,1.667432375274383,1.0271609169076235,1.0032116260405683,432.66742857142856,820.0,820.0,704,70,0.730696439743042,0.733705997467041,,,
D,D_SparseFIR_K2_white_SNR10,B3_MUSE_RNN,7410,"{""learning_rate"": 0.03, ""growth_multiplier"": 1.5, ""pruning_threshold"": 0.001}",10000,32,SUCCESS,,1.0,2.58748421298068,1.284903424973294,1.0009855656722086,395.57314285714284,820.0,820.0,408,34,0.7337572574615479,0.7367572784423828,,,
D,D_SparseFIR_K2_colored_SNR10,B3_MUSE_RNN,7401,"{""learning_rate"": 0.03, ""growth_multiplier"": 1.5, ""pruning_threshold"": 0.01}",10000,32,SUCCESS,,1.0,1.5434688181949876,0.978502222236406,1.00186967303335,188.84514285714286,468.0,820.0,704,70,0.7371773719787598,0.7406909465789795,,,
D,D_SparseFIR_K2_colored_SNR10,B3_MUSE_RNN,7402,"{""learning_rate"": 0.03, ""growth_multiplier"": 1.5, ""pruning_threshold"": 0.01}",10000,32,SUCCESS,,1.0,0.754914552829832,0.5447246167705002,0.9936788284381458,176.51028571428571,304.0,820.0,408,34,0.6746106147766113,0.6776103973388672,,,
D,D_SparseFIR_K2_colored_SNR10,B3_MUSE_RNN,7403,"{""learning_rate"": 0.03, ""growth_multiplier"": 1.5, ""pruning_threshold"": 0.01}",10000,32,SUCCESS,,1.0,0.17780999378758022,0.3349277827512723,1.00041497510125,182.4617142857143,468.0,820.0,408,34,0.7021503448486328,0.7041537761688232,,,
D,D_SparseFIR_K2_colored_SNR10,B3_MUSE_RNN,7404,"{""learning_rate"": 0.03, ""growth_multiplier"": 1.5, ""pruning_threshold"": 0.01}",10000,32,SUCCESS,,1.0,2.4982871675206173,1.2634137161691554,1.0013277671702727,198.8137142857143,468.0,820.0,1016,108,0.70920729637146,0.7122070789337158,,,
D,D_SparseFIR_K2_colored_SNR10,B3_MUSE_RNN,7405,"{""learning_rate"": 0.03, ""growth_multiplier"": 1.5, ""pruning_threshold"": 0.01}",10000,32,SUCCESS,,1.0,0.5006227820422959,0.5468013911051064,1.0010377479745407,186.53485714285713,468.0,820.0,408,34,0.6944828033447266,0.6974828243255615,,,
D,D_SparseFIR_K2_colored_SNR10,B3_MUSE_RNN,7406,"{""learning_rate"": 0.03, ""growth_multiplier"": 1.5, ""pruning_threshold"": 0.01}",10000,32,SUCCESS,,1.0,1.580976746714633,0.9394772916078892,0.9973368141525489,193.4257142857143,468.0,820.0,408,34,0.7316055297851562,0.7356112003326416,,,
D,D_SparseFIR_K2_colored_SNR10,B3_MUSE_RNN,7407,"{""learning_rate"": 0.03, ""growth_multiplier"": 1.5, ""pruning_threshold"": 0.01}",10000,32,SUCCESS,,1.0,0.21589536923453728,0.3544493588936205,1.002121000722621,191.61714285714285,468.0,820.0,704,70,0.6800310611724854,0.6990561485290527,,,
D,D_SparseFIR_K2_colored_SNR10,B3_MUSE_RNN,7408,"{""learning_rate"": 0.03, ""growth_multiplier"": 1.5, ""pruning_threshold"": 0.01}",10000,32,SUCCESS,,1.0,0.9719954097803122,0.7844114117330656,1.000623287297883,200.83314285714286,468.0,820.0,1016,108,0.7040560245513916,0.7065629959106445,,,
D,D_SparseFIR_K2_colored_SNR10,B3_MUSE_RNN,7409,"{""learning_rate"": 0.03, ""growth_multiplier"": 1.5, ""pruning_threshold"": 0.01}",10000,32,SUCCESS,,1.0,2.437449721003068,1.2394651256930955,1.0140779569983094,219.06742857142856,468.0,820.0,408,34,0.7506561279296875,0.7596731185913086,,,
D,D_SparseFIR_K2_colored_SNR10,B3_MUSE_RNN,7410,"{""learning_rate"": 0.03, ""growth_multiplier"": 1.5, ""pruning_threshold"": 0.01}",10000,32,SUCCESS,,1.0,3.413507647405351,1.4777665733798047,0.9968126647439008,229.96857142857144,640.0,820.0,1688,190,0.7791857719421387,0.7821860313415527,,,
D,D_SparseFIR_K6_white_SNR10,B3_MUSE_RNN,7401,"{""learning_rate"": 0.001, ""growth_multiplier"": 2.5, ""pruning_threshold"": 0.001}",10000,32,SUCCESS,,1.0,5.5344884670614825,1.8624739188090556,1.0000579829198588,151.27714285714285,148.0,468.0,408,34,0.7289979457855225,0.7309985160827637,,,
D,D_SparseFIR_K6_white_SNR10,B3_MUSE_RNN,7402,"{""learning_rate"": 0.001, ""growth_multiplier"": 2.5, ""pruning_threshold"": 0.001}",10000,32,SUCCESS,,1.0,15.816931371186321,3.1562664546298516,1.0003254704111835,151.14457142857142,148.0,468.0,408,34,0.6994500160217285,0.7014524936676025,,,
D,D_SparseFIR_K6_white_SNR10,B3_MUSE_RNN,7403,"{""learning_rate"": 0.001, ""growth_multiplier"": 2.5, ""pruning_threshold"": 0.001}",10000,32,SUCCESS,,1.0,5.803975730045577,1.9227743684615886,0.9998787664281629,151.32285714285715,148.0,468.0,408,34,0.6773927211761475,0.6815502643585205,,,
D,D_SparseFIR_K6_white_SNR10,B3_MUSE_RNN,7404,"{""learning_rate"": 0.001, ""growth_multiplier"": 2.5, ""pruning_threshold"": 0.001}",10000,32,SUCCESS,,1.0,7.106380884804001,2.123002186407533,1.0001323526415982,151.25485714285713,148.0,468.0,408,34,0.6595702171325684,0.6620795726776123,,,
D,D_SparseFIR_K6_white_SNR10,B3_MUSE_RNN,7405,"{""learning_rate"": 0.001, ""growth_multiplier"": 2.5, ""pruning_threshold"": 0.001}",10000,32,SUCCESS,,1.0,11.206163730134547,2.639019406135323,1.000051776817827,151.03085714285714,148.0,304.0,408,34,0.6780977249145508,0.6836130619049072,,,
D,D_SparseFIR_K6_white_SNR10,B3_MUSE_RNN,7406,"{""learning_rate"": 0.001, ""growth_multiplier"": 2.5, ""pruning_threshold"": 0.001}",10000,32,SUCCESS,,1.0,4.583570402732079,1.6978502757188756,1.0000962741871282,150.89942857142856,148.0,468.0,408,34,0.6510639190673828,0.6545679569244385,,,
D,D_SparseFIR_K6_white_SNR10,B3_MUSE_RNN,7407,"{""learning_rate"": 0.001, ""growth_multiplier"": 2.5, ""pruning_threshold"": 0.001}",10000,32,SUCCESS,,1.0,8.388569585498658,2.3131467560127015,1.000367740395239,151.4142857142857,148.0,468.0,408,34,0.667633056640625,0.6711468696594238,,,
D,D_SparseFIR_K6_white_SNR10,B3_MUSE_RNN,7408,"{""learning_rate"": 0.001, ""growth_multiplier"": 2.5, ""pruning_threshold"": 0.001}",10000,32,SUCCESS,,1.0,8.754235271267056,2.3392527587510408,1.0002001978017994,156.88571428571427,304.0,640.0,408,34,0.6460623741149902,0.6480622291564941,,,
D,D_SparseFIR_K6_white_SNR10,B3_MUSE_RNN,7409,"{""learning_rate"": 0.001, ""growth_multiplier"": 2.5, ""pruning_threshold"": 0.001}",10000,32,SUCCESS,,1.0,6.50259212412432,1.9897047785021924,1.0001319783504485,151.52342857142858,148.0,468.0,408,34,0.6563653945922852,0.6593689918518066,,,
D,D_SparseFIR_K6_white_SNR10,B3_MUSE_RNN,7410,"{""learning_rate"": 0.001, ""growth_multiplier"": 2.5, ""pruning_threshold"": 0.001}",10000,32,SUCCESS,,1.0,11.222443169521068,2.6430821869120305,1.0013877758755403,174.32228571428573,304.0,468.0,408,34,0.6383438110351562,0.6403436660766602,,,
D,D_SparseFIR_K6_colored_SNR10,B3_MUSE_RNN,7401,"{""learning_rate"": 0.03, ""growth_multiplier"": 2.5, ""pruning_threshold"": 0.001}",10000,32,SUCCESS,,1.0,4.7879407878862885,1.7584653510224864,0.9944412430976344,300.6182857142857,640.0,820.0,704,70,0.645287275314331,0.6482880115509033,,,
D,D_SparseFIR_K6_colored_SNR10,B3_MUSE_RNN,7402,"{""learning_rate"": 0.03, ""growth_multiplier"": 2.5, ""pruning_threshold"": 0.001}",10000,32,SUCCESS,,1.0,15.480070716699357,3.081563581768098,0.8537496224860923,645.1622857142858,820.0,820.0,1688,190,0.6845307350158691,0.688042402267456,,,
D,D_SparseFIR_K6_colored_SNR10,B3_MUSE_RNN,7403,"{""learning_rate"": 0.03, ""growth_multiplier"": 2.5, ""pruning_threshold"": 0.001}",10000,32,SUCCESS,,1.0,4.497941117996916,1.6939081320298055,0.9695859587590732,382.2314285714286,640.0,820.0,704,70,0.688861608505249,0.6913304328918457,,,
D,D_SparseFIR_K6_colored_SNR10,B3_MUSE_RNN,7404,"{""learning_rate"": 0.03, ""growth_multiplier"": 2.5, ""pruning_threshold"": 0.001}",10000,32,SUCCESS,,1.0,8.999586424875448,2.360168987957204,0.981740519149216,608.736,820.0,820.0,408,34,0.6838126182556152,0.687321662902832,,,
D,D_SparseFIR_K6_colored_SNR10,B3_MUSE_RNN,7405,"{""learning_rate"": 0.03, ""growth_multiplier"": 2.5, ""pruning_threshold"": 0.001}",10000,32,SUCCESS,,1.0,9.993850176742516,2.495033857126952,0.9467681243617264,612.688,820.0,820.0,1344,148,0.6588265895843506,0.6619689464569092,,,
D,D_SparseFIR_K6_colored_SNR10,B3_MUSE_RNN,7406,"{""learning_rate"": 0.03, ""growth_multiplier"": 2.5, ""pruning_threshold"": 0.001}",10000,32,SUCCESS,,1.0,3.712226169999932,1.5285118446460662,0.9864175401785583,378.1777142857143,820.0,820.0,408,34,0.6506128311157227,0.6568050384521484,,,
D,D_SparseFIR_K6_colored_SNR10,B3_MUSE_RNN,7407,"{""learning_rate"": 0.03, ""growth_multiplier"": 2.5, ""pruning_threshold"": 0.001}",10000,32,SUCCESS,,1.0,8.086464008598533,2.239407399273593,0.8948964696838986,543.8542857142858,820.0,820.0,408,34,0.6414766311645508,0.6444852352142334,,,
D,D_SparseFIR_K6_colored_SNR10,B3_MUSE_RNN,7408,"{""learning_rate"": 0.03, ""growth_multiplier"": 2.5, ""pruning_threshold"": 0.001}",10000,32,SUCCESS,,1.0,7.735874952836588,2.162692415996282,0.9701241523382332,567.524,820.0,820.0,704,70,0.6740255355834961,0.6785390377044678,,,
D,D_SparseFIR_K6_colored_SNR10,B3_MUSE_RNN,7409,"{""learning_rate"": 0.03, ""growth_multiplier"": 2.5, ""pruning_threshold"": 0.001}",10000,32,SUCCESS,,1.0,3.7904132532155086,1.5118637451399044,0.9699379464016803,425.6257142857143,820.0,820.0,1016,108,0.6687018871307373,0.6721804141998291,,,
D,D_SparseFIR_K6_colored_SNR10,B3_MUSE_RNN,7410,"{""learning_rate"": 0.03, ""growth_multiplier"": 2.5, ""pruning_threshold"": 0.001}",10000,32,SUCCESS,,1.0,19.396786740219927,3.3857384872702605,0.8056095875183126,726.8657142857143,820.0,820.0,1688,190,0.7167539596557617,0.7192695140838623,,,
A,A_AusElectricity,LEBRE_V04,7501,{},49999,1,SUCCESS,,1.0,17676.27375838181,92.56421647696351,0.010439075332049337,81.67417142857143,123.0,297.0,452,-1,2.636462450027466,2.662658929824829,0.8775885872066268,4.0,40.0
A,A_AusElectricity,LEBRE_V032,7501,{},49999,1,SUCCESS,,1.0,29712.760918191183,119.05944044952571,0.017547462422677726,80.72602857142857,128.0,157.0,404,-1,1.949901819229126,1.9625613689422607,,,
A,A_AusElectricity,CTRL_PERSISTENCE,7501,{},49999,1,SUCCESS,,1.0,57645.21755833773,178.52096055753134,0.03404353071520599,0.0,0.0,0.0,4,-1,0.61629319190979,0.6258025169372559,,,
A,A_AusElectricity,CTRL_ARX_NLMS,7501,{},49999,1,SUCCESS,,1.0,54039.462655153206,179.33264607548728,0.03191408038094643,20.0,20.0,20.0,16,-1,0.9787404537200928,0.9882502555847168,,,
A,A_AusElectricity,IPNLMS,7501,"{""mu"": 0.5}",49999,1,SUCCESS,,1.0,98187.02536903034,234.02180207270877,0.057986302343338444,26.0,26.0,26.0,16,-1,1.4794120788574219,1.487431287765503,,,
A,A_AusElectricity,RIVER_SGD_LINREG,7501,{},49999,1,SUCCESS,,1.0,1026927.1347475264,816.6170131535442,0.6064722614443371,,,,-1,-1,1.2790145874023438,1.2882790565490723,,,
A,A_AusElectricity,RIVER_HATR,7501,{},49999,1,SUCCESS,,1.0,107470.54032324709,225.6619511952178,0.0634688668972689,,,,-1,-1,3.1308810710906982,3.1512792110443115,,,
A,A_AusElectricity,CTRL_SEASONAL_NAIVE,7501,{},49999,1,SUCCESS,,1.0,422887.5681564191,439.5714494927782,0.2497446713778516,0.0,0.0,0.0,192,-1,0.640460729598999,0.6484673023223877,,,
A,A_AusElectricity,Track_B,7501,{},49999,1,RUNTIME_EXCEPTION,616.0,0.012320246404928098,inf,inf,inf,0.0,0.0,0.0,336,1,0.02628922462463379,0.02628922462463379,,,
A,A_AusElectricity,B1_RZA_LMS,7501,"{""learning_rate"": 0.001, ""rho_zero_attraction"": 1e-06, ""epsilon_reweight"": 10.0}",49999,1,SUCCESS,,1.0,32696105.282207645,5215.189966799542,19.309335823322755,11.0,11.0,11.0,72,1,1.1648831367492676,1.1799166202545166,,,
A,A_AusElectricity,B2_CCN,7501,"{""readout_lr"": 0.001, ""recurrent_lr"": 0.0001, ""max_columns"": 1}",49999,1,SUCCESS,,1.0,13640686.818323633,2820.644763397324,8.055779132174324,43.0,43.0,43.0,136,4,2.0712196826934814,2.079730987548828,,,
A,A_AusElectricity,B4_MINIMAL_GRU,7501,"{""learning_rate"": 0.01, ""weight_decay"": 0.95}",49999,1,SUCCESS,,1.0,1391026.1311814347,956.9297983447126,0.8214981715457138,69.0,69.0,69.0,144,10,2.2435076236724854,2.2533152103424072,,,
A,A_AusElectricity,S1_VARIABLE_TAP_LMS,7501,"{""learning_rate"": 0.001, ""tap_leakage"": 0.0001}",49999,1,NUMERICAL_DIVERGENCE,2.0,4.000080001600032e-05,inf,inf,inf,0.0,0.0,0.0,544,3,0.0,0.0,,,
A,A_AusElectricity,S2_LRU_STREAM,7501,"{""state_lr"": 0.001, ""readout_lr"": 0.001, ""state_decay"": 0.9}",49999,1,NUMERICAL_DIVERGENCE,1.0,2.000040000800016e-05,inf,inf,inf,0.0,0.0,0.0,104,4,0.0,0.0009992122650146484,,,
A,A_AusElectricity,S3_RSONN,7501,"{""learning_rate"": 0.02, ""growth_threshold"": 0.05, ""pruning_threshold"": 0.001}",49999,1,SUCCESS,,1.0,366790.415717081,476.27501991752285,0.21661538133446664,106.0,106.0,106.0,288,24,2.941417932510376,2.949927806854248,,,
A,A_AusElectricity,S5_CONTINUAL_BACKPROP,7501,"{""learning_rate"": 0.001, ""replacement_rate"": 0.001, ""maturity_threshold"": 100}",49999,1,SUCCESS,,1.0,32696105.282211628,5215.18996679402,19.309335823325107,11.0,11.0,11.0,88,1,1.2337262630462646,1.2422230243682861,,,
A,A_AusElectricity,C1_CURRENT_ONLY_LINEAR,7501,"{""learning_rate"": 0.001}",49999,1,SUCCESS,,1.0,32696105.282211628,5215.18996679402,19.309335823325107,5.0,5.0,5.0,40,1,0.943972110748291,0.9539649486541748,,,
A,A_AusElectricity,C2_NLMS,7501,"{""step_size"": 0.2}",49999,1,SUCCESS,,1.0,397946692.62633467,7876.743595683502,235.01534086030637,11.0,11.0,11.0,40,1,0.9991390705108643,1.0081610679626465,,,
A,A_AusElectricity,C4_FIXED_LAG_LINEAR,7501,"{""max_lag"": 4, ""learning_rate"": 0.001}",49999,1,NUMERICAL_DIVERGENCE,2.0,4.000080001600032e-05,inf,inf,inf,0.0,0.0,0.0,96,4,0.0010001659393310547,0.0010001659393310547,,,
A,A_AusElectricity,LEBRE_V04,7502,{},49999,1,SUCCESS,,1.0,17676.27375838181,92.56421647696351,0.010439075332049337,81.67417142857143,123.0,297.0,452,-1,2.6078855991363525,2.6239278316497803,0.8775885872066268,4.0,40.0
A,A_AusElectricity,LEBRE_V032,7502,{},49999,1,SUCCESS,,1.0,29712.760918191183,119.05944044952571,0.017547462422677726,80.72602857142857,128.0,157.0,404,-1,1.907116413116455,1.9258792400360107,,,
A,A_AusElectricity,CTRL_PERSISTENCE,7502,{},49999,1,SUCCESS,,1.0,57645.21755833773,178.52096055753134,0.03404353071520599,0.0,0.0,0.0,4,-1,0.6429166793823242,0.6514315605163574,,,
A,A_AusElectricity,CTRL_ARX_NLMS,7502,{},49999,1,SUCCESS,,1.0,54039.462655153206,179.33264607548728,0.03191408038094643,20.0,20.0,20.0,16,-1,0.95041823387146,0.9589333534240723,,,
A,A_AusElectricity,IPNLMS,7502,"{""mu"": 0.5}",49999,1,SUCCESS,,1.0,98187.02536903034,234.02180207270877,0.057986302343338444,26.0,26.0,26.0,16,-1,1.4093215465545654,1.418346643447876,,,
A,A_AusElectricity,RIVER_SGD_LINREG,7502,{},49999,1,SUCCESS,,1.0,1026927.1347475264,816.6170131535442,0.6064722614443371,,,,-1,-1,1.1528904438018799,1.1614031791687012,,,
A,A_AusElectricity,RIVER_HATR,7502,{},49999,1,SUCCESS,,1.0,104199.83966586181,222.43564664770616,0.061537289517458404,,,,-1,-1,3.2493250370025635,3.2653427124023438,,,
A,A_AusElectricity,CTRL_SEASONAL_NAIVE,7502,{},49999,1,SUCCESS,,1.0,422887.5681564191,439.5714494927782,0.2497446713778516,0.0,0.0,0.0,192,-1,0.6860880851745605,0.6948535442352295,,,
A,A_AusElectricity,Track_B,7502,{},49999,1,RUNTIME_EXCEPTION,616.0,0.012320246404928098,inf,inf,inf,0.0,0.0,0.0,336,1,0.029540538787841797,0.029540538787841797,,,
A,A_AusElectricity,B1_RZA_LMS,7502,"{""learning_rate"": 0.001, ""rho_zero_attraction"": 1e-06, ""epsilon_reweight"": 10.0}",49999,1,SUCCESS,,1.0,32696105.282207645,5215.189966799542,19.309335823322755,11.0,11.0,11.0,72,1,1.202547311782837,1.2110579013824463,,,
A,A_AusElectricity,B2_CCN,7502,"{""readout_lr"": 0.001, ""recurrent_lr"": 0.0001, ""max_columns"": 1}",49999,1,SUCCESS,,1.0,8860314.537025383,2124.844969665633,5.232635123327441,43.0,43.0,43.0,136,4,2.024132251739502,2.036651611328125,,,
A,A_AusElectricity,B4_MINIMAL_GRU,7502,"{""learning_rate"": 0.01, ""weight_decay"": 0.95}",49999,1,SUCCESS,,1.0,1391026.1311814347,956.9297983447126,0.8214981715457138,69.0,69.0,69.0,144,10,2.2656075954437256,2.2761619091033936,,,
A,A_AusElectricity,S1_VARIABLE_TAP_LMS,7502,"{""learning_rate"": 0.001, ""tap_leakage"": 0.0001}",49999,1,NUMERICAL_DIVERGENCE,2.0,4.000080001600032e-05,inf,inf,inf,0.0,0.0,0.0,544,3,0.002004384994506836,0.002004384994506836,,,
A,A_AusElectricity,S2_LRU_STREAM,7502,"{""state_lr"": 0.001, ""readout_lr"": 0.001, ""state_decay"": 0.9}",49999,1,NUMERICAL_DIVERGENCE,1.0,2.000040000800016e-05,inf,inf,inf,0.0,0.0,0.0,104,4,0.0,0.0,,,
A,A_AusElectricity,S3_RSONN,7502,"{""learning_rate"": 0.02, ""growth_threshold"": 0.05, ""pruning_threshold"": 0.001}",49999,1,SUCCESS,,1.0,435599.0817712247,531.2617276767418,0.25725170877855963,106.0,106.0,106.0,288,24,2.9676482677459717,2.976663827896118,,,
A,A_AusElectricity,S5_CONTINUAL_BACKPROP,7502,"{""learning_rate"": 0.001, ""replacement_rate"": 0.001, ""maturity_threshold"": 100}",49999,1,SUCCESS,,1.0,32696105.282211628,5215.18996679402,19.309335823325107,11.0,11.0,11.0,88,1,1.2128853797912598,1.2213938236236572,,,
A,A_AusElectricity,C1_CURRENT_ONLY_LINEAR,7502,"{""learning_rate"": 0.001}",49999,1,SUCCESS,,1.0,32696105.282211628,5215.18996679402,19.309335823325107,5.0,5.0,5.0,40,1,0.89864182472229,0.9071512222290039,,,
A,A_AusElectricity,C2_NLMS,7502,"{""step_size"": 0.2}",49999,1,SUCCESS,,1.0,397946692.62633467,7876.743595683502,235.01534086030637,11.0,11.0,11.0,40,1,0.9640345573425293,0.9735467433929443,,,
A,A_AusElectricity,C4_FIXED_LAG_LINEAR,7502,"{""max_lag"": 4, ""learning_rate"": 0.001}",49999,1,NUMERICAL_DIVERGENCE,2.0,4.000080001600032e-05,inf,inf,inf,0.0,0.0,0.0,96,4,0.0,0.0,,,
A,A_AusElectricity,LEBRE_V04,7503,{},49999,1,SUCCESS,,1.0,17676.27375838181,92.56421647696351,0.010439075332049337,81.67417142857143,123.0,297.0,452,-1,2.8053245544433594,2.8178374767303467,0.8775885872066268,4.0,40.0
A,A_AusElectricity,LEBRE_V032,7503,{},49999,1,SUCCESS,,1.0,29712.760918191183,119.05944044952571,0.017547462422677726,80.72602857142857,128.0,157.0,404,-1,2.0032289028167725,2.016448736190796,,,
A,A_AusElectricity,CTRL_PERSISTENCE,7503,{},49999,1,SUCCESS,,1.0,57645.21755833773,178.52096055753134,0.03404353071520599,0.0,0.0,0.0,4,-1,0.657355785369873,0.6668694019317627,,,
A,A_AusElectricity,CTRL_ARX_NLMS,7503,{},49999,1,SUCCESS,,1.0,54039.462655153206,179.33264607548728,0.03191408038094643,20.0,20.0,20.0,16,-1,1.037360668182373,1.0467455387115479,,,
A,A_AusElectricity,IPNLMS,7503,"{""mu"": 0.5}",49999,1,SUCCESS,,1.0,98187.02536903034,234.02180207270877,0.057986302343338444,26.0,26.0,26.0,16,-1,1.4685726165771484,1.4780910015106201,,,
A,A_AusElectricity,RIVER_SGD_LINREG,7503,{},49999,1,SUCCESS,,1.0,1026927.1347475264,816.6170131535442,0.6064722614443371,,,,-1,-1,1.2571187019348145,1.2663593292236328,,,
A,A_AusElectricity,RIVER_HATR,7503,{},49999,1,SUCCESS,,1.0,107955.42628992192,228.0861692656165,0.06375522595703238,,,,-1,-1,3.103384017944336,3.1184473037719727,,,
A,A_AusElectricity,CTRL_SEASONAL_NAIVE,7503,{},49999,1,SUCCESS,,1.0,422887.5681564191,439.5714494927782,0.2497446713778516,0.0,0.0,0.0,192,-1,0.6737117767333984,0.6843891143798828,,,
A,A_AusElectricity,Track_B,7503,{},49999,1,RUNTIME_EXCEPTION,616.0,0.012320246404928098,inf,inf,inf,0.0,0.0,0.0,336,1,0.025532007217407227,0.025532007217407227,,,
A,A_AusElectricity,B1_RZA_LMS,7503,"{""learning_rate"": 0.001, ""rho_zero_attraction"": 1e-06, ""epsilon_reweight"": 10.0}",49999,1,SUCCESS,,1.0,32696105.282207645,5215.189966799542,19.309335823322755,11.0,11.0,11.0,72,1,1.2127890586853027,1.2226486206054688,,,
A,A_AusElectricity,B2_CCN,7503,"{""readout_lr"": 0.001, ""recurrent_lr"": 0.0001, ""max_columns"": 1}",49999,1,SUCCESS,,1.0,8803085.02307917,2119.662905227624,5.198837094655374,43.0,43.0,43.0,136,4,1.9958631992340088,2.004369020462036,,,
A,A_AusElectricity,B4_MINIMAL_GRU,7503,"{""learning_rate"": 0.01, ""weight_decay"": 0.95}",49999,1,SUCCESS,,1.0,1391026.1311814347,956.9297983447126,0.8214981715457138,69.0,69.0,69.0,144,10,2.2388031482696533,2.2478253841400146,,,
A,A_AusElectricity,S1_VARIABLE_TAP_LMS,7503,"{""learning_rate"": 0.001, ""tap_leakage"": 0.0001}",49999,1,NUMERICAL_DIVERGENCE,2.0,4.000080001600032e-05,inf,inf,inf,0.0,0.0,0.0,544,3,0.0,0.0,,,
A,A_AusElectricity,S2_LRU_STREAM,7503,"{""state_lr"": 0.001, ""readout_lr"": 0.001, ""state_decay"": 0.9}",49999,1,NUMERICAL_DIVERGENCE,1.0,2.000040000800016e-05,inf,inf,inf,0.0,0.0,0.0,104,4,0.0,0.0,,,
A,A_AusElectricity,S3_RSONN,7503,"{""learning_rate"": 0.02, ""growth_threshold"": 0.05, ""pruning_threshold"": 0.001}",49999,1,SUCCESS,,1.0,8599733.511449527,1925.6763597740535,5.0787438115457855,106.0,106.0,106.0,288,24,3.029332399368286,3.03857421875,,,
A,A_AusElectricity,S5_CONTINUAL_BACKPROP,7503,"{""learning_rate"": 0.001, ""replacement_rate"": 0.001, ""maturity_threshold"": 100}",49999,1,SUCCESS,,1.0,32696105.282211628,5215.18996679402,19.309335823325107,11.0,11.0,11.0,88,1,1.2025132179260254,1.2135426998138428,,,
A,A_AusElectricity,C1_CURRENT_ONLY_LINEAR,7503,"{""learning_rate"": 0.001}",49999,1,SUCCESS,,1.0,32696105.282211628,5215.18996679402,19.309335823325107,5.0,5.0,5.0,40,1,0.945446252822876,0.9574630260467529,,,
A,A_AusElectricity,C2_NLMS,7503,"{""step_size"": 0.2}",49999,1,SUCCESS,,1.0,397946692.62633467,7876.743595683502,235.01534086030637,11.0,11.0,11.0,40,1,1.0832598209381104,1.0921330451965332,,,
A,A_AusElectricity,C4_FIXED_LAG_LINEAR,7503,"{""max_lag"": 4, ""learning_rate"": 0.001}",49999,1,NUMERICAL_DIVERGENCE,2.0,4.000080001600032e-05,inf,inf,inf,0.0,0.0,0.0,96,4,0.0,0.0,,,
A,A_Sunspot,LEBRE_V04,7501,{},49999,1,SUCCESS,,1.0,525.2612550083772,15.520256309913641,0.09831198203127028,62.859942857142855,93.0,151.0,368,-1,3.65779709815979,3.7660579681396484,0.8998979571419996,1.0,1.0
A,A_Sunspot,LEBRE_V032,7501,{},49999,1,SUCCESS,,1.0,534.2186814425523,15.668420275549646,0.09998852363460824,60.2726,122.0,226.0,364,-1,1.7614037990570068,1.7739157676696777,,,
A,A_Sunspot,CTRL_PERSISTENCE,7501,{},49999,1,SUCCESS,,1.0,548.1826571428571,15.369571428571428,0.10260212994012484,0.0,0.0,0.0,4,-1,0.7055587768554688,0.7140727043151855,,,
A,A_Sunspot,CTRL_ARX_NLMS,7501,{},49999,1,SUCCESS,,1.0,589.4815500661446,16.271430485909626,0.1103319519673003,20.0,20.0,20.0,16,-1,0.9929404258728027,1.0025486946105957,,,
A,A_Sunspot,IPNLMS,7501,"{""mu"": 0.1}",49999,1,SUCCESS,,1.0,536.1427843242495,15.713960845321264,0.1003486536958455,26.0,26.0,26.0,16,-1,1.4491829872131348,1.4606993198394775,,,
A,A_Sunspot,RIVER_SGD_LINREG,7501,{},49999,1,SUCCESS,,1.0,512.379071522405,15.262268651468334,0.0959008523708954,,,,-1,-1,1.1181340217590332,1.1327908039093018,,,
A,A_Sunspot,RIVER_HATR,7501,{},49999,1,SUCCESS,,1.0,573.3735289923973,16.52085856789937,0.10731704945305279,,,,-1,-1,3.0221760272979736,3.0478808879852295,,,
A,A_Sunspot,Track_B,7501,{},49999,1,RUNTIME_EXCEPTION,116.0,0.0023200464009280187,inf,inf,inf,0.0,0.0,0.0,336,1,0.00500035285949707,0.00500035285949707,,,
A,A_Sunspot,B1_RZA_LMS,7501,"{""learning_rate"": 0.001, ""rho_zero_attraction"": 1e-06, ""epsilon_reweight"": 10.0}",49999,1,SUCCESS,,1.0,5249.937435050127,65.32245423773804,0.982619124975646,11.0,11.0,11.0,72,1,1.1648039817810059,1.1738300323486328,,,
A,A_Sunspot,B2_CCN,7501,"{""readout_lr"": 0.001, ""recurrent_lr"": 0.001, ""max_columns"": 2}",49999,1,SUCCESS,,1.0,553.9983972497744,15.870582747948825,0.10369064909404695,81.0,81.0,81.0,184,7,7.6341071128845215,7.644547939300537,,,
A,A_Sunspot,B4_MINIMAL_GRU,7501,"{""learning_rate"": 0.01, ""weight_decay"": 0.9}",49999,1,SUCCESS,,1.0,2262.53898124082,33.90166603402525,0.42347439402369114,69.0,69.0,69.0,144,10,2.752861976623535,2.762375831604004,,,
A,A_Sunspot,S1_VARIABLE_TAP_LMS,7501,"{""learning_rate"": 0.001, ""tap_leakage"": 0.0001}",49999,1,NUMERICAL_DIVERGENCE,9.0,0.00018000360007200145,inf,inf,inf,0.0,0.0,0.0,544,10,0.0020041465759277344,0.0020041465759277344,,,
A,A_Sunspot,S2_LRU_STREAM,7501,"{""state_lr"": 0.001, ""readout_lr"": 0.001, ""state_decay"": 0.9}",49999,1,NUMERICAL_DIVERGENCE,3.0,6.000120002400048e-05,inf,inf,inf,0.0,0.0,0.0,104,4,0.0,0.0,,,
A,A_Sunspot,S3_RSONN,7501,"{""learning_rate"": 0.02, ""growth_threshold"": 0.1, ""pruning_threshold"": 0.001}",49999,1,SUCCESS,,1.0,1215.396357298869,24.294149812666845,0.22748303572806275,105.99914285714286,106.0,106.0,288,24,4.332391023635864,4.340408563613892,,,
A,A_Sunspot,S5_CONTINUAL_BACKPROP,7501,"{""learning_rate"": 0.001, ""replacement_rate"": 0.0001, ""maturity_threshold"": 50}",49999,1,SUCCESS,,1.0,5249.937405443107,65.32245439140505,0.9826191194341659,11.0,11.0,11.0,88,1,1.2740964889526367,1.294215202331543,,,
A,A_Sunspot,C1_CURRENT_ONLY_LINEAR,7501,"{""learning_rate"": 0.001}",49999,1,SUCCESS,,1.0,5249.937405443107,65.32245439140505,0.9826191194341659,5.0,5.0,5.0,40,1,1.3210744857788086,1.3916940689086914,,,
A,A_Sunspot,C2_NLMS,7501,"{""step_size"": 0.01}",49999,1,SUCCESS,,1.0,22224.699479875606,88.151395173381,4.159747620983515,11.0,11.0,11.0,40,1,0.9715211391448975,0.9872081279754639,,,
A,A_Sunspot,C4_FIXED_LAG_LINEAR,7501,"{""max_lag"": 4, ""learning_rate"": 0.001}",49999,1,NUMERICAL_DIVERGENCE,12.0,0.00024000480009600192,inf,inf,inf,0.0,0.0,0.0,96,4,0.0,0.0,,,
A,A_Sunspot,LEBRE_V04,7502,{},49999,1,SUCCESS,,1.0,525.2612550083772,15.520256309913641,0.09831198203127028,62.859942857142855,93.0,151.0,368,-1,2.340628147125244,2.3526482582092285,0.8998979571419996,1.0,1.0
A,A_Sunspot,LEBRE_V032,7502,{},49999,1,SUCCESS,,1.0,534.2186814425523,15.668420275549646,0.09998852363460824,60.2726,122.0,226.0,364,-1,1.8394100666046143,1.8629555702209473,,,
A,A_Sunspot,CTRL_PERSISTENCE,7502,{},49999,1,SUCCESS,,1.0,548.1826571428571,15.369571428571428,0.10260212994012484,0.0,0.0,0.0,4,-1,0.6376750469207764,0.6479001045227051,,,
A,A_Sunspot,CTRL_ARX_NLMS,7502,{},49999,1,SUCCESS,,1.0,589.4815500661446,16.271430485909626,0.1103319519673003,20.0,20.0,20.0,16,-1,1.0139343738555908,1.023451566696167,,,
A,A_Sunspot,IPNLMS,7502,"{""mu"": 0.1}",49999,1,SUCCESS,,1.0,536.1427843242495,15.713960845321264,0.1003486536958455,26.0,26.0,26.0,16,-1,1.4386308193206787,1.455174207687378,,,
A,A_Sunspot,RIVER_SGD_LINREG,7502,{},49999,1,SUCCESS,,1.0,512.379071522405,15.262268651468334,0.0959008523708954,,,,-1,-1,1.1910388469696045,1.2005596160888672,,,
A,A_Sunspot,RIVER_HATR,7502,{},49999,1,SUCCESS,,1.0,592.5533687942041,16.788852332834768,0.11090689745341177,,,,-1,-1,2.959477186203003,2.9790165424346924,,,
A,A_Sunspot,Track_B,7502,{},49999,1,RUNTIME_EXCEPTION,116.0,0.0023200464009280187,inf,inf,inf,0.0,0.0,0.0,336,1,0.049071550369262695,0.049071550369262695,,,
A,A_Sunspot,B1_RZA_LMS,7502,"{""learning_rate"": 0.001, ""rho_zero_attraction"": 1e-06, ""epsilon_reweight"": 10.0}",49999,1,SUCCESS,,1.0,5249.937435050127,65.32245423773804,0.982619124975646,11.0,11.0,11.0,72,1,3.9478816986083984,3.9584054946899414,,,
A,A_Sunspot,B2_CCN,7502,"{""readout_lr"": 0.001, ""recurrent_lr"": 0.001, ""max_columns"": 2}",49999,1,SUCCESS,,1.0,553.7325166953159,15.868748829170846,0.10364088482142424,81.0,81.0,81.0,184,7,2.9913458824157715,3.001857042312622,,,
A,A_Sunspot,B4_MINIMAL_GRU,7502,"{""learning_rate"": 0.01, ""weight_decay"": 0.9}",49999,1,SUCCESS,,1.0,2250.8428379725565,33.807147918094664,0.42128525287562313,69.0,69.0,69.0,144,10,2.3223304748535156,2.3384227752685547,,,
A,A_Sunspot,S1_VARIABLE_TAP_LMS,7502,"{""learning_rate"": 0.001, ""tap_leakage"": 0.0001}",49999,1,NUMERICAL_DIVERGENCE,9.0,0.00018000360007200145,inf,inf,inf,0.0,0.0,0.0,544,10,0.0,0.0,,,
A,A_Sunspot,S2_LRU_STREAM,7502,"{""state_lr"": 0.001, ""readout_lr"": 0.001, ""state_decay"": 0.9}",49999,1,NUMERICAL_DIVERGENCE,3.0,6.000120002400048e-05,inf,inf,inf,0.0,0.0,0.0,104,4,0.0,0.0,,,
A,A_Sunspot,S3_RSONN,7502,"{""learning_rate"": 0.02, ""growth_threshold"": 0.1, ""pruning_threshold"": 0.001}",49999,1,SUCCESS,,1.0,2088.813301640734,32.40875326912997,0.3909585445709432,106.0,106.0,106.0,288,24,6.451078414916992,6.461615085601807,,,
A,A_Sunspot,S5_CONTINUAL_BACKPROP,7502,"{""learning_rate"": 0.001, ""replacement_rate"": 0.0001, ""maturity_threshold"": 50}",49999,1,SUCCESS,,1.0,5249.937405443107,65.32245439140505,0.9826191194341659,11.0,11.0,11.0,88,1,1.255385398864746,1.2639002799987793,,,
A,A_Sunspot,C1_CURRENT_ONLY_LINEAR,7502,"{""learning_rate"": 0.001}",49999,1,SUCCESS,,1.0,5249.937405443107,65.32245439140505,0.9826191194341659,5.0,5.0,5.0,40,1,0.9448032379150391,0.9533777236938477,,,
A,A_Sunspot,C2_NLMS,7502,"{""step_size"": 0.01}",49999,1,SUCCESS,,1.0,22224.699479875606,88.151395173381,4.159747620983515,11.0,11.0,11.0,40,1,0.9917478561401367,1.0002648830413818,,,
A,A_Sunspot,C4_FIXED_LAG_LINEAR,7502,"{""max_lag"": 4, ""learning_rate"": 0.001}",49999,1,NUMERICAL_DIVERGENCE,12.0,0.00024000480009600192,inf,inf,inf,0.0,0.0,0.0,96,4,0.0,0.0,,,
A,A_Sunspot,LEBRE_V04,7503,{},49999,1,SUCCESS,,1.0,525.2612550083772,15.520256309913641,0.09831198203127028,62.859942857142855,93.0,151.0,368,-1,2.2680728435516357,2.282583713531494,0.8998979571419996,1.0,1.0
A,A_Sunspot,LEBRE_V032,7503,{},49999,1,SUCCESS,,1.0,534.2186814425523,15.668420275549646,0.09998852363460824,60.2726,122.0,226.0,364,-1,1.7747061252593994,1.7902204990386963,,,
A,A_Sunspot,CTRL_PERSISTENCE,7503,{},49999,1,SUCCESS,,1.0,548.1826571428571,15.369571428571428,0.10260212994012484,0.0,0.0,0.0,4,-1,2.2974183559417725,2.3099350929260254,,,
A,A_Sunspot,CTRL_ARX_NLMS,7503,{},49999,1,SUCCESS,,1.0,589.4815500661446,16.271430485909626,0.1103319519673003,20.0,20.0,20.0,16,-1,0.974586009979248,0.9871361255645752,,,
A,A_Sunspot,IPNLMS,7503,"{""mu"": 0.1}",49999,1,SUCCESS,,1.0,536.1427843242495,15.713960845321264,0.1003486536958455,26.0,26.0,26.0,16,-1,1.4339795112609863,1.4424941539764404,,,
A,A_Sunspot,RIVER_SGD_LINREG,7503,{},49999,1,SUCCESS,,1.0,512.379071522405,15.262268651468334,0.0959008523708954,,,,-1,-1,1.1933391094207764,1.2076513767242432,,,
A,A_Sunspot,RIVER_HATR,7503,{},49999,1,SUCCESS,,1.0,581.0795196032792,16.725419733254668,0.10875936259388796,,,,-1,-1,4.1860740184783936,4.200519561767578,,,
A,A_Sunspot,Track_B,7503,{},49999,1,RUNTIME_EXCEPTION,116.0,0.0023200464009280187,inf,inf,inf,0.0,0.0,0.0,336,1,0.004515647888183594,0.004515647888183594,,,
A,A_Sunspot,B1_RZA_LMS,7503,"{""learning_rate"": 0.001, ""rho_zero_attraction"": 1e-06, ""epsilon_reweight"": 10.0}",49999,1,SUCCESS,,1.0,5249.937435050127,65.32245423773804,0.982619124975646,11.0,11.0,11.0,72,1,1.1825809478759766,1.195103406906128,,,
A,A_Sunspot,B2_CCN,7503,"{""readout_lr"": 0.001, ""recurrent_lr"": 0.001, ""max_columns"": 2}",49999,1,SUCCESS,,1.0,553.7252834386824,15.868884608172177,0.10363953098885158,81.0,81.0,81.0,184,7,2.9614460468292236,2.9710147380828857,,,
A,A_Sunspot,B4_MINIMAL_GRU,7503,"{""learning_rate"": 0.01, ""weight_decay"": 0.9}",49999,1,SUCCESS,,1.0,2257.980844290541,33.84133694325303,0.4226212576583509,69.0,69.0,69.0,144,10,2.1892240047454834,2.2163467407226562,,,
A,A_Sunspot,S1_VARIABLE_TAP_LMS,7503,"{""learning_rate"": 0.001, ""tap_leakage"": 0.0001}",49999,1,NUMERICAL_DIVERGENCE,9.0,0.00018000360007200145,inf,inf,inf,0.0,0.0,0.0,544,10,0.0,0.0,,,
A,A_Sunspot,S2_LRU_STREAM,7503,"{""state_lr"": 0.001, ""readout_lr"": 0.001, ""state_decay"": 0.9}",49999,1,NUMERICAL_DIVERGENCE,3.0,6.000120002400048e-05,inf,inf,inf,0.0,0.0,0.0,104,4,0.0,0.0,,,
A,A_Sunspot,S3_RSONN,7503,"{""learning_rate"": 0.02, ""growth_threshold"": 0.1, ""pruning_threshold"": 0.001}",49999,1,SUCCESS,,1.0,1227.3054127335351,25.39378753591685,0.2297120271732506,106.0,106.0,106.0,288,24,5.832837343215942,5.856499910354614,,,
A,A_Sunspot,S5_CONTINUAL_BACKPROP,7503,"{""learning_rate"": 0.001, ""replacement_rate"": 0.0001, ""maturity_threshold"": 50}",49999,1,SUCCESS,,1.0,5249.937405443107,65.32245439140505,0.9826191194341659,11.0,11.0,11.0,88,1,1.2330174446105957,1.2450530529022217,,,
A,A_Sunspot,C1_CURRENT_ONLY_LINEAR,7503,"{""learning_rate"": 0.001}",49999,1,SUCCESS,,1.0,5249.937405443107,65.32245439140505,0.9826191194341659,5.0,5.0,5.0,40,1,0.9089996814727783,0.932793140411377,,,
A,A_Sunspot,C2_NLMS,7503,"{""step_size"": 0.01}",49999,1,SUCCESS,,1.0,22224.699479875606,88.151395173381,4.159747620983515,11.0,11.0,11.0,40,1,0.9119865894317627,0.9225053787231445,,,
A,A_Sunspot,C4_FIXED_LAG_LINEAR,7503,"{""max_lag"": 4, ""learning_rate"": 0.001}",49999,1,NUMERICAL_DIVERGENCE,12.0,0.00024000480009600192,inf,inf,inf,0.0,0.0,0.0,96,4,0.0,0.0,,,
A,A_Solar10min,LEBRE_V04,7501,{},49999,1,SUCCESS,,1.0,11.947385454944959,1.7388679958472353,0.037659698644233394,68.30348571428571,101.0,231.0,368,-1,7.966767072677612,7.978790998458862,0.892034654554913,1.0,15.0
A,A_Solar10min,LEBRE_V032,7501,{},49999,1,SUCCESS,,1.0,12.043644863173405,1.7578808674435928,0.03796312070416661,71.18348571428571,137.0,244.0,344,-1,2.6513752937316895,2.6779346466064453,,,
A,A_Solar10min,CTRL_PERSISTENCE,7501,{},49999,1,SUCCESS,,1.0,11.616904285714284,1.4965742857142856,0.03661797940886129,0.0,0.0,0.0,4,-1,3.005117893218994,3.014629602432251,,,
A,A_Solar10min,CTRL_ARX_NLMS,7501,{},49999,1,SUCCESS,,1.0,14.504603593699475,1.760094362547368,0.045720379772856624,20.0,20.0,20.0,16,-1,2.1169791221618652,2.127497673034668,,,
A,A_Solar10min,IPNLMS,7501,"{""mu"": 0.1}",49999,1,SUCCESS,,1.0,12.155690227813583,1.699543517726283,0.038316302133086344,26.0,26.0,26.0,16,-1,1.589247703552246,1.6037733554840088,,,
A,A_Solar10min,RIVER_SGD_LINREG,7501,{},49999,1,SUCCESS,,1.0,11.58746914249517,1.636357198517587,0.03652519604405214,,,,-1,-1,3.503028392791748,3.519052743911743,,,
A,A_Solar10min,RIVER_HATR,7501,{},49999,1,SUCCESS,,1.0,14.741729359839626,1.916294702685565,0.04646783074673685,,,,-1,-1,7.00288987159729,7.034437417984009,,,
A,A_Solar10min,CTRL_SEASONAL_NAIVE,7501,{},49999,1,SUCCESS,,1.0,86.96920657142857,4.5787771428571435,0.27413814705814826,0.0,0.0,0.0,576,-1,1.2343275547027588,1.2448856830596924,,,
A,A_Solar10min,Track_B,7501,{},49999,1,RUNTIME_EXCEPTION,130.0,0.0026000520010400208,inf,inf,inf,0.0,0.0,0.0,336,1,0.003997087478637695,0.003997087478637695,,,
A,A_Solar10min,B1_RZA_LMS,7501,"{""learning_rate"": 0.003, ""rho_zero_attraction"": 1e-06, ""epsilon_reweight"": 10.0}",49999,1,SUCCESS,,1.0,203.9175574051591,13.64844242374483,0.6427744203203859,11.0,11.0,11.0,72,1,2.430180311203003,2.4404661655426025,,,
A,A_Solar10min,B2_CCN,7501,"{""readout_lr"": 0.003, ""recurrent_lr"": 0.001, ""max_columns"": 2}",49999,1,SUCCESS,,1.0,11.564665561426299,1.6387160062221098,0.036453316217767,81.0,81.0,81.0,184,7,3.607577085494995,3.632617473602295,,,
A,A_Solar10min,B4_MINIMAL_GRU,7501,"{""learning_rate"": 0.01, ""weight_decay"": 0.9}",49999,1,SUCCESS,,1.0,44.330309456536334,3.025088458651934,0.1397348483678314,69.0,69.0,69.0,144,10,4.4212329387664795,4.430744647979736,,,
A,A_Solar10min,S1_VARIABLE_TAP_LMS,7501,"{""learning_rate"": 0.001, ""tap_leakage"": 0.0001}",49999,1,NUMERICAL_DIVERGENCE,114.0,0.002280045600912018,inf,inf,inf,0.0,0.0,0.0,544,30,0.0025224685668945312,0.005025625228881836,,,
A,A_Solar10min,S2_LRU_STREAM,7501,"{""state_lr"": 0.001, ""readout_lr"": 0.001, ""state_decay"": 0.9}",49999,1,NUMERICAL_DIVERGENCE,1946.0,0.03892077841556831,inf,inf,inf,0.0,0.0,0.0,104,4,0.15916156768798828,0.15916156768798828,,,
A,A_Solar10min,S3_RSONN,7501,"{""learning_rate"": 0.02, ""growth_threshold"": 0.05, ""pruning_threshold"": 0.005}",49999,1,SUCCESS,,1.0,36.169564219022675,3.3596653809779125,0.11401112768299114,105.99142857142857,106.0,106.0,288,24,4.399980545043945,4.417015790939331,,,
A,A_Solar10min,S5_CONTINUAL_BACKPROP,7501,"{""learning_rate"": 0.001, ""replacement_rate"": 0.0001, ""maturity_threshold"": 50}",49999,1,SUCCESS,,1.0,205.50491719179985,13.78502123767401,0.6477779829350099,11.0,11.0,11.0,88,1,1.3416073322296143,1.3522443771362305,,,
A,A_Solar10min,C1_CURRENT_ONLY_LINEAR,7501,"{""learning_rate"": 0.003}",49999,1,SUCCESS,,1.0,203.91755726734874,13.648442524801064,0.6427744198859898,5.0,5.0,5.0,40,1,2.8200886249542236,2.8471295833587646,,,
A,A_Solar10min,C2_NLMS,7501,"{""step_size"": 0.01}",49999,1,SUCCESS,,1.0,414.3267621370771,15.320396242495297,1.3060113496099786,11.0,11.0,11.0,40,1,1.218759298324585,1.2596321105957031,,,
A,A_Solar10min,C4_FIXED_LAG_LINEAR,7501,"{""max_lag"": 4, ""learning_rate"": 0.001}",49999,1,SUCCESS,,1.0,203.6798933136049,13.581318721154593,0.6420252724754252,17.0,17.0,17.0,96,4,0.857611894607544,0.893441915512085,,,
A,A_Solar10min,LEBRE_V04,7502,{},49999,1,SUCCESS,,1.0,11.947385454944959,1.7388679958472353,0.037659698644233394,68.30348571428571,101.0,231.0,368,-1,2.3163816928863525,2.348944664001465,0.892034654554913,1.0,15.0
A,A_Solar10min,LEBRE_V032,7502,{},49999,1,SUCCESS,,1.0,12.043644863173405,1.7578808674435928,0.03796312070416661,71.18348571428571,137.0,244.0,344,-1,1.7708849906921387,1.8034496307373047,,,
A,A_Solar10min,CTRL_PERSISTENCE,7502,{},49999,1,SUCCESS,,1.0,11.616904285714284,1.4965742857142856,0.03661797940886129,0.0,0.0,0.0,4,-1,0.730811357498169,0.7446599006652832,,,
A,A_Solar10min,CTRL_ARX_NLMS,7502,{},49999,1,SUCCESS,,1.0,14.504603593699475,1.760094362547368,0.045720379772856624,20.0,20.0,20.0,16,-1,0.9901478290557861,1.0216655731201172,,,
A,A_Solar10min,IPNLMS,7502,"{""mu"": 0.1}",49999,1,SUCCESS,,1.0,12.155690227813583,1.699543517726283,0.038316302133086344,26.0,26.0,26.0,16,-1,1.3648524284362793,1.3746306896209717,,,
A,A_Solar10min,RIVER_SGD_LINREG,7502,{},49999,1,SUCCESS,,1.0,11.58746914249517,1.636357198517587,0.03652519604405214,,,,-1,-1,1.049100637435913,1.080418586730957,,,
A,A_Solar10min,RIVER_HATR,7502,{},49999,1,SUCCESS,,1.0,14.603259617308451,1.9173113335581953,0.046031356273327245,,,,-1,-1,2.4704465866088867,2.5045104026794434,,,
A,A_Solar10min,CTRL_SEASONAL_NAIVE,7502,{},49999,1,SUCCESS,,1.0,86.96920657142857,4.5787771428571435,0.27413814705814826,0.0,0.0,0.0,576,-1,0.628375768661499,0.6438965797424316,,,
A,A_Solar10min,Track_B,7502,{},49999,1,RUNTIME_EXCEPTION,130.0,0.0026000520010400208,inf,inf,inf,0.0,0.0,0.0,336,1,0.005012989044189453,0.005012989044189453,,,
A,A_Solar10min,B1_RZA_LMS,7502,"{""learning_rate"": 0.003, ""rho_zero_attraction"": 1e-06, ""epsilon_reweight"": 10.0}",49999,1,SUCCESS,,1.0,203.9175574051591,13.64844242374483,0.6427744203203859,11.0,11.0,11.0,72,1,1.0324387550354004,1.0465631484985352,,,
A,A_Solar10min,B2_CCN,7502,"{""readout_lr"": 0.003, ""recurrent_lr"": 0.001, ""max_columns"": 2}",49999,1,SUCCESS,,1.0,11.564658032250511,1.6387217985872853,0.03645329248483461,81.0,81.0,81.0,184,7,2.816957950592041,2.8359951972961426,,,
A,A_Solar10min,B4_MINIMAL_GRU,7502,"{""learning_rate"": 0.01, ""weight_decay"": 0.9}",49999,1,SUCCESS,,1.0,44.330309456536654,3.0250884586519473,0.1397348483678324,69.0,69.0,69.0,144,10,2.183199405670166,2.2073850631713867,,,
A,A_Solar10min,S1_VARIABLE_TAP_LMS,7502,"{""learning_rate"": 0.001, ""tap_leakage"": 0.0001}",49999,1,NUMERICAL_DIVERGENCE,114.0,0.002280045600912018,inf,inf,inf,0.0,0.0,0.0,544,30,0.002007007598876953,0.002007007598876953,,,
A,A_Solar10min,S2_LRU_STREAM,7502,"{""state_lr"": 0.001, ""readout_lr"": 0.001, ""state_decay"": 0.9}",49999,1,NUMERICAL_DIVERGENCE,220.0,0.004400088001760036,inf,inf,inf,0.0,0.0,0.0,104,4,0.005019426345825195,0.005019426345825195,,,
A,A_Solar10min,S3_RSONN,7502,"{""learning_rate"": 0.02, ""growth_threshold"": 0.05, ""pruning_threshold"": 0.005}",49999,1,SUCCESS,,1.0,39.33319929726555,3.353163675710035,0.12398331315539007,105.97428571428571,106.0,106.0,288,24,2.9418418407440186,3.057035446166992,,,
A,A_Solar10min,S5_CONTINUAL_BACKPROP,7502,"{""learning_rate"": 0.001, ""replacement_rate"": 0.0001, ""maturity_threshold"": 50}",49999,1,SUCCESS,,1.0,205.50491719179985,13.78502123767401,0.6477779829350099,11.0,11.0,11.0,88,1,1.2065775394439697,1.2281296253204346,,,
A,A_Solar10min,C1_CURRENT_ONLY_LINEAR,7502,"{""learning_rate"": 0.003}",49999,1,SUCCESS,,1.0,203.91755726734874,13.648442524801064,0.6427744198859898,5.0,5.0,5.0,40,1,0.8038806915283203,0.8319244384765625,,,
A,A_Solar10min,C2_NLMS,7502,"{""step_size"": 0.01}",49999,1,SUCCESS,,1.0,414.3267621370771,15.320396242495297,1.3060113496099786,11.0,11.0,11.0,40,1,0.942270040512085,0.9717590808868408,,,
A,A_Solar10min,C4_FIXED_LAG_LINEAR,7502,"{""max_lag"": 4, ""learning_rate"": 0.001}",49999,1,SUCCESS,,1.0,203.6798933136049,13.581318721154593,0.6420252724754252,17.0,17.0,17.0,96,4,0.979966402053833,1.0097379684448242,,,
A,A_Solar10min,LEBRE_V04,7503,{},49999,1,SUCCESS,,1.0,11.947385454944959,1.7388679958472353,0.037659698644233394,68.30348571428571,101.0,231.0,368,-1,2.7403838634490967,2.7615256309509277,0.892034654554913,1.0,15.0
A,A_Solar10min,LEBRE_V032,7503,{},49999,1,SUCCESS,,1.0,12.043644863173405,1.7578808674435928,0.03796312070416661,71.18348571428571,137.0,244.0,344,-1,1.9204778671264648,1.9514117240905762,,,
A,A_Solar10min,CTRL_PERSISTENCE,7503,{},49999,1,SUCCESS,,1.0,11.616904285714284,1.4965742857142856,0.03661797940886129,0.0,0.0,0.0,4,-1,0.665076732635498,0.681922197341919,,,
A,A_Solar10min,CTRL_ARX_NLMS,7503,{},49999,1,SUCCESS,,1.0,14.504603593699475,1.760094362547368,0.045720379772856624,20.0,20.0,20.0,16,-1,1.0495245456695557,1.067063808441162,,,
A,A_Solar10min,IPNLMS,7503,"{""mu"": 0.1}",49999,1,SUCCESS,,1.0,12.155690227813583,1.699543517726283,0.038316302133086344,26.0,26.0,26.0,16,-1,1.3520994186401367,1.3767108917236328,,,
A,A_Solar10min,RIVER_SGD_LINREG,7503,{},49999,1,SUCCESS,,1.0,11.58746914249517,1.636357198517587,0.03652519604405214,,,,-1,-1,1.1126656532287598,1.1327002048492432,,,
A,A_Solar10min,RIVER_HATR,7503,{},49999,1,SUCCESS,,1.0,14.07896443143363,1.8573661980390654,0.04437871028018271,,,,-1,-1,2.9471004009246826,2.958167791366577,,,
A,A_Solar10min,CTRL_SEASONAL_NAIVE,7503,{},49999,1,SUCCESS,,1.0,86.96920657142857,4.5787771428571435,0.27413814705814826,0.0,0.0,0.0,576,-1,1.37394380569458,1.3889663219451904,,,
A,A_Solar10min,Track_B,7503,{},49999,1,RUNTIME_EXCEPTION,130.0,0.0026000520010400208,inf,inf,inf,0.0,0.0,0.0,336,1,0.004517078399658203,0.004517078399658203,,,
A,A_Solar10min,B1_RZA_LMS,7503,"{""learning_rate"": 0.003, ""rho_zero_attraction"": 1e-06, ""epsilon_reweight"": 10.0}",49999,1,SUCCESS,,1.0,203.9175574051591,13.64844242374483,0.6427744203203859,11.0,11.0,11.0,72,1,2.253951072692871,2.2754690647125244,,,
A,A_Solar10min,B2_CCN,7503,"{""readout_lr"": 0.003, ""recurrent_lr"": 0.001, ""max_columns"": 2}",49999,1,SUCCESS,,1.0,11.564682178355426,1.6386981507084273,0.036453368596469075,81.0,81.0,81.0,184,7,2.9970571994781494,3.0225086212158203,,,
A,A_Solar10min,B4_MINIMAL_GRU,7503,"{""learning_rate"": 0.01, ""weight_decay"": 0.9}",49999,1,SUCCESS,,1.0,44.33030945653685,3.025088458651955,0.13973484836783304,69.0,69.0,69.0,144,10,5.671220064163208,5.6942503452301025,,,
A,A_Solar10min,S1_VARIABLE_TAP_LMS,7503,"{""learning_rate"": 0.001, ""tap_leakage"": 0.0001}",49999,1,NUMERICAL_DIVERGENCE,114.0,0.002280045600912018,inf,inf,inf,0.0,0.0,0.0,544,30,0.0028235912322998047,0.0028235912322998047,,,
A,A_Solar10min,S2_LRU_STREAM,7503,"{""state_lr"": 0.001, ""readout_lr"": 0.001, ""state_decay"": 0.9}",49999,1,NUMERICAL_DIVERGENCE,345.0,0.006900138002760055,inf,inf,inf,0.0,0.0,0.0,104,4,0.0060176849365234375,0.008042573928833008,,,
A,A_Solar10min,S3_RSONN,7503,"{""learning_rate"": 0.02, ""growth_threshold"": 0.05, ""pruning_threshold"": 0.005}",49999,1,SUCCESS,,1.0,43.41709144054419,3.6703226227435986,0.13685626749267313,105.95628571428571,106.0,106.0,288,24,5.79399037361145,5.820799827575684,,,
A,A_Solar10min,S5_CONTINUAL_BACKPROP,7503,"{""learning_rate"": 0.001, ""replacement_rate"": 0.0001, ""maturity_threshold"": 50}",49999,1,SUCCESS,,1.0,205.50491719179985,13.78502123767401,0.6477779829350099,11.0,11.0,11.0,88,1,2.6091537475585938,2.6261818408966064,,,
A,A_Solar10min,C1_CURRENT_ONLY_LINEAR,7503,"{""learning_rate"": 0.003}",49999,1,SUCCESS,,1.0,203.91755726734874,13.648442524801064,0.6427744198859898,5.0,5.0,5.0,40,1,0.8548126220703125,0.8708305358886719,,,
A,A_Solar10min,C2_NLMS,7503,"{""step_size"": 0.01}",49999,1,SUCCESS,,1.0,414.3267621370771,15.320396242495297,1.3060113496099786,11.0,11.0,11.0,40,1,1.0782907009124756,1.0976364612579346,,,
A,A_Solar10min,C4_FIXED_LAG_LINEAR,7503,"{""max_lag"": 4, ""learning_rate"": 0.001}",49999,1,SUCCESS,,1.0,203.6798933136049,13.581318721154593,0.6420252724754252,17.0,17.0,17.0,96,4,0.7963967323303223,0.8059120178222656,,,
A,A_Pedestrian,LEBRE_V04,7501,{},49999,1,SUCCESS,,1.0,90068.15470112255,212.38986714921174,0.06730942917781335,80.594,110.0,196.0,452,-1,2.5985934734344482,2.6111066341400146,0.8779087216630985,4.0,18.0
A,A_Pedestrian,LEBRE_V032,7501,{},49999,1,SUCCESS,,1.0,101816.23571037198,209.02041437947898,0.07608896540003633,73.52162857142856,119.0,244.0,344,-1,1.7856242656707764,1.7956855297088623,,,
A,A_Pedestrian,CTRL_PERSISTENCE,7501,{},49999,1,SUCCESS,,1.0,181762.18948571428,294.6241142857143,0.13583390556840724,0.0,0.0,0.0,4,-1,3.0420682430267334,3.052121639251709,,,
A,A_Pedestrian,CTRL_ARX_NLMS,7501,{},49999,1,SUCCESS,,1.0,384047.26615164056,399.0401074122055,0.2870049058709594,20.0,20.0,20.0,16,-1,0.9977471828460693,1.007120132446289,,,
A,A_Pedestrian,IPNLMS,7501,"{""mu"": 0.1}",49999,1,SUCCESS,,1.0,193920.1426732837,321.52789387406733,0.14491974608264258,26.0,26.0,26.0,16,-1,1.4617516994476318,1.4717862606048584,,,
A,A_Pedestrian,RIVER_SGD_LINREG,7501,{},49999,1,SUCCESS,,1.0,178776.8278175364,307.1156684115981,0.1336028951692137,,,,-1,-1,1.1680593490600586,1.180154800415039,,,
A,A_Pedestrian,RIVER_HATR,7501,{},49999,1,SUCCESS,,1.0,179074.64320308543,295.39617750118754,0.13382545755730962,,,,-1,-1,4.4166259765625,4.453002214431763,,,
A,A_Pedestrian,CTRL_SEASONAL_NAIVE,7501,{},49999,1,SUCCESS,,1.0,149422.1470857143,224.99954285714287,0.11166565430630884,0.0,0.0,0.0,96,-1,0.6232833862304688,0.635115385055542,,,
A,A_Pedestrian,Track_B,7501,{},49999,1,RUNTIME_EXCEPTION,141.0,0.0028200564011280228,inf,inf,inf,0.0,0.0,0.0,336,1,0.0055043697357177734,0.0055043697357177734,,,
A,A_Pedestrian,B1_RZA_LMS,7501,"{""learning_rate"": 0.001, ""rho_zero_attraction"": 1e-06, ""epsilon_reweight"": 10.0}",49999,1,NUMERICAL_DIVERGENCE,11.0,0.00022000440008800175,inf,inf,inf,0.0,0.0,0.0,72,1,0.0,0.0,,,
A,A_Pedestrian,B2_CCN,7501,"{""readout_lr"": 0.001, ""recurrent_lr"": 0.0001, ""max_columns"": 1}",49999,1,NUMERICAL_DIVERGENCE,11.0,0.00022000440008800175,inf,inf,inf,0.0,0.0,0.0,136,4,0.0010001659393310547,0.0010001659393310547,,,
A,A_Pedestrian,B4_MINIMAL_GRU,7501,"{""learning_rate"": 0.01, ""weight_decay"": 0.99}",49999,1,SUCCESS,,1.0,1327851.5133580284,1006.5338317026143,0.9923255083176535,69.0,69.0,69.0,144,10,2.1800436973571777,2.189971923828125,,,
A,A_Pedestrian,S1_VARIABLE_TAP_LMS,7501,"{""learning_rate"": 0.001, ""tap_leakage"": 0.0001}",49999,1,NUMERICAL_DIVERGENCE,10.0,0.0002000040000800016,inf,inf,inf,0.0,0.0,0.0,544,11,0.0,0.0,,,
A,A_Pedestrian,S2_LRU_STREAM,7501,"{""state_lr"": 0.001, ""readout_lr"": 0.001, ""state_decay"": 0.9}",49999,1,NUMERICAL_DIVERGENCE,5.0,0.0001000020000400008,inf,inf,inf,0.0,0.0,0.0,104,4,0.0,0.0,,,
A,A_Pedestrian,S3_RSONN,7501,"{""learning_rate"": 0.001, ""growth_threshold"": 0.1, ""pruning_threshold"": 0.001}",49999,1,SUCCESS,,1.0,483350.071296828,474.9096848753562,0.36121554282980545,106.0,106.0,106.0,288,24,2.9511942863464355,2.9623920917510986,,,
A,A_Pedestrian,S5_CONTINUAL_BACKPROP,7501,"{""learning_rate"": 0.001, ""replacement_rate"": 0.0001, ""maturity_threshold"": 50}",49999,1,NUMERICAL_DIVERGENCE,11.0,0.00022000440008800175,inf,inf,inf,0.0,0.0,0.0,88,1,0.0,0.0,,,
A,A_Pedestrian,C1_CURRENT_ONLY_LINEAR,7501,"{""learning_rate"": 0.001}",49999,1,NUMERICAL_DIVERGENCE,11.0,0.00022000440008800175,inf,inf,inf,0.0,0.0,0.0,40,1,0.0,0.0,,,
A,A_Pedestrian,C2_NLMS,7501,"{""step_size"": 0.01}",49999,1,SUCCESS,,1.0,3245496.057328962,1288.9272659111675,2.4254131523240097,11.0,11.0,11.0,40,1,0.9027304649353027,0.9115443229675293,,,
A,A_Pedestrian,C4_FIXED_LAG_LINEAR,7501,"{""max_lag"": 4, ""learning_rate"": 0.001}",49999,1,NUMERICAL_DIVERGENCE,10.0,0.0002000040000800016,inf,inf,inf,0.0,0.0,0.0,96,4,0.0,0.0,,,
A,A_Pedestrian,LEBRE_V04,7502,{},49999,1,SUCCESS,,1.0,90068.15470112255,212.38986714921174,0.06730942917781335,80.594,110.0,196.0,452,-1,2.433163642883301,2.460707902908325,0.8779087216630985,4.0,18.0
A,A_Pedestrian,LEBRE_V032,7502,{},49999,1,SUCCESS,,1.0,101816.23571037198,209.02041437947898,0.07608896540003633,73.52162857142856,119.0,244.0,344,-1,1.8731863498687744,1.8997397422790527,,,
A,A_Pedestrian,CTRL_PERSISTENCE,7502,{},49999,1,SUCCESS,,1.0,181762.18948571428,294.6241142857143,0.13583390556840724,0.0,0.0,0.0,4,-1,0.6423740386962891,0.6510300636291504,,,
A,A_Pedestrian,CTRL_ARX_NLMS,7502,{},49999,1,SUCCESS,,1.0,384047.26615164056,399.0401074122055,0.2870049058709594,20.0,20.0,20.0,16,-1,0.9397327899932861,0.9496114253997803,,,
A,A_Pedestrian,IPNLMS,7502,"{""mu"": 0.1}",49999,1,SUCCESS,,1.0,193920.1426732837,321.52789387406733,0.14491974608264258,26.0,26.0,26.0,16,-1,1.3533456325531006,1.3939158916473389,,,
A,A_Pedestrian,RIVER_SGD_LINREG,7502,{},49999,1,SUCCESS,,1.0,178776.8278175364,307.1156684115981,0.1336028951692137,,,,-1,-1,1.1338765621185303,1.1442866325378418,,,
A,A_Pedestrian,RIVER_HATR,7502,{},49999,1,SUCCESS,,1.0,179816.21693557405,296.6496064223068,0.13437964793450458,,,,-1,-1,3.5189993381500244,3.5430500507354736,,,
A,A_Pedestrian,CTRL_SEASONAL_NAIVE,7502,{},49999,1,SUCCESS,,1.0,149422.1470857143,224.99954285714287,0.11166565430630884,0.0,0.0,0.0,96,-1,0.6670961380004883,0.6756110191345215,,,
A,A_Pedestrian,Track_B,7502,{},49999,1,RUNTIME_EXCEPTION,141.0,0.0028200564011280228,inf,inf,inf,0.0,0.0,0.0,336,1,0.005012989044189453,0.005012989044189453,,,
A,A_Pedestrian,B1_RZA_LMS,7502,"{""learning_rate"": 0.001, ""rho_zero_attraction"": 1e-06, ""epsilon_reweight"": 10.0}",49999,1,NUMERICAL_DIVERGENCE,11.0,0.00022000440008800175,inf,inf,inf,0.0,0.0,0.0,72,1,0.0,0.0,,,
A,A_Pedestrian,B2_CCN,7502,"{""readout_lr"": 0.001, ""recurrent_lr"": 0.0001, ""max_columns"": 1}",49999,1,NUMERICAL_DIVERGENCE,11.0,0.00022000440008800175,inf,inf,inf,0.0,0.0,0.0,136,4,0.0,0.0,,,
A,A_Pedestrian,B4_MINIMAL_GRU,7502,"{""learning_rate"": 0.01, ""weight_decay"": 0.99}",49999,1,SUCCESS,,1.0,1327851.5133580284,1006.5338317026143,0.9923255083176535,69.0,69.0,69.0,144,10,2.155160427093506,2.1636745929718018,,,
A,A_Pedestrian,S1_VARIABLE_TAP_LMS,7502,"{""learning_rate"": 0.001, ""tap_leakage"": 0.0001}",49999,1,NUMERICAL_DIVERGENCE,10.0,0.0002000040000800016,inf,inf,inf,0.0,0.0,0.0,544,11,0.0,0.0,,,
A,A_Pedestrian,S2_LRU_STREAM,7502,"{""state_lr"": 0.001, ""readout_lr"": 0.001, ""state_decay"": 0.9}",49999,1,NUMERICAL_DIVERGENCE,8.0,0.0001600032000640013,inf,inf,inf,0.0,0.0,0.0,104,4,0.0,0.0,,,
A,A_Pedestrian,S3_RSONN,7502,"{""learning_rate"": 0.001, ""growth_threshold"": 0.1, ""pruning_threshold"": 0.001}",49999,1,SUCCESS,,1.0,364820.47936536395,434.0060823766187,0.27263640850580045,106.0,106.0,106.0,288,24,3.0450551509857178,3.0545690059661865,,,
A,A_Pedestrian,S5_CONTINUAL_BACKPROP,7502,"{""learning_rate"": 0.001, ""replacement_rate"": 0.0001, ""maturity_threshold"": 50}",49999,1,NUMERICAL_DIVERGENCE,11.0,0.00022000440008800175,inf,inf,inf,0.0,0.0,0.0,88,1,0.0,0.0,,,
A,A_Pedestrian,C1_CURRENT_ONLY_LINEAR,7502,"{""learning_rate"": 0.001}",49999,1,NUMERICAL_DIVERGENCE,11.0,0.00022000440008800175,inf,inf,inf,0.0,0.0,0.0,40,1,0.0010044574737548828,0.0010044574737548828,,,
A,A_Pedestrian,C2_NLMS,7502,"{""step_size"": 0.01}",49999,1,SUCCESS,,1.0,3245496.057328962,1288.9272659111675,2.4254131523240097,11.0,11.0,11.0,40,1,0.8248322010040283,0.8327295780181885,,,
A,A_Pedestrian,C4_FIXED_LAG_LINEAR,7502,"{""max_lag"": 4, ""learning_rate"": 0.001}",49999,1,NUMERICAL_DIVERGENCE,10.0,0.0002000040000800016,inf,inf,inf,0.0,0.0,0.0,96,4,0.0,0.0,,,
A,A_Pedestrian,LEBRE_V04,7503,{},49999,1,SUCCESS,,1.0,90068.15470112255,212.38986714921174,0.06730942917781335,80.594,110.0,196.0,452,-1,2.650770425796509,2.6667912006378174,0.8779087216630985,4.0,18.0
A,A_Pedestrian,LEBRE_V032,7503,{},49999,1,SUCCESS,,1.0,101816.23571037198,209.02041437947898,0.07608896540003633,73.52162857142856,119.0,244.0,344,-1,1.9003243446350098,1.9128508567810059,,,
A,A_Pedestrian,CTRL_PERSISTENCE,7503,{},49999,1,SUCCESS,,1.0,181762.18948571428,294.6241142857143,0.13583390556840724,0.0,0.0,0.0,4,-1,0.5811078548431396,0.589623212814331,,,
A,A_Pedestrian,CTRL_ARX_NLMS,7503,{},49999,1,SUCCESS,,1.0,384047.26615164056,399.0401074122055,0.2870049058709594,20.0,20.0,20.0,16,-1,0.9732844829559326,0.983306884765625,,,
A,A_Pedestrian,IPNLMS,7503,"{""mu"": 0.1}",49999,1,SUCCESS,,1.0,193920.1426732837,321.52789387406733,0.14491974608264258,26.0,26.0,26.0,16,-1,1.337491750717163,1.3450052738189697,,,
A,A_Pedestrian,RIVER_SGD_LINREG,7503,{},49999,1,SUCCESS,,1.0,178776.8278175364,307.1156684115981,0.1336028951692137,,,,-1,-1,1.2292382717132568,1.2387511730194092,,,
A,A_Pedestrian,RIVER_HATR,7503,{},49999,1,SUCCESS,,1.0,181445.35230356918,298.9307525660472,0.13559712787552278,,,,-1,-1,3.486279249191284,3.5036468505859375,,,
A,A_Pedestrian,CTRL_SEASONAL_NAIVE,7503,{},49999,1,SUCCESS,,1.0,149422.1470857143,224.99954285714287,0.11166565430630884,0.0,0.0,0.0,96,-1,0.6657073497772217,0.6762161254882812,,,
A,A_Pedestrian,Track_B,7503,{},49999,1,RUNTIME_EXCEPTION,141.0,0.0028200564011280228,inf,inf,inf,0.0,0.0,0.0,336,1,0.006249189376831055,0.006249189376831055,,,
A,A_Pedestrian,B1_RZA_LMS,7503,"{""learning_rate"": 0.001, ""rho_zero_attraction"": 1e-06, ""epsilon_reweight"": 10.0}",49999,1,NUMERICAL_DIVERGENCE,11.0,0.00022000440008800175,inf,inf,inf,0.0,0.0,0.0,72,1,0.0,0.0,,,
A,A_Pedestrian,B2_CCN,7503,"{""readout_lr"": 0.001, ""recurrent_lr"": 0.0001, ""max_columns"": 1}",49999,1,NUMERICAL_DIVERGENCE,11.0,0.00022000440008800175,inf,inf,inf,0.0,0.0,0.0,136,4,0.0010001659393310547,0.0010001659393310547,,,
A,A_Pedestrian,B4_MINIMAL_GRU,7503,"{""learning_rate"": 0.01, ""weight_decay"": 0.99}",49999,1,SUCCESS,,1.0,1327851.5133580284,1006.5338317026143,0.9923255083176535,69.0,69.0,69.0,144,10,2.3311147689819336,2.339623212814331,,,
A,A_Pedestrian,S1_VARIABLE_TAP_LMS,7503,"{""learning_rate"": 0.001, ""tap_leakage"": 0.0001}",49999,1,NUMERICAL_DIVERGENCE,10.0,0.0002000040000800016,inf,inf,inf,0.0,0.0,0.0,544,11,0.0,0.0,,,
A,A_Pedestrian,S2_LRU_STREAM,7503,"{""state_lr"": 0.001, ""readout_lr"": 0.001, ""state_decay"": 0.9}",49999,1,NUMERICAL_DIVERGENCE,8.0,0.0001600032000640013,inf,inf,inf,0.0,0.0,0.0,104,4,0.0,0.0,,,
A,A_Pedestrian,S3_RSONN,7503,"{""learning_rate"": 0.001, ""growth_threshold"": 0.1, ""pruning_threshold"": 0.001}",49999,1,SUCCESS,,1.0,913393.0725638568,641.7375993885623,0.6825938261226085,106.0,106.0,106.0,288,24,2.879640579223633,2.889155387878418,,,
A,A_Pedestrian,S5_CONTINUAL_BACKPROP,7503,"{""learning_rate"": 0.001, ""replacement_rate"": 0.0001, ""maturity_threshold"": 50}",49999,1,NUMERICAL_DIVERGENCE,11.0,0.00022000440008800175,inf,inf,inf,0.0,0.0,0.0,88,1,0.0,0.0,,,
A,A_Pedestrian,C1_CURRENT_ONLY_LINEAR,7503,"{""learning_rate"": 0.001}",49999,1,NUMERICAL_DIVERGENCE,11.0,0.00022000440008800175,inf,inf,inf,0.0,0.0,0.0,40,1,0.0010004043579101562,0.0010004043579101562,,,
A,A_Pedestrian,C2_NLMS,7503,"{""step_size"": 0.01}",49999,1,SUCCESS,,1.0,3245496.057328962,1288.9272659111675,2.4254131523240097,11.0,11.0,11.0,40,1,0.9077143669128418,0.9172251224517822,,,
A,A_Pedestrian,C4_FIXED_LAG_LINEAR,7503,"{""max_lag"": 4, ""learning_rate"": 0.001}",49999,1,NUMERICAL_DIVERGENCE,10.0,0.0002000040000800016,inf,inf,inf,0.0,0.0,0.0,96,4,0.0,0.0,,,
A,A_USBirths,B3_MUSE_RNN,7501,"{""learning_rate"": 0.03, ""growth_multiplier"": 1.5, ""pruning_threshold"": 0.01}",7304,1,SUCCESS,,1.0,898182.7701857084,819.0576530823964,0.6754921352774156,199.934285155486,200.0,200.0,448,35,0.4857358932495117,0.4867360591888428,,,
A,A_USBirths,B3_MUSE_RNN,7502,"{""learning_rate"": 0.03, ""growth_multiplier"": 1.5, ""pruning_threshold"": 0.01}",7304,1,SUCCESS,,1.0,898206.1259667579,819.0601460077454,0.6755097003509573,200.0,200.0,200.0,448,35,0.4306342601776123,0.43163442611694336,,,
A,A_USBirths,B3_MUSE_RNN,7503,"{""learning_rate"": 0.03, ""growth_multiplier"": 1.5, ""pruning_threshold"": 0.01}",7304,1,SUCCESS,,1.0,898206.1307995918,819.060148939832,0.6755097039855641,200.0,200.0,200.0,448,35,0.44500017166137695,0.4460010528564453,,,
A,A_SaugeenRiver,LEBRE_V04,7501,{},23740,1,SUCCESS,,1.0,219.36934994340132,5.052223211089534,0.1373218559448186,53.558972198820555,81.0999999999949,111.0,340,-1,0.98301100730896,0.9890096187591553,0.8997892074198989,0.0,0.0
A,A_SaugeenRiver,LEBRE_V032,7501,{},23740,1,SUCCESS,,1.0,234.89659121177496,5.125876211015276,0.14704167135761978,54.09676254663618,90.0,122.0,324,-1,0.7993185520172119,0.8048281669616699,,,
A,A_SaugeenRiver,CTRL_PERSISTENCE,7501,{},23740,1,SUCCESS,,1.0,207.54563726080153,4.675219641352749,0.12992039274974687,0.0,0.0,0.0,4,-1,0.32770538330078125,0.3317115306854248,,,
A,A_SaugeenRiver,CTRL_ARX_NLMS,7501,{},23740,1,SUCCESS,,1.0,294.0169439108226,5.382481772218748,0.1840501073986625,20.0,20.0,20.0,16,-1,0.4921576976776123,0.49866747856140137,,,
A,A_SaugeenRiver,IPNLMS,7501,"{""mu"": 0.1}",23740,1,SUCCESS,,1.0,235.35941723027733,5.125007393963099,0.14733139336234238,26.0,26.0,26.0,16,-1,0.6859052181243896,0.6904187202453613,,,
A,A_SaugeenRiver,RIVER_SGD_LINREG,7501,{},23740,1,SUCCESS,,1.0,218.31391495583964,5.170615137778384,0.13666116979445866,,,,-1,-1,0.5698654651641846,0.574373722076416,,,
A,A_SaugeenRiver,RIVER_HATR,7501,{},23740,1,SUCCESS,,1.0,779.3238429455987,7.575150137987118,0.4878447992983036,,,,-1,-1,1.3278131484985352,1.3373258113861084,,,
A,A_SaugeenRiver,Track_B,7501,{},23740,1,RUNTIME_EXCEPTION,124.0,0.005223251895534962,inf,inf,inf,0.0,0.0,0.0,336,1,0.004511356353759766,0.004511356353759766,,,
A,A_SaugeenRiver,B1_RZA_LMS,7501,"{""learning_rate"": 0.001, ""rho_zero_attraction"": 1e-06, ""epsilon_reweight"": 10.0}",23740,1,SUCCESS,,1.0,738.4137142346343,23.670262005012972,0.46223568479356314,11.0,11.0,11.0,72,1,0.5318377017974854,0.5383796691894531,,,
A,A_SaugeenRiver,B2_CCN,7501,"{""readout_lr"": 0.001, ""recurrent_lr"": 0.001, ""max_columns"": 2}",23740,1,SUCCESS,,1.0,202.33574299713055,4.787078232782356,0.1266590786703272,81.0,81.0,81.0,184,7,1.416471242904663,1.422480583190918,,,
A,A_SaugeenRiver,B4_MINIMAL_GRU,7501,"{""learning_rate"": 0.01, ""weight_decay"": 0.9}",23740,1,SUCCESS,,1.0,892.5325634805558,14.33320952657569,0.5587117258630656,69.0,69.0,69.0,144,10,1.0495281219482422,1.0545306205749512,,,
A,A_SaugeenRiver,S1_VARIABLE_TAP_LMS,7501,"{""learning_rate"": 0.001, ""tap_leakage"": 0.0001}",23740,1,NUMERICAL_DIVERGENCE,59.0,0.002485256950294861,inf,inf,inf,0.0,0.0,0.0,544,23,0.0009999275207519531,0.0009999275207519531,,,
A,A_SaugeenRiver,S2_LRU_STREAM,7501,"{""state_lr"": 0.001, ""readout_lr"": 0.001, ""state_decay"": 0.9}",23740,1,NUMERICAL_DIVERGENCE,55.0,0.002316764953664701,inf,inf,inf,0.0,0.0,0.0,104,4,0.0010035037994384766,0.0010035037994384766,,,
A,A_SaugeenRiver,S3_RSONN,7501,"{""learning_rate"": 0.02, ""growth_threshold"": 0.05, ""pruning_threshold"": 0.005}",23740,1,SUCCESS,,1.0,1202.8101169645436,19.849564238876965,0.7529407260102239,105.99819472860753,106.0,106.0,288,24,1.4027514457702637,1.4087567329406738,,,
A,A_SaugeenRiver,S5_CONTINUAL_BACKPROP,7501,"{""learning_rate"": 0.001, ""replacement_rate"": 0.0001, ""maturity_threshold"": 100}",23740,1,SUCCESS,,1.0,738.4137115120965,23.670262002364446,0.46223568308929613,11.0,11.0,11.0,88,1,0.5948383808135986,0.6009154319763184,,,
A,A_SaugeenRiver,C1_CURRENT_ONLY_LINEAR,7501,"{""learning_rate"": 0.001}",23740,1,SUCCESS,,1.0,738.4137115120965,23.670262002364446,0.46223568308929613,5.0,5.0,5.0,40,1,0.43280673027038574,0.4373130798339844,,,
A,A_SaugeenRiver,C2_NLMS,7501,"{""step_size"": 0.1}",23740,1,SUCCESS,,1.0,26415.6697461655,38.08446876053914,16.535805008788813,11.0,11.0,11.0,40,1,0.44582390785217285,0.45233678817749023,,,
A,A_SaugeenRiver,C4_FIXED_LAG_LINEAR,7501,"{""max_lag"": 4, ""learning_rate"": 0.001}",23740,1,SUCCESS,,1.0,727.103901460654,23.3370411513751,0.45515591507681785,17.0,17.0,17.0,96,4,0.42994189262390137,0.43494343757629395,,,
A,A_SaugeenRiver,LEBRE_V04,7502,{},23740,1,SUCCESS,,1.0,219.36934994340132,5.052223211089534,0.1373218559448186,53.558972198820555,81.0999999999949,111.0,340,-1,1.0261218547821045,1.0333747863769531,0.8997892074198989,0.0,0.0
A,A_SaugeenRiver,LEBRE_V032,7502,{},23740,1,SUCCESS,,1.0,234.89659121177496,5.125876211015276,0.14704167135761978,54.09676254663618,90.0,122.0,324,-1,0.7951054573059082,0.803119421005249,,,
A,A_SaugeenRiver,CTRL_PERSISTENCE,7502,{},23740,1,SUCCESS,,1.0,207.54563726080153,4.675219641352749,0.12992039274974687,0.0,0.0,0.0,4,-1,0.2926938533782959,0.2977023124694824,,,
A,A_SaugeenRiver,CTRL_ARX_NLMS,7502,{},23740,1,SUCCESS,,1.0,294.0169439108226,5.382481772218748,0.1840501073986625,20.0,20.0,20.0,16,-1,0.4701714515686035,0.4771757125854492,,,
A,A_SaugeenRiver,IPNLMS,7502,"{""mu"": 0.1}",23740,1,SUCCESS,,1.0,235.35941723027733,5.125007393963099,0.14733139336234238,26.0,26.0,26.0,16,-1,0.6940128803253174,0.6984314918518066,,,
A,A_SaugeenRiver,RIVER_SGD_LINREG,7502,{},23740,1,SUCCESS,,1.0,218.31391495583964,5.170615137778384,0.13666116979445866,,,,-1,-1,0.5746474266052246,0.5801517963409424,,,
A,A_SaugeenRiver,RIVER_HATR,7502,{},23740,1,SUCCESS,,1.0,875.3288401048273,6.873844508749317,0.5479424583071112,,,,-1,-1,1.3583338260650635,1.3658497333526611,,,
A,A_SaugeenRiver,Track_B,7502,{},23740,1,RUNTIME_EXCEPTION,124.0,0.005223251895534962,inf,inf,inf,0.0,0.0,0.0,336,1,0.004067420959472656,0.004067420959472656,,,
A,A_SaugeenRiver,B1_RZA_LMS,7502,"{""learning_rate"": 0.001, ""rho_zero_attraction"": 1e-06, ""epsilon_reweight"": 10.0}",23740,1,SUCCESS,,1.0,738.4137142346343,23.670262005012972,0.46223568479356314,11.0,11.0,11.0,72,1,0.578423261642456,0.5834238529205322,,,
A,A_SaugeenRiver,B2_CCN,7502,"{""readout_lr"": 0.001, ""recurrent_lr"": 0.001, ""max_columns"": 2}",23740,1,SUCCESS,,1.0,202.33562366669852,4.787057037512696,0.1266590039713029,81.0,81.0,81.0,184,7,1.3972201347351074,1.4017319679260254,,,
A,A_SaugeenRiver,B4_MINIMAL_GRU,7502,"{""learning_rate"": 0.01, ""weight_decay"": 0.9}",23740,1,SUCCESS,,1.0,893.81473266796,14.32669098494817,0.5595143441526992,69.0,69.0,69.0,144,10,1.0243713855743408,1.0293707847595215,,,
A,A_SaugeenRiver,S1_VARIABLE_TAP_LMS,7502,"{""learning_rate"": 0.001, ""tap_leakage"": 0.0001}",23740,1,NUMERICAL_DIVERGENCE,59.0,0.002485256950294861,inf,inf,inf,0.0,0.0,0.0,544,23,0.001998424530029297,0.001998424530029297,,,
A,A_SaugeenRiver,S2_LRU_STREAM,7502,"{""state_lr"": 0.001, ""readout_lr"": 0.001, ""state_decay"": 0.9}",23740,1,NUMERICAL_DIVERGENCE,57.0,0.002401010951979781,inf,inf,inf,0.0,0.0,0.0,104,4,0.0010001659393310547,0.0010001659393310547,,,
A,A_SaugeenRiver,S3_RSONN,7502,"{""learning_rate"": 0.02, ""growth_threshold"": 0.05, ""pruning_threshold"": 0.005}",23740,1,SUCCESS,,1.0,1119.6508567430524,18.57665137896717,0.7008843017396519,105.98014201468287,106.0,106.0,288,24,1.5026171207427979,1.5076756477355957,,,
A,A_SaugeenRiver,S5_CONTINUAL_BACKPROP,7502,"{""learning_rate"": 0.001, ""replacement_rate"": 0.0001, ""maturity_threshold"": 100}",23740,1,SUCCESS,,1.0,738.4137115120965,23.670262002364446,0.46223568308929613,11.0,11.0,11.0,88,1,0.5686130523681641,0.5757322311401367,,,
A,A_SaugeenRiver,C1_CURRENT_ONLY_LINEAR,7502,"{""learning_rate"": 0.001}",23740,1,SUCCESS,,1.0,738.4137115120965,23.670262002364446,0.46223568308929613,5.0,5.0,5.0,40,1,0.4149293899536133,0.4204416275024414,,,
A,A_SaugeenRiver,C2_NLMS,7502,"{""step_size"": 0.1}",23740,1,SUCCESS,,1.0,26415.6697461655,38.08446876053914,16.535805008788813,11.0,11.0,11.0,40,1,0.4366614818572998,0.44568467140197754,,,
A,A_SaugeenRiver,C4_FIXED_LAG_LINEAR,7502,"{""max_lag"": 4, ""learning_rate"": 0.001}",23740,1,SUCCESS,,1.0,727.103901460654,23.3370411513751,0.45515591507681785,17.0,17.0,17.0,96,4,0.4129791259765625,0.41948986053466797,,,
A,A_SaugeenRiver,LEBRE_V04,7503,{},23740,1,SUCCESS,,1.0,219.36934994340132,5.052223211089534,0.1373218559448186,53.558972198820555,81.0999999999949,111.0,340,-1,0.9787464141845703,0.9847633838653564,0.8997892074198989,0.0,0.0
A,A_SaugeenRiver,LEBRE_V032,7503,{},23740,1,SUCCESS,,1.0,234.89659121177496,5.125876211015276,0.14704167135761978,54.09676254663618,90.0,122.0,324,-1,0.8077261447906494,0.825585126876831,,,
A,A_SaugeenRiver,CTRL_PERSISTENCE,7503,{},23740,1,SUCCESS,,1.0,207.54563726080153,4.675219641352749,0.12992039274974687,0.0,0.0,0.0,4,-1,0.3166539669036865,0.322171688079834,,,
A,A_SaugeenRiver,CTRL_ARX_NLMS,7503,{},23740,1,SUCCESS,,1.0,294.0169439108226,5.382481772218748,0.1840501073986625,20.0,20.0,20.0,16,-1,0.44771552085876465,0.4527242183685303,,,
A,A_SaugeenRiver,IPNLMS,7503,"{""mu"": 0.1}",23740,1,SUCCESS,,1.0,235.35941723027733,5.125007393963099,0.14733139336234238,26.0,26.0,26.0,16,-1,0.6847817897796631,0.69230055809021,,,
A,A_SaugeenRiver,RIVER_SGD_LINREG,7503,{},23740,1,SUCCESS,,1.0,218.31391495583964,5.170615137778384,0.13666116979445866,,,,-1,-1,0.5299868583679199,0.5355041027069092,,,
A,A_SaugeenRiver,RIVER_HATR,7503,{},23740,1,SUCCESS,,1.0,1005.339476247192,6.87798949980662,0.6293271269139256,,,,-1,-1,1.3835158348083496,1.3905155658721924,,,
A,A_SaugeenRiver,Track_B,7503,{},23740,1,RUNTIME_EXCEPTION,124.0,0.005223251895534962,inf,inf,inf,0.0,0.0,0.0,336,1,0.0040094852447509766,0.0040094852447509766,,,
A,A_SaugeenRiver,B1_RZA_LMS,7503,"{""learning_rate"": 0.001, ""rho_zero_attraction"": 1e-06, ""epsilon_reweight"": 10.0}",23740,1,SUCCESS,,1.0,738.4137142346343,23.670262005012972,0.46223568479356314,11.0,11.0,11.0,72,1,0.5673613548278809,0.5728721618652344,,,
A,A_SaugeenRiver,B2_CCN,7503,"{""readout_lr"": 0.001, ""recurrent_lr"": 0.001, ""max_columns"": 2}",23740,1,SUCCESS,,1.0,202.33545484305867,4.787042039295587,0.12665889829028795,81.0,81.0,81.0,184,7,1.3565278053283691,1.3635318279266357,,,
A,A_SaugeenRiver,B4_MINIMAL_GRU,7503,"{""learning_rate"": 0.01, ""weight_decay"": 0.9}",23740,1,SUCCESS,,1.0,889.663541856545,14.310432721987366,0.556915762232519,69.0,69.0,69.0,144,10,1.002213478088379,1.0097236633300781,,,
A,A_SaugeenRiver,S1_VARIABLE_TAP_LMS,7503,"{""learning_rate"": 0.001, ""tap_leakage"": 0.0001}",23740,1,NUMERICAL_DIVERGENCE,59.0,0.002485256950294861,inf,inf,inf,0.0,0.0,0.0,544,23,0.0010044574737548828,0.0010044574737548828,,,
A,A_SaugeenRiver,S2_LRU_STREAM,7503,"{""state_lr"": 0.001, ""readout_lr"": 0.001, ""state_decay"": 0.9}",23740,1,NUMERICAL_DIVERGENCE,58.0,0.002443133951137321,inf,inf,inf,0.0,0.0,0.0,104,4,0.0009992122650146484,0.0009992122650146484,,,
A,A_SaugeenRiver,S3_RSONN,7503,"{""learning_rate"": 0.02, ""growth_threshold"": 0.05, ""pruning_threshold"": 0.005}",23740,1,SUCCESS,,1.0,1206.7976528972504,19.828211791505897,0.7554368624808259,105.99819472860753,106.0,106.0,288,24,1.4583985805511475,1.4623994827270508,,,
A,A_SaugeenRiver,S5_CONTINUAL_BACKPROP,7503,"{""learning_rate"": 0.001, ""replacement_rate"": 0.0001, ""maturity_threshold"": 100}",23740,1,SUCCESS,,1.0,738.4137115120965,23.670262002364446,0.46223568308929613,11.0,11.0,11.0,88,1,0.5678808689117432,0.5728790760040283,,,
A,A_SaugeenRiver,C1_CURRENT_ONLY_LINEAR,7503,"{""learning_rate"": 0.001}",23740,1,SUCCESS,,1.0,738.4137115120965,23.670262002364446,0.46223568308929613,5.0,5.0,5.0,40,1,0.438739538192749,0.44273972511291504,,,
A,A_SaugeenRiver,C2_NLMS,7503,"{""step_size"": 0.1}",23740,1,SUCCESS,,1.0,26415.6697461655,38.08446876053914,16.535805008788813,11.0,11.0,11.0,40,1,0.46127986907958984,0.4672813415527344,,,
A,A_SaugeenRiver,C4_FIXED_LAG_LINEAR,7503,"{""max_lag"": 4, ""learning_rate"": 0.001}",23740,1,SUCCESS,,1.0,727.103901460654,23.3370411513751,0.45515591507681785,17.0,17.0,17.0,96,4,0.44640111923217773,0.44940900802612305,,,
B,B_FriedmanDrift_LEA,LEBRE_V04,7301,{},16000,10,SUCCESS,,1.0,11.296329762828579,2.504998924058082,0.36235655663218164,126.43428571428572,156.0,273.0,2104,-1,0.6672375202178955,0.671236515045166,0.9038798498122653,0.0,0.0
B,B_FriedmanDrift_LEA,LEBRE_V032,7301,{},16000,10,SUCCESS,,1.0,11.257942314948957,2.5050236103009396,0.36112518823876516,116.79714285714286,176.0,176.0,2124,-1,0.5439639091491699,0.5475270748138428,,,
B,B_FriedmanDrift_LEA,CTRL_PERSISTENCE,7301,{},16000,10,SUCCESS,,1.0,62.32201887539192,6.28100597948365,1.9991264982687755,0.0,0.0,0.0,4,-1,0.19094014167785645,0.19394564628601074,,,
B,B_FriedmanDrift_LEA,CTRL_ARX_NLMS,7301,{},16000,10,SUCCESS,,1.0,13.940262511765068,2.8482062789916847,0.44716696735728356,74.0,74.0,74.0,52,-1,0.31765198707580566,0.32265734672546387,,,
B,B_FriedmanDrift_LEA,IPNLMS,7301,"{""mu"": 0.1}",16000,10,SUCCESS,,1.0,11.239115716725594,2.501895114880585,0.36052128046973353,116.0,116.0,116.0,88,-1,0.43584465980529785,0.43935179710388184,,,
B,B_FriedmanDrift_LEA,RIVER_SGD_LINREG,7301,{},16000,10,SUCCESS,,1.0,12.849602752013322,2.7146711127421046,0.41218147000562283,,,,-1,-1,0.5162186622619629,0.5192184448242188,,,
B,B_FriedmanDrift_LEA,RIVER_HATR,7301,{},16000,10,SUCCESS,,1.0,9.216548817077117,2.252921238733825,0.2956426523929859,,,,-1,-1,2.2876274585723877,2.293638229370117,,,
B,B_FriedmanDrift_LEA,Track_B,7301,{},16000,10,SUCCESS,,1.0,30.215111688271925,4.211394809997018,0.9692213364420658,60.98535714285714,78.0,78.0,408,13,0.6422924995422363,0.6462924480438232,,,
B,B_FriedmanDrift_LEA,B1_RZA_LMS,7301,"{""learning_rate"": 0.03, ""rho_zero_attraction"": 0.001, ""epsilon_reweight"": 10.0}",16000,10,SUCCESS,,1.0,29.048893077164987,4.152765420718056,0.9318121098106311,101.0,101.0,101.0,144,10,0.33544278144836426,0.3394463062286377,,,
B,B_FriedmanDrift_LEA,B2_CCN,7301,"{""readout_lr"": 0.03, ""recurrent_lr"": 0.001, ""max_columns"": 1}",16000,10,SUCCESS,,1.0,10.865218292752896,2.478395617888509,0.3485276342210014,133.0,133.0,133.0,280,22,0.5855870246887207,0.5900952816009521,,,
B,B_FriedmanDrift_LEA,B4_MINIMAL_GRU,7301,"{""learning_rate"": 0.01, ""weight_decay"": 0.99}",16000,10,SUCCESS,,1.0,20.886601068249544,3.5535149490752014,0.6699872437988956,177.0,177.0,177.0,360,37,0.6008236408233643,0.6048374176025391,,,
B,B_FriedmanDrift_LEA,S1_VARIABLE_TAP_LMS,7301,"{""learning_rate"": 0.01, ""tap_leakage"": 0.0001}",16000,10,SUCCESS,,1.0,41.11358599840681,5.05788807903371,1.3188157362585167,185.0,185.0,185.0,544,30,0.34392714500427246,0.3476247787475586,,,
B,B_FriedmanDrift_LEA,S2_LRU_STREAM,7301,"{""state_lr"": 0.001, ""readout_lr"": 0.001, ""state_decay"": 0.9}",16000,10,NUMERICAL_DIVERGENCE,4790.0,0.299375,inf,inf,inf,0.0,0.0,0.0,248,22,0.0964503288269043,0.0964503288269043,,,
B,B_FriedmanDrift_LEA,S3_RSONN,7301,"{""learning_rate"": 0.02, ""growth_threshold"": 0.1, ""pruning_threshold"": 0.001}",16000,10,SUCCESS,,1.0,20.448277452801516,3.4992728426880264,0.6559269747275237,322.0,322.0,322.0,576,60,1.0262084007263184,1.0302107334136963,,,
B,B_FriedmanDrift_LEA,S5_CONTINUAL_BACKPROP,7301,"{""learning_rate"": 0.03, ""replacement_rate"": 0.001, ""maturity_threshold"": 50}",16000,10,SUCCESS,,1.0,29.047206603686064,4.152490362289003,0.9317580121757794,65.0,65.0,65.0,304,10,0.39272189140319824,0.3967270851135254,,,
B,B_FriedmanDrift_LEA,C1_CURRENT_ONLY_LINEAR,7301,"{""learning_rate"": 0.03}",16000,10,SUCCESS,,1.0,29.04720660365942,4.152490362292977,0.9317580121749247,41.0,41.0,41.0,112,10,0.30000734329223633,0.302518367767334,,,
B,B_FriedmanDrift_LEA,C2_NLMS,7301,"{""step_size"": 0.2}",16000,10,SUCCESS,,1.0,32.527353106367954,4.3753487143928655,1.0433919614109488,65.0,65.0,65.0,112,10,0.32355260848999023,0.32555222511291504,,,
B,B_FriedmanDrift_LEA,C4_FIXED_LAG_LINEAR,7301,"{""max_lag"": 32, ""learning_rate"": 0.01}",16000,10,SUCCESS,,1.0,40.33445541914274,5.013837539309999,1.2938232758933839,129.0,129.0,129.0,544,32,0.3185744285583496,0.3230900764465332,,,
B,B_FriedmanDrift_LEA,LEBRE_V04,7302,{},16000,10,SUCCESS,,1.0,11.576318829137042,2.53240167671949,0.3633895949101392,126.44,156.0,273.0,2104,-1,0.6687872409820557,0.6732988357543945,0.9016270337922403,0.0,0.0
B,B_FriedmanDrift_LEA,LEBRE_V032,7302,{},16000,10,SUCCESS,,1.0,11.498091923730078,2.5324226289834706,0.3609339918910377,116.8,176.0,176.0,2124,-1,0.675391435623169,0.67889404296875,,,
B,B_FriedmanDrift_LEA,CTRL_PERSISTENCE,7302,{},16000,10,SUCCESS,,1.0,63.4298916002316,6.359313555833147,1.9911133197011688,0.0,0.0,0.0,4,-1,0.2711310386657715,0.27412867546081543,,,
B,B_FriedmanDrift_LEA,CTRL_ARX_NLMS,7302,{},16000,10,SUCCESS,,1.0,14.38667700980883,2.912184160618484,0.4516089102123635,74.0,74.0,74.0,52,-1,0.31019067764282227,0.3157212734222412,,,
B,B_FriedmanDrift_LEA,IPNLMS,7302,"{""mu"": 0.1}",16000,10,SUCCESS,,1.0,11.495375315536453,2.5298545399853403,0.3608487154602844,116.0,116.0,116.0,88,-1,0.4488565921783447,0.45336079597473145,,,
B,B_FriedmanDrift_LEA,RIVER_SGD_LINREG,7302,{},16000,10,SUCCESS,,1.0,13.10058560702971,2.7545185479120198,0.41123750711166335,,,,-1,-1,0.5851466655731201,0.5881466865539551,,,
B,B_FriedmanDrift_LEA,RIVER_HATR,7302,{},16000,10,SUCCESS,,1.0,9.318187948409145,2.282737995920042,0.29250512134705603,,,,-1,-1,2.0341811180114746,2.0381839275360107,,,
B,B_FriedmanDrift_LEA,Track_B,7302,{},16000,10,SUCCESS,,1.0,30.053586907135905,4.194434163132845,0.9434053202035815,61.10910714285714,68.0,78.0,408,13,0.6595892906188965,0.6625902652740479,,,
B,B_FriedmanDrift_LEA,B1_RZA_LMS,7302,"{""learning_rate"": 0.03, ""rho_zero_attraction"": 0.001, ""epsilon_reweight"": 10.0}",16000,10,SUCCESS,,1.0,29.29625425298748,4.167748666267371,0.9196320628784174,101.0,101.0,101.0,144,10,0.3460826873779297,0.3500838279724121,,,
B,B_FriedmanDrift_LEA,B2_CCN,7302,"{""readout_lr"": 0.03, ""recurrent_lr"": 0.001, ""max_columns"": 1}",16000,10,SUCCESS,,1.0,11.178967719188556,2.519519895390079,0.350916436472429,133.0,133.0,133.0,280,22,0.6094200611114502,0.6134300231933594,,,
B,B_FriedmanDrift_LEA,B4_MINIMAL_GRU,7302,"{""learning_rate"": 0.01, ""weight_decay"": 0.99}",16000,10,SUCCESS,,1.0,21.26518287662799,3.572457829320396,0.667530525487775,177.0,177.0,177.0,360,37,0.6296656131744385,0.6341779232025146,,,
B,B_FriedmanDrift_LEA,S1_VARIABLE_TAP_LMS,7302,"{""learning_rate"": 0.01, ""tap_leakage"": 0.0001}",16000,10,SUCCESS,,1.0,45.778066587240154,5.347442622538457,1.4370088901695062,185.0,185.0,185.0,544,30,0.41206932067871094,0.415069580078125,,,
B,B_FriedmanDrift_LEA,S2_LRU_STREAM,7302,"{""state_lr"": 0.001, ""readout_lr"": 0.001, ""state_decay"": 0.9}",16000,10,NUMERICAL_DIVERGENCE,5008.0,0.313,inf,inf,inf,92.0,92.0,92.0,248,22,0.10048937797546387,0.10048937797546387,,,
B,B_FriedmanDrift_LEA,S3_RSONN,7302,"{""learning_rate"": 0.02, ""growth_threshold"": 0.1, ""pruning_threshold"": 0.001}",16000,10,SUCCESS,,1.0,20.545221000752218,3.567754533910358,0.6449303657749361,321.9925,322.0,322.0,576,60,0.9609661102294922,0.9649717807769775,,,
B,B_FriedmanDrift_LEA,S5_CONTINUAL_BACKPROP,7302,"{""learning_rate"": 0.03, ""replacement_rate"": 0.001, ""maturity_threshold"": 50}",16000,10,SUCCESS,,1.0,29.294508296336076,4.167381620806624,0.9195772559497513,65.0,65.0,65.0,304,10,0.39284396171569824,0.3983464241027832,,,
B,B_FriedmanDrift_LEA,C1_CURRENT_ONLY_LINEAR,7302,"{""learning_rate"": 0.03}",16000,10,SUCCESS,,1.0,29.2945082963121,4.167381620799953,0.9195772559489986,41.0,41.0,41.0,112,10,0.23998427391052246,0.24349045753479004,,,
B,B_FriedmanDrift_LEA,C2_NLMS,7302,"{""step_size"": 0.2}",16000,10,SUCCESS,,1.0,32.978484464111574,4.391973096304585,1.0352201150507856,65.0,65.0,65.0,112,10,0.27246999740600586,0.27597951889038086,,,
B,B_FriedmanDrift_LEA,C4_FIXED_LAG_LINEAR,7302,"{""max_lag"": 32, ""learning_rate"": 0.01}",16000,10,SUCCESS,,1.0,44.99499117229004,5.296946959307563,1.4124275476872499,129.0,129.0,129.0,544,32,0.2758910655975342,0.2797970771789551,,,
B,B_FriedmanDrift_LEA,LEBRE_V04,7303,{},16000,10,SUCCESS,,1.0,11.710062304926016,2.5598597740013713,0.37166019987029153,126.44,156.0,273.0,2104,-1,0.6773421764373779,0.6814634799957275,0.9001251564455569,0.0,0.0
B,B_FriedmanDrift_LEA,LEBRE_V032,7303,{},16000,10,SUCCESS,,1.0,11.670321070699346,2.5615942974076473,0.37039887139302435,116.8,176.0,176.0,2124,-1,0.5730879306793213,0.5780882835388184,,,
B,B_FriedmanDrift_LEA,CTRL_PERSISTENCE,7303,{},16000,10,SUCCESS,,1.0,63.117216647082294,6.297581015712709,2.0032478686678776,0.0,0.0,0.0,4,-1,0.18948030471801758,0.1931302547454834,,,
B,B_FriedmanDrift_LEA,CTRL_ARX_NLMS,7303,{},16000,10,SUCCESS,,1.0,14.386705541191839,2.9075776175218087,0.4566129297762239,74.0,74.0,74.0,52,-1,0.29578661918640137,0.2997891902923584,,,
B,B_FriedmanDrift_LEA,IPNLMS,7303,"{""mu"": 0.1}",16000,10,SUCCESS,,1.0,11.651479445895543,2.557679507605575,0.3698008658608491,116.0,116.0,116.0,88,-1,0.45990800857543945,0.46390819549560547,,,
B,B_FriedmanDrift_LEA,RIVER_SGD_LINREG,7303,{},16000,10,SUCCESS,,1.0,13.265732874286286,2.7666731085968284,0.4210349017023687,,,,-1,-1,0.6196959018707275,0.6242003440856934,,,
B,B_FriedmanDrift_LEA,RIVER_HATR,7303,{},16000,10,SUCCESS,,1.0,8.458482247904856,2.194879023145885,0.268459818658112,,,,-1,-1,2.0726935863494873,2.078200101852417,,,
B,B_FriedmanDrift_LEA,Track_B,7303,{},16000,10,SUCCESS,,1.0,30.257702672420326,4.21548390813664,0.9603350972878228,61.21732142857143,78.0,78.0,408,13,0.6709773540496826,0.6744818687438965,,,
B,B_FriedmanDrift_LEA,B1_RZA_LMS,7303,"{""learning_rate"": 0.03, ""rho_zero_attraction"": 0.001, ""epsilon_reweight"": 10.0}",16000,10,SUCCESS,,1.0,29.33873732536382,4.178043507467627,0.931168485218029,101.0,101.0,101.0,144,10,0.35393667221069336,0.35793614387512207,,,
B,B_FriedmanDrift_LEA,B2_CCN,7303,"{""readout_lr"": 0.03, ""recurrent_lr"": 0.001, ""max_columns"": 1}",16000,10,SUCCESS,,1.0,11.293930968865805,2.5419620022857097,0.3584528016938216,133.0,133.0,133.0,280,22,0.7709808349609375,0.7749910354614258,,,
B,B_FriedmanDrift_LEA,B4_MINIMAL_GRU,7303,"{""learning_rate"": 0.01, ""weight_decay"": 0.99}",16000,10,SUCCESS,,1.0,20.855473893473203,3.5515592133236638,0.661922148132146,177.0,177.0,177.0,360,37,0.6146209239959717,0.6181247234344482,,,
B,B_FriedmanDrift_LEA,S1_VARIABLE_TAP_LMS,7303,"{""learning_rate"": 0.01, ""tap_leakage"": 0.0001}",16000,10,SUCCESS,,1.0,42.5238072980023,5.149115204351927,1.3496432647478684,185.0,185.0,185.0,544,30,0.46876001358032227,0.47226619720458984,,,
B,B_FriedmanDrift_LEA,S2_LRU_STREAM,7303,"{""state_lr"": 0.001, ""readout_lr"": 0.001, ""state_decay"": 0.9}",16000,10,NUMERICAL_DIVERGENCE,3396.0,0.21225,inf,inf,inf,0.0,0.0,0.0,248,22,0.061002254486083984,0.061002254486083984,,,
B,B_FriedmanDrift_LEA,S3_RSONN,7303,"{""learning_rate"": 0.02, ""growth_threshold"": 0.1, ""pruning_threshold"": 0.001}",16000,10,SUCCESS,,1.0,20.285504234262792,3.54642132178207,0.6438321472469217,322.0,322.0,322.0,576,60,0.9606034755706787,0.9641125202178955,,,
B,B_FriedmanDrift_LEA,S5_CONTINUAL_BACKPROP,7303,"{""learning_rate"": 0.03, ""replacement_rate"": 0.001, ""maturity_threshold"": 50}",16000,10,SUCCESS,,1.0,29.336860055087975,4.177742419961136,0.9311089034132731,65.0,65.0,65.0,304,10,0.3950498104095459,0.39755749702453613,,,
B,B_FriedmanDrift_LEA,C1_CURRENT_ONLY_LINEAR,7303,"{""learning_rate"": 0.03}",16000,10,SUCCESS,,1.0,29.336860055102672,4.177742419962954,0.9311089034137396,41.0,41.0,41.0,112,10,0.257732629776001,0.2617356777191162,,,
B,B_FriedmanDrift_LEA,C2_NLMS,7303,"{""step_size"": 0.2}",16000,10,SUCCESS,,1.0,32.81025284658929,4.399504607118492,1.0413492954370085,65.0,65.0,65.0,112,10,0.332064151763916,0.33760619163513184,,,
B,B_FriedmanDrift_LEA,C4_FIXED_LAG_LINEAR,7303,"{""max_lag"": 32, ""learning_rate"": 0.01}",16000,10,SUCCESS,,1.0,41.63214550222616,5.088309665502868,1.3213432273436732,129.0,129.0,129.0,544,32,0.2789630889892578,0.28246593475341797,,,
B,B_FriedmanDrift_LEA,LEBRE_V04,7304,{},16000,10,SUCCESS,,1.0,11.536739655903814,2.5190676346683682,0.3699674540724692,126.44,156.0,273.0,2104,-1,0.7147111892700195,0.7187192440032959,0.901314142678348,0.0,0.0
B,B_FriedmanDrift_LEA,LEBRE_V032,7304,{},16000,10,SUCCESS,,1.0,11.496732997346589,2.5197437535299283,0.3686844952770188,116.8,176.0,176.0,2124,-1,0.5544848442077637,0.5594842433929443,,,
B,B_FriedmanDrift_LEA,CTRL_PERSISTENCE,7304,{},16000,10,SUCCESS,,1.0,62.6070512461747,6.320067561173559,2.007722462964538,0.0,0.0,0.0,4,-1,0.20388102531433105,0.2073838710784912,,,
B,B_FriedmanDrift_LEA,CTRL_ARX_NLMS,7304,{},16000,10,SUCCESS,,1.0,14.183456752630383,2.8742704177630154,0.45484404963860997,74.0,74.0,74.0,52,-1,0.3059804439544678,0.309978723526001,,,
B,B_FriedmanDrift_LEA,IPNLMS,7304,"{""mu"": 0.1}",16000,10,SUCCESS,,1.0,11.469711379379099,2.5139762310643095,0.3678179489647567,116.0,116.0,116.0,88,-1,0.45014476776123047,0.4536464214324951,,,
B,B_FriedmanDrift_LEA,RIVER_SGD_LINREG,7304,{},16000,10,SUCCESS,,1.0,13.191092492648362,2.741840225567708,0.4230202857565693,,,,-1,-1,0.5309634208679199,0.5371947288513184,,,
B,B_FriedmanDrift_LEA,RIVER_HATR,7304,{},16000,10,SUCCESS,,1.0,8.55456167102928,2.1707644046857504,0.2743330868628052,,,,-1,-1,1.9826982021331787,1.9862163066864014,,,
B,B_FriedmanDrift_LEA,Track_B,7304,{},16000,10,SUCCESS,,1.0,30.698294387505413,4.270740110982852,0.9844522939460219,61.65392857142857,78.0,78.0,408,13,0.6814789772033691,0.6839852333068848,,,
B,B_FriedmanDrift_LEA,B1_RZA_LMS,7304,"{""learning_rate"": 0.03, ""rho_zero_attraction"": 0.001, ""epsilon_reweight"": 10.0}",16000,10,SUCCESS,,1.0,30.109127094055616,4.2450849082351105,0.9655585050523076,101.0,101.0,101.0,144,10,0.32999539375305176,0.33350229263305664,,,
B,B_FriedmanDrift_LEA,B2_CCN,7304,"{""readout_lr"": 0.03, ""recurrent_lr"": 0.001, ""max_columns"": 1}",16000,10,SUCCESS,,1.0,11.222676708014648,2.5139629033178688,0.3598958850924421,133.0,133.0,133.0,280,22,0.6205544471740723,0.6250638961791992,,,
B,B_FriedmanDrift_LEA,B4_MINIMAL_GRU,7304,"{""learning_rate"": 0.01, ""weight_decay"": 0.99}",16000,10,SUCCESS,,1.0,22.073918757562822,3.6213792883734057,0.7078803689531856,177.0,177.0,177.0,360,37,0.604564905166626,0.6080713272094727,,,
B,B_FriedmanDrift_LEA,S1_VARIABLE_TAP_LMS,7304,"{""learning_rate"": 0.01, ""tap_leakage"": 0.0001}",16000,10,SUCCESS,,1.0,44.050474008951795,5.259720813146717,1.4126384234940603,185.0,185.0,185.0,544,30,0.32846498489379883,0.33246898651123047,,,
B,B_FriedmanDrift_LEA,S2_LRU_STREAM,7304,"{""state_lr"": 0.001, ""readout_lr"": 0.001, ""state_decay"": 0.9}",16000,10,NUMERICAL_DIVERGENCE,3084.0,0.19275,inf,inf,inf,0.0,0.0,0.0,248,22,0.054163455963134766,0.054163455963134766,,,
B,B_FriedmanDrift_LEA,S3_RSONN,7304,"{""learning_rate"": 0.02, ""growth_threshold"": 0.1, ""pruning_threshold"": 0.001}",16000,10,SUCCESS,,1.0,21.48601244846119,3.63850321755691,0.689027018102006,321.9925,322.0,322.0,576,60,0.9945306777954102,0.9980347156524658,,,
B,B_FriedmanDrift_LEA,S5_CONTINUAL_BACKPROP,7304,"{""learning_rate"": 0.03, ""replacement_rate"": 0.001, ""maturity_threshold"": 50}",16000,10,SUCCESS,,1.0,30.107114779625128,4.244711160986019,0.9654939728821411,65.0,65.0,65.0,304,10,0.3700387477874756,0.37303853034973145,,,
B,B_FriedmanDrift_LEA,C1_CURRENT_ONLY_LINEAR,7304,"{""learning_rate"": 0.03}",16000,10,SUCCESS,,1.0,30.107114779601687,4.24471116097111,0.9654939728813894,41.0,41.0,41.0,112,10,0.25169849395751953,0.2547001838684082,,,
B,B_FriedmanDrift_LEA,C2_NLMS,7304,"{""step_size"": 0.2}",16000,10,SUCCESS,,1.0,33.90669327986297,4.491604218455659,1.087341256101549,65.0,65.0,65.0,112,10,0.2557363510131836,0.2612431049346924,,,
B,B_FriedmanDrift_LEA,C4_FIXED_LAG_LINEAR,7304,"{""max_lag"": 32, ""learning_rate"": 0.01}",16000,10,SUCCESS,,1.0,43.32498405890331,5.21420592561052,1.3893729535449968,129.0,129.0,129.0,544,32,0.2582080364227295,0.2619774341583252,,,
B,B_FriedmanDrift_LEA,LEBRE_V04,7305,{},16000,10,SUCCESS,,1.0,11.567847980697545,2.521723893486777,0.35662264697074664,126.42857142857143,156.0,273.0,2104,-1,0.7838442325592041,0.7878494262695312,0.9045682102628285,0.0,0.0
B,B_FriedmanDrift_LEA,LEBRE_V032,7305,{},16000,10,SUCCESS,,1.0,11.52436951346757,2.522546513993125,0.3552822588453445,116.79714285714286,176.0,176.0,2124,-1,0.5460221767425537,0.5495295524597168,,,
B,B_FriedmanDrift_LEA,CTRL_PERSISTENCE,7305,{},16000,10,SUCCESS,,1.0,64.58693649084324,6.395621463413271,1.9911364922438335,0.0,0.0,0.0,4,-1,0.25317931175231934,0.2571847438812256,,,
B,B_FriedmanDrift_LEA,CTRL_ARX_NLMS,7305,{},16000,10,SUCCESS,,1.0,14.354443132246285,2.900867336040528,0.44252997741279454,74.0,74.0,74.0,52,-1,0.33845996856689453,0.34297657012939453,,,
B,B_FriedmanDrift_LEA,IPNLMS,7305,"{""mu"": 0.1}",16000,10,SUCCESS,,1.0,11.510888928998122,2.521292810275414,0.3548666688648892,116.0,116.0,116.0,88,-1,0.5267066955566406,0.5307066440582275,,,
B,B_FriedmanDrift_LEA,RIVER_SGD_LINREG,7305,{},16000,10,SUCCESS,,1.0,13.269394697335873,2.748857270601303,0.4090792573138705,,,,-1,-1,0.5425150394439697,0.5455148220062256,,,
B,B_FriedmanDrift_LEA,RIVER_HATR,7305,{},16000,10,SUCCESS,,1.0,8.428338505551539,2.1707964036693213,0.2598353982893549,,,,-1,-1,1.9781956672668457,1.9821956157684326,,,
B,B_FriedmanDrift_LEA,Track_B,7305,{},16000,10,SUCCESS,,1.0,29.93295683567993,4.178725610831635,0.9227965578570465,61.63267857142857,68.0,78.0,408,13,0.698707103729248,0.701709508895874,,,
B,B_FriedmanDrift_LEA,B1_RZA_LMS,7305,"{""learning_rate"": 0.03, ""rho_zero_attraction"": 0.001, ""epsilon_reweight"": 10.0}",16000,10,SUCCESS,,1.0,29.672781586879584,4.208394574696768,0.9147756722041338,101.0,101.0,101.0,144,10,0.38538122177124023,0.3895683288574219,,,
B,B_FriedmanDrift_LEA,B2_CCN,7305,"{""readout_lr"": 0.03, ""recurrent_lr"": 0.001, ""max_columns"": 1}",16000,10,SUCCESS,,1.0,11.186302372995746,2.504505551558924,0.3448600611565377,133.0,133.0,133.0,280,22,0.5854825973510742,0.5884833335876465,,,
B,B_FriedmanDrift_LEA,B4_MINIMAL_GRU,7305,"{""learning_rate"": 0.01, ""weight_decay"": 0.99}",16000,10,SUCCESS,,1.0,21.46236034584068,3.606719092264994,0.661658397443096,177.0,177.0,177.0,360,37,0.6121101379394531,0.6151149272918701,,,
B,B_FriedmanDrift_LEA,S1_VARIABLE_TAP_LMS,7305,"{""learning_rate"": 0.01, ""tap_leakage"": 0.0001}",16000,10,SUCCESS,,1.0,41.25405406904638,5.065971142217875,1.2718121801848294,185.0,185.0,185.0,544,30,0.3406496047973633,0.34415626525878906,,,
B,B_FriedmanDrift_LEA,S2_LRU_STREAM,7305,"{""state_lr"": 0.001, ""readout_lr"": 0.001, ""state_decay"": 0.9}",16000,10,NUMERICAL_DIVERGENCE,3508.0,0.21925,inf,inf,inf,0.0,0.0,0.0,248,22,0.06769537925720215,0.06769537925720215,,,
B,B_FriedmanDrift_LEA,S3_RSONN,7305,"{""learning_rate"": 0.02, ""growth_threshold"": 0.1, ""pruning_threshold"": 0.001}",16000,10,SUCCESS,,1.0,19.0337497922759,3.4427483593188395,0.5867872956168481,321.9775,322.0,322.0,576,60,0.9961488246917725,1.0001490116119385,,,
B,B_FriedmanDrift_LEA,S5_CONTINUAL_BACKPROP,7305,"{""learning_rate"": 0.03, ""replacement_rate"": 0.001, ""maturity_threshold"": 50}",16000,10,SUCCESS,,1.0,29.67093562272623,4.208117172381235,0.9147187633803249,65.0,65.0,65.0,304,10,0.37898802757263184,0.38298797607421875,,,
B,B_FriedmanDrift_LEA,C1_CURRENT_ONLY_LINEAR,7305,"{""learning_rate"": 0.03}",16000,10,SUCCESS,,1.0,29.67093562271733,4.208117172383041,0.9147187633800505,41.0,41.0,41.0,112,10,0.24621200561523438,0.24921202659606934,,,
B,B_FriedmanDrift_LEA,C2_NLMS,7305,"{""step_size"": 0.2}",16000,10,SUCCESS,,1.0,33.187165634700456,4.423325489307333,1.023119846824768,65.0,65.0,65.0,112,10,0.271867036819458,0.27587151527404785,,,
B,B_FriedmanDrift_LEA,C4_FIXED_LAG_LINEAR,7305,"{""max_lag"": 32, ""learning_rate"": 0.01}",16000,10,SUCCESS,,1.0,40.40102889700911,5.006180120980698,1.2455144543422856,129.0,129.0,129.0,544,32,0.2796595096588135,0.28465986251831055,,,
B,B_FriedmanDrift_LEA,LEBRE_V04,7306,{},16000,10,SUCCESS,,1.0,11.11136126738277,2.4809139316651727,0.3511468346051881,126.43714285714286,156.0,273.0,2104,-1,0.7087163925170898,0.7137198448181152,0.8979974968710889,0.0,0.0
B,B_FriedmanDrift_LEA,LEBRE_V032,7306,{},16000,10,SUCCESS,,1.0,11.062950065246008,2.482161678794578,0.34961691941471923,116.79714285714286,176.0,176.0,2124,-1,0.5600535869598389,0.5640535354614258,,,
B,B_FriedmanDrift_LEA,CTRL_PERSISTENCE,7306,{},16000,10,SUCCESS,,1.0,63.09251307013986,6.33146385187662,1.993881372294226,0.0,0.0,0.0,4,-1,0.1964724063873291,0.19898009300231934,,,
B,B_FriedmanDrift_LEA,CTRL_ARX_NLMS,7306,{},16000,10,SUCCESS,,1.0,13.538243289252591,2.8075358396161105,0.4278423824712648,74.0,74.0,74.0,52,-1,0.29332661628723145,0.2973294258117676,,,
B,B_FriedmanDrift_LEA,IPNLMS,7306,"{""mu"": 0.1}",16000,10,SUCCESS,,1.0,11.034305030455247,2.4782687980119635,0.3487116645992307,116.0,116.0,116.0,88,-1,0.47885608673095703,0.4828627109527588,,,
B,B_FriedmanDrift_LEA,RIVER_SGD_LINREG,7306,{},16000,10,SUCCESS,,1.0,12.648079699029372,2.6839852602357492,0.3997109843944836,,,,-1,-1,0.5972661972045898,0.601776123046875,,,
B,B_FriedmanDrift_LEA,RIVER_HATR,7306,{},16000,10,SUCCESS,,1.0,7.916266158041921,2.114962233511521,0.2501738298662443,,,,-1,-1,2.0002403259277344,2.005250930786133,,,
B,B_FriedmanDrift_LEA,Track_B,7306,{},16000,10,SUCCESS,,1.0,30.003177465656243,4.187321338405281,0.948175524279798,61.22875,78.0,78.0,408,13,0.7554333209991455,0.7599449157714844,,,
B,B_FriedmanDrift_LEA,B1_RZA_LMS,7306,"{""learning_rate"": 0.03, ""rho_zero_attraction"": 0.001, ""epsilon_reweight"": 10.0}",16000,10,SUCCESS,,1.0,29.050666552745763,4.1595641145250735,0.9180737947124903,101.0,101.0,101.0,144,10,0.3415679931640625,0.34607911109924316,,,
B,B_FriedmanDrift_LEA,B2_CCN,7306,"{""readout_lr"": 0.03, ""recurrent_lr"": 0.001, ""max_columns"": 1}",16000,10,SUCCESS,,1.0,10.710047208160654,2.459495932623258,0.33846430559840707,133.0,133.0,133.0,280,22,0.5764238834381104,0.5799269676208496,,,
B,B_FriedmanDrift_LEA,B4_MINIMAL_GRU,7306,"{""learning_rate"": 0.01, ""weight_decay"": 0.99}",16000,10,SUCCESS,,1.0,20.57865603170567,3.5259324416180426,0.6503370516063229,177.0,177.0,177.0,360,37,0.6120960712432861,0.6155993938446045,,,
B,B_FriedmanDrift_LEA,S1_VARIABLE_TAP_LMS,7306,"{""learning_rate"": 0.01, ""tap_leakage"": 0.0001}",16000,10,SUCCESS,,1.0,43.74529366513716,5.203487091356166,1.3824608011332817,185.0,185.0,185.0,544,30,0.33244776725769043,0.3354494571685791,,,
B,B_FriedmanDrift_LEA,S2_LRU_STREAM,7306,"{""state_lr"": 0.001, ""readout_lr"": 0.001, ""state_decay"": 0.9}",16000,10,NUMERICAL_DIVERGENCE,3576.0,0.2235,inf,inf,inf,0.0,0.0,0.0,248,22,0.06727981567382812,0.06727981567382812,,,
B,B_FriedmanDrift_LEA,S3_RSONN,7306,"{""learning_rate"": 0.02, ""growth_threshold"": 0.1, ""pruning_threshold"": 0.001}",16000,10,SUCCESS,,1.0,18.48860206966675,3.403091349977849,0.5842861137182357,321.97,322.0,322.0,576,60,0.9910874366760254,0.9950873851776123,,,
B,B_FriedmanDrift_LEA,S5_CONTINUAL_BACKPROP,7306,"{""learning_rate"": 0.03, ""replacement_rate"": 0.001, ""maturity_threshold"": 50}",16000,10,SUCCESS,,1.0,29.048810538883327,4.159288485390496,0.9180151400276957,65.0,65.0,65.0,304,10,0.3899710178375244,0.39410996437072754,,,
B,B_FriedmanDrift_LEA,C1_CURRENT_ONLY_LINEAR,7306,"{""learning_rate"": 0.03}",16000,10,SUCCESS,,1.0,29.048810538893125,4.159288485395923,0.9180151400280053,41.0,41.0,41.0,112,10,0.2566239833831787,0.2601313591003418,,,
B,B_FriedmanDrift_LEA,C2_NLMS,7306,"{""step_size"": 0.2}",16000,10,SUCCESS,,1.0,32.535217293342754,4.3865595803026025,1.0281943220842016,65.0,65.0,65.0,112,10,0.2690553665161133,0.27208709716796875,,,
B,B_FriedmanDrift_LEA,C4_FIXED_LAG_LINEAR,7306,"{""max_lag"": 32, ""learning_rate"": 0.01}",16000,10,SUCCESS,,1.0,42.681084258460196,5.139900328578499,1.3488291195130777,129.0,129.0,129.0,544,32,0.2805964946746826,0.2857840061187744,,,
B,B_FriedmanDrift_LEA,LEBRE_V04,7307,{},16000,10,SUCCESS,,1.0,11.798632607239524,2.55718733546687,0.37539515015112995,126.44,156.0,273.0,2104,-1,0.6669528484344482,0.671351432800293,0.8967459324155194,0.0,0.0
B,B_FriedmanDrift_LEA,LEBRE_V032,7307,{},16000,10,SUCCESS,,1.0,11.766814124658994,2.5590852380186355,0.3743827867321207,116.8,176.0,176.0,2124,-1,0.5914735794067383,0.5954735279083252,,,
B,B_FriedmanDrift_LEA,CTRL_PERSISTENCE,7307,{},16000,10,SUCCESS,,1.0,62.09508652487964,6.255569854600216,1.9756691394349966,0.0,0.0,0.0,4,-1,0.19143295288085938,0.1949462890625,,,
B,B_FriedmanDrift_LEA,CTRL_ARX_NLMS,7307,{},16000,10,SUCCESS,,1.0,14.477522355572907,2.893538605838773,0.46062894399745086,74.0,74.0,74.0,52,-1,0.31156134605407715,0.31456494331359863,,,
B,B_FriedmanDrift_LEA,IPNLMS,7307,"{""mu"": 0.1}",16000,10,SUCCESS,,1.0,11.748312028113862,2.554667537475342,0.37379410857407647,116.0,116.0,116.0,88,-1,0.45821475982666016,0.46021485328674316,,,
B,B_FriedmanDrift_LEA,RIVER_SGD_LINREG,7307,{},16000,10,SUCCESS,,1.0,13.42851511353977,2.764982201022923,0.42725285337394714,,,,-1,-1,0.5108058452606201,0.5143094062805176,,,
B,B_FriedmanDrift_LEA,RIVER_HATR,7307,{},16000,10,SUCCESS,,1.0,8.50427659770162,2.165584147680423,0.27057916765389206,,,,-1,-1,2.255145788192749,2.259380578994751,,,
B,B_FriedmanDrift_LEA,Track_B,7307,{},16000,10,SUCCESS,,1.0,30.684967782855768,4.2421416567184655,0.976298565408316,60.933035714285715,68.0,78.0,408,13,0.6329810619354248,0.636988639831543,,,
B,B_FriedmanDrift_LEA,B1_RZA_LMS,7307,"{""learning_rate"": 0.03, ""rho_zero_attraction"": 0.001, ""epsilon_reweight"": 10.0}",16000,10,SUCCESS,,1.0,29.670231741937886,4.202587896283406,0.9440128759454203,101.0,101.0,101.0,144,10,0.3442404270172119,0.34840846061706543,,,
B,B_FriedmanDrift_LEA,B2_CCN,7307,"{""readout_lr"": 0.03, ""recurrent_lr"": 0.001, ""max_columns"": 1}",16000,10,SUCCESS,,1.0,11.382948590334308,2.5369792140523755,0.36216940025823047,133.0,133.0,133.0,280,22,0.5661427974700928,0.5696518421173096,,,
B,B_FriedmanDrift_LEA,B4_MINIMAL_GRU,7307,"{""learning_rate"": 0.01, ""weight_decay"": 0.99}",16000,10,SUCCESS,,1.0,21.57749302764562,3.5844100810382873,0.6865275413379559,177.0,177.0,177.0,360,37,0.6183710098266602,0.6223788261413574,,,
B,B_FriedmanDrift_LEA,S1_VARIABLE_TAP_LMS,7307,"{""learning_rate"": 0.01, ""tap_leakage"": 0.0001}",16000,10,SUCCESS,,1.0,44.74037034785528,5.278257263867541,1.4234969935621908,185.0,185.0,185.0,544,30,0.33896493911743164,0.3428976535797119,,,
B,B_FriedmanDrift_LEA,S2_LRU_STREAM,7307,"{""state_lr"": 0.001, ""readout_lr"": 0.001, ""state_decay"": 0.9}",16000,10,NUMERICAL_DIVERGENCE,3652.0,0.22825,inf,inf,inf,0.0,0.0,0.0,248,22,0.06913638114929199,0.06913638114929199,,,
B,B_FriedmanDrift_LEA,S3_RSONN,7307,"{""learning_rate"": 0.02, ""growth_threshold"": 0.1, ""pruning_threshold"": 0.001}",16000,10,SUCCESS,,1.0,20.051589540824992,3.5177999036457193,0.6379781214501219,321.985,322.0,322.0,576,60,0.975440263748169,0.9794459342956543,,,
B,B_FriedmanDrift_LEA,S5_CONTINUAL_BACKPROP,7307,"{""learning_rate"": 0.03, ""replacement_rate"": 0.001, ""maturity_threshold"": 50}",16000,10,SUCCESS,,1.0,29.668623227513702,4.202300290855503,0.9439616981069463,65.0,65.0,65.0,304,10,0.37258434295654297,0.3755826950073242,,,
B,B_FriedmanDrift_LEA,C1_CURRENT_ONLY_LINEAR,7307,"{""learning_rate"": 0.03}",16000,10,SUCCESS,,1.0,29.668623227515646,4.2023002908571,0.9439616981070081,41.0,41.0,41.0,112,10,0.2791566848754883,0.28440427780151367,,,
B,B_FriedmanDrift_LEA,C2_NLMS,7307,"{""step_size"": 0.2}",16000,10,SUCCESS,,1.0,33.17445721271868,4.415944670439499,1.0555062405205669,65.0,65.0,65.0,112,10,0.3008601665496826,0.3038604259490967,,,
B,B_FriedmanDrift_LEA,C4_FIXED_LAG_LINEAR,7307,"{""max_lag"": 32, ""learning_rate"": 0.01}",16000,10,SUCCESS,,1.0,43.83363929701994,5.227229334207963,1.394647681077779,129.0,129.0,129.0,544,32,0.29988670349121094,0.3033938407897949,,,
B,B_FriedmanDrift_LEA,LEBRE_V04,7308,{},16000,10,SUCCESS,,1.0,11.5071993252994,2.5072214080116537,0.3671940547000654,126.44,156.0,273.0,2104,-1,0.7136399745941162,0.7176413536071777,0.9041927409261576,0.0,0.0
B,B_FriedmanDrift_LEA,LEBRE_V032,7308,{},16000,10,SUCCESS,,1.0,11.450746116514038,2.509216987607845,0.36539263612298806,116.8,176.0,176.0,2124,-1,0.6098589897155762,0.6138591766357422,,,
B,B_FriedmanDrift_LEA,CTRL_PERSISTENCE,7308,{},16000,10,SUCCESS,,1.0,62.03209892819372,6.273636835853657,1.9794406339099708,0.0,0.0,0.0,4,-1,0.20037627220153809,0.20414495468139648,,,
B,B_FriedmanDrift_LEA,CTRL_ARX_NLMS,7308,{},16000,10,SUCCESS,,1.0,14.293988965912675,2.891012405529695,0.4561203484754017,74.0,74.0,74.0,52,-1,0.30165600776672363,0.3046562671661377,,,
B,B_FriedmanDrift_LEA,IPNLMS,7308,"{""mu"": 0.1}",16000,10,SUCCESS,,1.0,11.441455427343694,2.5072102277513433,0.3650961707771661,116.0,116.0,116.0,88,-1,0.4742701053619385,0.47827863693237305,,,
B,B_FriedmanDrift_LEA,RIVER_SGD_LINREG,7308,{},16000,10,SUCCESS,,1.0,13.010550806923915,2.712894745670331,0.4151659121930869,,,,-1,-1,0.5156106948852539,0.5231146812438965,,,
B,B_FriedmanDrift_LEA,RIVER_HATR,7308,{},16000,10,SUCCESS,,1.0,8.44955273715549,2.1585944525875265,0.2696247316353351,,,,-1,-1,2.0209543704986572,2.0244643688201904,,,
B,B_FriedmanDrift_LEA,Track_B,7308,{},16000,10,SUCCESS,,1.0,30.33916173891055,4.219784866319205,0.9681208693951077,61.2925,78.0,78.0,408,13,0.6734535694122314,0.6774530410766602,,,
B,B_FriedmanDrift_LEA,B1_RZA_LMS,7308,"{""learning_rate"": 0.03, ""rho_zero_attraction"": 0.001, ""epsilon_reweight"": 10.0}",16000,10,SUCCESS,,1.0,29.745261059886243,4.202351568251727,0.9491695336047733,101.0,101.0,101.0,144,10,0.32593512535095215,0.33046865463256836,,,
B,B_FriedmanDrift_LEA,B2_CCN,7308,"{""readout_lr"": 0.03, ""recurrent_lr"": 0.001, ""max_columns"": 1}",16000,10,SUCCESS,,1.0,11.092118648300316,2.4903848822220733,0.3539488546729966,133.0,133.0,133.0,280,22,0.6157119274139404,0.6192183494567871,,,
B,B_FriedmanDrift_LEA,B4_MINIMAL_GRU,7308,"{""learning_rate"": 0.01, ""weight_decay"": 0.99}",16000,10,SUCCESS,,1.0,21.29448128864372,3.5461539682468217,0.6795056473837796,177.0,177.0,177.0,360,37,0.6106867790222168,0.6158742904663086,,,
B,B_FriedmanDrift_LEA,S1_VARIABLE_TAP_LMS,7308,"{""learning_rate"": 0.01, ""tap_leakage"": 0.0001}",16000,10,SUCCESS,,1.0,44.29296192530512,5.227903872058136,1.4133858138939672,185.0,185.0,185.0,544,30,0.31660914421081543,0.31960630416870117,,,
B,B_FriedmanDrift_LEA,S2_LRU_STREAM,7308,"{""state_lr"": 0.001, ""readout_lr"": 0.001, ""state_decay"": 0.9}",16000,10,NUMERICAL_DIVERGENCE,3647.0,0.2279375,inf,inf,inf,0.0,0.0,0.0,248,22,0.06589365005493164,0.06589365005493164,,,
B,B_FriedmanDrift_LEA,S3_RSONN,7308,"{""learning_rate"": 0.02, ""growth_threshold"": 0.1, ""pruning_threshold"": 0.001}",16000,10,SUCCESS,,1.0,18.567902338092633,3.391535104079941,0.5925006731924028,321.985,322.0,322.0,576,60,0.9650700092315674,0.9690742492675781,,,
B,B_FriedmanDrift_LEA,S5_CONTINUAL_BACKPROP,7308,"{""learning_rate"": 0.03, ""replacement_rate"": 0.001, ""maturity_threshold"": 50}",16000,10,SUCCESS,,1.0,29.743433363481778,4.202069403601309,0.9491112119198399,65.0,65.0,65.0,304,10,0.3540194034576416,0.3570272922515869,,,
B,B_FriedmanDrift_LEA,C1_CURRENT_ONLY_LINEAR,7308,"{""learning_rate"": 0.03}",16000,10,SUCCESS,,1.0,29.743433363473024,4.202069403600512,0.9491112119195606,41.0,41.0,41.0,112,10,0.2388453483581543,0.24184560775756836,,,
B,B_FriedmanDrift_LEA,C2_NLMS,7308,"{""step_size"": 0.2}",16000,10,SUCCESS,,1.0,33.12335483856471,4.431538049937467,1.0569643077009228,65.0,65.0,65.0,112,10,0.2925069332122803,0.29551100730895996,,,
B,B_FriedmanDrift_LEA,C4_FIXED_LAG_LINEAR,7308,"{""max_lag"": 32, ""learning_rate"": 0.01}",16000,10,SUCCESS,,1.0,43.512438983381486,5.175882300404064,1.3884793726540692,129.0,129.0,129.0,544,32,0.26379895210266113,0.26780009269714355,,,
B,B_FriedmanDrift_LEA,LEBRE_V04,7309,{},16000,10,SUCCESS,,1.0,11.222457018083322,2.4962016610365643,0.3602254655390171,126.44,156.0,273.0,2104,-1,0.6881875991821289,0.6931922435760498,0.8973717146433041,0.0,0.0
B,B_FriedmanDrift_LEA,LEBRE_V032,7309,{},16000,10,SUCCESS,,1.0,11.172860791114063,2.4977725058283764,0.358633494732607,116.8,176.0,176.0,2124,-1,0.6235387325286865,0.6275386810302734,,,
B,B_FriedmanDrift_LEA,CTRL_PERSISTENCE,7309,{},16000,10,SUCCESS,,1.0,62.95553526031724,6.271204412080023,2.020786264617744,0.0,0.0,0.0,4,-1,0.21556758880615234,0.21856904029846191,,,
B,B_FriedmanDrift_LEA,CTRL_ARX_NLMS,7309,{},16000,10,SUCCESS,,1.0,13.713653291217518,2.828069727062717,0.44018944631370976,74.0,74.0,74.0,52,-1,0.3141632080078125,0.3181631565093994,,,
B,B_FriedmanDrift_LEA,IPNLMS,7309,"{""mu"": 0.1}",16000,10,SUCCESS,,1.0,11.159494698400902,2.4945123099996636,0.3582044615037626,116.0,116.0,116.0,88,-1,0.474168062210083,0.4826772212982178,,,
B,B_FriedmanDrift_LEA,RIVER_SGD_LINREG,7309,{},16000,10,SUCCESS,,1.0,12.81801915825763,2.7088848606183324,0.41144082005671107,,,,-1,-1,0.5208749771118164,0.5238795280456543,,,
B,B_FriedmanDrift_LEA,RIVER_HATR,7309,{},16000,10,SUCCESS,,1.0,8.517145543852862,2.1869838654784832,0.2733886807188646,,,,-1,-1,1.9278721809387207,1.9344782829284668,,,
B,B_FriedmanDrift_LEA,Track_B,7309,{},16000,10,SUCCESS,,1.0,29.330790503992233,4.148431167358745,0.9414781136522004,61.33696428571429,68.0,78.0,408,13,0.7381176948547363,0.741626501083374,,,
B,B_FriedmanDrift_LEA,B1_RZA_LMS,7309,"{""learning_rate"": 0.03, ""rho_zero_attraction"": 0.001, ""epsilon_reweight"": 10.0}",16000,10,SUCCESS,,1.0,28.814580192012198,4.135491227656575,0.9249084712245738,101.0,101.0,101.0,144,10,0.3491394519805908,0.3526465892791748,,,
B,B_FriedmanDrift_LEA,B2_CCN,7309,"{""readout_lr"": 0.03, ""recurrent_lr"": 0.001, ""max_columns"": 1}",16000,10,SUCCESS,,1.0,10.926858620153357,2.4843259189669866,0.3507371627248179,133.0,133.0,133.0,280,22,0.6088178157806396,0.6128177642822266,,,
B,B_FriedmanDrift_LEA,B4_MINIMAL_GRU,7309,"{""learning_rate"": 0.01, ""weight_decay"": 0.99}",16000,10,SUCCESS,,1.0,20.914484511124876,3.5486219066917393,0.6713262441004417,177.0,177.0,177.0,360,37,0.6156821250915527,0.6196911334991455,,,
B,B_FriedmanDrift_LEA,S1_VARIABLE_TAP_LMS,7309,"{""learning_rate"": 0.01, ""tap_leakage"": 0.0001}",16000,10,SUCCESS,,1.0,45.006632237706064,5.25570768016361,1.4446511155308421,185.0,185.0,185.0,544,30,0.4015789031982422,0.4055805206298828,,,
B,B_FriedmanDrift_LEA,S2_LRU_STREAM,7309,"{""state_lr"": 0.001, ""readout_lr"": 0.001, ""state_decay"": 0.9}",16000,10,NUMERICAL_DIVERGENCE,3298.0,0.206125,inf,inf,inf,0.0,0.0,0.0,248,22,0.06342077255249023,0.06342077255249023,,,
B,B_FriedmanDrift_LEA,S3_RSONN,7309,"{""learning_rate"": 0.02, ""growth_threshold"": 0.1, ""pruning_threshold"": 0.001}",16000,10,SUCCESS,,1.0,20.703887482970483,3.5613367151889608,0.664566368577122,322.0,322.0,322.0,576,60,0.995431661605835,0.9994316101074219,,,
B,B_FriedmanDrift_LEA,S5_CONTINUAL_BACKPROP,7309,"{""learning_rate"": 0.03, ""replacement_rate"": 0.001, ""maturity_threshold"": 50}",16000,10,SUCCESS,,1.0,28.813002770448552,4.135203430590786,0.9248578381576615,65.0,65.0,65.0,304,10,0.3756442070007324,0.3791539669036865,,,
B,B_FriedmanDrift_LEA,C1_CURRENT_ONLY_LINEAR,7309,"{""learning_rate"": 0.03}",16000,10,SUCCESS,,1.0,28.813002770411764,4.135203430582278,0.9248578381564807,41.0,41.0,41.0,112,10,0.3429238796234131,0.34592151641845703,,,
B,B_FriedmanDrift_LEA,C2_NLMS,7309,"{""step_size"": 0.2}",16000,10,SUCCESS,,1.0,32.29809062788176,4.35551478444993,1.0367243745021835,65.0,65.0,65.0,112,10,0.26710033416748047,0.27161264419555664,,,
B,B_FriedmanDrift_LEA,C4_FIXED_LAG_LINEAR,7309,"{""max_lag"": 32, ""learning_rate"": 0.01}",16000,10,SUCCESS,,1.0,44.19118190210759,5.2075011255448995,1.4184762791031704,129.0,129.0,129.0,544,32,0.3351283073425293,0.339130163192749,,,
B,B_FriedmanDrift_LEA,LEBRE_V04,7310,{},16000,10,SUCCESS,,1.0,11.459372619799135,2.519130041115738,0.3700277232498744,126.44,156.0,273.0,2104,-1,0.6716864109039307,0.674685001373291,0.9045056320400501,0.0,0.0
B,B_FriedmanDrift_LEA,LEBRE_V032,7310,{},16000,10,SUCCESS,,1.0,11.401730830500751,2.5200769861295864,0.3681664468287483,116.8,176.0,176.0,2124,-1,0.5430405139923096,0.5465419292449951,,,
B,B_FriedmanDrift_LEA,CTRL_PERSISTENCE,7310,{},16000,10,SUCCESS,,1.0,62.17247083993452,6.256779360269343,2.007573939429454,0.0,0.0,0.0,4,-1,0.18783211708068848,0.18983197212219238,,,
B,B_FriedmanDrift_LEA,CTRL_ARX_NLMS,7310,{},16000,10,SUCCESS,,1.0,14.333466421959548,2.8949732599030353,0.4628333611591017,74.0,74.0,74.0,52,-1,0.31428050994873047,0.31778883934020996,,,
B,B_FriedmanDrift_LEA,IPNLMS,7310,"{""mu"": 0.1}",16000,10,SUCCESS,,1.0,11.387042567538849,2.5176657043033894,0.36769215694546986,116.0,116.0,116.0,88,-1,0.5877745151519775,0.5907812118530273,,,
B,B_FriedmanDrift_LEA,RIVER_SGD_LINREG,7310,{},16000,10,SUCCESS,,1.0,13.027258854659145,2.7306714515628596,0.42065539660065476,,,,-1,-1,0.5245361328125,0.5285513401031494,,,
B,B_FriedmanDrift_LEA,RIVER_HATR,7310,{},16000,10,SUCCESS,,1.0,8.93543856892217,2.2163013306941104,0.2885288837003837,,,,-1,-1,2.880099058151245,2.8856513500213623,,,
B,B_FriedmanDrift_LEA,Track_B,7310,{},16000,10,SUCCESS,,1.0,30.289572274531736,4.215942895567796,0.9780623982496831,61.49339285714286,78.0,78.0,408,13,0.7220480442047119,0.7260525226593018,,,
B,B_FriedmanDrift_LEA,B1_RZA_LMS,7310,"{""learning_rate"": 0.03, ""rho_zero_attraction"": 0.001, ""epsilon_reweight"": 10.0}",16000,10,SUCCESS,,1.0,29.598364487946554,4.19428100073939,0.9557430224820433,101.0,101.0,101.0,144,10,0.35515761375427246,0.35816168785095215,,,
B,B_FriedmanDrift_LEA,B2_CCN,7310,"{""readout_lr"": 0.03, ""recurrent_lr"": 0.001, ""max_columns"": 1}",16000,10,SUCCESS,,1.0,11.090797329180864,2.5097842840570594,0.35812627976264527,133.0,133.0,133.0,280,22,0.5924758911132812,0.596480131149292,,,
B,B_FriedmanDrift_LEA,B4_MINIMAL_GRU,7310,"{""learning_rate"": 0.01, ""weight_decay"": 0.99}",16000,10,SUCCESS,,1.0,21.120205885337366,3.55452915408086,0.6819798917104214,177.0,177.0,177.0,360,37,0.631812334060669,0.6353251934051514,,,
B,B_FriedmanDrift_LEA,S1_VARIABLE_TAP_LMS,7310,"{""learning_rate"": 0.01, ""tap_leakage"": 0.0001}",16000,10,SUCCESS,,1.0,42.718686920138374,5.160647380042683,1.3794034792072294,185.0,185.0,185.0,544,30,0.42653751373291016,0.43004536628723145,,,
B,B_FriedmanDrift_LEA,S2_LRU_STREAM,7310,"{""state_lr"": 0.001, ""readout_lr"": 0.001, ""state_decay"": 0.9}",16000,10,NUMERICAL_DIVERGENCE,3635.0,0.2271875,inf,inf,inf,0.0,0.0,0.0,248,22,0.06862735748291016,0.06862735748291016,,,
B,B_FriedmanDrift_LEA,S3_RSONN,7310,"{""learning_rate"": 0.02, ""growth_threshold"": 0.1, ""pruning_threshold"": 0.001}",16000,10,SUCCESS,,1.0,19.400518933632906,3.4753735321025774,0.62645051252414,321.9925,322.0,322.0,576,60,1.2535364627838135,1.2574381828308105,,,
B,B_FriedmanDrift_LEA,S5_CONTINUAL_BACKPROP,7310,"{""learning_rate"": 0.03, ""replacement_rate"": 0.001, ""maturity_threshold"": 50}",16000,10,SUCCESS,,1.0,29.596740498434702,4.193980995299257,0.9556905832114488,65.0,65.0,65.0,304,10,0.3756592273712158,0.3806631565093994,,,
B,B_FriedmanDrift_LEA,C1_CURRENT_ONLY_LINEAR,7310,"{""learning_rate"": 0.03}",16000,10,SUCCESS,,1.0,29.596740498415652,4.193980995298628,0.9556905832108338,41.0,41.0,41.0,112,10,0.2637176513671875,0.26671862602233887,,,
B,B_FriedmanDrift_LEA,C2_NLMS,7310,"{""step_size"": 0.2}",16000,10,SUCCESS,,1.0,33.118472802370285,4.417189313385027,1.0694087272631831,65.0,65.0,65.0,112,10,0.2920687198638916,0.29709339141845703,,,
B,B_FriedmanDrift_LEA,C4_FIXED_LAG_LINEAR,7310,"{""max_lag"": 32, ""learning_rate"": 0.01}",16000,10,SUCCESS,,1.0,41.71298178466623,5.100140234094579,1.3469288583107508,129.0,129.0,129.0,544,32,0.3078920841217041,0.3121516704559326,,,
B,B_FriedmanDrift_GRA,LEBRE_V04,7301,{},16000,10,SUCCESS,,1.0,7.524747602019659,2.118919701009042,0.310529130883245,126.43428571428572,156.0,273.0,2104,-1,0.6714503765106201,0.6754510402679443,0.9055694618272842,0.0,0.0
B,B_FriedmanDrift_GRA,LEBRE_V032,7301,{},16000,10,SUCCESS,,1.0,7.523375206782018,2.1236408344902955,0.3104724952692799,116.79714285714286,176.0,176.0,2124,-1,0.5607502460479736,0.5647504329681396,,,
B,B_FriedmanDrift_GRA,CTRL_PERSISTENCE,7301,{},16000,10,SUCCESS,,1.0,48.65338606618642,5.617721081678133,2.0078140143338166,0.0,0.0,0.0,4,-1,0.20416927337646484,0.2071692943572998,,,
B,B_FriedmanDrift_GRA,CTRL_ARX_NLMS,7301,{},16000,10,SUCCESS,,1.0,13.246654779247136,2.874158961376507,0.5466591589870644,74.0,74.0,74.0,52,-1,0.39293384552001953,0.39854001998901367,,,
B,B_FriedmanDrift_GRA,IPNLMS,7301,"{""mu"": 0.1}",16000,10,SUCCESS,,1.0,7.594353783003636,2.1337551567266524,0.31340161884274215,116.0,116.0,116.0,88,-1,0.5713303089141846,0.5743303298950195,,,
B,B_FriedmanDrift_GRA,RIVER_SGD_LINREG,7301,{},16000,10,SUCCESS,,1.0,8.319508768480084,2.247101711703158,0.3433271072850673,,,,-1,-1,0.507530927658081,0.5107944011688232,,,
B,B_FriedmanDrift_GRA,RIVER_HATR,7301,{},16000,10,SUCCESS,,1.0,6.633099526258126,1.977855797189183,0.2737328532319347,,,,-1,-1,2.074563503265381,2.0807878971099854,,,
B,B_FriedmanDrift_GRA,Track_B,7301,{},16000,10,SUCCESS,,1.0,29.960264821313718,4.1795443166871,1.2363916357137772,61.918571428571425,68.0,78.0,408,13,0.661543607711792,0.6660542488098145,,,
B,B_FriedmanDrift_GRA,B1_RZA_LMS,7301,"{""learning_rate"": 0.03, ""rho_zero_attraction"": 0.001, ""epsilon_reweight"": 10.0}",16000,10,SUCCESS,,1.0,30.749143878129857,4.2579423674328405,1.268946870897926,101.0,101.0,101.0,144,10,0.3479447364807129,0.35245490074157715,,,
B,B_FriedmanDrift_GRA,B2_CCN,7301,"{""readout_lr"": 0.03, ""recurrent_lr"": 0.001, ""max_columns"": 1}",16000,10,SUCCESS,,1.0,7.542094573559282,2.136835916170338,0.3112450007410207,133.0,133.0,133.0,280,22,0.5542292594909668,0.5582304000854492,,,
B,B_FriedmanDrift_GRA,B4_MINIMAL_GRU,7301,"{""learning_rate"": 0.01, ""weight_decay"": 0.99}",16000,10,SUCCESS,,1.0,19.257270837862105,3.4127106542681185,0.7947035425958405,177.0,177.0,177.0,360,37,0.606417179107666,0.6094286441802979,,,
B,B_FriedmanDrift_GRA,S1_VARIABLE_TAP_LMS,7301,"{""learning_rate"": 0.01, ""tap_leakage"": 0.0001}",16000,10,SUCCESS,,1.0,32.283663363888635,4.517383932324546,1.3322729819435881,185.0,185.0,185.0,544,30,0.3287513256072998,0.331756591796875,,,
B,B_FriedmanDrift_GRA,S2_LRU_STREAM,7301,"{""state_lr"": 0.001, ""readout_lr"": 0.001, ""state_decay"": 0.9}",16000,10,NUMERICAL_DIVERGENCE,3782.0,0.236375,inf,inf,inf,0.0,0.0,0.0,248,22,0.0680389404296875,0.0680389404296875,,,
B,B_FriedmanDrift_GRA,S3_RSONN,7301,"{""learning_rate"": 0.02, ""growth_threshold"": 0.05, ""pruning_threshold"": 0.005}",16000,10,SUCCESS,,1.0,16.564957224704866,3.24472029983463,0.6835979147958527,321.775,322.0,322.0,576,60,0.9803736209869385,0.9845147132873535,,,
B,B_FriedmanDrift_GRA,S5_CONTINUAL_BACKPROP,7301,"{""learning_rate"": 0.03, ""replacement_rate"": 0.0001, ""maturity_threshold"": 100}",16000,10,SUCCESS,,1.0,30.74723377104924,4.257623390648216,1.2688680451454875,65.0,65.0,65.0,304,10,0.3656008243560791,0.36911940574645996,,,
B,B_FriedmanDrift_GRA,C1_CURRENT_ONLY_LINEAR,7301,"{""learning_rate"": 0.03}",16000,10,SUCCESS,,1.0,30.747233771050887,4.257623390642308,1.2688680451455556,41.0,41.0,41.0,112,10,0.3594181537628174,0.3629271984100342,,,
B,B_FriedmanDrift_GRA,C2_NLMS,7301,"{""step_size"": 0.2}",16000,10,SUCCESS,,1.0,34.3829521583538,4.466449262064798,1.4189058312159326,65.0,65.0,65.0,112,10,0.2704896926879883,0.2740020751953125,,,
B,B_FriedmanDrift_GRA,C4_FIXED_LAG_LINEAR,7301,"{""max_lag"": 32, ""learning_rate"": 0.01}",16000,10,SUCCESS,,1.0,31.198482953886522,4.44631466983087,1.2874900673008387,129.0,129.0,129.0,544,32,0.2828850746154785,0.29020214080810547,,,
B,B_FriedmanDrift_GRA,LEBRE_V04,7302,{},16000,10,SUCCESS,,1.0,7.6760191821832215,2.1276129202475556,0.3099919494286657,126.44,156.0,273.0,2104,-1,0.6825060844421387,0.6900193691253662,0.9016270337922403,0.0,0.0
B,B_FriedmanDrift_GRA,LEBRE_V032,7302,{},16000,10,SUCCESS,,1.0,7.626467486139224,2.1264418347068936,0.3079908305557701,116.8,176.0,176.0,2124,-1,0.5742709636688232,0.578270673751831,,,
B,B_FriedmanDrift_GRA,CTRL_PERSISTENCE,7302,{},16000,10,SUCCESS,,1.0,49.362775226292534,5.6491492255049955,1.9934894062178774,0.0,0.0,0.0,4,-1,0.19025754928588867,0.19326543807983398,,,
B,B_FriedmanDrift_GRA,CTRL_ARX_NLMS,7302,{},16000,10,SUCCESS,,1.0,13.43378945061523,2.8846090718400466,0.5425164373841527,74.0,74.0,74.0,52,-1,0.2912588119506836,0.294766902923584,,,
B,B_FriedmanDrift_GRA,IPNLMS,7302,"{""mu"": 0.1}",16000,10,SUCCESS,,1.0,7.693558909417283,2.1342429975578927,0.31070028197821875,116.0,116.0,116.0,88,-1,0.5556793212890625,0.558678388595581,,,
B,B_FriedmanDrift_GRA,RIVER_SGD_LINREG,7302,{},16000,10,SUCCESS,,1.0,8.407813949829086,2.260452426796821,0.3395450916525388,,,,-1,-1,0.5559787750244141,0.5599892139434814,,,
B,B_FriedmanDrift_GRA,RIVER_HATR,7302,{},16000,10,SUCCESS,,1.0,7.203262073810451,2.0573218786551104,0.2908999052124536,,,,-1,-1,2.1956896781921387,2.202528953552246,,,
B,B_FriedmanDrift_GRA,Track_B,7302,{},16000,10,SUCCESS,,1.0,30.159112329487087,4.198304437554542,1.2179597004858882,62.559285714285714,78.0,78.0,408,13,0.6785695552825928,0.6833705902099609,,,
B,B_FriedmanDrift_GRA,B1_RZA_LMS,7302,"{""learning_rate"": 0.03, ""rho_zero_attraction"": 0.001, ""epsilon_reweight"": 10.0}",16000,10,SUCCESS,,1.0,30.990335185663856,4.276093517615099,1.251528193148593,101.0,101.0,101.0,144,10,0.4604926109313965,0.46449780464172363,,,
B,B_FriedmanDrift_GRA,B2_CCN,7302,"{""readout_lr"": 0.03, ""recurrent_lr"": 0.001, ""max_columns"": 1}",16000,10,SUCCESS,,1.0,7.6495443526279265,2.1456316235558903,0.30892277752720837,133.0,133.0,133.0,280,22,0.6153440475463867,0.6188633441925049,,,
B,B_FriedmanDrift_GRA,B4_MINIMAL_GRU,7302,"{""learning_rate"": 0.01, ""weight_decay"": 0.99}",16000,10,SUCCESS,,1.0,19.60476970528364,3.436312930084241,0.7917281907198681,177.0,177.0,177.0,360,37,0.6526927947998047,0.6562273502349854,,,
B,B_FriedmanDrift_GRA,S1_VARIABLE_TAP_LMS,7302,"{""learning_rate"": 0.01, ""tap_leakage"": 0.0001}",16000,10,SUCCESS,,1.0,36.34351242334091,4.769664897109759,1.467713406884952,185.0,185.0,185.0,544,30,0.3526005744934082,0.35710811614990234,,,
B,B_FriedmanDrift_GRA,S2_LRU_STREAM,7302,"{""state_lr"": 0.001, ""readout_lr"": 0.001, ""state_decay"": 0.9}",16000,10,NUMERICAL_DIVERGENCE,3400.0,0.2125,inf,inf,inf,0.0,0.0,0.0,248,22,0.06393909454345703,0.06393909454345703,,,
B,B_FriedmanDrift_GRA,S3_RSONN,7302,"{""learning_rate"": 0.02, ""growth_threshold"": 0.05, ""pruning_threshold"": 0.005}",16000,10,SUCCESS,,1.0,14.33897115386839,3.0272809991912286,0.5790717187244997,321.76,322.0,322.0,576,60,1.2221684455871582,1.226182222366333,,,
B,B_FriedmanDrift_GRA,S5_CONTINUAL_BACKPROP,7302,"{""learning_rate"": 0.03, ""replacement_rate"": 0.0001, ""maturity_threshold"": 100}",16000,10,SUCCESS,,1.0,30.988507837931046,4.27578033922008,1.251454396682934,65.0,65.0,65.0,304,10,0.38474392890930176,0.3887491226196289,,,
B,B_FriedmanDrift_GRA,C1_CURRENT_ONLY_LINEAR,7302,"{""learning_rate"": 0.03}",16000,10,SUCCESS,,1.0,30.988507837942972,4.27578033922509,1.2514543966834155,41.0,41.0,41.0,112,10,0.26221156120300293,0.2652285099029541,,,
B,B_FriedmanDrift_GRA,C2_NLMS,7302,"{""step_size"": 0.2}",16000,10,SUCCESS,,1.0,34.83957154418439,4.50648699734306,1.4069775548905603,65.0,65.0,65.0,112,10,0.268566370010376,0.2705662250518799,,,
B,B_FriedmanDrift_GRA,C4_FIXED_LAG_LINEAR,7302,"{""max_lag"": 32, ""learning_rate"": 0.01}",16000,10,SUCCESS,,1.0,35.355276875713656,4.701502470696844,1.4278040402415317,129.0,129.0,129.0,544,32,0.27021288871765137,0.2742297649383545,,,
B,B_FriedmanDrift_GRA,LEBRE_V04,7303,{},16000,10,SUCCESS,,1.0,7.560188981970542,2.1208836945320244,0.3067239449524848,126.44,156.0,273.0,2104,-1,0.7067608833312988,0.7138268947601318,0.9046933667083855,0.0,0.0
B,B_FriedmanDrift_GRA,LEBRE_V032,7303,{},16000,10,SUCCESS,,1.0,7.52847637655173,2.119180913787124,0.30543733486086183,116.8,176.0,176.0,2124,-1,0.5765225887298584,0.5810275077819824,,,
B,B_FriedmanDrift_GRA,CTRL_PERSISTENCE,7303,{},16000,10,SUCCESS,,1.0,50.12509734246043,5.725229505457832,2.0336221269960153,0.0,0.0,0.0,4,-1,0.2646164894104004,0.26761603355407715,,,
B,B_FriedmanDrift_GRA,CTRL_ARX_NLMS,7303,{},16000,10,SUCCESS,,1.0,13.663111001259463,2.9225861072527484,0.5543252049154035,74.0,74.0,74.0,52,-1,0.2980170249938965,0.30202460289001465,,,
B,B_FriedmanDrift_GRA,IPNLMS,7303,"{""mu"": 0.1}",16000,10,SUCCESS,,1.0,7.585466158354837,2.127842339582447,0.30774946366323924,116.0,116.0,116.0,88,-1,0.5473594665527344,0.5513613224029541,,,
B,B_FriedmanDrift_GRA,RIVER_SGD_LINREG,7303,{},16000,10,SUCCESS,,1.0,8.28097647772063,2.2488380607638954,0.33596696846633145,,,,-1,-1,0.5206813812255859,0.5241830348968506,,,
B,B_FriedmanDrift_GRA,RIVER_HATR,7303,{},16000,10,SUCCESS,,1.0,6.906214352382718,2.0252469567171705,0.28019158196997446,,,,-1,-1,1.954375982284546,1.9603872299194336,,,
B,B_FriedmanDrift_GRA,Track_B,7303,{},16000,10,SUCCESS,,1.0,30.306644136701994,4.217922118529406,1.2295689261272156,62.432857142857145,78.0,78.0,408,13,0.6692368984222412,0.673759937286377,,,
B,B_FriedmanDrift_GRA,B1_RZA_LMS,7303,"{""learning_rate"": 0.03, ""rho_zero_attraction"": 0.001, ""epsilon_reweight"": 10.0}",16000,10,SUCCESS,,1.0,31.331206185243307,4.2949760792119465,1.2711363676457583,101.0,101.0,101.0,144,10,0.3452794551849365,0.3487842082977295,,,
B,B_FriedmanDrift_GRA,B2_CCN,7303,"{""readout_lr"": 0.03, ""recurrent_lr"": 0.001, ""max_columns"": 1}",16000,10,SUCCESS,,1.0,7.549579654379462,2.1364872573738625,0.30629351459951476,133.0,133.0,133.0,280,22,0.625709056854248,0.629188060760498,,,
B,B_FriedmanDrift_GRA,B4_MINIMAL_GRU,7303,"{""learning_rate"": 0.01, ""weight_decay"": 0.99}",16000,10,SUCCESS,,1.0,19.300204653536802,3.435302918996874,0.7830273719136746,177.0,177.0,177.0,360,37,0.6021101474761963,0.6056172847747803,,,
B,B_FriedmanDrift_GRA,S1_VARIABLE_TAP_LMS,7303,"{""learning_rate"": 0.01, ""tap_leakage"": 0.0001}",16000,10,SUCCESS,,1.0,32.079280808370385,4.511003734433904,1.3014864554638772,185.0,185.0,185.0,544,30,0.31972599029541016,0.32223057746887207,,,
B,B_FriedmanDrift_GRA,S2_LRU_STREAM,7303,"{""state_lr"": 0.001, ""readout_lr"": 0.001, ""state_decay"": 0.9}",16000,10,NUMERICAL_DIVERGENCE,3575.0,0.2234375,inf,inf,inf,0.0,0.0,0.0,248,22,0.06639719009399414,0.06639719009399414,,,
B,B_FriedmanDrift_GRA,S3_RSONN,7303,"{""learning_rate"": 0.02, ""growth_threshold"": 0.05, ""pruning_threshold"": 0.005}",16000,10,SUCCESS,,1.0,15.92820088876403,3.1794294791891202,0.6462220222600797,321.9475,322.0,322.0,576,60,1.1838293075561523,1.1868290901184082,,,
B,B_FriedmanDrift_GRA,S5_CONTINUAL_BACKPROP,7303,"{""learning_rate"": 0.03, ""replacement_rate"": 0.0001, ""maturity_threshold"": 100}",16000,10,SUCCESS,,1.0,31.32926892430965,4.294606090225881,1.2710577711559892,65.0,65.0,65.0,304,10,0.37497878074645996,0.37748193740844727,,,
B,B_FriedmanDrift_GRA,C1_CURRENT_ONLY_LINEAR,7303,"{""learning_rate"": 0.03}",16000,10,SUCCESS,,1.0,31.32926892429622,4.294606090219456,1.2710577711554443,41.0,41.0,41.0,112,10,0.2695767879486084,0.2730851173400879,,,
B,B_FriedmanDrift_GRA,C2_NLMS,7303,"{""step_size"": 0.2}",16000,10,SUCCESS,,1.0,34.93947036117569,4.5123477517161055,1.4175270233703772,65.0,65.0,65.0,112,10,0.2684614658355713,0.27048277854919434,,,
B,B_FriedmanDrift_GRA,C4_FIXED_LAG_LINEAR,7303,"{""max_lag"": 32, ""learning_rate"": 0.01}",16000,10,SUCCESS,,1.0,31.05528999098845,4.442199268994533,1.259942189328265,129.0,129.0,129.0,544,32,0.2846407890319824,0.28864073753356934,,,
B,B_FriedmanDrift_GRA,LEBRE_V04,7304,{},16000,10,SUCCESS,,1.0,7.508433039014326,2.106408486019489,0.30583632196802935,126.43714285714286,156.0,273.0,2104,-1,0.8783366680145264,0.8803436756134033,0.9037546933667084,0.0,0.0
B,B_FriedmanDrift_GRA,LEBRE_V032,7304,{},16000,10,SUCCESS,,1.0,7.494129097159935,2.109802103177364,0.3052536884220337,116.8,176.0,176.0,2124,-1,0.5687859058380127,0.5732886791229248,,,
B,B_FriedmanDrift_GRA,CTRL_PERSISTENCE,7304,{},16000,10,SUCCESS,,1.0,48.81555416983132,5.649809726158115,1.9883735347385074,0.0,0.0,0.0,4,-1,0.18974995613098145,0.1927485466003418,,,
B,B_FriedmanDrift_GRA,CTRL_ARX_NLMS,7304,{},16000,10,SUCCESS,,1.0,13.74257024190517,2.9202795123709886,0.5597675460822005,74.0,74.0,74.0,52,-1,0.3887205123901367,0.39223241806030273,,,
B,B_FriedmanDrift_GRA,IPNLMS,7304,"{""mu"": 0.1}",16000,10,SUCCESS,,1.0,7.592302493569398,2.1225745307542083,0.30925252417337723,116.0,116.0,116.0,88,-1,0.42746996879577637,0.43097949028015137,,,
B,B_FriedmanDrift_GRA,RIVER_SGD_LINREG,7304,{},16000,10,SUCCESS,,1.0,8.29344952098158,2.2488855840193716,0.33781190892227675,,,,-1,-1,0.6689107418060303,0.6724185943603516,,,
B,B_FriedmanDrift_GRA,RIVER_HATR,7304,{},16000,10,SUCCESS,,1.0,6.431027985451809,1.9374842604232858,0.26195105361187915,,,,-1,-1,2.042280435562134,2.0472867488861084,,,
B,B_FriedmanDrift_GRA,Track_B,7304,{},16000,10,SUCCESS,,1.0,30.518714171289343,4.240549539557197,1.243099757944435,62.56142857142857,78.0,78.0,408,13,0.6864118576049805,0.6894352436065674,,,
B,B_FriedmanDrift_GRA,B1_RZA_LMS,7304,"{""learning_rate"": 0.03, ""rho_zero_attraction"": 0.001, ""epsilon_reweight"": 10.0}",16000,10,SUCCESS,,1.0,31.59339383698231,4.325925068622025,1.2868740147755935,101.0,101.0,101.0,144,10,0.3399686813354492,0.3464944362640381,,,
B,B_FriedmanDrift_GRA,B2_CCN,7304,"{""readout_lr"": 0.03, ""recurrent_lr"": 0.001, ""max_columns"": 1}",16000,10,SUCCESS,,1.0,7.546982688646766,2.127820533049348,0.30740654081335705,133.0,133.0,133.0,280,22,0.5919709205627441,0.5949699878692627,,,
B,B_FriedmanDrift_GRA,B4_MINIMAL_GRU,7304,"{""learning_rate"": 0.01, ""weight_decay"": 0.99}",16000,10,SUCCESS,,1.0,20.167884729573256,3.4883251034247884,0.8214858753508423,177.0,177.0,177.0,360,37,0.6026148796081543,0.605628252029419,,,
B,B_FriedmanDrift_GRA,S1_VARIABLE_TAP_LMS,7304,"{""learning_rate"": 0.01, ""tap_leakage"": 0.0001}",16000,10,SUCCESS,,1.0,34.81914570888096,4.699146210306982,1.4182665547312376,185.0,185.0,185.0,544,30,0.3191039562225342,0.3213953971862793,,,
B,B_FriedmanDrift_GRA,S2_LRU_STREAM,7304,"{""state_lr"": 0.001, ""readout_lr"": 0.001, ""state_decay"": 0.9}",16000,10,NUMERICAL_DIVERGENCE,3246.0,0.202875,inf,inf,inf,0.0,0.0,0.0,248,22,0.058074951171875,0.058074951171875,,,
B,B_FriedmanDrift_GRA,S3_RSONN,7304,"{""learning_rate"": 0.02, ""growth_threshold"": 0.05, ""pruning_threshold"": 0.005}",16000,10,SUCCESS,,1.0,15.963764864688791,3.191654209033273,0.6502420818844782,321.9475,322.0,322.0,576,60,0.8961358070373535,0.899144172668457,,,
B,B_FriedmanDrift_GRA,S5_CONTINUAL_BACKPROP,7304,"{""learning_rate"": 0.03, ""replacement_rate"": 0.0001, ""maturity_threshold"": 100}",16000,10,SUCCESS,,1.0,31.59127447817644,4.325549837242206,1.2867876882546336,65.0,65.0,65.0,304,10,0.40120363235473633,0.40520358085632324,,,
B,B_FriedmanDrift_GRA,C1_CURRENT_ONLY_LINEAR,7304,"{""learning_rate"": 0.03}",16000,10,SUCCESS,,1.0,31.591274478232357,4.3255498372362595,1.2867876882569111,41.0,41.0,41.0,112,10,0.2641761302947998,0.26818346977233887,,,
B,B_FriedmanDrift_GRA,C2_NLMS,7304,"{""step_size"": 0.2}",16000,10,SUCCESS,,1.0,35.36981191156117,4.550692868021657,1.440696497861146,65.0,65.0,65.0,112,10,0.37680745124816895,0.3803131580352783,,,
B,B_FriedmanDrift_GRA,C4_FIXED_LAG_LINEAR,7304,"{""max_lag"": 32, ""learning_rate"": 0.01}",16000,10,SUCCESS,,1.0,33.94957451955516,4.634561573234078,1.382846853596408,129.0,129.0,129.0,544,32,0.26790809631347656,0.2709171772003174,,,
B,B_FriedmanDrift_GRA,LEBRE_V04,7305,{},16000,10,SUCCESS,,1.0,7.526254242687498,2.106097294699082,0.298989848946784,126.42857142857143,156.0,273.0,2104,-1,0.7361185550689697,0.7401223182678223,0.9045682102628285,0.0,0.0
B,B_FriedmanDrift_GRA,LEBRE_V032,7305,{},16000,10,SUCCESS,,1.0,7.499511613629716,2.108785071588513,0.29792746460995473,116.79714285714286,176.0,176.0,2124,-1,0.5709381103515625,0.5756735801696777,,,
B,B_FriedmanDrift_GRA,CTRL_PERSISTENCE,7305,{},16000,10,SUCCESS,,1.0,50.737126145554065,5.748527433450303,2.015595699147711,0.0,0.0,0.0,4,-1,0.19534087181091309,0.19815349578857422,,,
B,B_FriedmanDrift_GRA,CTRL_ARX_NLMS,7305,{},16000,10,SUCCESS,,1.0,13.440395118317038,2.87971637429566,0.5339364811008233,74.0,74.0,74.0,52,-1,0.3747067451477051,0.37770986557006836,,,
B,B_FriedmanDrift_GRA,IPNLMS,7305,"{""mu"": 0.1}",16000,10,SUCCESS,,1.0,7.588597903475344,2.121086271859502,0.3014665287294074,116.0,116.0,116.0,88,-1,0.5328919887542725,0.5373992919921875,,,
B,B_FriedmanDrift_GRA,RIVER_SGD_LINREG,7305,{},16000,10,SUCCESS,,1.0,8.264953128780755,2.2433982555942142,0.32833558472029595,,,,-1,-1,0.5428452491760254,0.5458452701568604,,,
B,B_FriedmanDrift_GRA,RIVER_HATR,7305,{},16000,10,SUCCESS,,1.0,6.716813787104637,1.9750953328113279,0.26683381597975037,,,,-1,-1,2.337895393371582,2.3439857959747314,,,
B,B_FriedmanDrift_GRA,Track_B,7305,{},16000,10,SUCCESS,,1.0,29.90762982005873,4.181114779104269,1.1881179447191552,62.221607142857145,78.0,78.0,408,13,0.6875262260437012,0.6910336017608643,,,
B,B_FriedmanDrift_GRA,B1_RZA_LMS,7305,"{""learning_rate"": 0.03, ""rho_zero_attraction"": 0.001, ""epsilon_reweight"": 10.0}",16000,10,SUCCESS,,1.0,31.3289441751012,4.3001303867993235,1.2445814324804054,101.0,101.0,101.0,144,10,0.32906556129455566,0.33406591415405273,,,
B,B_FriedmanDrift_GRA,B2_CCN,7305,"{""readout_lr"": 0.03, ""recurrent_lr"": 0.001, ""max_columns"": 1}",16000,10,SUCCESS,,1.0,7.543159899759014,2.1269280154135086,0.299661447286565,133.0,133.0,133.0,280,22,0.5911152362823486,0.5956251621246338,,,
B,B_FriedmanDrift_GRA,B4_MINIMAL_GRU,7305,"{""learning_rate"": 0.01, ""weight_decay"": 0.99}",16000,10,SUCCESS,,1.0,19.453252508175822,3.4168596660177815,0.7728047500646517,177.0,177.0,177.0,360,37,0.5785806179046631,0.5825815200805664,,,
B,B_FriedmanDrift_GRA,S1_VARIABLE_TAP_LMS,7305,"{""learning_rate"": 0.01, ""tap_leakage"": 0.0001}",16000,10,SUCCESS,,1.0,31.539231346371317,4.4755130837487505,1.2529353529760607,185.0,185.0,185.0,544,30,0.3440413475036621,0.3475654125213623,,,
B,B_FriedmanDrift_GRA,S2_LRU_STREAM,7305,"{""state_lr"": 0.001, ""readout_lr"": 0.001, ""state_decay"": 0.9}",16000,10,NUMERICAL_DIVERGENCE,3403.0,0.2126875,inf,inf,inf,0.0,0.0,0.0,248,22,0.09472918510437012,0.09472918510437012,,,
B,B_FriedmanDrift_GRA,S3_RSONN,7305,"{""learning_rate"": 0.02, ""growth_threshold"": 0.05, ""pruning_threshold"": 0.005}",16000,10,SUCCESS,,1.0,15.092003652994665,3.120386106594581,0.5995486927507648,321.9325,322.0,322.0,576,60,1.0624098777770996,1.0659193992614746,,,
B,B_FriedmanDrift_GRA,S5_CONTINUAL_BACKPROP,7305,"{""learning_rate"": 0.03, ""replacement_rate"": 0.0001, ""maturity_threshold"": 100}",16000,10,SUCCESS,,1.0,31.326661900194775,4.299803835557534,1.2444907662595308,65.0,65.0,65.0,304,10,0.3721940517425537,0.3756983280181885,,,
B,B_FriedmanDrift_GRA,C1_CURRENT_ONLY_LINEAR,7305,"{""learning_rate"": 0.03}",16000,10,SUCCESS,,1.0,31.326661900182835,4.299803835548466,1.2444907662590565,41.0,41.0,41.0,112,10,0.2505521774291992,0.25429558753967285,,,
B,B_FriedmanDrift_GRA,C2_NLMS,7305,"{""step_size"": 0.2}",16000,10,SUCCESS,,1.0,34.95157864782666,4.521270921252474,1.3884951110333146,65.0,65.0,65.0,112,10,0.26535534858703613,0.2683560848236084,,,
B,B_FriedmanDrift_GRA,C4_FIXED_LAG_LINEAR,7305,"{""max_lag"": 32, ""learning_rate"": 0.01}",16000,10,SUCCESS,,1.0,30.55413511359767,4.3963861046859645,1.2138011748925597,129.0,129.0,129.0,544,32,0.32509708404541016,0.3290996551513672,,,
B,B_FriedmanDrift_GRA,LEBRE_V04,7306,{},16000,10,SUCCESS,,1.0,7.394829245573133,2.0952018094929747,0.2930169884137512,126.43714285714286,156.0,273.0,2104,-1,0.7293405532836914,0.7333395481109619,0.9015644555694619,0.0,0.0
B,B_FriedmanDrift_GRA,LEBRE_V032,7306,{},16000,10,SUCCESS,,1.0,7.345114228337729,2.092720772951393,0.29104705183435325,116.79714285714286,176.0,176.0,2124,-1,0.5900187492370605,0.5940330028533936,,,
B,B_FriedmanDrift_GRA,CTRL_PERSISTENCE,7306,{},16000,10,SUCCESS,,1.0,50.453072078119874,5.698111484349765,1.9991816910989142,0.0,0.0,0.0,4,-1,0.19083237648010254,0.1938338279724121,,,
B,B_FriedmanDrift_GRA,CTRL_ARX_NLMS,7306,{},16000,10,SUCCESS,,1.0,13.395895440146623,2.879074556327203,0.5308067040665038,74.0,74.0,74.0,52,-1,0.32590246200561523,0.32890939712524414,,,
B,B_FriedmanDrift_GRA,IPNLMS,7306,"{""mu"": 0.1}",16000,10,SUCCESS,,1.0,7.433437940911352,2.105610293124098,0.29454684167457684,116.0,116.0,116.0,88,-1,0.4951331615447998,0.4986433982849121,,,
B,B_FriedmanDrift_GRA,RIVER_SGD_LINREG,7306,{},16000,10,SUCCESS,,1.0,8.059031992392418,2.21029411808565,0.3193357419787017,,,,-1,-1,0.6532237529754639,0.6572339534759521,,,
B,B_FriedmanDrift_GRA,RIVER_HATR,7306,{},16000,10,SUCCESS,,1.0,7.3450966165843745,2.086585240147144,0.2910463539760583,,,,-1,-1,2.088076114654541,2.092076301574707,,,
B,B_FriedmanDrift_GRA,Track_B,7306,{},16000,10,SUCCESS,,1.0,29.950885930201807,4.192951315667698,1.18679121642265,62.45035714285714,68.0,78.0,408,13,0.6607859134674072,0.664785623550415,,,
B,B_FriedmanDrift_GRA,B1_RZA_LMS,7306,"{""learning_rate"": 0.03, ""rho_zero_attraction"": 0.001, ""epsilon_reweight"": 10.0}",16000,10,SUCCESS,,1.0,30.640579146230348,4.268342780964297,1.2141200190736454,101.0,101.0,101.0,144,10,0.36760973930358887,0.37061595916748047,,,
B,B_FriedmanDrift_GRA,B2_CCN,7306,"{""readout_lr"": 0.03, ""recurrent_lr"": 0.001, ""max_columns"": 1}",16000,10,SUCCESS,,1.0,7.367420553539416,2.1062265947406873,0.2919309305577314,133.0,133.0,133.0,280,22,0.6658313274383545,0.6698367595672607,,,
B,B_FriedmanDrift_GRA,B4_MINIMAL_GRU,7306,"{""learning_rate"": 0.01, ""weight_decay"": 0.99}",16000,10,SUCCESS,,1.0,18.979797877986513,3.394526542175527,0.7520664818918722,177.0,177.0,177.0,360,37,0.6390876770019531,0.6420083045959473,,,
B,B_FriedmanDrift_GRA,S1_VARIABLE_TAP_LMS,7306,"{""learning_rate"": 0.01, ""tap_leakage"": 0.0001}",16000,10,SUCCESS,,1.0,34.47808545908032,4.638471844563577,1.3661795873839218,185.0,185.0,185.0,544,30,0.32607007026672363,0.33057165145874023,,,
B,B_FriedmanDrift_GRA,S2_LRU_STREAM,7306,"{""state_lr"": 0.001, ""readout_lr"": 0.001, ""state_decay"": 0.9}",16000,10,NUMERICAL_DIVERGENCE,4033.0,0.2520625,inf,inf,inf,0.0,0.0,0.0,248,22,0.09416723251342773,0.09416723251342773,,,
B,B_FriedmanDrift_GRA,S3_RSONN,7306,"{""learning_rate"": 0.02, ""growth_threshold"": 0.05, ""pruning_threshold"": 0.005}",16000,10,SUCCESS,,1.0,15.943703425398827,3.198552688722077,0.6317625203677423,321.8425,322.0,322.0,576,60,1.016190767288208,1.019195556640625,,,
B,B_FriedmanDrift_GRA,S5_CONTINUAL_BACKPROP,7306,"{""learning_rate"": 0.03, ""replacement_rate"": 0.0001, ""maturity_threshold"": 100}",16000,10,SUCCESS,,1.0,30.638347335753153,4.2680390857461905,1.2140315845252576,65.0,65.0,65.0,304,10,0.42485785484313965,0.42885851860046387,,,
B,B_FriedmanDrift_GRA,C1_CURRENT_ONLY_LINEAR,7306,"{""learning_rate"": 0.03}",16000,10,SUCCESS,,1.0,30.638347335742584,4.268039085740787,1.2140315845248388,41.0,41.0,41.0,112,10,0.26152658462524414,0.2660348415374756,,,
B,B_FriedmanDrift_GRA,C2_NLMS,7306,"{""step_size"": 0.2}",16000,10,SUCCESS,,1.0,34.34396071205433,4.502824198593074,1.3608649508804707,65.0,65.0,65.0,112,10,0.2721211910247803,0.2751188278198242,,,
B,B_FriedmanDrift_GRA,C4_FIXED_LAG_LINEAR,7306,"{""max_lag"": 32, ""learning_rate"": 0.01}",16000,10,SUCCESS,,1.0,33.38559068338284,4.572529169628907,1.3228899429037237,129.0,129.0,129.0,544,32,0.2670893669128418,0.27010369300842285,,,
B,B_FriedmanDrift_GRA,LEBRE_V04,7307,{},16000,10,SUCCESS,,1.0,7.570555955877483,2.1113395460993565,0.30484669997216784,126.44,156.0,273.0,2104,-1,0.7198231220245361,0.7233309745788574,0.8973717146433041,0.0,0.0
B,B_FriedmanDrift_GRA,LEBRE_V032,7307,{},16000,10,SUCCESS,,1.0,7.546298701973246,2.1119198682792084,0.30386992312167077,116.8,176.0,176.0,2124,-1,0.5648066997528076,0.5688116550445557,,,
B,B_FriedmanDrift_GRA,CTRL_PERSISTENCE,7307,{},16000,10,SUCCESS,,1.0,49.64384000539534,5.670631902708339,1.9990289864830597,0.0,0.0,0.0,4,-1,0.19736242294311523,0.2023615837097168,,,
B,B_FriedmanDrift_GRA,CTRL_ARX_NLMS,7307,{},16000,10,SUCCESS,,1.0,13.693566453816846,2.903558509096484,0.5514044897924274,74.0,74.0,74.0,52,-1,0.31201791763305664,0.31553030014038086,,,
B,B_FriedmanDrift_GRA,IPNLMS,7307,"{""mu"": 0.1}",16000,10,SUCCESS,,1.0,7.635362453718904,2.125230354036948,0.3074562899572168,116.0,116.0,116.0,88,-1,0.45517992973327637,0.46018052101135254,,,
B,B_FriedmanDrift_GRA,RIVER_SGD_LINREG,7307,{},16000,10,SUCCESS,,1.0,8.275300401300498,2.2401571498150985,0.33322493530429415,,,,-1,-1,0.5401883125305176,0.5441901683807373,,,
B,B_FriedmanDrift_GRA,RIVER_HATR,7307,{},16000,10,SUCCESS,,1.0,7.14182278028607,2.047639412874316,0.287582724313133,,,,-1,-1,2.145087242126465,2.150090456008911,,,
B,B_FriedmanDrift_GRA,Track_B,7307,{},16000,10,SUCCESS,,1.0,30.648618370747162,4.233518569863249,1.2341405602814404,62.49321428571429,78.0,78.0,408,13,0.6734585762023926,0.6774654388427734,,,
B,B_FriedmanDrift_GRA,B1_RZA_LMS,7307,"{""learning_rate"": 0.03, ""rho_zero_attraction"": 0.001, ""epsilon_reweight"": 10.0}",16000,10,SUCCESS,,1.0,31.34715484264819,4.311686516947974,1.2622688165826048,101.0,101.0,101.0,144,10,0.3391387462615967,0.34213757514953613,,,
B,B_FriedmanDrift_GRA,B2_CCN,7307,"{""readout_lr"": 0.03, ""recurrent_lr"": 0.001, ""max_columns"": 1}",16000,10,SUCCESS,,1.0,7.5891146459504215,2.1339473692858806,0.30559401040187933,133.0,133.0,133.0,280,22,0.5851693153381348,0.5886731147766113,,,
B,B_FriedmanDrift_GRA,B4_MINIMAL_GRU,7307,"{""learning_rate"": 0.01, ""weight_decay"": 0.99}",16000,10,SUCCESS,,1.0,19.619979368883605,3.440890378300056,0.7900458036351614,177.0,177.0,177.0,360,37,0.5997748374938965,0.6027741432189941,,,
B,B_FriedmanDrift_GRA,S1_VARIABLE_TAP_LMS,7307,"{""learning_rate"": 0.01, ""tap_leakage"": 0.0001}",16000,10,SUCCESS,,1.0,34.93731073777448,4.6796893838068305,1.4068351051608152,185.0,185.0,185.0,544,30,0.3176407814025879,0.32114338874816895,,,
B,B_FriedmanDrift_GRA,S2_LRU_STREAM,7307,"{""state_lr"": 0.001, ""readout_lr"": 0.001, ""state_decay"": 0.9}",16000,10,NUMERICAL_DIVERGENCE,3747.0,0.2341875,inf,inf,inf,0.0,0.0,0.0,248,22,0.07217907905578613,0.07217907905578613,,,
B,B_FriedmanDrift_GRA,S3_RSONN,7307,"{""learning_rate"": 0.02, ""growth_threshold"": 0.05, ""pruning_threshold"": 0.005}",16000,10,SUCCESS,,1.0,16.79798240789819,3.2967394021037646,0.6764112877684626,321.865,322.0,322.0,576,60,0.9774301052093506,0.9825303554534912,,,
B,B_FriedmanDrift_GRA,S5_CONTINUAL_BACKPROP,7307,"{""learning_rate"": 0.03, ""replacement_rate"": 0.0001, ""maturity_threshold"": 100}",16000,10,SUCCESS,,1.0,31.34534789729537,4.311355279162739,1.2621960555686123,65.0,65.0,65.0,304,10,0.37665843963623047,0.38016843795776367,,,
B,B_FriedmanDrift_GRA,C1_CURRENT_ONLY_LINEAR,7307,"{""learning_rate"": 0.03}",16000,10,SUCCESS,,1.0,31.34534789732839,4.3113552791601775,1.2621960555699419,41.0,41.0,41.0,112,10,0.2663273811340332,0.2693314552307129,,,
B,B_FriedmanDrift_GRA,C2_NLMS,7307,"{""step_size"": 0.2}",16000,10,SUCCESS,,1.0,34.959571020175865,4.515668131216644,1.4077314691359395,65.0,65.0,65.0,112,10,0.26532745361328125,0.26833081245422363,,,
B,B_FriedmanDrift_GRA,C4_FIXED_LAG_LINEAR,7307,"{""max_lag"": 32, ""learning_rate"": 0.01}",16000,10,SUCCESS,,1.0,33.99588177039779,4.629801619084282,1.3689261965369801,129.0,129.0,129.0,544,32,0.27072739601135254,0.2737281322479248,,,
B,B_FriedmanDrift_GRA,LEBRE_V04,7308,{},16000,10,SUCCESS,,1.0,7.486423588482086,2.1038247699708434,0.30401263740871404,126.44482142857143,156.0,282.0,2104,-1,0.6974260807037354,0.7015507221221924,0.905694618272841,0.0,0.0
B,B_FriedmanDrift_GRA,LEBRE_V032,7308,{},16000,10,SUCCESS,,1.0,7.470020801209063,2.1060855789398114,0.3033465443723278,116.80160714285714,176.0,179.0,2124,-1,0.5830516815185547,0.5880584716796875,,,
B,B_FriedmanDrift_GRA,CTRL_PERSISTENCE,7308,{},16000,10,SUCCESS,,1.0,48.46273825352429,5.61938539478305,1.968000434168507,0.0,0.0,0.0,4,-1,0.23134660720825195,0.2343463897705078,,,
B,B_FriedmanDrift_GRA,CTRL_ARX_NLMS,7308,{},16000,10,SUCCESS,,1.0,13.286069567747337,2.8678006800443656,0.5395277200585811,74.0,74.0,74.0,52,-1,0.3115084171295166,0.31553125381469727,,,
B,B_FriedmanDrift_GRA,IPNLMS,7308,"{""mu"": 0.1}",16000,10,SUCCESS,,1.0,7.547127835290262,2.1146059793146255,0.3064777474784216,116.0,116.0,116.0,88,-1,0.49422788619995117,0.49722814559936523,,,
B,B_FriedmanDrift_GRA,RIVER_SGD_LINREG,7308,{},16000,10,SUCCESS,,1.0,8.13532380799917,2.2198368601892895,0.33036351975178496,,,,-1,-1,0.5603551864624023,0.5638630390167236,,,
B,B_FriedmanDrift_GRA,RIVER_HATR,7308,{},16000,10,SUCCESS,,1.0,6.7057260209233815,1.9926268744729403,0.27230965884666186,,,,-1,-1,1.990349531173706,1.9944941997528076,,,
B,B_FriedmanDrift_GRA,Track_B,7308,{},16000,10,SUCCESS,,1.0,30.204316804180355,4.2128517551034905,1.2265528264917498,61.9325,78.0,78.0,408,13,0.6522140502929688,0.6557207107543945,,,
B,B_FriedmanDrift_GRA,B1_RZA_LMS,7308,"{""learning_rate"": 0.03, ""rho_zero_attraction"": 0.001, ""epsilon_reweight"": 10.0}",16000,10,SUCCESS,,1.0,31.106216713464693,4.28090818204576,1.2631776536685146,101.0,101.0,101.0,144,10,0.3386707305908203,0.34220433235168457,,,
B,B_FriedmanDrift_GRA,B2_CCN,7308,"{""readout_lr"": 0.03, ""recurrent_lr"": 0.001, ""max_columns"": 1}",16000,10,SUCCESS,,1.0,7.462322417480005,2.1171962602828795,0.3030339243457431,133.0,133.0,133.0,280,22,0.5823283195495605,0.5853281021118164,,,
B,B_FriedmanDrift_GRA,B4_MINIMAL_GRU,7308,"{""learning_rate"": 0.01, ""weight_decay"": 0.99}",16000,10,SUCCESS,,1.0,19.629305273272635,3.4363575569931353,0.7971171810007545,177.0,177.0,177.0,360,37,0.6364703178405762,0.6434705257415771,,,
B,B_FriedmanDrift_GRA,S1_VARIABLE_TAP_LMS,7308,"{""learning_rate"": 0.01, ""tap_leakage"": 0.0001}",16000,10,SUCCESS,,1.0,35.45585304321126,4.6881098193813155,1.4398099797379944,185.0,185.0,185.0,544,30,0.3443315029144287,0.3484008312225342,,,
B,B_FriedmanDrift_GRA,S2_LRU_STREAM,7308,"{""state_lr"": 0.001, ""readout_lr"": 0.001, ""state_decay"": 0.9}",16000,10,NUMERICAL_DIVERGENCE,3499.0,0.2186875,inf,inf,inf,0.0,0.0,0.0,248,22,0.06340575218200684,0.06340575218200684,,,
B,B_FriedmanDrift_GRA,S3_RSONN,7308,"{""learning_rate"": 0.02, ""growth_threshold"": 0.05, ""pruning_threshold"": 0.005}",16000,10,SUCCESS,,1.0,15.613412699308283,3.162712612232148,0.6340376973819931,321.7975,322.0,322.0,576,60,0.9689552783966064,0.9719531536102295,,,
B,B_FriedmanDrift_GRA,S5_CONTINUAL_BACKPROP,7308,"{""learning_rate"": 0.03, ""replacement_rate"": 0.0001, ""maturity_threshold"": 100}",16000,10,SUCCESS,,1.0,31.10409110528693,4.280569043609859,1.2630913358505897,65.0,65.0,65.0,304,10,0.3581531047821045,0.3615574836730957,,,
B,B_FriedmanDrift_GRA,C1_CURRENT_ONLY_LINEAR,7308,"{""learning_rate"": 0.03}",16000,10,SUCCESS,,1.0,31.1040911052799,4.280569043608536,1.2630913358503042,41.0,41.0,41.0,112,10,0.25534987449645996,0.2593514919281006,,,
B,B_FriedmanDrift_GRA,C2_NLMS,7308,"{""step_size"": 0.2}",16000,10,SUCCESS,,1.0,34.57367929631205,4.500051555198296,1.4039862029669108,65.0,65.0,65.0,112,10,0.269819974899292,0.2727947235107422,,,
B,B_FriedmanDrift_GRA,C4_FIXED_LAG_LINEAR,7308,"{""max_lag"": 32, ""learning_rate"": 0.01}",16000,10,SUCCESS,,1.0,34.528288216037225,4.631700271129987,1.4021429380399288,129.0,129.0,129.0,544,32,0.26537609100341797,0.2698791027069092,,,
B,B_FriedmanDrift_GRA,LEBRE_V04,7309,{},16000,10,SUCCESS,,1.0,7.496489959386155,2.10541528677616,0.30802571348225366,126.44,156.0,273.0,2104,-1,0.754941463470459,0.7589383125305176,0.8979349186483104,0.0,0.0
B,B_FriedmanDrift_GRA,LEBRE_V032,7309,{},16000,10,SUCCESS,,1.0,7.480946147058125,2.1094789723854865,0.3073870287233178,116.8,176.0,176.0,2124,-1,0.5555810928344727,0.5605878829956055,,,
B,B_FriedmanDrift_GRA,CTRL_PERSISTENCE,7309,{},16000,10,SUCCESS,,1.0,49.464587638385886,5.664014775112321,2.032466525262564,0.0,0.0,0.0,4,-1,0.18601489067077637,0.1880185604095459,,,
B,B_FriedmanDrift_GRA,CTRL_ARX_NLMS,7309,{},16000,10,SUCCESS,,1.0,13.481924444597627,2.902960986833107,0.5539631772549013,74.0,74.0,74.0,52,-1,0.2947063446044922,0.2987058162689209,,,
B,B_FriedmanDrift_GRA,IPNLMS,7309,"{""mu"": 0.1}",16000,10,SUCCESS,,1.0,7.532457746442771,2.1157572772891124,0.309503605579824,116.0,116.0,116.0,88,-1,0.46692538261413574,0.48145318031311035,,,
B,B_FriedmanDrift_GRA,RIVER_SGD_LINREG,7309,{},16000,10,SUCCESS,,1.0,8.271659802410033,2.23784020340191,0.339876919214664,,,,-1,-1,0.5786669254302979,0.5821695327758789,,,
B,B_FriedmanDrift_GRA,RIVER_HATR,7309,{},16000,10,SUCCESS,,1.0,7.717439263383014,2.1302679381348586,0.3171043712775364,,,,-1,-1,2.0799930095672607,2.084500312805176,,,
B,B_FriedmanDrift_GRA,Track_B,7309,{},16000,10,SUCCESS,,1.0,30.17307945654233,4.229821807142352,1.2397914727973867,61.93214285714286,78.0,78.0,408,13,0.7118034362792969,0.7158029079437256,,,
B,B_FriedmanDrift_GRA,B1_RZA_LMS,7309,"{""learning_rate"": 0.03, ""rho_zero_attraction"": 0.001, ""epsilon_reweight"": 10.0}",16000,10,SUCCESS,,1.0,31.02277679970234,4.301312782439748,1.274704963216077,101.0,101.0,101.0,144,10,0.36944580078125,0.37395358085632324,,,
B,B_FriedmanDrift_GRA,B2_CCN,7309,"{""readout_lr"": 0.03, ""recurrent_lr"": 0.001, ""max_columns"": 1}",16000,10,SUCCESS,,1.0,7.512644039721447,2.1273917202662602,0.30868947374177325,133.0,133.0,133.0,280,22,0.6170227527618408,0.621035099029541,,,
B,B_FriedmanDrift_GRA,B4_MINIMAL_GRU,7309,"{""learning_rate"": 0.01, ""weight_decay"": 0.99}",16000,10,SUCCESS,,1.0,19.468330249767703,3.4118816467124056,0.7999405519091601,177.0,177.0,177.0,360,37,0.6643495559692383,0.6678392887115479,,,
B,B_FriedmanDrift_GRA,S1_VARIABLE_TAP_LMS,7309,"{""learning_rate"": 0.01, ""tap_leakage"": 0.0001}",16000,10,SUCCESS,,1.0,35.851645289797304,4.7270393423511905,1.4731199107491049,185.0,185.0,185.0,544,30,0.3649475574493408,0.3679478168487549,,,
B,B_FriedmanDrift_GRA,S2_LRU_STREAM,7309,"{""state_lr"": 0.001, ""readout_lr"": 0.001, ""state_decay"": 0.9}",16000,10,NUMERICAL_DIVERGENCE,3282.0,0.205125,inf,inf,inf,0.0,0.0,0.0,248,22,0.0836188793182373,0.0836188793182373,,,
B,B_FriedmanDrift_GRA,S3_RSONN,7309,"{""learning_rate"": 0.02, ""growth_threshold"": 0.05, ""pruning_threshold"": 0.005}",16000,10,SUCCESS,,1.0,15.384298409126744,3.1444024890234714,0.6321304396548802,321.895,322.0,322.0,576,60,0.9681377410888672,0.9716484546661377,,,
B,B_FriedmanDrift_GRA,S5_CONTINUAL_BACKPROP,7309,"{""learning_rate"": 0.03, ""replacement_rate"": 0.0001, ""maturity_threshold"": 100}",16000,10,SUCCESS,,1.0,31.02093007082457,4.301046444809715,1.2746290823727402,65.0,65.0,65.0,304,10,0.37039899826049805,0.37290167808532715,,,
B,B_FriedmanDrift_GRA,C1_CURRENT_ONLY_LINEAR,7309,"{""learning_rate"": 0.03}",16000,10,SUCCESS,,1.0,31.02093007083318,4.30104644481371,1.2746290823730941,41.0,41.0,41.0,112,10,0.2542409896850586,0.25724124908447266,,,
B,B_FriedmanDrift_GRA,C2_NLMS,7309,"{""step_size"": 0.2}",16000,10,SUCCESS,,1.0,34.73179687685114,4.5245277616845625,1.4271060951822852,65.0,65.0,65.0,112,10,0.27374911308288574,0.2767486572265625,,,
B,B_FriedmanDrift_GRA,C4_FIXED_LAG_LINEAR,7309,"{""max_lag"": 32, ""learning_rate"": 0.01}",16000,10,SUCCESS,,1.0,34.886436259399446,4.669201942481293,1.43346012305399,129.0,129.0,129.0,544,32,0.28557538986206055,0.2885763645172119,,,
B,B_FriedmanDrift_GRA,LEBRE_V04,7310,{},16000,10,SUCCESS,,1.0,7.506503196482561,2.101045252831274,0.3086867023500058,126.44,156.0,273.0,2104,-1,0.6825723648071289,0.6875755786895752,0.9033166458072591,0.0,0.0
B,B_FriedmanDrift_GRA,LEBRE_V032,7310,{},16000,10,SUCCESS,,1.0,7.4718514369241085,2.1013842603421526,0.307261732945645,116.8,176.0,176.0,2124,-1,0.5749595165252686,0.5779602527618408,,,
B,B_FriedmanDrift_GRA,CTRL_PERSISTENCE,7310,{},16000,10,SUCCESS,,1.0,49.40047489810741,5.667105336041301,2.031474481748919,0.0,0.0,0.0,4,-1,0.1877121925354004,0.19022226333618164,,,
B,B_FriedmanDrift_GRA,CTRL_ARX_NLMS,7310,{},16000,10,SUCCESS,,1.0,13.193473324148883,2.856308992281025,0.5425495289048398,74.0,74.0,74.0,52,-1,0.2999255657196045,0.30376553535461426,,,
B,B_FriedmanDrift_GRA,IPNLMS,7310,"{""mu"": 0.1}",16000,10,SUCCESS,,1.0,7.550825467230264,2.11340350102287,0.31050934802664837,116.0,116.0,116.0,88,-1,0.43456506729125977,0.4380772113800049,,,
B,B_FriedmanDrift_GRA,RIVER_SGD_LINREG,7310,{},16000,10,SUCCESS,,1.0,8.257527051460093,2.2445700177006525,0.339570733317692,,,,-1,-1,0.5032246112823486,0.5061972141265869,,,
B,B_FriedmanDrift_GRA,RIVER_HATR,7310,{},16000,10,SUCCESS,,1.0,7.975084790726337,2.1602648170998475,0.32795598170990775,,,,-1,-1,2.221295118331909,2.2260029315948486,,,
B,B_FriedmanDrift_GRA,Track_B,7310,{},16000,10,SUCCESS,,1.0,29.796347404337148,4.190482381515508,1.2253023786934394,62.42017857142857,78.0,78.0,408,13,0.7747595310211182,0.7798175811767578,,,
B,B_FriedmanDrift_GRA,B1_RZA_LMS,7310,"{""learning_rate"": 0.03, ""rho_zero_attraction"": 0.001, ""epsilon_reweight"": 10.0}",16000,10,SUCCESS,,1.0,30.810882245117085,4.265065102788507,1.2670226585923803,101.0,101.0,101.0,144,10,0.34679388999938965,0.3513069152832031,,,
B,B_FriedmanDrift_GRA,B2_CCN,7310,"{""readout_lr"": 0.03, ""recurrent_lr"": 0.001, ""max_columns"": 1}",16000,10,SUCCESS,,1.0,7.522327817161823,2.121926979727186,0.30933745141992025,133.0,133.0,133.0,280,22,0.6285889148712158,0.6315886974334717,,,
B,B_FriedmanDrift_GRA,B4_MINIMAL_GRU,7310,"{""learning_rate"": 0.01, ""weight_decay"": 0.99}",16000,10,SUCCESS,,1.0,19.318605868756567,3.4169103263414042,0.7944307200748671,177.0,177.0,177.0,360,37,0.665334939956665,0.6688432693481445,,,
B,B_FriedmanDrift_GRA,S1_VARIABLE_TAP_LMS,7310,"{""learning_rate"": 0.01, ""tap_leakage"": 0.0001}",16000,10,SUCCESS,,1.0,34.24152678322342,4.61009934211873,1.4080995783889818,185.0,185.0,185.0,544,30,0.32500529289245605,0.32800865173339844,,,
B,B_FriedmanDrift_GRA,S2_LRU_STREAM,7310,"{""state_lr"": 0.001, ""readout_lr"": 0.001, ""state_decay"": 0.9}",16000,10,NUMERICAL_DIVERGENCE,3645.0,0.2278125,inf,inf,inf,0.0,0.0,0.0,248,22,0.06845331192016602,0.06845331192016602,,,
B,B_FriedmanDrift_GRA,S3_RSONN,7310,"{""learning_rate"": 0.02, ""growth_threshold"": 0.05, ""pruning_threshold"": 0.005}",16000,10,SUCCESS,,1.0,14.899392980524887,3.099051676304784,0.6127013292061463,321.805,322.0,322.0,576,60,0.9218394756317139,0.9248392581939697,,,
B,B_FriedmanDrift_GRA,S5_CONTINUAL_BACKPROP,7310,"{""learning_rate"": 0.03, ""replacement_rate"": 0.0001, ""maturity_threshold"": 100}",16000,10,SUCCESS,,1.0,30.808783106132413,4.264720843884971,1.266936336602768,65.0,65.0,65.0,304,10,0.35674285888671875,0.360248327255249,,,
B,B_FriedmanDrift_GRA,C1_CURRENT_ONLY_LINEAR,7310,"{""learning_rate"": 0.03}",16000,10,SUCCESS,,1.0,30.80878310619842,4.264720843895197,1.2669363366054822,41.0,41.0,41.0,112,10,0.25498318672180176,0.25998663902282715,,,
B,B_FriedmanDrift_GRA,C2_NLMS,7310,"{""step_size"": 0.2}",16000,10,SUCCESS,,1.0,34.44488520424685,4.490981119222927,1.4164621992708648,65.0,65.0,65.0,112,10,0.2760953903198242,0.28015708923339844,,,
B,B_FriedmanDrift_GRA,C4_FIXED_LAG_LINEAR,7310,"{""max_lag"": 32, ""learning_rate"": 0.01}",16000,10,SUCCESS,,1.0,33.10262997034979,4.53675124273647,1.3612652146005764,129.0,129.0,129.0,544,32,0.30761241912841797,0.31261348724365234,,,
B,B_FriedmanDrift_GSG,LEBRE_V04,7301,{},16000,10,SUCCESS,,1.0,7.876612681418302,2.165344612117602,0.3199121907099345,126.43714285714286,156.0,273.0,2104,-1,0.703362226486206,0.7078778743743896,0.9023779724655819,0.0,0.0
B,B_FriedmanDrift_GSG,LEBRE_V032,7301,{},16000,10,SUCCESS,,1.0,7.870932091888742,2.169810629873761,0.3196814709939311,116.79714285714286,176.0,176.0,2124,-1,0.5551750659942627,0.5581982135772705,,,
B,B_FriedmanDrift_GSG,CTRL_PERSISTENCE,7301,{},16000,10,SUCCESS,,1.0,49.30873907986746,5.64212562531162,2.0026967655015544,0.0,0.0,0.0,4,-1,0.25769853591918945,0.26070070266723633,,,
B,B_FriedmanDrift_GSG,CTRL_ARX_NLMS,7301,{},16000,10,SUCCESS,,1.0,13.554146792562891,2.892904164261436,0.5505078095108316,74.0,74.0,74.0,52,-1,0.28974461555480957,0.29325079917907715,,,
B,B_FriedmanDrift_GSG,IPNLMS,7301,"{""mu"": 0.1}",16000,10,SUCCESS,,1.0,7.877521461324106,2.170885558881535,0.31994910121731857,116.0,116.0,116.0,88,-1,0.4395442008972168,0.44355320930480957,,,
B,B_FriedmanDrift_GSG,RIVER_SGD_LINREG,7301,{},16000,10,SUCCESS,,1.0,8.823462219896562,2.3177315425388154,0.35836891346359506,,,,-1,-1,0.5436272621154785,0.5466246604919434,,,
B,B_FriedmanDrift_GSG,RIVER_HATR,7301,{},16000,10,SUCCESS,,1.0,7.9136792693333415,2.1787375240023725,0.32141766696243795,,,,-1,-1,2.091918706893921,2.095942735671997,,,
B,B_FriedmanDrift_GSG,Track_B,7301,{},16000,10,SUCCESS,,1.0,30.31873643435693,4.232218012004471,1.2314092090822122,62.440714285714286,78.0,78.0,408,13,0.6736454963684082,0.6766457557678223,,,
B,B_FriedmanDrift_GSG,B1_RZA_LMS,7301,"{""learning_rate"": 0.03, ""rho_zero_attraction"": 0.001, ""epsilon_reweight"": 10.0}",16000,10,SUCCESS,,1.0,30.779127752737715,4.2712039464412035,1.2501082109506791,101.0,101.0,101.0,144,10,0.3372070789337158,0.343719482421875,,,
B,B_FriedmanDrift_GSG,B2_CCN,7301,"{""readout_lr"": 0.03, ""recurrent_lr"": 0.0001, ""max_columns"": 1}",16000,10,SUCCESS,,1.0,7.9073992086782505,2.1796817667319,0.32116259945522113,133.0,133.0,133.0,280,22,0.6022069454193115,0.6057162284851074,,,
B,B_FriedmanDrift_GSG,B4_MINIMAL_GRU,7301,"{""learning_rate"": 0.01, ""weight_decay"": 0.99}",16000,10,SUCCESS,,1.0,19.472406406638473,3.4400686522214183,0.7908806036175655,177.0,177.0,177.0,360,37,0.6211495399475098,0.6246600151062012,,,
B,B_FriedmanDrift_GSG,S1_VARIABLE_TAP_LMS,7301,"{""learning_rate"": 0.01, ""tap_leakage"": 0.0001}",16000,10,SUCCESS,,1.0,33.31124231864893,4.587795714104909,1.3529511906264717,185.0,185.0,185.0,544,30,0.34664130210876465,0.35115528106689453,,,
B,B_FriedmanDrift_GSG,S2_LRU_STREAM,7301,"{""state_lr"": 0.001, ""readout_lr"": 0.001, ""state_decay"": 0.9}",16000,10,NUMERICAL_DIVERGENCE,4498.0,0.281125,inf,inf,inf,0.0,0.0,0.0,248,22,0.08263516426086426,0.08263516426086426,,,
B,B_FriedmanDrift_GSG,S3_RSONN,7301,"{""learning_rate"": 0.02, ""growth_threshold"": 0.05, ""pruning_threshold"": 0.001}",16000,10,SUCCESS,,1.0,17.515388196870113,3.3441201873330284,0.711395422859192,321.9775,322.0,322.0,576,60,0.9609332084655762,0.9644427299499512,,,
B,B_FriedmanDrift_GSG,S5_CONTINUAL_BACKPROP,7301,"{""learning_rate"": 0.03, ""replacement_rate"": 0.0001, ""maturity_threshold"": 100}",16000,10,SUCCESS,,1.0,30.77739307465642,4.2709738877746295,1.2500377562149179,65.0,65.0,65.0,304,10,0.3832104206085205,0.38712024688720703,,,
B,B_FriedmanDrift_GSG,C1_CURRENT_ONLY_LINEAR,7301,"{""learning_rate"": 0.03}",16000,10,SUCCESS,,1.0,30.777393074665067,4.270973887782819,1.2500377562152691,41.0,41.0,41.0,112,10,0.2812039852142334,0.2883751392364502,,,
B,B_FriedmanDrift_GSG,C2_NLMS,7301,"{""step_size"": 0.2}",16000,10,SUCCESS,,1.0,34.55027668101547,4.510426686277732,1.4032751323082393,65.0,65.0,65.0,112,10,0.27886438369750977,0.28287363052368164,,,
B,B_FriedmanDrift_GSG,C4_FIXED_LAG_LINEAR,7301,"{""max_lag"": 32, ""learning_rate"": 0.01}",16000,10,SUCCESS,,1.0,32.47697041552157,4.529434434116901,1.319066859509512,129.0,129.0,129.0,544,32,0.2683379650115967,0.272336483001709,,,
B,B_FriedmanDrift_GSG,LEBRE_V04,7302,{},16000,10,SUCCESS,,1.0,7.957456374242948,2.1714524542692795,0.32227675135819334,126.44,156.0,273.0,2104,-1,0.7006371021270752,0.705143928527832,0.9014392991239049,0.0,0.0
B,B_FriedmanDrift_GSG,LEBRE_V032,7302,{},16000,10,SUCCESS,,1.0,7.934905825862399,2.174099795975871,0.3213634548056727,116.8,176.0,176.0,2124,-1,0.549504280090332,0.559013843536377,,,
B,B_FriedmanDrift_GSG,CTRL_PERSISTENCE,7302,{},16000,10,SUCCESS,,1.0,49.050696224975525,5.641665792534285,1.986551768277414,0.0,0.0,0.0,4,-1,0.19744491577148438,0.2014448642730713,,,
B,B_FriedmanDrift_GSG,CTRL_ARX_NLMS,7302,{},16000,10,SUCCESS,,1.0,13.870245277609662,2.9362340396668554,0.5617445297065338,74.0,74.0,74.0,52,-1,0.30492305755615234,0.3086519241333008,,,
B,B_FriedmanDrift_GSG,IPNLMS,7302,"{""mu"": 0.1}",16000,10,SUCCESS,,1.0,7.951820080779277,2.1766123185473356,0.3220484816370984,116.0,116.0,116.0,88,-1,0.49515342712402344,0.49815821647644043,,,
B,B_FriedmanDrift_GSG,RIVER_SGD_LINREG,7302,{},16000,10,SUCCESS,,1.0,8.908890650849186,2.326982415197166,0.36080981184571154,,,,-1,-1,0.543328046798706,0.5468409061431885,,,
B,B_FriedmanDrift_GSG,RIVER_HATR,7302,{},16000,10,SUCCESS,,1.0,7.518662598699475,2.1273511916593053,0.3045056162306318,,,,-1,-1,1.9889473915100098,1.9929513931274414,,,
B,B_FriedmanDrift_GSG,Track_B,7302,{},16000,10,SUCCESS,,1.0,31.09464424207366,4.263460880022042,1.2593321860250388,62.51571428571429,78.0,78.0,408,13,0.6949179172515869,0.6994290351867676,,,
B,B_FriedmanDrift_GSG,B1_RZA_LMS,7302,"{""learning_rate"": 0.03, ""rho_zero_attraction"": 0.001, ""epsilon_reweight"": 10.0}",16000,10,SUCCESS,,1.0,31.651105773691565,4.3144996492771455,1.2818688618459835,101.0,101.0,101.0,144,10,0.3603994846343994,0.36339879035949707,,,
B,B_FriedmanDrift_GSG,B2_CCN,7302,"{""readout_lr"": 0.03, ""recurrent_lr"": 0.0001, ""max_columns"": 1}",16000,10,SUCCESS,,1.0,7.978253168428079,2.1911713534897874,0.3231190209168859,133.0,133.0,133.0,280,22,0.6036455631256104,0.6071553230285645,,,
B,B_FriedmanDrift_GSG,B4_MINIMAL_GRU,7302,"{""learning_rate"": 0.01, ""weight_decay"": 0.99}",16000,10,SUCCESS,,1.0,20.032791866364654,3.478485592514274,0.8113274870377227,177.0,177.0,177.0,360,37,0.6336009502410889,0.6376008987426758,,,
B,B_FriedmanDrift_GSG,S1_VARIABLE_TAP_LMS,7302,"{""learning_rate"": 0.01, ""tap_leakage"": 0.0001}",16000,10,SUCCESS,,1.0,37.22228313999734,4.812731318207053,1.5075013828944115,185.0,185.0,185.0,544,30,0.3690049648284912,0.3720073699951172,,,
B,B_FriedmanDrift_GSG,S2_LRU_STREAM,7302,"{""state_lr"": 0.001, ""readout_lr"": 0.001, ""state_decay"": 0.9}",16000,10,NUMERICAL_DIVERGENCE,3680.0,0.23,inf,inf,inf,0.0,0.0,0.0,248,22,0.0658261775970459,0.0658261775970459,,,
B,B_FriedmanDrift_GSG,S3_RSONN,7302,"{""learning_rate"": 0.02, ""growth_threshold"": 0.05, ""pruning_threshold"": 0.001}",16000,10,SUCCESS,,1.0,16.445478993307997,3.2394158233865444,0.6660414201764243,321.9775,322.0,322.0,576,60,0.9543256759643555,0.9583332538604736,,,
B,B_FriedmanDrift_GSG,S5_CONTINUAL_BACKPROP,7302,"{""learning_rate"": 0.03, ""replacement_rate"": 0.0001, ""maturity_threshold"": 100}",16000,10,SUCCESS,,1.0,31.649383647068255,4.314190381590593,1.2817991157679045,65.0,65.0,65.0,304,10,0.3802673816680908,0.38426756858825684,,,
B,B_FriedmanDrift_GSG,C1_CURRENT_ONLY_LINEAR,7302,"{""learning_rate"": 0.03}",16000,10,SUCCESS,,1.0,31.64938364707259,4.3141903815942095,1.28179911576808,41.0,41.0,41.0,112,10,0.23471713066101074,0.2377169132232666,,,
B,B_FriedmanDrift_GSG,C2_NLMS,7302,"{""step_size"": 0.2}",16000,10,SUCCESS,,1.0,35.587545399494225,4.5540910059359545,1.441294552023523,65.0,65.0,65.0,112,10,0.28245019912719727,0.28886914253234863,,,
B,B_FriedmanDrift_GSG,C4_FIXED_LAG_LINEAR,7302,"{""max_lag"": 32, ""learning_rate"": 0.01}",16000,10,SUCCESS,,1.0,36.303975869613815,4.750405766573331,1.470309965193932,129.0,129.0,129.0,544,32,0.2548363208770752,0.25783872604370117,,,
B,B_FriedmanDrift_GSG,LEBRE_V04,7303,{},16000,10,SUCCESS,,1.0,7.705302135596007,2.1360630341393865,0.31392185924603205,126.44241071428571,156.0,273.0,2104,-1,0.708463191986084,0.7129702568054199,0.9023779724655819,0.0,0.0
B,B_FriedmanDrift_GSG,LEBRE_V032,7303,{},16000,10,SUCCESS,,1.0,7.693700104514594,2.138968160139792,0.3134491806795055,116.80080357142857,176.0,182.0,2124,-1,0.5856797695159912,0.5896854400634766,,,
B,B_FriedmanDrift_GSG,CTRL_PERSISTENCE,7303,{},16000,10,SUCCESS,,1.0,49.177025046285564,5.652685661702378,2.0035221024495926,0.0,0.0,0.0,4,-1,0.2126004695892334,0.2161107063293457,,,
B,B_FriedmanDrift_GSG,CTRL_ARX_NLMS,7303,{},16000,10,SUCCESS,,1.0,13.347218282546383,2.8813746586124727,0.5437792711155635,74.0,74.0,74.0,52,-1,0.3066263198852539,0.31062889099121094,,,
B,B_FriedmanDrift_GSG,IPNLMS,7303,"{""mu"": 0.1}",16000,10,SUCCESS,,1.0,7.692050772067726,2.139081370019817,0.31338198519526306,116.0,116.0,116.0,88,-1,0.43622446060180664,0.44022393226623535,,,
B,B_FriedmanDrift_GSG,RIVER_SGD_LINREG,7303,{},16000,10,SUCCESS,,1.0,8.614648118871802,2.277325642522043,0.35096954105582107,,,,-1,-1,0.5101687908172607,0.512171745300293,,,
B,B_FriedmanDrift_GSG,RIVER_HATR,7303,{},16000,10,SUCCESS,,1.0,7.725663021014048,2.1534666681358132,0.3147513824618446,,,,-1,-1,2.1535048484802246,2.1838784217834473,,,
B,B_FriedmanDrift_GSG,Track_B,7303,{},16000,10,SUCCESS,,1.0,30.401829975098238,4.214053719085098,1.2386015268856647,62.22107142857143,78.0,78.0,408,13,0.7096750736236572,0.7126808166503906,,,
B,B_FriedmanDrift_GSG,B1_RZA_LMS,7303,"{""learning_rate"": 0.03, ""rho_zero_attraction"": 0.001, ""epsilon_reweight"": 10.0}",16000,10,SUCCESS,,1.0,31.351994348027322,4.273372704073684,1.277312191476128,101.0,101.0,101.0,144,10,0.3250904083251953,0.32808899879455566,,,
B,B_FriedmanDrift_GSG,B2_CCN,7303,"{""readout_lr"": 0.03, ""recurrent_lr"": 0.0001, ""max_columns"": 1}",16000,10,SUCCESS,,1.0,7.720921941700166,2.1484614722846445,0.3145582260603362,133.0,133.0,133.0,280,22,0.5924999713897705,0.5960111618041992,,,
B,B_FriedmanDrift_GSG,B4_MINIMAL_GRU,7303,"{""learning_rate"": 0.01, ""weight_decay"": 0.99}",16000,10,SUCCESS,,1.0,19.396539084648925,3.4399014368646257,0.7902347637040885,177.0,177.0,177.0,360,37,0.6497187614440918,0.6537258625030518,,,
B,B_FriedmanDrift_GSG,S1_VARIABLE_TAP_LMS,7303,"{""learning_rate"": 0.01, ""tap_leakage"": 0.0001}",16000,10,SUCCESS,,1.0,33.426247988366114,4.592576392545355,1.3618193980546844,185.0,185.0,185.0,544,30,0.3501598834991455,0.35416722297668457,,,
B,B_FriedmanDrift_GSG,S2_LRU_STREAM,7303,"{""state_lr"": 0.001, ""readout_lr"": 0.001, ""state_decay"": 0.9}",16000,10,NUMERICAL_DIVERGENCE,4293.0,0.2683125,inf,inf,inf,0.0,0.0,0.0,248,22,0.07656550407409668,0.07656550407409668,,,
B,B_FriedmanDrift_GSG,S3_RSONN,7303,"{""learning_rate"": 0.02, ""growth_threshold"": 0.05, ""pruning_threshold"": 0.001}",16000,10,SUCCESS,,1.0,17.13554747880474,3.327343135488108,0.6981196621602634,322.0,322.0,322.0,576,60,0.9456171989440918,0.9491195678710938,,,
B,B_FriedmanDrift_GSG,S5_CONTINUAL_BACKPROP,7303,"{""learning_rate"": 0.03, ""replacement_rate"": 0.0001, ""maturity_threshold"": 100}",16000,10,SUCCESS,,1.0,31.350260359179227,4.2730585015879985,1.2772415470038507,65.0,65.0,65.0,304,10,0.3925020694732666,0.39751291275024414,,,
B,B_FriedmanDrift_GSG,C1_CURRENT_ONLY_LINEAR,7303,"{""learning_rate"": 0.03}",16000,10,SUCCESS,,1.0,31.350260359182887,4.273058501602235,1.277241547004,41.0,41.0,41.0,112,10,0.2779240608215332,0.28092455863952637,,,
B,B_FriedmanDrift_GSG,C2_NLMS,7303,"{""step_size"": 0.2}",16000,10,SUCCESS,,1.0,35.13767384578912,4.510225449906767,1.4315446311045377,65.0,65.0,65.0,112,10,0.3076331615447998,0.31063199043273926,,,
B,B_FriedmanDrift_GSG,C4_FIXED_LAG_LINEAR,7303,"{""max_lag"": 32, ""learning_rate"": 0.01}",16000,10,SUCCESS,,1.0,32.53941860326003,4.535308645254131,1.3256890653944737,129.0,129.0,129.0,544,32,0.31095099449157715,0.31545352935791016,,,
B,B_FriedmanDrift_GSG,LEBRE_V04,7304,{},16000,10,SUCCESS,,1.0,7.780329882001794,2.1511315408631395,0.31740308667578315,126.43714285714286,156.0,273.0,2104,-1,0.6903049945831299,0.6943142414093018,0.9040675844806008,0.0,0.0
B,B_FriedmanDrift_GSG,LEBRE_V032,7304,{},16000,10,SUCCESS,,1.0,7.772531823131986,2.1555354559186495,0.3170849603247293,116.8,176.0,176.0,2124,-1,0.5906658172607422,0.5951731204986572,,,
B,B_FriedmanDrift_GSG,CTRL_PERSISTENCE,7304,{},16000,10,SUCCESS,,1.0,49.51620423648561,5.687536660099683,2.020042376543206,0.0,0.0,0.0,4,-1,0.20192432403564453,0.20543646812438965,,,
B,B_FriedmanDrift_GSG,CTRL_ARX_NLMS,7304,{},16000,10,SUCCESS,,1.0,13.567759444344679,2.8914278009004235,0.5535046446901436,74.0,74.0,74.0,52,-1,0.30341625213623047,0.3064262866973877,,,
B,B_FriedmanDrift_GSG,IPNLMS,7304,"{""mu"": 0.1}",16000,10,SUCCESS,,1.0,7.775413704219363,2.157685416334334,0.3172025283413094,116.0,116.0,116.0,88,-1,0.44489383697509766,0.44889283180236816,,,
B,B_FriedmanDrift_GSG,RIVER_SGD_LINREG,7304,{},16000,10,SUCCESS,,1.0,8.75611458446214,2.307042648853434,0.3572107916432025,,,,-1,-1,0.5283811092376709,0.5311827659606934,,,
B,B_FriedmanDrift_GSG,RIVER_HATR,7304,{},16000,10,SUCCESS,,1.0,7.055164157295018,2.0333215637156346,0.28781952879787587,,,,-1,-1,1.9907875061035156,1.9952967166900635,,,
B,B_FriedmanDrift_GSG,Track_B,7304,{},16000,10,SUCCESS,,1.0,31.691429598298487,4.320823821514061,1.2928703188970896,62.06214285714286,78.0,78.0,408,13,0.6911616325378418,0.6941657066345215,,,
B,B_FriedmanDrift_GSG,B1_RZA_LMS,7304,"{""learning_rate"": 0.03, ""rho_zero_attraction"": 0.001, ""epsilon_reweight"": 10.0}",16000,10,SUCCESS,,1.0,32.097734603194716,4.361864105869304,1.3094457680929148,101.0,101.0,101.0,144,10,0.3312501907348633,0.3338806629180908,,,
B,B_FriedmanDrift_GSG,B2_CCN,7304,"{""readout_lr"": 0.03, ""recurrent_lr"": 0.0001, ""max_columns"": 1}",16000,10,SUCCESS,,1.0,7.812215274693433,2.166153052518778,0.3187038698319842,133.0,133.0,133.0,280,22,0.5994174480438232,0.6029238700866699,,,
B,B_FriedmanDrift_GSG,B4_MINIMAL_GRU,7304,"{""learning_rate"": 0.01, ""weight_decay"": 0.99}",16000,10,SUCCESS,,1.0,20.343968808921048,3.4996116041048024,0.829944050331966,177.0,177.0,177.0,360,37,0.6165101528167725,0.6200258731842041,,,
B,B_FriedmanDrift_GSG,S1_VARIABLE_TAP_LMS,7304,"{""learning_rate"": 0.01, ""tap_leakage"": 0.0001}",16000,10,SUCCESS,,1.0,36.24443830940982,4.763459760492637,1.478612959695843,185.0,185.0,185.0,544,30,0.3271214962005615,0.3306279182434082,,,
B,B_FriedmanDrift_GSG,S2_LRU_STREAM,7304,"{""state_lr"": 0.001, ""readout_lr"": 0.001, ""state_decay"": 0.9}",16000,10,NUMERICAL_DIVERGENCE,3953.0,0.2470625,inf,inf,inf,0.0,0.0,0.0,248,22,0.07585573196411133,0.07585573196411133,,,
B,B_FriedmanDrift_GSG,S3_RSONN,7304,"{""learning_rate"": 0.02, ""growth_threshold"": 0.05, ""pruning_threshold"": 0.001}",16000,10,SUCCESS,,1.0,17.848091061534323,3.373016307930748,0.728123264709683,322.0,322.0,322.0,576,60,0.9477424621582031,0.9507513046264648,,,
B,B_FriedmanDrift_GSG,S5_CONTINUAL_BACKPROP,7304,"{""learning_rate"": 0.03, ""replacement_rate"": 0.0001, ""maturity_threshold"": 100}",16000,10,SUCCESS,,1.0,32.095982416807324,4.361576188449674,1.3093742866292464,65.0,65.0,65.0,304,10,0.3614935874938965,0.3654923439025879,,,
B,B_FriedmanDrift_GSG,C1_CURRENT_ONLY_LINEAR,7304,"{""learning_rate"": 0.03}",16000,10,SUCCESS,,1.0,32.095982416777765,4.361576188463625,1.3093742866280405,41.0,41.0,41.0,112,10,0.25457191467285156,0.25881075859069824,,,
B,B_FriedmanDrift_GSG,C2_NLMS,7304,"{""step_size"": 0.2}",16000,10,SUCCESS,,1.0,36.06917527462714,4.602955531735432,1.4714630021665518,65.0,65.0,65.0,112,10,0.27216172218322754,0.2761805057525635,,,
B,B_FriedmanDrift_GSG,C4_FIXED_LAG_LINEAR,7304,"{""max_lag"": 32, ""learning_rate"": 0.01}",16000,10,SUCCESS,,1.0,35.32020289359482,4.691381636259831,1.4409082378853482,129.0,129.0,129.0,544,32,0.27586936950683594,0.2788815498352051,,,
B,B_FriedmanDrift_GSG,LEBRE_V04,7305,{},16000,10,SUCCESS,,1.0,7.960302924213502,2.1637387369220233,0.3156138331947892,126.43142857142857,156.0,273.0,2104,-1,0.6575942039489746,0.6611547470092773,0.9029411764705882,0.0,0.0
B,B_FriedmanDrift_GSG,LEBRE_V032,7305,{},16000,10,SUCCESS,,1.0,7.913463187651059,2.1635909587049538,0.3137567092959814,116.79714285714286,176.0,176.0,2124,-1,0.5806131362915039,0.5836210250854492,,,
B,B_FriedmanDrift_GSG,CTRL_PERSISTENCE,7305,{},16000,10,SUCCESS,,1.0,50.87009552050757,5.76066268121181,2.016921465812028,0.0,0.0,0.0,4,-1,0.18916797637939453,0.1921679973602295,,,
B,B_FriedmanDrift_GSG,CTRL_ARX_NLMS,7305,{},16000,10,SUCCESS,,1.0,13.894819390765955,2.9177627095567042,0.5509083324115102,74.0,74.0,74.0,52,-1,0.31162524223327637,0.31614041328430176,,,
B,B_FriedmanDrift_GSG,IPNLMS,7305,"{""mu"": 0.1}",16000,10,SUCCESS,,1.0,7.9320225454269035,2.1665350206422973,0.3144925594395042,116.0,116.0,116.0,88,-1,0.42563390731811523,0.42963600158691406,,,
B,B_FriedmanDrift_GSG,RIVER_SGD_LINREG,7305,{},16000,10,SUCCESS,,1.0,8.822982575670423,2.3132462784600247,0.34981776163917877,,,,-1,-1,0.5942878723144531,0.596848726272583,,,
B,B_FriedmanDrift_GSG,RIVER_HATR,7305,{},16000,10,SUCCESS,,1.0,7.345124333083016,2.083248091186366,0.2912229431627687,,,,-1,-1,2.098133087158203,2.1032309532165527,,,
B,B_FriedmanDrift_GSG,Track_B,7305,{},16000,10,SUCCESS,,1.0,30.942121558730573,4.272447761251214,1.226807784239563,62.25946428571429,78.0,78.0,408,13,0.6714155673980713,0.6749222278594971,,,
B,B_FriedmanDrift_GSG,B1_RZA_LMS,7305,"{""learning_rate"": 0.03, ""rho_zero_attraction"": 0.001, ""epsilon_reweight"": 10.0}",16000,10,SUCCESS,,1.0,32.077089345704444,4.365140391292606,1.2718075207081125,101.0,101.0,101.0,144,10,0.3286252021789551,0.3326249122619629,,,
B,B_FriedmanDrift_GSG,B2_CCN,7305,"{""readout_lr"": 0.03, ""recurrent_lr"": 0.0001, ""max_columns"": 1}",16000,10,SUCCESS,,1.0,7.936702768362174,2.1772707281608823,0.31467812311903626,133.0,133.0,133.0,280,22,0.6512894630432129,0.6542894840240479,,,
B,B_FriedmanDrift_GSG,B4_MINIMAL_GRU,7305,"{""learning_rate"": 0.01, ""weight_decay"": 0.99}",16000,10,SUCCESS,,1.0,20.120199558333322,3.5004160461488163,0.7977351324073011,177.0,177.0,177.0,360,37,0.6720192432403564,0.6755213737487793,,,
B,B_FriedmanDrift_GSG,S1_VARIABLE_TAP_LMS,7305,"{""learning_rate"": 0.01, ""tap_leakage"": 0.0001}",16000,10,SUCCESS,,1.0,32.84751164887297,4.556399778995265,1.3023535864290725,185.0,185.0,185.0,544,30,0.3782467842102051,0.38124585151672363,,,
B,B_FriedmanDrift_GSG,S2_LRU_STREAM,7305,"{""state_lr"": 0.001, ""readout_lr"": 0.001, ""state_decay"": 0.9}",16000,10,NUMERICAL_DIVERGENCE,3378.0,0.211125,inf,inf,inf,0.0,0.0,0.0,248,22,0.0658106803894043,0.0658106803894043,,,
B,B_FriedmanDrift_GSG,S3_RSONN,7305,"{""learning_rate"": 0.02, ""growth_threshold"": 0.05, ""pruning_threshold"": 0.001}",16000,10,SUCCESS,,1.0,15.967942325479692,3.205879497312589,0.633104485288906,321.97,322.0,322.0,576,60,1.0102055072784424,1.0132057666778564,,,
B,B_FriedmanDrift_GSG,S5_CONTINUAL_BACKPROP,7305,"{""learning_rate"": 0.03, ""replacement_rate"": 0.0001, ""maturity_threshold"": 100}",16000,10,SUCCESS,,1.0,32.07528540011791,4.364863739540688,1.2717359970253004,65.0,65.0,65.0,304,10,0.3892703056335449,0.3917980194091797,,,
B,B_FriedmanDrift_GSG,C1_CURRENT_ONLY_LINEAR,7305,"{""learning_rate"": 0.03}",16000,10,SUCCESS,,1.0,32.07528540011294,4.364863739537298,1.2717359970251032,41.0,41.0,41.0,112,10,0.2749812602996826,0.277982234954834,,,
B,B_FriedmanDrift_GSG,C2_NLMS,7305,"{""step_size"": 0.2}",16000,10,SUCCESS,,1.0,36.0129569388269,4.610519162287517,1.4278586496461814,65.0,65.0,65.0,112,10,0.2575340270996094,0.26053404808044434,,,
B,B_FriedmanDrift_GSG,C4_FIXED_LAG_LINEAR,7305,"{""max_lag"": 32, ""learning_rate"": 0.01}",16000,10,SUCCESS,,1.0,31.90125026443652,4.5090143393552955,1.2648357701362078,129.0,129.0,129.0,544,32,0.27684760093688965,0.28135132789611816,,,
B,B_FriedmanDrift_GSG,LEBRE_V04,7306,{},16000,10,SUCCESS,,1.0,7.79094975094559,2.149887174530074,0.3066937328521232,126.43714285714286,156.0,273.0,2104,-1,0.7277300357818604,0.7317352294921875,0.8968085106382979,0.0,0.0
B,B_FriedmanDrift_GSG,LEBRE_V032,7306,{},16000,10,SUCCESS,,1.0,7.776354891866594,2.1515876373868807,0.30611920061221953,116.79714285714286,176.0,176.0,2124,-1,0.5590612888336182,0.5644187927246094,,,
B,B_FriedmanDrift_GSG,CTRL_PERSISTENCE,7306,{},16000,10,SUCCESS,,1.0,49.51070198594659,5.66971503945685,1.949007822359017,0.0,0.0,0.0,4,-1,0.18836545944213867,0.1913774013519287,,,
B,B_FriedmanDrift_GSG,CTRL_ARX_NLMS,7306,{},16000,10,SUCCESS,,1.0,13.520594800802376,2.912614142074034,0.5322434134985669,74.0,74.0,74.0,52,-1,0.3004119396209717,0.3034350872039795,,,
B,B_FriedmanDrift_GSG,IPNLMS,7306,"{""mu"": 0.1}",16000,10,SUCCESS,,1.0,7.78549670942579,2.1554287843185578,0.3064790717758017,116.0,116.0,116.0,88,-1,0.45383310317993164,0.45819568634033203,,,
B,B_FriedmanDrift_GSG,RIVER_SGD_LINREG,7306,{},16000,10,SUCCESS,,1.0,8.67315008836236,2.299329368843347,0.34142188837294574,,,,-1,-1,0.5007843971252441,0.5047907829284668,,,
B,B_FriedmanDrift_GSG,RIVER_HATR,7306,{},16000,10,SUCCESS,,1.0,7.751603258606031,2.136450693440471,0.3051448430510059,,,,-1,-1,2.070765256881714,2.0747649669647217,,,
B,B_FriedmanDrift_GSG,Track_B,7306,{},16000,10,SUCCESS,,1.0,31.114761861620533,4.270597677833032,1.2248445654507114,62.300892857142856,78.0,78.0,408,13,0.7054564952850342,0.7084560394287109,,,
B,B_FriedmanDrift_GSG,B1_RZA_LMS,7306,"{""learning_rate"": 0.03, ""rho_zero_attraction"": 0.001, ""epsilon_reweight"": 10.0}",16000,10,SUCCESS,,1.0,31.36522713518348,4.316781962200271,1.234704227257608,101.0,101.0,101.0,144,10,0.34107279777526855,0.344085693359375,,,
B,B_FriedmanDrift_GSG,B2_CCN,7306,"{""readout_lr"": 0.03, ""recurrent_lr"": 0.0001, ""max_columns"": 1}",16000,10,SUCCESS,,1.0,7.813622617848507,2.164105874612141,0.3075862589763061,133.0,133.0,133.0,280,22,0.623375415802002,0.6263852119445801,,,
B,B_FriedmanDrift_GSG,B4_MINIMAL_GRU,7306,"{""learning_rate"": 0.01, ""weight_decay"": 0.99}",16000,10,SUCCESS,,1.0,19.9138891935367,3.4793735182093393,0.7839179057249167,177.0,177.0,177.0,360,37,0.6556355953216553,0.6591553688049316,,,
B,B_FriedmanDrift_GSG,S1_VARIABLE_TAP_LMS,7306,"{""learning_rate"": 0.01, ""tap_leakage"": 0.0001}",16000,10,SUCCESS,,1.0,36.045010426751055,4.756408087066639,1.4189256960786152,185.0,185.0,185.0,544,30,0.3268606662750244,0.3298606872558594,,,
B,B_FriedmanDrift_GSG,S2_LRU_STREAM,7306,"{""state_lr"": 0.001, ""readout_lr"": 0.001, ""state_decay"": 0.9}",16000,10,NUMERICAL_DIVERGENCE,3455.0,0.2159375,inf,inf,inf,0.0,0.0,0.0,248,22,0.06768488883972168,0.06768488883972168,,,
B,B_FriedmanDrift_GSG,S3_RSONN,7306,"{""learning_rate"": 0.02, ""growth_threshold"": 0.05, ""pruning_threshold"": 0.001}",16000,10,SUCCESS,,1.0,18.482856008230197,3.431806618504883,0.7275847341005396,322.0,322.0,322.0,576,60,0.9276700019836426,0.9316771030426025,,,
B,B_FriedmanDrift_GSG,S5_CONTINUAL_BACKPROP,7306,"{""learning_rate"": 0.03, ""replacement_rate"": 0.0001, ""maturity_threshold"": 100}",16000,10,SUCCESS,,1.0,31.36334404139449,4.316511675737287,1.2346300985464858,65.0,65.0,65.0,304,10,0.39825010299682617,0.40178990364074707,,,
B,B_FriedmanDrift_GSG,C1_CURRENT_ONLY_LINEAR,7306,"{""learning_rate"": 0.03}",16000,10,SUCCESS,,1.0,31.36334404139896,4.3165116757347235,1.2346300985466618,41.0,41.0,41.0,112,10,0.28112101554870605,0.2836308479309082,,,
B,B_FriedmanDrift_GSG,C2_NLMS,7306,"{""step_size"": 0.2}",16000,10,SUCCESS,,1.0,35.19396539952685,4.54535245481238,1.3854239813238833,65.0,65.0,65.0,112,10,0.26783299446105957,0.27134156227111816,,,
B,B_FriedmanDrift_GSG,C4_FIXED_LAG_LINEAR,7306,"{""max_lag"": 32, ""learning_rate"": 0.01}",16000,10,SUCCESS,,1.0,34.89994459291823,4.6925900307401465,1.3738497392099427,129.0,129.0,129.0,544,32,0.30502843856811523,0.30803513526916504,,,
B,B_FriedmanDrift_GSG,LEBRE_V04,7307,{},16000,10,SUCCESS,,1.0,8.018681999845255,2.1779529750879307,0.32265191658927106,126.44,156.0,273.0,2104,-1,0.6971888542175293,0.7017149925231934,0.8991239048811014,0.0,0.0
B,B_FriedmanDrift_GSG,LEBRE_V032,7307,{},16000,10,SUCCESS,,1.0,7.986704737344401,2.1788468752662458,0.32136523069333733,116.8,176.0,176.0,2124,-1,0.6045169830322266,0.6085233688354492,,,
B,B_FriedmanDrift_GSG,CTRL_PERSISTENCE,7307,{},16000,10,SUCCESS,,1.0,49.0042107049235,5.6264353667568985,1.9718081481711296,0.0,0.0,0.0,4,-1,0.20272588729858398,0.20572423934936523,,,
B,B_FriedmanDrift_GSG,CTRL_ARX_NLMS,7307,{},16000,10,SUCCESS,,1.0,13.826088956656736,2.9194711265948,0.5563275985860445,74.0,74.0,74.0,52,-1,0.2919611930847168,0.29596877098083496,,,
B,B_FriedmanDrift_GSG,IPNLMS,7307,"{""mu"": 0.1}",16000,10,SUCCESS,,1.0,7.9944377264945325,2.1788255235668963,0.3216763870367741,116.0,116.0,116.0,88,-1,0.45420336723327637,0.4577059745788574,,,
B,B_FriedmanDrift_GSG,RIVER_SGD_LINREG,7307,{},16000,10,SUCCESS,,1.0,9.050140649732558,2.3480025192261356,0.36415525969168405,,,,-1,-1,0.494579553604126,0.5020980834960938,,,
B,B_FriedmanDrift_GSG,RIVER_HATR,7307,{},16000,10,SUCCESS,,1.0,7.569358020384191,2.1124728084044944,0.3045722317800433,,,,-1,-1,1.9655892848968506,1.9695897102355957,,,
B,B_FriedmanDrift_GSG,Track_B,7307,{},16000,10,SUCCESS,,1.0,31.906184058809085,4.312886015794728,1.2838258753525162,62.72821428571429,78.0,78.0,408,15,0.7125048637390137,0.715503454208374,,,
B,B_FriedmanDrift_GSG,B1_RZA_LMS,7307,"{""learning_rate"": 0.03, ""rho_zero_attraction"": 0.001, ""epsilon_reweight"": 10.0}",16000,10,SUCCESS,,1.0,31.96737409815001,4.339686311131732,1.2862880110837878,101.0,101.0,101.0,144,10,0.33479738235473633,0.338803768157959,,,
B,B_FriedmanDrift_GSG,B2_CCN,7307,"{""readout_lr"": 0.03, ""recurrent_lr"": 0.0001, ""max_columns"": 1}",16000,10,SUCCESS,,1.0,8.02893361466187,2.1950315535409217,0.32306441619566273,133.0,133.0,133.0,280,22,0.583341121673584,0.5873467922210693,,,
B,B_FriedmanDrift_GSG,B4_MINIMAL_GRU,7307,"{""learning_rate"": 0.01, ""weight_decay"": 0.99}",16000,10,SUCCESS,,1.0,20.191103043033156,3.5021969705394844,0.8124400113399973,177.0,177.0,177.0,360,37,0.5808360576629639,0.5848386287689209,,,
B,B_FriedmanDrift_GSG,S1_VARIABLE_TAP_LMS,7307,"{""learning_rate"": 0.01, ""tap_leakage"": 0.0001}",16000,10,SUCCESS,,1.0,36.02162522624685,4.755960828444706,1.449421041778845,185.0,185.0,185.0,544,30,0.33730196952819824,0.3408048152923584,,,
B,B_FriedmanDrift_GSG,S2_LRU_STREAM,7307,"{""state_lr"": 0.001, ""readout_lr"": 0.001, ""state_decay"": 0.9}",16000,10,NUMERICAL_DIVERGENCE,4269.0,0.2668125,inf,inf,inf,0.0,0.0,0.0,248,22,0.08304882049560547,0.08304882049560547,,,
B,B_FriedmanDrift_GSG,S3_RSONN,7307,"{""learning_rate"": 0.02, ""growth_threshold"": 0.05, ""pruning_threshold"": 0.001}",16000,10,SUCCESS,,1.0,17.49317439573621,3.3313500391478934,0.7038820402309974,322.0,322.0,322.0,576,60,0.9229264259338379,0.9274368286132812,,,
B,B_FriedmanDrift_GSG,S5_CONTINUAL_BACKPROP,7307,"{""learning_rate"": 0.03, ""replacement_rate"": 0.0001, ""maturity_threshold"": 100}",16000,10,SUCCESS,,1.0,31.96582646920745,4.339405493183964,1.286225738325684,65.0,65.0,65.0,304,10,0.3757438659667969,0.3797440528869629,,,
B,B_FriedmanDrift_GSG,C1_CURRENT_ONLY_LINEAR,7307,"{""learning_rate"": 0.03}",16000,10,SUCCESS,,1.0,31.96582646925229,4.339405493185332,1.2862257383274882,41.0,41.0,41.0,112,10,0.27667713165283203,0.2801826000213623,,,
B,B_FriedmanDrift_GSG,C2_NLMS,7307,"{""step_size"": 0.2}",16000,10,SUCCESS,,1.0,35.80538845739637,4.574131250397675,1.4407202094091331,65.0,65.0,65.0,112,10,0.2757282257080078,0.2792375087738037,,,
B,B_FriedmanDrift_GSG,C4_FIXED_LAG_LINEAR,7307,"{""max_lag"": 32, ""learning_rate"": 0.01}",16000,10,SUCCESS,,1.0,35.016246516052476,4.695006654033999,1.4089670908990715,129.0,129.0,129.0,544,32,0.30579471588134766,0.31130313873291016,,,
B,B_FriedmanDrift_GSG,LEBRE_V04,7308,{},16000,10,SUCCESS,,1.0,7.588638680123445,2.115275731089472,0.31433265253781445,126.44,156.0,273.0,2104,-1,0.7213013172149658,0.7253150939941406,0.9075719649561953,0.0,0.0
B,B_FriedmanDrift_GSG,LEBRE_V032,7308,{},16000,10,SUCCESS,,1.0,7.591318726817817,2.118286952705241,0.31444366404091495,116.8,176.0,176.0,2124,-1,0.6040778160095215,0.6080777645111084,,,
B,B_FriedmanDrift_GSG,CTRL_PERSISTENCE,7308,{},16000,10,SUCCESS,,1.0,47.273586737995316,5.540128534990213,1.9581419725848368,0.0,0.0,0.0,4,-1,0.2233717441558838,0.22637176513671875,,,
B,B_FriedmanDrift_GSG,CTRL_ARX_NLMS,7308,{},16000,10,SUCCESS,,1.0,13.239966715216685,2.865735959608624,0.5484190290950491,74.0,74.0,74.0,52,-1,0.3121531009674072,0.3151540756225586,,,
B,B_FriedmanDrift_GSG,IPNLMS,7308,"{""mu"": 0.1}",16000,10,SUCCESS,,1.0,7.6020951538037815,2.121032163914761,0.3148900396060411,116.0,116.0,116.0,88,-1,0.5256638526916504,0.5291738510131836,,,
B,B_FriedmanDrift_GSG,RIVER_SGD_LINREG,7308,{},16000,10,SUCCESS,,1.0,8.554163888495639,2.280575757570689,0.3543261365647573,,,,-1,-1,0.561549186706543,0.5645520687103271,,,
B,B_FriedmanDrift_GSG,RIVER_HATR,7308,{},16000,10,SUCCESS,,1.0,7.504879448723563,2.103815002189153,0.31086322112985804,,,,-1,-1,2.0453121662139893,2.0488243103027344,,,
B,B_FriedmanDrift_GSG,Track_B,7308,{},16000,10,SUCCESS,,1.0,30.532055614857214,4.232424327004674,1.2646829600660365,61.77232142857143,68.0,78.0,408,13,0.687753438949585,0.6917538642883301,,,
B,B_FriedmanDrift_GSG,B1_RZA_LMS,7308,"{""learning_rate"": 0.03, ""rho_zero_attraction"": 0.001, ""epsilon_reweight"": 10.0}",16000,10,SUCCESS,,1.0,31.349342619405927,4.294910580111431,1.2985361981569958,101.0,101.0,101.0,144,10,0.3304750919342041,0.33498096466064453,,,
B,B_FriedmanDrift_GSG,B2_CCN,7308,"{""readout_lr"": 0.03, ""recurrent_lr"": 0.0001, ""max_columns"": 1}",16000,10,SUCCESS,,1.0,7.617122937386383,2.1280890607013445,0.3155125126574536,133.0,133.0,133.0,280,22,0.6639447212219238,0.6679480075836182,,,
B,B_FriedmanDrift_GSG,B4_MINIMAL_GRU,7308,"{""learning_rate"": 0.01, ""weight_decay"": 0.99}",16000,10,SUCCESS,,1.0,19.842092791946953,3.43978899580259,0.8218888686228341,177.0,177.0,177.0,360,37,0.6534404754638672,0.6574451923370361,,,
B,B_FriedmanDrift_GSG,S1_VARIABLE_TAP_LMS,7308,"{""learning_rate"": 0.01, ""tap_leakage"": 0.0001}",16000,10,SUCCESS,,1.0,36.01745483318247,4.718663401720753,1.4918963193001837,185.0,185.0,185.0,544,30,0.3647177219390869,0.3682267665863037,,,
B,B_FriedmanDrift_GSG,S2_LRU_STREAM,7308,"{""state_lr"": 0.001, ""readout_lr"": 0.001, ""state_decay"": 0.9}",16000,10,NUMERICAL_DIVERGENCE,3615.0,0.2259375,inf,inf,inf,0.0,0.0,0.0,248,22,0.06783819198608398,0.06783819198608398,,,
B,B_FriedmanDrift_GSG,S3_RSONN,7308,"{""learning_rate"": 0.02, ""growth_threshold"": 0.05, ""pruning_threshold"": 0.001}",16000,10,SUCCESS,,1.0,14.599152678288787,3.0603478720602615,0.604718524574213,321.955,322.0,322.0,576,60,0.9971411228179932,1.0006458759307861,,,
B,B_FriedmanDrift_GSG,S5_CONTINUAL_BACKPROP,7308,"{""learning_rate"": 0.03, ""replacement_rate"": 0.0001, ""maturity_threshold"": 100}",16000,10,SUCCESS,,1.0,31.347733457279112,4.294649390760943,1.2984695442786118,65.0,65.0,65.0,304,10,0.4049108028411865,0.409912109375,,,
B,B_FriedmanDrift_GSG,C1_CURRENT_ONLY_LINEAR,7308,"{""learning_rate"": 0.03}",16000,10,SUCCESS,,1.0,31.347733457273094,4.294649390764505,1.2984695442783627,41.0,41.0,41.0,112,10,0.26353979110717773,0.2675471305847168,,,
B,B_FriedmanDrift_GSG,C2_NLMS,7308,"{""step_size"": 0.2}",16000,10,SUCCESS,,1.0,35.05685484751093,4.53158382744782,1.4521068452915185,65.0,65.0,65.0,112,10,0.2588963508605957,0.26189613342285156,,,
B,B_FriedmanDrift_GSG,C4_FIXED_LAG_LINEAR,7308,"{""max_lag"": 32, ""learning_rate"": 0.01}",16000,10,SUCCESS,,1.0,35.168144264513124,4.671908710638498,1.456716617757997,129.0,129.0,129.0,544,32,0.3004894256591797,0.3044905662536621,,,
B,B_FriedmanDrift_GSG,LEBRE_V04,7309,{},16000,10,SUCCESS,,1.0,7.775473003905253,2.1511994004459027,0.3154962085846137,126.44,156.0,273.0,2104,-1,0.7258729934692383,0.7295434474945068,0.9001251564455569,0.0,0.0
B,B_FriedmanDrift_GSG,LEBRE_V032,7309,{},16000,10,SUCCESS,,1.0,7.757685299550888,2.154199529110514,0.3147744578589141,116.8,176.0,176.0,2124,-1,0.5679135322570801,0.5719172954559326,,,
B,B_FriedmanDrift_GSG,CTRL_PERSISTENCE,7309,{},16000,10,SUCCESS,,1.0,50.08832531810607,5.672258198811602,2.0323749724651146,0.0,0.0,0.0,4,-1,0.21281957626342773,0.21682429313659668,,,
B,B_FriedmanDrift_GSG,CTRL_ARX_NLMS,7309,{},16000,10,SUCCESS,,1.0,13.679657824647984,2.9065372720496385,0.5550633609355496,74.0,74.0,74.0,52,-1,0.2929270267486572,0.2959330081939697,,,
B,B_FriedmanDrift_GSG,IPNLMS,7309,"{""mu"": 0.1}",16000,10,SUCCESS,,1.0,7.775097009058206,2.156792107588525,0.3154809522846264,116.0,116.0,116.0,88,-1,0.4346144199371338,0.43764472007751465,,,
B,B_FriedmanDrift_GSG,RIVER_SGD_LINREG,7309,{},16000,10,SUCCESS,,1.0,8.685689428041636,2.3013288866035566,0.3524289881932937,,,,-1,-1,0.5337185859680176,0.5367188453674316,,,
B,B_FriedmanDrift_GSG,RIVER_HATR,7309,{},16000,10,SUCCESS,,1.0,7.376584636892827,2.0943524398273925,0.29931098520621335,,,,-1,-1,1.9605941772460938,1.964935064315796,,,
B,B_FriedmanDrift_GSG,Track_B,7309,{},16000,10,SUCCESS,,1.0,30.245398020215532,4.230441168107057,1.227231886435453,62.04017857142857,68.0,78.0,408,13,0.6460862159729004,0.6496741771697998,,,
B,B_FriedmanDrift_GSG,B1_RZA_LMS,7309,"{""learning_rate"": 0.03, ""rho_zero_attraction"": 0.001, ""epsilon_reweight"": 10.0}",16000,10,SUCCESS,,1.0,31.334628487248764,4.308033595883955,1.2714283079845003,101.0,101.0,101.0,144,10,0.3417375087738037,0.34573864936828613,,,
B,B_FriedmanDrift_GSG,B2_CCN,7309,"{""readout_lr"": 0.03, ""recurrent_lr"": 0.0001, ""max_columns"": 1}",16000,10,SUCCESS,,1.0,7.7950901721871935,2.165834675100209,0.31629219131299696,133.0,133.0,133.0,280,22,0.619880199432373,0.622877836227417,,,
B,B_FriedmanDrift_GSG,B4_MINIMAL_GRU,7309,"{""learning_rate"": 0.01, ""weight_decay"": 0.99}",16000,10,SUCCESS,,1.0,20.11531658599163,3.492084000832926,0.8161955052987908,177.0,177.0,177.0,360,37,0.6474268436431885,0.6509637832641602,,,
B,B_FriedmanDrift_GSG,S1_VARIABLE_TAP_LMS,7309,"{""learning_rate"": 0.01, ""tap_leakage"": 0.0001}",16000,10,SUCCESS,,1.0,35.9320534310651,4.729895862274946,1.4579726041704535,185.0,185.0,185.0,544,30,0.3319244384765625,0.3349273204803467,,,
B,B_FriedmanDrift_GSG,S2_LRU_STREAM,7309,"{""state_lr"": 0.001, ""readout_lr"": 0.001, ""state_decay"": 0.9}",16000,10,NUMERICAL_DIVERGENCE,3192.0,0.1995,inf,inf,inf,0.0,0.0,0.0,248,22,0.05958437919616699,0.05958437919616699,,,
B,B_FriedmanDrift_GSG,S3_RSONN,7309,"{""learning_rate"": 0.02, ""growth_threshold"": 0.05, ""pruning_threshold"": 0.001}",16000,10,SUCCESS,,1.0,15.892238689237509,3.195408229921164,0.6448406482612542,321.9775,322.0,322.0,576,60,0.906564474105835,0.9095649719238281,,,
B,B_FriedmanDrift_GSG,S5_CONTINUAL_BACKPROP,7309,"{""learning_rate"": 0.03, ""replacement_rate"": 0.0001, ""maturity_threshold"": 100}",16000,10,SUCCESS,,1.0,31.33313437971268,4.307821101250137,1.2713676833430647,65.0,65.0,65.0,304,10,0.38017988204956055,0.383683443069458,,,
B,B_FriedmanDrift_GSG,C1_CURRENT_ONLY_LINEAR,7309,"{""learning_rate"": 0.03}",16000,10,SUCCESS,,1.0,31.333134379661413,4.307821101229651,1.2713676833409846,41.0,41.0,41.0,112,10,0.29366040229797363,0.2972121238708496,,,
B,B_FriedmanDrift_GSG,C2_NLMS,7309,"{""step_size"": 0.2}",16000,10,SUCCESS,,1.0,35.11178713134069,4.540593505952199,1.4246896247989345,65.0,65.0,65.0,112,10,0.25977468490600586,0.26478099822998047,,,
B,B_FriedmanDrift_GSG,C4_FIXED_LAG_LINEAR,7309,"{""max_lag"": 32, ""learning_rate"": 0.01}",16000,10,SUCCESS,,1.0,34.82095291109348,4.657650586296892,1.4128887872462128,129.0,129.0,129.0,544,32,0.2776799201965332,0.28168463706970215,,,
B,B_FriedmanDrift_GSG,LEBRE_V04,7310,{},16000,10,SUCCESS,,1.0,7.616586883262823,2.1261443592230815,0.31036026844277503,126.44,156.0,273.0,2104,-1,0.719649076461792,0.7221567630767822,0.9038798498122653,0.0,0.0
B,B_FriedmanDrift_GSG,LEBRE_V032,7310,{},16000,10,SUCCESS,,1.0,7.593622287080116,2.124458901371063,0.3094245083253914,116.8,176.0,176.0,2124,-1,0.5990250110626221,0.6038033962249756,,,
B,B_FriedmanDrift_GSG,CTRL_PERSISTENCE,7310,{},16000,10,SUCCESS,,1.0,49.2655488399454,5.659504085677192,2.007469907097821,0.0,0.0,0.0,4,-1,0.18398356437683105,0.18698668479919434,,,
B,B_FriedmanDrift_GSG,CTRL_ARX_NLMS,7310,{},16000,10,SUCCESS,,1.0,13.445906239936402,2.8753006153985856,0.5478930568301176,74.0,74.0,74.0,52,-1,0.31252193450927734,0.31652116775512695,,,
B,B_FriedmanDrift_GSG,IPNLMS,7310,"{""mu"": 0.1}",16000,10,SUCCESS,,1.0,7.599913084639959,2.125629498205997,0.30968084540252533,116.0,116.0,116.0,88,-1,0.451460599899292,0.4549236297607422,,,
B,B_FriedmanDrift_GSG,RIVER_SGD_LINREG,7310,{},16000,10,SUCCESS,,1.0,8.462386170030362,2.2762005151414235,0.34482485182023526,,,,-1,-1,0.513878583908081,0.5177731513977051,,,
B,B_FriedmanDrift_GSG,RIVER_HATR,7310,{},16000,10,SUCCESS,,1.0,7.514120194723799,2.103694030009063,0.30618496138610685,,,,-1,-1,2.0905721187591553,2.096086025238037,,,
B,B_FriedmanDrift_GSG,Track_B,7310,{},16000,10,SUCCESS,,1.0,30.10106176956026,4.218846612481563,1.2265564293295688,62.55303571428571,78.0,78.0,408,13,0.7327353954315186,0.7357354164123535,,,
B,B_FriedmanDrift_GSG,B1_RZA_LMS,7310,"{""learning_rate"": 0.03, ""rho_zero_attraction"": 0.001, ""epsilon_reweight"": 10.0}",16000,10,SUCCESS,,1.0,31.065693980243736,4.282273590643961,1.2658632102335134,101.0,101.0,101.0,144,10,0.32930469512939453,0.3338143825531006,,,
B,B_FriedmanDrift_GSG,B2_CCN,7310,"{""readout_lr"": 0.03, ""recurrent_lr"": 0.0001, ""max_columns"": 1}",16000,10,SUCCESS,,1.0,7.6273222861405445,2.1390749997088534,0.31079771405588724,133.0,133.0,133.0,280,22,0.6177585124969482,0.6207661628723145,,,
B,B_FriedmanDrift_GSG,B4_MINIMAL_GRU,7310,"{""learning_rate"": 0.01, ""weight_decay"": 0.99}",16000,10,SUCCESS,,1.0,19.439186238758428,3.435011923740725,0.7921069045542956,177.0,177.0,177.0,360,37,0.6207294464111328,0.6242592334747314,,,
B,B_FriedmanDrift_GSG,S1_VARIABLE_TAP_LMS,7310,"{""learning_rate"": 0.01, ""tap_leakage"": 0.0001}",16000,10,SUCCESS,,1.0,35.07940115096031,4.66943380937504,1.4294135319257213,185.0,185.0,185.0,544,30,0.33849501609802246,0.34200501441955566,,,
B,B_FriedmanDrift_GSG,S2_LRU_STREAM,7310,"{""state_lr"": 0.001, ""readout_lr"": 0.001, ""state_decay"": 0.9}",16000,10,NUMERICAL_DIVERGENCE,4099.0,0.2561875,inf,inf,inf,0.0,0.0,0.0,248,22,0.0834665298461914,0.0834665298461914,,,
B,B_FriedmanDrift_GSG,S3_RSONN,7310,"{""learning_rate"": 0.02, ""growth_threshold"": 0.05, ""pruning_threshold"": 0.001}",16000,10,SUCCESS,,1.0,17.443154330006383,3.347799334638858,0.7107727047985055,321.985,322.0,322.0,576,60,0.9845662117004395,0.9890720844268799,,,
B,B_FriedmanDrift_GSG,S5_CONTINUAL_BACKPROP,7310,"{""learning_rate"": 0.03, ""replacement_rate"": 0.0001, ""maturity_threshold"": 100}",16000,10,SUCCESS,,1.0,31.064018598597873,4.2819383947453185,1.265794941873246,65.0,65.0,65.0,304,10,0.38058948516845703,0.384596586227417,,,
B,B_FriedmanDrift_GSG,C1_CURRENT_ONLY_LINEAR,7310,"{""learning_rate"": 0.03}",16000,10,SUCCESS,,1.0,31.06401859862966,4.281938394747041,1.2657949418745413,41.0,41.0,41.0,112,10,0.2528398036956787,0.2568488121032715,,,
B,B_FriedmanDrift_GSG,C2_NLMS,7310,"{""step_size"": 0.2}",16000,10,SUCCESS,,1.0,34.80325399148369,4.531709926115813,1.4181611024768819,65.0,65.0,65.0,112,10,0.2870335578918457,0.28903746604919434,,,
B,B_FriedmanDrift_GSG,C4_FIXED_LAG_LINEAR,7310,"{""max_lag"": 32, ""learning_rate"": 0.01}",16000,10,SUCCESS,,1.0,34.12356602946157,4.611815373190747,1.390465214333853,129.0,129.0,129.0,544,32,0.28706979751586914,0.29057979583740234,,,
B,B_Planes2D,LEBRE_V04,7301,{},16000,10,SUCCESS,,1.0,5.960972266838952,1.9545986538429305,0.30812420347070935,126.44,156.0,273.0,2104,-1,0.7172882556915283,0.7220723628997803,0.9053191489361702,0.0,0.0
B,B_Planes2D,LEBRE_V032,7301,{},16000,10,SUCCESS,,1.0,5.9551579157786,1.9541261320053744,0.30782365815545326,116.8,176.0,176.0,2124,-1,0.6023201942443848,0.6058220863342285,,,
B,B_Planes2D,CTRL_PERSISTENCE,7301,{},16000,10,SUCCESS,,1.0,38.929896006301796,5.040850078047447,2.012296427693373,0.0,0.0,0.0,4,-1,0.19537067413330078,0.1983780860900879,,,
B,B_Planes2D,CTRL_ARX_NLMS,7301,{},16000,10,SUCCESS,,1.0,6.0783092090466795,1.9754449846763809,0.31418938046483363,74.0,74.0,74.0,52,-1,0.31873416900634766,0.32273411750793457,,,
B,B_Planes2D,IPNLMS,7301,"{""mu"": 0.1}",16000,10,SUCCESS,,1.0,5.9548435915115805,1.955176862408394,0.3078074106525172,116.0,116.0,116.0,88,-1,0.4952399730682373,0.4982411861419678,,,
B,B_Planes2D,RIVER_SGD_LINREG,7301,{},16000,10,SUCCESS,,1.0,6.446319367798563,2.0211198396601775,0.3332119210771027,,,,-1,-1,0.5273799896240234,0.5313804149627686,,,
B,B_Planes2D,RIVER_HATR,7301,{},16000,10,SUCCESS,,1.0,2.4355030966533135,1.1328640080083556,0.12589178713033977,,,,-1,-1,1.4277024269104004,1.4317090511322021,,,
B,B_Planes2D,Track_B,7301,{},16000,10,SUCCESS,,1.0,6.4076825634271515,2.0226297444501817,0.33121477463208027,59.309642857142855,78.0,78.0,408,13,0.743250846862793,0.7457525730133057,,,
B,B_Planes2D,B1_RZA_LMS,7301,"{""learning_rate"": 0.01, ""rho_zero_attraction"": 0.001, ""epsilon_reweight"": 10.0}",16000,10,SUCCESS,,1.0,5.909838669565584,1.9481528151564007,0.3054810945574039,101.0,101.0,101.0,144,10,0.364978551864624,0.36698150634765625,,,
B,B_Planes2D,B2_CCN,7301,"{""readout_lr"": 0.01, ""recurrent_lr"": 0.0001, ""max_columns"": 1}",16000,10,SUCCESS,,1.0,5.928680751234674,1.9499221597555672,0.3064550466487961,133.0,133.0,133.0,280,22,0.6248767375946045,0.6283829212188721,,,
B,B_Planes2D,B4_MINIMAL_GRU,7301,"{""learning_rate"": 0.01, ""weight_decay"": 0.99}",16000,10,SUCCESS,,1.0,12.505691332928446,2.7878746201038234,0.6464224304892636,177.0,177.0,177.0,360,37,0.6193387508392334,0.6228396892547607,,,
B,B_Planes2D,S1_VARIABLE_TAP_LMS,7301,"{""learning_rate"": 0.003, ""tap_leakage"": 0.0001}",16000,10,SUCCESS,,1.0,10.832004638537905,2.696357042294963,0.5599091308992821,183.96017857142857,185.0,185.0,544,29,0.3431577682495117,0.3461575508117676,,,
B,B_Planes2D,S2_LRU_STREAM,7301,"{""state_lr"": 0.001, ""readout_lr"": 0.01, ""state_decay"": 0.9}",16000,10,SUCCESS,,1.0,5.928572403953439,1.9505350308532212,0.3064494461497106,92.0,92.0,92.0,248,22,0.3334932327270508,0.33599853515625,,,
B,B_Planes2D,S3_RSONN,7301,"{""learning_rate"": 0.02, ""growth_threshold"": 0.05, ""pruning_threshold"": 0.005}",16000,10,SUCCESS,,1.0,3.7847111899235797,1.5513637424721176,0.1956327036193859,322.0,322.0,322.0,576,60,0.970604658126831,0.9736025333404541,,,
B,B_Planes2D,S5_CONTINUAL_BACKPROP,7301,"{""learning_rate"": 0.01, ""replacement_rate"": 0.0001, ""maturity_threshold"": 100}",16000,10,SUCCESS,,1.0,5.918955685923022,1.9488930886390838,0.30595235549897754,65.0,65.0,65.0,304,10,0.3835732936859131,0.38808226585388184,,,
B,B_Planes2D,C1_CURRENT_ONLY_LINEAR,7301,"{""learning_rate"": 0.01}",16000,10,SUCCESS,,1.0,5.918955685923024,1.9488930886390838,0.30595235549897765,41.0,41.0,41.0,112,10,0.26118946075439453,0.2656996250152588,,,
B,B_Planes2D,C2_NLMS,7301,"{""step_size"": 0.1}",16000,10,SUCCESS,,1.0,5.958143972260679,1.9544777520703296,0.3079780081899564,65.0,65.0,65.0,112,10,0.26726865768432617,0.2692685127258301,,,
B,B_Planes2D,C4_FIXED_LAG_LINEAR,7301,"{""max_lag"": 4, ""learning_rate"": 0.01}",16000,10,SUCCESS,,1.0,10.569523263987852,2.668430392704611,0.5463414005293469,17.0,17.0,17.0,96,4,0.2649195194244385,0.26791906356811523,,,
B,B_Planes2D,LEBRE_V04,7302,{},16000,10,SUCCESS,,1.0,5.9888887480085575,1.9717941931959013,0.311853299936063,126.44,156.0,273.0,2104,-1,0.6979415416717529,0.7014451026916504,0.8958698372966207,0.0,0.0
B,B_Planes2D,LEBRE_V032,7302,{},16000,10,SUCCESS,,1.0,5.990897745879917,1.9724119134873008,0.31195791243465987,116.8,176.0,176.0,2124,-1,0.5954070091247559,0.5984070301055908,,,
B,B_Planes2D,CTRL_PERSISTENCE,7302,{},16000,10,SUCCESS,,1.0,38.62459987097106,5.022976349779653,2.0112594231238083,0.0,0.0,0.0,4,-1,0.1979660987854004,0.20096945762634277,,,
B,B_Planes2D,CTRL_ARX_NLMS,7302,{},16000,10,SUCCESS,,1.0,6.103171991661811,1.9874798352662866,0.31780425480603197,74.0,74.0,74.0,52,-1,0.30914878845214844,0.3121507167816162,,,
B,B_Planes2D,IPNLMS,7302,"{""mu"": 0.1}",16000,10,SUCCESS,,1.0,5.986152247805655,1.9712969441517332,0.31171080495002157,116.0,116.0,116.0,88,-1,0.44866514205932617,0.45166873931884766,,,
B,B_Planes2D,RIVER_SGD_LINREG,7302,{},16000,10,SUCCESS,,1.0,6.487006099514553,2.0441875475172786,0.3377912571028596,,,,-1,-1,0.5326120853424072,0.536118745803833,,,
B,B_Planes2D,RIVER_HATR,7302,{},16000,10,SUCCESS,,1.0,6.149093696790819,1.9311307320308282,0.3201954889540923,,,,-1,-1,11.682657480239868,11.686656713485718,,,
B,B_Planes2D,Track_B,7302,{},16000,10,SUCCESS,,1.0,6.4795286216179155,2.047625552797845,0.33740189001734805,59.50839285714286,78.0,78.0,408,13,0.7119226455688477,0.7164251804351807,,,
B,B_Planes2D,B1_RZA_LMS,7302,"{""learning_rate"": 0.01, ""rho_zero_attraction"": 0.001, ""epsilon_reweight"": 10.0}",16000,10,SUCCESS,,1.0,5.942948480081159,1.9639997303488514,0.3094610991863212,101.0,101.0,101.0,144,9,0.3487057685852051,0.3518831729888916,,,
B,B_Planes2D,B2_CCN,7302,"{""readout_lr"": 0.01, ""recurrent_lr"": 0.0001, ""max_columns"": 1}",16000,10,SUCCESS,,1.0,5.958430562299739,1.9670542236445716,0.3102672818744453,133.0,133.0,133.0,280,22,0.6304216384887695,0.6339273452758789,,,
B,B_Planes2D,B4_MINIMAL_GRU,7302,"{""learning_rate"": 0.01, ""weight_decay"": 0.99}",16000,10,SUCCESS,,1.0,12.376722608282938,2.7911864878101817,0.6444804621007121,177.0,177.0,177.0,360,37,0.694913387298584,0.6979107856750488,,,
B,B_Planes2D,S1_VARIABLE_TAP_LMS,7302,"{""learning_rate"": 0.003, ""tap_leakage"": 0.0001}",16000,10,SUCCESS,,1.0,10.752201752790576,2.702828472873704,0.5598884432944338,180.61464285714285,185.0,185.0,544,30,0.3356657028198242,0.33767127990722656,,,
B,B_Planes2D,S2_LRU_STREAM,7302,"{""state_lr"": 0.001, ""readout_lr"": 0.01, ""state_decay"": 0.9}",16000,10,SUCCESS,,1.0,5.967594592290174,1.9669952148226115,0.31074447106821357,92.0,92.0,92.0,248,22,0.3174452781677246,0.32520341873168945,,,
B,B_Planes2D,S3_RSONN,7302,"{""learning_rate"": 0.02, ""growth_threshold"": 0.05, ""pruning_threshold"": 0.005}",16000,10,SUCCESS,,1.0,5.926083951446853,1.9533153190032397,0.308582929774972,322.0,322.0,322.0,576,60,0.9430768489837646,0.9475061893463135,,,
B,B_Planes2D,S5_CONTINUAL_BACKPROP,7302,"{""learning_rate"": 0.01, ""replacement_rate"": 0.0001, ""maturity_threshold"": 100}",16000,10,SUCCESS,,1.0,5.9522850772143565,1.9649778139978717,0.3099472742930352,65.0,65.0,65.0,304,10,0.40310192108154297,0.40610337257385254,,,
B,B_Planes2D,C1_CURRENT_ONLY_LINEAR,7302,"{""learning_rate"": 0.01}",16000,10,SUCCESS,,1.0,5.9522850772143565,1.9649778139978717,0.3099472742930352,41.0,41.0,41.0,112,10,0.27605247497558594,0.2790541648864746,,,
B,B_Planes2D,C2_NLMS,7302,"{""step_size"": 0.1}",16000,10,SUCCESS,,1.0,5.996545888912402,1.9714160607994087,0.3122520224302374,65.0,65.0,65.0,112,10,0.27002787590026855,0.2735481262207031,,,
B,B_Planes2D,C4_FIXED_LAG_LINEAR,7302,"{""max_lag"": 4, ""learning_rate"": 0.01}",16000,10,SUCCESS,,1.0,10.49953500619326,2.674087104681936,0.5467315853152831,17.0,17.0,17.0,96,4,0.2625315189361572,0.2655344009399414,,,
B,B_Planes2D,LEBRE_V04,7303,{},16000,10,SUCCESS,,1.0,5.800554298098622,1.9276495181571796,0.30162546807547325,126.44,156.0,273.0,2104,-1,0.7130193710327148,0.7160177230834961,0.8971214017521902,0.0,0.0
B,B_Planes2D,LEBRE_V032,7303,{},16000,10,SUCCESS,,1.0,5.8018750131479235,1.9305148017749831,0.30169414449404763,116.8,176.0,176.0,2124,-1,0.557459831237793,0.5604596138000488,,,
B,B_Planes2D,CTRL_PERSISTENCE,7303,{},16000,10,SUCCESS,,1.0,38.98101910416386,5.037155937580286,2.0269904442074553,0.0,0.0,0.0,4,-1,0.2159278392791748,0.21892738342285156,,,
B,B_Planes2D,CTRL_ARX_NLMS,7303,{},16000,10,SUCCESS,,1.0,5.897303577379749,1.9487219540703122,0.30665637463188633,74.0,74.0,74.0,52,-1,0.31306910514831543,0.31557726860046387,,,
B,B_Planes2D,IPNLMS,7303,"{""mu"": 0.1}",16000,10,SUCCESS,,1.0,5.795531115638454,1.9284851239135294,0.30136426549328665,116.0,116.0,116.0,88,-1,0.4327120780944824,0.4357109069824219,,,
B,B_Planes2D,RIVER_SGD_LINREG,7303,{},16000,10,SUCCESS,,1.0,6.283345197456161,2.00024838263193,0.32673031556376075,,,,-1,-1,0.5042977333068848,0.5093045234680176,,,
B,B_Planes2D,RIVER_HATR,7303,{},16000,10,SUCCESS,,1.0,5.893960194815896,1.884565447556253,0.3064825206726004,,,,-1,-1,4.925586462020874,4.930093288421631,,,
B,B_Planes2D,Track_B,7303,{},16000,10,SUCCESS,,1.0,6.241415983145159,1.9976507392857061,0.3245500206742295,58.934285714285714,78.0,78.0,408,10,0.7338976860046387,0.7368972301483154,,,
B,B_Planes2D,B1_RZA_LMS,7303,"{""learning_rate"": 0.01, ""rho_zero_attraction"": 0.001, ""epsilon_reweight"": 10.0}",16000,10,SUCCESS,,1.0,5.759047139285244,1.9236935073125385,0.2994671198276735,101.0,101.0,101.0,144,10,0.3618888854980469,0.36669921875,,,
B,B_Planes2D,B2_CCN,7303,"{""readout_lr"": 0.01, ""recurrent_lr"": 0.0001, ""max_columns"": 1}",16000,10,SUCCESS,,1.0,5.777125445854278,1.9268718507556803,0.3004071813115707,133.0,133.0,133.0,280,22,0.6118264198303223,0.6153333187103271,,,
B,B_Planes2D,B4_MINIMAL_GRU,7303,"{""learning_rate"": 0.01, ""weight_decay"": 0.99}",16000,10,SUCCESS,,1.0,12.276700150305253,2.765449162255127,0.6383813061575613,177.0,177.0,177.0,360,37,0.674283504486084,0.676283597946167,,,
B,B_Planes2D,S1_VARIABLE_TAP_LMS,7303,"{""learning_rate"": 0.003, ""tap_leakage"": 0.0001}",16000,10,SUCCESS,,1.0,10.748711325699016,2.6887793979333874,0.5589267711682032,184.31910714285715,185.0,185.0,544,30,0.33371591567993164,0.3367159366607666,,,
B,B_Planes2D,S2_LRU_STREAM,7303,"{""state_lr"": 0.001, ""readout_lr"": 0.01, ""state_decay"": 0.9}",16000,10,SUCCESS,,1.0,5.775312802531252,1.9260344485870051,0.3003129249073266,92.0,92.0,92.0,248,22,0.2850930690765381,0.2886784076690674,,,
B,B_Planes2D,S3_RSONN,7303,"{""learning_rate"": 0.02, ""growth_threshold"": 0.05, ""pruning_threshold"": 0.005}",16000,10,SUCCESS,,1.0,4.336869642423007,1.638135908690774,0.2255147126727076,321.9025,322.0,322.0,576,60,1.033505916595459,1.0365052223205566,,,
B,B_Planes2D,S5_CONTINUAL_BACKPROP,7303,"{""learning_rate"": 0.01, ""replacement_rate"": 0.0001, ""maturity_threshold"": 100}",16000,10,SUCCESS,,1.0,5.767333403027641,1.9248404841437443,0.2998980007489532,65.0,65.0,65.0,304,10,0.4047510623931885,0.4082620143890381,,,
B,B_Planes2D,C1_CURRENT_ONLY_LINEAR,7303,"{""learning_rate"": 0.01}",16000,10,SUCCESS,,1.0,5.767333403027641,1.9248404841437443,0.2998980007489532,41.0,41.0,41.0,112,10,0.2662372589111328,0.2697482109069824,,,
B,B_Planes2D,C2_NLMS,7303,"{""step_size"": 0.1}",16000,10,SUCCESS,,1.0,5.8003057125617365,1.9299413160287089,0.30161254177135355,65.0,65.0,65.0,112,10,0.268707275390625,0.2720675468444824,,,
B,B_Planes2D,C4_FIXED_LAG_LINEAR,7303,"{""max_lag"": 4, ""learning_rate"": 0.01}",16000,10,SUCCESS,,1.0,10.465342937259305,2.65093644023812,0.5441917788884245,17.0,17.0,17.0,96,4,0.27422571182250977,0.27773261070251465,,,
B,B_Planes2D,LEBRE_V04,7304,{},16000,10,SUCCESS,,1.0,5.955939692478622,1.9604675079274743,0.3096413900505611,126.44,156.0,273.0,2104,-1,0.6914105415344238,0.6954100131988525,0.9054443053817272,0.0,0.0
B,B_Planes2D,LEBRE_V032,7304,{},16000,10,SUCCESS,,1.0,5.960001485061639,1.9624810051655872,0.30985255724943167,116.8,176.0,176.0,2124,-1,0.590505838394165,0.5945098400115967,,,
B,B_Planes2D,CTRL_PERSISTENCE,7304,{},16000,10,SUCCESS,,1.0,38.72917406117791,5.039486911984698,2.013478294106536,0.0,0.0,0.0,4,-1,0.1884908676147461,0.19149065017700195,,,
B,B_Planes2D,CTRL_ARX_NLMS,7304,{},16000,10,SUCCESS,,1.0,6.074337298752255,1.979307874435168,0.3157967242678507,74.0,74.0,74.0,52,-1,0.32642078399658203,0.3294203281402588,,,
B,B_Planes2D,IPNLMS,7304,"{""mu"": 0.1}",16000,10,SUCCESS,,1.0,5.9494505917655545,1.9587999849868334,0.30930403032754217,116.0,116.0,116.0,88,-1,0.5286664962768555,0.532174825668335,,,
B,B_Planes2D,RIVER_SGD_LINREG,7304,{},16000,10,SUCCESS,,1.0,6.449345978108843,2.031687316748465,0.3352929271766272,,,,-1,-1,0.5801053047180176,0.5831067562103271,,,
B,B_Planes2D,RIVER_HATR,7304,{},16000,10,SUCCESS,,1.0,6.1764565317161475,1.9495454927215154,0.32110576748831315,,,,-1,-1,6.3735034465789795,6.378507852554321,,,
B,B_Planes2D,Track_B,7304,{},16000,10,SUCCESS,,1.0,6.427575384843457,2.031708236797202,0.3341611029626526,59.10267857142857,78.0,78.0,408,10,0.6963181495666504,0.6988210678100586,,,
B,B_Planes2D,B1_RZA_LMS,7304,"{""learning_rate"": 0.01, ""rho_zero_attraction"": 0.001, ""epsilon_reweight"": 10.0}",16000,10,SUCCESS,,1.0,5.912661614967529,1.9557096048760965,0.3073914203109122,101.0,101.0,101.0,144,10,0.34853100776672363,0.35204052925109863,,,
B,B_Planes2D,B2_CCN,7304,"{""readout_lr"": 0.01, ""recurrent_lr"": 0.0001, ""max_columns"": 1}",16000,10,SUCCESS,,1.0,5.932126218369701,1.958732725479965,0.30840335917621714,133.0,133.0,133.0,280,22,0.5884823799133301,0.5910298824310303,,,
B,B_Planes2D,B4_MINIMAL_GRU,7304,"{""learning_rate"": 0.01, ""weight_decay"": 0.99}",16000,10,SUCCESS,,1.0,12.357209011415863,2.787798186826249,0.6424348756036136,177.0,177.0,177.0,360,37,0.6090233325958252,0.6120278835296631,,,
B,B_Planes2D,S1_VARIABLE_TAP_LMS,7304,"{""learning_rate"": 0.003, ""tap_leakage"": 0.0001}",16000,10,SUCCESS,,1.0,10.61115250948207,2.6717950509440023,0.551659718318466,184.13642857142858,185.0,185.0,544,30,0.3423933982849121,0.346294641494751,,,
B,B_Planes2D,S2_LRU_STREAM,7304,"{""state_lr"": 0.001, ""readout_lr"": 0.01, ""state_decay"": 0.9}",16000,10,SUCCESS,,1.0,5.927292462193839,1.958490507328565,0.3081520586159799,92.0,92.0,92.0,248,22,0.3038938045501709,0.3063995838165283,,,
B,B_Planes2D,S3_RSONN,7304,"{""learning_rate"": 0.02, ""growth_threshold"": 0.05, ""pruning_threshold"": 0.005}",16000,10,SUCCESS,,1.0,3.6262469346913337,1.5196065107911916,0.18852375938970126,322.0,322.0,322.0,576,60,1.041461706161499,1.04396390914917,,,
B,B_Planes2D,S5_CONTINUAL_BACKPROP,7304,"{""learning_rate"": 0.01, ""replacement_rate"": 0.0001, ""maturity_threshold"": 100}",16000,10,SUCCESS,,1.0,5.9232776487959145,1.9578148094654815,0.30794333380251393,65.0,65.0,65.0,304,10,0.40962982177734375,0.41294145584106445,,,
B,B_Planes2D,C1_CURRENT_ONLY_LINEAR,7304,"{""learning_rate"": 0.01}",16000,10,SUCCESS,,1.0,5.9232776487959145,1.9578148094654815,0.30794333380251393,41.0,41.0,41.0,112,10,0.25220727920532227,0.2547132968902588,,,
B,B_Planes2D,C2_NLMS,7304,"{""step_size"": 0.1}",16000,10,SUCCESS,,1.0,5.956910259486051,1.9621763899670057,0.30969184853953763,65.0,65.0,65.0,112,10,0.298675537109375,0.30167579650878906,,,
B,B_Planes2D,C4_FIXED_LAG_LINEAR,7304,"{""max_lag"": 4, ""learning_rate"": 0.01}",16000,10,SUCCESS,,1.0,10.347871544192934,2.642607749665542,0.5379720907944784,17.0,17.0,17.0,96,4,0.27575087547302246,0.2791025638580322,,,
B,B_Planes2D,LEBRE_V04,7305,{},16000,10,SUCCESS,,1.0,6.030099933570803,1.9719458255776428,0.3149896530092338,126.44,156.0,273.0,2104,-1,0.7891626358032227,0.7926731109619141,0.9000625782227785,0.0,0.0
B,B_Planes2D,LEBRE_V032,7305,{},16000,10,SUCCESS,,1.0,6.028025201171815,1.971704694923573,0.314881276822165,116.8,176.0,176.0,2124,-1,0.607952356338501,0.6114602088928223,,,
B,B_Planes2D,CTRL_PERSISTENCE,7305,{},16000,10,SUCCESS,,1.0,38.10203829428179,5.003921698909223,1.9903066206986337,0.0,0.0,0.0,4,-1,0.20098471641540527,0.20449090003967285,,,
B,B_Planes2D,CTRL_ARX_NLMS,7305,{},16000,10,SUCCESS,,1.0,6.143224981852974,1.9890286941041657,0.32089887841139947,74.0,74.0,74.0,52,-1,0.2998228073120117,0.30182313919067383,,,
B,B_Planes2D,IPNLMS,7305,"{""mu"": 0.1}",16000,10,SUCCESS,,1.0,6.02759605037696,1.9709760117499548,0.3148588596049631,116.0,116.0,116.0,88,-1,0.47293758392333984,0.47544193267822266,,,
B,B_Planes2D,RIVER_SGD_LINREG,7305,{},16000,10,SUCCESS,,1.0,6.550824955042858,2.0453832414891795,0.3421903620577786,,,,-1,-1,0.5231881141662598,0.5261943340301514,,,
B,B_Planes2D,RIVER_HATR,7305,{},16000,10,SUCCESS,,1.0,5.592268554660961,1.8176494803996845,0.29211899487111925,,,,-1,-1,3.343350410461426,3.34735107421875,,,
B,B_Planes2D,Track_B,7305,{},16000,10,SUCCESS,,1.0,6.48812246716656,2.040223913789107,0.33891502083349556,59.15767857142857,78.0,78.0,408,13,0.7309439182281494,0.7339437007904053,,,
B,B_Planes2D,B1_RZA_LMS,7305,"{""learning_rate"": 0.01, ""rho_zero_attraction"": 0.001, ""epsilon_reweight"": 10.0}",16000,10,SUCCESS,,1.0,5.989701074666973,1.9655449832010377,0.31287936915187314,101.0,101.0,101.0,144,10,0.33770108222961426,0.34125590324401855,,,
B,B_Planes2D,B2_CCN,7305,"{""readout_lr"": 0.01, ""recurrent_lr"": 0.0001, ""max_columns"": 1}",16000,10,SUCCESS,,1.0,6.009463311495643,1.9687131164020755,0.3139116737885996,133.0,133.0,133.0,280,22,0.5808031558990479,0.5838065147399902,,,
B,B_Planes2D,B4_MINIMAL_GRU,7305,"{""learning_rate"": 0.01, ""weight_decay"": 0.99}",16000,10,SUCCESS,,1.0,12.27897102608759,2.7762049747089446,0.641407085359434,177.0,177.0,177.0,360,37,0.6015167236328125,0.6045172214508057,,,
B,B_Planes2D,S1_VARIABLE_TAP_LMS,7305,"{""learning_rate"": 0.003, ""tap_leakage"": 0.0001}",16000,10,SUCCESS,,1.0,10.847890578586552,2.7010278915369588,0.5666528460346277,183.84392857142856,185.0,185.0,544,30,0.4137077331542969,0.41671252250671387,,,
B,B_Planes2D,S2_LRU_STREAM,7305,"{""state_lr"": 0.001, ""readout_lr"": 0.01, ""state_decay"": 0.9}",16000,10,SUCCESS,,1.0,6.0109189208056835,1.9690028107874584,0.31398770932309117,92.0,92.0,92.0,248,22,0.34597015380859375,0.3489704132080078,,,
B,B_Planes2D,S3_RSONN,7305,"{""learning_rate"": 0.02, ""growth_threshold"": 0.05, ""pruning_threshold"": 0.005}",16000,10,SUCCESS,,1.0,2.9040834364435106,1.351096651764854,0.15169835392985268,322.0,322.0,322.0,576,60,1.0022084712982178,1.0052084922790527,,,
B,B_Planes2D,S5_CONTINUAL_BACKPROP,7305,"{""learning_rate"": 0.01, ""replacement_rate"": 0.0001, ""maturity_threshold"": 100}",16000,10,SUCCESS,,1.0,5.9988657646151715,1.9669116502156496,0.31335809795214536,65.0,65.0,65.0,304,10,0.3753318786621094,0.37833189964294434,,,
B,B_Planes2D,C1_CURRENT_ONLY_LINEAR,7305,"{""learning_rate"": 0.01}",16000,10,SUCCESS,,1.0,5.9988657646151715,1.9669116502156496,0.31335809795214536,41.0,41.0,41.0,112,10,0.25925779342651367,0.26300621032714844,,,
B,B_Planes2D,C2_NLMS,7305,"{""step_size"": 0.1}",16000,10,SUCCESS,,1.0,6.0315730338929905,1.97254993724497,0.31506660220816013,65.0,65.0,65.0,112,10,0.27704668045043945,0.2805602550506592,,,
B,B_Planes2D,C4_FIXED_LAG_LINEAR,7305,"{""max_lag"": 4, ""learning_rate"": 0.01}",16000,10,SUCCESS,,1.0,10.547067415356471,2.670347981909323,0.5509389797891521,17.0,17.0,17.0,96,4,0.2617146968841553,0.2652246952056885,,,
B,B_Planes2D,LEBRE_V04,7306,{},16000,10,SUCCESS,,1.0,5.8821351103656605,1.9542080140817488,0.3063532833829777,126.44,156.0,273.0,2104,-1,0.7191061973571777,0.7221062183380127,0.9018147684605757,0.0,0.0
B,B_Planes2D,LEBRE_V032,7306,{},16000,10,SUCCESS,,1.0,5.882334802852404,1.9546067790426604,0.30636368376444345,116.8,176.0,176.0,2124,-1,0.5217430591583252,0.5252559185028076,,,
B,B_Planes2D,CTRL_PERSISTENCE,7306,{},16000,10,SUCCESS,,1.0,38.5371305592741,5.028540458790721,2.007090326467899,0.0,0.0,0.0,4,-1,0.20665621757507324,0.20966792106628418,,,
B,B_Planes2D,CTRL_ARX_NLMS,7306,{},16000,10,SUCCESS,,1.0,6.019417242817066,1.9771547223086485,0.3135032095980677,74.0,74.0,74.0,52,-1,0.29669189453125,0.3000447750091553,,,
B,B_Planes2D,IPNLMS,7306,"{""mu"": 0.1}",16000,10,SUCCESS,,1.0,5.8713911410425235,1.9514421130947102,0.30579371611412853,116.0,116.0,116.0,88,-1,0.4265873432159424,0.4295964241027832,,,
B,B_Planes2D,RIVER_SGD_LINREG,7306,{},16000,10,SUCCESS,,1.0,6.37188171192659,2.0240087649913554,0.3318602594382283,,,,-1,-1,0.5169668197631836,0.5199689865112305,,,
B,B_Planes2D,RIVER_HATR,7306,{},16000,10,SUCCESS,,1.0,5.746062766377923,1.8567034555108008,0.2992663653547262,,,,-1,-1,3.4965851306915283,3.5025882720947266,,,
B,B_Planes2D,Track_B,7306,{},16000,10,SUCCESS,,1.0,6.311180639721207,2.01664717842856,0.32869882699472386,59.33696428571429,78.0,78.0,408,15,0.7445366382598877,0.7496399879455566,,,
B,B_Planes2D,B1_RZA_LMS,7306,"{""learning_rate"": 0.01, ""rho_zero_attraction"": 0.001, ""epsilon_reweight"": 10.0}",16000,10,SUCCESS,,1.0,5.841764374810221,1.948913990225237,0.3042506952652379,101.0,101.0,101.0,144,10,0.3456254005432129,0.34862518310546875,,,
B,B_Planes2D,B2_CCN,7306,"{""readout_lr"": 0.01, ""recurrent_lr"": 0.0001, ""max_columns"": 1}",16000,10,SUCCESS,,1.0,5.862342135379626,1.9525523913505565,0.30532242592031866,133.0,133.0,133.0,280,22,0.5876233577728271,0.5911269187927246,,,
B,B_Planes2D,B4_MINIMAL_GRU,7306,"{""learning_rate"": 0.01, ""weight_decay"": 0.99}",16000,10,SUCCESS,,1.0,12.387569000082959,2.788515257216325,0.6451692055867604,177.0,177.0,177.0,360,37,0.6488873958587646,0.6518890857696533,,,
B,B_Planes2D,S1_VARIABLE_TAP_LMS,7306,"{""learning_rate"": 0.003, ""tap_leakage"": 0.0001}",16000,10,SUCCESS,,1.0,10.588557855261135,2.677322873781353,0.5514731308251464,183.22196428571428,185.0,185.0,544,29,0.35486364364624023,0.35686731338500977,,,
B,B_Planes2D,S2_LRU_STREAM,7306,"{""state_lr"": 0.001, ""readout_lr"": 0.01, ""state_decay"": 0.9}",16000,10,SUCCESS,,1.0,5.86420267510631,1.95308599051949,0.3054193265258709,92.0,92.0,92.0,248,22,0.3367643356323242,0.3392767906188965,,,
B,B_Planes2D,S3_RSONN,7306,"{""learning_rate"": 0.02, ""growth_threshold"": 0.05, ""pruning_threshold"": 0.005}",16000,10,SUCCESS,,1.0,4.243000751459175,1.6252030983673986,0.22098390928071607,321.925,322.0,322.0,576,60,0.9286272525787354,0.9321434497833252,,,
B,B_Planes2D,S5_CONTINUAL_BACKPROP,7306,"{""learning_rate"": 0.01, ""replacement_rate"": 0.0001, ""maturity_threshold"": 100}",16000,10,SUCCESS,,1.0,5.852442844800197,1.9511498266772005,0.3048068511986796,65.0,65.0,65.0,304,10,0.4370400905609131,0.44035887718200684,,,
B,B_Planes2D,C1_CURRENT_ONLY_LINEAR,7306,"{""learning_rate"": 0.01}",16000,10,SUCCESS,,1.0,5.852442844800197,1.9511498266772005,0.3048068511986796,41.0,41.0,41.0,112,10,0.27476000785827637,0.2777588367462158,,,
B,B_Planes2D,C2_NLMS,7306,"{""step_size"": 0.1}",16000,10,SUCCESS,,1.0,5.881475295289588,1.9550599252048928,0.3063189189028718,65.0,65.0,65.0,112,10,0.27785706520080566,0.2823643684387207,,,
B,B_Planes2D,C4_FIXED_LAG_LINEAR,7306,"{""max_lag"": 4, ""learning_rate"": 0.01}",16000,10,SUCCESS,,1.0,10.360902314015933,2.650019230098741,0.5396163779229742,17.0,17.0,17.0,96,4,0.2895934581756592,0.29259395599365234,,,
B,B_Planes2D,LEBRE_V04,7307,{},16000,10,SUCCESS,,1.0,5.855090264602264,1.9330488790391052,0.30208204538055905,126.44,156.0,273.0,2104,-1,0.7265017032623291,0.7356255054473877,0.9005632040050062,0.0,0.0
B,B_Planes2D,LEBRE_V032,7307,{},16000,10,SUCCESS,,1.0,5.85691014679469,1.9354759992857824,0.30217593867856046,116.8,176.0,176.0,2124,-1,0.6028947830200195,0.6064040660858154,,,
B,B_Planes2D,CTRL_PERSISTENCE,7307,{},16000,10,SUCCESS,,1.0,38.879630129911135,5.041619654497308,2.0059192365125718,0.0,0.0,0.0,4,-1,0.1930093765258789,0.19601178169250488,,,
B,B_Planes2D,CTRL_ARX_NLMS,7307,{},16000,10,SUCCESS,,1.0,5.985123503878593,1.9597530693776049,0.30879085858631433,74.0,74.0,74.0,52,-1,0.2931993007659912,0.2962026596069336,,,
B,B_Planes2D,IPNLMS,7307,"{""mu"": 0.1}",16000,10,SUCCESS,,1.0,5.8492149497029144,1.9323349697076013,0.30177891988430827,116.0,116.0,116.0,88,-1,0.43199920654296875,0.43553733825683594,,,
B,B_Planes2D,RIVER_SGD_LINREG,7307,{},16000,10,SUCCESS,,1.0,6.332949514517417,2.00188923994132,0.3267362681328696,,,,-1,-1,0.5395863056182861,0.5426013469696045,,,
B,B_Planes2D,RIVER_HATR,7307,{},16000,10,SUCCESS,,1.0,6.720938892321564,2.0598770777029514,0.3467538288426648,,,,-1,-1,91.97494149208069,91.97944569587708,,,
B,B_Planes2D,Track_B,7307,{},16000,10,SUCCESS,,1.0,6.316902813301404,2.007378322892392,0.32590836965378894,59.28660714285714,78.0,78.0,408,13,0.7076704502105713,0.7106733322143555,,,
B,B_Planes2D,B1_RZA_LMS,7307,"{""learning_rate"": 0.01, ""rho_zero_attraction"": 0.001, ""epsilon_reweight"": 10.0}",16000,10,SUCCESS,,1.0,5.815221847224443,1.9291944075915768,0.3000251115805135,101.0,101.0,101.0,144,10,0.3572573661804199,0.3597602844238281,,,
B,B_Planes2D,B2_CCN,7307,"{""readout_lr"": 0.01, ""recurrent_lr"": 0.0001, ""max_columns"": 1}",16000,10,SUCCESS,,1.0,5.829519058090975,1.931397660969571,0.30076274849243434,133.0,133.0,133.0,280,22,0.6712095737457275,0.674213171005249,,,
B,B_Planes2D,B4_MINIMAL_GRU,7307,"{""learning_rate"": 0.01, ""weight_decay"": 0.99}",16000,10,SUCCESS,,1.0,12.510680971107393,2.798478376945967,0.6454643611053679,177.0,177.0,177.0,360,37,0.6624796390533447,0.6674914360046387,,,
B,B_Planes2D,S1_VARIABLE_TAP_LMS,7307,"{""learning_rate"": 0.003, ""tap_leakage"": 0.0001}",16000,10,SUCCESS,,1.0,10.71723567287923,2.6851287674457778,0.5529350234720544,183.77964285714285,185.0,185.0,544,30,0.31827306747436523,0.32128000259399414,,,
B,B_Planes2D,S2_LRU_STREAM,7307,"{""state_lr"": 0.001, ""readout_lr"": 0.01, ""state_decay"": 0.9}",16000,10,SUCCESS,,1.0,5.831607160300888,1.9317646124167316,0.30087048008290146,92.0,92.0,92.0,248,22,0.3234071731567383,0.32640981674194336,,,
B,B_Planes2D,S3_RSONN,7307,"{""learning_rate"": 0.02, ""growth_threshold"": 0.05, ""pruning_threshold"": 0.005}",16000,10,SUCCESS,,1.0,3.6310826162762657,1.5192212731835586,0.18733867696317014,321.97,322.0,322.0,576,60,0.9897792339324951,0.9932863712310791,,,
B,B_Planes2D,S5_CONTINUAL_BACKPROP,7307,"{""learning_rate"": 0.01, ""replacement_rate"": 0.0001, ""maturity_threshold"": 100}",16000,10,SUCCESS,,1.0,5.824349459012424,1.9307950818674418,0.30049603303752714,65.0,65.0,65.0,304,10,0.3802914619445801,0.382798433303833,,,
B,B_Planes2D,C1_CURRENT_ONLY_LINEAR,7307,"{""learning_rate"": 0.01}",16000,10,SUCCESS,,1.0,5.824349459012424,1.9307950818674418,0.30049603303752714,41.0,41.0,41.0,112,10,0.2599222660064697,0.2627103328704834,,,
B,B_Planes2D,C2_NLMS,7307,"{""step_size"": 0.1}",16000,10,SUCCESS,,1.0,5.865576435563938,1.9361147791718298,0.30262305906765163,65.0,65.0,65.0,112,10,0.2723512649536133,0.2748587131500244,,,
B,B_Planes2D,C4_FIXED_LAG_LINEAR,7307,"{""max_lag"": 4, ""learning_rate"": 0.01}",16000,10,SUCCESS,,1.0,10.455171555382309,2.6563646611785816,0.5394143327471097,17.0,17.0,17.0,96,4,0.29238462448120117,0.29538798332214355,,,
B,B_Planes2D,LEBRE_V04,7308,{},16000,10,SUCCESS,,1.0,6.071118208085098,1.9778063849904233,0.31888722678437365,126.44,156.0,273.0,2104,-1,0.6877546310424805,0.6912622451782227,0.903566958698373,0.0,0.0
B,B_Planes2D,LEBRE_V032,7308,{},16000,10,SUCCESS,,1.0,6.068340195737767,1.9772340066766878,0.31874131088831464,116.8,176.0,176.0,2124,-1,0.5689187049865723,0.572425365447998,,,
B,B_Planes2D,CTRL_PERSISTENCE,7308,{},16000,10,SUCCESS,,1.0,37.56099975295354,4.948013158961474,1.9729022950857376,0.0,0.0,0.0,4,-1,0.20095396041870117,0.20395207405090332,,,
B,B_Planes2D,CTRL_ARX_NLMS,7308,{},16000,10,SUCCESS,,1.0,6.208898838475964,2.0023267827421907,0.32612419394990083,74.0,74.0,74.0,52,-1,0.3080132007598877,0.31151914596557617,,,
B,B_Planes2D,IPNLMS,7308,"{""mu"": 0.1}",16000,10,SUCCESS,,1.0,6.063559988746535,1.976017674277882,0.318490229143792,116.0,116.0,116.0,88,-1,0.4367055892944336,0.43970561027526855,,,
B,B_Planes2D,RIVER_SGD_LINREG,7308,{},16000,10,SUCCESS,,1.0,6.569327738822198,2.043408044295002,0.3450558254129957,,,,-1,-1,0.5396089553833008,0.5426084995269775,,,
B,B_Planes2D,RIVER_HATR,7308,{},16000,10,SUCCESS,,1.0,6.950086778254037,2.097085847553653,0.36505530326796537,,,,-1,-1,94.17734503746033,94.18167877197266,,,
B,B_Planes2D,Track_B,7308,{},16000,10,SUCCESS,,1.0,6.5491289848643905,2.0478983737836716,0.3439948800626767,59.31803571428571,78.0,78.0,408,10,0.6505777835845947,0.6535828113555908,,,
B,B_Planes2D,B1_RZA_LMS,7308,"{""learning_rate"": 0.01, ""rho_zero_attraction"": 0.001, ""epsilon_reweight"": 10.0}",16000,10,SUCCESS,,1.0,6.024882045878842,1.970814860709658,0.316458659090951,101.0,101.0,101.0,144,10,0.3361246585845947,0.33913373947143555,,,
B,B_Planes2D,B2_CCN,7308,"{""readout_lr"": 0.01, ""recurrent_lr"": 0.0001, ""max_columns"": 1}",16000,10,SUCCESS,,1.0,6.043416173073782,1.9743333825117348,0.31743216944266717,133.0,133.0,133.0,280,22,0.6350693702697754,0.638068675994873,,,
B,B_Planes2D,B4_MINIMAL_GRU,7308,"{""learning_rate"": 0.01, ""weight_decay"": 0.99}",16000,10,SUCCESS,,1.0,12.175034688065143,2.7676782881204205,0.639497192215801,177.0,177.0,177.0,360,37,0.6239001750946045,0.6258995532989502,,,
B,B_Planes2D,S1_VARIABLE_TAP_LMS,7308,"{""learning_rate"": 0.003, ""tap_leakage"": 0.0001}",16000,10,SUCCESS,,1.0,10.933916600269828,2.717456668645248,0.5743071083525179,184.40964285714287,185.0,185.0,544,30,0.33255863189697266,0.33727574348449707,,,
B,B_Planes2D,S2_LRU_STREAM,7308,"{""state_lr"": 0.001, ""readout_lr"": 0.01, ""state_decay"": 0.9}",16000,10,SUCCESS,,1.0,6.041403863496992,1.973547965071245,0.31732647230444977,92.0,92.0,92.0,248,22,0.32954907417297363,0.3325493335723877,,,
B,B_Planes2D,S3_RSONN,7308,"{""learning_rate"": 0.02, ""growth_threshold"": 0.05, ""pruning_threshold"": 0.005}",16000,10,SUCCESS,,1.0,4.285789178654799,1.6528704468736386,0.2251123069789108,322.0,322.0,322.0,576,60,0.9299893379211426,0.9329891204833984,,,
B,B_Planes2D,S5_CONTINUAL_BACKPROP,7308,"{""learning_rate"": 0.01, ""replacement_rate"": 0.0001, ""maturity_threshold"": 100}",16000,10,SUCCESS,,1.0,6.035136526731975,1.9729045887761536,0.31699727864163185,65.0,65.0,65.0,304,10,0.38281750679016113,0.385817289352417,,,
B,B_Planes2D,C1_CURRENT_ONLY_LINEAR,7308,"{""learning_rate"": 0.01}",16000,10,SUCCESS,,1.0,6.035136526731975,1.9729045887761536,0.31699727864163185,41.0,41.0,41.0,112,10,0.29134702682495117,0.29636597633361816,,,
B,B_Planes2D,C2_NLMS,7308,"{""step_size"": 0.1}",16000,10,SUCCESS,,1.0,6.071062601634143,1.978243528034402,0.3188843060395737,65.0,65.0,65.0,112,10,0.2862365245819092,0.28879213333129883,,,
B,B_Planes2D,C4_FIXED_LAG_LINEAR,7308,"{""max_lag"": 4, ""learning_rate"": 0.01}",16000,10,SUCCESS,,1.0,10.66165733951504,2.688758129881173,0.5600066125208213,17.0,17.0,17.0,96,4,0.2943575382232666,0.29787206649780273,,,
B,B_Planes2D,LEBRE_V04,7309,{},16000,10,SUCCESS,,1.0,5.876860919622487,1.9472527338838075,0.3021155199291705,126.44,156.0,273.0,2104,-1,0.6549170017242432,0.6589202880859375,0.8994993742177723,0.0,0.0
B,B_Planes2D,LEBRE_V032,7309,{},16000,10,SUCCESS,,1.0,5.876122367589903,1.948806965464933,0.3020775527159983,116.8,176.0,176.0,2124,-1,0.6166560649871826,0.6196556091308594,,,
B,B_Planes2D,CTRL_PERSISTENCE,7309,{},16000,10,SUCCESS,,1.0,38.9285051035849,5.034786740958178,2.001222373693745,0.0,0.0,0.0,4,-1,0.20232510566711426,0.20579218864440918,,,
B,B_Planes2D,CTRL_ARX_NLMS,7309,{},16000,10,SUCCESS,,1.0,5.985085867852252,1.9656469679152204,0.3076791085440672,74.0,74.0,74.0,52,-1,0.29976320266723633,0.3037700653076172,,,
B,B_Planes2D,IPNLMS,7309,"{""mu"": 0.1}",16000,10,SUCCESS,,1.0,5.8704423802687975,1.947279001662393,0.30178555800212353,116.0,116.0,116.0,88,-1,0.47846150398254395,0.4819655418395996,,,
B,B_Planes2D,RIVER_SGD_LINREG,7309,{},16000,10,SUCCESS,,1.0,6.341976951919586,2.0158375627808334,0.3260260350573484,,,,-1,-1,0.5018422603607178,0.504852294921875,,,
B,B_Planes2D,RIVER_HATR,7309,{},16000,10,SUCCESS,,1.0,2.9810886627238085,1.268954928770648,0.15325071728115922,,,,-1,-1,1.5331737995147705,1.5366816520690918,,,
B,B_Planes2D,Track_B,7309,{},16000,10,SUCCESS,,1.0,6.310999637776887,2.0132021920330123,0.3244335646048008,58.96714285714286,78.0,78.0,408,10,0.7314286231994629,0.7344305515289307,,,
B,B_Planes2D,B1_RZA_LMS,7309,"{""learning_rate"": 0.01, ""rho_zero_attraction"": 0.001, ""epsilon_reweight"": 10.0}",16000,10,SUCCESS,,1.0,5.8313776618952655,1.9405983919600054,0.2997773332263934,101.0,101.0,101.0,144,10,0.3386247158050537,0.3416292667388916,,,
B,B_Planes2D,B2_CCN,7309,"{""readout_lr"": 0.01, ""recurrent_lr"": 0.0001, ""max_columns"": 1}",16000,10,SUCCESS,,1.0,5.8486637657467,1.9439779856077315,0.3006659709403111,133.0,133.0,133.0,280,22,0.584176778793335,0.587183952331543,,,
B,B_Planes2D,B4_MINIMAL_GRU,7309,"{""learning_rate"": 0.01, ""weight_decay"": 0.99}",16000,10,SUCCESS,,1.0,12.524757003191844,2.790808010668448,0.6438681339848507,177.0,177.0,177.0,360,37,0.6523265838623047,0.6542983055114746,,,
B,B_Planes2D,S1_VARIABLE_TAP_LMS,7309,"{""learning_rate"": 0.003, ""tap_leakage"": 0.0001}",16000,10,SUCCESS,,1.0,10.815463012242658,2.7060830833212157,0.5559973727314785,183.84553571428572,185.0,185.0,544,30,0.31285977363586426,0.31586766242980957,,,
B,B_Planes2D,S2_LRU_STREAM,7309,"{""state_lr"": 0.001, ""readout_lr"": 0.01, ""state_decay"": 0.9}",16000,10,SUCCESS,,1.0,5.846636558858007,1.9432440619235103,0.3005617570289122,92.0,92.0,92.0,248,22,0.2938826084136963,0.2968895435333252,,,
B,B_Planes2D,S3_RSONN,7309,"{""learning_rate"": 0.02, ""growth_threshold"": 0.05, ""pruning_threshold"": 0.005}",16000,10,SUCCESS,,1.0,3.5727935830343482,1.5205806091722927,0.18366886773413102,322.0,322.0,322.0,576,60,0.9642467498779297,0.968759298324585,,,
B,B_Planes2D,S5_CONTINUAL_BACKPROP,7309,"{""learning_rate"": 0.01, ""replacement_rate"": 0.0001, ""maturity_threshold"": 100}",16000,10,SUCCESS,,1.0,5.840793942005486,1.9425020418848538,0.3002614019154786,65.0,65.0,65.0,304,10,0.3919224739074707,0.39492344856262207,,,
B,B_Planes2D,C1_CURRENT_ONLY_LINEAR,7309,"{""learning_rate"": 0.01}",16000,10,SUCCESS,,1.0,5.840793942005486,1.9425020418848538,0.3002614019154786,41.0,41.0,41.0,112,10,0.2762269973754883,0.2782261371612549,,,
B,B_Planes2D,C2_NLMS,7309,"{""step_size"": 0.1}",16000,10,SUCCESS,,1.0,5.875323264328585,1.9472619395314672,0.30203647270737255,65.0,65.0,65.0,112,10,0.26441502571105957,0.26741886138916016,,,
B,B_Planes2D,C4_FIXED_LAG_LINEAR,7309,"{""max_lag"": 4, ""learning_rate"": 0.01}",16000,10,SUCCESS,,1.0,10.529392884241561,2.670518267727404,0.5412911840638713,17.0,17.0,17.0,96,4,0.32548999786376953,0.3284947872161865,,,
B,B_Planes2D,LEBRE_V04,7310,{},16000,10,SUCCESS,,1.0,5.93184683432452,1.959431575677445,0.316172773626587,126.44,156.0,273.0,2104,-1,0.768409252166748,0.7714188098907471,0.8973091364205257,0.0,0.0
B,B_Planes2D,LEBRE_V032,7310,{},16000,10,SUCCESS,,1.0,5.934628813582129,1.9611198657665168,0.31632105562418683,116.8,176.0,176.0,2124,-1,0.6310381889343262,0.6340384483337402,,,
B,B_Planes2D,CTRL_PERSISTENCE,7310,{},16000,10,SUCCESS,,1.0,37.39959731870706,4.929174255962018,1.9934321884964181,0.0,0.0,0.0,4,-1,0.26082777976989746,0.26382994651794434,,,
B,B_Planes2D,CTRL_ARX_NLMS,7310,{},16000,10,SUCCESS,,1.0,6.0454160508843,1.980458348745659,0.3222261150565319,74.0,74.0,74.0,52,-1,0.3158435821533203,0.31838107109069824,,,
B,B_Planes2D,IPNLMS,7310,"{""mu"": 0.1}",16000,10,SUCCESS,,1.0,5.926227678001325,1.9583546169755288,0.3158732675385563,116.0,116.0,116.0,88,-1,0.450042724609375,0.4530484676361084,,,
B,B_Planes2D,RIVER_SGD_LINREG,7310,{},16000,10,SUCCESS,,1.0,6.453759485652078,2.039500205151572,0.3439911875489065,,,,-1,-1,0.582073450088501,0.5840713977813721,,,
B,B_Planes2D,RIVER_HATR,7310,{},16000,10,SUCCESS,,1.0,6.177996483281266,1.9473837668708278,0.3292927713965104,,,,-1,-1,12.861486911773682,12.865999937057495,,,
B,B_Planes2D,Track_B,7310,{},16000,10,SUCCESS,,1.0,6.404652629412305,2.032171597374929,0.3413737479259599,59.72107142857143,78.0,78.0,408,15,0.7373459339141846,0.7398505210876465,,,
B,B_Planes2D,B1_RZA_LMS,7310,"{""learning_rate"": 0.01, ""rho_zero_attraction"": 0.001, ""epsilon_reweight"": 10.0}",16000,10,SUCCESS,,1.0,5.8901231579887865,1.953579104436652,0.3139488641357633,101.0,101.0,101.0,144,10,0.364696741104126,0.36769652366638184,,,
B,B_Planes2D,B2_CCN,7310,"{""readout_lr"": 0.01, ""recurrent_lr"": 0.0001, ""max_columns"": 1}",16000,10,SUCCESS,,1.0,5.908257316317803,1.9566086168357073,0.3149154310914527,133.0,133.0,133.0,280,22,0.5783004760742188,0.5808067321777344,,,
B,B_Planes2D,B4_MINIMAL_GRU,7310,"{""learning_rate"": 0.01, ""weight_decay"": 0.99}",16000,10,SUCCESS,,1.0,12.01517713908475,2.742870369258731,0.640419752529193,177.0,177.0,177.0,360,37,0.6221239566802979,0.624631404876709,,,
B,B_Planes2D,S1_VARIABLE_TAP_LMS,7310,"{""learning_rate"": 0.003, ""tap_leakage"": 0.0001}",16000,10,SUCCESS,,1.0,10.585794963574624,2.671914590591077,0.5642323964450225,184.1482142857143,185.0,185.0,544,30,0.34232425689697266,0.3453328609466553,,,
B,B_Planes2D,S2_LRU_STREAM,7310,"{""state_lr"": 0.001, ""readout_lr"": 0.01, ""state_decay"": 0.9}",16000,10,SUCCESS,,1.0,5.9357756403628805,1.9616504848679743,0.3163821825234927,92.0,92.0,92.0,248,22,0.30934977531433105,0.31235265731811523,,,
B,B_Planes2D,S3_RSONN,7310,"{""learning_rate"": 0.02, ""growth_threshold"": 0.05, ""pruning_threshold"": 0.005}",16000,10,SUCCESS,,1.0,4.327937738258423,1.6379346419906116,0.2306829756409523,322.0,322.0,322.0,576,60,0.9338831901550293,0.9383985996246338,,,
B,B_Planes2D,S5_CONTINUAL_BACKPROP,7310,"{""learning_rate"": 0.01, ""replacement_rate"": 0.0001, ""maturity_threshold"": 100}",16000,10,SUCCESS,,1.0,5.899484297998573,1.955018563412884,0.3144478213212514,65.0,65.0,65.0,304,10,0.4147369861602783,0.4172403812408447,,,
B,B_Planes2D,C1_CURRENT_ONLY_LINEAR,7310,"{""learning_rate"": 0.01}",16000,10,SUCCESS,,1.0,5.899484297998573,1.955018563412884,0.3144478213212514,41.0,41.0,41.0,112,10,0.2587113380432129,0.2617220878601074,,,
B,B_Planes2D,C2_NLMS,7310,"{""step_size"": 0.1}",16000,10,SUCCESS,,1.0,5.936604997155099,1.9609400980705147,0.3164263879867566,65.0,65.0,65.0,112,10,0.27472591400146484,0.27773571014404297,,,
B,B_Planes2D,C4_FIXED_LAG_LINEAR,7310,"{""max_lag"": 4, ""learning_rate"": 0.01}",16000,10,SUCCESS,,1.0,10.365049471868963,2.64727341908156,0.5524664631147342,17.0,17.0,17.0,96,4,0.2667105197906494,0.26921987533569336,,,
B,B_Mv,LEBRE_V04,7301,{},16000,14,SUCCESS,,1.0,361.3017197642326,13.611551538005164,0.3866560879463769,155.32,184.0,345.0,2888,-1,0.7013325691223145,0.7053515911102295,0.9035043804755944,0.0,0.0
B,B_Mv,LEBRE_V032,7301,{},16000,14,SUCCESS,,1.0,354.7487128082963,13.634646351791458,0.37964322336460543,140.8,200.0,200.0,2924,-1,0.5656027793884277,0.5681095123291016,,,
B,B_Mv,CTRL_PERSISTENCE,7301,{},16000,14,SUCCESS,,1.0,1871.5438767264877,30.09924373189402,2.0028795718638532,0.0,0.0,0.0,4,-1,0.1972646713256836,0.20126891136169434,,,
B,B_Mv,CTRL_ARX_NLMS,7301,{},16000,14,SUCCESS,,1.0,622.4617482073379,17.61625555927387,0.6661430358404239,98.0,98.0,98.0,68,-1,0.3318493366241455,0.3353567123413086,,,
B,B_Mv,IPNLMS,7301,"{""mu"": 0.1}",16000,14,SUCCESS,,1.0,365.15601856557146,13.602219624247398,0.3907808623794313,156.0,156.0,156.0,120,-1,0.4435763359069824,0.4465756416320801,,,
B,B_Mv,RIVER_SGD_LINREG,7301,{},16000,14,SUCCESS,,1.0,384.97465408888047,14.836120126809117,0.4119902717475302,,,,-1,-1,0.6284701824188232,0.6324782371520996,,,
B,B_Mv,RIVER_HATR,7301,{},16000,14,SUCCESS,,1.0,35.13430412430785,3.5362150105342005,0.03759985586087979,,,,-1,-1,2.909764051437378,2.9137649536132812,,,
B,B_Mv,Track_B,7301,{},16000,14,SUCCESS,,1.0,400.34379630206945,14.667438445986743,0.4284379443661964,74.92071428571428,84.0,94.0,440,17,0.6754841804504395,0.6799976825714111,,,
B,B_Mv,B1_RZA_LMS,7301,"{""learning_rate"": 0.001, ""rho_zero_attraction"": 1e-06, ""epsilon_reweight"": 10.0}",16000,14,NUMERICAL_DIVERGENCE,11.0,0.0006875,inf,inf,inf,0.0,0.0,0.0,176,14,0.0,0.0,,,
B,B_Mv,B2_CCN,7301,"{""readout_lr"": 0.001, ""recurrent_lr"": 0.0001, ""max_columns"": 1}",16000,14,NUMERICAL_DIVERGENCE,11.0,0.0006875,inf,inf,inf,0.0,0.0,0.0,344,30,0.0,0.0,,,
B,B_Mv,B4_MINIMAL_GRU,7301,"{""learning_rate"": 0.01, ""weight_decay"": 0.99}",16000,14,SUCCESS,,1.0,938.5308825394551,23.121862065970053,1.0043923391684082,225.0,225.0,225.0,456,49,0.636796236038208,0.640796422958374,,,
B,B_Mv,S1_VARIABLE_TAP_LMS,7301,"{""learning_rate"": 0.001, ""tap_leakage"": 0.01}",16000,14,SUCCESS,,1.0,1146.511379433768,20.447995735573468,1.2269678789437923,184.89553571428573,185.0,185.0,544,30,0.33702754974365234,0.3405416011810303,,,
B,B_Mv,S2_LRU_STREAM,7301,"{""state_lr"": 0.001, ""readout_lr"": 0.001, ""state_decay"": 0.9}",16000,14,NUMERICAL_DIVERGENCE,3.0,0.0001875,inf,inf,inf,0.0,0.0,0.0,312,30,0.0,0.0,,,
B,B_Mv,S3_RSONN,7301,"{""learning_rate"": 0.001, ""growth_threshold"": 0.05, ""pruning_threshold"": 0.001}",16000,14,SUCCESS,,1.0,128.94662719920723,7.875023969433214,0.1379954638999786,418.0,418.0,418.0,704,76,1.0167531967163086,1.0197639465332031,,,
B,B_Mv,S5_CONTINUAL_BACKPROP,7301,"{""learning_rate"": 0.001, ""replacement_rate"": 0.0001, ""maturity_threshold"": 50}",16000,14,NUMERICAL_DIVERGENCE,11.0,0.0006875,inf,inf,inf,0.0,0.0,0.0,400,14,0.0010046958923339844,0.0010046958923339844,,,
B,B_Mv,C1_CURRENT_ONLY_LINEAR,7301,"{""learning_rate"": 0.001}",16000,14,NUMERICAL_DIVERGENCE,11.0,0.0006875,inf,inf,inf,0.0,0.0,0.0,144,14,0.0,0.0,,,
B,B_Mv,C2_NLMS,7301,"{""step_size"": 0.2}",16000,14,SUCCESS,,1.0,372.3430550879625,13.948412495589961,0.39847224958757643,89.0,89.0,89.0,144,14,0.29483652114868164,0.29834651947021484,,,
B,B_Mv,C4_FIXED_LAG_LINEAR,7301,"{""max_lag"": 4, ""learning_rate"": 0.001}",16000,14,SUCCESS,,1.0,1083.583971834049,22.26654553424449,1.1596245370327938,17.0,17.0,17.0,96,4,0.2887239456176758,0.29173898696899414,,,
B,B_Mv,LEBRE_V04,7302,{},16000,14,SUCCESS,,1.0,366.8502104974626,13.743330931226586,0.39283035299538344,155.32,184.0,345.0,2888,-1,0.6870419979095459,0.6904282569885254,0.8984355444305382,0.0,0.0
B,B_Mv,LEBRE_V032,7302,{},16000,14,SUCCESS,,1.0,361.80640821012264,13.75991023566483,0.3874293512342344,140.8,200.0,200.0,2924,-1,0.6213254928588867,0.624840497970581,,,
B,B_Mv,CTRL_PERSISTENCE,7302,{},16000,14,SUCCESS,,1.0,1876.9836922118652,30.16209904021283,2.009910708183347,0.0,0.0,0.0,4,-1,0.20440101623535156,0.20740175247192383,,,
B,B_Mv,CTRL_ARX_NLMS,7302,{},16000,14,SUCCESS,,1.0,624.831415843996,17.482406291220354,0.6690816541055244,98.0,98.0,98.0,68,-1,0.32599663734436035,0.32953953742980957,,,
B,B_Mv,IPNLMS,7302,"{""mu"": 0.1}",16000,14,SUCCESS,,1.0,372.85117430761795,13.733414083850677,0.3992563019641987,156.0,156.0,156.0,120,-1,0.42482519149780273,0.42833423614501953,,,
B,B_Mv,RIVER_SGD_LINREG,7302,{},16000,14,SUCCESS,,1.0,391.59822966004197,14.980429861816392,0.4193310140973342,,,,-1,-1,0.6823835372924805,0.6868956089019775,,,
B,B_Mv,RIVER_HATR,7302,{},16000,14,SUCCESS,,1.0,228.23075288638964,8.311711293013536,0.24439393696731349,,,,-1,-1,2.8330612182617188,2.838568687438965,,,
B,B_Mv,Track_B,7302,{},16000,14,SUCCESS,,1.0,410.462305187102,14.80805641924266,0.43953103371345437,74.80392857142857,94.0,94.0,440,17,0.691899299621582,0.6949005126953125,,,
B,B_Mv,B1_RZA_LMS,7302,"{""learning_rate"": 0.001, ""rho_zero_attraction"": 1e-06, ""epsilon_reweight"": 10.0}",16000,14,NUMERICAL_DIVERGENCE,14.0,0.000875,inf,inf,inf,0.0,0.0,0.0,176,13,0.0005028247833251953,0.0005028247833251953,,,
B,B_Mv,B2_CCN,7302,"{""readout_lr"": 0.001, ""recurrent_lr"": 0.0001, ""max_columns"": 1}",16000,14,NUMERICAL_DIVERGENCE,14.0,0.000875,inf,inf,inf,0.0,0.0,0.0,344,30,0.0,0.0,,,
B,B_Mv,B4_MINIMAL_GRU,7302,"{""learning_rate"": 0.01, ""weight_decay"": 0.99}",16000,14,SUCCESS,,1.0,938.1195344642297,23.095059745392973,1.0045566755317346,225.0,225.0,225.0,456,49,0.6516499519348145,0.6546499729156494,,,
B,B_Mv,S1_VARIABLE_TAP_LMS,7302,"{""learning_rate"": 0.001, ""tap_leakage"": 0.01}",16000,14,SUCCESS,,1.0,1142.3142479686182,20.33176900052457,1.2232123532181318,184.84839285714287,185.0,185.0,544,29,0.3417396545410156,0.3462493419647217,,,
B,B_Mv,S2_LRU_STREAM,7302,"{""state_lr"": 0.001, ""readout_lr"": 0.001, ""state_decay"": 0.9}",16000,14,NUMERICAL_DIVERGENCE,3.0,0.0001875,inf,inf,inf,0.0,0.0,0.0,312,30,0.0,0.0,,,
B,B_Mv,S3_RSONN,7302,"{""learning_rate"": 0.001, ""growth_threshold"": 0.05, ""pruning_threshold"": 0.001}",16000,14,SUCCESS,,1.0,155.0446407704998,8.396162559910612,0.1660248221783128,418.0,418.0,418.0,704,76,0.9268200397491455,0.9303281307220459,,,
B,B_Mv,S5_CONTINUAL_BACKPROP,7302,"{""learning_rate"": 0.001, ""replacement_rate"": 0.0001, ""maturity_threshold"": 50}",16000,14,NUMERICAL_DIVERGENCE,13.0,0.0008125,inf,inf,inf,0.0,0.0,0.0,400,14,0.0,0.0,,,
B,B_Mv,C1_CURRENT_ONLY_LINEAR,7302,"{""learning_rate"": 0.001}",16000,14,NUMERICAL_DIVERGENCE,14.0,0.000875,inf,inf,inf,0.0,0.0,0.0,144,14,0.0,0.0,,,
B,B_Mv,C2_NLMS,7302,"{""step_size"": 0.2}",16000,14,SUCCESS,,1.0,379.82304392812483,14.052176882421305,0.4067219157915634,89.0,89.0,89.0,144,14,0.2581014633178711,0.2609062194824219,,,
B,B_Mv,C4_FIXED_LAG_LINEAR,7302,"{""max_lag"": 4, ""learning_rate"": 0.001}",16000,14,SUCCESS,,1.0,1079.1730617398025,22.16547312713874,1.1555995407812025,17.0,17.0,17.0,96,4,0.27463221549987793,0.27713513374328613,,,
B,B_Mv,LEBRE_V04,7303,{},16000,14,SUCCESS,,1.0,357.7389455870054,13.520179902249787,0.3769128967498585,155.32,184.0,345.0,2888,-1,0.6862425804138184,0.6892440319061279,0.9015018773466833,0.0,0.0
B,B_Mv,LEBRE_V032,7303,{},16000,14,SUCCESS,,1.0,354.06638670453157,13.509559681516244,0.3730434975022975,140.8,200.0,200.0,2924,-1,0.5781173706054688,0.5866303443908691,,,
B,B_Mv,CTRL_PERSISTENCE,7303,{},16000,14,SUCCESS,,1.0,1868.0140296621757,29.933755081867286,1.968135110182205,0.0,0.0,0.0,4,-1,0.20064330101013184,0.20315337181091309,,,
B,B_Mv,CTRL_ARX_NLMS,7303,{},16000,14,SUCCESS,,1.0,596.7246421318704,17.260977755257446,0.6287076545688677,98.0,98.0,98.0,68,-1,0.318361759185791,0.321361780166626,,,
B,B_Mv,IPNLMS,7303,"{""mu"": 0.1}",16000,14,SUCCESS,,1.0,363.8595276359852,13.471461054840251,0.383361527345811,156.0,156.0,156.0,120,-1,0.44010233879089355,0.44310736656188965,,,
B,B_Mv,RIVER_SGD_LINREG,7303,{},16000,14,SUCCESS,,1.0,383.9089442032778,14.82348439912331,0.40448554464877184,,,,-1,-1,0.6583337783813477,0.6613445281982422,,,
B,B_Mv,RIVER_HATR,7303,{},16000,14,SUCCESS,,1.0,175.13907274477447,8.538566213784984,0.18452610781305712,,,,-1,-1,2.445598602294922,2.4499597549438477,,,
B,B_Mv,Track_B,7303,{},16000,14,SUCCESS,,1.0,401.33506814741827,14.561312747208712,0.4228456671233617,74.98321428571428,94.0,94.0,440,17,0.6704220771789551,0.6739492416381836,,,
B,B_Mv,B1_RZA_LMS,7303,"{""learning_rate"": 0.001, ""rho_zero_attraction"": 1e-06, ""epsilon_reweight"": 10.0}",16000,14,NUMERICAL_DIVERGENCE,8.0,0.0005,inf,inf,inf,0.0,0.0,0.0,176,14,0.0,0.0,,,
B,B_Mv,B2_CCN,7303,"{""readout_lr"": 0.001, ""recurrent_lr"": 0.0001, ""max_columns"": 1}",16000,14,NUMERICAL_DIVERGENCE,8.0,0.0005,inf,inf,inf,0.0,0.0,0.0,344,30,0.0009999275207519531,0.0009999275207519531,,,
B,B_Mv,B4_MINIMAL_GRU,7303,"{""learning_rate"": 0.01, ""weight_decay"": 0.99}",16000,14,SUCCESS,,1.0,952.6819249235089,23.29822155539868,1.0037433956622983,225.0,225.0,225.0,456,49,0.6495423316955566,0.652545690536499,,,
B,B_Mv,S1_VARIABLE_TAP_LMS,7303,"{""learning_rate"": 0.001, ""tap_leakage"": 0.01}",16000,14,SUCCESS,,1.0,1175.7514834100646,20.627806183904344,1.2387689485215723,184.84517857142856,185.0,185.0,544,30,0.36998581886291504,0.3719902038574219,,,
B,B_Mv,S2_LRU_STREAM,7303,"{""state_lr"": 0.001, ""readout_lr"": 0.001, ""state_decay"": 0.9}",16000,14,NUMERICAL_DIVERGENCE,2.0,0.000125,inf,inf,inf,0.0,0.0,0.0,312,30,0.0,0.0,,,
B,B_Mv,S3_RSONN,7303,"{""learning_rate"": 0.001, ""growth_threshold"": 0.05, ""pruning_threshold"": 0.001}",16000,14,SUCCESS,,1.0,133.47247448913996,7.854729107321359,0.14062627962836124,418.0,418.0,418.0,704,76,0.9262404441833496,0.9287557601928711,,,
B,B_Mv,S5_CONTINUAL_BACKPROP,7303,"{""learning_rate"": 0.001, ""replacement_rate"": 0.0001, ""maturity_threshold"": 50}",16000,14,NUMERICAL_DIVERGENCE,8.0,0.0005,inf,inf,inf,0.0,0.0,0.0,400,14,0.0,0.0,,,
B,B_Mv,C1_CURRENT_ONLY_LINEAR,7303,"{""learning_rate"": 0.001}",16000,14,NUMERICAL_DIVERGENCE,8.0,0.0005,inf,inf,inf,0.0,0.0,0.0,144,14,0.0,0.0,,,
B,B_Mv,C2_NLMS,7303,"{""step_size"": 0.2}",16000,14,SUCCESS,,1.0,371.1225398957474,13.828119368544696,0.3910138196772059,89.0,89.0,89.0,144,14,0.27731752395629883,0.28110575675964355,,,
B,B_Mv,C4_FIXED_LAG_LINEAR,7303,"{""max_lag"": 4, ""learning_rate"": 0.001}",16000,14,SUCCESS,,1.0,1117.017846419323,22.426877229822487,1.176887329178981,17.0,17.0,17.0,96,4,0.2730996608734131,0.27609968185424805,,,
B,B_Mv,LEBRE_V04,7304,{},16000,14,SUCCESS,,1.0,350.17539355682777,13.479705131708146,0.37522050643371524,155.32,184.0,345.0,2888,-1,0.7108325958251953,0.7138369083404541,0.902252816020025,0.0,0.0
B,B_Mv,LEBRE_V032,7304,{},16000,14,SUCCESS,,1.0,346.51960144704617,13.472461243321515,0.3713032461347673,140.8,200.0,200.0,2924,-1,0.5526292324066162,0.5561256408691406,,,
B,B_Mv,CTRL_PERSISTENCE,7304,{},16000,14,SUCCESS,,1.0,1857.43032869344,29.803228154777692,1.9902767625064202,0.0,0.0,0.0,4,-1,0.2088477611541748,0.21184802055358887,,,
B,B_Mv,CTRL_ARX_NLMS,7304,{},16000,14,SUCCESS,,1.0,596.5181595440373,17.10279601249915,0.6391821071365431,98.0,98.0,98.0,68,-1,0.32025814056396484,0.32425808906555176,,,
B,B_Mv,IPNLMS,7304,"{""mu"": 0.1}",16000,14,SUCCESS,,1.0,356.25891213324127,13.44301885968846,0.3817391281391274,156.0,156.0,156.0,120,-1,0.45920729637145996,0.4617176055908203,,,
B,B_Mv,RIVER_SGD_LINREG,7304,{},16000,14,SUCCESS,,1.0,375.3363927885551,14.684041561197958,0.40218106119518204,,,,-1,-1,0.6084747314453125,0.6114768981933594,,,
B,B_Mv,RIVER_HATR,7304,{},16000,14,SUCCESS,,1.0,148.77968237027974,7.789174981542978,0.1594206468906678,,,,-1,-1,2.4812185764312744,2.4862513542175293,,,
B,B_Mv,Track_B,7304,{},16000,14,SUCCESS,,1.0,395.65252908391005,14.5818282269957,0.423950240554389,74.88321428571429,94.0,94.0,440,14,0.72104811668396,0.7260501384735107,,,
B,B_Mv,B1_RZA_LMS,7304,"{""learning_rate"": 0.001, ""rho_zero_attraction"": 1e-06, ""epsilon_reweight"": 10.0}",16000,14,NUMERICAL_DIVERGENCE,6.0,0.000375,inf,inf,inf,0.0,0.0,0.0,176,13,0.0,0.0,,,
B,B_Mv,B2_CCN,7304,"{""readout_lr"": 0.001, ""recurrent_lr"": 0.0001, ""max_columns"": 1}",16000,14,NUMERICAL_DIVERGENCE,6.0,0.000375,inf,inf,inf,0.0,0.0,0.0,344,30,0.0,0.0,,,
B,B_Mv,B4_MINIMAL_GRU,7304,"{""learning_rate"": 0.01, ""weight_decay"": 0.99}",16000,14,SUCCESS,,1.0,935.8041782764777,23.019495929285007,1.002734412972691,225.0,225.0,225.0,456,49,0.6787621974945068,0.6822738647460938,,,
B,B_Mv,S1_VARIABLE_TAP_LMS,7304,"{""learning_rate"": 0.001, ""tap_leakage"": 0.01}",16000,14,SUCCESS,,1.0,1144.2751292706032,20.274532309953468,1.2261155449654497,184.80982142857144,185.0,185.0,544,30,0.35640692710876465,0.3594071865081787,,,
B,B_Mv,S2_LRU_STREAM,7304,"{""state_lr"": 0.001, ""readout_lr"": 0.001, ""state_decay"": 0.9}",16000,14,NUMERICAL_DIVERGENCE,2.0,0.000125,inf,inf,inf,0.0,0.0,0.0,312,30,0.0,0.0,,,
B,B_Mv,S3_RSONN,7304,"{""learning_rate"": 0.001, ""growth_threshold"": 0.05, ""pruning_threshold"": 0.001}",16000,14,SUCCESS,,1.0,141.93596894995625,8.030655890789385,0.15208745997145534,418.0,418.0,418.0,704,76,0.9992308616638184,1.003234624862671,,,
B,B_Mv,S5_CONTINUAL_BACKPROP,7304,"{""learning_rate"": 0.001, ""replacement_rate"": 0.0001, ""maturity_threshold"": 50}",16000,14,NUMERICAL_DIVERGENCE,6.0,0.000375,inf,inf,inf,0.0,0.0,0.0,400,14,0.0,0.0,,,
B,B_Mv,C1_CURRENT_ONLY_LINEAR,7304,"{""learning_rate"": 0.001}",16000,14,NUMERICAL_DIVERGENCE,6.0,0.000375,inf,inf,inf,0.0,0.0,0.0,144,14,0.0,0.0,,,
B,B_Mv,C2_NLMS,7304,"{""step_size"": 0.2}",16000,14,SUCCESS,,1.0,363.87054904808343,13.789781774991415,0.3898951616883926,89.0,89.0,89.0,144,14,0.2742478847503662,0.2772519588470459,,,
B,B_Mv,C4_FIXED_LAG_LINEAR,7304,"{""max_lag"": 4, ""learning_rate"": 0.001}",16000,14,SUCCESS,,1.0,1086.4521395978911,22.132526614623348,1.1641569611594018,17.0,17.0,17.0,96,4,0.28957033157348633,0.2930796146392822,,,
B,B_Mv,LEBRE_V04,7305,{},16000,14,SUCCESS,,1.0,363.81972995049614,13.649211829621645,0.39691768356133,155.32,184.0,345.0,2888,-1,0.6877150535583496,0.6907148361206055,0.8969336670838548,0.0,0.0
B,B_Mv,LEBRE_V032,7305,{},16000,14,SUCCESS,,1.0,357.5370922325162,13.652611772935034,0.39006349231113324,140.8,200.0,200.0,2924,-1,0.5316338539123535,0.5346333980560303,,,
B,B_Mv,CTRL_PERSISTENCE,7305,{},16000,14,SUCCESS,,1.0,1830.9829988768927,29.685102726172023,1.9975539277467997,0.0,0.0,0.0,4,-1,0.1993699073791504,0.20237040519714355,,,
B,B_Mv,CTRL_ARX_NLMS,7305,{},16000,14,SUCCESS,,1.0,616.195682558578,17.470681991717196,0.6722531594834688,98.0,98.0,98.0,68,-1,0.3103325366973877,0.3138444423675537,,,
B,B_Mv,IPNLMS,7305,"{""mu"": 0.1}",16000,14,SUCCESS,,1.0,367.6789546576317,13.620660759209246,0.40112799544108246,156.0,156.0,156.0,120,-1,0.44442224502563477,0.44742250442504883,,,
B,B_Mv,RIVER_SGD_LINREG,7305,{},16000,14,SUCCESS,,1.0,389.31294670800514,14.941426412764423,0.424730107432059,,,,-1,-1,0.6417453289031982,0.6457540988922119,,,
B,B_Mv,RIVER_HATR,7305,{},16000,14,SUCCESS,,1.0,48.30318380755415,3.956046268991317,0.05269749342109695,,,,-1,-1,2.372732639312744,2.3762366771698,,,
B,B_Mv,Track_B,7305,{},16000,14,SUCCESS,,1.0,411.0528667830887,14.770659646174634,0.44844778409072933,75.01839285714286,94.0,94.0,312,14,0.6582772731781006,0.6617856025695801,,,
B,B_Mv,B1_RZA_LMS,7305,"{""learning_rate"": 0.001, ""rho_zero_attraction"": 1e-06, ""epsilon_reweight"": 10.0}",16000,14,SUCCESS,,1.0,2157247.2221000036,1124.639077784884,2353.4995487505716,141.0,141.0,141.0,176,14,0.3467366695404053,0.3502516746520996,,,
B,B_Mv,B2_CCN,7305,"{""readout_lr"": 0.001, ""recurrent_lr"": 0.0001, ""max_columns"": 1}",16000,14,SUCCESS,,1.0,2330143.782549763,1158.5812440770699,2542.12511416116,173.0,173.0,173.0,344,30,0.5776326656341553,0.5801405906677246,,,
B,B_Mv,B4_MINIMAL_GRU,7305,"{""learning_rate"": 0.01, ""weight_decay"": 0.99}",16000,14,SUCCESS,,1.0,919.9551395111025,22.91874009437107,1.003646676898945,225.0,225.0,225.0,456,49,0.673764705657959,0.6772708892822266,,,
B,B_Mv,S1_VARIABLE_TAP_LMS,7305,"{""learning_rate"": 0.001, ""tap_leakage"": 0.01}",16000,14,SUCCESS,,1.0,1123.5946764714888,20.19788015637768,1.225812014943741,184.88642857142858,185.0,185.0,544,30,0.330930233001709,0.33393025398254395,,,
B,B_Mv,S2_LRU_STREAM,7305,"{""state_lr"": 0.001, ""readout_lr"": 0.001, ""state_decay"": 0.9}",16000,14,NUMERICAL_DIVERGENCE,2.0,0.000125,inf,inf,inf,0.0,0.0,0.0,312,30,0.0,0.0,,,
B,B_Mv,S3_RSONN,7305,"{""learning_rate"": 0.001, ""growth_threshold"": 0.05, ""pruning_threshold"": 0.001}",16000,14,SUCCESS,,1.0,135.54351700558806,7.965285119192175,0.14787438492941024,418.0,418.0,418.0,704,76,1.0121700763702393,1.015981912612915,,,
B,B_Mv,S5_CONTINUAL_BACKPROP,7305,"{""learning_rate"": 0.001, ""replacement_rate"": 0.0001, ""maturity_threshold"": 50}",16000,14,SUCCESS,,1.0,38821927.165293425,4770.885232335585,42353.69369311447,89.0,89.0,89.0,400,14,0.3894665241241455,0.39247894287109375,,,
B,B_Mv,C1_CURRENT_ONLY_LINEAR,7305,"{""learning_rate"": 0.001}",16000,14,SUCCESS,,1.0,2157247.178811243,1124.6390665525091,2353.4995015236805,57.0,57.0,57.0,144,14,0.279569149017334,0.28307580947875977,,,
B,B_Mv,C2_NLMS,7305,"{""step_size"": 0.2}",16000,14,SUCCESS,,1.0,377.08597864691734,14.008595564628166,0.41139080931195515,89.0,89.0,89.0,144,14,0.2828528881072998,0.2863640785217285,,,
B,B_Mv,C4_FIXED_LAG_LINEAR,7305,"{""max_lag"": 4, ""learning_rate"": 0.001}",16000,14,SUCCESS,,1.0,1065.8038261849003,22.022239023437344,1.1627637288326127,17.0,17.0,17.0,96,4,0.28933286666870117,0.292844295501709,,,
B,B_Mv,LEBRE_V04,7306,{},16000,14,SUCCESS,,1.0,349.9438902866252,13.3517428890029,0.3732914259393545,155.32,184.0,345.0,2888,-1,0.7134010791778564,0.7181718349456787,0.8999374217772216,0.0,0.0
B,B_Mv,LEBRE_V032,7306,{},16000,14,SUCCESS,,1.0,345.37743575556584,13.364100109770723,0.36842030696656664,140.8,200.0,200.0,2924,-1,0.5178654193878174,0.5218644142150879,,,
B,B_Mv,CTRL_PERSISTENCE,7306,{},16000,14,SUCCESS,,1.0,1865.800254839405,30.029852062408846,1.9902826052386493,0.0,0.0,0.0,4,-1,0.19614219665527344,0.19865012168884277,,,
B,B_Mv,CTRL_ARX_NLMS,7306,{},16000,14,SUCCESS,,1.0,583.6649755152731,17.0146213748036,0.622605900627384,98.0,98.0,98.0,68,-1,0.2989499568939209,0.30146217346191406,,,
B,B_Mv,IPNLMS,7306,"{""mu"": 0.1}",16000,14,SUCCESS,,1.0,354.98723859432204,13.343700254597744,0.37867125605939744,156.0,156.0,156.0,120,-1,0.43929338455200195,0.44280123710632324,,,
B,B_Mv,RIVER_SGD_LINREG,7306,{},16000,14,SUCCESS,,1.0,375.93365140877165,14.598779502865762,0.40101517039782447,,,,-1,-1,0.6277434825897217,0.6307499408721924,,,
B,B_Mv,RIVER_HATR,7306,{},16000,14,SUCCESS,,1.0,147.9375073621119,7.469138509344484,0.1578075931769658,,,,-1,-1,2.5598995685577393,2.5629005432128906,,,
B,B_Mv,Track_B,7306,{},16000,14,SUCCESS,,1.0,394.8676262068777,14.430628509681101,0.42121238100006064,74.57178571428571,84.0,94.0,440,17,0.6639795303344727,0.6664819717407227,,,
B,B_Mv,B1_RZA_LMS,7306,"{""learning_rate"": 0.001, ""rho_zero_attraction"": 1e-06, ""epsilon_reweight"": 10.0}",16000,14,SUCCESS,,1.0,30427731.06214598,4284.605615546934,32457.806612895674,141.0,141.0,141.0,176,14,0.34236836433410645,0.3466012477874756,,,
B,B_Mv,B2_CCN,7306,"{""readout_lr"": 0.001, ""recurrent_lr"": 0.0001, ""max_columns"": 1}",16000,14,SUCCESS,,1.0,34769013.57159718,4648.57055734828,37088.73055053402,173.0,173.0,173.0,344,30,0.6152215003967285,0.61873459815979,,,
B,B_Mv,B4_MINIMAL_GRU,7306,"{""learning_rate"": 0.01, ""weight_decay"": 0.99}",16000,14,SUCCESS,,1.0,940.423010255622,23.113778976611243,1.0031660967047278,225.0,225.0,225.0,456,49,0.623795747756958,0.6278035640716553,,,
B,B_Mv,S1_VARIABLE_TAP_LMS,7306,"{""learning_rate"": 0.001, ""tap_leakage"": 0.01}",16000,14,SUCCESS,,1.0,1151.9286876098033,20.459280745861847,1.2287829972573963,184.85107142857143,185.0,185.0,544,30,0.33072805404663086,0.3337275981903076,,,
B,B_Mv,S2_LRU_STREAM,7306,"{""state_lr"": 0.001, ""readout_lr"": 0.001, ""state_decay"": 0.9}",16000,14,NUMERICAL_DIVERGENCE,2.0,0.000125,inf,inf,inf,0.0,0.0,0.0,312,30,0.0,0.0,,,
B,B_Mv,S3_RSONN,7306,"{""learning_rate"": 0.001, ""growth_threshold"": 0.05, ""pruning_threshold"": 0.001}",16000,14,SUCCESS,,1.0,154.6592968594998,8.39189236868529,0.16497784662613713,418.0,418.0,418.0,704,76,0.9997432231903076,1.0027422904968262,,,
B,B_Mv,S5_CONTINUAL_BACKPROP,7306,"{""learning_rate"": 0.001, ""replacement_rate"": 0.0001, ""maturity_threshold"": 50}",16000,14,NUMERICAL_DIVERGENCE,9.0,0.0005625,inf,inf,inf,0.0,0.0,0.0,400,14,0.0010006427764892578,0.0010006427764892578,,,
B,B_Mv,C1_CURRENT_ONLY_LINEAR,7306,"{""learning_rate"": 0.001}",16000,14,SUCCESS,,1.0,30427730.836088452,4284.605599623605,32457.806371756054,57.0,57.0,57.0,144,14,0.28677940368652344,0.28928184509277344,,,
B,B_Mv,C2_NLMS,7306,"{""step_size"": 0.2}",16000,14,SUCCESS,,1.0,361.5176298509148,13.68535113196749,0.38563734157133117,89.0,89.0,89.0,144,14,0.2813441753387451,0.2853562831878662,,,
B,B_Mv,C4_FIXED_LAG_LINEAR,7306,"{""max_lag"": 4, ""learning_rate"": 0.001}",16000,14,SUCCESS,,1.0,1086.6258511584774,22.316997421516593,1.15912329004881,17.0,17.0,17.0,96,4,0.31799936294555664,0.32100987434387207,,,
B,B_Mv,LEBRE_V04,7307,{},16000,14,SUCCESS,,1.0,355.58995701107796,13.464462693997403,0.3891516096954912,155.32,184.0,345.0,2888,-1,0.6851046085357666,0.6896095275878906,0.906883604505632,0.0,0.0
B,B_Mv,LEBRE_V032,7307,{},16000,14,SUCCESS,,1.0,349.11420188050073,13.497178733503883,0.382064653263312,140.8,200.0,200.0,2924,-1,0.5474674701690674,0.5519828796386719,,,
B,B_Mv,CTRL_PERSISTENCE,7307,{},16000,14,SUCCESS,,1.0,1835.686321228609,29.93101672044947,2.008943933081475,0.0,0.0,0.0,4,-1,0.20827817916870117,0.21127605438232422,,,
B,B_Mv,CTRL_ARX_NLMS,7307,{},16000,14,SUCCESS,,1.0,592.2955989661887,17.09782560232172,0.6481982440973908,98.0,98.0,98.0,68,-1,0.3173646926879883,0.32036757469177246,,,
B,B_Mv,IPNLMS,7307,"{""mu"": 0.1}",16000,14,SUCCESS,,1.0,360.1304999982135,13.457650962878636,0.3941207028250824,156.0,156.0,156.0,120,-1,0.4481852054595947,0.4511871337890625,,,
B,B_Mv,RIVER_SGD_LINREG,7307,{},16000,14,SUCCESS,,1.0,381.6366445034715,14.74322135572092,0.41765666211626185,,,,-1,-1,0.6092057228088379,0.6124086380004883,,,
B,B_Mv,RIVER_HATR,7307,{},16000,14,SUCCESS,,1.0,47.51227380915626,4.225081349396611,0.05199662551929179,,,,-1,-1,3.0664048194885254,3.0709176063537598,,,
B,B_Mv,Track_B,7307,{},16000,14,SUCCESS,,1.0,398.37746296220797,14.577772095214446,0.43597752951532154,74.79214285714286,94.0,94.0,440,17,0.6757471561431885,0.6838030815124512,,,
B,B_Mv,B1_RZA_LMS,7307,"{""learning_rate"": 0.001, ""rho_zero_attraction"": 1e-06, ""epsilon_reweight"": 10.0}",16000,14,NUMERICAL_DIVERGENCE,6.0,0.000375,inf,inf,inf,0.0,0.0,0.0,176,14,0.0009999275207519531,0.0009999275207519531,,,
B,B_Mv,B2_CCN,7307,"{""readout_lr"": 0.001, ""recurrent_lr"": 0.0001, ""max_columns"": 1}",16000,14,NUMERICAL_DIVERGENCE,6.0,0.000375,inf,inf,inf,0.0,0.0,0.0,344,30,0.0,0.0,,,
B,B_Mv,B4_MINIMAL_GRU,7307,"{""learning_rate"": 0.01, ""weight_decay"": 0.99}",16000,14,SUCCESS,,1.0,916.8257021072869,22.852585927871342,1.0033584772309372,225.0,225.0,225.0,456,49,0.58612060546875,0.5901296138763428,,,
B,B_Mv,S1_VARIABLE_TAP_LMS,7307,"{""learning_rate"": 0.001, ""tap_leakage"": 0.01}",16000,14,SUCCESS,,1.0,1124.5692107881148,20.260355952014944,1.230709444863622,184.85107142857143,185.0,185.0,544,30,0.3392908573150635,0.3428025245666504,,,
B,B_Mv,S2_LRU_STREAM,7307,"{""state_lr"": 0.001, ""readout_lr"": 0.001, ""state_decay"": 0.9}",16000,14,NUMERICAL_DIVERGENCE,2.0,0.000125,inf,inf,inf,0.0,0.0,0.0,312,30,0.0,0.0,,,
B,B_Mv,S3_RSONN,7307,"{""learning_rate"": 0.001, ""growth_threshold"": 0.05, ""pruning_threshold"": 0.001}",16000,14,SUCCESS,,1.0,141.52925789465058,8.13937030735641,0.1548872161397847,418.0,418.0,418.0,704,76,1.0720231533050537,1.075530767440796,,,
B,B_Mv,S5_CONTINUAL_BACKPROP,7307,"{""learning_rate"": 0.001, ""replacement_rate"": 0.0001, ""maturity_threshold"": 50}",16000,14,NUMERICAL_DIVERGENCE,6.0,0.000375,inf,inf,inf,0.0,0.0,0.0,400,14,0.0009996891021728516,0.0009996891021728516,,,
B,B_Mv,C1_CURRENT_ONLY_LINEAR,7307,"{""learning_rate"": 0.001}",16000,14,NUMERICAL_DIVERGENCE,6.0,0.000375,inf,inf,inf,0.0,0.0,0.0,144,14,0.0009992122650146484,0.0009992122650146484,,,
B,B_Mv,C2_NLMS,7307,"{""step_size"": 0.2}",16000,14,SUCCESS,,1.0,367.19583289932035,13.830462963927593,0.40185288315607687,89.0,89.0,89.0,144,14,0.28926682472229004,0.2919740676879883,,,
B,B_Mv,C4_FIXED_LAG_LINEAR,7307,"{""max_lag"": 4, ""learning_rate"": 0.001}",16000,14,SUCCESS,,1.0,1059.859255838299,22.02199132743915,1.1598919691854241,17.0,17.0,17.0,96,4,0.2718775272369385,0.27488255500793457,,,
B,B_Mv,LEBRE_V04,7308,{},16000,14,SUCCESS,,1.0,356.16430523184727,13.60234085707839,0.3839871106307216,155.32,184.0,345.0,2888,-1,0.7440190315246582,0.7505664825439453,0.8991864831038798,0.0,0.0
B,B_Mv,LEBRE_V032,7308,{},16000,14,SUCCESS,,1.0,352.09428772736726,13.567949758255022,0.3795991519307491,140.8,200.0,200.0,2924,-1,0.620995044708252,0.624854564666748,,,
B,B_Mv,CTRL_PERSISTENCE,7308,{},16000,14,SUCCESS,,1.0,1867.7099079682864,30.046488080178865,2.013611472351961,0.0,0.0,0.0,4,-1,0.19420289993286133,0.19770431518554688,,,
B,B_Mv,CTRL_ARX_NLMS,7308,{},16000,14,SUCCESS,,1.0,598.9442038818238,17.179431645756964,0.6457324636389041,98.0,98.0,98.0,68,-1,0.2921304702758789,0.2956416606903076,,,
B,B_Mv,IPNLMS,7308,"{""mu"": 0.1}",16000,14,SUCCESS,,1.0,361.9927592218399,13.550469492311624,0.3902708711709714,156.0,156.0,156.0,120,-1,0.4535529613494873,0.45606350898742676,,,
B,B_Mv,RIVER_SGD_LINREG,7308,{},16000,14,SUCCESS,,1.0,382.6544271311802,14.766280924603988,0.41254658506137526,,,,-1,-1,0.6479606628417969,0.6509609222412109,,,
B,B_Mv,RIVER_HATR,7308,{},16000,14,SUCCESS,,1.0,152.71057853582954,6.696276468226612,0.16464000730378567,,,,-1,-1,2.5209169387817383,2.5254406929016113,,,
B,B_Mv,Track_B,7308,{},16000,14,SUCCESS,,1.0,400.7248110385747,14.58729027037681,0.4320285893011641,74.90017857142857,94.0,94.0,440,19,0.689532995223999,0.6925666332244873,,,
B,B_Mv,B1_RZA_LMS,7308,"{""learning_rate"": 0.001, ""rho_zero_attraction"": 1e-06, ""epsilon_reweight"": 10.0}",16000,14,NUMERICAL_DIVERGENCE,14.0,0.000875,inf,inf,inf,0.0,0.0,0.0,176,14,0.0,0.0,,,
B,B_Mv,B2_CCN,7308,"{""readout_lr"": 0.001, ""recurrent_lr"": 0.0001, ""max_columns"": 1}",16000,14,NUMERICAL_DIVERGENCE,14.0,0.000875,inf,inf,inf,0.0,0.0,0.0,344,30,0.0015025138854980469,0.0015025138854980469,,,
B,B_Mv,B4_MINIMAL_GRU,7308,"{""learning_rate"": 0.01, ""weight_decay"": 0.99}",16000,14,SUCCESS,,1.0,930.2408554376187,23.0124367477146,1.0029093118627377,225.0,225.0,225.0,456,49,0.6166813373565674,0.619680643081665,,,
B,B_Mv,S1_VARIABLE_TAP_LMS,7308,"{""learning_rate"": 0.001, ""tap_leakage"": 0.01}",16000,14,SUCCESS,,1.0,1131.7666011311103,20.233132009194016,1.2201778243717953,184.86607142857142,185.0,185.0,544,30,0.32999372482299805,0.332993745803833,,,
B,B_Mv,S2_LRU_STREAM,7308,"{""state_lr"": 0.001, ""readout_lr"": 0.001, ""state_decay"": 0.9}",16000,14,NUMERICAL_DIVERGENCE,2.0,0.000125,inf,inf,inf,0.0,0.0,0.0,312,30,0.0,0.0,,,
B,B_Mv,S3_RSONN,7308,"{""learning_rate"": 0.001, ""growth_threshold"": 0.05, ""pruning_threshold"": 0.001}",16000,14,SUCCESS,,1.0,132.15398077817,7.831255949783621,0.14247757142402123,418.0,418.0,418.0,704,76,0.9845952987670898,0.9936165809631348,,,
B,B_Mv,S5_CONTINUAL_BACKPROP,7308,"{""learning_rate"": 0.001, ""replacement_rate"": 0.0001, ""maturity_threshold"": 50}",16000,14,NUMERICAL_DIVERGENCE,14.0,0.000875,inf,inf,inf,0.0,0.0,0.0,400,14,0.002511739730834961,0.002511739730834961,,,
B,B_Mv,C1_CURRENT_ONLY_LINEAR,7308,"{""learning_rate"": 0.001}",16000,14,NUMERICAL_DIVERGENCE,14.0,0.000875,inf,inf,inf,0.0,0.0,0.0,144,14,0.0,0.0,,,
B,B_Mv,C2_NLMS,7308,"{""step_size"": 0.2}",16000,14,SUCCESS,,1.0,369.3692643938907,13.875274173457445,0.3982236133912356,89.0,89.0,89.0,144,14,0.27373623847961426,0.27673768997192383,,,
B,B_Mv,C4_FIXED_LAG_LINEAR,7308,"{""max_lag"": 4, ""learning_rate"": 0.001}",16000,14,SUCCESS,,1.0,1069.886357723392,22.102649181058318,1.1534636266764704,17.0,17.0,17.0,96,4,0.26520562171936035,0.2682061195373535,,,
B,B_Mv,LEBRE_V04,7309,{},16000,14,SUCCESS,,1.0,355.1443193112798,13.523259138732413,0.3878323261606618,155.32,184.0,345.0,2888,-1,0.6810646057128906,0.6845695972442627,0.8987484355444305,0.0,0.0
B,B_Mv,LEBRE_V032,7309,{},16000,14,SUCCESS,,1.0,349.50990338050826,13.516983429123101,0.3816793102790464,140.8,200.0,200.0,2924,-1,0.5507490634918213,0.5537509918212891,,,
B,B_Mv,CTRL_PERSISTENCE,7309,{},16000,14,SUCCESS,,1.0,1865.7940106230874,30.04827121909766,2.0375244426825323,0.0,0.0,0.0,4,-1,0.2028517723083496,0.20485162734985352,,,
B,B_Mv,CTRL_ARX_NLMS,7309,{},16000,14,SUCCESS,,1.0,624.8821274559143,17.439292048657514,0.682397199925459,98.0,98.0,98.0,68,-1,0.3060593605041504,0.31157445907592773,,,
B,B_Mv,IPNLMS,7309,"{""mu"": 0.1}",16000,14,SUCCESS,,1.0,360.09198925329986,13.514663128050044,0.39323538694003746,156.0,156.0,156.0,120,-1,0.509329080581665,0.5123302936553955,,,
B,B_Mv,RIVER_SGD_LINREG,7309,{},16000,14,SUCCESS,,1.0,380.6501271227527,14.735067096364432,0.4156857261342656,,,,-1,-1,0.6164226531982422,0.6194210052490234,,,
B,B_Mv,RIVER_HATR,7309,{},16000,14,SUCCESS,,1.0,127.72666359823765,7.072754705764162,0.1394828140630532,,,,-1,-1,2.443242311477661,2.4516637325286865,,,
B,B_Mv,Track_B,7309,{},16000,14,SUCCESS,,1.0,409.65559937860274,14.783049808933265,0.4473609048283531,74.76517857142858,94.0,94.0,440,17,0.6949050426483154,0.6974115371704102,,,
B,B_Mv,B1_RZA_LMS,7309,"{""learning_rate"": 0.001, ""rho_zero_attraction"": 1e-06, ""epsilon_reweight"": 10.0}",16000,14,SUCCESS,,1.0,1033918554.0484838,26629.51211800624,1129081.942391513,141.0,141.0,141.0,176,14,0.39858555793762207,0.40158605575561523,,,
B,B_Mv,B2_CCN,7309,"{""readout_lr"": 0.001, ""recurrent_lr"": 0.0001, ""max_columns"": 1}",16000,14,SUCCESS,,1.0,1040776673.0418509,26689.667867770484,1136571.2927700921,173.0,173.0,173.0,344,30,0.6438822746276855,0.6473269462585449,,,
B,B_Mv,B4_MINIMAL_GRU,7309,"{""learning_rate"": 0.01, ""weight_decay"": 0.99}",16000,14,SUCCESS,,1.0,920.3230966024886,22.875922755489302,1.0050309915329965,225.0,225.0,225.0,456,49,0.6517159938812256,0.6557178497314453,,,
B,B_Mv,S1_VARIABLE_TAP_LMS,7309,"{""learning_rate"": 0.001, ""tap_leakage"": 0.01}",16000,14,SUCCESS,,1.0,1116.0629350614736,20.059645023161416,1.2187870133640044,184.8682142857143,185.0,185.0,544,30,0.32578015327453613,0.32929301261901855,,,
B,B_Mv,S2_LRU_STREAM,7309,"{""state_lr"": 0.001, ""readout_lr"": 0.001, ""state_decay"": 0.9}",16000,14,NUMERICAL_DIVERGENCE,3.0,0.0001875,inf,inf,inf,0.0,0.0,0.0,312,30,0.0009996891021728516,0.0009996891021728516,,,
B,B_Mv,S3_RSONN,7309,"{""learning_rate"": 0.001, ""growth_threshold"": 0.05, ""pruning_threshold"": 0.001}",16000,14,SUCCESS,,1.0,148.21215133904678,8.248549973209732,0.16185381630366652,418.0,418.0,418.0,704,76,1.1922166347503662,1.196244239807129,,,
B,B_Mv,S5_CONTINUAL_BACKPROP,7309,"{""learning_rate"": 0.001, ""replacement_rate"": 0.0001, ""maturity_threshold"": 50}",16000,14,NUMERICAL_DIVERGENCE,15.0,0.0009375,inf,inf,inf,0.0,0.0,0.0,400,14,0.0,0.0,,,
B,B_Mv,C1_CURRENT_ONLY_LINEAR,7309,"{""learning_rate"": 0.001}",16000,14,SUCCESS,,1.0,1033918490.5431316,26629.51130019643,1129081.8730410344,57.0,57.0,57.0,144,14,0.31765007972717285,0.32116270065307617,,,
B,B_Mv,C2_NLMS,7309,"{""step_size"": 0.2}",16000,14,SUCCESS,,1.0,368.5537071264442,13.89418776655945,0.4024759338039743,89.0,89.0,89.0,144,14,0.2647116184234619,0.2677114009857178,,,
B,B_Mv,C4_FIXED_LAG_LINEAR,7309,"{""max_lag"": 4, ""learning_rate"": 0.001}",16000,14,SUCCESS,,1.0,1053.891940743919,21.921726167569716,1.1508937090513858,17.0,17.0,17.0,96,4,0.25627613067626953,0.25959348678588867,,,
B,B_Mv,LEBRE_V04,7310,{},16000,14,SUCCESS,,1.0,352.1178615047915,13.406793447373719,0.368622816948356,155.32,184.0,345.0,2888,-1,0.7144567966461182,0.718487024307251,0.8996871088861076,0.0,0.0
B,B_Mv,LEBRE_V032,7310,{},16000,14,SUCCESS,,1.0,346.309269098136,13.44589644467796,0.36254195616414087,140.8,200.0,200.0,2924,-1,0.5720608234405518,0.5750608444213867,,,
B,B_Mv,CTRL_PERSISTENCE,7310,{},16000,14,SUCCESS,,1.0,1896.7702088962908,30.737437151226153,1.985678245684671,0.0,0.0,0.0,4,-1,0.19565105438232422,0.19865107536315918,,,
B,B_Mv,CTRL_ARX_NLMS,7310,{},16000,14,SUCCESS,,1.0,609.3679792013376,17.322479965329375,0.6379311179824021,98.0,98.0,98.0,68,-1,0.3113269805908203,0.31433701515197754,,,
B,B_Mv,IPNLMS,7310,"{""mu"": 0.1}",16000,14,SUCCESS,,1.0,357.0323377829652,13.447152825667766,0.3737676513561999,156.0,156.0,156.0,120,-1,0.4933149814605713,0.4963200092315674,,,
B,B_Mv,RIVER_SGD_LINREG,7310,{},16000,14,SUCCESS,,1.0,374.26444341141,14.606410287630231,0.3918074840746049,,,,-1,-1,0.6189603805541992,0.6219635009765625,,,
B,B_Mv,RIVER_HATR,7310,{},16000,14,SUCCESS,,1.0,54.22457003900814,4.277838515004482,0.05676625908771348,,,,-1,-1,2.7082266807556152,2.7147469520568848,,,
B,B_Mv,Track_B,7310,{},16000,14,SUCCESS,,1.0,398.2711491502784,14.581393050141344,0.41693946533023774,74.79857142857144,94.0,94.0,440,14,0.7420892715454102,0.7450995445251465,,,
B,B_Mv,B1_RZA_LMS,7310,"{""learning_rate"": 0.001, ""rho_zero_attraction"": 1e-06, ""epsilon_reweight"": 10.0}",16000,14,NUMERICAL_DIVERGENCE,9.0,0.0005625,inf,inf,inf,0.0,0.0,0.0,176,14,0.0,0.0,,,
B,B_Mv,B2_CCN,7310,"{""readout_lr"": 0.001, ""recurrent_lr"": 0.0001, ""max_columns"": 1}",16000,14,NUMERICAL_DIVERGENCE,9.0,0.0005625,inf,inf,inf,0.0,0.0,0.0,344,30,0.0035033226013183594,0.0035033226013183594,,,
B,B_Mv,B4_MINIMAL_GRU,7310,"{""learning_rate"": 0.01, ""weight_decay"": 0.99}",16000,14,SUCCESS,,1.0,958.691894802003,23.670783719588727,1.0036290273297097,225.0,225.0,225.0,456,49,0.6287703514099121,0.6317763328552246,,,
B,B_Mv,S1_VARIABLE_TAP_LMS,7310,"{""learning_rate"": 0.001, ""tap_leakage"": 0.01}",16000,14,SUCCESS,,1.0,1188.187418160735,21.059203303280114,1.2438817822907977,184.84625,185.0,185.0,544,30,0.33728766441345215,0.341296911239624,,,
B,B_Mv,S2_LRU_STREAM,7310,"{""state_lr"": 0.001, ""readout_lr"": 0.001, ""state_decay"": 0.9}",16000,14,NUMERICAL_DIVERGENCE,2.0,0.000125,inf,inf,inf,0.0,0.0,0.0,312,30,0.0,0.0,,,
B,B_Mv,S3_RSONN,7310,"{""learning_rate"": 0.001, ""growth_threshold"": 0.05, ""pruning_threshold"": 0.001}",16000,14,SUCCESS,,1.0,147.36335888485388,8.341690308977936,0.15427077807118625,418.0,418.0,418.0,704,76,0.9580063819885254,0.9650516510009766,,,
B,B_Mv,S5_CONTINUAL_BACKPROP,7310,"{""learning_rate"": 0.001, ""replacement_rate"": 0.0001, ""maturity_threshold"": 50}",16000,14,NUMERICAL_DIVERGENCE,15.0,0.0009375,inf,inf,inf,0.0,0.0,0.0,400,14,0.0,0.0,,,
B,B_Mv,C1_CURRENT_ONLY_LINEAR,7310,"{""learning_rate"": 0.001}",16000,14,NUMERICAL_DIVERGENCE,9.0,0.0005625,inf,inf,inf,0.0,0.0,0.0,144,14,0.0,0.0,,,
B,B_Mv,C2_NLMS,7310,"{""step_size"": 0.2}",16000,14,SUCCESS,,1.0,364.21506108230125,13.766017944899234,0.3812870531969549,89.0,89.0,89.0,144,14,0.26385951042175293,0.26808714866638184,,,
B,B_Mv,C4_FIXED_LAG_LINEAR,7310,"{""max_lag"": 4, ""learning_rate"": 0.001}",16000,14,SUCCESS,,1.0,1116.2355055182434,22.92372492422784,1.1685572400771493,17.0,17.0,17.0,96,4,0.30643773078918457,0.309950590133667,,,
A,A_KDDCup2018,LEBRE_V04,7501,{},10897,1,SUCCESS,,1.0,125.31873094651175,6.052597911490156,0.05358459872146215,55.97823807026744,93.0,151.0,340,-1,0.5216212272644043,0.5256602764129639,0.912751677852349,0.0,0.0
A,A_KDDCup2018,LEBRE_V032,7501,{},10897,1,SUCCESS,,1.0,125.57373356675286,6.119614540216165,0.05369363440172589,54.95791819611956,122.0,125.0,324,-1,0.3839912414550781,0.38750410079956055,,,
A,A_KDDCup2018,CTRL_PERSISTENCE,7501,{},10897,1,SUCCESS,,1.0,120.8091242789722,5.8557944415312,0.05165635174795206,0.0,0.0,0.0,4,-1,0.1755683422088623,0.17757606506347656,,,
A,A_KDDCup2018,CTRL_ARX_NLMS,7501,{},10897,1,SUCCESS,,1.0,130.81483896037557,6.1260437727707995,0.0559346603621151,20.0,20.0,20.0,16,-1,0.2191157341003418,0.2211165428161621,,,
A,A_KDDCup2018,IPNLMS,7501,"{""mu"": 0.5}",10897,1,SUCCESS,,1.0,164.28826299735564,7.205941627012786,0.07024744490204543,26.0,26.0,26.0,16,-1,0.41791844367980957,0.42091822624206543,,,
A,A_KDDCup2018,RIVER_SGD_LINREG,7501,{},10897,1,SUCCESS,,1.0,131.7809974221659,6.648197069599914,0.05634777668627001,,,,-1,-1,0.24273943901062012,0.24525713920593262,,,
A,A_KDDCup2018,RIVER_HATR,7501,{},10897,1,SUCCESS,,1.0,149.75710458040487,7.06503284995676,0.0640341175977445,,,,-1,-1,0.5922861099243164,0.5952839851379395,,,
A,A_KDDCup2018,CTRL_SEASONAL_NAIVE,7501,{},10897,1,SUCCESS,,1.0,2840.0677766124804,36.032905086523336,1.214374666916231,0.0,0.0,0.0,96,-1,0.13747096061706543,0.13947701454162598,,,
A,A_KDDCup2018,Track_B,7501,{},10897,1,RUNTIME_EXCEPTION,314.0,0.02881527025786914,inf,inf,inf,0.0,0.0,0.0,336,1,0.011556863784790039,0.011556863784790039,,,
A,A_KDDCup2018,B1_RZA_LMS,7501,"{""learning_rate"": 0.001, ""rho_zero_attraction"": 1e-06, ""epsilon_reweight"": 10.0}",10897,1,SUCCESS,,1.0,854.726935528409,26.32172558708075,0.36546970680913754,11.0,11.0,11.0,72,1,0.2749810218811035,0.2779812812805176,,,
A,A_KDDCup2018,B2_CCN,7501,"{""readout_lr"": 0.001, ""recurrent_lr"": 0.0001, ""max_columns"": 1}",10897,1,SUCCESS,,1.0,8398.464929417281,65.49870866268559,3.591070303059309,43.0,43.0,43.0,136,4,0.4229259490966797,0.4254305362701416,,,
A,A_KDDCup2018,B4_MINIMAL_GRU,7501,"{""learning_rate"": 0.01, ""weight_decay"": 0.9}",10897,1,SUCCESS,,1.0,2588.1841833452618,33.725090200434465,1.1066726405088243,69.0,69.0,69.0,144,10,0.4828684329986572,0.4848744869232178,,,
A,A_KDDCup2018,S1_VARIABLE_TAP_LMS,7501,"{""learning_rate"": 0.001, ""tap_leakage"": 0.0001}",10897,1,NUMERICAL_DIVERGENCE,5.0,0.0004588418830870882,inf,inf,inf,0.0,0.0,0.0,544,6,0.0,0.0,,,
A,A_KDDCup2018,S2_LRU_STREAM,7501,"{""state_lr"": 0.001, ""readout_lr"": 0.001, ""state_decay"": 0.9}",10897,1,NUMERICAL_DIVERGENCE,2.0,0.00018353675323483528,inf,inf,inf,0.0,0.0,0.0,104,4,0.0,0.0015060901641845703,,,
A,A_KDDCup2018,S3_RSONN,7501,"{""learning_rate"": 0.02, ""growth_threshold"": 0.1, ""pruning_threshold"": 0.001}",10897,1,SUCCESS,,1.0,629.950659646373,18.57641251240142,0.2693584036202759,106.0,106.0,106.0,288,24,0.9194715023040771,0.921471118927002,,,
A,A_KDDCup2018,S5_CONTINUAL_BACKPROP,7501,"{""learning_rate"": 0.001, ""replacement_rate"": 0.0001, ""maturity_threshold"": 50}",10897,1,SUCCESS,,1.0,854.7269329756487,26.32172530779186,0.36546970571761167,11.0,11.0,11.0,88,1,0.3267359733581543,0.32973623275756836,,,
A,A_KDDCup2018,C1_CURRENT_ONLY_LINEAR,7501,"{""learning_rate"": 0.001}",10897,1,SUCCESS,,1.0,854.7269329756487,26.32172530779186,0.36546970571761167,5.0,5.0,5.0,40,1,0.20339322090148926,0.20743536949157715,,,
A,A_KDDCup2018,C2_NLMS,7501,"{""step_size"": 0.2}",10897,1,SUCCESS,,1.0,46497.02424161668,44.0136605048429,19.881500290587482,11.0,11.0,11.0,40,1,0.21100878715515137,0.2150287628173828,,,
A,A_KDDCup2018,C4_FIXED_LAG_LINEAR,7501,"{""max_lag"": 4, ""learning_rate"": 0.001}",10897,1,NUMERICAL_DIVERGENCE,4.0,0.00036707350646967055,inf,inf,inf,0.0,0.0,0.0,96,4,0.0,0.0,,,
A,A_KDDCup2018,LEBRE_V04,7502,{},10897,1,SUCCESS,,1.0,125.31873094651175,6.052597911490156,0.05358459872146215,55.97823807026744,93.0,151.0,340,-1,0.5437872409820557,0.5468153953552246,0.912751677852349,0.0,0.0
A,A_KDDCup2018,LEBRE_V032,7502,{},10897,1,SUCCESS,,1.0,125.57373356675286,6.119614540216165,0.05369363440172589,54.95791819611956,122.0,125.0,324,-1,0.3716890811920166,0.37468886375427246,,,
A,A_KDDCup2018,CTRL_PERSISTENCE,7502,{},10897,1,SUCCESS,,1.0,120.8091242789722,5.8557944415312,0.05165635174795206,0.0,0.0,0.0,4,-1,0.15773463249206543,0.16074895858764648,,,
A,A_KDDCup2018,CTRL_ARX_NLMS,7502,{},10897,1,SUCCESS,,1.0,130.81483896037557,6.1260437727707995,0.0559346603621151,20.0,20.0,20.0,16,-1,0.4104318618774414,0.4124324321746826,,,
A,A_KDDCup2018,IPNLMS,7502,"{""mu"": 0.5}",10897,1,SUCCESS,,1.0,164.28826299735564,7.205941627012786,0.07024744490204543,26.0,26.0,26.0,16,-1,0.4157881736755371,0.41978979110717773,,,
A,A_KDDCup2018,RIVER_SGD_LINREG,7502,{},10897,1,SUCCESS,,1.0,131.7809974221659,6.648197069599914,0.05634777668627001,,,,-1,-1,0.3433358669281006,0.3453407287597656,,,
A,A_KDDCup2018,RIVER_HATR,7502,{},10897,1,SUCCESS,,1.0,154.38666822764924,7.198859083243274,0.06601365655747862,,,,-1,-1,0.542163610458374,0.545351505279541,,,
A,A_KDDCup2018,CTRL_SEASONAL_NAIVE,7502,{},10897,1,SUCCESS,,1.0,2840.0677766124804,36.032905086523336,1.214374666916231,0.0,0.0,0.0,96,-1,0.13550353050231934,0.13751006126403809,,,
A,A_KDDCup2018,Track_B,7502,{},10897,1,RUNTIME_EXCEPTION,314.0,0.02881527025786914,inf,inf,inf,0.0,0.0,0.0,336,1,0.010515213012695312,0.010515213012695312,,,
A,A_KDDCup2018,B1_RZA_LMS,7502,"{""learning_rate"": 0.001, ""rho_zero_attraction"": 1e-06, ""epsilon_reweight"": 10.0}",10897,1,SUCCESS,,1.0,854.726935528409,26.32172558708075,0.36546970680913754,11.0,11.0,11.0,72,1,0.257540225982666,0.26105284690856934,,,
A,A_KDDCup2018,B2_CCN,7502,"{""readout_lr"": 0.001, ""recurrent_lr"": 0.0001, ""max_columns"": 1}",10897,1,SUCCESS,,1.0,2028.7562597192966,34.304116896925784,0.8674688074132537,43.0,43.0,43.0,136,4,0.5335500240325928,0.5360548496246338,,,
A,A_KDDCup2018,B4_MINIMAL_GRU,7502,"{""learning_rate"": 0.01, ""weight_decay"": 0.9}",10897,1,SUCCESS,,1.0,1148.5231869097759,22.256436355066736,0.4910930203971098,69.0,69.0,69.0,144,10,0.728116512298584,0.7316446304321289,,,
A,A_KDDCup2018,S1_VARIABLE_TAP_LMS,7502,"{""learning_rate"": 0.001, ""tap_leakage"": 0.0001}",10897,1,NUMERICAL_DIVERGENCE,5.0,0.0004588418830870882,inf,inf,inf,0.0,0.0,0.0,544,6,0.0,0.0,,,
A,A_KDDCup2018,S2_LRU_STREAM,7502,"{""state_lr"": 0.001, ""readout_lr"": 0.001, ""state_decay"": 0.9}",10897,1,NUMERICAL_DIVERGENCE,2.0,0.00018353675323483528,inf,inf,inf,0.0,0.0,0.0,104,4,0.0,0.0,,,
A,A_KDDCup2018,S3_RSONN,7502,"{""learning_rate"": 0.02, ""growth_threshold"": 0.1, ""pruning_threshold"": 0.001}",10897,1,SUCCESS,,1.0,594.6687441834928,16.094295626720147,0.2542723325443574,106.0,106.0,106.0,288,24,2.903378486633301,2.9073879718780518,,,
A,A_KDDCup2018,S5_CONTINUAL_BACKPROP,7502,"{""learning_rate"": 0.001, ""replacement_rate"": 0.0001, ""maturity_threshold"": 50}",10897,1,SUCCESS,,1.0,854.7269329756487,26.32172530779186,0.36546970571761167,11.0,11.0,11.0,88,1,1.3681273460388184,1.3706369400024414,,,
A,A_KDDCup2018,C1_CURRENT_ONLY_LINEAR,7502,"{""learning_rate"": 0.001}",10897,1,SUCCESS,,1.0,854.7269329756487,26.32172530779186,0.36546970571761167,5.0,5.0,5.0,40,1,0.68434739112854,0.686359167098999,,,
A,A_KDDCup2018,C2_NLMS,7502,"{""step_size"": 0.2}",10897,1,SUCCESS,,1.0,46497.02424161668,44.0136605048429,19.881500290587482,11.0,11.0,11.0,40,1,1.0592031478881836,1.0612070560455322,,,
A,A_KDDCup2018,C4_FIXED_LAG_LINEAR,7502,"{""max_lag"": 4, ""learning_rate"": 0.001}",10897,1,NUMERICAL_DIVERGENCE,4.0,0.00036707350646967055,inf,inf,inf,0.0,0.0,0.0,96,4,0.0,0.002004384994506836,,,
A,A_KDDCup2018,LEBRE_V04,7503,{},10897,1,SUCCESS,,1.0,125.31873094651175,6.052597911490156,0.05358459872146215,55.97823807026744,93.0,151.0,340,-1,2.133458375930786,2.1364634037017822,0.912751677852349,0.0,0.0
A,A_KDDCup2018,LEBRE_V032,7503,{},10897,1,SUCCESS,,1.0,125.57373356675286,6.119614540216165,0.05369363440172589,54.95791819611956,122.0,125.0,324,-1,0.3629755973815918,0.36498117446899414,,,
A,A_KDDCup2018,CTRL_PERSISTENCE,7503,{},10897,1,SUCCESS,,1.0,120.8091242789722,5.8557944415312,0.05165635174795206,0.0,0.0,0.0,4,-1,0.5678703784942627,0.5698821544647217,,,
A,A_KDDCup2018,CTRL_ARX_NLMS,7503,{},10897,1,SUCCESS,,1.0,130.81483896037557,6.1260437727707995,0.0559346603621151,20.0,20.0,20.0,16,-1,1.0724725723266602,1.0749757289886475,,,
A,A_KDDCup2018,IPNLMS,7503,"{""mu"": 0.5}",10897,1,SUCCESS,,1.0,164.28826299735564,7.205941627012786,0.07024744490204543,26.0,26.0,26.0,16,-1,1.6724913120269775,1.674494743347168,,,
A,A_KDDCup2018,RIVER_SGD_LINREG,7503,{},10897,1,SUCCESS,,1.0,131.7809974221659,6.648197069599914,0.05634777668627001,,,,-1,-1,1.1695566177368164,1.174041509628296,,,
A,A_KDDCup2018,RIVER_HATR,7503,{},10897,1,SUCCESS,,1.0,153.22898143191293,7.226208018155543,0.06551864530157034,,,,-1,-1,2.9133589267730713,2.918391466140747,,,
A,A_KDDCup2018,CTRL_SEASONAL_NAIVE,7503,{},10897,1,SUCCESS,,1.0,2840.0677766124804,36.032905086523336,1.214374666916231,0.0,0.0,0.0,96,-1,0.6705930233001709,0.6725997924804688,,,
A,A_KDDCup2018,Track_B,7503,{},10897,1,RUNTIME_EXCEPTION,314.0,0.02881527025786914,inf,inf,inf,0.0,0.0,0.0,336,1,0.011033296585083008,0.011033296585083008,,,
A,A_KDDCup2018,B1_RZA_LMS,7503,"{""learning_rate"": 0.001, ""rho_zero_attraction"": 1e-06, ""epsilon_reweight"": 10.0}",10897,1,SUCCESS,,1.0,854.726935528409,26.32172558708075,0.36546970680913754,11.0,11.0,11.0,72,1,1.168091058731079,1.1701109409332275,,,
A,A_KDDCup2018,B2_CCN,7503,"{""readout_lr"": 0.001, ""recurrent_lr"": 0.0001, ""max_columns"": 1}",10897,1,SUCCESS,,1.0,8365.38130397836,65.39533732052568,3.5769241911412717,43.0,43.0,43.0,136,4,2.2414283752441406,2.244426965713501,,,
A,A_KDDCup2018,B4_MINIMAL_GRU,7503,"{""learning_rate"": 0.01, ""weight_decay"": 0.9}",10897,1,SUCCESS,,1.0,2522.700274122507,32.64075710386189,1.0786726043457415,69.0,69.0,69.0,144,10,2.398524522781372,2.401524305343628,,,
A,A_KDDCup2018,S1_VARIABLE_TAP_LMS,7503,"{""learning_rate"": 0.001, ""tap_leakage"": 0.0001}",10897,1,NUMERICAL_DIVERGENCE,5.0,0.0004588418830870882,inf,inf,inf,0.0,0.0,0.0,544,6,0.0,0.0,,,
A,A_KDDCup2018,S2_LRU_STREAM,7503,"{""state_lr"": 0.001, ""readout_lr"": 0.001, ""state_decay"": 0.9}",10897,1,NUMERICAL_DIVERGENCE,2.0,0.00018353675323483528,inf,inf,inf,0.0,0.0,0.0,104,4,0.0,0.0009989738464355469,,,
A,A_KDDCup2018,S3_RSONN,7503,"{""learning_rate"": 0.02, ""growth_threshold"": 0.1, ""pruning_threshold"": 0.001}",10897,1,SUCCESS,,1.0,1345.4265981624737,25.33410198243966,0.5752862626935563,106.0,106.0,106.0,288,24,3.3201096057891846,3.3216257095336914,,,
A,A_KDDCup2018,S5_CONTINUAL_BACKPROP,7503,"{""learning_rate"": 0.001, ""replacement_rate"": 0.0001, ""maturity_threshold"": 50}",10897,1,SUCCESS,,1.0,854.7269329756487,26.32172530779186,0.36546970571761167,11.0,11.0,11.0,88,1,0.4363696575164795,0.4398765563964844,,,
A,A_KDDCup2018,C1_CURRENT_ONLY_LINEAR,7503,"{""learning_rate"": 0.001}",10897,1,SUCCESS,,1.0,854.7269329756487,26.32172530779186,0.36546970571761167,5.0,5.0,5.0,40,1,0.9679868221282959,0.9699959754943848,,,
A,A_KDDCup2018,C2_NLMS,7503,"{""step_size"": 0.2}",10897,1,SUCCESS,,1.0,46497.02424161668,44.0136605048429,19.881500290587482,11.0,11.0,11.0,40,1,0.6298198699951172,0.6338231563568115,,,
A,A_KDDCup2018,C4_FIXED_LAG_LINEAR,7503,"{""max_lag"": 4, ""learning_rate"": 0.001}",10897,1,NUMERICAL_DIVERGENCE,4.0,0.00036707350646967055,inf,inf,inf,0.0,0.0,0.0,96,4,0.0,0.0,,,
D,D_SparseFIR_K2_white_SNR10,LEBRE_V04,7401,{},10000,32,SUCCESS,,1.0,0.19581631128133775,0.3416027507749794,0.0926147269416382,285.28,310.0,669.0,6416,-1,0.6920406818389893,0.6960930824279785,0.8963927855711423,0.0,0.0
D,D_SparseFIR_K2_white_SNR10,LEBRE_V032,7401,{},10000,32,SUCCESS,,1.0,0.23894138121713,0.36368302260356294,0.11301147811270931,248.8,308.0,308.0,6524,-1,1.8457715511322021,1.848771095275879,,,
D,D_SparseFIR_K2_white_SNR10,CTRL_PERSISTENCE,7401,{},10000,32,SUCCESS,,1.0,4.30712884667358,1.6190915544510291,2.037131429076941,0.0,0.0,0.0,4,-1,0.6879229545593262,0.6899266242980957,,,
D,D_SparseFIR_K2_white_SNR10,CTRL_ARX_NLMS,7401,{},10000,32,SUCCESS,,1.0,0.24351114285123146,0.3658647873988011,0.11517282628213026,206.0,206.0,206.0,140,-1,0.20151352882385254,0.20351696014404297,,,
D,D_SparseFIR_K2_white_SNR10,IPNLMS,7401,"{""mu"": 0.1}",10000,32,SUCCESS,,1.0,0.18691757618200602,0.33703119174796886,0.08840591555121996,336.0,336.0,336.0,264,-1,0.28467512130737305,0.2866857051849365,,,
D,D_SparseFIR_K2_white_SNR10,RIVER_SGD_LINREG,7401,{},10000,32,SUCCESS,,1.0,0.25442936701951047,0.3967830632220435,0.12033679011852352,,,,-1,-1,3.179547071456909,3.18255352973938,,,
D,D_SparseFIR_K2_white_SNR10,RIVER_HATR,7401,{},10000,32,SUCCESS,,1.0,0.33113146701265717,0.4447516178901964,0.15661438109259337,,,,-1,-1,12.673223495483398,12.677230834960938,,,
D,D_SparseFIR_K2_white_SNR10,Track_B,7401,{},10000,32,SUCCESS,,1.0,0.2156617184793422,0.3563351433125562,0.10200095711144314,142.0557142857143,166.0,166.0,584,32,0.48763179779052734,0.49114012718200684,,,
D,D_SparseFIR_K2_white_SNR10,B1_RZA_LMS,7401,"{""learning_rate"": 0.01, ""rho_zero_attraction"": 0.001, ""epsilon_reweight"": 10.0}",10000,32,SUCCESS,,1.0,0.18968140990239726,0.33740155254986426,0.08971311873389232,321.0,321.0,321.0,320,32,0.730694055557251,0.7331986427307129,,,
D,D_SparseFIR_K2_white_SNR10,B2_CCN,7401,"{""readout_lr"": 0.01, ""recurrent_lr"": 0.0001, ""max_columns"": 1}",10000,32,SUCCESS,,1.0,0.214592880524667,0.3605647458509414,0.10149543162855891,353.0,353.0,353.0,632,66,1.8999335765838623,1.9024431705474854,,,
D,D_SparseFIR_K2_white_SNR10,B4_MINIMAL_GRU,7401,"{""learning_rate"": 0.01, ""weight_decay"": 0.999}",10000,32,SUCCESS,,1.0,1.407073061757091,0.8264893755251912,0.665499653981009,441.0,441.0,441.0,888,103,0.3922462463378906,0.3948671817779541,,,
D,D_SparseFIR_K2_white_SNR10,S1_VARIABLE_TAP_LMS,7401,"{""learning_rate"": 0.03, ""tap_leakage"": 0.01}",10000,32,SUCCESS,,1.0,0.43184950952679707,0.5191333499883461,0.2042507293850575,181.22171428571428,185.0,185.0,544,30,1.0641310214996338,1.1021010875701904,,,
D,D_SparseFIR_K2_white_SNR10,S2_LRU_STREAM,7401,"{""state_lr"": 0.001, ""readout_lr"": 0.01, ""state_decay"": 0.9}",10000,32,SUCCESS,,1.0,0.21531228530706273,0.3611767897040864,0.10183568662083259,268.0,268.0,268.0,600,66,0.9913146495819092,0.9953157901763916,,,
D,D_SparseFIR_K2_white_SNR10,S3_RSONN,7401,"{""learning_rate"": 0.02, ""growth_threshold"": 0.1, ""pruning_threshold"": 0.005}",10000,32,SUCCESS,,1.0,0.2990838675632546,0.41035456038802043,0.14145691207114378,849.9382857142857,850.0,850.0,1280,148,0.5973901748657227,0.6019115447998047,,,
D,D_SparseFIR_K2_white_SNR10,S5_CONTINUAL_BACKPROP,7401,"{""learning_rate"": 0.01, ""replacement_rate"": 0.001, ""maturity_threshold"": 100}",10000,32,SUCCESS,,1.0,0.21452523514855945,0.3602583794998834,0.10146343757251695,197.0,197.0,197.0,832,32,0.28589415550231934,0.288407564163208,,,
D,D_SparseFIR_K2_white_SNR10,C1_CURRENT_ONLY_LINEAR,7401,"{""learning_rate"": 0.01}",10000,32,SUCCESS,,1.0,0.2145252351485594,0.3602583794998834,0.10146343757251693,129.0,129.0,129.0,288,32,0.16501975059509277,0.16802358627319336,,,
D,D_SparseFIR_K2_white_SNR10,C2_NLMS,7401,"{""step_size"": 0.2}",10000,32,SUCCESS,,1.0,0.2139406919959438,0.3548798454062796,0.1011869677314151,197.0,197.0,197.0,288,32,0.17800140380859375,0.1809999942779541,,,
D,D_SparseFIR_K2_white_SNR10,C4_FIXED_LAG_LINEAR,7401,"{""max_lag"": 32, ""learning_rate"": 0.01}",10000,32,SUCCESS,,1.0,0.21450901486160764,0.3602387306701301,0.10145576590595799,129.0,129.0,129.0,544,32,0.1762678623199463,0.17827224731445312,,,
D,D_SparseFIR_K2_white_SNR10,LEBRE_V04,7402,{},10000,32,SUCCESS,,1.0,0.15864527188853228,0.315585837294029,0.16725198372114936,285.28,310.0,669.0,6416,-1,0.4415256977081299,0.4455294609069824,0.9019038076152305,0.0,0.0
D,D_SparseFIR_K2_white_SNR10,LEBRE_V032,7402,{},10000,32,SUCCESS,,1.0,0.21532122482940283,0.34839109472559987,0.22700268064269002,248.8,308.0,308.0,6524,-1,0.3616065979003906,0.3646063804626465,,,
D,D_SparseFIR_K2_white_SNR10,CTRL_PERSISTENCE,7402,{},10000,32,SUCCESS,,1.0,2.097322489658836,0.9119894792845411,2.2111049558721603,0.0,0.0,0.0,4,-1,0.6314973831176758,0.634498119354248,,,
D,D_SparseFIR_K2_white_SNR10,CTRL_ARX_NLMS,7402,{},10000,32,SUCCESS,,1.0,0.21521162653972162,0.34873524127923167,0.22688713650359643,206.0,206.0,206.0,140,-1,0.973900556564331,0.9749021530151367,,,
D,D_SparseFIR_K2_white_SNR10,IPNLMS,7402,"{""mu"": 0.1}",10000,32,SUCCESS,,1.0,0.1592445138541558,0.31566518577198244,0.16788373534088824,336.0,336.0,336.0,264,-1,1.484929084777832,1.4873442649841309,,,
D,D_SparseFIR_K2_white_SNR10,RIVER_SGD_LINREG,7402,{},10000,32,SUCCESS,,1.0,0.23314840356646457,0.3806510097703723,0.24579700695592568,,,,-1,-1,0.5910089015960693,0.5940141677856445,,,
D,D_SparseFIR_K2_white_SNR10,RIVER_HATR,7402,{},10000,32,SUCCESS,,1.0,0.21373174580115048,0.3575639267498716,0.22532697031490187,,,,-1,-1,5.090510606765747,5.0945141315460205,,,
D,D_SparseFIR_K2_white_SNR10,Track_B,7402,{},10000,32,SUCCESS,,1.0,0.18892102806800845,0.3372242525825457,0.19917023895432825,142.32714285714286,156.0,166.0,584,37,0.9405770301818848,1.0832500457763672,,,
D,D_SparseFIR_K2_white_SNR10,B1_RZA_LMS,7402,"{""learning_rate"": 0.01, ""rho_zero_attraction"": 0.001, ""epsilon_reweight"": 10.0}",10000,32,SUCCESS,,1.0,0.17500475469485177,0.32522788107849177,0.18449898969515313,321.0,321.0,321.0,320,32,1.2029497623443604,1.2060213088989258,,,
D,D_SparseFIR_K2_white_SNR10,B2_CCN,7402,"{""readout_lr"": 0.01, ""recurrent_lr"": 0.0001, ""max_columns"": 1}",10000,32,SUCCESS,,1.0,0.19648416346956582,0.3448281183862201,0.20714368426413177,353.0,353.0,353.0,632,66,2.020333766937256,2.025860548019409,,,
D,D_SparseFIR_K2_white_SNR10,B4_MINIMAL_GRU,7402,"{""learning_rate"": 0.01, ""weight_decay"": 0.999}",10000,32,SUCCESS,,1.0,0.7720393607483366,0.5456211979049119,0.8139234977434029,441.0,441.0,441.0,888,103,1.965186357498169,1.9676969051361084,,,
D,D_SparseFIR_K2_white_SNR10,S1_VARIABLE_TAP_LMS,7402,"{""learning_rate"": 0.03, ""tap_leakage"": 0.01}",10000,32,SUCCESS,,1.0,0.30523542564044426,0.4314266984215296,0.32179484350597864,175.36657142857143,185.0,185.0,544,30,1.164795160293579,1.166794776916504,,,
D,D_SparseFIR_K2_white_SNR10,S2_LRU_STREAM,7402,"{""state_lr"": 0.001, ""readout_lr"": 0.01, ""state_decay"": 0.9}",10000,32,SUCCESS,,1.0,0.1961080034185768,0.34460997679748057,0.20674711704233162,268.0,268.0,268.0,600,66,0.19048452377319336,0.19349360466003418,,,
D,D_SparseFIR_K2_white_SNR10,S3_RSONN,7402,"{""learning_rate"": 0.02, ""growth_threshold"": 0.1, ""pruning_threshold"": 0.005}",10000,32,SUCCESS,,1.0,0.21591267295554623,0.35984401510319053,0.22762621559704493,850.0,850.0,850.0,1280,148,3.0752007961273193,3.0767054557800293,,,
D,D_SparseFIR_K2_white_SNR10,S5_CONTINUAL_BACKPROP,7402,"{""learning_rate"": 0.01, ""replacement_rate"": 0.001, ""maturity_threshold"": 100}",10000,32,SUCCESS,,1.0,0.19613171271066218,0.3445216222120647,0.20677211259427403,197.0,197.0,197.0,832,32,0.2914144992828369,0.2934143543243408,,,
D,D_SparseFIR_K2_white_SNR10,C1_CURRENT_ONLY_LINEAR,7402,"{""learning_rate"": 0.01}",10000,32,SUCCESS,,1.0,0.1961317127106622,0.3445216222120647,0.20677211259427405,129.0,129.0,129.0,288,32,0.8273730278015137,0.8293788433074951,,,
D,D_SparseFIR_K2_white_SNR10,C2_NLMS,7402,"{""step_size"": 0.2}",10000,32,SUCCESS,,1.0,0.19240798418588825,0.33886695836132213,0.20284636696571812,197.0,197.0,197.0,288,32,0.17547035217285156,0.17847132682800293,,,
D,D_SparseFIR_K2_white_SNR10,C4_FIXED_LAG_LINEAR,7402,"{""max_lag"": 32, ""learning_rate"": 0.01}",10000,32,SUCCESS,,1.0,0.19610294289403563,0.34449515317388835,0.20674178197776838,129.0,129.0,129.0,544,32,0.8499178886413574,0.8537173271179199,,,
D,D_SparseFIR_K2_white_SNR10,LEBRE_V04,7403,{},10000,32,SUCCESS,,1.0,0.028381008831974124,0.1292921035589335,0.12295996479912473,285.29285714285714,310.0,678.0,6416,-1,0.4344344139099121,0.43693995475769043,0.8981963927855712,0.0,0.0
D,D_SparseFIR_K2_white_SNR10,LEBRE_V032,7403,{},10000,32,SUCCESS,,1.0,0.039005253963358744,0.1395585511024726,0.16898922384014162,256.03114285714287,323.0,323.0,6544,-1,0.3882100582122803,0.39099693298339844,,,
D,D_SparseFIR_K2_white_SNR10,CTRL_PERSISTENCE,7403,{},10000,32,SUCCESS,,1.0,0.4622692119742719,0.5390374661354053,2.002769047731623,0.0,0.0,0.0,4,-1,0.7049221992492676,0.7069225311279297,,,
D,D_SparseFIR_K2_white_SNR10,CTRL_ARX_NLMS,7403,{},10000,32,SUCCESS,,1.0,0.04251789803448969,0.14475264387607994,0.18420766071443337,206.0,206.0,206.0,140,-1,0.8615124225616455,1.0071189403533936,,,
D,D_SparseFIR_K2_white_SNR10,IPNLMS,7403,"{""mu"": 0.1}",10000,32,SUCCESS,,1.0,0.02834234998788964,0.128760815028577,0.12279247638685772,336.0,336.0,336.0,264,-1,0.27120256423950195,0.2757151126861572,,,
D,D_SparseFIR_K2_white_SNR10,RIVER_SGD_LINREG,7403,{},10000,32,SUCCESS,,1.0,0.03830936707485894,0.15184865902525901,0.16597431243157643,,,,-1,-1,0.5891516208648682,0.5926642417907715,,,
D,D_SparseFIR_K2_white_SNR10,RIVER_HATR,7403,{},10000,32,SUCCESS,,1.0,0.06025921473795189,0.18750337081700838,0.26107144276893823,,,,-1,-1,13.931893110275269,13.93492579460144,,,
D,D_SparseFIR_K2_white_SNR10,Track_B,7403,{},10000,32,SUCCESS,,1.0,0.03487066482239165,0.13738392009924932,0.1510762265171076,132.18285714285713,132.0,142.0,456,32,1.0135915279388428,1.1534597873687744,,,
D,D_SparseFIR_K2_white_SNR10,B1_RZA_LMS,7403,"{""learning_rate"": 0.01, ""rho_zero_attraction"": 0.001, ""epsilon_reweight"": 10.0}",10000,32,SUCCESS,,1.0,0.029708110475341373,0.13010616010255893,0.12870959731992004,321.0,321.0,321.0,320,32,1.1402008533477783,1.1422011852264404,,,
D,D_SparseFIR_K2_white_SNR10,B2_CCN,7403,"{""readout_lr"": 0.01, ""recurrent_lr"": 0.0001, ""max_columns"": 1}",10000,32,SUCCESS,,1.0,0.03318684350759589,0.1376884261540895,0.14378111552154468,353.0,353.0,353.0,632,66,0.359574556350708,0.3635721206665039,,,
D,D_SparseFIR_K2_white_SNR10,B4_MINIMAL_GRU,7403,"{""learning_rate"": 0.01, ""weight_decay"": 0.999}",10000,32,SUCCESS,,1.0,0.11415925248298742,0.2524144778409441,0.49459192060108803,441.0,441.0,441.0,888,103,2.03249454498291,2.035128116607666,,,
D,D_SparseFIR_K2_white_SNR10,S1_VARIABLE_TAP_LMS,7403,"{""learning_rate"": 0.03, ""tap_leakage"": 0.01}",10000,32,SUCCESS,,1.0,0.05032320746766005,0.17642748346265566,0.21802395592898746,147.64914285714286,161.0,167.0,544,23,1.0294609069824219,1.0314714908599854,,,
D,D_SparseFIR_K2_white_SNR10,S2_LRU_STREAM,7403,"{""state_lr"": 0.001, ""readout_lr"": 0.01, ""state_decay"": 0.9}",10000,32,SUCCESS,,1.0,0.03321785020281429,0.137770225633768,0.1439154512026744,268.0,268.0,268.0,600,66,0.1914198398590088,0.1934201717376709,,,
D,D_SparseFIR_K2_white_SNR10,S3_RSONN,7403,"{""learning_rate"": 0.02, ""growth_threshold"": 0.1, ""pruning_threshold"": 0.005}",10000,32,SUCCESS,,1.0,0.05347730193158803,0.16205790118934105,0.23168898618051154,850.0,850.0,850.0,1280,148,0.6300454139709473,0.6330451965332031,,,
D,D_SparseFIR_K2_white_SNR10,S5_CONTINUAL_BACKPROP,7403,"{""learning_rate"": 0.01, ""replacement_rate"": 0.001, ""maturity_threshold"": 100}",10000,32,SUCCESS,,1.0,0.03313386803291853,0.13759038522332157,0.1435516006885763,197.0,197.0,197.0,832,32,0.28922319412231445,0.29222607612609863,,,
D,D_SparseFIR_K2_white_SNR10,C1_CURRENT_ONLY_LINEAR,7403,"{""learning_rate"": 0.01}",10000,32,SUCCESS,,1.0,0.03313386803291853,0.13759038522332157,0.1435516006885763,129.0,129.0,129.0,288,32,0.8158698081970215,0.817868709564209,,,
D,D_SparseFIR_K2_white_SNR10,C2_NLMS,7403,"{""step_size"": 0.2}",10000,32,SUCCESS,,1.0,0.0347028584785994,0.1373287247258776,0.15034921000236978,197.0,197.0,197.0,288,32,0.8957686424255371,0.8982751369476318,,,
D,D_SparseFIR_K2_white_SNR10,C4_FIXED_LAG_LINEAR,7403,"{""max_lag"": 32, ""learning_rate"": 0.01}",10000,32,SUCCESS,,1.0,0.033135617238269875,0.13758678283081813,0.14355917907416862,129.0,129.0,129.0,544,32,0.9990811347961426,1.001082181930542,,,
D,D_SparseFIR_K2_white_SNR10,LEBRE_V04,7404,{},10000,32,SUCCESS,,1.0,0.3483239786318201,0.4547331895950697,0.09892437952716114,285.28,310.0,669.0,6416,-1,0.470081090927124,0.4745938777923584,0.9033066132264529,0.0,0.0
D,D_SparseFIR_K2_white_SNR10,LEBRE_V032,7404,{},10000,32,SUCCESS,,1.0,0.43576306331226033,0.488662080025786,0.12375717235529542,248.8,308.0,308.0,6524,-1,1.4999969005584717,1.5040066242218018,,,
D,D_SparseFIR_K2_white_SNR10,CTRL_PERSISTENCE,7404,{},10000,32,SUCCESS,,1.0,6.79402129353027,2.051122556146673,1.9295092562869733,0.0,0.0,0.0,4,-1,0.5318193435668945,0.5338208675384521,,,
D,D_SparseFIR_K2_white_SNR10,CTRL_ARX_NLMS,7404,{},10000,32,SUCCESS,,1.0,0.4512638120971393,0.4940422342241022,0.12815940145756274,206.0,206.0,206.0,140,-1,1.0042126178741455,1.0074131488800049,,,
D,D_SparseFIR_K2_white_SNR10,IPNLMS,7404,"{""mu"": 0.1}",10000,32,SUCCESS,,1.0,0.32957990537674114,0.446599189665326,0.09360104283396643,336.0,336.0,336.0,264,-1,1.520843267440796,1.5228514671325684,,,
D,D_SparseFIR_K2_white_SNR10,RIVER_SGD_LINREG,7404,{},10000,32,SUCCESS,,1.0,0.4478132897088325,0.5287122285018091,0.1271794494380418,,,,-1,-1,3.1024601459503174,3.1034600734710693,,,
D,D_SparseFIR_K2_white_SNR10,RIVER_HATR,7404,{},10000,32,SUCCESS,,1.0,0.6567383781754524,0.6244433657462528,0.1865143962464657,,,,-1,-1,5.233866453170776,5.240660190582275,,,
D,D_SparseFIR_K2_white_SNR10,Track_B,7404,{},10000,32,SUCCESS,,1.0,0.3806595341555877,0.4751033174246946,0.10810771160616194,143.17485714285715,166.0,166.0,584,32,2.609569549560547,2.6135802268981934,,,
D,D_SparseFIR_K2_white_SNR10,B1_RZA_LMS,7404,"{""learning_rate"": 0.01, ""rho_zero_attraction"": 0.001, ""epsilon_reweight"": 10.0}",10000,32,SUCCESS,,1.0,0.339513590590456,0.4509110201041102,0.09642221997498542,321.0,321.0,321.0,320,32,1.174938678741455,1.1779401302337646,,,
D,D_SparseFIR_K2_white_SNR10,B2_CCN,7404,"{""readout_lr"": 0.01, ""recurrent_lr"": 0.0001, ""max_columns"": 1}",10000,32,SUCCESS,,1.0,0.3791199335361433,0.4790444346818922,0.10767046339661747,353.0,353.0,353.0,632,66,1.9234938621520996,1.9264938831329346,,,
D,D_SparseFIR_K2_white_SNR10,B4_MINIMAL_GRU,7404,"{""learning_rate"": 0.01, ""weight_decay"": 0.999}",10000,32,SUCCESS,,1.0,2.6072782255023528,1.169279319275551,0.7404697825443827,441.0,441.0,441.0,888,103,2.060232400894165,2.063744068145752,,,
D,D_SparseFIR_K2_white_SNR10,S1_VARIABLE_TAP_LMS,7404,"{""learning_rate"": 0.03, ""tap_leakage"": 0.01}",10000,32,SUCCESS,,1.0,0.7560383330159616,0.6853690191111937,0.21471568878525943,183.69114285714286,185.0,185.0,544,30,1.0144622325897217,1.01749587059021,,,
D,D_SparseFIR_K2_white_SNR10,S2_LRU_STREAM,7404,"{""state_lr"": 0.001, ""readout_lr"": 0.01, ""state_decay"": 0.9}",10000,32,SUCCESS,,1.0,0.380135202179306,0.4798911498585189,0.10795880076854561,268.0,268.0,268.0,600,66,1.0479753017425537,1.0514862537384033,,,
D,D_SparseFIR_K2_white_SNR10,S3_RSONN,7404,"{""learning_rate"": 0.02, ""growth_threshold"": 0.1, ""pruning_threshold"": 0.005}",10000,32,SUCCESS,,1.0,0.5282772262040382,0.5570294856462643,0.15003129278045696,850.0,850.0,850.0,1280,148,3.238429307937622,3.24245285987854,,,
D,D_SparseFIR_K2_white_SNR10,S5_CONTINUAL_BACKPROP,7404,"{""learning_rate"": 0.01, ""replacement_rate"": 0.001, ""maturity_threshold"": 100}",10000,32,SUCCESS,,1.0,0.3785900744512181,0.4787951311513402,0.10751998285428174,197.0,197.0,197.0,832,32,1.530174732208252,1.5331811904907227,,,
D,D_SparseFIR_K2_white_SNR10,C1_CURRENT_ONLY_LINEAR,7404,"{""learning_rate"": 0.01}",10000,32,SUCCESS,,1.0,0.37859007445121806,0.4787951311513403,0.10751998285428173,129.0,129.0,129.0,288,32,0.8445489406585693,0.8465540409088135,,,
D,D_SparseFIR_K2_white_SNR10,C2_NLMS,7404,"{""step_size"": 0.2}",10000,32,SUCCESS,,1.0,0.3774072071809017,0.4732308714433233,0.10718404729440827,197.0,197.0,197.0,288,32,0.8484702110290527,0.9830079078674316,,,
D,D_SparseFIR_K2_white_SNR10,C4_FIXED_LAG_LINEAR,7404,"{""max_lag"": 32, ""learning_rate"": 0.01}",10000,32,SUCCESS,,1.0,0.378577277074154,0.4787752519968593,0.10751634838561665,129.0,129.0,129.0,544,32,0.832571268081665,0.8345885276794434,,,
D,D_SparseFIR_K2_white_SNR10,LEBRE_V04,7405,{},10000,32,SUCCESS,,1.0,0.074050832001517,0.20980324372568696,0.14198875922128334,285.28,310.0,669.0,6416,-1,2.182309150695801,2.1843271255493164,0.8988977955911823,0.0,0.0
D,D_SparseFIR_K2_white_SNR10,LEBRE_V032,7405,{},10000,32,SUCCESS,,1.0,0.09362038128008981,0.22584657229036526,0.17951238921273827,255.38742857142856,323.0,323.0,6544,-1,0.3797321319580078,0.38274359703063965,,,
D,D_SparseFIR_K2_white_SNR10,CTRL_PERSISTENCE,7405,{},10000,32,SUCCESS,,1.0,1.028410915634158,0.7913739639534894,1.9719263907463807,0.0,0.0,0.0,4,-1,0.6619610786437988,0.6639642715454102,,,
D,D_SparseFIR_K2_white_SNR10,CTRL_ARX_NLMS,7405,{},10000,32,SUCCESS,,1.0,0.0939270888413111,0.22590027354531678,0.180100485590382,206.0,206.0,206.0,140,-1,1.0571563243865967,1.0601801872253418,,,
D,D_SparseFIR_K2_white_SNR10,IPNLMS,7405,"{""mu"": 0.1}",10000,32,SUCCESS,,1.0,0.07018447773712858,0.20609770884949688,0.1345752186860577,336.0,336.0,336.0,264,-1,1.350738525390625,1.354248285293579,,,
D,D_SparseFIR_K2_white_SNR10,RIVER_SGD_LINREG,7405,{},10000,32,SUCCESS,,1.0,0.09707475295136861,0.24364894506769763,0.18613597377265217,,,,-1,-1,0.6010048389434814,0.6030080318450928,,,
D,D_SparseFIR_K2_white_SNR10,RIVER_HATR,7405,{},10000,32,SUCCESS,,1.0,0.1387051296323893,0.2838872114316951,0.26596013470485724,,,,-1,-1,21.438077211380005,21.576834440231323,,,
D,D_SparseFIR_K2_white_SNR10,Track_B,7405,{},10000,32,SUCCESS,,1.0,0.08338708343695553,0.21981919105499742,0.15989055345188272,132.52228571428572,132.0,156.0,456,32,1.0097243785858154,1.0127251148223877,,,
D,D_SparseFIR_K2_white_SNR10,B1_RZA_LMS,7405,"{""learning_rate"": 0.01, ""rho_zero_attraction"": 0.001, ""epsilon_reweight"": 10.0}",10000,32,SUCCESS,,1.0,0.07435363513827814,0.21065293618406739,0.1425693690606994,321.0,321.0,321.0,320,32,1.1628665924072266,1.1648705005645752,,,
D,D_SparseFIR_K2_white_SNR10,B2_CCN,7405,"{""readout_lr"": 0.01, ""recurrent_lr"": 0.0001, ""max_columns"": 1}",10000,32,SUCCESS,,1.0,0.08253845145872521,0.22213227107996109,0.1582633441637824,353.0,353.0,353.0,632,66,1.8783376216888428,1.881385326385498,,,
D,D_SparseFIR_K2_white_SNR10,B4_MINIMAL_GRU,7405,"{""learning_rate"": 0.01, ""weight_decay"": 0.999}",10000,32,SUCCESS,,1.0,0.19646851893420275,0.3193420261574148,0.37671853881316525,441.0,441.0,441.0,888,103,1.9962143898010254,1.9997210502624512,,,
D,D_SparseFIR_K2_white_SNR10,S1_VARIABLE_TAP_LMS,7405,"{""learning_rate"": 0.03, ""tap_leakage"": 0.01}",10000,32,SUCCESS,,1.0,0.13368151368524675,0.28549906652647977,0.2563276028904354,151.616,185.0,185.0,544,29,1.1825964450836182,1.1861062049865723,,,
D,D_SparseFIR_K2_white_SNR10,S2_LRU_STREAM,7405,"{""state_lr"": 0.001, ""readout_lr"": 0.01, ""state_decay"": 0.9}",10000,32,SUCCESS,,1.0,0.08279628554271168,0.2224542161688047,0.15875772809817823,268.0,268.0,268.0,600,66,0.1952207088470459,0.19923639297485352,,,
D,D_SparseFIR_K2_white_SNR10,S3_RSONN,7405,"{""learning_rate"": 0.02, ""growth_threshold"": 0.1, ""pruning_threshold"": 0.005}",10000,32,SUCCESS,,1.0,0.0914494691373855,0.22916309237510693,0.17534977397683263,825.16,850.0,850.0,1280,148,3.6153039932250977,3.6183037757873535,,,
D,D_SparseFIR_K2_white_SNR10,S5_CONTINUAL_BACKPROP,7405,"{""learning_rate"": 0.01, ""replacement_rate"": 0.001, ""maturity_threshold"": 100}",10000,32,SUCCESS,,1.0,0.08246629667125538,0.22203196771266331,0.1581249909749282,197.0,197.0,197.0,832,32,0.29400134086608887,0.2960059642791748,,,
D,D_SparseFIR_K2_white_SNR10,C1_CURRENT_ONLY_LINEAR,7405,"{""learning_rate"": 0.01}",10000,32,SUCCESS,,1.0,0.08246629667125538,0.22203196771266334,0.1581249909749282,129.0,129.0,129.0,288,32,0.16069388389587402,0.1636948585510254,,,
D,D_SparseFIR_K2_white_SNR10,C2_NLMS,7405,"{""step_size"": 0.2}",10000,32,SUCCESS,,1.0,0.08270195572612718,0.21961789954344066,0.15857685540232344,197.0,197.0,197.0,288,32,0.982201337814331,0.9837324619293213,,,
D,D_SparseFIR_K2_white_SNR10,C4_FIXED_LAG_LINEAR,7405,"{""max_lag"": 32, ""learning_rate"": 0.01}",10000,32,SUCCESS,,1.0,0.08246284577640255,0.2220235622415874,0.15811837405699342,129.0,129.0,129.0,544,32,0.17844867706298828,0.18195652961730957,,,
D,D_SparseFIR_K2_white_SNR10,LEBRE_V04,7406,{},10000,32,SUCCESS,,1.0,0.2266168285974914,0.3711470243301671,0.14266924339803422,285.28,310.0,669.0,6416,-1,2.192901372909546,2.19490647315979,0.9005010020040081,0.0,0.0
D,D_SparseFIR_K2_white_SNR10,LEBRE_V032,7406,{},10000,32,SUCCESS,,1.0,0.26853269292170984,0.3933734221611924,0.16905786019459412,254.93928571428572,308.0,338.0,6524,-1,1.9964599609375,1.9994606971740723,,,
D,D_SparseFIR_K2_white_SNR10,CTRL_PERSISTENCE,7406,{},10000,32,SUCCESS,,1.0,3.210582007856139,1.3532945219489678,2.0212590069458214,0.0,0.0,0.0,4,-1,0.12448978424072266,0.12709808349609375,,,
D,D_SparseFIR_K2_white_SNR10,CTRL_ARX_NLMS,7406,{},10000,32,SUCCESS,,1.0,0.29681245347790347,0.40341002891757105,0.18686171027492474,206.0,206.0,206.0,140,-1,1.0029499530792236,1.005953073501587,,,
D,D_SparseFIR_K2_white_SNR10,IPNLMS,7406,"{""mu"": 0.1}",10000,32,SUCCESS,,1.0,0.21614238755534051,0.3646796543926213,0.13607493798943082,336.0,336.0,336.0,264,-1,1.343000888824463,1.3455603122711182,,,
D,D_SparseFIR_K2_white_SNR10,RIVER_SGD_LINREG,7406,{},10000,32,SUCCESS,,1.0,0.3072904504124821,0.4365427544733254,0.19345825433670058,,,,-1,-1,3.016749382019043,3.0197482109069824,,,
D,D_SparseFIR_K2_white_SNR10,RIVER_HATR,7406,{},10000,32,SUCCESS,,1.0,0.3272361862530897,0.44625038622557556,0.20601532284307733,,,,-1,-1,25.78397560119629,25.785979747772217,,,
D,D_SparseFIR_K2_white_SNR10,Track_B,7406,{},10000,32,SUCCESS,,1.0,0.26070491732169887,0.3916567124080371,0.16412979360194602,142.22057142857142,166.0,166.0,584,32,2.613879919052124,2.617889404296875,,,
D,D_SparseFIR_K2_white_SNR10,B1_RZA_LMS,7406,"{""learning_rate"": 0.01, ""rho_zero_attraction"": 0.001, ""epsilon_reweight"": 10.0}",10000,32,SUCCESS,,1.0,0.23090086354794687,0.37137643546656623,0.14536630711062287,321.0,321.0,321.0,320,32,1.1412782669067383,1.145287275314331,,,
D,D_SparseFIR_K2_white_SNR10,B2_CCN,7406,"{""readout_lr"": 0.01, ""recurrent_lr"": 0.0001, ""max_columns"": 1}",10000,32,SUCCESS,,1.0,0.2604463311715395,0.3959042425890688,0.16396699770269718,353.0,353.0,353.0,632,66,1.7969863414764404,1.800987720489502,,,
D,D_SparseFIR_K2_white_SNR10,B4_MINIMAL_GRU,7406,"{""learning_rate"": 0.01, ""weight_decay"": 0.999}",10000,32,SUCCESS,,1.0,1.1476826224419507,0.7548460012739554,0.722536858441754,441.0,441.0,441.0,888,103,1.8574302196502686,1.9629971981048584,,,
D,D_SparseFIR_K2_white_SNR10,S1_VARIABLE_TAP_LMS,7406,"{""learning_rate"": 0.03, ""tap_leakage"": 0.01}",10000,32,SUCCESS,,1.0,0.4224362898282446,0.5143351456795453,0.265949648252802,179.25542857142858,185.0,185.0,544,30,0.2179577350616455,0.21996140480041504,,,
D,D_SparseFIR_K2_white_SNR10,S2_LRU_STREAM,7406,"{""state_lr"": 0.001, ""readout_lr"": 0.01, ""state_decay"": 0.9}",10000,32,SUCCESS,,1.0,0.2602201295801147,0.39550552979029857,0.16382458987666002,268.0,268.0,268.0,600,66,0.19030189514160156,0.1923060417175293,,,
D,D_SparseFIR_K2_white_SNR10,S3_RSONN,7406,"{""learning_rate"": 0.02, ""growth_threshold"": 0.1, ""pruning_threshold"": 0.005}",10000,32,SUCCESS,,1.0,0.2993221567338234,0.4240381386156744,0.1884417229637072,850.0,850.0,850.0,1280,148,0.7333056926727295,0.735816240310669,,,
D,D_SparseFIR_K2_white_SNR10,S5_CONTINUAL_BACKPROP,7406,"{""learning_rate"": 0.01, ""replacement_rate"": 0.001, ""maturity_threshold"": 100}",10000,32,SUCCESS,,1.0,0.2601046124030811,0.3955618778305401,0.16375186470285513,197.0,197.0,197.0,832,32,0.29004383087158203,0.29206156730651855,,,
D,D_SparseFIR_K2_white_SNR10,C1_CURRENT_ONLY_LINEAR,7406,"{""learning_rate"": 0.01}",10000,32,SUCCESS,,1.0,0.26010461240308097,0.3955618778305401,0.16375186470285508,129.0,129.0,129.0,288,32,0.71417236328125,0.8498609066009521,,,
D,D_SparseFIR_K2_white_SNR10,C2_NLMS,7406,"{""step_size"": 0.2}",10000,32,SUCCESS,,1.0,0.25885694083868416,0.39109553692762217,0.1629663786504582,197.0,197.0,197.0,288,32,0.8502914905548096,0.8532910346984863,,,
D,D_SparseFIR_K2_white_SNR10,C4_FIXED_LAG_LINEAR,7406,"{""max_lag"": 32, ""learning_rate"": 0.01}",10000,32,SUCCESS,,1.0,0.2601032804334046,0.39555046914469455,0.16375102614595205,129.0,129.0,129.0,544,32,0.17041015625,0.172407865524292,,,
D,D_SparseFIR_K2_white_SNR10,LEBRE_V04,7407,{},10000,32,SUCCESS,,1.0,0.02881460902171667,0.13193549725546813,0.13751636163215353,285.28,310.0,669.0,6416,-1,0.4360389709472656,0.4375424385070801,0.9026052104208416,0.0,0.0
D,D_SparseFIR_K2_white_SNR10,LEBRE_V032,7407,{},10000,32,SUCCESS,,1.0,0.03873712382463718,0.14448371793994763,0.18487109522962925,248.8,308.0,308.0,6524,-1,0.627389669418335,0.6309003829956055,,,
D,D_SparseFIR_K2_white_SNR10,CTRL_PERSISTENCE,7407,{},10000,32,SUCCESS,,1.0,0.41898072672148623,0.4980086133611012,1.9995657442136547,0.0,0.0,0.0,4,-1,0.1276383399963379,0.12996196746826172,,,
D,D_SparseFIR_K2_white_SNR10,CTRL_ARX_NLMS,7407,{},10000,32,SUCCESS,,1.0,0.038722323852481116,0.14446098392227896,0.1848004630610086,206.0,206.0,206.0,140,-1,0.18604683876037598,0.1885533332824707,,,
D,D_SparseFIR_K2_white_SNR10,IPNLMS,7407,"{""mu"": 0.1}",10000,32,SUCCESS,,1.0,0.029110236539897593,0.13189220276265956,0.13892723001034127,336.0,336.0,336.0,264,-1,0.2757608890533447,0.2787642478942871,,,
D,D_SparseFIR_K2_white_SNR10,RIVER_SGD_LINREG,7407,{},10000,32,SUCCESS,,1.0,0.03902013546658985,0.15438068965456486,0.18622175493393203,,,,-1,-1,0.6096935272216797,0.61269211769104,,,
D,D_SparseFIR_K2_white_SNR10,RIVER_HATR,7407,{},10000,32,SUCCESS,,1.0,0.047457625484103004,0.1673492869039396,0.22648927782975017,,,,-1,-1,26.801499366760254,26.805509328842163,,,
D,D_SparseFIR_K2_white_SNR10,Track_B,7407,{},10000,32,SUCCESS,,1.0,0.03359950146049471,0.1389159592150982,0.16035203497014824,132.77828571428572,132.0,156.0,456,32,0.20757818222045898,0.21057844161987305,,,
D,D_SparseFIR_K2_white_SNR10,B1_RZA_LMS,7407,"{""learning_rate"": 0.01, ""rho_zero_attraction"": 0.001, ""epsilon_reweight"": 10.0}",10000,32,SUCCESS,,1.0,0.031999187398934946,0.13873394869473832,0.15271461163920477,321.0,321.0,321.0,320,27,0.2118539810180664,0.2144465446472168,,,
D,D_SparseFIR_K2_white_SNR10,B2_CCN,7407,"{""readout_lr"": 0.01, ""recurrent_lr"": 0.0001, ""max_columns"": 1}",10000,32,SUCCESS,,1.0,0.03348422011862791,0.14091301717579302,0.15980186020686593,353.0,353.0,353.0,632,66,2.077040195465088,2.079104423522949,,,
D,D_SparseFIR_K2_white_SNR10,B4_MINIMAL_GRU,7407,"{""learning_rate"": 0.01, ""weight_decay"": 0.999}",10000,32,SUCCESS,,1.0,0.0840259041175398,0.21438981613207936,0.4010096617444181,441.0,441.0,441.0,888,103,1.8095953464508057,1.8116021156311035,,,
D,D_SparseFIR_K2_white_SNR10,S1_VARIABLE_TAP_LMS,7407,"{""learning_rate"": 0.03, ""tap_leakage"": 0.01}",10000,32,SUCCESS,,1.0,0.11991427758617855,0.27357382119823426,0.5722852303486485,27.667142857142856,47.0,65.0,544,8,1.2820830345153809,1.2850823402404785,,,
D,D_SparseFIR_K2_white_SNR10,S2_LRU_STREAM,7407,"{""state_lr"": 0.001, ""readout_lr"": 0.01, ""state_decay"": 0.9}",10000,32,SUCCESS,,1.0,0.033530137916679366,0.14104340386687883,0.16002100073094655,268.0,268.0,268.0,600,66,0.18632125854492188,0.1893315315246582,,,
D,D_SparseFIR_K2_white_SNR10,S3_RSONN,7407,"{""learning_rate"": 0.02, ""growth_threshold"": 0.1, ""pruning_threshold"": 0.005}",10000,32,SUCCESS,,1.0,0.04272720178569075,0.1527725357333043,0.20391355398446395,850.0,850.0,850.0,1280,148,1.9571254253387451,1.9621243476867676,,,
D,D_SparseFIR_K2_white_SNR10,S5_CONTINUAL_BACKPROP,7407,"{""learning_rate"": 0.01, ""replacement_rate"": 0.001, ""maturity_threshold"": 100}",10000,32,SUCCESS,,1.0,0.03343289589077245,0.1408300675840981,0.1595569177517057,197.0,197.0,197.0,832,32,0.2960093021392822,0.2980072498321533,,,
D,D_SparseFIR_K2_white_SNR10,C1_CURRENT_ONLY_LINEAR,7407,"{""learning_rate"": 0.01}",10000,32,SUCCESS,,1.0,0.033432895890772446,0.14083006758409805,0.15955691775170566,129.0,129.0,129.0,288,32,0.8247556686401367,0.8287549018859863,,,
D,D_SparseFIR_K2_white_SNR10,C2_NLMS,7407,"{""step_size"": 0.2}",10000,32,SUCCESS,,1.0,0.03442927705474634,0.1401930929309923,0.16431209983192177,197.0,197.0,197.0,288,32,0.16863417625427246,0.17163419723510742,,,
D,D_SparseFIR_K2_white_SNR10,C4_FIXED_LAG_LINEAR,7407,"{""max_lag"": 32, ""learning_rate"": 0.01}",10000,32,SUCCESS,,1.0,0.03342864799418849,0.1408199463545524,0.15953664486574093,129.0,129.0,129.0,544,32,0.8441493511199951,0.8481721878051758,,,
D,D_SparseFIR_K2_white_SNR10,LEBRE_V04,7408,{},10000,32,SUCCESS,,1.0,0.11203326540015784,0.24195123313018946,0.12175705536111872,285.28,310.0,669.0,6416,-1,0.5044207572937012,0.5064249038696289,0.9007014028056112,0.0,0.0
D,D_SparseFIR_K2_white_SNR10,LEBRE_V032,7408,{},10000,32,SUCCESS,,1.0,0.11855732907429654,0.24877316694381885,0.1288473671458759,248.8,308.0,308.0,6524,-1,0.3623392581939697,0.3648202419281006,,,
D,D_SparseFIR_K2_white_SNR10,CTRL_PERSISTENCE,7408,{},10000,32,SUCCESS,,1.0,1.820013741276809,1.0708290573557042,1.977979603318114,0.0,0.0,0.0,4,-1,0.12217259407043457,0.12517237663269043,,,
D,D_SparseFIR_K2_white_SNR10,CTRL_ARX_NLMS,7408,{},10000,32,SUCCESS,,1.0,0.1196150275038481,0.24955848805624967,0.12999686721429127,206.0,206.0,206.0,140,-1,0.20021581649780273,0.20221900939941406,,,
D,D_SparseFIR_K2_white_SNR10,IPNLMS,7408,"{""mu"": 0.1}",10000,32,SUCCESS,,1.0,0.09177971165498429,0.22912286483540545,0.09974561924165508,336.0,336.0,336.0,264,-1,0.28070831298828125,0.2847726345062256,,,
D,D_SparseFIR_K2_white_SNR10,RIVER_SGD_LINREG,7408,{},10000,32,SUCCESS,,1.0,0.12230874053411159,0.2735252263609753,0.1329243777655663,,,,-1,-1,0.6160509586334229,0.6185593605041504,,,
D,D_SparseFIR_K2_white_SNR10,RIVER_HATR,7408,{},10000,32,SUCCESS,,1.0,0.14994557445697124,0.2946464900123222,0.16295991681669283,,,,-1,-1,10.903043031692505,10.906051635742188,,,
D,D_SparseFIR_K2_white_SNR10,Track_B,7408,{},10000,32,SUCCESS,,1.0,0.10446961239378304,0.24149741491890309,0.11353692436216836,133.59314285714285,142.0,156.0,456,32,0.24973249435424805,0.25324559211730957,,,
D,D_SparseFIR_K2_white_SNR10,B1_RZA_LMS,7408,"{""learning_rate"": 0.01, ""rho_zero_attraction"": 0.001, ""epsilon_reweight"": 10.0}",10000,32,SUCCESS,,1.0,0.08859173516879434,0.2276836573009853,0.09628094624357225,321.0,321.0,321.0,320,31,0.21662282943725586,0.21913480758666992,,,
D,D_SparseFIR_K2_white_SNR10,B2_CCN,7408,"{""readout_lr"": 0.01, ""recurrent_lr"": 0.0001, ""max_columns"": 1}",10000,32,SUCCESS,,1.0,0.10043545801748831,0.24329655273484027,0.10915263050109587,353.0,353.0,353.0,632,66,2.0604159832000732,2.0634164810180664,,,
D,D_SparseFIR_K2_white_SNR10,B4_MINIMAL_GRU,7408,"{""learning_rate"": 0.01, ""weight_decay"": 0.999}",10000,32,SUCCESS,,1.0,0.39941839455883976,0.4570299618168451,0.43408542458212857,441.0,441.0,441.0,888,103,0.37632179260253906,0.38033103942871094,,,
D,D_SparseFIR_K2_white_SNR10,S1_VARIABLE_TAP_LMS,7408,"{""learning_rate"": 0.03, ""tap_leakage"": 0.01}",10000,32,SUCCESS,,1.0,0.27457853650717334,0.39624589817540834,0.2984102440562422,113.43885714285715,185.0,185.0,544,9,0.2023944854736328,0.20839452743530273,,,
D,D_SparseFIR_K2_white_SNR10,S2_LRU_STREAM,7408,"{""state_lr"": 0.001, ""readout_lr"": 0.01, ""state_decay"": 0.9}",10000,32,SUCCESS,,1.0,0.10065588474343588,0.2436037332143204,0.10939218889456417,268.0,268.0,268.0,600,66,0.6092989444732666,0.6123106479644775,,,
D,D_SparseFIR_K2_white_SNR10,S3_RSONN,7408,"{""learning_rate"": 0.02, ""growth_threshold"": 0.1, ""pruning_threshold"": 0.005}",10000,32,SUCCESS,,1.0,0.1383466753441756,0.27310498963088686,0.15035430547116566,808.6822857142857,850.0,850.0,1280,148,0.6990683078765869,0.7010724544525146,,,
D,D_SparseFIR_K2_white_SNR10,S5_CONTINUAL_BACKPROP,7408,"{""learning_rate"": 0.01, ""replacement_rate"": 0.001, ""maturity_threshold"": 100}",10000,32,SUCCESS,,1.0,0.10038867146648282,0.24330064310809418,0.10910178316873809,197.0,197.0,197.0,832,32,0.29633593559265137,0.3008439540863037,,,
D,D_SparseFIR_K2_white_SNR10,C1_CURRENT_ONLY_LINEAR,7408,"{""learning_rate"": 0.01}",10000,32,SUCCESS,,1.0,0.10038867146648296,0.24330064310809454,0.10910178316873824,129.0,129.0,129.0,288,32,0.856494665145874,0.8605215549468994,,,
D,D_SparseFIR_K2_white_SNR10,C2_NLMS,7408,"{""step_size"": 0.2}",10000,32,SUCCESS,,1.0,0.10415801827659171,0.24144061658977015,0.11319828581546927,197.0,197.0,197.0,288,32,0.17577815055847168,0.1777808666229248,,,
D,D_SparseFIR_K2_white_SNR10,C4_FIXED_LAG_LINEAR,7408,"{""max_lag"": 32, ""learning_rate"": 0.01}",10000,32,SUCCESS,,1.0,0.1003811672435776,0.24328498576890512,0.10909362762600307,129.0,129.0,129.0,544,32,0.1763744354248047,0.17988181114196777,,,
D,D_SparseFIR_K2_white_SNR10,LEBRE_V04,7409,{},10000,32,SUCCESS,,1.0,0.19469995966725284,0.3444404664272992,0.11714134019718563,285.28,310.0,669.0,6416,-1,0.4737436771392822,0.47626566886901855,0.9014028056112224,0.0,0.0
D,D_SparseFIR_K2_white_SNR10,LEBRE_V032,7409,{},10000,32,SUCCESS,,1.0,0.25015988234177694,0.37013125898388605,0.1505088338547548,255.46285714285713,323.0,323.0,6544,-1,1.926225185394287,1.9307372570037842,,,
D,D_SparseFIR_K2_white_SNR10,CTRL_PERSISTENCE,7409,{},10000,32,SUCCESS,,1.0,2.4447903184899906,1.2226381302708214,1.470909469619114,0.0,0.0,0.0,4,-1,0.1241750717163086,0.1296842098236084,,,
D,D_SparseFIR_K2_white_SNR10,CTRL_ARX_NLMS,7409,{},10000,32,SUCCESS,,1.0,0.2541854209117074,0.3743868431014919,0.15293080139857465,206.0,206.0,206.0,140,-1,0.19285011291503906,0.19484972953796387,,,
D,D_SparseFIR_K2_white_SNR10,IPNLMS,7409,"{""mu"": 0.1}",10000,32,SUCCESS,,1.0,0.19279168999064522,0.34292170366059327,0.11599322867339538,336.0,336.0,336.0,264,-1,0.3025038242340088,0.3060109615325928,,,
D,D_SparseFIR_K2_white_SNR10,RIVER_SGD_LINREG,7409,{},10000,32,SUCCESS,,1.0,0.26386821069603744,0.4057646222073827,0.1587564573161337,,,,-1,-1,1.9818713665008545,1.9838907718658447,,,
D,D_SparseFIR_K2_white_SNR10,RIVER_HATR,7409,{},10000,32,SUCCESS,,1.0,0.3969507188815795,0.4918102637239199,0.23882562318704662,,,,-1,-1,14.740715980529785,14.744722604751587,,,
D,D_SparseFIR_K2_white_SNR10,Track_B,7409,{},10000,32,SUCCESS,,1.0,0.2223782051752643,0.36185421502280257,0.13379397216822614,142.3497142857143,166.0,166.0,584,32,0.5249040126800537,0.5284137725830078,,,
D,D_SparseFIR_K2_white_SNR10,B1_RZA_LMS,7409,"{""learning_rate"": 0.01, ""rho_zero_attraction"": 0.001, ""epsilon_reweight"": 10.0}",10000,32,SUCCESS,,1.0,0.19915011991572146,0.34508040423557784,0.11981878161262693,321.0,321.0,321.0,320,32,0.21113824844360352,0.21364879608154297,,,
D,D_SparseFIR_K2_white_SNR10,B2_CCN,7409,"{""readout_lr"": 0.01, ""recurrent_lr"": 0.0001, ""max_columns"": 1}",10000,32,SUCCESS,,1.0,0.22476533396473183,0.36827431843371616,0.1352301895464907,353.0,353.0,353.0,632,66,0.36266446113586426,0.36417412757873535,,,
D,D_SparseFIR_K2_white_SNR10,B4_MINIMAL_GRU,7409,"{""learning_rate"": 0.01, ""weight_decay"": 0.999}",10000,32,SUCCESS,,1.0,0.8071956365105338,0.6444152803444558,0.48564970852465916,441.0,441.0,441.0,888,103,2.062614679336548,2.0656254291534424,,,
D,D_SparseFIR_K2_white_SNR10,S1_VARIABLE_TAP_LMS,7409,"{""learning_rate"": 0.03, ""tap_leakage"": 0.01}",10000,32,SUCCESS,,1.0,0.42888363457543244,0.5187967627551165,0.2580380798674412,184.28,185.0,185.0,544,30,0.2012190818786621,0.20321941375732422,,,
D,D_SparseFIR_K2_white_SNR10,S2_LRU_STREAM,7409,"{""state_lr"": 0.001, ""readout_lr"": 0.01, ""state_decay"": 0.9}",10000,32,SUCCESS,,1.0,0.22560473167225817,0.36927825266653624,0.1357352136491465,268.0,268.0,268.0,600,66,0.1783459186553955,0.1813497543334961,,,
D,D_SparseFIR_K2_white_SNR10,S3_RSONN,7409,"{""learning_rate"": 0.02, ""growth_threshold"": 0.1, ""pruning_threshold"": 0.005}",10000,32,SUCCESS,,1.0,0.25987215187788865,0.39429009796588765,0.15635222628154727,849.9382857142857,850.0,850.0,1280,148,0.6113460063934326,0.6133506298065186,,,
D,D_SparseFIR_K2_white_SNR10,S5_CONTINUAL_BACKPROP,7409,"{""learning_rate"": 0.01, ""replacement_rate"": 0.001, ""maturity_threshold"": 100}",10000,32,SUCCESS,,1.0,0.2246257736310233,0.3681616517160063,0.1351462229932519,197.0,197.0,197.0,832,32,0.28850483894348145,0.29150891304016113,,,
D,D_SparseFIR_K2_white_SNR10,C1_CURRENT_ONLY_LINEAR,7409,"{""learning_rate"": 0.01}",10000,32,SUCCESS,,1.0,0.2246257736310233,0.36816165171600623,0.1351462229932519,129.0,129.0,129.0,288,32,0.1608564853668213,0.16385698318481445,,,
D,D_SparseFIR_K2_white_SNR10,C2_NLMS,7409,"{""step_size"": 0.2}",10000,32,SUCCESS,,1.0,0.22045922475647947,0.3608815787778862,0.13263941652038325,197.0,197.0,197.0,288,32,0.17613482475280762,0.17913365364074707,,,
D,D_SparseFIR_K2_white_SNR10,C4_FIXED_LAG_LINEAR,7409,"{""max_lag"": 32, ""learning_rate"": 0.01}",10000,32,SUCCESS,,1.0,0.22462036740516553,0.36814439779960423,0.13514297033442513,129.0,129.0,129.0,544,32,0.19863271713256836,0.2025303840637207,,,
D,D_SparseFIR_K2_white_SNR10,LEBRE_V04,7410,{},10000,32,SUCCESS,,1.0,0.28282582165770426,0.41589875998235093,0.1094130598588731,285.28,310.0,669.0,6416,-1,0.46866941452026367,0.4716761112213135,0.9,0.0,0.0
D,D_SparseFIR_K2_white_SNR10,LEBRE_V032,7410,{},10000,32,SUCCESS,,1.0,0.36012291387772505,0.4483697701279143,0.13931595673164027,255.55371428571428,323.0,323.0,6544,-1,0.3672676086425781,0.3692755699157715,,,
D,D_SparseFIR_K2_white_SNR10,CTRL_PERSISTENCE,7410,{},10000,32,SUCCESS,,1.0,5.21562183087674,1.828340459458652,2.0176981728125645,0.0,0.0,0.0,4,-1,0.1256105899810791,0.12861037254333496,,,
D,D_SparseFIR_K2_white_SNR10,CTRL_ARX_NLMS,7410,{},10000,32,SUCCESS,,1.0,0.37135618614425153,0.4536606094610364,0.14366162320475312,206.0,206.0,206.0,140,-1,0.2169811725616455,0.21949100494384766,,,
D,D_SparseFIR_K2_white_SNR10,IPNLMS,7410,"{""mu"": 0.1}",10000,32,SUCCESS,,1.0,0.2805438380795934,0.41418964787170676,0.1085302592561368,336.0,336.0,336.0,264,-1,0.3027613162994385,0.30548739433288574,,,
D,D_SparseFIR_K2_white_SNR10,RIVER_SGD_LINREG,7410,{},10000,32,SUCCESS,,1.0,0.3878909868928627,0.48993850561107344,0.1500582214130025,,,,-1,-1,3.093423366546631,3.095423698425293,,,
D,D_SparseFIR_K2_white_SNR10,RIVER_HATR,7410,{},10000,32,SUCCESS,,1.0,0.5152378035854105,0.556877341072244,0.19932318879098776,,,,-1,-1,5.90245509147644,5.9039576053619385,,,
D,D_SparseFIR_K2_white_SNR10,Track_B,7410,{},10000,32,SUCCESS,,1.0,0.3262494672202378,0.4398872220418295,0.12621178744101763,142.98685714285713,166.0,166.0,584,32,0.48346924781799316,0.48697710037231445,,,
D,D_SparseFIR_K2_white_SNR10,B1_RZA_LMS,7410,"{""learning_rate"": 0.01, ""rho_zero_attraction"": 0.001, ""epsilon_reweight"": 10.0}",10000,32,SUCCESS,,1.0,0.28734830602043665,0.4166985285685305,0.11116261316836307,321.0,321.0,321.0,320,32,0.20881867408752441,0.21181702613830566,,,
D,D_SparseFIR_K2_white_SNR10,B2_CCN,7410,"{""readout_lr"": 0.01, ""recurrent_lr"": 0.0001, ""max_columns"": 1}",10000,32,SUCCESS,,1.0,0.32342640673400064,0.44463206061096894,0.12511966761915883,353.0,353.0,353.0,632,66,0.36515307426452637,0.36815690994262695,,,
D,D_SparseFIR_K2_white_SNR10,B4_MINIMAL_GRU,7410,"{""learning_rate"": 0.01, ""weight_decay"": 0.999}",10000,32,SUCCESS,,1.0,1.8252122154884418,0.9878537175529791,0.7060955474923954,441.0,441.0,441.0,888,103,0.3710794448852539,0.37508201599121094,,,
D,D_SparseFIR_K2_white_SNR10,S1_VARIABLE_TAP_LMS,7410,"{""learning_rate"": 0.03, ""tap_leakage"": 0.01}",10000,32,SUCCESS,,1.0,0.605741137298805,0.6151936901018616,0.23433500847199126,184.12657142857142,185.0,185.0,544,30,0.20095419883728027,0.20346665382385254,,,
D,D_SparseFIR_K2_white_SNR10,S2_LRU_STREAM,7410,"{""state_lr"": 0.001, ""readout_lr"": 0.01, ""state_decay"": 0.9}",10000,32,SUCCESS,,1.0,0.32373928113598827,0.4447713243567064,0.12524070517319946,268.0,268.0,268.0,600,66,0.1772465705871582,0.179246187210083,,,
D,D_SparseFIR_K2_white_SNR10,S3_RSONN,7410,"{""learning_rate"": 0.02, ""growth_threshold"": 0.1, ""pruning_threshold"": 0.005}",10000,32,SUCCESS,,1.0,0.4179860565191388,0.49960659883980957,0.16170070028984945,850.0,850.0,850.0,1280,148,3.111506223678589,3.114509344100952,,,
D,D_SparseFIR_K2_white_SNR10,S5_CONTINUAL_BACKPROP,7410,"{""learning_rate"": 0.01, ""replacement_rate"": 0.001, ""maturity_threshold"": 100}",10000,32,SUCCESS,,1.0,0.3229510940629399,0.44434455899841474,0.124935789734793,197.0,197.0,197.0,832,32,0.28719329833984375,0.2891988754272461,,,
D,D_SparseFIR_K2_white_SNR10,C1_CURRENT_ONLY_LINEAR,7410,"{""learning_rate"": 0.01}",10000,32,SUCCESS,,1.0,0.3229510940629399,0.44434455899841474,0.124935789734793,129.0,129.0,129.0,288,32,0.19871878623962402,0.2007296085357666,,,
D,D_SparseFIR_K2_white_SNR10,C2_NLMS,7410,"{""step_size"": 0.2}",10000,32,SUCCESS,,1.0,0.32079460435908824,0.436850443140426,0.12410153727626702,197.0,197.0,197.0,288,32,0.18668770790100098,0.19120335578918457,,,
D,D_SparseFIR_K2_white_SNR10,C4_FIXED_LAG_LINEAR,7410,"{""max_lag"": 32, ""learning_rate"": 0.01}",10000,32,SUCCESS,,1.0,0.3229527396575078,0.4443308295611544,0.12493642634405273,129.0,129.0,129.0,544,32,0.8634510040283203,0.8659610748291016,,,
D,D_SparseFIR_K2_colored_SNR10,LEBRE_V04,7401,{},10000,32,SUCCESS,,1.0,0.14987969977072088,0.30170659086789536,0.09728730767572849,285.28,310.0,669.0,6416,-1,0.4641716480255127,0.46617579460144043,0.9003006012024048,0.0,0.0
D,D_SparseFIR_K2_colored_SNR10,LEBRE_V032,7401,{},10000,32,SUCCESS,,1.0,0.18839180554406507,0.3313331584451964,0.12228561691535951,248.8,308.0,308.0,6524,-1,1.483396053314209,1.488420009613037,,,
D,D_SparseFIR_K2_colored_SNR10,CTRL_PERSISTENCE,7401,{},10000,32,SUCCESS,,1.0,1.053821859847888,0.8096117463666974,0.6840385433869006,0.0,0.0,0.0,4,-1,0.1238245964050293,0.12583136558532715,,,
D,D_SparseFIR_K2_colored_SNR10,CTRL_ARX_NLMS,7401,{},10000,32,SUCCESS,,1.0,0.19225060961521923,0.3338787019180948,0.12479037679615068,206.0,206.0,206.0,140,-1,0.9217529296875,1.056983232498169,,,
D,D_SparseFIR_K2_colored_SNR10,IPNLMS,7401,"{""mu"": 0.5}",10000,32,SUCCESS,,1.0,0.1606598906551696,0.3181606601531669,0.10428475795740651,336.0,336.0,336.0,264,-1,0.29849743843078613,0.30150604248046875,,,
D,D_SparseFIR_K2_colored_SNR10,RIVER_SGD_LINREG,7401,{},10000,32,SUCCESS,,1.0,0.21464149710246455,0.3553375648284837,0.1393243608075718,,,,-1,-1,0.5870711803436279,0.5895769596099854,,,
D,D_SparseFIR_K2_colored_SNR10,RIVER_HATR,7401,{},10000,32,SUCCESS,,1.0,0.298408560160203,0.4101283882400936,0.19369778195304407,,,,-1,-1,5.241195917129517,5.245199918746948,,,
D,D_SparseFIR_K2_colored_SNR10,Track_B,7401,{},10000,32,SUCCESS,,1.0,0.16795969121484672,0.3177884128300152,0.10902307771723495,140.45542857142857,156.0,166.0,584,32,2.3212358951568604,2.324235439300537,,,
D,D_SparseFIR_K2_colored_SNR10,B1_RZA_LMS,7401,"{""learning_rate"": 0.01, ""rho_zero_attraction"": 0.001, ""epsilon_reweight"": 10.0}",10000,32,SUCCESS,,1.0,0.15428322646848222,0.30626576477864326,0.10014564844741905,321.0,321.0,321.0,320,32,0.22753190994262695,0.23053765296936035,,,
D,D_SparseFIR_K2_colored_SNR10,B2_CCN,7401,"{""readout_lr"": 0.01, ""recurrent_lr"": 0.001, ""max_columns"": 1}",10000,32,SUCCESS,,1.0,0.16705361323211862,0.3189912004042491,0.10843494011341856,353.0,353.0,353.0,632,66,0.372647762298584,0.3746514320373535,,,
D,D_SparseFIR_K2_colored_SNR10,B4_MINIMAL_GRU,7401,"{""learning_rate"": 0.01, ""weight_decay"": 0.999}",10000,32,SUCCESS,,1.0,0.325188483901053,0.43901969094021204,0.2110807009507079,441.0,441.0,441.0,888,103,0.41372227668762207,0.41672611236572266,,,
D,D_SparseFIR_K2_colored_SNR10,S1_VARIABLE_TAP_LMS,7401,"{""learning_rate"": 0.01, ""tap_leakage"": 0.0001}",10000,32,SUCCESS,,1.0,0.1594105367114081,0.31119530565721626,0.10347379902361795,141.41,161.0,173.0,544,14,1.0868172645568848,1.2312276363372803,,,
D,D_SparseFIR_K2_colored_SNR10,S2_LRU_STREAM,7401,"{""state_lr"": 0.001, ""readout_lr"": 0.01, ""state_decay"": 0.9}",10000,32,SUCCESS,,1.0,0.16791176292413307,0.31949277283922606,0.1089919673375627,268.0,268.0,268.0,600,66,0.8941183090209961,1.0343232154846191,,,
D,D_SparseFIR_K2_colored_SNR10,S3_RSONN,7401,"{""learning_rate"": 0.02, ""growth_threshold"": 0.05, ""pruning_threshold"": 0.001}",10000,32,SUCCESS,,1.0,0.21209750665657306,0.34981187254396834,0.13767304991215254,850.0,850.0,850.0,1280,148,0.612302303314209,0.6143229007720947,,,
D,D_SparseFIR_K2_colored_SNR10,S5_CONTINUAL_BACKPROP,7401,"{""learning_rate"": 0.01, ""replacement_rate"": 0.0001, ""maturity_threshold"": 100}",10000,32,SUCCESS,,1.0,0.16686651871750655,0.3186763435226493,0.10831349657146223,197.0,197.0,197.0,832,32,0.29009008407592773,0.2920949459075928,,,
D,D_SparseFIR_K2_colored_SNR10,C1_CURRENT_ONLY_LINEAR,7401,"{""learning_rate"": 0.01}",10000,32,SUCCESS,,1.0,0.1668664167142861,0.31867678420102713,0.10831343036090332,129.0,129.0,129.0,288,32,0.15762782096862793,0.15963339805603027,,,
D,D_SparseFIR_K2_colored_SNR10,C2_NLMS,7401,"{""step_size"": 0.2}",10000,32,SUCCESS,,1.0,0.16556847167443425,0.3166529755638185,0.1074709308187277,197.0,197.0,197.0,288,32,0.8861768245697021,0.8899257183074951,,,
D,D_SparseFIR_K2_colored_SNR10,C4_FIXED_LAG_LINEAR,7401,"{""max_lag"": 32, ""learning_rate"": 0.01}",10000,32,SUCCESS,,1.0,0.1668583120985286,0.31866646609837374,0.10830816963347994,129.0,129.0,129.0,544,32,0.19646358489990234,0.19927144050598145,,,
D,D_SparseFIR_K2_colored_SNR10,LEBRE_V04,7402,{},10000,32,SUCCESS,,1.0,0.12912413954402677,0.28544328094267335,0.16996350543809763,285.28,310.0,669.0,6416,-1,0.447052001953125,0.4495546817779541,0.9007014028056112,0.0,0.0
D,D_SparseFIR_K2_colored_SNR10,LEBRE_V032,7402,{},10000,32,SUCCESS,,1.0,0.17399712072857207,0.32204309289488336,0.22902890721746558,248.8,308.0,308.0,6524,-1,0.4033846855163574,0.4073910713195801,,,
D,D_SparseFIR_K2_colored_SNR10,CTRL_PERSISTENCE,7402,{},10000,32,SUCCESS,,1.0,0.5611856535931036,0.5466421315243244,0.7386773783978033,0.0,0.0,0.0,4,-1,0.6684014797210693,0.6704070568084717,,,
D,D_SparseFIR_K2_colored_SNR10,CTRL_ARX_NLMS,7402,{},10000,32,SUCCESS,,1.0,0.1742434575950254,0.32160129951311694,0.22935315547568358,206.0,206.0,206.0,140,-1,1.004850149154663,1.0069890022277832,,,
D,D_SparseFIR_K2_colored_SNR10,IPNLMS,7402,"{""mu"": 0.5}",10000,32,SUCCESS,,1.0,0.1486573006778879,0.3072668032012535,0.19567461220962631,336.0,336.0,336.0,264,-1,1.4474332332611084,1.450432300567627,,,
D,D_SparseFIR_K2_colored_SNR10,RIVER_SGD_LINREG,7402,{},10000,32,SUCCESS,,1.0,178836157.7532461,1741.269531781388,235398434.23667884,,,,-1,-1,0.6022241115570068,0.605736494064331,,,
D,D_SparseFIR_K2_colored_SNR10,RIVER_HATR,7402,{},10000,32,SUCCESS,,1.0,0.2921943566309905,0.3580643623657204,0.3846095493654746,,,,-1,-1,22.220817804336548,22.22537136077881,,,
D,D_SparseFIR_K2_colored_SNR10,Track_B,7402,{},10000,32,SUCCESS,,1.0,0.15836052644987472,0.3108963880075676,0.20844677295422398,140.58285714285714,156.0,166.0,584,32,2.3723843097686768,2.3758974075317383,,,
D,D_SparseFIR_K2_colored_SNR10,B1_RZA_LMS,7402,"{""learning_rate"": 0.01, ""rho_zero_attraction"": 0.001, ""epsilon_reweight"": 10.0}",10000,32,SUCCESS,,1.0,0.15225106093176152,0.30789804272570925,0.20040500648454193,321.0,321.0,321.0,320,32,1.086463451385498,1.2241952419281006,,,
D,D_SparseFIR_K2_colored_SNR10,B2_CCN,7402,"{""readout_lr"": 0.01, ""recurrent_lr"": 0.001, ""max_columns"": 1}",10000,32,SUCCESS,,1.0,0.1639899994745629,0.3178091308570832,0.21585673496770927,353.0,353.0,353.0,632,66,1.8881523609161377,1.892671823501587,,,
D,D_SparseFIR_K2_colored_SNR10,B4_MINIMAL_GRU,7402,"{""learning_rate"": 0.01, ""weight_decay"": 0.999}",10000,32,SUCCESS,,1.0,0.2905845670760071,0.39195815230585285,0.38249061578149257,441.0,441.0,441.0,888,103,0.3793013095855713,0.3818070888519287,,,
D,D_SparseFIR_K2_colored_SNR10,S1_VARIABLE_TAP_LMS,7402,"{""learning_rate"": 0.01, ""tap_leakage"": 0.0001}",10000,32,SUCCESS,,1.0,0.14380696061970819,0.29868309895652523,0.1892902072349549,27.588285714285714,47.0,53.0,544,2,1.1697919368743896,1.172663927078247,,,
D,D_SparseFIR_K2_colored_SNR10,S2_LRU_STREAM,7402,"{""state_lr"": 0.001, ""readout_lr"": 0.01, ""state_decay"": 0.9}",10000,32,SUCCESS,,1.0,0.17515608708769195,0.3282926015278624,0.23055443130441355,268.0,268.0,268.0,600,66,0.18627214431762695,0.1882767677307129,,,
D,D_SparseFIR_K2_colored_SNR10,S3_RSONN,7402,"{""learning_rate"": 0.02, ""growth_threshold"": 0.05, ""pruning_threshold"": 0.001}",10000,32,SUCCESS,,1.0,0.16960555847048253,0.32272457774729457,0.22324838222523477,850.0,850.0,850.0,1280,148,0.6221795082092285,0.6251804828643799,,,
D,D_SparseFIR_K2_colored_SNR10,S5_CONTINUAL_BACKPROP,7402,"{""learning_rate"": 0.01, ""replacement_rate"": 0.0001, ""maturity_threshold"": 100}",10000,32,SUCCESS,,1.0,0.16379255138165483,0.31775159504058526,0.21559683801791177,197.0,197.0,197.0,832,32,1.5033798217773438,1.5058841705322266,,,
D,D_SparseFIR_K2_colored_SNR10,C1_CURRENT_ONLY_LINEAR,7402,"{""learning_rate"": 0.01}",10000,32,SUCCESS,,1.0,0.16379296477096342,0.31775170003543757,0.21559738215393656,129.0,129.0,129.0,288,32,0.8179314136505127,0.8219308853149414,,,
D,D_SparseFIR_K2_colored_SNR10,C2_NLMS,7402,"{""step_size"": 0.2}",10000,32,SUCCESS,,1.0,0.15679442587458145,0.3097974978894128,0.20638534629468983,197.0,197.0,197.0,288,32,0.174912691116333,0.17866897583007812,,,
D,D_SparseFIR_K2_colored_SNR10,C4_FIXED_LAG_LINEAR,7402,"{""max_lag"": 32, ""learning_rate"": 0.01}",10000,32,SUCCESS,,1.0,0.16376523074421806,0.3177248938031438,0.21556087641285515,129.0,129.0,129.0,544,32,0.9988412857055664,1.000845193862915,,,
D,D_SparseFIR_K2_colored_SNR10,LEBRE_V04,7403,{},10000,32,SUCCESS,,1.0,0.020599513653883045,0.11001058746711767,0.11589934570138156,285.28,310.0,669.0,6416,-1,0.426455020904541,0.4309358596801758,0.8961923847695391,0.0,0.0
D,D_SparseFIR_K2_colored_SNR10,LEBRE_V032,7403,{},10000,32,SUCCESS,,1.0,0.03188506517777621,0.1305899903175653,0.17939540970927573,248.8,308.0,308.0,6524,-1,0.36008191108703613,0.36208558082580566,,,
D,D_SparseFIR_K2_colored_SNR10,CTRL_PERSISTENCE,7403,{},10000,32,SUCCESS,,1.0,0.11508706052501762,0.26882350019700607,0.647516016041015,0.0,0.0,0.0,4,-1,0.11940121650695801,0.12191462516784668,,,
D,D_SparseFIR_K2_colored_SNR10,CTRL_ARX_NLMS,7403,{},10000,32,SUCCESS,,1.0,0.03201784866148138,0.13071187133802833,0.18014249137052057,206.0,206.0,206.0,140,-1,1.006152629852295,1.0091545581817627,,,
D,D_SparseFIR_K2_colored_SNR10,IPNLMS,7403,"{""mu"": 0.5}",10000,32,SUCCESS,,1.0,0.020937498631852687,0.11493435348070645,0.11780095553847562,336.0,336.0,336.0,264,-1,0.2873682975769043,0.29036927223205566,,,
D,D_SparseFIR_K2_colored_SNR10,RIVER_SGD_LINREG,7403,{},10000,32,SUCCESS,,1.0,1.326773715358121,0.21210313682615145,7.464846407905895,,,,-1,-1,3.0173261165618896,3.0208327770233154,,,
D,D_SparseFIR_K2_colored_SNR10,RIVER_HATR,7403,{},10000,32,SUCCESS,,1.0,0.050387172220868644,0.16917912301821336,0.2834940858441425,,,,-1,-1,5.023366928100586,5.0283708572387695,,,
D,D_SparseFIR_K2_colored_SNR10,Track_B,7403,{},10000,32,SUCCESS,,1.0,0.025446857246617223,0.11979236935296989,0.14317202602904427,132.3657142857143,132.0,142.0,456,32,1.119422197341919,1.1224305629730225,,,
D,D_SparseFIR_K2_colored_SNR10,B1_RZA_LMS,7403,"{""learning_rate"": 0.01, ""rho_zero_attraction"": 0.001, ""epsilon_reweight"": 10.0}",10000,32,SUCCESS,,1.0,0.02322560456107827,0.11707546651585954,0.1306745594763389,321.0,321.0,321.0,320,31,0.24167752265930176,0.24367713928222656,,,
D,D_SparseFIR_K2_colored_SNR10,B2_CCN,7403,"{""readout_lr"": 0.01, ""recurrent_lr"": 0.001, ""max_columns"": 1}",10000,32,SUCCESS,,1.0,0.024211415680539063,0.11831427499281982,0.1362210430317463,353.0,353.0,353.0,632,66,0.3880319595336914,0.4005308151245117,,,
D,D_SparseFIR_K2_colored_SNR10,B4_MINIMAL_GRU,7403,"{""learning_rate"": 0.01, ""weight_decay"": 0.999}",10000,32,SUCCESS,,1.0,0.06709481898715458,0.2004551759120711,0.3774965638131953,441.0,441.0,441.0,888,103,1.988584041595459,1.991584300994873,,,
D,D_SparseFIR_K2_colored_SNR10,S1_VARIABLE_TAP_LMS,7403,"{""learning_rate"": 0.01, ""tap_leakage"": 0.0001}",10000,32,SUCCESS,,1.0,0.14013694795532847,0.29779348517605203,0.7884545649721942,20.530571428571427,29.0,35.0,544,2,1.1452369689941406,1.147242546081543,,,
D,D_SparseFIR_K2_colored_SNR10,S2_LRU_STREAM,7403,"{""state_lr"": 0.001, ""readout_lr"": 0.01, ""state_decay"": 0.9}",10000,32,SUCCESS,,1.0,0.024399611429558453,0.1188885364563331,0.13727989153378445,268.0,268.0,268.0,600,66,0.1902763843536377,0.1927778720855713,,,
D,D_SparseFIR_K2_colored_SNR10,S3_RSONN,7403,"{""learning_rate"": 0.02, ""growth_threshold"": 0.05, ""pruning_threshold"": 0.001}",10000,32,SUCCESS,,1.0,0.05236935537478098,0.17254419052460856,0.2946464719858141,850.0,850.0,850.0,1280,148,0.6051552295684814,0.6081607341766357,,,
D,D_SparseFIR_K2_colored_SNR10,S5_CONTINUAL_BACKPROP,7403,"{""learning_rate"": 0.01, ""replacement_rate"": 0.0001, ""maturity_threshold"": 100}",10000,32,SUCCESS,,1.0,0.02417898659209849,0.11829227965477958,0.13603858677597705,197.0,197.0,197.0,832,32,0.30591440200805664,0.30791473388671875,,,
D,D_SparseFIR_K2_colored_SNR10,C1_CURRENT_ONLY_LINEAR,7403,"{""learning_rate"": 0.01}",10000,32,SUCCESS,,1.0,0.024178942499024872,0.11829232897197403,0.13603833869447046,129.0,129.0,129.0,288,32,0.1639728546142578,0.16599535942077637,,,
D,D_SparseFIR_K2_colored_SNR10,C2_NLMS,7403,"{""step_size"": 0.2}",10000,32,SUCCESS,,1.0,0.025229875579861012,0.1194790108901305,0.14195121889598367,197.0,197.0,197.0,288,32,0.9798183441162109,0.9838190078735352,,,
D,D_SparseFIR_K2_colored_SNR10,C4_FIXED_LAG_LINEAR,7403,"{""max_lag"": 32, ""learning_rate"": 0.01}",10000,32,SUCCESS,,1.0,0.0241822822847211,0.11829528699725902,0.13605712937970116,129.0,129.0,129.0,544,32,0.17247533798217773,0.1764843463897705,,,
D,D_SparseFIR_K2_colored_SNR10,LEBRE_V04,7404,{},10000,32,SUCCESS,,1.0,0.2790396718265991,0.408066344689022,0.11184069436635262,285.28,310.0,669.0,6416,-1,0.4497809410095215,0.45278477668762207,0.8997995991983968,0.0,0.0
D,D_SparseFIR_K2_colored_SNR10,LEBRE_V032,7404,{},10000,32,SUCCESS,,1.0,0.34831932850978353,0.4503542454583787,0.13960837649624278,248.8,308.0,308.0,6524,-1,2.0600733757019043,2.0620932579040527,,,
D,D_SparseFIR_K2_colored_SNR10,CTRL_PERSISTENCE,7404,{},10000,32,SUCCESS,,1.0,1.7775792600353761,1.0571997318731408,0.7124639211055467,0.0,0.0,0.0,4,-1,0.1404407024383545,0.14243841171264648,,,
D,D_SparseFIR_K2_colored_SNR10,CTRL_ARX_NLMS,7404,{},10000,32,SUCCESS,,1.0,0.35839820941239364,0.4561381990989032,0.14364804953343072,206.0,206.0,206.0,140,-1,0.1969754695892334,0.19997930526733398,,,
D,D_SparseFIR_K2_colored_SNR10,IPNLMS,7404,"{""mu"": 0.5}",10000,32,SUCCESS,,1.0,0.28599217570873264,0.42566169369232026,0.11462729763560307,336.0,336.0,336.0,264,-1,1.495241403579712,1.4992437362670898,,,
D,D_SparseFIR_K2_colored_SNR10,RIVER_SGD_LINREG,7404,{},10000,32,SUCCESS,,1.0,0.4224398146614524,0.4878814961540337,0.16931629072832963,,,,-1,-1,0.6275298595428467,0.6300370693206787,,,
D,D_SparseFIR_K2_colored_SNR10,RIVER_HATR,7404,{},10000,32,SUCCESS,,1.0,0.8755804087921595,0.6854881989079191,0.35093762923339045,,,,-1,-1,5.577019691467285,5.581047058105469,,,
D,D_SparseFIR_K2_colored_SNR10,Track_B,7404,{},10000,32,SUCCESS,,1.0,0.3066610720070846,0.42803285452091105,0.1229115093344697,143.0442857142857,166.0,166.0,584,32,2.625574827194214,2.628577947616577,,,
D,D_SparseFIR_K2_colored_SNR10,B1_RZA_LMS,7404,"{""learning_rate"": 0.01, ""rho_zero_attraction"": 0.001, ""epsilon_reweight"": 10.0}",10000,32,SUCCESS,,1.0,0.2831062185136588,0.4133532465855198,0.11347058950698542,321.0,321.0,321.0,320,32,0.2139894962310791,0.21599268913269043,,,
D,D_SparseFIR_K2_colored_SNR10,B2_CCN,7404,"{""readout_lr"": 0.01, ""recurrent_lr"": 0.001, ""max_columns"": 1}",10000,32,SUCCESS,,1.0,0.30466669440834554,0.42816818489860775,0.12211215140084124,353.0,353.0,353.0,632,66,0.38843798637390137,0.39143967628479004,,,
D,D_SparseFIR_K2_colored_SNR10,B4_MINIMAL_GRU,7404,"{""learning_rate"": 0.01, ""weight_decay"": 0.999}",10000,32,SUCCESS,,1.0,0.6135367009302035,0.6038040862194576,0.24590901430645326,441.0,441.0,441.0,888,103,0.42613649368286133,0.43013620376586914,,,
D,D_SparseFIR_K2_colored_SNR10,S1_VARIABLE_TAP_LMS,7404,"{""learning_rate"": 0.01, ""tap_leakage"": 0.0001}",10000,32,SUCCESS,,1.0,0.42376548455060103,0.46750789134993376,0.16984762679223914,131.504,185.0,185.0,544,28,1.1571683883666992,1.1611757278442383,,,
D,D_SparseFIR_K2_colored_SNR10,S2_LRU_STREAM,7404,"{""state_lr"": 0.001, ""readout_lr"": 0.01, ""state_decay"": 0.9}",10000,32,SUCCESS,,1.0,0.323568355088722,0.4416860050461241,0.12968804496942368,268.0,268.0,268.0,600,66,0.18646454811096191,0.18848299980163574,,,
D,D_SparseFIR_K2_colored_SNR10,S3_RSONN,7404,"{""learning_rate"": 0.02, ""growth_threshold"": 0.05, ""pruning_threshold"": 0.001}",10000,32,SUCCESS,,1.0,0.3754761571194071,0.47034558087270945,0.1504929885250862,850.0,850.0,850.0,1280,148,0.6152725219726562,0.6182765960693359,,,
D,D_SparseFIR_K2_colored_SNR10,S5_CONTINUAL_BACKPROP,7404,"{""learning_rate"": 0.01, ""replacement_rate"": 0.0001, ""maturity_threshold"": 100}",10000,32,SUCCESS,,1.0,0.3049925634252118,0.42848582686308184,0.12224276156419268,197.0,197.0,197.0,832,32,0.28984618186950684,0.2923574447631836,,,
D,D_SparseFIR_K2_colored_SNR10,C1_CURRENT_ONLY_LINEAR,7404,"{""learning_rate"": 0.01}",10000,32,SUCCESS,,1.0,0.3049926425132892,0.4284857743239039,0.12224279326314587,129.0,129.0,129.0,288,32,0.84432053565979,0.8818221092224121,,,
D,D_SparseFIR_K2_colored_SNR10,C2_NLMS,7404,"{""step_size"": 0.2}",10000,32,SUCCESS,,1.0,0.2985725904687385,0.42383986843358995,0.11966959973180862,197.0,197.0,197.0,288,32,1.0262632369995117,1.0287678241729736,,,
D,D_SparseFIR_K2_colored_SNR10,C4_FIXED_LAG_LINEAR,7404,"{""max_lag"": 32, ""learning_rate"": 0.01}",10000,32,SUCCESS,,1.0,0.30498849261344,0.42847417446040187,0.12224112995958172,129.0,129.0,129.0,544,32,0.17152166366577148,0.17352509498596191,,,
D,D_SparseFIR_K2_colored_SNR10,LEBRE_V04,7405,{},10000,32,SUCCESS,,1.0,0.07283246378428423,0.2114236360621237,0.14563469370816096,285.28,310.0,669.0,6416,-1,2.3645668029785156,2.3675732612609863,0.8989979959919839,0.0,0.0
D,D_SparseFIR_K2_colored_SNR10,LEBRE_V032,7405,{},10000,32,SUCCESS,,1.0,0.08908275137907158,0.22947168002477758,0.17812852315687788,248.8,308.0,308.0,6524,-1,0.35088372230529785,0.3528876304626465,,,
D,D_SparseFIR_K2_colored_SNR10,CTRL_PERSISTENCE,7405,{},10000,32,SUCCESS,,1.0,0.30854698623473076,0.438806912902909,0.616965889935571,0.0,0.0,0.0,4,-1,0.12218213081359863,0.1261904239654541,,,
D,D_SparseFIR_K2_colored_SNR10,CTRL_ARX_NLMS,7405,{},10000,32,SUCCESS,,1.0,0.08939373957520307,0.22926631462680055,0.1787503704532237,206.0,206.0,206.0,140,-1,0.21591424942016602,0.2189188003540039,,,
D,D_SparseFIR_K2_colored_SNR10,IPNLMS,7405,"{""mu"": 0.5}",10000,32,SUCCESS,,1.0,0.08199120763474613,0.22641290887237722,0.16394837947559662,336.0,336.0,336.0,264,-1,1.5355818271636963,1.5390937328338623,,,
D,D_SparseFIR_K2_colored_SNR10,RIVER_SGD_LINREG,7405,{},10000,32,SUCCESS,,1.0,0.1057040718525992,0.25453175668038414,0.2113642643416997,,,,-1,-1,0.8689298629760742,0.8729581832885742,,,
D,D_SparseFIR_K2_colored_SNR10,RIVER_HATR,7405,{},10000,32,SUCCESS,,1.0,0.12073427624125517,0.2692840410452157,0.2414184338531984,,,,-1,-1,5.514408111572266,5.51841926574707,,,
D,D_SparseFIR_K2_colored_SNR10,Track_B,7405,{},10000,32,SUCCESS,,1.0,0.0821608955068634,0.22328456346964232,0.1642876847798217,132.888,138.0,156.0,456,32,1.199380874633789,1.337709665298462,,,
D,D_SparseFIR_K2_colored_SNR10,B1_RZA_LMS,7405,"{""learning_rate"": 0.01, ""rho_zero_attraction"": 0.001, ""epsilon_reweight"": 10.0}",10000,32,SUCCESS,,1.0,0.08419720930638243,0.22814450336117306,0.16835946707411567,321.0,321.0,321.0,320,32,0.3561115264892578,0.3586161136627197,,,
D,D_SparseFIR_K2_colored_SNR10,B2_CCN,7405,"{""readout_lr"": 0.01, ""recurrent_lr"": 0.001, ""max_columns"": 1}",10000,32,SUCCESS,,1.0,0.08435574596396607,0.22732575367772606,0.16867647457831178,353.0,353.0,353.0,632,66,0.367023229598999,0.3709142208099365,,,
D,D_SparseFIR_K2_colored_SNR10,B4_MINIMAL_GRU,7405,"{""learning_rate"": 0.01, ""weight_decay"": 0.999}",10000,32,SUCCESS,,1.0,0.11673807976508488,0.2663382776866066,0.23342769978262762,441.0,441.0,441.0,888,103,2.0034244060516357,2.006429433822632,,,
D,D_SparseFIR_K2_colored_SNR10,S1_VARIABLE_TAP_LMS,7405,"{""learning_rate"": 0.01, ""tap_leakage"": 0.0001}",10000,32,SUCCESS,,1.0,0.24799190619409378,0.38060153928642554,0.49588086718649466,82.94514285714286,125.0,131.0,544,3,1.0249359607696533,1.027937650680542,,,
D,D_SparseFIR_K2_colored_SNR10,S2_LRU_STREAM,7405,"{""state_lr"": 0.001, ""readout_lr"": 0.01, ""state_decay"": 0.9}",10000,32,SUCCESS,,1.0,0.08827244846254864,0.2326002199580447,0.17650825369286297,268.0,268.0,268.0,600,66,0.20256400108337402,0.2055675983428955,,,
D,D_SparseFIR_K2_colored_SNR10,S3_RSONN,7405,"{""learning_rate"": 0.02, ""growth_threshold"": 0.05, ""pruning_threshold"": 0.001}",10000,32,SUCCESS,,1.0,0.09002829407548088,0.2331992154210714,0.1800192160405816,850.0,850.0,850.0,1280,148,0.6435465812683105,0.647050142288208,,,
D,D_SparseFIR_K2_colored_SNR10,S5_CONTINUAL_BACKPROP,7405,"{""learning_rate"": 0.01, ""replacement_rate"": 0.0001, ""maturity_threshold"": 100}",10000,32,SUCCESS,,1.0,0.08449855030248055,0.2275326171286807,0.16896202397509383,197.0,197.0,197.0,832,32,0.28385424613952637,0.28685545921325684,,,
D,D_SparseFIR_K2_colored_SNR10,C1_CURRENT_ONLY_LINEAR,7405,"{""learning_rate"": 0.01}",10000,32,SUCCESS,,1.0,0.08449840164793374,0.22753266353992233,0.16896172672770896,129.0,129.0,129.0,288,32,0.8596956729888916,0.8637232780456543,,,
D,D_SparseFIR_K2_colored_SNR10,C2_NLMS,7405,"{""step_size"": 0.2}",10000,32,SUCCESS,,1.0,0.08199256609003074,0.22318741424751545,0.16395109582225045,197.0,197.0,197.0,288,32,0.1888866424560547,0.1908862590789795,,,
D,D_SparseFIR_K2_colored_SNR10,C4_FIXED_LAG_LINEAR,7405,"{""max_lag"": 32, ""learning_rate"": 0.01}",10000,32,SUCCESS,,1.0,0.08449184153616612,0.22752122691487942,0.16894860922737565,129.0,129.0,129.0,544,32,0.8563189506530762,0.8583347797393799,,,
D,D_SparseFIR_K2_colored_SNR10,LEBRE_V04,7406,{},10000,32,SUCCESS,,1.0,0.21642820361696005,0.3682796422220497,0.13653067038250338,285.27542857142856,310.0,669.0,6416,-1,0.4264826774597168,0.4299960136413574,0.8977955911823647,0.0,0.0
D,D_SparseFIR_K2_colored_SNR10,LEBRE_V032,7406,{},10000,32,SUCCESS,,1.0,0.2700687492071108,0.40296337620963146,0.1703690497005149,248.80014285714284,308.0,311.0,6524,-1,0.3648970127105713,0.3668997287750244,,,
D,D_SparseFIR_K2_colored_SNR10,CTRL_PERSISTENCE,7406,{},10000,32,SUCCESS,,1.0,0.9469038291715299,0.7620815386006312,0.5973408845242456,0.0,0.0,0.0,4,-1,0.6920480728149414,0.6940555572509766,,,
D,D_SparseFIR_K2_colored_SNR10,CTRL_ARX_NLMS,7406,{},10000,32,SUCCESS,,1.0,0.2739930621721235,0.404285218132365,0.17284464701615948,206.0,206.0,206.0,140,-1,0.8891637325286865,0.8936789035797119,,,
D,D_SparseFIR_K2_colored_SNR10,IPNLMS,7406,"{""mu"": 0.5}",10000,32,SUCCESS,,1.0,0.2547727939537359,0.4013019003837826,0.16071981272500455,336.0,336.0,336.0,264,-1,0.28902363777160645,0.29002928733825684,,,
D,D_SparseFIR_K2_colored_SNR10,RIVER_SGD_LINREG,7406,{},10000,32,SUCCESS,,1.0,0.46038946375111833,0.4731371811063443,0.2904301799511666,,,,-1,-1,2.61875057220459,2.6219398975372314,,,
D,D_SparseFIR_K2_colored_SNR10,RIVER_HATR,7406,{},10000,32,SUCCESS,,1.0,0.37715515018047907,0.4697134970190863,0.23792299077382983,,,,-1,-1,27.555323123931885,27.557239770889282,,,
D,D_SparseFIR_K2_colored_SNR10,Track_B,7406,{},10000,32,SUCCESS,,1.0,0.2537265419863354,0.3961766220005563,0.16005979947298393,143.09628571428573,166.0,166.0,584,37,2.5392749309539795,2.5432848930358887,,,
D,D_SparseFIR_K2_colored_SNR10,B1_RZA_LMS,7406,"{""learning_rate"": 0.01, ""rho_zero_attraction"": 0.001, ""epsilon_reweight"": 10.0}",10000,32,SUCCESS,,1.0,0.24514442210114248,0.3881161412541599,0.15464589055701777,321.0,321.0,321.0,320,32,0.21530413627624512,0.21931242942810059,,,
D,D_SparseFIR_K2_colored_SNR10,B2_CCN,7406,"{""readout_lr"": 0.01, ""recurrent_lr"": 0.001, ""max_columns"": 1}",10000,32,SUCCESS,,1.0,0.2621834355891316,0.403531045011762,0.16539471116031076,353.0,353.0,353.0,632,66,2.0629043579101562,2.066915988922119,,,
D,D_SparseFIR_K2_colored_SNR10,B4_MINIMAL_GRU,7406,"{""learning_rate"": 0.01, ""weight_decay"": 0.999}",10000,32,SUCCESS,,1.0,0.7152603271910047,0.6368076341596758,0.4512118584240932,441.0,441.0,441.0,888,103,0.4306159019470215,0.434124231338501,,,
D,D_SparseFIR_K2_colored_SNR10,S1_VARIABLE_TAP_LMS,7406,"{""learning_rate"": 0.01, ""tap_leakage"": 0.0001}",10000,32,SUCCESS,,1.0,0.25088659827828036,0.3947213459914115,0.15826826116222129,158.32828571428573,185.0,185.0,544,27,0.9429643154144287,0.9464726448059082,,,
D,D_SparseFIR_K2_colored_SNR10,S2_LRU_STREAM,7406,"{""state_lr"": 0.001, ""readout_lr"": 0.01, ""state_decay"": 0.9}",10000,32,SUCCESS,,1.0,0.271430242026535,0.4097460274393699,0.17122792818423566,268.0,268.0,268.0,600,66,1.0184290409088135,1.0229437351226807,,,
D,D_SparseFIR_K2_colored_SNR10,S3_RSONN,7406,"{""learning_rate"": 0.02, ""growth_threshold"": 0.05, ""pruning_threshold"": 0.001}",10000,32,SUCCESS,,1.0,0.29272906585458663,0.4234431151145726,0.18466398987584992,850.0,850.0,850.0,1280,148,0.6200847625732422,0.6220886707305908,,,
D,D_SparseFIR_K2_colored_SNR10,S5_CONTINUAL_BACKPROP,7406,"{""learning_rate"": 0.01, ""replacement_rate"": 0.0001, ""maturity_threshold"": 100}",10000,32,SUCCESS,,1.0,0.26205194938109766,0.40315273720451433,0.16531176494614408,197.0,197.0,197.0,832,32,0.3063948154449463,0.30939340591430664,,,
D,D_SparseFIR_K2_colored_SNR10,C1_CURRENT_ONLY_LINEAR,7406,"{""learning_rate"": 0.01}",10000,32,SUCCESS,,1.0,0.2620528933438938,0.40315307144418006,0.1653123604317195,129.0,129.0,129.0,288,32,0.15919756889343262,0.16270160675048828,,,
D,D_SparseFIR_K2_colored_SNR10,C2_NLMS,7406,"{""step_size"": 0.2}",10000,32,SUCCESS,,1.0,0.248237520311558,0.3930031070163928,0.15659712780414825,197.0,197.0,197.0,288,32,0.16722536087036133,0.16973161697387695,,,
D,D_SparseFIR_K2_colored_SNR10,C4_FIXED_LAG_LINEAR,7406,"{""max_lag"": 32, ""learning_rate"": 0.01}",10000,32,SUCCESS,,1.0,0.2620461796450353,0.4031412699554622,0.16530812518977517,129.0,129.0,129.0,544,32,0.16596078872680664,0.16846466064453125,,,
D,D_SparseFIR_K2_colored_SNR10,LEBRE_V04,7407,{},10000,32,SUCCESS,,1.0,0.02814533763875426,0.13237853655395085,0.13064214401738286,285.28,310.0,669.0,6416,-1,2.433861494064331,2.4363718032836914,0.9005010020040081,0.0,0.0
D,D_SparseFIR_K2_colored_SNR10,LEBRE_V032,7407,{},10000,32,SUCCESS,,1.0,0.03569915414006214,0.14529819246052744,0.16570467536488123,248.8,308.0,308.0,6524,-1,1.8856267929077148,1.8886265754699707,,,
D,D_SparseFIR_K2_colored_SNR10,CTRL_PERSISTENCE,7407,{},10000,32,SUCCESS,,1.0,0.12459005784213342,0.27640358768672496,0.5783093629452185,0.0,0.0,0.0,4,-1,0.12331223487854004,0.12531208992004395,,,
D,D_SparseFIR_K2_colored_SNR10,CTRL_ARX_NLMS,7407,{},10000,32,SUCCESS,,1.0,0.03565578524499824,0.14505571822765218,0.16550337007206387,206.0,206.0,206.0,140,-1,0.20794081687927246,0.21095061302185059,,,
D,D_SparseFIR_K2_colored_SNR10,IPNLMS,7407,"{""mu"": 0.5}",10000,32,SUCCESS,,1.0,0.033219353879262746,0.1445860524544841,0.15419419263542136,336.0,336.0,336.0,264,-1,0.28092050552368164,0.28342342376708984,,,
D,D_SparseFIR_K2_colored_SNR10,RIVER_SGD_LINREG,7407,{},10000,32,SUCCESS,,1.0,1.7571944754656408,0.26219558034307383,8.156365245170763,,,,-1,-1,0.6339817047119141,0.6364963054656982,,,
D,D_SparseFIR_K2_colored_SNR10,RIVER_HATR,7407,{},10000,32,SUCCESS,,1.0,0.050526636371123555,0.1713310781162912,0.2345293629173326,,,,-1,-1,5.912266731262207,5.91429591178894,,,
D,D_SparseFIR_K2_colored_SNR10,Track_B,7407,{},10000,32,SUCCESS,,1.0,0.03290503948478781,0.14156443411564876,0.15273524028896984,132.18285714285713,132.0,142.0,456,32,0.2045292854309082,0.20653271675109863,,,
D,D_SparseFIR_K2_colored_SNR10,B1_RZA_LMS,7407,"{""learning_rate"": 0.01, ""rho_zero_attraction"": 0.001, ""epsilon_reweight"": 10.0}",10000,32,SUCCESS,,1.0,0.03384662358008676,0.14419879945883252,0.15710578885233634,321.0,321.0,321.0,320,31,1.1437227725982666,1.145726203918457,,,
D,D_SparseFIR_K2_colored_SNR10,B2_CCN,7407,"{""readout_lr"": 0.01, ""recurrent_lr"": 0.001, ""max_columns"": 1}",10000,32,SUCCESS,,1.0,0.03399288042428349,0.14443995899973472,0.15778466888384707,353.0,353.0,353.0,632,66,0.375652551651001,0.38016486167907715,,,
D,D_SparseFIR_K2_colored_SNR10,B4_MINIMAL_GRU,7407,"{""learning_rate"": 0.01, ""weight_decay"": 0.999}",10000,32,SUCCESS,,1.0,0.058449266287932684,0.18662292534586536,0.2713038145822164,441.0,441.0,441.0,888,103,0.3954155445098877,0.3974182605743408,,,
D,D_SparseFIR_K2_colored_SNR10,S1_VARIABLE_TAP_LMS,7407,"{""learning_rate"": 0.01, ""tap_leakage"": 0.0001}",10000,32,SUCCESS,,1.0,0.10828918780816772,0.2577353019896498,0.5026456548767924,23.583714285714287,35.0,35.0,544,3,0.19958972930908203,0.20186209678649902,,,
D,D_SparseFIR_K2_colored_SNR10,S2_LRU_STREAM,7407,"{""state_lr"": 0.001, ""readout_lr"": 0.01, ""state_decay"": 0.9}",10000,32,SUCCESS,,1.0,0.03450054702403128,0.14545113031980242,0.1601411036826872,268.0,268.0,268.0,600,66,1.0923025608062744,1.094306230545044,,,
D,D_SparseFIR_K2_colored_SNR10,S3_RSONN,7407,"{""learning_rate"": 0.02, ""growth_threshold"": 0.05, ""pruning_threshold"": 0.001}",10000,32,SUCCESS,,1.0,0.0402340119333482,0.15394051756667831,0.18675411355364444,850.0,850.0,850.0,1280,148,1.288651704788208,1.2916522026062012,,,
D,D_SparseFIR_K2_colored_SNR10,S5_CONTINUAL_BACKPROP,7407,"{""learning_rate"": 0.01, ""replacement_rate"": 0.0001, ""maturity_threshold"": 100}",10000,32,SUCCESS,,1.0,0.033937621323762,0.14427913479938526,0.15752817285380263,197.0,197.0,197.0,832,32,0.2952759265899658,0.298783540725708,,,
D,D_SparseFIR_K2_colored_SNR10,C1_CURRENT_ONLY_LINEAR,7407,"{""learning_rate"": 0.01}",10000,32,SUCCESS,,1.0,0.033937690048719396,0.1442792374065402,0.1575284918542672,129.0,129.0,129.0,288,32,0.15896892547607422,0.16247248649597168,,,
D,D_SparseFIR_K2_colored_SNR10,C2_NLMS,7407,"{""step_size"": 0.2}",10000,32,SUCCESS,,1.0,0.03287899461894134,0.14158893895594685,0.15261434789966896,197.0,197.0,197.0,288,32,0.1698014736175537,0.17280149459838867,,,
D,D_SparseFIR_K2_colored_SNR10,C4_FIXED_LAG_LINEAR,7407,"{""max_lag"": 32, ""learning_rate"": 0.01}",10000,32,SUCCESS,,1.0,0.03393260723663236,0.14426922911349369,0.15750489897799014,129.0,129.0,129.0,544,32,0.8485405445098877,0.9820342063903809,,,
D,D_SparseFIR_K2_colored_SNR10,LEBRE_V04,7408,{},10000,32,SUCCESS,,1.0,0.10902845123914673,0.24938479492088986,0.11223963219391092,285.2877142857143,310.0,678.0,6416,-1,0.46077871322631836,0.46277904510498047,0.8998997995991984,0.0,0.0
D,D_SparseFIR_K2_colored_SNR10,LEBRE_V032,7408,{},10000,32,SUCCESS,,1.0,0.11541949595184943,0.25935261944994265,0.1188189103523723,248.80042857142857,308.0,311.0,6524,-1,0.3474845886230469,0.35048747062683105,,,
D,D_SparseFIR_K2_colored_SNR10,CTRL_PERSISTENCE,7408,{},10000,32,SUCCESS,,1.0,0.4932402440842965,0.5568549018054355,0.5077674950901151,0.0,0.0,0.0,4,-1,0.6418027877807617,0.6438076496124268,,,
D,D_SparseFIR_K2_colored_SNR10,CTRL_ARX_NLMS,7408,{},10000,32,SUCCESS,,1.0,0.11640308876984834,0.2600860502270096,0.11983147262273437,206.0,206.0,206.0,140,-1,0.19530153274536133,0.1983013153076172,,,
D,D_SparseFIR_K2_colored_SNR10,IPNLMS,7408,"{""mu"": 0.5}",10000,32,SUCCESS,,1.0,0.10470894334478122,0.2552884258522948,0.10779290318132631,336.0,336.0,336.0,264,-1,0.2837655544281006,0.2857635021209717,,,
D,D_SparseFIR_K2_colored_SNR10,RIVER_SGD_LINREG,7408,{},10000,32,SUCCESS,,1.0,0.13236961871307518,0.2835411135096577,0.1362682597904255,,,,-1,-1,2.6538944244384766,2.655897378921509,,,
D,D_SparseFIR_K2_colored_SNR10,RIVER_HATR,7408,{},10000,32,SUCCESS,,1.0,0.17849734926763028,0.312104129635488,0.1837545760000073,,,,-1,-1,6.769983530044556,6.774511098861694,,,
D,D_SparseFIR_K2_colored_SNR10,Track_B,7408,{},10000,32,SUCCESS,,1.0,0.10570798003935857,0.2516390886217504,0.10882136419194481,134.48114285714286,142.0,156.0,456,32,1.329594612121582,1.3331201076507568,,,
D,D_SparseFIR_K2_colored_SNR10,B1_RZA_LMS,7408,"{""learning_rate"": 0.01, ""rho_zero_attraction"": 0.001, ""epsilon_reweight"": 10.0}",10000,32,SUCCESS,,1.0,0.09550428153787155,0.24119080435410187,0.09831713934230064,321.0,321.0,321.0,320,32,0.21714496612548828,0.2211446762084961,,,
D,D_SparseFIR_K2_colored_SNR10,B2_CCN,7408,"{""readout_lr"": 0.01, ""recurrent_lr"": 0.001, ""max_columns"": 1}",10000,32,SUCCESS,,1.0,0.10513375011473032,0.25245483935453056,0.10823022165252047,353.0,353.0,353.0,632,66,0.3724792003631592,0.3744790554046631,,,
D,D_SparseFIR_K2_colored_SNR10,B4_MINIMAL_GRU,7408,"{""learning_rate"": 0.01, ""weight_decay"": 0.999}",10000,32,SUCCESS,,1.0,0.17780800756776957,0.331891930374379,0.1830449313341523,441.0,441.0,441.0,888,103,2.0260610580444336,2.0280601978302,,,
D,D_SparseFIR_K2_colored_SNR10,S1_VARIABLE_TAP_LMS,7408,"{""learning_rate"": 0.01, ""tap_leakage"": 0.0001}",10000,32,SUCCESS,,1.0,0.1574556870515698,0.298241294734963,0.16209318027221795,98.786,143.0,155.0,544,11,0.2079331874847412,0.2109372615814209,,,
D,D_SparseFIR_K2_colored_SNR10,S2_LRU_STREAM,7408,"{""state_lr"": 0.001, ""readout_lr"": 0.01, ""state_decay"": 0.9}",10000,32,SUCCESS,,1.0,0.10636613868836149,0.25431127772788853,0.10949890738227498,268.0,268.0,268.0,600,66,1.092977523803711,1.095479965209961,,,
D,D_SparseFIR_K2_colored_SNR10,S3_RSONN,7408,"{""learning_rate"": 0.02, ""growth_threshold"": 0.05, ""pruning_threshold"": 0.001}",10000,32,SUCCESS,,1.0,0.12821109063020375,0.2752459122165109,0.13198725187749322,850.0,850.0,850.0,1280,148,3.0361785888671875,3.0387179851531982,,,
D,D_SparseFIR_K2_colored_SNR10,S5_CONTINUAL_BACKPROP,7408,"{""learning_rate"": 0.01, ""replacement_rate"": 0.0001, ""maturity_threshold"": 100}",10000,32,SUCCESS,,1.0,0.10542981061243394,0.2532437180494316,0.10853500192768473,197.0,197.0,197.0,832,32,0.28400731086730957,0.2876605987548828,,,
D,D_SparseFIR_K2_colored_SNR10,C1_CURRENT_ONLY_LINEAR,7408,"{""learning_rate"": 0.01}",10000,32,SUCCESS,,1.0,0.10542994169452514,0.2532432538974955,0.10853513687049587,129.0,129.0,129.0,288,32,0.16527843475341797,0.16878247261047363,,,
D,D_SparseFIR_K2_colored_SNR10,C2_NLMS,7408,"{""step_size"": 0.2}",10000,32,SUCCESS,,1.0,0.10507796924637477,0.2512460323826668,0.10817279788765427,197.0,197.0,197.0,288,32,0.17245817184448242,0.17496156692504883,,,
D,D_SparseFIR_K2_colored_SNR10,C4_FIXED_LAG_LINEAR,7408,"{""max_lag"": 32, ""learning_rate"": 0.01}",10000,32,SUCCESS,,1.0,0.10542063556057242,0.2532299891976722,0.10852555664588358,129.0,129.0,129.0,544,32,0.1739504337310791,0.17708230018615723,,,
D,D_SparseFIR_K2_colored_SNR10,LEBRE_V04,7409,{},10000,32,SUCCESS,,1.0,0.25948512912126476,0.39922419754528093,0.10795633950654258,285.28,310.0,669.0,6416,-1,0.42752599716186523,0.4305253028869629,0.9013026052104208,0.0,0.0
D,D_SparseFIR_K2_colored_SNR10,LEBRE_V032,7409,{},10000,32,SUCCESS,,1.0,0.27071198290355186,0.4072548173460542,0.11262716608768548,251.81714285714287,308.0,323.0,6524,-1,0.37696051597595215,0.379960298538208,,,
D,D_SparseFIR_K2_colored_SNR10,CTRL_PERSISTENCE,7409,{},10000,32,SUCCESS,,1.0,0.9941388920676494,0.7934330856653856,0.4136021054931356,0.0,0.0,0.0,4,-1,0.12487220764160156,0.12687206268310547,,,
D,D_SparseFIR_K2_colored_SNR10,CTRL_ARX_NLMS,7409,{},10000,32,SUCCESS,,1.0,0.29955340570475614,0.4229052931393565,0.1246263679006089,206.0,206.0,206.0,140,-1,0.18578720092773438,0.18878722190856934,,,
D,D_SparseFIR_K2_colored_SNR10,IPNLMS,7409,"{""mu"": 0.5}",10000,32,SUCCESS,,1.0,0.2897229829266841,0.4268494271195504,0.12053651326224755,336.0,336.0,336.0,264,-1,0.2820756435394287,0.2855973243713379,,,
D,D_SparseFIR_K2_colored_SNR10,RIVER_SGD_LINREG,7409,{},10000,32,SUCCESS,,1.0,369764777.64987236,1928.923875691614,153837146.69396654,,,,-1,-1,0.6020526885986328,0.6045596599578857,,,
D,D_SparseFIR_K2_colored_SNR10,RIVER_HATR,7409,{},10000,32,SUCCESS,,1.0,0.5306808117666754,0.5482392146063383,0.2207847443077072,,,,-1,-1,6.037020921707153,6.041044235229492,,,
D,D_SparseFIR_K2_colored_SNR10,Track_B,7409,{},10000,32,SUCCESS,,1.0,0.2815608799326654,0.4168836988831347,0.11714074732801606,143.0397142857143,166.0,166.0,584,32,2.6051909923553467,2.6087067127227783,,,
D,D_SparseFIR_K2_colored_SNR10,B1_RZA_LMS,7409,"{""learning_rate"": 0.01, ""rho_zero_attraction"": 0.001, ""epsilon_reweight"": 10.0}",10000,32,SUCCESS,,1.0,0.2681678433646095,0.4071956631857761,0.11156870083864331,321.0,321.0,321.0,320,31,0.2277984619140625,0.23030424118041992,,,
D,D_SparseFIR_K2_colored_SNR10,B2_CCN,7409,"{""readout_lr"": 0.01, ""recurrent_lr"": 0.001, ""max_columns"": 1}",10000,32,SUCCESS,,1.0,0.2903121101971119,0.4237670204723078,0.12078161410418885,353.0,353.0,353.0,632,66,2.111814260482788,2.115323781967163,,,
D,D_SparseFIR_K2_colored_SNR10,B4_MINIMAL_GRU,7409,"{""learning_rate"": 0.01, ""weight_decay"": 0.999}",10000,32,SUCCESS,,1.0,0.7633786326321759,0.672176780545265,0.31759647697562726,441.0,441.0,441.0,888,103,0.4083089828491211,0.41132450103759766,,,
D,D_SparseFIR_K2_colored_SNR10,S1_VARIABLE_TAP_LMS,7409,"{""learning_rate"": 0.01, ""tap_leakage"": 0.0001}",10000,32,SUCCESS,,1.0,0.35903013526574473,0.4523984727009846,0.14937110002059192,154.11457142857142,185.0,185.0,544,30,0.21204805374145508,0.2140522003173828,,,
D,D_SparseFIR_K2_colored_SNR10,S2_LRU_STREAM,7409,"{""state_lr"": 0.001, ""readout_lr"": 0.01, ""state_decay"": 0.9}",10000,32,NUMERICAL_DIVERGENCE,1709.0,0.1709,inf,inf,inf,0.0,0.0,0.0,600,66,0.03304910659790039,0.034049034118652344,,,
D,D_SparseFIR_K2_colored_SNR10,S3_RSONN,7409,"{""learning_rate"": 0.02, ""growth_threshold"": 0.05, ""pruning_threshold"": 0.001}",10000,32,SUCCESS,,1.0,0.342013940541012,0.4583331912106205,0.14229167276773302,850.0,850.0,850.0,1280,148,0.5795073509216309,0.5830156803131104,,,
D,D_SparseFIR_K2_colored_SNR10,S5_CONTINUAL_BACKPROP,7409,"{""learning_rate"": 0.01, ""replacement_rate"": 0.0001, ""maturity_threshold"": 100}",10000,32,SUCCESS,,1.0,0.29070443457953016,0.4244501937805547,0.12094483696157753,197.0,197.0,197.0,832,32,0.28719019889831543,0.2901899814605713,,,
D,D_SparseFIR_K2_colored_SNR10,C1_CURRENT_ONLY_LINEAR,7409,"{""learning_rate"": 0.01}",10000,32,SUCCESS,,1.0,0.2907038378724216,0.424449718193361,0.12094458870721544,129.0,129.0,129.0,288,32,0.8426785469055176,0.8466911315917969,,,
D,D_SparseFIR_K2_colored_SNR10,C2_NLMS,7409,"{""step_size"": 0.2}",10000,32,SUCCESS,,1.0,0.27830391109759367,0.41488915746945454,0.115785716176474,197.0,197.0,197.0,288,32,0.1708071231842041,0.1748349666595459,,,
D,D_SparseFIR_K2_colored_SNR10,C4_FIXED_LAG_LINEAR,7409,"{""max_lag"": 32, ""learning_rate"": 0.01}",10000,32,SUCCESS,,1.0,0.2906835363052782,0.42443145003705857,0.1209361424317681,129.0,129.0,129.0,544,32,0.4851229190826416,0.4871237277984619,,,
D,D_SparseFIR_K2_colored_SNR10,LEBRE_V04,7410,{},10000,32,SUCCESS,,1.0,0.3574119396948784,0.46908926565461234,0.10437145154467294,285.28,310.0,669.0,6416,-1,0.4717137813568115,0.47422170639038086,0.9026052104208416,0.0,0.0
D,D_SparseFIR_K2_colored_SNR10,LEBRE_V032,7410,{},10000,32,SUCCESS,,1.0,0.4164513301332285,0.4995509303305715,0.12161213713459416,248.8,308.0,308.0,6524,-1,1.2739777565002441,1.2779903411865234,,,
D,D_SparseFIR_K2_colored_SNR10,CTRL_PERSISTENCE,7410,{},10000,32,SUCCESS,,1.0,1.515540207968325,0.9843965509587906,0.4425681232557778,0.0,0.0,0.0,4,-1,0.12075066566467285,0.12325477600097656,,,
D,D_SparseFIR_K2_colored_SNR10,CTRL_ARX_NLMS,7410,{},10000,32,SUCCESS,,1.0,0.42603838950519624,0.5037545431549717,0.12441175066611596,206.0,206.0,206.0,140,-1,0.1806964874267578,0.18244147300720215,,,
D,D_SparseFIR_K2_colored_SNR10,IPNLMS,7410,"{""mu"": 0.5}",10000,32,SUCCESS,,1.0,0.4079536622178749,0.5090639030212774,0.11913064774778967,336.0,336.0,336.0,264,-1,1.4122891426086426,1.4163057804107666,,,
D,D_SparseFIR_K2_colored_SNR10,RIVER_SGD_LINREG,7410,{},10000,32,SUCCESS,,1.0,0.620765302533642,0.5928684902854381,0.18127591302438148,,,,-1,-1,0.6182844638824463,0.6202847957611084,,,
D,D_SparseFIR_K2_colored_SNR10,RIVER_HATR,7410,{},10000,32,SUCCESS,,1.0,0.856691971727284,0.679025224069458,0.25017123012783843,,,,-1,-1,7.262940883636475,7.266948938369751,,,
D,D_SparseFIR_K2_colored_SNR10,Track_B,7410,{},10000,32,SUCCESS,,1.0,0.3968039128470894,0.4930696785330054,0.11587469740885681,143.614,166.0,166.0,584,32,0.4713876247406006,0.4743971824645996,,,
D,D_SparseFIR_K2_colored_SNR10,B1_RZA_LMS,7410,"{""learning_rate"": 0.01, ""rho_zero_attraction"": 0.001, ""epsilon_reweight"": 10.0}",10000,32,SUCCESS,,1.0,0.38043537756290774,0.4865980637745282,0.11109475696050834,321.0,321.0,321.0,320,32,1.0537495613098145,1.0572586059570312,,,
D,D_SparseFIR_K2_colored_SNR10,B2_CCN,7410,"{""readout_lr"": 0.01, ""recurrent_lr"": 0.001, ""max_columns"": 1}",10000,32,SUCCESS,,1.0,0.40895943722694666,0.5044125073348801,0.11942435421353839,353.0,353.0,353.0,632,66,0.7755575180053711,0.7780892848968506,,,
D,D_SparseFIR_K2_colored_SNR10,B4_MINIMAL_GRU,7410,"{""learning_rate"": 0.01, ""weight_decay"": 0.999}",10000,32,SUCCESS,,1.0,1.7566749791018383,1.0263038625073806,0.5129843105341961,441.0,441.0,441.0,888,103,0.3854348659515381,0.3874392509460449,,,
D,D_SparseFIR_K2_colored_SNR10,S1_VARIABLE_TAP_LMS,7410,"{""learning_rate"": 0.01, ""tap_leakage"": 0.0001}",10000,32,SUCCESS,,1.0,0.4010378537781918,0.499456319853473,0.11711109303993397,179.654,185.0,185.0,544,30,0.19881963729858398,0.20087599754333496,,,
D,D_SparseFIR_K2_colored_SNR10,S2_LRU_STREAM,7410,"{""state_lr"": 0.001, ""readout_lr"": 0.01, ""state_decay"": 0.9}",10000,32,NUMERICAL_DIVERGENCE,5398.0,0.5398,inf,inf,inf,268.0,268.0,268.0,600,66,0.1139070987701416,0.11591076850891113,,,
D,D_SparseFIR_K2_colored_SNR10,S3_RSONN,7410,"{""learning_rate"": 0.02, ""growth_threshold"": 0.05, ""pruning_threshold"": 0.001}",10000,32,SUCCESS,,1.0,0.5032868642533449,0.5547424284618725,0.14696985391795264,850.0,850.0,850.0,1280,148,2.6010594367980957,2.606590747833252,,,
D,D_SparseFIR_K2_colored_SNR10,S5_CONTINUAL_BACKPROP,7410,"{""learning_rate"": 0.01, ""replacement_rate"": 0.0001, ""maturity_threshold"": 100}",10000,32,SUCCESS,,1.0,0.4086572430025735,0.5040267667500381,0.1193361074418352,197.0,197.0,197.0,832,32,0.29833126068115234,0.3013300895690918,,,
D,D_SparseFIR_K2_colored_SNR10,C1_CURRENT_ONLY_LINEAR,7410,"{""learning_rate"": 0.01}",10000,32,SUCCESS,,1.0,0.40865689147907897,0.504026340883185,0.1193360047899277,129.0,129.0,129.0,288,32,0.7979075908660889,0.8016567230224609,,,
D,D_SparseFIR_K2_colored_SNR10,C2_NLMS,7410,"{""step_size"": 0.2}",10000,32,SUCCESS,,1.0,0.39160320635367035,0.48934476421349854,0.11435598685251853,197.0,197.0,197.0,288,32,0.1645190715789795,0.16662073135375977,,,
D,D_SparseFIR_K2_colored_SNR10,C4_FIXED_LAG_LINEAR,7410,"{""max_lag"": 32, ""learning_rate"": 0.01}",10000,32,SUCCESS,,1.0,0.40863453686890383,0.5040027406250306,0.11932947679560639,129.0,129.0,129.0,544,32,0.16544103622436523,0.16744065284729004,,,
D,D_SparseFIR_K6_white_SNR10,LEBRE_V04,7401,{},10000,32,SUCCESS,,1.0,0.6574218092030679,0.6385303447790014,0.11879326018149974,285.28,310.0,669.0,6416,-1,0.4185018539428711,0.42150068283081055,0.9011022044088176,0.0,0.0
D,D_SparseFIR_K6_white_SNR10,LEBRE_V032,7401,{},10000,32,SUCCESS,,1.0,0.7204752662139036,0.656859978077766,0.1301867454890697,251.84714285714287,308.0,323.0,6524,-1,0.3726496696472168,0.37668585777282715,,,
D,D_SparseFIR_K6_white_SNR10,CTRL_PERSISTENCE,7401,{},10000,32,SUCCESS,,1.0,10.86175196926598,2.6230670702439154,1.9626713164201937,0.0,0.0,0.0,4,-1,0.12106537818908691,0.12306952476501465,,,
D,D_SparseFIR_K6_white_SNR10,CTRL_ARX_NLMS,7401,{},10000,32,SUCCESS,,1.0,0.7871741781759325,0.6776586029972635,0.14223894864328668,206.0,206.0,206.0,140,-1,0.18873119354248047,0.19173979759216309,,,
D,D_SparseFIR_K6_white_SNR10,IPNLMS,7401,"{""mu"": 0.1}",10000,32,SUCCESS,,1.0,0.6588988936524927,0.6381517174409915,0.11906016291404412,336.0,336.0,336.0,264,-1,1.3948707580566406,1.5246050357818604,,,
D,D_SparseFIR_K6_white_SNR10,RIVER_SGD_LINREG,7401,{},10000,32,SUCCESS,,1.0,0.8767213868036999,0.7387892062895752,0.1584197395816652,,,,-1,-1,0.5966651439666748,0.5996661186218262,,,
D,D_SparseFIR_K6_white_SNR10,RIVER_HATR,7401,{},10000,32,SUCCESS,,1.0,1.3511758843971848,0.9156633344039383,0.24415160272935735,,,,-1,-1,25.381752252578735,25.386255025863647,,,
D,D_SparseFIR_K6_white_SNR10,Track_B,7401,{},10000,32,SUCCESS,,1.0,0.7269873243656095,0.6620177686763917,0.1313634460601542,144.64971428571428,166.0,166.0,584,35,0.488828182220459,0.492828369140625,,,
D,D_SparseFIR_K6_white_SNR10,B1_RZA_LMS,7401,"{""learning_rate"": 0.01, ""rho_zero_attraction"": 0.001, ""epsilon_reweight"": 10.0}",10000,32,SUCCESS,,1.0,0.6720031088372904,0.6423673023353201,0.12142803757553287,321.0,321.0,321.0,320,31,0.21106219291687012,0.2150712013244629,,,
D,D_SparseFIR_K6_white_SNR10,B2_CCN,7401,"{""readout_lr"": 0.01, ""recurrent_lr"": 0.001, ""max_columns"": 1}",10000,32,SUCCESS,,1.0,0.7286320282746656,0.67089315141743,0.1316606368996654,353.0,353.0,353.0,632,66,1.7906246185302734,1.793628215789795,,,
D,D_SparseFIR_K6_white_SNR10,B4_MINIMAL_GRU,7401,"{""learning_rate"": 0.01, ""weight_decay"": 0.999}",10000,32,SUCCESS,,1.0,4.731691563837895,1.6162792227627647,0.8549960758420477,441.0,441.0,441.0,888,103,0.3847389221191406,0.3869471549987793,,,
D,D_SparseFIR_K6_white_SNR10,S1_VARIABLE_TAP_LMS,7401,"{""learning_rate"": 0.03, ""tap_leakage"": 0.001}",10000,32,SUCCESS,,1.0,1.1794196394349137,0.854798898336143,0.2131159966542657,184.52857142857144,185.0,185.0,544,30,1.1368532180786133,1.1398570537567139,,,
D,D_SparseFIR_K6_white_SNR10,S2_LRU_STREAM,7401,"{""state_lr"": 0.001, ""readout_lr"": 0.01, ""state_decay"": 0.9}",10000,32,SUCCESS,,1.0,0.7296389056201568,0.6711567102012105,0.13184257525461407,268.0,268.0,268.0,600,66,0.7228384017944336,0.7268402576446533,,,
D,D_SparseFIR_K6_white_SNR10,S3_RSONN,7401,"{""learning_rate"": 0.02, ""growth_threshold"": 0.1, ""pruning_threshold"": 0.001}",10000,32,SUCCESS,,1.0,1.4044101253569914,0.9218617832708935,0.25377079842438427,849.7222857142857,850.0,850.0,1280,148,0.9198205471038818,0.9228248596191406,,,
D,D_SparseFIR_K6_white_SNR10,S5_CONTINUAL_BACKPROP,7401,"{""learning_rate"": 0.01, ""replacement_rate"": 0.001, ""maturity_threshold"": 100}",10000,32,SUCCESS,,1.0,0.7286981173926511,0.6707775556188098,0.13167257891570155,197.0,197.0,197.0,832,32,0.29662013053894043,0.2991294860839844,,,
D,D_SparseFIR_K6_white_SNR10,C1_CURRENT_ONLY_LINEAR,7401,"{""learning_rate"": 0.01}",10000,32,SUCCESS,,1.0,0.7286981173926509,0.6707775556188096,0.13167257891570153,129.0,129.0,129.0,288,32,0.16657638549804688,0.16957569122314453,,,
D,D_SparseFIR_K6_white_SNR10,C2_NLMS,7401,"{""step_size"": 0.2}",10000,32,SUCCESS,,1.0,0.7202220291726348,0.6602082848476196,0.13014098665766205,197.0,197.0,197.0,288,32,0.1737363338470459,0.17681241035461426,,,
D,D_SparseFIR_K6_white_SNR10,C4_FIXED_LAG_LINEAR,7401,"{""max_lag"": 32, ""learning_rate"": 0.01}",10000,32,SUCCESS,,1.0,0.728624716162032,0.6707396786947941,0.13165931563273084,129.0,129.0,129.0,544,32,0.9748713970184326,0.977374792098999,,,
D,D_SparseFIR_K6_white_SNR10,LEBRE_V04,7402,{},10000,32,SUCCESS,,1.0,1.661093189858973,0.9844336562464963,0.1050541212797753,285.28,310.0,669.0,6416,-1,0.43180036544799805,0.4360501766204834,0.9017034068136273,0.0,0.0
D,D_SparseFIR_K6_white_SNR10,LEBRE_V032,7402,{},10000,32,SUCCESS,,1.0,1.883279864484376,1.0182548374436202,0.11910608778312891,248.8,308.0,308.0,6524,-1,1.875610113143921,1.8776164054870605,,,
D,D_SparseFIR_K6_white_SNR10,CTRL_PERSISTENCE,7402,{},10000,32,SUCCESS,,1.0,32.450667902724014,4.533470504827034,2.0523089386405293,0.0,0.0,0.0,4,-1,0.6803996562957764,0.6824181079864502,,,
D,D_SparseFIR_K6_white_SNR10,CTRL_ARX_NLMS,7402,{},10000,32,SUCCESS,,1.0,2.076086995292275,1.0537293045797314,0.1312999754151757,206.0,206.0,206.0,140,-1,0.20826458930969238,0.21028804779052734,,,
D,D_SparseFIR_K6_white_SNR10,IPNLMS,7402,"{""mu"": 0.1}",10000,32,SUCCESS,,1.0,1.5875880617166627,0.9630309920749915,0.10040536545217282,336.0,336.0,336.0,264,-1,0.26732444763183594,0.2703280448913574,,,
D,D_SparseFIR_K6_white_SNR10,RIVER_SGD_LINREG,7402,{},10000,32,SUCCESS,,1.0,2.009956908297821,1.1149178751819921,0.12711764643943216,,,,-1,-1,0.6238880157470703,0.625891923904419,,,
D,D_SparseFIR_K6_white_SNR10,RIVER_HATR,7402,{},10000,32,SUCCESS,,1.0,3.4714393144763234,1.4302225949204959,0.2195475900959764,,,,-1,-1,10.816392660140991,10.820904016494751,,,
D,D_SparseFIR_K6_white_SNR10,Track_B,7402,{},10000,32,SUCCESS,,1.0,1.7046669391489642,0.9997773171053154,0.10780989799987245,146.01657142857144,166.0,166.0,584,35,2.5514984130859375,2.553515911102295,,,
D,D_SparseFIR_K6_white_SNR10,B1_RZA_LMS,7402,"{""learning_rate"": 0.01, ""rho_zero_attraction"": 0.001, ""epsilon_reweight"": 10.0}",10000,32,SUCCESS,,1.0,1.6065353514393392,0.9815269019422596,0.10160366719984185,321.0,321.0,321.0,320,32,0.21814203262329102,0.22115206718444824,,,
D,D_SparseFIR_K6_white_SNR10,B2_CCN,7402,"{""readout_lr"": 0.01, ""recurrent_lr"": 0.001, ""max_columns"": 1}",10000,32,SUCCESS,,1.0,1.6961702935932164,1.0114016942732478,0.10727253643693654,353.0,353.0,353.0,632,66,1.8642632961273193,1.8682889938354492,,,
D,D_SparseFIR_K6_white_SNR10,B4_MINIMAL_GRU,7402,"{""learning_rate"": 0.01, ""weight_decay"": 0.999}",10000,32,SUCCESS,,1.0,14.881661989182813,2.952936088958292,0.941175325382536,441.0,441.0,441.0,888,103,1.2889792919158936,1.291982889175415,,,
D,D_SparseFIR_K6_white_SNR10,S1_VARIABLE_TAP_LMS,7402,"{""learning_rate"": 0.03, ""tap_leakage"": 0.001}",10000,32,SUCCESS,,1.0,2.4218618793280893,1.2254927056675107,0.15316815043676055,184.98371428571429,185.0,185.0,544,30,0.2046523094177246,0.20841693878173828,,,
D,D_SparseFIR_K6_white_SNR10,S2_LRU_STREAM,7402,"{""state_lr"": 0.001, ""readout_lr"": 0.01, ""state_decay"": 0.9}",10000,32,SUCCESS,,1.0,1.6976055792471874,1.0119121925704702,0.10736330959408627,268.0,268.0,268.0,600,66,1.0836660861968994,1.0871772766113281,,,
D,D_SparseFIR_K6_white_SNR10,S3_RSONN,7402,"{""learning_rate"": 0.02, ""growth_threshold"": 0.1, ""pruning_threshold"": 0.001}",10000,32,SUCCESS,,1.0,4.685473470719951,1.6667875261078775,0.2963279250383139,850.0,850.0,850.0,1280,148,0.5881752967834473,0.5899207592010498,,,
D,D_SparseFIR_K6_white_SNR10,S5_CONTINUAL_BACKPROP,7402,"{""learning_rate"": 0.01, ""replacement_rate"": 0.001, ""maturity_threshold"": 100}",10000,32,SUCCESS,,1.0,1.6962685906003891,1.0111092858045347,0.1072787531295195,197.0,197.0,197.0,832,32,0.3143739700317383,0.3163774013519287,,,
D,D_SparseFIR_K6_white_SNR10,C1_CURRENT_ONLY_LINEAR,7402,"{""learning_rate"": 0.01}",10000,32,SUCCESS,,1.0,1.6962685906003891,1.0111092858045347,0.1072787531295195,129.0,129.0,129.0,288,32,0.18244695663452148,0.18444466590881348,,,
D,D_SparseFIR_K6_white_SNR10,C2_NLMS,7402,"{""step_size"": 0.2}",10000,32,SUCCESS,,1.0,1.675717747296849,0.9915797410117652,0.10597903629364765,197.0,197.0,197.0,288,32,0.7969539165496826,0.8009557723999023,,,
D,D_SparseFIR_K6_white_SNR10,C4_FIXED_LAG_LINEAR,7402,"{""max_lag"": 32, ""learning_rate"": 0.01}",10000,32,SUCCESS,,1.0,1.6961582890132982,1.0110532216607755,0.10727177721969194,129.0,129.0,129.0,544,32,0.17085671424865723,0.17286205291748047,,,
D,D_SparseFIR_K6_white_SNR10,LEBRE_V04,7403,{},10000,32,SUCCESS,,1.0,0.7519239337568403,0.6439645982397527,0.12953754638231355,285.28,310.0,669.0,6416,-1,0.46004700660705566,0.4625740051269531,0.9046092184368737,0.0,0.0
D,D_SparseFIR_K6_white_SNR10,LEBRE_V032,7403,{},10000,32,SUCCESS,,1.0,0.8675919963829889,0.6698500842716335,0.14946423890362442,248.8,308.0,308.0,6524,-1,0.3466024398803711,0.34860658645629883,,,
D,D_SparseFIR_K6_white_SNR10,CTRL_PERSISTENCE,7403,{},10000,32,SUCCESS,,1.0,11.757258449636472,2.7391790271635483,2.025479364833129,0.0,0.0,0.0,4,-1,0.12344670295715332,0.1269536018371582,,,
D,D_SparseFIR_K6_white_SNR10,CTRL_ARX_NLMS,7403,{},10000,32,SUCCESS,,1.0,0.9191815710147864,0.6814577029351858,0.15835182262944233,206.0,206.0,206.0,140,-1,0.19652032852172852,0.19951868057250977,,,
D,D_SparseFIR_K6_white_SNR10,IPNLMS,7403,"{""mu"": 0.1}",10000,32,SUCCESS,,1.0,0.730524195996379,0.6364137052630406,0.12585091080886532,336.0,336.0,336.0,264,-1,0.3266482353210449,0.329648494720459,,,
D,D_SparseFIR_K6_white_SNR10,RIVER_SGD_LINREG,7403,{},10000,32,SUCCESS,,1.0,0.8370449335942413,0.7132922355913738,0.14420174972726515,,,,-1,-1,2.213325023651123,2.216325044631958,,,
D,D_SparseFIR_K6_white_SNR10,RIVER_HATR,7403,{},10000,32,SUCCESS,,1.0,1.3652589214603863,0.9061805264850776,0.23519970960218597,,,,-1,-1,23.50608491897583,23.509495496749878,,,
D,D_SparseFIR_K6_white_SNR10,Track_B,7403,{},10000,32,SUCCESS,,1.0,0.7498643568308438,0.6479642795535548,0.12918273317634704,143.8257142857143,166.0,166.0,584,32,0.49060654640197754,0.4931154251098633,,,
D,D_SparseFIR_K6_white_SNR10,B1_RZA_LMS,7403,"{""learning_rate"": 0.01, ""rho_zero_attraction"": 0.001, ""epsilon_reweight"": 10.0}",10000,32,SUCCESS,,1.0,0.6594201970814266,0.6195622876159406,0.11360148351454517,321.0,321.0,321.0,320,32,1.2420048713684082,1.2440085411071777,,,
D,D_SparseFIR_K6_white_SNR10,B2_CCN,7403,"{""readout_lr"": 0.01, ""recurrent_lr"": 0.001, ""max_columns"": 1}",10000,32,SUCCESS,,1.0,0.7144450515719823,0.647518521118495,0.12308087939590492,353.0,353.0,353.0,632,66,2.0044939517974854,2.007998466491699,,,
D,D_SparseFIR_K6_white_SNR10,B4_MINIMAL_GRU,7403,"{""learning_rate"": 0.01, ""weight_decay"": 0.999}",10000,32,SUCCESS,,1.0,4.923979291153841,1.6630231052173376,0.84827755465443,441.0,441.0,441.0,888,103,0.38722729682922363,0.39124417304992676,,,
D,D_SparseFIR_K6_white_SNR10,S1_VARIABLE_TAP_LMS,7403,"{""learning_rate"": 0.03, ""tap_leakage"": 0.001}",10000,32,SUCCESS,,1.0,1.0633674964628528,0.8128684756843678,0.18319142430575458,184.946,185.0,185.0,544,30,0.20660614967346191,0.2086048126220703,,,
D,D_SparseFIR_K6_white_SNR10,S2_LRU_STREAM,7403,"{""state_lr"": 0.001, ""readout_lr"": 0.01, ""state_decay"": 0.9}",10000,32,SUCCESS,,1.0,0.7143137618995551,0.6479624606696555,0.12305826149365703,268.0,268.0,268.0,600,66,0.18880796432495117,0.19181585311889648,,,
D,D_SparseFIR_K6_white_SNR10,S3_RSONN,7403,"{""learning_rate"": 0.02, ""growth_threshold"": 0.1, ""pruning_threshold"": 0.001}",10000,32,SUCCESS,,1.0,1.3827008925528015,0.9087345217396875,0.23820452170876982,850.0,850.0,850.0,1280,148,0.6056079864501953,0.6076276302337646,,,
D,D_SparseFIR_K6_white_SNR10,S5_CONTINUAL_BACKPROP,7403,"{""learning_rate"": 0.01, ""replacement_rate"": 0.001, ""maturity_threshold"": 100}",10000,32,SUCCESS,,1.0,0.7129084201303462,0.6467381355695164,0.122816156519418,197.0,197.0,197.0,832,32,1.452305793762207,1.4553146362304688,,,
D,D_SparseFIR_K6_white_SNR10,C1_CURRENT_ONLY_LINEAR,7403,"{""learning_rate"": 0.01}",10000,32,SUCCESS,,1.0,0.7129084201303462,0.6467381355695164,0.122816156519418,129.0,129.0,129.0,288,32,0.2091691493988037,0.211167573928833,,,
D,D_SparseFIR_K6_white_SNR10,C2_NLMS,7403,"{""step_size"": 0.2}",10000,32,SUCCESS,,1.0,0.7366441658126042,0.6442426308609075,0.12690522739374477,197.0,197.0,197.0,288,32,0.16997313499450684,0.1734757423400879,,,
D,D_SparseFIR_K6_white_SNR10,C4_FIXED_LAG_LINEAR,7403,"{""max_lag"": 32, ""learning_rate"": 0.01}",10000,32,SUCCESS,,1.0,0.7129108489207987,0.646715616413027,0.12281657493881094,129.0,129.0,129.0,544,32,0.16805410385131836,0.1700577735900879,,,
D,D_SparseFIR_K6_white_SNR10,LEBRE_V04,7404,{},10000,32,SUCCESS,,1.0,0.8893269551415891,0.7145840705529876,0.12516141117840998,285.28,310.0,669.0,6416,-1,0.4657175540924072,0.46773791313171387,0.9001002004008016,0.0,0.0
D,D_SparseFIR_K6_white_SNR10,LEBRE_V032,7404,{},10000,32,SUCCESS,,1.0,0.9766878661589418,0.737568085082205,0.1374563437018738,252.08714285714285,308.0,323.0,6524,-1,0.3743736743927002,0.37688469886779785,,,
D,D_SparseFIR_K6_white_SNR10,CTRL_PERSISTENCE,7404,{},10000,32,SUCCESS,,1.0,13.503882671808903,2.9215726386273477,1.9004990254930367,0.0,0.0,0.0,4,-1,0.13426947593688965,0.13629627227783203,,,
D,D_SparseFIR_K6_white_SNR10,CTRL_ARX_NLMS,7404,{},10000,32,SUCCESS,,1.0,1.0427157354149381,0.7553420630735447,0.14674892304561846,206.0,206.0,206.0,140,-1,1.0031909942626953,1.1345512866973877,,,
D,D_SparseFIR_K6_white_SNR10,IPNLMS,7404,"{""mu"": 0.1}",10000,32,SUCCESS,,1.0,0.8348090234853784,0.7022252424704147,0.11748870855630959,336.0,336.0,336.0,264,-1,1.2991156578063965,1.302119493484497,,,
D,D_SparseFIR_K6_white_SNR10,RIVER_SGD_LINREG,7404,{},10000,32,SUCCESS,,1.0,1.0261708685936302,0.801302332925047,0.14442044433805012,,,,-1,-1,0.5739619731903076,0.5779902935028076,,,
D,D_SparseFIR_K6_white_SNR10,RIVER_HATR,7404,{},10000,32,SUCCESS,,1.0,1.8010771482623775,1.0458704454999528,0.25347860673110456,,,,-1,-1,5.907209634780884,5.911210298538208,,,
D,D_SparseFIR_K6_white_SNR10,Track_B,7404,{},10000,32,SUCCESS,,1.0,0.8775403044272937,0.725652936451275,0.12350259061985247,146.14714285714285,166.0,166.0,584,32,0.4553842544555664,0.457395076751709,,,
D,D_SparseFIR_K6_white_SNR10,B1_RZA_LMS,7404,"{""learning_rate"": 0.01, ""rho_zero_attraction"": 0.001, ""epsilon_reweight"": 10.0}",10000,32,SUCCESS,,1.0,0.7999167175539407,0.6962405693376065,0.1125780621125028,321.0,321.0,321.0,320,32,0.21184730529785156,0.21435260772705078,,,
D,D_SparseFIR_K6_white_SNR10,B2_CCN,7404,"{""readout_lr"": 0.01, ""recurrent_lr"": 0.001, ""max_columns"": 1}",10000,32,SUCCESS,,1.0,0.8665839368716776,0.7260879403558992,0.12196062181218045,353.0,353.0,353.0,632,66,0.3703114986419678,0.3728175163269043,,,
D,D_SparseFIR_K6_white_SNR10,B4_MINIMAL_GRU,7404,"{""learning_rate"": 0.01, ""weight_decay"": 0.999}",10000,32,SUCCESS,,1.0,5.961053864416239,1.830515390030442,0.8389422017036081,441.0,441.0,441.0,888,103,0.3861961364746094,0.3882007598876953,,,
D,D_SparseFIR_K6_white_SNR10,S1_VARIABLE_TAP_LMS,7404,"{""learning_rate"": 0.03, ""tap_leakage"": 0.001}",10000,32,SUCCESS,,1.0,1.2245979595941852,0.8787925164416348,0.17234652324758032,184.60742857142858,185.0,185.0,544,30,1.0172185897827148,1.0202186107635498,,,
D,D_SparseFIR_K6_white_SNR10,S2_LRU_STREAM,7404,"{""state_lr"": 0.001, ""readout_lr"": 0.01, ""state_decay"": 0.9}",10000,32,SUCCESS,,1.0,0.869425786166975,0.7269700847972225,0.12236057580671462,268.0,268.0,268.0,600,66,0.19301438331604004,0.19552302360534668,,,
D,D_SparseFIR_K6_white_SNR10,S3_RSONN,7404,"{""learning_rate"": 0.02, ""growth_threshold"": 0.1, ""pruning_threshold"": 0.001}",10000,32,SUCCESS,,1.0,1.5746057917472427,0.9665388129149084,0.22160565560885928,850.0,850.0,850.0,1280,148,3.096449613571167,3.100217342376709,,,
D,D_SparseFIR_K6_white_SNR10,S5_CONTINUAL_BACKPROP,7404,"{""learning_rate"": 0.01, ""replacement_rate"": 0.001, ""maturity_threshold"": 100}",10000,32,SUCCESS,,1.0,0.8655708724094404,0.7253984338887993,0.12181804592715276,197.0,197.0,197.0,832,32,1.5291557312011719,1.5311603546142578,,,
D,D_SparseFIR_K6_white_SNR10,C1_CURRENT_ONLY_LINEAR,7404,"{""learning_rate"": 0.01}",10000,32,SUCCESS,,1.0,0.8655708724094404,0.7253984338887993,0.12181804592715276,129.0,129.0,129.0,288,32,0.17392253875732422,0.17642569541931152,,,
D,D_SparseFIR_K6_white_SNR10,C2_NLMS,7404,"{""step_size"": 0.2}",10000,32,SUCCESS,,1.0,0.8638666344458662,0.7185976986227206,0.12157819619891551,197.0,197.0,197.0,288,32,0.17281055450439453,0.17632317543029785,,,
D,D_SparseFIR_K6_white_SNR10,C4_FIXED_LAG_LINEAR,7404,"{""max_lag"": 32, ""learning_rate"": 0.01}",10000,32,SUCCESS,,1.0,0.8655153901343322,0.7253611182348959,0.1218102375055056,129.0,129.0,129.0,544,32,0.1753239631652832,0.17832469940185547,,,
D,D_SparseFIR_K6_white_SNR10,LEBRE_V04,7405,{},10000,32,SUCCESS,,1.0,1.2571888428471465,0.8385009218326224,0.11219307216652111,285.28,310.0,669.0,6416,-1,1.5442969799041748,1.5478219985961914,0.8997995991983968,0.0,0.0
D,D_SparseFIR_K6_white_SNR10,LEBRE_V032,7405,{},10000,32,SUCCESS,,1.0,1.407164685140522,0.8731035813725885,0.1255771000262889,248.8,308.0,308.0,6524,-1,0.3503079414367676,0.3543083667755127,,,
D,D_SparseFIR_K6_white_SNR10,CTRL_PERSISTENCE,7405,{},10000,32,SUCCESS,,1.0,21.43174375840118,3.6498722435684634,1.912595063041805,0.0,0.0,0.0,4,-1,0.12340593338012695,0.125410795211792,,,
D,D_SparseFIR_K6_white_SNR10,CTRL_ARX_NLMS,7405,{},10000,32,SUCCESS,,1.0,1.504933165594779,0.8941796624157349,0.1343020789708795,206.0,206.0,206.0,140,-1,0.1901872158050537,0.1931931972503662,,,
D,D_SparseFIR_K6_white_SNR10,IPNLMS,7405,"{""mu"": 0.1}",10000,32,SUCCESS,,1.0,1.2168928743703022,0.8303873894800433,0.10859701058431367,336.0,336.0,336.0,264,-1,1.366835117340088,1.3723490238189697,,,
D,D_SparseFIR_K6_white_SNR10,RIVER_SGD_LINREG,7405,{},10000,32,SUCCESS,,1.0,1.4447267160464232,0.9423196614079269,0.12892918167108225,,,,-1,-1,0.6186492443084717,0.6216485500335693,,,
D,D_SparseFIR_K6_white_SNR10,RIVER_HATR,7405,{},10000,32,SUCCESS,,1.0,2.2359738834027563,1.1734609193182846,0.1995410480218225,,,,-1,-1,7.397246837615967,7.400246858596802,,,
D,D_SparseFIR_K6_white_SNR10,Track_B,7405,{},10000,32,SUCCESS,,1.0,1.2685637279362454,0.8551826673968567,0.11320818084406632,144.86371428571428,166.0,166.0,584,37,0.5063130855560303,0.5093181133270264,,,
D,D_SparseFIR_K6_white_SNR10,B1_RZA_LMS,7405,"{""learning_rate"": 0.01, ""rho_zero_attraction"": 0.001, ""epsilon_reweight"": 10.0}",10000,32,SUCCESS,,1.0,1.161373998593885,0.8300115611418798,0.10364243810936129,321.0,321.0,321.0,320,32,0.21952509880065918,0.2215290069580078,,,
D,D_SparseFIR_K6_white_SNR10,B2_CCN,7405,"{""readout_lr"": 0.01, ""recurrent_lr"": 0.001, ""max_columns"": 1}",10000,32,SUCCESS,,1.0,1.2343381670324183,0.8585646285836334,0.1101538498688354,353.0,353.0,353.0,632,66,0.36974120140075684,0.37224435806274414,,,
D,D_SparseFIR_K6_white_SNR10,B4_MINIMAL_GRU,7405,"{""learning_rate"": 0.01, ""weight_decay"": 0.999}",10000,32,SUCCESS,,1.0,10.180125244814366,2.3929840564176854,0.9084868456747408,441.0,441.0,441.0,888,103,0.37976503372192383,0.3827650547027588,,,
D,D_SparseFIR_K6_white_SNR10,S1_VARIABLE_TAP_LMS,7405,"{""learning_rate"": 0.03, ""tap_leakage"": 0.001}",10000,32,SUCCESS,,1.0,1.7334600059674459,1.0338432908314938,0.15469609411012694,184.82942857142856,185.0,185.0,544,30,0.21416187286376953,0.21616578102111816,,,
D,D_SparseFIR_K6_white_SNR10,S2_LRU_STREAM,7405,"{""state_lr"": 0.001, ""readout_lr"": 0.01, ""state_decay"": 0.9}",10000,32,SUCCESS,,1.0,1.2361665630182428,0.8597413966931087,0.11031701816606752,268.0,268.0,268.0,600,66,0.9514069557189941,0.9531521797180176,,,
D,D_SparseFIR_K6_white_SNR10,S3_RSONN,7405,"{""learning_rate"": 0.02, ""growth_threshold"": 0.1, ""pruning_threshold"": 0.001}",10000,32,SUCCESS,,1.0,2.7406221910689244,1.2611584347137001,0.24457648110161395,850.0,850.0,850.0,1280,148,0.5838563442230225,0.588371992111206,,,
D,D_SparseFIR_K6_white_SNR10,S5_CONTINUAL_BACKPROP,7405,"{""learning_rate"": 0.01, ""replacement_rate"": 0.001, ""maturity_threshold"": 100}",10000,32,SUCCESS,,1.0,1.2328788552043963,0.858156005496347,0.11002361909390748,197.0,197.0,197.0,832,32,0.26874732971191406,0.2727546691894531,,,
D,D_SparseFIR_K6_white_SNR10,C1_CURRENT_ONLY_LINEAR,7405,"{""learning_rate"": 0.01}",10000,32,SUCCESS,,1.0,1.2328788552043963,0.858156005496347,0.11002361909390748,129.0,129.0,129.0,288,32,0.16298604011535645,0.16699552536010742,,,
D,D_SparseFIR_K6_white_SNR10,C2_NLMS,7405,"{""step_size"": 0.2}",10000,32,SUCCESS,,1.0,1.2424824282999574,0.8491370457798356,0.11088065371960988,197.0,197.0,197.0,288,32,0.8780941963195801,0.8811030387878418,,,
D,D_SparseFIR_K6_white_SNR10,C4_FIXED_LAG_LINEAR,7405,"{""max_lag"": 32, ""learning_rate"": 0.01}",10000,32,SUCCESS,,1.0,1.2328518641668846,0.8581225006247555,0.11002121038066076,129.0,129.0,129.0,544,32,0.18659663200378418,0.1885995864868164,,,
D,D_SparseFIR_K6_white_SNR10,LEBRE_V04,7406,{},10000,32,SUCCESS,,1.0,0.5777974035355752,0.5831948757422858,0.1260705039386961,285.28,310.0,669.0,6416,-1,0.4281158447265625,0.43012046813964844,0.9013026052104208,0.0,0.0
D,D_SparseFIR_K6_white_SNR10,LEBRE_V032,7406,{},10000,32,SUCCESS,,1.0,0.6758479129881354,0.6115967368616813,0.14746429536539823,248.8,308.0,308.0,6524,-1,0.41347336769104004,0.41698193550109863,,,
D,D_SparseFIR_K6_white_SNR10,CTRL_PERSISTENCE,7406,{},10000,32,SUCCESS,,1.0,9.154615934268678,2.382151669829742,1.997459727469006,0.0,0.0,0.0,4,-1,0.12974882125854492,0.13174986839294434,,,
D,D_SparseFIR_K6_white_SNR10,CTRL_ARX_NLMS,7406,{},10000,32,SUCCESS,,1.0,0.6928933495248465,0.6188651365736192,0.15118346537358593,206.0,206.0,206.0,140,-1,0.19807720184326172,0.20209264755249023,,,
D,D_SparseFIR_K6_white_SNR10,IPNLMS,7406,"{""mu"": 0.1}",10000,32,SUCCESS,,1.0,0.5665302196498673,0.5793382220509279,0.12361209976147189,336.0,336.0,336.0,264,-1,0.2858114242553711,0.29083704948425293,,,
D,D_SparseFIR_K6_white_SNR10,RIVER_SGD_LINREG,7406,{},10000,32,SUCCESS,,1.0,0.7162675770140802,0.6667825781136847,0.1562835240112914,,,,-1,-1,3.354853630065918,3.3578550815582275,,,
D,D_SparseFIR_K6_white_SNR10,RIVER_HATR,7406,{},10000,32,SUCCESS,,1.0,1.1778382776031306,0.8530780123591155,0.25699434491586437,,,,-1,-1,9.084988117218018,9.088990688323975,,,
D,D_SparseFIR_K6_white_SNR10,Track_B,7406,{},10000,32,SUCCESS,,1.0,0.6117445333808994,0.5995056663917876,0.13347748039910323,143.25885714285715,166.0,166.0,584,32,2.4114975929260254,2.4144983291625977,,,
D,D_SparseFIR_K6_white_SNR10,B1_RZA_LMS,7406,"{""learning_rate"": 0.01, ""rho_zero_attraction"": 0.001, ""epsilon_reweight"": 10.0}",10000,32,SUCCESS,,1.0,0.555069976975326,0.5772855732529466,0.12111157179025159,321.0,321.0,321.0,320,32,0.2110593318939209,0.21456575393676758,,,
D,D_SparseFIR_K6_white_SNR10,B2_CCN,7406,"{""readout_lr"": 0.01, ""recurrent_lr"": 0.001, ""max_columns"": 1}",10000,32,SUCCESS,,1.0,0.6043167783791639,0.6035009092868953,0.13185680711384448,353.0,353.0,353.0,632,66,0.37587618827819824,0.37888669967651367,,,
D,D_SparseFIR_K6_white_SNR10,B4_MINIMAL_GRU,7406,"{""learning_rate"": 0.01, ""weight_decay"": 0.999}",10000,32,SUCCESS,,1.0,3.8095573791935444,1.4504116232142914,0.8312131824052718,441.0,441.0,441.0,888,103,0.40767931938171387,0.41067981719970703,,,
D,D_SparseFIR_K6_white_SNR10,S1_VARIABLE_TAP_LMS,7406,"{""learning_rate"": 0.03, ""tap_leakage"": 0.001}",10000,32,SUCCESS,,1.0,1.5987920493580228,0.949348548683223,0.34884289566271204,184.46514285714287,185.0,185.0,544,30,0.21669816970825195,0.22071266174316406,,,
D,D_SparseFIR_K6_white_SNR10,S2_LRU_STREAM,7406,"{""state_lr"": 0.001, ""readout_lr"": 0.01, ""state_decay"": 0.9}",10000,32,SUCCESS,,1.0,0.6045785564443688,0.6034388000867346,0.13191392487241962,268.0,268.0,268.0,600,66,1.076746940612793,1.0802536010742188,,,
D,D_SparseFIR_K6_white_SNR10,S3_RSONN,7406,"{""learning_rate"": 0.02, ""growth_threshold"": 0.1, ""pruning_threshold"": 0.001}",10000,32,SUCCESS,,1.0,1.0195685269492596,0.7857110117043479,0.22246122465417603,850.0,850.0,850.0,1280,148,1.9445784091949463,1.948089838027954,,,
D,D_SparseFIR_K6_white_SNR10,S5_CONTINUAL_BACKPROP,7406,"{""learning_rate"": 0.01, ""replacement_rate"": 0.001, ""maturity_threshold"": 100}",10000,32,SUCCESS,,1.0,0.6035661111434669,0.6028976225536731,0.13169301787540988,197.0,197.0,197.0,832,32,0.28658437728881836,0.2910594940185547,,,
D,D_SparseFIR_K6_white_SNR10,C1_CURRENT_ONLY_LINEAR,7406,"{""learning_rate"": 0.01}",10000,32,SUCCESS,,1.0,0.6035661111434667,0.6028976225536729,0.13169301787540985,129.0,129.0,129.0,288,32,0.16373085975646973,0.16724014282226562,,,
D,D_SparseFIR_K6_white_SNR10,C2_NLMS,7406,"{""step_size"": 0.2}",10000,32,SUCCESS,,1.0,0.6023350582791798,0.5959352177848888,0.131424412557999,197.0,197.0,197.0,288,32,0.17419147491455078,0.17619609832763672,,,
D,D_SparseFIR_K6_white_SNR10,C4_FIXED_LAG_LINEAR,7406,"{""max_lag"": 32, ""learning_rate"": 0.01}",10000,32,SUCCESS,,1.0,0.6035292476117611,0.60286883885453,0.13168497456474307,129.0,129.0,129.0,544,32,0.19773626327514648,0.20176291465759277,,,
D,D_SparseFIR_K6_white_SNR10,LEBRE_V04,7407,{},10000,32,SUCCESS,,1.0,1.1028838147148499,0.789290691074559,0.13152294660010153,285.28,310.0,669.0,6416,-1,0.4362907409667969,0.4403190612792969,0.9011022044088176,0.0,0.0
D,D_SparseFIR_K6_white_SNR10,LEBRE_V032,7407,{},10000,32,SUCCESS,,1.0,1.2671827885898166,0.8227021505825619,0.1511162028244625,248.8,308.0,308.0,6524,-1,0.4070420265197754,0.4095585346221924,,,
D,D_SparseFIR_K6_white_SNR10,CTRL_PERSISTENCE,7407,{},10000,32,SUCCESS,,1.0,16.89979058442867,3.270432360528304,2.0153621124301213,0.0,0.0,0.0,4,-1,0.26401567459106445,0.26601552963256836,,,
D,D_SparseFIR_K6_white_SNR10,CTRL_ARX_NLMS,7407,{},10000,32,SUCCESS,,1.0,1.3485270324933523,0.8417194193263741,0.1608168027466007,206.0,206.0,206.0,140,-1,0.18981409072875977,0.1923236846923828,,,
D,D_SparseFIR_K6_white_SNR10,IPNLMS,7407,"{""mu"": 0.1}",10000,32,SUCCESS,,1.0,1.0352015846821674,0.7717065040982636,0.123451592022588,336.0,336.0,336.0,264,-1,0.28008317947387695,0.28208255767822266,,,
D,D_SparseFIR_K6_white_SNR10,RIVER_SGD_LINREG,7407,{},10000,32,SUCCESS,,1.0,1.267229186777768,0.8789897872238115,0.15112173597883005,,,,-1,-1,0.6264514923095703,0.6299550533294678,,,
D,D_SparseFIR_K6_white_SNR10,RIVER_HATR,7407,{},10000,32,SUCCESS,,1.0,2.082869289171799,1.1205744295715923,0.2483898146293518,,,,-1,-1,5.341103792190552,5.345109939575195,,,
D,D_SparseFIR_K6_white_SNR10,Track_B,7407,{},10000,32,SUCCESS,,1.0,1.0820493804896902,0.7931640830139295,0.12903836377870298,145.57885714285715,166.0,166.0,584,35,2.581139326095581,2.5831422805786133,,,
D,D_SparseFIR_K6_white_SNR10,B1_RZA_LMS,7407,"{""learning_rate"": 0.01, ""rho_zero_attraction"": 0.001, ""epsilon_reweight"": 10.0}",10000,32,SUCCESS,,1.0,1.01640403129491,0.7720045786777822,0.12120991472405586,321.0,321.0,321.0,320,32,0.22542071342468262,0.22792363166809082,,,
D,D_SparseFIR_K6_white_SNR10,B2_CCN,7407,"{""readout_lr"": 0.01, ""recurrent_lr"": 0.001, ""max_columns"": 1}",10000,32,SUCCESS,,1.0,1.0814641322651977,0.7986352399998093,0.12896857077788934,353.0,353.0,353.0,632,66,0.36373400688171387,0.3662395477294922,,,
D,D_SparseFIR_K6_white_SNR10,B4_MINIMAL_GRU,7407,"{""learning_rate"": 0.01, ""weight_decay"": 0.999}",10000,32,SUCCESS,,1.0,7.428736226502199,2.0761423248922592,0.8859040861680467,441.0,441.0,441.0,888,103,0.3883192539215088,0.3914053440093994,,,
D,D_SparseFIR_K6_white_SNR10,S1_VARIABLE_TAP_LMS,7407,"{""learning_rate"": 0.03, ""tap_leakage"": 0.001}",10000,32,SUCCESS,,1.0,1.544087188496006,0.9736580431184012,0.18413806978477426,184.70857142857142,185.0,185.0,544,30,0.205094575881958,0.20862078666687012,,,
D,D_SparseFIR_K6_white_SNR10,S2_LRU_STREAM,7407,"{""state_lr"": 0.001, ""readout_lr"": 0.01, ""state_decay"": 0.9}",10000,32,SUCCESS,,1.0,1.0801610634355223,0.7982836473729465,0.12881317503282988,268.0,268.0,268.0,600,66,0.18813681602478027,0.18914031982421875,,,
D,D_SparseFIR_K6_white_SNR10,S3_RSONN,7407,"{""learning_rate"": 0.02, ""growth_threshold"": 0.1, ""pruning_threshold"": 0.001}",10000,32,SUCCESS,,1.0,2.534413820418906,1.2209487183599255,0.3022381588324409,849.8457142857143,850.0,850.0,1280,148,0.5857458114624023,0.5887439250946045,,,
D,D_SparseFIR_K6_white_SNR10,S5_CONTINUAL_BACKPROP,7407,"{""learning_rate"": 0.01, ""replacement_rate"": 0.001, ""maturity_threshold"": 100}",10000,32,SUCCESS,,1.0,1.079837717690771,0.7980911450346906,0.1287746148648839,197.0,197.0,197.0,832,32,0.31087589263916016,0.31539058685302734,,,
D,D_SparseFIR_K6_white_SNR10,C1_CURRENT_ONLY_LINEAR,7407,"{""learning_rate"": 0.01}",10000,32,SUCCESS,,1.0,1.0798377176907712,0.7980911450346906,0.12877461486488392,129.0,129.0,129.0,288,32,0.15943574905395508,0.16143536567687988,,,
D,D_SparseFIR_K6_white_SNR10,C2_NLMS,7407,"{""step_size"": 0.2}",10000,32,SUCCESS,,1.0,1.1050309478964442,0.7929186093493795,0.13177900011999033,197.0,197.0,197.0,288,32,0.16489839553833008,0.1684122085571289,,,
D,D_SparseFIR_K6_white_SNR10,C4_FIXED_LAG_LINEAR,7407,"{""max_lag"": 32, ""learning_rate"": 0.01}",10000,32,SUCCESS,,1.0,1.0797219319530287,0.7980401470166095,0.1287608069902928,129.0,129.0,129.0,544,32,0.16790151596069336,0.17141008377075195,,,
D,D_SparseFIR_K6_white_SNR10,LEBRE_V04,7408,{},10000,32,SUCCESS,,1.0,0.9973845631244689,0.7369683456783729,0.11395446962635358,285.28,310.0,669.0,6416,-1,0.44298553466796875,0.44498515129089355,0.8952905811623246,0.0,0.0
D,D_SparseFIR_K6_white_SNR10,LEBRE_V032,7408,{},10000,32,SUCCESS,,1.0,1.1661466198438346,0.773719098212675,0.13323609015421006,248.8,308.0,308.0,6524,-1,0.35976123809814453,0.363269567489624,,,
D,D_SparseFIR_K6_white_SNR10,CTRL_PERSISTENCE,7408,{},10000,32,SUCCESS,,1.0,18.97689813616342,3.443646148991852,2.168173082091276,0.0,0.0,0.0,4,-1,0.12879467010498047,0.13079547882080078,,,
D,D_SparseFIR_K6_white_SNR10,CTRL_ARX_NLMS,7408,{},10000,32,SUCCESS,,1.0,1.26018229365657,0.7947287195866285,0.1439799754432686,206.0,206.0,206.0,140,-1,0.18991374969482422,0.19342327117919922,,,
D,D_SparseFIR_K6_white_SNR10,IPNLMS,7408,"{""mu"": 0.1}",10000,32,SUCCESS,,1.0,0.9714170250572927,0.7282829913478907,0.11098759291966254,336.0,336.0,336.0,264,-1,0.2709317207336426,0.2729313373565674,,,
D,D_SparseFIR_K6_white_SNR10,RIVER_SGD_LINREG,7408,{},10000,32,SUCCESS,,1.0,1.1462238822975916,0.8303170316445898,0.13095985180590927,,,,-1,-1,0.6015748977661133,0.6035752296447754,,,
D,D_SparseFIR_K6_white_SNR10,RIVER_HATR,7408,{},10000,32,SUCCESS,,1.0,1.8254987637387468,1.0533897475540206,0.2085692431149575,,,,-1,-1,5.946115016937256,5.950629234313965,,,
D,D_SparseFIR_K6_white_SNR10,Track_B,7408,{},10000,32,SUCCESS,,1.0,1.0294466500020738,0.7543942449296701,0.11761766859727608,145.07142857142858,166.0,166.0,584,32,0.4694535732269287,0.47196006774902344,,,
D,D_SparseFIR_K6_white_SNR10,B1_RZA_LMS,7408,"{""learning_rate"": 0.01, ""rho_zero_attraction"": 0.001, ""epsilon_reweight"": 10.0}",10000,32,SUCCESS,,1.0,0.887568861008392,0.7194240009061287,0.10140766415737673,321.0,321.0,321.0,320,32,0.20273256301879883,0.20523977279663086,,,
D,D_SparseFIR_K6_white_SNR10,B2_CCN,7408,"{""readout_lr"": 0.01, ""recurrent_lr"": 0.001, ""max_columns"": 1}",10000,32,SUCCESS,,1.0,0.95408401588964,0.7479579271709497,0.1090072395637403,353.0,353.0,353.0,632,66,1.9018702507019043,1.9058775901794434,,,
D,D_SparseFIR_K6_white_SNR10,B4_MINIMAL_GRU,7408,"{""learning_rate"": 0.01, ""weight_decay"": 0.999}",10000,32,SUCCESS,,1.0,7.815728040033413,2.0862268375878252,0.8929726571622106,441.0,441.0,441.0,888,103,0.37716126441955566,0.37922191619873047,,,
D,D_SparseFIR_K6_white_SNR10,S1_VARIABLE_TAP_LMS,7408,"{""learning_rate"": 0.03, ""tap_leakage"": 0.001}",10000,32,SUCCESS,,1.0,1.3659673426109478,0.9113969961245652,0.15606626552001765,184.5517142857143,185.0,185.0,544,30,0.20347094535827637,0.20547986030578613,,,
D,D_SparseFIR_K6_white_SNR10,S2_LRU_STREAM,7408,"{""state_lr"": 0.001, ""readout_lr"": 0.01, ""state_decay"": 0.9}",10000,32,SUCCESS,,1.0,0.9538956627947319,0.7475725211849246,0.10898571960260765,268.0,268.0,268.0,600,66,0.18650484085083008,0.18851041793823242,,,
D,D_SparseFIR_K6_white_SNR10,S3_RSONN,7408,"{""learning_rate"": 0.02, ""growth_threshold"": 0.1, ""pruning_threshold"": 0.001}",10000,32,SUCCESS,,1.0,2.117192581028252,1.1010837641561693,0.241896221966909,850.0,850.0,850.0,1280,148,0.5840914249420166,0.587094783782959,,,
D,D_SparseFIR_K6_white_SNR10,S5_CONTINUAL_BACKPROP,7408,"{""learning_rate"": 0.01, ""replacement_rate"": 0.001, ""maturity_threshold"": 100}",10000,32,SUCCESS,,1.0,0.9531201208408208,0.7472665696228784,0.10889711138136741,197.0,197.0,197.0,832,32,0.27851152420043945,0.28051114082336426,,,
D,D_SparseFIR_K6_white_SNR10,C1_CURRENT_ONLY_LINEAR,7408,"{""learning_rate"": 0.01}",10000,32,SUCCESS,,1.0,0.9531201208408207,0.7472665696228786,0.1088971113813674,129.0,129.0,129.0,288,32,0.16558265686035156,0.16858291625976562,,,
D,D_SparseFIR_K6_white_SNR10,C2_NLMS,7408,"{""step_size"": 0.2}",10000,32,SUCCESS,,1.0,1.011377453204334,0.7470625323113863,0.11555320338116096,197.0,197.0,197.0,288,32,0.17568755149841309,0.17819523811340332,,,
D,D_SparseFIR_K6_white_SNR10,C4_FIXED_LAG_LINEAR,7408,"{""max_lag"": 32, ""learning_rate"": 0.01}",10000,32,SUCCESS,,1.0,0.953070484472671,0.7472282185934402,0.10889144026290838,129.0,129.0,129.0,544,32,0.19916987419128418,0.20096087455749512,,,
D,D_SparseFIR_K6_white_SNR10,LEBRE_V04,7409,{},10000,32,SUCCESS,,1.0,0.6740769884755925,0.6259365021004462,0.1036764938006002,290.90628571428573,317.0,696.0,6444,-1,0.45079946517944336,0.4528026580810547,0.8990981963927855,1.0,1.0
D,D_SparseFIR_K6_white_SNR10,LEBRE_V032,7409,{},10000,32,SUCCESS,,1.0,0.7246005421341086,0.6414983031070816,0.111447275161209,248.80257142857144,308.0,311.0,6524,-1,0.36499905586242676,0.36902284622192383,,,
D,D_SparseFIR_K6_white_SNR10,CTRL_PERSISTENCE,7409,{},10000,32,SUCCESS,,1.0,13.68485596099604,2.8903506724551584,2.10480094775359,0.0,0.0,0.0,4,-1,0.148878812789917,0.15138840675354004,,,
D,D_SparseFIR_K6_white_SNR10,CTRL_ARX_NLMS,7409,{},10000,32,SUCCESS,,1.0,0.7716535623273384,0.6545001309280727,0.11868427069697864,206.0,206.0,206.0,140,-1,0.9767329692840576,0.9797360897064209,,,
D,D_SparseFIR_K6_white_SNR10,IPNLMS,7409,"{""mu"": 0.1}",10000,32,SUCCESS,,1.0,0.6250502358647991,0.610398292533979,0.09613592810852493,336.0,336.0,336.0,264,-1,0.2827785015106201,0.28478240966796875,,,
D,D_SparseFIR_K6_white_SNR10,RIVER_SGD_LINREG,7409,{},10000,32,SUCCESS,,1.0,0.7757714058665192,0.6976731396123325,0.11931761612704174,,,,-1,-1,0.5832128524780273,0.5862171649932861,,,
D,D_SparseFIR_K6_white_SNR10,RIVER_HATR,7409,{},10000,32,SUCCESS,,1.0,1.7431515292907072,0.9929921631730954,0.2681056345339974,,,,-1,-1,5.654615640640259,5.6586291790008545,,,
D,D_SparseFIR_K6_white_SNR10,Track_B,7409,{},10000,32,SUCCESS,,1.0,0.6511215243218199,0.627439050045746,0.10014582582391897,143.71571428571428,166.0,166.0,584,32,0.48984718322753906,0.4918689727783203,,,
D,D_SparseFIR_K6_white_SNR10,B1_RZA_LMS,7409,"{""learning_rate"": 0.01, ""rho_zero_attraction"": 0.001, ""epsilon_reweight"": 10.0}",10000,32,SUCCESS,,1.0,0.6090050949059006,0.6094709583805566,0.09366810323748613,321.0,321.0,321.0,320,32,0.21787643432617188,0.22088623046875,,,
D,D_SparseFIR_K6_white_SNR10,B2_CCN,7409,"{""readout_lr"": 0.01, ""recurrent_lr"": 0.001, ""max_columns"": 1}",10000,32,SUCCESS,,1.0,0.6580345768870786,0.6358052293477384,0.10120908872070782,353.0,353.0,353.0,632,66,0.3740580081939697,0.377058744430542,,,
D,D_SparseFIR_K6_white_SNR10,B4_MINIMAL_GRU,7409,"{""learning_rate"": 0.01, ""weight_decay"": 0.999}",10000,32,SUCCESS,,1.0,5.733191124812522,1.748813181851685,0.8817941633840597,441.0,441.0,441.0,888,103,0.38761305809020996,0.3896174430847168,,,
D,D_SparseFIR_K6_white_SNR10,S1_VARIABLE_TAP_LMS,7409,"{""learning_rate"": 0.03, ""tap_leakage"": 0.001}",10000,32,SUCCESS,,1.0,1.6223961738581962,0.9957258260290286,0.24953284229671824,184.89542857142857,185.0,185.0,544,30,0.21055197715759277,0.21306180953979492,,,
D,D_SparseFIR_K6_white_SNR10,S2_LRU_STREAM,7409,"{""state_lr"": 0.001, ""readout_lr"": 0.01, ""state_decay"": 0.9}",10000,32,SUCCESS,,1.0,0.6626886741561581,0.6379217755552772,0.10192491272139996,268.0,268.0,268.0,600,66,0.18969321250915527,0.19170141220092773,,,
D,D_SparseFIR_K6_white_SNR10,S3_RSONN,7409,"{""learning_rate"": 0.02, ""growth_threshold"": 0.1, ""pruning_threshold"": 0.001}",10000,32,SUCCESS,,1.0,1.2042173512356744,0.8364552340961885,0.18521479724786843,850.0,850.0,850.0,1280,148,1.9390132427215576,1.941795825958252,,,
D,D_SparseFIR_K6_white_SNR10,S5_CONTINUAL_BACKPROP,7409,"{""learning_rate"": 0.01, ""replacement_rate"": 0.001, ""maturity_threshold"": 100}",10000,32,SUCCESS,,1.0,0.6578156966106489,0.6356884898823167,0.10117542381297427,197.0,197.0,197.0,832,32,1.4669713973999023,1.4699699878692627,,,
D,D_SparseFIR_K6_white_SNR10,C1_CURRENT_ONLY_LINEAR,7409,"{""learning_rate"": 0.01}",10000,32,SUCCESS,,1.0,0.6578156966106489,0.6356884898823166,0.10117542381297427,129.0,129.0,129.0,288,32,0.4549977779388428,0.4569976329803467,,,
D,D_SparseFIR_K6_white_SNR10,C2_NLMS,7409,"{""step_size"": 0.2}",10000,32,SUCCESS,,1.0,0.6423944014822209,0.6236770563911511,0.09880354962632479,197.0,197.0,197.0,288,32,0.21002483367919922,0.21253275871276855,,,
D,D_SparseFIR_K6_white_SNR10,C4_FIXED_LAG_LINEAR,7409,"{""max_lag"": 32, ""learning_rate"": 0.01}",10000,32,SUCCESS,,1.0,0.6578112835034086,0.6356674411741526,0.10117474505447448,129.0,129.0,129.0,544,32,0.17097163200378418,0.1719815731048584,,,
D,D_SparseFIR_K6_white_SNR10,LEBRE_V04,7410,{},10000,32,SUCCESS,,1.0,1.2327940256770766,0.8443366005029038,0.11000321844696012,285.28,310.0,669.0,6416,-1,0.45567750930786133,0.4596889019012451,0.9039078156312625,0.0,0.0
D,D_SparseFIR_K6_white_SNR10,LEBRE_V032,7410,{},10000,32,SUCCESS,,1.0,1.2525763110219272,0.8536946530769979,0.1117684079359135,248.8,308.0,308.0,6524,-1,0.5827479362487793,0.584752082824707,,,
D,D_SparseFIR_K6_white_SNR10,CTRL_PERSISTENCE,7410,{},10000,32,SUCCESS,,1.0,15.508810754953656,3.1316917672651883,1.3838638586788654,0.0,0.0,0.0,4,-1,0.12580323219299316,0.1278073787689209,,,
D,D_SparseFIR_K6_white_SNR10,CTRL_ARX_NLMS,7410,{},10000,32,SUCCESS,,1.0,1.32873556350455,0.8758943151566384,0.11856416027824164,206.0,206.0,206.0,140,-1,0.18803882598876953,0.19006133079528809,,,
D,D_SparseFIR_K6_white_SNR10,IPNLMS,7410,"{""mu"": 0.1}",10000,32,SUCCESS,,1.0,1.1384004576890838,0.8218256014021023,0.10158040322957759,336.0,336.0,336.0,264,-1,0.2711329460144043,0.2731359004974365,,,
D,D_SparseFIR_K6_white_SNR10,RIVER_SGD_LINREG,7410,{},10000,32,SUCCESS,,1.0,1.4206693702012154,0.946306651486752,0.12676748898528953,,,,-1,-1,2.957430601119995,2.960430383682251,,,
D,D_SparseFIR_K6_white_SNR10,RIVER_HATR,7410,{},10000,32,SUCCESS,,1.0,2.3351260651937835,1.1992971374863284,0.20836520724508137,,,,-1,-1,5.586315631866455,5.59032416343689,,,
D,D_SparseFIR_K6_white_SNR10,Track_B,7410,{},10000,32,SUCCESS,,1.0,1.175117625968444,0.8436468232597074,0.10485670616328945,145.19885714285715,166.0,166.0,584,32,2.6142640113830566,2.6167685985565186,,,
D,D_SparseFIR_K6_white_SNR10,B1_RZA_LMS,7410,"{""learning_rate"": 0.01, ""rho_zero_attraction"": 0.001, ""epsilon_reweight"": 10.0}",10000,32,SUCCESS,,1.0,1.1053187033157987,0.8240019636074853,0.09862849124984968,321.0,321.0,321.0,320,32,0.21019721031188965,0.21269989013671875,,,
D,D_SparseFIR_K6_white_SNR10,B2_CCN,7410,"{""readout_lr"": 0.01, ""recurrent_lr"": 0.001, ""max_columns"": 1}",10000,32,SUCCESS,,1.0,1.1798388298361633,0.8508650780392595,0.10527798304294346,353.0,353.0,353.0,632,66,0.3575317859649658,0.3595316410064697,,,
D,D_SparseFIR_K6_white_SNR10,B4_MINIMAL_GRU,7410,"{""learning_rate"": 0.01, ""weight_decay"": 0.999}",10000,32,SUCCESS,,1.0,9.91976584686876,2.358359185760757,0.8851488137253788,441.0,441.0,441.0,888,103,0.37753796577453613,0.3795442581176758,,,
D,D_SparseFIR_K6_white_SNR10,S1_VARIABLE_TAP_LMS,7410,"{""learning_rate"": 0.03, ""tap_leakage"": 0.001}",10000,32,SUCCESS,,1.0,2.519387295960318,1.223505254346304,0.22480698745908304,184.67,185.0,185.0,544,30,0.2021036148071289,0.20410370826721191,,,
D,D_SparseFIR_K6_white_SNR10,S2_LRU_STREAM,7410,"{""state_lr"": 0.001, ""readout_lr"": 0.01, ""state_decay"": 0.9}",10000,32,SUCCESS,,1.0,1.1870935997622845,0.8541189276783362,0.10592533209261723,268.0,268.0,268.0,600,66,0.18578672409057617,0.18872666358947754,,,
D,D_SparseFIR_K6_white_SNR10,S3_RSONN,7410,"{""learning_rate"": 0.02, ""growth_threshold"": 0.1, ""pruning_threshold"": 0.001}",10000,32,SUCCESS,,1.0,2.950371804365067,1.3286667820277955,0.2632640873783213,850.0,850.0,850.0,1280,148,0.6017782688140869,0.6057884693145752,,,
D,D_SparseFIR_K6_white_SNR10,S5_CONTINUAL_BACKPROP,7410,"{""learning_rate"": 0.01, ""replacement_rate"": 0.001, ""maturity_threshold"": 100}",10000,32,SUCCESS,,1.0,1.1822788817818526,0.8520764873597978,0.10549571087225881,197.0,197.0,197.0,832,32,1.5623750686645508,1.5656776428222656,,,
D,D_SparseFIR_K6_white_SNR10,C1_CURRENT_ONLY_LINEAR,7410,"{""learning_rate"": 0.01}",10000,32,SUCCESS,,1.0,1.1822788817818526,0.8520764873597978,0.10549571087225881,129.0,129.0,129.0,288,32,0.16737675666809082,0.17038321495056152,,,
D,D_SparseFIR_K6_white_SNR10,C2_NLMS,7410,"{""step_size"": 0.2}",10000,32,SUCCESS,,1.0,1.15771761977104,0.8374727625863296,0.10330408938964775,197.0,197.0,197.0,288,32,0.16976642608642578,0.1732802391052246,,,
D,D_SparseFIR_K6_white_SNR10,C4_FIXED_LAG_LINEAR,7410,"{""max_lag"": 32, ""learning_rate"": 0.01}",10000,32,SUCCESS,,1.0,1.1821957307183126,0.8520337831132405,0.10548829123490158,129.0,129.0,129.0,544,32,0.18707036972045898,0.19006967544555664,,,
D,D_SparseFIR_K6_colored_SNR10,LEBRE_V04,7401,{},10000,32,SUCCESS,,1.0,0.5121152700953346,0.5641514958797844,0.10636483790512997,285.28,310.0,669.0,6416,-1,0.4152560234069824,0.4179511070251465,0.8988977955911823,0.0,0.0
D,D_SparseFIR_K6_colored_SNR10,LEBRE_V032,7401,{},10000,32,SUCCESS,,1.0,0.5537574060273965,0.583512389305291,0.11501378726688716,251.84714285714287,308.0,323.0,6524,-1,2.0363659858703613,2.039367198944092,,,
D,D_SparseFIR_K6_colored_SNR10,CTRL_PERSISTENCE,7401,{},10000,32,SUCCESS,,1.0,2.857548954676636,1.341757865519862,0.5935045274349512,0.0,0.0,0.0,4,-1,0.1399857997894287,0.14198946952819824,,,
D,D_SparseFIR_K6_colored_SNR10,CTRL_ARX_NLMS,7401,{},10000,32,SUCCESS,,1.0,0.6220292560561321,0.6105957704765429,0.12919365005527456,206.0,206.0,206.0,140,-1,0.18523406982421875,0.1873035430908203,,,
D,D_SparseFIR_K6_colored_SNR10,IPNLMS,7401,"{""mu"": 0.5}",10000,32,SUCCESS,,1.0,0.56874905116623,0.5980214507514616,0.11812750794314507,336.0,336.0,336.0,264,-1,0.27617740631103516,0.2817559242248535,,,
D,D_SparseFIR_K6_colored_SNR10,RIVER_SGD_LINREG,7401,{},10000,32,SUCCESS,,1.0,0.7036016036371129,0.658668395450334,0.1461359871318018,,,,-1,-1,0.5757553577423096,0.5777556896209717,,,
D,D_SparseFIR_K6_colored_SNR10,RIVER_HATR,7401,{},10000,32,SUCCESS,,1.0,1.4042467320510743,0.8367870817401928,0.2916579230406777,,,,-1,-1,5.98417592048645,5.988176107406616,,,
D,D_SparseFIR_K6_colored_SNR10,Track_B,7401,{},10000,32,SUCCESS,,1.0,0.564705820385826,0.5896114744131596,0.1172877407819537,144.85628571428572,166.0,166.0,584,32,0.496474027633667,0.4994781017303467,,,
D,D_SparseFIR_K6_colored_SNR10,B1_RZA_LMS,7401,"{""learning_rate"": 0.01, ""rho_zero_attraction"": 0.001, ""epsilon_reweight"": 10.0}",10000,32,SUCCESS,,1.0,0.52497668894615,0.5692691887927421,0.10903611683622354,321.0,321.0,321.0,320,32,0.21978998184204102,0.22278833389282227,,,
D,D_SparseFIR_K6_colored_SNR10,B2_CCN,7401,"{""readout_lr"": 0.01, ""recurrent_lr"": 0.001, ""max_columns"": 1}",10000,32,SUCCESS,,1.0,0.5586323280525685,0.5897325751974916,0.11602629425757116,353.0,353.0,353.0,632,66,0.408336877822876,0.4113447666168213,,,
D,D_SparseFIR_K6_colored_SNR10,B4_MINIMAL_GRU,7401,"{""learning_rate"": 0.01, ""weight_decay"": 0.99}",10000,32,SUCCESS,,1.0,1.4098438428947877,0.9321520392272653,0.29282042652845264,441.0,441.0,441.0,888,103,2.0708038806915283,2.0748112201690674,,,
D,D_SparseFIR_K6_colored_SNR10,S1_VARIABLE_TAP_LMS,7401,"{""learning_rate"": 0.01, ""tap_leakage"": 0.0001}",10000,32,SUCCESS,,1.0,0.5771604096545966,0.5997030959254244,0.11987452240340614,175.21742857142857,185.0,185.0,544,26,0.18969464302062988,0.19269967079162598,,,
D,D_SparseFIR_K6_colored_SNR10,S2_LRU_STREAM,7401,"{""state_lr"": 0.001, ""readout_lr"": 0.01, ""state_decay"": 0.98}",10000,32,NUMERICAL_DIVERGENCE,1928.0,0.1928,inf,inf,inf,0.0,0.0,0.0,600,66,0.03744387626647949,0.03744387626647949,,,
D,D_SparseFIR_K6_colored_SNR10,S3_RSONN,7401,"{""learning_rate"": 0.02, ""growth_threshold"": 0.05, ""pruning_threshold"": 0.001}",10000,32,SUCCESS,,1.0,0.7028390292242197,0.6597050776589216,0.14597760266534585,850.0,850.0,850.0,1280,148,0.6277310848236084,0.6312322616577148,,,
D,D_SparseFIR_K6_colored_SNR10,S5_CONTINUAL_BACKPROP,7401,"{""learning_rate"": 0.01, ""replacement_rate"": 0.001, ""maturity_threshold"": 100}",10000,32,SUCCESS,,1.0,0.5586157665680794,0.5896937294660646,0.1160228544858713,197.0,197.0,197.0,832,32,1.5643103122711182,1.5683207511901855,,,
D,D_SparseFIR_K6_colored_SNR10,C1_CURRENT_ONLY_LINEAR,7401,"{""learning_rate"": 0.01}",10000,32,SUCCESS,,1.0,0.5586157787464006,0.5896938940347689,0.11602285701527285,129.0,129.0,129.0,288,32,0.1616230010986328,0.1656482219696045,,,
D,D_SparseFIR_K6_colored_SNR10,C2_NLMS,7401,"{""step_size"": 0.2}",10000,32,SUCCESS,,1.0,0.5535067348511599,0.5839758222234978,0.1149617235996137,197.0,197.0,197.0,288,32,0.1670849323272705,0.16959261894226074,,,
D,D_SparseFIR_K6_colored_SNR10,C4_FIXED_LAG_LINEAR,7401,"{""max_lag"": 32, ""learning_rate"": 0.01}",10000,32,SUCCESS,,1.0,0.5585708331614209,0.5896632013134238,0.11601352194924361,129.0,129.0,129.0,544,32,0.9217352867126465,0.9237549304962158,,,
D,D_SparseFIR_K6_colored_SNR10,LEBRE_V04,7402,{},10000,32,SUCCESS,,1.0,1.7175983754842117,1.0276892157795243,0.09472818254444222,285.28,310.0,669.0,6416,-1,0.4091353416442871,0.4131643772125244,0.9005010020040081,0.0,0.0
D,D_SparseFIR_K6_colored_SNR10,LEBRE_V032,7402,{},10000,32,SUCCESS,,1.0,1.8768935915731173,1.0690215135288634,0.10351355782396426,248.8,308.0,308.0,6524,-1,0.34620165824890137,0.34923720359802246,,,
D,D_SparseFIR_K6_colored_SNR10,CTRL_PERSISTENCE,7402,{},10000,32,SUCCESS,,1.0,8.44716679935723,2.3136819416864105,0.46587419385936585,0.0,0.0,0.0,4,-1,0.12294983863830566,0.12545990943908691,,,
D,D_SparseFIR_K6_colored_SNR10,CTRL_ARX_NLMS,7402,{},10000,32,SUCCESS,,1.0,2.061095869942065,1.1135460349956843,0.11367259575709966,206.0,206.0,206.0,140,-1,1.0200929641723633,1.023902177810669,,,
D,D_SparseFIR_K6_colored_SNR10,IPNLMS,7402,"{""mu"": 0.5}",10000,32,SUCCESS,,1.0,1.8552962685062662,1.0834101919738743,0.10232243235997376,336.0,336.0,336.0,264,-1,0.2956855297088623,0.29819464683532715,,,
D,D_SparseFIR_K6_colored_SNR10,RIVER_SGD_LINREG,7402,{},10000,32,SUCCESS,,1.0,10860739150.380232,13568.983769605211,598986407.701249,,,,-1,-1,0.6352975368499756,0.6372966766357422,,,
D,D_SparseFIR_K6_colored_SNR10,RIVER_HATR,7402,{},10000,32,SUCCESS,,1.0,4.543923377287611,1.5624418718795159,0.25060433760035067,,,,-1,-1,6.134697437286377,6.138707399368286,,,
D,D_SparseFIR_K6_colored_SNR10,Track_B,7402,{},10000,32,SUCCESS,,1.0,1.7954265734084227,1.054250304373158,0.09902052692791384,145.89514285714284,166.0,166.0,584,37,0.46776747703552246,0.4707682132720947,,,
D,D_SparseFIR_K6_colored_SNR10,B1_RZA_LMS,7402,"{""learning_rate"": 0.01, ""rho_zero_attraction"": 0.001, ""epsilon_reweight"": 10.0}",10000,32,SUCCESS,,1.0,1.7609056010595159,1.0453998966826983,0.09711664240115013,321.0,321.0,321.0,320,32,0.22179841995239258,0.2238016128540039,,,
D,D_SparseFIR_K6_colored_SNR10,B2_CCN,7402,"{""readout_lr"": 0.01, ""recurrent_lr"": 0.001, ""max_columns"": 1}",10000,32,SUCCESS,,1.0,1.809184773307173,1.0617906451736987,0.09977931273610625,353.0,353.0,353.0,632,66,0.38881373405456543,0.39508748054504395,,,
D,D_SparseFIR_K6_colored_SNR10,B4_MINIMAL_GRU,7402,"{""learning_rate"": 0.01, ""weight_decay"": 0.99}",10000,32,SUCCESS,,1.0,7.461001392721094,2.089306819860329,0.4114856604325649,441.0,441.0,441.0,888,103,2.121312141418457,2.1253390312194824,,,
D,D_SparseFIR_K6_colored_SNR10,S1_VARIABLE_TAP_LMS,7402,"{""learning_rate"": 0.01, ""tap_leakage"": 0.0001}",10000,32,SUCCESS,,1.0,1.7976461925140368,1.059295100838821,0.09914294232304745,185.0,185.0,185.0,544,30,0.20581889152526855,0.20939350128173828,,,
D,D_SparseFIR_K6_colored_SNR10,S2_LRU_STREAM,7402,"{""state_lr"": 0.001, ""readout_lr"": 0.01, ""state_decay"": 0.98}",10000,32,NUMERICAL_DIVERGENCE,834.0,0.0834,inf,inf,inf,0.0,0.0,0.0,600,66,0.016022443771362305,0.016022443771362305,,,
D,D_SparseFIR_K6_colored_SNR10,S3_RSONN,7402,"{""learning_rate"": 0.02, ""growth_threshold"": 0.05, ""pruning_threshold"": 0.001}",10000,32,SUCCESS,,1.0,4.727183104073112,1.6700188298412093,0.26071139236924423,850.0,850.0,850.0,1280,148,0.578387975692749,0.5808963775634766,,,
D,D_SparseFIR_K6_colored_SNR10,S5_CONTINUAL_BACKPROP,7402,"{""learning_rate"": 0.01, ""replacement_rate"": 0.001, ""maturity_threshold"": 100}",10000,32,SUCCESS,,1.0,1.8173692219987054,1.0645779019526873,0.10023069762371628,197.0,197.0,197.0,832,32,0.28271055221557617,0.28571033477783203,,,
D,D_SparseFIR_K6_colored_SNR10,C1_CURRENT_ONLY_LINEAR,7402,"{""learning_rate"": 0.01}",10000,32,SUCCESS,,1.0,1.8173685684903766,1.0645778335667617,0.10023066158173047,129.0,129.0,129.0,288,32,0.8380706310272217,0.8400745391845703,,,
D,D_SparseFIR_K6_colored_SNR10,C2_NLMS,7402,"{""step_size"": 0.2}",10000,32,SUCCESS,,1.0,1.7463678877167372,1.0422954515718783,0.09631486523195289,197.0,197.0,197.0,288,32,0.17899203300476074,0.18099641799926758,,,
D,D_SparseFIR_K6_colored_SNR10,C4_FIXED_LAG_LINEAR,7402,"{""max_lag"": 32, ""learning_rate"": 0.01}",10000,32,SUCCESS,,1.0,1.8171996011640263,1.0645171144275434,0.10022134277474799,129.0,129.0,129.0,544,32,0.16890239715576172,0.17090225219726562,,,
D,D_SparseFIR_K6_colored_SNR10,LEBRE_V04,7403,{},10000,32,SUCCESS,,1.0,0.6701944278072413,0.6254195605313319,0.1444685667939235,285.28,310.0,669.0,6416,-1,2.1798672676086426,2.181871175765991,0.9035070140280561,0.0,0.0
D,D_SparseFIR_K6_colored_SNR10,LEBRE_V032,7403,{},10000,32,SUCCESS,,1.0,0.7593403862368105,0.658215288508998,0.16368506325440244,248.8,308.0,308.0,6524,-1,1.9546427726745605,1.9806442260742188,,,
D,D_SparseFIR_K6_colored_SNR10,CTRL_PERSISTENCE,7403,{},10000,32,SUCCESS,,1.0,3.1084964504033836,1.4062148323693255,0.6700742477717795,0.0,0.0,0.0,4,-1,0.12100887298583984,0.12301492691040039,,,
D,D_SparseFIR_K6_colored_SNR10,CTRL_ARX_NLMS,7403,{},10000,32,SUCCESS,,1.0,0.7900582461563933,0.666616695562435,0.170306671870395,206.0,206.0,206.0,140,-1,0.1852874755859375,0.18734073638916016,,,
D,D_SparseFIR_K6_colored_SNR10,IPNLMS,7403,"{""mu"": 0.5}",10000,32,SUCCESS,,1.0,0.6581855015109447,0.6391388711672129,0.1418798965532052,336.0,336.0,336.0,264,-1,0.2799685001373291,0.28197240829467773,,,
D,D_SparseFIR_K6_colored_SNR10,RIVER_SGD_LINREG,7403,{},10000,32,SUCCESS,,1.0,4.6032239995756985,0.833862087027203,0.9922809654295788,,,,-1,-1,0.6290738582611084,0.6311233043670654,,,
D,D_SparseFIR_K6_colored_SNR10,RIVER_HATR,7403,{},10000,32,SUCCESS,,1.0,2.312505391694959,1.1243147578118073,0.4984886859391786,,,,-1,-1,7.27545690536499,7.279456615447998,,,
D,D_SparseFIR_K6_colored_SNR10,Track_B,7403,{},10000,32,SUCCESS,,1.0,0.6726945856212975,0.6306872243366002,0.1450075062436845,143.80342857142858,166.0,166.0,584,32,0.47016215324401855,0.47266626358032227,,,
D,D_SparseFIR_K6_colored_SNR10,B1_RZA_LMS,7403,"{""learning_rate"": 0.01, ""rho_zero_attraction"": 0.001, ""epsilon_reweight"": 10.0}",10000,32,SUCCESS,,1.0,0.621171929513054,0.60939761224908,0.13390117056475678,321.0,321.0,321.0,320,32,0.22082853317260742,0.2228379249572754,,,
D,D_SparseFIR_K6_colored_SNR10,B2_CCN,7403,"{""readout_lr"": 0.01, ""recurrent_lr"": 0.001, ""max_columns"": 1}",10000,32,SUCCESS,,1.0,0.6564466146441634,0.6273630014561862,0.14150505832262997,353.0,353.0,353.0,632,66,0.37491750717163086,0.37691783905029297,,,
D,D_SparseFIR_K6_colored_SNR10,B4_MINIMAL_GRU,7403,"{""learning_rate"": 0.01, ""weight_decay"": 0.99}",10000,32,SUCCESS,,1.0,1.5001639002465543,0.971285040427375,0.3233785893053354,441.0,441.0,441.0,888,103,0.391002893447876,0.3936755657196045,,,
D,D_SparseFIR_K6_colored_SNR10,S1_VARIABLE_TAP_LMS,7403,"{""learning_rate"": 0.01, ""tap_leakage"": 0.0001}",10000,32,SUCCESS,,1.0,0.6697133665314793,0.6362039033852268,0.14436486818025884,185.0,185.0,185.0,544,30,1.1514840126037598,1.1545121669769287,,,
D,D_SparseFIR_K6_colored_SNR10,S2_LRU_STREAM,7403,"{""state_lr"": 0.001, ""readout_lr"": 0.01, ""state_decay"": 0.98}",10000,32,NUMERICAL_DIVERGENCE,7363.0,0.7363,inf,inf,inf,268.0,268.0,268.0,600,66,0.15334367752075195,0.15484976768493652,,,
D,D_SparseFIR_K6_colored_SNR10,S3_RSONN,7403,"{""learning_rate"": 0.02, ""growth_threshold"": 0.05, ""pruning_threshold"": 0.001}",10000,32,SUCCESS,,1.0,0.9529656034031294,0.7620420220986577,0.20542333569976168,850.0,850.0,850.0,1280,148,2.96036958694458,2.9645919799804688,,,
D,D_SparseFIR_K6_colored_SNR10,S5_CONTINUAL_BACKPROP,7403,"{""learning_rate"": 0.01, ""replacement_rate"": 0.001, ""maturity_threshold"": 100}",10000,32,SUCCESS,,1.0,0.6551913322161815,0.6268530481903063,0.14123446691546848,197.0,197.0,197.0,832,32,0.2820296287536621,0.28478074073791504,,,
D,D_SparseFIR_K6_colored_SNR10,C1_CURRENT_ONLY_LINEAR,7403,"{""learning_rate"": 0.01}",10000,32,SUCCESS,,1.0,0.6551920248493575,0.626854061797631,0.14123461622098057,129.0,129.0,129.0,288,32,0.16374659538269043,0.1662611961364746,,,
D,D_SparseFIR_K6_colored_SNR10,C2_NLMS,7403,"{""step_size"": 0.2}",10000,32,SUCCESS,,1.0,0.6557614937397264,0.6243597923500233,0.1413573721721073,197.0,197.0,197.0,288,32,0.16388201713562012,0.1663970947265625,,,
D,D_SparseFIR_K6_colored_SNR10,C4_FIXED_LAG_LINEAR,7403,"{""max_lag"": 32, ""learning_rate"": 0.01}",10000,32,SUCCESS,,1.0,0.6551891455341309,0.626838451983544,0.14123399554953528,129.0,129.0,129.0,544,32,0.17773079872131348,0.1785585880279541,,,
D,D_SparseFIR_K6_colored_SNR10,LEBRE_V04,7404,{},10000,32,SUCCESS,,1.0,1.0013199284138319,0.7804358637407479,0.10923128018841778,285.298,310.0,687.0,6416,-1,0.42751121520996094,0.4295165538787842,0.8986973947895791,0.0,0.0
D,D_SparseFIR_K6_colored_SNR10,LEBRE_V032,7404,{},10000,32,SUCCESS,,1.0,1.0683208464333864,0.8055751713162982,0.11654022894834948,248.8,308.0,308.0,6524,-1,0.35618138313293457,0.35968732833862305,,,
D,D_SparseFIR_K6_colored_SNR10,CTRL_PERSISTENCE,7404,{},10000,32,SUCCESS,,1.0,3.984207328838049,1.599707480178133,0.4346263913417233,0.0,0.0,0.0,4,-1,0.1220865249633789,0.12408661842346191,,,
D,D_SparseFIR_K6_colored_SNR10,CTRL_ARX_NLMS,7404,{},10000,32,SUCCESS,,1.0,1.1416175018474173,0.8269521169305392,0.12453596265664238,206.0,206.0,206.0,140,-1,0.18926143646240234,0.19126558303833008,,,
D,D_SparseFIR_K6_colored_SNR10,IPNLMS,7404,"{""mu"": 0.5}",10000,32,SUCCESS,,1.0,1.051536751893814,0.8126319335817025,0.11470929751341329,336.0,336.0,336.0,264,-1,0.2990596294403076,0.30106449127197266,,,
D,D_SparseFIR_K6_colored_SNR10,RIVER_SGD_LINREG,7404,{},10000,32,SUCCESS,,1.0,2.5690697077038327,0.9602170917551677,0.2802528593536554,,,,-1,-1,2.5051429271698,2.5081429481506348,,,
D,D_SparseFIR_K6_colored_SNR10,RIVER_HATR,7404,{},10000,32,SUCCESS,,1.0,4.035143111642039,1.4844335839594085,0.44018283799298746,,,,-1,-1,6.542734622955322,6.545748949050903,,,
D,D_SparseFIR_K6_colored_SNR10,Track_B,7404,{},10000,32,SUCCESS,,1.0,1.0140689602086883,0.7930117100165756,0.11062203755237136,145.70971428571428,166.0,166.0,584,32,0.4838836193084717,0.4858875274658203,,,
D,D_SparseFIR_K6_colored_SNR10,B1_RZA_LMS,7404,"{""learning_rate"": 0.01, ""rho_zero_attraction"": 0.001, ""epsilon_reweight"": 10.0}",10000,32,SUCCESS,,1.0,0.974747534453144,0.7746574747693044,0.10633256966879918,321.0,321.0,321.0,320,32,1.195864200592041,1.1988646984100342,,,
D,D_SparseFIR_K6_colored_SNR10,B2_CCN,7404,"{""readout_lr"": 0.01, ""recurrent_lr"": 0.001, ""max_columns"": 1}",10000,32,SUCCESS,,1.0,1.031223992021546,0.7957240179674676,0.11249343353023812,353.0,353.0,353.0,632,66,0.3692433834075928,0.37194085121154785,,,
D,D_SparseFIR_K6_colored_SNR10,B4_MINIMAL_GRU,7404,"{""learning_rate"": 0.01, ""weight_decay"": 0.99}",10000,32,SUCCESS,,1.0,2.715697883637778,1.2700652320044086,0.29624813011025425,441.0,441.0,441.0,888,103,1.9794244766235352,1.983449935913086,,,
D,D_SparseFIR_K6_colored_SNR10,S1_VARIABLE_TAP_LMS,7404,"{""learning_rate"": 0.01, ""tap_leakage"": 0.0001}",10000,32,SUCCESS,,1.0,1.0139275900317495,0.790653682171384,0.11060661586249053,182.222,185.0,185.0,544,29,1.0270888805389404,1.1795108318328857,,,
D,D_SparseFIR_K6_colored_SNR10,S2_LRU_STREAM,7404,"{""state_lr"": 0.001, ""readout_lr"": 0.01, ""state_decay"": 0.98}",10000,32,NUMERICAL_DIVERGENCE,344.0,0.0344,inf,inf,inf,0.0,0.0,0.0,600,66,0.0065152645111083984,0.0065152645111083984,,,
D,D_SparseFIR_K6_colored_SNR10,S3_RSONN,7404,"{""learning_rate"": 0.02, ""growth_threshold"": 0.05, ""pruning_threshold"": 0.001}",10000,32,SUCCESS,,1.0,2.226830978618318,1.1555631658839483,0.24291896291629428,850.0,850.0,850.0,1280,148,0.5959067344665527,0.5994133949279785,,,
D,D_SparseFIR_K6_colored_SNR10,S5_CONTINUAL_BACKPROP,7404,"{""learning_rate"": 0.01, ""replacement_rate"": 0.001, ""maturity_threshold"": 100}",10000,32,SUCCESS,,1.0,1.0322167688648791,0.7962323021686766,0.11260173286840316,197.0,197.0,197.0,832,32,0.3023090362548828,0.3053112030029297,,,
D,D_SparseFIR_K6_colored_SNR10,C1_CURRENT_ONLY_LINEAR,7404,"{""learning_rate"": 0.01}",10000,32,SUCCESS,,1.0,1.0322170319331292,0.7962325793851729,0.11260176156580638,129.0,129.0,129.0,288,32,0.8646345138549805,0.8666341304779053,,,
D,D_SparseFIR_K6_colored_SNR10,C2_NLMS,7404,"{""step_size"": 0.2}",10000,32,SUCCESS,,1.0,0.9842951983970281,0.7825752550796998,0.10737409848072575,197.0,197.0,197.0,288,32,0.20116043090820312,0.20316052436828613,,,
D,D_SparseFIR_K6_colored_SNR10,C4_FIXED_LAG_LINEAR,7404,"{""max_lag"": 32, ""learning_rate"": 0.01}",10000,32,SUCCESS,,1.0,1.0321127031976407,0.7961864166418182,0.11259038062649371,129.0,129.0,129.0,544,32,0.17969346046447754,0.18369412422180176,,,
D,D_SparseFIR_K6_colored_SNR10,LEBRE_V04,7405,{},10000,32,SUCCESS,,1.0,1.174684978663382,0.8363866418123024,0.11128386700785324,285.28,310.0,669.0,6416,-1,0.4340496063232422,0.43805360794067383,0.9009018036072144,0.0,0.0
D,D_SparseFIR_K6_colored_SNR10,LEBRE_V032,7405,{},10000,32,SUCCESS,,1.0,1.3417011023266718,0.8883377215274484,0.12710615164714528,248.8,308.0,308.0,6524,-1,1.8660433292388916,1.8682100772857666,,,
D,D_SparseFIR_K6_colored_SNR10,CTRL_PERSISTENCE,7405,{},10000,32,SUCCESS,,1.0,5.988331444982955,1.937781856029296,0.5673050155801761,0.0,0.0,0.0,4,-1,0.12243366241455078,0.12393569946289062,,,
D,D_SparseFIR_K6_colored_SNR10,CTRL_ARX_NLMS,7405,{},10000,32,SUCCESS,,1.0,1.434270222101242,0.9160144845268475,0.1358756939509456,206.0,206.0,206.0,140,-1,0.19779157638549805,0.19979143142700195,,,
D,D_SparseFIR_K6_colored_SNR10,IPNLMS,7405,"{""mu"": 0.5}",10000,32,SUCCESS,,1.0,1.2693032414725982,0.887627059146971,0.1202475350262831,336.0,336.0,336.0,264,-1,0.28241658210754395,0.2844216823577881,,,
D,D_SparseFIR_K6_colored_SNR10,RIVER_SGD_LINREG,7405,{},10000,32,SUCCESS,,1.0,1.6586011927657036,0.9857485660043004,0.15712770479522523,,,,-1,-1,3.242098569869995,3.2456130981445312,,,
D,D_SparseFIR_K6_colored_SNR10,RIVER_HATR,7405,{},10000,32,SUCCESS,,1.0,3.034568528773947,1.299844812374187,0.28748007058585856,,,,-1,-1,6.3731935024261475,6.376194000244141,,,
D,D_SparseFIR_K6_colored_SNR10,Track_B,7405,{},10000,32,SUCCESS,,1.0,1.239556738292111,0.8635157245897894,0.11742949788099445,145.52742857142857,166.0,166.0,584,32,2.5029423236846924,2.5102765560150146,,,
D,D_SparseFIR_K6_colored_SNR10,B1_RZA_LMS,7405,"{""learning_rate"": 0.01, ""rho_zero_attraction"": 0.001, ""epsilon_reweight"": 10.0}",10000,32,SUCCESS,,1.0,1.197815059486003,0.8498957195824769,0.11347509689918488,321.0,321.0,321.0,320,32,0.22909212112426758,0.23209238052368164,,,
D,D_SparseFIR_K6_colored_SNR10,B2_CCN,7405,"{""readout_lr"": 0.01, ""recurrent_lr"": 0.001, ""max_columns"": 1}",10000,32,SUCCESS,,1.0,1.257190105190323,0.8724815836184782,0.11909999617836275,353.0,353.0,353.0,632,66,0.3673577308654785,0.3703582286834717,,,
D,D_SparseFIR_K6_colored_SNR10,B4_MINIMAL_GRU,7405,"{""learning_rate"": 0.01, ""weight_decay"": 0.99}",10000,32,SUCCESS,,1.0,3.46189199775263,1.462690810086086,0.32796259054220284,441.0,441.0,441.0,888,103,0.40403318405151367,0.40805554389953613,,,
D,D_SparseFIR_K6_colored_SNR10,S1_VARIABLE_TAP_LMS,7405,"{""learning_rate"": 0.01, ""tap_leakage"": 0.0001}",10000,32,SUCCESS,,1.0,1.2363383604130327,0.8654886007270901,0.11712460461822037,183.9302857142857,185.0,185.0,544,30,0.19447779655456543,0.19649839401245117,,,
D,D_SparseFIR_K6_colored_SNR10,S2_LRU_STREAM,7405,"{""state_lr"": 0.001, ""readout_lr"": 0.01, ""state_decay"": 0.98}",10000,32,NUMERICAL_DIVERGENCE,1275.0,0.1275,inf,inf,inf,0.0,0.0,0.0,600,66,0.030118465423583984,0.030118465423583984,,,
D,D_SparseFIR_K6_colored_SNR10,S3_RSONN,7405,"{""learning_rate"": 0.02, ""growth_threshold"": 0.05, ""pruning_threshold"": 0.001}",10000,32,SUCCESS,,1.0,2.830465656161937,1.2925641216934753,0.2681443700838225,850.0,850.0,850.0,1280,148,3.1567013263702393,3.2753753662109375,,,
D,D_SparseFIR_K6_colored_SNR10,S5_CONTINUAL_BACKPROP,7405,"{""learning_rate"": 0.01, ""replacement_rate"": 0.001, ""maturity_threshold"": 100}",10000,32,SUCCESS,,1.0,1.2566396560704802,0.8722201490464767,0.11904784934090436,197.0,197.0,197.0,832,32,0.30431318283081055,0.30831313133239746,,,
D,D_SparseFIR_K6_colored_SNR10,C1_CURRENT_ONLY_LINEAR,7405,"{""learning_rate"": 0.01}",10000,32,SUCCESS,,1.0,1.25663974398999,0.872220104178417,0.11904785766996552,129.0,129.0,129.0,288,32,0.15989303588867188,0.1619100570678711,,,
D,D_SparseFIR_K6_colored_SNR10,C2_NLMS,7405,"{""step_size"": 0.2}",10000,32,SUCCESS,,1.0,1.216183306153369,0.8562711405988229,0.11521521408500643,197.0,197.0,197.0,288,32,0.8874366283416748,0.8903841972351074,,,
D,D_SparseFIR_K6_colored_SNR10,C4_FIXED_LAG_LINEAR,7405,"{""max_lag"": 32, ""learning_rate"": 0.01}",10000,32,SUCCESS,,1.0,1.2565759525453648,0.8721865278334656,0.11904181438281293,129.0,129.0,129.0,544,32,0.8770620822906494,0.8790686130523682,,,
D,D_SparseFIR_K6_colored_SNR10,LEBRE_V04,7406,{},10000,32,SUCCESS,,1.0,0.4567144253586383,0.5216666635908215,0.12135874793058204,285.27085714285715,310.0,669.0,6416,-1,0.41747546195983887,0.4204738140106201,0.9006012024048096,0.0,0.0
D,D_SparseFIR_K6_colored_SNR10,LEBRE_V032,7406,{},10000,32,SUCCESS,,1.0,0.5152580138047926,0.5513430399457453,0.13691502598685212,248.79542857142857,308.0,308.0,6524,-1,0.37601542472839355,0.3780231475830078,,,
D,D_SparseFIR_K6_colored_SNR10,CTRL_PERSISTENCE,7406,{},10000,32,SUCCESS,,1.0,2.3748877581106678,1.2285716546600505,0.6310582473361904,0.0,0.0,0.0,4,-1,0.12266349792480469,0.12668895721435547,,,
D,D_SparseFIR_K6_colored_SNR10,CTRL_ARX_NLMS,7406,{},10000,32,SUCCESS,,1.0,0.5296870975535236,0.5583999181873819,0.14074914078661224,206.0,206.0,206.0,140,-1,0.19147634506225586,0.19548749923706055,,,
D,D_SparseFIR_K6_colored_SNR10,IPNLMS,7406,"{""mu"": 0.5}",10000,32,SUCCESS,,1.0,0.4830341575718129,0.5543455589338696,0.12835246122253874,336.0,336.0,336.0,264,-1,0.28907155990600586,0.2910919189453125,,,
D,D_SparseFIR_K6_colored_SNR10,RIVER_SGD_LINREG,7406,{},10000,32,SUCCESS,,1.0,1.2984626204459273,0.6725635259530641,0.34502916724874555,,,,-1,-1,0.6005377769470215,0.6025376319885254,,,
D,D_SparseFIR_K6_colored_SNR10,RIVER_HATR,7406,{},10000,32,SUCCESS,,1.0,1.6641575644063045,0.9182414409515065,0.4422021008356928,,,,-1,-1,13.159235715866089,13.176255941390991,,,
D,D_SparseFIR_K6_colored_SNR10,Track_B,7406,{},10000,32,SUCCESS,,1.0,0.4764016743983423,0.5373313073986796,0.1265900692136352,144.144,166.0,166.0,584,37,2.5310299396514893,2.5340373516082764,,,
D,D_SparseFIR_K6_colored_SNR10,B1_RZA_LMS,7406,"{""learning_rate"": 0.01, ""rho_zero_attraction"": 0.001, ""epsilon_reweight"": 10.0}",10000,32,SUCCESS,,1.0,0.45322238415221205,0.5259043925112127,0.12043083822376448,321.0,321.0,321.0,320,32,0.22830700874328613,0.23030734062194824,,,
D,D_SparseFIR_K6_colored_SNR10,B2_CCN,7406,"{""readout_lr"": 0.01, ""recurrent_lr"": 0.001, ""max_columns"": 1}",10000,32,SUCCESS,,1.0,0.4838757018459883,0.5444474775996103,0.1285760774557284,353.0,353.0,353.0,632,66,0.35952305793762207,0.3612685203552246,,,
D,D_SparseFIR_K6_colored_SNR10,B4_MINIMAL_GRU,7406,"{""learning_rate"": 0.01, ""weight_decay"": 0.99}",10000,32,SUCCESS,,1.0,1.2023724965387876,0.8680237683712425,0.31949597521806294,441.0,441.0,441.0,888,103,2.0233540534973145,2.027360439300537,,,
D,D_SparseFIR_K6_colored_SNR10,S1_VARIABLE_TAP_LMS,7406,"{""learning_rate"": 0.01, ""tap_leakage"": 0.0001}",10000,32,SUCCESS,,1.0,0.651972760944772,0.6217020260461205,0.1732430454566234,179.59657142857142,185.0,185.0,544,24,0.19948768615722656,0.20248723030090332,,,
D,D_SparseFIR_K6_colored_SNR10,S2_LRU_STREAM,7406,"{""state_lr"": 0.001, ""readout_lr"": 0.01, ""state_decay"": 0.98}",10000,32,NUMERICAL_DIVERGENCE,1684.0,0.1684,inf,inf,inf,0.0,0.0,0.0,600,66,0.03215432167053223,0.03215432167053223,,,
D,D_SparseFIR_K6_colored_SNR10,S3_RSONN,7406,"{""learning_rate"": 0.02, ""growth_threshold"": 0.05, ""pruning_threshold"": 0.001}",10000,32,SUCCESS,,1.0,0.6239222664372485,0.616594512918462,0.16578943176882807,850.0,850.0,850.0,1280,148,0.5709681510925293,0.5734720230102539,,,
D,D_SparseFIR_K6_colored_SNR10,S5_CONTINUAL_BACKPROP,7406,"{""learning_rate"": 0.01, ""replacement_rate"": 0.001, ""maturity_threshold"": 100}",10000,32,SUCCESS,,1.0,0.48358827566832097,0.5441050111410469,0.12849970219997248,197.0,197.0,197.0,832,32,0.2838709354400635,0.28737854957580566,,,
D,D_SparseFIR_K6_colored_SNR10,C1_CURRENT_ONLY_LINEAR,7406,"{""learning_rate"": 0.01}",10000,32,SUCCESS,,1.0,0.4835878753012503,0.544104800020597,0.12849959581391654,129.0,129.0,129.0,288,32,0.16215252876281738,0.16566038131713867,,,
D,D_SparseFIR_K6_colored_SNR10,C2_NLMS,7406,"{""step_size"": 0.2}",10000,32,SUCCESS,,1.0,0.4672964838687454,0.5332851917285732,0.12417062620726732,197.0,197.0,197.0,288,32,0.1774606704711914,0.17996764183044434,,,
D,D_SparseFIR_K6_colored_SNR10,C4_FIXED_LAG_LINEAR,7406,"{""max_lag"": 32, ""learning_rate"": 0.01}",10000,32,SUCCESS,,1.0,0.4835558961002296,0.5440821528799425,0.12849109825925173,129.0,129.0,129.0,544,32,0.9998621940612793,1.0018675327301025,,,
D,D_SparseFIR_K6_colored_SNR10,LEBRE_V04,7407,{},10000,32,SUCCESS,,1.0,1.1670456108113585,0.8388826682318462,0.12915224700989875,285.28,310.0,669.0,6416,-1,0.42715978622436523,0.43066978454589844,0.9009018036072144,0.0,0.0
D,D_SparseFIR_K6_colored_SNR10,LEBRE_V032,7407,{},10000,32,SUCCESS,,1.0,1.3400436859044382,0.8865153765340108,0.14829724864451782,248.8,308.0,308.0,6524,-1,0.3605964183807373,0.36310577392578125,,,
D,D_SparseFIR_K6_colored_SNR10,CTRL_PERSISTENCE,7407,{},10000,32,SUCCESS,,1.0,4.8916318299144725,1.7697884280432035,0.5413372335459781,0.0,0.0,0.0,4,-1,0.1256420612335205,0.1276414394378662,,,
D,D_SparseFIR_K6_colored_SNR10,CTRL_ARX_NLMS,7407,{},10000,32,SUCCESS,,1.0,1.4022492523154069,0.9015456612841156,0.15518128865467187,206.0,206.0,206.0,140,-1,0.18940520286560059,0.1919097900390625,,,
D,D_SparseFIR_K6_colored_SNR10,IPNLMS,7407,"{""mu"": 0.5}",10000,32,SUCCESS,,1.0,1.296077123424782,0.8965996059055396,0.1434316458909108,336.0,336.0,336.0,264,-1,0.281414270401001,0.281414270401001,,,
D,D_SparseFIR_K6_colored_SNR10,RIVER_SGD_LINREG,7407,{},10000,32,SUCCESS,,1.0,463.63539738061274,2.935530168125968,51.308665925579156,,,,-1,-1,0.6150264739990234,0.6180233955383301,,,
D,D_SparseFIR_K6_colored_SNR10,RIVER_HATR,7407,{},10000,32,SUCCESS,,1.0,3.6798215860649997,1.3996120955287048,0.4072310645214748,,,,-1,-1,9.475546836853027,9.479553937911987,,,
D,D_SparseFIR_K6_colored_SNR10,Track_B,7407,{},10000,32,SUCCESS,,1.0,1.2130141093503457,0.8610195980395782,0.13423939598075513,146.33057142857143,166.0,166.0,584,35,0.45640993118286133,0.45891714096069336,,,
D,D_SparseFIR_K6_colored_SNR10,B1_RZA_LMS,7407,"{""learning_rate"": 0.01, ""rho_zero_attraction"": 0.001, ""epsilon_reweight"": 10.0}",10000,32,SUCCESS,,1.0,1.231365279063621,0.8624198757035062,0.136270246173561,321.0,321.0,321.0,320,31,0.2014636993408203,0.20446348190307617,,,
D,D_SparseFIR_K6_colored_SNR10,B2_CCN,7407,"{""readout_lr"": 0.01, ""recurrent_lr"": 0.001, ""max_columns"": 1}",10000,32,SUCCESS,,1.0,1.2811365814693798,0.8797489404122448,0.14177823616363858,353.0,353.0,353.0,632,66,0.37073326110839844,0.3742392063140869,,,
D,D_SparseFIR_K6_colored_SNR10,B4_MINIMAL_GRU,7407,"{""learning_rate"": 0.01, ""weight_decay"": 0.99}",10000,32,SUCCESS,,1.0,3.665736571531203,1.4739375003800435,0.40567233257530666,441.0,441.0,441.0,888,103,1.9785125255584717,1.9815163612365723,,,
D,D_SparseFIR_K6_colored_SNR10,S1_VARIABLE_TAP_LMS,7407,"{""learning_rate"": 0.01, ""tap_leakage"": 0.0001}",10000,32,SUCCESS,,1.0,1.2655996939407506,0.874505636599864,0.1400588312686855,183.87885714285713,185.0,185.0,544,29,0.206024169921875,0.2095353603363037,,,
D,D_SparseFIR_K6_colored_SNR10,S2_LRU_STREAM,7407,"{""state_lr"": 0.001, ""readout_lr"": 0.01, ""state_decay"": 0.98}",10000,32,NUMERICAL_DIVERGENCE,256.0,0.0256,inf,inf,inf,0.0,0.0,0.0,600,66,0.00551295280456543,0.00551295280456543,,,
D,D_SparseFIR_K6_colored_SNR10,S3_RSONN,7407,"{""learning_rate"": 0.02, ""growth_threshold"": 0.05, ""pruning_threshold"": 0.001}",10000,32,SUCCESS,,1.0,2.9674115387778377,1.328181753786288,0.3283915079975459,849.7531428571428,850.0,850.0,1280,148,1.7135276794433594,1.7162444591522217,,,
D,D_SparseFIR_K6_colored_SNR10,S5_CONTINUAL_BACKPROP,7407,"{""learning_rate"": 0.01, ""replacement_rate"": 0.001, ""maturity_threshold"": 100}",10000,32,SUCCESS,,1.0,1.2796941759743372,0.8791929009691941,0.1416186109450024,197.0,197.0,197.0,832,32,0.28703880310058594,0.29004383087158203,,,
D,D_SparseFIR_K6_colored_SNR10,C1_CURRENT_ONLY_LINEAR,7407,"{""learning_rate"": 0.01}",10000,32,SUCCESS,,1.0,1.279694191991537,0.8791931576234391,0.14161861271756152,129.0,129.0,129.0,288,32,0.16831135749816895,0.171311616897583,,,
D,D_SparseFIR_K6_colored_SNR10,C2_NLMS,7407,"{""step_size"": 0.2}",10000,32,SUCCESS,,1.0,1.2388291862830958,0.8640561090703844,0.13709624678565224,197.0,197.0,197.0,288,32,0.9823992252349854,0.9853980541229248,,,
D,D_SparseFIR_K6_colored_SNR10,C4_FIXED_LAG_LINEAR,7407,"{""max_lag"": 32, ""learning_rate"": 0.01}",10000,32,SUCCESS,,1.0,1.2795230590419113,0.8791411397113194,0.1415996741218658,129.0,129.0,129.0,544,32,0.9651010036468506,0.9686105251312256,,,
D,D_SparseFIR_K6_colored_SNR10,LEBRE_V04,7408,{},10000,32,SUCCESS,,1.0,0.9091675209959992,0.7240017910495524,0.11401494672768503,285.28,310.0,669.0,6416,-1,0.4286818504333496,0.4306814670562744,0.8954909819639278,0.0,0.0
D,D_SparseFIR_K6_colored_SNR10,LEBRE_V032,7408,{},10000,32,SUCCESS,,1.0,1.009917297866205,0.7603116283999264,0.12664956045662534,248.8,308.0,308.0,6524,-1,0.36611056327819824,0.3691108226776123,,,
D,D_SparseFIR_K6_colored_SNR10,CTRL_PERSISTENCE,7408,{},10000,32,SUCCESS,,1.0,4.473714263488748,1.6742752571554327,0.5610300430307594,0.0,0.0,0.0,4,-1,0.12477326393127441,0.12677407264709473,,,
D,D_SparseFIR_K6_colored_SNR10,CTRL_ARX_NLMS,7408,{},10000,32,SUCCESS,,1.0,1.0691100873557504,0.7806192368634888,0.13407268390137858,206.0,206.0,206.0,140,-1,0.18726444244384766,0.19126343727111816,,,
D,D_SparseFIR_K6_colored_SNR10,IPNLMS,7408,"{""mu"": 0.5}",10000,32,SUCCESS,,1.0,0.8848414234722553,0.7373894443390909,0.11096431122959366,336.0,336.0,336.0,264,-1,0.2986929416656494,0.3016965389251709,,,
D,D_SparseFIR_K6_colored_SNR10,RIVER_SGD_LINREG,7408,{},10000,32,SUCCESS,,1.0,1.0780680740327282,0.8056737834604748,0.13519606804145878,,,,-1,-1,3.182293176651001,3.1852972507476807,,,
D,D_SparseFIR_K6_colored_SNR10,RIVER_HATR,7408,{},10000,32,SUCCESS,,1.0,2.0625133231682615,1.0759567328775,0.2586512839884046,,,,-1,-1,5.987536191940308,5.990541696548462,,,
D,D_SparseFIR_K6_colored_SNR10,Track_B,7408,{},10000,32,SUCCESS,,1.0,0.9076951125525226,0.7296863475049188,0.11383029806133092,145.29771428571428,166.0,166.0,584,32,0.48146843910217285,0.48447203636169434,,,
D,D_SparseFIR_K6_colored_SNR10,B1_RZA_LMS,7408,"{""learning_rate"": 0.01, ""rho_zero_attraction"": 0.001, ""epsilon_reweight"": 10.0}",10000,32,SUCCESS,,1.0,0.8250682192508856,0.706058651172628,0.1034684003686595,321.0,321.0,321.0,320,32,0.22113800048828125,0.22413969039916992,,,
D,D_SparseFIR_K6_colored_SNR10,B2_CCN,7408,"{""readout_lr"": 0.01, ""recurrent_lr"": 0.001, ""max_columns"": 1}",10000,32,SUCCESS,,1.0,0.8657472851776714,0.722830478363444,0.10856979414644588,353.0,353.0,353.0,632,66,0.39306068420410156,0.3960611820220947,,,
D,D_SparseFIR_K6_colored_SNR10,B4_MINIMAL_GRU,7408,"{""learning_rate"": 0.01, ""weight_decay"": 0.99}",10000,32,SUCCESS,,1.0,2.414973456542344,1.2118873856552939,0.30285185473278736,441.0,441.0,441.0,888,103,0.37819814682006836,0.3811979293823242,,,
D,D_SparseFIR_K6_colored_SNR10,S1_VARIABLE_TAP_LMS,7408,"{""learning_rate"": 0.01, ""tap_leakage"": 0.0001}",10000,32,SUCCESS,,1.0,0.8552707379899462,0.7185370577807554,0.107255973599722,180.1862857142857,185.0,185.0,544,30,0.20424365997314453,0.2072439193725586,,,
D,D_SparseFIR_K6_colored_SNR10,S2_LRU_STREAM,7408,"{""state_lr"": 0.001, ""readout_lr"": 0.01, ""state_decay"": 0.98}",10000,32,NUMERICAL_DIVERGENCE,117.0,0.0117,inf,inf,inf,0.0,0.0,0.0,600,66,0.0030074119567871094,0.0030074119567871094,,,
D,D_SparseFIR_K6_colored_SNR10,S3_RSONN,7408,"{""learning_rate"": 0.02, ""growth_threshold"": 0.05, ""pruning_threshold"": 0.001}",10000,32,SUCCESS,,1.0,1.4046400264892744,0.9069853972241914,0.1761501088559602,850.0,850.0,850.0,1280,148,3.2005743980407715,3.2030909061431885,,,
D,D_SparseFIR_K6_colored_SNR10,S5_CONTINUAL_BACKPROP,7408,"{""learning_rate"": 0.01, ""replacement_rate"": 0.001, ""maturity_threshold"": 100}",10000,32,SUCCESS,,1.0,0.8675140871440536,0.7238728582548587,0.10879136148956298,197.0,197.0,197.0,832,32,1.5416414737701416,1.5436513423919678,,,
D,D_SparseFIR_K6_colored_SNR10,C1_CURRENT_ONLY_LINEAR,7408,"{""learning_rate"": 0.01}",10000,32,SUCCESS,,1.0,0.8675144262240704,0.7238727149890305,0.10879140401218852,129.0,129.0,129.0,288,32,0.1672825813293457,0.16928744316101074,,,
D,D_SparseFIR_K6_colored_SNR10,C2_NLMS,7408,"{""step_size"": 0.2}",10000,32,SUCCESS,,1.0,0.8885620883755723,0.72320348193883,0.11143090446015531,197.0,197.0,197.0,288,32,0.17999982833862305,0.1829996109008789,,,
D,D_SparseFIR_K6_colored_SNR10,C4_FIXED_LAG_LINEAR,7408,"{""max_lag"": 32, ""learning_rate"": 0.01}",10000,32,SUCCESS,,1.0,0.8674576741667289,0.7238414596033796,0.1087842869708897,129.0,129.0,129.0,544,32,0.17047953605651855,0.17247772216796875,,,
D,D_SparseFIR_K6_colored_SNR10,LEBRE_V04,7409,{},10000,32,SUCCESS,,1.0,0.4387314591497882,0.5074281691357133,0.11226804627399385,285.28,310.0,669.0,6416,-1,0.429063081741333,0.43306756019592285,0.898496993987976,0.0,0.0
D,D_SparseFIR_K6_colored_SNR10,LEBRE_V032,7409,{},10000,32,SUCCESS,,1.0,0.5029017210429537,0.5396316375557368,0.12868872863307806,258.2442857142857,331.0,3391.0,6524,-1,0.39397573471069336,0.39697861671447754,,,
D,D_SparseFIR_K6_colored_SNR10,CTRL_PERSISTENCE,7409,{},10000,32,SUCCESS,,1.0,3.1077463638683365,1.3866586917981936,0.7952486773178662,0.0,0.0,0.0,4,-1,0.13094568252563477,0.13296842575073242,,,
D,D_SparseFIR_K6_colored_SNR10,CTRL_ARX_NLMS,7409,{},10000,32,SUCCESS,,1.0,0.522611185382065,0.5502215741975363,0.13373223077615898,206.0,206.0,206.0,140,-1,0.18585205078125,0.18835902214050293,,,
D,D_SparseFIR_K6_colored_SNR10,IPNLMS,7409,"{""mu"": 0.5}",10000,32,SUCCESS,,1.0,0.4237282403764166,0.5150899977080342,0.10842883660625796,336.0,336.0,336.0,264,-1,1.3866612911224365,1.523155689239502,,,
D,D_SparseFIR_K6_colored_SNR10,RIVER_SGD_LINREG,7409,{},10000,32,SUCCESS,,1.0,6048256555.127278,7800.537148498016,1547702888.9696927,,,,-1,-1,0.6165385246276855,0.6200425624847412,,,
D,D_SparseFIR_K6_colored_SNR10,RIVER_HATR,7409,{},10000,32,SUCCESS,,1.0,1.4326035996375124,0.8388521023418387,0.3665923741326313,,,,-1,-1,6.272905111312866,6.276915550231934,,,
D,D_SparseFIR_K6_colored_SNR10,Track_B,7409,{},10000,32,SUCCESS,,1.0,0.438618617391273,0.5123444987849178,0.11223917092552631,143.61285714285714,166.0,166.0,584,32,2.555058002471924,2.5590860843658447,,,
D,D_SparseFIR_K6_colored_SNR10,B1_RZA_LMS,7409,"{""learning_rate"": 0.01, ""rho_zero_attraction"": 0.001, ""epsilon_reweight"": 10.0}",10000,32,SUCCESS,,1.0,0.43280890175641423,0.5095736649033202,0.11075250884527099,321.0,321.0,321.0,320,31,0.2319941520690918,0.23601746559143066,,,
D,D_SparseFIR_K6_colored_SNR10,B2_CCN,7409,"{""readout_lr"": 0.01, ""recurrent_lr"": 0.001, ""max_columns"": 1}",10000,32,SUCCESS,,1.0,0.4409646260798353,0.5152848783100948,0.1128394967205288,353.0,353.0,353.0,632,66,0.36757588386535645,0.37058019638061523,,,
D,D_SparseFIR_K6_colored_SNR10,B4_MINIMAL_GRU,7409,"{""learning_rate"": 0.01, ""weight_decay"": 0.99}",10000,32,SUCCESS,,1.0,1.6200448985549383,0.9973303094760356,0.414557178072835,441.0,441.0,441.0,888,103,0.3880794048309326,0.3911120891571045,,,
D,D_SparseFIR_K6_colored_SNR10,S1_VARIABLE_TAP_LMS,7409,"{""learning_rate"": 0.01, ""tap_leakage"": 0.0001}",10000,32,SUCCESS,,1.0,0.6001237909826657,0.6037971465451631,0.1535671174953606,185.0,185.0,185.0,544,30,0.21853280067443848,0.22153162956237793,,,
D,D_SparseFIR_K6_colored_SNR10,S2_LRU_STREAM,7409,"{""state_lr"": 0.001, ""readout_lr"": 0.01, ""state_decay"": 0.98}",10000,32,NUMERICAL_DIVERGENCE,752.0,0.0752,inf,inf,inf,0.0,0.0,0.0,600,66,0.015034198760986328,0.015034198760986328,,,
D,D_SparseFIR_K6_colored_SNR10,S3_RSONN,7409,"{""learning_rate"": 0.02, ""growth_threshold"": 0.05, ""pruning_threshold"": 0.001}",10000,32,SUCCESS,,1.0,0.5933264203541707,0.5873497638091342,0.151827722007879,850.0,850.0,850.0,1280,148,0.6321043968200684,0.635108232498169,,,
D,D_SparseFIR_K6_colored_SNR10,S5_CONTINUAL_BACKPROP,7409,"{""learning_rate"": 0.01, ""replacement_rate"": 0.001, ""maturity_threshold"": 100}",10000,32,SUCCESS,,1.0,0.4416991741886739,0.5161833922092668,0.11302746199941119,197.0,197.0,197.0,832,32,0.28211307525634766,0.28485107421875,,,
D,D_SparseFIR_K6_colored_SNR10,C1_CURRENT_ONLY_LINEAR,7409,"{""learning_rate"": 0.01}",10000,32,SUCCESS,,1.0,0.44169915984236285,0.5161833940572536,0.11302745832829922,129.0,129.0,129.0,288,32,0.1720411777496338,0.17604637145996094,,,
D,D_SparseFIR_K6_colored_SNR10,C2_NLMS,7409,"{""step_size"": 0.2}",10000,32,SUCCESS,,1.0,0.4291145173563358,0.5077369452390147,0.10980714395261962,197.0,197.0,197.0,288,32,0.16753149032592773,0.17053675651550293,,,
D,D_SparseFIR_K6_colored_SNR10,C4_FIXED_LAG_LINEAR,7409,"{""max_lag"": 32, ""learning_rate"": 0.01}",10000,32,SUCCESS,,1.0,0.4417152615890532,0.5161803302584435,0.11303157864291269,129.0,129.0,129.0,544,32,0.1761641502380371,0.1796720027923584,,,
D,D_SparseFIR_K6_colored_SNR10,LEBRE_V04,7410,{},10000,32,SUCCESS,,1.0,2.143098249694334,1.1578841071840038,0.08900961381234912,285.28,310.0,669.0,6416,-1,0.43143200874328613,0.43393969535827637,0.9034068136272545,0.0,0.0
D,D_SparseFIR_K6_colored_SNR10,LEBRE_V032,7410,{},10000,32,SUCCESS,,1.0,2.147847422396739,1.1598846149910802,0.0892068618984924,248.8,308.0,308.0,6524,-1,0.3875439167022705,0.3912677764892578,,,
D,D_SparseFIR_K6_colored_SNR10,CTRL_PERSISTENCE,7410,{},10000,32,SUCCESS,,1.0,7.106919434802061,2.1228358374944345,0.2951727268581523,0.0,0.0,0.0,4,-1,0.10872888565063477,0.1107339859008789,,,
D,D_SparseFIR_K6_colored_SNR10,CTRL_ARX_NLMS,7410,{},10000,32,SUCCESS,,1.0,2.280750034782166,1.1936294156485174,0.09472672558405437,206.0,206.0,206.0,140,-1,0.19034147262573242,0.1938633918762207,,,
D,D_SparseFIR_K6_colored_SNR10,IPNLMS,7410,"{""mu"": 0.5}",10000,32,SUCCESS,,1.0,2.431448201366001,1.2403606079432627,0.10098569463121279,336.0,336.0,336.0,264,-1,0.2744424343109131,0.27844929695129395,,,
D,D_SparseFIR_K6_colored_SNR10,RIVER_SGD_LINREG,7410,{},10000,32,SUCCESS,,1.0,3.2429078401999667,1.3846006316102388,0.13468816678209122,,,,-1,-1,1.4240953922271729,1.4281373023986816,,,
D,D_SparseFIR_K6_colored_SNR10,RIVER_HATR,7410,{},10000,32,SUCCESS,,1.0,7.137986320217319,1.8918327573998837,0.2964630323649386,,,,-1,-1,14.298924922943115,14.307621002197266,,,
D,D_SparseFIR_K6_colored_SNR10,Track_B,7410,{},10000,32,SUCCESS,,1.0,2.2297184832284795,1.1845604413945117,0.09260722467144504,146.01342857142856,166.0,166.0,584,32,0.45154857635498047,0.45555639266967773,,,
D,D_SparseFIR_K6_colored_SNR10,B1_RZA_LMS,7410,"{""learning_rate"": 0.01, ""rho_zero_attraction"": 0.001, ""epsilon_reweight"": 10.0}",10000,32,SUCCESS,,1.0,2.211500353770949,1.181401650781199,0.0918505684296561,321.0,321.0,321.0,320,32,0.2221674919128418,0.22568202018737793,,,
D,D_SparseFIR_K6_colored_SNR10,B2_CCN,7410,"{""readout_lr"": 0.01, ""recurrent_lr"": 0.001, ""max_columns"": 1}",10000,32,SUCCESS,,1.0,2.2800763856797284,1.19849279268888,0.09469874681711658,353.0,353.0,353.0,632,66,0.37228989601135254,0.3742969036102295,,,
D,D_SparseFIR_K6_colored_SNR10,B4_MINIMAL_GRU,7410,"{""learning_rate"": 0.01, ""weight_decay"": 0.99}",10000,32,SUCCESS,,1.0,10.293989842844129,2.420088417793671,0.427541789383891,441.0,441.0,441.0,888,103,0.3854560852050781,0.38747692108154297,,,
D,D_SparseFIR_K6_colored_SNR10,S1_VARIABLE_TAP_LMS,7410,"{""learning_rate"": 0.01, ""tap_leakage"": 0.0001}",10000,32,SUCCESS,,1.0,2.448256903844418,1.24319393116028,0.10168381293563677,184.664,185.0,185.0,544,30,0.20734405517578125,0.20934796333312988,,,
D,D_SparseFIR_K6_colored_SNR10,S2_LRU_STREAM,7410,"{""state_lr"": 0.001, ""readout_lr"": 0.01, ""state_decay"": 0.98}",10000,32,NUMERICAL_DIVERGENCE,67.0,0.0067,inf,inf,inf,0.0,0.0,0.0,600,66,0.0,0.0,,,
D,D_SparseFIR_K6_colored_SNR10,S3_RSONN,7410,"{""learning_rate"": 0.02, ""growth_threshold"": 0.05, ""pruning_threshold"": 0.001}",10000,32,SUCCESS,,1.0,5.9789482569457695,1.881692143961254,0.24832453455209777,850.0,850.0,850.0,1280,148,2.061495304107666,2.0635132789611816,,,
D,D_SparseFIR_K6_colored_SNR10,S5_CONTINUAL_BACKPROP,7410,"{""learning_rate"": 0.01, ""replacement_rate"": 0.001, ""maturity_threshold"": 100}",10000,32,SUCCESS,,1.0,2.294289316837704,1.2029560593189281,0.09528905457071274,197.0,197.0,197.0,832,32,0.3178234100341797,0.32182765007019043,,,
D,D_SparseFIR_K6_colored_SNR10,C1_CURRENT_ONLY_LINEAR,7410,"{""learning_rate"": 0.01}",10000,32,SUCCESS,,1.0,2.294288948897994,1.2029562960191726,0.09528903928901881,129.0,129.0,129.0,288,32,0.1859126091003418,0.18794012069702148,,,
D,D_SparseFIR_K6_colored_SNR10,C2_NLMS,7410,"{""step_size"": 0.2}",10000,32,SUCCESS,,1.0,2.1685069032385997,1.1696705502970526,0.09006491514526256,197.0,197.0,197.0,288,32,0.18593621253967285,0.18793988227844238,,,
D,D_SparseFIR_K6_colored_SNR10,C4_FIXED_LAG_LINEAR,7410,"{""max_lag"": 32, ""learning_rate"": 0.01}",10000,32,SUCCESS,,1.0,2.2939819335450387,1.202877054317055,0.09527628797535183,129.0,129.0,129.0,544,32,0.17033147811889648,0.17387747764587402,,,
A,A_USBirths,LEBRE_V04,7501,{},7304,1,SUCCESS,,1.0,737518.5568778013,736.8032316163005,0.5546621482052018,62.06473694504205,78.0,115.0,368,-1,0.3141462802886963,0.3166496753692627,0.9168039538714992,1.0,1.0
A,A_USBirths,LEBRE_V032,7501,{},7304,1,SUCCESS,,1.0,845911.6892573517,714.632092104396,0.6361808667454509,42.0,42.0,42.0,324,-1,0.20365357398986816,0.20516133308410645,,,
A,A_USBirths,CTRL_PERSISTENCE,7501,{},7304,1,SUCCESS,,1.0,1043999.0586739683,716.3248582045766,0.78515551264191,0.0,0.0,0.0,4,-1,0.10063028335571289,0.10164093971252441,,,
A,A_USBirths,CTRL_ARX_NLMS,7501,{},7304,1,SUCCESS,,1.0,1155443.0105208254,747.4590069725535,0.8689686467785425,20.0,20.0,20.0,16,-1,0.14456439018249512,0.14657068252563477,,,
A,A_USBirths,IPNLMS,7501,"{""mu"": 0.5}",7304,1,SUCCESS,,1.0,1069981.324713231,838.0893551301453,0.8046958745245796,26.0,26.0,26.0,16,-1,0.22147274017333984,0.2244727611541748,,,
A,A_USBirths,RIVER_SGD_LINREG,7501,{},7304,1,SUCCESS,,1.0,880611.0201844953,798.7793386708536,0.6622770310437569,,,,-1,-1,0.1679368019104004,0.16994071006774902,,,
A,A_USBirths,RIVER_HATR,7501,{},7304,1,NUMERICAL_DIVERGENCE,1.0,0.00013691128148959474,inf,inf,inf,0.0,0.0,0.0,-1,-1,0.0,0.0,,,
A,A_USBirths,CTRL_SEASONAL_NAIVE,7501,{},7304,1,SUCCESS,,1.0,208816.97711715236,275.60649325249364,0.15704401201759424,0.0,0.0,0.0,28,-1,0.5536036491394043,0.5564250946044922,,,
A,A_USBirths,Track_B,7501,{},7304,1,RUNTIME_EXCEPTION,1611.0,0.22056407447973714,inf,inf,inf,0.0,0.0,0.0,336,1,0.06458759307861328,0.06458759307861328,,,
A,A_USBirths,B1_RZA_LMS,7501,"{""learning_rate"": 0.001, ""rho_zero_attraction"": 1e-06, ""epsilon_reweight"": 10.0}",7304,1,NUMERICAL_DIVERGENCE,3.0,0.0004107338444687842,inf,inf,inf,0.0,0.0,0.0,72,1,0.0,0.0,,,
A,A_USBirths,B2_CCN,7501,"{""readout_lr"": 0.001, ""recurrent_lr"": 0.0001, ""max_columns"": 1}",7304,1,NUMERICAL_DIVERGENCE,3.0,0.0004107338444687842,inf,inf,inf,0.0,0.0,0.0,136,4,0.0,0.0,,,
A,A_USBirths,B4_MINIMAL_GRU,7501,"{""learning_rate"": 0.01, ""weight_decay"": 0.95}",7304,1,SUCCESS,,1.0,910551.6867668546,803.667406306953,0.6847943687980376,69.0,69.0,69.0,144,10,0.31749844551086426,0.3189992904663086,,,
A,A_USBirths,S1_VARIABLE_TAP_LMS,7501,"{""learning_rate"": 0.001, ""tap_leakage"": 0.0001}",7304,1,NUMERICAL_DIVERGENCE,2.0,0.0002738225629791895,inf,inf,inf,0.0,0.0,0.0,544,3,0.0,0.0,,,
A,A_USBirths,S2_LRU_STREAM,7501,"{""state_lr"": 0.001, ""readout_lr"": 0.001, ""state_decay"": 0.9}",7304,1,NUMERICAL_DIVERGENCE,1.0,0.00013691128148959474,inf,inf,inf,0.0,0.0,0.0,104,4,0.0,0.0,,,
A,A_USBirths,S3_RSONN,7501,"{""learning_rate"": 0.02, ""growth_threshold"": 0.05, ""pruning_threshold"": 0.001}",7304,1,SUCCESS,,1.0,859906.3339100414,801.4951849171039,0.6467057540096983,106.0,106.0,106.0,288,24,0.47302913665771484,0.47503137588500977,,,
A,A_USBirths,S5_CONTINUAL_BACKPROP,7501,"{""learning_rate"": 0.001, ""replacement_rate"": 0.0001, ""maturity_threshold"": 50}",7304,1,NUMERICAL_DIVERGENCE,3.0,0.0004107338444687842,inf,inf,inf,0.0,0.0,0.0,88,1,0.0,0.0,,,
A,A_USBirths,C1_CURRENT_ONLY_LINEAR,7501,"{""learning_rate"": 0.001}",7304,1,NUMERICAL_DIVERGENCE,3.0,0.0004107338444687842,inf,inf,inf,0.0,0.0,0.0,40,1,0.0,0.0,,,
A,A_USBirths,C2_NLMS,7501,"{""step_size"": 0.2}",7304,1,SUCCESS,,1.0,2641318.9365243698,1246.1330149894834,1.9864444382657436,11.0,11.0,11.0,40,1,0.1472795009613037,0.1491258144378662,,,
A,A_USBirths,C4_FIXED_LAG_LINEAR,7501,"{""max_lag"": 4, ""learning_rate"": 0.001}",7304,1,NUMERICAL_DIVERGENCE,2.0,0.0002738225629791895,inf,inf,inf,0.0,0.0,0.0,96,4,0.0,0.0,,,
A,A_USBirths,LEBRE_V04,7502,{},7304,1,SUCCESS,,1.0,737518.5568778013,736.8032316163005,0.5546621482052018,62.06473694504205,78.0,115.0,368,-1,0.35776448249816895,0.36026883125305176,0.9168039538714992,1.0,1.0
A,A_USBirths,LEBRE_V032,7502,{},7304,1,SUCCESS,,1.0,845911.6892573517,714.632092104396,0.6361808667454509,42.0,42.0,42.0,324,-1,0.22422337532043457,0.22572827339172363,,,
A,A_USBirths,CTRL_PERSISTENCE,7502,{},7304,1,SUCCESS,,1.0,1043999.0586739683,716.3248582045766,0.78515551264191,0.0,0.0,0.0,4,-1,0.0967261791229248,0.09872984886169434,,,
A,A_USBirths,CTRL_ARX_NLMS,7502,{},7304,1,SUCCESS,,1.0,1155443.0105208254,747.4590069725535,0.8689686467785425,20.0,20.0,20.0,16,-1,0.6808671951293945,0.6838669776916504,,,
A,A_USBirths,IPNLMS,7502,"{""mu"": 0.5}",7304,1,SUCCESS,,1.0,1069981.324713231,838.0893551301453,0.8046958745245796,26.0,26.0,26.0,16,-1,0.21572589874267578,0.21872591972351074,,,
A,A_USBirths,RIVER_SGD_LINREG,7502,{},7304,1,SUCCESS,,1.0,880611.0201844953,798.7793386708536,0.6622770310437569,,,,-1,-1,0.15308737754821777,0.15508723258972168,,,
A,A_USBirths,RIVER_HATR,7502,{},7304,1,NUMERICAL_DIVERGENCE,1.0,0.00013691128148959474,inf,inf,inf,0.0,0.0,0.0,-1,-1,0.0020051002502441406,0.0020051002502441406,,,
A,A_USBirths,CTRL_SEASONAL_NAIVE,7502,{},7304,1,SUCCESS,,1.0,208816.97711715236,275.60649325249364,0.15704401201759424,0.0,0.0,0.0,28,-1,0.09863495826721191,0.10064220428466797,,,
A,A_USBirths,Track_B,7502,{},7304,1,RUNTIME_EXCEPTION,1611.0,0.22056407447973714,inf,inf,inf,0.0,0.0,0.0,336,1,0.32600975036621094,0.32600975036621094,,,
A,A_USBirths,B1_RZA_LMS,7502,"{""learning_rate"": 0.001, ""rho_zero_attraction"": 1e-06, ""epsilon_reweight"": 10.0}",7304,1,NUMERICAL_DIVERGENCE,3.0,0.0004107338444687842,inf,inf,inf,0.0,0.0,0.0,72,1,0.0015037059783935547,0.0015037059783935547,,,
A,A_USBirths,B2_CCN,7502,"{""readout_lr"": 0.001, ""recurrent_lr"": 0.0001, ""max_columns"": 1}",7304,1,NUMERICAL_DIVERGENCE,3.0,0.0004107338444687842,inf,inf,inf,0.0,0.0,0.0,136,4,0.0,0.0,,,
A,A_USBirths,B4_MINIMAL_GRU,7502,"{""learning_rate"": 0.01, ""weight_decay"": 0.95}",7304,1,SUCCESS,,1.0,910551.6838850883,803.6674071398536,0.684794366630761,69.0,69.0,69.0,144,10,0.32294130325317383,0.32494068145751953,,,
A,A_USBirths,S1_VARIABLE_TAP_LMS,7502,"{""learning_rate"": 0.001, ""tap_leakage"": 0.0001}",7304,1,NUMERICAL_DIVERGENCE,2.0,0.0002738225629791895,inf,inf,inf,0.0,0.0,0.0,544,3,0.0,0.0,,,
A,A_USBirths,S2_LRU_STREAM,7502,"{""state_lr"": 0.001, ""readout_lr"": 0.001, ""state_decay"": 0.9}",7304,1,NUMERICAL_DIVERGENCE,1.0,0.00013691128148959474,inf,inf,inf,0.0,0.0,0.0,104,4,0.0,0.0,,,
A,A_USBirths,S3_RSONN,7502,"{""learning_rate"": 0.02, ""growth_threshold"": 0.05, ""pruning_threshold"": 0.001}",7304,1,SUCCESS,,1.0,859906.3339100414,801.4951849171039,0.6467057540096983,106.0,106.0,106.0,288,24,1.3201370239257812,1.3231463432312012,,,
A,A_USBirths,S5_CONTINUAL_BACKPROP,7502,"{""learning_rate"": 0.001, ""replacement_rate"": 0.0001, ""maturity_threshold"": 50}",7304,1,NUMERICAL_DIVERGENCE,3.0,0.0004107338444687842,inf,inf,inf,0.0,0.0,0.0,88,1,0.0,0.0,,,
A,A_USBirths,C1_CURRENT_ONLY_LINEAR,7502,"{""learning_rate"": 0.001}",7304,1,NUMERICAL_DIVERGENCE,3.0,0.0004107338444687842,inf,inf,inf,0.0,0.0,0.0,40,1,0.0,0.0,,,
A,A_USBirths,C2_NLMS,7502,"{""step_size"": 0.2}",7304,1,SUCCESS,,1.0,2641318.9365243698,1246.1330149894834,1.9864444382657436,11.0,11.0,11.0,40,1,0.14450287818908691,0.14650297164916992,,,
A,A_USBirths,C4_FIXED_LAG_LINEAR,7502,"{""max_lag"": 4, ""learning_rate"": 0.001}",7304,1,NUMERICAL_DIVERGENCE,2.0,0.0002738225629791895,inf,inf,inf,0.0,0.0,0.0,96,4,0.0,0.0,,,
A,A_USBirths,LEBRE_V04,7503,{},7304,1,SUCCESS,,1.0,737518.5568778013,736.8032316163005,0.5546621482052018,62.06473694504205,78.0,115.0,368,-1,1.3992528915405273,1.4014530181884766,0.9168039538714992,1.0,1.0
A,A_USBirths,LEBRE_V032,7503,{},7304,1,SUCCESS,,1.0,845911.6892573517,714.632092104396,0.6361808667454509,42.0,42.0,42.0,324,-1,0.20395302772521973,0.20595669746398926,,,
A,A_USBirths,CTRL_PERSISTENCE,7503,{},7304,1,SUCCESS,,1.0,1043999.0586739683,716.3248582045766,0.78515551264191,0.0,0.0,0.0,4,-1,0.09661221504211426,0.09861183166503906,,,
A,A_USBirths,CTRL_ARX_NLMS,7503,{},7304,1,SUCCESS,,1.0,1155443.0105208254,747.4590069725535,0.8689686467785425,20.0,20.0,20.0,16,-1,0.14231657981872559,0.1453254222869873,,,
A,A_USBirths,IPNLMS,7503,"{""mu"": 0.5}",7304,1,SUCCESS,,1.0,1069981.324713231,838.0893551301453,0.8046958745245796,26.0,26.0,26.0,16,-1,0.22344732284545898,0.22545504570007324,,,
A,A_USBirths,RIVER_SGD_LINREG,7503,{},7304,1,SUCCESS,,1.0,880611.0201844953,798.7793386708536,0.6622770310437569,,,,-1,-1,0.6424238681793213,0.6454448699951172,,,
A,A_USBirths,RIVER_HATR,7503,{},7304,1,NUMERICAL_DIVERGENCE,1.0,0.00013691128148959474,inf,inf,inf,0.0,0.0,0.0,-1,-1,0.0020034313201904297,0.0020034313201904297,,,
A,A_USBirths,CTRL_SEASONAL_NAIVE,7503,{},7304,1,SUCCESS,,1.0,208816.97711715236,275.60649325249364,0.15704401201759424,0.0,0.0,0.0,28,-1,0.09388542175292969,0.09589028358459473,,,
A,A_USBirths,Track_B,7503,{},7304,1,RUNTIME_EXCEPTION,1611.0,0.22056407447973714,inf,inf,inf,0.0,0.0,0.0,336,1,0.06237339973449707,0.06237339973449707,,,
A,A_USBirths,B1_RZA_LMS,7503,"{""learning_rate"": 0.001, ""rho_zero_attraction"": 1e-06, ""epsilon_reweight"": 10.0}",7304,1,NUMERICAL_DIVERGENCE,3.0,0.0004107338444687842,inf,inf,inf,0.0,0.0,0.0,72,1,0.0,0.0,,,
A,A_USBirths,B2_CCN,7503,"{""readout_lr"": 0.001, ""recurrent_lr"": 0.0001, ""max_columns"": 1}",7304,1,NUMERICAL_DIVERGENCE,3.0,0.0004107338444687842,inf,inf,inf,0.0,0.0,0.0,136,4,0.0,0.0,,,
A,A_USBirths,B4_MINIMAL_GRU,7503,"{""learning_rate"": 0.01, ""weight_decay"": 0.95}",7304,1,SUCCESS,,1.0,910551.6867669866,803.6674063069149,0.6847943687981369,69.0,69.0,69.0,144,10,0.31705212593078613,0.3185567855834961,,,
A,A_USBirths,S1_VARIABLE_TAP_LMS,7503,"{""learning_rate"": 0.001, ""tap_leakage"": 0.0001}",7304,1,NUMERICAL_DIVERGENCE,2.0,0.0002738225629791895,inf,inf,inf,0.0,0.0,0.0,544,3,0.0,0.0010058879852294922,,,
A,A_USBirths,S2_LRU_STREAM,7503,"{""state_lr"": 0.001, ""readout_lr"": 0.001, ""state_decay"": 0.9}",7304,1,NUMERICAL_DIVERGENCE,1.0,0.00013691128148959474,inf,inf,inf,0.0,0.0,0.0,104,4,0.0,0.0,,,
A,A_USBirths,S3_RSONN,7503,"{""learning_rate"": 0.02, ""growth_threshold"": 0.05, ""pruning_threshold"": 0.001}",7304,1,SUCCESS,,1.0,859906.3339100414,801.4951849171039,0.6467057540096983,106.0,106.0,106.0,288,24,0.43128252029418945,0.4342830181121826,,,
A,A_USBirths,S5_CONTINUAL_BACKPROP,7503,"{""learning_rate"": 0.001, ""replacement_rate"": 0.0001, ""maturity_threshold"": 50}",7304,1,NUMERICAL_DIVERGENCE,3.0,0.0004107338444687842,inf,inf,inf,0.0,0.0,0.0,88,1,0.0,0.0,,,
A,A_USBirths,C1_CURRENT_ONLY_LINEAR,7503,"{""learning_rate"": 0.001}",7304,1,NUMERICAL_DIVERGENCE,3.0,0.0004107338444687842,inf,inf,inf,0.0,0.0,0.0,40,1,0.002019643783569336,0.002019643783569336,,,
A,A_USBirths,C2_NLMS,7503,"{""step_size"": 0.2}",7304,1,SUCCESS,,1.0,2641318.9365243698,1246.1330149894834,1.9864444382657436,11.0,11.0,11.0,40,1,0.13384270668029785,0.13584470748901367,,,
A,A_USBirths,C4_FIXED_LAG_LINEAR,7503,"{""max_lag"": 4, ""learning_rate"": 0.001}",7304,1,NUMERICAL_DIVERGENCE,2.0,0.0002738225629791895,inf,inf,inf,0.0,0.0,0.0,96,4,0.0,0.0,,,
