task_id,seed,model_label,K_rec_forward,nmse,total_fp_mean,total_fp_median,total_fp_p90,total_fp_p95,total_fp_p99,total_fp_peak,live_fp_mean,shadow_fp_mean,search_probe_fp,candidate_direct_fp,candidate_descendant_fp,arbitration_fp,recurrent_shadow_fp,int_ops_mean,bytes_moved_mean,promotions_lag,promotions_rec,evictions_lag,evictions_rec,rec_active_duty,lag_active_duty,dual_active_duty,candidate_births,candidate_failures,candidate_successful_promotions,g_db_mean,g_rb_mean,g_d_br_mean,g_r_bd_mean,switch_latency,quiescent_reactivation_steps,rec_fwd_executions,rec_lrn_executions
I1_Memoryless_Linear,1941,C0_M1_PARENT,1,0.12368719453097339,92.25966666666666,92.0,109.6000000000131,142.0,150.0,162.0,58.0,34.25966666666667,7.984666666666667,0.475,6.074999999999999,5.6,20.2,19.520333333333333,320.664,0,0,0,0,0.0,0.0,0.0,18,0,0,-0.01028443143506491,0.00022335370380475729,-0.010164241817654091,0.00034354332121557646,,,6000,600
I1_Memoryless_Linear,1941,C2_K2,2,0.12368719453097339,83.25966666666666,88.0,97.00000000001819,142.0,150.0,162.0,58.0,25.259666666666668,7.984666666666667,0.475,6.074999999999999,5.6,11.2,20.020333333333333,308.664,0,0,0,0,0.0,0.0,0.0,18,0,0,-0.01028443143506491,-0.0005395324397535977,-0.010250456939422975,-0.0005055579441116489,,,3000,600
I2_Static_Nonlinear_Negative_Control,1941,C0_M1_PARENT,1,1.1543242674171295,95.25233333333334,92.0,116.80000000001019,162.0,170.0,170.0,59.44166666666667,35.81066666666667,7.905333333333333,2.1053333333333333,7.705333333333333,5.6,20.2,21.87,321.8586666666667,5,0,5,0,0.0,0.14416666666666667,0.0,104,0,5,-0.1481064759564711,-2.854208637332536e-07,-0.14810661850128917,-4.279656817156597e-07,,,6000,600
I2_Static_Nonlinear_Negative_Control,1941,C2_K2,2,1.1543242674171295,86.25233333333334,88.0,106.00000000001455,162.0,170.0,170.0,59.44166666666667,26.810666666666666,7.905333333333333,2.1053333333333333,7.705333333333333,5.6,11.2,22.37,309.8586666666667,5,0,5,0,0.0,0.14416666666666667,0.0,104,0,5,-0.1481064759564711,-2.1548359755362776e-05,-0.14810624277989531,-2.1315183179544275e-05,,,3000,600
I3_Single_Exact_Delay,1941,C0_M1_PARENT,1,0.2524773206225938,100.56166666666667,92.0,140.20000000000073,170.0,170.0,196.0,64.99833333333333,35.56333333333333,7.882,1.8813333333333333,7.481333333333333,5.6,20.2,25.044333333333334,324.9316666666667,1,1,0,1,0.030833333333333334,0.595,0.0,102,0,1,0.714137368399311,-0.003536610976501068,0.7180346112447967,0.0003606318689848286,,,6000,600
I3_Single_Exact_Delay,1941,C2_K2,2,0.2523195254072678,91.675,92.0,127.60000000000582,170.0,170.0,196.0,65.11166666666666,26.563333333333333,7.882,1.8813333333333333,7.481333333333333,5.6,11.2,25.544333333333334,313.09166666666664,1,1,0,1,0.034166666666666665,0.595,0.0,102,0,1,0.714137368399311,0.00433032567310892,0.7064137351670255,-0.003393307559176234,,,3000,600
I4_Multi_Sparse_Delay,1941,C0_M1_PARENT,1,0.5274295669891371,106.46166666666667,102.0,148.0,170.0,196.0,204.0,70.88666666666667,35.575,7.874666666666666,1.9003333333333334,7.500333333333333,5.6,20.2,25.235333333333333,332.989,3,6,2,6,0.19666666666666666,0.62,0.07333333333333333,94,0,3,0.2144454989250751,-0.030143577588429175,0.1632397148447911,-0.08134936166871326,,,6000,600
I4_Multi_Sparse_Delay,1941,C2_K2,2,0.5279985126207285,90.775,92.0,106.00000000001455,170.0,170.0,170.0,64.2,26.575,7.874666666666666,1.9003333333333334,7.500333333333333,5.6,11.2,25.735333333333333,311.549,3,0,2,0,0.0,0.62,0.0,94,0,3,0.2135018364225636,-0.0005351273400479893,0.21183516698862542,-0.002201796773986237,,,3000,600
I5_Moving_Delay_Support,1941,C0_M1_PARENT,1,0.39494286213195073,97.04433333333333,92.0,140.20000000000073,162.0,170.0,196.0,61.34,35.70433333333333,7.8933333333333335,2.011,7.611,5.6,20.2,23.160666666666668,322.587,4,1,4,1,0.0016666666666666668,0.3283333333333333,0.0,99,0,4,-0.0970254079371849,-0.00023065846392623316,-0.09684028914507312,-4.553967181446853e-05,,,6000,600
I5_Moving_Delay_Support,1941,C2_K2,2,0.3949206453500477,87.98766666666667,92.0,106.00000000001455,162.0,170.0,170.0,61.28333333333333,26.704333333333334,7.8933333333333335,2.011,7.611,5.6,11.2,23.660666666666668,310.507,4,0,4,0,0.0,0.3283333333333333,0.0,99,0,4,-0.0970254079371849,-0.0001879485862764122,-0.09695011333905457,-0.00011265398814603026,,,3000,600
I6_Continuous_Latent_State,1941,C0_M1_PARENT,1,0.137304553217261,127.491,126.0,148.0,196.0,196.0,204.0,91.745,35.746,7.906666666666666,2.0393333333333334,7.639333333333333,5.6,20.2,21.042666666666666,368.48466666666667,1,1,1,0,0.98,0.0425,0.0425,90,0,1,-0.032907698142764875,0.5028479137857449,-0.03298829569627289,0.5027673162322367,,,6000,600
I6_Continuous_Latent_State,1941,C2_K2,2,0.14395689791600091,117.63766666666666,122.0,136.60000000000218,196.0,204.0,204.0,90.98333333333333,26.654333333333334,7.9,1.9543333333333333,7.554333333333333,5.6,11.2,22.726666666666667,353.6383333333333,3,1,3,0,0.9083333333333333,0.21,0.21,92,0,3,0.03693987725331058,0.1359067980280828,-0.04658647694102089,0.05238044383375147,,,3000,600
I7_Quiescent_Continuous_State,1941,C0_M1_PARENT,1,0.14411981114296588,119.60266666666666,110.0,142.0,196.0,196.0,204.0,84.03833333333333,35.56433333333333,7.918,1.8463333333333334,7.4463333333333335,5.6,20.2,20.913666666666668,357.5373333333333,1,2,1,1,0.7533333333333333,0.0425,0.0425,89,0,1,-0.08254581560715746,0.4613246907005677,-0.16757800660420152,0.37629249970352363,,73.0,6000,600
I7_Quiescent_Continuous_State,1941,C2_K2,2,0.15381294403157397,107.33766666666666,92.0,136.60000000000218,196.0,196.0,204.0,80.78166666666667,26.556,7.916,1.84,7.4399999999999995,5.6,11.2,21.45,340.876,1,2,1,1,0.6558333333333334,0.04833333333333333,0.04833333333333333,88,0,1,-0.14040896627400115,0.1450291563064473,-0.10854581177255014,0.17689231080789822,,80.0,3000,600
I8_Quiescent_Discrete_Delay,1941,C0_M1_PARENT,1,0.3497192755612913,96.50233333333334,92.0,140.20000000000073,162.0,170.0,196.0,61.14,35.36233333333333,7.914666666666666,1.6476666666666666,7.2476666666666665,5.6,20.2,21.983333333333334,323.393,1,1,0,1,0.030833333333333334,0.20916666666666667,0.0,82,0,1,0.7041086891749153,-0.008659368141449594,0.7124191800738993,-0.00034887724246561143,,,6000,600
I8_Quiescent_Discrete_Delay,1941,C2_K2,2,0.3494818018167984,87.61566666666667,92.0,127.60000000000582,162.0,170.0,196.0,61.25333333333333,26.362333333333332,7.914666666666666,1.6476666666666666,7.2476666666666665,5.6,11.2,22.483333333333334,311.553,1,1,0,1,0.034166666666666665,0.20916666666666667,0.0,82,0,1,0.7041086891749153,0.006391074719353295,0.6906826643205849,-0.007034950134976914,,,3000,600
I9_Hybrid_Delay_Plus_Latent_State,1941,C0_M1_PARENT,1,0.15860053075024477,133.619,132.0,148.0,204.0,204.0,204.0,98.13833333333334,35.480666666666664,7.868,1.8126666666666666,7.4126666666666665,5.6,20.2,26.838,369.112,2,4,1,3,0.9325,0.8433333333333334,0.815,104,0,2,0.2528108462585219,0.13734543668466964,0.3193954944892138,0.20393008491536133,,,6000,600
I9_Hybrid_Delay_Plus_Latent_State,1941,C2_K2,2,0.16610346042384794,121.02066666666667,126.0,136.60000000000218,204.0,204.0,204.0,94.54,26.480666666666668,7.868,1.8126666666666666,7.4126666666666665,5.6,11.2,27.338,352.032,2,3,1,2,0.8266666666666667,0.8433333333333334,0.7825,104,0,2,0.2528088484350973,0.011454764309627167,0.2971828007443206,0.055828716618850326,,,3000,600
I10_Redundant_Temporal_Structure,1941,C0_M1_PARENT,1,0.3356920554692988,134.818,136.0,148.0,204.0,204.0,204.0,99.35333333333334,35.464666666666666,7.863333333333333,1.8013333333333332,7.401333333333333,5.6,20.2,27.159,370.35366666666664,1,1,0,0,0.955,0.8883333333333333,0.8883333333333333,95,0,1,0.6131330659938191,0.5488819182989672,0.14461611499530794,0.0803649673004555,,,6000,600
I10_Redundant_Temporal_Structure,1941,C2_K2,2,0.342880933797146,124.06133333333334,130.0,136.60000000000218,204.0,204.0,204.0,97.59666666666666,26.464666666666666,7.863333333333333,1.8013333333333332,7.401333333333333,5.6,11.2,27.659,355.8736666666667,1,1,0,0,0.9033333333333333,0.8883333333333333,0.8883333333333333,95,0,1,0.6131319630426868,0.20747562686719692,0.4585892619894989,0.05293292581400879,,,3000,600
I11_Regime_Switch_Delay_To_Latent,1941,C0_M1_PARENT,1,0.15831545577952527,115.424,110.0,148.0,170.0,204.0,204.0,79.935,35.489,7.8693333333333335,1.8196666666666668,7.419666666666666,5.6,20.2,26.286,344.1956666666667,3,2,3,1,0.4191666666666667,0.7683333333333333,0.215,93,0,3,-0.033253346942825876,0.3549124274807565,-0.09604582839768175,0.2921199460259007,578.0,,6000,600
I11_Regime_Switch_Delay_To_Latent,1941,C2_K2,2,0.16022705860419667,105.964,102.0,136.60000000000218,170.0,204.0,204.0,79.485,26.479,7.871333333333333,1.8076666666666668,7.407666666666667,5.6,11.2,26.762333333333334,331.5833333333333,3,1,3,0,0.4066666666666667,0.7658333333333334,0.2,95,0,3,-0.03052318740814844,0.10613664001163478,-0.10984733330164291,0.026812494118140275,610.0,,3000,600
I12_Regime_Switch_Latent_To_Delay,1941,C0_M1_PARENT,1,0.2636696808122315,109.68433333333333,110.0,140.20000000000073,162.0,196.0,196.0,73.95166666666667,35.73266666666667,7.911333333333333,2.021333333333333,7.621333333333332,5.6,20.2,20.720333333333333,343.8023333333333,0,1,0,1,0.4691666666666667,0.0,0.0,93,0,0,-0.0591089924676732,-0.00024961040415625744,-0.05907373793336878,-0.00021435586985180224,3000.0,,6000,600
I12_Regime_Switch_Latent_To_Delay,1941,C2_K2,2,0.26879706219236515,99.62866666666666,92.0,136.60000000000218,162.0,196.0,204.0,72.92666666666666,26.702,7.9093333333333335,1.9926666666666666,7.592666666666666,5.6,11.2,21.808,329.49666666666667,4,1,4,1,0.415,0.08166666666666667,0.0425,94,0,4,-0.006536794957187617,-0.00013776005383533396,-0.006747672970455109,-0.0003486380671028323,3000.0,,3000,600
I13_Regime_Switch_Hybrid_To_Memoryless,1941,C0_M1_PARENT,1,0.16877021466771286,113.94833333333334,110.0,148.0,170.0,204.0,204.0,78.59666666666666,35.35166666666667,7.9013333333333335,1.6503333333333334,7.250333333333333,5.6,20.2,23.983333333333334,345.27633333333335,2,2,2,2,0.4658333333333333,0.47583333333333333,0.34833333333333333,89,0,2,-0.0060717019817282825,0.0006061075948643281,-0.006014661863942039,0.0006631477126505718,122.0,,6000,600
I13_Regime_Switch_Hybrid_To_Memoryless,1941,C2_K2,2,0.17431219654393412,102.76666666666667,96.0,136.60000000000218,166.0,204.0,204.0,76.415,26.351666666666667,7.9013333333333335,1.6503333333333334,7.250333333333333,5.6,11.2,24.483333333333334,330.1963333333333,2,1,2,1,0.40166666666666667,0.47583333333333333,0.3575,89,0,2,-0.006071700402076592,-0.002996437046614775,-0.0063930367439608265,-0.00331777338849901,122.0,,3000,600
I14_Intermittent_Hybrid,1941,C0_M1_PARENT,1,0.24642481081677894,114.721,110.0,140.20000000000073,196.0,196.0,196.0,78.88166666666666,35.839333333333336,7.92,2.1193333333333335,7.719333333333333,5.6,20.2,20.82,350.81,0,3,0,3,0.6141666666666666,0.0,0.0,110,0,0,-0.037790397935383704,-0.004545488816729993,-0.03490823727173579,-0.0016633281530821012,1602.0,,6000,600
I14_Intermittent_Hybrid,1941,C2_K2,2,0.25896188827600186,99.11933333333333,92.0,127.60000000000582,162.0,196.0,196.0,72.28,26.839333333333332,7.92,2.1193333333333335,7.719333333333333,5.6,11.2,21.32,329.49,0,1,0,1,0.42,0.0,0.0,110,0,0,-0.037790397935383704,-0.01314721697495188,-0.032418818652884034,-0.007775637692452208,1602.0,,3000,600
I1_Memoryless_Linear,1942,C0_M1_PARENT,1,0.12999763414782395,93.75266666666667,92.0,138.40000000000146,150.0,152.0,176.0,59.475,34.27766666666667,7.981333333333334,0.49633333333333335,6.096333333333333,5.6,20.2,19.71,322.55966666666666,1,1,1,1,0.0375,0.02,0.0,18,0,1,-0.007404596110304361,-0.0006316870637375474,-0.00791267891793502,-0.0011397698713682036,,,6000,600
I1_Memoryless_Linear,1942,C2_K2,2,0.1292343221785599,83.47766666666666,88.0,106.00000000001455,142.0,150.0,156.0,58.2,25.277666666666665,7.981333333333334,0.49633333333333335,6.096333333333333,5.6,11.2,20.21,308.75966666666665,1,0,1,0,0.0,0.02,0.0,18,0,1,-0.007404596110304361,-0.0010613664108614662,-0.007654963358503431,-0.001311733659060533,,,3000,600
I2_Static_Nonlinear_Negative_Control,1942,C0_M1_PARENT,1,1.044797569154136,95.40066666666667,92.0,140.20000000000073,162.0,162.0,196.0,59.53666666666667,35.864,7.915333333333334,2.1486666666666667,7.748666666666667,5.6,20.2,20.903666666666666,323.413,1,1,1,1,0.0425,0.009166666666666667,0.0,110,0,1,-0.054226951019575614,-3.834123116507883e-05,-0.05422946155798996,-4.085176957945487e-05,,,6000,600
I2_Static_Nonlinear_Negative_Control,1942,C2_K2,2,1.0427328515360947,86.004,88.0,127.60000000000582,162.0,162.0,196.0,59.14,26.864,7.915333333333334,2.1486666666666667,7.748666666666667,5.6,11.2,21.403666666666666,310.853,1,1,1,1,0.030833333333333334,0.009166666666666667,0.0,110,0,1,-0.054226951019575614,-4.1987088114875324e-05,-0.054235556225527046,-5.0592294066331154e-05,,,3000,600
I3_Single_Exact_Delay,1942,C0_M1_PARENT,1,0.45375325057445565,97.05366666666667,92.0,140.20000000000073,162.0,162.0,196.0,61.25833333333333,35.79533333333333,7.914,2.0813333333333333,7.681333333333333,5.6,20.2,20.772333333333332,325.90766666666667,0,5,0,5,0.09583333333333334,0.0,0.0,97,0,0,-0.23567161147228413,0.009322565910135751,-0.23747811005394884,0.007516067328471021,,,6000,600
I3_Single_Exact_Delay,1942,C2_K2,2,0.45414528562258405,86.36533333333334,92.0,127.60000000000582,162.0,162.0,196.0,59.575,26.790333333333333,7.9126666666666665,2.0776666666666666,7.677666666666666,5.6,11.2,21.280333333333335,311.512,1,1,1,1,0.04583333333333333,0.0016666666666666668,0.0,99,0,1,-0.06538119819010756,0.0013429879079961064,-0.06731881464212192,-0.0005946285440182464,,,3000,600
I4_Multi_Sparse_Delay,1942,C0_M1_PARENT,1,0.4933620706369652,111.32566666666666,102.0,148.0,170.0,204.0,204.0,75.77166666666666,35.554,7.872,1.882,7.481999999999999,5.6,20.2,25.629333333333335,339.3066666666667,1,11,0,10,0.32416666666666666,0.675,0.13583333333333333,97,0,1,0.5185682723246694,0.08502321751968159,0.4367560025243354,0.0032109477193472437,,,6000,600
I4_Multi_Sparse_Delay,1942,C2_K2,2,0.49676393231400917,92.09733333333334,92.0,136.60000000000218,170.0,170.0,204.0,65.54333333333334,26.554,7.872,1.882,7.481999999999999,5.6,11.2,26.129333333333335,312.8666666666667,1,1,0,1,0.023333333333333334,0.675,0.023333333333333334,97,0,1,0.4994058580373959,0.005094782653679436,0.4978007377224352,0.003489662338718993,,,3000,600
I5_Moving_Delay_Support,1942,C0_M1_PARENT,1,0.47049805365544967,98.107,92.0,148.0,162.0,170.0,204.0,62.305,35.802,7.908666666666667,2.0933333333333333,7.693333333333333,5.6,20.2,21.803,325.9843333333333,8,7,8,7,0.08666666666666667,0.13583333333333333,0.03833333333333333,108,0,8,-0.10838759469890988,-0.008964127895315414,-0.10494630030475956,-0.005522833501165135,,,6000,600
I5_Moving_Delay_Support,1942,C2_K2,2,0.4696490676388756,87.35033333333334,92.0,127.60000000000582,162.0,170.0,196.0,60.54833333333333,26.802,7.908666666666667,2.0933333333333333,7.693333333333333,5.6,11.2,22.303,311.5043333333333,8,4,8,4,0.035,0.13583333333333333,0.0,108,0,8,-0.10838756021280162,-0.00374709109590072,-0.10910911781210039,-0.004468648695199522,,,3000,600
I6_Continuous_Latent_State,1942,C0_M1_PARENT,1,0.1410345089013244,127.49033333333334,126.0,140.20000000000073,196.0,196.0,196.0,91.66,35.830333333333336,7.911333333333333,2.119,7.718999999999999,5.6,20.2,20.801,368.8426666666667,0,1,0,0,0.99,0.0,0.0,98,0,0,0.019832002449996215,0.27497410599993,-0.015073899309639833,0.24006820424029407,,,6000,600
I6_Continuous_Latent_State,1942,C2_K2,2,0.15056485940358486,117.596,122.0,136.60000000000218,196.0,196.0,204.0,90.78333333333333,26.812666666666665,7.91,2.1026666666666665,7.702666666666666,5.6,11.2,21.649,355.097,1,3,1,2,0.95,0.04833333333333333,0.04833333333333333,99,0,1,0.015249528747343144,0.10027056196149055,-0.012321528746551381,0.07269950446759606,,,3000,600
I7_Quiescent_Continuous_State,1942,C0_M1_PARENT,1,0.15161855893184772,121.275,122.0,140.20000000000073,196.0,196.0,196.0,85.59666666666666,35.678333333333335,7.907333333333334,1.971,7.571,5.6,20.2,20.688333333333333,360.2273333333333,0,2,0,1,0.8116666666666666,0.0,0.0,86,0,0,-0.13510331547504606,0.24574738444900251,-0.13391092410978772,0.24693977581426105,,104.0,6000,600
I7_Quiescent_Continuous_State,1942,C2_K2,2,0.17174478817443903,108.42166666666667,92.0,127.60000000000582,196.0,196.0,196.0,81.74333333333334,26.678333333333335,7.907333333333334,1.971,7.571,5.6,11.2,21.188333333333333,342.7873333333333,0,2,0,1,0.6983333333333334,0.0,0.0,86,0,0,-0.13510331547504606,0.09770265648975118,-0.13881166298093947,0.09399430898385779,,122.0,3000,600
I8_Quiescent_Discrete_Delay,1942,C0_M1_PARENT,1,0.32369291462824495,100.163,92.0,140.20000000000073,162.0,176.0,196.0,64.75,35.413,7.905333333333333,1.7076666666666667,7.307666666666666,5.6,20.2,22.538666666666668,327.793,1,3,0,3,0.11666666666666667,0.2783333333333333,0.0,84,0,1,0.6984686898455784,0.00680230758850198,0.7005176503592984,0.008851268102221862,,,6000,600
I8_Quiescent_Discrete_Delay,1942,C2_K2,2,0.3236563761080511,88.75466666666667,92.0,127.60000000000582,162.0,170.0,196.0,62.34166666666667,26.413,7.905333333333333,1.7076666666666667,7.307666666666666,5.6,11.2,23.038666666666668,312.393,1,1,0,1,0.04583333333333333,0.2783333333333333,0.0,84,0,1,0.6984686898455784,0.0018030952383634286,0.6948589378769664,-0.0018066567302485682,,,3000,600
I9_Hybrid_Delay_Plus_Latent_State,1942,C0_M1_PARENT,1,0.13703745833849143,132.80833333333334,136.0,148.0,204.0,204.0,204.0,97.38333333333334,35.425,7.8613333333333335,1.7636666666666667,7.363666666666666,5.6,20.2,27.795333333333332,366.63233333333335,1,7,0,6,0.8708333333333333,0.9775,0.86,102,0,1,0.6199845635934212,0.18224597004676998,0.5770729976731838,0.1393344041265324,,,6000,600
I9_Hybrid_Delay_Plus_Latent_State,1942,C2_K2,2,0.13944901730342021,123.29833333333333,130.0,136.60000000000218,204.0,204.0,204.0,96.87333333333333,26.425,7.8613333333333335,1.7636666666666667,7.363666666666666,5.6,11.2,28.295333333333332,353.9123333333333,1,5,0,4,0.8558333333333333,0.9775,0.845,102,0,1,0.6199912546015683,0.04543986210560647,0.6216493924648575,0.04709799996889572,,,3000,600
I10_Redundant_Temporal_Structure,1942,C0_M1_PARENT,1,0.4141678725276136,129.335,126.0,148.0,196.0,204.0,204.0,93.55166666666666,35.78333333333333,7.900666666666667,2.082666666666667,7.682666666666666,5.6,20.2,22.179,369.53433333333334,2,1,1,0,0.99,0.18916666666666668,0.18916666666666668,106,0,2,0.5448611784043237,0.547323689405877,0.19122281443186576,0.19368532543341896,,,6000,600
I10_Redundant_Temporal_Structure,1942,C2_K2,2,0.41424792880537054,120.335,126.0,136.60000000000218,196.0,204.0,204.0,93.55166666666666,26.783333333333335,7.900666666666667,2.082666666666667,7.682666666666666,5.6,11.2,22.679,357.53433333333334,2,1,1,0,0.99,0.18916666666666668,0.18916666666666668,106,0,2,0.5448611415845642,0.24763515245419837,0.43108082626056177,0.1338548371301958,,,3000,600
I11_Regime_Switch_Delay_To_Latent,1942,C0_M1_PARENT,1,0.2842837553754537,109.029,106.0,140.20000000000073,162.0,196.0,196.0,73.20833333333333,35.82066666666667,7.902666666666667,2.118,7.718,5.6,20.2,21.15,342.2993333333333,1,1,1,0,0.43333333333333335,0.0475,0.0,100,0,1,-0.005564928774818041,0.20705923181419617,-0.03658517508700736,0.17603898550200686,542.0,,6000,600
I11_Regime_Switch_Delay_To_Latent,1942,C2_K2,2,0.28808639472180175,100.08566666666667,92.0,136.60000000000218,162.0,196.0,204.0,73.265,26.820666666666668,7.902666666666667,2.118,7.718,5.6,11.2,21.65,330.3793333333333,1,3,1,2,0.435,0.0475,0.014166666666666666,100,0,1,-0.005564928773741204,0.07874001485144104,-0.02308234622427458,0.061222597400907644,542.0,,3000,600
I12_Regime_Switch_Latent_To_Delay,1942,C0_M1_PARENT,1,0.20818416205036272,114.48133333333334,110.0,140.20000000000073,190.0,196.0,196.0,78.80166666666666,35.67966666666667,7.9,1.9796666666666667,7.579666666666666,5.6,20.2,22.62,347.955,2,1,1,1,0.5358333333333334,0.25833333333333336,0.0,100,0,2,0.5692129411747011,-0.012929286951040042,0.5808477070560636,-0.0012945210696776771,1780.0,,6000,600
I12_Regime_Switch_Latent_To_Delay,1942,C2_K2,2,0.20751209610356192,105.25466666666667,92.0,127.60000000000582,186.20000000000073,196.0,196.0,78.575,26.679666666666666,7.9,1.9796666666666667,7.579666666666666,5.6,11.2,23.12,335.635,2,1,1,1,0.5291666666666667,0.25833333333333336,0.0,100,0,2,0.5692129411747011,-0.01992833067819447,0.5780230125337538,-0.011118259319141791,1780.0,,3000,600
I13_Regime_Switch_Hybrid_To_Memoryless,1942,C0_M1_PARENT,1,0.1446125041518355,114.387,114.0,148.0,170.0,204.0,204.0,78.85833333333333,35.528666666666666,7.884,1.8446666666666667,7.4446666666666665,5.6,20.2,25.263333333333332,344.16066666666666,1,7,1,7,0.42916666666666664,0.6266666666666667,0.41833333333333333,103,0,1,-0.032929921107592915,-0.0018013007390252946,-0.03284966526117591,-0.0017210448926083103,174.0,,6000,600
I13_Regime_Switch_Hybrid_To_Memoryless,1942,C2_K2,2,0.14899932167323934,104.027,102.0,136.60000000000218,170.0,204.0,204.0,77.49833333333333,26.528666666666666,7.884,1.8446666666666667,7.4446666666666665,5.6,11.2,25.763333333333332,330.24066666666664,1,5,1,5,0.38916666666666666,0.6266666666666667,0.37833333333333335,103,0,1,-0.032930013070999034,-0.002725144854193149,-0.03296008486471752,-0.0027552166479116323,174.0,,3000,600
I14_Intermittent_Hybrid,1942,C0_M1_PARENT,1,0.1986005329618197,118.081,114.0,148.0,196.0,204.0,204.0,82.51666666666667,35.56433333333333,7.888,1.8763333333333334,7.476333333333333,5.6,20.2,24.522,350.389,2,3,2,3,0.5666666666666667,0.525,0.25416666666666665,101,0,2,-0.026392015338968337,-0.0004483368877942187,-0.027947343905298436,-0.0020036654541243405,1520.0,,6000,600
I14_Intermittent_Hybrid,1942,C2_K2,2,0.20182736130520423,106.42566666666667,102.0,136.60000000000218,170.0,204.0,204.0,79.86166666666666,26.564,7.888,1.876,7.475999999999999,5.6,11.2,25.028,334.632,2,2,2,2,0.48833333333333334,0.5258333333333334,0.22083333333333333,101,0,2,-0.026398858524987266,-0.0048716294232207386,-0.026349771009377267,-0.0048225419076107405,1520.0,,3000,600
I1_Memoryless_Linear,1943,C0_M1_PARENT,1,0.12675591433693084,92.15466666666667,92.0,109.6000000000131,142.0,150.0,156.0,58.0,34.154666666666664,7.99,0.36466666666666664,5.964666666666666,5.6,20.2,19.402333333333335,320.60366666666664,0,0,0,0,0.0,0.0,0.0,15,0,0,-0.005270799486932558,-0.0001317451043514873,-0.005178506783333334,-3.945240075226154e-05,,,6000,600
I1_Memoryless_Linear,1943,C2_K2,2,0.12675591433693084,83.15466666666667,88.0,97.00000000001819,142.0,150.0,156.0,58.0,25.154666666666667,7.99,0.36466666666666664,5.964666666666666,5.6,11.2,19.902333333333335,308.60366666666664,0,0,0,0,0.0,0.0,0.0,15,0,0,-0.005270799486932558,0.0007476089952192882,-0.005213824617847461,0.0008045838643043858,,,3000,600
I2_Static_Nonlinear_Negative_Control,1943,C0_M1_PARENT,1,1.0086526082315785,94.166,92.0,116.80000000001019,162.0,162.0,170.0,58.375,35.791,7.913333333333333,2.0776666666666666,7.677666666666666,5.6,20.2,21.058666666666667,321.451,2,0,2,0,0.0,0.0375,0.0,103,0,2,-0.07466156753578218,-5.483120000690103e-07,-0.07466162097058754,-6.017468054163631e-07,,,6000,600
I2_Static_Nonlinear_Negative_Control,1943,C2_K2,2,1.0086526082315785,85.166,88.0,106.00000000001455,162.0,162.0,170.0,58.375,26.791,7.913333333333333,2.0776666666666666,7.677666666666666,5.6,11.2,21.558666666666667,309.451,2,0,2,0,0.0,0.0375,0.0,103,0,2,-0.07466156753578218,-9.802282277656748e-07,-0.0746614579890639,-8.706815095258779e-07,,,3000,600
I3_Single_Exact_Delay,1943,C0_M1_PARENT,1,0.20759291961958642,102.45333333333333,102.0,140.20000000000073,170.0,170.0,196.0,66.92333333333333,35.53,7.8773333333333335,1.8526666666666667,7.4526666666666666,5.6,20.2,25.930666666666667,326.376,1,1,0,1,0.051666666666666666,0.7166666666666667,0.0,105,0,1,0.7988736253674803,-0.001251358133603219,0.7995013700252585,-0.0006236134758254284,,,6000,600
I3_Single_Exact_Delay,1943,C2_K2,2,0.2081663966843687,92.68833333333333,92.0,127.60000000000582,170.0,170.0,196.0,66.15833333333333,26.53,7.8773333333333335,1.8526666666666667,7.4526666666666666,5.6,11.2,26.430666666666667,313.296,1,2,0,2,0.029166666666666667,0.7166666666666667,0.0,105,0,1,0.7988736253674803,0.00028222637587159275,0.7987774480268773,0.0001860490352684993,,,3000,600
I4_Multi_Sparse_Delay,1943,C0_M1_PARENT,1,0.5886664480802095,101.00966666666666,92.0,148.0,162.0,196.08000000000175,204.0,65.22166666666666,35.788,7.894666666666667,2.0933333333333333,7.693333333333333,5.6,20.2,22.267333333333333,329.42,5,11,4,11,0.15333333333333332,0.20083333333333334,0.1,103,0,5,0.24945050589068124,0.03461750473976001,0.17541509938777491,-0.039417901763146065,,,6000,600
I4_Multi_Sparse_Delay,1943,C2_K2,2,0.5876080035652325,86.79633333333334,92.0,106.00000000001455,162.0,170.0,170.0,60.00833333333333,26.788,7.894666666666667,2.0933333333333333,7.693333333333333,5.6,11.2,22.767333333333333,310.06,5,0,4,0,0.0,0.20083333333333334,0.0,103,0,5,0.24916934726261508,0.0020200922006962,0.24600789874708429,-0.001141356314834442,,,3000,600
I5_Moving_Delay_Support,1943,C0_M1_PARENT,1,0.3751906617399178,97.57933333333334,92.0,116.80000000001019,162.0,170.0,170.0,61.9,35.67933333333333,7.8886666666666665,1.9906666666666666,7.5906666666666665,5.6,20.2,23.601,322.72833333333335,4,0,3,0,0.0,0.39,0.0,102,0,4,0.29042401934937845,-0.0003465185483864378,0.2900245406112842,-0.0007459972864806226,,,6000,600
I5_Moving_Delay_Support,1943,C2_K2,2,0.3751906617399178,88.57933333333334,92.0,106.00000000001455,162.0,170.0,170.0,61.9,26.679333333333332,7.8886666666666665,1.9906666666666666,7.5906666666666665,5.6,11.2,24.101,310.72833333333335,4,0,3,0,0.0,0.39,0.0,102,0,4,0.29042401934937845,0.0024183485622396987,0.2899041532192902,0.0018984824321515183,,,3000,600
I6_Continuous_Latent_State,1943,C0_M1_PARENT,1,0.14543627437256068,127.54833333333333,126.0,140.20000000000073,196.0,196.0,196.0,91.71666666666667,35.83166666666666,7.905333333333333,2.126333333333333,7.726333333333333,5.6,20.2,20.804,368.92566666666664,0,1,0,0,0.9916666666666667,0.0,0.0,90,0,0,0.007721325770625286,0.4007110742086732,-0.11157751138083237,0.2814122370572157,,,6000,600
I6_Continuous_Latent_State,1943,C2_K2,2,0.14903476414929592,119.58166666666666,122.0,136.60000000000218,196.0,204.0,204.0,92.805,26.776666666666667,7.902666666666667,2.074,7.6739999999999995,5.6,11.2,22.204666666666668,357.13666666666666,2,2,2,1,0.9866666666666667,0.12583333333333332,0.12583333333333332,94,0,2,0.007684531543401951,0.22818469250227116,-0.1056208179686638,0.11487934299020548,,,3000,600
I7_Quiescent_Continuous_State,1943,C0_M1_PARENT,1,0.15126481079058346,121.85533333333333,122.0,148.0,196.0,196.0,204.0,86.19166666666666,35.663666666666664,7.906666666666666,1.957,7.5569999999999995,5.6,20.2,21.220666666666666,360.33366666666666,1,2,1,1,0.8083333333333333,0.07083333333333333,0.07083333333333333,95,0,1,-0.24979218702906578,0.3910945164105617,-0.19715891381706485,0.4437277896225627,,84.0,6000,600
I7_Quiescent_Continuous_State,1943,C2_K2,2,0.16576722688780599,109.745,92.0,127.60000000000582,196.0,196.0,196.0,83.04666666666667,26.698333333333334,7.912,1.9863333333333333,7.586333333333333,5.6,11.2,21.219333333333335,344.64166666666665,0,3,0,2,0.7366666666666667,0.0,0.0,95,0,0,-0.23618908467955663,0.25488109938436665,-0.23409435144644866,0.25697583261747453,,177.0,3000,600
I8_Quiescent_Discrete_Delay,1943,C0_M1_PARENT,1,0.2603750369187384,100.719,92.0,140.20000000000073,166.0,170.0,196.0,65.24833333333333,35.470666666666666,7.882,1.7886666666666666,7.3886666666666665,5.6,20.2,24.628333333333334,325.72366666666665,2,1,1,1,0.051666666666666666,0.5491666666666667,0.0,96,0,2,0.7843321347071558,-0.008937168994917753,0.7887502946724606,-0.004519009029612463,,,6000,600
I8_Quiescent_Discrete_Delay,1943,C2_K2,2,0.2612318421828455,90.954,92.0,127.60000000000582,166.0,170.0,196.0,64.48333333333333,26.470666666666666,7.882,1.7886666666666666,7.3886666666666665,5.6,11.2,25.128333333333334,312.64366666666666,2,2,1,2,0.029166666666666667,0.5491666666666667,0.0,96,0,2,0.7843321347071558,0.004119190692934466,0.7826495857649911,0.0024366417507698844,,,3000,600
I9_Hybrid_Delay_Plus_Latent_State,1943,C0_M1_PARENT,1,0.20352439956495325,124.87166666666667,120.0,148.0,196.0,204.0,204.0,89.33,35.541666666666664,7.874666666666666,1.867,7.467,5.6,20.2,25.806,358.19433333333336,1,10,0,9,0.7158333333333333,0.6991666666666667,0.49083333333333334,103,0,1,0.5711982716616995,0.10116132567224036,0.5923054716694363,0.12226852567997756,,,6000,600
I9_Hybrid_Delay_Plus_Latent_State,1943,C2_K2,2,0.21846271471235007,108.165,102.0,136.60000000000218,170.0,204.0,204.0,81.62333333333333,26.541666666666668,7.874666666666666,1.867,7.467,5.6,11.2,26.306,335.3143333333333,1,12,0,11,0.4891666666666667,0.6991666666666667,0.31083333333333335,103,0,1,0.5787740822124767,0.12190590092732946,0.5476858955401296,0.09081771425498261,,,3000,600
I10_Redundant_Temporal_Structure,1943,C0_M1_PARENT,1,0.31653519274266145,137.019,136.0,148.20000000000073,204.0,204.0,204.0,101.59166666666667,35.42733333333333,7.8613333333333335,1.766,7.366,5.6,20.2,27.876,372.47266666666667,1,1,0,0,0.9916666666666667,0.9875,0.9875,103,0,1,0.7229891692288004,0.48426026727853244,0.3165300036687754,0.07780110171850689,,,6000,600
I10_Redundant_Temporal_Structure,1943,C2_K2,2,0.3150683388716624,128.07566666666668,130.0,137.4000000000051,204.0,204.0,204.0,101.64833333333333,26.427333333333333,7.8613333333333335,1.766,7.366,5.6,11.2,28.376,360.55266666666665,1,1,0,0,0.9933333333333333,0.9875,0.9875,103,0,1,0.7229891676039448,0.2910010853654839,0.5576882469238299,0.12570016468536926,,,3000,600
I11_Regime_Switch_Delay_To_Latent,1943,C0_M1_PARENT,1,0.18825222193629074,114.92933333333333,110.0,148.0,170.0,204.0,204.0,79.325,35.60433333333334,7.89,1.9143333333333334,7.514333333333333,5.6,20.2,24.501,345.978,2,1,1,0,0.475,0.5175,0.19583333333333333,104,0,2,0.015117848016553411,0.26647386582292326,-0.00274745474638509,0.24860856305998477,282.0,,6000,600
I11_Regime_Switch_Delay_To_Latent,1943,C2_K2,2,0.19393511969971694,105.15633333333334,102.0,136.60000000000218,170.0,204.0,204.0,78.56166666666667,26.594666666666665,7.889333333333333,1.9053333333333333,7.505333333333333,5.6,11.2,25.143333333333334,332.6893333333333,2,2,1,1,0.44666666666666666,0.5375,0.1875,105,0,2,0.011341501830887961,0.19373458062871254,-0.003559194902070855,0.17883388389575375,523.0,,3000,600
I12_Regime_Switch_Latent_To_Delay,1943,C0_M1_PARENT,1,0.24492222440803663,112.54466666666667,110.0,140.20000000000073,190.0,196.0,196.0,76.76333333333334,35.781333333333336,7.8966666666666665,2.0846666666666667,7.684666666666667,5.6,20.2,21.678333333333335,346.525,2,2,1,2,0.5158333333333334,0.1225,0.0,92,0,2,0.8488934433375664,-0.013065475526569238,0.8551280709026515,-0.006830847961484248,2475.0,,6000,600
I12_Regime_Switch_Latent_To_Delay,1943,C2_K2,2,0.2451184124656503,103.91066666666667,92.0,136.60000000000218,186.0,196.0,204.0,77.16833333333334,26.742333333333335,7.894,2.0483333333333333,7.648333333333333,5.6,11.2,22.791,334.192,3,1,2,1,0.5025,0.20833333333333334,0.085,95,0,3,0.8488959894090801,-0.006157078520840907,0.8512997710755136,-0.0037532968544075024,2475.0,,3000,600
I13_Regime_Switch_Hybrid_To_Memoryless,1943,C0_M1_PARENT,1,0.21709900494197307,109.654,106.0,148.0,170.0,204.0,204.0,74.055,35.599,7.907333333333334,1.8916666666666666,7.491666666666666,5.6,20.2,23.032333333333334,340.59933333333333,1,7,1,7,0.37833333333333335,0.31916666666666665,0.15333333333333332,100,0,1,-0.021351970817860503,-0.0007029796758173898,-0.021562510003285615,-0.0009135188612425019,107.0,,6000,600
I13_Regime_Switch_Hybrid_To_Memoryless,1943,C2_K2,2,0.22387882951121854,97.82066666666667,92.0,136.60000000000218,162.0,204.0,204.0,71.22166666666666,26.599,7.907333333333334,1.8916666666666666,7.491666666666666,5.6,11.2,23.532333333333334,324.59933333333333,1,7,1,7,0.295,0.31916666666666665,0.11666666666666667,100,0,1,-0.02135198459641721,0.0011933899210743184,-0.021020487507801874,0.0015248870096896622,107.0,,3000,600
I14_Intermittent_Hybrid,1943,C0_M1_PARENT,1,0.2479282454886196,115.071,110.0,148.0,196.0,196.0,204.0,79.255,35.816,7.915333333333334,2.1006666666666667,7.700666666666667,5.6,20.2,21.358333333333334,350.56033333333335,1,2,1,2,0.6033333333333334,0.07416666666666667,0.07416666666666667,107,0,1,-0.07319479917879045,-0.008159254544828541,-0.0855148574843488,-0.02047931285038691,1599.0,,6000,600
I14_Intermittent_Hybrid,1943,C2_K2,2,0.25174208694599215,104.286,92.0,136.60000000000218,192.0,196.0,204.0,77.47,26.816,7.915333333333334,2.1006666666666667,7.700666666666667,5.6,11.2,21.858333333333334,336.0403333333333,1,2,1,2,0.5508333333333333,0.07416666666666667,0.041666666666666664,107,0,1,-0.07319479933726877,0.0002759541695953616,-0.0814328745916687,-0.00796212108480453,1599.0,,3000,600
I1_Memoryless_Linear,1944,C0_M1_PARENT,1,0.12906349893647445,94.07633333333334,92.0,138.40000000000146,150.0,162.0,176.0,59.55833333333333,34.518,7.975333333333333,0.7426666666666667,6.342666666666666,5.6,20.2,19.756333333333334,322.9843333333333,0,1,0,1,0.04583333333333333,0.0,0.0,32,0,0,-0.0003138441866688726,0.0006710568833668922,-0.00031674864623005476,0.0006681524238057096,,,6000,600
I1_Memoryless_Linear,1944,C2_K2,2,0.12909534543178444,85.07633333333334,92.0,127.60000000000582,150.0,162.0,176.0,59.55833333333333,25.518,7.975333333333333,0.7426666666666667,6.342666666666666,5.6,11.2,20.256333333333334,310.9843333333333,0,1,0,1,0.04583333333333333,0.0,0.0,32,0,0,-0.0003138441866688726,-0.00023530289591534555,-0.0003150796601538089,-0.00023653836940028174,,,3000,600
I2_Static_Nonlinear_Negative_Control,1944,C0_M1_PARENT,1,1.106947875877221,93.90933333333334,92.0,116.80000000001019,162.0,162.0,170.0,58.09166666666667,35.81766666666667,7.915333333333334,2.102333333333333,7.702333333333333,5.6,20.2,20.865666666666666,321.354,1,0,1,0,0.0,0.009166666666666667,0.0,105,0,1,-0.47950693263087146,-3.096688531311549e-06,-0.4795013894909906,2.4464513495760487e-06,,,6000,600
I2_Static_Nonlinear_Negative_Control,1944,C2_K2,2,1.106947875877221,84.90933333333334,88.0,106.00000000001455,162.0,162.0,170.0,58.09166666666667,26.817666666666668,7.915333333333334,2.102333333333333,7.702333333333333,5.6,11.2,21.365666666666666,309.354,1,0,1,0,0.0,0.009166666666666667,0.0,105,0,1,-0.47950693263087146,-0.000631597905702671,-0.47874704861191864,0.00012828611325013054,,,3000,600
I3_Single_Exact_Delay,1944,C0_M1_PARENT,1,0.45261610087141346,95.60366666666667,92.0,140.20000000000073,162.0,162.0,196.0,59.74166666666667,35.862,7.9126666666666665,2.1493333333333333,7.7493333333333325,5.6,20.2,20.966333333333335,323.605,2,1,1,1,0.04583333333333333,0.018333333333333333,0.0,106,0,2,0.11785128301434597,0.002675788387379437,0.11617150281950618,0.000996008192539615,,,6000,600
I3_Single_Exact_Delay,1944,C2_K2,2,0.4527145911727797,86.66033333333333,92.0,127.60000000000582,162.0,162.0,196.0,59.79833333333333,26.862,7.9126666666666665,2.1493333333333333,7.7493333333333325,5.6,11.2,21.466333333333335,311.685,2,2,1,2,0.0475,0.018333333333333333,0.0,106,0,2,0.11785128301434597,0.0059345359240218325,0.10631658742554718,-0.005600159664776949,,,3000,600
I4_Multi_Sparse_Delay,1944,C0_M1_PARENT,1,0.6350560165058298,107.52733333333333,102.0,148.0,162.0,196.0,204.0,71.71666666666667,35.81066666666667,7.9,2.1106666666666665,7.710666666666667,5.6,20.2,22.144666666666666,338.7973333333333,4,7,4,7,0.35,0.18166666666666667,0.04833333333333333,105,0,4,-0.0757617584890424,0.005382924652759365,-0.0744172161399893,0.006727467001812515,,,6000,600
I4_Multi_Sparse_Delay,1944,C2_K2,2,0.6366248141510984,95.12733333333334,92.0,136.60000000000218,162.0,196.0,204.0,68.31666666666666,26.810666666666666,7.9,2.1106666666666665,7.710666666666667,5.6,11.2,22.644666666666666,321.99733333333336,4,6,4,6,0.25,0.18166666666666667,0.04,105,0,4,-0.07576175848951884,-0.00031999545747428887,-0.07573952689005443,-0.00029776385800983494,,,3000,600
I5_Moving_Delay_Support,1944,C0_M1_PARENT,1,0.23349383931076503,102.35833333333333,102.0,142.0,170.0,170.0,204.0,66.86333333333333,35.495,7.8773333333333335,1.8176666666666668,7.417666666666666,5.6,20.2,26.136666666666667,325.959,4,1,3,1,0.04083333333333333,0.7475,0.0075,109,0,4,0.7244620378497824,-1.3328166779197717e-05,0.7245862122725885,0.00011084625602652987,,,6000,600
I5_Moving_Delay_Support,1944,C2_K2,2,0.23348486909994842,93.35833333333333,92.0,136.60000000000218,170.0,170.0,204.0,66.86333333333333,26.495,7.8773333333333335,1.8176666666666668,7.417666666666666,5.6,11.2,26.636666666666667,313.959,4,1,3,1,0.04083333333333333,0.7475,0.0075,109,0,4,0.7244620378497824,-9.526906383179219e-05,0.724623835918856,6.652900524134876e-05,,,3000,600
I6_Continuous_Latent_State,1944,C0_M1_PARENT,1,0.14640243507596598,129.32533333333333,126.0,148.0,196.0,204.0,204.0,93.54666666666667,35.778666666666666,7.9,2.078666666666667,7.6786666666666665,5.6,20.2,22.048666666666666,369.70933333333335,3,1,3,0,0.995,0.17166666666666666,0.17166666666666666,102,0,3,-0.11722795915267109,0.2627680946542735,-0.06936307520147153,0.3106329786054732,,,6000,600
I6_Continuous_Latent_State,1944,C2_K2,2,0.14699954536777332,120.723,126.0,136.60000000000218,196.0,204.0,204.0,93.96333333333334,26.759666666666668,7.9,2.0596666666666668,7.659666666666666,5.6,11.2,22.846666666666668,357.85833333333335,5,1,5,0,0.995,0.21333333333333335,0.21333333333333335,104,0,5,-0.09187519022527534,0.06611144379420919,-0.06105033374419677,0.0969363002752878,,,3000,600
I7_Quiescent_Continuous_State,1944,C0_M1_PARENT,1,0.15478114273457058,121.09533333333333,120.0,148.0,196.0,196.0,204.0,85.42833333333333,35.667,7.907333333333334,1.9596666666666667,7.559666666666667,5.6,20.2,20.939,359.6326666666667,1,2,1,1,0.7966666666666666,0.034166666666666665,0.034166666666666665,94,0,1,-0.1315245318415777,0.2387875451783145,-0.11545733429089261,0.2548547427289996,,110.0,6000,600
I7_Quiescent_Continuous_State,1944,C2_K2,2,0.1560734413296265,111.75533333333334,102.0,136.60000000000218,196.0,196.0,204.0,85.08833333333334,26.667,7.907333333333334,1.9596666666666667,7.559666666666667,5.6,11.2,21.439,347.1526666666667,1,2,1,1,0.7866666666666666,0.034166666666666665,0.034166666666666665,94,0,1,-0.13152453184166904,0.05688415197763959,-0.11644422697431142,0.07196445684499708,,114.0,3000,600
I8_Quiescent_Discrete_Delay,1944,C0_M1_PARENT,1,0.37452826338524126,96.94,92.0,140.20000000000073,162.0,170.0,196.0,61.36666666666667,35.57333333333333,7.908,1.8653333333333333,7.465333333333333,5.6,20.2,21.962,324.104,2,1,1,1,0.04583333333333333,0.18083333333333335,0.0,94,0,2,0.5143252063806816,0.01181421805109752,0.5084608797743795,0.005949891444795484,,,6000,600
I8_Quiescent_Discrete_Delay,1944,C2_K2,2,0.3746760656508272,87.99666666666667,92.0,127.60000000000582,162.0,170.0,196.0,61.42333333333333,26.573333333333334,7.908,1.8653333333333333,7.465333333333333,5.6,11.2,22.462,312.184,2,2,1,2,0.0475,0.18083333333333335,0.0,94,0,2,0.5143252063806816,0.005227109477256856,0.49180240236751593,-0.017295694535908776,,,3000,600
I9_Hybrid_Delay_Plus_Latent_State,1944,C0_M1_PARENT,1,0.320772186243695,124.42733333333334,126.0,148.0,196.0,196.0,204.0,88.60166666666667,35.82566666666666,7.906666666666666,2.119,7.718999999999999,5.6,20.2,21.482,363.58433333333335,5,6,5,5,0.8733333333333333,0.09083333333333334,0.08,102,0,5,-0.20378938335346744,0.10200835263498814,-0.16987338490037057,0.1359243510880851,,,6000,600
I9_Hybrid_Delay_Plus_Latent_State,1944,C2_K2,2,0.24484880756148714,108.746,102.0,136.60000000000218,196.0,204.0,204.0,82.13,26.616,7.884,1.932,7.532,5.6,11.2,25.220666666666666,337.64933333333335,4,5,3,4,0.5491666666666667,0.5458333333333333,0.21,105,0,4,0.5903472581400073,0.06743250993086054,0.5328824534154736,0.00996770520632664,,,3000,600
I10_Redundant_Temporal_Structure,1944,C0_M1_PARENT,1,0.3789333685369198,134.66666666666666,126.0,148.0,204.0,204.0,204.0,99.11333333333333,35.553333333333335,7.873333333333333,1.88,7.4799999999999995,5.6,20.2,26.032666666666668,371.708,3,1,2,0,0.995,0.7283333333333334,0.7283333333333334,107,0,3,0.7368849766552102,0.5720833275738009,0.269797424560124,0.10499577547871466,,,6000,600
I10_Redundant_Temporal_Structure,1944,C2_K2,2,0.38589490310865915,125.66666666666667,126.0,136.60000000000218,204.0,204.0,204.0,99.11333333333333,26.553333333333335,7.875333333333334,1.878,7.478,5.6,11.2,26.534333333333333,359.7083333333333,4,1,3,0,0.995,0.7283333333333334,0.7283333333333334,108,0,4,0.7368846138753802,0.11798172354955905,0.6268767166498329,0.007973826324011873,,,3000,600
I11_Regime_Switch_Delay_To_Latent,1944,C0_M1_PARENT,1,0.23380631809032607,113.04066666666667,110.0,148.0,170.0,196.0,204.0,77.35833333333333,35.68233333333333,7.896,1.9863333333333333,7.586333333333333,5.6,20.2,22.551333333333332,346.00166666666667,3,2,3,1,0.49583333333333335,0.25,0.0525,93,0,3,-0.050281567796937675,0.19150882522198828,-0.048146974385241945,0.19364341863368406,121.0,,6000,600
I11_Regime_Switch_Delay_To_Latent,1944,C2_K2,2,0.25131687667095354,97.12066666666666,92.0,127.60000000000582,166.0,196.0,196.0,70.43333333333334,26.687333333333335,7.896,1.9913333333333334,7.591333333333333,5.6,11.2,22.961333333333332,324.3566666666667,3,4,3,3,0.29583333333333334,0.2375,0.0,93,0,3,-0.05028235077836386,0.04302654400962662,-0.04070300468531417,0.05260589010267622,121.0,,3000,600
I12_Regime_Switch_Latent_To_Delay,1944,C0_M1_PARENT,1,0.18810354971100607,115.18566666666666,110.0,148.0,190.0,196.0,204.0,79.49666666666667,35.689,7.894,1.995,7.595,5.6,20.2,23.340333333333334,347.95666666666665,3,1,2,1,0.5283333333333333,0.35333333333333333,0.05416666666666667,106,0,3,0.6405988232778612,0.0023118690058875468,0.6355413815846622,-0.00274557268731153,1304.0,,6000,600
I12_Regime_Switch_Latent_To_Delay,1944,C2_K2,2,0.23820582383255043,105.119,92.0,136.60000000000218,190.0,196.0,204.0,78.36833333333334,26.750666666666667,7.905333333333333,2.0453333333333332,7.645333333333333,5.6,11.2,22.858,335.8226666666667,4,1,3,1,0.5358333333333334,0.215,0.1,108,0,4,0.5853364679030687,0.0005955009268179955,0.5783593157000113,-0.006381651276239463,2401.0,,3000,600
I13_Regime_Switch_Hybrid_To_Memoryless,1944,C0_M1_PARENT,1,0.24433805172178183,109.79266666666666,110.0,148.0,162.0,196.0,204.0,74.085,35.70766666666667,7.918,1.9896666666666667,7.589666666666666,5.6,20.2,21.151,343.416,2,2,2,2,0.45666666666666667,0.05583333333333333,0.05583333333333333,95,0,2,-0.02591561812054311,0.0013545608021573916,-0.02538220077525835,0.0018879781474421548,100.0,,6000,600
I13_Regime_Switch_Hybrid_To_Memoryless,1944,C2_K2,2,0.24584802521072324,100.00566666666667,92.0,136.60000000000218,162.0,196.0,204.0,73.345,26.660666666666668,7.919333333333333,1.9413333333333334,7.541333333333333,5.6,11.2,21.849666666666668,330.035,3,2,3,2,0.42583333333333334,0.08666666666666667,0.08666666666666667,97,0,3,-0.021510897846456312,-0.001652834795187594,-0.020705019473393194,-0.0008469564221244695,100.0,,3000,600
I14_Intermittent_Hybrid,1944,C0_M1_PARENT,1,0.22738967764479903,114.233,110.0,148.0,196.0,196.0,204.0,78.49833333333333,35.73466666666667,7.907333333333334,2.0273333333333334,7.627333333333333,5.6,20.2,22.250333333333334,348.12833333333333,2,3,2,3,0.5433333333333333,0.2025,0.08416666666666667,103,0,2,-0.08120781206406187,-0.0044438903529133225,-0.07988540275331332,-0.0031214810421647645,1580.0,,6000,600
I14_Intermittent_Hybrid,1944,C2_K2,2,0.2299592922985323,104.90533333333333,92.0,136.60000000000218,190.0,196.0,204.0,78.17,26.735333333333333,7.907333333333334,2.028,7.628,5.6,11.2,22.738333333333333,335.68233333333336,2,2,2,2,0.5341666666666667,0.20083333333333334,0.055,103,0,2,-0.08120781158686805,-0.001910932849430093,-0.0813969130501253,-0.0021000343126874018,1580.0,,3000,600
I1_Memoryless_Linear,1945,C0_M1_PARENT,1,0.12065968072206598,94.05566666666667,92.0,138.40000000000146,150.0,156.0,176.0,59.615,34.440666666666665,7.979333333333333,0.6613333333333333,6.261333333333333,5.6,20.2,19.734333333333332,323.0523333333333,0,1,0,1,0.0475,0.0,0.0,26,0,0,-0.03359436479311858,-0.0018107855542331347,-0.03218673115600171,-0.000403151917116248,,,6000,600
I1_Memoryless_Linear,1945,C2_K2,2,0.12080289004305278,84.97066666666667,92.0,127.60000000000582,150.0,156.0,176.0,59.53,25.440666666666665,7.979333333333333,0.6613333333333333,6.261333333333333,5.6,11.2,20.234333333333332,310.93233333333336,0,1,0,1,0.045,0.0,0.0,26,0,0,-0.03359436479311858,-0.00010583172590144133,-0.03284758640967308,0.0006409466575440846,,,3000,600
I2_Static_Nonlinear_Negative_Control,1945,C0_M1_PARENT,1,1.0586197090228768,95.46533333333333,92.0,140.20000000000073,162.0,162.0,196.0,59.615,35.85033333333333,7.9126666666666665,2.1376666666666666,7.737666666666666,5.6,20.2,20.819,323.61133333333333,0,1,0,1,0.0475,0.0,0.0,104,0,0,-0.06309441083096122,-2.502243659112402e-06,-0.06309399503808812,-2.086450786017194e-06,,,6000,600
I2_Static_Nonlinear_Negative_Control,1945,C2_K2,2,1.0589814839784453,86.40866666666666,92.0,127.60000000000582,162.0,162.0,196.0,59.55833333333333,26.85033333333333,7.9126666666666665,2.1376666666666666,7.737666666666666,5.6,11.2,21.319,311.53133333333335,0,1,0,1,0.04583333333333333,0.0,0.0,104,0,0,-0.06309441083096122,-1.3379514183539903e-05,-0.06310720212152954,-2.6170804751875163e-05,,,3000,600
I3_Single_Exact_Delay,1945,C0_M1_PARENT,1,0.12206194890102959,104.73533333333333,102.0,148.0,170.0,170.0,204.0,69.32333333333334,35.412,7.851333333333334,1.7606666666666666,7.360666666666666,5.6,20.2,27.730333333333334,327.08233333333334,1,1,0,1,0.0475,0.9708333333333333,0.021666666666666667,95,0,1,0.6977793930360102,-0.0007845856799847457,0.6981621417215615,-0.0004018369944337302,,,6000,600
I3_Single_Exact_Delay,1945,C2_K2,2,0.1221106396568107,95.67866666666667,98.0,136.60000000000218,170.0,170.0,204.0,69.26666666666667,26.412,7.851333333333334,1.7606666666666666,7.360666666666666,5.6,11.2,28.230333333333334,315.00233333333335,1,1,0,1,0.04583333333333333,0.9708333333333333,0.021666666666666667,95,0,1,0.6977793930360087,-0.00019397720033856536,0.6979112136276743,-6.215660867317406e-05,,,3000,600
I4_Multi_Sparse_Delay,1945,C0_M1_PARENT,1,0.47016210963416694,112.74366666666667,102.0,148.0,170.0,204.0,204.0,77.27833333333334,35.465333333333334,7.863333333333333,1.802,7.401999999999999,5.6,20.2,27.389666666666667,338.869,1,4,0,4,0.2966666666666667,0.9191666666666667,0.21916666666666668,104,0,1,0.23137232522754814,0.012343154898087561,0.1612226204656362,-0.05780654986382441,,,6000,600
I4_Multi_Sparse_Delay,1945,C2_K2,2,0.47028583177738603,99.49366666666667,102.0,136.60000000000218,170.0,196.0,204.0,73.02833333333334,26.465333333333334,7.863333333333333,1.802,7.401999999999999,5.6,11.2,27.889666666666667,320.869,1,2,0,2,0.17166666666666666,0.9191666666666667,0.09666666666666666,104,0,1,0.23167192587091656,0.0005547291522996885,0.2307863802116108,-0.00033081650700596754,,,3000,600
I5_Moving_Delay_Support,1945,C0_M1_PARENT,1,0.29180424148524053,102.92366666666666,102.0,148.0,170.0,170.0,204.0,67.40666666666667,35.517,7.873333333333333,1.8436666666666666,7.443666666666666,5.6,20.2,26.38533333333333,326.40433333333334,5,1,5,1,0.0475,0.7791666666666667,0.02,103,0,5,-0.0901556755523043,-0.004638831907497068,-0.08888815510444328,-0.003371311459636073,,,6000,600
I5_Moving_Delay_Support,1945,C2_K2,2,0.29243842725527075,93.66866666666667,96.0,136.60000000000218,170.0,170.0,204.0,67.15166666666667,26.517,7.873333333333333,1.8436666666666666,7.443666666666666,5.6,11.2,26.88533333333333,314.0443333333333,5,1,5,1,0.04,0.7791666666666667,0.02,103,0,5,-0.09015567555230374,-0.0036742586297449165,-0.08912840045230923,-0.002646983529750402,,,3000,600
I6_Continuous_Latent_State,1945,C0_M1_PARENT,1,0.1391033815839626,128.68733333333333,126.0,148.0,196.0,196.02000000000044,204.0,92.91166666666666,35.775666666666666,7.9,2.0756666666666668,7.675666666666666,5.6,20.2,21.529333333333334,369.5296666666667,2,1,2,0,0.9966666666666667,0.1025,0.1025,93,0,2,-0.06607644634446448,0.30455864620513406,-0.09813962199138333,0.27249547055821505,,,6000,600
I6_Continuous_Latent_State,1945,C2_K2,2,0.14147600131745455,125.12966666666667,126.0,136.60000000000218,204.0,204.0,204.0,98.63,26.499666666666666,7.874,1.8256666666666668,7.425666666666666,5.6,11.2,26.135666666666665,359.50933333333336,5,1,4,0,0.995,0.68,0.68,99,0,5,0.0660286310667303,0.13673105038179043,0.04438330599673524,0.11508572531179544,,,3000,600
I7_Quiescent_Continuous_State,1945,C0_M1_PARENT,1,0.1491275859123784,122.163,122.0,148.0,196.0,196.02000000000044,204.0,86.59333333333333,35.56966666666667,7.905333333333333,1.8643333333333334,7.464333333333333,5.6,20.2,21.376,360.5316666666667,2,2,2,1,0.8108333333333333,0.1025,0.1025,88,0,2,-0.09645191789143534,0.27316514941109177,-0.12382050193973061,0.24579656536279673,,71.0,6000,600
I7_Quiescent_Continuous_State,1945,C2_K2,2,0.15795591258536207,112.01733333333334,102.0,136.60000000000218,196.0,204.0,204.0,85.48666666666666,26.530666666666665,7.906,1.8246666666666667,7.424666666666666,5.6,11.2,22.22833333333333,346.42766666666665,2,3,2,2,0.7633333333333333,0.15333333333333332,0.15333333333333332,90,0,2,-0.031401892007786085,0.13065564491440015,-0.02538134519317513,0.136676191729011,,71.0,3000,600
I8_Quiescent_Discrete_Delay,1945,C0_M1_PARENT,1,0.13756363747499578,103.30633333333333,102.0,148.0,170.0,170.0,204.0,67.89833333333333,35.408,7.863333333333333,1.7446666666666666,7.344666666666666,5.6,20.2,26.673666666666666,326.551,2,1,1,1,0.0475,0.8283333333333334,0.021666666666666667,97,0,2,0.6901448351220829,-0.0004810727660484624,0.6903999356555942,-0.00022597223253661755,,,6000,600
I8_Quiescent_Discrete_Delay,1945,C2_K2,2,0.1376359697088688,94.24966666666667,96.0,136.60000000000218,170.0,170.0,204.0,67.84166666666667,26.408,7.863333333333333,1.7446666666666666,7.344666666666666,5.6,11.2,27.173666666666666,314.471,2,1,1,1,0.04583333333333333,0.8283333333333334,0.021666666666666667,97,0,2,0.6901448351220818,-0.0002813150387028203,0.6903032044016922,-0.0001229457590922245,,,3000,600
I9_Hybrid_Delay_Plus_Latent_State,1945,C0_M1_PARENT,1,0.22317217339627626,130.40933333333334,126.0,148.0,196.0,204.0,204.0,94.77,35.63933333333333,7.8853333333333335,1.954,7.553999999999999,5.6,20.2,24.190666666666665,368.264,1,6,0,5,0.9425,0.4725,0.4575,102,0,1,0.45454278643318036,0.015688214667744026,0.4717974449507074,0.03294287318527131,,,6000,600
I9_Hybrid_Delay_Plus_Latent_State,1945,C2_K2,2,0.22464469184384406,121.51166666666667,126.0,136.60000000000218,196.0,204.0,204.0,94.87166666666667,26.64,7.884666666666667,1.9553333333333334,7.5553333333333335,5.6,11.2,24.703,356.39033333333333,1,3,0,2,0.945,0.4741666666666667,0.45416666666666666,102,0,1,0.45610236378273755,0.07042351191572215,0.4274537157352477,0.04177486386823221,,,3000,600
I10_Redundant_Temporal_Structure,1945,C0_M1_PARENT,1,0.3325640262684851,136.53333333333333,136.0,148.0,204.0,204.0,204.0,101.06166666666667,35.471666666666664,7.8646666666666665,1.807,7.407,5.6,20.2,27.383,372.4653333333333,1,1,0,0,0.9966666666666667,0.9175,0.9175,105,0,1,0.7136044962036624,0.7632810109504419,-0.02737368672332704,0.022302828023452757,,,6000,600
I10_Redundant_Temporal_Structure,1945,C2_K2,2,0.33330559291093487,127.399,130.0,136.60000000000218,204.0,204.0,204.0,100.94333333333333,26.455666666666666,7.858,1.7976666666666667,7.397666666666666,5.6,11.2,27.947666666666667,360.1793333333333,2,1,1,0,0.99,0.9283333333333333,0.9283333333333333,98,0,2,0.7136034876674657,0.3698518710237035,0.4979836515485701,0.15423203490480794,,,3000,600
I11_Regime_Switch_Delay_To_Latent,1945,C0_M1_PARENT,1,0.25910947611976376,112.57666666666667,110.0,148.0,190.0,196.0,198.0,76.755,35.821666666666665,7.907333333333334,2.114333333333333,7.714333333333332,5.6,20.2,21.497666666666667,346.832,2,3,2,2,0.5241666666666667,0.09333333333333334,0.005,99,0,2,-0.08664303551466102,0.2145565926190128,-0.10567602366708281,0.1955236044665911,118.0,,6000,600
I11_Regime_Switch_Delay_To_Latent,1945,C2_K2,2,0.26316558783026045,101.84933333333333,92.0,127.60000000000582,170.0,196.0,196.0,75.02666666666667,26.822666666666667,7.907333333333334,2.1153333333333335,7.715333333333334,5.6,11.2,21.998333333333335,332.39233333333334,2,2,2,1,0.47333333333333333,0.09333333333333334,0.0,99,0,2,-0.0866430355295833,0.09996126612308236,-0.07921726006740436,0.10738704158526116,118.0,,3000,600
I12_Regime_Switch_Latent_To_Delay,1945,C0_M1_PARENT,1,0.16213980147014503,116.44833333333334,110.0,148.0,190.0,196.0,204.0,80.815,35.63333333333333,7.894666666666667,1.9386666666666668,7.538666666666666,5.6,20.2,23.800666666666668,349.1066666666667,2,2,1,2,0.5475,0.42,0.03833333333333333,102,0,2,0.5927810429007612,0.008556180537500421,0.5671624822107747,-0.017062380152486217,787.0,,6000,600
I12_Regime_Switch_Latent_To_Delay,1945,C2_K2,2,0.14857058326637984,108.787,102.0,136.60000000000218,190.0,200.0,204.0,82.23833333333333,26.548666666666666,7.888,1.8606666666666667,7.460666666666667,5.6,11.2,25.470666666666666,337.37333333333333,3,1,2,1,0.5408333333333334,0.585,0.15166666666666667,103,0,3,0.592813480104161,0.01177012364393976,0.5816180152930638,0.0005746588328425641,504.0,,3000,600
I13_Regime_Switch_Hybrid_To_Memoryless,1945,C0_M1_PARENT,1,0.24247801728328144,109.852,110.0,140.20000000000073,162.0,196.0,196.0,74.065,35.787,7.911333333333333,2.0756666666666668,7.675666666666666,5.6,20.2,20.782333333333334,343.99333333333334,0,4,0,4,0.4725,0.0,0.0,98,0,0,-0.037211387837557515,-0.003960732204190895,-0.03660262299086855,-0.003351967357501923,112.0,,6000,600
I13_Regime_Switch_Hybrid_To_Memoryless,1945,C2_K2,2,0.2433874954064656,101.84366666666666,92.0,127.60000000000582,190.0,196.0,196.0,75.05666666666667,26.787,7.911333333333333,2.0756666666666668,7.675666666666666,5.6,11.2,21.282333333333334,333.3933333333333,0,2,0,2,0.5016666666666667,0.0,0.0,98,0,0,-0.037211387837557515,-0.0006242517246967168,-0.03681170186317508,-0.00022456575031428133,123.0,,3000,600
I14_Intermittent_Hybrid,1945,C0_M1_PARENT,1,0.20261762142240516,115.85666666666667,110.0,148.0,192.0,204.0,204.0,80.16666666666667,35.69,7.8853333333333335,2.0046666666666666,7.604666666666667,5.6,20.2,23.494666666666667,348.676,1,4,1,4,0.5416666666666666,0.375,0.15833333333333333,94,0,1,-0.03469355973115121,-0.007803759590562407,-0.03490165395191809,-0.008011853811329303,1601.0,,6000,600
I14_Intermittent_Hybrid,1945,C2_K2,2,0.21180688179195528,104.21366666666667,96.0,136.60000000000218,170.0,196.0,204.0,77.51833333333333,26.695333333333334,7.887333333333333,2.008,7.608,5.6,11.2,23.863,333.12966666666665,2,2,2,2,0.4691666666666667,0.3566666666666667,0.05333333333333334,96,0,2,-0.034686208457245175,-0.001585263685670827,-0.03506930431103333,-0.0019683595394589808,1601.0,,3000,600
I1_Memoryless_Linear,1946,C0_M1_PARENT,1,0.12373506961879345,92.219,92.0,109.6000000000131,142.0,150.0,156.0,58.0,34.219,7.987333333333333,0.43166666666666664,6.031666666666666,5.6,20.2,19.480333333333334,320.6433333333333,0,0,0,0,0.0,0.0,0.0,17,0,0,-0.038024671420015546,-0.0003519575229967259,-0.03821842054128157,-0.0005457066442627304,,,6000,600
I1_Memoryless_Linear,1946,C2_K2,2,0.12373506961879345,83.219,88.0,97.00000000001819,142.0,150.0,156.0,58.0,25.219,7.987333333333333,0.43166666666666664,6.031666666666666,5.6,11.2,19.980333333333334,308.6433333333333,0,0,0,0,0.0,0.0,0.0,17,0,0,-0.038024671420015546,-0.00038590597146863126,-0.03833728651108238,-0.0006985210625354615,,,3000,600
I2_Static_Nonlinear_Negative_Control,1946,C0_M1_PARENT,1,1.0881220133584262,94.81533333333333,92.0,116.80000000001019,162.0,164.02000000000044,170.0,59.083333333333336,35.732,7.911333333333333,2.0206666666666666,7.620666666666667,5.6,20.2,21.543,321.6936666666667,2,0,2,0,0.0,0.10833333333333334,0.0,100,0,2,-0.06508763459356878,-2.5316330220006466e-05,-0.06507904131447081,-1.672305112208076e-05,,,6000,600
I2_Static_Nonlinear_Negative_Control,1946,C2_K2,2,1.0880466149252992,86.042,92.0,127.60000000000582,162.0,166.0,196.0,59.31,26.732,7.911333333333333,2.0206666666666666,7.620666666666667,5.6,11.2,22.043,310.01366666666667,2,1,2,1,0.006666666666666667,0.10833333333333334,0.0,100,0,2,-0.06508763459356878,-0.029103232927115353,-0.061250150475490844,-0.02526574880903749,,,3000,600
I3_Single_Exact_Delay,1946,C0_M1_PARENT,1,0.16153965628353523,101.965,102.0,116.80000000001019,170.0,170.0,170.0,66.50833333333334,35.45666666666666,7.873333333333333,1.7833333333333334,7.383333333333333,5.6,20.2,26.874,324.3686666666667,1,0,0,0,0.0,0.8508333333333333,0.0,104,0,1,0.6795294092181279,-0.00019766478100717181,0.6799573022909291,0.00023022829179352323,,,6000,600
I3_Single_Exact_Delay,1946,C2_K2,2,0.16153965628353523,92.965,96.0,106.00000000001455,170.0,170.0,170.0,66.50833333333334,26.456666666666667,7.873333333333333,1.7833333333333334,7.383333333333333,5.6,11.2,27.374,312.3686666666667,1,0,0,0,0.0,0.8508333333333333,0.0,104,0,1,0.6795294092181279,-1.0811243848003334e-05,0.6795446024767122,4.382014736630349e-06,,,3000,600
I4_Multi_Sparse_Delay,1946,C0_M1_PARENT,1,0.4603815815233784,104.46233333333333,102.0,148.0,170.0,170.0,204.0,68.99333333333334,35.469,7.854,1.815,7.414999999999999,5.6,20.2,27.291,327.302,2,3,1,2,0.056666666666666664,0.9066666666666666,0.014166666666666666,85,0,2,0.7529978865838312,0.032733494121988595,0.731346739596916,0.011082347135073861,,,6000,600
I4_Multi_Sparse_Delay,1946,C2_K2,2,0.4597551257007776,95.759,96.0,136.60000000000218,170.0,170.0,204.0,69.29666666666667,26.462333333333333,7.856,1.8063333333333333,7.4063333333333325,5.6,11.2,27.782,315.737,2,1,1,1,0.06583333333333333,0.9058333333333334,0.0016666666666666668,88,0,2,0.7525018930353925,5.427102613347868e-06,0.7524945154091064,-1.950523672705107e-06,,,3000,600
I5_Moving_Delay_Support,1946,C0_M1_PARENT,1,0.23928427234708058,103.205,102.0,148.0,170.0,170.0,204.0,67.72166666666666,35.483333333333334,7.868666666666667,1.8146666666666667,7.414666666666666,5.6,20.2,26.55366666666667,326.56966666666665,4,1,3,1,0.049166666666666664,0.805,0.015,103,0,4,0.5308959783858856,-0.002164348339696605,0.5341228500869559,0.0010625233613736243,,,6000,600
I5_Moving_Delay_Support,1946,C2_K2,2,0.24385101932705375,93.88533333333334,96.0,127.60000000000582,170.0,170.0,196.0,67.39666666666666,26.488666666666667,7.870666666666667,1.818,7.417999999999999,5.6,11.2,26.922,314.30333333333334,3,1,2,1,0.045,0.7866666666666666,0.0,100,0,3,0.5309660298636877,-0.005517502245188036,0.5361031210172943,-0.00038041109158103354,,,3000,600
I6_Continuous_Latent_State,1946,C0_M1_PARENT,1,0.1417034230358384,127.709,126.0,140.20000000000073,196.0,196.0,196.0,91.88666666666667,35.82233333333333,7.91,2.1123333333333334,7.7123333333333335,5.6,20.2,20.799,369.162,0,1,0,0,0.9966666666666667,0.0,0.0,97,0,0,-0.030501201106615437,0.3284758623604755,-0.1702794417871152,0.1886976216799757,,,6000,600
I6_Continuous_Latent_State,1946,C2_K2,2,0.14299817544024307,119.95566666666667,122.0,136.60000000000218,196.0,204.0,204.0,93.18833333333333,26.767333333333333,7.897333333333333,2.07,7.67,5.6,11.2,22.266,357.5686666666667,2,1,2,0,0.995,0.13583333333333333,0.13583333333333333,96,0,2,-0.08718840653081056,0.1571605943729125,-0.12018279744226691,0.12416620346145625,,,3000,600
I7_Quiescent_Continuous_State,1946,C0_M1_PARENT,1,0.1469661052649564,121.13433333333333,122.0,140.20000000000073,196.0,196.0,196.0,85.51166666666667,35.62266666666667,7.917333333333334,1.9053333333333333,7.505333333333333,5.6,20.2,20.672,360.0966666666667,0,2,0,1,0.8091666666666667,0.0,0.0,89,0,0,-0.12801179967119708,0.32411576133200226,-0.12700096865276062,0.32512659235043884,,80.0,6000,600
I7_Quiescent_Continuous_State,1946,C2_K2,2,0.1499473369662864,113.206,102.0,136.60000000000218,196.0,204.0,204.0,86.66,26.546,7.900666666666667,1.8453333333333333,7.445333333333333,5.6,11.2,22.768333333333334,347.379,3,2,3,1,0.7775,0.2225,0.2225,90,0,3,-0.1298223379801614,0.16165679833591093,-0.10132022846889989,0.1901589078471724,,80.0,3000,600
I8_Quiescent_Discrete_Delay,1946,C0_M1_PARENT,1,0.19126364375746113,100.48,92.0,116.80000000001019,170.0,170.0,170.0,65.09166666666667,35.388333333333335,7.876,1.7123333333333333,7.312333333333333,5.6,20.2,25.765333333333334,323.8136666666667,2,0,1,0,0.0,0.7091666666666666,0.0,100,0,2,0.6739205294360089,-0.0023859152138325157,0.6776136560286052,0.0013072113787634292,,,6000,600
I8_Quiescent_Discrete_Delay,1946,C2_K2,2,0.19126364375746113,91.48,92.0,106.00000000001455,170.0,170.0,170.0,65.09166666666667,26.388333333333332,7.876,1.7123333333333333,7.312333333333333,5.6,11.2,26.265333333333334,311.8136666666667,2,0,1,0,0.0,0.7091666666666666,0.0,100,0,2,0.6739205294360089,-0.0009774336785232198,0.6750782251604546,0.00018026204592257118,,,3000,600
I9_Hybrid_Delay_Plus_Latent_State,1946,C0_M1_PARENT,1,0.26875857575876727,125.22433333333333,126.0,148.0,196.0,204.0,204.0,89.525,35.699333333333335,7.894666666666667,2.0046666666666666,7.604666666666667,5.6,20.2,22.872666666666667,362.7626666666667,1,12,0,11,0.8416666666666667,0.29083333333333333,0.285,100,0,1,0.5014905245180719,0.061644778059325264,0.5344592754779128,0.09461352901916582,,,6000,600
I9_Hybrid_Delay_Plus_Latent_State,1946,C2_K2,2,0.21099307002610485,115.45366666666666,102.0,136.60000000000218,198.0,204.0,204.0,88.93,26.523666666666667,7.876,1.8476666666666666,7.447666666666667,5.6,11.2,26.096,345.889,3,9,2,8,0.7116666666666667,0.6733333333333333,0.5075,100,0,3,0.5020191146690505,0.07861794110820293,0.49111244176834357,0.06771126820749564,,,3000,600
I10_Redundant_Temporal_Structure,1946,C0_M1_PARENT,1,0.32912976516771675,136.76533333333333,136.0,148.0,204.0,204.0,204.0,101.32,35.44533333333333,7.862,1.7833333333333334,7.383333333333333,5.6,20.2,27.551666666666666,372.55033333333336,1,1,0,0,0.9966666666666667,0.9433333333333334,0.9433333333333334,102,0,1,0.577953321425396,0.31325942358346864,-0.07789051176027117,-0.3425844096021985,,,6000,600
I10_Redundant_Temporal_Structure,1946,C2_K2,2,0.33370870125054786,125.79,130.0,136.60000000000218,204.0,204.0,204.0,99.345,26.445,7.862,1.783,7.382999999999999,5.6,11.2,28.057666666666666,357.75333333333333,1,2,0,1,0.9383333333333334,0.9441666666666667,0.8875,102,0,1,0.5779589076495474,0.11389959973978084,0.4624766604172117,-0.0015826474925548333,,,3000,600
I11_Regime_Switch_Delay_To_Latent,1946,C0_M1_PARENT,1,0.2309012401265831,110.59433333333334,106.0,148.0,170.0,196.0,204.0,74.88,35.714333333333336,7.894666666666667,2.0196666666666667,7.619666666666666,5.6,20.2,22.977333333333334,341.975,3,4,3,3,0.4075,0.3025,0.0375,103,0,3,-0.06109931826965835,0.23461326991725368,-0.11784534611835862,0.17786724206855328,424.0,,6000,600
I11_Regime_Switch_Delay_To_Latent,1946,C2_K2,2,0.234863060905123,100.375,92.0,136.60000000000218,170.0,196.0,204.0,73.65333333333334,26.721666666666668,7.896,2.0256666666666665,7.625666666666666,5.6,11.2,23.371333333333332,328.40166666666664,3,2,3,1,0.37583333333333335,0.2875,0.005833333333333334,103,0,3,-0.060950941377951394,0.11640646389557852,-0.08686158427859228,0.09049582099493764,424.0,,3000,600
I12_Regime_Switch_Latent_To_Delay,1946,C0_M1_PARENT,1,0.2534246352730802,113.24233333333333,110.0,142.0,190.0,196.0,196.0,77.45,35.79233333333333,7.911333333333333,2.081,7.680999999999999,5.6,20.2,21.234333333333332,348.13933333333335,2,1,1,1,0.5541666666666667,0.060833333333333336,0.005833333333333334,102,0,2,0.3666344263078715,-0.002423719161629676,0.3672822610850715,-0.0017758843844298566,2754.0,,6000,600
I12_Regime_Switch_Latent_To_Delay,1946,C2_K2,2,0.2124452215205402,106.07066666666667,96.0,136.60000000000218,190.0,196.0,204.0,79.36666666666666,26.704,7.898,2.006,7.606,5.6,11.2,23.307,336.529,3,1,2,1,0.5458333333333333,0.2808333333333333,0.056666666666666664,103,0,3,0.5252439548670335,-0.009476141495703616,0.530595866727211,-0.004124229635525829,1926.0,,3000,600
I13_Regime_Switch_Hybrid_To_Memoryless,1946,C0_M1_PARENT,1,0.2514235592305016,108.426,106.0,140.20000000000073,162.0,196.0,196.0,72.705,35.721,7.9206666666666665,2.0003333333333333,7.600333333333333,5.6,20.2,20.731,342.04533333333336,0,7,0,7,0.4325,0.0,0.0,97,0,0,-0.04871772906298371,-0.0016558837518725852,-0.047267387934478655,-0.00020554262336751393,152.0,,6000,600
I13_Regime_Switch_Hybrid_To_Memoryless,1946,C2_K2,2,0.2262202377718438,99.29166666666667,92.0,136.60000000000218,162.0,204.0,204.0,72.72833333333334,26.563333333333333,7.906,1.8573333333333333,7.457333333333333,5.6,11.2,23.209666666666667,327.11833333333334,3,7,3,7,0.35083333333333333,0.28,0.14666666666666667,93,0,3,-0.03267668613236303,-0.0013545227937478508,-0.03175233638280818,-0.00043017304419300874,172.0,,3000,600
I14_Intermittent_Hybrid,1946,C0_M1_PARENT,1,0.1870773020506958,115.23933333333333,110.0,148.0,170.0,204.0,204.0,79.73333333333333,35.506,7.884,1.822,7.422,5.6,20.2,25.37,345.214,4,1,4,1,0.45,0.6433333333333333,0.33666666666666667,104,0,4,-0.06891141032884086,-0.01284593985327911,-0.07597080212962347,-0.019905331654061706,577.0,,6000,600
I14_Intermittent_Hybrid,1946,C2_K2,2,0.19405285921915427,105.26266666666666,102.0,136.60000000000218,170.0,204.0,204.0,78.76,26.502666666666666,7.886666666666667,1.816,7.4159999999999995,5.6,11.2,25.608666666666668,332.2026666666667,4,1,4,1,0.43166666666666664,0.6083333333333333,0.315,103,0,4,-0.09398250006692306,-0.006448180036102485,-0.09900139634628337,-0.011467076315462775,554.0,,3000,600
I1_Memoryless_Linear,1947,C0_M1_PARENT,1,0.12222789826426333,92.374,92.0,109.6000000000131,146.0,156.0,162.0,58.0,34.374,7.980666666666667,0.5933333333333334,6.193333333333333,5.6,20.2,19.639,320.72433333333333,0,0,0,0,0.0,0.0,0.0,24,0,0,-0.02130633631824782,0.0015136905228839755,-0.019937669247539435,0.0028823575935923488,,,6000,600
I1_Memoryless_Linear,1947,C2_K2,2,0.12222789826426333,83.374,88.0,97.00000000001819,146.0,156.0,162.0,58.0,25.374,7.980666666666667,0.5933333333333334,6.193333333333333,5.6,11.2,20.139,308.72433333333333,0,0,0,0,0.0,0.0,0.0,24,0,0,-0.02130633631824782,0.0016735824611062388,-0.020132969626103666,0.00284694915325038,,,3000,600
I2_Static_Nonlinear_Negative_Control,1947,C0_M1_PARENT,1,1.0400360853535258,94.12633333333333,92.0,116.80000000001019,162.0,162.0,170.0,58.291666666666664,35.834666666666664,7.916,2.1186666666666665,7.718666666666666,5.6,20.2,21.031333333333333,321.43666666666667,2,0,2,0,0.0,0.029166666666666667,0.0,107,0,2,-0.1324210722731324,3.20867535912035e-05,-0.13238040503726722,7.275398945644585e-05,,,6000,600
I2_Static_Nonlinear_Negative_Control,1947,C2_K2,2,1.0400360853535258,85.12633333333333,88.0,106.00000000001455,162.0,162.0,170.0,58.291666666666664,26.834666666666667,7.916,2.1186666666666665,7.718666666666666,5.6,11.2,21.531333333333333,309.43666666666667,2,0,2,0,0.0,0.029166666666666667,0.0,107,0,2,-0.1324210722731324,-3.924601406688905e-05,-0.13238521457555513,-3.3883164895922584e-06,,,3000,600
I3_Single_Exact_Delay,1947,C0_M1_PARENT,1,0.42420252489344906,95.54166666666667,92.0,116.80000000001019,162.0,170.0,170.0,59.80833333333333,35.733333333333334,7.908666666666667,2.0246666666666666,7.624666666666666,5.6,20.2,22.084333333333333,321.965,6,0,5,0,0.0,0.18083333333333335,0.0,108,0,6,0.23675810622824028,0.00514801115138293,0.23257097134889643,0.0009608762720390196,,,6000,600
I3_Single_Exact_Delay,1947,C2_K2,2,0.42420252489344906,86.54166666666667,92.0,106.00000000001455,162.0,170.0,170.0,59.80833333333333,26.733333333333334,7.908666666666667,2.0246666666666666,7.624666666666666,5.6,11.2,22.584333333333333,309.965,6,0,5,0,0.0,0.18083333333333335,0.0,108,0,6,0.23675810622824028,0.013821557696802659,0.22484089339780453,0.0019043448663669468,,,3000,600
I4_Multi_Sparse_Delay,1947,C0_M1_PARENT,1,0.564650448816792,106.79933333333334,102.0,148.0,170.0,204.0,204.0,71.13333333333334,35.666,7.881333333333333,1.9846666666666666,7.584666666666666,5.6,20.2,24.242,334.85066666666665,4,9,3,9,0.24583333333333332,0.4775,0.14333333333333334,99,0,4,0.3303768094637144,0.06701082307570119,0.1799572742049054,-0.08340871218310768,,,6000,600
I4_Multi_Sparse_Delay,1947,C2_K2,2,0.5338742047250857,92.89233333333334,92.0,136.60000000000218,170.0,170.0,204.0,66.26,26.63233333333333,7.8806666666666665,1.9516666666666667,7.551666666666666,5.6,11.2,25.353666666666665,315.07666666666665,2,2,1,2,0.0775,0.5625,0.06416666666666666,103,0,2,0.3311183811471627,0.007989534814053402,0.32333729608211303,0.000208449749003782,,,3000,600
I5_Moving_Delay_Support,1947,C0_M1_PARENT,1,0.29383376788075044,99.50366666666666,92.0,140.20000000000073,170.0,170.0,196.0,63.89833333333333,35.605333333333334,7.886666666666667,1.9186666666666667,7.518666666666666,5.6,20.2,25.002,323.50933333333336,3,1,2,1,0.0016666666666666668,0.5841666666666666,0.0,108,0,3,1.0052613303543971,-0.0016646586833000323,1.007631399983223,0.0007054109455262289,,,6000,600
I5_Moving_Delay_Support,1947,C2_K2,2,0.2935363875995387,91.382,92.0,136.60000000000218,170.0,170.0,204.0,64.77666666666667,26.605333333333334,7.886666666666667,1.9186666666666667,7.518666666666666,5.6,11.2,25.502,312.7493333333333,3,1,2,1,0.0275,0.5841666666666666,0.0275,108,0,3,1.0052612681207662,-0.006022952172240944,1.0123285067586925,0.0010442864656854114,,,3000,600
I6_Continuous_Latent_State,1947,C0_M1_PARENT,1,0.13836617428565662,126.96566666666666,126.0,140.20000000000073,196.0,196.0,196.0,91.15,35.815666666666665,7.905333333333333,2.110333333333333,7.710333333333333,5.6,20.2,20.785333333333334,368.11633333333333,0,1,0,0,0.975,0.0,0.0,88,0,0,0.0553335041760194,0.4988342816309766,-0.12144258525495995,0.32205819219999765,,,6000,600
I6_Continuous_Latent_State,1947,C2_K2,2,0.13853679630036939,118.09866666666667,122.0,136.60000000000218,196.0,196.0,204.0,91.3,26.798666666666666,7.9093333333333335,2.0893333333333333,7.689333333333333,5.6,11.2,21.389333333333333,356.1673333333333,1,1,1,0,0.975,0.015,0.015,96,0,1,-0.09975331476773802,0.2867376801194064,-0.06008638141102772,0.32640461347611693,,,3000,600
I7_Quiescent_Continuous_State,1947,C0_M1_PARENT,1,0.15161251422433816,120.17,110.0,140.20000000000073,196.0,196.0,196.0,84.46333333333334,35.70666666666666,7.900666666666667,2.006,7.606,5.6,20.2,20.704333333333334,358.637,0,3,0,2,0.7783333333333333,0.0,0.0,87,0,0,-0.12238287760008887,0.4635917225239644,-0.12473407714269437,0.46124052298135876,,92.0,6000,600
I7_Quiescent_Continuous_State,1947,C2_K2,2,0.17079176747182548,107.544,92.0,136.60000000000218,196.0,196.0,204.0,80.81333333333333,26.730666666666668,7.898666666666666,2.032,7.632,5.6,11.2,21.458666666666666,341.1646666666667,2,2,2,1,0.6616666666666666,0.03166666666666667,0.03166666666666667,92,0,2,-0.045577744358007946,0.2874812557357239,-0.04724870480069827,0.2858102952930335,,94.0,3000,600
I8_Quiescent_Discrete_Delay,1947,C0_M1_PARENT,1,0.27434558596786063,98.428,92.0,116.80000000001019,162.0,170.0,170.0,62.99166666666667,35.43633333333333,7.891333333333334,1.745,7.345,5.6,20.2,24.243,323.0486666666667,4,0,3,0,0.0,0.49916666666666665,0.0,93,0,4,0.736531046253642,0.010276857210854766,0.7308450909265675,0.004590901883780554,,,6000,600
I8_Quiescent_Discrete_Delay,1947,C2_K2,2,0.27434558596786063,89.428,92.0,106.00000000001455,162.0,170.0,170.0,62.99166666666667,26.436333333333334,7.891333333333334,1.745,7.345,5.6,11.2,24.743,311.0486666666667,4,0,3,0,0.0,0.49916666666666665,0.0,93,0,4,0.736531046253642,0.04243979134016863,0.6963092478026992,0.002217992889226372,,,3000,600
I9_Hybrid_Delay_Plus_Latent_State,1947,C0_M1_PARENT,1,0.29723993503699225,124.84433333333334,126.0,148.0,196.0,204.0,204.0,89.045,35.79933333333334,7.898666666666666,2.1006666666666667,7.700666666666667,5.6,20.2,21.72533333333333,363.828,1,6,0,5,0.8758333333333334,0.12666666666666668,0.12666666666666668,95,0,1,0.4084402244268489,0.1615018700949977,0.41265496017091047,0.16571660583905914,,,6000,600
I9_Hybrid_Delay_Plus_Latent_State,1947,C2_K2,2,0.33230824746390036,112.409,102.0,136.60000000000218,196.0,196.0,204.0,85.59833333333333,26.810666666666666,7.900666666666667,2.11,7.709999999999999,5.6,11.2,21.967,347.3383333333333,3,8,3,7,0.785,0.09083333333333334,0.08583333333333333,96,0,3,-0.08697540762875297,0.07884872396425521,-0.08668883644742095,0.07913529514558723,,,3000,600
I10_Redundant_Temporal_Structure,1947,C0_M1_PARENT,1,0.3640326423062133,134.70566666666667,132.0,148.0,204.0,204.0,204.0,99.20833333333333,35.49733333333333,7.864,1.8333333333333333,7.433333333333333,5.6,20.2,26.566666666666666,371.01733333333334,2,1,1,0,0.975,0.8058333333333333,0.8033333333333333,96,0,2,0.7286456818196166,0.7663834912340605,0.0649731514812357,0.10271096089567933,,,6000,600
I10_Redundant_Temporal_Structure,1947,C2_K2,2,0.36358846332855554,125.793,130.0,136.60000000000218,204.0,204.0,204.0,99.29333333333334,26.499666666666666,7.86,1.8396666666666666,7.439666666666666,5.6,11.2,27.170666666666666,358.99033333333335,2,1,1,0,0.9733333333333334,0.82,0.8158333333333333,94,0,2,0.7286435185510927,0.2658642500698355,0.5485246964562496,0.08574542797499253,,,3000,600
I11_Regime_Switch_Delay_To_Latent,1947,C0_M1_PARENT,1,0.25729284252842316,109.65466666666667,110.0,140.20000000000073,162.0,196.0,196.0,73.81,35.84466666666667,7.915333333333334,2.1293333333333333,7.729333333333333,5.6,20.2,20.823666666666668,343.653,0,1,0,0,0.465,0.0,0.0,103,0,0,-0.12558999124769699,0.3681104808453223,-0.06696014530705172,0.42674032678596757,344.0,,6000,600
I11_Regime_Switch_Delay_To_Latent,1947,C2_K2,2,0.2558150592762631,100.88133333333333,92.0,127.60000000000582,162.0,196.0,196.0,74.03666666666666,26.844666666666665,7.915333333333334,2.1293333333333333,7.729333333333333,5.6,11.2,21.323666666666668,331.973,0,1,0,0,0.4716666666666667,0.0,0.0,103,0,0,-0.12558999124769699,0.2122244330388206,-0.09577843563458817,0.24203598865192963,341.0,,3000,600
I12_Regime_Switch_Latent_To_Delay,1947,C0_M1_PARENT,1,0.15381218966630053,115.197,110.0,142.0,184.0,196.0,204.0,79.62333333333333,35.57366666666667,7.891333333333334,1.8823333333333334,7.482333333333333,5.6,20.2,23.916333333333334,347.1653333333333,3,2,2,2,0.5058333333333334,0.4425,0.015833333333333335,99,0,3,0.8870626767662075,-0.0001979089786964409,0.8873886699796916,0.00012808423478768185,554.0,,6000,600
I12_Regime_Switch_Latent_To_Delay,1947,C2_K2,2,0.16080517767314817,107.71466666666667,102.0,136.60000000000218,190.0,196.0,204.0,81.15666666666667,26.558,7.8886666666666665,1.8693333333333333,7.469333333333333,5.6,11.2,24.702333333333332,336.909,3,3,2,3,0.5391666666666667,0.4825,0.07833333333333334,97,0,3,0.8870517380820585,-0.009477302294914378,0.8941672972145743,-0.0023617431623986634,659.0,,3000,600
I13_Regime_Switch_Hybrid_To_Memoryless,1947,C0_M1_PARENT,1,0.25494798705245175,107.542,106.0,140.20000000000073,162.0,196.0,196.0,71.82666666666667,35.715333333333334,7.92,1.9953333333333334,7.595333333333333,5.6,20.2,20.741333333333333,340.8106666666667,0,5,0,5,0.4066666666666667,0.0,0.0,93,0,0,-0.03739509609952687,0.0022450681527183608,-0.036148469680898965,0.003491694571346281,124.0,,6000,600
I13_Regime_Switch_Hybrid_To_Memoryless,1947,C2_K2,2,0.25988710708982304,98.758,92.0,136.60000000000218,162.0,196.0,204.0,72.095,26.663,7.923333333333333,1.9396666666666667,7.539666666666666,5.6,11.2,21.345666666666666,328.982,1,4,1,4,0.4091666666666667,0.018333333333333333,0.014166666666666666,91,0,1,-0.03441590755765544,0.0022301216280155435,-0.034048157034169316,0.0025978721515016617,124.0,,3000,600
I14_Intermittent_Hybrid,1947,C0_M1_PARENT,1,0.1907667036295269,115.62666666666667,110.0,148.0,192.0,204.0,204.0,80.005,35.62166666666667,7.895333333333333,1.9263333333333332,7.526333333333333,5.6,20.2,23.570333333333334,348.27133333333336,2,3,2,3,0.5325,0.39,0.28833333333333333,101,0,2,-0.08522757894466207,0.0006800491815205895,-0.07952417658198845,0.006383451544194216,341.0,,6000,600
I14_Intermittent_Hybrid,1947,C2_K2,2,0.1955518336387975,105.14166666666667,98.0,136.60000000000218,170.0,204.0,204.0,78.525,26.616666666666667,7.895333333333333,1.9213333333333333,7.521333333333333,5.6,11.2,24.104333333333333,334.12833333333333,2,2,2,2,0.4875,0.395,0.30083333333333334,101,0,2,-0.08524046185007578,0.0013085024666380225,-0.08046451821243636,0.006084446104277455,341.0,,3000,600
I1_Memoryless_Linear,1948,C0_M1_PARENT,1,0.12297568772137896,92.04566666666666,92.0,109.6000000000131,142.0,150.0,156.0,58.0,34.04566666666667,7.992,0.25366666666666665,5.853666666666666,5.6,20.2,19.262,320.533,0,0,0,0,0.0,0.0,0.0,11,0,0,-3.186098373970753e-07,-0.0019570338687592737,-3.269198389659873e-07,-0.001957042178760843,,,6000,600
I1_Memoryless_Linear,1948,C2_K2,2,0.12297568772137896,83.04566666666666,88.0,97.00000000001819,142.0,150.0,156.0,58.0,25.045666666666666,7.992,0.25366666666666665,5.853666666666666,5.6,11.2,19.762,308.533,0,0,0,0,0.0,0.0,0.0,11,0,0,-3.186098373970753e-07,-0.0009727449080188424,-3.161628285825695e-07,-0.0009727424610100285,,,3000,600
I2_Static_Nonlinear_Negative_Control,1948,C0_M1_PARENT,1,1.090931720773534,95.25466666666667,92.0,140.20000000000073,162.0,162.0,190.0,59.445,35.809666666666665,7.916,2.0936666666666666,7.693666666666666,5.6,20.2,20.794666666666668,323.35833333333335,0,1,0,1,0.0425,0.0,0.0,102,0,0,-0.11179003147236677,-0.0012914152609873762,-0.11157589042880064,-0.0010772742174211894,,,6000,600
I2_Static_Nonlinear_Negative_Control,1948,C2_K2,2,1.0898599148199006,85.773,88.0,127.60000000000582,162.0,162.0,196.0,58.96333333333333,26.809666666666665,7.916,2.0936666666666666,7.693666666666666,5.6,11.2,21.294666666666668,310.67833333333334,0,1,0,1,0.028333333333333332,0.0,0.0,102,0,0,-0.11179003147236677,-0.0014793411798916089,-0.11191435343198619,-0.001603663139510975,,,3000,600
I3_Single_Exact_Delay,1948,C0_M1_PARENT,1,0.12734025043836122,103.126,102.0,116.80000000001019,170.0,170.0,170.0,67.69166666666666,35.434333333333335,7.866,1.7683333333333333,7.368333333333333,5.6,20.2,27.746333333333332,324.8066666666667,1,0,0,0,0.0,0.9691666666666666,0.0,106,0,1,0.7847217100763746,-0.00846846634313979,0.7851294283098548,-0.008060748109659755,,,6000,600
I3_Single_Exact_Delay,1948,C2_K2,2,0.12793569383134873,95.85433333333333,98.0,136.60000000000218,170.0,170.0,204.0,69.42,26.434333333333335,7.866,1.7683333333333333,7.368333333333333,5.6,11.2,28.246333333333332,315.24666666666667,1,1,0,1,0.050833333333333335,0.9691666666666666,0.02666666666666667,106,0,1,0.7847217100762086,-0.0024714795987554553,0.7843711631755729,-0.0028220264993906066,,,3000,600
I4_Multi_Sparse_Delay,1948,C0_M1_PARENT,1,0.5665671739699423,103.95133333333334,92.0,148.0,162.0,204.0,204.0,68.23666666666666,35.714666666666666,7.8933333333333335,2.021333333333333,7.621333333333332,5.6,20.2,23.258666666666667,332.196,5,9,4,9,0.20083333333333334,0.3408333333333333,0.10916666666666666,100,0,5,0.4896210143990243,-0.012157739007514391,0.49071180392730623,-0.011066949479232327,,,6000,600
I4_Multi_Sparse_Delay,1948,C2_K2,2,0.600933419661958,86.111,88.0,106.00000000001455,162.0,170.0,170.0,59.3,26.811,7.905333333333333,2.1056666666666666,7.705666666666666,5.6,11.2,22.258666666666667,309.803,6,0,6,0,0.0,0.13,0.0,104,0,6,-0.3358040961458619,-9.979182191764376e-06,-0.33580919389525504,-1.5076931584877567e-05,,,3000,600
I5_Moving_Delay_Support,1948,C0_M1_PARENT,1,0.15819903469487612,104.37566666666666,102.0,148.0,170.0,170.0,204.0,68.94666666666667,35.429,7.863333333333333,1.7656666666666667,7.365666666666666,5.6,20.2,27.641,326.7146666666667,2,1,1,1,0.04083333333333333,0.9558333333333333,0.03166666666666667,102,0,2,0.6836702815245209,-0.002281953281921624,0.6840860893866706,-0.0018661454197720822,,,6000,600
I5_Moving_Delay_Support,1948,C2_K2,2,0.15803997804198333,93.98733333333334,96.0,106.00000000001455,170.0,170.0,170.0,67.55833333333334,26.429,7.863333333333333,1.7656666666666667,7.365666666666666,5.6,11.2,28.141,312.75466666666665,2,0,1,0,0.0,0.9558333333333333,0.0,102,0,2,0.6836702815251693,-0.00014859174370682892,0.6836141703661407,-0.0002047029027356668,,,3000,600
I6_Continuous_Latent_State,1948,C0_M1_PARENT,1,0.1412308630810661,130.495,126.0,148.0,196.0,204.0,204.0,94.77333333333333,35.721666666666664,7.892666666666667,2.029,7.629,5.6,20.2,22.963666666666665,370.08866666666665,2,1,2,0,0.9933333333333333,0.3,0.3,98,0,2,0.03727495000410627,0.22147780364613567,-0.08574166050833548,0.09846119313369381,,,6000,600
I6_Continuous_Latent_State,1948,C2_K2,2,0.14169980662707038,123.92633333333333,126.0,136.60000000000218,204.0,204.0,204.0,97.32333333333334,26.603,7.878,1.925,7.5249999999999995,5.6,11.2,25.276333333333334,358.9986666666667,5,1,4,0,0.9933333333333333,0.555,0.555,93,0,5,0.05302415845068859,0.16672274253833,0.01994871535543448,0.13364729944307602,,,3000,600
I7_Quiescent_Continuous_State,1948,C0_M1_PARENT,1,0.1588869289081707,124.51833333333333,122.0,148.0,196.0,204.0,204.0,88.92833333333333,35.59,7.889333333333333,1.9006666666666667,7.500666666666667,5.6,20.2,23.279333333333334,361.20733333333334,3,2,3,1,0.805,0.35583333333333333,0.35583333333333333,96,0,3,-0.08586394739641812,0.17896324453507373,-0.06635378319621495,0.19847340873527688,,114.0,6000,600
I7_Quiescent_Continuous_State,1948,C2_K2,2,0.16029905899310945,114.821,102.0,136.60000000000218,196.0,204.0,204.0,88.24166666666666,26.579333333333334,7.8886666666666665,1.8906666666666667,7.490666666666666,5.6,11.2,23.809,348.18233333333336,3,2,3,1,0.7833333333333333,0.36083333333333334,0.36083333333333334,96,0,3,-0.015145585775178667,0.1543832537675567,-0.04319891412449493,0.12632992541824045,,108.0,3000,600
I8_Quiescent_Discrete_Delay,1948,C0_M1_PARENT,1,0.3329317077242109,98.52766666666666,92.0,116.80000000001019,162.0,170.0,170.0,62.99166666666667,35.536,7.882666666666666,1.8533333333333333,7.453333333333333,5.6,20.2,24.318666666666665,323.08866666666665,1,0,1,0,0.0,0.49916666666666665,0.0,100,0,1,0.010777345471895503,-0.004857416972160903,0.01232359111876942,-0.003311171325287076,,,6000,600
I8_Quiescent_Discrete_Delay,1948,C2_K2,2,0.33385511919193217,91.256,92.0,136.60000000000218,164.0,170.0,204.0,64.72,26.536,7.882666666666666,1.8533333333333333,7.453333333333333,5.6,11.2,24.818666666666665,313.52866666666665,1,1,1,1,0.050833333333333335,0.49916666666666665,0.02666666666666667,100,0,1,0.010777345471729115,-0.0028546563132284828,0.011518217506567646,-0.0021137842783899626,,,3000,600
I9_Hybrid_Delay_Plus_Latent_State,1948,C0_M1_PARENT,1,0.16553213952809584,134.84633333333332,132.0,148.0,204.0,204.0,204.0,99.35666666666667,35.489666666666665,7.867333333333334,1.8223333333333334,7.422333333333333,5.6,20.2,26.204333333333334,371.7153333333333,1,1,0,0,0.9933333333333333,0.7583333333333333,0.7583333333333333,93,0,1,0.3425410923351266,0.11139031641757043,0.2885102004949042,0.05735942457734798,,,6000,600
I9_Hybrid_Delay_Plus_Latent_State,1948,C2_K2,2,0.16689021431694193,124.60533333333333,130.0,136.60000000000218,204.0,204.0,204.0,98.2,26.405333333333335,7.866,1.7393333333333334,7.339333333333333,5.6,11.2,27.729666666666667,356.54833333333335,3,2,2,1,0.9166666666666666,0.9033333333333333,0.8266666666666667,100,0,3,0.34249145620477855,0.03815460002830494,0.3455992127830871,0.041262356606613634,,,3000,600
I10_Redundant_Temporal_Structure,1948,C0_M1_PARENT,1,0.3257015803985516,137.01733333333334,136.0,148.0,204.0,204.0,204.0,101.57833333333333,35.439,7.8566666666666665,1.7823333333333333,7.382333333333333,5.6,20.2,27.741666666666667,372.64666666666665,1,1,0,0,0.9966666666666667,0.9691666666666666,0.9691666666666666,99,0,1,0.527930535108004,0.19248689934619148,0.08327072233601018,-0.25217291342580256,,,6000,600
I10_Redundant_Temporal_Structure,1948,C2_K2,2,0.3256204022389191,127.951,130.0,136.60000000000218,204.0,204.0,204.0,101.515,26.436,7.8566666666666665,1.7793333333333334,7.379333333333333,5.6,11.2,28.277,360.5043333333333,1,1,0,0,0.9933333333333333,0.9741666666666666,0.9741666666666666,97,0,1,0.527930515387921,0.2340966503441428,0.3533292806220722,0.059495415578294034,,,3000,600
I11_Regime_Switch_Delay_To_Latent,1948,C0_M1_PARENT,1,0.2649249221275561,109.76766666666667,110.0,140.20000000000073,166.0,196.0,196.0,73.99833333333333,35.769333333333336,7.9093333333333335,2.06,7.66,5.6,20.2,21.24,343.22266666666667,3,2,3,1,0.45166666666666666,0.06416666666666666,0.0,96,0,3,0.0013612705744233105,0.11923145808979278,-0.06303001481021789,0.05484017270515162,460.0,,6000,600
I11_Regime_Switch_Delay_To_Latent,1948,C2_K2,2,0.2658023230567382,101.192,92.0,136.60000000000218,166.20000000000073,196.0,204.0,74.43833333333333,26.753666666666668,7.908,2.0456666666666665,7.645666666666666,5.6,11.2,22.014666666666667,331.44033333333334,4,2,3,1,0.4533333333333333,0.1025,0.03833333333333333,97,0,4,0.054885933575473514,0.11078030223931437,0.016238559428927053,0.07213292809276788,490.0,,3000,600
I12_Regime_Switch_Latent_To_Delay,1948,C0_M1_PARENT,1,0.26725792382450675,113.035,110.0,148.0,184.0,196.0,204.0,77.29333333333334,35.74166666666667,7.902,2.0396666666666667,7.639666666666667,5.6,20.2,22.18166666666667,346.5353333333333,7,2,7,2,0.5108333333333334,0.1925,0.03916666666666667,98,0,7,-0.012164714893668764,-0.0006157107520431511,-0.012259522785771061,-0.0007105186441454487,3000.0,,6000,600
I12_Regime_Switch_Latent_To_Delay,1948,C2_K2,2,0.20884246948012739,106.25033333333333,102.0,136.60000000000218,184.0,204.0,204.0,79.62666666666667,26.623666666666665,7.891333333333334,1.9323333333333332,7.532333333333333,5.6,11.2,24.336333333333332,335.36533333333335,6,1,5,1,0.5108333333333334,0.42583333333333334,0.155,104,0,6,0.5836208282172637,-0.0008528757550065122,0.5830719860285211,-0.0014017179437495768,1741.0,,3000,600
I13_Regime_Switch_Hybrid_To_Memoryless,1948,C0_M1_PARENT,1,0.18406092918523292,114.46366666666667,110.0,148.0,184.0,204.0,204.0,79.07,35.39366666666667,7.902666666666667,1.691,7.2909999999999995,5.6,20.2,23.278666666666666,347.0036666666667,1,1,1,1,0.5091666666666667,0.37583333333333335,0.27416666666666667,83,0,1,-0.005582291798174481,-0.0044488876787823345,-0.0056370912272447424,-0.004503687107852595,102.0,,6000,600
I13_Regime_Switch_Hybrid_To_Memoryless,1948,C2_K2,2,0.17761853972798414,106.416,102.0,136.60000000000218,170.0,204.0,204.0,80.12333333333333,26.292666666666666,7.902,1.5906666666666667,7.190666666666666,5.6,11.2,24.779666666666667,334.94433333333336,3,1,3,1,0.4975,0.5208333333333334,0.4075,88,0,3,-0.002770004773766526,-0.0017362837942034646,-0.0027941208567206777,-0.0017603998771576162,100.0,,3000,600
I14_Intermittent_Hybrid,1948,C0_M1_PARENT,1,0.19598300606642555,115.03,110.0,148.0,190.0,204.0,204.0,79.37,35.66,7.886666666666667,1.9733333333333334,7.573333333333333,5.6,20.2,23.602,347.3693333333333,2,3,2,3,0.5133333333333333,0.39166666666666666,0.2733333333333333,98,0,2,-0.05881081262362483,-0.016401293926797237,-0.05865888272628309,-0.01624936402945551,305.0,,6000,600
I14_Intermittent_Hybrid,1948,C2_K2,2,0.19918291300267288,105.191,98.0,136.60000000000218,170.0,204.0,204.0,78.53333333333333,26.657666666666668,7.892,1.9656666666666667,7.565666666666666,5.6,11.2,24.136,334.145,2,2,2,2,0.4875,0.3958333333333333,0.25166666666666665,101,0,2,-0.06559863142191044,-0.005156311932997353,-0.06570054818391693,-0.005258228695003844,305.0,,3000,600
I1_Memoryless_Linear,1949,C0_M1_PARENT,1,0.12377814784611152,93.99666666666667,92.0,138.40000000000146,150.0,162.0,176.0,59.275,34.721666666666664,7.968,0.9536666666666667,6.5536666666666665,5.6,20.2,19.931333333333335,322.6736666666667,0,1,0,1,0.0375,0.0,0.0,44,0,0,-0.04237399218193951,-0.0005638150087305693,-0.0427151988446602,-0.0009050216714512614,,,6000,600
I1_Memoryless_Linear,1949,C2_K2,2,0.12332860517442344,83.72166666666666,88.0,97.00000000001819,150.0,162.0,162.0,58.0,25.721666666666668,7.968,0.9536666666666667,6.5536666666666665,5.6,11.2,20.431333333333335,308.8736666666667,0,0,0,0,0.0,0.0,0.0,44,0,0,-0.04237399218193951,-0.00029203534936875626,-0.042411788888704983,-0.0003298320561342461,,,3000,600
I2_Static_Nonlinear_Negative_Control,1949,C0_M1_PARENT,1,1.061382451367403,94.42333333333333,92.0,116.80000000001019,162.0,162.0,170.0,58.583333333333336,35.84,7.908,2.132,7.731999999999999,5.6,20.2,21.247333333333334,321.5466666666667,3,0,3,0,0.0,0.058333333333333334,0.0,105,0,3,-0.07611094438568877,-2.121160717649552e-07,-0.07611111944695222,-3.8717733512975806e-07,,,6000,600
I2_Static_Nonlinear_Negative_Control,1949,C2_K2,2,1.061382451367403,85.42333333333333,88.0,106.00000000001455,162.0,162.0,170.0,58.583333333333336,26.84,7.908,2.132,7.731999999999999,5.6,11.2,21.747333333333334,309.5466666666667,3,0,3,0,0.0,0.058333333333333334,0.0,105,0,3,-0.07611094438568877,0.0017609943363936802,-0.07679097299615117,0.0010809657259312577,,,3000,600
I3_Single_Exact_Delay,1949,C0_M1_PARENT,1,0.43549809016722135,95.381,92.0,140.20000000000073,162.0,162.0,196.0,59.545,35.836,7.911333333333333,2.1246666666666667,7.724666666666666,5.6,20.2,21.10033333333333,323.1123333333333,3,1,3,1,0.034166666666666665,0.03833333333333333,0.0,104,0,3,-0.1107128376323867,6.497609919370242e-06,-0.1105868124366289,0.00013252280567717945,,,6000,600
I3_Single_Exact_Delay,1949,C2_K2,2,0.43539212597968896,86.43766666666667,92.0,127.60000000000582,162.0,162.0,196.0,59.60166666666667,26.836,7.911333333333333,2.1246666666666667,7.724666666666666,5.6,11.2,21.60033333333333,311.19233333333335,3,1,3,1,0.035833333333333335,0.03833333333333333,0.0,104,0,3,-0.1107128376323867,-1.915669237884297e-05,-0.11054446938316466,0.00014921155684320187,,,3000,600
I4_Multi_Sparse_Delay,1949,C0_M1_PARENT,1,0.5252654775436953,110.96433333333333,106.0,148.0,170.0,196.0,204.0,75.27666666666667,35.687666666666665,7.881333333333333,2.0063333333333335,7.606333333333334,5.6,20.2,23.794666666666668,341.347,3,10,2,10,0.3858333333333333,0.41583333333333333,0.0625,97,0,3,0.7047835889248715,-0.003376687887496597,0.7250129598927264,0.01685268308035831,,,6000,600
I4_Multi_Sparse_Delay,1949,C2_K2,2,0.5268197804517343,100.321,92.0,136.60000000000218,170.0,196.0,204.0,73.63333333333334,26.687666666666665,7.881333333333333,2.0063333333333335,7.606333333333334,5.6,11.2,24.294666666666668,327.027,3,5,2,5,0.3375,0.41583333333333333,0.014166666666666666,97,0,3,0.7051227347444528,-0.004189217893679427,0.7072392913525314,-0.002072661285601213,,,3000,600
I5_Moving_Delay_Support,1949,C0_M1_PARENT,1,0.43538617067112634,95.009,92.0,140.20000000000073,162.0,162.0,196.0,59.175,35.834,7.91,2.124,7.724,5.6,20.2,21.265,322.355,1,1,1,1,0.016666666666666666,0.060833333333333336,0.0,106,0,1,-0.11257211907805764,-0.00042043155066340975,-0.11260339948807487,-0.000451711960680468,,,6000,600
I5_Moving_Delay_Support,1949,C2_K2,2,0.43539017008211844,86.511,92.0,127.60000000000582,162.0,162.0,196.0,59.67666666666667,26.834333333333333,7.91,2.1243333333333334,7.724333333333333,5.6,11.2,21.759,311.072,1,2,1,2,0.03166666666666667,0.06,0.0,106,0,1,-0.11257211886668392,-9.885528368936908e-05,-0.1125869546890058,-0.00011369110601122986,,,3000,600
I6_Continuous_Latent_State,1949,C0_M1_PARENT,1,0.13773437440432315,127.70433333333334,126.0,141.00000000000364,196.0,196.0,196.0,91.83,35.87433333333333,7.9013333333333335,2.173,7.773,5.6,20.2,20.834,369.1016666666667,0,1,0,0,0.995,0.0,0.0,89,0,0,0.06351055765370518,0.5669811915307225,-0.08674740825973841,0.4167232256172792,,,6000,600
I6_Continuous_Latent_State,1949,C2_K2,2,0.13983694745819175,122.62666666666667,126.0,137.4000000000051,196.0,204.0,204.0,95.95333333333333,26.673333333333332,7.886,1.9873333333333334,7.5873333333333335,5.6,11.2,24.541,358.189,2,1,2,0,0.9841666666666666,0.44916666666666666,0.44916666666666666,97,0,2,-0.055144172197729914,0.29311803255058605,-0.06241426808898781,0.28584793665932834,,,3000,600
I7_Quiescent_Continuous_State,1949,C0_M1_PARENT,1,0.15468999131471606,120.875,120.0,148.0,196.0,204.0,204.0,85.395,35.48,7.906,1.774,7.374,5.6,20.2,21.836333333333332,358.08166666666665,3,3,2,2,0.755,0.1725,0.13166666666666665,76,0,3,0.1096990794146644,0.46365557854447154,0.03714379890095221,0.3911002980307591,,115.0,6000,600
I7_Quiescent_Continuous_State,1949,C2_K2,2,0.16208238394573776,111.07166666666667,102.0,136.60000000000218,196.0,204.0,204.0,84.54166666666667,26.53,7.902,1.828,7.428,5.6,11.2,22.707666666666668,344.42833333333334,2,3,2,2,0.7166666666666667,0.2175,0.2125,85,0,2,-0.14538974058425816,0.23576315378163243,-0.21442007414600192,0.16673282021988875,,111.0,3000,600
I8_Quiescent_Discrete_Delay,1949,C0_M1_PARENT,1,0.28688394820872587,98.068,92.0,140.20000000000073,162.0,170.0,196.0,62.545,35.523,7.897333333333333,1.8256666666666668,7.425666666666666,5.6,20.2,23.12,324.1256666666667,2,1,1,1,0.034166666666666665,0.3383333333333333,0.0,94,0,2,0.5006478903029653,-0.00027713128398043814,0.4983374560685055,-0.0025875655184398948,,,6000,600
I8_Quiescent_Discrete_Delay,1949,C2_K2,2,0.28672728826186733,89.12466666666667,92.0,127.60000000000582,162.0,170.0,196.0,62.60166666666667,26.523,7.897333333333333,1.8256666666666668,7.425666666666666,5.6,11.2,23.62,312.2056666666667,2,1,1,1,0.035833333333333335,0.3383333333333333,0.0,94,0,2,0.5006478903029653,-0.00011342386291935807,0.5003262881392666,-0.00043502602661781817,,,3000,600
I9_Hybrid_Delay_Plus_Latent_State,1949,C0_M1_PARENT,1,0.2778680915575281,126.002,126.0,148.20000000000073,196.0,204.0,204.0,90.25833333333334,35.74366666666667,7.896,2.0476666666666667,7.647666666666666,5.6,20.2,22.932666666666666,363.7923333333333,2,6,1,6,0.8625,0.29333333333333333,0.19,104,0,2,0.42027742054299655,0.028192928844213712,0.4655108165076122,0.07342632480882912,,,6000,600
I9_Hybrid_Delay_Plus_Latent_State,1949,C2_K2,2,0.2809733197243188,115.033,122.0,137.4000000000051,196.0,204.0,204.0,88.29166666666667,26.741333333333333,7.895333333333333,2.046,7.645999999999999,5.6,11.2,23.443,348.99766666666665,2,5,1,5,0.8041666666666667,0.295,0.21333333333333335,103,0,2,0.4206505157010393,0.04006038766624197,0.4525822292045367,0.07199210116973945,,,3000,600
I10_Redundant_Temporal_Structure,1949,C0_M1_PARENT,1,0.319559633105158,137.204,136.0,148.20000000000073,204.0,204.0,204.0,101.76166666666667,35.44233333333333,7.863333333333333,1.779,7.379,5.6,20.2,27.887666666666668,372.718,1,1,0,0,0.9966666666666667,0.9875,0.9875,106,0,1,0.7694639557165294,0.7517470156155927,0.23028913121874706,0.21257219111781026,,,6000,600
I10_Redundant_Temporal_Structure,1949,C2_K2,2,0.32183980110254584,127.864,130.0,137.4000000000051,204.0,204.0,204.0,101.42166666666667,26.442333333333334,7.863333333333333,1.779,7.379,5.6,11.2,28.387666666666668,360.238,1,1,0,0,0.9866666666666667,0.9875,0.9866666666666667,106,0,1,0.7694629776503115,0.3382432238759731,0.6208669327120567,0.18964717893771857,,,3000,600
I11_Regime_Switch_Delay_To_Latent,1949,C0_M1_PARENT,1,0.2348082648567938,111.22266666666667,110.0,148.0,170.0,196.0,204.0,75.49333333333334,35.72933333333334,7.9046666666666665,2.0246666666666666,7.624666666666666,5.6,20.2,22.522333333333332,343.505,2,2,2,1,0.44416666666666665,0.23916666666666667,0.07583333333333334,108,0,2,-0.036512882513192346,0.379954865129215,-0.102448339704722,0.3140194079376854,570.0,,6000,600
I11_Regime_Switch_Delay_To_Latent,1949,C2_K2,2,0.23047732586687042,105.33933333333333,92.0,136.60000000000218,190.0,200.0,204.0,78.61,26.729333333333333,7.9046666666666665,2.0246666666666666,7.624666666666666,5.6,11.2,23.022333333333332,335.905,2,4,2,3,0.5358333333333334,0.23916666666666667,0.11416666666666667,108,0,2,-0.036511912561859296,0.1775054338599146,-0.08789289330171238,0.12612445312006162,208.0,,3000,600
I12_Regime_Switch_Latent_To_Delay,1949,C0_M1_PARENT,1,0.2633136279838652,111.56666666666666,110.0,141.00000000000364,190.0,196.0,196.0,75.70833333333333,35.858333333333334,7.905333333333333,2.153,7.753,5.6,20.2,20.826666666666668,346.337,0,2,0,2,0.5208333333333334,0.0,0.0,92,0,0,-0.11567949969929489,-0.013586322564076497,-0.11383557205285492,-0.011742394917636552,3000.0,,6000,600
I12_Regime_Switch_Latent_To_Delay,1949,C2_K2,2,0.25470932932559326,103.80366666666667,92.0,137.4000000000051,192.0,196.0,204.0,76.97833333333334,26.825333333333333,7.9013333333333335,2.124,7.724,5.6,11.2,21.805333333333333,335.4173333333333,2,3,1,3,0.5383333333333333,0.0675,0.021666666666666667,92,0,2,0.5405030363420458,-0.010970124618066302,0.5483343238914027,-0.0031388370687090755,2807.0,,3000,600
I13_Regime_Switch_Hybrid_To_Memoryless,1949,C0_M1_PARENT,1,0.24413951413906562,111.809,110.0,148.0,190.0,198.0,204.0,76.15,35.659,7.916666666666667,1.9423333333333332,7.542333333333333,5.6,20.2,21.435666666666666,345.83866666666665,1,2,1,2,0.5041666666666667,0.10083333333333333,0.10083333333333333,96,0,1,-0.014549704499595825,-0.0009403171559028709,-0.01463898145545245,-0.0010295941117595031,107.0,,6000,600
I13_Regime_Switch_Hybrid_To_Memoryless,1949,C2_K2,2,0.24654912955921865,101.75266666666667,92.0,137.00000000000364,162.0,198.0,204.0,75.03333333333333,26.719333333333335,7.914666666666666,2.0046666666666666,7.604666666666667,5.6,11.2,22.006666666666668,332.2746666666667,1,2,1,2,0.4708333333333333,0.1025,0.1025,99,0,1,-0.02107884221424069,-0.00029744058119969785,-0.020814180336841202,-3.277870380020726e-05,107.0,,3000,600
I14_Intermittent_Hybrid,1949,C0_M1_PARENT,1,0.20853521948762893,117.51,114.0,148.0,192.0,204.0,204.0,81.875,35.635,7.884666666666667,1.9503333333333333,7.550333333333333,5.6,20.2,24.521,349.58933333333334,3,2,3,2,0.55,0.5175,0.25583333333333336,106,0,3,-0.03193190407198498,-0.006429206766728857,-0.03355051692683871,-0.008047819621582592,1005.0,,6000,600
I14_Intermittent_Hybrid,1949,C2_K2,2,0.23601948046164128,103.17633333333333,92.0,127.60000000000582,170.0,196.0,196.0,76.39,26.786333333333335,7.902,2.0843333333333334,7.684333333333333,5.6,11.2,22.691,333.3,1,2,1,2,0.485,0.19,0.0,106,0,1,-0.043609455356618386,-0.001131570736341142,-0.043936994491138186,-0.0014591098708609674,1587.0,,3000,600
I1_Memoryless_Linear,1950,C0_M1_PARENT,1,0.12765276255162708,94.14233333333334,92.0,138.40000000000146,150.0,156.0,176.0,59.865,34.27733333333333,7.984,0.49333333333333335,6.093333333333333,5.6,20.2,19.741333333333333,323.05466666666666,1,1,1,1,0.0475,0.025,0.0,20,0,1,0.004948274891704576,-0.00037336697591579997,0.004931306274608058,-0.00039033559301231597,,,6000,600
I1_Memoryless_Linear,1950,C2_K2,2,0.12796243282485484,85.08566666666667,92.0,127.60000000000582,150.0,156.0,176.0,59.80833333333333,25.277333333333335,7.984,0.49333333333333335,6.093333333333333,5.6,11.2,20.241333333333333,310.9746666666667,1,1,1,1,0.04583333333333333,0.025,0.0,20,0,1,0.004948274891704576,0.00045661120062138793,0.004765225238769913,0.00027356154768672097,,,3000,600
I2_Static_Nonlinear_Negative_Control,1950,C0_M1_PARENT,1,1.0442023044429942,95.471,92.0,140.20000000000073,162.0,162.0,196.0,59.615,35.856,7.910666666666667,2.1453333333333333,7.745333333333333,5.6,20.2,20.827333333333332,323.616,0,1,0,1,0.0475,0.0,0.0,104,0,0,-0.049685037608643644,1.4161463279739004e-05,-0.04967861966364528,2.0579408278107473e-05,,,6000,600
I2_Static_Nonlinear_Negative_Control,1950,C2_K2,2,1.0445632985889262,86.41433333333333,92.0,127.60000000000582,162.0,162.0,196.0,59.55833333333333,26.856,7.910666666666667,2.1453333333333333,7.745333333333333,5.6,11.2,21.327333333333332,311.536,0,1,0,1,0.04583333333333333,0.0,0.0,104,0,0,-0.049685037608643644,-9.503901300825879e-05,-0.04969739562316256,-0.00010739702752717428,,,3000,600
I3_Single_Exact_Delay,1950,C0_M1_PARENT,1,0.1635530159846228,103.61066666666666,102.0,140.20000000000073,170.0,170.0,196.0,68.18,35.43066666666667,7.87,1.7606666666666666,7.360666666666666,5.6,20.2,26.961,326.573,1,1,0,1,0.045,0.865,0.0,100,0,1,0.5789936203827568,-2.481672518313886e-05,0.5790229184693805,4.4813614404649295e-06,,,6000,600
I3_Single_Exact_Delay,1950,C2_K2,2,0.16352834245409048,94.639,96.0,127.60000000000582,170.0,170.0,196.0,68.20833333333333,26.430666666666667,7.87,1.7606666666666666,7.360666666666666,5.6,11.2,27.461,314.613,1,1,0,1,0.04583333333333333,0.865,0.0,100,0,1,0.5789936203827568,-0.0001035166935649012,0.5792014615654698,0.00010432448914786093,,,3000,600
I4_Multi_Sparse_Delay,1950,C0_M1_PARENT,1,0.5450780904840524,103.60566666666666,98.0,148.0,170.0,196.0,204.0,67.98,35.62566666666667,7.874666666666666,1.951,7.551,5.6,20.2,24.836666666666666,329.50966666666665,6,4,5,4,0.12833333333333333,0.5616666666666666,0.0625,98,0,6,0.48729115302168996,0.032480097529851995,0.478345921606993,0.023534866115155047,,,6000,600
I4_Multi_Sparse_Delay,1950,C2_K2,2,0.5435684180354347,95.95266666666667,92.0,136.60000000000218,170.0,196.0,204.0,69.32833333333333,26.624333333333333,7.874,1.9503333333333333,7.550333333333333,5.6,11.2,25.347666666666665,319.3953333333333,6,1,5,1,0.1675,0.5633333333333334,0.075,97,0,6,0.48730118598499833,4.1899056480253444e-05,0.4872896788535441,3.0391925026149436e-05,,,3000,600
I5_Moving_Delay_Support,1950,C0_M1_PARENT,1,0.31047281108049823,99.531,92.0,140.20000000000073,162.0,170.0,196.0,63.94,35.591,7.894,1.897,7.497,5.6,20.2,23.741666666666667,325.27733333333333,3,3,2,3,0.051666666666666666,0.41833333333333333,0.0,104,0,3,0.8398174413360088,0.0051594029947398,0.8373849525011536,0.0027269141598848545,,,6000,600
I5_Moving_Delay_Support,1950,C2_K2,2,0.30975306018038545,90.33266666666667,92.0,127.60000000000582,162.0,170.0,196.0,63.74166666666667,26.591,7.894,1.897,7.497,5.6,11.2,24.241666666666667,312.99733333333336,3,1,2,1,0.04583333333333333,0.41833333333333333,0.0,104,0,3,0.8398174413360088,-0.006345742079451454,0.8518525565888269,0.00568937317336697,,,3000,600
I6_Continuous_Latent_State,1950,C0_M1_PARENT,1,0.13762752640489495,127.722,126.0,140.20000000000073,196.0,196.0,196.0,91.88666666666667,35.83533333333333,7.906,2.1293333333333333,7.729333333333333,5.6,20.2,20.809666666666665,369.16833333333335,0,1,0,0,0.9966666666666667,0.0,0.0,92,0,0,-0.056201197244003125,0.2110811111005254,-0.1086191423583118,0.15866316598621685,,,6000,600
I6_Continuous_Latent_State,1950,C2_K2,2,0.13911698399467645,120.86566666666667,126.0,136.60000000000218,196.0,204.0,204.0,94.13,26.735666666666667,7.899333333333334,2.0363333333333333,7.636333333333333,5.6,11.2,22.955,357.91266666666667,2,1,1,0,0.995,0.23,0.23,101,0,2,0.04967400485736356,0.10614511140168718,0.036672885365939954,0.09314399191026362,,,3000,600
I7_Quiescent_Continuous_State,1950,C0_M1_PARENT,1,0.14315426398331368,120.86466666666666,114.0,140.20000000000073,196.0,196.0,196.0,85.2,35.66466666666667,7.908,1.9566666666666668,7.556666666666667,5.6,20.2,20.695333333333334,359.67066666666665,0,2,0,1,0.8,0.0,0.0,84,0,0,-0.046885354305008106,0.1858043003830041,-0.07729862425349263,0.1553910304345195,,158.0,6000,600
I7_Quiescent_Continuous_State,1950,C2_K2,2,0.14707640468102626,113.228,102.0,136.60000000000218,196.0,204.0,204.0,86.63833333333334,26.589666666666666,7.9,1.8896666666666666,7.4896666666666665,5.6,11.2,22.870666666666665,347.2703333333333,2,2,1,1,0.7741666666666667,0.23166666666666666,0.23166666666666666,93,0,2,0.05138657465324274,0.10175641075030907,0.0389160692122592,0.08928590530932554,,153.0,3000,600
I8_Quiescent_Discrete_Delay,1950,C0_M1_PARENT,1,0.18918667970478956,102.41366666666667,102.0,140.20000000000073,170.0,170.0,196.0,66.98,35.43366666666667,7.868,1.7656666666666667,7.365666666666666,5.6,20.2,26.065333333333335,326.1256666666667,2,1,1,1,0.045,0.745,0.0,97,0,2,0.5553822949910908,-0.0014791790136273442,0.5568678769716385,6.402966920156102e-06,,,6000,600
I8_Quiescent_Discrete_Delay,1950,C2_K2,2,0.18914974704712645,93.442,92.0,127.60000000000582,170.0,170.0,196.0,67.00833333333334,26.433666666666667,7.868,1.7656666666666667,7.365666666666666,5.6,11.2,26.565333333333335,314.16566666666665,2,1,1,1,0.04583333333333333,0.745,0.0,97,0,2,0.5553822949910908,-0.002192557190237725,0.5586598557482179,0.0010850035668892892,,,3000,600
I9_Hybrid_Delay_Plus_Latent_State,1950,C0_M1_PARENT,1,0.13720338775372526,136.51133333333334,136.0,148.0,204.0,204.0,204.0,101.07,35.44133333333333,7.864,1.7773333333333334,7.377333333333333,5.6,20.2,27.368,372.458,1,1,0,0,0.9966666666666667,0.9183333333333333,0.9183333333333333,105,0,1,0.6401462199335272,0.11602929265063189,0.6413291268598257,0.11721219957693069,,,6000,600
I9_Hybrid_Delay_Plus_Latent_State,1950,C2_K2,2,0.15065852400533566,120.96633333333334,122.0,136.60000000000218,204.0,204.0,204.0,94.525,26.441333333333333,7.864,1.7773333333333334,7.377333333333333,5.6,11.2,27.868,351.218,1,9,0,9,0.8041666666666667,0.9183333333333333,0.7275,105,0,1,0.6439790370280521,0.036412236786890956,0.6580205028603109,0.05045370261914914,,,3000,600
I10_Redundant_Temporal_Structure,1950,C0_M1_PARENT,1,0.34595657714607625,135.021,132.0,148.0,204.0,204.0,204.0,99.47833333333334,35.54266666666667,7.866,1.8766666666666667,7.476666666666667,5.6,20.2,26.249666666666666,371.8983333333333,1,1,0,0,0.9966666666666667,0.7591666666666667,0.7591666666666667,96,0,1,0.6104268072499686,0.48207578706098186,0.1107002775433942,-0.01765074264559214,,,6000,600
I10_Redundant_Temporal_Structure,1950,C2_K2,2,0.3464593884231144,126.037,126.0,136.60000000000218,204.0,204.0,204.0,99.49666666666667,26.540333333333333,7.8646666666666665,1.8756666666666666,7.475666666666666,5.6,11.2,26.803,359.8453333333333,1,1,0,0,0.995,0.7666666666666667,0.7666666666666667,100,0,1,0.6104272359184166,0.19751373446603993,0.48782805383877853,0.07491455238640149,,,3000,600
I11_Regime_Switch_Delay_To_Latent,1950,C0_M1_PARENT,1,0.28567737020883843,108.896,106.0,148.0,162.0,196.0,204.0,73.10666666666667,35.78933333333333,7.9126666666666665,2.0766666666666667,7.676666666666666,5.6,20.2,21.543666666666667,341.57366666666667,6,2,6,1,0.4141666666666667,0.1025,0.03166666666666667,108,0,6,-0.03161596073809559,0.148076907759435,-0.061948453174907256,0.1177444153226233,493.0,,6000,600
I11_Regime_Switch_Delay_To_Latent,1950,C2_K2,2,0.2983217603788167,97.07966666666667,92.0,136.60000000000218,162.0,204.0,204.0,70.36333333333333,26.716333333333335,7.902666666666667,2.0136666666666665,7.613666666666666,5.6,11.2,23.069333333333333,324.169,7,2,6,1,0.29083333333333333,0.2475,0.15,105,0,7,0.05034562149243247,0.0736276859770481,0.03689390822210613,0.060175972706721766,493.0,,3000,600
I12_Regime_Switch_Latent_To_Delay,1950,C0_M1_PARENT,1,0.25988534629048193,112.62266666666666,110.0,148.0,190.0,196.0,204.0,76.82166666666667,35.801,7.912,2.089,7.689,5.6,20.2,21.326,347.145,2,2,2,2,0.5325,0.07166666666666667,0.07083333333333333,105,0,2,-0.07303972125648757,-0.014218377621688637,-0.06916897307681519,-0.01034762944201627,3000.0,,6000,600
I12_Regime_Switch_Latent_To_Delay,1950,C2_K2,2,0.2607620068917443,103.17966666666666,92.0,136.60000000000218,190.0,196.0,204.0,76.38333333333334,26.796333333333333,7.913333333333333,2.083,7.683,5.6,11.2,21.898666666666667,334.421,3,1,3,1,0.5166666666666667,0.08166666666666667,0.0625,104,0,3,-0.1254988554934467,-0.004142671397955441,-0.12701236312136188,-0.005656179025870668,3000.0,,3000,600
I13_Regime_Switch_Hybrid_To_Memoryless,1950,C0_M1_PARENT,1,0.14384702807845398,117.78233333333333,120.0,148.0,196.0,204.0,204.0,82.30166666666666,35.480666666666664,7.8853333333333335,1.7953333333333332,7.395333333333333,5.6,20.2,25.202666666666666,349.05,1,1,1,1,0.5316666666666666,0.6225,0.4533333333333333,99,0,1,-0.0489702674427893,-0.0029275049930265343,-0.04903489856342601,-0.002992136113663231,143.0,,6000,600
I13_Regime_Switch_Hybrid_To_Memoryless,1950,C2_K2,2,0.14873893633627538,106.374,102.0,136.60000000000218,170.0,204.0,204.0,79.89333333333333,26.480666666666668,7.8853333333333335,1.7953333333333332,7.395333333333333,5.6,11.2,25.702666666666666,333.65,1,4,1,4,0.4608333333333333,0.6225,0.38416666666666666,99,0,1,-0.04897027752399252,0.00010634496503435687,-0.048429205208883296,0.0006474172801435841,137.0,,3000,600
I14_Intermittent_Hybrid,1950,C0_M1_PARENT,1,0.21276179305601375,117.20133333333334,114.0,148.0,190.0,204.0,204.0,81.61,35.59133333333333,7.884666666666667,1.9066666666666667,7.506666666666666,5.6,20.2,24.972333333333335,348.535,3,3,3,3,0.5233333333333333,0.5816666666666667,0.31333333333333335,104,0,3,-0.06415759869613293,-0.014317099750241013,-0.06404382270472755,-0.014203323758835621,431.0,,6000,600
I14_Intermittent_Hybrid,1950,C2_K2,2,0.23689720295589456,101.13333333333334,96.0,136.60000000000218,170.0,204.0,204.0,74.54166666666667,26.591666666666665,7.8853333333333335,1.9063333333333334,7.506333333333333,5.6,11.2,25.442,326.5996666666667,4,3,4,3,0.31666666666666665,0.5775,0.25166666666666665,105,0,4,-0.06410502022401626,-0.0038069998249698122,-0.06387135533063008,-0.0035733349315836254,435.0,,3000,600
I1_Memoryless_Linear,1951,C0_M1_PARENT,1,0.12506787044193407,93.37133333333334,92.0,140.20000000000073,142.0,150.0,184.0,59.416666666666664,33.95466666666667,7.996,0.15866666666666668,5.758666666666667,5.6,20.2,19.184666666666665,322.49333333333334,0,1,0,1,0.041666666666666664,0.0,0.0,6,0,0,-0.0006351381565650184,0.00045772569397333347,-0.0006360827456005447,0.00045678110493780765,,,6000,600
I1_Memoryless_Linear,1951,C2_K2,2,0.12469454402883919,84.513,92.0,127.60000000000582,142.0,150.0,184.0,59.55833333333333,24.954666666666668,7.996,0.15866666666666668,5.758666666666667,5.6,11.2,19.684666666666665,310.6933333333333,0,1,0,1,0.04583333333333333,0.0,0.0,6,0,0,-0.0006351381565650184,0.00036176395250674695,-0.0006373305033228121,0.00035957160574895424,,,3000,600
I2_Static_Nonlinear_Negative_Control,1951,C0_M1_PARENT,1,1.077402253847418,95.67866666666667,92.0,148.0,162.0,162.0,204.0,59.858333333333334,35.82033333333333,7.908,2.1123333333333334,7.7123333333333335,5.6,20.2,21.014666666666667,323.63033333333334,4,1,4,1,0.04583333333333333,0.03,0.014166666666666666,100,0,4,-0.1786475418211555,-0.000148355296062625,-0.17861351647762355,-0.00011432995253070345,,,6000,600
I2_Static_Nonlinear_Negative_Control,1951,C2_K2,2,1.077477030896514,86.67866666666667,92.0,136.60000000000218,162.0,162.0,204.0,59.858333333333334,26.820333333333334,7.908,2.1123333333333334,7.7123333333333335,5.6,11.2,21.514666666666667,311.63033333333334,4,1,4,1,0.04583333333333333,0.03,0.014166666666666666,100,0,4,-0.17864754182115553,-0.00013243630107781244,-0.17861127740370392,-9.617188362630351e-05,,,3000,600
I3_Single_Exact_Delay,1951,C0_M1_PARENT,1,0.33364711451661727,98.29666666666667,92.0,148.0,162.0,170.0,204.0,62.611666666666665,35.685,7.895333333333333,1.9896666666666667,7.589666666666666,5.6,20.2,23.593,323.7626666666667,3,1,2,1,0.021666666666666667,0.3875,0.020833333333333332,106,0,3,0.816696325267995,0.0005800235734945141,0.8157738847329271,-0.00034241696157309926,,,6000,600
I3_Single_Exact_Delay,1951,C2_K2,2,0.3336778399798082,90.03333333333333,92.0,136.60000000000218,162.0,170.0,204.0,63.348333333333336,26.685,7.895333333333333,1.9896666666666667,7.589666666666666,5.6,11.2,24.093,312.80266666666665,3,3,2,3,0.043333333333333335,0.3875,0.0225,106,0,3,0.816696325269969,0.0010428055648703163,0.8112173835195752,-0.004436136185523543,,,3000,600
I4_Multi_Sparse_Delay,1951,C0_M1_PARENT,1,0.5231706997834507,111.40633333333334,102.0,148.0,170.0,204.0,204.0,75.86166666666666,35.544666666666664,7.874,1.8706666666666667,7.470666666666666,5.6,20.2,25.860333333333333,339.1016666666667,4,12,3,12,0.3175,0.7066666666666667,0.21,99,0,4,0.6440846449627252,0.0054917431915857216,0.5880886097938686,-0.05050429197727083,,,6000,600
I4_Multi_Sparse_Delay,1951,C2_K2,2,0.5240075738263135,95.918,96.0,136.60000000000218,170.0,196.0,204.0,69.37333333333333,26.544666666666668,7.874,1.8706666666666667,7.470666666666666,5.6,11.2,26.360333333333333,317.94166666666666,4,5,3,5,0.12666666666666668,0.7066666666666667,0.060833333333333336,99,0,4,0.6358150326841456,0.005994990514832396,0.6309004452253983,0.0010804030560854997,,,3000,600
I5_Moving_Delay_Support,1951,C0_M1_PARENT,1,0.312226822006823,100.59133333333334,92.0,140.20000000000073,170.0,170.0,196.0,64.98833333333333,35.603,7.886666666666667,1.9163333333333334,7.516333333333333,5.6,20.2,24.494666666666667,325.73566666666665,3,2,2,2,0.05333333333333334,0.5175,0.0,102,0,3,0.4962053391988229,7.859931205456753e-05,0.49616799777676446,4.125788999639556e-05,,,6000,600
I5_Moving_Delay_Support,1951,C2_K2,2,0.31189918151669316,91.33633333333333,92.0,127.60000000000582,170.0,170.0,196.0,64.73333333333333,26.603,7.886666666666667,1.9163333333333334,7.516333333333333,5.6,11.2,24.994666666666667,313.3756666666667,3,1,2,1,0.04583333333333333,0.5175,0.0,102,0,3,0.4962053391988229,0.00013564624529307042,0.4961387102339391,6.901728040893794e-05,,,3000,600
I6_Continuous_Latent_State,1951,C0_M1_PARENT,1,0.14229394864280495,127.697,126.0,140.20000000000073,196.0,196.0,196.0,91.83,35.867,7.9046666666666665,2.162333333333333,7.762333333333332,5.6,20.2,20.829666666666668,369.09866666666665,0,1,0,0,0.995,0.0,0.0,94,0,0,-0.08886661586560943,0.5304681939027216,-0.15371174737313031,0.46562306239520085,,,6000,600
I6_Continuous_Latent_State,1951,C2_K2,2,0.14313149802290057,120.83966666666667,126.0,136.60000000000218,196.0,204.0,204.0,94.07166666666667,26.768,7.897333333333333,2.070666666666667,7.6706666666666665,5.6,11.2,22.931333333333335,357.90133333333335,2,1,2,0,0.995,0.22416666666666665,0.22416666666666665,98,0,2,-0.05306116119126208,0.3738765717862713,-0.08668735422285014,0.3402503787546831,,,3000,600
I7_Quiescent_Continuous_State,1951,C0_M1_PARENT,1,0.14816062093023646,120.545,110.0,140.20000000000073,196.0,196.0,196.0,85.03,35.515,7.924,1.791,7.391,5.6,20.2,20.54,359.349,0,2,0,1,0.795,0.0,0.0,86,0,0,-0.008543149957087312,0.46842844302859865,-0.04666484834768701,0.43030674463799884,,101.0,6000,600
I7_Quiescent_Continuous_State,1951,C2_K2,2,0.1492712907968392,111.00666666666666,92.0,127.60000000000582,196.0,196.0,196.0,84.49166666666666,26.515,7.924,1.791,7.391,5.6,11.2,21.04,346.589,0,2,0,1,0.7791666666666667,0.0,0.0,86,0,0,-0.008543149957087312,0.3654111415507153,-0.027932261418641836,0.34602203008916077,,102.0,3000,600
I8_Quiescent_Discrete_Delay,1951,C0_M1_PARENT,1,0.31070931113612427,97.962,92.0,148.0,162.0,170.0,204.0,62.35333333333333,35.608666666666664,7.8886666666666665,1.92,7.52,5.6,20.2,23.343666666666667,323.63966666666664,4,1,3,1,0.021666666666666667,0.3616666666666667,0.020833333333333332,96,0,4,0.8040225812899205,0.00031430614674596334,0.8034770496111004,-0.00023122553207414147,,,6000,600
I8_Quiescent_Discrete_Delay,1951,C2_K2,2,0.31065378893333045,89.58533333333334,92.0,136.60000000000218,162.0,170.0,204.0,62.97666666666667,26.608666666666668,7.8886666666666665,1.92,7.52,5.6,11.2,23.843666666666667,312.5196666666667,4,2,3,2,0.04,0.3616666666666667,0.0225,96,0,4,0.8040225812918947,5.08291489905513e-05,0.8011838703046568,-0.0027878818382476157,,,3000,600
I9_Hybrid_Delay_Plus_Latent_State,1951,C0_M1_PARENT,1,0.2825486501858681,126.076,126.0,148.0,196.0,204.0,204.0,90.325,35.751,7.898,2.053,7.653,5.6,20.2,22.774333333333335,364.11266666666666,3,6,2,5,0.8708333333333333,0.27166666666666667,0.25166666666666665,104,0,3,0.7645312577370841,0.2499076082006751,0.7139961535986166,0.19937250406220722,,,6000,600
I9_Hybrid_Delay_Plus_Latent_State,1951,C2_K2,2,0.28104629736999104,112.03233333333333,102.0,136.60000000000218,196.0,204.0,204.0,85.315,26.717333333333332,7.894666666666667,2.022666666666667,7.6226666666666665,5.6,11.2,23.908666666666665,344.11066666666665,5,3,4,2,0.6975,0.36,0.30083333333333334,106,0,5,0.7660313318333404,0.25837900425980725,0.6840248069494927,0.17637247937595957,,,3000,600
I10_Redundant_Temporal_Structure,1951,C0_M1_PARENT,1,0.34344260359286444,135.47766666666666,132.0,148.0,204.0,204.0,204.0,99.96666666666667,35.511,7.864,1.847,7.446999999999999,5.6,20.2,26.612666666666666,372.0403333333333,1,1,0,0,0.9958333333333333,0.8108333333333333,0.8108333333333333,92,0,1,0.5849438969557301,0.5462339651364225,0.21944080176662445,0.1807308699473168,,,6000,600
I10_Redundant_Temporal_Structure,1951,C2_K2,2,0.3436760807838211,126.46466666666667,130.0,136.60000000000218,204.0,204.0,204.0,99.955,26.509666666666668,7.863333333333333,1.8463333333333334,7.4463333333333335,5.6,11.2,27.123666666666665,360.006,1,1,0,0,0.995,0.8125,0.8125,95,0,1,0.5849438391183179,0.22541127962338406,0.44548193170284345,0.08594937220790969,,,3000,600
I11_Regime_Switch_Delay_To_Latent,1951,C0_M1_PARENT,1,0.27688260029878814,108.76833333333333,106.0,142.0,162.0,196.0,204.0,72.97,35.79833333333333,7.908,2.090333333333333,7.690333333333333,5.6,20.2,21.358666666666668,341.64233333333334,2,2,2,1,0.4175,0.0775,0.005833333333333334,100,0,2,-0.07658956499881024,0.3376260741160311,-0.06795950000020679,0.3462561391146347,293.0,,6000,600
I11_Regime_Switch_Delay_To_Latent,1951,C2_K2,2,0.2930567604603063,97.00933333333333,92.0,136.60000000000218,162.0,204.0,204.0,70.295,26.714333333333332,7.9013333333333335,2.013,7.6129999999999995,5.6,11.2,23.184666666666665,323.907,3,2,2,1,0.2841666666666667,0.2633333333333333,0.19166666666666668,102,0,3,0.025733417022099213,0.243433255479469,0.017623178660648497,0.2353230171180184,293.0,,3000,600
I12_Regime_Switch_Latent_To_Delay,1951,C0_M1_PARENT,1,0.26166733061767034,111.75966666666666,110.0,140.20000000000073,190.0,196.0,196.0,75.90666666666667,35.853,7.910666666666667,2.142333333333333,7.742333333333333,5.6,20.2,20.825333333333333,346.615,0,1,0,1,0.5266666666666666,0.0,0.0,105,0,0,-0.1284249985932973,-9.944570293064317e-06,-0.12844025541765167,-2.5201394647447647e-05,3000.0,,6000,600
I12_Regime_Switch_Latent_To_Delay,1951,C2_K2,2,0.26170399357303237,102.56133333333334,92.0,127.60000000000582,190.0,196.0,196.0,75.70833333333333,26.853,7.910666666666667,2.142333333333333,7.742333333333333,5.6,11.2,21.325333333333333,334.335,0,2,0,2,0.5208333333333334,0.0,0.0,105,0,0,-0.1284249985932973,8.90425694935009e-05,-0.12844227991068824,7.176125210259865e-05,3000.0,,3000,600
I13_Regime_Switch_Hybrid_To_Memoryless,1951,C0_M1_PARENT,1,0.2707773889001997,107.807,106.0,142.0,162.0,196.0,204.0,72.245,35.562,7.928,1.834,7.433999999999999,5.6,20.2,20.973333333333333,340.8446666666667,2,4,2,4,0.405,0.0475,0.0275,90,0,2,-0.022129322854238343,0.0016323803154853936,-0.022206882676296606,0.0015548204934271383,100.0,,6000,600
I13_Regime_Switch_Hybrid_To_Memoryless,1951,C2_K2,2,0.28435514480927154,92.982,92.0,136.60000000000218,162.0,196.0,204.0,66.485,26.497,7.9286666666666665,1.7683333333333333,7.368333333333333,5.6,11.2,21.533666666666665,320.55466666666666,3,3,3,3,0.23166666666666666,0.060833333333333336,0.0016666666666666668,85,0,3,-0.02212315120461791,0.0009279670096355291,-0.021634724650139363,0.0014163935641140725,100.0,,3000,600
I14_Intermittent_Hybrid,1951,C0_M1_PARENT,1,0.2328214185828541,115.40766666666667,110.0,148.0,190.0,204.0,204.0,79.775,35.632666666666665,7.890666666666666,1.942,7.542,5.6,20.2,24.014666666666667,347.3346666666667,3,4,3,4,0.5083333333333333,0.44916666666666666,0.22583333333333333,103,0,3,-0.01285675850875228,0.0028521498960890662,-0.013729980830986538,0.0019789275738548062,1096.0,,6000,600
I14_Intermittent_Hybrid,1951,C2_K2,2,0.2362873138034486,108.323,102.0,136.60000000000218,192.0,204.0,204.0,81.70166666666667,26.621333333333332,7.89,1.9313333333333333,7.5313333333333325,5.6,11.2,24.612333333333332,337.90366666666665,4,2,4,2,0.5608333333333333,0.4633333333333333,0.255,102,0,4,-0.05274467733861523,0.001804288363595412,-0.05239944834818275,0.0021495173540279243,1103.0,,3000,600
I1_Memoryless_Linear,1952,C0_M1_PARENT,1,0.12131412605192315,94.06266666666667,92.0,138.40000000000146,150.0,156.0,176.0,59.64333333333333,34.419333333333334,7.980666666666667,0.6386666666666667,6.238666666666666,5.6,20.2,19.672333333333334,323.061,0,1,0,1,0.04833333333333333,0.0,0.0,29,0,0,-0.03475636789013455,-0.0030759142908501286,-0.03373258907677237,-0.0020521354774879572,,,6000,600
I1_Memoryless_Linear,1952,C2_K2,2,0.12135735028389365,85.14766666666667,92.0,127.60000000000582,150.0,156.0,176.0,59.72833333333333,25.419333333333334,7.980666666666667,0.6386666666666667,6.238666666666666,5.6,11.2,20.172333333333334,311.181,0,1,0,1,0.050833333333333335,0.0,0.0,29,0,0,-0.03475636789013455,-0.0028712463006040885,-0.03394695608790595,-0.002061834498375479,,,3000,600
I2_Static_Nonlinear_Negative_Control,1952,C0_M1_PARENT,1,1.1008120666758825,95.89566666666667,92.0,140.20000000000073,162.0,162.0,196.0,60.06,35.83566666666667,7.907333333333334,2.1283333333333334,7.7283333333333335,5.6,20.2,21.115,323.80066666666664,1,1,1,1,0.04833333333333333,0.041666666666666664,0.0,101,0,1,-0.15064962102553273,3.15448936678353e-06,-0.15064914295967888,3.6325552205917405e-06,,,6000,600
I2_Static_Nonlinear_Negative_Control,1952,C2_K2,2,1.1006954612309605,86.81066666666666,92.0,127.60000000000582,162.0,162.0,196.0,59.975,26.83566666666667,7.907333333333334,2.1283333333333334,7.7283333333333335,5.6,11.2,21.615,311.68066666666664,1,1,1,1,0.04583333333333333,0.041666666666666664,0.0,101,0,1,-0.15064962102553273,0.00769845944892711,-0.14912731454201583,0.009220765932444051,,,3000,600
I3_Single_Exact_Delay,1952,C0_M1_PARENT,1,0.4046592464509741,98.01433333333334,92.0,140.20000000000073,162.0,170.0,196.0,62.211666666666666,35.80266666666667,7.91,2.0926666666666667,7.692666666666666,5.6,20.2,21.799666666666667,325.8623333333333,2,3,1,3,0.08416666666666667,0.135,0.0,108,0,2,0.6827140388589142,0.002344679573759924,0.6698388919544376,-0.010530467330716655,,,6000,600
I3_Single_Exact_Delay,1952,C2_K2,2,0.404429471869167,88.136,92.0,127.60000000000582,162.0,170.0,196.0,61.333333333333336,26.802666666666667,7.91,2.0926666666666667,7.692666666666666,5.6,11.2,22.299666666666667,312.62233333333336,2,2,1,2,0.058333333333333334,0.135,0.0,108,0,2,0.6827140388589142,-0.0009154114162944835,0.6830295167460153,-0.0005999335291932049,,,3000,600
I4_Multi_Sparse_Delay,1952,C0_M1_PARENT,1,0.4178431875679834,113.95233333333333,102.0,148.0,170.0,204.0,204.0,78.52833333333334,35.424,7.8373333333333335,1.7866666666666666,7.386666666666667,5.6,20.2,27.745333333333335,340.05333333333334,1,10,0,10,0.3175,0.9733333333333334,0.29333333333333333,59,0,1,0.3863991269885292,0.013141597895584048,0.3955839301293988,0.022326401036453707,,,6000,600
I4_Multi_Sparse_Delay,1952,C2_K2,2,0.42201638671922087,95.71566666666666,98.0,136.60000000000218,170.0,170.0,204.0,69.29166666666667,26.424,7.8373333333333335,1.7866666666666666,7.386666666666667,5.6,11.2,28.245333333333335,315.0133333333333,1,1,0,1,0.04583333333333333,0.9733333333333334,0.024166666666666666,59,0,1,0.38646758440239465,0.00011579228558207598,0.3864717538237865,0.00011996170697428997,,,3000,600
I5_Moving_Delay_Support,1952,C0_M1_PARENT,1,0.33496815684476344,99.12133333333334,92.0,140.20000000000073,162.0,170.0,196.0,63.38333333333333,35.738,7.896,2.042,7.6419999999999995,5.6,20.2,22.958666666666666,325.80533333333335,2,3,1,3,0.07083333333333333,0.2975,0.0,103,0,2,0.7436158413123315,-0.016308538454284226,0.7497401641993283,-0.01018421556728742,,,6000,600
I5_Moving_Delay_Support,1952,C2_K2,2,0.3350650620237586,89.498,92.0,127.60000000000582,162.0,170.0,196.0,62.76,26.738,7.896,2.042,7.6419999999999995,5.6,11.2,23.458666666666666,312.92533333333336,2,1,1,1,0.0525,0.2975,0.0,103,0,2,0.7436158413123315,-0.0006883225381821131,0.7436768201412602,-0.0006273437092531363,,,3000,600
I6_Continuous_Latent_State,1952,C0_M1_PARENT,1,0.13236263279085086,128.322,126.0,148.0,196.0,196.0,204.0,92.49833333333333,35.82366666666667,7.907333333333334,2.1163333333333334,7.716333333333333,5.6,20.2,21.239,369.42266666666666,1,1,1,0,0.9975,0.058333333333333334,0.058333333333333334,102,0,1,-0.06442939054272469,0.43862247021258766,-0.16861553733472737,0.33443632342058505,,,6000,600
I6_Continuous_Latent_State,1952,C2_K2,2,0.1340241051794275,120.64133333333334,126.0,136.60000000000218,196.0,204.0,204.0,93.88,26.761333333333333,7.900666666666667,2.0606666666666666,7.660666666666666,5.6,11.2,22.787,357.8283333333333,4,1,4,0,0.995,0.205,0.205,103,0,4,-0.08053019163083908,0.21304313654337814,-0.11130773984626838,0.18226558832794892,,,3000,600
I7_Quiescent_Continuous_State,1952,C0_M1_PARENT,1,0.14978829772909183,121.924,120.0,148.0,196.0,198.02000000000044,204.0,86.24333333333334,35.68066666666667,7.894666666666667,1.986,7.585999999999999,5.6,20.2,21.608666666666668,359.85066666666665,2,5,2,4,0.7941666666666667,0.12416666666666666,0.1075,89,0,2,0.09179199238992367,0.4106165598817341,-0.19567738532803056,0.12314718216377986,,137.0,6000,600
I7_Quiescent_Continuous_State,1952,C2_K2,2,0.14639617472096056,112.45666666666666,102.0,136.60000000000218,196.0,204.0,204.0,85.76,26.696666666666665,7.892,2.0046666666666666,7.604666666666667,5.6,11.2,22.512666666666668,346.6533333333333,5,2,4,1,0.765,0.175,0.17,96,0,5,0.06104563811864694,0.2125139927850117,0.020082714015597608,0.17155106868196232,,137.0,3000,600
I8_Quiescent_Discrete_Delay,1952,C0_M1_PARENT,1,0.29054034983631,100.88166666666666,92.0,140.20000000000073,162.0,196.0,196.0,65.33166666666666,35.55,7.896,1.854,7.454,5.6,20.2,23.08,328.146,1,2,0,2,0.11833333333333333,0.3308333333333333,0.0,93,0,1,0.7038899698770197,0.00044559161083619777,0.6877762467669399,-0.015668131499243333,,,6000,600
I8_Quiescent_Discrete_Delay,1952,C2_K2,2,0.2905206929199906,89.84166666666667,92.0,127.60000000000582,162.0,170.0,196.0,63.291666666666664,26.55,7.896,1.854,7.454,5.6,11.2,23.58,313.266,1,2,0,2,0.058333333333333334,0.3308333333333333,0.0,93,0,1,0.7038899698770197,-0.007478430563869121,0.7062544259882015,-0.005113974452687269,,,3000,600
I9_Hybrid_Delay_Plus_Latent_State,1952,C0_M1_PARENT,1,0.15011282025502173,135.13966666666667,136.0,148.0,204.0,204.0,204.0,99.665,35.474666666666664,7.870666666666667,1.804,7.404,5.6,20.2,26.852666666666668,371.2386666666667,1,3,0,2,0.9766666666666667,0.8458333333333333,0.825,103,0,1,0.3720351226189888,0.1796793473610157,0.34531902401741854,0.15296324875944547,,,6000,600
I9_Hybrid_Delay_Plus_Latent_State,1952,C2_K2,2,0.18245451091138193,111.43466666666667,102.0,136.60000000000218,196.0,204.0,204.0,84.96,26.474666666666668,7.870666666666667,1.804,7.404,5.6,11.2,27.352666666666668,338.47866666666664,1,7,0,6,0.5441666666666667,0.8458333333333333,0.395,103,0,1,0.36373934601173696,0.0924229872557206,0.3311065893629604,0.05979023060694387,,,3000,600
I10_Redundant_Temporal_Structure,1952,C0_M1_PARENT,1,0.3289623325511509,135.05633333333333,132.0,148.0,204.0,204.0,204.0,99.52333333333333,35.533,7.874666666666666,1.8583333333333334,7.458333333333333,5.6,20.2,26.262,371.94233333333335,1,1,0,0,0.9975,0.7608333333333334,0.7608333333333334,105,0,1,0.8906983092809992,0.790711337472183,0.10450191626784655,0.004514944459030817,,,6000,600
I10_Redundant_Temporal_Structure,1952,C2_K2,2,0.3294089611031475,125.97133333333333,126.0,136.60000000000218,204.0,204.0,204.0,99.43833333333333,26.533,7.874666666666666,1.8583333333333334,7.458333333333333,5.6,11.2,26.762,359.82233333333335,1,1,0,0,0.995,0.7608333333333334,0.7608333333333334,105,0,1,0.8906982667731569,0.31439728634492964,0.7051781878258027,0.12887720739757486,,,3000,600
I11_Regime_Switch_Delay_To_Latent,1952,C0_M1_PARENT,1,0.26733331264500015,110.432,110.0,140.20000000000073,162.0,196.0,196.0,74.575,35.857,7.908,2.149,7.749,5.6,20.2,20.826666666666668,344.73633333333333,0,3,0,2,0.4875,0.0,0.0,98,0,0,0.048759050063538215,0.30627061208327894,-0.14453511055368642,0.11297645146605416,473.0,,6000,600
I11_Regime_Switch_Delay_To_Latent,1952,C2_K2,2,0.2810967194536831,98.499,92.0,136.60000000000218,162.0,204.0,204.0,71.705,26.794,7.903333333333333,2.0906666666666665,7.690666666666666,5.6,11.2,22.332333333333334,327.20033333333333,2,3,1,2,0.3616666666666667,0.14083333333333334,0.14083333333333334,103,0,2,0.04152217664200184,0.15522200175032763,0.019603930350048822,0.13330375545837445,527.0,,3000,600
I12_Regime_Switch_Latent_To_Delay,1952,C0_M1_PARENT,1,0.17873334094641746,114.63766666666666,110.0,140.20000000000073,190.0,196.0,196.0,78.95,35.687666666666665,7.892,1.9956666666666667,7.595666666666666,5.6,20.2,22.904,347.779,1,1,0,1,0.5291666666666667,0.29583333333333334,0.0,96,0,1,0.504171662961134,-0.008466669754076074,0.509647077489468,-0.0029912552257418284,1303.0,,6000,600
I12_Regime_Switch_Latent_To_Delay,1952,C2_K2,2,0.17936059650853642,108.18766666666667,102.0,127.60000000000582,192.0,196.0,196.0,81.5,26.687666666666665,7.892,1.9956666666666667,7.595666666666666,5.6,11.2,23.404,339.379,1,1,0,1,0.6041666666666666,0.29583333333333334,0.0,96,0,1,0.504171662961134,-0.0030406021482691247,0.5060388153491436,-0.0011734497602595762,1303.0,,3000,600
I13_Regime_Switch_Hybrid_To_Memoryless,1952,C0_M1_PARENT,1,0.16247407162565225,115.89933333333333,114.0,148.0,176.40000000000146,204.0,204.0,80.33,35.56933333333333,7.896,1.8733333333333333,7.473333333333333,5.6,20.2,24.410666666666668,347.49133333333333,2,3,2,3,0.5075,0.5075,0.35583333333333333,106,0,2,-0.055472677641138696,-0.006878833548924122,-0.05322176611968738,-0.004627922027472787,118.0,,6000,600
I13_Regime_Switch_Hybrid_To_Memoryless,1952,C2_K2,2,0.1809538655716147,99.99033333333334,92.0,136.60000000000218,170.0,204.0,204.0,73.42,26.570333333333334,7.896,1.8743333333333334,7.474333333333333,5.6,11.2,24.892666666666667,325.76233333333334,2,4,2,4,0.305,0.505,0.15583333333333332,106,0,2,-0.055463155100499574,-0.004992797521867219,-0.055302346349357254,-0.004831988770724882,104.0,,3000,600
I14_Intermittent_Hybrid,1952,C0_M1_PARENT,1,0.1734369954265405,121.01333333333334,120.0,148.0,196.0,204.0,204.0,85.52666666666667,35.486666666666665,7.875333333333334,1.8113333333333332,7.411333333333333,5.6,20.2,26.333,352.0176666666667,3,3,3,3,0.5816666666666667,0.775,0.4041666666666667,105,0,3,-0.056464985418974024,-0.03250665430734995,-0.05488468714048531,-0.030926356028861235,573.0,,6000,600
I14_Intermittent_Hybrid,1952,C2_K2,2,0.17710543866929823,111.39,102.0,136.60000000000218,196.0,204.0,204.0,84.91166666666666,26.47833333333333,7.875333333333334,1.803,7.403,5.6,11.2,26.833666666666666,339.138,3,2,3,2,0.5633333333333334,0.7758333333333334,0.40166666666666667,105,0,3,-0.05046939771111613,-0.01915970256270205,-0.048482701809660037,-0.017173006661245924,565.0,,3000,600
I1_Memoryless_Linear,1953,C0_M1_PARENT,1,0.12384271731309594,92.73266666666666,92.0,116.80000000001019,150.0,158.0,162.0,58.325,34.407666666666664,7.976666666666667,0.631,6.231,5.6,20.2,19.905666666666665,320.8586666666667,1,0,1,0,0.0,0.0325,0.0,26,0,1,-0.018814157357430084,3.3435985551357546e-05,-0.01888518664986545,-3.759330688402578e-05,,,6000,600
I1_Memoryless_Linear,1953,C2_K2,2,0.12395398684347796,85.26266666666666,92.0,127.60000000000582,150.0,162.0,184.0,59.855,25.407666666666668,7.976666666666667,0.631,6.231,5.6,11.2,20.405666666666665,311.01866666666666,1,1,1,1,0.045,0.0325,0.0,26,0,1,-0.018814157357430084,0.00024582368538437815,-0.019049174433900005,1.080660891445627e-05,,,3000,600
I2_Static_Nonlinear_Negative_Control,1953,C0_M1_PARENT,1,0.9923706842110391,95.08866666666667,92.0,116.80000000001019,162.0,170.0,170.0,59.266666666666666,35.822,7.906666666666666,2.1153333333333335,7.715333333333334,5.6,20.2,21.748,321.7973333333333,4,0,3,0,0.0,0.12666666666666668,0.0,106,0,4,0.005795476628082144,-0.0005595933787503124,0.005951916603368046,-0.0004031534034644284,,,6000,600
I2_Static_Nonlinear_Negative_Control,1953,C2_K2,2,0.9937640495196061,87.61866666666667,92.0,127.60000000000582,162.0,170.0,196.0,60.79666666666667,26.822,7.906666666666666,2.1153333333333335,7.715333333333334,5.6,11.2,22.248,311.95733333333334,4,1,3,1,0.045,0.12666666666666668,0.0,106,0,4,0.005795476628082144,-0.0002449420296656062,0.005828165574492452,-0.00021225308325531638,,,3000,600
I3_Single_Exact_Delay,1953,C0_M1_PARENT,1,0.3476672830617205,97.25433333333334,92.0,116.80000000001019,162.0,170.0,170.0,61.55,35.70433333333333,7.895333333333333,2.009,7.609,5.6,20.2,23.365,322.6086666666667,3,0,2,0,0.0,0.355,0.0,108,0,3,0.680681417696935,-8.616487476202574e-05,0.6807218727295149,-4.5709842182343936e-05,,,6000,600
I3_Single_Exact_Delay,1953,C2_K2,2,0.3476051224012342,90.521,92.0,127.60000000000582,162.0,170.0,196.0,63.81666666666667,26.704333333333334,7.895333333333333,2.009,7.609,5.6,11.2,23.865,313.8086666666667,3,2,2,2,0.06666666666666667,0.355,0.0,108,0,3,0.680681417696935,-2.6755713608010056e-05,0.6807597066437746,5.1533233231302316e-05,,,3000,600
I4_Multi_Sparse_Delay,1953,C0_M1_PARENT,1,0.6050593560041447,108.36533333333334,102.0,148.0,162.0,204.0,204.0,72.63333333333334,35.732,7.889333333333333,2.042666666666667,7.642666666666667,5.6,20.2,23.403333333333332,338.22933333333333,7,11,6,11,0.325,0.35833333333333334,0.17833333333333334,104,0,7,0.3693602432101128,-0.0070957271863267765,0.3792870476117904,0.002831077215351009,,,6000,600
I4_Multi_Sparse_Delay,1953,C2_K2,2,0.6177807962747153,87.86566666666667,92.0,106.00000000001455,162.0,170.0,170.0,61.11666666666667,26.749,7.894666666666667,2.054333333333333,7.654333333333333,5.6,11.2,23.570666666666668,310.46166666666664,7,0,6,0,0.0,0.31166666666666665,0.0,105,0,7,0.507245941339711,8.91224710091945e-05,0.5077815341127366,0.0006247152440347541,,,3000,600
I5_Moving_Delay_Support,1953,C0_M1_PARENT,1,0.44464790555327066,94.74933333333334,92.0,116.80000000001019,162.0,162.0,170.0,58.916666666666664,35.83266666666667,7.9093333333333335,2.1233333333333335,7.723333333333333,5.6,20.2,21.496,321.67066666666665,8,0,8,0,0.0,0.09166666666666666,0.0,107,0,8,-0.04323203943302088,-0.0004261133971471217,-0.043471794852972694,-0.0006658688170989303,,,6000,600
I5_Moving_Delay_Support,1953,C2_K2,2,0.44481363061517026,87.30766666666666,92.0,127.60000000000582,162.0,170.0,196.0,60.475,26.832666666666668,7.9093333333333335,2.1233333333333335,7.723333333333333,5.6,11.2,21.996,311.8706666666667,8,1,8,1,0.04583333333333333,0.09166666666666666,0.0,107,0,8,-0.04323203943302088,-0.0005739819348346113,-0.043799973967061055,-0.0011419164688747842,,,3000,600
I6_Continuous_Latent_State,1953,C0_M1_PARENT,1,0.14539675376458222,127.117,126.0,140.20000000000073,196.0,196.0,196.0,91.26333333333334,35.85366666666667,7.906666666666666,2.147,7.747,5.6,20.2,20.823333333333334,368.295,0,1,0,0,0.9783333333333334,0.0,0.0,91,0,0,-0.11126862696263325,0.31843765252037387,-0.08328308652458268,0.34642319295842455,,,6000,600
I6_Continuous_Latent_State,1953,C2_K2,2,0.14323303006689764,118.68366666666667,122.0,127.60000000000582,196.0,196.0,196.0,91.83,26.853666666666665,7.906666666666666,2.147,7.747,5.6,11.2,21.323333333333334,357.095,0,1,0,0,0.995,0.0,0.0,91,0,0,-0.11126862696263325,0.15734291586221932,-0.08002479207958493,0.1885867507452676,,,3000,600
I7_Quiescent_Continuous_State,1953,C0_M1_PARENT,1,0.1605621112708939,119.46233333333333,110.0,140.20000000000073,196.0,196.0,196.0,83.84,35.62233333333333,7.915333333333334,1.907,7.507,5.6,20.2,20.660333333333334,357.73133333333334,0,2,0,1,0.76,0.0,0.0,88,0,0,-0.1712743379777522,0.30229628483706156,-0.06408633777547086,0.4094842850393432,,144.0,6000,600
I7_Quiescent_Continuous_State,1953,C2_K2,2,0.1788856971315205,107.57233333333333,92.0,127.60000000000582,196.0,196.0,196.0,80.95,26.622333333333334,7.915333333333334,1.907,7.507,5.6,11.2,21.160333333333334,341.65133333333335,0,2,0,1,0.675,0.0,0.0,88,0,0,-0.1712743379777522,0.15825843878360846,-0.10016535081162942,0.22936742594973136,,144.0,3000,600
I8_Quiescent_Discrete_Delay,1953,C0_M1_PARENT,1,0.4552935270567684,94.13133333333333,92.0,116.80000000001019,162.0,162.0,170.0,58.458333333333336,35.673,7.911333333333333,1.9616666666666667,7.5616666666666665,5.6,20.2,21.042333333333332,321.4433333333333,2,0,2,0,0.0,0.04583333333333333,0.0,95,0,2,-0.22209624264368674,-0.0019600810409801652,-0.22283314942942944,-0.0026969878267228795,,,6000,600
I8_Quiescent_Discrete_Delay,1953,C2_K2,2,0.4551978981314059,87.398,92.0,127.60000000000582,162.0,170.0,196.0,60.725,26.673,7.911333333333333,1.9616666666666667,7.5616666666666665,5.6,11.2,21.542333333333332,312.6433333333333,2,2,2,2,0.06666666666666667,0.04583333333333333,0.0,95,0,2,-0.22209624264368674,-0.001233011965218169,-0.2222014677258013,-0.0013382370473327024,,,3000,600
I9_Hybrid_Delay_Plus_Latent_State,1953,C0_M1_PARENT,1,0.3295599596959416,119.76466666666667,110.0,148.0,196.0,196.0,204.0,83.89166666666667,35.873,7.9093333333333335,2.163666666666667,7.7636666666666665,5.6,20.2,20.919333333333334,357.7823333333333,1,10,1,9,0.7583333333333333,0.010833333333333334,0.010833333333333334,99,0,1,-0.10167630768585424,0.07606322637494659,-0.08102133446556417,0.09671819959523667,,,6000,600
I9_Hybrid_Delay_Plus_Latent_State,1953,C2_K2,2,0.31982396992628087,117.28133333333334,122.0,136.60000000000218,196.0,196.0,204.0,90.40833333333333,26.873,7.9093333333333335,2.163666666666667,7.7636666666666665,5.6,11.2,21.419333333333334,354.9823333333333,1,4,1,3,0.95,0.010833333333333334,0.010833333333333334,99,0,1,-0.10167630777496389,0.11262002326816511,-0.0976486441266697,0.11664768691645935,,,3000,600
I10_Redundant_Temporal_Structure,1953,C0_M1_PARENT,1,0.3806735679326406,132.64666666666668,126.0,148.0,204.0,204.0,204.0,97.04333333333334,35.60333333333333,7.876666666666667,1.9266666666666667,7.526666666666666,5.6,20.2,25.285666666666668,369.89366666666666,1,1,0,0,0.965,0.6233333333333333,0.6233333333333333,100,0,1,0.5361451377069522,0.36802083633168026,0.16941935047727935,0.0012950491020074124,,,6000,600
I10_Redundant_Temporal_Structure,1953,C2_K2,2,0.3730633634227448,124.739,126.0,136.60000000000218,204.0,204.0,204.0,98.13833333333334,26.600666666666665,7.878,1.9226666666666667,7.522666666666666,5.6,11.2,25.841,359.361,1,1,0,0,0.995,0.6308333333333334,0.6308333333333334,102,0,1,0.5361467321011156,0.16194955246172585,0.3831335060899412,0.008936326450551486,,,3000,600
I11_Regime_Switch_Delay_To_Latent,1953,C0_M1_PARENT,1,0.16403615662920898,111.46233333333333,102.0,148.0,170.0,196.0,204.0,75.88666666666667,35.57566666666666,7.878666666666667,1.897,7.497,5.6,20.2,25.486666666666668,339.71366666666665,3,2,3,1,0.33416666666666667,0.6525,0.03166666666666667,101,0,3,-0.08247161553808863,0.20361083826486434,-0.07742686020555345,0.2086555935973996,1407.0,,6000,600
I11_Regime_Switch_Delay_To_Latent,1953,C2_K2,2,0.17615204978063975,99.17566666666667,96.0,136.60000000000218,170.0,196.0,204.0,72.6,26.575666666666667,7.878666666666667,1.897,7.497,5.6,11.2,25.986666666666668,323.07366666666667,3,2,3,1,0.2375,0.6525,0.018333333333333333,101,0,3,-0.08247750725746915,0.11174065025215149,-0.06366025854961768,0.13055789896000283,1477.0,,3000,600
I12_Regime_Switch_Latent_To_Delay,1953,C0_M1_PARENT,1,0.2777659485634503,111.74266666666666,110.0,140.20000000000073,190.0,196.0,196.0,75.90666666666667,35.836,7.91,2.126,7.725999999999999,5.6,20.2,20.814333333333334,346.60966666666667,0,2,0,2,0.5266666666666666,0.0,0.0,100,0,0,-0.10828488043063547,-0.0042857149450528185,-0.10869680756607426,-0.004697642080491588,3000.0,,6000,600
I12_Regime_Switch_Latent_To_Delay,1953,C2_K2,2,0.2749615481311403,104.32933333333334,92.0,127.60000000000582,190.0,196.0,196.0,77.49333333333334,26.836,7.91,2.126,7.725999999999999,5.6,11.2,21.314333333333334,336.8496666666667,0,1,0,1,0.5733333333333334,0.0,0.0,100,0,0,-0.10828488043063547,-0.008061720286549945,-0.10730163107758164,-0.0070784709334960755,3000.0,,3000,600
I13_Regime_Switch_Hybrid_To_Memoryless,1953,C0_M1_PARENT,1,0.2657221158049785,105.49066666666667,92.0,142.0,162.0,196.0,204.0,69.83833333333334,35.65233333333333,7.9206666666666665,1.9316666666666666,7.531666666666666,5.6,20.2,20.745666666666665,337.85266666666666,1,8,1,8,0.345,0.010833333333333334,0.010833333333333334,90,0,1,-0.005417591750776574,-0.0013363774450794287,-0.005823104595081323,-0.0017418902893841697,127.0,,6000,600
I13_Regime_Switch_Hybrid_To_Memoryless,1953,C2_K2,2,0.25691200815506265,101.704,92.0,136.60000000000218,162.0,196.0,204.0,75.05166666666666,26.652333333333335,7.9206666666666665,1.9316666666666666,7.531666666666666,5.6,11.2,21.245666666666665,333.2126666666667,1,4,1,4,0.49833333333333335,0.010833333333333334,0.010833333333333334,90,0,1,-0.005417591839886247,-0.0002870390670479371,-0.0056054101318079586,-0.0004748573589696491,127.0,,3000,600
I14_Intermittent_Hybrid,1953,C0_M1_PARENT,1,0.24728199162277478,115.69833333333334,110.0,148.0,196.0,204.0,204.0,79.98833333333333,35.71,7.896,2.014,7.613999999999999,5.6,20.2,23.089333333333332,349.03066666666666,2,2,2,2,0.5533333333333333,0.3175,0.19166666666666668,103,0,2,-0.04046312933326137,-0.015679017873486082,-0.04631934761861111,-0.021535236158835798,1332.0,,6000,600
I14_Intermittent_Hybrid,1953,C2_K2,2,0.25996306013622683,104.90366666666667,92.0,136.60000000000218,192.20000000000073,196.0,204.0,78.06833333333333,26.835333333333335,7.9093333333333335,2.126,7.725999999999999,5.6,11.2,21.425333333333334,337.50533333333334,1,2,1,2,0.5858333333333333,0.015,0.015,100,0,1,-0.037164038930064466,-0.0026931358495310225,-0.042578904477590704,-0.008108001397057253,1602.0,,3000,600
I1_Memoryless_Linear,1954,C0_M1_PARENT,1,0.12838209234311176,92.143,92.0,109.6000000000131,142.0,150.0,156.0,58.0,34.143,7.989333333333334,0.3536666666666667,5.953666666666666,5.6,20.2,19.407333333333334,320.60633333333334,0,0,0,0,0.0,0.0,0.0,14,0,0,-0.04249391287615034,0.00011154331310412901,-0.04294861725115301,-0.0003431610618985305,,,6000,600
I1_Memoryless_Linear,1954,C2_K2,2,0.12838209234311176,83.143,88.0,97.00000000001819,142.0,150.0,156.0,58.0,25.143,7.989333333333334,0.3536666666666667,5.953666666666666,5.6,11.2,19.907333333333334,308.60633333333334,0,0,0,0,0.0,0.0,0.0,14,0,0,-0.04249391287615034,0.0003447378842248392,-0.041987342445535016,0.0008513083148401749,,,3000,600
I2_Static_Nonlinear_Negative_Control,1954,C0_M1_PARENT,1,1.0383375736057345,94.571,92.0,116.80000000001019,162.0,162.0,170.0,58.74166666666667,35.82933333333333,7.9093333333333335,2.12,7.72,5.6,20.2,21.36,321.60266666666666,3,0,3,0,0.0,0.07416666666666667,0.0,105,0,3,-0.10573594682293438,-7.177972972358698e-08,-0.10573594441548825,-6.937228361321092e-08,,,6000,600
I2_Static_Nonlinear_Negative_Control,1954,C2_K2,2,1.0383375736057345,85.571,88.0,106.00000000001455,162.0,162.0,170.0,58.74166666666667,26.829333333333334,7.9093333333333335,2.12,7.72,5.6,11.2,21.86,309.60266666666666,3,0,3,0,0.0,0.07416666666666667,0.0,105,0,3,-0.10573594682293438,-3.598568610297632e-06,-0.10573718343433963,-4.835180015480285e-06,,,3000,600
I3_Single_Exact_Delay,1954,C0_M1_PARENT,1,0.21322865352101372,100.762,92.0,116.80000000001019,170.0,170.0,170.0,65.225,35.537,7.875333333333334,1.8616666666666666,7.461666666666666,5.6,20.2,25.979,323.92066666666665,2,0,1,0,0.0,0.7225,0.0,104,0,2,0.7718017215002693,-0.0003191355184353429,0.771893223515697,-0.00022763350300700745,,,6000,600
I3_Single_Exact_Delay,1954,C2_K2,2,0.21322865352101372,91.762,92.0,106.00000000001455,170.0,170.0,170.0,65.225,26.537,7.875333333333334,1.8616666666666666,7.461666666666666,5.6,11.2,26.479,311.92066666666665,2,0,1,0,0.0,0.7225,0.0,104,0,2,0.7718017215002693,-0.016869651753691175,0.7836752943993877,-0.004996078854572926,,,3000,600
I4_Multi_Sparse_Delay,1954,C0_M1_PARENT,1,0.44094868988937164,114.00166666666667,102.0,148.0,170.0,204.0,204.0,78.555,35.446666666666665,7.8533333333333335,1.7933333333333332,7.393333333333333,5.6,20.2,27.625333333333334,340.3093333333333,2,11,1,10,0.32416666666666666,0.9533333333333334,0.3,91,0,2,0.4034329997417379,0.031663212956141405,0.29956094733717403,-0.0722088394484223,,,6000,600
I4_Multi_Sparse_Delay,1954,C2_K2,2,0.44454901630665417,94.957,96.0,136.60000000000218,170.0,170.0,204.0,68.51333333333334,26.443666666666665,7.856,1.7876666666666667,7.387666666666666,5.6,11.2,28.138,314.115,2,1,1,1,0.028333333333333332,0.955,0.015833333333333335,94,0,2,0.3993850512173541,0.01428279754450057,0.3915488252891848,0.006446571616331284,,,3000,600
I5_Moving_Delay_Support,1954,C0_M1_PARENT,1,0.4416188139141285,95.57266666666666,92.0,140.20000000000073,162.0,162.0,196.0,59.708333333333336,35.864333333333335,7.9093333333333335,2.155,7.754999999999999,5.6,20.2,20.94333333333333,323.59433333333334,2,2,2,2,0.04583333333333333,0.015,0.0,101,0,2,-0.20880284386513284,-0.0032084912802099116,-0.2093873288217273,-0.0037929762368043222,,,6000,600
I5_Moving_Delay_Support,1954,C2_K2,2,0.44150944328510294,85.01433333333334,88.0,106.00000000001455,162.0,162.0,170.0,58.15,26.864333333333335,7.9093333333333335,2.155,7.754999999999999,5.6,11.2,21.44333333333333,309.39433333333335,2,0,2,0,0.0,0.015,0.0,101,0,2,-0.20880284386513284,-0.0013124595833576486,-0.2092674260126283,-0.0017770417308530914,,,3000,600
I6_Continuous_Latent_State,1954,C0_M1_PARENT,1,0.14168748323262653,127.89266666666667,126.0,148.0,196.0,196.0,204.0,92.09166666666667,35.801,7.908666666666667,2.0923333333333334,7.692333333333333,5.6,20.2,21.066333333333333,369.056,1,1,1,0,0.9916666666666667,0.0375,0.0375,97,0,1,-0.06211351654663309,0.34173253670657217,-0.053399010552494984,0.35044704270071053,,,6000,600
I6_Continuous_Latent_State,1954,C2_K2,2,0.14393289650464533,118.52633333333333,122.0,136.60000000000218,196.0,196.0,204.0,91.725,26.801333333333332,7.914,2.0873333333333335,7.687333333333333,5.6,11.2,21.720333333333333,356.33166666666665,2,1,2,0,0.975,0.0575,0.0575,102,0,2,-0.03729593516048297,0.18969923937877087,-0.07192972425511417,0.15506545028413968,,,3000,600
I7_Quiescent_Continuous_State,1954,C0_M1_PARENT,1,0.15032667417803514,120.54233333333333,120.0,142.0,196.0,196.0,204.0,85.00833333333334,35.534,7.9206666666666665,1.8133333333333332,7.413333333333333,5.6,20.2,20.869,358.95433333333335,1,2,1,1,0.7833333333333333,0.0375,0.0375,86,0,1,-0.0899741618061098,0.32391218272493166,-0.14713918492165196,0.26674715960938944,,68.0,6000,600
I7_Quiescent_Continuous_State,1954,C2_K2,2,0.15443036484381625,110.592,92.0,136.60000000000218,196.0,196.0,204.0,84.075,26.517,7.922,1.795,7.395,5.6,11.2,21.507666666666665,345.42333333333335,2,2,2,1,0.75,0.0575,0.0575,88,0,2,-0.08997416167015858,0.1831315357562993,-0.09651700045184752,0.1765886969746104,,68.0,3000,600
I8_Quiescent_Discrete_Delay,1954,C0_M1_PARENT,1,0.26393535129104073,99.35066666666667,92.0,116.80000000001019,164.0,170.0,170.0,63.86666666666667,35.484,7.88,1.804,7.404,5.6,20.2,24.928,323.394,3,0,2,0,0.0,0.5866666666666667,0.0,97,0,3,0.7647234937343496,-0.001425444491055462,0.7650837774196779,-0.0010651608057268194,,,6000,600
I8_Quiescent_Discrete_Delay,1954,C2_K2,2,0.26393535129104073,90.35066666666667,92.0,106.00000000001455,164.0,170.0,170.0,63.86666666666667,26.484,7.88,1.804,7.404,5.6,11.2,25.428,311.394,3,0,2,0,0.0,0.5866666666666667,0.0,97,0,3,0.7647234937343496,-0.02550537763403681,0.7815502211669384,-0.008678650201447957,,,3000,600
I9_Hybrid_Delay_Plus_Latent_State,1954,C0_M1_PARENT,1,0.3160585123663226,121.96466666666667,122.0,148.0,196.0,196.0,204.0,86.12666666666667,35.838,7.908666666666667,2.1293333333333333,7.729333333333333,5.6,20.2,21.123,360.60433333333333,2,12,1,11,0.815,0.041666666666666664,0.041666666666666664,103,0,2,0.23067909436787015,0.03771018180497432,0.24780426618855653,0.05483535362566058,,,6000,600
I9_Hybrid_Delay_Plus_Latent_State,1954,C2_K2,2,0.3030028585960094,106.45933333333333,92.0,136.60000000000218,196.0,204.0,204.0,79.66666666666667,26.792666666666666,7.906666666666666,2.086,7.686,5.6,11.2,22.437333333333335,338.292,2,9,1,9,0.5916666666666667,0.155,0.12416666666666666,108,0,2,0.45135247697941305,0.020535010384208924,0.5086757345978269,0.07785826800262245,,,3000,600
I10_Redundant_Temporal_Structure,1954,C0_M1_PARENT,1,0.4178734842435479,129.10233333333332,126.0,148.0,196.0,204.0,204.0,93.29166666666667,35.81066666666667,7.902666666666667,2.108,7.708,5.6,20.2,21.964666666666666,369.50666666666666,3,1,2,0,0.9916666666666667,0.1575,0.1575,104,0,3,0.5428959249933978,0.5032383273604313,-0.0002568560485314286,-0.03991445368149753,,,6000,600
I10_Redundant_Temporal_Structure,1954,C2_K2,2,0.33821935267588976,126.731,130.0,136.60000000000218,204.0,204.0,204.0,100.26666666666667,26.464333333333332,7.862,1.8023333333333333,7.402333333333333,5.6,11.2,27.831,359.4,2,1,1,0,0.975,0.9116666666666666,0.9116666666666666,102,0,2,0.5602387226676013,0.2817494228545347,0.39571201518777716,0.11722271537471086,,,3000,600
I11_Regime_Switch_Delay_To_Latent,1954,C0_M1_PARENT,1,0.2798281092670101,107.61733333333333,106.0,142.0,162.0,196.0,198.0,71.78333333333333,35.834,7.9126666666666665,2.1213333333333333,7.721333333333333,5.6,20.2,20.950333333333333,340.597,1,2,1,1,0.4,0.018333333333333333,0.0025,104,0,1,-0.07325243221738212,0.23916128246928228,-0.09396746842584826,0.21844624626081635,906.0,,6000,600
I11_Regime_Switch_Delay_To_Latent,1954,C2_K2,2,0.2916529406213067,95.27933333333333,92.0,136.60000000000218,162.0,204.0,204.0,68.53,26.749333333333333,7.904,2.0453333333333332,7.645333333333333,5.6,11.2,22.786666666666665,322.02733333333333,2,3,1,2,0.24916666666666668,0.20583333333333334,0.20166666666666666,105,0,2,0.03941133142768024,0.13837820756045774,0.020211354201523594,0.11917823033430117,1025.0,,3000,600
I12_Regime_Switch_Latent_To_Delay,1954,C0_M1_PARENT,1,0.25350479701436257,113.21233333333333,110.0,140.20000000000073,190.0,196.0,196.0,77.43,35.782333333333334,7.905333333333333,2.077,7.677,5.6,20.2,21.232,348.0996666666667,2,2,1,2,0.5533333333333333,0.06166666666666667,0.0008333333333333334,99,0,2,0.421026006465241,-0.005744003088822685,0.4218133941654919,-0.004956615388571796,2727.0,,6000,600
I12_Regime_Switch_Latent_To_Delay,1954,C2_K2,2,0.25485972824313335,103.53233333333333,92.0,136.60000000000218,190.0,196.0,196.0,76.75,26.782333333333334,7.905333333333333,2.077,7.677,5.6,11.2,21.732,335.13966666666664,2,1,1,1,0.5333333333333333,0.06166666666666667,0.0008333333333333334,99,0,2,0.4210260064647723,0.00017670617738190582,0.4204808146002035,-0.0003684856871867808,2727.0,,3000,600
I13_Regime_Switch_Hybrid_To_Memoryless,1954,C0_M1_PARENT,1,0.2597043673197017,106.82666666666667,106.0,140.20000000000073,162.0,196.0,204.0,71.18333333333334,35.64333333333333,7.923333333333333,1.92,7.52,5.6,20.2,20.699666666666666,339.869,1,6,1,6,0.3875,0.0008333333333333334,0.0008333333333333334,91,0,1,-0.05706825966663566,-0.0011822254938172923,-0.05709466485625277,-0.0012086306834343781,124.0,,6000,600
I13_Regime_Switch_Hybrid_To_Memoryless,1954,C2_K2,2,0.2611985345130503,97.538,92.0,127.60000000000582,162.0,196.0,196.0,70.815,26.723,7.922666666666666,2.0003333333333333,7.600333333333333,5.6,11.2,21.252666666666666,327.3756666666667,1,6,1,6,0.37666666666666665,0.0008333333333333334,0.0,99,0,1,-0.03801870221087212,-0.0009661840056244569,-0.038555454642017956,-0.0015029364367702307,120.0,,3000,600
I14_Intermittent_Hybrid,1954,C0_M1_PARENT,1,0.20213097398160557,113.70166666666667,110.0,148.0,170.0,196.0,204.0,77.995,35.70666666666666,7.902,2.0046666666666666,7.604666666666667,5.6,20.2,23.146333333333335,346.1376666666667,2,1,2,1,0.4925,0.325,0.09916666666666667,105,0,2,-0.055876294658665886,-0.0076728168295045985,-0.057218829870468696,-0.009015352041307378,1590.0,,6000,600
I14_Intermittent_Hybrid,1954,C2_K2,2,0.2194245324188669,98.70733333333334,92.0,136.60000000000218,170.0,196.0,204.0,72.02166666666666,26.685666666666666,7.899333333333334,1.9863333333333333,7.586333333333333,5.6,11.2,23.972333333333335,325.22133333333335,2,2,2,2,0.30333333333333334,0.37083333333333335,0.006666666666666667,105,0,2,-0.05562975698632768,-0.0011693357712504887,-0.056686359383972686,-0.00222593816889552,1580.0,,3000,600
I1_Memoryless_Linear,1955,C0_M1_PARENT,1,0.13201247135026542,93.58133333333333,92.0,140.20000000000073,150.0,156.0,184.0,58.708333333333336,34.873,7.963333333333333,1.1096666666666666,6.709666666666666,5.6,20.2,20.156333333333333,321.9873333333333,0,1,0,1,0.020833333333333332,0.0,0.0,44,0,0,-0.04913314920982457,-0.0009401811830620806,-0.048749449654335725,-0.0005564816275732608,,,6000,600
I1_Memoryless_Linear,1955,C2_K2,2,0.13197724972406263,85.20466666666667,92.0,127.60000000000582,150.0,156.0,184.0,59.33166666666666,25.873,7.963333333333333,1.1096666666666666,6.709666666666666,5.6,11.2,20.656333333333333,310.8673333333333,0,1,0,1,0.03916666666666667,0.0,0.0,44,0,0,-0.04913314920982457,-0.0010638897515235703,-0.04880040740264897,-0.0007311479443479708,,,3000,600
I2_Static_Nonlinear_Negative_Control,1955,C0_M1_PARENT,1,1.0075189988785376,94.494,92.0,140.20000000000073,162.0,162.0,196.0,58.635,35.859,7.9126666666666665,2.146333333333333,7.746333333333332,5.6,20.2,21.136333333333333,321.81,1,1,1,1,0.006666666666666667,0.04083333333333333,0.0,107,0,1,-0.13209466188089108,-3.850148739975055e-06,-0.1320948597042356,-4.04797208442169e-06,,,6000,600
I2_Static_Nonlinear_Negative_Control,1955,C2_K2,2,1.0071501533958778,86.83266666666667,92.0,136.60000000000218,162.0,162.0,204.0,59.975,26.857666666666667,7.9126666666666665,2.145,7.744999999999999,5.6,11.2,21.641666666666666,311.69266666666664,1,2,1,2,0.04583333333333333,0.041666666666666664,0.035,107,0,1,-0.13209466188115687,1.3681687713863523e-05,-0.13209707901879075,1.126455008002351e-05,,,3000,600
I3_Single_Exact_Delay,1955,C0_M1_PARENT,1,0.1478299798777649,104.656,102.0,140.20000000000073,170.0,170.0,196.0,69.22333333333333,35.43266666666667,7.867333333333334,1.7653333333333334,7.365333333333333,5.6,20.2,27.366333333333333,327.4963333333333,1,1,0,1,0.06,0.9183333333333333,0.0,104,0,1,0.8227288587863612,-0.00023166992946884623,0.822688830488253,-0.0002716982275770161,,,6000,600
I3_Single_Exact_Delay,1955,C2_K2,2,0.14790989278717798,94.94766666666666,96.0,127.60000000000582,170.0,170.0,196.0,68.515,26.432666666666666,7.867333333333334,1.7653333333333334,7.365333333333333,5.6,11.2,27.866333333333333,314.4963333333333,1,1,0,1,0.03916666666666667,0.9183333333333333,0.0,104,0,1,0.8227288587863612,0.00010388353189027824,0.8213563936230903,-0.0012685816313807285,,,3000,600
I4_Multi_Sparse_Delay,1955,C0_M1_PARENT,1,0.5458024415447681,101.42033333333333,92.0,148.0,170.0,170.0,204.0,65.80333333333333,35.617,7.878666666666667,1.9383333333333332,7.538333333333333,5.6,20.2,24.857333333333333,326.399,4,4,3,4,0.06333333333333334,0.565,0.043333333333333335,101,0,4,0.4896184659102253,0.0034589318229718284,0.44131113728189636,-0.04484839680535702,,,6000,600
I4_Multi_Sparse_Delay,1955,C2_K2,2,0.5276725389513647,91.963,92.0,136.60000000000218,170.0,170.0,204.0,65.38666666666667,26.576333333333334,7.8773333333333335,1.899,7.499,5.6,11.2,25.97,312.90566666666666,5,1,4,1,0.025833333333333333,0.6508333333333334,0.025833333333333333,103,0,5,0.4967444210962728,-9.639960634453347e-05,0.4964926861127953,-0.0003481345898222878,,,3000,600
I5_Moving_Delay_Support,1955,C0_M1_PARENT,1,0.4051781180132836,98.37433333333334,92.0,140.20000000000073,162.0,170.0,196.0,62.68333333333333,35.691,7.8933333333333335,1.9976666666666667,7.597666666666666,5.6,20.2,23.566,323.9096666666667,5,1,4,1,0.025,0.38333333333333336,0.0,106,0,5,0.025802412228468918,0.00011093962121990432,0.025798566570367016,0.0001070939631180125,,,6000,600
I5_Moving_Delay_Support,1955,C2_K2,2,0.40436672029056436,90.08266666666667,92.0,127.60000000000582,162.0,170.0,196.0,63.391666666666666,26.691,7.8933333333333335,1.9976666666666667,7.597666666666666,5.6,11.2,24.066,312.9096666666667,5,1,4,1,0.04583333333333333,0.38333333333333336,0.0,106,0,5,0.025802412228468918,-8.218871832630418e-05,0.025801124728720874,-8.347621807433333e-05,,,3000,600
I6_Continuous_Latent_State,1955,C0_M1_PARENT,1,0.15063830632477232,127.64133333333334,126.0,140.20000000000073,196.0,196.0,196.0,91.83,35.81133333333333,7.911333333333333,2.1,7.699999999999999,5.6,20.2,20.797666666666668,369.081,0,1,0,0,0.995,0.0,0.0,97,0,0,-0.11609747820241842,0.45593851627750304,-0.08638531154898987,0.4856506829309316,,,6000,600
I6_Continuous_Latent_State,1955,C2_K2,2,0.15613641734937322,122.44866666666667,126.0,136.60000000000218,196.10000000000036,204.0,204.0,95.855,26.593666666666667,7.889333333333333,1.9043333333333334,7.504333333333333,5.6,11.2,24.88,357.47766666666666,2,2,1,1,0.9658333333333333,0.5016666666666667,0.5016666666666667,99,0,2,0.07405633939935696,0.15980181235093582,0.058526095883698025,0.14427156883527692,,,3000,600
I7_Quiescent_Continuous_State,1955,C0_M1_PARENT,1,0.1589730760739233,119.97433333333333,110.0,140.20000000000073,196.0,196.0,196.0,84.49166666666666,35.48266666666667,7.924,1.7586666666666666,7.358666666666666,5.6,20.2,20.551333333333332,358.5946666666667,0,2,0,1,0.7791666666666667,0.0,0.0,80,0,0,0.07713960916380716,0.4256014226342635,-0.12328417833702016,0.22517763513343642,,51.0,6000,600
I7_Quiescent_Continuous_State,1955,C2_K2,2,0.17189394360032023,107.87466666666667,92.0,136.60000000000218,196.0,196.0,204.0,81.40166666666667,26.473,7.923333333333333,1.7496666666666667,7.349666666666666,5.6,11.2,21.212333333333333,341.99533333333335,1,3,0,2,0.6816666666666666,0.0225,0.0225,81,0,1,0.06230239804311674,0.15754914591615649,0.011920773581288617,0.10716752145432826,,51.0,3000,600
I8_Quiescent_Discrete_Delay,1955,C0_M1_PARENT,1,0.21584390017882485,102.28966666666666,102.0,140.20000000000073,170.0,170.0,196.0,66.865,35.42466666666667,7.878,1.7466666666666666,7.346666666666666,5.6,20.2,25.609,326.615,2,1,1,1,0.06,0.6825,0.0,99,0,2,0.8125467830623091,-0.0010101412075594314,0.8125400007409689,-0.0010169235288998383,,,6000,600
I8_Quiescent_Discrete_Delay,1955,C2_K2,2,0.2159627112807725,92.58133333333333,92.0,127.60000000000582,170.0,170.0,196.0,66.15666666666667,26.424666666666667,7.878,1.7466666666666666,7.346666666666666,5.6,11.2,26.109,313.615,2,1,1,1,0.03916666666666667,0.6825,0.0,99,0,2,0.8125467830623091,-0.00041916199210645367,0.8082129871879475,-0.004752957866468748,,,3000,600
I9_Hybrid_Delay_Plus_Latent_State,1955,C0_M1_PARENT,1,0.33601806874499207,122.313,122.0,148.0,196.0,196.0,204.0,86.48,35.833,7.903333333333333,2.1296666666666666,7.729666666666667,5.6,20.2,21.465,360.6166666666667,2,9,2,8,0.8116666666666666,0.08833333333333333,0.0425,100,0,2,-0.04487019184351298,0.09757133602859411,-0.08848840441201769,0.05395312346008933,,,6000,600
I9_Hybrid_Delay_Plus_Latent_State,1955,C2_K2,2,0.3414042870220408,110.412,102.0,136.60000000000218,196.0,196.0,204.0,83.60666666666667,26.805333333333333,7.902,2.1033333333333335,7.703333333333333,5.6,11.2,22.381,343.945,3,9,3,9,0.71,0.14666666666666667,0.07833333333333334,104,0,3,-0.049942043321794465,0.07148408372454795,-0.05790187245303461,0.06352425459330777,,,3000,600
I10_Redundant_Temporal_Structure,1955,C0_M1_PARENT,1,0.34477431976440115,134.95366666666666,132.0,148.0,204.0,204.0,204.0,99.42,35.53366666666667,7.874,1.8596666666666666,7.459666666666666,5.6,20.2,26.203666666666667,371.87333333333333,1,1,0,0,0.9966666666666667,0.7533333333333333,0.7533333333333333,104,0,1,0.7852001381983617,0.7412334687400591,0.1343317071698056,0.0903650377115036,,,6000,600
I10_Redundant_Temporal_Structure,1955,C2_K2,2,0.3553331210259574,125.36466666666666,126.0,136.60000000000218,204.0,204.0,204.0,98.82,26.544666666666668,7.875333333333334,1.8693333333333333,7.469333333333333,5.6,11.2,26.475666666666665,359.359,3,1,2,0,0.9883333333333333,0.7216666666666667,0.7216666666666667,105,0,3,0.7851996147375866,0.20812258808774006,0.6768975240064646,0.09982049735661869,,,3000,600
I11_Regime_Switch_Delay_To_Latent,1955,C0_M1_PARENT,1,0.1853959643258674,111.45633333333333,102.0,148.0,170.0,196.0,204.0,75.9,35.556333333333335,7.8853333333333335,1.871,7.471,5.6,20.2,24.974,340.41566666666665,3,3,3,2,0.3541666666666667,0.5858333333333333,0.04,105,0,3,-0.1760016541062797,0.287281345873971,-0.12801798389887206,0.3352650160813785,705.0,,6000,600
I11_Regime_Switch_Delay_To_Latent,1955,C2_K2,2,0.18842176253129986,100.609,96.0,136.60000000000218,170.0,196.0,204.0,74.05,26.559,7.888,1.871,7.471,5.6,11.2,25.366,325.961,3,2,3,1,0.30416666666666664,0.5708333333333333,0.0275,107,0,3,-0.1348052213576417,0.0983051539218875,-0.12077975863093424,0.11233061664859494,705.0,,3000,600
I12_Regime_Switch_Latent_To_Delay,1955,C0_M1_PARENT,1,0.23284062802759034,113.532,110.0,140.20000000000073,176.0,196.0,196.0,77.85833333333333,35.67366666666667,7.905333333333333,1.9683333333333333,7.568333333333333,5.6,20.2,22.394666666666666,346.921,4,1,3,1,0.5166666666666667,0.22916666666666666,0.0,102,0,4,0.5746016666553285,0.00016806378020366663,0.5747265332564645,0.00029293038133915416,2114.0,,6000,600
I12_Regime_Switch_Latent_To_Delay,1955,C2_K2,2,0.2374636082344542,106.39233333333334,98.0,136.60000000000218,188.0,204.0,204.0,79.77,26.622333333333334,7.9013333333333335,1.921,7.521,5.6,11.2,23.628666666666668,336.529,4,2,3,2,0.5425,0.3325,0.1675,101,0,4,0.5755905533454192,-0.0001520902187390981,0.5755960846464505,-0.00014655891770817456,2111.0,,3000,600
I13_Regime_Switch_Hybrid_To_Memoryless,1955,C0_M1_PARENT,1,0.2735751658663159,108.44833333333334,106.0,148.0,162.0,196.0,204.0,72.73333333333333,35.715,7.918666666666667,1.9963333333333333,7.596333333333333,5.6,20.2,20.950666666666667,341.79566666666665,1,5,1,5,0.425,0.028333333333333332,0.010833333333333334,98,0,1,-0.06824184007473058,-0.003410668417104791,-0.06827732766220929,-0.0034461560045834865,109.0,,6000,600
I13_Regime_Switch_Hybrid_To_Memoryless,1955,C2_K2,2,0.2808415116679458,96.16166666666666,92.0,136.60000000000218,162.0,196.0,204.0,69.44666666666667,26.715,7.918666666666667,1.9963333333333333,7.596333333333333,5.6,11.2,21.450666666666667,325.15566666666666,1,7,1,7,0.3283333333333333,0.028333333333333332,0.0225,98,0,1,-0.06824184011323434,-0.003940444426756534,-0.06849907663172604,-0.00419768094524827,117.0,,3000,600
I14_Intermittent_Hybrid,1955,C0_M1_PARENT,1,0.17190064935054217,118.324,120.0,148.0,184.0,204.0,204.0,82.80333333333333,35.52066666666666,7.884666666666667,1.836,7.436,5.6,20.2,25.435,349.48633333333333,3,2,3,2,0.5383333333333333,0.65,0.33166666666666667,102,0,3,-0.05983508873394531,-0.013063913993445246,-0.058598469120977055,-0.01182729438047701,345.0,,6000,600
I14_Intermittent_Hybrid,1955,C2_K2,2,0.1893207049068568,104.645,102.0,136.60000000000218,170.0,204.0,204.0,78.175,26.47,7.878,1.792,7.3919999999999995,5.6,11.2,26.586333333333332,329.97366666666665,4,2,4,2,0.375,0.7425,0.27166666666666667,100,0,4,-0.07270004399576716,-0.00897232817716211,-0.07316019525903464,-0.009432479440429608,345.0,,3000,600
I1_Memoryless_Linear,1956,C0_M1_PARENT,1,0.12475834282528113,92.357,92.0,109.6000000000131,150.0,150.0,156.0,58.0,34.357,7.982,0.575,6.175,5.6,20.2,19.637666666666668,320.72333333333336,0,0,0,0,0.0,0.0,0.0,22,0,0,-0.014978967343342968,-0.00010126858023293224,-0.014904510749469784,-2.6811986359774397e-05,,,6000,600
I1_Memoryless_Linear,1956,C2_K2,2,0.12466252581178712,84.91533333333334,92.0,127.60000000000582,150.0,156.0,176.0,59.55833333333333,25.357,7.982,0.575,6.175,5.6,11.2,20.137666666666668,310.92333333333335,0,1,0,1,0.04583333333333333,0.0,0.0,22,0,0,-0.014978967343342968,-0.00017959006171971816,-0.014927724149183384,-0.00012834686756015153,,,3000,600
I2_Static_Nonlinear_Negative_Control,1956,C0_M1_PARENT,1,1.048298142740511,95.727,92.0,140.20000000000073,162.0,170.0,196.0,59.935,35.792,7.906666666666666,2.0853333333333333,7.6853333333333325,5.6,20.2,21.842666666666666,322.56466666666665,3,2,3,2,0.015,0.1425,0.0,104,0,3,-0.051036576307250496,-5.332303103302464e-05,-0.05105646615247466,-7.321287625721016e-05,,,6000,600
I2_Static_Nonlinear_Negative_Control,1956,C2_K2,2,1.0493436438519788,88.597,92.0,136.60000000000218,162.0,170.0,204.0,61.805,26.792,7.906666666666666,2.0853333333333333,7.6853333333333325,5.6,11.2,22.342666666666666,313.20466666666664,3,3,3,2,0.07,0.1425,0.015833333333333335,104,0,3,-0.05011986075375211,0.01184025177622636,-0.04718254383646457,0.014777568693513859,,,3000,600
I3_Single_Exact_Delay,1956,C0_M1_PARENT,1,0.34258025617673443,98.50033333333333,92.0,140.20000000000073,162.0,170.0,196.0,62.818333333333335,35.682,7.9,1.982,7.582,5.6,20.2,23.171333333333333,324.6306666666667,1,1,0,1,0.04416666666666667,0.33166666666666667,0.0,106,0,1,0.7169713689855044,-0.00012172618657331996,0.7170819827159556,-1.111245612221982e-05,,,6000,600
I3_Single_Exact_Delay,1956,C2_K2,2,0.3422440764806054,89.557,92.0,127.60000000000582,162.0,170.0,196.0,62.875,26.682,7.9,1.982,7.582,5.6,11.2,23.671333333333333,312.71066666666667,1,1,0,1,0.04583333333333333,0.33166666666666667,0.0,106,0,1,0.7169713689855044,0.0001325943030201219,0.7168553970218858,1.6622339401214433e-05,,,3000,600
I4_Multi_Sparse_Delay,1956,C0_M1_PARENT,1,0.4736738861564915,101.901,102.0,116.80000000001019,170.0,170.0,170.0,66.41666666666667,35.48433333333333,7.873333333333333,1.811,7.411,5.6,20.2,26.828,324.34566666666666,2,0,1,0,0.0,0.8416666666666667,0.0,104,0,2,0.5928436894012364,-0.009463610201060325,0.556831075468745,-0.04547622413355189,,,6000,600
I4_Multi_Sparse_Delay,1956,C2_K2,2,0.4736738861564915,92.901,96.0,106.00000000001455,170.0,170.0,170.0,66.41666666666667,26.484333333333332,7.873333333333333,1.811,7.411,5.6,11.2,27.328,312.34566666666666,2,0,1,0,0.0,0.8416666666666667,0.0,104,0,2,0.5928436894012364,-2.6112501015239407e-06,0.5928601477988877,1.3847147549911784e-05,,,3000,600
I5_Moving_Delay_Support,1956,C0_M1_PARENT,1,0.35974108997518034,97.45133333333334,92.0,140.20000000000073,162.0,170.0,196.0,61.736666666666665,35.714666666666666,7.9013333333333335,2.013333333333333,7.613333333333333,5.6,20.2,23.065333333333335,323.2973333333333,2,1,1,1,0.0175,0.31416666666666665,0.0,108,0,2,0.7281082140398352,1.5211337215894692e-06,0.7280985074870782,-8.185419035630932e-06,,,6000,600
I5_Moving_Delay_Support,1956,C2_K2,2,0.35961351724815066,88.30966666666667,92.0,127.60000000000582,162.0,170.0,196.0,61.595,26.714666666666666,7.9013333333333335,2.013333333333333,7.613333333333333,5.6,11.2,23.565333333333335,311.0973333333333,2,1,1,1,0.013333333333333334,0.31416666666666665,0.0,108,0,2,0.7281082140398352,-4.9850968012527136e-05,0.7281508801191511,-7.184888696519413e-06,,,3000,600
I6_Continuous_Latent_State,1956,C0_M1_PARENT,1,0.1420325693071035,127.15333333333334,126.0,148.0,196.0,196.0,196.0,91.50666666666666,35.64666666666667,7.913333333333333,1.9333333333333333,7.533333333333333,5.6,20.2,20.891333333333332,368.24733333333336,1,4,1,3,0.9766666666666667,0.03,0.02,87,0,1,0.014428319713652884,0.2547655167676157,-0.07252951599368328,0.16780768106027957,,,6000,600
I6_Continuous_Latent_State,1956,C2_K2,2,0.13838181761342802,121.55133333333333,126.0,136.60000000000218,196.0,204.0,204.0,95.03,26.521333333333335,7.902,1.8193333333333332,7.4193333333333324,5.6,11.2,23.463666666666665,358.16633333333334,3,1,2,0,0.995,0.32,0.32,92,0,3,0.0171087404261168,0.06707626260769677,-0.01385174322427656,0.03611577895730343,,,3000,600
I7_Quiescent_Continuous_State,1956,C0_M1_PARENT,1,0.14987317523423674,120.31266666666667,114.0,142.0,196.0,196.0,196.0,84.905,35.407666666666664,7.924666666666667,1.683,7.2829999999999995,5.6,20.2,20.725,358.84133333333335,1,5,1,4,0.7825,0.03,0.02,77,0,1,-0.09226742143653624,0.24633861677980523,-0.09894588650654447,0.23966015170979701,,114.0,6000,600
I7_Quiescent_Continuous_State,1956,C2_K2,2,0.14734901059237207,111.271,102.0,136.60000000000218,196.0,196.0,204.0,84.88,26.391,7.921333333333333,1.6696666666666666,7.269666666666666,5.6,11.2,21.404,346.5316666666667,2,2,2,1,0.7741666666666667,0.05583333333333333,0.05583333333333333,78,0,2,-0.04687425844616149,0.08331072919219591,-0.050208942511970445,0.07997604512638709,,170.0,3000,600
I8_Quiescent_Discrete_Delay,1956,C0_M1_PARENT,1,0.4535119487243219,95.373,92.0,140.20000000000073,162.0,162.0,196.0,59.70166666666667,35.67133333333334,7.908,1.9633333333333334,7.563333333333333,5.6,20.2,20.827333333333332,323.45666666666665,1,1,1,1,0.04416666666666667,0.02,0.0,91,0,1,0.13011497905110592,-0.0010068102125986582,0.13006045362594798,-0.0010613356377566162,,,6000,600
I8_Quiescent_Discrete_Delay,1956,C2_K2,2,0.453008469095211,86.42966666666666,92.0,127.60000000000582,162.0,162.0,196.0,59.75833333333333,26.671333333333333,7.908,1.9633333333333334,7.563333333333333,5.6,11.2,21.327333333333332,311.5366666666667,1,1,1,1,0.04583333333333333,0.02,0.0,91,0,1,0.13011497905110592,0.0024114308227677923,0.12810977782903485,0.00040622960069672124,,,3000,600
I9_Hybrid_Delay_Plus_Latent_State,1956,C0_M1_PARENT,1,0.19357076698605702,127.719,126.0,148.0,204.0,204.0,204.0,92.19666666666667,35.522333333333336,7.8806666666666665,1.8416666666666666,7.441666666666666,5.6,20.2,25.180333333333333,363.08,1,5,0,4,0.8241666666666667,0.6175,0.6175,96,0,1,0.3890088601719795,0.07574860347408531,0.3768192630632961,0.06355900636540206,,,6000,600
I9_Hybrid_Delay_Plus_Latent_State,1956,C2_K2,2,0.19930857378302105,117.47233333333334,102.0,136.60000000000218,204.0,204.0,204.0,90.95,26.522333333333332,7.8806666666666665,1.8416666666666666,7.441666666666666,5.6,11.2,25.680333333333333,349.32,1,4,0,3,0.7875,0.6175,0.6108333333333333,96,0,1,0.3889968001597882,0.036984025690618,0.3518060647881414,-0.00020670968102912168,,,3000,600
I10_Redundant_Temporal_Structure,1956,C0_M1_PARENT,1,0.3559288189026795,133.16966666666667,126.0,148.0,204.0,204.0,204.0,97.54833333333333,35.62133333333333,7.879333333333333,1.942,7.542,5.6,20.2,24.956333333333333,371.0883333333333,1,1,0,0,0.9933333333333333,0.5775,0.5775,103,0,1,0.3646180989606459,0.2708442239727309,0.18199921647084374,0.08822534148292888,,,6000,600
I10_Redundant_Temporal_Structure,1956,C2_K2,2,0.3559148955477793,124.468,126.0,136.60000000000218,204.0,204.0,204.0,97.85666666666667,26.611333333333334,7.876666666666667,1.9346666666666668,7.534666666666666,5.6,11.2,25.677666666666667,359.19966666666664,2,1,1,0,0.9933333333333333,0.6083333333333333,0.6083333333333333,103,0,2,0.3646182631572103,0.04669903041806722,0.31882990388504284,0.0009106711458999703,,,3000,600
I11_Regime_Switch_Delay_To_Latent,1956,C0_M1_PARENT,1,0.19081614194618507,112.45733333333334,102.0,148.0,170.0,204.0,204.0,77.055,35.40233333333333,7.88,1.7223333333333333,7.322333333333333,5.6,20.2,26.694,339.437,4,2,4,1,0.31583333333333335,0.8316666666666667,0.25083333333333335,104,0,4,0.012698989394758636,0.15261674567308484,-0.028006693222643233,0.11191106305568294,1257.0,,6000,600
I11_Regime_Switch_Delay_To_Latent,1956,C2_K2,2,0.21203535201558935,94.80966666666667,92.0,136.60000000000218,170.0,176.0,196.0,68.30833333333334,26.501333333333335,7.889333333333333,1.812,7.412,5.6,11.2,25.687333333333335,317.3213333333333,4,2,4,1,0.12083333333333333,0.62,0.005833333333333334,104,0,4,-0.08277765500775928,0.025415205336542644,-0.0987145718457281,0.009478288498573857,1257.0,,3000,600
I12_Regime_Switch_Latent_To_Delay,1956,C0_M1_PARENT,1,0.18967292265667035,111.08333333333333,110.0,140.20000000000073,170.0,196.0,196.0,75.59166666666667,35.49166666666667,7.9093333333333335,1.7823333333333333,7.382333333333333,5.6,20.2,22.687333333333335,343.0663333333333,1,4,0,4,0.43333333333333335,0.28583333333333333,0.0,92,0,1,0.7556936149229837,-0.000991276420124591,0.7570810594015823,0.000396168058473986,1378.0,,6000,600
I12_Regime_Switch_Latent_To_Delay,1956,C2_K2,2,0.18352641964455163,104.435,92.0,127.60000000000582,176.0,196.0,196.0,77.94333333333333,26.491666666666667,7.9093333333333335,1.7823333333333333,7.382333333333333,5.6,11.2,23.187333333333335,334.3863333333333,1,1,0,1,0.5025,0.28583333333333333,0.0,92,0,1,0.7556936149229837,-0.0024827460658564714,0.7567734834110996,-0.0014028775777404552,1378.0,,3000,600
I13_Regime_Switch_Hybrid_To_Memoryless,1956,C0_M1_PARENT,1,0.22161595409769286,108.85,102.0,148.0,162.0,204.0,204.0,73.32166666666667,35.528333333333336,7.911333333333333,1.817,7.417,5.6,20.2,22.646333333333335,340.00533333333334,1,5,1,5,0.37,0.27416666666666667,0.16333333333333333,92,0,1,-0.029581511891961027,-0.00039945309936294487,-0.029446196135236788,-0.00026413734263868344,174.0,,6000,600
I13_Regime_Switch_Hybrid_To_Memoryless,1956,C2_K2,2,0.228573130030267,97.27166666666666,92.0,136.60000000000218,162.0,204.0,204.0,70.74333333333334,26.528333333333332,7.911333333333333,1.817,7.417,5.6,11.2,23.146333333333335,324.36533333333335,1,4,1,4,0.2941666666666667,0.27416666666666667,0.1175,92,0,1,-0.02958162847053245,-0.0013457056539373864,-0.029894892536834184,-0.0016589697202391096,173.0,,3000,600
I14_Intermittent_Hybrid,1956,C0_M1_PARENT,1,0.2439204857976767,113.53233333333333,110.0,140.20000000000073,196.0,196.0,196.0,77.69166666666666,35.840666666666664,7.9126666666666665,2.128,7.728,5.6,20.2,20.819666666666667,349.13166666666666,0,4,0,4,0.5791666666666667,0.0,0.0,102,0,0,-0.05084851680374132,-0.010073753106316082,-0.054044256249529674,-0.013269492552104446,1597.0,,6000,600
I14_Intermittent_Hybrid,1956,C2_K2,2,0.251291097027435,103.53533333333333,92.0,136.60000000000218,192.0,196.0,204.0,76.69666666666667,26.838666666666665,7.911333333333333,2.1273333333333335,7.727333333333333,5.6,11.2,21.441666666666666,335.553,1,2,1,2,0.545,0.016666666666666666,0.016666666666666666,102,0,1,-0.026530418464064554,-0.007332815389420424,-0.025535145248838324,-0.006337542174194217,1597.0,,3000,600
I1_Memoryless_Linear,1957,C0_M1_PARENT,1,0.12762968039473901,94.20233333333333,92.0,138.40000000000146,150.0,156.0,176.0,59.64333333333333,34.559,7.975333333333333,0.7836666666666666,6.383666666666667,5.6,20.2,19.823666666666668,323.138,0,1,0,1,0.04833333333333333,0.0,0.0,32,0,0,-0.008855178202459048,0.002217142046328172,-0.008558315655863399,0.0025140045929238314,,,6000,600
I1_Memoryless_Linear,1957,C2_K2,2,0.12788720056699363,85.11733333333333,92.0,127.60000000000582,150.0,156.0,176.0,59.55833333333333,25.559,7.975333333333333,0.7836666666666666,6.383666666666667,5.6,11.2,20.323666666666668,311.018,0,1,0,1,0.04583333333333333,0.0,0.0,32,0,0,-0.008855178202459048,0.0003129620331998487,-0.008767209876964034,0.00040093035869487385,,,3000,600
I2_Static_Nonlinear_Negative_Control,1957,C0_M1_PARENT,1,1.070175721583153,96.777,92.0,140.20000000000073,162.0,170.0,196.0,61.001666666666665,35.775333333333336,7.906666666666666,2.0686666666666667,7.668666666666667,5.6,20.2,21.782666666666668,324.13466666666665,1,1,1,1,0.04833333333333333,0.13583333333333333,0.0,101,0,1,-0.14835085982242427,0.0007158061263288386,-0.14820272223817604,0.0008639437105770216,,,6000,600
I2_Static_Nonlinear_Negative_Control,1957,C2_K2,2,1.0695083978515192,88.59866666666667,92.0,136.60000000000218,162.0,170.0,204.0,61.82333333333333,26.775333333333332,7.906666666666666,2.0686666666666667,7.668666666666667,5.6,11.2,22.282666666666668,313.29466666666667,1,2,1,2,0.0725,0.13583333333333333,0.0033333333333333335,101,0,1,-0.14835085819111954,-0.00010174183407611354,-0.14838153848527028,-0.00013242212822692413,,,3000,600
I3_Single_Exact_Delay,1957,C0_M1_PARENT,1,0.2963298780062892,100.14733333333334,92.0,140.20000000000073,166.0,170.0,196.0,64.56,35.58733333333333,7.8886666666666665,1.8986666666666667,7.498666666666667,5.6,20.2,24.287666666666667,325.39166666666665,3,1,2,1,0.04833333333333333,0.49166666666666664,0.0,102,0,3,0.7032596387239946,2.423086408543452e-05,0.7033702615887547,0.00013485372884550358,,,6000,600
I3_Single_Exact_Delay,1957,C2_K2,2,0.2966076408070018,91.17566666666667,92.0,127.60000000000582,166.0,170.0,196.0,64.58833333333334,26.587333333333333,7.8886666666666665,1.8986666666666667,7.498666666666667,5.6,11.2,24.787666666666667,313.4316666666667,3,2,2,2,0.049166666666666664,0.49166666666666664,0.0,102,0,3,0.7032596387239946,2.75934023400815e-06,0.7032821482470908,2.5268863330255944e-05,,,3000,600
I4_Multi_Sparse_Delay,1957,C0_M1_PARENT,1,0.6344424859698659,107.976,106.0,148.0,162.0,196.0,204.0,72.11666666666666,35.85933333333333,7.91,2.1493333333333333,7.7493333333333325,5.6,20.2,21.214333333333332,340.7296666666667,3,12,3,11,0.4,0.051666666666666666,0.009166666666666667,108,0,3,-0.09135531900451768,0.11811678110353112,-0.10846948176792731,0.10100261834012146,,,6000,600
I4_Multi_Sparse_Delay,1957,C2_K2,2,0.6411780458685332,85.376,88.0,106.00000000001455,162.0,162.0,170.0,58.516666666666666,26.859333333333332,7.91,2.1493333333333333,7.7493333333333325,5.6,11.2,21.714333333333332,309.5296666666667,3,0,3,0,0.0,0.051666666666666666,0.0,108,0,3,-0.09135539225180297,0.0010964572704852155,-0.09154870091485691,0.0009031486074312005,,,3000,600
I5_Moving_Delay_Support,1957,C0_M1_PARENT,1,0.43482513187063565,97.737,92.0,140.20000000000073,162.0,170.0,196.0,61.99333333333333,35.74366666666667,7.905333333333333,2.0383333333333336,7.638333333333334,5.6,20.2,22.501333333333335,324.4943333333333,4,1,4,1,0.04833333333333333,0.235,0.0,104,0,4,-0.0859830236508879,0.003458847328739262,-0.08606597381314483,0.0033758971664823063,,,6000,600
I5_Moving_Delay_Support,1957,C2_K2,2,0.43512018718027395,88.652,92.0,127.60000000000582,162.0,170.0,196.0,61.90833333333333,26.743666666666666,7.905333333333333,2.0383333333333336,7.638333333333334,5.6,11.2,23.001333333333335,312.3743333333333,4,1,4,1,0.04583333333333333,0.235,0.0,104,0,4,-0.0859830236508879,0.0005052219446842516,-0.08572944654195903,0.000758799053613093,,,3000,600
I6_Continuous_Latent_State,1957,C0_M1_PARENT,1,0.14172137923936198,128.66033333333334,126.0,148.0,196.0,204.0,204.0,92.97333333333333,35.687,7.908,1.979,7.579,5.6,20.2,21.478666666666665,369.5423333333333,1,1,0,0,0.9975,0.10583333333333333,0.10583333333333333,90,0,1,0.028851730031141387,0.3396586222620773,0.003129754410533316,0.31393664664146914,,,6000,600
I6_Continuous_Latent_State,1957,C2_K2,2,0.1434388496407545,121.26666666666667,126.0,136.60000000000218,196.0,204.0,204.0,94.66333333333333,26.60333333333333,7.899333333333334,1.904,7.504,5.6,11.2,23.241,358.05566666666664,4,1,3,0,0.995,0.2833333333333333,0.2833333333333333,89,0,4,0.020326263580275044,0.0443599229911744,0.014909420925750408,0.03894308033664983,,,3000,600
I7_Quiescent_Continuous_State,1957,C0_M1_PARENT,1,0.15426507012354002,120.71833333333333,122.0,140.20000000000073,196.0,196.0,196.0,85.25666666666666,35.461666666666666,7.9206666666666665,1.741,7.340999999999999,5.6,20.2,20.512333333333334,359.656,0,3,0,2,0.8016666666666666,0.0,0.0,80,0,0,-0.19291601758280777,0.29747232118365313,-0.16566251435009482,0.32472582441636605,,77.0,6000,600
I7_Quiescent_Continuous_State,1957,C2_K2,2,0.17014938767982307,108.88166666666666,92.0,136.60000000000218,196.0,196.0,204.0,82.44666666666667,26.435,7.92,1.715,7.3149999999999995,5.6,11.2,21.73,342.695,3,4,3,3,0.6908333333333333,0.09583333333333334,0.09583333333333334,85,0,3,-0.08208802427281531,0.06051676359548178,-0.08827233519767241,0.05433245267062473,,77.0,3000,600
I8_Quiescent_Discrete_Delay,1957,C0_M1_PARENT,1,0.2999590077446954,98.61133333333333,92.0,140.20000000000073,162.0,170.0,196.0,62.985,35.626333333333335,7.8886666666666665,1.9376666666666666,7.5376666666666665,5.6,20.2,23.137666666666668,324.81666666666666,3,1,2,1,0.04833333333333333,0.33416666666666667,0.0,99,0,3,0.7014347544905458,0.0003300563141038713,0.7037149474981381,0.002610249321696104,,,6000,600
I8_Quiescent_Discrete_Delay,1957,C2_K2,2,0.3003842694855612,89.63966666666667,92.0,127.60000000000582,162.0,170.0,196.0,63.013333333333335,26.626333333333335,7.8886666666666665,1.9376666666666666,7.5376666666666665,5.6,11.2,23.637666666666668,312.8566666666667,3,2,2,2,0.049166666666666664,0.33416666666666667,0.0,99,0,3,0.7014347544905458,-1.150873370389347e-05,0.7015783502778246,0.00013208705357497987,,,3000,600
I9_Hybrid_Delay_Plus_Latent_State,1957,C0_M1_PARENT,1,0.21775721142692253,129.086,126.0,148.0,196.0,204.0,204.0,93.56833333333333,35.51766666666666,7.887333333333333,1.8303333333333334,7.4303333333333335,5.6,20.2,25.163666666666668,365.03,3,5,2,4,0.865,0.6158333333333333,0.49166666666666664,103,0,3,0.5494564489875946,0.10677502858982452,0.5402994675146084,0.09761804711683807,,,6000,600
I9_Hybrid_Delay_Plus_Latent_State,1957,C2_K2,2,0.2364853113904138,107.78933333333333,102.0,136.60000000000218,176.0,204.0,204.0,81.27166666666666,26.517666666666667,7.887333333333333,1.8303333333333334,7.4303333333333335,5.6,11.2,25.663666666666668,335.67,3,3,2,3,0.5033333333333333,0.6158333333333333,0.19083333333333333,103,0,3,0.5537841324319663,0.055891267097265794,0.5329402416092869,0.035047376274586164,,,3000,600
I10_Redundant_Temporal_Structure,1957,C0_M1_PARENT,1,0.38205178064033257,128.919,126.0,148.0,196.0,204.0,204.0,93.30333333333333,35.61566666666667,7.891333333333334,1.9243333333333332,7.524333333333333,5.6,20.2,24.237666666666666,366.086,3,2,2,1,0.8966666666666666,0.4816666666666667,0.38083333333333336,104,0,3,0.5826273892604028,0.4003074896272017,0.3339546592643158,0.15163475963111464,,,6000,600
I10_Redundant_Temporal_Structure,1957,C2_K2,2,0.3778250607038177,123.367,126.0,136.60000000000218,196.0,204.0,204.0,96.755,26.612,7.89,1.922,7.521999999999999,5.6,11.2,24.815,358.845,3,1,2,0,0.995,0.4925,0.4925,104,0,3,0.5839267260626262,0.13726817172527753,0.5372845498103342,0.09062599547298567,,,3000,600
I11_Regime_Switch_Delay_To_Latent,1957,C0_M1_PARENT,1,0.288526259780379,106.72533333333334,106.0,140.20000000000073,162.0,196.0,196.0,70.92,35.80533333333333,7.917333333333334,2.088,7.688,5.6,20.2,20.796,339.5586666666667,0,3,0,2,0.38,0.0,0.0,102,0,0,-0.054841190057457224,0.2244663682748398,-0.05115975372322276,0.22814780460907408,418.0,,6000,600
I11_Regime_Switch_Delay_To_Latent,1957,C2_K2,2,0.29721493425884493,94.467,92.0,127.60000000000582,162.0,196.0,196.0,67.66166666666666,26.805333333333333,7.917333333333334,2.088,7.688,5.6,11.2,21.296,322.95866666666666,0,2,0,1,0.2841666666666667,0.0,0.0,102,0,0,-0.054841190057457224,0.05154563781967633,-0.05878640300636522,0.04760042487076829,418.0,,3000,600
I12_Regime_Switch_Latent_To_Delay,1957,C0_M1_PARENT,1,0.27536501217284787,111.842,110.0,140.20000000000073,176.0,196.0,196.0,76.16166666666666,35.68033333333333,7.922666666666666,1.9576666666666667,7.557666666666666,5.6,20.2,20.679333333333332,346.899,0,3,0,3,0.5341666666666667,0.0,0.0,95,0,0,-0.09213447359811318,0.004380095876421658,-0.09415734983459678,0.002357219639938044,3000.0,,6000,600
I12_Regime_Switch_Latent_To_Delay,1957,C2_K2,2,0.2758309837744371,104.457,92.0,127.60000000000582,184.0,196.0,196.0,77.77666666666667,26.680333333333333,7.922666666666666,1.9576666666666667,7.557666666666666,5.6,11.2,21.179333333333332,337.179,0,1,0,1,0.5816666666666667,0.0,0.0,95,0,0,-0.09213447359811318,-0.0008130543033445499,-0.09204728908234083,-0.0007258697875721571,3000.0,,3000,600
I13_Regime_Switch_Hybrid_To_Memoryless,1957,C0_M1_PARENT,1,0.23796074296179703,111.40833333333333,110.0,148.0,170.0,196.0,204.0,75.81666666666666,35.59166666666667,7.91,1.8816666666666666,7.4816666666666665,5.6,20.2,22.405666666666665,343.92533333333336,3,3,3,3,0.45416666666666666,0.2375,0.08083333333333333,95,0,3,-0.01671262066300897,0.005003181355982858,-0.015727868885444904,0.005987933133546942,123.0,,6000,600
I13_Regime_Switch_Hybrid_To_Memoryless,1957,C2_K2,2,0.24299322252570854,98.95166666666667,92.0,136.60000000000218,170.0,196.0,204.0,72.36,26.591666666666665,7.91,1.8816666666666666,7.4816666666666665,5.6,11.2,22.905666666666665,327.04533333333336,3,1,3,1,0.3525,0.2375,0.04,95,0,3,-0.01671256590261869,-0.00016085826642765985,-0.016539166030648488,1.2541605542527846e-05,110.0,,3000,600
I14_Intermittent_Hybrid,1957,C0_M1_PARENT,1,0.2013127528254448,116.332,110.0,148.0,190.0,204.0,204.0,80.70166666666667,35.63033333333333,7.9013333333333335,1.929,7.529,5.6,20.2,23.051333333333332,349.9703333333333,2,2,2,2,0.5733333333333334,0.32083333333333336,0.135,103,0,2,-0.07036483971209681,0.001030027587713831,-0.07488995495013191,-0.003495087650321255,1578.0,,6000,600
I14_Intermittent_Hybrid,1957,C2_K2,2,0.22961503648983367,104.12333333333333,96.0,136.60000000000218,170.0,196.0,204.0,77.54,26.583333333333332,7.898,1.8853333333333333,7.485333333333333,5.6,11.2,24.351,332.331,3,4,3,4,0.4475,0.4325,0.09333333333333334,104,0,3,-0.04547952409456832,-0.0018806459604956596,-0.044762026235620665,-0.0011631481015479954,1578.0,,3000,600
I1_Memoryless_Linear,1958,C0_M1_PARENT,1,0.12481183905313334,93.93966666666667,92.0,138.40000000000146,142.0,152.0,176.0,59.943333333333335,33.99633333333333,7.990666666666667,0.20566666666666666,5.805666666666666,5.6,20.2,19.578666666666667,322.81166666666667,2,1,2,1,0.04416666666666667,0.04416666666666667,0.0,8,0,2,-0.014844859783429183,-0.0010921848792326242,-0.014440742895336107,-0.000688067991139552,,,6000,600
I1_Memoryless_Linear,1958,C2_K2,2,0.12481405167540544,84.93966666666667,92.0,127.60000000000582,142.0,152.0,176.0,59.943333333333335,24.996333333333332,7.990666666666667,0.20566666666666666,5.805666666666666,5.6,11.2,20.078666666666667,310.81166666666667,2,1,2,1,0.04416666666666667,0.04416666666666667,0.0,8,0,2,-0.014844859783429183,-0.0006485584501002797,-0.014975476144256808,-0.00077917481092791,,,3000,600
I2_Static_Nonlinear_Negative_Control,1958,C0_M1_PARENT,1,1.0685531350827255,95.70566666666667,92.0,140.20000000000073,162.0,162.0,196.0,59.85166666666667,35.854,7.908666666666667,2.1453333333333333,7.745333333333333,5.6,20.2,21.083,323.58433333333335,1,1,1,1,0.04416666666666667,0.035,0.0,103,0,1,-0.08419950835865671,-3.598453830694959e-06,-0.08419870432587788,-2.794421051883082e-06,,,6000,600
I2_Static_Nonlinear_Negative_Control,1958,C2_K2,2,1.0685635206511985,86.70566666666667,92.0,127.60000000000582,162.0,162.0,196.0,59.85166666666667,26.854,7.908666666666667,2.1453333333333333,7.745333333333333,5.6,11.2,21.583,311.58433333333335,1,1,1,1,0.04416666666666667,0.035,0.0,103,0,1,-0.08419950835865671,2.1933948135697407e-05,-0.08420255345636582,1.888885042659061e-05,,,3000,600
I3_Single_Exact_Delay,1958,C0_M1_PARENT,1,0.1819430677916331,103.816,102.0,148.0,170.0,170.0,204.0,68.36833333333334,35.44766666666667,7.8726666666666665,1.775,7.375,5.6,20.2,26.603,327.35333333333335,1,3,0,3,0.065,0.8158333333333333,0.019166666666666665,102,0,1,0.7608504217689035,-0.0017780225134702763,0.7612018195707553,-0.0014266247116195745,,,6000,600
I3_Single_Exact_Delay,1958,C2_K2,2,0.18168495294543285,94.10766666666666,96.0,127.60000000000582,170.0,170.0,196.0,67.66,26.447666666666667,7.8726666666666665,1.775,7.375,5.6,11.2,27.103,314.35333333333335,1,1,0,1,0.04416666666666667,0.8158333333333333,0.0,102,0,1,0.7608504228505126,-0.0008017528672240315,0.7608397713412677,-0.0008124043764687489,,,3000,600
I4_Multi_Sparse_Delay,1958,C0_M1_PARENT,1,0.5438594575995667,106.85,102.0,148.0,170.0,196.0,204.0,71.15333333333334,35.696666666666665,7.888,2.0086666666666666,7.608666666666666,5.6,20.2,23.733333333333334,335.63466666666665,3,7,2,7,0.2675,0.4058333333333333,0.035833333333333335,103,0,3,0.3729327316261595,-0.0385399798938137,0.31833452219538744,-0.09313818932458617,,,6000,600
I4_Multi_Sparse_Delay,1958,C2_K2,2,0.5460312939411934,92.665,92.0,127.60000000000582,166.0,196.0,196.0,65.96833333333333,26.696666666666665,7.888,2.0086666666666666,7.608666666666666,5.6,11.2,24.233333333333334,316.31466666666665,3,6,2,6,0.115,0.4058333333333333,0.0,103,0,3,0.37293273162384977,-0.0002823444718794263,0.3681543358266529,-0.005060740269076053,,,3000,600
I5_Moving_Delay_Support,1958,C0_M1_PARENT,1,0.4468950104218046,96.34566666666667,92.0,148.0,162.0,170.0,204.0,60.575,35.77066666666666,7.906666666666666,2.064,7.664,5.6,20.2,21.517333333333333,323.882,4,1,4,1,0.04583333333333333,0.10166666666666667,0.015833333333333335,102,0,4,-0.06162147041744683,-7.187229204121726e-05,-0.06026845368972854,0.0012811444356771303,,,6000,600
I5_Moving_Delay_Support,1958,C2_K2,2,0.44692010898373397,87.289,92.0,136.60000000000218,162.0,170.0,204.0,60.51833333333333,26.770666666666667,7.906666666666666,2.064,7.664,5.6,11.2,22.017333333333333,311.802,4,1,4,1,0.04416666666666667,0.10166666666666667,0.015833333333333335,102,0,4,-0.06162147041744006,0.0014461778578402724,-0.061540772914027396,0.001526875361252947,,,3000,600
I6_Continuous_Latent_State,1958,C0_M1_PARENT,1,0.14012799183792662,127.651,126.0,140.20000000000073,196.0,196.0,196.0,91.83,35.821,7.912,2.109,7.709,5.6,20.2,20.806,369.085,0,1,0,0,0.995,0.0,0.0,98,0,0,-0.047466811375681144,0.14948626583500121,-0.0838414715159659,0.11311160569471643,,,6000,600
I6_Continuous_Latent_State,1958,C2_K2,2,0.1400647951196533,118.59433333333334,122.0,127.60000000000582,196.0,196.0,196.0,91.77333333333333,26.821,7.912,2.109,7.709,5.6,11.2,21.306,357.005,0,1,0,0,0.9933333333333333,0.0,0.0,98,0,0,-0.047466811375681144,0.044943124585732665,-0.044042512981115126,0.048367422980298586,,,3000,600
I7_Quiescent_Continuous_State,1958,C0_M1_PARENT,1,0.14594579240371788,119.01566666666666,110.0,140.20000000000073,196.0,196.0,196.0,83.38666666666667,35.629,7.91,1.919,7.519,5.6,20.2,20.668333333333333,357.0966666666667,0,2,0,1,0.7466666666666667,0.0,0.0,83,0,0,-0.09461030742067103,0.10851686438012599,-0.13868327322613908,0.06444389857465795,,105.0,6000,600
I7_Quiescent_Continuous_State,1958,C2_K2,2,0.15010751570166442,110.44933333333333,102.0,136.60000000000218,196.0,196.0,204.0,83.84833333333333,26.601,7.907333333333334,1.8936666666666666,7.493666666666666,5.6,11.2,21.788333333333334,344.8473333333333,3,2,3,1,0.735,0.08583333333333333,0.08333333333333333,85,0,3,-0.06266045017614487,0.049954769777911634,-0.0679934302165204,0.04462178973753611,,105.0,3000,600
I8_Quiescent_Discrete_Delay,1958,C0_M1_PARENT,1,0.3846343458100423,98.61666666666666,92.0,140.20000000000073,162.0,170.0,196.0,63.09166666666667,35.525,7.892,1.833,7.433,5.6,20.2,23.217333333333332,324.73566666666665,1,1,1,1,0.04583333333333333,0.35333333333333333,0.0,93,0,1,-0.18327282237665007,-0.006933969868844837,-0.18352946329655356,-0.007190610788748357,,,6000,600
I8_Quiescent_Discrete_Delay,1958,C2_K2,2,0.3845301630338293,89.56,92.0,127.60000000000582,162.0,170.0,196.0,63.035,26.525,7.892,1.833,7.433,5.6,11.2,23.717333333333332,312.65566666666666,1,1,1,1,0.04416666666666667,0.35333333333333333,0.0,93,0,1,-0.18327282237665007,-0.0007968120126649611,-0.1832089544453144,-0.000732944081329364,,,3000,600
I9_Hybrid_Delay_Plus_Latent_State,1958,C0_M1_PARENT,1,0.1485983359873804,132.94333333333333,132.0,148.0,204.0,204.0,204.0,97.51333333333334,35.43,7.862,1.768,7.367999999999999,5.6,20.2,27.599666666666668,367.09433333333334,1,6,0,5,0.8825,0.9508333333333333,0.8383333333333334,99,0,1,0.2898572342537283,0.015208405811230691,0.33398915567195786,0.05934032722946045,,,6000,600
I9_Hybrid_Delay_Plus_Latent_State,1958,C2_K2,2,0.15798203888005136,116.18,102.0,136.60000000000218,204.0,204.0,204.0,89.75,26.43,7.862,1.768,7.367999999999999,5.6,11.2,28.099666666666668,344.13433333333336,1,5,0,5,0.6541666666666667,0.9508333333333333,0.6116666666666667,99,0,1,0.2887796798315867,-0.025544858198122362,0.3259053006629874,0.01158076263327824,,,3000,600
I10_Redundant_Temporal_Structure,1958,C0_M1_PARENT,1,0.3393983544926338,136.325,136.0,148.0,204.0,204.0,204.0,100.86166666666666,35.46333333333333,7.865333333333333,1.798,7.398,5.6,20.2,27.23,372.38866666666667,1,1,0,0,0.9966666666666667,0.8975,0.8975,102,0,1,0.5368688346561465,0.34495729974156186,0.1678939303985319,-0.0240176045160531,,,6000,600
I10_Redundant_Temporal_Structure,1958,C2_K2,2,0.36059347418959503,125.895,126.0,136.60000000000218,204.0,204.0,204.0,99.37166666666667,26.523333333333333,7.872,1.8513333333333333,7.4513333333333325,5.6,11.2,26.705333333333332,359.79466666666667,3,1,2,0,0.995,0.7541666666666667,0.7541666666666667,103,0,3,0.5368700366992981,0.08213152874172827,0.4913752058937259,0.036636697936156315,,,3000,600
I11_Regime_Switch_Delay_To_Latent,1958,C0_M1_PARENT,1,0.15849620631404235,111.242,102.0,140.20000000000073,170.0,196.0,196.0,75.66333333333333,35.57866666666666,7.887333333333333,1.8913333333333333,7.491333333333333,5.6,20.2,24.624333333333333,340.6003333333333,1,1,1,0,0.3616666666666667,0.5366666666666666,0.0,101,0,1,-0.021186656940387166,0.07394903209599536,-0.037759432083134536,0.05737625695324796,291.0,,6000,600
I11_Regime_Switch_Delay_To_Latent,1958,C2_K2,2,0.15061367065389253,105.132,102.0,136.60000000000218,170.0,196.0,204.0,78.55333333333333,26.578666666666667,7.887333333333333,1.8913333333333333,7.491333333333333,5.6,11.2,25.124333333333333,332.68033333333335,1,1,1,0,0.44666666666666666,0.5366666666666666,0.04,101,0,1,-0.02118633324818648,0.03369732130481422,-0.023853191502461655,0.031030463050538994,291.0,,3000,600
I12_Regime_Switch_Latent_To_Delay,1958,C0_M1_PARENT,1,0.20116639560773747,113.78066666666666,110.0,140.20000000000073,176.0,196.0,196.0,78.155,35.62566666666667,7.905333333333333,1.9203333333333332,7.520333333333333,5.6,20.2,22.384,347.27566666666667,1,4,0,4,0.5241666666666667,0.23333333333333334,0.0,97,0,1,0.7907936483147727,-0.044298876241287734,0.8005637781066781,-0.034528746449382065,1689.0,,6000,600
I12_Regime_Switch_Latent_To_Delay,1958,C2_K2,2,0.23260190321198257,107.45633333333333,102.0,136.60000000000218,176.0,204.0,204.0,80.985,26.471333333333334,7.886666666666667,1.7846666666666666,7.384666666666666,5.6,11.2,25.42866666666667,335.5126666666667,3,1,2,1,0.5025,0.59,0.31333333333333335,99,0,3,0.7645427586310503,-0.0010518976081940513,0.7646552908402824,-0.0009393653989611427,2361.0,,3000,600
I13_Regime_Switch_Hybrid_To_Memoryless,1958,C0_M1_PARENT,1,0.1563330500386671,112.727,106.0,148.0,170.0,204.0,204.0,77.27333333333333,35.45366666666666,7.8886666666666665,1.765,7.364999999999999,5.6,20.2,24.731,342.5733333333333,1,5,1,5,0.40166666666666667,0.5616666666666666,0.3575,92,0,1,-0.04077191277267694,-0.002662693197494119,-0.04248057428841635,-0.004371354713233509,101.0,,6000,600
I13_Regime_Switch_Hybrid_To_Memoryless,1958,C2_K2,2,0.15156407112692039,103.642,102.0,136.60000000000218,170.0,204.0,204.0,77.18833333333333,26.453666666666667,7.8886666666666665,1.765,7.364999999999999,5.6,11.2,25.231,330.4533333333333,1,3,1,3,0.39916666666666667,0.5616666666666666,0.3566666666666667,92,0,1,-0.0407719624859158,-0.0011286571228610852,-0.04160478724319562,-0.001961481880140886,100.0,,3000,600
I14_Intermittent_Hybrid,1958,C0_M1_PARENT,1,0.20543427099918402,117.829,120.0,148.0,196.0,204.0,204.0,82.16666666666667,35.662333333333336,7.891333333333334,1.971,7.571,5.6,20.2,24.024333333333335,350.7393333333333,3,3,3,3,0.5791666666666667,0.4475,0.30666666666666664,106,0,3,-0.04093026486632906,-0.013539485536758454,-0.043903020178409954,-0.016512240848839344,193.0,,6000,600
I14_Intermittent_Hybrid,1958,C2_K2,2,0.20750466421584457,106.13733333333333,102.0,136.60000000000218,171.00000000000364,204.0,204.0,79.475,26.662333333333333,7.891333333333334,1.971,7.571,5.6,11.2,24.524333333333335,334.9393333333333,3,2,3,2,0.5,0.4475,0.29083333333333333,106,0,3,-0.040930191328661505,-0.0058621283210749265,-0.04188989313031168,-0.006821830122725087,193.0,,3000,600
I1_Memoryless_Linear,1959,C0_M1_PARENT,1,0.12280677580362337,92.31166666666667,92.0,109.6000000000131,142.0,156.0,162.0,58.0,34.31166666666667,7.982,0.5296666666666666,6.129666666666666,5.6,20.2,19.545666666666666,320.6773333333333,0,0,0,0,0.0,0.0,0.0,23,0,0,-0.017112797311130783,-0.0014692286339347868,-0.017146787803492054,-0.0015032191262960549,,,6000,600
I1_Memoryless_Linear,1959,C2_K2,2,0.12283946277481864,84.75666666666666,92.0,127.60000000000582,142.0,156.0,176.0,59.445,25.311666666666667,7.982,0.5296666666666666,6.129666666666666,5.6,11.2,20.045666666666666,310.71733333333333,0,1,0,1,0.0425,0.0,0.0,23,0,0,-0.017112797311130783,-0.0008445120820891501,-0.01814407677055876,-0.001875791541517117,,,3000,600
I2_Static_Nonlinear_Negative_Control,1959,C0_M1_PARENT,1,0.9948711266277993,95.65366666666667,92.0,140.20000000000073,162.0,162.0,196.0,59.836666666666666,35.817,7.913333333333333,2.103666666666667,7.703666666666667,5.6,20.2,21.089333333333332,323.5063333333333,3,1,3,1,0.0425,0.03916666666666667,0.0,106,0,3,-0.04370096784795889,0.00014521240029545225,-0.04370539392703604,0.00014078632121833145,,,6000,600
I2_Static_Nonlinear_Negative_Control,1959,C2_K2,2,0.9944111315652124,86.88033333333334,92.0,127.60000000000582,162.0,162.0,196.0,60.06333333333333,26.817,7.913333333333333,2.103666666666667,7.703666666666667,5.6,11.2,21.589333333333332,311.8263333333333,3,2,3,2,0.049166666666666664,0.03916666666666667,0.0,106,0,3,-0.04370096784795889,0.014028965546263678,-0.044817828893844,0.012912104500378588,,,3000,600
I3_Single_Exact_Delay,1959,C0_M1_PARENT,1,0.18573353107785964,103.714,102.0,140.20000000000073,170.0,170.0,196.0,68.22,35.494,7.873333333333333,1.8206666666666667,7.4206666666666665,5.6,20.2,26.47,327.4066666666667,2,3,1,3,0.0675,0.7925,0.0,104,0,2,0.8239182878185054,4.070926881120208e-05,0.8238462295974351,-3.13489522592246e-05,,,6000,600
I3_Single_Exact_Delay,1959,C2_K2,2,0.1856931893862316,95.16733333333333,96.0,127.60000000000582,170.0,170.0,196.0,68.67333333333333,26.494,7.873333333333333,1.8206666666666667,7.4206666666666665,5.6,11.2,26.97,316.0466666666667,2,3,1,3,0.08083333333333333,0.7925,0.0,104,0,2,0.8239182878185054,0.0005684365010582387,0.8233827956363546,3.294431890729437e-05,,,3000,600
I4_Multi_Sparse_Delay,1959,C0_M1_PARENT,1,0.5144179470557374,109.08133333333333,102.0,148.0,170.0,204.0,204.0,73.53833333333333,35.543,7.860666666666667,1.8823333333333334,7.482333333333333,5.6,20.2,26.063666666666666,335.52666666666664,2,10,1,10,0.24083333333333334,0.735,0.15666666666666668,88,0,2,0.5957986963217043,0.014031973365561059,0.4659241861201059,-0.11584253683603743,,,6000,600
I4_Multi_Sparse_Delay,1959,C2_K2,2,0.5132029229309653,93.73466666666667,92.0,127.60000000000582,170.0,170.0,196.0,67.19166666666666,26.543,7.860666666666667,1.8823333333333334,7.482333333333333,5.6,11.2,26.563666666666666,314.56666666666666,2,2,1,2,0.05416666666666667,0.735,0.0,88,0,2,0.5960977080702623,0.007100708392002845,0.585495293778492,-0.003501705899767009,,,3000,600
I5_Moving_Delay_Support,1959,C0_M1_PARENT,1,0.23042788091954824,101.11533333333334,98.0,116.80000000001019,170.0,170.0,170.0,65.59166666666667,35.523666666666664,7.87,1.8536666666666666,7.453666666666666,5.6,20.2,26.240333333333332,324.05266666666665,2,0,1,0,0.0,0.7591666666666667,0.0,102,0,2,0.5072675014658738,-0.0043640251457622995,0.5115645202527359,-6.700635890029711e-05,,,6000,600
I5_Moving_Delay_Support,1959,C2_K2,2,0.23070147814648947,93.56033333333333,94.0,127.60000000000582,170.0,170.0,196.0,67.03666666666666,26.523666666666667,7.87,1.8536666666666666,7.453666666666666,5.6,11.2,26.740333333333332,314.0926666666667,2,1,1,1,0.0425,0.7591666666666667,0.0,102,0,2,0.5072675014658738,-0.005409056423090425,0.5095214732292529,-0.0031550846597120717,,,3000,600
I6_Continuous_Latent_State,1959,C0_M1_PARENT,1,0.13944714535244151,128.70733333333334,126.0,148.0,196.0,200.0,204.0,92.905,35.80233333333333,7.902,2.1003333333333334,7.700333333333333,5.6,20.2,21.587,369.478,1,1,1,0,0.995,0.1075,0.1075,96,0,1,-0.0656088591373682,0.24768255413627216,-0.07245090104251124,0.24084051223112946,,,6000,600
I6_Continuous_Latent_State,1959,C2_K2,2,0.13950835119580648,119.946,122.0,136.60000000000218,196.0,204.0,204.0,93.155,26.791,7.898666666666666,2.0923333333333334,7.692333333333333,5.6,11.2,22.263333333333332,357.567,2,1,2,0,0.995,0.1325,0.1325,95,0,2,-0.022514597500019856,0.1175310195500451,-0.060352736094940365,0.07969288095512442,,,3000,600
I7_Quiescent_Continuous_State,1959,C0_M1_PARENT,1,0.15107541633533048,122.28466666666667,120.0,148.0,196.0,204.0,204.0,86.74833333333333,35.53633333333333,7.905333333333333,1.831,7.430999999999999,5.6,20.2,21.808,360.10766666666666,2,2,2,1,0.7975,0.16333333333333333,0.16083333333333333,84,0,2,-0.12469915899320498,0.21407887383389357,-0.11596060748940894,0.22281742533768967,,210.0,6000,600
I7_Quiescent_Continuous_State,1959,C2_K2,2,0.1495974196432605,112.884,102.0,136.60000000000218,196.0,204.0,204.0,86.35333333333334,26.530666666666665,7.904,1.8266666666666667,7.426666666666666,5.6,11.2,22.237333333333332,347.6326666666667,1,2,1,1,0.7883333333333333,0.155,0.155,82,0,1,-0.14149866114262208,0.11388440986234549,-0.1109674527155248,0.144415618289443,,205.0,3000,600
I8_Quiescent_Discrete_Delay,1959,C0_M1_PARENT,1,0.2333499615939074,102.21733333333333,98.0,140.20000000000073,170.0,170.0,196.0,66.68666666666667,35.53066666666667,7.870666666666667,1.86,7.46,5.6,20.2,25.347333333333335,326.846,3,3,2,3,0.0675,0.6391666666666667,0.0,103,0,3,0.8233723608642464,-1.736005351244687e-06,0.823236097079927,-0.00013799978967090636,,,6000,600
I8_Quiescent_Discrete_Delay,1959,C2_K2,2,0.23328906466634983,93.67066666666666,92.0,127.60000000000582,170.0,170.0,196.0,67.14,26.530666666666665,7.870666666666667,1.86,7.46,5.6,11.2,25.847333333333335,315.486,3,3,2,3,0.08083333333333333,0.6391666666666667,0.0,103,0,3,0.8233723608642464,0.0015564063984907838,0.8215681157639908,-0.00024783870176409964,,,3000,600
I9_Hybrid_Delay_Plus_Latent_State,1959,C0_M1_PARENT,1,0.20150014682936032,132.51066666666668,126.0,148.0,204.0,204.0,204.0,96.895,35.61566666666667,7.8853333333333335,1.9303333333333332,7.530333333333333,5.6,20.2,25.126,369.9316666666667,1,2,0,1,0.9675,0.6,0.6,106,0,1,0.33065321634053846,0.13064704884505052,0.28794852392203424,0.08794235642654684,,,6000,600
I9_Hybrid_Delay_Plus_Latent_State,1959,C2_K2,2,0.21863920231440662,115.18066666666667,102.0,136.60000000000218,196.0,204.0,204.0,88.565,26.615666666666666,7.8853333333333335,1.9303333333333332,7.530333333333333,5.6,11.2,25.626,346.1716666666667,1,6,0,5,0.7225,0.6,0.44666666666666666,106,0,1,0.3306209001921545,0.10406084069318981,0.2650023330259486,0.03844227352698367,,,3000,600
I10_Redundant_Temporal_Structure,1959,C0_M1_PARENT,1,0.34935369441570036,135.264,132.0,148.0,204.0,204.0,204.0,99.74666666666667,35.51733333333333,7.8646666666666665,1.8526666666666667,7.4526666666666666,5.6,20.2,26.474333333333334,371.931,2,1,1,0,0.995,0.7916666666666666,0.7916666666666666,90,0,2,0.775569548736844,0.27947590242495723,0.37328554944244735,-0.12280809686943925,,,6000,600
I10_Redundant_Temporal_Structure,1959,C2_K2,2,0.3483935057627303,126.426,128.0,136.60000000000218,204.0,204.0,204.0,99.91333333333333,26.512666666666668,7.860666666666667,1.852,7.452,5.6,11.2,27.092333333333332,359.991,2,1,1,0,0.995,0.8083333333333333,0.8083333333333333,89,0,2,0.7755696637214793,0.22706783813498949,0.5662948077437522,0.017792982157262605,,,3000,600
I11_Regime_Switch_Delay_To_Latent,1959,C0_M1_PARENT,1,0.2742734381614213,109.817,110.0,140.20000000000073,162.0,196.0,196.0,73.99666666666667,35.82033333333333,7.914,2.106333333333333,7.706333333333333,5.6,20.2,20.813,343.888,1,2,1,1,0.47,0.0016666666666666668,0.0,101,0,1,-0.045380628553088755,0.16780025631099435,-0.06013297384897762,0.15304791101510543,247.0,,6000,600
I11_Regime_Switch_Delay_To_Latent,1959,C2_K2,2,0.2784390904865388,98.83366666666667,92.0,127.60000000000582,162.0,196.0,196.0,72.01333333333334,26.820333333333334,7.914,2.106333333333333,7.706333333333333,5.6,11.2,21.313,329.088,1,5,1,4,0.4116666666666667,0.0016666666666666668,0.0,101,0,1,-0.045380628553088755,0.09201366919063929,-0.031439249084616566,0.10595504865911147,247.0,,3000,600
I12_Regime_Switch_Latent_To_Delay,1959,C0_M1_PARENT,1,0.26239481014681143,113.104,110.0,148.0,190.0,196.0,204.0,77.29333333333334,35.81066666666667,7.911333333333333,2.0993333333333335,7.699333333333334,5.6,20.2,21.283,347.88366666666667,3,3,3,3,0.5483333333333333,0.065,0.04666666666666667,104,0,3,-0.12024130068473592,-0.008844581373411948,-0.12109974814202681,-0.009703028830702771,3000.0,,6000,600
I12_Regime_Switch_Latent_To_Delay,1959,C2_K2,2,0.2628702476389915,103.46533333333333,92.0,136.60000000000218,190.0,196.0,204.0,76.66166666666666,26.80366666666667,7.912,2.091666666666667,7.691666666666666,5.6,11.2,21.772666666666666,334.99833333333333,3,2,3,2,0.53,0.06416666666666666,0.04583333333333333,104,0,3,-0.12024130072805034,-0.0023419254393187918,-0.115600211767963,0.0022991635207684673,3000.0,,3000,600
I13_Regime_Switch_Hybrid_To_Memoryless,1959,C0_M1_PARENT,1,0.22483764374237547,113.18566666666666,110.0,148.0,190.0,204.0,204.0,77.45166666666667,35.734,7.911333333333333,2.022666666666667,7.6226666666666665,5.6,20.2,22.19633333333333,346.74033333333335,1,2,1,2,0.515,0.19416666666666665,0.1475,105,0,1,-0.07658440581191682,-0.0009998472241488354,-0.07522456195495064,0.00035999663281733555,115.0,,6000,600
I13_Regime_Switch_Hybrid_To_Memoryless,1959,C2_K2,2,0.23600005612325192,98.47033333333333,92.0,136.60000000000218,162.0,196.0,204.0,71.73666666666666,26.733666666666668,7.911333333333333,2.0223333333333335,7.622333333333334,5.6,11.2,22.702333333333332,326.66333333333336,1,4,1,4,0.3466666666666667,0.195,0.07083333333333333,105,0,1,-0.07658418455299536,-0.0012082774101571784,-0.07502060247092332,0.0003553046719148782,111.0,,3000,600
I14_Intermittent_Hybrid,1959,C0_M1_PARENT,1,0.19581537744240576,116.03466666666667,110.0,148.0,196.0,204.0,204.0,80.375,35.659666666666666,7.894666666666667,1.965,7.5649999999999995,5.6,20.2,23.533333333333335,348.893,1,3,1,3,0.5458333333333333,0.38166666666666665,0.2725,102,0,1,-0.060404796385191195,-0.008797950129425912,-0.06541033209614949,-0.013803485840384192,166.0,,6000,600
I14_Intermittent_Hybrid,1959,C2_K2,2,0.19894989555479675,108.68066666666667,102.0,136.60000000000218,196.0,204.0,204.0,82.02333333333333,26.657333333333334,7.894666666666667,1.9626666666666666,7.562666666666666,5.6,11.2,24.05666666666667,339.18466666666666,1,2,1,2,0.5933333333333334,0.385,0.3408333333333333,102,0,1,-0.05899152932050864,-0.0036952474178121833,-0.06103801368734978,-0.005741731784653324,165.0,,3000,600
I1_Memoryless_Linear,1960,C0_M1_PARENT,1,0.13201121479126693,92.608,92.0,109.6000000000131,150.0,162.0,162.0,58.0,34.608,7.968,0.84,6.4399999999999995,5.6,20.2,19.796,320.806,0,0,0,0,0.0,0.0,0.0,38,0,0,-0.0008690732879952137,-0.001173172252817431,-0.0008329905565091334,-0.0011370895213313498,,,6000,600
I1_Memoryless_Linear,1960,C2_K2,2,0.13201121479126693,83.608,88.0,97.00000000001819,150.0,162.0,162.0,58.0,25.608,7.968,0.84,6.4399999999999995,5.6,11.2,20.296,308.806,0,0,0,0,0.0,0.0,0.0,38,0,0,-0.0008690732879952137,-0.0005454958741693753,-0.0008710225878505359,-0.0005474451740246973,,,3000,600
I2_Static_Nonlinear_Negative_Control,1960,C0_M1_PARENT,1,1.0725241318108865,93.87133333333334,92.0,109.6000000000131,162.0,162.0,162.0,58.0,35.87133333333333,7.908,2.1633333333333336,7.763333333333334,5.6,20.2,20.834,321.34,0,0,0,0,0.0,0.0,0.0,103,0,0,-0.14694676894368616,-1.176608407394302e-06,-0.1469529023501706,-7.310014891861656e-06,,,6000,600
I2_Static_Nonlinear_Negative_Control,1960,C2_K2,2,1.0725241318108865,84.87133333333334,88.0,97.00000000001819,162.0,162.0,162.0,58.0,26.871333333333332,7.908,2.1633333333333336,7.763333333333334,5.6,11.2,21.334,309.34,0,0,0,0,0.0,0.0,0.0,103,0,0,-0.14694676894368616,-9.599617532949038e-06,-0.14694194160281626,-4.772276663031846e-06,,,3000,600
I3_Single_Exact_Delay,1960,C0_M1_PARENT,1,0.45244662073622177,96.48066666666666,92.0,140.20000000000073,162.0,162.0,196.0,60.645,35.83566666666667,7.91,2.1256666666666666,7.725666666666666,5.6,20.2,20.859,324.992,1,2,1,2,0.07583333333333334,0.006666666666666667,0.0,101,0,1,-0.05940602857823376,-0.0033701028839190454,-0.05922629570807894,-0.003190370013764275,,,6000,600
I3_Single_Exact_Delay,1960,C2_K2,2,0.4530455942694114,85.46066666666667,88.0,136.60000000000218,162.0,162.0,204.0,58.64833333333333,26.812333333333335,7.908666666666667,2.103666666666667,7.703666666666667,5.6,11.2,21.734333333333332,309.62,1,1,1,1,0.0016666666666666668,0.059166666666666666,0.0016666666666666668,102,0,1,-0.046884167505264356,-0.0006543562471131489,-0.04695564448563763,-0.0007258332274864081,,,3000,600
I4_Multi_Sparse_Delay,1960,C0_M1_PARENT,1,0.5405970534635007,106.325,102.0,148.0,170.0,204.0,204.0,70.76166666666667,35.56333333333333,7.8726666666666665,1.8906666666666667,7.490666666666666,5.6,20.2,25.77166666666667,332.05766666666665,2,6,1,6,0.17166666666666666,0.6925,0.11833333333333333,95,0,2,0.3563655538445936,0.015771188233210477,0.32107648011725465,-0.019517885494128584,,,6000,600
I4_Multi_Sparse_Delay,1960,C2_K2,2,0.5383902103992858,93.27333333333333,92.0,127.60000000000582,170.0,170.0,196.0,66.71,26.563333333333333,7.8726666666666665,1.8906666666666667,7.490666666666666,5.6,11.2,26.27166666666667,314.3376666666667,2,1,1,1,0.0525,0.6925,0.0,95,0,2,0.3563673772973626,0.00011034694281965518,0.3561358919689658,-0.00012113838557726734,,,3000,600
I5_Moving_Delay_Support,1960,C0_M1_PARENT,1,0.3757787713901697,99.00333333333333,92.0,140.20000000000073,162.0,170.0,196.0,63.348333333333336,35.655,7.892,1.963,7.563,5.6,20.2,23.666666666666668,324.64033333333333,2,1,2,1,0.03916666666666667,0.40166666666666667,0.0,103,0,2,-0.07572435162762578,0.0005141736538164696,-0.07579114026442428,0.00044738501701794463,,,6000,600
I5_Moving_Delay_Support,1960,C2_K2,2,0.37580954946596745,90.00333333333333,92.0,127.60000000000582,162.0,170.0,196.0,63.348333333333336,26.655,7.892,1.963,7.563,5.6,11.2,24.166666666666668,312.64033333333333,2,1,2,1,0.03916666666666667,0.40166666666666667,0.0,103,0,2,-0.07572435162762578,3.044194045109223e-05,-0.07562822079563758,0.0001265727724392809,,,3000,600
I6_Continuous_Latent_State,1960,C0_M1_PARENT,1,0.14879771586712717,129.023,126.0,148.20000000000073,196.0,204.0,204.0,93.23833333333333,35.784666666666666,7.895333333333333,2.0893333333333333,7.689333333333333,5.6,20.2,22.032333333333334,369.3023333333333,1,1,1,0,0.9866666666666667,0.16916666666666666,0.16916666666666666,93,0,1,-0.04280413150875047,0.28874917799547645,-0.0581860195376598,0.2733672899665669,,,6000,600
I6_Continuous_Latent_State,1960,C2_K2,2,0.149529453069756,120.60833333333333,126.0,137.4000000000051,196.0,204.0,204.0,93.84666666666666,26.761666666666667,7.894666666666667,2.067,7.667,5.6,11.2,22.970666666666666,357.52166666666665,4,1,4,0,0.9866666666666667,0.23,0.23,99,0,4,-0.05240874111474585,0.10924740264836852,-0.056495775812165326,0.10516036795094903,,,3000,600
I7_Quiescent_Continuous_State,1960,C0_M1_PARENT,1,0.15736816612794582,122.75966666666666,120.0,148.0,196.0,204.0,204.0,87.16,35.599666666666664,7.8966666666666665,1.903,7.503,5.6,20.2,22.457666666666668,359.87466666666666,2,2,2,1,0.7858333333333334,0.24416666666666667,0.24083333333333334,93,0,2,-0.13546452469926334,0.2523524672590441,-0.10773410214579185,0.2800828898125155,,80.0,6000,600
I7_Quiescent_Continuous_State,1960,C2_K2,2,0.16652630039537852,112.80533333333334,102.0,136.60000000000218,196.0,204.0,204.0,86.23166666666667,26.573666666666668,7.895333333333333,1.8783333333333334,7.4783333333333335,5.6,11.2,23.221,346.1666666666667,2,2,2,1,0.7475,0.2816666666666667,0.25583333333333336,93,0,2,-0.14609547871410408,0.10834773696724657,-0.13346530978590226,0.12097790589544843,,144.0,3000,600
I8_Quiescent_Discrete_Delay,1960,C0_M1_PARENT,1,0.4564512152112275,99.309,92.0,140.20000000000073,162.0,196.0,196.0,63.625,35.684,7.9126666666666665,1.9713333333333334,7.5713333333333335,5.6,20.2,20.766333333333332,329.105,1,2,1,2,0.1625,0.01,0.0,95,0,1,-0.14982539513939996,-0.00976128224508477,-0.15176541985038108,-0.011701306956065794,,,6000,600
I8_Quiescent_Discrete_Delay,1960,C2_K2,2,0.45720649958001736,85.80766666666666,88.0,136.60000000000218,162.0,164.0,204.0,59.115,26.692666666666668,7.904,1.9886666666666666,7.588666666666667,5.6,11.2,21.994666666666667,309.7513333333333,4,1,4,1,0.0016666666666666668,0.10583333333333333,0.0016666666666666668,96,0,4,-0.1234965534907225,-0.006319482172674559,-0.12182250252295088,-0.004645431204902945,,,3000,600
I9_Hybrid_Delay_Plus_Latent_State,1960,C0_M1_PARENT,1,0.2916862951397526,124.225,122.0,148.20000000000073,196.0,204.0,204.0,88.495,35.73,7.895333333333333,2.034666666666667,7.634666666666666,5.6,20.2,22.960333333333335,361.2463333333333,4,8,3,7,0.8091666666666667,0.29833333333333334,0.2975,105,0,4,0.40117900912695253,0.10238082186774246,0.4057680416727459,0.10696985441353613,,,6000,600
I9_Hybrid_Delay_Plus_Latent_State,1960,C2_K2,2,0.3091258102752097,105.87,96.0,137.4000000000051,196.0,204.0,204.0,79.145,26.725,7.894,2.031,7.631,5.6,11.2,23.561666666666667,335.89733333333334,4,7,3,7,0.53,0.3125,0.20083333333333334,102,0,4,0.40015033221396146,0.0530955022840647,0.4034248306061049,0.05637000067620832,,,3000,600
I10_Redundant_Temporal_Structure,1960,C0_M1_PARENT,1,0.3422723821760511,137.07766666666666,136.0,148.20000000000073,204.0,204.0,204.0,101.63166666666666,35.446,7.859333333333334,1.7866666666666666,7.386666666666667,5.6,20.2,27.874333333333333,372.5523333333333,1,1,0,0,0.9933333333333333,0.9858333333333333,0.9858333333333333,100,0,1,0.5712273911619843,0.33457923128092326,0.16726073210731507,-0.06938742777374575,,,6000,600
I10_Redundant_Temporal_Structure,1960,C2_K2,2,0.3440376399180513,128.021,130.0,137.4000000000051,204.0,204.0,204.0,101.575,26.446,7.859333333333334,1.7866666666666666,7.386666666666667,5.6,11.2,28.374333333333333,360.4723333333333,1,1,0,0,0.9916666666666667,0.9858333333333333,0.9858333333333333,100,0,1,0.5712276301840367,0.062327211372269896,0.5221264497486036,0.013226030936837047,,,3000,600
I11_Regime_Switch_Delay_To_Latent,1960,C0_M1_PARENT,1,0.28211975550972823,107.17666666666666,106.0,140.20000000000073,162.0,196.0,196.0,71.345,35.83166666666666,7.911333333333333,2.1203333333333334,7.720333333333333,5.6,20.2,20.807666666666666,340.166,0,2,0,1,0.3925,0.0,0.0,100,0,0,-0.13365861651647148,0.20037831693628955,-0.1174197837645334,0.2166171496882275,772.0,,6000,600
I11_Regime_Switch_Delay_To_Latent,1960,C2_K2,2,0.28253230419306763,99.39566666666667,92.0,136.60000000000218,162.0,204.0,204.0,72.62,26.775666666666666,7.907333333333334,2.0683333333333334,7.668333333333333,5.6,11.2,22.219,328.62266666666665,1,2,1,1,0.3925,0.1275,0.1275,105,0,1,-0.08537732997023877,0.07932600211099217,-0.0831428735673263,0.08156045851390456,786.0,,3000,600
I12_Regime_Switch_Latent_To_Delay,1960,C0_M1_PARENT,1,0.25180573058838174,114.73933333333333,110.0,148.20000000000073,190.0,198.0,204.0,79.07166666666667,35.66766666666667,7.895333333333333,1.9723333333333333,7.572333333333333,5.6,20.2,22.906333333333333,347.9393333333333,3,3,2,3,0.5325,0.2966666666666667,0.14583333333333334,95,0,3,0.4172209400929685,-0.0024760934617465338,0.41874479883606447,-0.0009522347186503912,2464.0,,6000,600
I12_Regime_Switch_Latent_To_Delay,1960,C2_K2,2,0.2763367770741063,103.90333333333334,92.0,137.4000000000051,190.0,204.0,204.0,77.15666666666667,26.746666666666666,7.9013333333333335,2.0453333333333332,7.645333333333333,5.6,11.2,22.605333333333334,334.45733333333334,3,2,3,2,0.51,0.18166666666666667,0.18166666666666667,100,0,3,-0.07393541913231981,-0.0035936589776795003,-0.07250360809970297,-0.002161847945062626,3000.0,,3000,600
I13_Regime_Switch_Hybrid_To_Memoryless,1960,C0_M1_PARENT,1,0.2668045858962751,105.47966666666666,92.0,148.0,162.0,198.0,204.0,69.94666666666667,35.533,7.918666666666667,1.8143333333333334,7.414333333333333,5.6,20.2,21.482666666666667,336.82166666666666,3,7,3,7,0.31583333333333335,0.12083333333333333,0.12,88,0,3,-0.00426690397078063,-0.0024341492775045185,-0.004815714450533408,-0.0029829597572572954,104.0,,6000,600
I13_Regime_Switch_Hybrid_To_Memoryless,1960,C2_K2,2,0.27446189127754395,93.295,92.0,136.60000000000218,162.0,198.0,204.0,66.97166666666666,26.323333333333334,7.925333333333334,1.598,7.1979999999999995,5.6,11.2,21.897333333333332,320.37733333333335,3,3,3,3,0.22416666666666665,0.135,0.11,80,0,3,-0.000883978560446935,-0.0018014020251171006,-0.0008929439285823636,-0.0018103673932525302,104.0,,3000,600
I14_Intermittent_Hybrid,1960,C0_M1_PARENT,1,0.24812199458961176,115.718,110.0,148.0,196.0,196.0,204.0,79.93666666666667,35.781333333333336,7.906666666666666,2.074666666666667,7.674666666666667,5.6,20.2,22.112,350.4193333333333,3,3,3,3,0.5925,0.17916666666666667,0.07166666666666667,108,0,3,-0.05171473393468346,-0.009687877890437957,-0.05306688830656861,-0.011040032262323089,1487.0,,6000,600
I14_Intermittent_Hybrid,1960,C2_K2,2,0.25585217568215235,105.17366666666666,92.0,136.60000000000218,192.0,196.02000000000044,204.0,78.39833333333333,26.775333333333332,7.906,2.0693333333333332,7.6693333333333324,5.6,11.2,22.707,336.107,3,2,3,2,0.5433333333333333,0.1925,0.1,108,0,3,-0.05170284011665973,-0.006030380929028306,-0.04941828471593675,-0.0037458255283053556,1487.0,,3000,600
I1_Memoryless_Linear,1961,C0_M1_PARENT,1,0.12659464592757638,93.6,92.0,138.40000000000146,142.0,150.0,176.0,59.64333333333333,33.95666666666666,7.995333333333333,0.16133333333333333,5.761333333333333,5.6,20.2,19.185,322.8136666666667,0,1,0,1,0.04833333333333333,0.0,0.0,6,0,0,-2.013864922250762e-07,-0.0019502140269233154,-2.0526048956450355e-07,-0.0019502179009206538,,,6000,600
I1_Memoryless_Linear,1961,C2_K2,2,0.12676344556718736,84.515,92.0,127.60000000000582,142.0,150.0,176.0,59.55833333333333,24.956666666666667,7.995333333333333,0.16133333333333333,5.761333333333333,5.6,11.2,19.685,310.6936666666667,0,1,0,1,0.04583333333333333,0.0,0.0,6,0,0,-2.013864922250762e-07,0.001813404312159725,-2.075212859741731e-07,0.0018133981773659758,,,3000,600
I2_Static_Nonlinear_Negative_Control,1961,C0_M1_PARENT,1,1.0391040984814284,94.27033333333334,92.0,116.80000000001019,162.0,162.0,170.0,58.43333333333333,35.837,7.912,2.125,7.725,5.6,20.2,21.138,321.491,2,0,2,0,0.0,0.043333333333333335,0.0,106,0,2,-0.16857880001070585,-2.316426150088086e-05,-0.16857879472701684,-2.3158977811865915e-05,,,6000,600
I2_Static_Nonlinear_Negative_Control,1961,C2_K2,2,1.0391040984814284,85.27033333333334,88.0,106.00000000001455,162.0,162.0,170.0,58.43333333333333,26.837,7.912,2.125,7.725,5.6,11.2,21.638,309.491,2,0,2,0,0.0,0.043333333333333335,0.0,106,0,2,-0.16857880001070585,1.764402690520104e-05,-0.16854271336705443,5.3730670556707724e-05,,,3000,600
I3_Single_Exact_Delay,1961,C0_M1_PARENT,1,0.44806452401573205,96.88666666666667,92.0,148.0,162.0,170.0,204.0,61.07333333333333,35.81333333333333,7.91,2.1033333333333335,7.703333333333333,5.6,20.2,21.137,325.171,5,2,5,2,0.07666666666666666,0.04666666666666667,0.011666666666666667,100,0,5,-0.12683469382310825,-0.0032455467348435777,-0.12601489200176416,-0.002425744913499478,,,6000,600
I3_Single_Exact_Delay,1961,C2_K2,2,0.3696383324129758,91.28766666666667,92.0,136.60000000000218,162.0,176.0,204.0,64.58,26.707666666666668,7.8933333333333335,2.0143333333333335,7.614333333333333,5.6,11.2,23.176666666666666,315.825,2,3,1,3,0.11583333333333333,0.26416666666666666,0.01,96,0,2,0.9372287743215345,-0.00507051715749476,0.942024425666527,-0.0002748658125027794,,,3000,600
I4_Multi_Sparse_Delay,1961,C0_M1_PARENT,1,0.5190776804458285,111.973,102.0,148.0,170.0,204.0,204.0,76.40166666666667,35.571333333333335,7.868666666666667,1.9026666666666667,7.502666666666666,5.6,20.2,25.500333333333334,340.403,3,8,2,8,0.34833333333333333,0.6558333333333334,0.17916666666666667,86,0,3,0.3635158575817056,0.016645189361174227,0.24825512769919852,-0.09861554052133291,,,6000,600
I4_Multi_Sparse_Delay,1961,C2_K2,2,0.5192911960140277,98.86466666666666,96.0,136.60000000000218,170.0,196.0,204.0,72.29333333333334,26.57133333333333,7.868666666666667,1.9026666666666667,7.502666666666666,5.6,11.2,26.000333333333334,322.603,3,3,2,3,0.2275,0.6558333333333334,0.0925,86,0,3,0.36341905724288237,0.011387550696037129,0.3576517416612486,0.005620235114403441,,,3000,600
I5_Moving_Delay_Support,1961,C0_M1_PARENT,1,0.33415753348175137,100.181,92.0,140.20000000000073,166.20000000000073,170.0,196.0,64.535,35.646,7.890666666666666,1.9553333333333334,7.5553333333333335,5.6,20.2,24.32133333333333,325.408,8,1,7,1,0.04833333333333333,0.4891666666666667,0.0,110,0,8,0.7344567200185285,1.0690424591979252e-05,0.7344356657786919,-1.036381524451181e-05,,,6000,600
I5_Moving_Delay_Support,1961,C2_K2,2,0.334445381849922,91.29433333333333,92.0,127.60000000000582,170.0,170.0,196.0,64.64833333333333,26.646,7.890666666666666,1.9553333333333334,7.5553333333333335,5.6,11.2,24.82133333333333,313.568,8,2,7,2,0.051666666666666666,0.4891666666666667,0.0,110,0,8,0.7344567200185285,0.0018612056908064467,0.7336234124111279,0.0010278980834062912,,,3000,600
I6_Continuous_Latent_State,1961,C0_M1_PARENT,1,0.13981941357503205,127.746,126.0,140.20000000000073,196.0,196.0,196.0,91.915,35.831,7.908,2.123,7.723,5.6,20.2,20.809333333333335,369.2076666666667,0,1,0,0,0.9975,0.0,0.0,95,0,0,-0.1285377657822562,0.3719396930972798,-0.08877682231357038,0.41170063656596584,,,6000,600
I6_Continuous_Latent_State,1961,C2_K2,2,0.14103957224961114,118.88866666666667,122.0,136.60000000000218,196.0,196.0,204.0,92.06,26.828666666666667,7.91,2.1186666666666665,7.718666666666666,5.6,11.2,21.502333333333333,357.14366666666666,1,2,1,1,0.9941666666666666,0.025833333333333333,0.025833333333333333,103,0,1,-0.09984963111904695,0.09214026213111985,-0.07498823515184752,0.11700165809831933,,,3000,600
I7_Quiescent_Continuous_State,1961,C0_M1_PARENT,1,0.14859514052760062,120.63733333333333,110.0,140.20000000000073,196.0,196.0,196.0,85.03,35.60733333333334,7.914666666666666,1.8926666666666667,7.492666666666667,5.6,20.2,20.649333333333335,359.406,0,2,0,1,0.795,0.0,0.0,84,0,0,-0.04197362589884356,0.3573560460349808,-0.22105609899672726,0.17827357293709709,,89.0,6000,600
I7_Quiescent_Continuous_State,1961,C2_K2,2,0.14907851067643668,111.27866666666667,102.0,136.60000000000218,196.0,196.0,204.0,84.73166666666667,26.547,7.916,1.831,7.430999999999999,5.6,11.2,21.448,346.475,1,2,1,1,0.7725,0.04666666666666667,0.04666666666666667,85,0,1,-0.04197362351259526,0.12211568891297106,-0.08060113663484746,0.08348817579071882,,89.0,3000,600
I8_Quiescent_Discrete_Delay,1961,C0_M1_PARENT,1,0.4560166644750409,96.73133333333334,92.0,142.0,162.0,170.0,204.0,61.065,35.666333333333334,7.908666666666667,1.9576666666666667,7.557666666666666,5.6,20.2,21.025,325.11533333333335,5,2,5,2,0.07666666666666666,0.04583333333333333,0.011666666666666667,94,0,5,-0.049453423921553115,-0.004954947343524163,-0.04667070749823222,-0.0021722309202032706,,,6000,600
I8_Quiescent_Discrete_Delay,1961,C2_K2,2,0.4544460284839557,88.978,92.0,136.60000000000218,162.0,176.0,204.0,62.22,26.758,7.902,2.056,7.656,5.6,11.2,21.413,315.021,2,4,2,4,0.1175,0.0225,0.01,99,0,2,0.06803768601806896,-0.030500456184615027,0.07208225334952476,-0.026455888853159245,,,3000,600
I9_Hybrid_Delay_Plus_Latent_State,1961,C0_M1_PARENT,1,0.2548557159409022,130.25733333333332,126.0,148.0,196.0,204.0,204.0,94.51833333333333,35.739,7.894,2.045,7.645,5.6,20.2,22.976333333333333,369.73466666666667,1,3,0,2,0.9858333333333333,0.3,0.29333333333333333,102,0,1,0.44450872396047664,0.08794867841266828,0.43162241881663516,0.07506237326882702,,,6000,600
I9_Hybrid_Delay_Plus_Latent_State,1961,C2_K2,2,0.2649281531618417,115.08333333333333,122.0,136.60000000000218,196.0,204.0,204.0,88.34666666666666,26.736666666666668,7.894,2.042666666666667,7.642666666666667,5.6,11.2,23.499666666666666,348.98633333333333,1,7,0,7,0.8033333333333333,0.30333333333333334,0.21166666666666667,102,0,1,0.47202374506779,0.05372720983787044,0.4582706038828032,0.03997406865288361,,,3000,600
I10_Redundant_Temporal_Structure,1961,C0_M1_PARENT,1,0.3813226789716918,132.41566666666668,126.0,148.0,196.0,204.0,204.0,96.75333333333333,35.662333333333336,7.8806666666666665,1.9816666666666667,7.581666666666666,5.6,20.2,24.305666666666667,370.92266666666666,3,1,2,0,0.9966666666666667,0.4866666666666667,0.4866666666666667,98,0,3,0.8444463974900106,0.12476805764396456,0.4931839365806998,-0.22649440326534623,,,6000,600
I10_Redundant_Temporal_Structure,1961,C2_K2,2,0.39754897673286155,122.437,126.0,136.60000000000218,196.0,204.0,204.0,95.73,26.707,7.89,2.017,7.616999999999999,5.6,11.2,24.121,358.498,5,1,4,0,0.995,0.39,0.39,105,0,5,0.8441327648484153,0.26963978285162993,0.7063783436086623,0.1318853616118766,,,3000,600
I11_Regime_Switch_Delay_To_Latent,1961,C0_M1_PARENT,1,0.2747961512772919,112.61833333333334,110.0,148.0,186.0,196.0,204.0,76.85,35.76833333333333,7.908666666666667,2.0596666666666668,7.659666666666666,5.6,20.2,21.722333333333335,346.584,4,2,4,1,0.5166666666666667,0.12833333333333333,0.015833333333333335,104,0,4,-0.046092186701676856,0.2509000471395616,-0.10525320918397879,0.19173902465725987,312.0,,6000,600
I11_Regime_Switch_Delay_To_Latent,1961,C2_K2,2,0.289249709754781,98.28966666666666,92.0,136.60000000000218,162.0,196.0,204.0,71.56833333333333,26.721333333333334,7.908,2.013333333333333,7.613333333333333,5.6,11.2,22.626,326.506,5,2,5,1,0.3441666666666667,0.18666666666666668,0.03,104,0,5,-0.05372204114866732,0.09510359222195423,-0.04992178592942489,0.09890384744119657,717.0,,3000,600
I12_Regime_Switch_Latent_To_Delay,1961,C0_M1_PARENT,1,0.2604559002184268,111.826,110.0,140.20000000000073,190.0,196.0,196.0,76.00333333333333,35.82266666666667,7.913333333333333,2.1093333333333333,7.709333333333333,5.6,20.2,21.00733333333333,346.4653333333333,2,2,1,2,0.5216666666666666,0.02666666666666667,0.0,105,0,2,0.3268866425471681,-0.05131721973023891,0.29814356282372817,-0.08006029945367872,2969.0,,6000,600
I12_Regime_Switch_Latent_To_Delay,1961,C2_K2,2,0.26195536845062084,104.12933333333334,92.0,127.60000000000582,190.0,196.0,196.0,77.30666666666667,26.822666666666667,7.913333333333333,2.1093333333333333,7.709333333333333,5.6,11.2,21.50733333333333,336.30533333333335,2,4,1,4,0.56,0.02666666666666667,0.0,105,0,2,0.3268866425471681,0.049185580093574335,0.2604184583359657,-0.017282604117628015,2969.0,,3000,600
I13_Regime_Switch_Hybrid_To_Memoryless,1961,C0_M1_PARENT,1,0.24647998424514425,110.63,110.0,140.20000000000073,186.0,196.0,196.0,75.255,35.375,7.933333333333334,1.6416666666666666,7.241666666666666,5.6,20.2,20.416666666666668,345.485,0,2,0,2,0.5075,0.0,0.0,77,0,0,-0.0016658909591689643,-0.0037349092242787312,-0.0016177496704524825,-0.00368676793556225,100.0,,6000,600
I13_Regime_Switch_Hybrid_To_Memoryless,1961,C2_K2,2,0.24952504011899024,100.12833333333333,92.0,127.60000000000582,162.0,196.0,196.0,73.75333333333333,26.375,7.933333333333334,1.6416666666666666,7.241666666666666,5.6,11.2,20.916666666666668,331.365,0,3,0,3,0.4633333333333333,0.0,0.0,77,0,0,-0.0016658909591689643,0.0014283532180513962,-0.0017382641449443415,0.0013559800322760188,100.0,,3000,600
I14_Intermittent_Hybrid,1961,C0_M1_PARENT,1,0.25244086567676577,114.77066666666667,110.0,148.0,192.20000000000073,196.0,204.0,78.98166666666667,35.789,7.908,2.081,7.680999999999999,5.6,20.2,21.596,349.801,2,6,2,6,0.585,0.10916666666666666,0.041666666666666664,105,0,2,-0.052852475696820236,-0.012811913423388133,-0.05083095921172474,-0.010790396938292625,1616.0,,6000,600
I14_Intermittent_Hybrid,1961,C2_K2,2,0.2531791938584264,105.719,92.0,136.60000000000218,196.0,196.0,204.0,78.945,26.774,7.906666666666666,2.0673333333333335,7.667333333333334,5.6,11.2,22.290666666666667,337.45866666666666,3,2,3,2,0.5758333333333333,0.13666666666666666,0.08833333333333333,105,0,3,-0.05284790239247314,-0.0019507417027770585,-0.04842003145451506,0.00247712923518106,1616.0,,3000,600
I1_Memoryless_Linear,1962,C0_M1_PARENT,1,0.12467616361397416,93.90766666666667,92.0,138.40000000000146,150.0,156.0,176.0,59.501666666666665,34.406,7.978,0.628,6.228,5.6,20.2,19.680333333333333,322.86566666666664,0,1,0,1,0.04416666666666667,0.0,0.0,23,0,0,-0.016838776044967134,-5.8832721831562427e-05,-0.016866145844835548,-8.620252169999227e-05,,,6000,600
I1_Memoryless_Linear,1962,C2_K2,2,0.12476454944046321,84.681,92.0,127.60000000000582,150.0,156.0,176.0,59.275,25.406,7.978,0.628,6.228,5.6,11.2,20.180333333333333,310.54566666666665,0,1,0,1,0.0375,0.0,0.0,23,0,0,-0.016838776044967134,-0.00014602263169740914,-0.017079958519370483,-0.00038720510610076327,,,3000,600
I2_Static_Nonlinear_Negative_Control,1962,C0_M1_PARENT,1,1.0382848051659928,96.23166666666667,92.0,140.20000000000073,162.0,170.0,196.0,60.43333333333333,35.79833333333333,7.9093333333333335,2.089,7.689,5.6,20.2,21.436666666666667,323.841,1,1,1,1,0.04583333333333333,0.0875,0.0,104,0,1,-0.04379530799392587,1.1652868552808488e-06,-0.04379436886315472,2.1044176264230285e-06,,,6000,600
I2_Static_Nonlinear_Negative_Control,1962,C2_K2,2,1.037028049875918,86.94833333333334,92.0,127.60000000000582,162.0,170.0,196.0,60.15,26.798333333333332,7.9093333333333335,2.089,7.689,5.6,11.2,21.936666666666667,311.441,1,1,1,1,0.0375,0.0875,0.0,104,0,1,-0.04379530799392587,-5.24785736922739e-05,-0.043704490952018595,3.833846821497937e-05,,,3000,600
I3_Single_Exact_Delay,1962,C0_M1_PARENT,1,0.3631217748115867,98.13666666666667,92.0,142.60000000000218,162.0,170.0,204.0,62.42666666666667,35.71,7.904,2.006,7.606,5.6,20.2,22.901333333333334,324.49466666666666,4,1,3,1,0.04416666666666667,0.2925,0.006666666666666667,107,0,4,0.8137536109849978,-5.747051670509816e-06,0.8137574116301496,-1.9464065183749318e-06,,,6000,600
I3_Single_Exact_Delay,1962,C2_K2,2,0.36296545240612976,87.66333333333333,92.0,127.60000000000582,162.0,170.0,170.0,60.95333333333333,26.71,7.904,2.006,7.606,5.6,11.2,23.401333333333334,310.4146666666667,4,1,3,1,0.0008333333333333334,0.2925,0.0,107,0,4,0.8137536109852239,0.0009138472985024187,0.812663105117014,-0.00017665856970728444,,,3000,600
I4_Multi_Sparse_Delay,1962,C0_M1_PARENT,1,0.5542531613436512,104.259,92.0,148.0,170.0,196.0,204.0,68.565,35.694,7.88,2.014,7.613999999999999,5.6,20.2,23.568,332.194,5,8,4,8,0.1975,0.385,0.0325,92,0,5,0.46779948092386064,-0.02786656653894081,0.42379638301177097,-0.07186966445103064,,,6000,600
I4_Multi_Sparse_Delay,1962,C2_K2,2,0.5546356983381259,89.819,92.0,136.60000000000218,162.0,170.0,204.0,63.125,26.694,7.88,2.014,7.613999999999999,5.6,11.2,24.068,312.514,5,1,4,1,0.0375,0.385,0.02666666666666667,92,0,5,0.46779948092594575,0.00010521470559107577,0.46757900583728085,-0.0001152603830733494,,,3000,600
I5_Moving_Delay_Support,1962,C0_M1_PARENT,1,0.1974619875025104,103.701,102.0,148.0,170.0,170.0,204.0,68.255,35.446,7.864,1.782,7.382,5.6,20.2,27.134666666666668,326.46133333333336,4,1,3,1,0.04083333333333333,0.8866666666666667,0.029166666666666667,101,0,4,0.6286567088679724,0.00012173814971111526,0.6282145729010474,-0.00032039781721415425,,,6000,600
I5_Moving_Delay_Support,1962,C2_K2,2,0.19752933611894852,94.58766666666666,96.0,136.60000000000218,170.0,170.0,204.0,68.14166666666667,26.446,7.864,1.782,7.382,5.6,11.2,27.634666666666668,314.30133333333333,4,1,3,1,0.0375,0.8866666666666667,0.029166666666666667,101,0,4,0.6286567088680969,-0.0006447715034266722,0.6283442513762421,-0.0009572289952815054,,,3000,600
I6_Continuous_Latent_State,1962,C0_M1_PARENT,1,0.13758792119280086,127.59166666666667,126.0,140.20000000000073,196.0,196.0,196.0,91.77333333333333,35.818333333333335,7.9126666666666665,2.1056666666666666,7.705666666666666,5.6,20.2,20.803,369.00333333333333,0,1,0,0,0.9933333333333333,0.0,0.0,101,0,0,-0.040702159129291676,0.27418804151711074,-0.06964380359964366,0.24524639704675852,,,6000,600
I6_Continuous_Latent_State,1962,C2_K2,2,0.13902845403392056,118.98633333333333,122.0,136.60000000000218,196.0,196.0,204.0,92.18833333333333,26.798,7.912,2.086,7.686,5.6,11.2,21.768,356.916,2,1,2,0,0.9866666666666667,0.06416666666666666,0.06416666666666666,106,0,2,-0.05028272962392946,0.1341844327859216,-0.06991335572382615,0.11455380668602494,,,3000,600
I7_Quiescent_Continuous_State,1962,C0_M1_PARENT,1,0.13971690755517685,120.554,110.0,140.20000000000073,196.0,196.0,196.0,84.83166666666666,35.72233333333333,7.9093333333333335,2.013,7.6129999999999995,5.6,20.2,20.732666666666667,359.169,0,2,0,1,0.7891666666666667,0.0,0.0,98,0,0,-0.04964273409796704,0.2535625829616252,-0.03843639598061284,0.2647689210789793,,152.0,6000,600
I7_Quiescent_Continuous_State,1962,C2_K2,2,0.14515609637090063,109.88233333333334,92.0,127.60000000000582,196.0,196.0,196.0,83.16,26.722333333333335,7.9093333333333335,2.013,7.6129999999999995,5.6,11.2,21.232666666666667,344.809,0,2,0,1,0.74,0.0,0.0,98,0,0,-0.04964273409796704,0.14542139136047616,-0.05066244872806523,0.14440167673037793,,246.0,3000,600
I8_Quiescent_Discrete_Delay,1962,C0_M1_PARENT,1,0.44646515159595107,95.31066666666666,92.0,142.0,162.0,162.0,204.0,59.72666666666667,35.584,7.918,1.866,7.465999999999999,5.6,20.2,20.799666666666667,323.44033333333334,1,1,1,1,0.04416666666666667,0.0225,0.006666666666666667,87,0,1,-0.08319651481648477,-0.00032742250354583725,-0.08316906933975206,-0.00029997702681305014,,,6000,600
I8_Quiescent_Discrete_Delay,1962,C2_K2,2,0.4463085437729065,84.809,88.0,106.00000000001455,162.0,162.0,170.0,58.225,26.584,7.918,1.866,7.465999999999999,5.6,11.2,21.299666666666667,309.32033333333334,1,0,1,0,0.0,0.0225,0.0,87,0,1,-0.0831965148162587,0.00144796564692086,-0.0828224405765016,0.0018220398866780102,,,3000,600
I9_Hybrid_Delay_Plus_Latent_State,1962,C0_M1_PARENT,1,0.19158900482426017,120.046,120.0,148.0,196.0,204.0,204.0,84.58,35.466,7.875333333333334,1.7906666666666666,7.390666666666666,5.6,20.2,26.227666666666668,350.805,1,10,0,9,0.5575,0.7625,0.405,104,0,1,0.2865021947302917,0.05730117662123124,0.30720481995243876,0.07800380184337823,,,6000,600
I9_Hybrid_Delay_Plus_Latent_State,1962,C2_K2,2,0.18914853504184548,112.34933333333333,102.0,136.60000000000218,196.0,204.0,204.0,85.88333333333334,26.466,7.875333333333334,1.7906666666666666,7.390666666666666,5.6,11.2,26.727666666666668,340.645,1,8,0,7,0.5958333333333333,0.7625,0.4558333333333333,104,0,1,0.28679201472414817,0.06289467560863922,0.29048400592762535,0.06658666681211627,,,3000,600
I10_Redundant_Temporal_Structure,1962,C0_M1_PARENT,1,0.39122614233097586,132.29233333333335,126.0,148.0,196.0,204.0,204.0,96.62333333333333,35.669,7.8853333333333335,1.9836666666666667,7.583666666666666,5.6,20.2,24.303333333333335,370.76033333333334,3,1,2,0,0.9933333333333333,0.485,0.485,104,0,3,0.46018468516237293,0.34073875171498497,0.1608329724381451,0.04138703899075724,,,6000,600
I10_Redundant_Temporal_Structure,1962,C2_K2,2,0.4209165047747734,119.57233333333333,122.0,136.60000000000218,196.0,204.0,204.0,92.77,26.802333333333333,7.903333333333333,2.099,7.699,5.6,11.2,22.791666666666668,356.31,5,1,4,0,0.9633333333333334,0.20166666666666666,0.18083333333333335,109,0,5,0.4373866938731517,0.19369741845822716,0.31188686453925657,0.06819758912433199,,,3000,600
I11_Regime_Switch_Delay_To_Latent,1962,C0_M1_PARENT,1,0.2814591724758445,105.86533333333334,102.0,140.20000000000073,162.0,196.0,196.0,70.13833333333334,35.727,7.906666666666666,2.0203333333333333,7.620333333333333,5.6,20.2,22.198,336.38233333333335,3,2,3,1,0.2991666666666667,0.19666666666666666,0.0,106,0,3,-0.08806444918449441,0.18045958855058317,-0.12699105976897812,0.14153297796609937,106.0,,6000,600
I11_Regime_Switch_Delay_To_Latent,1962,C2_K2,2,0.27457400353132455,99.812,92.0,127.60000000000582,170.0,196.0,196.0,73.085,26.727,7.906666666666666,2.0203333333333333,7.620333333333333,5.6,11.2,22.698,328.5423333333333,3,4,3,3,0.3858333333333333,0.19666666666666666,0.0,106,0,3,-0.08806444918449441,0.10216195133688688,-0.1143868265274222,0.0758395739939591,106.0,,3000,600
I12_Regime_Switch_Latent_To_Delay,1962,C0_M1_PARENT,1,0.21300001580550007,113.458,110.0,140.20000000000073,184.0,196.0,196.0,77.72333333333333,35.73466666666667,7.908,2.026666666666667,7.626666666666667,5.6,20.2,21.994,347.4,1,1,0,1,0.5308333333333334,0.1675,0.0,103,0,1,0.7462897227790111,-5.8610098892117744e-05,0.7459935002184656,-0.00035483265943807773,2105.0,,6000,600
I12_Regime_Switch_Latent_To_Delay,1962,C2_K2,2,0.21405336265064057,104.42966666666666,92.0,127.60000000000582,184.0,196.0,196.0,77.695,26.734666666666666,7.908,2.026666666666667,7.626666666666667,5.6,11.2,22.494,335.36,1,3,0,3,0.53,0.1675,0.0,103,0,1,0.7462897227790111,0.0024872196420124585,0.7435096770679014,-0.000292826069097635,2105.0,,3000,600
I13_Regime_Switch_Hybrid_To_Memoryless,1962,C0_M1_PARENT,1,0.19511875665943892,108.517,102.0,148.0,170.0,204.0,204.0,73.01666666666667,35.50033333333333,7.908,1.7923333333333333,7.392333333333333,5.6,20.2,23.54,338.293,1,6,1,6,0.325,0.39666666666666667,0.1725,99,0,1,-0.0022538497073073885,-0.0007347542085133197,-0.0025739993106320474,-0.0010549038118379936,139.0,,6000,600
I13_Regime_Switch_Hybrid_To_Memoryless,1962,C2_K2,2,0.20424345635057478,95.83366666666667,92.0,136.60000000000218,170.0,196.0,204.0,69.33333333333333,26.500333333333334,7.908,1.7923333333333333,7.392333333333333,5.6,11.2,24.04,321.093,1,5,1,5,0.21666666666666667,0.39666666666666667,0.07666666666666666,99,0,1,-0.0022538555816675435,-0.0010205243340076985,-0.0028934959835926473,-0.0016601647359328025,139.0,,3000,600
I14_Intermittent_Hybrid,1962,C0_M1_PARENT,1,0.2111159792095686,115.631,110.0,148.0,190.0,200.04000000000087,204.0,79.975,35.656,7.894,1.962,7.561999999999999,5.6,20.2,23.227666666666668,348.74033333333335,2,2,2,2,0.5458333333333333,0.3416666666666667,0.11916666666666667,100,0,2,-0.024373423384592353,-0.005339181860974488,-0.028431376979339992,-0.009397135455722143,1599.0,,6000,600
I14_Intermittent_Hybrid,1962,C2_K2,2,0.22216689469651368,100.992,92.0,136.60000000000218,170.0,196.0,204.0,74.30833333333334,26.683666666666667,7.898666666666666,1.985,7.585,5.6,11.2,23.432666666666666,329.19166666666666,3,2,3,2,0.39166666666666666,0.2991666666666667,0.0575,104,0,3,-0.04636104110318256,-0.00232415530583036,-0.04703313705432992,-0.0029962512569777105,1599.0,,3000,600
I1_Memoryless_Linear,1963,C0_M1_PARENT,1,0.12393701081988914,92.07433333333333,92.0,109.6000000000131,142.0,156.0,162.0,58.0,34.074333333333335,7.988,0.28633333333333333,5.886333333333333,5.6,20.2,19.273333333333333,320.5396666666667,0,0,0,0,0.0,0.0,0.0,13,0,0,-0.02568695819244026,-0.00165433193406227,-0.024366989136984773,-0.00033436287860678834,,,6000,600
I1_Memoryless_Linear,1963,C2_K2,2,0.12393701081988914,83.07433333333333,88.0,97.00000000001819,142.0,156.0,162.0,58.0,25.074333333333332,7.988,0.28633333333333333,5.886333333333333,5.6,11.2,19.773333333333333,308.5396666666667,0,0,0,0,0.0,0.0,0.0,13,0,0,-0.02568695819244026,-0.0035282955834541377,-0.025091981045226884,-0.0029333184362407686,,,3000,600
I2_Static_Nonlinear_Negative_Control,1963,C0_M1_PARENT,1,1.0017928448742814,93.83533333333334,92.0,109.6000000000131,162.0,162.0,162.0,58.0,35.83533333333333,7.9126666666666665,2.1226666666666665,7.722666666666666,5.6,20.2,20.80366666666667,321.32366666666667,0,0,0,0,0.0,0.0,0.0,102,0,0,-0.15591555509037883,-0.00035339954902368167,-0.15590190430017564,-0.0003397487588204108,,,6000,600
I2_Static_Nonlinear_Negative_Control,1963,C2_K2,2,1.0017928448742814,84.83533333333334,88.0,97.00000000001819,162.0,162.0,162.0,58.0,26.835333333333335,7.9126666666666665,2.1226666666666665,7.722666666666666,5.6,11.2,21.30366666666667,309.32366666666667,0,0,0,0,0.0,0.0,0.0,102,0,0,-0.15591555509037883,-0.00038327544479543413,-0.15590418746214293,-0.0003719078165595579,,,3000,600
I3_Single_Exact_Delay,1963,C0_M1_PARENT,1,0.20953243284586645,102.21833333333333,102.0,140.20000000000073,170.0,170.0,196.0,66.69166666666666,35.526666666666664,7.88,1.8466666666666667,7.446666666666666,5.6,20.2,25.909333333333333,326.0846666666667,2,1,1,1,0.04583333333333333,0.7133333333333334,0.0,103,0,2,0.6283214755091465,-0.0006739964117475686,0.6285210299750309,-0.0004744419458630133,,,6000,600
I3_Single_Exact_Delay,1963,C2_K2,2,0.2095365531413064,93.21833333333333,92.0,127.60000000000582,170.0,170.0,196.0,66.69166666666666,26.526666666666667,7.88,1.8466666666666667,7.446666666666666,5.6,11.2,26.409333333333333,314.0846666666667,2,1,1,1,0.04583333333333333,0.7133333333333334,0.0,103,0,2,0.6283214755091465,-5.844031097590897e-05,0.6265283225145065,-0.0018515933056155183,,,3000,600
I4_Multi_Sparse_Delay,1963,C0_M1_PARENT,1,0.5631747499337474,110.78066666666666,102.0,148.0,170.0,204.0,204.0,75.11,35.67066666666667,7.886666666666667,1.984,7.584,5.6,20.2,24.192666666666668,340.54466666666667,4,9,3,9,0.365,0.47,0.16583333333333333,103,0,4,0.2891058381808938,0.012650256497010914,0.1280018389960788,-0.14845374268780412,,,6000,600
I4_Multi_Sparse_Delay,1963,C2_K2,2,0.5629714653957403,91.04933333333334,92.0,127.60000000000582,166.0,170.0,196.0,64.38,26.669333333333334,7.886666666666667,1.9826666666666666,7.582666666666666,5.6,11.2,24.698,313.38733333333334,4,2,3,2,0.049166666666666664,0.4708333333333333,0.0,103,0,4,0.28913028116947564,0.006961505353430682,0.28495592859450786,0.002787152778462679,,,3000,600
I5_Moving_Delay_Support,1963,C0_M1_PARENT,1,0.23267490784732628,105.54733333333333,102.0,148.0,170.0,184.0,204.0,70.06166666666667,35.48566666666667,7.872,1.8136666666666668,7.413666666666666,5.6,20.2,26.464666666666666,330.0043333333333,2,3,1,3,0.12166666666666667,0.7925,0.07416666666666667,101,0,2,0.7555530572696313,-0.0017115859818380992,0.7572619362356474,-2.7070158222793486e-06,,,6000,600
I5_Moving_Delay_Support,1963,C2_K2,2,0.2657289636432734,93.13733333333333,92.0,136.60000000000218,170.0,170.0,196.0,66.61166666666666,26.525666666666666,7.876,1.8496666666666666,7.449666666666666,5.6,11.2,26.322666666666667,314.08233333333334,3,2,2,2,0.04666666666666667,0.7025,0.0008333333333333334,100,0,3,0.7328590169215246,-0.0019893620080849504,0.7333895180292549,-0.0014588609003545862,,,3000,600
I6_Continuous_Latent_State,1963,C0_M1_PARENT,1,0.13934845949923208,128.31533333333334,126.0,148.0,196.0,196.0,204.0,92.58,35.73533333333334,7.9126666666666665,2.022666666666667,7.6226666666666665,5.6,20.2,21.282333333333334,369.323,1,2,1,1,0.995,0.075,0.075,100,0,1,-0.05895808072252377,0.3006868896016046,-0.07002248438444636,0.28962248593968176,,,6000,600
I6_Continuous_Latent_State,1963,C2_K2,2,0.14748250460115103,116.693,122.0,127.60000000000582,196.0,196.0,196.0,89.945,26.748,7.914,2.034,7.6339999999999995,5.6,11.2,21.580333333333332,353.90166666666664,1,2,1,1,0.9258333333333333,0.04666666666666667,0.0,100,0,1,-0.058958084108858916,0.13845610552831727,-0.06342521708076418,0.13398897255641207,,,3000,600
I7_Quiescent_Continuous_State,1963,C0_M1_PARENT,1,0.1508893745124363,120.708,120.0,142.0,196.0,196.0,204.0,85.27,35.438,7.918,1.72,7.319999999999999,5.6,20.2,21.031666666666666,358.8763333333333,1,3,1,2,0.78,0.075,0.075,84,0,1,-0.18174600621731857,0.2868827384554038,-0.17439076422191216,0.2942379804508102,,103.0,6000,600
I7_Quiescent_Continuous_State,1963,C2_K2,2,0.17193827544831497,106.50733333333334,92.0,127.60000000000582,196.0,196.0,196.0,80.05666666666667,26.450666666666667,7.919333333333333,1.7313333333333334,7.331333333333333,5.6,11.2,21.329666666666668,339.815,1,4,1,3,0.635,0.04666666666666667,0.0,84,0,1,-0.18174600624411236,0.14791704011091322,-0.20182591447775344,0.12783713187727228,,104.0,3000,600
I8_Quiescent_Discrete_Delay,1963,C0_M1_PARENT,1,0.2643128365525,100.46533333333333,92.0,140.20000000000073,164.0,170.0,196.0,65.05833333333334,35.407,7.8853333333333335,1.7216666666666667,7.321666666666666,5.6,20.2,24.608666666666668,325.433,3,1,2,1,0.04583333333333333,0.55,0.0,90,0,3,0.6126440066340215,-0.00018834862849377159,0.6126954647335506,-0.00013689052896524004,,,6000,600
I8_Quiescent_Discrete_Delay,1963,C2_K2,2,0.26431904644556714,91.46533333333333,92.0,127.60000000000582,164.0,170.0,196.0,65.05833333333334,26.407,7.8853333333333335,1.7216666666666667,7.321666666666666,5.6,11.2,25.108666666666668,313.433,3,1,2,1,0.04583333333333333,0.55,0.0,90,0,3,0.6126440066340215,-0.00025055383190952877,0.6121911661761819,-0.0007033942897492439,,,3000,600
I9_Hybrid_Delay_Plus_Latent_State,1963,C0_M1_PARENT,1,0.17016242100836054,130.35333333333332,126.0,148.0,204.0,204.0,204.0,94.91666666666667,35.43666666666667,7.87,1.7666666666666666,7.366666666666666,5.6,20.2,26.809,364.537,1,8,0,7,0.8375,0.8441666666666666,0.7708333333333334,101,0,1,0.772970705619567,0.27760211922673184,0.5801656304501912,0.08479704405735608,,,6000,600
I9_Hybrid_Delay_Plus_Latent_State,1963,C2_K2,2,0.19403423150074461,105.226,102.0,136.60000000000218,170.0,204.0,204.0,78.78666666666666,26.439333333333334,7.8693333333333335,1.77,7.369999999999999,5.6,11.2,27.304,329.7746666666667,1,8,0,8,0.36333333333333334,0.8433333333333334,0.3175,100,0,1,0.77973007199029,0.08256862280895036,0.7394471678874655,0.04228571870612556,,,3000,600
I10_Redundant_Temporal_Structure,1963,C0_M1_PARENT,1,0.3785181444906324,132.22566666666665,126.0,148.0,196.0,204.0,204.0,96.545,35.68066666666667,7.884,1.9966666666666666,7.596666666666666,5.6,20.2,24.167333333333332,370.85266666666666,1,1,0,0,0.9966666666666667,0.4658333333333333,0.4658333333333333,98,0,1,0.294818349383254,0.4401400354744481,-0.09133383438711516,0.053987851704078944,,,6000,600
I10_Redundant_Temporal_Structure,1963,C2_K2,2,0.36097381346643587,125.46033333333334,126.0,136.60000000000218,204.0,204.0,204.0,98.88833333333334,26.572,7.8693333333333335,1.9026666666666667,7.502666666666666,5.6,11.2,26.374666666666666,359.63,1,1,0,0,0.995,0.7058333333333333,0.7058333333333333,97,0,1,0.29482103828898093,0.23049576086716406,0.12513775827883522,0.06081248085701817,,,3000,600
I11_Regime_Switch_Delay_To_Latent,1963,C0_M1_PARENT,1,0.20775143926274756,115.265,110.0,148.0,170.0,204.0,204.0,79.64,35.625,7.886,1.939,7.539,5.6,20.2,24.177666666666667,346.89733333333334,2,2,2,1,0.4975,0.4725,0.1825,100,0,2,-0.01327531484183454,0.20101382702829274,-0.06723625076008558,0.14705289111004166,403.0,,6000,600
I11_Regime_Switch_Delay_To_Latent,1963,C2_K2,2,0.2082498365824516,106.20833333333333,102.0,136.60000000000218,170.0,204.0,204.0,79.58333333333333,26.625,7.886,1.939,7.539,5.6,11.2,24.677666666666667,334.81733333333335,2,2,2,1,0.49583333333333335,0.4725,0.1825,100,0,2,-0.013275242005117517,0.10145773818506917,-0.05176244446906209,0.06297053572112454,403.0,,3000,600
I12_Regime_Switch_Latent_To_Delay,1963,C0_M1_PARENT,1,0.27070454983381215,113.71233333333333,110.0,148.0,192.0,196.0,204.0,77.96833333333333,35.744,7.914,2.03,7.629999999999999,5.6,20.2,21.189666666666668,348.83633333333336,1,5,1,5,0.5691666666666667,0.06166666666666667,0.06166666666666667,98,0,1,-0.09911588459727208,-0.002314149406009083,-0.09897301522164287,-0.0021712800303797996,3000.0,,6000,600
I12_Regime_Switch_Latent_To_Delay,1963,C2_K2,2,0.27913111085825026,99.349,92.0,127.60000000000582,162.0,196.0,196.0,72.61833333333334,26.730666666666668,7.9126666666666665,2.018,7.617999999999999,5.6,11.2,21.810333333333332,329.097,4,5,3,5,0.4066666666666667,0.07916666666666666,0.0,98,0,4,0.03761300391177503,-0.011157208237200083,0.03745455357103568,-0.011315658577939413,3000.0,,3000,600
I13_Regime_Switch_Hybrid_To_Memoryless,1963,C0_M1_PARENT,1,0.18286288383731508,110.70766666666667,102.0,148.0,170.0,204.0,204.0,75.30333333333333,35.404333333333334,7.9,1.7043333333333333,7.304333333333333,5.6,20.2,23.985333333333333,340.7576666666667,1,7,1,7,0.37166666666666665,0.4666666666666667,0.305,90,0,1,-0.024945625911204163,-0.002641565786763448,-0.02292404542926302,-0.0006199853048223175,120.0,,6000,600
I13_Regime_Switch_Hybrid_To_Memoryless,1963,C2_K2,2,0.1890257206411276,97.62566666666666,92.0,136.60000000000218,166.0,204.0,204.0,71.225,26.400666666666666,7.898666666666666,1.702,7.302,5.6,11.2,24.525333333333332,322.938,2,4,2,4,0.25,0.4725,0.20416666666666666,87,0,2,-0.024840790460130362,-0.0061438916189336555,-0.02376039041991323,-0.005063491578716509,121.0,,3000,600
I14_Intermittent_Hybrid,1963,C0_M1_PARENT,1,0.15505349517539785,118.44866666666667,120.0,148.0,192.20000000000073,204.0,204.0,82.97,35.47866666666667,7.876,1.8026666666666666,7.402666666666667,5.6,20.2,26.046,348.794,2,1,2,1,0.5175,0.7375,0.3591666666666667,101,0,2,-0.052883903584578056,-0.011634484157901607,-0.050320195212038454,-0.009070775785361996,396.0,,6000,600
I14_Intermittent_Hybrid,1963,C2_K2,2,0.16183298585335554,108.125,102.0,136.60000000000218,170.0,204.0,204.0,81.68666666666667,26.438333333333333,7.873333333333333,1.765,7.364999999999999,5.6,11.2,27.145333333333333,334.09433333333334,3,1,3,1,0.455,0.8216666666666667,0.38083333333333336,103,0,3,-0.06701417434545104,-0.01191060371087421,-0.06727523818127555,-0.012171667546698735,392.0,,3000,600
I1_Memoryless_Linear,1964,C0_M1_PARENT,1,0.12521605942675684,91.92733333333334,92.0,109.6000000000131,142.0,150.0,150.0,58.0,33.92733333333333,7.996666666666667,0.13066666666666665,5.730666666666666,5.6,20.2,19.151,320.47633333333334,0,0,0,0,0.0,0.0,0.0,5,0,0,-1.5793426226679828e-06,-0.0005447615576042757,-1.577923412624166e-06,-0.0005447601383942324,,,6000,600
I1_Memoryless_Linear,1964,C2_K2,2,0.12521605942675684,82.92733333333334,88.0,97.00000000001819,142.0,150.0,150.0,58.0,24.927333333333333,7.996666666666667,0.13066666666666665,5.730666666666666,5.6,11.2,19.651,308.47633333333334,0,0,0,0,0.0,0.0,0.0,5,0,0,-1.5793426226679828e-06,-0.0009002717138273011,-1.5712495631911575e-06,-0.000900263620767824,,,3000,600
I2_Static_Nonlinear_Negative_Control,1964,C0_M1_PARENT,1,0.985746475664696,94.03033333333333,92.0,116.80000000001019,162.0,162.0,170.0,58.175,35.855333333333334,7.914666666666666,2.1406666666666667,7.740666666666666,5.6,20.2,20.961333333333332,321.402,1,0,1,0,0.0,0.0175,0.0,107,0,1,-0.12189255519939919,-0.0008750733243763344,-0.1219158906436242,-0.0008984087686012635,,,6000,600
I2_Static_Nonlinear_Negative_Control,1964,C2_K2,2,0.985746475664696,85.03033333333333,88.0,106.00000000001455,162.0,162.0,170.0,58.175,26.855333333333334,7.914666666666666,2.1406666666666667,7.740666666666666,5.6,11.2,21.461333333333332,309.402,1,0,1,0,0.0,0.0175,0.0,107,0,1,-0.12189255519939919,-0.0007701035750950439,-0.12221465453827281,-0.0010922029139686254,,,3000,600
I3_Single_Exact_Delay,1964,C0_M1_PARENT,1,0.2710050796576371,99.72566666666667,92.0,116.80000000001019,166.0,170.0,170.0,64.15,35.57566666666666,7.884,1.8916666666666666,7.491666666666666,5.6,20.2,25.206666666666667,323.5323333333333,4,0,3,0,0.0,0.615,0.0,106,0,4,0.630495771083823,-0.0007433405693512277,0.6311601555171329,-7.895613604167662e-05,,,6000,600
I3_Single_Exact_Delay,1964,C2_K2,2,0.2710050796576371,90.72566666666667,92.0,106.00000000001455,166.0,170.0,170.0,64.15,26.575666666666667,7.884,1.8916666666666666,7.491666666666666,5.6,11.2,25.706666666666667,311.5323333333333,4,0,3,0,0.0,0.615,0.0,106,0,4,0.630495771083823,-0.0028799564357337836,0.632788459675449,-0.0005872678441082466,,,3000,600
I4_Multi_Sparse_Delay,1964,C0_M1_PARENT,1,0.5446829708189838,108.49966666666667,102.0,148.0,170.0,196.02000000000044,204.0,72.90833333333333,35.59133333333333,7.876,1.9153333333333333,7.5153333333333325,5.6,20.2,25.512666666666668,335.4873333333333,8,8,7,8,0.24583333333333332,0.655,0.105,103,0,8,0.42054912932380406,0.03712199901341386,0.3295982339432575,-0.053828896367132506,,,6000,600
I4_Multi_Sparse_Delay,1964,C2_K2,2,0.6081044796997268,96.61766666666666,92.0,136.60000000000218,162.0,196.0,204.0,69.82666666666667,26.791,7.897333333333333,2.0936666666666666,7.693666666666666,5.6,11.2,22.741333333333333,323.96633333333335,9,3,8,3,0.29,0.19666666666666666,0.06333333333333334,103,0,9,0.44128543592352276,0.00070845140595445,0.4416259632313248,0.0010489787137562237,,,3000,600
I5_Moving_Delay_Support,1964,C0_M1_PARENT,1,0.3146376660322291,99.17366666666666,92.0,116.80000000001019,170.0,170.0,170.0,63.575,35.59866666666667,7.881333333333333,1.9173333333333333,7.517333333333333,5.6,20.2,24.794,323.32666666666665,4,0,3,0,0.0,0.5575,0.0,101,0,4,0.606405528223907,1.687119184126326e-05,0.606376570302277,-1.208672978842467e-05,,,6000,600
I5_Moving_Delay_Support,1964,C2_K2,2,0.3146376660322291,90.17366666666666,92.0,106.00000000001455,170.0,170.0,170.0,63.575,26.598666666666666,7.881333333333333,1.9173333333333333,7.517333333333333,5.6,11.2,25.294,311.32666666666665,4,0,3,0,0.0,0.5575,0.0,101,0,4,0.606405528223907,0.00044373210046927365,0.6058168325423844,-0.00014496358105323766,,,3000,600
I6_Continuous_Latent_State,1964,C0_M1_PARENT,1,0.14119049907990106,127.66266666666667,126.0,140.20000000000073,196.0,196.0,196.0,91.83,35.83266666666667,7.903333333333333,2.1293333333333333,7.729333333333333,5.6,20.2,20.805666666666667,369.087,0,1,0,0,0.995,0.0,0.0,87,0,0,-0.06977626626826151,0.30693392644808354,-0.07108367211212728,0.30562652060421763,,,6000,600
I6_Continuous_Latent_State,1964,C2_K2,2,0.14549276940196038,122.01133333333334,126.0,136.60000000000218,196.0,204.0,204.0,95.355,26.656333333333333,7.883333333333334,1.973,7.5729999999999995,5.6,11.2,24.015,358.0466666666667,5,1,5,0,0.9866666666666667,0.38083333333333336,0.38083333333333336,87,0,5,-0.08337414753418719,0.20653476925335554,-0.05654732122124171,0.23336159556630104,,,3000,600
I7_Quiescent_Continuous_State,1964,C0_M1_PARENT,1,0.15407627724543388,119.53133333333334,110.0,140.20000000000073,196.0,196.0,196.0,83.925,35.60633333333333,7.912,1.8943333333333334,7.4943333333333335,5.6,20.2,20.646,357.845,0,3,0,2,0.7625,0.0,0.0,80,0,0,-0.1094073144819458,0.30156609053030276,-0.09568171369134014,0.3152916913209087,,54.0,6000,600
I7_Quiescent_Continuous_State,1964,C2_K2,2,0.16128483020896447,109.04433333333333,92.0,136.60000000000218,196.0,196.0,204.0,82.44166666666666,26.602666666666668,7.911333333333333,1.8913333333333333,7.491333333333333,5.6,11.2,21.199,343.6716666666667,1,2,1,1,0.7166666666666667,0.0075,0.0075,80,0,1,-0.007669869480066917,0.21404617949467744,-0.12232784947198848,0.09938819950275596,,67.0,3000,600
I8_Quiescent_Discrete_Delay,1964,C0_M1_PARENT,1,0.2992243424086549,97.024,92.0,116.80000000001019,162.0,170.0,170.0,61.45,35.574,7.892666666666667,1.8813333333333333,7.481333333333333,5.6,20.2,23.191,322.52233333333334,3,0,2,0,0.0,0.345,0.0,99,0,3,0.6234186202055907,-0.001485002337182425,0.6248161225666437,-8.749997612902174e-05,,,6000,600
I8_Quiescent_Discrete_Delay,1964,C2_K2,2,0.2992243424086549,88.024,92.0,106.00000000001455,162.0,170.0,170.0,61.45,26.574,7.892666666666667,1.8813333333333333,7.481333333333333,5.6,11.2,23.691,310.52233333333334,3,0,2,0,0.0,0.345,0.0,99,0,3,0.6234186202055907,-0.0011448070262779315,0.6244145675205335,-0.00014885971133463076,,,3000,600
I9_Hybrid_Delay_Plus_Latent_State,1964,C0_M1_PARENT,1,0.18232555944394316,133.39966666666666,126.0,148.0,204.0,204.0,204.0,97.84166666666667,35.558,7.873333333333333,1.8846666666666667,7.484666666666667,5.6,20.2,25.804666666666666,370.234,1,3,0,2,0.9666666666666667,0.6975,0.6975,104,0,1,0.3799888089146727,0.07982472719955544,0.41909789678436316,0.11893381506924586,,,6000,600
I9_Hybrid_Delay_Plus_Latent_State,1964,C2_K2,2,0.19556590712667554,117.883,102.0,136.60000000000218,204.0,204.0,204.0,91.325,26.558,7.873333333333333,1.8846666666666667,7.484666666666667,5.6,11.2,26.304666666666666,349.034,1,6,0,5,0.775,0.6975,0.5708333333333333,104,0,1,0.38574402943546,0.037130169788718526,0.4274743628508978,0.07886050320415627,,,3000,600
I10_Redundant_Temporal_Structure,1964,C0_M1_PARENT,1,0.3461705231542802,135.0,128.0,148.0,204.0,204.0,204.0,99.45666666666666,35.54333333333334,7.867333333333334,1.876,7.475999999999999,5.6,20.2,26.214333333333332,371.92033333333336,1,1,0,0,0.9975,0.7541666666666667,0.7541666666666667,93,0,1,0.6845625721974699,0.4791721230179444,0.30367863434499975,0.09828818516547438,,,6000,600
I10_Redundant_Temporal_Structure,1964,C2_K2,2,0.3648620761534255,124.50333333333333,126.0,136.60000000000218,204.0,204.0,204.0,97.92833333333333,26.575,7.876,1.899,7.499,5.6,11.2,26.25733333333333,358.44966666666664,3,1,2,0,0.9716666666666667,0.6891666666666667,0.6891666666666667,104,0,3,0.6845634434386233,0.26680812994859526,0.5535367122030493,0.13578139871302147,,,3000,600
I11_Regime_Switch_Delay_To_Latent,1964,C0_M1_PARENT,1,0.16540706274836117,113.979,110.0,148.0,170.0,196.0,204.0,78.43666666666667,35.54233333333333,7.879333333333333,1.863,7.462999999999999,5.6,20.2,25.358333333333334,343.44933333333336,2,2,2,1,0.41333333333333333,0.6383333333333333,0.06666666666666667,98,0,2,-0.015177333233781705,0.21399442209325156,-0.11459532144669239,0.11457643388034097,943.0,,6000,600
I11_Regime_Switch_Delay_To_Latent,1964,C2_K2,2,0.1659341530137745,103.93566666666666,102.0,136.60000000000218,170.0,196.0,204.0,77.42666666666666,26.509,7.8773333333333335,1.8316666666666668,7.431666666666667,5.6,11.2,26.307333333333332,329.35433333333333,3,1,3,0,0.365,0.7016666666666667,0.09583333333333334,100,0,3,-0.06560625554609174,0.14683657066136221,-0.07089553784101157,0.14154728836644234,942.0,,3000,600
I12_Regime_Switch_Latent_To_Delay,1964,C0_M1_PARENT,1,0.21129235245992878,112.66266666666667,110.0,140.20000000000073,170.50000000000182,196.0,196.0,76.93333333333334,35.72933333333334,7.897333333333333,2.032,7.632,5.6,20.2,22.175333333333334,346.0133333333333,1,1,0,1,0.5,0.19333333333333333,0.0,97,0,1,0.6231806798434744,0.00038565102061537224,0.622837743642399,4.271481954026722e-05,1922.0,,6000,600
I12_Regime_Switch_Latent_To_Delay,1964,C2_K2,2,0.21461876922754805,103.861,92.0,127.60000000000582,184.0,196.0,196.0,77.13166666666666,26.729333333333333,7.897333333333333,2.032,7.632,5.6,11.2,22.675333333333334,334.29333333333335,1,1,0,1,0.5058333333333334,0.19333333333333333,0.0,97,0,1,0.6231806798434744,-4.527953921094524e-05,0.6231161456245131,-0.0001098137581724866,1922.0,,3000,600
I13_Regime_Switch_Hybrid_To_Memoryless,1964,C0_M1_PARENT,1,0.20248277295340447,113.03233333333333,110.0,148.0,170.0,204.0,204.0,77.73,35.30233333333333,7.914666666666666,1.5876666666666666,7.187666666666666,5.6,20.2,22.771333333333335,345.667,1,3,1,3,0.4866666666666667,0.31833333333333336,0.2175,81,0,1,-0.027605487863658504,-0.0027626029143058392,-0.028605206915936966,-0.003762321966584317,116.0,,6000,600
I13_Regime_Switch_Hybrid_To_Memoryless,1964,C2_K2,2,0.2114753887835241,100.434,92.0,136.60000000000218,166.0,204.0,204.0,74.13166666666666,26.302333333333333,7.914666666666666,1.5876666666666666,7.187666666666666,5.6,11.2,23.271333333333335,328.587,1,4,1,4,0.38083333333333336,0.31833333333333336,0.17666666666666667,81,0,1,-0.027605505350745286,-0.004500906711000069,-0.029054221652228127,-0.005949623012482894,116.0,,3000,600
I14_Intermittent_Hybrid,1964,C0_M1_PARENT,1,0.2471885763153733,113.16533333333334,110.0,148.0,196.0,196.0,204.0,77.47,35.69533333333333,7.9206666666666665,1.9746666666666666,7.574666666666666,5.6,20.2,21.170333333333332,348.145,1,3,1,3,0.555,0.06,0.06,96,0,1,-0.034670007640040267,-0.018745905590671106,-0.03779749380447383,-0.021873391755104655,1604.0,,6000,600
I14_Intermittent_Hybrid,1964,C2_K2,2,0.2589953425262961,100.26933333333334,92.0,136.60000000000218,162.0,196.0,204.0,73.57666666666667,26.692666666666668,7.9206666666666665,1.972,7.571999999999999,5.6,11.2,21.681,330.63033333333334,1,3,1,3,0.44,0.06166666666666667,0.06166666666666667,96,0,1,-0.03467007538247688,-0.01755091128076841,-0.04005320828591238,-0.022934044184203903,1601.0,,3000,600
I1_Memoryless_Linear,1965,C0_M1_PARENT,1,0.12531565762414287,93.39533333333334,92.0,138.40000000000146,142.0,150.0,176.0,59.501666666666665,33.89366666666667,7.996666666666667,0.097,5.697,5.6,20.2,19.110333333333333,322.576,0,1,0,1,0.04416666666666667,0.0,0.0,4,0,0,-0.02570617194605769,0.0005375464390174886,-0.025288039082366664,0.0009556793027085121,,,6000,600
I1_Memoryless_Linear,1965,C2_K2,2,0.1252734980187213,82.89366666666666,88.0,97.00000000001819,142.0,142.0,150.0,58.0,24.893666666666668,7.996666666666667,0.097,5.697,5.6,11.2,19.610333333333333,308.456,0,0,0,0,0.0,0.0,0.0,4,0,0,-0.02570617194605769,0.0017740076796298456,-0.024384983852313937,0.003095195773373596,,,3000,600
I2_Static_Nonlinear_Negative_Control,1965,C0_M1_PARENT,1,1.0520952853982288,93.82766666666667,92.0,109.6000000000131,162.0,162.0,162.0,58.0,35.827666666666666,7.914,2.1136666666666666,7.713666666666667,5.6,20.2,20.802333333333333,321.3226666666667,0,0,0,0,0.0,0.0,0.0,104,0,0,-0.12173781663046085,-0.0019355730420799926,-0.12169366288678274,-0.0018914192984019291,,,6000,600
I2_Static_Nonlinear_Negative_Control,1965,C2_K2,2,1.0520952853982288,84.82766666666667,88.0,97.00000000001819,162.0,162.0,162.0,58.0,26.827666666666666,7.914,2.1136666666666666,7.713666666666667,5.6,11.2,21.302333333333333,309.3226666666667,0,0,0,0,0.0,0.0,0.0,104,0,0,-0.12173781663046085,8.815772784198016e-08,-0.12173930275124682,-1.3979630581246754e-06,,,3000,600
I3_Single_Exact_Delay,1965,C0_M1_PARENT,1,0.21724428030899448,102.423,102.0,148.0,170.0,170.0,204.0,66.92166666666667,35.501333333333335,7.881333333333333,1.82,7.42,5.6,20.2,25.760666666666665,326.57,3,2,2,2,0.0575,0.6966666666666667,0.015,103,0,3,0.7097316570080763,3.902470066927081e-05,0.7068048099284033,-0.002887822379004224,,,6000,600
I3_Single_Exact_Delay,1965,C2_K2,2,0.28069702189342954,91.108,92.0,127.60000000000582,166.0,170.0,196.0,64.52666666666667,26.581333333333333,7.890666666666666,1.8906666666666667,7.490666666666666,5.6,11.2,24.872,313.23333333333335,4,3,3,3,0.04416666666666667,0.5025,0.0,103,0,4,0.7097265271118888,-0.011110983428069404,0.715352954398738,-0.005484556141220133,,,3000,600
I4_Multi_Sparse_Delay,1965,C0_M1_PARENT,1,0.4803800527330217,114.56133333333334,102.0,148.0,170.0,204.0,204.0,79.08333333333333,35.478,7.850666666666666,1.8273333333333333,7.427333333333333,5.6,20.2,26.957333333333334,342.016,1,6,0,6,0.36666666666666664,0.8616666666666667,0.25583333333333336,76,0,1,0.48149011347678833,-0.007093823572094216,0.4150899947332617,-0.07349394231562117,,,6000,600
I4_Multi_Sparse_Delay,1965,C2_K2,2,0.4790420336048152,96.49466666666666,96.0,136.60000000000218,170.0,170.30000000000655,204.0,70.01666666666667,26.478,7.850666666666666,1.8273333333333333,7.427333333333333,5.6,11.2,27.457333333333334,317.216,1,1,0,1,0.1,0.8616666666666667,0.1,76,0,1,0.48143633066098884,0.0023409853357218174,0.4787614492910347,-0.0003338960342326973,,,3000,600
I5_Moving_Delay_Support,1965,C0_M1_PARENT,1,0.368249482921683,98.57166666666667,92.0,140.20000000000073,162.0,170.0,196.0,62.861666666666665,35.71,7.897333333333333,2.0126666666666666,7.612666666666666,5.6,20.2,23.264666666666667,324.598,2,1,1,1,0.0425,0.3416666666666667,0.0,106,0,2,0.5915992816227211,-0.007530752943393666,0.5920496205213991,-0.007080414044715625,,,6000,600
I5_Moving_Delay_Support,1965,C2_K2,2,0.36796542142568145,88.12666666666667,92.0,106.00000000001455,162.0,170.0,170.0,61.416666666666664,26.71,7.897333333333333,2.0126666666666666,7.612666666666666,5.6,11.2,23.764666666666667,310.558,2,0,1,0,0.0,0.3416666666666667,0.0,106,0,2,0.5915992816227211,0.0003921633796413235,0.5904424835314812,-0.0007646347115983606,,,3000,600
I6_Continuous_Latent_State,1965,C0_M1_PARENT,1,0.13438761676083108,127.74366666666667,126.0,140.20000000000073,196.0,196.0,196.0,91.915,35.82866666666666,7.903333333333333,2.1253333333333333,7.725333333333333,5.6,20.2,20.797666666666668,369.203,0,1,0,0,0.9975,0.0,0.0,89,0,0,-0.12672480438514494,0.32837801151912893,-0.1258332918783938,0.3292695240258802,,,6000,600
I6_Continuous_Latent_State,1965,C2_K2,2,0.13953384016233097,122.78,126.0,136.60000000000218,198.0,204.0,204.0,96.20833333333333,26.571666666666665,7.883333333333334,1.8883333333333334,7.488333333333333,5.6,11.2,24.992333333333335,357.7753333333333,1,2,1,1,0.9708333333333333,0.52,0.52,97,0,1,-0.10416784340938058,0.23298221949233772,-0.06960036549603317,0.26754969740568535,,,3000,600
I7_Quiescent_Continuous_State,1965,C0_M1_PARENT,1,0.14752411946858598,120.388,110.0,140.20000000000073,196.0,196.0,196.0,84.86,35.528,7.916,1.812,7.412,5.6,20.2,20.568666666666665,359.12533333333334,0,3,0,2,0.79,0.0,0.0,77,0,0,-0.18413510402562278,0.31305660055664775,-0.24591039940798579,0.2512813051742846,,93.0,6000,600
I7_Quiescent_Continuous_State,1965,C2_K2,2,0.1477913845686069,112.74,102.0,136.60000000000218,196.0,204.0,204.0,86.255,26.485,7.902666666666667,1.7823333333333333,7.382333333333333,5.6,11.2,22.913333333333334,346.491,1,3,1,2,0.7575,0.25,0.25,88,0,1,-0.18413511889043305,0.2311689851726779,-0.2468885391804567,0.16841556488265408,,101.0,3000,600
I8_Quiescent_Discrete_Delay,1965,C0_M1_PARENT,1,0.2761723942843353,101.60633333333334,92.0,148.0,166.0,170.0,204.0,66.16166666666666,35.44466666666667,7.884,1.7606666666666666,7.360666666666666,5.6,20.2,24.360666666666667,327.34933333333333,4,2,3,2,0.08833333333333333,0.5158333333333334,0.04583333333333333,95,0,4,0.6957073228881367,-0.0016746518608446626,0.6927023395397679,-0.0046796352092137875,,,6000,600
I8_Quiescent_Discrete_Delay,1965,C2_K2,2,0.28495037032751275,90.48066666666666,92.0,127.60000000000582,162.0,170.0,196.0,63.92,26.560666666666666,7.8933333333333335,1.8673333333333333,7.4673333333333325,5.6,11.2,23.492,314.2626666666667,2,1,1,1,0.08,0.32,0.0,96,0,2,0.695699431768154,-0.016163093959733733,0.7039789792872095,-0.007883546440678086,,,3000,600
I9_Hybrid_Delay_Plus_Latent_State,1965,C0_M1_PARENT,1,0.2545718430267721,129.219,126.0,148.0,196.0,204.0,204.0,93.49166666666666,35.727333333333334,7.894666666666667,2.0326666666666666,7.632666666666666,5.6,20.2,22.788666666666668,368.52066666666667,2,3,1,2,0.9625,0.27666666666666667,0.27666666666666667,98,0,2,0.5041380731408205,0.1422355932791858,0.5241101378474935,0.16220765798585918,,,6000,600
I9_Hybrid_Delay_Plus_Latent_State,1965,C2_K2,2,0.27292618813592995,109.14066666666666,102.0,136.60000000000218,196.0,204.0,204.0,82.41333333333333,26.727333333333334,7.894666666666667,2.0326666666666666,7.632666666666666,5.6,11.2,23.288666666666668,340.8806666666667,2,8,1,8,0.6366666666666667,0.27666666666666667,0.22166666666666668,98,0,2,0.48790073627143477,0.04274881284239083,0.5590441760634328,0.113892252634389,,,3000,600
I10_Redundant_Temporal_Structure,1965,C0_M1_PARENT,1,0.336452715730464,135.049,132.0,148.0,204.0,204.0,204.0,99.52333333333333,35.525666666666666,7.870666666666667,1.855,7.455,5.6,20.2,26.249333333333333,371.937,1,1,0,0,0.9975,0.7608333333333334,0.7608333333333334,97,0,1,0.6312665977987578,0.552609229349029,0.29032080689620327,0.2116634384464744,,,6000,600
I10_Redundant_Temporal_Structure,1965,C2_K2,2,0.3379469657655638,125.879,126.0,136.60000000000218,204.0,204.0,204.0,99.35333333333334,26.525666666666666,7.870666666666667,1.855,7.455,5.6,11.2,26.749333333333333,359.697,1,2,0,1,0.9925,0.7608333333333334,0.7608333333333334,97,0,1,0.6312631719130569,0.2850336547972269,0.5027565546681195,0.1565270375522896,,,3000,600
I11_Regime_Switch_Delay_To_Latent,1965,C0_M1_PARENT,1,0.23085722577034706,111.57333333333334,110.0,148.0,170.0,196.0,204.0,75.905,35.66833333333334,7.900666666666667,1.9676666666666667,7.567666666666666,5.6,20.2,23.074333333333332,343.222,1,2,1,1,0.4325,0.32,0.06166666666666667,101,0,1,-0.03599700599335197,0.23900487752860083,-0.07674970523859866,0.19825217828335426,559.0,,6000,600
I11_Regime_Switch_Delay_To_Latent,1965,C2_K2,2,0.233216700447499,100.17766666666667,92.0,136.60000000000218,170.0,196.0,204.0,73.49666666666667,26.681,7.902,1.979,7.579,5.6,11.2,23.372333333333334,328.1206666666667,1,1,1,0,0.37,0.2916666666666667,0.013333333333333334,101,0,1,-0.03598730204619204,0.17900426736659442,-0.06628888027187316,0.14870268914091328,559.0,,3000,600
I12_Regime_Switch_Latent_To_Delay,1965,C0_M1_PARENT,1,0.2613913216734946,114.57766666666667,110.0,148.0,190.0,204.0,204.0,78.90833333333333,35.669333333333334,7.895333333333333,1.974,7.574,5.6,20.2,23.179,347.3156666666667,1,1,1,1,0.5166666666666667,0.33416666666666667,0.33416666666666667,100,0,1,-0.08431358467003225,0.0007475394442317529,-0.08438660923349145,0.0006745148807726445,3000.0,,6000,600
I12_Regime_Switch_Latent_To_Delay,1965,C2_K2,2,0.2658716907304183,105.119,92.0,136.60000000000218,162.70000000000255,204.0,204.0,78.45166666666667,26.667333333333332,7.895333333333333,1.972,7.571999999999999,5.6,11.2,23.69633333333333,334.64433333333335,1,4,1,4,0.5025,0.33666666666666667,0.33666666666666667,100,0,1,-0.08431358476874269,0.004132273022890202,-0.08500874380344144,0.0034371139881914318,3000.0,,3000,600
I13_Regime_Switch_Hybrid_To_Memoryless,1965,C0_M1_PARENT,1,0.24619830808733417,110.10066666666667,110.0,140.20000000000073,162.0,196.0,196.0,74.32,35.78066666666667,7.911333333333333,2.0693333333333332,7.6693333333333324,5.6,20.2,20.772333333333332,344.34833333333336,0,3,0,3,0.48,0.0,0.0,93,0,0,-0.04981486900247017,-6.184065654775536e-05,-0.04862357193368896,0.001129456412233454,143.0,,6000,600
I13_Regime_Switch_Hybrid_To_Memoryless,1965,C2_K2,2,0.26304292620570846,92.544,92.0,127.60000000000582,162.0,196.0,196.0,65.76333333333334,26.780666666666665,7.911333333333333,2.0693333333333332,7.6693333333333324,5.6,11.2,21.272333333333332,320.2683333333333,0,4,0,4,0.22833333333333333,0.0,0.0,93,0,0,-0.04981486900247017,0.0016984984168788612,-0.049671715444223476,0.0018416519751255434,143.0,,3000,600
I14_Intermittent_Hybrid,1965,C0_M1_PARENT,1,0.2484961836015371,115.99533333333333,110.0,140.20000000000073,196.0,196.0,198.0,80.25,35.745333333333335,7.92,2.025333333333333,7.625333333333333,5.6,20.2,20.754666666666665,352.69733333333335,1,5,1,5,0.6541666666666667,0.0008333333333333334,0.0008333333333333334,101,0,1,-0.04765403204184939,-0.005866590777954584,-0.05157458086285392,-0.009787139598959107,1603.0,,6000,600
I14_Intermittent_Hybrid,1965,C2_K2,2,0.2648627031279124,99.18133333333333,92.0,136.60000000000218,162.0,196.0,204.0,72.49333333333334,26.688,7.918,1.97,7.569999999999999,5.6,11.2,21.702333333333332,329.0416666666667,1,4,1,4,0.4066666666666667,0.06666666666666667,0.0575,99,0,1,-0.027951500880900083,-0.0033827073773281943,-0.03144687122627001,-0.006878077722698099,1598.0,,3000,600
I1_Memoryless_Linear,1966,C0_M1_PARENT,1,0.12771114997337552,93.88566666666667,92.0,138.40000000000146,142.0,150.0,176.0,59.67166666666667,34.214,7.986666666666666,0.42733333333333334,6.027333333333333,5.6,20.2,19.489333333333335,323.008,0,1,0,1,0.049166666666666664,0.0,0.0,15,0,0,-0.0015375477974179457,0.0001581510024801458,-0.0015552058223220135,0.00014049297757607942,,,6000,600
I1_Memoryless_Linear,1966,C2_K2,2,0.12753659489247895,83.214,88.0,97.00000000001819,142.0,150.0,156.0,58.0,25.214,7.986666666666666,0.42733333333333334,6.027333333333333,5.6,11.2,19.989333333333335,308.648,0,0,0,0,0.0,0.0,0.0,15,0,0,-0.0015375477974179457,-0.0013579872247892744,-0.0015714255750776665,-0.0013918650024489945,,,3000,600
I2_Static_Nonlinear_Negative_Control,1966,C0_M1_PARENT,1,1.0732294364511863,95.01366666666667,92.0,140.20000000000073,162.0,162.0,196.0,59.22666666666667,35.787,7.916666666666667,2.070333333333333,7.670333333333333,5.6,20.2,20.88233333333333,322.882,1,1,1,1,0.03166666666666667,0.015,0.0,102,0,1,-0.19245753578036104,0.00017989170065884087,-0.19243256130723274,0.00020486617378710648,,,6000,600
I2_Static_Nonlinear_Negative_Control,1966,C2_K2,2,1.07328749438917,85.92866666666667,92.0,127.60000000000582,162.0,162.0,184.0,59.141666666666666,26.787,7.916666666666667,2.070333333333333,7.670333333333333,5.6,11.2,21.38233333333333,310.762,1,1,1,1,0.029166666666666667,0.015,0.0,102,0,1,-0.19245753578036104,0.0006556531654367269,-0.1924958348624192,0.0006173540833785448,,,3000,600
I3_Single_Exact_Delay,1966,C0_M1_PARENT,1,0.29207992718392367,101.33866666666667,92.0,148.0,166.0,170.0,204.0,65.70333333333333,35.635333333333335,7.886,1.9493333333333334,7.549333333333333,5.6,20.2,24.379666666666665,326.9583333333333,3,1,2,1,0.08,0.49833333333333335,0.0325,104,0,3,1.041741834762751,0.0004145850241815029,1.0417989787966027,0.0004717290580332275,,,6000,600
I3_Single_Exact_Delay,1966,C2_K2,2,0.29308330448650943,92.745,92.0,136.60000000000218,166.0,170.0,204.0,66.105,26.64,7.888,1.952,7.552,5.6,11.2,24.909333333333333,315.49266666666665,4,2,3,2,0.09083333333333334,0.5016666666666667,0.0325,105,0,4,1.041741629416076,0.0004404036224302787,1.0413487186103767,4.74928167307821e-05,,,3000,600
I4_Multi_Sparse_Delay,1966,C0_M1_PARENT,1,0.5420007143439886,113.76833333333333,110.0,148.0,170.0,204.0,204.0,78.13166666666666,35.63666666666666,7.882666666666666,1.954,7.553999999999999,5.6,20.2,24.433333333333334,344.426,2,6,1,6,0.44333333333333336,0.5058333333333334,0.125,103,0,2,0.6762078554413585,0.00461081691216821,0.6686764931692828,-0.0029205453599073705,,,6000,600
I4_Multi_Sparse_Delay,1966,C2_K2,2,0.5190036640758899,98.48266666666666,92.0,136.60000000000218,170.0,204.0,204.0,71.87,26.612666666666666,7.8806666666666665,1.932,7.532,5.6,11.2,25.233,323.1363333333333,2,4,1,4,0.24666666666666667,0.5483333333333333,0.13333333333333333,104,0,2,0.4830353927511445,-0.001382133792306544,0.48358877908973313,-0.000828747453718367,,,3000,600
I5_Moving_Delay_Support,1966,C0_M1_PARENT,1,0.20116241539058569,104.75233333333334,102.0,148.0,170.0,170.0,204.0,69.36333333333333,35.389,7.862666666666667,1.7263333333333333,7.3263333333333325,5.6,20.2,27.492,327.44033333333334,3,3,2,3,0.0575,0.9408333333333333,0.02666666666666667,99,0,3,0.5412267123211585,-0.0011757730454048298,0.540975835381134,-0.001426649985429376,,,6000,600
I5_Moving_Delay_Support,1966,C2_K2,2,0.20135931240668747,95.69566666666667,98.0,136.60000000000218,170.0,170.0,204.0,69.30666666666667,26.389,7.862666666666667,1.7263333333333333,7.3263333333333325,5.6,11.2,27.992,315.36033333333336,3,3,2,3,0.05583333333333333,0.9408333333333333,0.02666666666666667,99,0,3,0.5412266879466132,-0.00438435088403818,0.5395820247810965,-0.006029014049554813,,,3000,600
I6_Continuous_Latent_State,1966,C0_M1_PARENT,1,0.14295121490976093,127.65966666666667,126.0,140.20000000000073,196.0,196.0,196.0,91.83,35.82966666666667,7.904,2.1256666666666666,7.725666666666666,5.6,20.2,20.795333333333332,369.08166666666665,0,1,0,0,0.995,0.0,0.0,89,0,0,-0.07286100467864348,0.3805079076087331,-0.08743820666531583,0.3659307056220607,,,6000,600
I6_Continuous_Latent_State,1966,C2_K2,2,0.1453404669261117,125.74766666666666,126.0,136.60000000000218,204.0,204.0,204.0,99.255,26.49266666666667,7.874,1.8186666666666667,7.418666666666667,5.6,11.2,26.589666666666666,359.73633333333333,2,1,2,0,0.995,0.7425,0.7425,100,0,2,-0.07442558403012987,0.1683189243692122,-0.07188896127078175,0.1708555471285604,,,3000,600
I7_Quiescent_Continuous_State,1966,C0_M1_PARENT,1,0.15132891839451668,119.62233333333333,110.0,140.20000000000073,196.0,196.0,196.0,84.03833333333333,35.584,7.9126666666666665,1.8713333333333333,7.471333333333333,5.6,20.2,20.633,357.99833333333333,0,3,0,2,0.7658333333333334,0.0,0.0,78,0,0,-0.12324922085209149,0.35270089798173276,-0.11197082280577418,0.36397929602805007,,63.0,6000,600
I7_Quiescent_Continuous_State,1966,C2_K2,2,0.1536678423591683,113.001,102.0,136.60000000000218,196.0,204.0,204.0,86.54666666666667,26.454333333333334,7.900666666666667,1.7536666666666667,7.353666666666666,5.6,11.2,23.330333333333332,346.3,1,2,1,1,0.7491666666666666,0.3075,0.3075,86,0,1,-0.12328559939898219,0.16250943627489217,-0.11650833531222475,0.1692867003616496,,67.0,3000,600
I8_Quiescent_Discrete_Delay,1966,C0_M1_PARENT,1,0.2936445324353847,99.86733333333333,92.0,148.0,162.0,170.0,204.0,64.26166666666667,35.605666666666664,7.8886666666666665,1.917,7.5169999999999995,5.6,20.2,23.285666666666668,326.41066666666666,3,1,2,1,0.08,0.3541666666666667,0.0325,97,0,3,1.0382299740899796,0.0006048068285824089,1.0383556653003696,0.0007304980389723757,,,6000,600
I8_Quiescent_Discrete_Delay,1966,C2_K2,2,0.29484849183127254,91.25966666666666,92.0,136.60000000000218,162.0,170.0,204.0,64.655,26.604666666666667,7.8886666666666665,1.916,7.516,5.6,11.2,23.80366666666667,314.93966666666665,3,2,2,2,0.09083333333333334,0.3566666666666667,0.0325,97,0,3,1.0382299742389904,0.0011426650883332365,1.0370434972190483,-4.3811931609101106e-05,,,3000,600
I9_Hybrid_Delay_Plus_Latent_State,1966,C0_M1_PARENT,1,0.23636081505900197,125.30133333333333,120.0,148.0,196.0,204.0,204.0,89.685,35.61633333333333,7.881333333333333,1.935,7.535,5.6,20.2,24.456,360.67766666666665,1,5,0,4,0.7816666666666666,0.5108333333333334,0.30083333333333334,100,0,1,0.5999981668376027,0.10315942241045492,0.5780756148518281,0.08123687042468078,,,6000,600
I9_Hybrid_Delay_Plus_Latent_State,1966,C2_K2,2,0.24547378215013832,109.566,102.0,136.60000000000218,196.0,204.0,204.0,82.95,26.616,7.881333333333333,1.9346666666666668,7.534666666666666,5.6,11.2,24.962,339.16066666666666,1,4,0,4,0.5833333333333334,0.5116666666666667,0.145,100,0,1,0.6007073010742685,0.056355727607924774,0.5942493490274169,0.04989777556107297,,,3000,600
I10_Redundant_Temporal_Structure,1966,C0_M1_PARENT,1,0.33305090299117013,133.60566666666668,136.0,148.20000000000073,204.0,204.0,204.0,98.175,35.43066666666667,7.86,1.7706666666666666,7.370666666666667,5.6,20.2,27.86466666666667,367.6673333333333,1,2,0,1,0.8916666666666667,0.9858333333333333,0.8825,103,0,1,0.6003871542792567,0.44615449669410334,0.24360429564072583,0.08937163805557252,,,6000,600
I10_Redundant_Temporal_Structure,1966,C2_K2,2,0.33024076079452624,128.119,130.0,137.4000000000051,204.0,204.0,204.0,101.68833333333333,26.430666666666667,7.86,1.7706666666666666,7.370666666666667,5.6,11.2,28.36466666666667,360.62733333333335,1,1,0,0,0.995,0.9858333333333333,0.9858333333333333,103,0,1,0.6004066193242055,0.1584163238943067,0.478535535294767,0.03654523986486835,,,3000,600
I11_Regime_Switch_Delay_To_Latent,1966,C0_M1_PARENT,1,0.27443645358513524,112.332,110.0,148.0,184.0,196.0,204.0,76.555,35.777,7.904,2.073,7.673,5.6,20.2,21.632666666666665,346.30033333333336,2,3,2,2,0.5116666666666667,0.11583333333333333,0.05583333333333333,101,0,2,-0.0054304747472220674,0.27683981560603305,-0.048028882544287235,0.234241407808968,514.0,,6000,600
I11_Regime_Switch_Delay_To_Latent,1966,C2_K2,2,0.27527773224563307,101.341,92.0,136.60000000000218,162.0,204.0,204.0,74.59666666666666,26.744333333333334,7.900666666666667,2.0436666666666667,7.643666666666666,5.6,11.2,22.655666666666665,330.7626666666667,3,2,3,1,0.4325,0.18916666666666668,0.12916666666666668,101,0,3,-0.00453378306709406,0.12043313067550743,-0.00873169550068507,0.11623521824191643,565.0,,3000,600
I12_Regime_Switch_Latent_To_Delay,1966,C0_M1_PARENT,1,0.18228873163085293,118.73733333333334,114.0,148.0,196.0,204.0,204.0,83.17833333333333,35.559,7.88,1.879,7.478999999999999,5.6,20.2,25.199333333333332,350.36966666666666,2,3,1,3,0.5591666666666667,0.6166666666666667,0.2733333333333333,100,0,2,0.6665918788357357,0.007479425589953978,0.6639801474811398,0.0048676942353578995,1029.0,,6000,600
I12_Regime_Switch_Latent_To_Delay,1966,C2_K2,2,0.17836440439022833,110.054,102.0,136.60000000000218,196.0,204.0,204.0,83.52333333333333,26.530666666666665,7.8806666666666665,1.85,7.449999999999999,5.6,11.2,26.129,338.22433333333333,3,4,2,4,0.5516666666666666,0.6766666666666666,0.3233333333333333,104,0,3,0.6666185693555595,-0.008458146371167444,0.6726869325214845,-0.002389783205242486,954.0,,3000,600
I13_Regime_Switch_Hybrid_To_Memoryless,1966,C0_M1_PARENT,1,0.2552924384988865,112.19166666666666,110.0,148.0,176.40000000000146,196.0,204.0,76.445,35.74666666666667,7.908,2.038666666666667,7.6386666666666665,5.6,20.2,21.808666666666667,345.8673333333333,1,3,1,3,0.5008333333333334,0.14166666666666666,0.02,102,0,1,-0.07230357989174294,-3.923111300793388e-05,-0.07187921503571237,0.0003851337430226167,138.0,,6000,600
I13_Regime_Switch_Hybrid_To_Memoryless,1966,C2_K2,2,0.2579063813087117,101.80333333333333,92.0,136.60000000000218,170.0,196.0,204.0,75.05666666666667,26.746666666666666,7.908,2.038666666666667,7.6386666666666665,5.6,11.2,22.308666666666667,331.9073333333333,1,2,1,2,0.46,0.14166666666666666,0.021666666666666667,102,0,1,-0.0723039010615142,-0.0034126621146037075,-0.07292066929758545,-0.004029430350674923,140.0,,3000,600
I14_Intermittent_Hybrid,1966,C0_M1_PARENT,1,0.21719062236764042,119.13733333333333,120.0,148.0,196.0,204.0,204.0,83.51666666666667,35.620666666666665,7.891333333333334,1.9293333333333333,7.529333333333333,5.6,20.2,24.050333333333334,352.5523333333333,2,2,2,2,0.6166666666666667,0.455,0.3075,103,0,2,-0.06035507351751648,-0.005012466495347343,-0.06490421951336034,-0.009561612491191177,849.0,,6000,600
I14_Intermittent_Hybrid,1966,C2_K2,2,0.23279974044979584,104.22066666666667,102.0,136.60000000000218,170.0,204.0,204.0,77.62,26.600666666666665,7.889333333333333,1.9113333333333333,7.511333333333333,5.6,11.2,24.871333333333332,331.75333333333333,2,2,2,2,0.43,0.5,0.22,103,0,2,-0.06262018327425545,-0.010210436699060911,-0.06604945093328024,-0.013639704358085746,849.0,,3000,600
I1_Memoryless_Linear,1967,C0_M1_PARENT,1,0.12377193113548206,92.331,92.0,116.80000000001019,142.0,156.0,162.0,58.141666666666666,34.18933333333333,7.984,0.4053333333333333,6.005333333333333,5.6,20.2,19.513333333333332,320.66066666666666,1,0,1,0,0.0,0.014166666666666666,0.0,18,0,1,-0.035614389389246735,-0.000337477657187174,-0.036607755217464476,-0.0013308434854049107,,,6000,600
I1_Memoryless_Linear,1967,C2_K2,2,0.12377193113548206,83.331,88.0,106.00000000001455,142.0,156.0,162.0,58.141666666666666,25.189333333333334,7.984,0.4053333333333333,6.005333333333333,5.6,11.2,20.013333333333332,308.66066666666666,1,0,1,0,0.0,0.014166666666666666,0.0,18,0,1,-0.035614389389246735,-0.0009990115773293746,-0.035999179661103005,-0.0013838018491856329,,,3000,600
I2_Static_Nonlinear_Negative_Control,1967,C0_M1_PARENT,1,1.1057909778099553,95.61533333333334,92.0,140.20000000000073,162.0,162.0,196.0,59.75666666666667,35.858666666666664,7.914,2.1446666666666667,7.744666666666666,5.6,20.2,20.831,323.817,0,2,0,2,0.051666666666666666,0.0,0.0,103,0,0,-0.2492969198897269,-0.00046999254046213454,-0.24957494726808613,-0.0007480199188212244,,,6000,600
I2_Static_Nonlinear_Negative_Control,1967,C2_K2,2,1.1049940968382133,84.85866666666666,88.0,97.00000000001819,162.0,162.0,162.0,58.0,26.858666666666668,7.914,2.1446666666666667,7.744666666666666,5.6,11.2,21.331,309.337,0,0,0,0,0.0,0.0,0.0,103,0,0,-0.2492969198897269,-0.000284757116772484,-0.2493730496179165,-0.00036088684496202,,,3000,600
I3_Single_Exact_Delay,1967,C0_M1_PARENT,1,0.3152194725065539,100.62533333333333,92.0,140.20000000000073,162.0,170.0,196.0,64.93,35.69533333333333,7.897333333333333,1.998,7.598,5.6,20.2,23.576666666666668,327.074,1,3,0,3,0.09083333333333334,0.38416666666666666,0.0,105,0,1,0.7622059747584726,-0.014982546947312332,0.7579235710687301,-0.0192649506370559,,,6000,600
I3_Single_Exact_Delay,1967,C2_K2,2,0.31590427077446576,91.14366666666666,92.0,127.60000000000582,162.0,170.0,196.0,64.44833333333334,26.695333333333334,7.897333333333333,1.998,7.598,5.6,11.2,24.076666666666668,314.394,1,5,0,5,0.07666666666666666,0.38416666666666666,0.0,105,0,1,0.7622059747584726,-0.0022653728370875415,0.7630891477344848,-0.001382199861075684,,,3000,600
I4_Multi_Sparse_Delay,1967,C0_M1_PARENT,1,0.5583859034370217,107.28766666666667,102.0,148.0,170.0,196.0,204.0,71.58166666666666,35.706,7.892,2.014,7.613999999999999,5.6,20.2,23.723333333333333,336.26866666666666,6,13,5,12,0.2808333333333333,0.4033333333333333,0.09166666666666666,109,0,6,0.5068116696416394,0.08300938275801933,0.49873917571130566,0.07493688882768546,,,6000,600
I4_Multi_Sparse_Delay,1967,C2_K2,2,0.5598552744101133,90.12766666666667,92.0,136.60000000000218,162.0,170.0,204.0,63.42166666666667,26.706,7.892,2.014,7.613999999999999,5.6,11.2,24.223333333333333,312.7486666666667,6,1,5,1,0.04083333333333333,0.4033333333333333,0.0225,109,0,6,0.512722267424314,0.00043970202442100665,0.5127557603420725,0.0004731949421795412,,,3000,600
I5_Moving_Delay_Support,1967,C0_M1_PARENT,1,0.23172440546745995,102.57266666666666,102.0,148.0,170.0,170.0,204.0,67.08333333333333,35.489333333333335,7.881333333333333,1.808,7.4079999999999995,5.6,20.2,26.178,326.21866666666665,3,1,2,1,0.04583333333333333,0.7525,0.035833333333333335,105,0,3,0.8138436043406517,0.00019515869305462356,0.8124982865504505,-0.0011501590971467945,,,6000,600
I5_Moving_Delay_Support,1967,C2_K2,2,0.23169261552932588,93.57266666666666,92.0,136.60000000000218,170.0,170.0,204.0,67.08333333333333,26.489333333333335,7.881333333333333,1.808,7.4079999999999995,5.6,11.2,26.678,314.21866666666665,3,1,2,1,0.04583333333333333,0.7525,0.035833333333333335,105,0,3,0.8138436043406525,-0.005360228543882556,0.814862720125803,-0.004341112758732697,,,3000,600
I6_Continuous_Latent_State,1967,C0_M1_PARENT,1,0.14207598763327567,127.69233333333334,126.0,140.20000000000073,196.0,196.0,196.0,91.83,35.86233333333333,7.9013333333333335,2.161,7.760999999999999,5.6,20.2,20.824666666666666,369.097,0,1,0,0,0.995,0.0,0.0,90,0,0,-0.008631062569715115,0.3550997136166262,-0.10467133197871806,0.2590594442076232,,,6000,600
I6_Continuous_Latent_State,1967,C2_K2,2,0.1585511308737372,116.28733333333334,122.0,136.60000000000218,196.0,204.0,204.0,89.475,26.812333333333335,7.899333333333334,2.113,7.712999999999999,5.6,11.2,22.26033333333333,352.4053333333333,1,3,1,2,0.8875,0.13,0.13,98,0,1,0.021314583225005998,0.15293696324931266,-0.02481443628469572,0.10680794373961099,,,3000,600
I7_Quiescent_Continuous_State,1967,C0_M1_PARENT,1,0.15287696977586399,120.93866666666666,110.0,140.20000000000073,196.0,196.0,196.0,85.115,35.82366666666667,7.902666666666667,2.121,7.721,5.6,20.2,20.8,359.60433333333333,0,3,0,2,0.7975,0.0,0.0,99,0,0,-0.10123615339421103,0.35617112797984757,-0.251755043557033,0.20565223781702577,,73.0,6000,600
I7_Quiescent_Continuous_State,1967,C2_K2,2,0.1699200128717187,108.34033333333333,92.0,127.60000000000582,196.0,196.0,196.0,81.51666666666667,26.823666666666668,7.902666666666667,2.121,7.721,5.6,11.2,21.3,342.52433333333335,0,3,0,2,0.6916666666666667,0.0,0.0,99,0,0,-0.10123615339421103,0.15578424591873152,-0.14921192884184697,0.10780847047109564,,76.0,3000,600
I8_Quiescent_Discrete_Delay,1967,C0_M1_PARENT,1,0.2878773492048458,99.59866666666667,92.0,140.20000000000073,162.0,170.0,196.0,64.00833333333334,35.590333333333334,7.892666666666667,1.8976666666666666,7.4976666666666665,5.6,20.2,22.97833333333333,326.416,1,2,0,2,0.08333333333333333,0.3175,0.0,98,0,1,0.7545228561854979,-0.013124853821616536,0.7501164334780069,-0.017531276529107763,,,6000,600
I8_Quiescent_Discrete_Delay,1967,C2_K2,2,0.2888517399024294,89.692,92.0,127.60000000000582,162.0,170.0,196.0,63.10166666666667,26.590333333333334,7.892666666666667,1.8976666666666666,7.4976666666666665,5.6,11.2,23.47833333333333,313.136,1,4,0,4,0.056666666666666664,0.3175,0.0,98,0,1,0.7545228561854979,-0.0062089002194318154,0.7566726207248673,-0.004059135680062357,,,3000,600
I9_Hybrid_Delay_Plus_Latent_State,1967,C0_M1_PARENT,1,0.14714688962989247,135.98833333333334,136.0,148.0,204.0,204.0,204.0,100.51833333333333,35.47,7.862666666666667,1.8073333333333332,7.407333333333333,5.6,20.2,27.25,371.8793333333333,2,3,1,2,0.9858333333333333,0.9,0.8908333333333334,104,0,2,0.38190648389047643,0.021506529775557386,0.4528335531965305,0.0924335990816115,,,6000,600
I9_Hybrid_Delay_Plus_Latent_State,1967,C2_K2,2,0.15084552427112874,125.43866666666666,130.0,136.60000000000218,204.0,204.0,204.0,98.97666666666667,26.462,7.866,1.796,7.396,5.6,11.2,27.865666666666666,357.53633333333335,1,7,0,7,0.9358333333333333,0.9158333333333334,0.8566666666666667,105,0,1,0.38083778243626515,3.051785610424032e-05,0.44590447654694293,0.06509721196678236,,,3000,600
I10_Redundant_Temporal_Structure,1967,C0_M1_PARENT,1,0.3313702388254385,135.986,136.0,148.0,204.0,204.0,204.0,100.49666666666667,35.489333333333335,7.866666666666666,1.8226666666666667,7.422666666666666,5.6,20.2,27.017333333333333,372.202,1,1,0,0,0.995,0.8666666666666667,0.8666666666666667,101,0,1,0.3929154068744358,0.3743083513844363,0.1184619001873733,0.09985484469737356,,,6000,600
I10_Redundant_Temporal_Structure,1967,C2_K2,2,0.34217626058352546,126.603,130.0,136.60000000000218,204.0,204.0,204.0,100.08833333333334,26.514666666666667,7.868666666666667,1.846,7.446,5.6,11.2,27.231,360.05833333333334,3,1,2,0,0.995,0.8258333333333333,0.8258333333333333,102,0,3,0.39291398382682224,0.07475726528633074,0.3677381001977668,0.049581381657275485,,,3000,600
I11_Regime_Switch_Delay_To_Latent,1967,C0_M1_PARENT,1,0.1924586342017485,113.38033333333334,110.0,148.0,170.0,196.0,204.0,77.74333333333334,35.637,7.895333333333333,1.9416666666666667,7.541666666666666,5.6,20.2,23.710333333333335,344.90133333333335,1,2,1,1,0.4608333333333333,0.4075,0.04083333333333333,103,0,1,-0.11274468087650502,0.25095476306493086,-0.06364893683463554,0.30005050710680037,139.0,,6000,600
I11_Regime_Switch_Delay_To_Latent,1967,C2_K2,2,0.20422455454482644,103.08066666666667,102.0,136.60000000000218,170.0,204.0,204.0,76.50333333333333,26.577333333333332,7.889333333333333,1.888,7.4879999999999995,5.6,11.2,25.186,329.71066666666667,2,4,1,3,0.38416666666666666,0.5441666666666667,0.155,104,0,2,0.0530121265748469,0.10786566069093899,0.03231575829101436,0.08716929240710646,139.0,,3000,600
I12_Regime_Switch_Latent_To_Delay,1967,C0_M1_PARENT,1,0.2622692070178803,112.98733333333334,110.0,148.0,192.0,196.0,204.0,77.16333333333333,35.824,7.902,2.122,7.7219999999999995,5.6,20.2,21.378333333333334,347.57366666666667,1,1,1,1,0.5408333333333334,0.0775,0.0775,102,0,1,-0.23028595818747732,-0.0043212627506902905,-0.23194633442686408,-0.005981638990077009,3000.0,,6000,600
I12_Regime_Switch_Latent_To_Delay,1967,C2_K2,2,0.26325103674908856,104.47766666666666,92.0,136.60000000000218,190.0,204.0,204.0,77.72666666666667,26.751,7.897333333333333,2.0536666666666665,7.653666666666666,5.6,11.2,23.008,334.69966666666664,2,1,2,1,0.5108333333333334,0.23583333333333334,0.18416666666666667,106,0,2,-0.20810037572279594,-0.00035130947466940237,-0.20790494061312978,-0.00015587436500325697,3000.0,,3000,600
I13_Regime_Switch_Hybrid_To_Memoryless,1967,C0_M1_PARENT,1,0.15559033850710047,117.478,120.0,148.0,196.0,204.0,204.0,81.98,35.498,7.889333333333333,1.8086666666666666,7.408666666666666,5.6,20.2,24.742,349.25866666666667,2,1,2,1,0.5408333333333334,0.5591666666666667,0.44583333333333336,100,0,2,-0.018076828745896053,-0.0010051878289117086,-0.017669302536907436,-0.0005976616199230916,102.0,,6000,600
I13_Regime_Switch_Hybrid_To_Memoryless,1967,C2_K2,2,0.1601559979906122,106.12633333333333,102.0,136.60000000000218,170.0,204.0,204.0,79.61333333333333,26.513,7.89,1.823,7.423,5.6,11.2,25.393,333.734,1,7,1,7,0.4658333333333333,0.5775,0.38666666666666666,99,0,1,-0.03957852476808694,-0.0020922779205823916,-0.03805666535492832,-0.0005704185074237738,111.0,,3000,600
I14_Intermittent_Hybrid,1967,C0_M1_PARENT,1,0.18228208834164494,116.94433333333333,120.0,148.0,170.0,204.0,204.0,81.46,35.48433333333333,7.876666666666667,1.8076666666666668,7.407666666666667,5.6,20.2,26.262333333333334,346.382,3,1,3,1,0.465,0.765,0.465,105,0,3,-0.09355068100683286,-0.011526733767480203,-0.10984440103299462,-0.027820453793641904,100.0,,6000,600
I14_Intermittent_Hybrid,1967,C2_K2,2,0.18563158716057915,107.97266666666667,102.0,136.60000000000218,170.0,204.0,204.0,81.48833333333333,26.484333333333332,7.876666666666667,1.8076666666666668,7.407666666666667,5.6,11.2,26.762333333333334,334.422,3,2,3,2,0.4658333333333333,0.765,0.4425,105,0,3,-0.09355065004676996,-0.00802105880561199,-0.10324809487560303,-0.017718503634445014,100.0,,3000,600
I1_Memoryless_Linear,1968,C0_M1_PARENT,1,0.12812770843251012,92.09166666666667,92.0,109.6000000000131,142.0,150.0,156.0,58.0,34.09166666666667,7.989333333333334,0.30233333333333334,5.902333333333333,5.6,20.2,19.338,320.57166666666666,0,0,0,0,0.0,0.0,0.0,11,0,0,-0.00513010264805254,-0.001052272950054204,-0.004983635674926625,-0.0009058059769282874,,,6000,600
I1_Memoryless_Linear,1968,C2_K2,2,0.12812770843251012,83.09166666666667,88.0,97.00000000001819,142.0,150.0,156.0,58.0,25.091666666666665,7.989333333333334,0.30233333333333334,5.902333333333333,5.6,11.2,19.838,308.57166666666666,0,0,0,0,0.0,0.0,0.0,11,0,0,-0.00513010264805254,0.0019348720370547013,-0.005248987394286981,0.0018159872908202598,,,3000,600
I2_Static_Nonlinear_Negative_Control,1968,C0_M1_PARENT,1,0.9973088329310938,95.394,92.0,140.20000000000073,162.0,162.0,196.0,59.55833333333333,35.83566666666667,7.915333333333334,2.1203333333333334,7.720333333333333,5.6,20.2,20.811,323.52666666666664,0,1,0,1,0.04583333333333333,0.0,0.0,105,0,0,-0.14890441179699532,-0.0005840024019508005,-0.14886131465510863,-0.0005409052600640657,,,6000,600
I2_Static_Nonlinear_Negative_Control,1968,C2_K2,2,0.9945867700274308,84.83566666666667,88.0,97.00000000001819,162.0,162.0,162.0,58.0,26.83566666666667,7.915333333333334,2.1203333333333334,7.720333333333333,5.6,11.2,21.311,309.32666666666665,0,0,0,0,0.0,0.0,0.0,105,0,0,-0.14890441179699532,-0.00018085500807413994,-0.14889518032376597,-0.00017162353484470559,,,3000,600
I3_Single_Exact_Delay,1968,C0_M1_PARENT,1,0.37720649179387966,96.84566666666667,92.0,140.20000000000073,162.0,170.0,196.0,61.07833333333333,35.76733333333333,7.905333333333333,2.062,7.661999999999999,5.6,20.2,22.406,323.3666666666667,3,1,2,1,0.025833333333333333,0.22,0.0,110,0,3,1.0618452994984928,0.005628838231313017,1.0496345476906022,-0.00658191357657798,,,6000,600
I3_Single_Exact_Delay,1968,C2_K2,2,0.37667441151768094,86.96733333333333,92.0,106.00000000001455,162.0,170.0,170.0,60.2,26.767333333333333,7.905333333333333,2.062,7.661999999999999,5.6,11.2,22.906,310.12666666666667,3,0,2,0,0.0,0.22,0.0,110,0,3,1.0618452994984928,-0.0016559163631069418,1.0586668055819235,-0.0048344102796764755,,,3000,600
I4_Multi_Sparse_Delay,1968,C0_M1_PARENT,1,0.5374608396806022,104.80833333333334,102.0,148.0,170.0,196.0,204.0,69.18666666666667,35.62166666666667,7.881333333333333,1.9403333333333332,7.540333333333333,5.6,20.2,25.064,330.90166666666664,3,10,2,9,0.155,0.5916666666666667,0.05333333333333334,106,0,3,0.6351659392139811,0.05769343219556679,0.6454009846840939,0.06792847766567878,,,6000,600
I4_Multi_Sparse_Delay,1968,C2_K2,2,0.5371998321316145,90.53833333333333,92.0,106.00000000001455,170.0,170.0,170.0,63.916666666666664,26.621666666666666,7.881333333333333,1.9403333333333332,7.540333333333333,5.6,11.2,25.564,311.46166666666664,3,0,2,0,0.0,0.5916666666666667,0.0,106,0,3,0.6360326692886346,0.00022337965847600756,0.6359885410959968,0.0001792514658387687,,,3000,600
I5_Moving_Delay_Support,1968,C0_M1_PARENT,1,0.4063503905443053,98.36233333333334,92.0,140.20000000000073,162.0,170.0,196.0,62.611666666666665,35.75066666666667,7.905333333333333,2.0453333333333332,7.645333333333333,5.6,20.2,22.480666666666668,325.404,3,2,2,2,0.0675,0.23166666666666666,0.0,109,0,3,0.17326452212967844,0.0012526305311798512,0.17269661883766757,0.0006847272391689485,,,6000,600
I5_Moving_Delay_Support,1968,C2_K2,2,0.40635679162333643,88.62566666666666,92.0,127.60000000000582,162.0,170.0,196.0,61.875,26.750666666666667,7.905333333333333,2.0453333333333332,7.645333333333333,5.6,11.2,22.980666666666668,312.364,3,1,2,1,0.04583333333333333,0.23166666666666666,0.0,109,0,3,0.17326452212967844,0.0014196436659613136,0.17284932357503485,0.0010044451113177956,,,3000,600
I6_Continuous_Latent_State,1968,C0_M1_PARENT,1,0.1437213456512836,127.749,126.0,140.20000000000073,196.0,196.0,196.0,91.88666666666667,35.86233333333333,7.907333333333334,2.155,7.754999999999999,5.6,20.2,20.828333333333333,369.1773333333333,0,1,0,0,0.9966666666666667,0.0,0.0,99,0,0,0.03552071072427074,0.2834124454384492,-0.09224082905610426,0.15565090565807438,,,6000,600
I6_Continuous_Latent_State,1968,C2_K2,2,0.14537291331546465,120.22466666666666,122.0,136.60000000000218,196.0,204.0,204.0,93.43,26.794666666666668,7.900666666666667,2.094,7.693999999999999,5.6,11.2,22.472333333333335,357.671,3,1,3,0,0.995,0.16,0.16,101,0,3,-0.017580280892558406,0.1569445792818591,-0.05851688747305188,0.11600797270136558,,,3000,600
I7_Quiescent_Continuous_State,1968,C0_M1_PARENT,1,0.15421972445143273,121.038,122.0,140.20000000000073,196.0,196.0,196.0,85.51166666666667,35.52633333333333,7.918,1.8083333333333333,7.408333333333333,5.6,20.2,20.559,360.04,0,2,0,1,0.8091666666666667,0.0,0.0,82,0,0,-0.007413945193192953,0.2751069025404207,-0.1287155975509944,0.1538052501826193,,93.0,6000,600
I7_Quiescent_Continuous_State,1968,C2_K2,2,0.15947012531874175,110.80833333333334,92.0,136.60000000000218,196.0,196.0,204.0,84.33,26.47833333333333,7.92,1.7583333333333333,7.3583333333333325,5.6,11.2,21.240666666666666,346.05033333333336,1,3,1,2,0.7658333333333334,0.029166666666666667,0.029166666666666667,81,0,1,-0.043154311412511075,0.16887925821679192,-0.029299564155276143,0.1827340054740267,,97.0,3000,600
I8_Quiescent_Discrete_Delay,1968,C0_M1_PARENT,1,0.44157414494659725,94.65133333333333,92.0,140.20000000000073,162.0,162.0,196.0,59.0,35.65133333333333,7.918,1.9333333333333333,7.533333333333333,5.6,20.2,20.683666666666667,322.6623333333333,1,2,1,2,0.029166666666666667,0.0008333333333333334,0.0,95,0,1,-0.1976312818145409,-0.018286825289423818,-0.22072938447952328,-0.041384927954406306,,,6000,600
I8_Quiescent_Discrete_Delay,1968,C2_K2,2,0.4407384196666349,84.71633333333334,88.0,127.60000000000582,162.0,162.0,196.0,58.065,26.651333333333334,7.918,1.9333333333333333,7.533333333333333,5.6,11.2,21.183666666666667,309.34233333333333,1,1,1,1,0.0016666666666666668,0.0008333333333333334,0.0,95,0,1,-0.1976312818145409,-0.043565942545134725,-0.20663115684906605,-0.05256581757965995,,,3000,600
I9_Hybrid_Delay_Plus_Latent_State,1968,C0_M1_PARENT,1,0.24689625065135287,126.16233333333334,120.0,148.0,196.0,204.0,204.0,90.57333333333334,35.589,7.88,1.909,7.5089999999999995,5.6,20.2,25.227333333333334,360.82366666666667,3,13,2,12,0.7766666666666666,0.6166666666666667,0.44333333333333336,103,0,3,0.45594440559027805,0.05661147915395488,0.44807265610910874,0.04873972967278539,,,6000,600
I9_Hybrid_Delay_Plus_Latent_State,1968,C2_K2,2,0.27370426801450287,116.17666666666666,121.0,136.60000000000218,196.0,204.0,204.0,89.51666666666667,26.66,7.888,1.972,7.571999999999999,5.6,11.2,24.4,349.278,4,9,3,8,0.8,0.43166666666666664,0.3416666666666667,102,0,4,0.45698636998590647,0.05651852749698816,0.4849566122334559,0.08448876974453752,,,3000,600
I10_Redundant_Temporal_Structure,1968,C0_M1_PARENT,1,0.38115131154790927,133.24833333333333,126.0,148.0,204.0,204.0,204.0,97.62,35.62833333333333,7.878666666666667,1.9496666666666667,7.549666666666666,5.6,20.2,24.929333333333332,371.235,1,1,0,0,0.9966666666666667,0.5733333333333334,0.5733333333333334,105,0,1,0.6433356987111892,0.5020539113790733,0.23745770729029156,0.09617591995817537,,,6000,600
I10_Redundant_Temporal_Structure,1968,C2_K2,2,0.38326125050127485,124.29233333333333,126.0,136.60000000000218,204.0,204.0,204.0,97.67166666666667,26.620666666666665,7.8773333333333335,1.9433333333333334,7.543333333333333,5.6,11.2,25.504,359.19266666666664,3,1,2,0,0.995,0.5841666666666666,0.5841666666666666,105,0,3,0.6433282119017034,0.18623284564070872,0.5382413195215386,0.08114595326054373,,,3000,600
I11_Regime_Switch_Delay_To_Latent,1968,C0_M1_PARENT,1,0.28061897216592463,106.02533333333334,92.0,140.20000000000073,162.0,196.0,196.0,70.24666666666667,35.778666666666666,7.9126666666666665,2.066,7.6659999999999995,5.6,20.2,20.941,338.3523333333333,2,1,2,0,0.35333333333333333,0.023333333333333334,0.0,101,0,2,-0.08701122965017268,0.2188615538902428,-0.0785630092049994,0.22730977433541596,223.0,,6000,600
I11_Regime_Switch_Delay_To_Latent,1968,C2_K2,2,0.2835216855873701,96.11866666666667,92.0,127.60000000000582,162.0,196.0,196.0,69.34,26.778666666666666,7.9126666666666665,2.066,7.6659999999999995,5.6,11.2,21.441,325.07233333333335,2,1,2,0,0.32666666666666666,0.023333333333333334,0.0,101,0,2,-0.08701122965017268,0.13410738265018818,-0.09338720211114424,0.12773141018921658,223.0,,3000,600
I12_Regime_Switch_Latent_To_Delay,1968,C0_M1_PARENT,1,0.14654597326397859,115.60866666666666,110.0,140.20000000000073,184.0,196.0,196.0,79.97666666666667,35.632,7.8853333333333335,1.9466666666666668,7.546666666666667,5.6,20.2,24.096,347.49666666666667,1,1,0,1,0.5108333333333334,0.4608333333333333,0.0,98,0,1,0.5939266237735624,0.01715543870390617,0.570677752009138,-0.0060934330605180885,329.0,,6000,600
I12_Regime_Switch_Latent_To_Delay,1968,C2_K2,2,0.24698999781698236,104.037,92.0,136.60000000000218,184.0,196.0,204.0,77.27666666666667,26.76033333333333,7.905333333333333,2.055,7.654999999999999,5.6,11.2,22.470666666666666,334.829,5,2,4,2,0.5191666666666667,0.1625,0.014166666666666666,103,0,5,0.5584270172365731,0.01601246536479837,0.5455981495934803,0.0031835977217061794,2450.0,,3000,600
I13_Regime_Switch_Hybrid_To_Memoryless,1968,C0_M1_PARENT,1,0.2638890578292692,110.495,110.0,148.0,162.0,204.0,204.0,74.91166666666666,35.583333333333336,7.912,1.8713333333333333,7.471333333333333,5.6,20.2,21.701333333333334,343.61266666666666,2,5,2,5,0.455,0.14416666666666667,0.135,89,0,2,-0.007821901085108132,-0.002289736230292522,-0.007614129772129463,-0.0020819649173138555,128.0,,6000,600
I13_Regime_Switch_Hybrid_To_Memoryless,1968,C2_K2,2,0.26785793217445264,99.612,92.0,136.60000000000218,162.0,198.0,204.0,72.93666666666667,26.675333333333334,7.908,1.9673333333333334,7.567333333333333,5.6,11.2,22.178,329.002,2,6,2,6,0.4008333333333333,0.13083333333333333,0.10833333333333334,91,0,2,-0.026675703408868445,0.0022085501162466604,-0.02915986849614293,-0.00027561497102780393,128.0,,3000,600
I14_Intermittent_Hybrid,1968,C0_M1_PARENT,1,0.24552596405427665,112.76366666666667,110.0,148.0,190.0,196.0,204.0,76.95666666666666,35.807,7.910666666666667,2.0963333333333334,7.6963333333333335,5.6,20.2,21.048,347.72633333333334,1,2,1,2,0.5475,0.034166666666666665,0.034166666666666665,99,0,1,-0.015844406347289577,-0.011014488258487963,-0.0244362964960069,-0.019606378407205294,1585.0,,6000,600
I14_Intermittent_Hybrid,1968,C2_K2,2,0.25092445660135293,102.10466666666666,92.0,127.60000000000582,184.0,196.0,196.0,75.28333333333333,26.82133333333333,7.911333333333333,2.11,7.709999999999999,5.6,11.2,21.303,333.72366666666665,0,2,0,2,0.5083333333333333,0.0,0.0,98,0,0,-0.015844441248747614,0.001035312564012025,-0.025016169763392552,-0.008136415950632896,1585.0,,3000,600
I1_Memoryless_Linear,1969,C0_M1_PARENT,1,0.1241217721467402,93.48566666666666,92.0,138.40000000000146,142.0,150.0,176.0,59.55833333333333,33.92733333333333,7.995333333333333,0.132,5.731999999999999,5.6,20.2,19.150333333333332,322.67633333333333,0,1,0,1,0.04583333333333333,0.0,0.0,5,0,0,0.0004898737438135551,-0.0009824703126734679,0.00038583696732277177,-0.0010865070891642535,,,6000,600
I1_Memoryless_Linear,1969,C2_K2,2,0.12416311381354687,82.92733333333334,88.0,97.00000000001819,142.0,150.0,150.0,58.0,24.927333333333333,7.995333333333333,0.132,5.731999999999999,5.6,11.2,19.650333333333332,308.47633333333334,0,0,0,0,0.0,0.0,0.0,5,0,0,0.0004898737438135551,-0.0007088530957001732,0.0005257132999211947,-0.000673013539592533,,,3000,600
I2_Static_Nonlinear_Negative_Control,1969,C0_M1_PARENT,1,1.1664391948010708,95.83866666666667,92.0,140.20000000000073,162.0,162.0,196.0,60.04,35.79866666666667,7.918,2.0806666666666667,7.680666666666666,5.6,20.2,21.097,323.749,5,1,5,1,0.0475,0.0425,0.0,106,0,5,-0.22141006344729253,0.0009441496514850051,-0.22134405613788055,0.0010101569608969832,,,6000,600
I2_Static_Nonlinear_Negative_Control,1969,C2_K2,2,1.1668080301106438,86.782,92.0,127.60000000000582,162.0,162.0,196.0,59.983333333333334,26.798666666666666,7.918,2.0806666666666667,7.680666666666666,5.6,11.2,21.597,311.669,5,1,5,1,0.04583333333333333,0.0425,0.0,106,0,5,-0.22141006344729253,0.0039256713219514815,-0.22183327777897693,0.003502456990266997,,,3000,600
I3_Single_Exact_Delay,1969,C0_M1_PARENT,1,0.2609716207435604,101.127,92.0,140.20000000000073,170.0,170.0,196.0,65.535,35.592,7.876666666666667,1.9153333333333333,7.5153333333333325,5.6,20.2,25.02166666666667,325.76166666666666,3,1,2,1,0.04833333333333333,0.5891666666666666,0.0,99,0,3,0.8224910494141665,-0.0005130110834719646,0.8226960894881167,-0.0003079710095214827,,,6000,600
I3_Single_Exact_Delay,1969,C2_K2,2,0.2610077858856954,92.382,92.0,127.60000000000582,170.0,170.0,196.0,65.79,26.592,7.876666666666667,1.9153333333333333,7.5153333333333325,5.6,11.2,25.52166666666667,314.12166666666667,3,2,2,2,0.05583333333333333,0.5891666666666666,0.0,99,0,3,0.8224910494141665,0.00014039362056957933,0.8219933806228298,-0.0003572751707668685,,,3000,600
I4_Multi_Sparse_Delay,1969,C0_M1_PARENT,1,0.6169510327247092,104.463,92.0,148.0,162.0,196.0,204.0,68.62666666666667,35.836333333333336,7.904,2.1323333333333334,7.732333333333333,5.6,20.2,21.379333333333335,335.53366666666665,6,7,6,7,0.29,0.07666666666666666,0.041666666666666664,105,0,6,0.033432768195361506,-0.01210676731307907,0.01583829142289061,-0.029701244085549888,,,6000,600
I4_Multi_Sparse_Delay,1969,C2_K2,2,0.6205996477931395,87.24133333333333,92.0,127.60000000000582,162.0,170.0,196.0,60.41833333333334,26.823,7.9013333333333335,2.1216666666666666,7.721666666666666,5.6,11.2,22.086,311.6376666666667,8,1,8,1,0.04,0.10583333333333333,0.0,104,0,8,0.03230282238628004,-0.0005834273812681762,0.03133919822967731,-0.0015470515378708705,,,3000,600
I5_Moving_Delay_Support,1969,C0_M1_PARENT,1,0.44394874565911696,96.49333333333334,92.0,140.20000000000073,162.0,162.0,196.0,60.67166666666667,35.821666666666665,7.913333333333333,2.1083333333333334,7.708333333333333,5.6,20.2,20.805333333333333,325.08433333333335,1,2,1,2,0.07833333333333334,0.0008333333333333334,0.0,104,0,1,-0.0603965958524254,-0.0005652719403479664,-0.05998904766226376,-0.00015772375018629383,,,6000,600
I5_Moving_Delay_Support,1969,C2_K2,2,0.44415074275178607,87.04,92.0,127.60000000000582,162.0,162.0,196.0,60.218333333333334,26.821666666666665,7.913333333333333,2.1083333333333334,7.708333333333333,5.6,11.2,21.305333333333333,312.44433333333336,1,2,1,2,0.065,0.0008333333333333334,0.0,104,0,1,-0.0603965958524254,-6.399066799546798e-05,-0.06039376161332735,-6.115642889741965e-05,,,3000,600
I6_Continuous_Latent_State,1969,C0_M1_PARENT,1,0.13697226275501695,129.407,126.0,148.0,196.0,204.0,204.0,93.73666666666666,35.67033333333333,7.897333333333333,1.973,7.5729999999999995,5.6,20.2,22.054666666666666,369.793,1,1,0,0,0.9966666666666667,0.185,0.185,83,0,1,0.028398573201802856,0.2859699001906336,-0.010711418906694742,0.246859908082136,,,6000,600
I6_Continuous_Latent_State,1969,C2_K2,2,0.13846968658468198,122.08,126.0,136.60000000000218,196.0,204.0,204.0,95.48833333333333,26.591666666666665,7.89,1.9016666666666666,7.501666666666666,5.6,11.2,23.846333333333334,358.36066666666665,4,1,3,0,0.995,0.36583333333333334,0.36583333333333334,88,0,4,0.02730050318152273,0.10885025469584433,0.012404182755637962,0.09395393426995954,,,3000,600
I7_Quiescent_Continuous_State,1969,C0_M1_PARENT,1,0.15942914986797058,118.89133333333334,110.0,140.20000000000073,196.0,196.0,196.0,83.44333333333333,35.448,7.917333333333334,1.7306666666666666,7.330666666666666,5.6,20.2,20.474666666666668,357.078,0,3,0,2,0.7483333333333333,0.0,0.0,78,0,0,-0.06165358595092448,0.21796760969754586,-0.1841420152965751,0.0954791803518951,,50.0,6000,600
I7_Quiescent_Continuous_State,1969,C2_K2,2,0.1488022294456351,112.834,102.0,136.60000000000218,196.0,204.0,204.0,86.27666666666667,26.557333333333332,7.894666666666667,1.8626666666666667,7.462666666666666,5.6,11.2,22.894,346.6433333333333,3,2,3,1,0.7608333333333334,0.24083333333333334,0.24083333333333334,88,0,3,-0.11305154675898563,0.12067087145502273,-0.12417138388851659,0.10955103432549185,,61.0,3000,600
I8_Quiescent_Discrete_Delay,1969,C0_M1_PARENT,1,0.4539260733107225,95.50333333333333,92.0,140.20000000000073,162.0,162.0,196.0,59.785,35.718333333333334,7.906666666666666,2.0116666666666667,7.611666666666666,5.6,20.2,20.828666666666667,323.65766666666667,3,1,3,1,0.04833333333333333,0.014166666666666666,0.0,95,0,3,-0.13945447716606155,-0.001100806087016238,-0.13933227415086416,-0.0009786030718189076,,,6000,600
I8_Quiescent_Discrete_Delay,1969,C2_K2,2,0.4539799615305078,86.75833333333334,92.0,127.60000000000582,162.0,162.0,196.0,60.04,26.718333333333334,7.906666666666666,2.0116666666666667,7.611666666666666,5.6,11.2,21.328666666666667,312.0176666666667,3,2,3,2,0.05583333333333333,0.014166666666666666,0.0,95,0,3,-0.13945447716606155,9.284591878691455e-05,-0.13696944545627454,0.002577877628573928,,,3000,600
I9_Hybrid_Delay_Plus_Latent_State,1969,C0_M1_PARENT,1,0.3050526233775541,125.696,126.0,148.0,196.0,204.0,204.0,89.925,35.771,7.898666666666666,2.0723333333333334,7.672333333333333,5.6,20.2,22.596666666666668,363.82366666666667,5,4,4,3,0.8666666666666667,0.24583333333333332,0.24583333333333332,106,0,5,0.46269725778805304,0.1149283182847281,0.42847462527334146,0.0807056857700164,,,6000,600
I9_Hybrid_Delay_Plus_Latent_State,1969,C2_K2,2,0.3131091012947963,112.33266666666667,102.0,136.60000000000218,196.0,204.0,204.0,85.56166666666667,26.771,7.898666666666666,2.0723333333333334,7.672333333333333,5.6,11.2,23.096666666666668,345.66366666666664,5,4,4,3,0.7383333333333333,0.24583333333333332,0.24583333333333332,106,0,5,0.4626946434627803,0.05952985262123629,0.437660249477865,0.03449545863632085,,,3000,600
I10_Redundant_Temporal_Structure,1969,C0_M1_PARENT,1,0.33386766915764704,136.06533333333334,136.0,148.0,204.0,204.0,204.0,100.58666666666667,35.47866666666667,7.862,1.8166666666666667,7.416666666666666,5.6,20.2,27.031666666666666,372.2903333333333,2,1,1,0,0.9966666666666667,0.87,0.87,96,0,2,0.4866453390168627,0.27231586823150294,0.24036876883311836,0.026039298047758702,,,6000,600
I10_Redundant_Temporal_Structure,1969,C2_K2,2,0.3621634938349765,122.666,126.0,136.60000000000218,204.0,204.0,204.0,96.1,26.566,7.870666666666667,1.8953333333333333,7.495333333333333,5.6,11.2,26.278,355.8213333333333,3,1,2,1,0.9166666666666666,0.6933333333333334,0.615,100,0,3,0.5311318709819155,0.020875036898327,0.5067519985109283,-0.00350483557265984,,,3000,600
I11_Regime_Switch_Delay_To_Latent,1969,C0_M1_PARENT,1,0.2046638034092986,113.03666666666666,110.0,148.0,170.0,196.0,204.0,77.39166666666667,35.645,7.894666666666667,1.9503333333333333,7.550333333333333,5.6,20.2,23.513333333333332,344.683,3,2,3,1,0.4583333333333333,0.38083333333333336,0.010833333333333334,104,0,3,-0.0765432291346746,0.16442048607494955,-0.0876252040880212,0.15333851112160304,672.0,,6000,600
I11_Regime_Switch_Delay_To_Latent,1969,C2_K2,2,0.19990665665170435,104.54666666666667,96.0,136.60000000000218,170.0,196.0,204.0,77.90166666666667,26.645,7.894666666666667,1.9503333333333333,7.550333333333333,5.6,11.2,24.013333333333332,333.403,3,2,3,1,0.47333333333333333,0.38083333333333336,0.010833333333333334,104,0,3,-0.07654319839012017,0.07989796499109739,-0.07636000220727293,0.08008116117394457,555.0,,3000,600
I12_Regime_Switch_Latent_To_Delay,1969,C0_M1_PARENT,1,0.2561321939001771,112.212,110.0,140.20000000000073,184.0,196.0,196.0,76.445,35.767,7.916,2.051,7.651,5.6,20.2,20.753333333333334,347.3376666666667,0,3,0,3,0.5425,0.0,0.0,97,0,0,-0.08163567194401927,-0.0037607026054615102,-0.08167275331787766,-0.0037977839793199015,3000.0,,6000,600
I12_Regime_Switch_Latent_To_Delay,1969,C2_K2,2,0.2579607931847335,105.29666666666667,92.0,136.60000000000218,190.0,204.0,204.0,78.625,26.671666666666667,7.9046666666666665,1.967,7.567,5.6,11.2,22.61766666666667,336.3826666666667,2,2,2,2,0.55,0.1925,0.17166666666666666,96,0,2,-0.1029815445593125,-0.002401349223352499,-0.10321146496944997,-0.002631269633489898,3000.0,,3000,600
I13_Regime_Switch_Hybrid_To_Memoryless,1969,C0_M1_PARENT,1,0.2600929045768881,107.46733333333333,106.0,142.0,162.0,196.0,204.0,71.85,35.617333333333335,7.924666666666667,1.8926666666666667,7.492666666666667,5.6,20.2,20.719,340.67833333333334,1,4,1,4,0.4041666666666667,0.010833333333333334,0.010833333333333334,94,0,1,-0.0014207831674968858,-0.0029758626971113354,-0.00140517972993308,-0.00296025925954753,119.0,,6000,600
I13_Regime_Switch_Hybrid_To_Memoryless,1969,C2_K2,2,0.267343615876745,94.189,92.0,136.60000000000218,162.0,196.0,204.0,67.57166666666667,26.617333333333335,7.924666666666667,1.8926666666666667,7.492666666666667,5.6,11.2,21.219,322.6383333333333,1,3,1,3,0.2783333333333333,0.010833333333333334,0.010833333333333334,94,0,1,-0.0014207831671963274,-0.00109948497839038,-0.001427107969294742,-0.0011058097804887961,118.0,,3000,600
I14_Intermittent_Hybrid,1969,C0_M1_PARENT,1,0.24601010819485764,113.277,110.0,142.0,196.0,196.0,196.0,77.50166666666667,35.775333333333336,7.921333333333333,2.054,7.654,5.6,20.2,20.776666666666667,348.828,1,3,1,3,0.5733333333333334,0.0008333333333333334,0.0008333333333333334,104,0,1,-0.04194465246047165,-0.006266965907321602,-0.043825285380233954,-0.008147598827083892,1607.0,,6000,600
I14_Intermittent_Hybrid,1969,C2_K2,2,0.25864405052999734,100.47266666666667,92.0,136.60000000000218,162.0,196.0,204.0,73.725,26.747666666666667,7.916666666666667,2.031,7.631,5.6,11.2,21.565,331.05333333333334,4,2,4,2,0.45,0.0425,0.041666666666666664,101,0,4,-0.06424843739904436,-0.002944922176829137,-0.06577848154106632,-0.0044749663188510935,1607.0,,3000,600
I1_Memoryless_Linear,1970,C0_M1_PARENT,1,0.12204585743002973,93.71866666666666,92.0,138.40000000000146,142.0,150.0,176.0,59.55833333333333,34.160333333333334,7.99,0.37033333333333335,5.970333333333333,5.6,20.2,19.416333333333334,322.8106666666667,0,1,0,1,0.04583333333333333,0.0,0.0,16,0,0,-0.04055667575013395,-0.0011559382337972082,-0.040577269002912135,-0.0011765314865754067,,,6000,600
I1_Memoryless_Linear,1970,C2_K2,2,0.12202783154765781,84.71866666666666,92.0,127.60000000000582,142.0,150.0,176.0,59.55833333333333,25.160333333333334,7.99,0.37033333333333335,5.970333333333333,5.6,11.2,19.916333333333334,310.8106666666667,0,1,0,1,0.04583333333333333,0.0,0.0,16,0,0,-0.04055667575013395,0.0001226299858809251,-0.039288887789113755,0.001390417946901115,,,3000,600
I2_Static_Nonlinear_Negative_Control,1970,C0_M1_PARENT,1,1.0603371601482892,93.83666666666667,92.0,109.6000000000131,162.0,162.0,162.0,58.0,35.836666666666666,7.914,2.1226666666666665,7.722666666666666,5.6,20.2,20.809666666666665,321.3263333333333,0,0,0,0,0.0,0.0,0.0,108,0,0,-0.0933342649718708,-1.3509761890444527e-05,-0.09333969454886909,-1.893933888875843e-05,,,6000,600
I2_Static_Nonlinear_Negative_Control,1970,C2_K2,2,1.0603371601482892,84.83666666666667,88.0,97.00000000001819,162.0,162.0,162.0,58.0,26.836666666666666,7.914,2.1226666666666665,7.722666666666666,5.6,11.2,21.309666666666665,309.3263333333333,0,0,0,0,0.0,0.0,0.0,108,0,0,-0.0933342649718708,-1.1737063298692691e-05,-0.09333417179620206,-1.1643887629970317e-05,,,3000,600
I3_Single_Exact_Delay,1970,C0_M1_PARENT,1,0.44627907145504264,96.025,92.0,148.0,162.0,162.0,204.0,60.211666666666666,35.81333333333333,7.91,2.1033333333333335,7.703333333333333,5.6,20.2,21.265,323.795,5,1,5,1,0.04666666666666667,0.0625,0.035,102,0,5,-0.07960676373205615,-0.0002631196518464329,-0.07950324397048232,-0.00015959989027258188,,,6000,600
I3_Single_Exact_Delay,1970,C2_K2,2,0.4461912395956537,86.99666666666667,92.0,136.60000000000218,162.0,162.0,204.0,60.18333333333333,26.813333333333333,7.91,2.1033333333333335,7.703333333333333,5.6,11.2,21.765,311.755,5,1,5,1,0.04583333333333333,0.0625,0.034166666666666665,102,0,5,-0.07960676373202188,-2.4772788368105735e-05,-0.07951281044222853,6.91805014251992e-05,,,3000,600
I4_Multi_Sparse_Delay,1970,C0_M1_PARENT,1,0.5610047188100534,107.95366666666666,102.0,148.0,170.0,200.0,204.0,72.41333333333333,35.540333333333336,7.873333333333333,1.867,7.467,5.6,20.2,26.08,333.9316666666667,4,9,3,9,0.2075,0.7358333333333333,0.11416666666666667,101,0,4,0.27792387110070244,-0.0009756424333931476,0.27585180953299765,-0.003047704001097991,,,6000,600
I4_Multi_Sparse_Delay,1970,C2_K2,2,0.5609683544567542,94.546,96.0,136.60000000000218,170.0,170.0,204.0,68.005,26.541,7.873333333333333,1.8676666666666666,7.467666666666666,5.6,11.2,26.568,315.72566666666665,4,3,3,3,0.07833333333333334,0.7341666666666666,0.028333333333333332,101,0,4,0.2776451011231727,0.005197377909934348,0.2791822009835023,0.006734477770263956,,,3000,600
I5_Moving_Delay_Support,1970,C0_M1_PARENT,1,0.21824143652369282,103.78333333333333,102.0,148.0,170.0,170.0,204.0,68.32,35.46333333333333,7.872,1.7913333333333334,7.391333333333333,5.6,20.2,26.842666666666666,326.99333333333334,4,1,3,1,0.055,0.845,0.043333333333333335,105,0,4,0.7863769811582757,-2.0687673743744626e-05,0.786389060389661,-8.608442358152529e-06,,,6000,600
I5_Moving_Delay_Support,1970,C2_K2,2,0.21819266224988193,94.5,96.0,136.60000000000218,170.0,170.0,204.0,68.03666666666666,26.463333333333335,7.872,1.7913333333333334,7.391333333333333,5.6,11.2,27.342666666666666,314.5933333333333,4,1,3,1,0.04666666666666667,0.845,0.035,105,0,4,0.7863769811582588,-6.80531331685011e-05,0.78629791069222,-0.00014712359920707624,,,3000,600
I6_Continuous_Latent_State,1970,C0_M1_PARENT,1,0.13581854431168705,128.306,126.0,148.0,196.0,196.0,204.0,92.53833333333333,35.76766666666666,7.8966666666666665,2.071,7.670999999999999,5.6,20.2,21.285666666666668,369.32866666666666,2,1,2,0,0.995,0.07083333333333333,0.07083333333333333,79,0,2,0.010989794163636055,0.3883565884271161,-0.053457295477755726,0.32390949878572406,,,6000,600
I6_Continuous_Latent_State,1970,C2_K2,2,0.1396559883990181,120.66366666666667,126.0,136.60000000000218,196.0,204.0,204.0,93.99833333333333,26.665333333333333,7.888,1.9773333333333334,7.577333333333333,5.6,11.2,23.477333333333334,356.89666666666665,5,2,4,1,0.9683333333333334,0.3075,0.2808333333333333,88,0,5,0.005086731178483821,0.20212415563002392,-0.00039158157392828316,0.1966458428776119,,,3000,600
I7_Quiescent_Continuous_State,1970,C0_M1_PARENT,1,0.13857594574943494,120.15833333333333,110.0,142.0,196.0,196.0,204.0,84.64833333333333,35.51,7.917333333333334,1.7926666666666666,7.392666666666666,5.6,20.2,20.730666666666668,358.566,1,2,1,1,0.7766666666666666,0.024166666666666666,0.024166666666666666,82,0,1,-0.03796401581519816,0.35632718004159103,-0.007651702657087203,0.3866394931997018,,50.0,6000,600
I7_Quiescent_Continuous_State,1970,C2_K2,2,0.14387115040890003,110.56633333333333,102.0,136.60000000000218,196.0,196.0,204.0,84.09166666666667,26.474666666666668,7.914,1.7606666666666666,7.360666666666666,5.6,11.2,21.783,344.963,2,2,2,1,0.7375,0.10166666666666667,0.10166666666666667,83,0,2,-0.0451446471935554,0.23685789576522237,-0.03968611466670266,0.24231642829207523,,50.0,3000,600
I8_Quiescent_Discrete_Delay,1970,C0_M1_PARENT,1,0.4114135582475687,96.10333333333334,92.0,142.0,162.0,170.0,204.0,60.57833333333333,35.525,7.914,1.811,7.411,5.6,20.2,21.299666666666667,323.8113333333333,2,1,1,1,0.04666666666666667,0.09916666666666667,0.035,89,0,2,0.5594736142820785,-0.002011666635368064,0.5598498511603085,-0.0016354297571383048,,,6000,600
I8_Quiescent_Discrete_Delay,1970,C2_K2,2,0.4112821686081257,87.075,92.0,136.60000000000218,162.0,170.0,204.0,60.55,26.525,7.914,1.811,7.411,5.6,11.2,21.799666666666667,311.77133333333336,2,1,1,1,0.04583333333333333,0.09916666666666667,0.034166666666666665,89,0,2,0.5594736142821128,-0.0005229915983471828,0.559623754804011,-0.00037285107644934045,,,3000,600
I9_Hybrid_Delay_Plus_Latent_State,1970,C0_M1_PARENT,1,0.13064080150599372,136.87366666666668,136.0,148.0,204.0,204.0,204.0,101.43833333333333,35.43533333333333,7.865333333333333,1.77,7.369999999999999,5.6,20.2,27.683333333333334,372.5353333333333,1,1,0,0,0.995,0.9608333333333333,0.9608333333333333,107,0,1,0.5114409025322064,0.1562119911705583,0.5126646675806059,0.1574357562189577,,,6000,600
I9_Hybrid_Delay_Plus_Latent_State,1970,C2_K2,2,0.13072379576457915,127.87366666666667,130.0,136.60000000000218,204.0,204.0,204.0,101.43833333333333,26.435333333333332,7.865333333333333,1.77,7.369999999999999,5.6,11.2,28.183333333333334,360.5353333333333,1,1,0,0,0.995,0.9608333333333333,0.9608333333333333,107,0,1,0.51144123975366,0.17941968654777748,0.4622157271966872,0.1301941739908047,,,3000,600
I10_Redundant_Temporal_Structure,1970,C0_M1_PARENT,1,0.32373971450440314,135.96133333333333,136.0,148.0,204.0,204.0,204.0,100.48833333333333,35.473,7.854666666666667,1.8183333333333334,7.418333333333333,5.6,20.2,26.986666666666668,372.18966666666665,1,1,0,0,0.995,0.8658333333333333,0.8658333333333333,83,0,1,0.7700670152119145,0.6418581733443818,0.15121398915633358,0.02300514728880097,,,6000,600
I10_Redundant_Temporal_Structure,1970,C2_K2,2,0.323684106026593,126.96133333333333,130.0,136.60000000000218,204.0,204.0,204.0,100.48833333333333,26.473,7.854666666666667,1.8183333333333334,7.418333333333333,5.6,11.2,27.486666666666668,360.18966666666665,1,1,0,0,0.995,0.8658333333333333,0.8658333333333333,83,0,1,0.7700670271072028,0.2682840259743754,0.5843733989202422,0.08259039778741523,,,3000,600
I11_Regime_Switch_Delay_To_Latent,1970,C0_M1_PARENT,1,0.2749473747138967,103.71566666666666,92.0,140.20000000000073,162.0,196.0,196.0,67.86,35.855666666666664,7.908,2.147666666666667,7.7476666666666665,5.6,20.2,20.82133333333333,335.2536666666667,0,1,0,0,0.29,0.0,0.0,96,0,0,0.007221070119323046,0.246015793551927,-0.038674372921136894,0.20012035051146707,678.0,,6000,600
I11_Regime_Switch_Delay_To_Latent,1970,C2_K2,2,0.2879087566116176,92.50566666666667,92.0,127.60000000000582,162.0,196.0,196.0,65.65,26.855666666666668,7.908,2.147666666666667,7.7476666666666665,5.6,11.2,21.32133333333333,320.13366666666667,0,1,0,0,0.225,0.0,0.0,96,0,0,0.007221070119323046,0.16767987413819171,0.0014263268691466669,0.16188513088801537,678.0,,3000,600
I12_Regime_Switch_Latent_To_Delay,1970,C0_M1_PARENT,1,0.2670508756929529,111.678,110.0,140.20000000000073,184.0,196.0,196.0,75.86333333333333,35.81466666666667,7.914,2.1006666666666667,7.700666666666667,5.6,20.2,20.833666666666666,346.49833333333333,1,1,0,1,0.5241666666666667,0.004166666666666667,0.0,103,0,1,0.21922009167842493,-0.001146171838894168,0.21848009481959899,-0.0018861686977201145,3000.0,,6000,600
I12_Regime_Switch_Latent_To_Delay,1970,C2_K2,2,0.16140075657915917,107.23666666666666,102.0,136.60000000000218,184.0,196.0,204.0,80.65833333333333,26.578333333333333,7.894666666666667,1.8836666666666666,7.483666666666666,5.6,11.2,24.930666666666667,335.94166666666666,4,1,3,1,0.5166666666666667,0.5091666666666667,0.07,106,0,4,0.6154073292480425,-0.002209772679754165,0.6151295315548653,-0.0024875703729315673,644.0,,3000,600
I13_Regime_Switch_Hybrid_To_Memoryless,1970,C0_M1_PARENT,1,0.13800634881837814,117.207,120.0,148.0,196.0,204.0,204.0,81.79333333333334,35.413666666666664,7.892,1.7216666666666667,7.321666666666666,5.6,20.2,24.881333333333334,348.68766666666664,1,1,1,1,0.5275,0.5858333333333333,0.49333333333333335,93,0,1,-0.017820365888970284,-0.0031938074565378356,-0.016204057226901318,-0.0015774987944688803,144.0,,6000,600
I13_Regime_Switch_Hybrid_To_Memoryless,1970,C2_K2,2,0.13810981781073245,108.122,102.0,136.60000000000218,196.0,204.0,204.0,81.70833333333333,26.413666666666668,7.892,1.7216666666666667,7.321666666666666,5.6,11.2,25.381333333333334,336.56766666666664,1,1,1,1,0.525,0.5858333333333333,0.49083333333333334,93,0,1,-0.017820365956682495,-0.000720298099673791,-0.0149138673414939,0.002186200515514796,144.0,,3000,600
I14_Intermittent_Hybrid,1970,C0_M1_PARENT,1,0.2465194186879807,116.37566666666666,110.0,148.0,196.0,196.0,204.0,80.59166666666667,35.784,7.9126666666666665,2.0713333333333335,7.671333333333333,5.6,20.2,21.677,351.9603333333333,2,2,2,2,0.6291666666666667,0.12,0.08833333333333333,103,0,2,-0.006331902924741929,-0.008122589618735484,-0.006909888053790383,-0.008700574747783942,1608.0,,6000,600
I14_Intermittent_Hybrid,1970,C2_K2,2,0.25243753871278374,104.64233333333334,92.0,136.60000000000218,196.0,196.0,204.0,77.84833333333333,26.794,7.912,2.082,7.6819999999999995,5.6,11.2,22.208,336.056,2,2,2,2,0.5475,0.12333333333333334,0.09416666666666666,105,0,2,-0.012212166169005978,-0.0013243414626284856,-0.014716268803973432,-0.0038284440975959407,1608.0,,3000,600
