sha256	bytes	path
cdf901433885f29eca6911f70c0eeafb50d90596c879c30c5b99f5a2e8e734ff	3200586	data/external/elec2_nsw_continuous.csv
6988cd73873e1078cedd103db94f45ae43fe2f90151c93a8fd460adc035bc176	2803636	data/external/gas_dynamic_mixture_co.csv
402622f5f5eb05b65579f0bc37a7fbaa4fa9977c3240f111488439bc68a4c898	1389428	data/external/household_power_submetering.csv
dd6b5512f688138c00a79869f5829a4e77e00e38f40e35bb361aefd7ac807dd1	7052577	data/external/jena_climate_2014_2016.csv
abc3018a8e0c2488a5ae9ce5277dccb68c0b816f7989bd929472bfb18f919774	812145	data/external/silverbox_eval_sn.csv
f18de3ad269cef59bb07b5438d79bb3042d3be49bdeecf01c1cd6d29695ee066	2589657	data/external_bench02/ETTh1.csv
a3dc2c597b9218c7ce1cd55eb77b283fd459a1d09d753063f944967dd6b9218b	2417960	data/external_bench02/ETTh2.csv
6ce1759b1a18e3328421d5d75fadcb316c449fcd7cec32820c8dafda71986c9e	10360719	data/external_bench02/ETTm1.csv
db973ca252c6410a30d0469b13d696cf919648d0f3fd588c60f03fdbdbadd1fd	9677236	data/external_bench02/ETTm2.csv
3c4c069588198c1fcc95cace7bb69c99922129edfd673b7286661dad20badefa	17993794	data/external_bench02/electricity.txt.gz
6a4fbb561dcdee43f071a83badbeec9223a335552278348656738b556f1c2e9d	177142	data/external_bench02/exchange_rate.txt.gz
c7be5a00519d344a5ec0eabdbfec5ea0c7dd1eed5f9b1a3843a93bb88086a56d	29310512	data/external_bench02/traffic.txt.gz
73af0efd30a102d63b7e4ae2972ced64d4172eba20cfd4614016a8c83a748c7f	13422464	data/external_bench03/australian_electricity_demand_dataset.tsf
b1439c28a631766bd05ee327f1f430a887b9f53b38a8cd5c0769ded1fd4aaf5a	5770526	data/external_bench03/australian_electricity_demand_dataset.zip
4485e9fae7371b6e1b4272460fdfe847c4807cb98464ee41fdd4571303c4b515	9925024	data/external_bench03/kdd_cup_2018_dataset_without_missing_values.tsf
2ababea948fb1179eb3c5e0bed63611251278f5e8dca30dd8e8d658652720b01	2432429	data/external_bench03/kdd_cup_2018_dataset_without_missing_values.zip
39daed2a769116f6bb8d7049e73ebd5f00a3cc918e288f1f277dd8c7a1c6b3f7	11901419	data/external_bench03/pedestrian_counts_dataset.tsf
6e81cb8cad43650e7e0f754a1103fc75c960e03387bae9b91146aa3241c9aa50	4587054	data/external_bench03/pedestrian_counts_dataset.zip
bfd2ad2d80d8f3b6cd55086716dc9047789ebd76e0c78c06bba7af5b812d95fc	107508	data/external_bench03/saugeenday_dataset.tsf
061cb56ee6829d5686e5e08f1a61f4c0af682e32c37824e79926fc11148747df	28721	data/external_bench03/saugeenday_dataset.zip
158700c75836e902047ef8ab984756860ca7ce6d94a469341bdae4f19f1388b4	24110029	data/external_bench03/solar_10_minutes_dataset.tsf
63ec43cefc45d87af17f06255daad8343cc2593d3572e4d7178d791ab9387390	4559353	data/external_bench03/solar_10_minutes_dataset.zip
6c4137ec1b9b8f95c56dd9e60a06f8f68d2aa98164432a1f981be711c9902472	236090	data/external_bench03/sunspot_dataset_without_missing_values.tsf
e47ca44f2046a95eb539ada9f1eab7c0091483b4b872f8b6682987f67342cca8	68476	data/external_bench03/sunspot_dataset_without_missing_values.zip
7c5c0f85661592d30000aa8a9066d938629ee5f3f5a3f72c75517179a50b38bb	40088	data/external_bench03/us_births_dataset.tsf
cca9ebce263e6a8cd7c776c002e01ff1f904d8bce5dd2c8103cbed8bc6f8b391	16332	data/external_bench03/us_births_dataset.zip
806dd64d049af8e1fb6df55be5f74efebc1ae01d90b6258830765ff69feb38d2	4530043	data/external_bench04/BALANCO_2023.csv
cb63c58aa9b0d45e5099471e6c91da3147dd511f2f9950f129f92a4354ca62bb	4569407	data/external_bench04/BALANCO_2024.csv
3a7e07005bd991ade3cccf402b21737564713230f777e1bcda06b9c6e9a78096	1539769	data/external_bench04/CURVA_CARGA_2023.csv
0c7e02591887591ec0a1e758eeb744dcd24c69e91c09e032ce7772838676cc32	1545226	data/external_bench04/CURVA_CARGA_2024.csv
d4a64013fb385288a8a48d9d193ca7079b2e1bbddf6f8d458feb8c08ab2b8a2a	1543989	data/external_bench04/airquality.zip
13277ae5d8581e80b7be09d47c7d3d06fe9b8e957078f2cf6e859f955e62f996	785065	data/external_bench04/airquality/AirQualityUCI.csv
c92d102bb35cd4c0b42c0b6a1336c4065ccdca7069f80a6890ee1b7e3124bd5d	1298197	data/external_bench04/airquality/AirQualityUCI.xlsx
fde588fbfe43e6c7b533c0473777634edd668b318c87a4957ffe970a820cdecf	98008	data/external_bench04/bcb_usd_1.json
2ac8a4df66df2d607d179fba31e8b9fcf4229c4aef9912c35e39860e6d104994	97813	data/external_bench04/bcb_usd_2.json
b70182d0d0508e9abbb79306ce5c0cec34869000f8220175ac83d11dbe845401	279992	data/external_bench04/bike.zip
b92c8628622948bf0828c43a1b315d1517c3d7fd63654730d0dea379b8e88175	5607	data/external_bench04/bike/Readme.txt
a6bcf826782d3c0fbfdcbeead17cd0884185a0dafe8ff10cd48a874ee7ba18be	57569	data/external_bench04/bike/day.csv
e03de4ee4ef4dc376ac6e04bf829673c6269e8eba5c60fa121640fa2f829504f	1156736	data/external_bench04/bike/hour.csv
6f0d2dce3a5aa17c26627ea6107cbf4e5b10050f8a1648d6d03306cd0777f735	1326101	data/external_bench04/oikolab.zip
106716ac021d63c25d680781643c80b942ef94c5b21d3d93563f40855b6bfd88	4631286	data/external_bench04/oikolab/oikolab_weather_dataset.tsf
3c4bf684161180937043a9fb65701a83d44b740b0d42f0492b6e7aec57ddbbfe	1401688	data/external_bench04/tetouan.zip
ca8b2f30cf07dd872cb7f2aa45dac110ee38dbe5fc5910a6ff4bcc530dae3a40	4222390	data/external_bench04/tetouan/Tetuan City power consumption.csv
0b3679ac15173f79c6dc6c5ef8a0798d806fa5c5d7f05c84a5fa711bd1b05f07	405373	data/external_v03/Metro_Interstate_Traffic_Volume.csv.gz
4127f868775e31b3956522adc0ec75af8937dde6a3896e8beed3a376c6d27f1c	2010494	data/external_v03/PRSA_data_2010.1.1-2014.12.31.csv
2820bf712ad0275cb18b85a05250926100d8e65ebb9f4d2d016ca91ea152a25d	11979363	data/external_v03/energydata_complete.csv
34f667e834e30457e5e725817b5ec0493e10d16de8f0a6a3f444fa23077bd5bc	5101035	data/external_v05/BALANCO_2021.csv
52704015ffc2d3411134d61782b3eb928754bba7b6fac4d8dd7ac3f9c03c1950	5127029	data/external_v05/BALANCO_2022.csv
b5d76ab85a6807479e054c1b3ac6462838ae4d8ced7c42f0f43e2c101b958345	1539096	data/external_v05/CURVA_CARGA_2021.csv
d56a7b23d4f987d862ce8268584907b372d3e79bfc241d5e46fd6bb4ed0fefaa	1538114	data/external_v05/CURVA_CARGA_2022.csv
f4e030494cb0096db17b06bbd0fd58c7402eaea52c1fa52fcfc79f748614ae1d	105463	data/external_v05/bcb_eur_1.json
de075bc9a0abf4bd355b8c504d0b428e141a8a5ff63571a54aeb2b4ceab1bdfe	105253	data/external_v05/bcb_eur_2.json
1bec32e9bba6ada6eca5db675a981ce62817e60c909f0be007c0b7927cb5491f	89963	data/external_v05/elecdemand.zip
a292510b15b87ebef5aa9a4cd52d5258e7e9d180eefef99433a1ce6b873278dc	207056	data/external_v05/elecdemand_dataset.tsf
8a6f540109a33a1350b86ef6954bd5f5fff49c7fd2c7370c5e35be3e7bd1f8fc	4924631	data/external_v051/BALANCO_2019.csv
4cd52d6ed2a33ed10ecefc6728f60c422bed8afeba363a5b862667a1f7c9123e	4930218	data/external_v051/BALANCO_2020.csv
23cc26534ef22c1da59496ef2064b90a3481ef41973256e5fdf69d7780fc9817	1536600	data/external_v051/CURVA_CARGA_2019.csv
838121d4ba5d8b0d3497da5b8f8522d6d2597e9ec00c6b3821e18e41ee4cc0c2	1539709	data/external_v051/CURVA_CARGA_2020.csv
d949f00de4b6361160d8b41fa60a9fbedd5e6653bdb80613cf9adf2c159e21c2	100441	data/external_v051/bcb_gbp_1.json
dc239144050856750e109f16e083e0e282f9a9d506162caf1b14fc8c418a485c	100241	data/external_v051/bcb_gbp_2.json
50ef5178c5d4ce18b0d0480140e83349d1b058f10b4b1e59b9e8698a7b8e417b	595266464	data/external_v052/bdg2/building-data-genome-project-2-v1.0.zip
87da63388a071b6cfc51f444cc223e95bff0eb0efe7b756cb4813170bf5489ca	273282	data/external_v052/camels_br/01_CAMELS_BR_attributes.zip
19edd9beb891f502797c61dcdd12707c31ebfa8a53f9db1df203b4381a50ffcd	62466395	data/external_v052/camels_br/03_CAMELS_BR_streamflow_selected_catchments.zip
9ffa3af66de60f022ca60885fcc8e0fd43f2450eaa5c662dc040d55516f2da3d	167492849	data/external_v052/camels_br/05_CAMELS_BR_precipitation.zip
20c2d54666ca8c086efe81e7b7633cf74a3ddca160cafd3a65bdc697d784c479	116994984	data/external_v052/camels_br/06_CAMELS_BR_actual_evapotransp.zip
280843da6ac4353595189fb418c133a9c3ceef6fd886c0755217f961955aed98	228565531	data/external_v052/camels_br/09_CAMELS_BR_temperature.zip
eb0fa05851e8a7136846c2e3b61fbef87def78d0852c86ab91b02ac5db541b51	7520592	data/external_v052/cascaded_tanks/CascadedTanksFiles.zip
91597add858efdec98cc1bfabd7b87867c5c3cb8a0ec10976ceed9acdee81b39	2169671	data/external_v052/cascaded_tanks/TanksBenchmark.pdf
7a9590e3d678bb0b7b51d9cfe60b55882d0dce803078ddae850eab9a13390be3	1711421	data/external_v052/ons_daily/DADOS_HIDROLOGICOS_RES_2000.parquet
241a554a6d904a1a400e1f1011a503117e29e8c7cde1bfd6e890396c0c5b9c37	1687500	data/external_v052/ons_daily/DADOS_HIDROLOGICOS_RES_2001.parquet
6bc35e6c3589138db4bde39ab474f89c18816e5dd80f9a1bc329977c0e5ee917	1759836	data/external_v052/ons_daily/DADOS_HIDROLOGICOS_RES_2002.parquet
10ce45f057be271e7fc89512a13a58b03824880dc73812ea9a665b41fe46d2f8	1639231	data/external_v052/ons_daily/DADOS_HIDROLOGICOS_RES_2003.parquet
e4f910af10b24b979e2559736bcad88dc141fc0739536866bfc5792b8a08f73b	1691855	data/external_v052/ons_daily/DADOS_HIDROLOGICOS_RES_2004.parquet
ec6a6472ce4fe53f1fe00ae7eec8d2854b08695180686a48b89f2fe7f3c6195f	1791925	data/external_v052/ons_daily/DADOS_HIDROLOGICOS_RES_2005.parquet
b4b668748b87474c8a04e0551f2c7a295b84feba1d174e0c3c157660978ace38	2106474	data/external_v052/ons_daily/DADOS_HIDROLOGICOS_RES_2006.parquet
95cde2cca4ed019e0c0377a8397e9beaa9f3e78bd6b248bb563b93f9dc9e40e5	2189599	data/external_v052/ons_daily/DADOS_HIDROLOGICOS_RES_2007.parquet
39b0aef7c30ab9ae3cebaeea2af4cd601c085db44af57a117020daca72810777	2108885	data/external_v052/ons_daily/DADOS_HIDROLOGICOS_RES_2008.parquet
6a3c773eb999a5b4c81b535cb4971ec7041d6e2367c2fcefd4ecaa9735743619	2270811	data/external_v052/ons_daily/DADOS_HIDROLOGICOS_RES_2009.parquet
16556370fe4de1c0a62da0ce66f96c48607da7564caf62ee62ac24b1755c68ca	2340261	data/external_v052/ons_daily/DADOS_HIDROLOGICOS_RES_2010.parquet
8970db9635fe427bfe312b00be44634da9d48510f501af8477371c81147d9e06	2411729	data/external_v052/ons_daily/DADOS_HIDROLOGICOS_RES_2011.parquet
8c9a59cd491152b30974d5c56979b4abcff65272469f5918fdcf82556287f948	2365072	data/external_v052/ons_daily/DADOS_HIDROLOGICOS_RES_2012.parquet
6759cb7f46d7c42ccbe8c5f92e0ae2c23dbdf6f9f0fc701931f306144d3dc947	2446862	data/external_v052/ons_daily/DADOS_HIDROLOGICOS_RES_2013.parquet
0832e1083ffbe7d597888df20771d76f4ce475c23dd25ee3246b4d3d2e28c217	2147011	data/external_v052/ons_daily/DADOS_HIDROLOGICOS_RES_2014.parquet
749e78e34c24813552af094f733c1035cb3c8776c7fd674d06b9a206e9b10b8e	2489709	data/external_v052/ons_daily/DADOS_HIDROLOGICOS_RES_2015.parquet
e8f074094b012c4c56f4fe72400f7bb01079d1713a8dacd98b4faefe72ba55d8	2529910	data/external_v052/ons_daily/DADOS_HIDROLOGICOS_RES_2016.parquet
62feec12912c66efc526225b0a38ef4d98993689923cf6b741b8f5f70a2427ed	2539966	data/external_v052/ons_daily/DADOS_HIDROLOGICOS_RES_2017.parquet
9ff6c030352ba156f9df7043bc6e8e72001456f6b044d9f660c26919e38361f0	2643228	data/external_v052/ons_daily/DADOS_HIDROLOGICOS_RES_2018.parquet
7bcbe963366e90a7ab45e9dbb72b27e31e7e04001a9732624286d3693aec270a	2228640	data/external_v052/ons_daily/DADOS_HIDROLOGICOS_RES_2019.parquet
35e162bc99fb45b23396062fce53947f70af799f910dfb1b0b1d13dbc4560471	2598239	data/external_v052/ons_daily/DADOS_HIDROLOGICOS_RES_2020.parquet
0f5cce4a676a5058789ab31050bb2c9da055c0550dcfe87451238b5a76f9f6f1	2953553	data/external_v052/ons_daily/DADOS_HIDROLOGICOS_RES_2021.parquet
40d90a0ba437272f4de1ce43dfb3a89dc3cd3b5e4e941e7381d48a338c139362	2520593	data/external_v052/ons_daily/DADOS_HIDROLOGICOS_RES_2022.parquet
a23a0a358a54b45eb669eef3bcd3c62d77c054724eabe411d01a6875c657ad87	2861311	data/external_v052/ons_daily/DADOS_HIDROLOGICOS_RES_2023.parquet
e08d80d6f1fa3496035b29abffdde0914d57fcc8e3e33a7e7fa825a11fce9c58	2845035	data/external_v052/ons_daily/DADOS_HIDROLOGICOS_RES_2024.parquet
1e447c8def2585ad8f2163b523f9a3008498d20cdaf460c354075a795b6aa357	2634908	data/external_v052/ons_daily/DADOS_HIDROLOGICOS_RES_2025.parquet
16444ee69bb8e3e075b73ca60eb354c4e161a900590a57eebd9fc20c3c9c61cc	2077398	data/external_v052/ons_daily/DADOS_HIDROLOGICOS_RES_2026.parquet
f90b132ea1a2dc7bb3e5a842ac867578bf3f5e676939e9f1df68f330c92b9a31	231691	data/external_v052/ons_daily/DicionarioDados_DadosHidrologicosDiarios.pdf
77b879f0a35e3988f8e379dc55ee9fe3f18a595fa2731aa15866c13597688c57	893471	data/external_v052/ons_hourly/DADOS_HIDROLOGICOS_HO_2010_01.parquet
31089ec968a52c8a8be6e7b3a6403304bc6b8a92216998ae933a223a80c4de9a	782908	data/external_v052/ons_hourly/DADOS_HIDROLOGICOS_HO_2010_02.parquet
9cd9020179d7826947f3fc36d68aad9ab4fe542ddf0ec26e92aa5eb47dd5c52b	858988	data/external_v052/ons_hourly/DADOS_HIDROLOGICOS_HO_2010_03.parquet
c907b4351a6a8be7e39ef6fb8ce779edaace1f0d7551ff8c1347fba42eec6ca5	830331	data/external_v052/ons_hourly/DADOS_HIDROLOGICOS_HO_2010_04.parquet
d2a017b926f901c91f9e192391322b6201c5566f69ad92d8b090d65cafa7c51a	838512	data/external_v052/ons_hourly/DADOS_HIDROLOGICOS_HO_2010_05.parquet
ed4a3ce88105a958a9cbca8ba78262f164816bc4f4767a5a89b2518a593c8aec	784732	data/external_v052/ons_hourly/DADOS_HIDROLOGICOS_HO_2010_06.parquet
a5a77af4c84d33a125d82e6c3a9f4f1b6625071755671bf00adfe6da1d708100	812956	data/external_v052/ons_hourly/DADOS_HIDROLOGICOS_HO_2010_07.parquet
1d6dd325c47effae7ffd485d5305b64b81eac28f99c67ad0c852772d0e062ed8	818162	data/external_v052/ons_hourly/DADOS_HIDROLOGICOS_HO_2010_08.parquet
918525523e002e10fc107229602b8ae0b93fa512a94f9289c7ecf030f899249f	818828	data/external_v052/ons_hourly/DADOS_HIDROLOGICOS_HO_2010_09.parquet
5c340c945a291fdda2f04d18f0868e18fbf7d57ed1f3ad90bfe9d36762aad57f	836615	data/external_v052/ons_hourly/DADOS_HIDROLOGICOS_HO_2010_10.parquet
075de101b0347917521bf8630aa5e3fb2e22c70dc94a02b02a900b67114692ca	845973	data/external_v052/ons_hourly/DADOS_HIDROLOGICOS_HO_2010_11.parquet
52d5987380e7d57d46d46ef4bfe1986f94d4450ec885a407ea3510ffc8b7c24c	918736	data/external_v052/ons_hourly/DADOS_HIDROLOGICOS_HO_2010_12.parquet
8dc8d33650ec938ab7492bb50d0eddff95daab7609ae4f676e5a393574950979	934687	data/external_v052/ons_hourly/DADOS_HIDROLOGICOS_HO_2011_01.parquet
19462c14e27536816ad84b17703a13601dc3ccd5cfe92ff018f6e185901ef3f0	823636	data/external_v052/ons_hourly/DADOS_HIDROLOGICOS_HO_2011_02.parquet
51e1a797e69eccf21d0aa17830b5f2ea59e2a75f856fa09d7a4fe45a31a21ea6	962093	data/external_v052/ons_hourly/DADOS_HIDROLOGICOS_HO_2011_03.parquet
9e54906a5b1dabbbbc1f1922f267b6796c7fceb218728d515ca73ca8d8451413	880084	data/external_v052/ons_hourly/DADOS_HIDROLOGICOS_HO_2011_04.parquet
d3d401aabcf23575c8c8fb0de6be35f9ce9cb201832c7fd9f7c7f8921f931e54	820828	data/external_v052/ons_hourly/DADOS_HIDROLOGICOS_HO_2011_05.parquet
260eab1e962031db13393b6daf7c12fb9a630ee1f51e68ee55ffacca9557ccb6	814797	data/external_v052/ons_hourly/DADOS_HIDROLOGICOS_HO_2011_06.parquet
dfa1c7077d88b333b8c3b53e4d22ceab2739bad6bbbc71a252247b1bdbda20be	848026	data/external_v052/ons_hourly/DADOS_HIDROLOGICOS_HO_2011_07.parquet
4752daed9463ce46b5aa6abe63364734dadc0fdff583f8ddd3017ca8b9d970e7	901153	data/external_v052/ons_hourly/DADOS_HIDROLOGICOS_HO_2011_08.parquet
6387ebc453c1531d0d21706b1d740b8d30950503ec364fa1bbb0cbd38130300d	899082	data/external_v052/ons_hourly/DADOS_HIDROLOGICOS_HO_2011_09.parquet
697b7da117f7e77fcb0806aca67063c577de513873f2323d0b47e78e484c21b3	896270	data/external_v052/ons_hourly/DADOS_HIDROLOGICOS_HO_2011_10.parquet
1d88899d940bc91f2e03816743c411a564afb3423c8164401c103586d7b374ad	883476	data/external_v052/ons_hourly/DADOS_HIDROLOGICOS_HO_2011_11.parquet
1d0235f35f3040f9cc61b9c2a59bf4b54072e908224888c7268c85fa50da2713	939031	data/external_v052/ons_hourly/DADOS_HIDROLOGICOS_HO_2011_12.parquet
0c9c77c6e8899b71c5747f75c9295ec48e30fde9dad6f7ca79ab8c4f1855443a	1014226	data/external_v052/ons_hourly/DADOS_HIDROLOGICOS_HO_2012_01.parquet
38dbac83c3ea7dea65c8f406baf34b4ec8c87910333534364a1073d7a4f5962b	877393	data/external_v052/ons_hourly/DADOS_HIDROLOGICOS_HO_2012_02.parquet
9146da98046322230c0c7422c4a9735ede8668b6778b19dc9345160ffcf2b6c1	919581	data/external_v052/ons_hourly/DADOS_HIDROLOGICOS_HO_2012_03.parquet
1d7ee5628bb47a88c2f6a2af7e50a628f55c2bbddf4aa6edba030466107feabf	854569	data/external_v052/ons_hourly/DADOS_HIDROLOGICOS_HO_2012_04.parquet
305fe45fe0aabf3ef76d788c7a71821eb5dd15df841ef46e30a45705d3058128	858454	data/external_v052/ons_hourly/DADOS_HIDROLOGICOS_HO_2012_05.parquet
5483e3c739db25bd4a5a65217023f4482b37e79592721246eec9670317abe2de	868136	data/external_v052/ons_hourly/DADOS_HIDROLOGICOS_HO_2012_06.parquet
cc66a5a246548ec86ea742340edb48ef259e262be29e3b6cbe986955d8c3fe04	848604	data/external_v052/ons_hourly/DADOS_HIDROLOGICOS_HO_2012_07.parquet
9728f901c07a6ce2d49382f6e33278457000331b8f79f2e3b439f979ff8e4535	858771	data/external_v052/ons_hourly/DADOS_HIDROLOGICOS_HO_2012_08.parquet
bcc296d02fe2856ccea136158dcf7cfa986f483ba0ca86f7bf1f41db02b424ae	845106	data/external_v052/ons_hourly/DADOS_HIDROLOGICOS_HO_2012_09.parquet
4a15a0cb64b7e35abbf7f05a8eb246931acac5ebf5dd1035130b7138872338af	904893	data/external_v052/ons_hourly/DADOS_HIDROLOGICOS_HO_2012_10.parquet
f4599f279171a60732fc3e0337f62d7bcf7d7f563e4ae280bed3ad02bdac6992	903428	data/external_v052/ons_hourly/DADOS_HIDROLOGICOS_HO_2012_11.parquet
1b14031f9a589dc11e89b5cfdee09c6c556e7a57313a4aaed3cf3377fa4f0d11	927415	data/external_v052/ons_hourly/DADOS_HIDROLOGICOS_HO_2012_12.parquet
212a6c8ece768d944648ebffbdc55c4e9836bb6c9d0b7508ba5f9cacc6ed6e89	974161	data/external_v052/ons_hourly/DADOS_HIDROLOGICOS_HO_2013_01.parquet
672bf6a1fec43347408ce7126db60a31429ab89d2a1dbc0ffac60766d4c06d74	887685	data/external_v052/ons_hourly/DADOS_HIDROLOGICOS_HO_2013_02.parquet
6addc83d1ae064531f5937cd63c42a26c126a7e4e96cd3c2289c0262282b01ff	949584	data/external_v052/ons_hourly/DADOS_HIDROLOGICOS_HO_2013_03.parquet
13aa7606f22137017450ef137fbaf491c7d1b5f54d3c23e3b587aa749f77ef31	894222	data/external_v052/ons_hourly/DADOS_HIDROLOGICOS_HO_2013_04.parquet
e05271e5d53dfd89ad8f66e6ea3ddf86656516620de4055942ce1b771a1e4bd2	886501	data/external_v052/ons_hourly/DADOS_HIDROLOGICOS_HO_2013_05.parquet
978015accf32c6d977a33ca0108e85de57470d5fcc9fd0a7b7586022a84280ee	909785	data/external_v052/ons_hourly/DADOS_HIDROLOGICOS_HO_2013_06.parquet
4390548fb09ed7cf99d751b9b4b49f86392c49fac0eeba46e01dc333b379eac2	886043	data/external_v052/ons_hourly/DADOS_HIDROLOGICOS_HO_2013_07.parquet
a4c3adb94b9db277549f56a80a2f0b8a2d954f5df3de6a7ddf1d251e16623db1	859072	data/external_v052/ons_hourly/DADOS_HIDROLOGICOS_HO_2013_08.parquet
56cd294e6efc15dffe735a260b11c8667a29c16b1081dc1d9bd52b39056be9e0	909314	data/external_v052/ons_hourly/DADOS_HIDROLOGICOS_HO_2013_09.parquet
16c85ebff967fe72043204cc636e9d5408760299122df8cb3cdff6434b07d4b2	960207	data/external_v052/ons_hourly/DADOS_HIDROLOGICOS_HO_2013_10.parquet
7a41c96fd185d66260fad4b13bd1a9ba86413c50c0f80041c66e83b7403a0764	922492	data/external_v052/ons_hourly/DADOS_HIDROLOGICOS_HO_2013_11.parquet
49f1d657731119290aa9afc093ae6debc38d6075274eb378717b61ea07a09ff6	994865	data/external_v052/ons_hourly/DADOS_HIDROLOGICOS_HO_2013_12.parquet
79ba603555f4f7feb55ab86e7e35f7681c0facbe25e02502ef5044c034b09363	1040401	data/external_v052/ons_hourly/DADOS_HIDROLOGICOS_HO_2014_01.parquet
f691382632209669dd45d428a88124fce69cbf37043d4ecf265c35c6b4cc071d	969131	data/external_v052/ons_hourly/DADOS_HIDROLOGICOS_HO_2014_02.parquet
c0f4928762f8bd329d81b77efebc5e901c708c3128833dd5d9d38bbe3c1d88e9	1047433	data/external_v052/ons_hourly/DADOS_HIDROLOGICOS_HO_2014_03.parquet
40ff52f798ad05a0fcba79cfbb80fb03c66bbb032963b14aa1b363b7b5bcc41c	965836	data/external_v052/ons_hourly/DADOS_HIDROLOGICOS_HO_2014_04.parquet
f822808c8345751409411b3fa3d6f11013a73950365ddf99641b2a6318ea0339	991676	data/external_v052/ons_hourly/DADOS_HIDROLOGICOS_HO_2014_05.parquet
cae082b21cca39f8cb4794e98efdc100212824c1c15f39c23aca02ae4705bee9	966787	data/external_v052/ons_hourly/DADOS_HIDROLOGICOS_HO_2014_06.parquet
fd5df25925a37582b305d510150d9504a50d7ab6fc21a8e35634030b484540c9	920861	data/external_v052/ons_hourly/DADOS_HIDROLOGICOS_HO_2014_07.parquet
f4d98cc849d7f50139d250b24dc00a37feb4838712bf2e82f2f71f85af6b52be	964889	data/external_v052/ons_hourly/DADOS_HIDROLOGICOS_HO_2014_08.parquet
3c62a03cfadae3f1ae2384528fe9440abca39b8d0b6f96999716e30d574fcbe7	1008864	data/external_v052/ons_hourly/DADOS_HIDROLOGICOS_HO_2014_09.parquet
904ca6d7e66f2b3454f7b8c1439f8a85c2bd740b418aa7bbb36493d95e66d3f5	1052724	data/external_v052/ons_hourly/DADOS_HIDROLOGICOS_HO_2014_10.parquet
94cc7a045f8fe63bdd2bbe6caef6c95fcb527629395263dc6389322e8042b986	1032524	data/external_v052/ons_hourly/DADOS_HIDROLOGICOS_HO_2014_11.parquet
68d2b9caa9b98daadc4bdacb1d195f6dfab31d991e52923972f846dc655deba0	1104409	data/external_v052/ons_hourly/DADOS_HIDROLOGICOS_HO_2014_12.parquet
182755794b802d1ae42b037e917b27836e15f0f364ad01740c02c7096632a6c0	1082433	data/external_v052/ons_hourly/DADOS_HIDROLOGICOS_HO_2015_01.parquet
c5c156168a6f795cc7cecddfbbfef747633f8e7a34e4edfda9693de672013ca6	1011396	data/external_v052/ons_hourly/DADOS_HIDROLOGICOS_HO_2015_02.parquet
3543065b3dc832819888c55d49a6fdea1cf4d0ae7e15fdd8e4dc2dda68a9c71a	1121865	data/external_v052/ons_hourly/DADOS_HIDROLOGICOS_HO_2015_03.parquet
066ab423e2a9c9d7489377a07070c67bfb68483620f5c5530929ae0cc7de1456	1025027	data/external_v052/ons_hourly/DADOS_HIDROLOGICOS_HO_2015_04.parquet
c779817d8e5e8af0516855570fcf4c422da8637a2a8bb804005dd3f6e483b2d8	1006876	data/external_v052/ons_hourly/DADOS_HIDROLOGICOS_HO_2015_05.parquet
a880494506ead17ff2ebfb7053f4c6b349d6a8a8b9a5dbad149be9b883456827	979428	data/external_v052/ons_hourly/DADOS_HIDROLOGICOS_HO_2015_06.parquet
2e375bca440bd342f16ef14b5594e886077cf1f7414688834a8ab5dffc2979eb	1053873	data/external_v052/ons_hourly/DADOS_HIDROLOGICOS_HO_2015_07.parquet
9aabadba4eb6f19f28fe4fad1392173aa0b0ded6f2f3343ed421ef17ade95863	959405	data/external_v052/ons_hourly/DADOS_HIDROLOGICOS_HO_2015_08.parquet
bc09fe53e160ccd69211fa567d0606d4ca929015a4891a3059d4e258909f4a83	1010880	data/external_v052/ons_hourly/DADOS_HIDROLOGICOS_HO_2015_09.parquet
2e6a1de3f7c2048bd79cec4d674e890a55c50a3045ec89082577fbd67f351ad3	1082765	data/external_v052/ons_hourly/DADOS_HIDROLOGICOS_HO_2015_10.parquet
54aa3aa427c54ec186eb384244ccd04ba4345271c8f217732ff41841f460989c	1071360	data/external_v052/ons_hourly/DADOS_HIDROLOGICOS_HO_2015_11.parquet
fd4a43ba519879d95515cd105e99bbf81aedcaaf0e709567afd2462ede0c67ca	1123323	data/external_v052/ons_hourly/DADOS_HIDROLOGICOS_HO_2015_12.parquet
a31089c6bc5eae7ca5b705915b9030b819bc57b1dfe7c18fe79bb812335f153e	1235507	data/external_v052/ons_hourly/DADOS_HIDROLOGICOS_HO_2016_01.parquet
922ce6e2df7254f3f8a473bd817a1561515a2756e59df0271bdbd38fc9c29b6e	1078909	data/external_v052/ons_hourly/DADOS_HIDROLOGICOS_HO_2016_02.parquet
3d2f084942bdc0c0c9bc3e9193c1ab68dab5b340fa4afb13570bb9ad3463e222	1123968	data/external_v052/ons_hourly/DADOS_HIDROLOGICOS_HO_2016_03.parquet
da3d8e56f64d652d9e2d2e12c3d9a735d619ef3aa8d74f570778ba23dfc15b5b	1025475	data/external_v052/ons_hourly/DADOS_HIDROLOGICOS_HO_2016_04.parquet
ed550a70ad0ec65784a628dd9b74e6fe2ea35bc0524df74f059f27822d865f3f	1020779	data/external_v052/ons_hourly/DADOS_HIDROLOGICOS_HO_2016_05.parquet
d18d652aebbb7d3c677d9da16db1362e111dfaf2225d4015657b97155d3fceb7	1023965	data/external_v052/ons_hourly/DADOS_HIDROLOGICOS_HO_2016_06.parquet
e49e7a905276143588b823863af04c3b84168757eee679fe7ce4811f325fed94	1053145	data/external_v052/ons_hourly/DADOS_HIDROLOGICOS_HO_2016_07.parquet
1b6acccfcd0f312985687b65d943671cadd5d9f943ac9ddd2385f9281d575764	1017618	data/external_v052/ons_hourly/DADOS_HIDROLOGICOS_HO_2016_08.parquet
251f218c6b271d4df8dc28e9e5902b0c4cd482165943bd30a650edc0486cce9d	1024256	data/external_v052/ons_hourly/DADOS_HIDROLOGICOS_HO_2016_09.parquet
47b2e1017e29808cfc9ed40103322a2e822059bff96eb6db724e3213cee5c62d	1082407	data/external_v052/ons_hourly/DADOS_HIDROLOGICOS_HO_2016_10.parquet
f6c0df6f03efc268abf77a68a18f2c8226a6a4655bd7afcc7b17421f2790cdd3	1055601	data/external_v052/ons_hourly/DADOS_HIDROLOGICOS_HO_2016_11.parquet
97728109917fcb072f07f6042de44bb59d92f0942bf30abef139a5bf8c4f8e8b	1125628	data/external_v052/ons_hourly/DADOS_HIDROLOGICOS_HO_2016_12.parquet
ae43070779f80a3beca545d9c1c9ce255ebd8556f2ea079546e707dbadf93ed7	1148535	data/external_v052/ons_hourly/DADOS_HIDROLOGICOS_HO_2017_01.parquet
0c7b18767d8537098119ee725deea7f1435871ccdba082a4a627942006e55a09	1051859	data/external_v052/ons_hourly/DADOS_HIDROLOGICOS_HO_2017_02.parquet
ea90c434dbc911f56e286fdeeb8430aef0e70f6b4e3a943dcd90100b8ab08891	1160958	data/external_v052/ons_hourly/DADOS_HIDROLOGICOS_HO_2017_03.parquet
d5b692fdd8fe8ec5f6fba8cd11c45e00309cec203f86189fc98d5bb828476e03	1061134	data/external_v052/ons_hourly/DADOS_HIDROLOGICOS_HO_2017_04.parquet
bbb465ea1eb76bcbe8d34e173a6c8e5502650a533ff0a695c94f13ee39902804	1101754	data/external_v052/ons_hourly/DADOS_HIDROLOGICOS_HO_2017_05.parquet
7560abf0e795226e4b24c9f1d96be9b454de807e33d218fcfee17bcce257f109	1077471	data/external_v052/ons_hourly/DADOS_HIDROLOGICOS_HO_2017_06.parquet
1fed823b1cc95ee082537fd546e289727026a4716304eefb876dfc61b0f61a39	1004786	data/external_v052/ons_hourly/DADOS_HIDROLOGICOS_HO_2017_07.parquet
591a43a5e0d01ce038d56e876811a4fe73c54cc81c7d0ceec3a899e3853f96ee	1016110	data/external_v052/ons_hourly/DADOS_HIDROLOGICOS_HO_2017_08.parquet
befacdd0eb031c28ab23f63cfb1c42a9bcddfa4d42c3547279cf3dac5419eaea	1002660	data/external_v052/ons_hourly/DADOS_HIDROLOGICOS_HO_2017_09.parquet
2c5a46d3c8d98b66ccbcd2d187c733d1719415587929b0f4b390103000a40d5d	1082325	data/external_v052/ons_hourly/DADOS_HIDROLOGICOS_HO_2017_10.parquet
48b661a938d5a35750be9b0ccf969f848c87022077f35ce08421189f274a5625	1090400	data/external_v052/ons_hourly/DADOS_HIDROLOGICOS_HO_2017_11.parquet
8896f661b54af79d355536202bf789d39ec9ed399d5cc39f73cb67b14a039b9c	1197744	data/external_v052/ons_hourly/DADOS_HIDROLOGICOS_HO_2017_12.parquet
75862b7a56d78c2ec646506370e2eabc0fb271dc4ad153be5a25d19cd541929c	1213225	data/external_v052/ons_hourly/DADOS_HIDROLOGICOS_HO_2018_01.parquet
ee75d661adc9465f80bd0a6fc8926cae67f60985f2a5ad09108b5f479ebc1bce	1114984	data/external_v052/ons_hourly/DADOS_HIDROLOGICOS_HO_2018_02.parquet
399ece50e4cd91bbae38b439d6a3d4126755b1d0378790893ccdb3a96f11eded	1214631	data/external_v052/ons_hourly/DADOS_HIDROLOGICOS_HO_2018_03.parquet
1ed23c8f839e22b80b3b4b7888d76409571a5d7727138f3b5e9cdff22e600af6	1120853	data/external_v052/ons_hourly/DADOS_HIDROLOGICOS_HO_2018_04.parquet
2f65fc280825b2c62f87200e4e75cbd16717ff563dbf360c4f718048fb62559e	1065075	data/external_v052/ons_hourly/DADOS_HIDROLOGICOS_HO_2018_05.parquet
35959daae8fd92807ea2a77aa8f6565dff2af15f1dbc4116fd479b1970637ffd	1017991	data/external_v052/ons_hourly/DADOS_HIDROLOGICOS_HO_2018_06.parquet
031daf9024bae779d5a0daab5681a198dc36aa6f3ccb04a4588e36ba93d3f9eb	1031315	data/external_v052/ons_hourly/DADOS_HIDROLOGICOS_HO_2018_07.parquet
9352d3994b9bc656f2146c062e101e25f9f84bd3e07efaf1191379c7b7e8c88c	1035078	data/external_v052/ons_hourly/DADOS_HIDROLOGICOS_HO_2018_08.parquet
0c48803f724e8848ff925cb2b46f206cb5a99f24deb92d246c4359ab59e571cd	1046107	data/external_v052/ons_hourly/DADOS_HIDROLOGICOS_HO_2018_09.parquet
15fd03b35bb9ffb9d662fe3b359a65484477eba3a5c1e8a32f08a5dfa347435d	1201491	data/external_v052/ons_hourly/DADOS_HIDROLOGICOS_HO_2018_10.parquet
a63161cd782c657e49d0dbd7f49e79d20e69fd82c5b52086145300414e4b90b3	1183922	data/external_v052/ons_hourly/DADOS_HIDROLOGICOS_HO_2018_11.parquet
b351f7d9052285da57aa9682b33ff3fa8e8569f06998ef366ad6500c578feb69	1228783	data/external_v052/ons_hourly/DADOS_HIDROLOGICOS_HO_2018_12.parquet
f48911378f5f71f9ced40dffbc65f28f6e46c624de4b797192e06331b9cf8bf9	1235003	data/external_v052/ons_hourly/DADOS_HIDROLOGICOS_HO_2019_01.parquet
836d3e5372fab0fa8280594bf5d3c34abc2b97826fc8e4a6b3a72d6e158bfbe5	1109168	data/external_v052/ons_hourly/DADOS_HIDROLOGICOS_HO_2019_02.parquet
eb2f1e600e064c69576eb98726688f7a948c9a25037af655bd16310ed5c15944	1269928	data/external_v052/ons_hourly/DADOS_HIDROLOGICOS_HO_2019_03.parquet
e3587916438bb8f1bc40d7494ca2195d5e2fd107b256e0fb1b4135a58c08e6c6	1144205	data/external_v052/ons_hourly/DADOS_HIDROLOGICOS_HO_2019_04.parquet
fed4a5984527a345898ed999ce6527afe7529eda265ec8b7f52be27bb0db9fe4	1159323	data/external_v052/ons_hourly/DADOS_HIDROLOGICOS_HO_2019_05.parquet
cbb22868d3fd32a666dccedb7a5e21131020c0786a4190341669b1a014d20beb	1057908	data/external_v052/ons_hourly/DADOS_HIDROLOGICOS_HO_2019_06.parquet
184db9168347cb55f147f815b1bf0550b9562626df120f2d819d20c8aa969019	1044090	data/external_v052/ons_hourly/DADOS_HIDROLOGICOS_HO_2019_07.parquet
beb755198053b6cc65463828b0658f0a5def9c7bb22b4e224f8eaf9a8b051824	1045648	data/external_v052/ons_hourly/DADOS_HIDROLOGICOS_HO_2019_08.parquet
09a006303c97098052b610183520844afaa06db4186d8106581c186b4db01926	1068269	data/external_v052/ons_hourly/DADOS_HIDROLOGICOS_HO_2019_09.parquet
3045a1c63a1e4e69a217c3f8442d098c491848312a2b3d817de2f37c54b315d1	1135654	data/external_v052/ons_hourly/DADOS_HIDROLOGICOS_HO_2019_10.parquet
45dffef19bd98ad1378c034a3ed4bb6facef669db6e90064e02a73aca1d963b0	1120532	data/external_v052/ons_hourly/DADOS_HIDROLOGICOS_HO_2019_11.parquet
62f1773e55ea14057e47dca7db5519bb39c04183d27c622dc84baddab5db2e6e	1184309	data/external_v052/ons_hourly/DADOS_HIDROLOGICOS_HO_2019_12.parquet
1ff6e2f8be6209d7f7f429faf4d520857d3674ecaf9c57a863f07bbda0e2841c	1189754	data/external_v052/ons_hourly/DADOS_HIDROLOGICOS_HO_2020_01.parquet
6257e6063a1e30779fa7510bede4e95dbeab110dcddcb7b4e938183294024a96	1218960	data/external_v052/ons_hourly/DADOS_HIDROLOGICOS_HO_2020_02.parquet
12ca7a63d34cebb5530bcc302f08bcfa0a73e1d923749eae7e694b39c27b62bf	1258731	data/external_v052/ons_hourly/DADOS_HIDROLOGICOS_HO_2020_03.parquet
32933fc77350d48ecea82d624d56951945d1a4a873d4e8dec37e0adffb9163ec	1080878	data/external_v052/ons_hourly/DADOS_HIDROLOGICOS_HO_2020_04.parquet
12d9b72c1a66072e090f16336c2cd0e9d6d905e1be89cc6d0ff762b4ccb3421d	1061667	data/external_v052/ons_hourly/DADOS_HIDROLOGICOS_HO_2020_05.parquet
3d3b444877eac9de31adefac48918094654a062fa6b7eb286234977686bcf311	1049904	data/external_v052/ons_hourly/DADOS_HIDROLOGICOS_HO_2020_06.parquet
93c03aa2f04396556d6184e25c4d33e855051137568d283f2f78e17566baca7c	1137491	data/external_v052/ons_hourly/DADOS_HIDROLOGICOS_HO_2020_07.parquet
b7087914539be849ec698c089d96c084fbee7cc5f82ac0c0ee9a37a4a8fb6abb	1109910	data/external_v052/ons_hourly/DADOS_HIDROLOGICOS_HO_2020_08.parquet
e6c12a72662a8bc809999282312c8f830c723178af26ebc8fd61a56df87fb19f	1166315	data/external_v052/ons_hourly/DADOS_HIDROLOGICOS_HO_2020_09.parquet
5d3deb7a12667224af038bb8227db6d76a112c89c360b51baf78baa06f11411c	1217526	data/external_v052/ons_hourly/DADOS_HIDROLOGICOS_HO_2020_10.parquet
85920d8e38e6384a35e251278988b08fed7e8a6a471acdc5d84593273cf96bf5	1176766	data/external_v052/ons_hourly/DADOS_HIDROLOGICOS_HO_2020_11.parquet
420b5afc769c8247fc6be36d9a6fe8c35c95c8b8051eb054c3d9f680fd148024	1286452	data/external_v052/ons_hourly/DADOS_HIDROLOGICOS_HO_2020_12.parquet
9ceb6769f371b4a847f6f71c00f763f84ca98a73b6455fdfbdbe9bbba3cad90f	1231522	data/external_v052/ons_hourly/DADOS_HIDROLOGICOS_HO_2021_01.parquet
3a3b1b783babaa0364903df7d2bd61debc76e071e853f719cef21075d66c9457	1134512	data/external_v052/ons_hourly/DADOS_HIDROLOGICOS_HO_2021_02.parquet
516a538c93f66d0fd98a68d483a455d79ed170e84eaa29344b12672f6b67c728	1218963	data/external_v052/ons_hourly/DADOS_HIDROLOGICOS_HO_2021_03.parquet
c6608e4786133f39616a14730fba29865a836f20f269786086649ffb92ee9512	1087119	data/external_v052/ons_hourly/DADOS_HIDROLOGICOS_HO_2021_04.parquet
b96170efe0d939dfa45f320588693a9fb2fe2612cb45a469efdfb8855a198113	1064136	data/external_v052/ons_hourly/DADOS_HIDROLOGICOS_HO_2021_05.parquet
5dba72ff45a8465870242b740f7d2165211ac0b741450aa05f8405b890b1b420	1012856	data/external_v052/ons_hourly/DADOS_HIDROLOGICOS_HO_2021_06.parquet
20290c66c3fa325a2267197be0931736767ae5f200ddbe7498efc37a047105b3	1045956	data/external_v052/ons_hourly/DADOS_HIDROLOGICOS_HO_2021_07.parquet
0c2dd2f54a6c0b070806c201b8df1f24963359aa6505beadce99d50f7bb9c82e	1057589	data/external_v052/ons_hourly/DADOS_HIDROLOGICOS_HO_2021_08.parquet
1da768e4fa8a2413ea68287633996bd9fba3051fcfb0b459ed9bd45cfcace7a6	1083800	data/external_v052/ons_hourly/DADOS_HIDROLOGICOS_HO_2021_09.parquet
76d4f7192f147d6109adac192167a7140130557c8837fe052d5c5f72468f7f61	1183935	data/external_v052/ons_hourly/DADOS_HIDROLOGICOS_HO_2021_10.parquet
2c3575a15c40d858671ef42b2866f48c870f6e5a11ac9c0be2070d4f2a40c59d	1176988	data/external_v052/ons_hourly/DADOS_HIDROLOGICOS_HO_2021_11.parquet
77625fa0c2df7ec3cd4e1ccff9668a22eaa8d65ac05fa557fb15e11e2a515fd4	1275329	data/external_v052/ons_hourly/DADOS_HIDROLOGICOS_HO_2021_12.parquet
de13ef76fb90c9d9df8f0c87e08fa2505347b79f04370936e85e3f10b1fe91f2	1349442	data/external_v052/ons_hourly/DADOS_HIDROLOGICOS_HO_2022_01.parquet
f0697fb16bd6c0a10f530973cc96c6aa1d7d36ec2974c5ae3c3a325fae9bc2a2	1191510	data/external_v052/ons_hourly/DADOS_HIDROLOGICOS_HO_2022_02.parquet
f61e902fbfc1576b9cc150bb0e4ba33fcbc3306eb4b4fdfc2aea384866888f30	1250746	data/external_v052/ons_hourly/DADOS_HIDROLOGICOS_HO_2022_03.parquet
6ef3bd6086757c0f41df8cadd94e9b175af6f1fdd02ddb48cd11f2f6382d5ba2	1200156	data/external_v052/ons_hourly/DADOS_HIDROLOGICOS_HO_2022_04.parquet
f006e7c27a28fa93381f63877eefc797430f2b9a39fbdf179132473f3fcdda92	1174755	data/external_v052/ons_hourly/DADOS_HIDROLOGICOS_HO_2022_05.parquet
72f001c54fa31da8e51be6811fbfb9ae93ad375769bb80f04a435ff32c67de1d	1123505	data/external_v052/ons_hourly/DADOS_HIDROLOGICOS_HO_2022_06.parquet
cbb650f20fa93d75605d07e238def57a91cce773c47901bbd3b5563ae4334b7c	1116870	data/external_v052/ons_hourly/DADOS_HIDROLOGICOS_HO_2022_07.parquet
61ea4f97be91561edccdb026ca28832879de775489af28c6f2c72e672ab535cc	1141791	data/external_v052/ons_hourly/DADOS_HIDROLOGICOS_HO_2022_08.parquet
2a3976046cc8e391b4aa7abe0e45d138ffdeb8fffc8763b26e21830eda846717	1091784	data/external_v052/ons_hourly/DADOS_HIDROLOGICOS_HO_2022_09.parquet
c5785bb232a490f0c4eaad56bbdd798bc3b456b7f14f4934098e582799cd35b2	1177444	data/external_v052/ons_hourly/DADOS_HIDROLOGICOS_HO_2022_10.parquet
31dbbed2426f77fd289f49a4f8fa2f2a381e315ce546eea57c71aa8c530a4d24	1162448	data/external_v052/ons_hourly/DADOS_HIDROLOGICOS_HO_2022_11.parquet
170fa1bd32de1bf6046521cfd6b6c2a01a50429ee9d1407252a54c7a897a3f27	1301743	data/external_v052/ons_hourly/DADOS_HIDROLOGICOS_HO_2022_12.parquet
6b921e770bfaad0352ad019a51201e68969cc9be41289dbc76b71061df38959a	1371038	data/external_v052/ons_hourly/DADOS_HIDROLOGICOS_HO_2023_01.parquet
43a5c1a190d09fb033066a8c23a27529edabacb989fe4ea796b8a00f51c4b8a3	1283907	data/external_v052/ons_hourly/DADOS_HIDROLOGICOS_HO_2023_02.parquet
6709321dbcace9f4bdbca6854a399b51ed8c2a4a5c84b085e2ed77c374bc6bca	1363777	data/external_v052/ons_hourly/DADOS_HIDROLOGICOS_HO_2023_03.parquet
f50618e996534c2a33e8d97179743e857f533526fc73af77951f206d25047a79	1288283	data/external_v052/ons_hourly/DADOS_HIDROLOGICOS_HO_2023_04.parquet
85f76f867567b0baa3ab499f158fd59f66ee07407ed5a8789cc9f1fb90889e8c	1216736	data/external_v052/ons_hourly/DADOS_HIDROLOGICOS_HO_2023_05.parquet
8e0e4b8c8f6858f731782e86adf7af4dcd7990e720c2fcc7f1cb7926a1eafc18	1129548	data/external_v052/ons_hourly/DADOS_HIDROLOGICOS_HO_2023_06.parquet
ec9b8150007849f634ae8926426cbb97deb14045e35e8627a78495ffe6a18630	1155908	data/external_v052/ons_hourly/DADOS_HIDROLOGICOS_HO_2023_07.parquet
a995a22481ac12eb5dc2a885f1ba3f082c9225d958cbd65facce6c754bce816a	1157667	data/external_v052/ons_hourly/DADOS_HIDROLOGICOS_HO_2023_08.parquet
3e464e549e30cfd156f534c55776712a6614866d467dc43bd6644429f3ab4e83	1200245	data/external_v052/ons_hourly/DADOS_HIDROLOGICOS_HO_2023_09.parquet
eb94e005667cbdd2eac994b92f5cbedc56a1cb441711bed08cdddbf3664745bc	1331567	data/external_v052/ons_hourly/DADOS_HIDROLOGICOS_HO_2023_10.parquet
86a6ec11ba5e6c744f3edcadca52f17b38181efd27fd248565bb5dab604c4a44	1286890	data/external_v052/ons_hourly/DADOS_HIDROLOGICOS_HO_2023_11.parquet
c691dcc5a19738c24cc97aaebdbb236f8b2d78e1856cbd8ac580859683eee151	1239286	data/external_v052/ons_hourly/DADOS_HIDROLOGICOS_HO_2023_12.parquet
aff37a1b78c3a1404b62d63e28bdcd04e0c19e5b9c9ba018eca28732f340a0d0	1351400	data/external_v052/ons_hourly/DADOS_HIDROLOGICOS_HO_2024_01.parquet
94c4316f41f380556c48bb6680f2627f9b336c23b7dcc53453802ee5b3800770	1281673	data/external_v052/ons_hourly/DADOS_HIDROLOGICOS_HO_2024_02.parquet
8291a820bec78c1ca7b34e482519bf8fbad3fd45506749dd23f6edb0d32bed90	1345407	data/external_v052/ons_hourly/DADOS_HIDROLOGICOS_HO_2024_03.parquet
16e77c1c90a97e2935a5e94463c5a58b4182604814baed5e037e62c65ff03152	1305184	data/external_v052/ons_hourly/DADOS_HIDROLOGICOS_HO_2024_04.parquet
0bee1eb4f83825e4dd8ed6d2f47ee21dc27c800a4e821c027b36f8e994dda34a	1280788	data/external_v052/ons_hourly/DADOS_HIDROLOGICOS_HO_2024_05.parquet
00c35b321c94c320257b6569288ce4df663ab7c9623c977a9b1c4bfb4dbfd61c	1185154	data/external_v052/ons_hourly/DADOS_HIDROLOGICOS_HO_2024_06.parquet
3136b6319bfe6a0ed903385aabf59708a6b85dd75683f4cf7729a8cdf39736c3	1150609	data/external_v052/ons_hourly/DADOS_HIDROLOGICOS_HO_2024_08.parquet
90aeb0dbbd9cda3aca3211a52093c598140f5acbc5c5f7a8f9ddf2c861d219c5	1145257	data/external_v052/ons_hourly/DADOS_HIDROLOGICOS_HO_2024_09.parquet
c71022b02bfa1af102202658568f1d5cdf33386fd97703409f2ec85a5fab532b	1219285	data/external_v052/ons_hourly/DADOS_HIDROLOGICOS_HO_2024_10.parquet
c8d198ec428fc1ec460c8f1245f1a012df70643f6e442f9313e3fe6dcfb83657	1250336	data/external_v052/ons_hourly/DADOS_HIDROLOGICOS_HO_2024_11.parquet
2de98d9e22072d56b027651ad59eaf76e08783862b46a0e372dd5f60767819db	1401063	data/external_v052/ons_hourly/DADOS_HIDROLOGICOS_HO_2024_12.parquet
0a9b5c0e9975be4f71f7590d547261746fcfee630699ad38d64e6887a1f74157	1446541	data/external_v052/ons_hourly/DADOS_HIDROLOGICOS_HO_2025_01.parquet
d26dd9472e1cb098964da2e188f1bcf92c8c546c9443f79b4a0591bd13f74fe7	1267597	data/external_v052/ons_hourly/DADOS_HIDROLOGICOS_HO_2025_02.parquet
2b0e4700e975704c0a2a38483b812f8069f9d42fd2a22b5d1a9351b6200065ad	1357468	data/external_v052/ons_hourly/DADOS_HIDROLOGICOS_HO_2025_03.parquet
0603b5bae797d687702bd5528dbb5cceb126e7fb7ec2fd3bea7ef858b09417ba	1281685	data/external_v052/ons_hourly/DADOS_HIDROLOGICOS_HO_2025_04.parquet
09b3afb740f7e6940d9615472a155ae1c96204fba4fe377d0f46fabe347dd8a4	1282390	data/external_v052/ons_hourly/DADOS_HIDROLOGICOS_HO_2025_05.parquet
1b92047eccf0e92b81bf0152c1bd42f9b67663e4b59a1d9c298f581a79f32f59	1281162	data/external_v052/ons_hourly/DADOS_HIDROLOGICOS_HO_2025_06.parquet
6990ceff18c61cbf0ea592d801fe6b938eea299d92e33fb40eeefcf8f4622071	1228947	data/external_v052/ons_hourly/DADOS_HIDROLOGICOS_HO_2025_07.parquet
6384578b2421918bb0e3d2b17de6cc4a2a4b2053e3b576f345c374e9dd4eee10	1260277	data/external_v052/ons_hourly/DADOS_HIDROLOGICOS_HO_2025_08.parquet
2c2a30030648cb1d67cd54db2ff6ea9528ee49c1346a03fe03c04759b555aed2	1224398	data/external_v052/ons_hourly/DADOS_HIDROLOGICOS_HO_2025_09.parquet
93189dc9721677908f47d4df14a6052d2aa6b8c324d029f544796aba527e4918	1277278	data/external_v052/ons_hourly/DADOS_HIDROLOGICOS_HO_2025_10.parquet
76df37cda8e07089722c8cfd8f838db41519428b36e2f279232a25b32c4c9fe1	1237514	data/external_v052/ons_hourly/DADOS_HIDROLOGICOS_HO_2025_11.parquet
2ba7839e459964d7648f9922fc3538b45fec46bb8a1e5bb00c55d7b7f2771800	1372385	data/external_v052/ons_hourly/DADOS_HIDROLOGICOS_HO_2025_12.parquet
d5131651a63c3b5b7349838f8a61a2e68cd1a02eff63a77f8a818bb40be80518	1363381	data/external_v052/ons_hourly/DADOS_HIDROLOGICOS_HO_2026_01.parquet
fe2eed2d48989fffd7809518c5c4ea3cb2ceaf7a84337ca68559c83f22a42a85	1296123	data/external_v052/ons_hourly/DADOS_HIDROLOGICOS_HO_2026_02.parquet
ab0063c84e0e86e862993ab7d90857a3f436e287ba36457dc408cb382407000a	1425872	data/external_v052/ons_hourly/DADOS_HIDROLOGICOS_HO_2026_03.parquet
db8d8814e983076ad220e0127d2c564cfb478a4ff9446ec69b234dd008e33157	1346926	data/external_v052/ons_hourly/DADOS_HIDROLOGICOS_HO_2026_04.parquet
177d3e44d9581d44b63a56473626eb55c30da7b16820b818a8edd459a074cbbf	1325062	data/external_v052/ons_hourly/DADOS_HIDROLOGICOS_HO_2026_05.parquet
2238fe8a2600db0ed25acc70c4402add2015bb98bd21d4807c8cdb7c319075f5	1234274	data/external_v052/ons_hourly/DADOS_HIDROLOGICOS_HO_2026_06.parquet
0dee8869804d81da48a0139968c67fc2749f2a27f2eea4c5a7ac6df34e048223	1336644	data/external_v052/ons_hourly/DADOS_HIDROLOGICOS_HO_2026_07.parquet
2cc29eb2cf7c0ab3a7c4eb372f83a19709067aa56a5e40bf51e5606bb9e4f8e9	1330478	data/external_v052/ons_hourly/DADOS_HIDROLOGICOS_HO_2026_08.parquet
a63b4fc95d4cecc5b8c3e131b09d5f5e8b65375fbb25e91f93f3a2e12cb7250c	1157713	data/external_v052/ons_hourly/DADOS_HIDROLOGICOS_HO_2026_09.parquet
57bf625d79407abda7f956ff96c57917bd992111ae4f63c865152648d5158da0	169871	data/external_v052/ons_hourly/DicionarioDados_DadosHidrologicosHorarios.pdf
4de214a52d548cac1a6ad16940a853e4ccf7380ed9f0c70b65c6cb70da8dffb2	16881402	experiments/DYNAMIC-LAG-LIFECYCLE-01/DYNAMIC_LAG_LIFECYCLE_01_TAP_EVENTS.csv
95efd2c716a4f28e3af47936949ca535ed52e72a5880bdf047963e87d641970f	26964643	experiments/EXP-0008/microtest_events.csv
baffda5438752a60cf85b466e1e311c193204ee7913a25b956b143c31c3c3f8e	19699471	experiments/EXP-0009/active_probe_events.csv
d433034de985e942e4d653fc6eda406b83757a3f16ebeef635bc97ae1340b1d1	351876	experiments/LEBRE-V0.52-DOC-01/DOC_EXAMPLE_A.npz
eddcadec10ae3a5437eaa2613ad2af6f388a54b9aba3c52c7bff3f0701ba0cbf	317766	experiments/LEBRE-V0.52-DOC-01/DOC_EXAMPLE_B.npz
e77410464ce379d251eb3e05e37dd3c2dfc211da51252f24bcbf84ad78c4fbcb	278488	experiments/LEBRE-V0.52-DOC-01/mcu_profile/fw_bdg2.elf
a50650ae3db42fcea39fc5263bd5bf522b49b14d36ce200f28a254470453e5b8	327640	experiments/LEBRE-V0.52-DOC-01/mcu_profile/fw_camels.elf
e6de5f97b5f29bb7217325cf68f2712f4c0d6bd1097245186b125c6514d8a07d	339912	experiments/LEBRE-V0.52-DOC-01/mcu_profile/fw_ons_vg.elf
45cc5fbd9d330bdf94ab62b8ecdd6300bb4cff21a8d34eaf870fa33777ff48a4	18316	experiments/LEBRE-V0.52-DOC-01/mcu_profile/lebre052.o
622808fc4450484bbc132317a782222db7c80b9659c0fa133bd4ef53d827478a	234292	experiments/LEBRE-V0.52-DOC-01/mcu_profile/main.o
f2befd53071a50945dc23f390558da14bf704bfc511af3731c54787dc45b3864	1712	experiments/LEBRE-V0.52-DOC-01/mcu_profile/startup.o
c035c4cf75107d59e87f6d92a1b972194184413bf57ec0f7315f6e57dd18fe64	5584429	experiments/LEBRE-V0.52-EXT-01/DEV_COMP_PREDS.npz
950f29802c08b00a327d2f047b3d2349d4c39aa7befb3896e31fe2fdb4ee0863	1682	experiments/LEBRE-V0.52-EXT-01/lebre_c/lebre052.lib
75896d3ff18631af7ee9103ac8cbb2e9d5284dac7c58ae4ba367859e012ab492	224768	experiments/LEBRE-V0.52-EXT-01/lebre_c/lebre052_f32.dll
a42f781362f4973482418b966382ff4bc2f448df0adb99e2abb21a4c667dd2c6	223744	experiments/LEBRE-V0.52-EXT-01/lebre_c/lebre052_f64.dll
c696f0ff692ce5c867ea628dc4ef727173208698c245f06e4be2b3714725b68b	278260	experiments/LEBRE-V0.52-EXT-01/mcu/fw_bdg2.elf
ecde05825bb1f94441b197da674ce33c7ef2b521cda398c658cf30a897a5607e	82440	experiments/LEBRE-V0.52-EXT-01/mcu/fw_bdg2.map
c6c69ce4d0609f16c3692348c9a1d692b435f0261c911f0b4d7d7c23010bbe56	327412	experiments/LEBRE-V0.52-EXT-01/mcu/fw_camels.elf
5738bf57f1a037a81f95a07f787c35da58ef2ef6db65403bae539eb53ccd52f4	82442	experiments/LEBRE-V0.52-EXT-01/mcu/fw_camels.map
d6e0a0c4b856987dd18c220865cf042653efdfef6847bb923901d4430762a98a	339684	experiments/LEBRE-V0.52-EXT-01/mcu/fw_ons_vg.elf
b341817010c23d856b55494af66b82fa35aeb5bbfa9e497a1d1fbeff6733b4c4	82396	experiments/LEBRE-V0.52-EXT-01/mcu/fw_ons_vg.map
34c6fba2af69e8b9254fde6fd10b69af80dbb99b8495fcca3eb9193aa7a2bfe8	327412	experiments/LEBRE-V0.52-EXT-01/mcu/fw_r3_1.elf
49568d9992e9ebff2284eb7bfd0c590e492f9c42ef0c684db40170f515f16233	82440	experiments/LEBRE-V0.52-EXT-01/mcu/fw_r3_1.map
ccce59d9f6a6d2a7c32ae872291240d8bed9b23a48af7dcc0a8eb997d6b22aca	323316	experiments/LEBRE-V0.52-EXT-01/mcu/fw_r3_2.elf
1927754d9dae7e052be58882712c0324daab6df92980b9435d07ee7b01ceef46	82400	experiments/LEBRE-V0.52-EXT-01/mcu/fw_r3_2.map
f66a1d697b9aa6021d345aebc73e05c0f9d7ad807907410ea8bd28e2efca41a3	278260	experiments/LEBRE-V0.52-EXT-01/mcu/fw_r3_3.elf
e48aec5ccafc320a3bfe4fcde4121e8f93340012b9b2effb97d180816ecede62	82440	experiments/LEBRE-V0.52-EXT-01/mcu/fw_r3_3.map
908d0b5330ee7259e38e5350182c5b8ce89746ac1a2aff561449d86c76ec224a	278260	experiments/LEBRE-V0.52-EXT-01/mcu/fw_r3_4.elf
0675f7a98bf913205874922745e1423402877e534e097753549f8cf1aad7f06a	82440	experiments/LEBRE-V0.52-EXT-01/mcu/fw_r3_4.map
45cc5fbd9d330bdf94ab62b8ecdd6300bb4cff21a8d34eaf870fa33777ff48a4	18316	experiments/LEBRE-V0.52-EXT-01/mcu/lebre052.o
755c74d3b2599d4823e2474b1209a21e7bd1745e1615cc3ad9b0fb6dad10d756	232960	experiments/LEBRE-V0.52-EXT-01/mcu/main.o
b9bcb9fb0b20372a6b8707ad41b3a8d6cea7ab49f9c4dd47caf53c22ea9a8252	1005181	experiments/LEBRE-V0.52-EXT-01/mcu/series_data.h
f2befd53071a50945dc23f390558da14bf704bfc511af3731c54787dc45b3864	1712	experiments/LEBRE-V0.52-EXT-01/mcu/startup.o
d5dac63c548be4400140b2f98b07e2f1db8e31aeebe9ef72e95b462f9347faeb	13168	experiments/LEBRE-V0.52-HELDOUT-01/chronos/bdg2__chilledwater__Bull_assembly_Goldie.npz
5f324ca2e0f0dae6ecb15e7756508c7f424573def202e0bc1a43f9af6265fe47	13326	experiments/LEBRE-V0.52-HELDOUT-01/chronos/bdg2__chilledwater__Bull_education_Jae.npz
4d5fc621bc46336971510d0d3457320987ec8928d8c5dda3184f4a25b7f56447	13203	experiments/LEBRE-V0.52-HELDOUT-01/chronos/bdg2__chilledwater__Bull_education_Joseph.npz
948ad4764b0678f69601c9d24fdc6478656cc56f6d2df3193fde22710eb7619c	13405	experiments/LEBRE-V0.52-HELDOUT-01/chronos/bdg2__chilledwater__Bull_education_Mario.npz
c9393650929825d717ad516917956d9ff71aa5576596f47ef65f985ad810cf5a	13424	experiments/LEBRE-V0.52-HELDOUT-01/chronos/bdg2__chilledwater__Bull_education_Myra.npz
2d3fb2aa28c6937687551956748e35b0b3121e62b351e7aa190ceb3163b98878	13632	experiments/LEBRE-V0.52-HELDOUT-01/chronos/bdg2__chilledwater__Eagle_education_April.npz
8bcd61d9170957175da4f5ae3d88ab8bf0bb5a6d655b1a7de722855cd877a187	13270	experiments/LEBRE-V0.52-HELDOUT-01/chronos/bdg2__chilledwater__Eagle_education_Shanna.npz
31736662f2507fce96881d683d51831dd1ac41bccf2003ffa0381573b9287ee7	13638	experiments/LEBRE-V0.52-HELDOUT-01/chronos/bdg2__chilledwater__Eagle_office_Freida.npz
a869fb4c3887c095ce9580cb7e8e248289d8f4d87fd3af82a5114145c1297903	12892	experiments/LEBRE-V0.52-HELDOUT-01/chronos/bdg2__chilledwater__Fox_education_Ray.npz
d1ac30dcfa8afc41a0890c7ec1f0c135023eff8378445a87a0a90c81baa4627b	13165	experiments/LEBRE-V0.52-HELDOUT-01/chronos/bdg2__chilledwater__Fox_lodging_Wallace.npz
fcff392dbb8b0fb3a3dafa16f9c857b131234b9b28866b0ea284913bda26720f	13345	experiments/LEBRE-V0.52-HELDOUT-01/chronos/bdg2__chilledwater__Fox_office_Rowena.npz
434792185d5a98eefbe52601787e470d7f37a88ea959d053325e35217bde0eb3	13562	experiments/LEBRE-V0.52-HELDOUT-01/chronos/bdg2__chilledwater__Fox_office_Thelma.npz
aa25ba943e543ef3f13c6d3f0f66c872344b7b7bac91e3a9be1f2c9143100cda	13287	experiments/LEBRE-V0.52-HELDOUT-01/chronos/bdg2__chilledwater__Hog_office_Joey.npz
6d0470508e8b4b5cd088cb4fd682b7ff1e2d70144344aa9f7c2c30f1e3b1fffd	13326	experiments/LEBRE-V0.52-HELDOUT-01/chronos/bdg2__chilledwater__Moose_education_Florence.npz
a5fb36a1bcee700f2a87ebda186fdd129d0a85b9f4486be891b90afe278b75b5	13389	experiments/LEBRE-V0.52-HELDOUT-01/chronos/bdg2__chilledwater__Peacock_office_Effie.npz
348cd4e1e3451def9c999fd2c4667a74b4576efa6c6dd3791b4ed9fdaf141272	13619	experiments/LEBRE-V0.52-HELDOUT-01/chronos/bdg2__hotwater__Eagle_office_Lane.npz
c2cfe76561fc388c65d93aef6e51bcd873a32cc2b55326dab2aac06851cd20dc	13148	experiments/LEBRE-V0.52-HELDOUT-01/chronos/bdg2__hotwater__Fox_assembly_Audrey.npz
ef3c753e640b25bb8e53c1a0ec6423cad7296d35acd5d1cd2f64af2f6db9606a	13203	experiments/LEBRE-V0.52-HELDOUT-01/chronos/bdg2__steam__Bull_assembly_Freddie.npz
3624b32a9d874d5b08e7d9a1ac185a2f00c38398217ecda786cd29730a37c3c3	13132	experiments/LEBRE-V0.52-HELDOUT-01/chronos/bdg2__steam__Bull_assembly_Nathanial.npz
539866dd31369f08ff1a92e3fa48b66672c6131404c9731946a5a30e0456da9e	13277	experiments/LEBRE-V0.52-HELDOUT-01/chronos/bdg2__steam__Bull_education_Linnie.npz
5b517a36a9c3d490a501b4df275c81c72ed81a5ac16c77d95406ea3d0836f5fe	13285	experiments/LEBRE-V0.52-HELDOUT-01/chronos/bdg2__steam__Bull_education_Miquel.npz
0a3d776f157f57812688cbad21909d5cceb393740a58cfffd3769674cb03da11	13555	experiments/LEBRE-V0.52-HELDOUT-01/chronos/bdg2__steam__Cockatoo_assembly_Ed.npz
ac9cccf8cf9b083c6181a149c073a3b3a03ed619e166d81ecc67ffb72a6d91ef	13445	experiments/LEBRE-V0.52-HELDOUT-01/chronos/bdg2__steam__Cockatoo_office_Delores.npz
0f64482604587d51de14284e8cfeb2425aacf3b6c3756ca4c0565d68253b2b78	13188	experiments/LEBRE-V0.52-HELDOUT-01/chronos/bdg2__steam__Eagle_education_Sherrill.npz
c04a52995a6b7858f8843afb6a82d525b86a373bd4721629ded5058a62d5f920	12960	experiments/LEBRE-V0.52-HELDOUT-01/chronos/bdg2__steam__Eagle_health_Reba.npz
267a62ad26473b70156ae263bb24c27eb9d74c1124dd19bcc6efc7da6ef9293b	13354	experiments/LEBRE-V0.52-HELDOUT-01/chronos/bdg2__steam__Eagle_office_Sheree.npz
1e2a6b5b4f63e96687c46046bb9cc9c219ab1deea34862654711adbc5cdd0e25	13510	experiments/LEBRE-V0.52-HELDOUT-01/chronos/bdg2__steam__Hog_assembly_Edward.npz
5455e59dc525fb85d4ab0493e6312ee038ccd3ba093f2ec427f0ff4130992f05	12893	experiments/LEBRE-V0.52-HELDOUT-01/chronos/bdg2__steam__Hog_education_Cathleen.npz
1bbfaa3245c1ae2f38e651f375865e29ff7ec17c6a89186a773c375efd4ff15d	12808	experiments/LEBRE-V0.52-HELDOUT-01/chronos/bdg2__steam__Moose_education_Diane.npz
1d219e81f890055e5c2543cd4f007bff06b3e65bd5e065e83a7ff92d3ceecdeb	13538	experiments/LEBRE-V0.52-HELDOUT-01/chronos/bdg2__steam__Peacock_office_Major.npz
de0d7270eca8bd5cce06fd5deec8f1cb1638319812d7dfc99703031f74324656	13399	experiments/LEBRE-V0.52-HELDOUT-01/chronos/camels__13600002.npz
3b3163fffca9cd545830590310bb2e57d78af3e730c06c94e63b4f216de65e8a	13338	experiments/LEBRE-V0.52-HELDOUT-01/chronos/camels__13750000.npz
1a8062bcbb0050b0d6503b2fcff5547cd1b77a191b71fdc91eed7ffcfebdbeae	13310	experiments/LEBRE-V0.52-HELDOUT-01/chronos/camels__13880000.npz
37f28564b15012bab394090faa921a2183d02b110451d9f78f9a5c32cb98bd8d	13141	experiments/LEBRE-V0.52-HELDOUT-01/chronos/camels__17345000.npz
8aef8c90c7fb68d95a74931025df6e7ff2fe07e64a4cf8680f027ac43b35c28b	13117	experiments/LEBRE-V0.52-HELDOUT-01/chronos/camels__23230000.npz
e1e50954738b0e4bc7fc963c950d2948fe329fb006f3e7f799a5115ac99d1ff2	13243	experiments/LEBRE-V0.52-HELDOUT-01/chronos/camels__24500000.npz
52a0572c531d6f13e714952601ad8938ce7acf170175b31c74d683035d18cebb	13365	experiments/LEBRE-V0.52-HELDOUT-01/chronos/camels__24950000.npz
c1f3442967d3ab95dea960aafce12e34873ed3a27db4ddcaf18ef26f0a467806	13391	experiments/LEBRE-V0.52-HELDOUT-01/chronos/camels__28150000.npz
135abd4568ee3498cc5c11586484c17d9b055117f7da7e0aefc8c5d9692532eb	13476	experiments/LEBRE-V0.52-HELDOUT-01/chronos/camels__32830000.npz
d3cee732ee6c2a6a7b886ae4e3413cd77e54f03adc47499c102dbb89b84925c4	12914	experiments/LEBRE-V0.52-HELDOUT-01/chronos/camels__33460000.npz
a86b64c647444aa6d81acf68e7f995454437c835af10ea13d5b9e5ea4356f6b9	13175	experiments/LEBRE-V0.52-HELDOUT-01/chronos/camels__34020000.npz
3c1bc8a530a15ae6a8e1e69faac890d7cf9f81451251b1e2cdae28a743a109b3	13145	experiments/LEBRE-V0.52-HELDOUT-01/chronos/camels__44250000.npz
7e2a9055f2a2aadebf8016fc2ee0e2e6e858df90a23abb994175c8ffdd534026	13326	experiments/LEBRE-V0.52-HELDOUT-01/chronos/camels__54010005.npz
9eed14ef44786185fcc8d44084687472483f5cbe3c287272ca4ece3dfde3df83	13243	experiments/LEBRE-V0.52-HELDOUT-01/chronos/camels__56075000.npz
355621a39ed133edf7d69d02caf8fcb62a5ff64601e201b3fd05f8ddd5505f82	13353	experiments/LEBRE-V0.52-HELDOUT-01/chronos/camels__56800000.npz
01f843b0b7a12a0f672a0f0324821ba7bfc72ebab3e73e4ff75cba08ae894bcb	13368	experiments/LEBRE-V0.52-HELDOUT-01/chronos/camels__56870000.npz
c8ff78e86f9d6a05d7503ed525b3dfdada1be79d15ecd9c48162b2fe35476e43	13227	experiments/LEBRE-V0.52-HELDOUT-01/chronos/camels__57320000.npz
57fbfccb6c6f79e8b0e0ae9a37fa0548f17ede9f8a2a14d8f12eee96c901f4c4	13217	experiments/LEBRE-V0.52-HELDOUT-01/chronos/camels__57360000.npz
ba6b5a4fe211814e25f641572fbf950e5e9af4bbbf59771750a10fd24e9859c4	13237	experiments/LEBRE-V0.52-HELDOUT-01/chronos/camels__57370000.npz
f65f8fd22a639e88dbc6692001c7d18bd55c24e1a01e302d1f4a85703950c1a0	13270	experiments/LEBRE-V0.52-HELDOUT-01/chronos/camels__57700000.npz
fe62d3624d06265d7888f5a97a023a04f36dbd7738fa9175a30bfab9a3539059	13130	experiments/LEBRE-V0.52-HELDOUT-01/chronos/camels__58040000.npz
5ec70ed21b3c12cbeec789ff47203f472a25c5fa66f79f3ad715f1ced4949772	13246	experiments/LEBRE-V0.52-HELDOUT-01/chronos/camels__58542000.npz
0e9371daf37d85c96808ef88cff533e740dc40a9edf1112335be6dea497774fc	13208	experiments/LEBRE-V0.52-HELDOUT-01/chronos/camels__58550001.npz
b44926a9f8bd972580c3df2795ba95386e0e361d1ce2c5cf644cfbe24582edf5	13211	experiments/LEBRE-V0.52-HELDOUT-01/chronos/camels__58610000.npz
d80b81649f3fe8e7dc228957f1c4049804d9456a15e86d99bcc46f9b6a04b0cd	13275	experiments/LEBRE-V0.52-HELDOUT-01/chronos/camels__59181000.npz
40add0ae5b72d2b88b772a2bf8cbbb79e19deadc44f69beaf6e47dcd4631be2c	13235	experiments/LEBRE-V0.52-HELDOUT-01/chronos/camels__61078000.npz
1fdb6c5f290ea721d6fe62c0e7839b7fb1ca5713739d3dd04333071ec0b99de9	13217	experiments/LEBRE-V0.52-HELDOUT-01/chronos/camels__61250000.npz
0547279f7b01af748fc34f3ff29c417ae709a3c67476892b9e5098176b22a9c9	13192	experiments/LEBRE-V0.52-HELDOUT-01/chronos/camels__61320000.npz
e6f73d0a3e197b7ab58487225ce3c6a159aa6511aa3ceb2446e7187b609eba1f	13175	experiments/LEBRE-V0.52-HELDOUT-01/chronos/camels__61410000.npz
1eb2d3581f5e42f7b20ac5c534a2bec624a6fcc7871607544c03ac4352d99f9c	12852	experiments/LEBRE-V0.52-HELDOUT-01/chronos/camels__63250000.npz
f2ef756a4915d972184add1218aa51a4b6135d68bcd9c0b142e0d36959f2a7ef	13376	experiments/LEBRE-V0.52-HELDOUT-01/chronos/camels__64380000.npz
c9292a7da6e715b651844ae2b88ce60599d8ed2ce0061c7e795ae0d463322f88	13399	experiments/LEBRE-V0.52-HELDOUT-01/chronos/camels__64620000.npz
7f707379e1e784db1d2954608674e6f77a1d126621f95c2a6af77468f37af7ee	13405	experiments/LEBRE-V0.52-HELDOUT-01/chronos/camels__64652000.npz
ad7fef766ad1c412430abb39d2f3b0bd3317421289627f90552d8f55e9469138	13398	experiments/LEBRE-V0.52-HELDOUT-01/chronos/camels__64659000.npz
1263ec9d5a806535a64063dd8f2c1ffc0049d3bb978732885266e87602ab0f40	13370	experiments/LEBRE-V0.52-HELDOUT-01/chronos/camels__64764000.npz
eeb6e9479d1a8d462398da646b3119c45785e5104b7e8d9b5812a1eb596ba255	13226	experiments/LEBRE-V0.52-HELDOUT-01/chronos/camels__64815000.npz
11cf555ee9f842dc5fbc853ad8f0a252208a8ff8e10d1d9318e0d8bd6d7ea920	13208	experiments/LEBRE-V0.52-HELDOUT-01/chronos/camels__65136550.npz
a0195e7c6bd2856f228ea5fe3b7ea7d4c60f1bbc9c94c992f6a9a668235d6720	13334	experiments/LEBRE-V0.52-HELDOUT-01/chronos/camels__65180000.npz
207aec4f9172069b41d09a6621950c0e14441209be11a4e3b1f9cb70da87daac	13297	experiments/LEBRE-V0.52-HELDOUT-01/chronos/camels__65945000.npz
229a8bbe021a2ab57cda7ae2237bc0cc986e7c2425a0b4756deb9457560acb19	13464	experiments/LEBRE-V0.52-HELDOUT-01/chronos/camels__65948000.npz
c7781edc7ae3159eb124f7d003e115b34f160c962e6e40aa5c876015cde9c4a7	13320	experiments/LEBRE-V0.52-HELDOUT-01/chronos/camels__71200000.npz
969e503fb84e0ea4781b7e136f4101198b118773fb24386d14c327e623408105	13358	experiments/LEBRE-V0.52-HELDOUT-01/chronos/camels__71250000.npz
347855db7843a873d121ec9bece545bef1f65eb29bebc483f7cacb18225787e9	13369	experiments/LEBRE-V0.52-HELDOUT-01/chronos/camels__74750000.npz
eeed5e3490f7ca3a454f4dab365037f5b8de41b9b2376d384ec2c80746970e33	13369	experiments/LEBRE-V0.52-HELDOUT-01/chronos/camels__74880000.npz
a649542d393a8681cb2e400a9fa48804c663d7a4a4812107875b2dcc8e10c7b6	13323	experiments/LEBRE-V0.52-HELDOUT-01/chronos/camels__83105000.npz
d3ebe62718daa61c87a06eedaf1ef21614bd68ad2b38318912de704bf0b89194	13263	experiments/LEBRE-V0.52-HELDOUT-01/chronos/camels__83892998.npz
049a3579bc8c15f5d8ca5939edc183fba38f696f44307eda02788e1e3abe5d80	13266	experiments/LEBRE-V0.52-HELDOUT-01/chronos/camels__84150100.npz
60f8da11442215397a289fc4b83fe0cdc290ae30a0ff69dc3db1a20a0f940ee9	13236	experiments/LEBRE-V0.52-HELDOUT-01/chronos/camels__84520010.npz
966e2744893e365812a3e048850d1e26703005bc2d91d02f7ac44313e7c30771	13292	experiments/LEBRE-V0.52-HELDOUT-01/chronos/camels__84551000.npz
7a00ef83433ce9d19a3618e77f789a1da4ead110ec951900e1f7b4116aeca713	13175	experiments/LEBRE-V0.52-HELDOUT-01/chronos/camels__87317060.npz
a4668be239188fe9d8395118d708585e044e6c94d6093fd4470fbc9ecb8f034c	13348	experiments/LEBRE-V0.52-HELDOUT-01/chronos/ons__AIMORES.npz
f2808d57f9d68b6c29d6986a479f32ffbf7a90ae1f172999d5767c63959cb575	13548	experiments/LEBRE-V0.52-HELDOUT-01/chronos/ons__APOLONIO_SALES.npz
e26b71bea5848e0516bab98b2650c94ffc93fe5d20f1b77c8593cfae3f2b08d7	13330	experiments/LEBRE-V0.52-HELDOUT-01/chronos/ons__BAGUARI.npz
9b27194bea9b576712d633a09e0b47566128da9d32978d36dc1267b31eddd393	13364	experiments/LEBRE-V0.52-HELDOUT-01/chronos/ons__BARIRI.npz
307100cae0359ac48364f52ae2c2345cfe62be2886cd133f33f224f86cc1e922	13046	experiments/LEBRE-V0.52-HELDOUT-01/chronos/ons__C.BRANCO-1.npz
71cf0d36f9f0a1cd86326251a6208110f069d15b37059c0b39eb1f8e016fbd55	13111	experiments/LEBRE-V0.52-HELDOUT-01/chronos/ons__C.BRANCO-2.npz
3055cab28b4c615f6f2c9e9eeb34a8d26cbfa7247e115706de8e1629b02c6214	13358	experiments/LEBRE-V0.52-HELDOUT-01/chronos/ons__C._DOURADA.npz
0c835828f8583b7b2f739b0112efc3ab201d710325a21b85d89babef4d5a20f8	13305	experiments/LEBRE-V0.52-HELDOUT-01/chronos/ons__CANA_BRAVA.npz
089f841e92d7808debc6d78877b757dad4ae1461378037061565ac268bd42570	13098	experiments/LEBRE-V0.52-HELDOUT-01/chronos/ons__CANOAS_I.npz
435361b7025ed11f50f9adb850718295b218f58ec60151ee67967d61679f246a	13058	experiments/LEBRE-V0.52-HELDOUT-01/chronos/ons__CANOAS_II.npz
2f6d94768db80bc240302c222227ea205154a5ba3f76dca7b72fb235259684d1	13088	experiments/LEBRE-V0.52-HELDOUT-01/chronos/ons__CAPIVARA.npz
61cb993ab28543cf0ff5bdecfc4eb7ba416075762f0f57be2e4592d5e4e6449b	13350	experiments/LEBRE-V0.52-HELDOUT-01/chronos/ons__CHAVANTES.npz
2a354853f44a29e62ea0070e44d29fd2e8bc3b030aa873550616ba65719456b7	13443	experiments/LEBRE-V0.52-HELDOUT-01/chronos/ons__CORUMBA-3.npz
6f2b33ca4357c7d517ce33e5438dab18041a75aa6b04f42d0e3e33a04c53c724	13249	experiments/LEBRE-V0.52-HELDOUT-01/chronos/ons__CORUMBA.npz
942bf01e8d1c3d2ecc922479a182ddc25a632297c9e4a29d4f209891a105b560	13529	experiments/LEBRE-V0.52-HELDOUT-01/chronos/ons__D._FRANCISCA.npz
05d76da603251a49d7ed01cdaafc853dc75623744cf9d6aa13f08521b865e77d	13326	experiments/LEBRE-V0.52-HELDOUT-01/chronos/ons__ESTREITO.npz
25b1fa6f2c5529ed05bbda605dba65d92182c8ac3f00333ceb93f979df824191	13396	experiments/LEBRE-V0.52-HELDOUT-01/chronos/ons__FOZ_CHAPECO.npz
368c76a1451e830bda98af51f08a065a243eb0f27720eae5641e73dca01b4301	13246	experiments/LEBRE-V0.52-HELDOUT-01/chronos/ons__IBITINGA.npz
27c3b7027badc15f0d5386926f1d3e89b13a8413e4bf72959c9a318dd7f80357	13356	experiments/LEBRE-V0.52-HELDOUT-01/chronos/ons__ITAUBA.npz
73f31ace38e75155cfd311a71f117d972c9685e88a06020f495da3ec7810470d	13168	experiments/LEBRE-V0.52-HELDOUT-01/chronos/ons__ITUMBIARA.npz
0a7a58cfc63c5a2e8ba0bc6003780575f6f599a336159be7e3b35cf974b7bf29	13394	experiments/LEBRE-V0.52-HELDOUT-01/chronos/ons__ITÁ.npz
e2623c125678a07e380fe604a6937abc3090f393609d4a5883e50da99b82fb82	13442	experiments/LEBRE-V0.52-HELDOUT-01/chronos/ons__JACUI.npz
ba240b3389267d37198740ae18e1046027f9b98a47f721a0add8df89f1bd5f81	13057	experiments/LEBRE-V0.52-HELDOUT-01/chronos/ons__JUPIA.npz
7e6285486e1135e8935d0af8fc65c85f111c5301180aa5c0af950ed1abea9f7c	13329	experiments/LEBRE-V0.52-HELDOUT-01/chronos/ons__LAJEADO.npz
e1b4486dda19f9733a8e6335935f0e9f011a78c6c72cc16363310c8f621d4f83	13250	experiments/LEBRE-V0.52-HELDOUT-01/chronos/ons__LUIZ_GONZAGA.npz
838cf74805135068c96e059e1458bdc251b7891fd15e273b6285e103714f1db7	13414	experiments/LEBRE-V0.52-HELDOUT-01/chronos/ons__MACHADINHO.npz
4ba99f898cfe190c17aa4e56c815d949460dec378dd765f0102fc8366ea6470d	13352	experiments/LEBRE-V0.52-HELDOUT-01/chronos/ons__MASCARENHAS.npz
08ed6bac484d458a5f234e0be154c97c7f562b3a6eae5b146b1bb1a96aa475bc	13149	experiments/LEBRE-V0.52-HELDOUT-01/chronos/ons__MIRANDA.npz
f299077727e23aa4014bf9cb47b737eba4ec4d180f77751e3d41ca28fd7082be	13182	experiments/LEBRE-V0.52-HELDOUT-01/chronos/ons__N._AVANHANDAVA.npz
27a449c90f2ec9abcc1016b57b52e375ff8a50e3b67aead99f8f264e29a6af03	13348	experiments/LEBRE-V0.52-HELDOUT-01/chronos/ons__OURINHOS.npz
d6f48007205cf3da8234ebe157c160acc137adeb203b05e46e4c4ffb46be915e	13190	experiments/LEBRE-V0.52-HELDOUT-01/chronos/ons__PEIXE_ANGICAL.npz
4b93757dc248637c4f5f041dcbc680f7d56b249041d235a4ea2f69073474debe	13243	experiments/LEBRE-V0.52-HELDOUT-01/chronos/ons__PIRAJU.npz
b71db17263b7056b0f28e60b8b13e1a2380fc36f83fba00720ac01232a6038bd	13058	experiments/LEBRE-V0.52-HELDOUT-01/chronos/ons__PORTO_PRIMAVERA.npz
db0ca1ea4cc0e93f14d4e4203a14e0899bb4e7bf54d32251da92d6a4c4416ef1	13211	experiments/LEBRE-V0.52-HELDOUT-01/chronos/ons__PROMISSÃO.npz
d5beae339b0df4a7e59ca0ef9279984fc9171be573774762d940c5900ce0a8e3	13173	experiments/LEBRE-V0.52-HELDOUT-01/chronos/ons__ROSANA.npz
8be5a7e1edf47aeedc410ac6f7017bd806bb6e866537279d1799047c051f7018	13342	experiments/LEBRE-V0.52-HELDOUT-01/chronos/ons__SALTO_CAXIAS.npz
0a645bb3f1aa76f56c6a2671b9ab48dd49a30441eeafe3a9887d6978e3342739	13047	experiments/LEBRE-V0.52-HELDOUT-01/chronos/ons__SALTO_GRANDE_CS.npz
af0ff623c844e62866dd23500fc71c78e492be75535ed1bcfa6f015b7e0029e4	13367	experiments/LEBRE-V0.52-HELDOUT-01/chronos/ons__SALTO_OSORIO.npz
f4abe81d5d527da00561f06a269188128bcc8a8606fbe759859bbc78217ff75e	13440	experiments/LEBRE-V0.52-HELDOUT-01/chronos/ons__SALTO_SANTIAGO.npz
f0382e96507188553440f88fa9d801a0969b1446b2ed6de89bf7cf22ceed9586	13247	experiments/LEBRE-V0.52-HELDOUT-01/chronos/ons__SAO_SALVADOR.npz
36514e60791aa8174f24bfa04c0abce215836092449d4ff5f86e16cd86e8809c	13300	experiments/LEBRE-V0.52-HELDOUT-01/chronos/ons__SEGREDO.npz
4d653eaadbfbefa3a78e695f7e23272d8fff466186bfcec748bfa42d9a91508f	13300	experiments/LEBRE-V0.52-HELDOUT-01/chronos/ons__SÃO_SIMÃO.npz
1925878c5560259e25e517d1ce24e46fe8cef2b38f1e008777d8e96c60655480	13279	experiments/LEBRE-V0.52-HELDOUT-01/chronos/ons__TAQUARUÇU.npz
7ba29de9f080b5078f1128e54110152fac39752859deff048961508acdd20ded	13466	experiments/LEBRE-V0.52-HELDOUT-01/chronos/ons__TRÊS_IRMÃOS.npz
43dd70558b0cf955dd8756365af85a5433c51f50a79492b1166d4f9761eb84de	13454	experiments/LEBRE-V0.52-HELDOUT-01/chronos/ons__TUCURUI.npz
ddc36f7f8899c7f2b4fb0e5b465bf39e3a25851d7ea05f1b2ad9936e5332b5be	2295554	experiments/LEBRE-V0.52-HELDOUT-01/preds/bdg2__chilledwater__Bull_assembly_Goldie.npz
762625b67a399001a5018f96757efe1f02804473fb2878340241088e626b1081	2327703	experiments/LEBRE-V0.52-HELDOUT-01/preds/bdg2__chilledwater__Bull_education_Jae.npz
f4cc2693ab2d08111075674b34b96c09266f92f54482686c67920098bac2b1d6	2313066	experiments/LEBRE-V0.52-HELDOUT-01/preds/bdg2__chilledwater__Bull_education_Joseph.npz
119f038c3bbc6845d3311ea4beb2c503c9a280ef20880fb149aacbed93892025	2318827	experiments/LEBRE-V0.52-HELDOUT-01/preds/bdg2__chilledwater__Bull_education_Mario.npz
0ece96e0b6c317f3ae5b021df61d64b07b177d9ae2547ef19dd32e20625cb257	2315406	experiments/LEBRE-V0.52-HELDOUT-01/preds/bdg2__chilledwater__Bull_education_Myra.npz
096dbd9904d6bb917e3d64585da05676af8ed5f49267d69e9cf20adfa17b46ff	2340038	experiments/LEBRE-V0.52-HELDOUT-01/preds/bdg2__chilledwater__Eagle_education_April.npz
f637759f1d0bffd5ca5f6e7ba05f201770b54e740ba990ff4bc4a1aaaf23660d	2358114	experiments/LEBRE-V0.52-HELDOUT-01/preds/bdg2__chilledwater__Eagle_education_Shanna.npz
8346efb1d533eda81400e480a8892a499a2faf063fe4b49614ae769b11552f95	2345297	experiments/LEBRE-V0.52-HELDOUT-01/preds/bdg2__chilledwater__Eagle_office_Freida.npz
21b1a03d68020f1da6a36f41c19b926ae0985b3496f94c43044d0ab0a76dfba4	2280683	experiments/LEBRE-V0.52-HELDOUT-01/preds/bdg2__chilledwater__Fox_education_Ray.npz
b6696c8f4642c7a26a0826081628573bef8a0cb1fc51ad480ac4fc68246f5019	2321773	experiments/LEBRE-V0.52-HELDOUT-01/preds/bdg2__chilledwater__Fox_lodging_Wallace.npz
5067efcd301487ebb0a2321d4546c2aec0fde12d011cb79b7605a90ec6b2be8c	2245035	experiments/LEBRE-V0.52-HELDOUT-01/preds/bdg2__chilledwater__Fox_office_Rowena.npz
5e910fdec5b6461d6779ce06bcb37ae11e60f88dce7b8704adcf4a83f7152636	2303517	experiments/LEBRE-V0.52-HELDOUT-01/preds/bdg2__chilledwater__Fox_office_Thelma.npz
5f8847dd787f8b5e3c146f41a5e238be6b03289ffb73bb38d55ffccfb587381c	2266133	experiments/LEBRE-V0.52-HELDOUT-01/preds/bdg2__chilledwater__Hog_office_Joey.npz
152168c22ea10e0c3750b865b754cf2e1adc0cebc4e8b78113bbd0ed33636f04	2276540	experiments/LEBRE-V0.52-HELDOUT-01/preds/bdg2__chilledwater__Moose_education_Florence.npz
a547ec94a450f6676aa49254986f9e47623ad7d9c51e393adba274df1615f015	2177192	experiments/LEBRE-V0.52-HELDOUT-01/preds/bdg2__chilledwater__Peacock_office_Effie.npz
55d0cd8ec9b9673e5e0d41de24eb1301bc536dd8fa9579ca1213b73313d9c72f	1987997	experiments/LEBRE-V0.52-HELDOUT-01/preds/bdg2__hotwater__Eagle_office_Lane.npz
ec1703c152dccdaa4ccb586617dc311a0a457a3eb2b4875ee2f55c9aa441470b	2234828	experiments/LEBRE-V0.52-HELDOUT-01/preds/bdg2__hotwater__Fox_assembly_Audrey.npz
261b88bf407b18d25f71b66356978d82e50423f6ab41da8b3ac8954ee9b7d1a2	2228415	experiments/LEBRE-V0.52-HELDOUT-01/preds/bdg2__steam__Bull_assembly_Freddie.npz
dd31120ea8d307c5021446254774cad49e5182ac43999c99418afdba05be4c5c	2220918	experiments/LEBRE-V0.52-HELDOUT-01/preds/bdg2__steam__Bull_assembly_Nathanial.npz
4c399d7f5da976b203e35329baafbe243a1690aaf04de728264e5c1609a213da	2243831	experiments/LEBRE-V0.52-HELDOUT-01/preds/bdg2__steam__Bull_education_Linnie.npz
42d4a350ae4554fe18eb481fe810061a91f8d78137ee7e61ef9065012747cb39	2251329	experiments/LEBRE-V0.52-HELDOUT-01/preds/bdg2__steam__Bull_education_Miquel.npz
cfc174ec38dc88b2ffdcc6d6e87f13d5dc0d4cfe8966966c16af24add71f85bf	2225260	experiments/LEBRE-V0.52-HELDOUT-01/preds/bdg2__steam__Cockatoo_assembly_Ed.npz
ab175741009e8bdb4d540089e2359b95fc8737cfc3a2ea45132274459b801636	2226322	experiments/LEBRE-V0.52-HELDOUT-01/preds/bdg2__steam__Cockatoo_office_Delores.npz
4493c9d2da9cccf6f1e7e811eb40aed6974664c7319660ec1541cc02e1d94e3a	2328998	experiments/LEBRE-V0.52-HELDOUT-01/preds/bdg2__steam__Eagle_education_Sherrill.npz
edfa1aec95303863a043742127858bc982e3c2e7c67ec5bc551549684ac84f17	2277642	experiments/LEBRE-V0.52-HELDOUT-01/preds/bdg2__steam__Eagle_health_Reba.npz
ee75af372884a7fdba6654e83c5ea3343bc005a6a39f69632c5b4c6c005d52f2	2274882	experiments/LEBRE-V0.52-HELDOUT-01/preds/bdg2__steam__Eagle_office_Sheree.npz
9c00d207d33eb5b3250a301b4b9f0a5013ac77098e7ca86c8f6a3f9e0b63149d	2270465	experiments/LEBRE-V0.52-HELDOUT-01/preds/bdg2__steam__Hog_assembly_Edward.npz
1397655c8cc6b5e3cd2dc1eb74fe6ab62f6318cec27823c966796ad827b42b02	2229113	experiments/LEBRE-V0.52-HELDOUT-01/preds/bdg2__steam__Hog_education_Cathleen.npz
f86d454c2fc24f82fefef2f42cdfc38410936bf02e6e90c1f080c0c0e58bbed1	2255244	experiments/LEBRE-V0.52-HELDOUT-01/preds/bdg2__steam__Moose_education_Diane.npz
c4e65e109ff6b5d18d33b18c9eb41c98419511eb9c89e5382a484bca600aeaa2	2263729	experiments/LEBRE-V0.52-HELDOUT-01/preds/bdg2__steam__Peacock_office_Major.npz
145eb9393c00e7a861ab0c438f7f72d84464a1f0aac913b8308c34881a246b23	2165380	experiments/LEBRE-V0.52-HELDOUT-01/preds/camels__13600002.npz
dc21017ea192db9fcdfb6ee80531781bc61344748968ce9b0627a0cc933a583b	2175857	experiments/LEBRE-V0.52-HELDOUT-01/preds/camels__13750000.npz
355909f22e8b123587b1b50d0ff20393e04d5a70a0d62052821e440a14d69839	2163416	experiments/LEBRE-V0.52-HELDOUT-01/preds/camels__13880000.npz
4c337fb1b2dfd273f9f4708bd14a6b02cf3aca8d8a9a7b9f96ade7302bfb63b5	1835639	experiments/LEBRE-V0.52-HELDOUT-01/preds/camels__17345000.npz
22def514fcc93d2d0bd536cc383e7f83ca821e0ec14c02bb7e0b63bdf6b161f2	1944386	experiments/LEBRE-V0.52-HELDOUT-01/preds/camels__23230000.npz
8e9fd13fc074f12444d1305c85a4d3d92a97d720720daa3a9a4ce02738def808	2120280	experiments/LEBRE-V0.52-HELDOUT-01/preds/camels__24500000.npz
b4791387bf278f7d03c62b533d7900c6f9fb02fb776d705e9071b72a4e91a902	2152588	experiments/LEBRE-V0.52-HELDOUT-01/preds/camels__24950000.npz
30ba60f78c36dcb5c4807039e8cd051a51c34cb7f8c0a6f0b3d2ce177485e980	2131848	experiments/LEBRE-V0.52-HELDOUT-01/preds/camels__28150000.npz
1cb5f2cd29d42e0eac7f8f1ee0d3258cf82429072ef53885b5700c0b2131c522	2175941	experiments/LEBRE-V0.52-HELDOUT-01/preds/camels__32830000.npz
a204f2b30063bbd4c109efa0662afedfa302eb240e483fc53a69ad9ce186ced5	2050722	experiments/LEBRE-V0.52-HELDOUT-01/preds/camels__33460000.npz
db5d6d0bb23c594dd1ed8f55505db9f9f5053e71787ac5831505a5b7d26ff2b1	2091186	experiments/LEBRE-V0.52-HELDOUT-01/preds/camels__34020000.npz
7c76a5e47b7438139bdd4b2e71722be9264070d2a2afe5db28b375a6f0f50c2c	2052187	experiments/LEBRE-V0.52-HELDOUT-01/preds/camels__44250000.npz
79ebf0e6441e57251d55fb4d61643c593905f9f73339ebc4c7e5bc9df418ccc4	2137209	experiments/LEBRE-V0.52-HELDOUT-01/preds/camels__54010005.npz
49d504cc6d3852dea02273b7719b7ab086e6c77802bcd819252844ccf5c94261	2144725	experiments/LEBRE-V0.52-HELDOUT-01/preds/camels__56075000.npz
acd52e1151af6d41f1ba4e7b874bb2f2ad36b574963ced4b89894e815e7a33cc	2131280	experiments/LEBRE-V0.52-HELDOUT-01/preds/camels__56800000.npz
f83e5eb6450c6bededc051382a0900d383d2969a032628d71cebaf81bd9b414a	2117703	experiments/LEBRE-V0.52-HELDOUT-01/preds/camels__56870000.npz
4e294585b2deac63f50a1108a5707dc0138ebe27f6a5bfee0f080da8aacb4e16	1963692	experiments/LEBRE-V0.52-HELDOUT-01/preds/camels__57320000.npz
20dfd1ba018f988d29281cb43f757e14d2119b54a78d63a5a2aa009518163370	2145485	experiments/LEBRE-V0.52-HELDOUT-01/preds/camels__57360000.npz
ee9a8b0d8762ff25fe55fccc7769fc4d658a970146acf33677b28d03e4972fde	2141444	experiments/LEBRE-V0.52-HELDOUT-01/preds/camels__57370000.npz
1779cbcd63faf88c8479abca84984f1782c515704b5ff8a580d8533b3de97869	2141799	experiments/LEBRE-V0.52-HELDOUT-01/preds/camels__57700000.npz
63c93069b65ac838d1ab21ce808123d3b4d9603b3939062aac6190e1c0cad099	1786595	experiments/LEBRE-V0.52-HELDOUT-01/preds/camels__58040000.npz
641cd41b6ae79bf61a13d70a1be31fd205bbd2308ff79afe5cb906e8e8fb9041	1866596	experiments/LEBRE-V0.52-HELDOUT-01/preds/camels__58542000.npz
0d187a8635d1cbd2c852f29fa08dc9ede8257ecf35d96d50ffce4d9dcfef84ff	2159305	experiments/LEBRE-V0.52-HELDOUT-01/preds/camels__58550001.npz
e78fc1cc76f14badd833ff8acba1c3764add9da110456c4510ca7da284a7ab37	2121567	experiments/LEBRE-V0.52-HELDOUT-01/preds/camels__58610000.npz
f62d73e98710d95632375e5f848fe593e915cc89f33e1bd9f09ef7c43538608c	1776626	experiments/LEBRE-V0.52-HELDOUT-01/preds/camels__59181000.npz
e2cf1bc6a93cc51d5e210d3e90cd57365e29dc1bc8a6304310b5ef52624c9666	2071625	experiments/LEBRE-V0.52-HELDOUT-01/preds/camels__61078000.npz
f68e8d36a91ab809917b3d469fbc8b9cd85e962f40730641c4a31bc4c55e1d92	2034589	experiments/LEBRE-V0.52-HELDOUT-01/preds/camels__61250000.npz
13ce5ce0d04546e42609ceb45382e1369dfba352a2f41b4317a4f9f019125265	2004662	experiments/LEBRE-V0.52-HELDOUT-01/preds/camels__61320000.npz
594d4cf0219f27f8e8d770044d74be2e3e2c55c1a088dc934bd41fa5b850d61c	1693077	experiments/LEBRE-V0.52-HELDOUT-01/preds/camels__61410000.npz
ad0187d4c5bb0a8587c3b266480d1a85044f82d6243aeb16f921425c3d32389b	1927596	experiments/LEBRE-V0.52-HELDOUT-01/preds/camels__63250000.npz
725504567dec136369f34f95d204ae67e4dc2cceb2bd6f8a22eea692410e8c16	2125109	experiments/LEBRE-V0.52-HELDOUT-01/preds/camels__64380000.npz
e25030049d94656bf685c58986d560a0fb3a35ea59790b9c322eee50f68c7293	2015626	experiments/LEBRE-V0.52-HELDOUT-01/preds/camels__64620000.npz
1da477ab1d42c288b538159af65d2e8253a4d306306d4504341282c006a3de74	2123428	experiments/LEBRE-V0.52-HELDOUT-01/preds/camels__64652000.npz
02536aa85e2aec14f53359e686f985c4cb77f32269956cf1e249e7c24b93c0cb	2134726	experiments/LEBRE-V0.52-HELDOUT-01/preds/camels__64659000.npz
233cc80b2afeb85fae65758cc80dd5fb6cba7c7c543e68a5f1ea7620405b49fb	1823858	experiments/LEBRE-V0.52-HELDOUT-01/preds/camels__64764000.npz
529ff6f1a57aa9d733adc9975442bec2324b94ba8ee168ab4b67b4b50d0632af	2116813	experiments/LEBRE-V0.52-HELDOUT-01/preds/camels__64815000.npz
94be1f8c66ad19e6340cbaade735df4385b2341681e337184adae7337fa92307	1917965	experiments/LEBRE-V0.52-HELDOUT-01/preds/camels__65136550.npz
2e15f104d92d1291f7bf4123687b1064c5c470cf589dcdd10345964c3b70a101	2048136	experiments/LEBRE-V0.52-HELDOUT-01/preds/camels__65180000.npz
b21ef36d064d86049670b63fae187405c1007b707a2c8bf0abdf2a52c397ed03	2113712	experiments/LEBRE-V0.52-HELDOUT-01/preds/camels__65945000.npz
8233ecb5d13e26139dc65e9eae16e979324691fc589770013b99ea27bd97966a	2082477	experiments/LEBRE-V0.52-HELDOUT-01/preds/camels__65948000.npz
8884ad1a1f2a0c57b092090184e87df56f234f84f3be67224aae9357600e55af	2146775	experiments/LEBRE-V0.52-HELDOUT-01/preds/camels__71200000.npz
380057a7b85d01480ccc268c11de678053b4269cbccd735f13de4a0f6347c96d	2151238	experiments/LEBRE-V0.52-HELDOUT-01/preds/camels__71250000.npz
cc4aecde4b6e20b2f1a3a98e54ee52e1872ee1845c6f2dca6b50176ff74b754d	2123096	experiments/LEBRE-V0.52-HELDOUT-01/preds/camels__74750000.npz
de65d0583d567788193c8177dac1dee5a7c69696d2543fdca7b54e1c906952f1	2150801	experiments/LEBRE-V0.52-HELDOUT-01/preds/camels__74880000.npz
97629c302be35964dd9c927c506f78c4e10dcf3747a27e69b2f96298b1d5f7c6	2152313	experiments/LEBRE-V0.52-HELDOUT-01/preds/camels__83105000.npz
34b0b223cf16991983c70a9af02bb3192df46543a43b46f9038f19d1478c651b	1838842	experiments/LEBRE-V0.52-HELDOUT-01/preds/camels__83892998.npz
6d22105128e778555594b70a7e8219893c104b5b3e740cf4436abd30cafdcb1d	1758051	experiments/LEBRE-V0.52-HELDOUT-01/preds/camels__84150100.npz
2c20715cc313a8220680ea143d2d56c0b98e82ecb576d90d43d8e64b3f5ba9e6	1853174	experiments/LEBRE-V0.52-HELDOUT-01/preds/camels__84520010.npz
7998b81cfdf4ad1e2be1e7918496159c6aab9052f283625d460179964e1ebd21	2141814	experiments/LEBRE-V0.52-HELDOUT-01/preds/camels__84551000.npz
b2d8f967cd742c7f41cc6a4281bf5391218b1c9660f1ddfde52a004683e73b48	1601027	experiments/LEBRE-V0.52-HELDOUT-01/preds/camels__87317060.npz
590b7df30336fb1ec7e7e84c76c3e9569d86fee12b07e9506d6bf3304e37b70a	4149633	experiments/LEBRE-V0.52-HELDOUT-01/preds/ons__AIMORES.npz
3c6bf82a01b2cbf839af4a370413fc4f0b1ff1febf67694faa071cd13e86fa84	3509496	experiments/LEBRE-V0.52-HELDOUT-01/preds/ons__APOLONIO_SALES.npz
fa3bb52009501f7d1c89450f6f93e4fdd152b06e8b20ff8ee119f5608d80273f	4142955	experiments/LEBRE-V0.52-HELDOUT-01/preds/ons__BAGUARI.npz
006cded001b0456bdaf2b9a94a4abd32326e0b75a7aa576b570e761ed7e3a0ca	4143670	experiments/LEBRE-V0.52-HELDOUT-01/preds/ons__BARIRI.npz
2045ca2d925d5132c7b57d70da937f43c18edf53b4332b7bb6a44d377e1a64bd	4133309	experiments/LEBRE-V0.52-HELDOUT-01/preds/ons__C.BRANCO-1.npz
20f770a2f49fa3c4c01f1b7e60fc936d288bf64a6295d8aa37251e618bc086db	4148679	experiments/LEBRE-V0.52-HELDOUT-01/preds/ons__C.BRANCO-2.npz
c7713d220cffa3c9323a31eae098e46cf6efcb49fa0d908e60785f316162a66b	3965894	experiments/LEBRE-V0.52-HELDOUT-01/preds/ons__C._DOURADA.npz
734c834a67fa2934ce0b1f470ee1efe2d08405125476fde9ccf2a0fed44f883f	4053539	experiments/LEBRE-V0.52-HELDOUT-01/preds/ons__CANA_BRAVA.npz
c99a97882776e99ff733b9d31a5d1dbd77f23848c40520891384d083354d5bc3	4136727	experiments/LEBRE-V0.52-HELDOUT-01/preds/ons__CANOAS_I.npz
b5b9ddac3268e76e30fe659c73a1bfd0df4fb2f161bee23787fb19bd0fdb6418	4132682	experiments/LEBRE-V0.52-HELDOUT-01/preds/ons__CANOAS_II.npz
f9be6ad8fc18b019f0845bb6231de48b5f2fe1d5440a60ebd2caa7ebf30e1fa6	3924987	experiments/LEBRE-V0.52-HELDOUT-01/preds/ons__CAPIVARA.npz
03b22e50e180e304feba5be51f29748d8dc5e1db8816fd97557adef6781ad35f	3928973	experiments/LEBRE-V0.52-HELDOUT-01/preds/ons__CHAVANTES.npz
ac842c6ceecab916e96b8133e5ec3dbbd99d57ce34ff771fa1897d6253fd7db9	4050576	experiments/LEBRE-V0.52-HELDOUT-01/preds/ons__CORUMBA-3.npz
f053b0889fa103ee773b68f083f46f5b78c7df622209b9bc83a8262db1139104	4100131	experiments/LEBRE-V0.52-HELDOUT-01/preds/ons__CORUMBA.npz
b424d2498ecc315e673b463137a94eada532b68e6a8841d2fe81bfd98c184de4	4118301	experiments/LEBRE-V0.52-HELDOUT-01/preds/ons__D._FRANCISCA.npz
9fe91170f6d99514f937a9f3d9e57eb0857e969a6ee2b518deac2a4f0cbce36d	4133444	experiments/LEBRE-V0.52-HELDOUT-01/preds/ons__ESTREITO.npz
311498b028c80fc8a1c6ddbb08fe1cb567b6a9a81c98925f8673d039ca32438e	4183947	experiments/LEBRE-V0.52-HELDOUT-01/preds/ons__FOZ_CHAPECO.npz
00bda1fc6548bd8aff0e8679cf1d1cc06ad49d45025dbb82a3e955a4ae1e4091	4144225	experiments/LEBRE-V0.52-HELDOUT-01/preds/ons__IBITINGA.npz
2737e7f0d1a411888c6a375e6a9faec06c42131b404e328d9783e45164285c40	4145921	experiments/LEBRE-V0.52-HELDOUT-01/preds/ons__ITAUBA.npz
198309113df9cacf1e68d7fd66cc79be78696256b6f7ce450bcad6962f4f8b75	4103362	experiments/LEBRE-V0.52-HELDOUT-01/preds/ons__ITUMBIARA.npz
5360405a924e41dd7e8d06d594110e816eb93fdf1a24bd0c54aff4d7306299e4	4166905	experiments/LEBRE-V0.52-HELDOUT-01/preds/ons__ITÁ.npz
af041b55464a6f489e6d2ce3eb8d234b06e0d80eb16c029104a8306f3e80ab29	3976689	experiments/LEBRE-V0.52-HELDOUT-01/preds/ons__JACUI.npz
b8484dfee6fba6c5a88061c292820fc067c05d27b2f6bd25b9398f449efc1ccc	4184958	experiments/LEBRE-V0.52-HELDOUT-01/preds/ons__JUPIA.npz
3a20e11312dbe01082249f89c42c1633f39cbbdd7a1d79d2b49b3a0599e4dff5	3913661	experiments/LEBRE-V0.52-HELDOUT-01/preds/ons__LAJEADO.npz
8d5aad068e5b0ad141eee0143da160d38d90fbc0500543a62dc1b2035c21bd03	3710093	experiments/LEBRE-V0.52-HELDOUT-01/preds/ons__LUIZ_GONZAGA.npz
0cfc2ddd79ccefaf472e2d9d6bbedfc49e8baca1ad94b7606890a6f7db3e481d	4162706	experiments/LEBRE-V0.52-HELDOUT-01/preds/ons__MACHADINHO.npz
77653e987a1b307fde41dc3e1decdbf3641725c3f01e86c9823e23e1fb9947b9	4146934	experiments/LEBRE-V0.52-HELDOUT-01/preds/ons__MASCARENHAS.npz
d63f98ac5f7f0c60c43cd4e65eca7abd03262015f202efc4d4f388e80a4afdbd	4079443	experiments/LEBRE-V0.52-HELDOUT-01/preds/ons__MIRANDA.npz
71eb9342095a8f30cacb40ec7d5f2bbe40399d6f1caac792b74c3510894c79ea	4136784	experiments/LEBRE-V0.52-HELDOUT-01/preds/ons__N._AVANHANDAVA.npz
8a8b6bdd7e91ca7646c3f8b63ab0d3bcf6e73f7d18fd04d14d2e1614d01b1519	4042890	experiments/LEBRE-V0.52-HELDOUT-01/preds/ons__OURINHOS.npz
8b0b383e495f5f570f80b13b4ec34e521f5cd38f8b7a9f42a30d5d5aa52f49bd	4082839	experiments/LEBRE-V0.52-HELDOUT-01/preds/ons__PEIXE_ANGICAL.npz
e7de872c583ea19cb14a200066dda4b1c9faa2cbf3408d51b8eea91af40c5fdd	3829311	experiments/LEBRE-V0.52-HELDOUT-01/preds/ons__PIRAJU.npz
86b7f4e818d5a6ffb1b11c02b1f24d3f5d4310256a822faca0fc9c24a354f4d3	4004685	experiments/LEBRE-V0.52-HELDOUT-01/preds/ons__PORTO_PRIMAVERA.npz
0af30fc2a07a292134fefb5226c8c5bbed318fc2abe9c9448cd9d616d0d5faa5	4132633	experiments/LEBRE-V0.52-HELDOUT-01/preds/ons__PROMISSÃO.npz
a9620cfae4f85e7f1ad13284d1eb6a34c8b0f51131bc9b0ce9bd11aac729223c	4053634	experiments/LEBRE-V0.52-HELDOUT-01/preds/ons__ROSANA.npz
45fd7d5a00ccf60fad5e538db5bcef2449af39064d06248b08c666aa3b0be320	4116400	experiments/LEBRE-V0.52-HELDOUT-01/preds/ons__SALTO_CAXIAS.npz
5ded24306c5a7da8aaf4f00541a6467b22037c311659c1a11ec1b4d6d1425bad	4134419	experiments/LEBRE-V0.52-HELDOUT-01/preds/ons__SALTO_GRANDE_CS.npz
f6be6989e7aa6c0b9ba66a5681ecbde8242adc298e9321b2d9f3e45f86c27464	4050431	experiments/LEBRE-V0.52-HELDOUT-01/preds/ons__SALTO_OSORIO.npz
a6c9f8844cc3f566fa5fad79bfc61b87624f165c828ac90618a24869110dd3b7	4150836	experiments/LEBRE-V0.52-HELDOUT-01/preds/ons__SALTO_SANTIAGO.npz
29fb1f88f5eb7981093d5e8dc765bd60405bedde3b425c6f95ea0aeea249a050	4107192	experiments/LEBRE-V0.52-HELDOUT-01/preds/ons__SAO_SALVADOR.npz
e56a779877ccafd2b203a7436fce45c03904a7f7ee25491ccfd984211ab8563e	4044197	experiments/LEBRE-V0.52-HELDOUT-01/preds/ons__SEGREDO.npz
c723f5d45c797c93b45a75aab5b647a498d06b2511d5fc65ed60f38d39c2a69e	4152348	experiments/LEBRE-V0.52-HELDOUT-01/preds/ons__SÃO_SIMÃO.npz
ebba1c0fc7ada643ca54ab3d2a7ddc9e846b222202ffe35e04460a2aa75dcac5	4129884	experiments/LEBRE-V0.52-HELDOUT-01/preds/ons__TAQUARUÇU.npz
1eed3f69aa87efd4b0dfd587c0c81efc6bc5dac60109a78c2e09ce581cff2b9d	4080798	experiments/LEBRE-V0.52-HELDOUT-01/preds/ons__TRÊS_IRMÃOS.npz
4491ba7c23a5e5abf61b663ed92b9f5c3e6ccb353d94c041ad80fc4e98e45918	4118800	experiments/LEBRE-V0.52-HELDOUT-01/preds/ons__TUCURUI.npz
b0a94c9d7bef32d16fcb00f82f14675ef680aa6a0362a9d5bae537e8d1dc25ff	5752	experiments/LEBRE-V0.52-HELDOUT-02/chronos/bdg2__chilledwater__Bull_assembly_Maren.npz
cdf646bdcfc394e185314a5e252def2affbcacc5320bb3af4f91a1fde034fdb8	5626	experiments/LEBRE-V0.52-HELDOUT-02/chronos/bdg2__chilledwater__Bull_lodging_Lettie.npz
b66abb885e4bad34da6edbd441b66c439fac6379328c6cfd10c95d0f1bc4d891	5612	experiments/LEBRE-V0.52-HELDOUT-02/chronos/bdg2__chilledwater__Bull_office_Chantel.npz
532b13d82d28fea1590fc850dee9e896e85f1655eb1347cf7ae1c86c07f27406	5693	experiments/LEBRE-V0.52-HELDOUT-02/chronos/bdg2__chilledwater__Eagle_assembly_Lacy.npz
8435344aa3ab49a8ac79fcc42f66558ba8db6d476a18df8dd16b2e8f22b15332	5687	experiments/LEBRE-V0.52-HELDOUT-02/chronos/bdg2__chilledwater__Eagle_education_Will.npz
01b2a96b802353a514c936e1167dab47de0c528a9638afecfcd5596c847c9399	5692	experiments/LEBRE-V0.52-HELDOUT-02/chronos/bdg2__chilledwater__Fox_education_Geoffrey.npz
905f64d5b637976152b136ed0374f3bb831142a46217b094653201de4be024cb	5674	experiments/LEBRE-V0.52-HELDOUT-02/chronos/bdg2__chilledwater__Fox_education_Yolande.npz
c30ff066b372c1768435fa85c2e18e12856b75edd9b544ddb73fea1c0b9ad4d3	5684	experiments/LEBRE-V0.52-HELDOUT-02/chronos/bdg2__chilledwater__Fox_lodging_Isabell.npz
d6911c443a18181b7e06201430a4df80ee6e149425f3ef776db972cf617b964a	5660	experiments/LEBRE-V0.52-HELDOUT-02/chronos/bdg2__chilledwater__Fox_office_Yong.npz
680000f0b1194b0e468fe0b17ce1567416357473814d37c417a72ecddfcae2f3	5866	experiments/LEBRE-V0.52-HELDOUT-02/chronos/bdg2__chilledwater__Hog_office_Almeda.npz
840fce18e5f4d44d7a9ce09c89f0662f01641f2f4735a315b90a3c77fc1361c4	5685	experiments/LEBRE-V0.52-HELDOUT-02/chronos/bdg2__chilledwater__Hog_office_Guadalupe.npz
7a8ab8bc5cccdfebfc3cb8fd97ee2797cf2909b714192db16d21fc6b01aca38f	5819	experiments/LEBRE-V0.52-HELDOUT-02/chronos/bdg2__chilledwater__Moose_education_Marlon.npz
281e95d921b23948d5003802ec6f9a32b40209fc22498dbf388bb6d254dfebd0	5696	experiments/LEBRE-V0.52-HELDOUT-02/chronos/bdg2__chilledwater__Moose_education_Omar.npz
c59791ef6df347129538cbcb0b92ccf900ad5be520b81e7e127e299fcbca85cf	5605	experiments/LEBRE-V0.52-HELDOUT-02/chronos/bdg2__chilledwater__Panther_education_Jerome.npz
95ea44529995e9201233fe537d41a9059c9f60441b592502b03002d22263e4e9	5477	experiments/LEBRE-V0.52-HELDOUT-02/chronos/bdg2__chilledwater__Panther_office_Lavinia.npz
a1df64bde197578fc9593c1c02aec3034d73dfbbdaf62d6639cb906b52e7b564	5609	experiments/LEBRE-V0.52-HELDOUT-02/chronos/bdg2__chilledwater__Peacock_education_Lucie.npz
b6b365cad740017290294cf4900c74e3290b2bae66f10375088854f2a7534131	5706	experiments/LEBRE-V0.52-HELDOUT-02/chronos/bdg2__steam__Bull_education_Magaret.npz
93ac0036f25d9d80282056da7da661fab856ccf0c0cb1e46e96027ec7401c770	5714	experiments/LEBRE-V0.52-HELDOUT-02/chronos/bdg2__steam__Cockatoo_office_Laila.npz
38d01388b0489cf1271753ac388d0550d47034635dc9d0d304f157ced9eb8e5c	5578	experiments/LEBRE-V0.52-HELDOUT-02/chronos/bdg2__steam__Eagle_office_Chauncey.npz
5f1b369e9617b08dde81f6c58d6b3654294aa384a901a53ef3f7ac3bf57899df	5783	experiments/LEBRE-V0.52-HELDOUT-02/chronos/bdg2__steam__Hog_office_Guadalupe.npz
69e242d32fc9273a0f855e5515859d722f3655889ab071fa95993d097a17c639	5638	experiments/LEBRE-V0.52-HELDOUT-02/chronos/camels__10500000.npz
725c43bd11feef4385dca2cdeb13e452873924ae36d04f70ea208794219d2ad3	5686	experiments/LEBRE-V0.52-HELDOUT-02/chronos/camels__12520000.npz
1380d88673e1d0aefa3c3a067fe8663c7fbb92d454ed316d7cc07fac5778ebd3	5706	experiments/LEBRE-V0.52-HELDOUT-02/chronos/camels__13710001.npz
0ec5dd52a1aad37f9e9a190d26345c616b4680455b3da956009137d89eb2a09c	5478	experiments/LEBRE-V0.52-HELDOUT-02/chronos/camels__21750000.npz
7d2de53a50b9c6f1c8af8d2bfbd73df6ae5fc50416dfd5089e6a63467dd4babe	5726	experiments/LEBRE-V0.52-HELDOUT-02/chronos/camels__26720000.npz
0eda5ed6fed06a2ea3536edee2009d91c7b8fddc0846b55b1b600ca2d5865571	5644	experiments/LEBRE-V0.52-HELDOUT-02/chronos/camels__51750000.npz
0732159be556036ede9db6a64e762a247dc0d79749b4c5c5d4b36e82a03927d0	5657	experiments/LEBRE-V0.52-HELDOUT-02/chronos/camels__56055000.npz
a36a12425dfdf673e6d860cc5bcf77cedc0a06ae2c6f29b8e8c0224b1e67831c	5673	experiments/LEBRE-V0.52-HELDOUT-02/chronos/camels__57740000.npz
3ed81d1beb7b872a421ce15427b7ddac224852f39e790f6b451fec9eac3c9bb1	5658	experiments/LEBRE-V0.52-HELDOUT-02/chronos/camels__58530000.npz
4a99b72cbc1190ff2e7365b0791b578de624c94dc3f65289a4b6c4576601a4e8	5674	experiments/LEBRE-V0.52-HELDOUT-02/chronos/camels__58560000.npz
9f697c9a41c8a1e590f327c3f1efac0313fb4418b115ba7fcfc820b50e646259	5629	experiments/LEBRE-V0.52-HELDOUT-02/chronos/camels__61105000.npz
bce35a3e430b8bbdc64e1cd5dd6e6b448edc91413c5e5861026b0939e47e62ec	5635	experiments/LEBRE-V0.52-HELDOUT-02/chronos/camels__61267000.npz
151329150d524dfa6802977beb3a434e267eb3c08e2831175bf34703fbe47eed	5639	experiments/LEBRE-V0.52-HELDOUT-02/chronos/camels__64785000.npz
98ba5ffa3ae24106f376729e17286279e4e08cec32794090797cb88e47400214	5676	experiments/LEBRE-V0.52-HELDOUT-02/chronos/camels__71300000.npz
4ecfe2d4a2b4b7f11f9cf260d1514be947ba00750f2ae8b2e94c530f40829421	5735	experiments/LEBRE-V0.52-HELDOUT-02/chronos/camels__73820000.npz
1bb62b3599996b4edb20f06633d002564ecf39be4a6850e27d5c8627f938f372	5672	experiments/LEBRE-V0.52-HELDOUT-02/chronos/camels__82270050.npz
901d5990cc77e9298d52de2ad6cbc1568be77bebeb07446fb31a1c865a528bed	5649	experiments/LEBRE-V0.52-HELDOUT-02/chronos/camels__84300000.npz
73bf3a422d1a4c5773ab5df4f66c0b0e4e53ff5fd3b5ce399d1aa890282df517	5696	experiments/LEBRE-V0.52-HELDOUT-02/chronos/camels__86100000.npz
a3fa59b02dff42959e33bce4a3d75efe28347344e942893698b4a345272757d3	5696	experiments/LEBRE-V0.52-HELDOUT-02/chronos/camels__86160000.npz
0b6085cc51ce838bd0ee0c131436c3bf8fc51973691b036d60ec8f067d366993	5621	experiments/LEBRE-V0.52-HELDOUT-02/chronos/camels__86480000.npz
0a4dc868de3284b059c1af7c480769c154a4d4553e6846b4924e728aad748a40	1396277	experiments/LEBRE-V0.52-HELDOUT-02/preds/bdg2__chilledwater__Bull_assembly_Maren.npz
e601d0e0c2b42af96fe0e8e497997baa47c75cbb88065861f408c4eb192113d6	1367511	experiments/LEBRE-V0.52-HELDOUT-02/preds/bdg2__chilledwater__Bull_lodging_Lettie.npz
2b30fbae20d8db98aa53c000e883b7588a8390d22f1a308b0865aaf1785adecd	1388744	experiments/LEBRE-V0.52-HELDOUT-02/preds/bdg2__chilledwater__Bull_office_Chantel.npz
f88941bafc89a8afbdc6fdf118f0c3c59c4ffb4e8b4c1ee9e8faa3c6f67f4663	1367145	experiments/LEBRE-V0.52-HELDOUT-02/preds/bdg2__chilledwater__Eagle_assembly_Lacy.npz
a5732727e39697230f78b8cf3068542108eed0ed68645c09d6153e9ac4d7cfe3	1422446	experiments/LEBRE-V0.52-HELDOUT-02/preds/bdg2__chilledwater__Eagle_education_Will.npz
80b95903e5afaa660e7b0ce3e6e0afcf7b45eff939d47e2fe19303a18145d52f	1328799	experiments/LEBRE-V0.52-HELDOUT-02/preds/bdg2__chilledwater__Fox_education_Geoffrey.npz
f46acfa6981d211545959c1a8a68e554f2915a5d132cc7497d0aa68e0f846cc9	1409688	experiments/LEBRE-V0.52-HELDOUT-02/preds/bdg2__chilledwater__Fox_education_Yolande.npz
0e002a5c41e3060b61105f43f3051904d36a6c621fe716e95b54221c9b254e72	1365836	experiments/LEBRE-V0.52-HELDOUT-02/preds/bdg2__chilledwater__Fox_lodging_Isabell.npz
01c5f1c6e5a8de2d08567e8ce13dcb17ac359f507ca1d9016caea1e73a09d18f	1396659	experiments/LEBRE-V0.52-HELDOUT-02/preds/bdg2__chilledwater__Fox_office_Yong.npz
c5205447a42a581e64a4e8c7be9e142b09bbb3084436ce3d1c24cdb906cd1f6b	1108698	experiments/LEBRE-V0.52-HELDOUT-02/preds/bdg2__chilledwater__Hog_office_Almeda.npz
e72000382f85257b7f21ff535c9d3d7afaab4dd6ab59b68e2af47cc1646de8d5	1326203	experiments/LEBRE-V0.52-HELDOUT-02/preds/bdg2__chilledwater__Hog_office_Guadalupe.npz
5256fac5803572412708b9eb5da75c60bea5c7de1c61038e68b4395cbf110727	1302500	experiments/LEBRE-V0.52-HELDOUT-02/preds/bdg2__chilledwater__Moose_education_Marlon.npz
ca854d0d16ca89797dce02767a3db033833ac80cf493b64c368865eac4d5a413	1374162	experiments/LEBRE-V0.52-HELDOUT-02/preds/bdg2__chilledwater__Moose_education_Omar.npz
2b37258bab51ffd67704c1b00ccbc0959fec1bd090e247f9f3c04c6064f6881c	1245533	experiments/LEBRE-V0.52-HELDOUT-02/preds/bdg2__chilledwater__Panther_education_Jerome.npz
3c12700ebf6cc0123bbd0b0a04dce51ab411276bdaa291a3c21a9bcecdb978ee	1218594	experiments/LEBRE-V0.52-HELDOUT-02/preds/bdg2__chilledwater__Panther_office_Lavinia.npz
b43f5266f9d66819832167e5d67378f7d5a5ae63e979b824b1f126f0024110ea	1304373	experiments/LEBRE-V0.52-HELDOUT-02/preds/bdg2__chilledwater__Peacock_education_Lucie.npz
e7b7857919104b47274f464d241f15d153847cee00d7bcb6d54690493614e1a5	1340209	experiments/LEBRE-V0.52-HELDOUT-02/preds/bdg2__steam__Bull_education_Magaret.npz
c57c1fe7289a5e913c2569888c12c4ac045b2dd9def035ecf75e2327eda419a2	1315938	experiments/LEBRE-V0.52-HELDOUT-02/preds/bdg2__steam__Cockatoo_office_Laila.npz
4974d5cfbc9656c74c0452f7f48c8d4c5c9ee2c46a43d08857cc5a001c2387ca	1337659	experiments/LEBRE-V0.52-HELDOUT-02/preds/bdg2__steam__Eagle_office_Chauncey.npz
bbbfa4f2adbe7a55fb1096a98fd9212617feba1b5c2f066b5801f2f1539cebc7	1277874	experiments/LEBRE-V0.52-HELDOUT-02/preds/bdg2__steam__Hog_office_Guadalupe.npz
3c7670f53c5cdbe444ccc37102df871c07ad528a4739cb889944f2a3258b0f5d	1245881	experiments/LEBRE-V0.52-HELDOUT-02/preds/camels__10500000.npz
b1b4afe70007cadd46b92852532dafd6d87c92338f4e198ea0099dcbdd10375b	1202007	experiments/LEBRE-V0.52-HELDOUT-02/preds/camels__12520000.npz
52b850a6c7648e00edae41395e4826ee3b29d95e9e95e0771af84f3e953a21b9	1305239	experiments/LEBRE-V0.52-HELDOUT-02/preds/camels__13710001.npz
bae0c08d76d52dbde94fb9b7053832e742be4b660a03e773a03cf2a68efb765b	1220989	experiments/LEBRE-V0.52-HELDOUT-02/preds/camels__21750000.npz
b0efa3ef44b45833741cd48bccb27e17ce13a1355b9178acd705c8d31b6d3e61	1099882	experiments/LEBRE-V0.52-HELDOUT-02/preds/camels__26720000.npz
92043922ba1082da0c237ecf205df2c56bf1226f568d98bbf8a95e4166079d75	1090330	experiments/LEBRE-V0.52-HELDOUT-02/preds/camels__51750000.npz
a57d0250c22959e3c2fc3c313b75cad870046ccce23a06602833cee5b6a6ea09	1274228	experiments/LEBRE-V0.52-HELDOUT-02/preds/camels__56055000.npz
ce7b752422b2a702bee5b72295fbb570d17ccc8e0c89ea7624b167492dc9ec8a	1279522	experiments/LEBRE-V0.52-HELDOUT-02/preds/camels__57740000.npz
7b860d16ef275af6c5babfd1c9e7743a4c3e3e481f7e7a7f202404f7697d28c7	1266061	experiments/LEBRE-V0.52-HELDOUT-02/preds/camels__58530000.npz
b75afce7b29b9feb007121a6d8edfb5ac62e7d1e3949a2a775e79669ce090d91	1119815	experiments/LEBRE-V0.52-HELDOUT-02/preds/camels__58560000.npz
b919f4373aea32ffe69408eaa0891e18f6f602921164016da7c3949c061841c5	1226230	experiments/LEBRE-V0.52-HELDOUT-02/preds/camels__61105000.npz
060bb5abcada82fa8842c65ddbcb9ed79a81429961bb88d485bc21bcd884337b	1207656	experiments/LEBRE-V0.52-HELDOUT-02/preds/camels__61267000.npz
6b4b1688fb63ddacf41af819623263c2282c66a853457eec367b64590bd36e44	1222558	experiments/LEBRE-V0.52-HELDOUT-02/preds/camels__64785000.npz
7fd6c6369f2024e61eb53e8d65de84149d32f48a0622b4ecba8f6bcdc2b19302	1291458	experiments/LEBRE-V0.52-HELDOUT-02/preds/camels__71300000.npz
03fb4330ad26c1b1e810b84f6c14ba3ee5dc414bcf1aba60b32772205cfffb73	1222940	experiments/LEBRE-V0.52-HELDOUT-02/preds/camels__73820000.npz
145dc365903fa7d751e0eac644485a2f1b9e8c73c831943d3024ce8fffd63d45	1071923	experiments/LEBRE-V0.52-HELDOUT-02/preds/camels__82270050.npz
355ab1afc7e9044cc26cb2135d6059b4e8bb7b19e81852b5431dd3a3d190bb44	1118889	experiments/LEBRE-V0.52-HELDOUT-02/preds/camels__84300000.npz
23cc0ca08fde738390f1d0a9efba1407d33f1e65058b98c9d0b9bceac89afea0	1272008	experiments/LEBRE-V0.52-HELDOUT-02/preds/camels__86100000.npz
10f7d2498707cc7d19cdea691d5f8e31b18c9f2d4523ba268f0d89f8c1b11445	1275622	experiments/LEBRE-V0.52-HELDOUT-02/preds/camels__86160000.npz
664cac2d219ff415d65a2f3d70aff269ca97c5bfe8eda428f48b826594a047ec	1262311	experiments/LEBRE-V0.52-HELDOUT-02/preds/camels__86480000.npz
979c87f0ea28948b0b8ef2af767991ec2d0edcdd2626cce205e40fd76ba2552c	21607	experiments/LEBRE-V0.52-HELDOUT-03/fm/bdg2__chilledwater__Bull_education_Juan.npz
7f99e130a79db05f4ddbca40eeb15be304f103c876c8cd27e6dbc1486eb3fa06	21724	experiments/LEBRE-V0.52-HELDOUT-03/fm/bdg2__chilledwater__Bull_education_Lyn.npz
eefdec0254fcde9dd9ab3e5ea1212a51db88b86152ecc69ed32b512c41c1ca5f	21450	experiments/LEBRE-V0.52-HELDOUT-03/fm/bdg2__chilledwater__Bull_education_Reina.npz
43da03dcf0a57c7ae3825f6e8659c90a4abca1e8bcca6d3d8abc1a3bad1e73e6	21579	experiments/LEBRE-V0.52-HELDOUT-03/fm/bdg2__chilledwater__Bull_office_Debbie.npz
cca800958023709afd42b2f277b936c5a93c5dc70adf642ddcbf5bfb52478d04	21919	experiments/LEBRE-V0.52-HELDOUT-03/fm/bdg2__chilledwater__Eagle_education_Petra.npz
6b10018b8d5bda12e78b185dee417292f300a8d03a34d0f4f834787a5f73d501	21900	experiments/LEBRE-V0.52-HELDOUT-03/fm/bdg2__chilledwater__Eagle_lodging_Dawn.npz
778029e3a361bc6414e0c9c5f8ed30b33fad50a3826058e5adb69437e91b1a3c	21651	experiments/LEBRE-V0.52-HELDOUT-03/fm/bdg2__chilledwater__Fox_education_John.npz
c171ac8068d6b840cea40835cd7a702184e448222b2355e92313bf71d1e83305	21777	experiments/LEBRE-V0.52-HELDOUT-03/fm/bdg2__chilledwater__Fox_education_Kim.npz
2010937eb5332d33e25dca813dc504209c51def020cd8feb8a70fa86652e0115	20559	experiments/LEBRE-V0.52-HELDOUT-03/fm/bdg2__chilledwater__Fox_education_Ollie.npz
a7f12ef84d67703e5ae8ddad8f660943b9b7dd41e86483ded94dae7aae24a44c	21718	experiments/LEBRE-V0.52-HELDOUT-03/fm/bdg2__chilledwater__Fox_office_Demetrius.npz
a373d832f796f1434b22a834ce8da80afd7e77daae39b628e0f802ddca2dec78	21773	experiments/LEBRE-V0.52-HELDOUT-03/fm/bdg2__chilledwater__Fox_office_Karima.npz
61eb7baa376968738105fef3ea2fda92565b803075cc55291e30691c47247e15	21725	experiments/LEBRE-V0.52-HELDOUT-03/fm/bdg2__chilledwater__Hog_health_May.npz
136267369121d808a7db776e0372a13e2dea674e3944fea8e1199c4ec9f6c55e	21931	experiments/LEBRE-V0.52-HELDOUT-03/fm/bdg2__chilledwater__Hog_office_Josefina.npz
2ad6bd43b4e8f8e5ad003768a1ce8fcabe52e06d3e19861fd6297e4ebc47e700	21587	experiments/LEBRE-V0.52-HELDOUT-03/fm/bdg2__chilledwater__Hog_office_Terry.npz
314db6604cf8d719743d8895232df7c505cf4eb6b5549d0299d2fdefd630ede0	21668	experiments/LEBRE-V0.52-HELDOUT-03/fm/bdg2__chilledwater__Panther_education_Vincent.npz
e3cc8a6cdbd25cefb64e9f83da8c801d86f786dc5946782bc0d6795d8ec64f68	21452	experiments/LEBRE-V0.52-HELDOUT-03/fm/bdg2__chilledwater__Panther_lodging_Kara.npz
ad973372b074df5f803cd2aad299673fa615cfb81fbb2a873e384e8bdcaa9f8b	21065	experiments/LEBRE-V0.52-HELDOUT-03/fm/bdg2__chilledwater__Peacock_lodging_Jamaal.npz
07ba3b303af07bd95a0911ffceeb58ffc99d253f774e9df11bf067bb928c0d98	21516	experiments/LEBRE-V0.52-HELDOUT-03/fm/bdg2__hotwater__Eagle_office_Sonya.npz
d2ae4ad8ec2786d08fc47729ee74e357813938b46596aeaffe673e4499efa30b	21350	experiments/LEBRE-V0.52-HELDOUT-03/fm/bdg2__steam__Bull_education_Dora.npz
1a09848032a12442172b03ba520f296bfdde0886162ff153b26f621e2c0b6304	21459	experiments/LEBRE-V0.52-HELDOUT-03/fm/bdg2__steam__Bull_education_Dottie.npz
8f175dff4c7fbe4d0c7fea8e65de650f1ead156821bf1ebdd3958dfd3e67be7f	21601	experiments/LEBRE-V0.52-HELDOUT-03/fm/bdg2__steam__Bull_office_Efren.npz
56bdcb48dfc6f4fa6884f055b05d12200de81849c6ac0375920bc81fe320247a	21631	experiments/LEBRE-V0.52-HELDOUT-03/fm/bdg2__steam__Cockatoo_education_Clifton.npz
d25e99fceb75620bce769ef8818ea22b5caf3b0de18b9aeb0508bdd5614e6b79	21513	experiments/LEBRE-V0.52-HELDOUT-03/fm/bdg2__steam__Eagle_office_Norbert.npz
010692211201dd11175c5253801704e124c30585d5c7e06ff9d48974d2540ed9	20770	experiments/LEBRE-V0.52-HELDOUT-03/fm/bdg2__steam__Hog_assembly_Annemarie.npz
7a5409a5c53019ae70f2356f12b447e969c8314bdf88e58a45eaf2f1772ed091	21699	experiments/LEBRE-V0.52-HELDOUT-03/fm/bdg2__steam__Hog_education_Jordan.npz
d929f4e3c09f3e1b8fe7ccb02c88c3f5fbd56c6c2b7ac34b8afd62c3b32d50c5	21511	experiments/LEBRE-V0.52-HELDOUT-03/fm/bdg2__steam__Hog_industrial_Willette.npz
46ab46e1987ae4e35bb79fc26287d22f2318bdef98d0d778f19f7371f53504c0	21500	experiments/LEBRE-V0.52-HELDOUT-03/fm/bdg2__steam__Hog_office_Bill.npz
75aa23e28910fb49bc3847c6c35f509624aeee6b5932f28c75f05736652546df	21766	experiments/LEBRE-V0.52-HELDOUT-03/fm/bdg2__steam__Hog_office_Marlena.npz
508b0e3989800d62e679a7c79295cf1b57f0a115f0df0cf422dae9ebdc146ae8	21778	experiments/LEBRE-V0.52-HELDOUT-03/fm/bdg2__steam__Hog_services_Danny.npz
aa751c7d984bc9520a5f1a14c29d663f7d787ebf7b1659351440a40687189fb1	21704	experiments/LEBRE-V0.52-HELDOUT-03/fm/bdg2__steam__Peacock_lodging_Jamaal.npz
e4bdff968853e2e1b8fb2f2a459a71ba517446cd9c244afea4422bb96b70102f	21859	experiments/LEBRE-V0.52-HELDOUT-03/fm/camels__17200000.npz
06cf5c4a16488e6551cfd0be9b6f46840adac46cbfa243609ce5a5e43374ecc0	21796	experiments/LEBRE-V0.52-HELDOUT-03/fm/camels__22850000.npz
fb8a7972dd5077fe83fd62c73b9d4ab586e33ce4c4a3ea049330fe2e0a80060a	21792	experiments/LEBRE-V0.52-HELDOUT-03/fm/camels__23150000.npz
4821a3c51b9550f7ce8e5fdce83cdcdc0f3bd8e6d2f4a9be4d1fa28a062e07ed	21893	experiments/LEBRE-V0.52-HELDOUT-03/fm/camels__25100000.npz
60c107d931a7ca6559ca80110ba8ce3c4cf4390b603af9390412a8ddf71efd67	21751	experiments/LEBRE-V0.52-HELDOUT-03/fm/camels__27550000.npz
3806646c6227a2c6c8cc4be06a8de2f70a40ebb3d0a577fdbe1ebe73ca1b4456	21835	experiments/LEBRE-V0.52-HELDOUT-03/fm/camels__31490000.npz
a8660470f0e287bb64f50cd3d549a98bef10e9ebcf39143bb5441e5b933b6d39	21769	experiments/LEBRE-V0.52-HELDOUT-03/fm/camels__32550000.npz
b16c99dbe6d85125bb38ffa305f57b06f568468baf7f1197fe342f6e80fb7ca6	21438	experiments/LEBRE-V0.52-HELDOUT-03/fm/camels__33260000.npz
aae479139aa121af807ae6bf060c2cdd5d819a62584453e9aa2a242b8369c360	21577	experiments/LEBRE-V0.52-HELDOUT-03/fm/camels__34170000.npz
e440a7522f555b8bd89611de0bf5c1798fcc2b793859ede84dd5fb66e40e0137	21784	experiments/LEBRE-V0.52-HELDOUT-03/fm/camels__40549998.npz
8176297b793b5dde36a149ac86fb99e625a4d951b062ec1efce23baa821ebff3	21792	experiments/LEBRE-V0.52-HELDOUT-03/fm/camels__40680000.npz
7f7be92a7b75b2edbeae571a09ddef3d547551b91729c382cad5eece68cf03fa	21743	experiments/LEBRE-V0.52-HELDOUT-03/fm/camels__51795000.npz
c9a35dcede213004ac721bc9bc48f2a62d9d566eba7b1cf499361f75890963c5	21787	experiments/LEBRE-V0.52-HELDOUT-03/fm/camels__51940000.npz
15a42841f96ffb04869d913be271a12c95d543e11bb23b73594e53f74da438c7	21812	experiments/LEBRE-V0.52-HELDOUT-03/fm/camels__55790000.npz
4c8ecbea0adb7eeb0af66404e1aa543ea221fd87f2b7dbd9b6b7b83279b7dd49	21756	experiments/LEBRE-V0.52-HELDOUT-03/fm/camels__56065000.npz
865c5d077836819bd3b6c4975e7ee152da13a0edb0053c6a95afcd3ac9b26a59	21778	experiments/LEBRE-V0.52-HELDOUT-03/fm/camels__56500000.npz
2450aa1b89c7419406869893c6ebd3033273d07fa0b965531322467a4dff4842	21853	experiments/LEBRE-V0.52-HELDOUT-03/fm/camels__57720000.npz
0808544550d26b7cc72f3b84162614ac953069c3ca90cc7988ec966e41ce7700	21809	experiments/LEBRE-V0.52-HELDOUT-03/fm/camels__58916000.npz
8e8ef1cf5e9814b9ce6e01f82038dbddbde743823c8061e6b867c34255072766	21755	experiments/LEBRE-V0.52-HELDOUT-03/fm/camels__58917000.npz
0d8e726e5825aed02cc0532a34b5a8d644f4f4d47c4d7aecc2353ed68efa38a7	21759	experiments/LEBRE-V0.52-HELDOUT-03/fm/camels__61014000.npz
c7126f69af7dbb855e0c16d7ae8f2a74fa1f4df12c0c10b6a1acd42ea89b4b4e	21777	experiments/LEBRE-V0.52-HELDOUT-03/fm/camels__61295000.npz
bb5b351c4eaa3534eb311a02636052bd309300eda5a0c59588512417bc6b2899	21764	experiments/LEBRE-V0.52-HELDOUT-03/fm/camels__61520000.npz
f5f57687042b12acf7eb8c7b0a03536532215ce57e56ce03054d38dea33d6e68	21732	experiments/LEBRE-V0.52-HELDOUT-03/fm/camels__64040000.npz
8fcdb40d6684b353336a57183d3361ab2a0604f8fe961c63cce04e86e5c4b9e9	21899	experiments/LEBRE-V0.52-HELDOUT-03/fm/camels__64625000.npz
f9d58a594e26627020e2cfc981baac836403c8bd2c9034889bde0dc4a85c2501	21595	experiments/LEBRE-V0.52-HELDOUT-03/fm/camels__64717000.npz
cea8d8a8543a21308ca8f49bda6cee603dd0a76ff3775909ef65228d4c61ce16	21768	experiments/LEBRE-V0.52-HELDOUT-03/fm/camels__65021770.npz
a3d6cc013d34c986a3f3968e84a9ebf18c09e236cfa4a323c628fb23c3562f7f	21872	experiments/LEBRE-V0.52-HELDOUT-03/fm/camels__72680000.npz
ceed88797ed280bbad2ce54335c2147d7c406f33d555b4db55528d06e0225ee1	21916	experiments/LEBRE-V0.52-HELDOUT-03/fm/camels__74320000.npz
6d142162e94792cd9c77c8253c0bc3d2cd7582dc7aa8b558ba2ef9befc8442a0	21826	experiments/LEBRE-V0.52-HELDOUT-03/fm/camels__83250000.npz
9016629477eb0f7883c73c707127233ea36efd2dc018d4b0004a870ac97abedb	21880	experiments/LEBRE-V0.52-HELDOUT-03/fm/camels__87170000.npz
82cec29ed10fdda581efb43c39a519440c7482c560d6872248937a64d2645dff	1481429	experiments/LEBRE-V0.52-HELDOUT-03/preds/bdg2__chilledwater__Bull_education_Juan.npz
fadc074412893852b5fd45c7050dea9b918d2a7c40705b6651955b2f41813325	1469889	experiments/LEBRE-V0.52-HELDOUT-03/preds/bdg2__chilledwater__Bull_education_Lyn.npz
8e25e354e5992636aa3c70d4e4fcd70647c9091080391116517c1719cc93ee25	1458289	experiments/LEBRE-V0.52-HELDOUT-03/preds/bdg2__chilledwater__Bull_education_Reina.npz
96e855f543c785690144b78772c2f5bdcb1cb540d4e6bade3d1d17746ac8d055	1462659	experiments/LEBRE-V0.52-HELDOUT-03/preds/bdg2__chilledwater__Bull_office_Debbie.npz
0fb0d6c556d91e2ad8bcf28f6f8200e28eab552a1a62fcaaba49e5cae1a4b9d3	1468338	experiments/LEBRE-V0.52-HELDOUT-03/preds/bdg2__chilledwater__Eagle_education_Petra.npz
d662911de981a4604169838f79ae32dc63001fe4d7edd2cba61f9c6297730f98	1462059	experiments/LEBRE-V0.52-HELDOUT-03/preds/bdg2__chilledwater__Eagle_lodging_Dawn.npz
20c36e187dc768f9e1eafa791f2cfd55efb0bf5492aef50c9649cbdae0c002e6	1455681	experiments/LEBRE-V0.52-HELDOUT-03/preds/bdg2__chilledwater__Fox_education_John.npz
db0542308a6def928ce22bc12df0b29745293fd92f77507d07e145cb510e1d48	1481546	experiments/LEBRE-V0.52-HELDOUT-03/preds/bdg2__chilledwater__Fox_education_Kim.npz
6c14755bbd6dd5ecc7ad2794fd7f191e07c11705659134a90adf0ab150f0af63	1391027	experiments/LEBRE-V0.52-HELDOUT-03/preds/bdg2__chilledwater__Fox_education_Ollie.npz
8ec64bd3242ccffce816708e5403e2b780fcfe7aa0e69ba491f0e9b998ab4704	1470060	experiments/LEBRE-V0.52-HELDOUT-03/preds/bdg2__chilledwater__Fox_office_Demetrius.npz
c8ca46e01f2e906bb1a3769a69134ff25531d029c6643151dbe731cf52045e0c	1456209	experiments/LEBRE-V0.52-HELDOUT-03/preds/bdg2__chilledwater__Fox_office_Karima.npz
5b7186f0d652f5bd29ef0a7b48389ad26ef6bd4afa89d2d5f15db86211c9abb0	1290386	experiments/LEBRE-V0.52-HELDOUT-03/preds/bdg2__chilledwater__Hog_health_May.npz
9cf6d9bacf9d34e35f0d7b31c220c8ea6d2a0d7d85aab22cd8ebd6dfe1d2d84e	1357119	experiments/LEBRE-V0.52-HELDOUT-03/preds/bdg2__chilledwater__Hog_office_Josefina.npz
b916fca000efed46801af55cc136f45c7dd77a3066380a8325337c58698756cb	1422033	experiments/LEBRE-V0.52-HELDOUT-03/preds/bdg2__chilledwater__Hog_office_Terry.npz
0ae106dc2605e3b552406aebbc4773ad3b0af87082721c874e1ff8d79507e508	1316001	experiments/LEBRE-V0.52-HELDOUT-03/preds/bdg2__chilledwater__Panther_education_Vincent.npz
e8a8fd3f9802fb9af1ac1c05ab37320881d17b701ead71b44f17c8818f9fa9a1	1308547	experiments/LEBRE-V0.52-HELDOUT-03/preds/bdg2__chilledwater__Panther_lodging_Kara.npz
5758d1b8cc2b108a3abbc1880a333f5f276064e64aa051632b2d298d3cb66535	1276152	experiments/LEBRE-V0.52-HELDOUT-03/preds/bdg2__chilledwater__Peacock_lodging_Jamaal.npz
8721b49262eeb5970b9a314e0159378b6d5ec9a0cbf62bdc3229b09e4604f367	1483201	experiments/LEBRE-V0.52-HELDOUT-03/preds/bdg2__hotwater__Eagle_office_Sonya.npz
d34b455f35018da11736e41fedbc8b8c6958b8c4a13b8eaa5f23b17727559ee6	1395136	experiments/LEBRE-V0.52-HELDOUT-03/preds/bdg2__steam__Bull_education_Dora.npz
2d84847e0d121f3ec6f1b8f3ae409fe3f6fe10d5a817281574362422cdc9709f	1406772	experiments/LEBRE-V0.52-HELDOUT-03/preds/bdg2__steam__Bull_education_Dottie.npz
05eacc782e0144b90e8133d32de1a2f1d594da33d77923512f12288760dfa128	1403187	experiments/LEBRE-V0.52-HELDOUT-03/preds/bdg2__steam__Bull_office_Efren.npz
d214ac3741f154c5929eee0448a31006dbfd4870052458facdd57ca07939edc3	1377956	experiments/LEBRE-V0.52-HELDOUT-03/preds/bdg2__steam__Cockatoo_education_Clifton.npz
f21b284e0bacc04bc6e7117b3da3e2508bfaa1f888c0b482c6a1c65e02a20fa5	1434094	experiments/LEBRE-V0.52-HELDOUT-03/preds/bdg2__steam__Eagle_office_Norbert.npz
baadac28029135e5be3c3e2fe304299ff7992d6a773b38a9d5d3ca7c8149de23	1295132	experiments/LEBRE-V0.52-HELDOUT-03/preds/bdg2__steam__Hog_assembly_Annemarie.npz
4637dbaaad6ea0aa4fe3da3ad217177b7aa8e483aa69b110fc165c7504cd12b5	1429920	experiments/LEBRE-V0.52-HELDOUT-03/preds/bdg2__steam__Hog_education_Jordan.npz
9873606b5ea4598779d03bebf9cf4a9f1fbc74959b0467e372181e552873014e	1412232	experiments/LEBRE-V0.52-HELDOUT-03/preds/bdg2__steam__Hog_industrial_Willette.npz
cdfa0879ef6ac4743c4d4b6344155bac3d1551d63dc45fccbe513791ce7d275c	1433947	experiments/LEBRE-V0.52-HELDOUT-03/preds/bdg2__steam__Hog_office_Bill.npz
177fca03c51eb726f476e3b16a83219c1e80b803ed2d776d880608ea8ee0962e	1445369	experiments/LEBRE-V0.52-HELDOUT-03/preds/bdg2__steam__Hog_office_Marlena.npz
d8f0f6391ebf05c9024019f478b121b6af72144e37058ca4e678660117dcf955	1462421	experiments/LEBRE-V0.52-HELDOUT-03/preds/bdg2__steam__Hog_services_Danny.npz
a87ba3c2905ed8b7d3491381344635511cf7af06cb74fee2c55da4605fda2791	1431345	experiments/LEBRE-V0.52-HELDOUT-03/preds/bdg2__steam__Peacock_lodging_Jamaal.npz
983923f55f1d5fafbb336b8c248c6c63f86ff55253c77018fb99fed5edda9f1a	1306821	experiments/LEBRE-V0.52-HELDOUT-03/preds/camels__17200000.npz
334d2677e529613d4646cd9dc60c06a4df64e5d25c5cec1d040be8749d68d930	906393	experiments/LEBRE-V0.52-HELDOUT-03/preds/camels__22850000.npz
b8c1a55b49f447fd107d425be475b094e93e789d2af2d517ee396c73a265be69	1340093	experiments/LEBRE-V0.52-HELDOUT-03/preds/camels__23150000.npz
34335dda91362f1370c24a38aa77d831fbeb779d842420bd5aa7bef5e411ce54	1326489	experiments/LEBRE-V0.52-HELDOUT-03/preds/camels__25100000.npz
f6d1e6ec3de9fd6f99a1352219d2fb5bf8a93614eb9c430b1345235b5cbb2309	1145298	experiments/LEBRE-V0.52-HELDOUT-03/preds/camels__27550000.npz
364f8fb05756243ebd4b7ba26e873bc47e428874f6556338956e145a8d5e0302	1366658	experiments/LEBRE-V0.52-HELDOUT-03/preds/camels__31490000.npz
5e0d214c61316a5d2ec0f0b3caf93c60866bf32ef075edb58fffd3cba76ea4c7	1207528	experiments/LEBRE-V0.52-HELDOUT-03/preds/camels__32550000.npz
bfff84f4943674f1258b39908bb00fe8dc17410f4cc63af7fb767f44cb96e260	1323790	experiments/LEBRE-V0.52-HELDOUT-03/preds/camels__33260000.npz
f5dcaa1dec4a08ccaa74b779f042fa2e6f241e0f71258f32cfafa97a523d569c	1334156	experiments/LEBRE-V0.52-HELDOUT-03/preds/camels__34170000.npz
0e8f6c2ae22d36ae5069094bc0ec9e6968217a6d78471eaeed5b781c17b10db8	1292320	experiments/LEBRE-V0.52-HELDOUT-03/preds/camels__40549998.npz
cb021b8fd1ddca2378c2ca7f14d5c9178d7b8f4ffc7008d02b854f46e7b057b6	1346517	experiments/LEBRE-V0.52-HELDOUT-03/preds/camels__40680000.npz
a8f976857296612211ebe06a2b4f43bd6e5b3a2577420c75b63a3f949f0fbbb3	1314318	experiments/LEBRE-V0.52-HELDOUT-03/preds/camels__51795000.npz
319702b1c387a4f46b834702e09235ac0976cf37a2b94407f9b1af742c762442	1173621	experiments/LEBRE-V0.52-HELDOUT-03/preds/camels__51940000.npz
4047bbe4da47f39ce0f82bfa4d9c8ebbc78f3bd3376cc85b33c99e8950cd3231	1181622	experiments/LEBRE-V0.52-HELDOUT-03/preds/camels__55790000.npz
46cab829ea9dc5621c1bda46d45a947fbe7118082c8945876c21c45b694892de	1321694	experiments/LEBRE-V0.52-HELDOUT-03/preds/camels__56065000.npz
3099a4fc19d8331c83ab7fcfdf6ddf246b9db15aed5aa50f45d110dff2539c87	1166417	experiments/LEBRE-V0.52-HELDOUT-03/preds/camels__56500000.npz
ae3439865f0e591b8c81547a90c48f04a6986766947556aba4b83bfde9aee505	1358800	experiments/LEBRE-V0.52-HELDOUT-03/preds/camels__57720000.npz
60ebf25d9cef0c33afc15bd4ef7c3f25020ac418608d1eb49d419d9039fecf2d	1187129	experiments/LEBRE-V0.52-HELDOUT-03/preds/camels__58916000.npz
211f910b4fe8968b449c1199e36c2e2c3eb97e34fd893e08400fb04a278935b1	1342962	experiments/LEBRE-V0.52-HELDOUT-03/preds/camels__58917000.npz
cf5004a9a16fbacb8281bfa811d1f5b3efb23bce398bf20466219a3cc0183e36	1285018	experiments/LEBRE-V0.52-HELDOUT-03/preds/camels__61014000.npz
1aed91d5e6beef05e32f88d9d371153e8e104bf0c3f6b340a3e0d35b763f9b6c	1299610	experiments/LEBRE-V0.52-HELDOUT-03/preds/camels__61295000.npz
aa506299e489700653c53508d2f08e90cb256fc6c350fbf11bab7f586bb955e8	1224423	experiments/LEBRE-V0.52-HELDOUT-03/preds/camels__61520000.npz
5e400e874e59c23c35d632288ace415becdb7f4c5dadbbcaca3539ff0dbd4969	1305042	experiments/LEBRE-V0.52-HELDOUT-03/preds/camels__64040000.npz
52670c838703c9a01d2152fcd1f6971150b976898bd9176a4c7bf25db4b2f40d	1360209	experiments/LEBRE-V0.52-HELDOUT-03/preds/camels__64625000.npz
518cdb1dd39bfe2fa78119029591861265427b0edf26182a94c307f61073ac07	1223159	experiments/LEBRE-V0.52-HELDOUT-03/preds/camels__64717000.npz
207409d241b22f9a7e799f8e912816a8c7d58146adc064c5a2dff3286d353684	1195319	experiments/LEBRE-V0.52-HELDOUT-03/preds/camels__65021770.npz
851ea4f553ba18b78a6bb773be48a2d852820a0ee3698455b066838ee56e6fe9	1355853	experiments/LEBRE-V0.52-HELDOUT-03/preds/camels__72680000.npz
0b888d94fe6cd284bd939f33c131723f1fd0d2bb75f199c1194baf1d2f637c06	1318656	experiments/LEBRE-V0.52-HELDOUT-03/preds/camels__74320000.npz
331bc7478b4d25bd52d4ad40179ef999faf16d1c7c79b6aad872de6c0eb059c6	1360448	experiments/LEBRE-V0.52-HELDOUT-03/preds/camels__83250000.npz
80333b4a56b1078876eec01116738c77f7572f540c3b024c7ee6baf81e16094d	1373953	experiments/LEBRE-V0.52-HELDOUT-03/preds/camels__87170000.npz
11adce7349d7ca95e21b9b0997f7a3134b386bbbff0514222d96345480ad28c1	19266330	experiments/LEBRE-V0.52-PROTO-01/ABL_REAL_PREDS.npz
925c09b8536e78832ae53a6825895b5376d5fedf067f9c263a5a5c8cac958d35	47510779	experiments/LEBRE-V0.52-PROTO-01/COMP_DEV_PREDS.npz
20c40de97af3d6438e6c71c124d130e9e9c4bd4ac6c5d1b0ca222988500db05d	9641204	experiments/LEBRE-V0.52-PROTO-01/FINAL3_REAL_PREDS.npz
a86d4f3d1ca67da7d24325bb84cab57628e084122e9c7e9c5a77495213a36616	4818892	experiments/LEBRE-V0.52-PROTO-01/FINAL4_REAL_PREDS.npz
a2712ed845b1bd8bba0d4b6c9da2cff57a249fff68f29267610f6c8ca8ebf700	4818999	experiments/LEBRE-V0.52-PROTO-01/FINAL6_REAL_PREDS.npz
f7a805afb935e7ea6d626313201e005e609bb9d28425c00a4eb3987a9a4f6cd6	4815797	experiments/LEBRE-V0.52-PROTO-01/FINAL7_REAL_PREDS.npz
681353e978c1a4aa068bba8c84f5d35c423af6c0049c72e9bd342501aba507b6	4820326	experiments/LEBRE-V0.52-PROTO-01/REAL_HIER_PREDS.npz
a667b69723f893b57c298ea8b45dad3ae6ca9f87ebadc87849d9ef7772eb548f	4820110	experiments/LEBRE-V0.52-PROTO-01/REAL_UNIT_PREDS.npz
24e4cd8922661d5fbb7a6b4ffee9792046bbdc28e761544613a216ba4996f0d1	9453128	experiments/LEBRE-V0.52-PROTO-01/STRONG_DEV_PREDS.npz
6a58dc452b4923389367626e4aae8c874813da24596e0b3ad9c75c90e0449c05	14453687	experiments/LEBRE-V0.52-PROTO-01/TUNE_DEV11_REAL_PREDS.npz
d1b3627c79bbf4b383fd249719fa95731013f05ac67ef3688944079d8985f3bb	9632485	experiments/LEBRE-V0.52-PROTO-01/TUNE_DEV14_REAL_PREDS.npz
a570f92f8558ba20dea31a0365405fcf3bd96bba1104d91fd7149b3c88e3127f	24106946	experiments/LEBRE-V0.52-PROTO-01/TUNE_DEV1_REAL_PREDS.npz
b7f1ac26262abf1b732b1d5fcdddbee4a8d1799acec004a3de5a94990b150a56	24104002	experiments/LEBRE-V0.52-PROTO-01/TUNE_DEV2_REAL_PREDS.npz
4078a5b00d2d61bdedafdd80ae53b4c1377a4a96ecd1d1b57d73172248eb4415	14463522	experiments/LEBRE-V0.52-PROTO-01/TUNE_DEV3_REAL_PREDS.npz
3f0b00790115e5cb80c2a6a3027d9e5227bab5d2fa61951f28fc7a3bbea277e5	4820675	experiments/LEBRE-V0.52-PROTO-01/TUNE_DEV4_REAL_PREDS.npz
390e5114a5e99b52300c7f062f3e4f013383bf0c4949761a083d6480e955848c	14466791	experiments/LEBRE-V0.52-PROTO-01/TUNE_DEV5_REAL_PREDS.npz
780d88426cb940628220a82c814d81055e749deb6d4be6616548b59d1f1c7e6b	4821151	experiments/LEBRE-V0.52-PROTO-01/TUNE_DEV6_REAL_PREDS.npz
a4647e811c46ed6af4c749a02d4b401e6413a041f91ee54c5727b8980b59c9a7	4819298	experiments/LEBRE-V0.52-PROTO-01/TUNE_DEV7_REAL_PREDS.npz
01212e33343f52a4ef43b9ec949a54cfc7c37c200a169e18589acbc0cb055dfb	14456145	experiments/LEBRE-V0.52-PROTO-01/TUNE_DEV8_REAL_PREDS.npz
669c83665a89ee6984772ef383a08229a1ae761e4a0521b4e8eb50839f974bb8	11282124	experiments/PROMOTION-POLICY-01/PROMOTION_POLICY_01_EVENTS.csv
bae6a3d1667697ce750c3b13d6d26d80973ecedc2cc87bf04869e83447fd93ea	335571206	tools/gcc.zip
18bcf145422039e8702c3e5f9864c7787561bfd5deb7a3ee6e168ecf19e2b9db	106735414	tools/renode.zip
