task_id,seed,variant,phase,status,mean_flops,memory_bytes,param_count
D1_Single_Static_Delay,701,O0_ORACLE_SPARSE,DEV,SUCCESS,31.0,172,6
D1_Single_Static_Delay,701,O2_ORACLE_SUPPORT_LIFECYCLE,DEV,SUCCESS,31.0,152,6
D1_Single_Static_Delay,701,B1_LEBRE_NO_REC_BIRTH,DEV,SUCCESS,25.0,136,5
D1_Single_Static_Delay,701,B3_FIXED_DENSE_FIR,DEV,SUCCESS,80.0,240,20
D1_Single_Static_Delay,701,O1_FULL_DENSE_FIR,DEV,SUCCESS,660.0,1980,165
D1_Single_Static_Delay,702,O0_ORACLE_SPARSE,DEV,SUCCESS,31.0,176,6
D1_Single_Static_Delay,702,O2_ORACLE_SUPPORT_LIFECYCLE,DEV,SUCCESS,31.0,152,6
D1_Single_Static_Delay,702,B1_LEBRE_NO_REC_BIRTH,DEV,SUCCESS,25.0,136,5
D1_Single_Static_Delay,701,B4_VARIABLE_CONTIGUOUS_TAP_LENGTH,DEV,SUCCESS,220.50857142857143,1920,45
D1_Single_Static_Delay,702,B3_FIXED_DENSE_FIR,DEV,SUCCESS,80.0,240,20
D1_Single_Static_Delay,701,B7_PROPOSED_DYNAMIC_LAG_LIFECYCLE,DEV,SUCCESS,81.952,984,6
D1_Single_Static_Delay,701,B7_E0_MAGNITUDE_EVICTION,DEV,SUCCESS,81.952,984,6
D1_Single_Static_Delay,701,B0_LEBRE_FROZEN,DEV,SUCCESS,37.90685714285714,368,5
D1_Single_Static_Delay,701,B5_SPARSITY_REGULARIZED_FULL_DICTIONARY,DEV,SUCCESS,960.0,1920,0
D1_Single_Static_Delay,702,O1_FULL_DENSE_FIR,DEV,SUCCESS,660.0,1980,165
D1_Single_Static_Delay,703,O0_ORACLE_SPARSE,DEV,SUCCESS,31.0,180,6
D1_Single_Static_Delay,701,B6_PROPORTIONATE_SPARSE_ADAPTIVE_FILTER,DEV,SUCCESS,1280.0,2560,1
D1_Single_Static_Delay,703,O2_ORACLE_SUPPORT_LIFECYCLE,DEV,SUCCESS,31.0,152,6
D1_Single_Static_Delay,702,B4_VARIABLE_CONTIGUOUS_TAP_LENGTH,DEV,SUCCESS,141.75714285714287,1920,30
D1_Single_Static_Delay,703,B1_LEBRE_NO_REC_BIRTH,DEV,SUCCESS,25.0,136,5
D1_Single_Static_Delay,703,B3_FIXED_DENSE_FIR,DEV,SUCCESS,80.0,240,20
D1_Single_Static_Delay,702,B5_SPARSITY_REGULARIZED_FULL_DICTIONARY,DEV,SUCCESS,960.0,1920,0
D1_Single_Static_Delay,702,B7_PROPOSED_DYNAMIC_LAG_LIFECYCLE,DEV,SUCCESS,112.63028571428572,1356,9
D1_Single_Static_Delay,702,B0_LEBRE_FROZEN,DEV,SUCCESS,37.491142857142854,368,5
D1_Single_Static_Delay,702,B7_E0_MAGNITUDE_EVICTION,DEV,SUCCESS,112.63028571428572,1356,9
D1_Single_Static_Delay,704,O0_ORACLE_SPARSE,DEV,SUCCESS,31.0,184,6
D1_Single_Static_Delay,702,B6_PROPORTIONATE_SPARSE_ADAPTIVE_FILTER,DEV,SUCCESS,1280.0,2560,1
D1_Single_Static_Delay,703,O1_FULL_DENSE_FIR,DEV,SUCCESS,660.0,1980,165
D1_Single_Static_Delay,704,O2_ORACLE_SUPPORT_LIFECYCLE,DEV,SUCCESS,31.0,152,6
D1_Single_Static_Delay,703,B4_VARIABLE_CONTIGUOUS_TAP_LENGTH,DEV,SUCCESS,141.5257142857143,1920,25
D1_Single_Static_Delay,704,B1_LEBRE_NO_REC_BIRTH,DEV,SUCCESS,25.0,136,5
D1_Single_Static_Delay,703,B7_PROPOSED_DYNAMIC_LAG_LIFECYCLE,DEV,SUCCESS,102.76028571428571,1304,9
D1_Single_Static_Delay,703,B5_SPARSITY_REGULARIZED_FULL_DICTIONARY,DEV,SUCCESS,960.0,1920,0
D1_Single_Static_Delay,704,B3_FIXED_DENSE_FIR,DEV,SUCCESS,80.0,240,20
D1_Single_Static_Delay,703,B0_LEBRE_FROZEN,DEV,SUCCESS,38.086285714285715,368,5
D1_Single_Static_Delay,703,B7_E0_MAGNITUDE_EVICTION,DEV,SUCCESS,102.76028571428571,1304,9
D1_Single_Static_Delay,703,B6_PROPORTIONATE_SPARSE_ADAPTIVE_FILTER,DEV,SUCCESS,1280.0,2560,1
D1_Single_Static_Delay,704,O1_FULL_DENSE_FIR,DEV,SUCCESS,660.0,1980,165
D1_Single_Static_Delay,705,O2_ORACLE_SUPPORT_LIFECYCLE,DEV,SUCCESS,31.0,152,6
D1_Single_Static_Delay,705,O0_ORACLE_SPARSE,DEV,SUCCESS,31.0,188,6
D1_Single_Static_Delay,704,B4_VARIABLE_CONTIGUOUS_TAP_LENGTH,DEV,SUCCESS,133.43714285714285,1920,25
D1_Single_Static_Delay,705,B1_LEBRE_NO_REC_BIRTH,DEV,SUCCESS,25.0,136,5
D1_Single_Static_Delay,705,B3_FIXED_DENSE_FIR,DEV,SUCCESS,80.0,240,20
D1_Single_Static_Delay,704,B7_PROPOSED_DYNAMIC_LAG_LIFECYCLE,DEV,SUCCESS,112.36514285714286,1284,9
D1_Single_Static_Delay,704,B7_E0_MAGNITUDE_EVICTION,DEV,SUCCESS,112.36514285714286,1284,9
D1_Single_Static_Delay,704,B5_SPARSITY_REGULARIZED_FULL_DICTIONARY,DEV,SUCCESS,960.0,1920,0
D1_Single_Static_Delay,705,O1_FULL_DENSE_FIR,DEV,SUCCESS,660.0,1980,165
D1_Single_Static_Delay,704,B6_PROPORTIONATE_SPARSE_ADAPTIVE_FILTER,DEV,SUCCESS,1280.0,2560,1
D1_Single_Static_Delay,706,O0_ORACLE_SPARSE,DEV,SUCCESS,31.0,192,6
D1_Single_Static_Delay,706,O2_ORACLE_SUPPORT_LIFECYCLE,DEV,SUCCESS,31.0,152,6
D1_Single_Static_Delay,704,B0_LEBRE_FROZEN,DEV,SUCCESS,38.722857142857144,368,10
D1_Single_Static_Delay,705,B4_VARIABLE_CONTIGUOUS_TAP_LENGTH,DEV,SUCCESS,173.27428571428572,1920,35
D1_Single_Static_Delay,706,B1_LEBRE_NO_REC_BIRTH,DEV,SUCCESS,25.0,136,5
D1_Single_Static_Delay,706,B3_FIXED_DENSE_FIR,DEV,SUCCESS,80.0,240,20
D1_Single_Static_Delay,705,B7_PROPOSED_DYNAMIC_LAG_LIFECYCLE,DEV,SUCCESS,112.52685714285714,1252,9
D1_Single_Static_Delay,705,B0_LEBRE_FROZEN,DEV,SUCCESS,36.49514285714286,368,5
D1_Single_Static_Delay,705,B7_E0_MAGNITUDE_EVICTION,DEV,SUCCESS,112.52685714285714,1252,9
D1_Single_Static_Delay,705,B5_SPARSITY_REGULARIZED_FULL_DICTIONARY,DEV,SUCCESS,960.0,1920,0
D1_Single_Static_Delay,705,B6_PROPORTIONATE_SPARSE_ADAPTIVE_FILTER,DEV,SUCCESS,1280.0,2560,1
D1_Single_Static_Delay,707,O0_ORACLE_SPARSE,DEV,SUCCESS,31.0,196,6
D1_Single_Static_Delay,706,O1_FULL_DENSE_FIR,DEV,SUCCESS,660.0,1980,165
D1_Single_Static_Delay,707,O2_ORACLE_SUPPORT_LIFECYCLE,DEV,SUCCESS,31.0,152,6
D1_Single_Static_Delay,707,B1_LEBRE_NO_REC_BIRTH,DEV,SUCCESS,25.0,136,5
D1_Single_Static_Delay,706,B7_E0_MAGNITUDE_EVICTION,DEV,SUCCESS,92.25257142857143,1020,7
D1_Single_Static_Delay,706,B4_VARIABLE_CONTIGUOUS_TAP_LENGTH,DEV,SUCCESS,162.12,1920,30
D1_Single_Static_Delay,706,B7_PROPOSED_DYNAMIC_LAG_LIFECYCLE,DEV,SUCCESS,92.25257142857143,1020,7
D1_Single_Static_Delay,707,B3_FIXED_DENSE_FIR,DEV,SUCCESS,80.0,240,20
D1_Single_Static_Delay,706,B5_SPARSITY_REGULARIZED_FULL_DICTIONARY,DEV,SUCCESS,960.0,1920,0
D1_Single_Static_Delay,706,B0_LEBRE_FROZEN,DEV,SUCCESS,37.79,368,10
D1_Single_Static_Delay,706,B6_PROPORTIONATE_SPARSE_ADAPTIVE_FILTER,DEV,SUCCESS,1280.0,2560,1
D1_Single_Static_Delay,708,O0_ORACLE_SPARSE,DEV,SUCCESS,31.0,152,6
D1_Single_Static_Delay,707,O1_FULL_DENSE_FIR,DEV,SUCCESS,660.0,1980,165
D1_Single_Static_Delay,708,B1_LEBRE_NO_REC_BIRTH,DEV,SUCCESS,25.0,136,5
D1_Single_Static_Delay,708,O2_ORACLE_SUPPORT_LIFECYCLE,DEV,SUCCESS,31.0,152,6
D1_Single_Static_Delay,707,B4_VARIABLE_CONTIGUOUS_TAP_LENGTH,DEV,SUCCESS,160.5257142857143,1920,30
D1_Single_Static_Delay,707,B7_E0_MAGNITUDE_EVICTION,DEV,SUCCESS,91.61885714285714,1156,7
D1_Single_Static_Delay,707,B7_PROPOSED_DYNAMIC_LAG_LIFECYCLE,DEV,SUCCESS,91.61885714285714,1156,7
D1_Single_Static_Delay,708,B3_FIXED_DENSE_FIR,DEV,SUCCESS,80.0,240,20
D1_Single_Static_Delay,707,B6_PROPORTIONATE_SPARSE_ADAPTIVE_FILTER,DEV,SUCCESS,1280.0,2560,1
D1_Single_Static_Delay,707,B5_SPARSITY_REGULARIZED_FULL_DICTIONARY,DEV,SUCCESS,960.0,1920,0
D1_Single_Static_Delay,707,B0_LEBRE_FROZEN,DEV,SUCCESS,38.941428571428574,368,5
D1_Single_Static_Delay,709,O0_ORACLE_SPARSE,DEV,SUCCESS,31.0,156,6
D1_Single_Static_Delay,708,B4_VARIABLE_CONTIGUOUS_TAP_LENGTH,DEV,SUCCESS,126.06857142857143,1920,25
D1_Single_Static_Delay,709,B1_LEBRE_NO_REC_BIRTH,DEV,SUCCESS,25.0,136,5
D1_Single_Static_Delay,709,O2_ORACLE_SUPPORT_LIFECYCLE,DEV,SUCCESS,31.0,152,6
D1_Single_Static_Delay,708,O1_FULL_DENSE_FIR,DEV,SUCCESS,660.0,1980,165
D1_Single_Static_Delay,709,B3_FIXED_DENSE_FIR,DEV,SUCCESS,80.0,240,20
D1_Single_Static_Delay,708,B5_SPARSITY_REGULARIZED_FULL_DICTIONARY,DEV,SUCCESS,960.0,1920,0
D1_Single_Static_Delay,708,B7_E0_MAGNITUDE_EVICTION,DEV,SUCCESS,112.49714285714286,1232,9
D1_Single_Static_Delay,708,B7_PROPOSED_DYNAMIC_LAG_LIFECYCLE,DEV,SUCCESS,112.49714285714286,1232,9
D1_Single_Static_Delay,708,B0_LEBRE_FROZEN,DEV,SUCCESS,37.67142857142857,368,5
D1_Single_Static_Delay,709,O1_FULL_DENSE_FIR,DEV,SUCCESS,660.0,1980,165
D1_Single_Static_Delay,708,B6_PROPORTIONATE_SPARSE_ADAPTIVE_FILTER,DEV,SUCCESS,1280.0,2560,1
D1_Single_Static_Delay,710,O0_ORACLE_SPARSE,DEV,SUCCESS,31.0,160,6
D1_Single_Static_Delay,710,O2_ORACLE_SUPPORT_LIFECYCLE,DEV,SUCCESS,31.0,152,6
D1_Single_Static_Delay,710,B1_LEBRE_NO_REC_BIRTH,DEV,SUCCESS,25.0,136,5
D1_Single_Static_Delay,709,B4_VARIABLE_CONTIGUOUS_TAP_LENGTH,DEV,SUCCESS,144.2342857142857,1920,30
D1_Single_Static_Delay,710,B3_FIXED_DENSE_FIR,DEV,SUCCESS,80.0,240,20
D1_Single_Static_Delay,709,B7_PROPOSED_DYNAMIC_LAG_LIFECYCLE,DEV,SUCCESS,112.51885714285714,1228,9
D1_Single_Static_Delay,709,B7_E0_MAGNITUDE_EVICTION,DEV,SUCCESS,112.51885714285714,1228,9
D1_Single_Static_Delay,709,B0_LEBRE_FROZEN,DEV,SUCCESS,36.802285714285716,368,5
D1_Single_Static_Delay,710,O1_FULL_DENSE_FIR,DEV,SUCCESS,660.0,1980,165
D1_Single_Static_Delay,709,B5_SPARSITY_REGULARIZED_FULL_DICTIONARY,DEV,SUCCESS,960.0,1920,0
D2_Multi_Tap_Sparse_Delay,701,O0_ORACLE_SPARSE,DEV,SUCCESS,37.0,220,7
D1_Single_Static_Delay,709,B6_PROPORTIONATE_SPARSE_ADAPTIVE_FILTER,DEV,SUCCESS,1280.0,2560,1
D2_Multi_Tap_Sparse_Delay,701,O2_ORACLE_SUPPORT_LIFECYCLE,DEV,SUCCESS,37.0,184,7
D1_Single_Static_Delay,710,B4_VARIABLE_CONTIGUOUS_TAP_LENGTH,DEV,SUCCESS,165.2657142857143,1920,35
D2_Multi_Tap_Sparse_Delay,701,B1_LEBRE_NO_REC_BIRTH,DEV,SUCCESS,25.0,136,5
D1_Single_Static_Delay,710,B0_LEBRE_FROZEN,DEV,SUCCESS,37.93971428571429,368,5
D1_Single_Static_Delay,710,B5_SPARSITY_REGULARIZED_FULL_DICTIONARY,DEV,SUCCESS,960.0,1920,0
D1_Single_Static_Delay,710,B7_PROPOSED_DYNAMIC_LAG_LIFECYCLE,DEV,SUCCESS,113.26,1240,9
D2_Multi_Tap_Sparse_Delay,701,O1_FULL_DENSE_FIR,DEV,SUCCESS,660.0,1980,165
D1_Single_Static_Delay,710,B7_E0_MAGNITUDE_EVICTION,DEV,SUCCESS,113.26,1240,9
D2_Multi_Tap_Sparse_Delay,702,O0_ORACLE_SPARSE,DEV,SUCCESS,37.0,228,7
D2_Multi_Tap_Sparse_Delay,701,B3_FIXED_DENSE_FIR,DEV,SUCCESS,80.0,240,20
D1_Single_Static_Delay,710,B6_PROPORTIONATE_SPARSE_ADAPTIVE_FILTER,DEV,SUCCESS,1280.0,2560,1
D2_Multi_Tap_Sparse_Delay,702,B1_LEBRE_NO_REC_BIRTH,DEV,SUCCESS,25.0,136,5
D2_Multi_Tap_Sparse_Delay,701,B4_VARIABLE_CONTIGUOUS_TAP_LENGTH,DEV,SUCCESS,149.79714285714286,1920,30
D2_Multi_Tap_Sparse_Delay,702,O2_ORACLE_SUPPORT_LIFECYCLE,DEV,SUCCESS,37.0,184,7
D2_Multi_Tap_Sparse_Delay,702,B3_FIXED_DENSE_FIR,DEV,SUCCESS,80.0,240,20
D2_Multi_Tap_Sparse_Delay,701,B7_E0_MAGNITUDE_EVICTION,DEV,SUCCESS,112.40171428571429,1212,9
D2_Multi_Tap_Sparse_Delay,701,B7_PROPOSED_DYNAMIC_LAG_LIFECYCLE,DEV,SUCCESS,112.40171428571429,1212,9
D2_Multi_Tap_Sparse_Delay,701,B5_SPARSITY_REGULARIZED_FULL_DICTIONARY,DEV,SUCCESS,960.0,1920,0
D2_Multi_Tap_Sparse_Delay,701,B6_PROPORTIONATE_SPARSE_ADAPTIVE_FILTER,DEV,SUCCESS,1280.0,2560,2
D2_Multi_Tap_Sparse_Delay,702,O1_FULL_DENSE_FIR,DEV,SUCCESS,660.0,1980,165
D2_Multi_Tap_Sparse_Delay,701,B0_LEBRE_FROZEN,DEV,SUCCESS,37.59571428571429,368,5
D2_Multi_Tap_Sparse_Delay,703,O0_ORACLE_SPARSE,DEV,SUCCESS,37.0,236,7
D2_Multi_Tap_Sparse_Delay,702,B4_VARIABLE_CONTIGUOUS_TAP_LENGTH,DEV,SUCCESS,169.16571428571427,1920,35
D2_Multi_Tap_Sparse_Delay,703,O2_ORACLE_SUPPORT_LIFECYCLE,DEV,SUCCESS,37.0,184,7
D2_Multi_Tap_Sparse_Delay,703,B1_LEBRE_NO_REC_BIRTH,DEV,SUCCESS,25.0,136,5
D2_Multi_Tap_Sparse_Delay,702,B7_PROPOSED_DYNAMIC_LAG_LIFECYCLE,DEV,SUCCESS,112.49714285714286,1196,9
D2_Multi_Tap_Sparse_Delay,702,B0_LEBRE_FROZEN,DEV,SUCCESS,37.58657142857143,368,5
D2_Multi_Tap_Sparse_Delay,703,B3_FIXED_DENSE_FIR,DEV,SUCCESS,80.0,240,20
D2_Multi_Tap_Sparse_Delay,702,B7_E0_MAGNITUDE_EVICTION,DEV,SUCCESS,112.49714285714286,1196,9
D2_Multi_Tap_Sparse_Delay,702,B5_SPARSITY_REGULARIZED_FULL_DICTIONARY,DEV,SUCCESS,960.0,1920,0
D2_Multi_Tap_Sparse_Delay,702,B6_PROPORTIONATE_SPARSE_ADAPTIVE_FILTER,DEV,SUCCESS,1280.0,2560,2
D2_Multi_Tap_Sparse_Delay,703,O1_FULL_DENSE_FIR,DEV,SUCCESS,660.0,1980,165
D2_Multi_Tap_Sparse_Delay,704,O0_ORACLE_SPARSE,DEV,SUCCESS,37.0,212,7
D2_Multi_Tap_Sparse_Delay,704,O2_ORACLE_SUPPORT_LIFECYCLE,DEV,SUCCESS,37.0,184,7
D2_Multi_Tap_Sparse_Delay,704,B1_LEBRE_NO_REC_BIRTH,DEV,SUCCESS,25.0,136,5
D2_Multi_Tap_Sparse_Delay,703,B4_VARIABLE_CONTIGUOUS_TAP_LENGTH,DEV,SUCCESS,160.43142857142857,1920,30
D2_Multi_Tap_Sparse_Delay,704,B3_FIXED_DENSE_FIR,DEV,SUCCESS,80.0,240,20
D2_Multi_Tap_Sparse_Delay,703,B7_PROPOSED_DYNAMIC_LAG_LIFECYCLE,DEV,SUCCESS,97.11657142857143,1088,8
D2_Multi_Tap_Sparse_Delay,703,B7_E0_MAGNITUDE_EVICTION,DEV,SUCCESS,97.11657142857143,1088,8
D2_Multi_Tap_Sparse_Delay,703,B0_LEBRE_FROZEN,DEV,SUCCESS,36.99285714285714,368,5
D2_Multi_Tap_Sparse_Delay,704,O1_FULL_DENSE_FIR,DEV,SUCCESS,660.0,1980,165
D2_Multi_Tap_Sparse_Delay,703,B5_SPARSITY_REGULARIZED_FULL_DICTIONARY,DEV,SUCCESS,960.0,1920,0
D2_Multi_Tap_Sparse_Delay,705,O0_ORACLE_SPARSE,DEV,SUCCESS,37.0,220,7
D2_Multi_Tap_Sparse_Delay,703,B6_PROPORTIONATE_SPARSE_ADAPTIVE_FILTER,DEV,SUCCESS,1280.0,2560,2
D2_Multi_Tap_Sparse_Delay,705,O2_ORACLE_SUPPORT_LIFECYCLE,DEV,SUCCESS,37.0,184,7
D2_Multi_Tap_Sparse_Delay,704,B4_VARIABLE_CONTIGUOUS_TAP_LENGTH,DEV,SUCCESS,130.87714285714284,1920,25
D2_Multi_Tap_Sparse_Delay,705,B1_LEBRE_NO_REC_BIRTH,DEV,SUCCESS,25.0,136,5
D2_Multi_Tap_Sparse_Delay,704,B7_E0_MAGNITUDE_EVICTION,DEV,SUCCESS,112.73314285714285,1184,9
D2_Multi_Tap_Sparse_Delay,704,B7_PROPOSED_DYNAMIC_LAG_LIFECYCLE,DEV,SUCCESS,112.73314285714285,1184,9
D2_Multi_Tap_Sparse_Delay,704,B5_SPARSITY_REGULARIZED_FULL_DICTIONARY,DEV,SUCCESS,960.0,1920,0
D2_Multi_Tap_Sparse_Delay,705,B3_FIXED_DENSE_FIR,DEV,SUCCESS,80.0,240,20
D2_Multi_Tap_Sparse_Delay,704,B0_LEBRE_FROZEN,DEV,SUCCESS,38.484857142857145,368,5
D2_Multi_Tap_Sparse_Delay,704,B6_PROPORTIONATE_SPARSE_ADAPTIVE_FILTER,DEV,SUCCESS,1280.0,2560,2
D2_Multi_Tap_Sparse_Delay,705,O1_FULL_DENSE_FIR,DEV,SUCCESS,660.0,1980,165
D2_Multi_Tap_Sparse_Delay,706,O0_ORACLE_SPARSE,DEV,SUCCESS,37.0,228,7
D2_Multi_Tap_Sparse_Delay,705,B4_VARIABLE_CONTIGUOUS_TAP_LENGTH,DEV,SUCCESS,146.4257142857143,1920,30
D2_Multi_Tap_Sparse_Delay,706,O2_ORACLE_SUPPORT_LIFECYCLE,DEV,SUCCESS,37.0,184,7
D2_Multi_Tap_Sparse_Delay,706,B1_LEBRE_NO_REC_BIRTH,DEV,SUCCESS,25.0,136,5
D2_Multi_Tap_Sparse_Delay,705,B7_PROPOSED_DYNAMIC_LAG_LIFECYCLE,DEV,SUCCESS,99.24485714285714,1132,8
D2_Multi_Tap_Sparse_Delay,706,B3_FIXED_DENSE_FIR,DEV,SUCCESS,80.0,240,20
D2_Multi_Tap_Sparse_Delay,705,B5_SPARSITY_REGULARIZED_FULL_DICTIONARY,DEV,SUCCESS,960.0,1920,0
D2_Multi_Tap_Sparse_Delay,705,B7_E0_MAGNITUDE_EVICTION,DEV,SUCCESS,99.24485714285714,1132,8
D2_Multi_Tap_Sparse_Delay,705,B0_LEBRE_FROZEN,DEV,SUCCESS,36.92914285714286,368,5
D2_Multi_Tap_Sparse_Delay,706,O1_FULL_DENSE_FIR,DEV,SUCCESS,660.0,1980,165
D2_Multi_Tap_Sparse_Delay,707,O0_ORACLE_SPARSE,DEV,SUCCESS,37.0,236,7
D2_Multi_Tap_Sparse_Delay,705,B6_PROPORTIONATE_SPARSE_ADAPTIVE_FILTER,DEV,SUCCESS,1280.0,2560,2
D2_Multi_Tap_Sparse_Delay,707,O2_ORACLE_SUPPORT_LIFECYCLE,DEV,SUCCESS,37.0,184,7
D2_Multi_Tap_Sparse_Delay,707,B1_LEBRE_NO_REC_BIRTH,DEV,SUCCESS,25.0,136,5
D2_Multi_Tap_Sparse_Delay,706,B4_VARIABLE_CONTIGUOUS_TAP_LENGTH,DEV,SUCCESS,169.82285714285715,1920,35
D2_Multi_Tap_Sparse_Delay,707,B3_FIXED_DENSE_FIR,DEV,SUCCESS,80.0,240,20
D2_Multi_Tap_Sparse_Delay,706,B7_PROPOSED_DYNAMIC_LAG_LIFECYCLE,DEV,SUCCESS,112.368,1152,9
D2_Multi_Tap_Sparse_Delay,706,B5_SPARSITY_REGULARIZED_FULL_DICTIONARY,DEV,SUCCESS,960.0,1920,0
D2_Multi_Tap_Sparse_Delay,706,B7_E0_MAGNITUDE_EVICTION,DEV,SUCCESS,112.368,1152,9
D2_Multi_Tap_Sparse_Delay,706,B0_LEBRE_FROZEN,DEV,SUCCESS,37.522285714285715,368,10
D2_Multi_Tap_Sparse_Delay,706,B6_PROPORTIONATE_SPARSE_ADAPTIVE_FILTER,DEV,SUCCESS,1280.0,2560,2
D2_Multi_Tap_Sparse_Delay,708,O0_ORACLE_SPARSE,DEV,SUCCESS,37.0,212,7
D2_Multi_Tap_Sparse_Delay,707,O1_FULL_DENSE_FIR,DEV,SUCCESS,660.0,1980,165
D2_Multi_Tap_Sparse_Delay,708,B1_LEBRE_NO_REC_BIRTH,DEV,SUCCESS,25.0,136,5
D2_Multi_Tap_Sparse_Delay,708,O2_ORACLE_SUPPORT_LIFECYCLE,DEV,SUCCESS,37.0,184,7
D2_Multi_Tap_Sparse_Delay,707,B4_VARIABLE_CONTIGUOUS_TAP_LENGTH,DEV,SUCCESS,129.62285714285716,1920,25
D2_Multi_Tap_Sparse_Delay,708,B3_FIXED_DENSE_FIR,DEV,SUCCESS,80.0,240,20
D2_Multi_Tap_Sparse_Delay,707,B5_SPARSITY_REGULARIZED_FULL_DICTIONARY,DEV,SUCCESS,960.0,1920,0
D2_Multi_Tap_Sparse_Delay,708,O1_FULL_DENSE_FIR,DEV,SUCCESS,660.0,1980,165
D2_Multi_Tap_Sparse_Delay,707,B0_LEBRE_FROZEN,DEV,SUCCESS,36.67028571428571,368,5
D2_Multi_Tap_Sparse_Delay,707,B7_PROPOSED_DYNAMIC_LAG_LIFECYCLE,DEV,SUCCESS,112.228,1108,9
D2_Multi_Tap_Sparse_Delay,707,B6_PROPORTIONATE_SPARSE_ADAPTIVE_FILTER,DEV,SUCCESS,1280.0,2560,2
D2_Multi_Tap_Sparse_Delay,709,O0_ORACLE_SPARSE,DEV,SUCCESS,37.0,220,7
D2_Multi_Tap_Sparse_Delay,707,B7_E0_MAGNITUDE_EVICTION,DEV,SUCCESS,112.228,1108,9
D2_Multi_Tap_Sparse_Delay,709,O2_ORACLE_SUPPORT_LIFECYCLE,DEV,SUCCESS,37.0,184,7
D2_Multi_Tap_Sparse_Delay,709,B1_LEBRE_NO_REC_BIRTH,DEV,SUCCESS,25.0,136,5
D2_Multi_Tap_Sparse_Delay,708,B4_VARIABLE_CONTIGUOUS_TAP_LENGTH,DEV,SUCCESS,130.53714285714287,1920,25
D2_Multi_Tap_Sparse_Delay,708,B0_LEBRE_FROZEN,DEV,SUCCESS,37.60742857142857,368,5
D2_Multi_Tap_Sparse_Delay,708,B7_PROPOSED_DYNAMIC_LAG_LIFECYCLE,DEV,SUCCESS,104.80371428571429,1104,9
D2_Multi_Tap_Sparse_Delay,708,B5_SPARSITY_REGULARIZED_FULL_DICTIONARY,DEV,SUCCESS,960.0,1920,0
D2_Multi_Tap_Sparse_Delay,709,B3_FIXED_DENSE_FIR,DEV,SUCCESS,80.0,240,20
D2_Multi_Tap_Sparse_Delay,708,B7_E0_MAGNITUDE_EVICTION,DEV,SUCCESS,104.80371428571429,1104,9
D2_Multi_Tap_Sparse_Delay,709,O1_FULL_DENSE_FIR,DEV,SUCCESS,660.0,1980,165
D2_Multi_Tap_Sparse_Delay,708,B6_PROPORTIONATE_SPARSE_ADAPTIVE_FILTER,DEV,SUCCESS,1280.0,2560,2
D2_Multi_Tap_Sparse_Delay,710,O0_ORACLE_SPARSE,DEV,SUCCESS,37.0,228,7
D2_Multi_Tap_Sparse_Delay,709,B4_VARIABLE_CONTIGUOUS_TAP_LENGTH,DEV,SUCCESS,148.56,1920,30
D2_Multi_Tap_Sparse_Delay,710,B1_LEBRE_NO_REC_BIRTH,DEV,SUCCESS,25.0,136,5
D2_Multi_Tap_Sparse_Delay,710,O2_ORACLE_SUPPORT_LIFECYCLE,DEV,SUCCESS,37.0,184,7
D2_Multi_Tap_Sparse_Delay,710,B3_FIXED_DENSE_FIR,DEV,SUCCESS,80.0,240,20
D2_Multi_Tap_Sparse_Delay,709,B7_PROPOSED_DYNAMIC_LAG_LIFECYCLE,DEV,SUCCESS,92.41542857142858,1032,7
D2_Multi_Tap_Sparse_Delay,709,B0_LEBRE_FROZEN,DEV,SUCCESS,38.122,368,8
D2_Multi_Tap_Sparse_Delay,709,B5_SPARSITY_REGULARIZED_FULL_DICTIONARY,DEV,SUCCESS,960.0,1920,0
D2_Multi_Tap_Sparse_Delay,709,B7_E0_MAGNITUDE_EVICTION,DEV,SUCCESS,92.41542857142858,1032,7
D2_Multi_Tap_Sparse_Delay,710,O1_FULL_DENSE_FIR,DEV,SUCCESS,660.0,1980,165
D2_Multi_Tap_Sparse_Delay,709,B6_PROPORTIONATE_SPARSE_ADAPTIVE_FILTER,DEV,SUCCESS,1280.0,2560,2
D3_Widely_Separated_Support,701,O0_ORACLE_SPARSE,DEV,SUCCESS,37.0,280,7
D2_Multi_Tap_Sparse_Delay,710,B4_VARIABLE_CONTIGUOUS_TAP_LENGTH,DEV,SUCCESS,166.72571428571428,1920,30
D3_Widely_Separated_Support,701,O2_ORACLE_SUPPORT_LIFECYCLE,DEV,SUCCESS,37.0,184,7
D3_Widely_Separated_Support,701,B1_LEBRE_NO_REC_BIRTH,DEV,SUCCESS,25.0,136,5
D2_Multi_Tap_Sparse_Delay,710,B0_LEBRE_FROZEN,DEV,SUCCESS,37.63914285714286,368,5
D3_Widely_Separated_Support,701,B3_FIXED_DENSE_FIR,DEV,SUCCESS,80.0,240,20
D2_Multi_Tap_Sparse_Delay,710,B7_PROPOSED_DYNAMIC_LAG_LIFECYCLE,DEV,SUCCESS,112.57828571428571,1196,9
D2_Multi_Tap_Sparse_Delay,710,B7_E0_MAGNITUDE_EVICTION,DEV,SUCCESS,112.57828571428571,1196,9
D2_Multi_Tap_Sparse_Delay,710,B5_SPARSITY_REGULARIZED_FULL_DICTIONARY,DEV,SUCCESS,960.0,1920,0
D3_Widely_Separated_Support,701,O1_FULL_DENSE_FIR,DEV,SUCCESS,660.0,1980,165
D3_Widely_Separated_Support,702,O0_ORACLE_SPARSE,DEV,SUCCESS,37.0,280,7
D2_Multi_Tap_Sparse_Delay,710,B6_PROPORTIONATE_SPARSE_ADAPTIVE_FILTER,DEV,SUCCESS,1280.0,2560,2
D3_Widely_Separated_Support,702,B1_LEBRE_NO_REC_BIRTH,DEV,SUCCESS,25.0,136,5
D3_Widely_Separated_Support,702,O2_ORACLE_SUPPORT_LIFECYCLE,DEV,SUCCESS,37.0,184,7
D3_Widely_Separated_Support,701,B4_VARIABLE_CONTIGUOUS_TAP_LENGTH,DEV,SUCCESS,149.66,1920,30
D3_Widely_Separated_Support,701,B0_LEBRE_FROZEN,DEV,SUCCESS,38.867714285714285,368,8
D3_Widely_Separated_Support,702,B3_FIXED_DENSE_FIR,DEV,SUCCESS,80.0,240,20
D3_Widely_Separated_Support,701,B7_PROPOSED_DYNAMIC_LAG_LIFECYCLE,DEV,SUCCESS,112.36971428571428,1268,9
D3_Widely_Separated_Support,701,B7_E0_MAGNITUDE_EVICTION,DEV,SUCCESS,112.36971428571428,1268,9
D3_Widely_Separated_Support,701,B5_SPARSITY_REGULARIZED_FULL_DICTIONARY,DEV,SUCCESS,960.0,1920,0
D3_Widely_Separated_Support,702,O1_FULL_DENSE_FIR,DEV,SUCCESS,660.0,1980,165
D3_Widely_Separated_Support,701,B6_PROPORTIONATE_SPARSE_ADAPTIVE_FILTER,DEV,SUCCESS,1280.0,2560,2
D3_Widely_Separated_Support,703,O0_ORACLE_SPARSE,DEV,SUCCESS,37.0,280,7
D3_Widely_Separated_Support,703,O2_ORACLE_SUPPORT_LIFECYCLE,DEV,SUCCESS,37.0,184,7
D3_Widely_Separated_Support,703,B1_LEBRE_NO_REC_BIRTH,DEV,SUCCESS,25.0,136,5
D3_Widely_Separated_Support,702,B4_VARIABLE_CONTIGUOUS_TAP_LENGTH,DEV,SUCCESS,127.94857142857143,1920,25
D3_Widely_Separated_Support,702,B0_LEBRE_FROZEN,DEV,SUCCESS,38.735142857142854,368,5
D3_Widely_Separated_Support,702,B7_PROPOSED_DYNAMIC_LAG_LIFECYCLE,DEV,SUCCESS,112.88171428571428,1184,9
D3_Widely_Separated_Support,703,B3_FIXED_DENSE_FIR,DEV,SUCCESS,80.0,240,20
D3_Widely_Separated_Support,702,B7_E0_MAGNITUDE_EVICTION,DEV,SUCCESS,112.88171428571428,1184,9
D3_Widely_Separated_Support,702,B5_SPARSITY_REGULARIZED_FULL_DICTIONARY,DEV,SUCCESS,960.0,1920,0
D3_Widely_Separated_Support,703,O1_FULL_DENSE_FIR,DEV,SUCCESS,660.0,1980,165
D3_Widely_Separated_Support,702,B6_PROPORTIONATE_SPARSE_ADAPTIVE_FILTER,DEV,SUCCESS,1280.0,2560,2
D3_Widely_Separated_Support,704,O0_ORACLE_SPARSE,DEV,SUCCESS,37.0,280,7
D3_Widely_Separated_Support,704,B1_LEBRE_NO_REC_BIRTH,DEV,SUCCESS,25.0,136,5
D3_Widely_Separated_Support,704,O2_ORACLE_SUPPORT_LIFECYCLE,DEV,SUCCESS,37.0,184,7
D3_Widely_Separated_Support,703,B4_VARIABLE_CONTIGUOUS_TAP_LENGTH,DEV,SUCCESS,111.68571428571428,1920,20
D3_Widely_Separated_Support,703,B0_LEBRE_FROZEN,DEV,SUCCESS,37.761714285714284,368,8
D3_Widely_Separated_Support,704,B3_FIXED_DENSE_FIR,DEV,SUCCESS,80.0,240,20
D3_Widely_Separated_Support,703,B5_SPARSITY_REGULARIZED_FULL_DICTIONARY,DEV,SUCCESS,960.0,1920,0
D3_Widely_Separated_Support,703,B7_E0_MAGNITUDE_EVICTION,DEV,SUCCESS,112.99657142857143,1240,9
D3_Widely_Separated_Support,703,B7_PROPOSED_DYNAMIC_LAG_LIFECYCLE,DEV,SUCCESS,112.99657142857143,1240,9
D3_Widely_Separated_Support,703,B6_PROPORTIONATE_SPARSE_ADAPTIVE_FILTER,DEV,SUCCESS,1280.0,2560,2
D3_Widely_Separated_Support,704,O1_FULL_DENSE_FIR,DEV,SUCCESS,660.0,1980,165
D3_Widely_Separated_Support,705,O0_ORACLE_SPARSE,DEV,SUCCESS,37.0,280,7
D3_Widely_Separated_Support,705,B1_LEBRE_NO_REC_BIRTH,DEV,SUCCESS,25.0,136,5
D3_Widely_Separated_Support,705,O2_ORACLE_SUPPORT_LIFECYCLE,DEV,SUCCESS,37.0,184,7
D3_Widely_Separated_Support,704,B4_VARIABLE_CONTIGUOUS_TAP_LENGTH,DEV,SUCCESS,127.77428571428571,1920,25
D3_Widely_Separated_Support,705,B3_FIXED_DENSE_FIR,DEV,SUCCESS,80.0,240,20
D3_Widely_Separated_Support,704,B0_LEBRE_FROZEN,DEV,SUCCESS,38.88257142857143,368,10
D3_Widely_Separated_Support,704,B5_SPARSITY_REGULARIZED_FULL_DICTIONARY,DEV,SUCCESS,960.0,1920,0
D3_Widely_Separated_Support,704,B7_E0_MAGNITUDE_EVICTION,DEV,SUCCESS,112.70514285714286,1320,9
D3_Widely_Separated_Support,704,B7_PROPOSED_DYNAMIC_LAG_LIFECYCLE,DEV,SUCCESS,112.70514285714286,1320,9
D3_Widely_Separated_Support,705,O1_FULL_DENSE_FIR,DEV,SUCCESS,660.0,1980,165
D3_Widely_Separated_Support,704,B6_PROPORTIONATE_SPARSE_ADAPTIVE_FILTER,DEV,SUCCESS,1280.0,2560,2
D3_Widely_Separated_Support,706,O0_ORACLE_SPARSE,DEV,SUCCESS,37.0,280,7
D3_Widely_Separated_Support,705,B4_VARIABLE_CONTIGUOUS_TAP_LENGTH,DEV,SUCCESS,119.63142857142857,1920,25
D3_Widely_Separated_Support,706,B1_LEBRE_NO_REC_BIRTH,DEV,SUCCESS,25.0,136,5
D3_Widely_Separated_Support,706,O2_ORACLE_SUPPORT_LIFECYCLE,DEV,SUCCESS,37.0,184,7
D3_Widely_Separated_Support,706,B3_FIXED_DENSE_FIR,DEV,SUCCESS,80.0,240,20
D3_Widely_Separated_Support,705,B0_LEBRE_FROZEN,DEV,SUCCESS,38.516285714285715,368,5
D3_Widely_Separated_Support,705,B5_SPARSITY_REGULARIZED_FULL_DICTIONARY,DEV,SUCCESS,960.0,1920,0
D3_Widely_Separated_Support,705,B7_PROPOSED_DYNAMIC_LAG_LIFECYCLE,DEV,SUCCESS,112.90742857142857,1176,9
D3_Widely_Separated_Support,705,B7_E0_MAGNITUDE_EVICTION,DEV,SUCCESS,112.90742857142857,1176,9
D3_Widely_Separated_Support,706,O1_FULL_DENSE_FIR,DEV,SUCCESS,660.0,1980,165
D3_Widely_Separated_Support,705,B6_PROPORTIONATE_SPARSE_ADAPTIVE_FILTER,DEV,SUCCESS,1280.0,2560,2
D3_Widely_Separated_Support,707,O0_ORACLE_SPARSE,DEV,SUCCESS,37.0,280,7
D3_Widely_Separated_Support,707,B1_LEBRE_NO_REC_BIRTH,DEV,SUCCESS,25.0,136,5
D3_Widely_Separated_Support,706,B4_VARIABLE_CONTIGUOUS_TAP_LENGTH,DEV,SUCCESS,130.32,1920,25
D3_Widely_Separated_Support,707,O2_ORACLE_SUPPORT_LIFECYCLE,DEV,SUCCESS,37.0,184,7
D3_Widely_Separated_Support,706,B0_LEBRE_FROZEN,DEV,SUCCESS,38.442,368,10
D3_Widely_Separated_Support,706,B7_PROPOSED_DYNAMIC_LAG_LIFECYCLE,DEV,SUCCESS,112.72228571428572,1268,9
D3_Widely_Separated_Support,706,B7_E0_MAGNITUDE_EVICTION,DEV,SUCCESS,112.72228571428572,1268,9
D3_Widely_Separated_Support,707,O1_FULL_DENSE_FIR,DEV,SUCCESS,660.0,1980,165
D3_Widely_Separated_Support,707,B3_FIXED_DENSE_FIR,DEV,SUCCESS,80.0,240,20
D3_Widely_Separated_Support,706,B5_SPARSITY_REGULARIZED_FULL_DICTIONARY,DEV,SUCCESS,960.0,1920,0
D3_Widely_Separated_Support,706,B6_PROPORTIONATE_SPARSE_ADAPTIVE_FILTER,DEV,SUCCESS,1280.0,2560,2
D3_Widely_Separated_Support,708,O0_ORACLE_SPARSE,DEV,SUCCESS,37.0,280,7
D3_Widely_Separated_Support,708,O2_ORACLE_SUPPORT_LIFECYCLE,DEV,SUCCESS,37.0,184,7
D3_Widely_Separated_Support,708,B1_LEBRE_NO_REC_BIRTH,DEV,SUCCESS,25.0,136,5
D3_Widely_Separated_Support,707,B4_VARIABLE_CONTIGUOUS_TAP_LENGTH,DEV,SUCCESS,133.5,1920,25
D3_Widely_Separated_Support,707,B0_LEBRE_FROZEN,DEV,SUCCESS,38.236,368,8
D3_Widely_Separated_Support,707,B7_PROPOSED_DYNAMIC_LAG_LIFECYCLE,DEV,SUCCESS,112.06914285714285,1336,9
D3_Widely_Separated_Support,707,B7_E0_MAGNITUDE_EVICTION,DEV,SUCCESS,112.06914285714285,1336,9
D3_Widely_Separated_Support,708,B3_FIXED_DENSE_FIR,DEV,SUCCESS,80.0,240,20
D3_Widely_Separated_Support,707,B5_SPARSITY_REGULARIZED_FULL_DICTIONARY,DEV,SUCCESS,960.0,1920,0
D3_Widely_Separated_Support,708,O1_FULL_DENSE_FIR,DEV,SUCCESS,660.0,1980,165
D3_Widely_Separated_Support,707,B6_PROPORTIONATE_SPARSE_ADAPTIVE_FILTER,DEV,SUCCESS,1280.0,2560,2
D3_Widely_Separated_Support,709,O0_ORACLE_SPARSE,DEV,SUCCESS,37.0,280,7
D3_Widely_Separated_Support,708,B4_VARIABLE_CONTIGUOUS_TAP_LENGTH,DEV,SUCCESS,129.48857142857142,1920,25
D3_Widely_Separated_Support,709,O2_ORACLE_SUPPORT_LIFECYCLE,DEV,SUCCESS,37.0,184,7
D3_Widely_Separated_Support,709,B1_LEBRE_NO_REC_BIRTH,DEV,SUCCESS,25.0,136,5
D3_Widely_Separated_Support,708,B5_SPARSITY_REGULARIZED_FULL_DICTIONARY,DEV,SUCCESS,960.0,1920,0
D3_Widely_Separated_Support,708,B7_PROPOSED_DYNAMIC_LAG_LIFECYCLE,DEV,SUCCESS,110.378,1136,9
D3_Widely_Separated_Support,708,B7_E0_MAGNITUDE_EVICTION,DEV,SUCCESS,110.378,1136,9
D3_Widely_Separated_Support,709,B3_FIXED_DENSE_FIR,DEV,SUCCESS,80.0,240,20
D3_Widely_Separated_Support,708,B0_LEBRE_FROZEN,DEV,SUCCESS,38.174285714285716,368,10
D3_Widely_Separated_Support,710,O0_ORACLE_SPARSE,DEV,SUCCESS,37.0,280,7
D3_Widely_Separated_Support,708,B6_PROPORTIONATE_SPARSE_ADAPTIVE_FILTER,DEV,SUCCESS,1280.0,2560,2
D3_Widely_Separated_Support,709,O1_FULL_DENSE_FIR,DEV,SUCCESS,660.0,1980,165
D3_Widely_Separated_Support,709,B4_VARIABLE_CONTIGUOUS_TAP_LENGTH,DEV,SUCCESS,117.78571428571429,1920,25
D3_Widely_Separated_Support,710,B1_LEBRE_NO_REC_BIRTH,DEV,SUCCESS,25.0,136,5
D3_Widely_Separated_Support,710,O2_ORACLE_SUPPORT_LIFECYCLE,DEV,SUCCESS,37.0,184,7
D3_Widely_Separated_Support,709,B5_SPARSITY_REGULARIZED_FULL_DICTIONARY,DEV,SUCCESS,960.0,1920,0
D3_Widely_Separated_Support,709,B7_PROPOSED_DYNAMIC_LAG_LIFECYCLE,DEV,SUCCESS,113.10342857142857,1296,9
D3_Widely_Separated_Support,710,B3_FIXED_DENSE_FIR,DEV,SUCCESS,80.0,240,20
D3_Widely_Separated_Support,709,B0_LEBRE_FROZEN,DEV,SUCCESS,38.15057142857143,368,5
D3_Widely_Separated_Support,709,B7_E0_MAGNITUDE_EVICTION,DEV,SUCCESS,113.10342857142857,1296,9
D4_Abrupt_Support_Relocation,701,O0_ORACLE_SPARSE,DEV,SUCCESS,31.0,156,6
D3_Widely_Separated_Support,709,B6_PROPORTIONATE_SPARSE_ADAPTIVE_FILTER,DEV,SUCCESS,1280.0,2560,2
D3_Widely_Separated_Support,710,O1_FULL_DENSE_FIR,DEV,SUCCESS,660.0,1980,165
D3_Widely_Separated_Support,710,B4_VARIABLE_CONTIGUOUS_TAP_LENGTH,DEV,SUCCESS,117.88285714285715,1920,25
D4_Abrupt_Support_Relocation,701,O2_ORACLE_SUPPORT_LIFECYCLE,DEV,SUCCESS,31.0,152,6
D4_Abrupt_Support_Relocation,701,B1_LEBRE_NO_REC_BIRTH,DEV,SUCCESS,25.0,136,5
D4_Abrupt_Support_Relocation,701,B3_FIXED_DENSE_FIR,DEV,SUCCESS,80.0,240,20
D3_Widely_Separated_Support,710,B5_SPARSITY_REGULARIZED_FULL_DICTIONARY,DEV,SUCCESS,960.0,1920,0
D3_Widely_Separated_Support,710,B0_LEBRE_FROZEN,DEV,SUCCESS,38.34285714285714,368,5
D3_Widely_Separated_Support,710,B7_PROPOSED_DYNAMIC_LAG_LIFECYCLE,DEV,SUCCESS,113.216,1188,9
D3_Widely_Separated_Support,710,B7_E0_MAGNITUDE_EVICTION,DEV,SUCCESS,113.216,1188,9
D4_Abrupt_Support_Relocation,702,O0_ORACLE_SPARSE,DEV,SUCCESS,31.0,156,6
D4_Abrupt_Support_Relocation,701,O1_FULL_DENSE_FIR,DEV,SUCCESS,660.0,1980,165
D3_Widely_Separated_Support,710,B6_PROPORTIONATE_SPARSE_ADAPTIVE_FILTER,DEV,SUCCESS,1280.0,2560,2
D4_Abrupt_Support_Relocation,702,B1_LEBRE_NO_REC_BIRTH,DEV,SUCCESS,25.0,136,5
D4_Abrupt_Support_Relocation,702,O2_ORACLE_SUPPORT_LIFECYCLE,DEV,SUCCESS,31.0,152,6
D4_Abrupt_Support_Relocation,701,B4_VARIABLE_CONTIGUOUS_TAP_LENGTH,DEV,SUCCESS,163.11714285714285,1920,35
D4_Abrupt_Support_Relocation,702,B3_FIXED_DENSE_FIR,DEV,SUCCESS,80.0,240,20
D4_Abrupt_Support_Relocation,701,B7_E0_MAGNITUDE_EVICTION,DEV,SUCCESS,113.016,1236,9
D4_Abrupt_Support_Relocation,701,B7_PROPOSED_DYNAMIC_LAG_LIFECYCLE,DEV,SUCCESS,113.016,1236,9
D4_Abrupt_Support_Relocation,701,B0_LEBRE_FROZEN,DEV,SUCCESS,38.559714285714286,368,8
D4_Abrupt_Support_Relocation,701,B5_SPARSITY_REGULARIZED_FULL_DICTIONARY,DEV,SUCCESS,960.0,1920,0
D4_Abrupt_Support_Relocation,701,B6_PROPORTIONATE_SPARSE_ADAPTIVE_FILTER,DEV,SUCCESS,1280.0,2560,1
D4_Abrupt_Support_Relocation,703,O0_ORACLE_SPARSE,DEV,SUCCESS,31.0,156,6
D4_Abrupt_Support_Relocation,702,O1_FULL_DENSE_FIR,DEV,SUCCESS,660.0,1980,165
D4_Abrupt_Support_Relocation,703,O2_ORACLE_SUPPORT_LIFECYCLE,DEV,SUCCESS,31.0,152,6
D4_Abrupt_Support_Relocation,703,B1_LEBRE_NO_REC_BIRTH,DEV,SUCCESS,25.0,136,5
D4_Abrupt_Support_Relocation,702,B4_VARIABLE_CONTIGUOUS_TAP_LENGTH,DEV,SUCCESS,149.01714285714286,1920,30
D4_Abrupt_Support_Relocation,702,B0_LEBRE_FROZEN,DEV,SUCCESS,37.71485714285714,368,8
D4_Abrupt_Support_Relocation,703,B3_FIXED_DENSE_FIR,DEV,SUCCESS,80.0,240,20
D4_Abrupt_Support_Relocation,702,B7_E0_MAGNITUDE_EVICTION,DEV,SUCCESS,112.88114285714286,1220,9
D4_Abrupt_Support_Relocation,702,B7_PROPOSED_DYNAMIC_LAG_LIFECYCLE,DEV,SUCCESS,112.88114285714286,1220,9
D4_Abrupt_Support_Relocation,702,B5_SPARSITY_REGULARIZED_FULL_DICTIONARY,DEV,SUCCESS,960.0,1920,0
D4_Abrupt_Support_Relocation,703,O1_FULL_DENSE_FIR,DEV,SUCCESS,660.0,1980,165
D4_Abrupt_Support_Relocation,702,B6_PROPORTIONATE_SPARSE_ADAPTIVE_FILTER,DEV,SUCCESS,1280.0,2560,1
D4_Abrupt_Support_Relocation,704,O0_ORACLE_SPARSE,DEV,SUCCESS,31.0,156,6
D4_Abrupt_Support_Relocation,703,B4_VARIABLE_CONTIGUOUS_TAP_LENGTH,DEV,SUCCESS,153.11428571428573,1920,30
D4_Abrupt_Support_Relocation,704,O2_ORACLE_SUPPORT_LIFECYCLE,DEV,SUCCESS,31.0,152,6
D4_Abrupt_Support_Relocation,704,B1_LEBRE_NO_REC_BIRTH,DEV,SUCCESS,25.0,136,5
D4_Abrupt_Support_Relocation,704,B3_FIXED_DENSE_FIR,DEV,SUCCESS,80.0,240,20
D4_Abrupt_Support_Relocation,703,B7_PROPOSED_DYNAMIC_LAG_LIFECYCLE,DEV,SUCCESS,113.35485714285714,1212,9
D4_Abrupt_Support_Relocation,703,B0_LEBRE_FROZEN,DEV,SUCCESS,37.10171428571429,368,10
D4_Abrupt_Support_Relocation,703,B7_E0_MAGNITUDE_EVICTION,DEV,SUCCESS,113.35485714285714,1212,9
D4_Abrupt_Support_Relocation,703,B6_PROPORTIONATE_SPARSE_ADAPTIVE_FILTER,DEV,SUCCESS,1280.0,2560,1
D4_Abrupt_Support_Relocation,703,B5_SPARSITY_REGULARIZED_FULL_DICTIONARY,DEV,SUCCESS,960.0,1920,0
D4_Abrupt_Support_Relocation,704,O1_FULL_DENSE_FIR,DEV,SUCCESS,660.0,1980,165
D4_Abrupt_Support_Relocation,705,O0_ORACLE_SPARSE,DEV,SUCCESS,31.0,156,6
D4_Abrupt_Support_Relocation,705,O2_ORACLE_SUPPORT_LIFECYCLE,DEV,SUCCESS,31.0,152,6
D4_Abrupt_Support_Relocation,704,B4_VARIABLE_CONTIGUOUS_TAP_LENGTH,DEV,SUCCESS,169.56571428571428,1920,35
D4_Abrupt_Support_Relocation,705,B1_LEBRE_NO_REC_BIRTH,DEV,SUCCESS,25.0,136,5
D4_Abrupt_Support_Relocation,704,B5_SPARSITY_REGULARIZED_FULL_DICTIONARY,DEV,SUCCESS,960.0,1920,0
D4_Abrupt_Support_Relocation,704,B0_LEBRE_FROZEN,DEV,SUCCESS,38.473142857142854,368,5
D4_Abrupt_Support_Relocation,705,B3_FIXED_DENSE_FIR,DEV,SUCCESS,80.0,240,20
D4_Abrupt_Support_Relocation,704,B7_PROPOSED_DYNAMIC_LAG_LIFECYCLE,DEV,SUCCESS,113.33257142857143,1256,9
D4_Abrupt_Support_Relocation,704,B7_E0_MAGNITUDE_EVICTION,DEV,SUCCESS,113.33257142857143,1256,9
D4_Abrupt_Support_Relocation,704,B6_PROPORTIONATE_SPARSE_ADAPTIVE_FILTER,DEV,SUCCESS,1280.0,2560,1
D4_Abrupt_Support_Relocation,705,O1_FULL_DENSE_FIR,DEV,SUCCESS,660.0,1980,165
D4_Abrupt_Support_Relocation,706,O0_ORACLE_SPARSE,DEV,SUCCESS,31.0,156,6
D4_Abrupt_Support_Relocation,706,B1_LEBRE_NO_REC_BIRTH,DEV,SUCCESS,25.0,136,5
D4_Abrupt_Support_Relocation,706,O2_ORACLE_SUPPORT_LIFECYCLE,DEV,SUCCESS,31.0,152,6
D4_Abrupt_Support_Relocation,706,B3_FIXED_DENSE_FIR,DEV,SUCCESS,80.0,240,20
D4_Abrupt_Support_Relocation,705,B4_VARIABLE_CONTIGUOUS_TAP_LENGTH,DEV,SUCCESS,157.17714285714285,1920,30
D4_Abrupt_Support_Relocation,705,B7_PROPOSED_DYNAMIC_LAG_LIFECYCLE,DEV,SUCCESS,111.55057142857143,1172,9
D4_Abrupt_Support_Relocation,705,B5_SPARSITY_REGULARIZED_FULL_DICTIONARY,DEV,SUCCESS,960.0,1920,0
D4_Abrupt_Support_Relocation,705,B7_E0_MAGNITUDE_EVICTION,DEV,SUCCESS,111.55057142857143,1172,9
D4_Abrupt_Support_Relocation,705,B0_LEBRE_FROZEN,DEV,SUCCESS,37.86742857142857,368,5
D4_Abrupt_Support_Relocation,707,O0_ORACLE_SPARSE,DEV,SUCCESS,31.0,156,6
D4_Abrupt_Support_Relocation,705,B6_PROPORTIONATE_SPARSE_ADAPTIVE_FILTER,DEV,SUCCESS,1280.0,2560,1
D4_Abrupt_Support_Relocation,707,O2_ORACLE_SUPPORT_LIFECYCLE,DEV,SUCCESS,31.0,152,6
D4_Abrupt_Support_Relocation,706,O1_FULL_DENSE_FIR,DEV,SUCCESS,660.0,1980,165
D4_Abrupt_Support_Relocation,707,B1_LEBRE_NO_REC_BIRTH,DEV,SUCCESS,25.0,136,5
D4_Abrupt_Support_Relocation,707,B3_FIXED_DENSE_FIR,DEV,SUCCESS,80.0,240,20
D4_Abrupt_Support_Relocation,706,B7_PROPOSED_DYNAMIC_LAG_LIFECYCLE,DEV,SUCCESS,113.17542857142857,1192,9
D4_Abrupt_Support_Relocation,706,B0_LEBRE_FROZEN,DEV,SUCCESS,38.01685714285714,368,8
D4_Abrupt_Support_Relocation,706,B4_VARIABLE_CONTIGUOUS_TAP_LENGTH,DEV,SUCCESS,172.87428571428572,1920,35
D4_Abrupt_Support_Relocation,706,B5_SPARSITY_REGULARIZED_FULL_DICTIONARY,DEV,SUCCESS,960.0,1920,0
D4_Abrupt_Support_Relocation,706,B7_E0_MAGNITUDE_EVICTION,DEV,SUCCESS,113.17542857142857,1192,9
D4_Abrupt_Support_Relocation,707,O1_FULL_DENSE_FIR,DEV,SUCCESS,660.0,1980,165
D4_Abrupt_Support_Relocation,706,B6_PROPORTIONATE_SPARSE_ADAPTIVE_FILTER,DEV,SUCCESS,1280.0,2560,1
D4_Abrupt_Support_Relocation,708,O0_ORACLE_SPARSE,DEV,SUCCESS,31.0,156,6
D4_Abrupt_Support_Relocation,708,O2_ORACLE_SUPPORT_LIFECYCLE,DEV,SUCCESS,31.0,152,6
D4_Abrupt_Support_Relocation,708,B1_LEBRE_NO_REC_BIRTH,DEV,SUCCESS,25.0,136,5
D4_Abrupt_Support_Relocation,707,B5_SPARSITY_REGULARIZED_FULL_DICTIONARY,DEV,SUCCESS,960.0,1920,0
D4_Abrupt_Support_Relocation,707,B0_LEBRE_FROZEN,DEV,SUCCESS,37.154,368,5
D4_Abrupt_Support_Relocation,707,B7_PROPOSED_DYNAMIC_LAG_LIFECYCLE,DEV,SUCCESS,107.16114285714286,1352,9
D4_Abrupt_Support_Relocation,707,B7_E0_MAGNITUDE_EVICTION,DEV,SUCCESS,107.16114285714286,1352,9
D4_Abrupt_Support_Relocation,708,B3_FIXED_DENSE_FIR,DEV,SUCCESS,80.0,240,20
D4_Abrupt_Support_Relocation,707,B4_VARIABLE_CONTIGUOUS_TAP_LENGTH,DEV,SUCCESS,149.42857142857142,1920,30
D4_Abrupt_Support_Relocation,708,O1_FULL_DENSE_FIR,DEV,SUCCESS,660.0,1980,165
D4_Abrupt_Support_Relocation,709,O0_ORACLE_SPARSE,DEV,SUCCESS,31.0,156,6
D4_Abrupt_Support_Relocation,707,B6_PROPORTIONATE_SPARSE_ADAPTIVE_FILTER,DEV,SUCCESS,1280.0,2560,1
D4_Abrupt_Support_Relocation,708,B4_VARIABLE_CONTIGUOUS_TAP_LENGTH,DEV,SUCCESS,168.00571428571428,1920,35
D4_Abrupt_Support_Relocation,709,O2_ORACLE_SUPPORT_LIFECYCLE,DEV,SUCCESS,31.0,152,6
D4_Abrupt_Support_Relocation,708,B7_PROPOSED_DYNAMIC_LAG_LIFECYCLE,DEV,SUCCESS,113.39771428571429,1284,9
D4_Abrupt_Support_Relocation,709,B1_LEBRE_NO_REC_BIRTH,DEV,SUCCESS,25.0,136,5
D4_Abrupt_Support_Relocation,708,B7_E0_MAGNITUDE_EVICTION,DEV,SUCCESS,113.39771428571429,1284,9
D4_Abrupt_Support_Relocation,709,B3_FIXED_DENSE_FIR,DEV,SUCCESS,80.0,240,20
D4_Abrupt_Support_Relocation,708,B6_PROPORTIONATE_SPARSE_ADAPTIVE_FILTER,DEV,SUCCESS,1280.0,2560,1
D4_Abrupt_Support_Relocation,709,O1_FULL_DENSE_FIR,DEV,SUCCESS,660.0,1980,165
D4_Abrupt_Support_Relocation,710,O0_ORACLE_SPARSE,DEV,SUCCESS,31.0,156,6
D4_Abrupt_Support_Relocation,708,B5_SPARSITY_REGULARIZED_FULL_DICTIONARY,DEV,SUCCESS,960.0,1920,0
D4_Abrupt_Support_Relocation,709,B4_VARIABLE_CONTIGUOUS_TAP_LENGTH,DEV,SUCCESS,160.80285714285714,1920,30
D4_Abrupt_Support_Relocation,708,B0_LEBRE_FROZEN,DEV,SUCCESS,38.19714285714286,368,8
D4_Abrupt_Support_Relocation,709,B7_PROPOSED_DYNAMIC_LAG_LIFECYCLE,DEV,SUCCESS,112.66228571428572,1256,9
D4_Abrupt_Support_Relocation,709,B5_SPARSITY_REGULARIZED_FULL_DICTIONARY,DEV,SUCCESS,960.0,1920,0
D4_Abrupt_Support_Relocation,710,B3_FIXED_DENSE_FIR,DEV,SUCCESS,80.0,240,20
D4_Abrupt_Support_Relocation,710,O2_ORACLE_SUPPORT_LIFECYCLE,DEV,SUCCESS,31.0,152,6
D4_Abrupt_Support_Relocation,709,B7_E0_MAGNITUDE_EVICTION,DEV,SUCCESS,112.66228571428572,1256,9
D4_Abrupt_Support_Relocation,710,B1_LEBRE_NO_REC_BIRTH,DEV,SUCCESS,25.0,136,5
D4_Abrupt_Support_Relocation,709,B0_LEBRE_FROZEN,DEV,SUCCESS,37.76828571428572,368,10
D4_Abrupt_Support_Relocation,710,O1_FULL_DENSE_FIR,DEV,SUCCESS,660.0,1980,165
D4_Abrupt_Support_Relocation,709,B6_PROPORTIONATE_SPARSE_ADAPTIVE_FILTER,DEV,SUCCESS,1280.0,2560,1
D4_Abrupt_Support_Relocation,710,B4_VARIABLE_CONTIGUOUS_TAP_LENGTH,DEV,SUCCESS,173.6057142857143,1920,35
D5_Tap_Birth,701,O0_ORACLE_SPARSE,DEV,SUCCESS,25.0,120,5
D5_Tap_Birth,701,O2_ORACLE_SUPPORT_LIFECYCLE,DEV,SUCCESS,29.285714285714285,152,6
D5_Tap_Birth,701,B1_LEBRE_NO_REC_BIRTH,DEV,SUCCESS,25.0,136,5
D4_Abrupt_Support_Relocation,710,B7_PROPOSED_DYNAMIC_LAG_LIFECYCLE,DEV,SUCCESS,112.56142857142858,1160,9
D5_Tap_Birth,701,B3_FIXED_DENSE_FIR,DEV,SUCCESS,80.0,240,20
D4_Abrupt_Support_Relocation,710,B5_SPARSITY_REGULARIZED_FULL_DICTIONARY,DEV,SUCCESS,960.0,1920,0
D4_Abrupt_Support_Relocation,710,B7_E0_MAGNITUDE_EVICTION,DEV,SUCCESS,112.56142857142858,1160,9
D4_Abrupt_Support_Relocation,710,B0_LEBRE_FROZEN,DEV,SUCCESS,37.470571428571425,368,5
D5_Tap_Birth,701,B4_VARIABLE_CONTIGUOUS_TAP_LENGTH,DEV,SUCCESS,110.24285714285715,1920,20
D4_Abrupt_Support_Relocation,710,B6_PROPORTIONATE_SPARSE_ADAPTIVE_FILTER,DEV,SUCCESS,1280.0,2560,1
D5_Tap_Birth,702,O0_ORACLE_SPARSE,DEV,SUCCESS,25.0,120,5
D5_Tap_Birth,702,O2_ORACLE_SUPPORT_LIFECYCLE,DEV,SUCCESS,29.285714285714285,152,6
D5_Tap_Birth,702,B1_LEBRE_NO_REC_BIRTH,DEV,SUCCESS,25.0,136,5
D5_Tap_Birth,701,B7_PROPOSED_DYNAMIC_LAG_LIFECYCLE,DEV,SUCCESS,97.08542857142857,1240,9
D5_Tap_Birth,701,O1_FULL_DENSE_FIR,DEV,SUCCESS,660.0,1980,165
D5_Tap_Birth,701,B5_SPARSITY_REGULARIZED_FULL_DICTIONARY,DEV,SUCCESS,960.0,1920,0
D5_Tap_Birth,702,B3_FIXED_DENSE_FIR,DEV,SUCCESS,80.0,240,20
D5_Tap_Birth,701,B7_E0_MAGNITUDE_EVICTION,DEV,SUCCESS,97.08542857142857,1240,9
D5_Tap_Birth,701,B0_LEBRE_FROZEN,DEV,SUCCESS,35.52314285714286,368,5
D5_Tap_Birth,702,O1_FULL_DENSE_FIR,DEV,SUCCESS,660.0,1980,165
D5_Tap_Birth,703,O0_ORACLE_SPARSE,DEV,SUCCESS,25.0,120,5
D5_Tap_Birth,703,B1_LEBRE_NO_REC_BIRTH,DEV,SUCCESS,25.0,136,5
D5_Tap_Birth,703,B3_FIXED_DENSE_FIR,DEV,SUCCESS,80.0,240,20
D5_Tap_Birth,701,B6_PROPORTIONATE_SPARSE_ADAPTIVE_FILTER,DEV,SUCCESS,1280.0,2560,2
D5_Tap_Birth,703,O2_ORACLE_SUPPORT_LIFECYCLE,DEV,SUCCESS,29.285714285714285,152,6
D5_Tap_Birth,702,B4_VARIABLE_CONTIGUOUS_TAP_LENGTH,DEV,SUCCESS,113.90285714285714,1920,20
D5_Tap_Birth,702,B7_PROPOSED_DYNAMIC_LAG_LIFECYCLE,DEV,SUCCESS,98.65028571428572,1292,9
D5_Tap_Birth,702,B0_LEBRE_FROZEN,DEV,SUCCESS,37.72428571428571,240,5
D5_Tap_Birth,702,B5_SPARSITY_REGULARIZED_FULL_DICTIONARY,DEV,SUCCESS,960.0,1920,0
D5_Tap_Birth,703,O1_FULL_DENSE_FIR,DEV,SUCCESS,660.0,1980,165
D5_Tap_Birth,702,B6_PROPORTIONATE_SPARSE_ADAPTIVE_FILTER,DEV,SUCCESS,1280.0,2560,2
D5_Tap_Birth,704,O0_ORACLE_SPARSE,DEV,SUCCESS,25.0,120,5
D5_Tap_Birth,704,O2_ORACLE_SUPPORT_LIFECYCLE,DEV,SUCCESS,29.285714285714285,152,6
D5_Tap_Birth,702,B7_E0_MAGNITUDE_EVICTION,DEV,SUCCESS,98.65028571428572,1292,9
D5_Tap_Birth,704,B1_LEBRE_NO_REC_BIRTH,DEV,SUCCESS,25.0,136,5
D5_Tap_Birth,703,B7_PROPOSED_DYNAMIC_LAG_LIFECYCLE,DEV,SUCCESS,99.79171428571429,1332,9
D5_Tap_Birth,704,B3_FIXED_DENSE_FIR,DEV,SUCCESS,80.0,240,20
D5_Tap_Birth,703,B0_LEBRE_FROZEN,DEV,SUCCESS,37.55542857142857,368,5
D5_Tap_Birth,703,B7_E0_MAGNITUDE_EVICTION,DEV,SUCCESS,99.79171428571429,1332,9
D5_Tap_Birth,703,B5_SPARSITY_REGULARIZED_FULL_DICTIONARY,DEV,SUCCESS,960.0,1920,0
D5_Tap_Birth,703,B4_VARIABLE_CONTIGUOUS_TAP_LENGTH,DEV,SUCCESS,107.36285714285714,1920,20
D5_Tap_Birth,704,O1_FULL_DENSE_FIR,DEV,SUCCESS,660.0,1980,165
D5_Tap_Birth,705,B1_LEBRE_NO_REC_BIRTH,DEV,SUCCESS,25.0,136,5
D5_Tap_Birth,704,B4_VARIABLE_CONTIGUOUS_TAP_LENGTH,DEV,SUCCESS,114.39428571428572,1920,20
D5_Tap_Birth,705,O2_ORACLE_SUPPORT_LIFECYCLE,DEV,SUCCESS,29.285714285714285,152,6
D5_Tap_Birth,703,B6_PROPORTIONATE_SPARSE_ADAPTIVE_FILTER,DEV,SUCCESS,1280.0,2560,2
D5_Tap_Birth,705,O0_ORACLE_SPARSE,DEV,SUCCESS,25.0,120,5
D5_Tap_Birth,704,B7_PROPOSED_DYNAMIC_LAG_LIFECYCLE,DEV,SUCCESS,96.75542857142857,1304,9
D5_Tap_Birth,704,B0_LEBRE_FROZEN,DEV,SUCCESS,37.44285714285714,368,5
D5_Tap_Birth,704,B7_E0_MAGNITUDE_EVICTION,DEV,SUCCESS,96.75542857142857,1304,9
D5_Tap_Birth,704,B5_SPARSITY_REGULARIZED_FULL_DICTIONARY,DEV,SUCCESS,960.0,1920,0
D5_Tap_Birth,705,B3_FIXED_DENSE_FIR,DEV,SUCCESS,80.0,240,20
D5_Tap_Birth,704,B6_PROPORTIONATE_SPARSE_ADAPTIVE_FILTER,DEV,SUCCESS,1280.0,2560,2
D5_Tap_Birth,705,B4_VARIABLE_CONTIGUOUS_TAP_LENGTH,DEV,SUCCESS,116.16285714285715,1920,20
D5_Tap_Birth,706,O0_ORACLE_SPARSE,DEV,SUCCESS,25.0,120,5
D5_Tap_Birth,706,B1_LEBRE_NO_REC_BIRTH,DEV,SUCCESS,25.0,136,5
D5_Tap_Birth,706,O2_ORACLE_SUPPORT_LIFECYCLE,DEV,SUCCESS,29.285714285714285,152,6
D5_Tap_Birth,705,O1_FULL_DENSE_FIR,DEV,SUCCESS,660.0,1980,165
D5_Tap_Birth,705,B7_PROPOSED_DYNAMIC_LAG_LIFECYCLE,DEV,SUCCESS,97.65714285714286,1296,9
D5_Tap_Birth,705,B0_LEBRE_FROZEN,DEV,SUCCESS,37.18971428571429,368,8
D5_Tap_Birth,705,B7_E0_MAGNITUDE_EVICTION,DEV,SUCCESS,97.65714285714286,1296,9
D5_Tap_Birth,706,B3_FIXED_DENSE_FIR,DEV,SUCCESS,80.0,240,20
D5_Tap_Birth,706,O1_FULL_DENSE_FIR,DEV,SUCCESS,660.0,1980,165
D5_Tap_Birth,707,O0_ORACLE_SPARSE,DEV,SUCCESS,25.0,120,5
D5_Tap_Birth,705,B6_PROPORTIONATE_SPARSE_ADAPTIVE_FILTER,DEV,SUCCESS,1280.0,2560,2
D5_Tap_Birth,705,B5_SPARSITY_REGULARIZED_FULL_DICTIONARY,DEV,SUCCESS,960.0,1920,0
D5_Tap_Birth,706,B4_VARIABLE_CONTIGUOUS_TAP_LENGTH,DEV,SUCCESS,125.55142857142857,1920,20
D5_Tap_Birth,707,O2_ORACLE_SUPPORT_LIFECYCLE,DEV,SUCCESS,29.285714285714285,152,6
D5_Tap_Birth,707,B1_LEBRE_NO_REC_BIRTH,DEV,SUCCESS,25.0,136,5
D5_Tap_Birth,706,B7_PROPOSED_DYNAMIC_LAG_LIFECYCLE,DEV,SUCCESS,89.04314285714285,1104,7
D5_Tap_Birth,706,B7_E0_MAGNITUDE_EVICTION,DEV,SUCCESS,89.04314285714285,1104,7
D5_Tap_Birth,707,B3_FIXED_DENSE_FIR,DEV,SUCCESS,80.0,240,20
D5_Tap_Birth,706,B5_SPARSITY_REGULARIZED_FULL_DICTIONARY,DEV,SUCCESS,960.0,1920,0
D5_Tap_Birth,708,O0_ORACLE_SPARSE,DEV,SUCCESS,25.0,120,5
D5_Tap_Birth,707,O1_FULL_DENSE_FIR,DEV,SUCCESS,660.0,1980,165
D5_Tap_Birth,706,B6_PROPORTIONATE_SPARSE_ADAPTIVE_FILTER,DEV,SUCCESS,1280.0,2560,2
D5_Tap_Birth,708,O2_ORACLE_SUPPORT_LIFECYCLE,DEV,SUCCESS,29.285714285714285,152,6
D5_Tap_Birth,707,B4_VARIABLE_CONTIGUOUS_TAP_LENGTH,DEV,SUCCESS,110.56,1920,20
D5_Tap_Birth,706,B0_LEBRE_FROZEN,DEV,SUCCESS,37.032,368,5
D5_Tap_Birth,708,B1_LEBRE_NO_REC_BIRTH,DEV,SUCCESS,25.0,136,5
D5_Tap_Birth,707,B7_PROPOSED_DYNAMIC_LAG_LIFECYCLE,DEV,SUCCESS,97.508,1152,9
D5_Tap_Birth,708,B3_FIXED_DENSE_FIR,DEV,SUCCESS,80.0,240,20
D5_Tap_Birth,707,B5_SPARSITY_REGULARIZED_FULL_DICTIONARY,DEV,SUCCESS,960.0,1920,0
D5_Tap_Birth,707,B0_LEBRE_FROZEN,DEV,SUCCESS,36.39142857142857,368,5
D5_Tap_Birth,707,B7_E0_MAGNITUDE_EVICTION,DEV,SUCCESS,97.508,1152,9
D5_Tap_Birth,709,O0_ORACLE_SPARSE,DEV,SUCCESS,25.0,120,5
D5_Tap_Birth,708,O1_FULL_DENSE_FIR,DEV,SUCCESS,660.0,1980,165
D5_Tap_Birth,709,O2_ORACLE_SUPPORT_LIFECYCLE,DEV,SUCCESS,29.285714285714285,152,6
D5_Tap_Birth,707,B6_PROPORTIONATE_SPARSE_ADAPTIVE_FILTER,DEV,SUCCESS,1280.0,2560,2
D5_Tap_Birth,709,B1_LEBRE_NO_REC_BIRTH,DEV,SUCCESS,25.0,136,5
D5_Tap_Birth,709,B3_FIXED_DENSE_FIR,DEV,SUCCESS,80.0,240,20
D5_Tap_Birth,708,B4_VARIABLE_CONTIGUOUS_TAP_LENGTH,DEV,SUCCESS,125.14285714285714,1920,20
D5_Tap_Birth,708,B7_PROPOSED_DYNAMIC_LAG_LIFECYCLE,DEV,SUCCESS,102.11428571428571,1332,9
D5_Tap_Birth,708,B7_E0_MAGNITUDE_EVICTION,DEV,SUCCESS,102.11428571428571,1332,9
D5_Tap_Birth,709,O1_FULL_DENSE_FIR,DEV,SUCCESS,660.0,1980,165
D5_Tap_Birth,708,B5_SPARSITY_REGULARIZED_FULL_DICTIONARY,DEV,SUCCESS,960.0,1920,0
D5_Tap_Birth,708,B0_LEBRE_FROZEN,DEV,SUCCESS,35.78371428571428,368,5
D5_Tap_Birth,710,O0_ORACLE_SPARSE,DEV,SUCCESS,25.0,120,5
D5_Tap_Birth,708,B6_PROPORTIONATE_SPARSE_ADAPTIVE_FILTER,DEV,SUCCESS,1280.0,2560,2
D5_Tap_Birth,710,B1_LEBRE_NO_REC_BIRTH,DEV,SUCCESS,25.0,136,5
D5_Tap_Birth,709,B4_VARIABLE_CONTIGUOUS_TAP_LENGTH,DEV,SUCCESS,112.82285714285715,1920,20
D5_Tap_Birth,710,O2_ORACLE_SUPPORT_LIFECYCLE,DEV,SUCCESS,29.285714285714285,152,6
D5_Tap_Birth,709,B7_PROPOSED_DYNAMIC_LAG_LIFECYCLE,DEV,SUCCESS,96.02714285714286,1272,9
D5_Tap_Birth,710,B3_FIXED_DENSE_FIR,DEV,SUCCESS,80.0,240,20
D5_Tap_Birth,709,B7_E0_MAGNITUDE_EVICTION,DEV,SUCCESS,96.02714285714286,1272,9
D5_Tap_Birth,709,B5_SPARSITY_REGULARIZED_FULL_DICTIONARY,DEV,SUCCESS,960.0,1920,0
D5_Tap_Birth,709,B0_LEBRE_FROZEN,DEV,SUCCESS,36.60514285714286,368,5
D5_Tap_Birth,709,B6_PROPORTIONATE_SPARSE_ADAPTIVE_FILTER,DEV,SUCCESS,1280.0,2560,2
D5_Tap_Birth,710,O1_FULL_DENSE_FIR,DEV,SUCCESS,660.0,1980,165
D6_Tap_Death,701,O0_ORACLE_SPARSE,DEV,SUCCESS,31.0,172,6
D6_Tap_Death,701,O2_ORACLE_SUPPORT_LIFECYCLE,DEV,SUCCESS,26.714285714285715,152,5
D5_Tap_Birth,710,B4_VARIABLE_CONTIGUOUS_TAP_LENGTH,DEV,SUCCESS,119.26857142857143,1920,20
D6_Tap_Death,701,B1_LEBRE_NO_REC_BIRTH,DEV,SUCCESS,25.0,136,5
D5_Tap_Birth,710,B7_PROPOSED_DYNAMIC_LAG_LIFECYCLE,DEV,SUCCESS,96.07228571428571,1300,9
D6_Tap_Death,701,B3_FIXED_DENSE_FIR,DEV,SUCCESS,80.0,240,20
D5_Tap_Birth,710,B7_E0_MAGNITUDE_EVICTION,DEV,SUCCESS,96.07228571428571,1300,9
D5_Tap_Birth,710,B5_SPARSITY_REGULARIZED_FULL_DICTIONARY,DEV,SUCCESS,960.0,1920,0
D5_Tap_Birth,710,B0_LEBRE_FROZEN,DEV,SUCCESS,36.37285714285714,368,8
D6_Tap_Death,702,O0_ORACLE_SPARSE,DEV,SUCCESS,31.0,172,6
D6_Tap_Death,701,O1_FULL_DENSE_FIR,DEV,SUCCESS,660.0,1980,165
D5_Tap_Birth,710,B6_PROPORTIONATE_SPARSE_ADAPTIVE_FILTER,DEV,SUCCESS,1280.0,2560,2
D6_Tap_Death,702,O2_ORACLE_SUPPORT_LIFECYCLE,DEV,SUCCESS,26.714285714285715,152,5
D6_Tap_Death,701,B4_VARIABLE_CONTIGUOUS_TAP_LENGTH,DEV,SUCCESS,114.82285714285715,1920,25
D6_Tap_Death,702,B1_LEBRE_NO_REC_BIRTH,DEV,SUCCESS,25.0,136,5
D6_Tap_Death,701,B5_SPARSITY_REGULARIZED_FULL_DICTIONARY,DEV,SUCCESS,960.0,1920,0
D6_Tap_Death,702,B3_FIXED_DENSE_FIR,DEV,SUCCESS,80.0,240,20
D6_Tap_Death,702,O1_FULL_DENSE_FIR,DEV,SUCCESS,660.0,1980,165
D6_Tap_Death,701,B7_PROPOSED_DYNAMIC_LAG_LIFECYCLE,DEV,SUCCESS,113.07542857142857,1324,9
D6_Tap_Death,701,B0_LEBRE_FROZEN,DEV,SUCCESS,37.098285714285716,368,5
D6_Tap_Death,701,B7_E0_MAGNITUDE_EVICTION,DEV,SUCCESS,113.07542857142857,1324,9
D6_Tap_Death,703,O0_ORACLE_SPARSE,DEV,SUCCESS,31.0,172,6
D6_Tap_Death,701,B6_PROPORTIONATE_SPARSE_ADAPTIVE_FILTER,DEV,SUCCESS,1280.0,2560,0
D6_Tap_Death,703,O2_ORACLE_SUPPORT_LIFECYCLE,DEV,SUCCESS,26.714285714285715,152,5
D6_Tap_Death,703,B1_LEBRE_NO_REC_BIRTH,DEV,SUCCESS,25.0,136,5
D6_Tap_Death,702,B4_VARIABLE_CONTIGUOUS_TAP_LENGTH,DEV,SUCCESS,105.78,1920,20
D6_Tap_Death,703,B3_FIXED_DENSE_FIR,DEV,SUCCESS,80.0,240,20
D6_Tap_Death,702,B7_E0_MAGNITUDE_EVICTION,DEV,SUCCESS,112.61085714285714,1272,9
D6_Tap_Death,702,B5_SPARSITY_REGULARIZED_FULL_DICTIONARY,DEV,SUCCESS,960.0,1920,0
D6_Tap_Death,704,O0_ORACLE_SPARSE,DEV,SUCCESS,31.0,172,6
D6_Tap_Death,703,O1_FULL_DENSE_FIR,DEV,SUCCESS,660.0,1980,165
D6_Tap_Death,702,B0_LEBRE_FROZEN,DEV,SUCCESS,37.028,368,10
D6_Tap_Death,702,B7_PROPOSED_DYNAMIC_LAG_LIFECYCLE,DEV,SUCCESS,112.61085714285714,1272,9
D6_Tap_Death,702,B6_PROPORTIONATE_SPARSE_ADAPTIVE_FILTER,DEV,SUCCESS,1280.0,2560,1
D6_Tap_Death,704,O2_ORACLE_SUPPORT_LIFECYCLE,DEV,SUCCESS,26.714285714285715,152,5
D6_Tap_Death,704,B1_LEBRE_NO_REC_BIRTH,DEV,SUCCESS,25.0,136,5
D6_Tap_Death,703,B4_VARIABLE_CONTIGUOUS_TAP_LENGTH,DEV,SUCCESS,154.5142857142857,1920,30
D6_Tap_Death,703,B7_E0_MAGNITUDE_EVICTION,DEV,SUCCESS,112.51314285714285,1284,9
D6_Tap_Death,703,B7_PROPOSED_DYNAMIC_LAG_LIFECYCLE,DEV,SUCCESS,112.51314285714285,1284,9
D6_Tap_Death,703,B5_SPARSITY_REGULARIZED_FULL_DICTIONARY,DEV,SUCCESS,960.0,1920,0
D6_Tap_Death,704,B3_FIXED_DENSE_FIR,DEV,SUCCESS,80.0,240,20
D6_Tap_Death,703,B0_LEBRE_FROZEN,DEV,SUCCESS,36.70257142857143,368,5
D6_Tap_Death,704,O1_FULL_DENSE_FIR,DEV,SUCCESS,660.0,1980,165
D6_Tap_Death,705,O0_ORACLE_SPARSE,DEV,SUCCESS,31.0,172,6
D6_Tap_Death,703,B6_PROPORTIONATE_SPARSE_ADAPTIVE_FILTER,DEV,SUCCESS,1280.0,2560,0
D6_Tap_Death,705,O2_ORACLE_SUPPORT_LIFECYCLE,DEV,SUCCESS,26.714285714285715,152,5
D6_Tap_Death,705,B1_LEBRE_NO_REC_BIRTH,DEV,SUCCESS,25.0,136,5
D6_Tap_Death,704,B4_VARIABLE_CONTIGUOUS_TAP_LENGTH,DEV,SUCCESS,106.17428571428572,1920,25
D6_Tap_Death,704,B7_PROPOSED_DYNAMIC_LAG_LIFECYCLE,DEV,SUCCESS,84.654,1128,7
D6_Tap_Death,705,B3_FIXED_DENSE_FIR,DEV,SUCCESS,80.0,240,20
D6_Tap_Death,704,B7_E0_MAGNITUDE_EVICTION,DEV,SUCCESS,84.654,1128,7
D6_Tap_Death,704,B0_LEBRE_FROZEN,DEV,SUCCESS,35.68828571428571,368,5
D6_Tap_Death,704,B5_SPARSITY_REGULARIZED_FULL_DICTIONARY,DEV,SUCCESS,960.0,1920,0
D6_Tap_Death,706,O0_ORACLE_SPARSE,DEV,SUCCESS,31.0,172,6
D6_Tap_Death,705,O1_FULL_DENSE_FIR,DEV,SUCCESS,660.0,1980,165
D6_Tap_Death,705,B4_VARIABLE_CONTIGUOUS_TAP_LENGTH,DEV,SUCCESS,118.50285714285714,1920,25
D6_Tap_Death,706,O2_ORACLE_SUPPORT_LIFECYCLE,DEV,SUCCESS,26.714285714285715,152,5
D6_Tap_Death,704,B6_PROPORTIONATE_SPARSE_ADAPTIVE_FILTER,DEV,SUCCESS,1280.0,2560,0
D6_Tap_Death,706,B1_LEBRE_NO_REC_BIRTH,DEV,SUCCESS,25.0,136,5
D6_Tap_Death,705,B5_SPARSITY_REGULARIZED_FULL_DICTIONARY,DEV,SUCCESS,960.0,1920,0
D6_Tap_Death,706,B3_FIXED_DENSE_FIR,DEV,SUCCESS,80.0,240,20
D6_Tap_Death,705,B7_PROPOSED_DYNAMIC_LAG_LIFECYCLE,DEV,SUCCESS,112.42742857142858,1284,9
D6_Tap_Death,706,O1_FULL_DENSE_FIR,DEV,SUCCESS,660.0,1980,165
D6_Tap_Death,705,B7_E0_MAGNITUDE_EVICTION,DEV,SUCCESS,112.42742857142858,1284,9
D6_Tap_Death,707,O0_ORACLE_SPARSE,DEV,SUCCESS,31.0,172,6
D6_Tap_Death,705,B6_PROPORTIONATE_SPARSE_ADAPTIVE_FILTER,DEV,SUCCESS,1280.0,2560,1
D6_Tap_Death,707,O2_ORACLE_SUPPORT_LIFECYCLE,DEV,SUCCESS,26.714285714285715,152,5
D6_Tap_Death,705,B0_LEBRE_FROZEN,DEV,SUCCESS,35.89142857142857,368,5
D6_Tap_Death,706,B4_VARIABLE_CONTIGUOUS_TAP_LENGTH,DEV,SUCCESS,107.04,1920,20
D6_Tap_Death,707,B1_LEBRE_NO_REC_BIRTH,DEV,SUCCESS,25.0,136,5
D6_Tap_Death,707,B3_FIXED_DENSE_FIR,DEV,SUCCESS,80.0,240,20
D6_Tap_Death,706,B5_SPARSITY_REGULARIZED_FULL_DICTIONARY,DEV,SUCCESS,960.0,1920,0
D6_Tap_Death,706,B0_LEBRE_FROZEN,DEV,SUCCESS,36.44571428571429,240,5
D6_Tap_Death,706,B7_E0_MAGNITUDE_EVICTION,DEV,SUCCESS,112.98628571428571,1216,9
D6_Tap_Death,706,B7_PROPOSED_DYNAMIC_LAG_LIFECYCLE,DEV,SUCCESS,112.98628571428571,1216,9
D6_Tap_Death,708,O0_ORACLE_SPARSE,DEV,SUCCESS,31.0,172,6
D6_Tap_Death,707,O1_FULL_DENSE_FIR,DEV,SUCCESS,660.0,1980,165
D6_Tap_Death,708,O2_ORACLE_SUPPORT_LIFECYCLE,DEV,SUCCESS,26.714285714285715,152,5
D6_Tap_Death,706,B6_PROPORTIONATE_SPARSE_ADAPTIVE_FILTER,DEV,SUCCESS,1280.0,2560,0
D6_Tap_Death,707,B4_VARIABLE_CONTIGUOUS_TAP_LENGTH,DEV,SUCCESS,96.52285714285715,1920,20
D6_Tap_Death,708,B1_LEBRE_NO_REC_BIRTH,DEV,SUCCESS,25.0,136,5
D6_Tap_Death,707,B0_LEBRE_FROZEN,DEV,SUCCESS,37.26085714285714,368,8
D6_Tap_Death,708,B3_FIXED_DENSE_FIR,DEV,SUCCESS,80.0,240,20
D6_Tap_Death,707,B7_PROPOSED_DYNAMIC_LAG_LIFECYCLE,DEV,SUCCESS,112.86514285714286,1240,9
D6_Tap_Death,707,B7_E0_MAGNITUDE_EVICTION,DEV,SUCCESS,112.86514285714286,1240,9
D6_Tap_Death,708,O1_FULL_DENSE_FIR,DEV,SUCCESS,660.0,1980,165
D6_Tap_Death,707,B5_SPARSITY_REGULARIZED_FULL_DICTIONARY,DEV,SUCCESS,960.0,1920,0
D6_Tap_Death,709,O0_ORACLE_SPARSE,DEV,SUCCESS,31.0,172,6
D6_Tap_Death,709,O2_ORACLE_SUPPORT_LIFECYCLE,DEV,SUCCESS,26.714285714285715,152,5
D6_Tap_Death,707,B6_PROPORTIONATE_SPARSE_ADAPTIVE_FILTER,DEV,SUCCESS,1280.0,2560,0
D6_Tap_Death,709,B1_LEBRE_NO_REC_BIRTH,DEV,SUCCESS,25.0,136,5
D6_Tap_Death,708,B4_VARIABLE_CONTIGUOUS_TAP_LENGTH,DEV,SUCCESS,105.64857142857143,1920,20
D6_Tap_Death,708,B7_PROPOSED_DYNAMIC_LAG_LIFECYCLE,DEV,SUCCESS,113.11428571428571,1304,9
D6_Tap_Death,709,B3_FIXED_DENSE_FIR,DEV,SUCCESS,80.0,240,20
D6_Tap_Death,708,B7_E0_MAGNITUDE_EVICTION,DEV,SUCCESS,113.11428571428571,1304,9
D6_Tap_Death,708,B0_LEBRE_FROZEN,DEV,SUCCESS,36.319714285714284,368,5
D6_Tap_Death,708,B5_SPARSITY_REGULARIZED_FULL_DICTIONARY,DEV,SUCCESS,960.0,1920,0
D6_Tap_Death,709,O1_FULL_DENSE_FIR,DEV,SUCCESS,660.0,1980,165
D6_Tap_Death,710,O0_ORACLE_SPARSE,DEV,SUCCESS,31.0,172,6
D6_Tap_Death,708,B6_PROPORTIONATE_SPARSE_ADAPTIVE_FILTER,DEV,SUCCESS,1280.0,2560,0
D6_Tap_Death,710,O2_ORACLE_SUPPORT_LIFECYCLE,DEV,SUCCESS,26.714285714285715,152,5
D6_Tap_Death,709,B4_VARIABLE_CONTIGUOUS_TAP_LENGTH,DEV,SUCCESS,99.96,1920,20
D6_Tap_Death,710,B1_LEBRE_NO_REC_BIRTH,DEV,SUCCESS,25.0,136,5
D6_Tap_Death,709,B7_PROPOSED_DYNAMIC_LAG_LIFECYCLE,DEV,SUCCESS,112.42742857142858,1284,9
D6_Tap_Death,709,B5_SPARSITY_REGULARIZED_FULL_DICTIONARY,DEV,SUCCESS,960.0,1920,0
D6_Tap_Death,710,B3_FIXED_DENSE_FIR,DEV,SUCCESS,80.0,240,20
D6_Tap_Death,709,B0_LEBRE_FROZEN,DEV,SUCCESS,36.017714285714284,368,5
D6_Tap_Death,709,B7_E0_MAGNITUDE_EVICTION,DEV,SUCCESS,112.42742857142858,1284,9
D7_Quiescent_Tap,701,O0_ORACLE_SPARSE,DEV,SUCCESS,31.0,164,6
D6_Tap_Death,710,O1_FULL_DENSE_FIR,DEV,SUCCESS,660.0,1980,165
D6_Tap_Death,709,B6_PROPORTIONATE_SPARSE_ADAPTIVE_FILTER,DEV,SUCCESS,1280.0,2560,0
D7_Quiescent_Tap,701,O2_ORACLE_SUPPORT_LIFECYCLE,DEV,SUCCESS,31.0,152,6
D7_Quiescent_Tap,701,B1_LEBRE_NO_REC_BIRTH,DEV,SUCCESS,25.0,136,5
D6_Tap_Death,710,B4_VARIABLE_CONTIGUOUS_TAP_LENGTH,DEV,SUCCESS,93.18571428571428,1920,20
D7_Quiescent_Tap,701,B3_FIXED_DENSE_FIR,DEV,SUCCESS,80.0,240,20
D6_Tap_Death,710,B7_PROPOSED_DYNAMIC_LAG_LIFECYCLE,DEV,SUCCESS,92.09085714285715,1080,7
D6_Tap_Death,710,B7_E0_MAGNITUDE_EVICTION,DEV,SUCCESS,92.09085714285715,1080,7
D6_Tap_Death,710,B5_SPARSITY_REGULARIZED_FULL_DICTIONARY,DEV,SUCCESS,960.0,1920,0
D6_Tap_Death,710,B0_LEBRE_FROZEN,DEV,SUCCESS,37.263714285714286,368,8
D7_Quiescent_Tap,701,O1_FULL_DENSE_FIR,DEV,SUCCESS,660.0,1980,165
D7_Quiescent_Tap,702,O0_ORACLE_SPARSE,DEV,SUCCESS,31.0,164,6
D6_Tap_Death,710,B6_PROPORTIONATE_SPARSE_ADAPTIVE_FILTER,DEV,SUCCESS,1280.0,2560,0
D7_Quiescent_Tap,701,B4_VARIABLE_CONTIGUOUS_TAP_LENGTH,DEV,SUCCESS,114.68571428571428,1920,25
D7_Quiescent_Tap,702,O2_ORACLE_SUPPORT_LIFECYCLE,DEV,SUCCESS,31.0,152,6
D7_Quiescent_Tap,702,B1_LEBRE_NO_REC_BIRTH,DEV,SUCCESS,25.0,136,5
D7_Quiescent_Tap,702,B3_FIXED_DENSE_FIR,DEV,SUCCESS,80.0,240,20
D7_Quiescent_Tap,701,B7_E0_MAGNITUDE_EVICTION,DEV,SUCCESS,109.07257142857142,1144,9
D7_Quiescent_Tap,701,B7_PROPOSED_DYNAMIC_LAG_LIFECYCLE,DEV,SUCCESS,109.07257142857142,1144,9
D7_Quiescent_Tap,702,O1_FULL_DENSE_FIR,DEV,SUCCESS,660.0,1980,165
D7_Quiescent_Tap,701,B5_SPARSITY_REGULARIZED_FULL_DICTIONARY,DEV,SUCCESS,960.0,1920,0
D7_Quiescent_Tap,703,O0_ORACLE_SPARSE,DEV,SUCCESS,31.0,164,6
D7_Quiescent_Tap,701,B0_LEBRE_FROZEN,DEV,SUCCESS,34.96057142857143,368,5
D7_Quiescent_Tap,701,B6_PROPORTIONATE_SPARSE_ADAPTIVE_FILTER,DEV,SUCCESS,1280.0,2560,1
D7_Quiescent_Tap,703,O2_ORACLE_SUPPORT_LIFECYCLE,DEV,SUCCESS,31.0,152,6
D7_Quiescent_Tap,702,B4_VARIABLE_CONTIGUOUS_TAP_LENGTH,DEV,SUCCESS,184.40857142857143,1920,35
D7_Quiescent_Tap,703,B1_LEBRE_NO_REC_BIRTH,DEV,SUCCESS,25.0,136,5
D7_Quiescent_Tap,702,B7_E0_MAGNITUDE_EVICTION,DEV,SUCCESS,102.44457142857142,1184,8
D7_Quiescent_Tap,702,B7_PROPOSED_DYNAMIC_LAG_LIFECYCLE,DEV,SUCCESS,112.40742857142857,1276,9
D7_Quiescent_Tap,703,B3_FIXED_DENSE_FIR,DEV,SUCCESS,80.0,240,20
D7_Quiescent_Tap,702,B5_SPARSITY_REGULARIZED_FULL_DICTIONARY,DEV,SUCCESS,960.0,1920,0
D7_Quiescent_Tap,702,B0_LEBRE_FROZEN,DEV,SUCCESS,35.06485714285714,368,5
D7_Quiescent_Tap,703,O1_FULL_DENSE_FIR,DEV,SUCCESS,660.0,1980,165
D7_Quiescent_Tap,704,O0_ORACLE_SPARSE,DEV,SUCCESS,31.0,164,6
D7_Quiescent_Tap,702,B6_PROPORTIONATE_SPARSE_ADAPTIVE_FILTER,DEV,SUCCESS,1280.0,2560,1
D7_Quiescent_Tap,704,O2_ORACLE_SUPPORT_LIFECYCLE,DEV,SUCCESS,31.0,152,6
D7_Quiescent_Tap,704,B1_LEBRE_NO_REC_BIRTH,DEV,SUCCESS,25.0,136,5
D7_Quiescent_Tap,703,B4_VARIABLE_CONTIGUOUS_TAP_LENGTH,DEV,SUCCESS,183.1942857142857,1920,35
D7_Quiescent_Tap,703,B7_E0_MAGNITUDE_EVICTION,DEV,SUCCESS,111.92685714285714,1156,9
D7_Quiescent_Tap,703,B7_PROPOSED_DYNAMIC_LAG_LIFECYCLE,DEV,SUCCESS,111.92685714285714,1156,9
D7_Quiescent_Tap,704,B3_FIXED_DENSE_FIR,DEV,SUCCESS,80.0,240,20
D7_Quiescent_Tap,703,B5_SPARSITY_REGULARIZED_FULL_DICTIONARY,DEV,SUCCESS,960.0,1920,0
D7_Quiescent_Tap,703,B0_LEBRE_FROZEN,DEV,SUCCESS,36.24028571428571,368,5
D7_Quiescent_Tap,703,B6_PROPORTIONATE_SPARSE_ADAPTIVE_FILTER,DEV,SUCCESS,1280.0,2560,1
D7_Quiescent_Tap,704,O1_FULL_DENSE_FIR,DEV,SUCCESS,660.0,1980,165
D7_Quiescent_Tap,705,O0_ORACLE_SPARSE,DEV,SUCCESS,31.0,164,6
D7_Quiescent_Tap,704,B4_VARIABLE_CONTIGUOUS_TAP_LENGTH,DEV,SUCCESS,183.27428571428572,1920,40
D7_Quiescent_Tap,705,O2_ORACLE_SUPPORT_LIFECYCLE,DEV,SUCCESS,31.0,152,6
D7_Quiescent_Tap,705,B1_LEBRE_NO_REC_BIRTH,DEV,SUCCESS,25.0,136,5
D7_Quiescent_Tap,705,B3_FIXED_DENSE_FIR,DEV,SUCCESS,80.0,240,20
D7_Quiescent_Tap,704,B7_PROPOSED_DYNAMIC_LAG_LIFECYCLE,DEV,SUCCESS,112.48971428571429,1224,9
D7_Quiescent_Tap,704,B5_SPARSITY_REGULARIZED_FULL_DICTIONARY,DEV,SUCCESS,960.0,1920,0
D7_Quiescent_Tap,704,B7_E0_MAGNITUDE_EVICTION,DEV,SUCCESS,112.48971428571429,1224,9
D7_Quiescent_Tap,704,B0_LEBRE_FROZEN,DEV,SUCCESS,35.077714285714286,368,5
D7_Quiescent_Tap,704,B6_PROPORTIONATE_SPARSE_ADAPTIVE_FILTER,DEV,SUCCESS,1280.0,2560,1
D7_Quiescent_Tap,706,O0_ORACLE_SPARSE,DEV,SUCCESS,31.0,164,6
D7_Quiescent_Tap,705,O1_FULL_DENSE_FIR,DEV,SUCCESS,660.0,1980,165
D7_Quiescent_Tap,706,O2_ORACLE_SUPPORT_LIFECYCLE,DEV,SUCCESS,31.0,152,6
D7_Quiescent_Tap,705,B4_VARIABLE_CONTIGUOUS_TAP_LENGTH,DEV,SUCCESS,132.38,1920,25
D7_Quiescent_Tap,706,B1_LEBRE_NO_REC_BIRTH,DEV,SUCCESS,25.0,136,5
D7_Quiescent_Tap,706,B3_FIXED_DENSE_FIR,DEV,SUCCESS,80.0,240,20
D7_Quiescent_Tap,705,B7_PROPOSED_DYNAMIC_LAG_LIFECYCLE,DEV,SUCCESS,112.37657142857142,1284,9
D7_Quiescent_Tap,705,B5_SPARSITY_REGULARIZED_FULL_DICTIONARY,DEV,SUCCESS,960.0,1920,0
D7_Quiescent_Tap,706,O1_FULL_DENSE_FIR,DEV,SUCCESS,660.0,1980,165
D7_Quiescent_Tap,705,B0_LEBRE_FROZEN,DEV,SUCCESS,34.762,368,5
D7_Quiescent_Tap,705,B7_E0_MAGNITUDE_EVICTION,DEV,SUCCESS,112.37657142857142,1284,9
D7_Quiescent_Tap,707,O0_ORACLE_SPARSE,DEV,SUCCESS,31.0,164,6
D7_Quiescent_Tap,705,B6_PROPORTIONATE_SPARSE_ADAPTIVE_FILTER,DEV,SUCCESS,1280.0,2560,1
D7_Quiescent_Tap,707,O2_ORACLE_SUPPORT_LIFECYCLE,DEV,SUCCESS,31.0,152,6
D7_Quiescent_Tap,707,B1_LEBRE_NO_REC_BIRTH,DEV,SUCCESS,25.0,136,5
D7_Quiescent_Tap,706,B4_VARIABLE_CONTIGUOUS_TAP_LENGTH,DEV,SUCCESS,183.9142857142857,1920,35
D7_Quiescent_Tap,706,B5_SPARSITY_REGULARIZED_FULL_DICTIONARY,DEV,SUCCESS,960.0,1920,0
D7_Quiescent_Tap,707,B3_FIXED_DENSE_FIR,DEV,SUCCESS,80.0,240,20
D7_Quiescent_Tap,706,B0_LEBRE_FROZEN,DEV,SUCCESS,34.969142857142856,368,5
D7_Quiescent_Tap,706,B7_PROPOSED_DYNAMIC_LAG_LIFECYCLE,DEV,SUCCESS,112.57828571428571,1240,9
D7_Quiescent_Tap,706,B7_E0_MAGNITUDE_EVICTION,DEV,SUCCESS,112.57828571428571,1240,9
D7_Quiescent_Tap,708,O0_ORACLE_SPARSE,DEV,SUCCESS,31.0,164,6
D7_Quiescent_Tap,707,O1_FULL_DENSE_FIR,DEV,SUCCESS,660.0,1980,165
D7_Quiescent_Tap,706,B6_PROPORTIONATE_SPARSE_ADAPTIVE_FILTER,DEV,SUCCESS,1280.0,2560,1
D7_Quiescent_Tap,708,O2_ORACLE_SUPPORT_LIFECYCLE,DEV,SUCCESS,31.0,152,6
D7_Quiescent_Tap,708,B1_LEBRE_NO_REC_BIRTH,DEV,SUCCESS,25.0,136,5
D7_Quiescent_Tap,707,B4_VARIABLE_CONTIGUOUS_TAP_LENGTH,DEV,SUCCESS,134.27428571428572,1920,25
D7_Quiescent_Tap,707,B7_PROPOSED_DYNAMIC_LAG_LIFECYCLE,DEV,SUCCESS,112.50971428571428,1240,9
D7_Quiescent_Tap,707,B7_E0_MAGNITUDE_EVICTION,DEV,SUCCESS,112.50971428571428,1240,9
D7_Quiescent_Tap,708,B3_FIXED_DENSE_FIR,DEV,SUCCESS,80.0,240,20
D7_Quiescent_Tap,707,B5_SPARSITY_REGULARIZED_FULL_DICTIONARY,DEV,SUCCESS,960.0,1920,0
D7_Quiescent_Tap,707,B0_LEBRE_FROZEN,DEV,SUCCESS,34.807428571428574,368,5
D7_Quiescent_Tap,709,O0_ORACLE_SPARSE,DEV,SUCCESS,31.0,164,6
D7_Quiescent_Tap,708,O1_FULL_DENSE_FIR,DEV,SUCCESS,660.0,1980,165
D7_Quiescent_Tap,707,B6_PROPORTIONATE_SPARSE_ADAPTIVE_FILTER,DEV,SUCCESS,1280.0,2560,1
D7_Quiescent_Tap,709,O2_ORACLE_SUPPORT_LIFECYCLE,DEV,SUCCESS,31.0,152,6
D7_Quiescent_Tap,709,B1_LEBRE_NO_REC_BIRTH,DEV,SUCCESS,25.0,136,5
D7_Quiescent_Tap,708,B4_VARIABLE_CONTIGUOUS_TAP_LENGTH,DEV,SUCCESS,186.25142857142856,1920,40
D7_Quiescent_Tap,709,B3_FIXED_DENSE_FIR,DEV,SUCCESS,80.0,240,20
D7_Quiescent_Tap,708,B5_SPARSITY_REGULARIZED_FULL_DICTIONARY,DEV,SUCCESS,960.0,1920,0
D7_Quiescent_Tap,708,B7_PROPOSED_DYNAMIC_LAG_LIFECYCLE,DEV,SUCCESS,107.25057142857143,1180,9
D7_Quiescent_Tap,708,B7_E0_MAGNITUDE_EVICTION,DEV,SUCCESS,107.25057142857143,1180,9
D7_Quiescent_Tap,708,B0_LEBRE_FROZEN,DEV,SUCCESS,34.37685714285714,368,8
D7_Quiescent_Tap,709,O1_FULL_DENSE_FIR,DEV,SUCCESS,660.0,1980,165
D7_Quiescent_Tap,710,O0_ORACLE_SPARSE,DEV,SUCCESS,31.0,164,6
D7_Quiescent_Tap,708,B6_PROPORTIONATE_SPARSE_ADAPTIVE_FILTER,DEV,SUCCESS,1280.0,2560,1
D7_Quiescent_Tap,709,B4_VARIABLE_CONTIGUOUS_TAP_LENGTH,DEV,SUCCESS,182.70857142857142,1920,35
D7_Quiescent_Tap,710,O2_ORACLE_SUPPORT_LIFECYCLE,DEV,SUCCESS,31.0,152,6
D7_Quiescent_Tap,710,B1_LEBRE_NO_REC_BIRTH,DEV,SUCCESS,25.0,136,5
D7_Quiescent_Tap,709,B5_SPARSITY_REGULARIZED_FULL_DICTIONARY,DEV,SUCCESS,960.0,1920,0
D7_Quiescent_Tap,710,B3_FIXED_DENSE_FIR,DEV,SUCCESS,80.0,240,20
D7_Quiescent_Tap,709,B7_PROPOSED_DYNAMIC_LAG_LIFECYCLE,DEV,SUCCESS,112.71085714285714,1252,9
D7_Quiescent_Tap,709,B7_E0_MAGNITUDE_EVICTION,DEV,SUCCESS,106.92285714285714,1284,9
D7_Quiescent_Tap,709,B0_LEBRE_FROZEN,DEV,SUCCESS,34.19857142857143,368,10
D7_Quiescent_Tap,710,O1_FULL_DENSE_FIR,DEV,SUCCESS,660.0,1980,165
D7_Quiescent_Tap,709,B6_PROPORTIONATE_SPARSE_ADAPTIVE_FILTER,DEV,SUCCESS,1280.0,2560,1
D8_Amplitude_Drift,701,O0_ORACLE_SPARSE,DEV,SUCCESS,31.0,160,6
D8_Amplitude_Drift,701,O2_ORACLE_SUPPORT_LIFECYCLE,DEV,SUCCESS,31.0,152,6
D7_Quiescent_Tap,710,B4_VARIABLE_CONTIGUOUS_TAP_LENGTH,DEV,SUCCESS,116.58857142857143,1920,25
D8_Amplitude_Drift,701,B1_LEBRE_NO_REC_BIRTH,DEV,SUCCESS,25.0,136,5
D7_Quiescent_Tap,710,B7_PROPOSED_DYNAMIC_LAG_LIFECYCLE,DEV,SUCCESS,112.976,1200,9
D7_Quiescent_Tap,710,B5_SPARSITY_REGULARIZED_FULL_DICTIONARY,DEV,SUCCESS,960.0,1920,0
D7_Quiescent_Tap,710,B0_LEBRE_FROZEN,DEV,SUCCESS,35.336,368,5
D8_Amplitude_Drift,701,B3_FIXED_DENSE_FIR,DEV,SUCCESS,80.0,240,20
D7_Quiescent_Tap,710,B7_E0_MAGNITUDE_EVICTION,DEV,SUCCESS,112.976,1200,9
D7_Quiescent_Tap,710,B6_PROPORTIONATE_SPARSE_ADAPTIVE_FILTER,DEV,SUCCESS,1280.0,2560,1
D8_Amplitude_Drift,701,O1_FULL_DENSE_FIR,DEV,SUCCESS,660.0,1980,165
D8_Amplitude_Drift,702,O0_ORACLE_SPARSE,DEV,SUCCESS,31.0,160,6
D8_Amplitude_Drift,702,B1_LEBRE_NO_REC_BIRTH,DEV,SUCCESS,25.0,136,5
D8_Amplitude_Drift,702,O2_ORACLE_SUPPORT_LIFECYCLE,DEV,SUCCESS,31.0,152,6
D8_Amplitude_Drift,701,B4_VARIABLE_CONTIGUOUS_TAP_LENGTH,DEV,SUCCESS,163.6342857142857,1920,35
D8_Amplitude_Drift,702,B3_FIXED_DENSE_FIR,DEV,SUCCESS,80.0,240,20
D8_Amplitude_Drift,701,B7_PROPOSED_DYNAMIC_LAG_LIFECYCLE,DEV,SUCCESS,112.35485714285714,1180,9
D8_Amplitude_Drift,701,B0_LEBRE_FROZEN,DEV,SUCCESS,37.98285714285714,368,10
D8_Amplitude_Drift,701,B7_E0_MAGNITUDE_EVICTION,DEV,SUCCESS,112.35485714285714,1180,9
D8_Amplitude_Drift,701,B5_SPARSITY_REGULARIZED_FULL_DICTIONARY,DEV,SUCCESS,960.0,1920,0
D8_Amplitude_Drift,702,O1_FULL_DENSE_FIR,DEV,SUCCESS,660.0,1980,165
D8_Amplitude_Drift,703,O0_ORACLE_SPARSE,DEV,SUCCESS,31.0,160,6
D8_Amplitude_Drift,701,B6_PROPORTIONATE_SPARSE_ADAPTIVE_FILTER,DEV,SUCCESS,1280.0,2560,1
D8_Amplitude_Drift,703,O2_ORACLE_SUPPORT_LIFECYCLE,DEV,SUCCESS,31.0,152,6
D8_Amplitude_Drift,702,B4_VARIABLE_CONTIGUOUS_TAP_LENGTH,DEV,SUCCESS,163.52,1920,35
D8_Amplitude_Drift,703,B1_LEBRE_NO_REC_BIRTH,DEV,SUCCESS,25.0,136,5
D8_Amplitude_Drift,702,B7_PROPOSED_DYNAMIC_LAG_LIFECYCLE,DEV,SUCCESS,112.60285714285715,1284,9
D8_Amplitude_Drift,702,B7_E0_MAGNITUDE_EVICTION,DEV,SUCCESS,112.60285714285715,1284,9
D8_Amplitude_Drift,702,B5_SPARSITY_REGULARIZED_FULL_DICTIONARY,DEV,SUCCESS,960.0,1920,0
D8_Amplitude_Drift,702,B0_LEBRE_FROZEN,DEV,SUCCESS,37.85485714285714,368,5
D8_Amplitude_Drift,703,B3_FIXED_DENSE_FIR,DEV,SUCCESS,80.0,240,20
D8_Amplitude_Drift,702,B6_PROPORTIONATE_SPARSE_ADAPTIVE_FILTER,DEV,SUCCESS,1280.0,2560,1
D8_Amplitude_Drift,704,O0_ORACLE_SPARSE,DEV,SUCCESS,31.0,160,6
D8_Amplitude_Drift,703,O1_FULL_DENSE_FIR,DEV,SUCCESS,660.0,1980,165
D8_Amplitude_Drift,704,O2_ORACLE_SUPPORT_LIFECYCLE,DEV,SUCCESS,31.0,152,6
D8_Amplitude_Drift,704,B1_LEBRE_NO_REC_BIRTH,DEV,SUCCESS,25.0,136,5
D8_Amplitude_Drift,703,B4_VARIABLE_CONTIGUOUS_TAP_LENGTH,DEV,SUCCESS,163.45142857142858,1920,35
D8_Amplitude_Drift,704,B3_FIXED_DENSE_FIR,DEV,SUCCESS,80.0,240,20
D8_Amplitude_Drift,703,B0_LEBRE_FROZEN,DEV,SUCCESS,39.290571428571425,368,10
D8_Amplitude_Drift,703,B5_SPARSITY_REGULARIZED_FULL_DICTIONARY,DEV,SUCCESS,960.0,1920,0
D8_Amplitude_Drift,704,O1_FULL_DENSE_FIR,DEV,SUCCESS,660.0,1980,165
D8_Amplitude_Drift,703,B7_PROPOSED_DYNAMIC_LAG_LIFECYCLE,DEV,SUCCESS,112.55314285714286,1388,9
D8_Amplitude_Drift,703,B7_E0_MAGNITUDE_EVICTION,DEV,SUCCESS,112.55314285714286,1388,9
D8_Amplitude_Drift,703,B6_PROPORTIONATE_SPARSE_ADAPTIVE_FILTER,DEV,SUCCESS,1280.0,2560,1
D8_Amplitude_Drift,704,B4_VARIABLE_CONTIGUOUS_TAP_LENGTH,DEV,SUCCESS,164.85714285714286,1920,35
D8_Amplitude_Drift,705,B1_LEBRE_NO_REC_BIRTH,DEV,SUCCESS,25.0,136,5
D8_Amplitude_Drift,705,O0_ORACLE_SPARSE,DEV,SUCCESS,31.0,160,6
D8_Amplitude_Drift,705,O2_ORACLE_SUPPORT_LIFECYCLE,DEV,SUCCESS,31.0,152,6
D8_Amplitude_Drift,704,B7_PROPOSED_DYNAMIC_LAG_LIFECYCLE,DEV,SUCCESS,82.18457142857143,972,6
D8_Amplitude_Drift,704,B5_SPARSITY_REGULARIZED_FULL_DICTIONARY,DEV,SUCCESS,960.0,1920,0
D8_Amplitude_Drift,705,B3_FIXED_DENSE_FIR,DEV,SUCCESS,80.0,240,20
D8_Amplitude_Drift,704,B7_E0_MAGNITUDE_EVICTION,DEV,SUCCESS,82.18457142857143,972,6
D8_Amplitude_Drift,704,B6_PROPORTIONATE_SPARSE_ADAPTIVE_FILTER,DEV,SUCCESS,1280.0,2560,1
D8_Amplitude_Drift,704,B0_LEBRE_FROZEN,DEV,SUCCESS,38.581714285714284,368,8
D8_Amplitude_Drift,705,O1_FULL_DENSE_FIR,DEV,SUCCESS,660.0,1980,165
D8_Amplitude_Drift,706,O0_ORACLE_SPARSE,DEV,SUCCESS,31.0,160,6
D8_Amplitude_Drift,706,O2_ORACLE_SUPPORT_LIFECYCLE,DEV,SUCCESS,31.0,152,6
D8_Amplitude_Drift,705,B4_VARIABLE_CONTIGUOUS_TAP_LENGTH,DEV,SUCCESS,164.60285714285715,1920,35
D8_Amplitude_Drift,706,B1_LEBRE_NO_REC_BIRTH,DEV,SUCCESS,25.0,136,5
D8_Amplitude_Drift,706,B3_FIXED_DENSE_FIR,DEV,SUCCESS,80.0,240,20
D8_Amplitude_Drift,705,B5_SPARSITY_REGULARIZED_FULL_DICTIONARY,DEV,SUCCESS,960.0,1920,0
D8_Amplitude_Drift,705,B0_LEBRE_FROZEN,DEV,SUCCESS,38.27028571428571,368,5
D8_Amplitude_Drift,705,B7_PROPOSED_DYNAMIC_LAG_LIFECYCLE,DEV,SUCCESS,112.32971428571429,1260,9
D8_Amplitude_Drift,705,B7_E0_MAGNITUDE_EVICTION,DEV,SUCCESS,112.32971428571429,1260,9
D8_Amplitude_Drift,706,O1_FULL_DENSE_FIR,DEV,SUCCESS,660.0,1980,165
D8_Amplitude_Drift,705,B6_PROPORTIONATE_SPARSE_ADAPTIVE_FILTER,DEV,SUCCESS,1280.0,2560,1
D8_Amplitude_Drift,707,O0_ORACLE_SPARSE,DEV,SUCCESS,31.0,160,6
D8_Amplitude_Drift,707,O2_ORACLE_SUPPORT_LIFECYCLE,DEV,SUCCESS,31.0,152,6
D8_Amplitude_Drift,706,B4_VARIABLE_CONTIGUOUS_TAP_LENGTH,DEV,SUCCESS,164.52285714285713,1920,35
D8_Amplitude_Drift,707,B1_LEBRE_NO_REC_BIRTH,DEV,SUCCESS,25.0,136,5
D8_Amplitude_Drift,706,B0_LEBRE_FROZEN,DEV,SUCCESS,37.47685714285714,368,10
D8_Amplitude_Drift,706,B7_PROPOSED_DYNAMIC_LAG_LIFECYCLE,DEV,SUCCESS,112.32057142857143,1204,9
D8_Amplitude_Drift,706,B5_SPARSITY_REGULARIZED_FULL_DICTIONARY,DEV,SUCCESS,960.0,1920,0
D8_Amplitude_Drift,706,B7_E0_MAGNITUDE_EVICTION,DEV,SUCCESS,112.32057142857143,1204,9
D8_Amplitude_Drift,707,B3_FIXED_DENSE_FIR,DEV,SUCCESS,80.0,240,20
D8_Amplitude_Drift,707,O1_FULL_DENSE_FIR,DEV,SUCCESS,660.0,1980,165
D8_Amplitude_Drift,708,O0_ORACLE_SPARSE,DEV,SUCCESS,31.0,160,6
D8_Amplitude_Drift,706,B6_PROPORTIONATE_SPARSE_ADAPTIVE_FILTER,DEV,SUCCESS,1280.0,2560,1
D8_Amplitude_Drift,708,O2_ORACLE_SUPPORT_LIFECYCLE,DEV,SUCCESS,31.0,152,6
D8_Amplitude_Drift,707,B4_VARIABLE_CONTIGUOUS_TAP_LENGTH,DEV,SUCCESS,164.88285714285715,1920,35
D8_Amplitude_Drift,708,B1_LEBRE_NO_REC_BIRTH,DEV,SUCCESS,25.0,136,5
D8_Amplitude_Drift,708,B3_FIXED_DENSE_FIR,DEV,SUCCESS,80.0,240,20
D8_Amplitude_Drift,707,B7_PROPOSED_DYNAMIC_LAG_LIFECYCLE,DEV,SUCCESS,112.46342857142857,1212,9
D8_Amplitude_Drift,707,B7_E0_MAGNITUDE_EVICTION,DEV,SUCCESS,112.46342857142857,1212,9
D8_Amplitude_Drift,707,B5_SPARSITY_REGULARIZED_FULL_DICTIONARY,DEV,SUCCESS,960.0,1920,0
D8_Amplitude_Drift,707,B0_LEBRE_FROZEN,DEV,SUCCESS,37.44885714285714,368,5
D8_Amplitude_Drift,708,O1_FULL_DENSE_FIR,DEV,SUCCESS,660.0,1980,165
D8_Amplitude_Drift,707,B6_PROPORTIONATE_SPARSE_ADAPTIVE_FILTER,DEV,SUCCESS,1280.0,2560,1
D8_Amplitude_Drift,709,O0_ORACLE_SPARSE,DEV,SUCCESS,31.0,160,6
D8_Amplitude_Drift,709,O2_ORACLE_SUPPORT_LIFECYCLE,DEV,SUCCESS,31.0,152,6
D8_Amplitude_Drift,708,B4_VARIABLE_CONTIGUOUS_TAP_LENGTH,DEV,SUCCESS,165.55428571428573,1920,35
D8_Amplitude_Drift,709,B1_LEBRE_NO_REC_BIRTH,DEV,SUCCESS,25.0,136,5
D8_Amplitude_Drift,708,B5_SPARSITY_REGULARIZED_FULL_DICTIONARY,DEV,SUCCESS,960.0,1920,0
D8_Amplitude_Drift,708,B7_PROPOSED_DYNAMIC_LAG_LIFECYCLE,DEV,SUCCESS,112.58914285714286,1180,9
D8_Amplitude_Drift,709,B3_FIXED_DENSE_FIR,DEV,SUCCESS,80.0,240,20
D8_Amplitude_Drift,708,B0_LEBRE_FROZEN,DEV,SUCCESS,37.97371428571429,368,10
D8_Amplitude_Drift,708,B6_PROPORTIONATE_SPARSE_ADAPTIVE_FILTER,DEV,SUCCESS,1280.0,2560,1
D8_Amplitude_Drift,708,B7_E0_MAGNITUDE_EVICTION,DEV,SUCCESS,112.58914285714286,1180,9
D8_Amplitude_Drift,709,O1_FULL_DENSE_FIR,DEV,SUCCESS,660.0,1980,165
D8_Amplitude_Drift,710,O0_ORACLE_SPARSE,DEV,SUCCESS,31.0,160,6
D8_Amplitude_Drift,710,O2_ORACLE_SUPPORT_LIFECYCLE,DEV,SUCCESS,31.0,152,6
D8_Amplitude_Drift,710,B1_LEBRE_NO_REC_BIRTH,DEV,SUCCESS,25.0,136,5
D8_Amplitude_Drift,709,B4_VARIABLE_CONTIGUOUS_TAP_LENGTH,DEV,SUCCESS,165.3657142857143,1920,35
D8_Amplitude_Drift,709,B0_LEBRE_FROZEN,DEV,SUCCESS,37.60285714285714,368,8
D8_Amplitude_Drift,710,B3_FIXED_DENSE_FIR,DEV,SUCCESS,80.0,240,20
D8_Amplitude_Drift,709,B7_E0_MAGNITUDE_EVICTION,DEV,SUCCESS,112.60971428571429,1172,9
D8_Amplitude_Drift,709,B5_SPARSITY_REGULARIZED_FULL_DICTIONARY,DEV,SUCCESS,960.0,1920,0
D8_Amplitude_Drift,709,B7_PROPOSED_DYNAMIC_LAG_LIFECYCLE,DEV,SUCCESS,112.60971428571429,1172,9
D8_Amplitude_Drift,710,O1_FULL_DENSE_FIR,DEV,SUCCESS,660.0,1980,165
D9_Memoryless_Negative_Control,701,O0_ORACLE_SPARSE,DEV,SUCCESS,25.0,120,5
D8_Amplitude_Drift,709,B6_PROPORTIONATE_SPARSE_ADAPTIVE_FILTER,DEV,SUCCESS,1280.0,2560,1
D9_Memoryless_Negative_Control,701,O2_ORACLE_SUPPORT_LIFECYCLE,DEV,SUCCESS,25.0,152,5
D9_Memoryless_Negative_Control,701,B1_LEBRE_NO_REC_BIRTH,DEV,SUCCESS,25.0,136,5
D8_Amplitude_Drift,710,B4_VARIABLE_CONTIGUOUS_TAP_LENGTH,DEV,SUCCESS,164.56285714285715,1920,35
D8_Amplitude_Drift,710,B5_SPARSITY_REGULARIZED_FULL_DICTIONARY,DEV,SUCCESS,960.0,1920,0
D8_Amplitude_Drift,710,B7_PROPOSED_DYNAMIC_LAG_LIFECYCLE,DEV,SUCCESS,112.37714285714286,1228,9
D9_Memoryless_Negative_Control,701,B3_FIXED_DENSE_FIR,DEV,SUCCESS,80.0,240,20
D8_Amplitude_Drift,710,B0_LEBRE_FROZEN,DEV,SUCCESS,37.395428571428575,368,5
D9_Memoryless_Negative_Control,701,O1_FULL_DENSE_FIR,DEV,SUCCESS,660.0,1980,165
D9_Memoryless_Negative_Control,702,O0_ORACLE_SPARSE,DEV,SUCCESS,25.0,120,5
D8_Amplitude_Drift,710,B7_E0_MAGNITUDE_EVICTION,DEV,SUCCESS,112.37714285714286,1228,9
D8_Amplitude_Drift,710,B6_PROPORTIONATE_SPARSE_ADAPTIVE_FILTER,DEV,SUCCESS,1280.0,2560,1
D9_Memoryless_Negative_Control,702,O2_ORACLE_SUPPORT_LIFECYCLE,DEV,SUCCESS,25.0,152,5
D9_Memoryless_Negative_Control,701,B4_VARIABLE_CONTIGUOUS_TAP_LENGTH,DEV,SUCCESS,74.11714285714285,1920,15
D9_Memoryless_Negative_Control,701,B7_E0_MAGNITUDE_EVICTION,DEV,SUCCESS,72.08285714285714,932,5
D9_Memoryless_Negative_Control,701,B7_PROPOSED_DYNAMIC_LAG_LIFECYCLE,DEV,SUCCESS,72.08285714285714,932,5
D9_Memoryless_Negative_Control,702,B1_LEBRE_NO_REC_BIRTH,DEV,SUCCESS,25.0,136,5
D9_Memoryless_Negative_Control,702,B3_FIXED_DENSE_FIR,DEV,SUCCESS,80.0,240,20
D9_Memoryless_Negative_Control,701,B5_SPARSITY_REGULARIZED_FULL_DICTIONARY,DEV,SUCCESS,960.0,1920,0
D9_Memoryless_Negative_Control,701,B0_LEBRE_FROZEN,DEV,SUCCESS,35.606,368,5
D9_Memoryless_Negative_Control,702,O1_FULL_DENSE_FIR,DEV,SUCCESS,660.0,1980,165
D9_Memoryless_Negative_Control,703,O0_ORACLE_SPARSE,DEV,SUCCESS,25.0,120,5
D9_Memoryless_Negative_Control,701,B6_PROPORTIONATE_SPARSE_ADAPTIVE_FILTER,DEV,SUCCESS,1280.0,2560,2
D9_Memoryless_Negative_Control,703,B1_LEBRE_NO_REC_BIRTH,DEV,SUCCESS,25.0,136,5
D9_Memoryless_Negative_Control,702,B4_VARIABLE_CONTIGUOUS_TAP_LENGTH,DEV,SUCCESS,72.44,1920,10
D9_Memoryless_Negative_Control,703,O2_ORACLE_SUPPORT_LIFECYCLE,DEV,SUCCESS,25.0,152,5
D9_Memoryless_Negative_Control,702,B7_PROPOSED_DYNAMIC_LAG_LIFECYCLE,DEV,SUCCESS,72.41942857142857,900,5
D9_Memoryless_Negative_Control,702,B7_E0_MAGNITUDE_EVICTION,DEV,SUCCESS,72.41942857142857,900,5
D9_Memoryless_Negative_Control,703,B3_FIXED_DENSE_FIR,DEV,SUCCESS,80.0,240,20
D9_Memoryless_Negative_Control,703,O1_FULL_DENSE_FIR,DEV,SUCCESS,660.0,1980,165
D9_Memoryless_Negative_Control,702,B5_SPARSITY_REGULARIZED_FULL_DICTIONARY,DEV,SUCCESS,960.0,1920,0
D9_Memoryless_Negative_Control,702,B0_LEBRE_FROZEN,DEV,SUCCESS,35.88885714285714,368,5
D9_Memoryless_Negative_Control,704,O0_ORACLE_SPARSE,DEV,SUCCESS,25.0,120,5
D9_Memoryless_Negative_Control,704,O2_ORACLE_SUPPORT_LIFECYCLE,DEV,SUCCESS,25.0,152,5
D9_Memoryless_Negative_Control,702,B6_PROPORTIONATE_SPARSE_ADAPTIVE_FILTER,DEV,SUCCESS,1280.0,2560,2
D9_Memoryless_Negative_Control,703,B4_VARIABLE_CONTIGUOUS_TAP_LENGTH,DEV,SUCCESS,74.98571428571428,1920,15
D9_Memoryless_Negative_Control,704,B1_LEBRE_NO_REC_BIRTH,DEV,SUCCESS,25.0,136,5
D9_Memoryless_Negative_Control,704,B3_FIXED_DENSE_FIR,DEV,SUCCESS,80.0,240,20
D9_Memoryless_Negative_Control,703,B5_SPARSITY_REGULARIZED_FULL_DICTIONARY,DEV,SUCCESS,960.0,1920,0
D9_Memoryless_Negative_Control,703,B0_LEBRE_FROZEN,DEV,SUCCESS,36.15057142857143,368,5
D9_Memoryless_Negative_Control,703,B7_E0_MAGNITUDE_EVICTION,DEV,SUCCESS,91.72514285714286,1172,7
D9_Memoryless_Negative_Control,704,O1_FULL_DENSE_FIR,DEV,SUCCESS,660.0,1980,165
D9_Memoryless_Negative_Control,703,B7_PROPOSED_DYNAMIC_LAG_LIFECYCLE,DEV,SUCCESS,91.72514285714286,1172,7
D9_Memoryless_Negative_Control,705,O0_ORACLE_SPARSE,DEV,SUCCESS,25.0,120,5
D9_Memoryless_Negative_Control,703,B6_PROPORTIONATE_SPARSE_ADAPTIVE_FILTER,DEV,SUCCESS,1280.0,2560,2
D9_Memoryless_Negative_Control,704,B4_VARIABLE_CONTIGUOUS_TAP_LENGTH,DEV,SUCCESS,72.32857142857142,1920,10
D9_Memoryless_Negative_Control,705,O2_ORACLE_SUPPORT_LIFECYCLE,DEV,SUCCESS,25.0,152,5
D9_Memoryless_Negative_Control,704,B7_PROPOSED_DYNAMIC_LAG_LIFECYCLE,DEV,SUCCESS,72.34228571428571,932,5
D9_Memoryless_Negative_Control,705,B1_LEBRE_NO_REC_BIRTH,DEV,SUCCESS,25.0,136,5
D9_Memoryless_Negative_Control,705,B3_FIXED_DENSE_FIR,DEV,SUCCESS,80.0,240,20
D9_Memoryless_Negative_Control,704,B5_SPARSITY_REGULARIZED_FULL_DICTIONARY,DEV,SUCCESS,960.0,1920,0
D9_Memoryless_Negative_Control,704,B7_E0_MAGNITUDE_EVICTION,DEV,SUCCESS,72.34228571428571,932,5
D9_Memoryless_Negative_Control,704,B6_PROPORTIONATE_SPARSE_ADAPTIVE_FILTER,DEV,SUCCESS,1280.0,2560,2
D9_Memoryless_Negative_Control,705,O1_FULL_DENSE_FIR,DEV,SUCCESS,660.0,1980,165
D9_Memoryless_Negative_Control,704,B0_LEBRE_FROZEN,DEV,SUCCESS,35.51971428571429,368,5
D9_Memoryless_Negative_Control,706,O0_ORACLE_SPARSE,DEV,SUCCESS,25.0,120,5
D9_Memoryless_Negative_Control,705,B4_VARIABLE_CONTIGUOUS_TAP_LENGTH,DEV,SUCCESS,79.26857142857143,1920,15
D9_Memoryless_Negative_Control,706,O2_ORACLE_SUPPORT_LIFECYCLE,DEV,SUCCESS,25.0,152,5
D9_Memoryless_Negative_Control,706,B1_LEBRE_NO_REC_BIRTH,DEV,SUCCESS,25.0,136,5
D9_Memoryless_Negative_Control,705,B7_PROPOSED_DYNAMIC_LAG_LIFECYCLE,DEV,SUCCESS,72.14742857142858,932,5
D9_Memoryless_Negative_Control,705,B7_E0_MAGNITUDE_EVICTION,DEV,SUCCESS,72.14742857142858,932,5
D9_Memoryless_Negative_Control,706,B3_FIXED_DENSE_FIR,DEV,SUCCESS,80.0,240,20
D9_Memoryless_Negative_Control,705,B5_SPARSITY_REGULARIZED_FULL_DICTIONARY,DEV,SUCCESS,960.0,1920,0
D9_Memoryless_Negative_Control,705,B0_LEBRE_FROZEN,DEV,SUCCESS,35.635714285714286,368,8
D9_Memoryless_Negative_Control,707,O0_ORACLE_SPARSE,DEV,SUCCESS,25.0,120,5
D9_Memoryless_Negative_Control,705,B6_PROPORTIONATE_SPARSE_ADAPTIVE_FILTER,DEV,SUCCESS,1280.0,2560,2
D9_Memoryless_Negative_Control,706,O1_FULL_DENSE_FIR,DEV,SUCCESS,660.0,1980,165
D9_Memoryless_Negative_Control,707,O2_ORACLE_SUPPORT_LIFECYCLE,DEV,SUCCESS,25.0,152,5
D9_Memoryless_Negative_Control,707,B1_LEBRE_NO_REC_BIRTH,DEV,SUCCESS,25.0,136,5
D9_Memoryless_Negative_Control,706,B4_VARIABLE_CONTIGUOUS_TAP_LENGTH,DEV,SUCCESS,71.83142857142857,1920,15
D9_Memoryless_Negative_Control,706,B7_PROPOSED_DYNAMIC_LAG_LIFECYCLE,DEV,SUCCESS,81.85542857142858,1052,6
D9_Memoryless_Negative_Control,706,B7_E0_MAGNITUDE_EVICTION,DEV,SUCCESS,81.85542857142858,1052,6
D9_Memoryless_Negative_Control,706,B0_LEBRE_FROZEN,DEV,SUCCESS,35.646857142857144,240,5
D9_Memoryless_Negative_Control,707,B3_FIXED_DENSE_FIR,DEV,SUCCESS,80.0,240,20
D9_Memoryless_Negative_Control,706,B5_SPARSITY_REGULARIZED_FULL_DICTIONARY,DEV,SUCCESS,960.0,1920,0
D9_Memoryless_Negative_Control,708,O0_ORACLE_SPARSE,DEV,SUCCESS,25.0,120,5
D9_Memoryless_Negative_Control,707,O1_FULL_DENSE_FIR,DEV,SUCCESS,660.0,1980,165
D9_Memoryless_Negative_Control,706,B6_PROPORTIONATE_SPARSE_ADAPTIVE_FILTER,DEV,SUCCESS,1280.0,2560,2
D9_Memoryless_Negative_Control,708,O2_ORACLE_SUPPORT_LIFECYCLE,DEV,SUCCESS,25.0,152,5
D9_Memoryless_Negative_Control,708,B1_LEBRE_NO_REC_BIRTH,DEV,SUCCESS,25.0,136,5
D9_Memoryless_Negative_Control,707,B4_VARIABLE_CONTIGUOUS_TAP_LENGTH,DEV,SUCCESS,72.98571428571428,1920,15
D9_Memoryless_Negative_Control,707,B7_PROPOSED_DYNAMIC_LAG_LIFECYCLE,DEV,SUCCESS,80.57314285714286,1000,6
D9_Memoryless_Negative_Control,708,B3_FIXED_DENSE_FIR,DEV,SUCCESS,80.0,240,20
D9_Memoryless_Negative_Control,707,B7_E0_MAGNITUDE_EVICTION,DEV,SUCCESS,80.57314285714286,1000,6
D9_Memoryless_Negative_Control,707,B0_LEBRE_FROZEN,DEV,SUCCESS,36.114,368,5
D9_Memoryless_Negative_Control,707,B5_SPARSITY_REGULARIZED_FULL_DICTIONARY,DEV,SUCCESS,960.0,1920,0
D9_Memoryless_Negative_Control,709,O0_ORACLE_SPARSE,DEV,SUCCESS,25.0,120,5
D9_Memoryless_Negative_Control,707,B6_PROPORTIONATE_SPARSE_ADAPTIVE_FILTER,DEV,SUCCESS,1280.0,2560,2
D9_Memoryless_Negative_Control,708,O1_FULL_DENSE_FIR,DEV,SUCCESS,660.0,1980,165
D9_Memoryless_Negative_Control,708,B4_VARIABLE_CONTIGUOUS_TAP_LENGTH,DEV,SUCCESS,75.8,1920,15
D9_Memoryless_Negative_Control,709,B1_LEBRE_NO_REC_BIRTH,DEV,SUCCESS,25.0,136,5
D9_Memoryless_Negative_Control,709,O2_ORACLE_SUPPORT_LIFECYCLE,DEV,SUCCESS,25.0,152,5
D9_Memoryless_Negative_Control,708,B7_PROPOSED_DYNAMIC_LAG_LIFECYCLE,DEV,SUCCESS,82.57142857142857,1004,6
D9_Memoryless_Negative_Control,708,B7_E0_MAGNITUDE_EVICTION,DEV,SUCCESS,82.57142857142857,1004,6
D9_Memoryless_Negative_Control,708,B5_SPARSITY_REGULARIZED_FULL_DICTIONARY,DEV,SUCCESS,960.0,1920,0
D9_Memoryless_Negative_Control,709,B3_FIXED_DENSE_FIR,DEV,SUCCESS,80.0,240,20
D9_Memoryless_Negative_Control,708,B0_LEBRE_FROZEN,DEV,SUCCESS,35.25828571428571,368,10
D9_Memoryless_Negative_Control,710,O0_ORACLE_SPARSE,DEV,SUCCESS,25.0,120,5
D9_Memoryless_Negative_Control,710,O2_ORACLE_SUPPORT_LIFECYCLE,DEV,SUCCESS,25.0,152,5
D9_Memoryless_Negative_Control,708,B6_PROPORTIONATE_SPARSE_ADAPTIVE_FILTER,DEV,SUCCESS,1280.0,2560,2
D9_Memoryless_Negative_Control,709,O1_FULL_DENSE_FIR,DEV,SUCCESS,660.0,1980,165
D9_Memoryless_Negative_Control,710,B1_LEBRE_NO_REC_BIRTH,DEV,SUCCESS,25.0,136,5
D9_Memoryless_Negative_Control,709,B4_VARIABLE_CONTIGUOUS_TAP_LENGTH,DEV,SUCCESS,74.98,1920,15
D9_Memoryless_Negative_Control,709,B7_PROPOSED_DYNAMIC_LAG_LIFECYCLE,DEV,SUCCESS,72.448,932,5
D9_Memoryless_Negative_Control,710,B3_FIXED_DENSE_FIR,DEV,SUCCESS,80.0,240,20
D9_Memoryless_Negative_Control,709,B7_E0_MAGNITUDE_EVICTION,DEV,SUCCESS,72.448,932,5
D9_Memoryless_Negative_Control,709,B5_SPARSITY_REGULARIZED_FULL_DICTIONARY,DEV,SUCCESS,960.0,1920,0
D9_Memoryless_Negative_Control,709,B0_LEBRE_FROZEN,DEV,SUCCESS,35.848571428571425,368,5
D9_Memoryless_Negative_Control,710,O1_FULL_DENSE_FIR,DEV,SUCCESS,660.0,1980,165
D9_Memoryless_Negative_Control,709,B6_PROPORTIONATE_SPARSE_ADAPTIVE_FILTER,DEV,SUCCESS,1280.0,2560,2
D9_Memoryless_Negative_Control,710,B4_VARIABLE_CONTIGUOUS_TAP_LENGTH,DEV,SUCCESS,75.18571428571428,1920,15
D10_Dense_FIR_Control,701,O0_ORACLE_SPARSE,DEV,SUCCESS,61.0,324,11
D10_Dense_FIR_Control,701,B1_LEBRE_NO_REC_BIRTH,DEV,SUCCESS,25.0,136,5
D9_Memoryless_Negative_Control,710,B7_PROPOSED_DYNAMIC_LAG_LIFECYCLE,DEV,SUCCESS,72.51314285714285,900,5
D10_Dense_FIR_Control,701,O2_ORACLE_SUPPORT_LIFECYCLE,DEV,SUCCESS,61.0,312,11
D9_Memoryless_Negative_Control,710,B7_E0_MAGNITUDE_EVICTION,DEV,SUCCESS,72.51314285714285,900,5
D9_Memoryless_Negative_Control,710,B0_LEBRE_FROZEN,DEV,SUCCESS,35.37,368,8
D10_Dense_FIR_Control,701,B3_FIXED_DENSE_FIR,DEV,SUCCESS,80.0,240,20
D9_Memoryless_Negative_Control,710,B5_SPARSITY_REGULARIZED_FULL_DICTIONARY,DEV,SUCCESS,960.0,1920,0
D10_Dense_FIR_Control,701,O1_FULL_DENSE_FIR,DEV,SUCCESS,660.0,1980,165
D9_Memoryless_Negative_Control,710,B6_PROPORTIONATE_SPARSE_ADAPTIVE_FILTER,DEV,SUCCESS,1280.0,2560,2
D10_Dense_FIR_Control,702,B1_LEBRE_NO_REC_BIRTH,DEV,SUCCESS,25.0,136,5
D10_Dense_FIR_Control,702,O0_ORACLE_SPARSE,DEV,SUCCESS,61.0,324,11
D10_Dense_FIR_Control,701,B4_VARIABLE_CONTIGUOUS_TAP_LENGTH,DEV,SUCCESS,157.31714285714287,1920,30
D10_Dense_FIR_Control,701,B0_LEBRE_FROZEN,DEV,SUCCESS,48.0,368,8
D10_Dense_FIR_Control,702,O2_ORACLE_SUPPORT_LIFECYCLE,DEV,SUCCESS,61.0,312,11
D10_Dense_FIR_Control,702,B3_FIXED_DENSE_FIR,DEV,SUCCESS,80.0,240,20
D10_Dense_FIR_Control,701,B5_SPARSITY_REGULARIZED_FULL_DICTIONARY,DEV,SUCCESS,960.0,1920,0
D10_Dense_FIR_Control,701,B7_PROPOSED_DYNAMIC_LAG_LIFECYCLE,DEV,SUCCESS,112.64342857142857,1244,9
D10_Dense_FIR_Control,701,B7_E0_MAGNITUDE_EVICTION,DEV,SUCCESS,112.64342857142857,1244,9
D10_Dense_FIR_Control,702,O1_FULL_DENSE_FIR,DEV,SUCCESS,660.0,1980,165
D10_Dense_FIR_Control,701,B6_PROPORTIONATE_SPARSE_ADAPTIVE_FILTER,DEV,SUCCESS,1280.0,2560,4
D10_Dense_FIR_Control,702,B0_LEBRE_FROZEN,DEV,SUCCESS,48.0,368,8
D10_Dense_FIR_Control,702,B4_VARIABLE_CONTIGUOUS_TAP_LENGTH,DEV,SUCCESS,158.25142857142856,1920,35
D10_Dense_FIR_Control,703,B1_LEBRE_NO_REC_BIRTH,DEV,SUCCESS,25.0,136,5
D10_Dense_FIR_Control,703,O0_ORACLE_SPARSE,DEV,SUCCESS,61.0,324,11
D10_Dense_FIR_Control,702,B5_SPARSITY_REGULARIZED_FULL_DICTIONARY,DEV,SUCCESS,960.0,1920,0
D10_Dense_FIR_Control,703,O2_ORACLE_SUPPORT_LIFECYCLE,DEV,SUCCESS,61.0,312,11
D10_Dense_FIR_Control,703,B3_FIXED_DENSE_FIR,DEV,SUCCESS,80.0,240,20
D10_Dense_FIR_Control,702,B7_PROPOSED_DYNAMIC_LAG_LIFECYCLE,DEV,SUCCESS,112.83085714285714,1256,9
D10_Dense_FIR_Control,702,B6_PROPORTIONATE_SPARSE_ADAPTIVE_FILTER,DEV,SUCCESS,1280.0,2560,5
D10_Dense_FIR_Control,703,O1_FULL_DENSE_FIR,DEV,SUCCESS,660.0,1980,165
D10_Dense_FIR_Control,702,B7_E0_MAGNITUDE_EVICTION,DEV,SUCCESS,112.83085714285714,1256,9
D10_Dense_FIR_Control,703,B0_LEBRE_FROZEN,DEV,SUCCESS,48.0,368,8
D10_Dense_FIR_Control,704,B1_LEBRE_NO_REC_BIRTH,DEV,SUCCESS,25.0,136,5
D10_Dense_FIR_Control,704,O0_ORACLE_SPARSE,DEV,SUCCESS,61.0,324,11
D10_Dense_FIR_Control,703,B4_VARIABLE_CONTIGUOUS_TAP_LENGTH,DEV,SUCCESS,154.4,1920,30
D10_Dense_FIR_Control,704,O2_ORACLE_SUPPORT_LIFECYCLE,DEV,SUCCESS,61.0,312,11
D10_Dense_FIR_Control,704,B3_FIXED_DENSE_FIR,DEV,SUCCESS,80.0,240,20
D10_Dense_FIR_Control,703,B7_PROPOSED_DYNAMIC_LAG_LIFECYCLE,DEV,SUCCESS,112.57542857142857,1076,9
D10_Dense_FIR_Control,703,B5_SPARSITY_REGULARIZED_FULL_DICTIONARY,DEV,SUCCESS,960.0,1920,0
D10_Dense_FIR_Control,703,B7_E0_MAGNITUDE_EVICTION,DEV,SUCCESS,112.57542857142857,1076,9
D10_Dense_FIR_Control,703,B6_PROPORTIONATE_SPARSE_ADAPTIVE_FILTER,DEV,SUCCESS,1280.0,2560,5
D10_Dense_FIR_Control,704,O1_FULL_DENSE_FIR,DEV,SUCCESS,660.0,1980,165
D10_Dense_FIR_Control,705,B1_LEBRE_NO_REC_BIRTH,DEV,SUCCESS,25.0,136,5
D10_Dense_FIR_Control,704,B4_VARIABLE_CONTIGUOUS_TAP_LENGTH,DEV,SUCCESS,156.05428571428573,1920,30
D10_Dense_FIR_Control,705,O0_ORACLE_SPARSE,DEV,SUCCESS,61.0,324,11
D10_Dense_FIR_Control,704,B0_LEBRE_FROZEN,DEV,SUCCESS,47.79085714285714,368,8
D10_Dense_FIR_Control,705,O2_ORACLE_SUPPORT_LIFECYCLE,DEV,SUCCESS,61.0,312,11
D10_Dense_FIR_Control,705,B3_FIXED_DENSE_FIR,DEV,SUCCESS,80.0,240,20
D10_Dense_FIR_Control,704,B5_SPARSITY_REGULARIZED_FULL_DICTIONARY,DEV,SUCCESS,960.0,1920,0
D10_Dense_FIR_Control,704,B7_PROPOSED_DYNAMIC_LAG_LIFECYCLE,DEV,SUCCESS,112.71942857142857,1132,9
D10_Dense_FIR_Control,705,O1_FULL_DENSE_FIR,DEV,SUCCESS,660.0,1980,165
D10_Dense_FIR_Control,704,B7_E0_MAGNITUDE_EVICTION,DEV,SUCCESS,112.71942857142857,1132,9
D10_Dense_FIR_Control,704,B6_PROPORTIONATE_SPARSE_ADAPTIVE_FILTER,DEV,SUCCESS,1280.0,2560,5
D10_Dense_FIR_Control,705,B0_LEBRE_FROZEN,DEV,SUCCESS,47.79085714285714,368,8
D10_Dense_FIR_Control,706,O0_ORACLE_SPARSE,DEV,SUCCESS,61.0,324,11
D10_Dense_FIR_Control,705,B4_VARIABLE_CONTIGUOUS_TAP_LENGTH,DEV,SUCCESS,151.85142857142858,1920,30
D10_Dense_FIR_Control,706,O2_ORACLE_SUPPORT_LIFECYCLE,DEV,SUCCESS,61.0,312,11
D10_Dense_FIR_Control,706,B1_LEBRE_NO_REC_BIRTH,DEV,SUCCESS,25.0,136,5
D10_Dense_FIR_Control,705,B7_PROPOSED_DYNAMIC_LAG_LIFECYCLE,DEV,SUCCESS,112.936,1220,9
D10_Dense_FIR_Control,705,B5_SPARSITY_REGULARIZED_FULL_DICTIONARY,DEV,SUCCESS,960.0,1920,0
D10_Dense_FIR_Control,706,B3_FIXED_DENSE_FIR,DEV,SUCCESS,80.0,240,20
D10_Dense_FIR_Control,705,B7_E0_MAGNITUDE_EVICTION,DEV,SUCCESS,112.936,1220,9
D10_Dense_FIR_Control,706,O1_FULL_DENSE_FIR,DEV,SUCCESS,660.0,1980,165
D10_Dense_FIR_Control,705,B6_PROPORTIONATE_SPARSE_ADAPTIVE_FILTER,DEV,SUCCESS,1280.0,2560,4
D10_Dense_FIR_Control,707,O0_ORACLE_SPARSE,DEV,SUCCESS,61.0,324,11
D10_Dense_FIR_Control,706,B0_LEBRE_FROZEN,DEV,SUCCESS,48.0,368,8
D10_Dense_FIR_Control,707,B1_LEBRE_NO_REC_BIRTH,DEV,SUCCESS,25.0,136,5
D10_Dense_FIR_Control,706,B4_VARIABLE_CONTIGUOUS_TAP_LENGTH,DEV,SUCCESS,153.3657142857143,1920,30
D10_Dense_FIR_Control,707,O2_ORACLE_SUPPORT_LIFECYCLE,DEV,SUCCESS,61.0,312,11
D10_Dense_FIR_Control,707,B3_FIXED_DENSE_FIR,DEV,SUCCESS,80.0,240,20
D10_Dense_FIR_Control,706,B5_SPARSITY_REGULARIZED_FULL_DICTIONARY,DEV,SUCCESS,960.0,1920,0
D10_Dense_FIR_Control,706,B7_PROPOSED_DYNAMIC_LAG_LIFECYCLE,DEV,SUCCESS,113.04685714285715,1040,9
D10_Dense_FIR_Control,706,B7_E0_MAGNITUDE_EVICTION,DEV,SUCCESS,113.04685714285715,1040,9
D10_Dense_FIR_Control,706,B6_PROPORTIONATE_SPARSE_ADAPTIVE_FILTER,DEV,SUCCESS,1280.0,2560,5
D10_Dense_FIR_Control,707,O1_FULL_DENSE_FIR,DEV,SUCCESS,660.0,1980,165
D10_Dense_FIR_Control,707,B4_VARIABLE_CONTIGUOUS_TAP_LENGTH,DEV,SUCCESS,153.23714285714286,1920,30
D10_Dense_FIR_Control,708,B1_LEBRE_NO_REC_BIRTH,DEV,SUCCESS,25.0,136,5
D10_Dense_FIR_Control,707,B0_LEBRE_FROZEN,DEV,SUCCESS,47.32085714285714,368,8
D10_Dense_FIR_Control,708,O0_ORACLE_SPARSE,DEV,SUCCESS,61.0,324,11
D10_Dense_FIR_Control,708,O2_ORACLE_SUPPORT_LIFECYCLE,DEV,SUCCESS,61.0,312,11
D10_Dense_FIR_Control,707,B7_PROPOSED_DYNAMIC_LAG_LIFECYCLE,DEV,SUCCESS,112.83714285714285,1152,9
D10_Dense_FIR_Control,708,B3_FIXED_DENSE_FIR,DEV,SUCCESS,80.0,240,20
D10_Dense_FIR_Control,707,B5_SPARSITY_REGULARIZED_FULL_DICTIONARY,DEV,SUCCESS,960.0,1920,0
D10_Dense_FIR_Control,707,B7_E0_MAGNITUDE_EVICTION,DEV,SUCCESS,112.83714285714285,1152,9
D10_Dense_FIR_Control,707,B6_PROPORTIONATE_SPARSE_ADAPTIVE_FILTER,DEV,SUCCESS,1280.0,2560,5
D10_Dense_FIR_Control,708,O1_FULL_DENSE_FIR,DEV,SUCCESS,660.0,1980,165
D10_Dense_FIR_Control,708,B0_LEBRE_FROZEN,DEV,SUCCESS,47.53657142857143,368,8
D10_Dense_FIR_Control,708,B4_VARIABLE_CONTIGUOUS_TAP_LENGTH,DEV,SUCCESS,157.74285714285713,1920,30
D10_Dense_FIR_Control,709,B1_LEBRE_NO_REC_BIRTH,DEV,SUCCESS,25.0,136,5
D10_Dense_FIR_Control,709,O0_ORACLE_SPARSE,DEV,SUCCESS,61.0,324,11
D10_Dense_FIR_Control,709,O2_ORACLE_SUPPORT_LIFECYCLE,DEV,SUCCESS,61.0,312,11
D10_Dense_FIR_Control,709,B3_FIXED_DENSE_FIR,DEV,SUCCESS,80.0,240,20
D10_Dense_FIR_Control,708,B5_SPARSITY_REGULARIZED_FULL_DICTIONARY,DEV,SUCCESS,960.0,1920,0
D10_Dense_FIR_Control,708,B7_PROPOSED_DYNAMIC_LAG_LIFECYCLE,DEV,SUCCESS,112.67257142857143,1100,9
D10_Dense_FIR_Control,708,B7_E0_MAGNITUDE_EVICTION,DEV,SUCCESS,112.67257142857143,1100,9
D10_Dense_FIR_Control,708,B6_PROPORTIONATE_SPARSE_ADAPTIVE_FILTER,DEV,SUCCESS,1280.0,2560,5
D10_Dense_FIR_Control,709,O1_FULL_DENSE_FIR,DEV,SUCCESS,660.0,1980,165
D10_Dense_FIR_Control,709,B4_VARIABLE_CONTIGUOUS_TAP_LENGTH,DEV,SUCCESS,153.55142857142857,1920,30
D10_Dense_FIR_Control,709,B0_LEBRE_FROZEN,DEV,SUCCESS,47.79085714285714,368,8
D10_Dense_FIR_Control,710,O0_ORACLE_SPARSE,DEV,SUCCESS,61.0,324,11
D10_Dense_FIR_Control,710,B1_LEBRE_NO_REC_BIRTH,DEV,SUCCESS,25.0,136,5
D10_Dense_FIR_Control,710,O2_ORACLE_SUPPORT_LIFECYCLE,DEV,SUCCESS,61.0,312,11
D10_Dense_FIR_Control,710,B3_FIXED_DENSE_FIR,DEV,SUCCESS,80.0,240,20
D10_Dense_FIR_Control,709,B7_PROPOSED_DYNAMIC_LAG_LIFECYCLE,DEV,SUCCESS,105.38571428571429,1136,9
D10_Dense_FIR_Control,709,B5_SPARSITY_REGULARIZED_FULL_DICTIONARY,DEV,SUCCESS,960.0,1920,0
D10_Dense_FIR_Control,709,B7_E0_MAGNITUDE_EVICTION,DEV,SUCCESS,105.38571428571429,1136,9
D11_Continuous_State_Control,701,O0_ORACLE_SPARSE,DEV,SUCCESS,25.0,120,5
D11_Continuous_State_Control,701,O2_ORACLE_SUPPORT_LIFECYCLE,DEV,SUCCESS,25.0,152,5
D10_Dense_FIR_Control,709,B6_PROPORTIONATE_SPARSE_ADAPTIVE_FILTER,DEV,SUCCESS,1280.0,2560,5
D10_Dense_FIR_Control,710,O1_FULL_DENSE_FIR,DEV,SUCCESS,660.0,1980,165
D11_Continuous_State_Control,701,B1_LEBRE_NO_REC_BIRTH,DEV,SUCCESS,25.0,136,5
D10_Dense_FIR_Control,710,B4_VARIABLE_CONTIGUOUS_TAP_LENGTH,DEV,SUCCESS,153.88571428571427,1920,30
D10_Dense_FIR_Control,710,B0_LEBRE_FROZEN,DEV,SUCCESS,48.0,368,8
D11_Continuous_State_Control,701,B3_FIXED_DENSE_FIR,DEV,SUCCESS,80.0,240,20
D10_Dense_FIR_Control,710,B7_PROPOSED_DYNAMIC_LAG_LIFECYCLE,DEV,SUCCESS,113.12285714285714,1164,9
D11_Continuous_State_Control,701,O1_FULL_DENSE_FIR,DEV,SUCCESS,660.0,1980,165
D11_Continuous_State_Control,702,O0_ORACLE_SPARSE,DEV,SUCCESS,25.0,120,5
D10_Dense_FIR_Control,710,B5_SPARSITY_REGULARIZED_FULL_DICTIONARY,DEV,SUCCESS,960.0,1920,0
D10_Dense_FIR_Control,710,B7_E0_MAGNITUDE_EVICTION,DEV,SUCCESS,113.12285714285714,1164,9
D11_Continuous_State_Control,702,O2_ORACLE_SUPPORT_LIFECYCLE,DEV,SUCCESS,25.0,152,5
D10_Dense_FIR_Control,710,B6_PROPORTIONATE_SPARSE_ADAPTIVE_FILTER,DEV,SUCCESS,1280.0,2560,6
D11_Continuous_State_Control,702,B1_LEBRE_NO_REC_BIRTH,DEV,SUCCESS,25.0,136,5
D11_Continuous_State_Control,701,B4_VARIABLE_CONTIGUOUS_TAP_LENGTH,DEV,SUCCESS,236.66285714285715,1920,45
D11_Continuous_State_Control,701,B0_LEBRE_FROZEN,DEV,SUCCESS,46.66,368,8
D11_Continuous_State_Control,702,B3_FIXED_DENSE_FIR,DEV,SUCCESS,80.0,240,20
D11_Continuous_State_Control,701,B5_SPARSITY_REGULARIZED_FULL_DICTIONARY,DEV,SUCCESS,960.0,1920,0
D11_Continuous_State_Control,701,B7_PROPOSED_DYNAMIC_LAG_LIFECYCLE,DEV,SUCCESS,113.53257142857143,1340,9
D11_Continuous_State_Control,701,B7_E0_MAGNITUDE_EVICTION,DEV,SUCCESS,113.53257142857143,1340,9
D11_Continuous_State_Control,702,O1_FULL_DENSE_FIR,DEV,SUCCESS,660.0,1980,165
D11_Continuous_State_Control,703,O0_ORACLE_SPARSE,DEV,SUCCESS,25.0,120,5
D11_Continuous_State_Control,701,B6_PROPORTIONATE_SPARSE_ADAPTIVE_FILTER,DEV,SUCCESS,1280.0,2560,0
D11_Continuous_State_Control,703,O2_ORACLE_SUPPORT_LIFECYCLE,DEV,SUCCESS,25.0,152,5
D11_Continuous_State_Control,703,B1_LEBRE_NO_REC_BIRTH,DEV,SUCCESS,25.0,136,5
D11_Continuous_State_Control,702,B4_VARIABLE_CONTIGUOUS_TAP_LENGTH,DEV,SUCCESS,223.15142857142857,1920,45
D11_Continuous_State_Control,703,B3_FIXED_DENSE_FIR,DEV,SUCCESS,80.0,240,20
D11_Continuous_State_Control,702,B7_E0_MAGNITUDE_EVICTION,DEV,SUCCESS,113.45885714285714,1236,9
D11_Continuous_State_Control,702,B5_SPARSITY_REGULARIZED_FULL_DICTIONARY,DEV,SUCCESS,960.0,1920,0
D11_Continuous_State_Control,702,B0_LEBRE_FROZEN,DEV,SUCCESS,44.47428571428571,368,10
D11_Continuous_State_Control,704,O0_ORACLE_SPARSE,DEV,SUCCESS,25.0,120,5
D11_Continuous_State_Control,702,B7_PROPOSED_DYNAMIC_LAG_LIFECYCLE,DEV,SUCCESS,113.45885714285714,1236,9
D11_Continuous_State_Control,703,O1_FULL_DENSE_FIR,DEV,SUCCESS,660.0,1980,165
D11_Continuous_State_Control,704,O2_ORACLE_SUPPORT_LIFECYCLE,DEV,SUCCESS,25.0,152,5
D11_Continuous_State_Control,702,B6_PROPORTIONATE_SPARSE_ADAPTIVE_FILTER,DEV,SUCCESS,1280.0,2560,1
D11_Continuous_State_Control,703,B4_VARIABLE_CONTIGUOUS_TAP_LENGTH,DEV,SUCCESS,220.5742857142857,1920,45
D11_Continuous_State_Control,703,B0_LEBRE_FROZEN,DEV,SUCCESS,45.60371428571428,368,5
D11_Continuous_State_Control,704,B1_LEBRE_NO_REC_BIRTH,DEV,SUCCESS,25.0,136,5
D11_Continuous_State_Control,703,B7_PROPOSED_DYNAMIC_LAG_LIFECYCLE,DEV,SUCCESS,113.51257142857143,1268,9
D11_Continuous_State_Control,704,B3_FIXED_DENSE_FIR,DEV,SUCCESS,80.0,240,20
D11_Continuous_State_Control,703,B7_E0_MAGNITUDE_EVICTION,DEV,SUCCESS,113.51257142857143,1268,9
D11_Continuous_State_Control,703,B5_SPARSITY_REGULARIZED_FULL_DICTIONARY,DEV,SUCCESS,960.0,1920,0
D11_Continuous_State_Control,704,O1_FULL_DENSE_FIR,DEV,SUCCESS,660.0,1980,165
D11_Continuous_State_Control,703,B6_PROPORTIONATE_SPARSE_ADAPTIVE_FILTER,DEV,SUCCESS,1280.0,2560,3
D11_Continuous_State_Control,705,O0_ORACLE_SPARSE,DEV,SUCCESS,25.0,120,5
D11_Continuous_State_Control,705,O2_ORACLE_SUPPORT_LIFECYCLE,DEV,SUCCESS,25.0,152,5
D11_Continuous_State_Control,704,B4_VARIABLE_CONTIGUOUS_TAP_LENGTH,DEV,SUCCESS,206.71142857142857,1920,45
D11_Continuous_State_Control,705,B1_LEBRE_NO_REC_BIRTH,DEV,SUCCESS,25.0,136,5
D11_Continuous_State_Control,705,B3_FIXED_DENSE_FIR,DEV,SUCCESS,80.0,240,20
D11_Continuous_State_Control,704,B7_PROPOSED_DYNAMIC_LAG_LIFECYCLE,DEV,SUCCESS,113.52742857142857,1364,9
D11_Continuous_State_Control,704,B5_SPARSITY_REGULARIZED_FULL_DICTIONARY,DEV,SUCCESS,960.0,1920,0
D11_Continuous_State_Control,704,B0_LEBRE_FROZEN,DEV,SUCCESS,46.618857142857145,368,10
D11_Continuous_State_Control,704,B7_E0_MAGNITUDE_EVICTION,DEV,SUCCESS,113.52742857142857,1364,9
D11_Continuous_State_Control,706,O0_ORACLE_SPARSE,DEV,SUCCESS,25.0,120,5
D11_Continuous_State_Control,704,B6_PROPORTIONATE_SPARSE_ADAPTIVE_FILTER,DEV,SUCCESS,1280.0,2560,1
D11_Continuous_State_Control,705,O1_FULL_DENSE_FIR,DEV,SUCCESS,660.0,1980,165
D11_Continuous_State_Control,706,O2_ORACLE_SUPPORT_LIFECYCLE,DEV,SUCCESS,25.0,152,5
D11_Continuous_State_Control,706,B1_LEBRE_NO_REC_BIRTH,DEV,SUCCESS,25.0,136,5
D11_Continuous_State_Control,705,B4_VARIABLE_CONTIGUOUS_TAP_LENGTH,DEV,SUCCESS,230.22571428571428,1920,45
D11_Continuous_State_Control,706,B3_FIXED_DENSE_FIR,DEV,SUCCESS,80.0,240,20
D11_Continuous_State_Control,705,B0_LEBRE_FROZEN,DEV,SUCCESS,45.26,368,5
D11_Continuous_State_Control,705,B7_PROPOSED_DYNAMIC_LAG_LIFECYCLE,DEV,SUCCESS,113.49771428571428,1188,9
D11_Continuous_State_Control,705,B5_SPARSITY_REGULARIZED_FULL_DICTIONARY,DEV,SUCCESS,960.0,1920,0
D11_Continuous_State_Control,705,B7_E0_MAGNITUDE_EVICTION,DEV,SUCCESS,113.49771428571428,1188,9
D11_Continuous_State_Control,706,O1_FULL_DENSE_FIR,DEV,SUCCESS,660.0,1980,165
D11_Continuous_State_Control,707,O0_ORACLE_SPARSE,DEV,SUCCESS,25.0,120,5
D11_Continuous_State_Control,705,B6_PROPORTIONATE_SPARSE_ADAPTIVE_FILTER,DEV,SUCCESS,1280.0,2560,7
D11_Continuous_State_Control,707,O2_ORACLE_SUPPORT_LIFECYCLE,DEV,SUCCESS,25.0,152,5
D11_Continuous_State_Control,707,B1_LEBRE_NO_REC_BIRTH,DEV,SUCCESS,25.0,136,5
D11_Continuous_State_Control,706,B4_VARIABLE_CONTIGUOUS_TAP_LENGTH,DEV,SUCCESS,226.29714285714286,1920,45
D11_Continuous_State_Control,706,B7_PROPOSED_DYNAMIC_LAG_LIFECYCLE,DEV,SUCCESS,113.53371428571428,1244,9
D11_Continuous_State_Control,706,B0_LEBRE_FROZEN,DEV,SUCCESS,44.59942857142857,368,10
D11_Continuous_State_Control,707,B3_FIXED_DENSE_FIR,DEV,SUCCESS,80.0,240,20
D11_Continuous_State_Control,706,B7_E0_MAGNITUDE_EVICTION,DEV,SUCCESS,113.53371428571428,1244,9
D11_Continuous_State_Control,706,B5_SPARSITY_REGULARIZED_FULL_DICTIONARY,DEV,SUCCESS,960.0,1920,0
D11_Continuous_State_Control,706,B6_PROPORTIONATE_SPARSE_ADAPTIVE_FILTER,DEV,SUCCESS,1280.0,2560,5
D11_Continuous_State_Control,708,O0_ORACLE_SPARSE,DEV,SUCCESS,25.0,120,5
D11_Continuous_State_Control,707,O1_FULL_DENSE_FIR,DEV,SUCCESS,660.0,1980,165
D11_Continuous_State_Control,708,O2_ORACLE_SUPPORT_LIFECYCLE,DEV,SUCCESS,25.0,152,5
D11_Continuous_State_Control,708,B1_LEBRE_NO_REC_BIRTH,DEV,SUCCESS,25.0,136,5
D11_Continuous_State_Control,707,B4_VARIABLE_CONTIGUOUS_TAP_LENGTH,DEV,SUCCESS,245.74571428571429,1920,50
D11_Continuous_State_Control,707,B0_LEBRE_FROZEN,DEV,SUCCESS,45.05142857142857,368,10
D11_Continuous_State_Control,708,B3_FIXED_DENSE_FIR,DEV,SUCCESS,80.0,240,20
D11_Continuous_State_Control,707,B5_SPARSITY_REGULARIZED_FULL_DICTIONARY,DEV,SUCCESS,960.0,1920,0
D11_Continuous_State_Control,707,B7_PROPOSED_DYNAMIC_LAG_LIFECYCLE,DEV,SUCCESS,113.46457142857143,1400,9
D11_Continuous_State_Control,707,B7_E0_MAGNITUDE_EVICTION,DEV,SUCCESS,113.46457142857143,1400,9
D11_Continuous_State_Control,708,O1_FULL_DENSE_FIR,DEV,SUCCESS,660.0,1980,165
D11_Continuous_State_Control,709,O0_ORACLE_SPARSE,DEV,SUCCESS,25.0,120,5
D11_Continuous_State_Control,707,B6_PROPORTIONATE_SPARSE_ADAPTIVE_FILTER,DEV,SUCCESS,1280.0,2560,2
D11_Continuous_State_Control,709,O2_ORACLE_SUPPORT_LIFECYCLE,DEV,SUCCESS,25.0,152,5
D11_Continuous_State_Control,709,B1_LEBRE_NO_REC_BIRTH,DEV,SUCCESS,25.0,136,5
D11_Continuous_State_Control,708,B4_VARIABLE_CONTIGUOUS_TAP_LENGTH,DEV,SUCCESS,234.43714285714285,1920,45
D11_Continuous_State_Control,708,B7_PROPOSED_DYNAMIC_LAG_LIFECYCLE,DEV,SUCCESS,113.50571428571429,1308,9
D11_Continuous_State_Control,708,B5_SPARSITY_REGULARIZED_FULL_DICTIONARY,DEV,SUCCESS,960.0,1920,0
D11_Continuous_State_Control,709,B3_FIXED_DENSE_FIR,DEV,SUCCESS,80.0,240,20
D11_Continuous_State_Control,709,O1_FULL_DENSE_FIR,DEV,SUCCESS,660.0,1980,165
D11_Continuous_State_Control,708,B7_E0_MAGNITUDE_EVICTION,DEV,SUCCESS,113.50571428571429,1308,9
D11_Continuous_State_Control,710,O0_ORACLE_SPARSE,DEV,SUCCESS,25.0,120,5
D11_Continuous_State_Control,708,B0_LEBRE_FROZEN,DEV,SUCCESS,46.020857142857146,368,10
D11_Continuous_State_Control,708,B6_PROPORTIONATE_SPARSE_ADAPTIVE_FILTER,DEV,SUCCESS,1280.0,2560,2
D11_Continuous_State_Control,709,B4_VARIABLE_CONTIGUOUS_TAP_LENGTH,DEV,SUCCESS,230.52857142857144,1920,45
D11_Continuous_State_Control,710,O2_ORACLE_SUPPORT_LIFECYCLE,DEV,SUCCESS,25.0,152,5
D11_Continuous_State_Control,710,B1_LEBRE_NO_REC_BIRTH,DEV,SUCCESS,25.0,136,5
D11_Continuous_State_Control,709,B0_LEBRE_FROZEN,DEV,SUCCESS,45.73914285714286,368,8
D11_Continuous_State_Control,710,B3_FIXED_DENSE_FIR,DEV,SUCCESS,80.0,240,20
D11_Continuous_State_Control,709,B5_SPARSITY_REGULARIZED_FULL_DICTIONARY,DEV,SUCCESS,960.0,1920,0
D11_Continuous_State_Control,709,B7_PROPOSED_DYNAMIC_LAG_LIFECYCLE,DEV,SUCCESS,113.48342857142858,1392,9
D11_Continuous_State_Control,709,B7_E0_MAGNITUDE_EVICTION,DEV,SUCCESS,113.48342857142858,1392,9
D11_Continuous_State_Control,709,B6_PROPORTIONATE_SPARSE_ADAPTIVE_FILTER,DEV,SUCCESS,1280.0,2560,1
D11_Continuous_State_Control,710,O1_FULL_DENSE_FIR,DEV,SUCCESS,660.0,1980,165
D12_Hybrid_Memory,701,O0_ORACLE_SPARSE,DEV,SUCCESS,31.0,172,6
D12_Hybrid_Memory,701,B1_LEBRE_NO_REC_BIRTH,DEV,SUCCESS,25.0,136,5
D12_Hybrid_Memory,701,O2_ORACLE_SUPPORT_LIFECYCLE,DEV,SUCCESS,31.0,152,6
D11_Continuous_State_Control,710,B4_VARIABLE_CONTIGUOUS_TAP_LENGTH,DEV,SUCCESS,229.96857142857144,1920,45
D12_Hybrid_Memory,701,B3_FIXED_DENSE_FIR,DEV,SUCCESS,80.0,240,20
D11_Continuous_State_Control,710,B7_PROPOSED_DYNAMIC_LAG_LIFECYCLE,DEV,SUCCESS,113.536,1368,9
D11_Continuous_State_Control,710,B7_E0_MAGNITUDE_EVICTION,DEV,SUCCESS,113.536,1368,9
D12_Hybrid_Memory,701,O1_FULL_DENSE_FIR,DEV,SUCCESS,660.0,1980,165
D11_Continuous_State_Control,710,B0_LEBRE_FROZEN,DEV,SUCCESS,46.831714285714284,368,8
D12_Hybrid_Memory,702,O0_ORACLE_SPARSE,DEV,SUCCESS,31.0,172,6
D11_Continuous_State_Control,710,B6_PROPORTIONATE_SPARSE_ADAPTIVE_FILTER,DEV,SUCCESS,1280.0,2560,3
D12_Hybrid_Memory,702,O2_ORACLE_SUPPORT_LIFECYCLE,DEV,SUCCESS,31.0,152,6
D11_Continuous_State_Control,710,B5_SPARSITY_REGULARIZED_FULL_DICTIONARY,DEV,SUCCESS,960.0,1920,0
D12_Hybrid_Memory,702,B1_LEBRE_NO_REC_BIRTH,DEV,SUCCESS,25.0,136,5
D12_Hybrid_Memory,701,B4_VARIABLE_CONTIGUOUS_TAP_LENGTH,DEV,SUCCESS,207.70285714285714,1920,40
D12_Hybrid_Memory,701,B7_E0_MAGNITUDE_EVICTION,DEV,SUCCESS,113.41542857142858,1136,9
D12_Hybrid_Memory,701,B0_LEBRE_FROZEN,DEV,SUCCESS,41.360285714285716,368,10
D12_Hybrid_Memory,701,B7_PROPOSED_DYNAMIC_LAG_LIFECYCLE,DEV,SUCCESS,113.41542857142858,1136,9
D12_Hybrid_Memory,701,B6_PROPORTIONATE_SPARSE_ADAPTIVE_FILTER,DEV,SUCCESS,1280.0,2560,1
D12_Hybrid_Memory,701,B5_SPARSITY_REGULARIZED_FULL_DICTIONARY,DEV,SUCCESS,960.0,1920,0
D12_Hybrid_Memory,702,B3_FIXED_DENSE_FIR,DEV,SUCCESS,80.0,240,20
D12_Hybrid_Memory,703,B1_LEBRE_NO_REC_BIRTH,DEV,SUCCESS,25.0,136,5
D12_Hybrid_Memory,702,B4_VARIABLE_CONTIGUOUS_TAP_LENGTH,DEV,SUCCESS,228.4857142857143,1920,45
D12_Hybrid_Memory,703,O2_ORACLE_SUPPORT_LIFECYCLE,DEV,SUCCESS,31.0,152,6
D12_Hybrid_Memory,702,O1_FULL_DENSE_FIR,DEV,SUCCESS,660.0,1980,165
D12_Hybrid_Memory,702,B0_LEBRE_FROZEN,DEV,SUCCESS,39.412,368,10
D12_Hybrid_Memory,703,O0_ORACLE_SPARSE,DEV,SUCCESS,31.0,172,6
D12_Hybrid_Memory,702,B7_PROPOSED_DYNAMIC_LAG_LIFECYCLE,DEV,SUCCESS,113.37885714285714,1188,9
D12_Hybrid_Memory,702,B5_SPARSITY_REGULARIZED_FULL_DICTIONARY,DEV,SUCCESS,960.0,1920,0
D12_Hybrid_Memory,703,B3_FIXED_DENSE_FIR,DEV,SUCCESS,80.0,240,20
D12_Hybrid_Memory,702,B6_PROPORTIONATE_SPARSE_ADAPTIVE_FILTER,DEV,SUCCESS,1280.0,2560,1
D12_Hybrid_Memory,704,O0_ORACLE_SPARSE,DEV,SUCCESS,31.0,172,6
D12_Hybrid_Memory,703,O1_FULL_DENSE_FIR,DEV,SUCCESS,660.0,1980,165
D12_Hybrid_Memory,703,B4_VARIABLE_CONTIGUOUS_TAP_LENGTH,DEV,SUCCESS,227.70285714285714,1920,45
D12_Hybrid_Memory,704,O2_ORACLE_SUPPORT_LIFECYCLE,DEV,SUCCESS,31.0,152,6
D12_Hybrid_Memory,704,B1_LEBRE_NO_REC_BIRTH,DEV,SUCCESS,25.0,136,5
D12_Hybrid_Memory,702,B7_E0_MAGNITUDE_EVICTION,DEV,SUCCESS,113.37885714285714,1188,9
D12_Hybrid_Memory,704,B3_FIXED_DENSE_FIR,DEV,SUCCESS,80.0,240,20
D12_Hybrid_Memory,703,B5_SPARSITY_REGULARIZED_FULL_DICTIONARY,DEV,SUCCESS,960.0,1920,0
D12_Hybrid_Memory,703,B6_PROPORTIONATE_SPARSE_ADAPTIVE_FILTER,DEV,SUCCESS,1280.0,2560,4
D12_Hybrid_Memory,704,O1_FULL_DENSE_FIR,DEV,SUCCESS,660.0,1980,165
D12_Hybrid_Memory,703,B7_PROPOSED_DYNAMIC_LAG_LIFECYCLE,DEV,SUCCESS,113.43028571428572,1224,9
D12_Hybrid_Memory,703,B7_E0_MAGNITUDE_EVICTION,DEV,SUCCESS,113.43028571428572,1224,9
D12_Hybrid_Memory,703,B0_LEBRE_FROZEN,DEV,SUCCESS,41.09285714285714,368,10
D12_Hybrid_Memory,705,O0_ORACLE_SPARSE,DEV,SUCCESS,31.0,172,6
D12_Hybrid_Memory,705,B1_LEBRE_NO_REC_BIRTH,DEV,SUCCESS,25.0,136,5
D12_Hybrid_Memory,705,O2_ORACLE_SUPPORT_LIFECYCLE,DEV,SUCCESS,31.0,152,6
D12_Hybrid_Memory,704,B5_SPARSITY_REGULARIZED_FULL_DICTIONARY,DEV,SUCCESS,960.0,1920,0
D12_Hybrid_Memory,704,B4_VARIABLE_CONTIGUOUS_TAP_LENGTH,DEV,SUCCESS,198.21428571428572,1920,40
D12_Hybrid_Memory,705,B3_FIXED_DENSE_FIR,DEV,SUCCESS,80.0,240,20
D12_Hybrid_Memory,704,B7_E0_MAGNITUDE_EVICTION,DEV,SUCCESS,113.19885714285714,1200,9
D12_Hybrid_Memory,704,B7_PROPOSED_DYNAMIC_LAG_LIFECYCLE,DEV,SUCCESS,113.19885714285714,1200,9
D12_Hybrid_Memory,704,B6_PROPORTIONATE_SPARSE_ADAPTIVE_FILTER,DEV,SUCCESS,1280.0,2560,1
D12_Hybrid_Memory,706,O0_ORACLE_SPARSE,DEV,SUCCESS,31.0,172,6
D12_Hybrid_Memory,705,O1_FULL_DENSE_FIR,DEV,SUCCESS,660.0,1980,165
D12_Hybrid_Memory,704,B0_LEBRE_FROZEN,DEV,SUCCESS,42.19114285714286,368,5
D12_Hybrid_Memory,706,O2_ORACLE_SUPPORT_LIFECYCLE,DEV,SUCCESS,31.0,152,6
D12_Hybrid_Memory,706,B1_LEBRE_NO_REC_BIRTH,DEV,SUCCESS,25.0,136,5
D12_Hybrid_Memory,705,B4_VARIABLE_CONTIGUOUS_TAP_LENGTH,DEV,SUCCESS,218.35142857142858,1920,45
D12_Hybrid_Memory,705,B0_LEBRE_FROZEN,DEV,SUCCESS,41.32657142857143,368,10
D12_Hybrid_Memory,705,B7_E0_MAGNITUDE_EVICTION,DEV,SUCCESS,113.324,1264,9
D12_Hybrid_Memory,705,B7_PROPOSED_DYNAMIC_LAG_LIFECYCLE,DEV,SUCCESS,113.324,1264,9
D12_Hybrid_Memory,706,B3_FIXED_DENSE_FIR,DEV,SUCCESS,80.0,240,20
D12_Hybrid_Memory,706,O1_FULL_DENSE_FIR,DEV,SUCCESS,660.0,1980,165
D12_Hybrid_Memory,705,B5_SPARSITY_REGULARIZED_FULL_DICTIONARY,DEV,SUCCESS,960.0,1920,0
D12_Hybrid_Memory,705,B6_PROPORTIONATE_SPARSE_ADAPTIVE_FILTER,DEV,SUCCESS,1280.0,2560,3
D12_Hybrid_Memory,707,O0_ORACLE_SPARSE,DEV,SUCCESS,31.0,172,6
D12_Hybrid_Memory,707,O2_ORACLE_SUPPORT_LIFECYCLE,DEV,SUCCESS,31.0,152,6
D12_Hybrid_Memory,707,B1_LEBRE_NO_REC_BIRTH,DEV,SUCCESS,25.0,136,5
D12_Hybrid_Memory,706,B4_VARIABLE_CONTIGUOUS_TAP_LENGTH,DEV,SUCCESS,226.1457142857143,1920,45
D12_Hybrid_Memory,706,B5_SPARSITY_REGULARIZED_FULL_DICTIONARY,DEV,SUCCESS,960.0,1920,0
D12_Hybrid_Memory,706,B7_E0_MAGNITUDE_EVICTION,DEV,SUCCESS,113.2,1264,9
D12_Hybrid_Memory,707,B3_FIXED_DENSE_FIR,DEV,SUCCESS,80.0,240,20
D12_Hybrid_Memory,706,B7_PROPOSED_DYNAMIC_LAG_LIFECYCLE,DEV,SUCCESS,113.2,1264,9
D12_Hybrid_Memory,707,O1_FULL_DENSE_FIR,DEV,SUCCESS,660.0,1980,165
D12_Hybrid_Memory,708,O0_ORACLE_SPARSE,DEV,SUCCESS,31.0,172,6
D12_Hybrid_Memory,706,B6_PROPORTIONATE_SPARSE_ADAPTIVE_FILTER,DEV,SUCCESS,1280.0,2560,5
D12_Hybrid_Memory,707,B4_VARIABLE_CONTIGUOUS_TAP_LENGTH,DEV,SUCCESS,213.1,1920,40
D12_Hybrid_Memory,706,B0_LEBRE_FROZEN,DEV,SUCCESS,42.372,368,5
D12_Hybrid_Memory,708,O2_ORACLE_SUPPORT_LIFECYCLE,DEV,SUCCESS,31.0,152,6
D12_Hybrid_Memory,708,B1_LEBRE_NO_REC_BIRTH,DEV,SUCCESS,25.0,136,5
D12_Hybrid_Memory,707,B7_PROPOSED_DYNAMIC_LAG_LIFECYCLE,DEV,SUCCESS,113.19428571428571,1140,9
D12_Hybrid_Memory,707,B5_SPARSITY_REGULARIZED_FULL_DICTIONARY,DEV,SUCCESS,960.0,1920,0
D12_Hybrid_Memory,707,B7_E0_MAGNITUDE_EVICTION,DEV,SUCCESS,113.19428571428571,1140,9
D12_Hybrid_Memory,707,B0_LEBRE_FROZEN,DEV,SUCCESS,43.38657142857143,368,10
D12_Hybrid_Memory,708,B3_FIXED_DENSE_FIR,DEV,SUCCESS,80.0,240,20
D12_Hybrid_Memory,708,O1_FULL_DENSE_FIR,DEV,SUCCESS,660.0,1980,165
D12_Hybrid_Memory,707,B6_PROPORTIONATE_SPARSE_ADAPTIVE_FILTER,DEV,SUCCESS,1280.0,2560,5
D12_Hybrid_Memory,709,O2_ORACLE_SUPPORT_LIFECYCLE,DEV,SUCCESS,31.0,152,6
D12_Hybrid_Memory,709,B1_LEBRE_NO_REC_BIRTH,DEV,SUCCESS,25.0,136,5
D12_Hybrid_Memory,709,O0_ORACLE_SPARSE,DEV,SUCCESS,31.0,172,6
D12_Hybrid_Memory,708,B0_LEBRE_FROZEN,DEV,SUCCESS,40.728,368,5
D12_Hybrid_Memory,708,B5_SPARSITY_REGULARIZED_FULL_DICTIONARY,DEV,SUCCESS,960.0,1920,0
D12_Hybrid_Memory,708,B7_E0_MAGNITUDE_EVICTION,DEV,SUCCESS,113.21142857142857,1180,9
D12_Hybrid_Memory,708,B7_PROPOSED_DYNAMIC_LAG_LIFECYCLE,DEV,SUCCESS,113.21142857142857,1180,9
D12_Hybrid_Memory,709,O1_FULL_DENSE_FIR,DEV,SUCCESS,660.0,1980,165
D12_Hybrid_Memory,710,O0_ORACLE_SPARSE,DEV,SUCCESS,31.0,172,6
D12_Hybrid_Memory,708,B4_VARIABLE_CONTIGUOUS_TAP_LENGTH,DEV,SUCCESS,226.5457142857143,1920,45
D12_Hybrid_Memory,708,B6_PROPORTIONATE_SPARSE_ADAPTIVE_FILTER,DEV,SUCCESS,1280.0,2560,2
D12_Hybrid_Memory,709,B3_FIXED_DENSE_FIR,DEV,SUCCESS,80.0,240,20
D12_Hybrid_Memory,709,B4_VARIABLE_CONTIGUOUS_TAP_LENGTH,DEV,SUCCESS,229.28571428571428,1920,45
D12_Hybrid_Memory,710,O2_ORACLE_SUPPORT_LIFECYCLE,DEV,SUCCESS,31.0,152,6
D12_Hybrid_Memory,710,B1_LEBRE_NO_REC_BIRTH,DEV,SUCCESS,25.0,136,5
D12_Hybrid_Memory,709,B5_SPARSITY_REGULARIZED_FULL_DICTIONARY,DEV,SUCCESS,960.0,1920,0
D12_Hybrid_Memory,709,B7_PROPOSED_DYNAMIC_LAG_LIFECYCLE,DEV,SUCCESS,113.22057142857143,1268,9
D12_Hybrid_Memory,710,B3_FIXED_DENSE_FIR,DEV,SUCCESS,80.0,240,20
D12_Hybrid_Memory,709,B7_E0_MAGNITUDE_EVICTION,DEV,SUCCESS,113.22057142857143,1268,9
D12_Hybrid_Memory,709,B6_PROPORTIONATE_SPARSE_ADAPTIVE_FILTER,DEV,SUCCESS,1280.0,2560,3
D12_Hybrid_Memory,710,O1_FULL_DENSE_FIR,DEV,SUCCESS,660.0,1980,165
D12_Hybrid_Memory,709,B0_LEBRE_FROZEN,DEV,SUCCESS,43.994,368,5
D12_Hybrid_Memory,710,B4_VARIABLE_CONTIGUOUS_TAP_LENGTH,DEV,SUCCESS,224.87428571428572,1920,45
D12_Hybrid_Memory,710,B7_PROPOSED_DYNAMIC_LAG_LIFECYCLE,DEV,SUCCESS,113.28171428571429,1288,9
D12_Hybrid_Memory,710,B7_E0_MAGNITUDE_EVICTION,DEV,SUCCESS,113.28171428571429,1288,9
D12_Hybrid_Memory,710,B0_LEBRE_FROZEN,DEV,SUCCESS,44.354,240,5
D12_Hybrid_Memory,710,B5_SPARSITY_REGULARIZED_FULL_DICTIONARY,DEV,SUCCESS,960.0,1920,0
D12_Hybrid_Memory,710,B6_PROPORTIONATE_SPARSE_ADAPTIVE_FILTER,DEV,SUCCESS,1280.0,2560,2
D1_Single_Static_Delay,801,O0_ORACLE_SPARSE,EVAL,SUCCESS,31.0,188,6
D1_Single_Static_Delay,801,O2_ORACLE_SUPPORT_LIFECYCLE,EVAL,SUCCESS,31.0,152,6
D1_Single_Static_Delay,801,B1_LEBRE_NO_REC_BIRTH,EVAL,SUCCESS,25.0,136,5
D1_Single_Static_Delay,801,B3_FIXED_DENSE_FIR,EVAL,SUCCESS,80.0,240,20
D1_Single_Static_Delay,801,O1_FULL_DENSE_FIR,EVAL,SUCCESS,660.0,1980,165
D1_Single_Static_Delay,802,O0_ORACLE_SPARSE,EVAL,SUCCESS,31.0,192,6
D1_Single_Static_Delay,802,O2_ORACLE_SUPPORT_LIFECYCLE,EVAL,SUCCESS,31.0,152,6
D1_Single_Static_Delay,802,B1_LEBRE_NO_REC_BIRTH,EVAL,SUCCESS,25.0,136,5
D1_Single_Static_Delay,801,B4_VARIABLE_CONTIGUOUS_TAP_LENGTH,EVAL,SUCCESS,158.18857142857144,1920,30
D1_Single_Static_Delay,802,B3_FIXED_DENSE_FIR,EVAL,SUCCESS,80.0,240,20
D1_Single_Static_Delay,801,B0_LEBRE_FROZEN,EVAL,SUCCESS,37.31314285714286,368,5
D1_Single_Static_Delay,801,B7_PROPOSED_DYNAMIC_LAG_LIFECYCLE,EVAL,SUCCESS,112.53771428571429,1144,9
D1_Single_Static_Delay,801,B5_SPARSITY_REGULARIZED_FULL_DICTIONARY,EVAL,SUCCESS,960.0,1920,0
D1_Single_Static_Delay,801,B7_E0_MAGNITUDE_EVICTION,EVAL,SUCCESS,112.53771428571429,1144,9
D1_Single_Static_Delay,803,O0_ORACLE_SPARSE,EVAL,SUCCESS,31.0,196,6
D1_Single_Static_Delay,802,O1_FULL_DENSE_FIR,EVAL,SUCCESS,660.0,1980,165
D1_Single_Static_Delay,801,B6_PROPORTIONATE_SPARSE_ADAPTIVE_FILTER,EVAL,SUCCESS,1280.0,2560,1
D1_Single_Static_Delay,803,O2_ORACLE_SUPPORT_LIFECYCLE,EVAL,SUCCESS,31.0,152,6
D1_Single_Static_Delay,803,B1_LEBRE_NO_REC_BIRTH,EVAL,SUCCESS,25.0,136,5
D1_Single_Static_Delay,802,B4_VARIABLE_CONTIGUOUS_TAP_LENGTH,EVAL,SUCCESS,160.33428571428573,1920,30
D1_Single_Static_Delay,802,B7_PROPOSED_DYNAMIC_LAG_LIFECYCLE,EVAL,SUCCESS,111.55028571428572,1276,9
D1_Single_Static_Delay,803,B3_FIXED_DENSE_FIR,EVAL,SUCCESS,80.0,240,20
D1_Single_Static_Delay,802,B7_E0_MAGNITUDE_EVICTION,EVAL,SUCCESS,111.55028571428572,1276,9
D1_Single_Static_Delay,802,B0_LEBRE_FROZEN,EVAL,SUCCESS,37.116571428571426,368,5
D1_Single_Static_Delay,803,O1_FULL_DENSE_FIR,EVAL,SUCCESS,660.0,1980,165
D1_Single_Static_Delay,802,B5_SPARSITY_REGULARIZED_FULL_DICTIONARY,EVAL,SUCCESS,960.0,1920,0
D1_Single_Static_Delay,802,B6_PROPORTIONATE_SPARSE_ADAPTIVE_FILTER,EVAL,SUCCESS,1280.0,2560,1
D1_Single_Static_Delay,804,O0_ORACLE_SPARSE,EVAL,SUCCESS,31.0,152,6
D1_Single_Static_Delay,804,B1_LEBRE_NO_REC_BIRTH,EVAL,SUCCESS,25.0,136,5
D1_Single_Static_Delay,804,O2_ORACLE_SUPPORT_LIFECYCLE,EVAL,SUCCESS,31.0,152,6
D1_Single_Static_Delay,803,B4_VARIABLE_CONTIGUOUS_TAP_LENGTH,EVAL,SUCCESS,164.97142857142856,1920,30
D1_Single_Static_Delay,803,B7_PROPOSED_DYNAMIC_LAG_LIFECYCLE,EVAL,SUCCESS,82.35314285714286,1008,6
D1_Single_Static_Delay,804,B3_FIXED_DENSE_FIR,EVAL,SUCCESS,80.0,240,20
D1_Single_Static_Delay,803,B7_E0_MAGNITUDE_EVICTION,EVAL,SUCCESS,82.35314285714286,1008,6
D1_Single_Static_Delay,803,B0_LEBRE_FROZEN,EVAL,SUCCESS,38.529428571428575,368,5
D1_Single_Static_Delay,803,B5_SPARSITY_REGULARIZED_FULL_DICTIONARY,EVAL,SUCCESS,960.0,1920,0
D1_Single_Static_Delay,804,O1_FULL_DENSE_FIR,EVAL,SUCCESS,660.0,1980,165
D1_Single_Static_Delay,805,O0_ORACLE_SPARSE,EVAL,SUCCESS,31.0,156,6
D1_Single_Static_Delay,803,B6_PROPORTIONATE_SPARSE_ADAPTIVE_FILTER,EVAL,SUCCESS,1280.0,2560,1
D1_Single_Static_Delay,804,B4_VARIABLE_CONTIGUOUS_TAP_LENGTH,EVAL,SUCCESS,126.24571428571429,1920,25
D1_Single_Static_Delay,805,O2_ORACLE_SUPPORT_LIFECYCLE,EVAL,SUCCESS,31.0,152,6
D1_Single_Static_Delay,805,B1_LEBRE_NO_REC_BIRTH,EVAL,SUCCESS,25.0,136,5
D1_Single_Static_Delay,805,B3_FIXED_DENSE_FIR,EVAL,SUCCESS,80.0,240,20
D1_Single_Static_Delay,804,B7_E0_MAGNITUDE_EVICTION,EVAL,SUCCESS,113.11885714285714,1332,9
D1_Single_Static_Delay,804,B0_LEBRE_FROZEN,EVAL,SUCCESS,38.438,368,8
D1_Single_Static_Delay,804,B5_SPARSITY_REGULARIZED_FULL_DICTIONARY,EVAL,SUCCESS,960.0,1920,0
D1_Single_Static_Delay,804,B7_PROPOSED_DYNAMIC_LAG_LIFECYCLE,EVAL,SUCCESS,113.11885714285714,1332,9
D1_Single_Static_Delay,806,O0_ORACLE_SPARSE,EVAL,SUCCESS,31.0,160,6
D1_Single_Static_Delay,805,O1_FULL_DENSE_FIR,EVAL,SUCCESS,660.0,1980,165
D1_Single_Static_Delay,804,B6_PROPORTIONATE_SPARSE_ADAPTIVE_FILTER,EVAL,SUCCESS,1280.0,2560,1
D1_Single_Static_Delay,806,O2_ORACLE_SUPPORT_LIFECYCLE,EVAL,SUCCESS,31.0,152,6
D1_Single_Static_Delay,805,B4_VARIABLE_CONTIGUOUS_TAP_LENGTH,EVAL,SUCCESS,146.06285714285715,1920,30
D1_Single_Static_Delay,806,B1_LEBRE_NO_REC_BIRTH,EVAL,SUCCESS,25.0,136,5
D1_Single_Static_Delay,806,B3_FIXED_DENSE_FIR,EVAL,SUCCESS,80.0,240,20
D1_Single_Static_Delay,805,B5_SPARSITY_REGULARIZED_FULL_DICTIONARY,EVAL,SUCCESS,960.0,1920,0
D1_Single_Static_Delay,805,B0_LEBRE_FROZEN,EVAL,SUCCESS,37.906571428571425,368,5
D1_Single_Static_Delay,805,B7_PROPOSED_DYNAMIC_LAG_LIFECYCLE,EVAL,SUCCESS,112.59142857142857,1220,9
D1_Single_Static_Delay,806,O1_FULL_DENSE_FIR,EVAL,SUCCESS,660.0,1980,165
D1_Single_Static_Delay,805,B7_E0_MAGNITUDE_EVICTION,EVAL,SUCCESS,112.59142857142857,1220,9
D1_Single_Static_Delay,805,B6_PROPORTIONATE_SPARSE_ADAPTIVE_FILTER,EVAL,SUCCESS,1280.0,2560,1
D1_Single_Static_Delay,807,O0_ORACLE_SPARSE,EVAL,SUCCESS,31.0,164,6
D1_Single_Static_Delay,807,B1_LEBRE_NO_REC_BIRTH,EVAL,SUCCESS,25.0,136,5
D1_Single_Static_Delay,806,B4_VARIABLE_CONTIGUOUS_TAP_LENGTH,EVAL,SUCCESS,164.0742857142857,1920,35
D1_Single_Static_Delay,807,O2_ORACLE_SUPPORT_LIFECYCLE,EVAL,SUCCESS,31.0,152,6
D1_Single_Static_Delay,806,B7_PROPOSED_DYNAMIC_LAG_LIFECYCLE,EVAL,SUCCESS,90.502,1108,7
D1_Single_Static_Delay,806,B7_E0_MAGNITUDE_EVICTION,EVAL,SUCCESS,90.502,1108,7
D1_Single_Static_Delay,807,B3_FIXED_DENSE_FIR,EVAL,SUCCESS,80.0,240,20
D1_Single_Static_Delay,806,B5_SPARSITY_REGULARIZED_FULL_DICTIONARY,EVAL,SUCCESS,960.0,1920,0
D1_Single_Static_Delay,807,O1_FULL_DENSE_FIR,EVAL,SUCCESS,660.0,1980,165
D1_Single_Static_Delay,806,B0_LEBRE_FROZEN,EVAL,SUCCESS,38.14714285714286,368,5
D1_Single_Static_Delay,806,B6_PROPORTIONATE_SPARSE_ADAPTIVE_FILTER,EVAL,SUCCESS,1280.0,2560,1
D1_Single_Static_Delay,808,O0_ORACLE_SPARSE,EVAL,SUCCESS,31.0,168,6
D1_Single_Static_Delay,808,O2_ORACLE_SUPPORT_LIFECYCLE,EVAL,SUCCESS,31.0,152,6
D1_Single_Static_Delay,808,B1_LEBRE_NO_REC_BIRTH,EVAL,SUCCESS,25.0,136,5
D1_Single_Static_Delay,807,B4_VARIABLE_CONTIGUOUS_TAP_LENGTH,EVAL,SUCCESS,178.85714285714286,1920,35
D1_Single_Static_Delay,808,B3_FIXED_DENSE_FIR,EVAL,SUCCESS,80.0,240,20
D1_Single_Static_Delay,807,B5_SPARSITY_REGULARIZED_FULL_DICTIONARY,EVAL,SUCCESS,960.0,1920,0
D1_Single_Static_Delay,807,B0_LEBRE_FROZEN,EVAL,SUCCESS,39.20028571428571,368,5
D1_Single_Static_Delay,807,B7_PROPOSED_DYNAMIC_LAG_LIFECYCLE,EVAL,SUCCESS,112.58914285714286,1228,9
D1_Single_Static_Delay,807,B6_PROPORTIONATE_SPARSE_ADAPTIVE_FILTER,EVAL,SUCCESS,1280.0,2560,1
D1_Single_Static_Delay,807,B7_E0_MAGNITUDE_EVICTION,EVAL,SUCCESS,112.58914285714286,1228,9
D1_Single_Static_Delay,808,O1_FULL_DENSE_FIR,EVAL,SUCCESS,660.0,1980,165
D1_Single_Static_Delay,809,O0_ORACLE_SPARSE,EVAL,SUCCESS,31.0,172,6
D1_Single_Static_Delay,809,O2_ORACLE_SUPPORT_LIFECYCLE,EVAL,SUCCESS,31.0,152,6
D1_Single_Static_Delay,809,B1_LEBRE_NO_REC_BIRTH,EVAL,SUCCESS,25.0,136,5
D1_Single_Static_Delay,808,B4_VARIABLE_CONTIGUOUS_TAP_LENGTH,EVAL,SUCCESS,136.93142857142857,1920,25
D1_Single_Static_Delay,809,B3_FIXED_DENSE_FIR,EVAL,SUCCESS,80.0,240,20
D1_Single_Static_Delay,808,B5_SPARSITY_REGULARIZED_FULL_DICTIONARY,EVAL,SUCCESS,960.0,1920,0
D1_Single_Static_Delay,808,B7_PROPOSED_DYNAMIC_LAG_LIFECYCLE,EVAL,SUCCESS,112.66457142857143,1288,9
D1_Single_Static_Delay,808,B7_E0_MAGNITUDE_EVICTION,EVAL,SUCCESS,112.66457142857143,1288,9
D1_Single_Static_Delay,808,B0_LEBRE_FROZEN,EVAL,SUCCESS,36.55942857142857,368,10
D1_Single_Static_Delay,809,O1_FULL_DENSE_FIR,EVAL,SUCCESS,660.0,1980,165
D1_Single_Static_Delay,808,B6_PROPORTIONATE_SPARSE_ADAPTIVE_FILTER,EVAL,SUCCESS,1280.0,2560,1
D1_Single_Static_Delay,810,O0_ORACLE_SPARSE,EVAL,SUCCESS,31.0,176,6
D1_Single_Static_Delay,810,O2_ORACLE_SUPPORT_LIFECYCLE,EVAL,SUCCESS,31.0,152,6
D1_Single_Static_Delay,810,B1_LEBRE_NO_REC_BIRTH,EVAL,SUCCESS,25.0,136,5
D1_Single_Static_Delay,809,B4_VARIABLE_CONTIGUOUS_TAP_LENGTH,EVAL,SUCCESS,157.58,1920,30
D1_Single_Static_Delay,809,B7_PROPOSED_DYNAMIC_LAG_LIFECYCLE,EVAL,SUCCESS,102.91714285714286,1260,9
D1_Single_Static_Delay,810,B3_FIXED_DENSE_FIR,EVAL,SUCCESS,80.0,240,20
D1_Single_Static_Delay,809,B0_LEBRE_FROZEN,EVAL,SUCCESS,37.71028571428572,368,8
D1_Single_Static_Delay,809,B7_E0_MAGNITUDE_EVICTION,EVAL,SUCCESS,102.91714285714286,1260,9
D1_Single_Static_Delay,809,B5_SPARSITY_REGULARIZED_FULL_DICTIONARY,EVAL,SUCCESS,960.0,1920,0
D1_Single_Static_Delay,810,O1_FULL_DENSE_FIR,EVAL,SUCCESS,660.0,1980,165
D1_Single_Static_Delay,811,O0_ORACLE_SPARSE,EVAL,SUCCESS,31.0,180,6
D1_Single_Static_Delay,809,B6_PROPORTIONATE_SPARSE_ADAPTIVE_FILTER,EVAL,SUCCESS,1280.0,2560,1
D1_Single_Static_Delay,811,O2_ORACLE_SUPPORT_LIFECYCLE,EVAL,SUCCESS,31.0,152,6
D1_Single_Static_Delay,811,B1_LEBRE_NO_REC_BIRTH,EVAL,SUCCESS,25.0,136,5
D1_Single_Static_Delay,810,B4_VARIABLE_CONTIGUOUS_TAP_LENGTH,EVAL,SUCCESS,140.92,1920,30
D1_Single_Static_Delay,811,B3_FIXED_DENSE_FIR,EVAL,SUCCESS,80.0,240,20
D1_Single_Static_Delay,810,B7_PROPOSED_DYNAMIC_LAG_LIFECYCLE,EVAL,SUCCESS,112.40514285714286,1312,9
D1_Single_Static_Delay,810,B5_SPARSITY_REGULARIZED_FULL_DICTIONARY,EVAL,SUCCESS,960.0,1920,0
D1_Single_Static_Delay,810,B7_E0_MAGNITUDE_EVICTION,EVAL,SUCCESS,112.40514285714286,1312,9
D1_Single_Static_Delay,810,B0_LEBRE_FROZEN,EVAL,SUCCESS,38.620285714285714,368,8
D1_Single_Static_Delay,811,O1_FULL_DENSE_FIR,EVAL,SUCCESS,660.0,1980,165
D1_Single_Static_Delay,810,B6_PROPORTIONATE_SPARSE_ADAPTIVE_FILTER,EVAL,SUCCESS,1280.0,2560,1
D1_Single_Static_Delay,812,O0_ORACLE_SPARSE,EVAL,SUCCESS,31.0,184,6
D1_Single_Static_Delay,812,O2_ORACLE_SUPPORT_LIFECYCLE,EVAL,SUCCESS,31.0,152,6
D1_Single_Static_Delay,811,B4_VARIABLE_CONTIGUOUS_TAP_LENGTH,EVAL,SUCCESS,157.14285714285714,1920,30
D1_Single_Static_Delay,812,B1_LEBRE_NO_REC_BIRTH,EVAL,SUCCESS,25.0,136,5
D1_Single_Static_Delay,811,B7_PROPOSED_DYNAMIC_LAG_LIFECYCLE,EVAL,SUCCESS,81.19371428571428,960,6
D1_Single_Static_Delay,811,B5_SPARSITY_REGULARIZED_FULL_DICTIONARY,EVAL,SUCCESS,960.0,1920,0
D1_Single_Static_Delay,812,B3_FIXED_DENSE_FIR,EVAL,SUCCESS,80.0,240,20
D1_Single_Static_Delay,811,B7_E0_MAGNITUDE_EVICTION,EVAL,SUCCESS,81.19371428571428,960,6
D1_Single_Static_Delay,811,B0_LEBRE_FROZEN,EVAL,SUCCESS,37.73085714285714,240,5
D1_Single_Static_Delay,812,O1_FULL_DENSE_FIR,EVAL,SUCCESS,660.0,1980,165
D1_Single_Static_Delay,813,O0_ORACLE_SPARSE,EVAL,SUCCESS,31.0,188,6
D1_Single_Static_Delay,811,B6_PROPORTIONATE_SPARSE_ADAPTIVE_FILTER,EVAL,SUCCESS,1280.0,2560,1
D1_Single_Static_Delay,813,O2_ORACLE_SUPPORT_LIFECYCLE,EVAL,SUCCESS,31.0,152,6
D1_Single_Static_Delay,813,B1_LEBRE_NO_REC_BIRTH,EVAL,SUCCESS,25.0,136,5
D1_Single_Static_Delay,812,B4_VARIABLE_CONTIGUOUS_TAP_LENGTH,EVAL,SUCCESS,142.8257142857143,1920,30
D1_Single_Static_Delay,813,B3_FIXED_DENSE_FIR,EVAL,SUCCESS,80.0,240,20
D1_Single_Static_Delay,812,B5_SPARSITY_REGULARIZED_FULL_DICTIONARY,EVAL,SUCCESS,960.0,1920,0
D1_Single_Static_Delay,812,B7_PROPOSED_DYNAMIC_LAG_LIFECYCLE,EVAL,SUCCESS,112.35314285714286,1304,9
D1_Single_Static_Delay,812,B0_LEBRE_FROZEN,EVAL,SUCCESS,37.74542857142857,368,5
D1_Single_Static_Delay,812,B7_E0_MAGNITUDE_EVICTION,EVAL,SUCCESS,112.35314285714286,1304,9
D1_Single_Static_Delay,813,O1_FULL_DENSE_FIR,EVAL,SUCCESS,660.0,1980,165
D1_Single_Static_Delay,814,O0_ORACLE_SPARSE,EVAL,SUCCESS,31.0,192,6
D1_Single_Static_Delay,812,B6_PROPORTIONATE_SPARSE_ADAPTIVE_FILTER,EVAL,SUCCESS,1280.0,2560,1
D1_Single_Static_Delay,814,O2_ORACLE_SUPPORT_LIFECYCLE,EVAL,SUCCESS,31.0,152,6
D1_Single_Static_Delay,814,B1_LEBRE_NO_REC_BIRTH,EVAL,SUCCESS,25.0,136,5
D1_Single_Static_Delay,813,B4_VARIABLE_CONTIGUOUS_TAP_LENGTH,EVAL,SUCCESS,172.82285714285715,1920,35
D1_Single_Static_Delay,813,B7_PROPOSED_DYNAMIC_LAG_LIFECYCLE,EVAL,SUCCESS,92.46228571428571,1004,7
D1_Single_Static_Delay,814,B3_FIXED_DENSE_FIR,EVAL,SUCCESS,80.0,240,20
D1_Single_Static_Delay,813,B7_E0_MAGNITUDE_EVICTION,EVAL,SUCCESS,92.46228571428571,1004,7
D1_Single_Static_Delay,813,B0_LEBRE_FROZEN,EVAL,SUCCESS,37.89342857142857,368,5
D1_Single_Static_Delay,813,B5_SPARSITY_REGULARIZED_FULL_DICTIONARY,EVAL,SUCCESS,960.0,1920,0
D1_Single_Static_Delay,814,O1_FULL_DENSE_FIR,EVAL,SUCCESS,660.0,1980,165
D1_Single_Static_Delay,815,O0_ORACLE_SPARSE,EVAL,SUCCESS,31.0,196,6
D1_Single_Static_Delay,813,B6_PROPORTIONATE_SPARSE_ADAPTIVE_FILTER,EVAL,SUCCESS,1280.0,2560,1
D1_Single_Static_Delay,814,B4_VARIABLE_CONTIGUOUS_TAP_LENGTH,EVAL,SUCCESS,142.90285714285713,1920,30
D1_Single_Static_Delay,815,O2_ORACLE_SUPPORT_LIFECYCLE,EVAL,SUCCESS,31.0,152,6
D1_Single_Static_Delay,815,B1_LEBRE_NO_REC_BIRTH,EVAL,SUCCESS,25.0,136,5
D1_Single_Static_Delay,815,B3_FIXED_DENSE_FIR,EVAL,SUCCESS,80.0,240,20
D1_Single_Static_Delay,814,B0_LEBRE_FROZEN,EVAL,SUCCESS,38.054,368,5
D1_Single_Static_Delay,814,B7_PROPOSED_DYNAMIC_LAG_LIFECYCLE,EVAL,SUCCESS,112.68114285714286,1228,9
D1_Single_Static_Delay,814,B5_SPARSITY_REGULARIZED_FULL_DICTIONARY,EVAL,SUCCESS,960.0,1920,0
D1_Single_Static_Delay,815,O1_FULL_DENSE_FIR,EVAL,SUCCESS,660.0,1980,165
D1_Single_Static_Delay,814,B7_E0_MAGNITUDE_EVICTION,EVAL,SUCCESS,112.68114285714286,1228,9
D1_Single_Static_Delay,816,O0_ORACLE_SPARSE,EVAL,SUCCESS,31.0,152,6
D1_Single_Static_Delay,814,B6_PROPORTIONATE_SPARSE_ADAPTIVE_FILTER,EVAL,SUCCESS,1280.0,2560,1
D1_Single_Static_Delay,816,O2_ORACLE_SUPPORT_LIFECYCLE,EVAL,SUCCESS,31.0,152,6
D1_Single_Static_Delay,816,B1_LEBRE_NO_REC_BIRTH,EVAL,SUCCESS,25.0,136,5
D1_Single_Static_Delay,815,B4_VARIABLE_CONTIGUOUS_TAP_LENGTH,EVAL,SUCCESS,164.69142857142856,1920,30
D1_Single_Static_Delay,815,B7_PROPOSED_DYNAMIC_LAG_LIFECYCLE,EVAL,SUCCESS,92.104,972,7
D1_Single_Static_Delay,816,B3_FIXED_DENSE_FIR,EVAL,SUCCESS,80.0,240,20
D1_Single_Static_Delay,815,B7_E0_MAGNITUDE_EVICTION,EVAL,SUCCESS,92.104,972,7
D1_Single_Static_Delay,815,B5_SPARSITY_REGULARIZED_FULL_DICTIONARY,EVAL,SUCCESS,960.0,1920,0
D1_Single_Static_Delay,815,B0_LEBRE_FROZEN,EVAL,SUCCESS,37.70428571428572,368,5
D1_Single_Static_Delay,816,O1_FULL_DENSE_FIR,EVAL,SUCCESS,660.0,1980,165
D1_Single_Static_Delay,815,B6_PROPORTIONATE_SPARSE_ADAPTIVE_FILTER,EVAL,SUCCESS,1280.0,2560,1
D1_Single_Static_Delay,817,O0_ORACLE_SPARSE,EVAL,SUCCESS,31.0,156,6
D1_Single_Static_Delay,817,O2_ORACLE_SUPPORT_LIFECYCLE,EVAL,SUCCESS,31.0,152,6
D1_Single_Static_Delay,816,B4_VARIABLE_CONTIGUOUS_TAP_LENGTH,EVAL,SUCCESS,125.78857142857143,1920,25
D1_Single_Static_Delay,817,B1_LEBRE_NO_REC_BIRTH,EVAL,SUCCESS,25.0,136,5
D1_Single_Static_Delay,816,B7_PROPOSED_DYNAMIC_LAG_LIFECYCLE,EVAL,SUCCESS,82.33942857142857,964,6
D1_Single_Static_Delay,817,B3_FIXED_DENSE_FIR,EVAL,SUCCESS,80.0,240,20
D1_Single_Static_Delay,816,B7_E0_MAGNITUDE_EVICTION,EVAL,SUCCESS,82.33942857142857,964,6
D1_Single_Static_Delay,816,B5_SPARSITY_REGULARIZED_FULL_DICTIONARY,EVAL,SUCCESS,960.0,1920,0
D1_Single_Static_Delay,816,B0_LEBRE_FROZEN,EVAL,SUCCESS,38.432857142857145,368,8
D1_Single_Static_Delay,818,O0_ORACLE_SPARSE,EVAL,SUCCESS,31.0,160,6
D1_Single_Static_Delay,816,B6_PROPORTIONATE_SPARSE_ADAPTIVE_FILTER,EVAL,SUCCESS,1280.0,2560,1
D1_Single_Static_Delay,817,O1_FULL_DENSE_FIR,EVAL,SUCCESS,660.0,1980,165
D1_Single_Static_Delay,818,O2_ORACLE_SUPPORT_LIFECYCLE,EVAL,SUCCESS,31.0,152,6
D1_Single_Static_Delay,818,B1_LEBRE_NO_REC_BIRTH,EVAL,SUCCESS,25.0,136,5
D1_Single_Static_Delay,817,B4_VARIABLE_CONTIGUOUS_TAP_LENGTH,EVAL,SUCCESS,146.50571428571428,1920,30
D1_Single_Static_Delay,818,B3_FIXED_DENSE_FIR,EVAL,SUCCESS,80.0,240,20
D1_Single_Static_Delay,817,B7_PROPOSED_DYNAMIC_LAG_LIFECYCLE,EVAL,SUCCESS,111.83714285714285,1316,9
D1_Single_Static_Delay,817,B0_LEBRE_FROZEN,EVAL,SUCCESS,38.80828571428572,368,5
D1_Single_Static_Delay,818,O1_FULL_DENSE_FIR,EVAL,SUCCESS,660.0,1980,165
D1_Single_Static_Delay,817,B5_SPARSITY_REGULARIZED_FULL_DICTIONARY,EVAL,SUCCESS,960.0,1920,0
D1_Single_Static_Delay,817,B7_E0_MAGNITUDE_EVICTION,EVAL,SUCCESS,111.83714285714285,1316,9
D1_Single_Static_Delay,819,O0_ORACLE_SPARSE,EVAL,SUCCESS,31.0,164,6
D1_Single_Static_Delay,817,B6_PROPORTIONATE_SPARSE_ADAPTIVE_FILTER,EVAL,SUCCESS,1280.0,2560,1
D1_Single_Static_Delay,819,O2_ORACLE_SUPPORT_LIFECYCLE,EVAL,SUCCESS,31.0,152,6
D1_Single_Static_Delay,818,B4_VARIABLE_CONTIGUOUS_TAP_LENGTH,EVAL,SUCCESS,164.0742857142857,1920,35
D1_Single_Static_Delay,818,B7_PROPOSED_DYNAMIC_LAG_LIFECYCLE,EVAL,SUCCESS,82.60342857142857,972,6
D1_Single_Static_Delay,819,B1_LEBRE_NO_REC_BIRTH,EVAL,SUCCESS,25.0,136,5
D1_Single_Static_Delay,818,B7_E0_MAGNITUDE_EVICTION,EVAL,SUCCESS,82.60342857142857,972,6
D1_Single_Static_Delay,818,B5_SPARSITY_REGULARIZED_FULL_DICTIONARY,EVAL,SUCCESS,960.0,1920,0
D1_Single_Static_Delay,819,B3_FIXED_DENSE_FIR,EVAL,SUCCESS,80.0,240,20
D1_Single_Static_Delay,818,B0_LEBRE_FROZEN,EVAL,SUCCESS,38.558571428571426,368,10
D1_Single_Static_Delay,819,O1_FULL_DENSE_FIR,EVAL,SUCCESS,660.0,1980,165
D1_Single_Static_Delay,818,B6_PROPORTIONATE_SPARSE_ADAPTIVE_FILTER,EVAL,SUCCESS,1280.0,2560,1
D1_Single_Static_Delay,820,O0_ORACLE_SPARSE,EVAL,SUCCESS,31.0,168,6
D1_Single_Static_Delay,820,B1_LEBRE_NO_REC_BIRTH,EVAL,SUCCESS,25.0,136,5
D1_Single_Static_Delay,820,O2_ORACLE_SUPPORT_LIFECYCLE,EVAL,SUCCESS,31.0,152,6
D1_Single_Static_Delay,819,B4_VARIABLE_CONTIGUOUS_TAP_LENGTH,EVAL,SUCCESS,182.00857142857143,1920,35
D1_Single_Static_Delay,819,B7_PROPOSED_DYNAMIC_LAG_LIFECYCLE,EVAL,SUCCESS,86.58685714285714,1052,7
D1_Single_Static_Delay,820,B3_FIXED_DENSE_FIR,EVAL,SUCCESS,80.0,240,20
D1_Single_Static_Delay,819,B7_E0_MAGNITUDE_EVICTION,EVAL,SUCCESS,86.58685714285714,1052,7
D1_Single_Static_Delay,819,B5_SPARSITY_REGULARIZED_FULL_DICTIONARY,EVAL,SUCCESS,960.0,1920,0
D1_Single_Static_Delay,819,B0_LEBRE_FROZEN,EVAL,SUCCESS,37.98571428571429,368,5
D1_Single_Static_Delay,820,O1_FULL_DENSE_FIR,EVAL,SUCCESS,660.0,1980,165
D1_Single_Static_Delay,821,O0_ORACLE_SPARSE,EVAL,SUCCESS,31.0,172,6
D1_Single_Static_Delay,819,B6_PROPORTIONATE_SPARSE_ADAPTIVE_FILTER,EVAL,SUCCESS,1280.0,2560,1
D1_Single_Static_Delay,821,O2_ORACLE_SUPPORT_LIFECYCLE,EVAL,SUCCESS,31.0,152,6
D1_Single_Static_Delay,820,B4_VARIABLE_CONTIGUOUS_TAP_LENGTH,EVAL,SUCCESS,128.44857142857143,1920,25
D1_Single_Static_Delay,821,B1_LEBRE_NO_REC_BIRTH,EVAL,SUCCESS,25.0,136,5
D1_Single_Static_Delay,821,B3_FIXED_DENSE_FIR,EVAL,SUCCESS,80.0,240,20
D1_Single_Static_Delay,820,B5_SPARSITY_REGULARIZED_FULL_DICTIONARY,EVAL,SUCCESS,960.0,1920,0
D1_Single_Static_Delay,820,B7_PROPOSED_DYNAMIC_LAG_LIFECYCLE,EVAL,SUCCESS,113.08457142857142,1152,9
D1_Single_Static_Delay,820,B0_LEBRE_FROZEN,EVAL,SUCCESS,36.934,368,5
D1_Single_Static_Delay,820,B7_E0_MAGNITUDE_EVICTION,EVAL,SUCCESS,113.08457142857142,1152,9
D1_Single_Static_Delay,821,O1_FULL_DENSE_FIR,EVAL,SUCCESS,660.0,1980,165
D1_Single_Static_Delay,822,O0_ORACLE_SPARSE,EVAL,SUCCESS,31.0,176,6
D1_Single_Static_Delay,822,O2_ORACLE_SUPPORT_LIFECYCLE,EVAL,SUCCESS,31.0,152,6
D1_Single_Static_Delay,820,B6_PROPORTIONATE_SPARSE_ADAPTIVE_FILTER,EVAL,SUCCESS,1280.0,2560,1
D1_Single_Static_Delay,821,B4_VARIABLE_CONTIGUOUS_TAP_LENGTH,EVAL,SUCCESS,167.18571428571428,1920,35
D1_Single_Static_Delay,822,B1_LEBRE_NO_REC_BIRTH,EVAL,SUCCESS,25.0,136,5
D1_Single_Static_Delay,821,B7_PROPOSED_DYNAMIC_LAG_LIFECYCLE,EVAL,SUCCESS,82.45714285714286,984,6
D1_Single_Static_Delay,821,B7_E0_MAGNITUDE_EVICTION,EVAL,SUCCESS,82.45714285714286,984,6
D1_Single_Static_Delay,822,B3_FIXED_DENSE_FIR,EVAL,SUCCESS,80.0,240,20
D1_Single_Static_Delay,821,B5_SPARSITY_REGULARIZED_FULL_DICTIONARY,EVAL,SUCCESS,960.0,1920,0
D1_Single_Static_Delay,822,O1_FULL_DENSE_FIR,EVAL,SUCCESS,660.0,1980,165
D1_Single_Static_Delay,821,B0_LEBRE_FROZEN,EVAL,SUCCESS,37.95457142857143,240,5
D1_Single_Static_Delay,821,B6_PROPORTIONATE_SPARSE_ADAPTIVE_FILTER,EVAL,SUCCESS,1280.0,2560,1
D1_Single_Static_Delay,823,O0_ORACLE_SPARSE,EVAL,SUCCESS,31.0,180,6
D1_Single_Static_Delay,823,O2_ORACLE_SUPPORT_LIFECYCLE,EVAL,SUCCESS,31.0,152,6
D1_Single_Static_Delay,823,B1_LEBRE_NO_REC_BIRTH,EVAL,SUCCESS,25.0,136,5
D1_Single_Static_Delay,822,B7_PROPOSED_DYNAMIC_LAG_LIFECYCLE,EVAL,SUCCESS,83.32,1020,7
D1_Single_Static_Delay,822,B4_VARIABLE_CONTIGUOUS_TAP_LENGTH,EVAL,SUCCESS,149.22285714285715,1920,30
D1_Single_Static_Delay,823,B3_FIXED_DENSE_FIR,EVAL,SUCCESS,80.0,240,20
D1_Single_Static_Delay,822,B7_E0_MAGNITUDE_EVICTION,EVAL,SUCCESS,83.32,1020,7
D1_Single_Static_Delay,822,B5_SPARSITY_REGULARIZED_FULL_DICTIONARY,EVAL,SUCCESS,960.0,1920,0
D1_Single_Static_Delay,822,B0_LEBRE_FROZEN,EVAL,SUCCESS,38.70171428571429,368,10
D1_Single_Static_Delay,822,B6_PROPORTIONATE_SPARSE_ADAPTIVE_FILTER,EVAL,SUCCESS,1280.0,2560,1
D1_Single_Static_Delay,824,O0_ORACLE_SPARSE,EVAL,SUCCESS,31.0,184,6
D1_Single_Static_Delay,823,O1_FULL_DENSE_FIR,EVAL,SUCCESS,660.0,1980,165
D1_Single_Static_Delay,824,O2_ORACLE_SUPPORT_LIFECYCLE,EVAL,SUCCESS,31.0,152,6
D1_Single_Static_Delay,823,B4_VARIABLE_CONTIGUOUS_TAP_LENGTH,EVAL,SUCCESS,145.19714285714286,1920,30
D1_Single_Static_Delay,824,B1_LEBRE_NO_REC_BIRTH,EVAL,SUCCESS,25.0,136,5
D1_Single_Static_Delay,824,B3_FIXED_DENSE_FIR,EVAL,SUCCESS,80.0,240,20
D1_Single_Static_Delay,823,B5_SPARSITY_REGULARIZED_FULL_DICTIONARY,EVAL,SUCCESS,960.0,1920,0
D1_Single_Static_Delay,823,B0_LEBRE_FROZEN,EVAL,SUCCESS,37.059714285714286,368,8
D1_Single_Static_Delay,823,B7_PROPOSED_DYNAMIC_LAG_LIFECYCLE,EVAL,SUCCESS,112.5,1236,9
D1_Single_Static_Delay,823,B7_E0_MAGNITUDE_EVICTION,EVAL,SUCCESS,112.5,1236,9
D1_Single_Static_Delay,825,O0_ORACLE_SPARSE,EVAL,SUCCESS,31.0,188,6
D1_Single_Static_Delay,824,O1_FULL_DENSE_FIR,EVAL,SUCCESS,660.0,1980,165
D1_Single_Static_Delay,823,B6_PROPORTIONATE_SPARSE_ADAPTIVE_FILTER,EVAL,SUCCESS,1280.0,2560,1
D1_Single_Static_Delay,825,O2_ORACLE_SUPPORT_LIFECYCLE,EVAL,SUCCESS,31.0,152,6
D1_Single_Static_Delay,824,B4_VARIABLE_CONTIGUOUS_TAP_LENGTH,EVAL,SUCCESS,152.38571428571427,1920,30
D1_Single_Static_Delay,825,B1_LEBRE_NO_REC_BIRTH,EVAL,SUCCESS,25.0,136,5
D1_Single_Static_Delay,824,B7_PROPOSED_DYNAMIC_LAG_LIFECYCLE,EVAL,SUCCESS,112.468,1252,9
D1_Single_Static_Delay,825,B3_FIXED_DENSE_FIR,EVAL,SUCCESS,80.0,240,20
D1_Single_Static_Delay,824,B0_LEBRE_FROZEN,EVAL,SUCCESS,37.06485714285714,368,8
D1_Single_Static_Delay,824,B7_E0_MAGNITUDE_EVICTION,EVAL,SUCCESS,112.468,1252,9
D1_Single_Static_Delay,824,B5_SPARSITY_REGULARIZED_FULL_DICTIONARY,EVAL,SUCCESS,960.0,1920,0
D1_Single_Static_Delay,825,O1_FULL_DENSE_FIR,EVAL,SUCCESS,660.0,1980,165
D1_Single_Static_Delay,826,O0_ORACLE_SPARSE,EVAL,SUCCESS,31.0,192,6
D1_Single_Static_Delay,824,B6_PROPORTIONATE_SPARSE_ADAPTIVE_FILTER,EVAL,SUCCESS,1280.0,2560,1
D1_Single_Static_Delay,826,O2_ORACLE_SUPPORT_LIFECYCLE,EVAL,SUCCESS,31.0,152,6
D1_Single_Static_Delay,825,B4_VARIABLE_CONTIGUOUS_TAP_LENGTH,EVAL,SUCCESS,145.51714285714286,1920,30
D1_Single_Static_Delay,826,B1_LEBRE_NO_REC_BIRTH,EVAL,SUCCESS,25.0,136,5
D1_Single_Static_Delay,825,B7_PROPOSED_DYNAMIC_LAG_LIFECYCLE,EVAL,SUCCESS,92.044,1000,7
D1_Single_Static_Delay,826,B3_FIXED_DENSE_FIR,EVAL,SUCCESS,80.0,240,20
D1_Single_Static_Delay,825,B5_SPARSITY_REGULARIZED_FULL_DICTIONARY,EVAL,SUCCESS,960.0,1920,0
D1_Single_Static_Delay,825,B0_LEBRE_FROZEN,EVAL,SUCCESS,38.33857142857143,368,8
D1_Single_Static_Delay,826,O1_FULL_DENSE_FIR,EVAL,SUCCESS,660.0,1980,165
D1_Single_Static_Delay,825,B7_E0_MAGNITUDE_EVICTION,EVAL,SUCCESS,92.044,1000,7
D1_Single_Static_Delay,827,O0_ORACLE_SPARSE,EVAL,SUCCESS,31.0,196,6
D1_Single_Static_Delay,825,B6_PROPORTIONATE_SPARSE_ADAPTIVE_FILTER,EVAL,SUCCESS,1280.0,2560,1
D1_Single_Static_Delay,827,O2_ORACLE_SUPPORT_LIFECYCLE,EVAL,SUCCESS,31.0,152,6
D1_Single_Static_Delay,827,B1_LEBRE_NO_REC_BIRTH,EVAL,SUCCESS,25.0,136,5
D1_Single_Static_Delay,826,B4_VARIABLE_CONTIGUOUS_TAP_LENGTH,EVAL,SUCCESS,157.35142857142858,1920,30
D1_Single_Static_Delay,826,B7_PROPOSED_DYNAMIC_LAG_LIFECYCLE,EVAL,SUCCESS,112.396,1204,9
D1_Single_Static_Delay,827,B3_FIXED_DENSE_FIR,EVAL,SUCCESS,80.0,240,20
D1_Single_Static_Delay,826,B5_SPARSITY_REGULARIZED_FULL_DICTIONARY,EVAL,SUCCESS,960.0,1920,0
D1_Single_Static_Delay,826,B7_E0_MAGNITUDE_EVICTION,EVAL,SUCCESS,112.396,1204,9
D1_Single_Static_Delay,826,B6_PROPORTIONATE_SPARSE_ADAPTIVE_FILTER,EVAL,SUCCESS,1280.0,2560,1
D1_Single_Static_Delay,826,B0_LEBRE_FROZEN,EVAL,SUCCESS,38.88542857142857,368,8
D1_Single_Static_Delay,828,O0_ORACLE_SPARSE,EVAL,SUCCESS,31.0,152,6
D1_Single_Static_Delay,827,O1_FULL_DENSE_FIR,EVAL,SUCCESS,660.0,1980,165
D1_Single_Static_Delay,828,B1_LEBRE_NO_REC_BIRTH,EVAL,SUCCESS,25.0,136,5
D1_Single_Static_Delay,827,B4_VARIABLE_CONTIGUOUS_TAP_LENGTH,EVAL,SUCCESS,170.75714285714287,1920,35
D1_Single_Static_Delay,828,O2_ORACLE_SUPPORT_LIFECYCLE,EVAL,SUCCESS,31.0,152,6
D1_Single_Static_Delay,827,B5_SPARSITY_REGULARIZED_FULL_DICTIONARY,EVAL,SUCCESS,960.0,1920,0
D1_Single_Static_Delay,828,B3_FIXED_DENSE_FIR,EVAL,SUCCESS,80.0,240,20
D1_Single_Static_Delay,827,B7_PROPOSED_DYNAMIC_LAG_LIFECYCLE,EVAL,SUCCESS,112.99714285714286,1192,9
D1_Single_Static_Delay,827,B7_E0_MAGNITUDE_EVICTION,EVAL,SUCCESS,112.99714285714286,1192,9
D1_Single_Static_Delay,827,B0_LEBRE_FROZEN,EVAL,SUCCESS,37.704,368,5
D1_Single_Static_Delay,828,O1_FULL_DENSE_FIR,EVAL,SUCCESS,660.0,1980,165
D1_Single_Static_Delay,827,B6_PROPORTIONATE_SPARSE_ADAPTIVE_FILTER,EVAL,SUCCESS,1280.0,2560,1
D1_Single_Static_Delay,829,O0_ORACLE_SPARSE,EVAL,SUCCESS,31.0,156,6
D1_Single_Static_Delay,829,O2_ORACLE_SUPPORT_LIFECYCLE,EVAL,SUCCESS,31.0,152,6
D1_Single_Static_Delay,829,B1_LEBRE_NO_REC_BIRTH,EVAL,SUCCESS,25.0,136,5
D1_Single_Static_Delay,828,B4_VARIABLE_CONTIGUOUS_TAP_LENGTH,EVAL,SUCCESS,126.96857142857142,1920,25
D1_Single_Static_Delay,829,B3_FIXED_DENSE_FIR,EVAL,SUCCESS,80.0,240,20
D1_Single_Static_Delay,828,B7_PROPOSED_DYNAMIC_LAG_LIFECYCLE,EVAL,SUCCESS,112.56971428571428,1232,9
D1_Single_Static_Delay,828,B7_E0_MAGNITUDE_EVICTION,EVAL,SUCCESS,112.56971428571428,1232,9
D1_Single_Static_Delay,828,B5_SPARSITY_REGULARIZED_FULL_DICTIONARY,EVAL,SUCCESS,960.0,1920,0
D1_Single_Static_Delay,829,O1_FULL_DENSE_FIR,EVAL,SUCCESS,660.0,1980,165
D1_Single_Static_Delay,828,B0_LEBRE_FROZEN,EVAL,SUCCESS,37.95857142857143,368,5
D1_Single_Static_Delay,830,O0_ORACLE_SPARSE,EVAL,SUCCESS,31.0,160,6
D1_Single_Static_Delay,828,B6_PROPORTIONATE_SPARSE_ADAPTIVE_FILTER,EVAL,SUCCESS,1280.0,2560,1
D1_Single_Static_Delay,830,O2_ORACLE_SUPPORT_LIFECYCLE,EVAL,SUCCESS,31.0,152,6
D1_Single_Static_Delay,830,B1_LEBRE_NO_REC_BIRTH,EVAL,SUCCESS,25.0,136,5
D1_Single_Static_Delay,829,B4_VARIABLE_CONTIGUOUS_TAP_LENGTH,EVAL,SUCCESS,145.64,1920,30
D1_Single_Static_Delay,830,B3_FIXED_DENSE_FIR,EVAL,SUCCESS,80.0,240,20
D1_Single_Static_Delay,829,B7_E0_MAGNITUDE_EVICTION,EVAL,SUCCESS,112.45828571428571,1112,9
D1_Single_Static_Delay,829,B7_PROPOSED_DYNAMIC_LAG_LIFECYCLE,EVAL,SUCCESS,112.45828571428571,1112,9
D1_Single_Static_Delay,829,B5_SPARSITY_REGULARIZED_FULL_DICTIONARY,EVAL,SUCCESS,960.0,1920,0
D1_Single_Static_Delay,829,B0_LEBRE_FROZEN,EVAL,SUCCESS,37.73571428571429,368,10
D1_Single_Static_Delay,830,O1_FULL_DENSE_FIR,EVAL,SUCCESS,660.0,1980,165
D1_Single_Static_Delay,829,B6_PROPORTIONATE_SPARSE_ADAPTIVE_FILTER,EVAL,SUCCESS,1280.0,2560,1
D2_Multi_Tap_Sparse_Delay,801,O0_ORACLE_SPARSE,EVAL,SUCCESS,37.0,220,7
D2_Multi_Tap_Sparse_Delay,801,O2_ORACLE_SUPPORT_LIFECYCLE,EVAL,SUCCESS,37.0,184,7
D1_Single_Static_Delay,830,B4_VARIABLE_CONTIGUOUS_TAP_LENGTH,EVAL,SUCCESS,162.76,1920,35
D2_Multi_Tap_Sparse_Delay,801,B1_LEBRE_NO_REC_BIRTH,EVAL,SUCCESS,25.0,136,5
D2_Multi_Tap_Sparse_Delay,801,B3_FIXED_DENSE_FIR,EVAL,SUCCESS,80.0,240,20
D1_Single_Static_Delay,830,B7_PROPOSED_DYNAMIC_LAG_LIFECYCLE,EVAL,SUCCESS,112.41771428571428,1144,9
D1_Single_Static_Delay,830,B5_SPARSITY_REGULARIZED_FULL_DICTIONARY,EVAL,SUCCESS,960.0,1920,0
D1_Single_Static_Delay,830,B0_LEBRE_FROZEN,EVAL,SUCCESS,37.079142857142855,368,5
D1_Single_Static_Delay,830,B7_E0_MAGNITUDE_EVICTION,EVAL,SUCCESS,112.41771428571428,1144,9
D2_Multi_Tap_Sparse_Delay,801,O1_FULL_DENSE_FIR,EVAL,SUCCESS,660.0,1980,165
D1_Single_Static_Delay,830,B6_PROPORTIONATE_SPARSE_ADAPTIVE_FILTER,EVAL,SUCCESS,1280.0,2560,1
D2_Multi_Tap_Sparse_Delay,802,O0_ORACLE_SPARSE,EVAL,SUCCESS,37.0,228,7
D2_Multi_Tap_Sparse_Delay,801,B4_VARIABLE_CONTIGUOUS_TAP_LENGTH,EVAL,SUCCESS,149.88,1920,30
D2_Multi_Tap_Sparse_Delay,802,O2_ORACLE_SUPPORT_LIFECYCLE,EVAL,SUCCESS,37.0,184,7
D2_Multi_Tap_Sparse_Delay,802,B1_LEBRE_NO_REC_BIRTH,EVAL,SUCCESS,25.0,136,5
D2_Multi_Tap_Sparse_Delay,802,B3_FIXED_DENSE_FIR,EVAL,SUCCESS,80.0,240,20
D2_Multi_Tap_Sparse_Delay,801,B5_SPARSITY_REGULARIZED_FULL_DICTIONARY,EVAL,SUCCESS,960.0,1920,0
D2_Multi_Tap_Sparse_Delay,801,B7_PROPOSED_DYNAMIC_LAG_LIFECYCLE,EVAL,SUCCESS,112.35085714285714,1216,9
D2_Multi_Tap_Sparse_Delay,801,B0_LEBRE_FROZEN,EVAL,SUCCESS,37.65542857142857,368,10
D2_Multi_Tap_Sparse_Delay,801,B7_E0_MAGNITUDE_EVICTION,EVAL,SUCCESS,112.35085714285714,1216,9
D2_Multi_Tap_Sparse_Delay,802,O1_FULL_DENSE_FIR,EVAL,SUCCESS,660.0,1980,165
D2_Multi_Tap_Sparse_Delay,803,O0_ORACLE_SPARSE,EVAL,SUCCESS,37.0,236,7
D2_Multi_Tap_Sparse_Delay,801,B6_PROPORTIONATE_SPARSE_ADAPTIVE_FILTER,EVAL,SUCCESS,1280.0,2560,2
D2_Multi_Tap_Sparse_Delay,802,B4_VARIABLE_CONTIGUOUS_TAP_LENGTH,EVAL,SUCCESS,169.50285714285715,1920,35
D2_Multi_Tap_Sparse_Delay,803,B1_LEBRE_NO_REC_BIRTH,EVAL,SUCCESS,25.0,136,5
D2_Multi_Tap_Sparse_Delay,803,O2_ORACLE_SUPPORT_LIFECYCLE,EVAL,SUCCESS,37.0,184,7
D2_Multi_Tap_Sparse_Delay,802,B5_SPARSITY_REGULARIZED_FULL_DICTIONARY,EVAL,SUCCESS,960.0,1920,0
D2_Multi_Tap_Sparse_Delay,802,B0_LEBRE_FROZEN,EVAL,SUCCESS,36.94828571428572,368,8
D2_Multi_Tap_Sparse_Delay,803,B3_FIXED_DENSE_FIR,EVAL,SUCCESS,80.0,240,20
D2_Multi_Tap_Sparse_Delay,802,B7_PROPOSED_DYNAMIC_LAG_LIFECYCLE,EVAL,SUCCESS,112.59085714285715,1240,9
D2_Multi_Tap_Sparse_Delay,802,B7_E0_MAGNITUDE_EVICTION,EVAL,SUCCESS,112.59085714285715,1240,9
D2_Multi_Tap_Sparse_Delay,803,O1_FULL_DENSE_FIR,EVAL,SUCCESS,660.0,1980,165
D2_Multi_Tap_Sparse_Delay,804,O0_ORACLE_SPARSE,EVAL,SUCCESS,37.0,212,7
D2_Multi_Tap_Sparse_Delay,802,B6_PROPORTIONATE_SPARSE_ADAPTIVE_FILTER,EVAL,SUCCESS,1280.0,2560,2
D2_Multi_Tap_Sparse_Delay,803,B4_VARIABLE_CONTIGUOUS_TAP_LENGTH,EVAL,SUCCESS,189.29142857142858,1920,35
D2_Multi_Tap_Sparse_Delay,804,B1_LEBRE_NO_REC_BIRTH,EVAL,SUCCESS,25.0,136,5
D2_Multi_Tap_Sparse_Delay,804,O2_ORACLE_SUPPORT_LIFECYCLE,EVAL,SUCCESS,37.0,184,7
D2_Multi_Tap_Sparse_Delay,804,B3_FIXED_DENSE_FIR,EVAL,SUCCESS,80.0,240,20
D2_Multi_Tap_Sparse_Delay,803,B7_PROPOSED_DYNAMIC_LAG_LIFECYCLE,EVAL,SUCCESS,112.02057142857143,1076,9
D2_Multi_Tap_Sparse_Delay,803,B7_E0_MAGNITUDE_EVICTION,EVAL,SUCCESS,112.02057142857143,1076,9
D2_Multi_Tap_Sparse_Delay,803,B0_LEBRE_FROZEN,EVAL,SUCCESS,37.41542857142857,368,5
D2_Multi_Tap_Sparse_Delay,803,B5_SPARSITY_REGULARIZED_FULL_DICTIONARY,EVAL,SUCCESS,960.0,1920,0
D2_Multi_Tap_Sparse_Delay,804,O1_FULL_DENSE_FIR,EVAL,SUCCESS,660.0,1980,165
D2_Multi_Tap_Sparse_Delay,803,B6_PROPORTIONATE_SPARSE_ADAPTIVE_FILTER,EVAL,SUCCESS,1280.0,2560,2
D2_Multi_Tap_Sparse_Delay,805,O0_ORACLE_SPARSE,EVAL,SUCCESS,37.0,220,7
D2_Multi_Tap_Sparse_Delay,805,O2_ORACLE_SUPPORT_LIFECYCLE,EVAL,SUCCESS,37.0,184,7
D2_Multi_Tap_Sparse_Delay,804,B4_VARIABLE_CONTIGUOUS_TAP_LENGTH,EVAL,SUCCESS,130.52,1920,25
D2_Multi_Tap_Sparse_Delay,804,B7_PROPOSED_DYNAMIC_LAG_LIFECYCLE,EVAL,SUCCESS,112.47371428571428,1188,9
D2_Multi_Tap_Sparse_Delay,805,B1_LEBRE_NO_REC_BIRTH,EVAL,SUCCESS,25.0,136,5
D2_Multi_Tap_Sparse_Delay,804,B5_SPARSITY_REGULARIZED_FULL_DICTIONARY,EVAL,SUCCESS,960.0,1920,0
D2_Multi_Tap_Sparse_Delay,804,B0_LEBRE_FROZEN,EVAL,SUCCESS,36.254285714285714,368,5
D2_Multi_Tap_Sparse_Delay,805,B3_FIXED_DENSE_FIR,EVAL,SUCCESS,80.0,240,20
D2_Multi_Tap_Sparse_Delay,805,O1_FULL_DENSE_FIR,EVAL,SUCCESS,660.0,1980,165
D2_Multi_Tap_Sparse_Delay,804,B7_E0_MAGNITUDE_EVICTION,EVAL,SUCCESS,112.47371428571428,1188,9
D2_Multi_Tap_Sparse_Delay,804,B6_PROPORTIONATE_SPARSE_ADAPTIVE_FILTER,EVAL,SUCCESS,1280.0,2560,2
D2_Multi_Tap_Sparse_Delay,805,B4_VARIABLE_CONTIGUOUS_TAP_LENGTH,EVAL,SUCCESS,150.61428571428573,1920,30
D2_Multi_Tap_Sparse_Delay,806,B1_LEBRE_NO_REC_BIRTH,EVAL,SUCCESS,25.0,136,5
D2_Multi_Tap_Sparse_Delay,806,B3_FIXED_DENSE_FIR,EVAL,SUCCESS,80.0,240,20
D2_Multi_Tap_Sparse_Delay,805,B5_SPARSITY_REGULARIZED_FULL_DICTIONARY,EVAL,SUCCESS,960.0,1920,0
D2_Multi_Tap_Sparse_Delay,805,B0_LEBRE_FROZEN,EVAL,SUCCESS,37.06285714285714,368,5
D2_Multi_Tap_Sparse_Delay,806,O2_ORACLE_SUPPORT_LIFECYCLE,EVAL,SUCCESS,37.0,184,7
D2_Multi_Tap_Sparse_Delay,805,B7_PROPOSED_DYNAMIC_LAG_LIFECYCLE,EVAL,SUCCESS,111.73942857142858,1224,9
D2_Multi_Tap_Sparse_Delay,806,O0_ORACLE_SPARSE,EVAL,SUCCESS,37.0,228,7
D2_Multi_Tap_Sparse_Delay,805,B7_E0_MAGNITUDE_EVICTION,EVAL,SUCCESS,111.73942857142858,1224,9
D2_Multi_Tap_Sparse_Delay,805,B6_PROPORTIONATE_SPARSE_ADAPTIVE_FILTER,EVAL,SUCCESS,1280.0,2560,2
D2_Multi_Tap_Sparse_Delay,807,O0_ORACLE_SPARSE,EVAL,SUCCESS,37.0,236,7
D2_Multi_Tap_Sparse_Delay,806,B4_VARIABLE_CONTIGUOUS_TAP_LENGTH,EVAL,SUCCESS,168.46285714285713,1920,35
D2_Multi_Tap_Sparse_Delay,807,O2_ORACLE_SUPPORT_LIFECYCLE,EVAL,SUCCESS,37.0,184,7
D2_Multi_Tap_Sparse_Delay,807,B1_LEBRE_NO_REC_BIRTH,EVAL,SUCCESS,25.0,136,5
D2_Multi_Tap_Sparse_Delay,806,O1_FULL_DENSE_FIR,EVAL,SUCCESS,660.0,1980,165
D2_Multi_Tap_Sparse_Delay,806,B7_PROPOSED_DYNAMIC_LAG_LIFECYCLE,EVAL,SUCCESS,112.536,1272,9
D2_Multi_Tap_Sparse_Delay,807,B3_FIXED_DENSE_FIR,EVAL,SUCCESS,80.0,240,20
D2_Multi_Tap_Sparse_Delay,806,B5_SPARSITY_REGULARIZED_FULL_DICTIONARY,EVAL,SUCCESS,960.0,1920,0
D2_Multi_Tap_Sparse_Delay,806,B0_LEBRE_FROZEN,EVAL,SUCCESS,37.02914285714286,368,5
D2_Multi_Tap_Sparse_Delay,806,B7_E0_MAGNITUDE_EVICTION,EVAL,SUCCESS,112.536,1272,9
D2_Multi_Tap_Sparse_Delay,807,O1_FULL_DENSE_FIR,EVAL,SUCCESS,660.0,1980,165
D2_Multi_Tap_Sparse_Delay,808,O0_ORACLE_SPARSE,EVAL,SUCCESS,37.0,212,7
D2_Multi_Tap_Sparse_Delay,807,B4_VARIABLE_CONTIGUOUS_TAP_LENGTH,EVAL,SUCCESS,184.41714285714286,1920,35
D2_Multi_Tap_Sparse_Delay,808,O2_ORACLE_SUPPORT_LIFECYCLE,EVAL,SUCCESS,37.0,184,7
D2_Multi_Tap_Sparse_Delay,806,B6_PROPORTIONATE_SPARSE_ADAPTIVE_FILTER,EVAL,SUCCESS,1280.0,2560,2
D2_Multi_Tap_Sparse_Delay,808,B1_LEBRE_NO_REC_BIRTH,EVAL,SUCCESS,25.0,136,5
D2_Multi_Tap_Sparse_Delay,808,B3_FIXED_DENSE_FIR,EVAL,SUCCESS,80.0,240,20
D2_Multi_Tap_Sparse_Delay,807,B0_LEBRE_FROZEN,EVAL,SUCCESS,37.334857142857146,368,5
D2_Multi_Tap_Sparse_Delay,807,B7_PROPOSED_DYNAMIC_LAG_LIFECYCLE,EVAL,SUCCESS,112.58114285714285,1256,9
D2_Multi_Tap_Sparse_Delay,807,B5_SPARSITY_REGULARIZED_FULL_DICTIONARY,EVAL,SUCCESS,960.0,1920,0
D2_Multi_Tap_Sparse_Delay,807,B6_PROPORTIONATE_SPARSE_ADAPTIVE_FILTER,EVAL,SUCCESS,1280.0,2560,2
D2_Multi_Tap_Sparse_Delay,807,B7_E0_MAGNITUDE_EVICTION,EVAL,SUCCESS,112.58114285714285,1256,9
D2_Multi_Tap_Sparse_Delay,809,O2_ORACLE_SUPPORT_LIFECYCLE,EVAL,SUCCESS,37.0,184,7
D2_Multi_Tap_Sparse_Delay,809,O0_ORACLE_SPARSE,EVAL,SUCCESS,37.0,220,7
D2_Multi_Tap_Sparse_Delay,808,B4_VARIABLE_CONTIGUOUS_TAP_LENGTH,EVAL,SUCCESS,131.14857142857142,1920,25
D2_Multi_Tap_Sparse_Delay,808,O1_FULL_DENSE_FIR,EVAL,SUCCESS,660.0,1980,165
D2_Multi_Tap_Sparse_Delay,809,B1_LEBRE_NO_REC_BIRTH,EVAL,SUCCESS,25.0,136,5
D2_Multi_Tap_Sparse_Delay,808,B5_SPARSITY_REGULARIZED_FULL_DICTIONARY,EVAL,SUCCESS,960.0,1920,0
D2_Multi_Tap_Sparse_Delay,808,B0_LEBRE_FROZEN,EVAL,SUCCESS,37.00371428571429,368,5
D2_Multi_Tap_Sparse_Delay,809,O1_FULL_DENSE_FIR,EVAL,SUCCESS,660.0,1980,165
D2_Multi_Tap_Sparse_Delay,808,B7_PROPOSED_DYNAMIC_LAG_LIFECYCLE,EVAL,SUCCESS,112.288,1152,9
D2_Multi_Tap_Sparse_Delay,808,B7_E0_MAGNITUDE_EVICTION,EVAL,SUCCESS,112.288,1152,9
D2_Multi_Tap_Sparse_Delay,808,B6_PROPORTIONATE_SPARSE_ADAPTIVE_FILTER,EVAL,SUCCESS,1280.0,2560,2
D2_Multi_Tap_Sparse_Delay,810,O0_ORACLE_SPARSE,EVAL,SUCCESS,37.0,228,7
D2_Multi_Tap_Sparse_Delay,810,O2_ORACLE_SUPPORT_LIFECYCLE,EVAL,SUCCESS,37.0,184,7
D2_Multi_Tap_Sparse_Delay,809,B3_FIXED_DENSE_FIR,EVAL,SUCCESS,80.0,240,20
D2_Multi_Tap_Sparse_Delay,810,B1_LEBRE_NO_REC_BIRTH,EVAL,SUCCESS,25.0,136,5
D2_Multi_Tap_Sparse_Delay,809,B5_SPARSITY_REGULARIZED_FULL_DICTIONARY,EVAL,SUCCESS,960.0,1920,0
D2_Multi_Tap_Sparse_Delay,809,B0_LEBRE_FROZEN,EVAL,SUCCESS,37.45142857142857,368,10
D2_Multi_Tap_Sparse_Delay,810,B3_FIXED_DENSE_FIR,EVAL,SUCCESS,80.0,240,20
D2_Multi_Tap_Sparse_Delay,809,B7_PROPOSED_DYNAMIC_LAG_LIFECYCLE,EVAL,SUCCESS,112.41657142857143,1192,9
D2_Multi_Tap_Sparse_Delay,809,B7_E0_MAGNITUDE_EVICTION,EVAL,SUCCESS,112.41657142857143,1192,9
D2_Multi_Tap_Sparse_Delay,809,B4_VARIABLE_CONTIGUOUS_TAP_LENGTH,EVAL,SUCCESS,151.74857142857144,1920,30
D2_Multi_Tap_Sparse_Delay,810,O1_FULL_DENSE_FIR,EVAL,SUCCESS,660.0,1980,165
D2_Multi_Tap_Sparse_Delay,811,O2_ORACLE_SUPPORT_LIFECYCLE,EVAL,SUCCESS,37.0,184,7
D2_Multi_Tap_Sparse_Delay,811,B1_LEBRE_NO_REC_BIRTH,EVAL,SUCCESS,25.0,136,5
D2_Multi_Tap_Sparse_Delay,809,B6_PROPORTIONATE_SPARSE_ADAPTIVE_FILTER,EVAL,SUCCESS,1280.0,2560,2
D2_Multi_Tap_Sparse_Delay,811,O0_ORACLE_SPARSE,EVAL,SUCCESS,37.0,236,7
D2_Multi_Tap_Sparse_Delay,810,B4_VARIABLE_CONTIGUOUS_TAP_LENGTH,EVAL,SUCCESS,167.68285714285713,1920,35
D2_Multi_Tap_Sparse_Delay,810,B7_PROPOSED_DYNAMIC_LAG_LIFECYCLE,EVAL,SUCCESS,102.624,1188,8
D2_Multi_Tap_Sparse_Delay,810,B7_E0_MAGNITUDE_EVICTION,EVAL,SUCCESS,102.624,1188,8
D2_Multi_Tap_Sparse_Delay,810,B0_LEBRE_FROZEN,EVAL,SUCCESS,37.80828571428572,368,8
D2_Multi_Tap_Sparse_Delay,811,B3_FIXED_DENSE_FIR,EVAL,SUCCESS,80.0,240,20
D2_Multi_Tap_Sparse_Delay,810,B6_PROPORTIONATE_SPARSE_ADAPTIVE_FILTER,EVAL,SUCCESS,1280.0,2560,2
D2_Multi_Tap_Sparse_Delay,811,O1_FULL_DENSE_FIR,EVAL,SUCCESS,660.0,1980,165
D2_Multi_Tap_Sparse_Delay,810,B5_SPARSITY_REGULARIZED_FULL_DICTIONARY,EVAL,SUCCESS,960.0,1920,0
D2_Multi_Tap_Sparse_Delay,812,O0_ORACLE_SPARSE,EVAL,SUCCESS,37.0,212,7
D2_Multi_Tap_Sparse_Delay,812,B1_LEBRE_NO_REC_BIRTH,EVAL,SUCCESS,25.0,136,5
D2_Multi_Tap_Sparse_Delay,812,O2_ORACLE_SUPPORT_LIFECYCLE,EVAL,SUCCESS,37.0,184,7
D2_Multi_Tap_Sparse_Delay,811,B4_VARIABLE_CONTIGUOUS_TAP_LENGTH,EVAL,SUCCESS,178.6457142857143,1920,35
D2_Multi_Tap_Sparse_Delay,812,B3_FIXED_DENSE_FIR,EVAL,SUCCESS,80.0,240,20
D2_Multi_Tap_Sparse_Delay,811,B0_LEBRE_FROZEN,EVAL,SUCCESS,37.67314285714286,368,5
D2_Multi_Tap_Sparse_Delay,811,B7_PROPOSED_DYNAMIC_LAG_LIFECYCLE,EVAL,SUCCESS,112.37257142857143,1248,9
D2_Multi_Tap_Sparse_Delay,811,B7_E0_MAGNITUDE_EVICTION,EVAL,SUCCESS,112.37257142857143,1248,9
D2_Multi_Tap_Sparse_Delay,811,B5_SPARSITY_REGULARIZED_FULL_DICTIONARY,EVAL,SUCCESS,960.0,1920,0
D2_Multi_Tap_Sparse_Delay,812,O1_FULL_DENSE_FIR,EVAL,SUCCESS,660.0,1980,165
D2_Multi_Tap_Sparse_Delay,813,O0_ORACLE_SPARSE,EVAL,SUCCESS,37.0,220,7
D2_Multi_Tap_Sparse_Delay,811,B6_PROPORTIONATE_SPARSE_ADAPTIVE_FILTER,EVAL,SUCCESS,1280.0,2560,2
D2_Multi_Tap_Sparse_Delay,813,B1_LEBRE_NO_REC_BIRTH,EVAL,SUCCESS,25.0,136,5
D2_Multi_Tap_Sparse_Delay,813,O2_ORACLE_SUPPORT_LIFECYCLE,EVAL,SUCCESS,37.0,184,7
D2_Multi_Tap_Sparse_Delay,812,B4_VARIABLE_CONTIGUOUS_TAP_LENGTH,EVAL,SUCCESS,130.62857142857143,1920,25
D2_Multi_Tap_Sparse_Delay,812,B5_SPARSITY_REGULARIZED_FULL_DICTIONARY,EVAL,SUCCESS,960.0,1920,0
D2_Multi_Tap_Sparse_Delay,812,B7_E0_MAGNITUDE_EVICTION,EVAL,SUCCESS,112.41314285714286,1096,9
D2_Multi_Tap_Sparse_Delay,813,O1_FULL_DENSE_FIR,EVAL,SUCCESS,660.0,1980,165
D2_Multi_Tap_Sparse_Delay,812,B6_PROPORTIONATE_SPARSE_ADAPTIVE_FILTER,EVAL,SUCCESS,1280.0,2560,2
D2_Multi_Tap_Sparse_Delay,813,B3_FIXED_DENSE_FIR,EVAL,SUCCESS,80.0,240,20
D2_Multi_Tap_Sparse_Delay,814,O0_ORACLE_SPARSE,EVAL,SUCCESS,37.0,228,7
D2_Multi_Tap_Sparse_Delay,812,B7_PROPOSED_DYNAMIC_LAG_LIFECYCLE,EVAL,SUCCESS,112.41314285714286,1096,9
D2_Multi_Tap_Sparse_Delay,813,B4_VARIABLE_CONTIGUOUS_TAP_LENGTH,EVAL,SUCCESS,150.13714285714286,1920,30
D2_Multi_Tap_Sparse_Delay,812,B0_LEBRE_FROZEN,EVAL,SUCCESS,38.43857142857143,368,8
D2_Multi_Tap_Sparse_Delay,813,B0_LEBRE_FROZEN,EVAL,SUCCESS,37.97857142857143,368,8
D2_Multi_Tap_Sparse_Delay,814,O2_ORACLE_SUPPORT_LIFECYCLE,EVAL,SUCCESS,37.0,184,7
D2_Multi_Tap_Sparse_Delay,813,B7_PROPOSED_DYNAMIC_LAG_LIFECYCLE,EVAL,SUCCESS,112.66114285714286,1180,9
D2_Multi_Tap_Sparse_Delay,813,B5_SPARSITY_REGULARIZED_FULL_DICTIONARY,EVAL,SUCCESS,960.0,1920,0
D2_Multi_Tap_Sparse_Delay,814,B1_LEBRE_NO_REC_BIRTH,EVAL,SUCCESS,25.0,136,5
D2_Multi_Tap_Sparse_Delay,813,B7_E0_MAGNITUDE_EVICTION,EVAL,SUCCESS,112.66114285714286,1180,9
D2_Multi_Tap_Sparse_Delay,814,B3_FIXED_DENSE_FIR,EVAL,SUCCESS,80.0,240,20
D2_Multi_Tap_Sparse_Delay,814,O1_FULL_DENSE_FIR,EVAL,SUCCESS,660.0,1980,165
D2_Multi_Tap_Sparse_Delay,813,B6_PROPORTIONATE_SPARSE_ADAPTIVE_FILTER,EVAL,SUCCESS,1280.0,2560,2
D2_Multi_Tap_Sparse_Delay,815,O0_ORACLE_SPARSE,EVAL,SUCCESS,37.0,236,7
D2_Multi_Tap_Sparse_Delay,815,B1_LEBRE_NO_REC_BIRTH,EVAL,SUCCESS,25.0,136,5
D2_Multi_Tap_Sparse_Delay,815,O2_ORACLE_SUPPORT_LIFECYCLE,EVAL,SUCCESS,37.0,184,7
D2_Multi_Tap_Sparse_Delay,814,B4_VARIABLE_CONTIGUOUS_TAP_LENGTH,EVAL,SUCCESS,168.83142857142857,1920,35
D2_Multi_Tap_Sparse_Delay,815,B3_FIXED_DENSE_FIR,EVAL,SUCCESS,80.0,240,20
D2_Multi_Tap_Sparse_Delay,814,B0_LEBRE_FROZEN,EVAL,SUCCESS,37.753142857142855,368,5
D2_Multi_Tap_Sparse_Delay,814,B7_E0_MAGNITUDE_EVICTION,EVAL,SUCCESS,112.324,1280,9
D2_Multi_Tap_Sparse_Delay,814,B7_PROPOSED_DYNAMIC_LAG_LIFECYCLE,EVAL,SUCCESS,112.324,1280,9
D2_Multi_Tap_Sparse_Delay,814,B5_SPARSITY_REGULARIZED_FULL_DICTIONARY,EVAL,SUCCESS,960.0,1920,0
D2_Multi_Tap_Sparse_Delay,814,B6_PROPORTIONATE_SPARSE_ADAPTIVE_FILTER,EVAL,SUCCESS,1280.0,2560,2
D2_Multi_Tap_Sparse_Delay,815,O1_FULL_DENSE_FIR,EVAL,SUCCESS,660.0,1980,165
D2_Multi_Tap_Sparse_Delay,816,O0_ORACLE_SPARSE,EVAL,SUCCESS,37.0,212,7
D2_Multi_Tap_Sparse_Delay,815,B4_VARIABLE_CONTIGUOUS_TAP_LENGTH,EVAL,SUCCESS,137.23714285714286,1920,25
D2_Multi_Tap_Sparse_Delay,816,O2_ORACLE_SUPPORT_LIFECYCLE,EVAL,SUCCESS,37.0,184,7
D2_Multi_Tap_Sparse_Delay,816,B1_LEBRE_NO_REC_BIRTH,EVAL,SUCCESS,25.0,136,5
D2_Multi_Tap_Sparse_Delay,815,B5_SPARSITY_REGULARIZED_FULL_DICTIONARY,EVAL,SUCCESS,960.0,1920,0
D2_Multi_Tap_Sparse_Delay,815,B7_PROPOSED_DYNAMIC_LAG_LIFECYCLE,EVAL,SUCCESS,112.564,1280,9
D2_Multi_Tap_Sparse_Delay,816,B3_FIXED_DENSE_FIR,EVAL,SUCCESS,80.0,240,20
D2_Multi_Tap_Sparse_Delay,815,B7_E0_MAGNITUDE_EVICTION,EVAL,SUCCESS,112.564,1280,9
D2_Multi_Tap_Sparse_Delay,815,B6_PROPORTIONATE_SPARSE_ADAPTIVE_FILTER,EVAL,SUCCESS,1280.0,2560,2
D2_Multi_Tap_Sparse_Delay,815,B0_LEBRE_FROZEN,EVAL,SUCCESS,38.029714285714284,368,10
D2_Multi_Tap_Sparse_Delay,816,O1_FULL_DENSE_FIR,EVAL,SUCCESS,660.0,1980,165
D2_Multi_Tap_Sparse_Delay,817,O0_ORACLE_SPARSE,EVAL,SUCCESS,37.0,220,7
D2_Multi_Tap_Sparse_Delay,817,O2_ORACLE_SUPPORT_LIFECYCLE,EVAL,SUCCESS,37.0,184,7
D2_Multi_Tap_Sparse_Delay,817,B1_LEBRE_NO_REC_BIRTH,EVAL,SUCCESS,25.0,136,5
D2_Multi_Tap_Sparse_Delay,816,B4_VARIABLE_CONTIGUOUS_TAP_LENGTH,EVAL,SUCCESS,129.35714285714286,1920,25
D2_Multi_Tap_Sparse_Delay,817,B3_FIXED_DENSE_FIR,EVAL,SUCCESS,80.0,240,20
D2_Multi_Tap_Sparse_Delay,816,B5_SPARSITY_REGULARIZED_FULL_DICTIONARY,EVAL,SUCCESS,960.0,1920,0
D2_Multi_Tap_Sparse_Delay,816,B7_PROPOSED_DYNAMIC_LAG_LIFECYCLE,EVAL,SUCCESS,112.564,1208,9
D2_Multi_Tap_Sparse_Delay,816,B7_E0_MAGNITUDE_EVICTION,EVAL,SUCCESS,112.564,1208,9
D2_Multi_Tap_Sparse_Delay,816,B0_LEBRE_FROZEN,EVAL,SUCCESS,37.46371428571429,368,5
D2_Multi_Tap_Sparse_Delay,817,O1_FULL_DENSE_FIR,EVAL,SUCCESS,660.0,1980,165
D2_Multi_Tap_Sparse_Delay,818,O0_ORACLE_SPARSE,EVAL,SUCCESS,37.0,228,7
D2_Multi_Tap_Sparse_Delay,816,B6_PROPORTIONATE_SPARSE_ADAPTIVE_FILTER,EVAL,SUCCESS,1280.0,2560,2
D2_Multi_Tap_Sparse_Delay,818,O2_ORACLE_SUPPORT_LIFECYCLE,EVAL,SUCCESS,37.0,184,7
D2_Multi_Tap_Sparse_Delay,818,B1_LEBRE_NO_REC_BIRTH,EVAL,SUCCESS,25.0,136,5
D2_Multi_Tap_Sparse_Delay,817,B4_VARIABLE_CONTIGUOUS_TAP_LENGTH,EVAL,SUCCESS,149.84571428571428,1920,30
D2_Multi_Tap_Sparse_Delay,817,B0_LEBRE_FROZEN,EVAL,SUCCESS,37.714,368,8
D2_Multi_Tap_Sparse_Delay,817,B5_SPARSITY_REGULARIZED_FULL_DICTIONARY,EVAL,SUCCESS,960.0,1920,0
D2_Multi_Tap_Sparse_Delay,818,B3_FIXED_DENSE_FIR,EVAL,SUCCESS,80.0,240,20
D2_Multi_Tap_Sparse_Delay,817,B7_PROPOSED_DYNAMIC_LAG_LIFECYCLE,EVAL,SUCCESS,112.35428571428571,1104,9
D2_Multi_Tap_Sparse_Delay,817,B7_E0_MAGNITUDE_EVICTION,EVAL,SUCCESS,112.35428571428571,1104,9
D2_Multi_Tap_Sparse_Delay,817,B6_PROPORTIONATE_SPARSE_ADAPTIVE_FILTER,EVAL,SUCCESS,1280.0,2560,2
D2_Multi_Tap_Sparse_Delay,818,O1_FULL_DENSE_FIR,EVAL,SUCCESS,660.0,1980,165
D2_Multi_Tap_Sparse_Delay,819,O2_ORACLE_SUPPORT_LIFECYCLE,EVAL,SUCCESS,37.0,184,7
D2_Multi_Tap_Sparse_Delay,819,O0_ORACLE_SPARSE,EVAL,SUCCESS,37.0,236,7
D2_Multi_Tap_Sparse_Delay,819,B1_LEBRE_NO_REC_BIRTH,EVAL,SUCCESS,25.0,136,5
D2_Multi_Tap_Sparse_Delay,818,B4_VARIABLE_CONTIGUOUS_TAP_LENGTH,EVAL,SUCCESS,169.94571428571427,1920,35
D2_Multi_Tap_Sparse_Delay,818,B7_PROPOSED_DYNAMIC_LAG_LIFECYCLE,EVAL,SUCCESS,112.49771428571428,1188,9
D2_Multi_Tap_Sparse_Delay,818,B5_SPARSITY_REGULARIZED_FULL_DICTIONARY,EVAL,SUCCESS,960.0,1920,0
D2_Multi_Tap_Sparse_Delay,818,B7_E0_MAGNITUDE_EVICTION,EVAL,SUCCESS,112.49771428571428,1188,9
D2_Multi_Tap_Sparse_Delay,819,B3_FIXED_DENSE_FIR,EVAL,SUCCESS,80.0,240,20
D2_Multi_Tap_Sparse_Delay,818,B6_PROPORTIONATE_SPARSE_ADAPTIVE_FILTER,EVAL,SUCCESS,1280.0,2560,2
D2_Multi_Tap_Sparse_Delay,819,O1_FULL_DENSE_FIR,EVAL,SUCCESS,660.0,1980,165
D2_Multi_Tap_Sparse_Delay,818,B0_LEBRE_FROZEN,EVAL,SUCCESS,37.93828571428571,368,5
D2_Multi_Tap_Sparse_Delay,820,O0_ORACLE_SPARSE,EVAL,SUCCESS,37.0,212,7
D2_Multi_Tap_Sparse_Delay,820,B1_LEBRE_NO_REC_BIRTH,EVAL,SUCCESS,25.0,136,5
D2_Multi_Tap_Sparse_Delay,820,O2_ORACLE_SUPPORT_LIFECYCLE,EVAL,SUCCESS,37.0,184,7
D2_Multi_Tap_Sparse_Delay,819,B4_VARIABLE_CONTIGUOUS_TAP_LENGTH,EVAL,SUCCESS,187.0142857142857,1920,40
D2_Multi_Tap_Sparse_Delay,820,B3_FIXED_DENSE_FIR,EVAL,SUCCESS,80.0,240,20
D2_Multi_Tap_Sparse_Delay,819,B0_LEBRE_FROZEN,EVAL,SUCCESS,36.86971428571429,368,8
D2_Multi_Tap_Sparse_Delay,819,B5_SPARSITY_REGULARIZED_FULL_DICTIONARY,EVAL,SUCCESS,960.0,1920,0
D2_Multi_Tap_Sparse_Delay,819,B7_PROPOSED_DYNAMIC_LAG_LIFECYCLE,EVAL,SUCCESS,112.28228571428572,1236,9
D2_Multi_Tap_Sparse_Delay,820,O1_FULL_DENSE_FIR,EVAL,SUCCESS,660.0,1980,165
D2_Multi_Tap_Sparse_Delay,819,B7_E0_MAGNITUDE_EVICTION,EVAL,SUCCESS,112.28228571428572,1236,9
D2_Multi_Tap_Sparse_Delay,819,B6_PROPORTIONATE_SPARSE_ADAPTIVE_FILTER,EVAL,SUCCESS,1280.0,2560,3
D2_Multi_Tap_Sparse_Delay,820,B4_VARIABLE_CONTIGUOUS_TAP_LENGTH,EVAL,SUCCESS,131.62285714285716,1920,25
D2_Multi_Tap_Sparse_Delay,821,O0_ORACLE_SPARSE,EVAL,SUCCESS,37.0,220,7
D2_Multi_Tap_Sparse_Delay,821,O2_ORACLE_SUPPORT_LIFECYCLE,EVAL,SUCCESS,37.0,184,7
D2_Multi_Tap_Sparse_Delay,821,B1_LEBRE_NO_REC_BIRTH,EVAL,SUCCESS,25.0,136,5
D2_Multi_Tap_Sparse_Delay,821,B3_FIXED_DENSE_FIR,EVAL,SUCCESS,80.0,240,20
D2_Multi_Tap_Sparse_Delay,820,B7_PROPOSED_DYNAMIC_LAG_LIFECYCLE,EVAL,SUCCESS,112.16685714285714,1268,9
D2_Multi_Tap_Sparse_Delay,820,B5_SPARSITY_REGULARIZED_FULL_DICTIONARY,EVAL,SUCCESS,960.0,1920,0
D2_Multi_Tap_Sparse_Delay,820,B0_LEBRE_FROZEN,EVAL,SUCCESS,37.227714285714285,368,5
D2_Multi_Tap_Sparse_Delay,821,O1_FULL_DENSE_FIR,EVAL,SUCCESS,660.0,1980,165
D2_Multi_Tap_Sparse_Delay,822,O0_ORACLE_SPARSE,EVAL,SUCCESS,37.0,228,7
D2_Multi_Tap_Sparse_Delay,820,B7_E0_MAGNITUDE_EVICTION,EVAL,SUCCESS,112.16685714285714,1268,9
D2_Multi_Tap_Sparse_Delay,820,B6_PROPORTIONATE_SPARSE_ADAPTIVE_FILTER,EVAL,SUCCESS,1280.0,2560,2
D2_Multi_Tap_Sparse_Delay,822,O2_ORACLE_SUPPORT_LIFECYCLE,EVAL,SUCCESS,37.0,184,7
D2_Multi_Tap_Sparse_Delay,821,B4_VARIABLE_CONTIGUOUS_TAP_LENGTH,EVAL,SUCCESS,150.79714285714286,1920,30
D2_Multi_Tap_Sparse_Delay,822,B1_LEBRE_NO_REC_BIRTH,EVAL,SUCCESS,25.0,136,5
D2_Multi_Tap_Sparse_Delay,821,B7_PROPOSED_DYNAMIC_LAG_LIFECYCLE,EVAL,SUCCESS,112.64171428571429,1256,9
D2_Multi_Tap_Sparse_Delay,821,B7_E0_MAGNITUDE_EVICTION,EVAL,SUCCESS,112.64171428571429,1256,9
D2_Multi_Tap_Sparse_Delay,821,B5_SPARSITY_REGULARIZED_FULL_DICTIONARY,EVAL,SUCCESS,960.0,1920,0
D2_Multi_Tap_Sparse_Delay,822,B3_FIXED_DENSE_FIR,EVAL,SUCCESS,80.0,240,20
D2_Multi_Tap_Sparse_Delay,821,B0_LEBRE_FROZEN,EVAL,SUCCESS,37.562,368,5
D2_Multi_Tap_Sparse_Delay,822,O1_FULL_DENSE_FIR,EVAL,SUCCESS,660.0,1980,165
D2_Multi_Tap_Sparse_Delay,823,O0_ORACLE_SPARSE,EVAL,SUCCESS,37.0,236,7
D2_Multi_Tap_Sparse_Delay,821,B6_PROPORTIONATE_SPARSE_ADAPTIVE_FILTER,EVAL,SUCCESS,1280.0,2560,2
D2_Multi_Tap_Sparse_Delay,823,O2_ORACLE_SUPPORT_LIFECYCLE,EVAL,SUCCESS,37.0,184,7
D2_Multi_Tap_Sparse_Delay,822,B4_VARIABLE_CONTIGUOUS_TAP_LENGTH,EVAL,SUCCESS,167.19714285714286,1920,30
D2_Multi_Tap_Sparse_Delay,823,B1_LEBRE_NO_REC_BIRTH,EVAL,SUCCESS,25.0,136,5
D2_Multi_Tap_Sparse_Delay,823,B3_FIXED_DENSE_FIR,EVAL,SUCCESS,80.0,240,20
D2_Multi_Tap_Sparse_Delay,822,B0_LEBRE_FROZEN,EVAL,SUCCESS,38.143142857142855,368,5
D2_Multi_Tap_Sparse_Delay,822,B7_E0_MAGNITUDE_EVICTION,EVAL,SUCCESS,112.38057142857143,1192,9
D2_Multi_Tap_Sparse_Delay,822,B7_PROPOSED_DYNAMIC_LAG_LIFECYCLE,EVAL,SUCCESS,112.38057142857143,1192,9
D2_Multi_Tap_Sparse_Delay,822,B5_SPARSITY_REGULARIZED_FULL_DICTIONARY,EVAL,SUCCESS,960.0,1920,0
D2_Multi_Tap_Sparse_Delay,822,B6_PROPORTIONATE_SPARSE_ADAPTIVE_FILTER,EVAL,SUCCESS,1280.0,2560,2
D2_Multi_Tap_Sparse_Delay,823,O1_FULL_DENSE_FIR,EVAL,SUCCESS,660.0,1980,165
D2_Multi_Tap_Sparse_Delay,824,O0_ORACLE_SPARSE,EVAL,SUCCESS,37.0,212,7
D2_Multi_Tap_Sparse_Delay,823,B4_VARIABLE_CONTIGUOUS_TAP_LENGTH,EVAL,SUCCESS,188.43142857142857,1920,40
D2_Multi_Tap_Sparse_Delay,824,B1_LEBRE_NO_REC_BIRTH,EVAL,SUCCESS,25.0,136,5
D2_Multi_Tap_Sparse_Delay,824,O2_ORACLE_SUPPORT_LIFECYCLE,EVAL,SUCCESS,37.0,184,7
D2_Multi_Tap_Sparse_Delay,824,B3_FIXED_DENSE_FIR,EVAL,SUCCESS,80.0,240,20
D2_Multi_Tap_Sparse_Delay,823,B7_E0_MAGNITUDE_EVICTION,EVAL,SUCCESS,112.94857142857143,1240,9
D2_Multi_Tap_Sparse_Delay,823,B7_PROPOSED_DYNAMIC_LAG_LIFECYCLE,EVAL,SUCCESS,112.94857142857143,1240,9
D2_Multi_Tap_Sparse_Delay,823,B5_SPARSITY_REGULARIZED_FULL_DICTIONARY,EVAL,SUCCESS,960.0,1920,0
D2_Multi_Tap_Sparse_Delay,823,B6_PROPORTIONATE_SPARSE_ADAPTIVE_FILTER,EVAL,SUCCESS,1280.0,2560,2
D2_Multi_Tap_Sparse_Delay,824,O1_FULL_DENSE_FIR,EVAL,SUCCESS,660.0,1980,165
D2_Multi_Tap_Sparse_Delay,823,B0_LEBRE_FROZEN,EVAL,SUCCESS,38.90057142857143,368,5
D2_Multi_Tap_Sparse_Delay,825,O0_ORACLE_SPARSE,EVAL,SUCCESS,37.0,220,7
D2_Multi_Tap_Sparse_Delay,825,O2_ORACLE_SUPPORT_LIFECYCLE,EVAL,SUCCESS,37.0,184,7
D2_Multi_Tap_Sparse_Delay,824,B4_VARIABLE_CONTIGUOUS_TAP_LENGTH,EVAL,SUCCESS,130.81428571428572,1920,25
D2_Multi_Tap_Sparse_Delay,825,B1_LEBRE_NO_REC_BIRTH,EVAL,SUCCESS,25.0,136,5
D2_Multi_Tap_Sparse_Delay,824,B5_SPARSITY_REGULARIZED_FULL_DICTIONARY,EVAL,SUCCESS,960.0,1920,0
D2_Multi_Tap_Sparse_Delay,824,B7_PROPOSED_DYNAMIC_LAG_LIFECYCLE,EVAL,SUCCESS,112.50171428571429,1188,9
D2_Multi_Tap_Sparse_Delay,825,B3_FIXED_DENSE_FIR,EVAL,SUCCESS,80.0,240,20
D2_Multi_Tap_Sparse_Delay,824,B7_E0_MAGNITUDE_EVICTION,EVAL,SUCCESS,112.50171428571429,1188,9
D2_Multi_Tap_Sparse_Delay,824,B0_LEBRE_FROZEN,EVAL,SUCCESS,37.778,368,10
D2_Multi_Tap_Sparse_Delay,825,O1_FULL_DENSE_FIR,EVAL,SUCCESS,660.0,1980,165
D2_Multi_Tap_Sparse_Delay,824,B6_PROPORTIONATE_SPARSE_ADAPTIVE_FILTER,EVAL,SUCCESS,1280.0,2560,2
D2_Multi_Tap_Sparse_Delay,826,O0_ORACLE_SPARSE,EVAL,SUCCESS,37.0,228,7
D2_Multi_Tap_Sparse_Delay,826,O2_ORACLE_SUPPORT_LIFECYCLE,EVAL,SUCCESS,37.0,184,7
D2_Multi_Tap_Sparse_Delay,825,B4_VARIABLE_CONTIGUOUS_TAP_LENGTH,EVAL,SUCCESS,149.9142857142857,1920,30
D2_Multi_Tap_Sparse_Delay,826,B1_LEBRE_NO_REC_BIRTH,EVAL,SUCCESS,25.0,136,5
D2_Multi_Tap_Sparse_Delay,826,B3_FIXED_DENSE_FIR,EVAL,SUCCESS,80.0,240,20
D2_Multi_Tap_Sparse_Delay,825,B0_LEBRE_FROZEN,EVAL,SUCCESS,38.126285714285714,368,10
D2_Multi_Tap_Sparse_Delay,825,B7_PROPOSED_DYNAMIC_LAG_LIFECYCLE,EVAL,SUCCESS,112.26171428571429,1204,9
D2_Multi_Tap_Sparse_Delay,825,B5_SPARSITY_REGULARIZED_FULL_DICTIONARY,EVAL,SUCCESS,960.0,1920,0
D2_Multi_Tap_Sparse_Delay,825,B7_E0_MAGNITUDE_EVICTION,EVAL,SUCCESS,112.26171428571429,1204,9
D2_Multi_Tap_Sparse_Delay,826,O1_FULL_DENSE_FIR,EVAL,SUCCESS,660.0,1980,165
D2_Multi_Tap_Sparse_Delay,825,B6_PROPORTIONATE_SPARSE_ADAPTIVE_FILTER,EVAL,SUCCESS,1280.0,2560,2
D2_Multi_Tap_Sparse_Delay,827,O0_ORACLE_SPARSE,EVAL,SUCCESS,37.0,236,7
D2_Multi_Tap_Sparse_Delay,827,O2_ORACLE_SUPPORT_LIFECYCLE,EVAL,SUCCESS,37.0,184,7
D2_Multi_Tap_Sparse_Delay,826,B4_VARIABLE_CONTIGUOUS_TAP_LENGTH,EVAL,SUCCESS,168.25714285714287,1920,30
D2_Multi_Tap_Sparse_Delay,827,B1_LEBRE_NO_REC_BIRTH,EVAL,SUCCESS,25.0,136,5
D2_Multi_Tap_Sparse_Delay,826,B0_LEBRE_FROZEN,EVAL,SUCCESS,37.263714285714286,368,5
D2_Multi_Tap_Sparse_Delay,826,B7_PROPOSED_DYNAMIC_LAG_LIFECYCLE,EVAL,SUCCESS,112.36628571428571,1196,9
D2_Multi_Tap_Sparse_Delay,827,B3_FIXED_DENSE_FIR,EVAL,SUCCESS,80.0,240,20
D2_Multi_Tap_Sparse_Delay,826,B5_SPARSITY_REGULARIZED_FULL_DICTIONARY,EVAL,SUCCESS,960.0,1920,0
D2_Multi_Tap_Sparse_Delay,826,B7_E0_MAGNITUDE_EVICTION,EVAL,SUCCESS,112.36628571428571,1196,9
D2_Multi_Tap_Sparse_Delay,827,O1_FULL_DENSE_FIR,EVAL,SUCCESS,660.0,1980,165
D2_Multi_Tap_Sparse_Delay,828,O0_ORACLE_SPARSE,EVAL,SUCCESS,37.0,212,7
D2_Multi_Tap_Sparse_Delay,826,B6_PROPORTIONATE_SPARSE_ADAPTIVE_FILTER,EVAL,SUCCESS,1280.0,2560,2
D2_Multi_Tap_Sparse_Delay,828,O2_ORACLE_SUPPORT_LIFECYCLE,EVAL,SUCCESS,37.0,184,7
D2_Multi_Tap_Sparse_Delay,828,B1_LEBRE_NO_REC_BIRTH,EVAL,SUCCESS,25.0,136,5
D2_Multi_Tap_Sparse_Delay,827,B4_VARIABLE_CONTIGUOUS_TAP_LENGTH,EVAL,SUCCESS,182.37428571428572,1920,35
D2_Multi_Tap_Sparse_Delay,828,B3_FIXED_DENSE_FIR,EVAL,SUCCESS,80.0,240,20
D2_Multi_Tap_Sparse_Delay,827,B7_PROPOSED_DYNAMIC_LAG_LIFECYCLE,EVAL,SUCCESS,112.41257142857143,1116,9
D2_Multi_Tap_Sparse_Delay,827,B5_SPARSITY_REGULARIZED_FULL_DICTIONARY,EVAL,SUCCESS,960.0,1920,0
D2_Multi_Tap_Sparse_Delay,827,B0_LEBRE_FROZEN,EVAL,SUCCESS,37.44057142857143,368,5
D2_Multi_Tap_Sparse_Delay,827,B7_E0_MAGNITUDE_EVICTION,EVAL,SUCCESS,112.41257142857143,1116,9
D2_Multi_Tap_Sparse_Delay,828,O1_FULL_DENSE_FIR,EVAL,SUCCESS,660.0,1980,165
D2_Multi_Tap_Sparse_Delay,829,O0_ORACLE_SPARSE,EVAL,SUCCESS,37.0,220,7
D2_Multi_Tap_Sparse_Delay,827,B6_PROPORTIONATE_SPARSE_ADAPTIVE_FILTER,EVAL,SUCCESS,1280.0,2560,2
D2_Multi_Tap_Sparse_Delay,828,B4_VARIABLE_CONTIGUOUS_TAP_LENGTH,EVAL,SUCCESS,133.90285714285713,1920,25
D2_Multi_Tap_Sparse_Delay,829,O2_ORACLE_SUPPORT_LIFECYCLE,EVAL,SUCCESS,37.0,184,7
D2_Multi_Tap_Sparse_Delay,829,B1_LEBRE_NO_REC_BIRTH,EVAL,SUCCESS,25.0,136,5
D2_Multi_Tap_Sparse_Delay,828,B5_SPARSITY_REGULARIZED_FULL_DICTIONARY,EVAL,SUCCESS,960.0,1920,0
D2_Multi_Tap_Sparse_Delay,829,B3_FIXED_DENSE_FIR,EVAL,SUCCESS,80.0,240,20
D2_Multi_Tap_Sparse_Delay,828,B7_PROPOSED_DYNAMIC_LAG_LIFECYCLE,EVAL,SUCCESS,112.57485714285714,1136,9
D2_Multi_Tap_Sparse_Delay,828,B7_E0_MAGNITUDE_EVICTION,EVAL,SUCCESS,112.57485714285714,1136,9
D2_Multi_Tap_Sparse_Delay,828,B0_LEBRE_FROZEN,EVAL,SUCCESS,38.68857142857143,368,5
D2_Multi_Tap_Sparse_Delay,829,O1_FULL_DENSE_FIR,EVAL,SUCCESS,660.0,1980,165
D2_Multi_Tap_Sparse_Delay,830,O0_ORACLE_SPARSE,EVAL,SUCCESS,37.0,228,7
D2_Multi_Tap_Sparse_Delay,828,B6_PROPORTIONATE_SPARSE_ADAPTIVE_FILTER,EVAL,SUCCESS,1280.0,2560,2
D2_Multi_Tap_Sparse_Delay,830,O2_ORACLE_SUPPORT_LIFECYCLE,EVAL,SUCCESS,37.0,184,7
D2_Multi_Tap_Sparse_Delay,829,B4_VARIABLE_CONTIGUOUS_TAP_LENGTH,EVAL,SUCCESS,149.57714285714286,1920,30
D2_Multi_Tap_Sparse_Delay,830,B1_LEBRE_NO_REC_BIRTH,EVAL,SUCCESS,25.0,136,5
D2_Multi_Tap_Sparse_Delay,830,B3_FIXED_DENSE_FIR,EVAL,SUCCESS,80.0,240,20
D2_Multi_Tap_Sparse_Delay,829,B7_PROPOSED_DYNAMIC_LAG_LIFECYCLE,EVAL,SUCCESS,112.70514285714286,1192,9
D2_Multi_Tap_Sparse_Delay,829,B5_SPARSITY_REGULARIZED_FULL_DICTIONARY,EVAL,SUCCESS,960.0,1920,0
D2_Multi_Tap_Sparse_Delay,829,B7_E0_MAGNITUDE_EVICTION,EVAL,SUCCESS,112.70514285714286,1192,9
D2_Multi_Tap_Sparse_Delay,830,O1_FULL_DENSE_FIR,EVAL,SUCCESS,660.0,1980,165
D2_Multi_Tap_Sparse_Delay,829,B0_LEBRE_FROZEN,EVAL,SUCCESS,37.5,368,5
D2_Multi_Tap_Sparse_Delay,829,B6_PROPORTIONATE_SPARSE_ADAPTIVE_FILTER,EVAL,SUCCESS,1280.0,2560,2
D3_Widely_Separated_Support,801,O0_ORACLE_SPARSE,EVAL,SUCCESS,37.0,280,7
D2_Multi_Tap_Sparse_Delay,830,B4_VARIABLE_CONTIGUOUS_TAP_LENGTH,EVAL,SUCCESS,167.28857142857143,1920,35
D3_Widely_Separated_Support,801,O2_ORACLE_SUPPORT_LIFECYCLE,EVAL,SUCCESS,37.0,184,7
D3_Widely_Separated_Support,801,B1_LEBRE_NO_REC_BIRTH,EVAL,SUCCESS,25.0,136,5
D2_Multi_Tap_Sparse_Delay,830,B0_LEBRE_FROZEN,EVAL,SUCCESS,37.94714285714286,368,5
D2_Multi_Tap_Sparse_Delay,830,B5_SPARSITY_REGULARIZED_FULL_DICTIONARY,EVAL,SUCCESS,960.0,1920,0
D3_Widely_Separated_Support,801,B3_FIXED_DENSE_FIR,EVAL,SUCCESS,80.0,240,20
D2_Multi_Tap_Sparse_Delay,830,B7_PROPOSED_DYNAMIC_LAG_LIFECYCLE,EVAL,SUCCESS,112.40971428571429,1224,9
D2_Multi_Tap_Sparse_Delay,830,B7_E0_MAGNITUDE_EVICTION,EVAL,SUCCESS,112.40971428571429,1224,9
D3_Widely_Separated_Support,801,O1_FULL_DENSE_FIR,EVAL,SUCCESS,660.0,1980,165
D3_Widely_Separated_Support,802,O0_ORACLE_SPARSE,EVAL,SUCCESS,37.0,280,7
D2_Multi_Tap_Sparse_Delay,830,B6_PROPORTIONATE_SPARSE_ADAPTIVE_FILTER,EVAL,SUCCESS,1280.0,2560,2
D3_Widely_Separated_Support,802,O2_ORACLE_SUPPORT_LIFECYCLE,EVAL,SUCCESS,37.0,184,7
D3_Widely_Separated_Support,801,B4_VARIABLE_CONTIGUOUS_TAP_LENGTH,EVAL,SUCCESS,133.00857142857143,1920,25
D3_Widely_Separated_Support,802,B1_LEBRE_NO_REC_BIRTH,EVAL,SUCCESS,25.0,136,5
D3_Widely_Separated_Support,802,B3_FIXED_DENSE_FIR,EVAL,SUCCESS,80.0,240,20
D3_Widely_Separated_Support,801,B5_SPARSITY_REGULARIZED_FULL_DICTIONARY,EVAL,SUCCESS,960.0,1920,0
D3_Widely_Separated_Support,801,B7_PROPOSED_DYNAMIC_LAG_LIFECYCLE,EVAL,SUCCESS,112.37085714285715,1252,9
D3_Widely_Separated_Support,802,O1_FULL_DENSE_FIR,EVAL,SUCCESS,660.0,1980,165
D3_Widely_Separated_Support,801,B0_LEBRE_FROZEN,EVAL,SUCCESS,39.60542857142857,368,5
D3_Widely_Separated_Support,801,B7_E0_MAGNITUDE_EVICTION,EVAL,SUCCESS,112.37085714285715,1252,9
D3_Widely_Separated_Support,803,O0_ORACLE_SPARSE,EVAL,SUCCESS,37.0,280,7
D3_Widely_Separated_Support,801,B6_PROPORTIONATE_SPARSE_ADAPTIVE_FILTER,EVAL,SUCCESS,1280.0,2560,2
D3_Widely_Separated_Support,803,O2_ORACLE_SUPPORT_LIFECYCLE,EVAL,SUCCESS,37.0,184,7
D3_Widely_Separated_Support,802,B4_VARIABLE_CONTIGUOUS_TAP_LENGTH,EVAL,SUCCESS,134.2657142857143,1920,25
D3_Widely_Separated_Support,803,B1_LEBRE_NO_REC_BIRTH,EVAL,SUCCESS,25.0,136,5
D3_Widely_Separated_Support,802,B0_LEBRE_FROZEN,EVAL,SUCCESS,38.90857142857143,368,8
D3_Widely_Separated_Support,802,B7_PROPOSED_DYNAMIC_LAG_LIFECYCLE,EVAL,SUCCESS,113.04228571428571,1364,9
D3_Widely_Separated_Support,802,B7_E0_MAGNITUDE_EVICTION,EVAL,SUCCESS,113.04228571428571,1364,9
D3_Widely_Separated_Support,803,B3_FIXED_DENSE_FIR,EVAL,SUCCESS,80.0,240,20
D3_Widely_Separated_Support,802,B5_SPARSITY_REGULARIZED_FULL_DICTIONARY,EVAL,SUCCESS,960.0,1920,0
D3_Widely_Separated_Support,802,B6_PROPORTIONATE_SPARSE_ADAPTIVE_FILTER,EVAL,SUCCESS,1280.0,2560,2
D3_Widely_Separated_Support,803,O1_FULL_DENSE_FIR,EVAL,SUCCESS,660.0,1980,165
D3_Widely_Separated_Support,804,O0_ORACLE_SPARSE,EVAL,SUCCESS,37.0,280,7
D3_Widely_Separated_Support,804,O2_ORACLE_SUPPORT_LIFECYCLE,EVAL,SUCCESS,37.0,184,7
D3_Widely_Separated_Support,803,B4_VARIABLE_CONTIGUOUS_TAP_LENGTH,EVAL,SUCCESS,114.72857142857143,1920,25
D3_Widely_Separated_Support,804,B1_LEBRE_NO_REC_BIRTH,EVAL,SUCCESS,25.0,136,5
D3_Widely_Separated_Support,804,B3_FIXED_DENSE_FIR,EVAL,SUCCESS,80.0,240,20
D3_Widely_Separated_Support,803,B7_PROPOSED_DYNAMIC_LAG_LIFECYCLE,EVAL,SUCCESS,112.32971428571429,1304,9
D3_Widely_Separated_Support,803,B7_E0_MAGNITUDE_EVICTION,EVAL,SUCCESS,112.32971428571429,1304,9
D3_Widely_Separated_Support,803,B5_SPARSITY_REGULARIZED_FULL_DICTIONARY,EVAL,SUCCESS,960.0,1920,0
D3_Widely_Separated_Support,803,B0_LEBRE_FROZEN,EVAL,SUCCESS,37.59914285714286,368,5
D3_Widely_Separated_Support,804,O1_FULL_DENSE_FIR,EVAL,SUCCESS,660.0,1980,165
D3_Widely_Separated_Support,803,B6_PROPORTIONATE_SPARSE_ADAPTIVE_FILTER,EVAL,SUCCESS,1280.0,2560,2
D3_Widely_Separated_Support,805,O0_ORACLE_SPARSE,EVAL,SUCCESS,37.0,280,7
D3_Widely_Separated_Support,804,B4_VARIABLE_CONTIGUOUS_TAP_LENGTH,EVAL,SUCCESS,127.36857142857143,1920,25
D3_Widely_Separated_Support,805,O2_ORACLE_SUPPORT_LIFECYCLE,EVAL,SUCCESS,37.0,184,7
D3_Widely_Separated_Support,805,B1_LEBRE_NO_REC_BIRTH,EVAL,SUCCESS,25.0,136,5
D3_Widely_Separated_Support,804,B5_SPARSITY_REGULARIZED_FULL_DICTIONARY,EVAL,SUCCESS,960.0,1920,0
D3_Widely_Separated_Support,805,B3_FIXED_DENSE_FIR,EVAL,SUCCESS,80.0,240,20
D3_Widely_Separated_Support,804,B0_LEBRE_FROZEN,EVAL,SUCCESS,37.48057142857143,368,5
D3_Widely_Separated_Support,804,B7_PROPOSED_DYNAMIC_LAG_LIFECYCLE,EVAL,SUCCESS,113.18171428571429,1276,9
D3_Widely_Separated_Support,804,B7_E0_MAGNITUDE_EVICTION,EVAL,SUCCESS,113.18171428571429,1276,9
D3_Widely_Separated_Support,805,O1_FULL_DENSE_FIR,EVAL,SUCCESS,660.0,1980,165
D3_Widely_Separated_Support,806,O0_ORACLE_SPARSE,EVAL,SUCCESS,37.0,280,7
D3_Widely_Separated_Support,805,B4_VARIABLE_CONTIGUOUS_TAP_LENGTH,EVAL,SUCCESS,127.58571428571429,1920,25
D3_Widely_Separated_Support,804,B6_PROPORTIONATE_SPARSE_ADAPTIVE_FILTER,EVAL,SUCCESS,1280.0,2560,2
D3_Widely_Separated_Support,806,O2_ORACLE_SUPPORT_LIFECYCLE,EVAL,SUCCESS,37.0,184,7
D3_Widely_Separated_Support,806,B1_LEBRE_NO_REC_BIRTH,EVAL,SUCCESS,25.0,136,5
D3_Widely_Separated_Support,806,B3_FIXED_DENSE_FIR,EVAL,SUCCESS,80.0,240,20
D3_Widely_Separated_Support,805,B5_SPARSITY_REGULARIZED_FULL_DICTIONARY,EVAL,SUCCESS,960.0,1920,0
D3_Widely_Separated_Support,805,B7_PROPOSED_DYNAMIC_LAG_LIFECYCLE,EVAL,SUCCESS,112.54914285714285,1256,9
D3_Widely_Separated_Support,805,B7_E0_MAGNITUDE_EVICTION,EVAL,SUCCESS,112.54914285714285,1256,9
D3_Widely_Separated_Support,805,B0_LEBRE_FROZEN,EVAL,SUCCESS,39.368,368,8
D3_Widely_Separated_Support,806,O1_FULL_DENSE_FIR,EVAL,SUCCESS,660.0,1980,165
D3_Widely_Separated_Support,807,O0_ORACLE_SPARSE,EVAL,SUCCESS,37.0,280,7
D3_Widely_Separated_Support,805,B6_PROPORTIONATE_SPARSE_ADAPTIVE_FILTER,EVAL,SUCCESS,1280.0,2560,2
D3_Widely_Separated_Support,807,O2_ORACLE_SUPPORT_LIFECYCLE,EVAL,SUCCESS,37.0,184,7
D3_Widely_Separated_Support,806,B4_VARIABLE_CONTIGUOUS_TAP_LENGTH,EVAL,SUCCESS,119.05142857142857,1920,25
D3_Widely_Separated_Support,807,B1_LEBRE_NO_REC_BIRTH,EVAL,SUCCESS,25.0,136,5
D3_Widely_Separated_Support,806,B0_LEBRE_FROZEN,EVAL,SUCCESS,39.137142857142855,368,8
D3_Widely_Separated_Support,807,B3_FIXED_DENSE_FIR,EVAL,SUCCESS,80.0,240,20
D3_Widely_Separated_Support,806,B7_PROPOSED_DYNAMIC_LAG_LIFECYCLE,EVAL,SUCCESS,112.62571428571428,1184,9
D3_Widely_Separated_Support,806,B5_SPARSITY_REGULARIZED_FULL_DICTIONARY,EVAL,SUCCESS,960.0,1920,0
D3_Widely_Separated_Support,806,B7_E0_MAGNITUDE_EVICTION,EVAL,SUCCESS,112.62571428571428,1184,9
D3_Widely_Separated_Support,807,O1_FULL_DENSE_FIR,EVAL,SUCCESS,660.0,1980,165
D3_Widely_Separated_Support,806,B6_PROPORTIONATE_SPARSE_ADAPTIVE_FILTER,EVAL,SUCCESS,1280.0,2560,2
D3_Widely_Separated_Support,808,O0_ORACLE_SPARSE,EVAL,SUCCESS,37.0,280,7
D3_Widely_Separated_Support,808,O2_ORACLE_SUPPORT_LIFECYCLE,EVAL,SUCCESS,37.0,184,7
D3_Widely_Separated_Support,807,B4_VARIABLE_CONTIGUOUS_TAP_LENGTH,EVAL,SUCCESS,127.53142857142858,1920,25
D3_Widely_Separated_Support,808,B1_LEBRE_NO_REC_BIRTH,EVAL,SUCCESS,25.0,136,5
D3_Widely_Separated_Support,808,B3_FIXED_DENSE_FIR,EVAL,SUCCESS,80.0,240,20
D3_Widely_Separated_Support,807,B0_LEBRE_FROZEN,EVAL,SUCCESS,37.83971428571429,368,5
D3_Widely_Separated_Support,807,B7_PROPOSED_DYNAMIC_LAG_LIFECYCLE,EVAL,SUCCESS,112.54114285714286,1224,9
D3_Widely_Separated_Support,807,B5_SPARSITY_REGULARIZED_FULL_DICTIONARY,EVAL,SUCCESS,960.0,1920,0
D3_Widely_Separated_Support,807,B7_E0_MAGNITUDE_EVICTION,EVAL,SUCCESS,112.54114285714286,1224,9
D3_Widely_Separated_Support,808,O1_FULL_DENSE_FIR,EVAL,SUCCESS,660.0,1980,165
D3_Widely_Separated_Support,809,O0_ORACLE_SPARSE,EVAL,SUCCESS,37.0,280,7
D3_Widely_Separated_Support,807,B6_PROPORTIONATE_SPARSE_ADAPTIVE_FILTER,EVAL,SUCCESS,1280.0,2560,2
D3_Widely_Separated_Support,808,B4_VARIABLE_CONTIGUOUS_TAP_LENGTH,EVAL,SUCCESS,134.33714285714285,1920,25
D3_Widely_Separated_Support,809,B1_LEBRE_NO_REC_BIRTH,EVAL,SUCCESS,25.0,136,5
D3_Widely_Separated_Support,809,O2_ORACLE_SUPPORT_LIFECYCLE,EVAL,SUCCESS,37.0,184,7
D3_Widely_Separated_Support,809,B3_FIXED_DENSE_FIR,EVAL,SUCCESS,80.0,240,20
D3_Widely_Separated_Support,808,B5_SPARSITY_REGULARIZED_FULL_DICTIONARY,EVAL,SUCCESS,960.0,1920,0
D3_Widely_Separated_Support,808,B7_PROPOSED_DYNAMIC_LAG_LIFECYCLE,EVAL,SUCCESS,112.50057142857143,1244,9
D3_Widely_Separated_Support,808,B0_LEBRE_FROZEN,EVAL,SUCCESS,38.559714285714286,368,5
D3_Widely_Separated_Support,808,B7_E0_MAGNITUDE_EVICTION,EVAL,SUCCESS,112.50057142857143,1244,9
D3_Widely_Separated_Support,809,O1_FULL_DENSE_FIR,EVAL,SUCCESS,660.0,1980,165
D3_Widely_Separated_Support,810,O0_ORACLE_SPARSE,EVAL,SUCCESS,37.0,280,7
D3_Widely_Separated_Support,810,O2_ORACLE_SUPPORT_LIFECYCLE,EVAL,SUCCESS,37.0,184,7
D3_Widely_Separated_Support,810,B1_LEBRE_NO_REC_BIRTH,EVAL,SUCCESS,25.0,136,5
D3_Widely_Separated_Support,808,B6_PROPORTIONATE_SPARSE_ADAPTIVE_FILTER,EVAL,SUCCESS,1280.0,2560,2
D3_Widely_Separated_Support,810,B3_FIXED_DENSE_FIR,EVAL,SUCCESS,80.0,240,20
D3_Widely_Separated_Support,809,B0_LEBRE_FROZEN,EVAL,SUCCESS,39.09685714285714,368,10
D3_Widely_Separated_Support,809,B7_PROPOSED_DYNAMIC_LAG_LIFECYCLE,EVAL,SUCCESS,112.80685714285714,1252,9
D3_Widely_Separated_Support,809,B7_E0_MAGNITUDE_EVICTION,EVAL,SUCCESS,112.80685714285714,1252,9
D3_Widely_Separated_Support,810,O1_FULL_DENSE_FIR,EVAL,SUCCESS,660.0,1980,165
D3_Widely_Separated_Support,809,B6_PROPORTIONATE_SPARSE_ADAPTIVE_FILTER,EVAL,SUCCESS,1280.0,2560,2
D3_Widely_Separated_Support,809,B4_VARIABLE_CONTIGUOUS_TAP_LENGTH,EVAL,SUCCESS,149.83428571428573,1920,30
D3_Widely_Separated_Support,811,O0_ORACLE_SPARSE,EVAL,SUCCESS,37.0,280,7
D3_Widely_Separated_Support,810,B4_VARIABLE_CONTIGUOUS_TAP_LENGTH,EVAL,SUCCESS,133.21142857142857,1920,25
D3_Widely_Separated_Support,811,O2_ORACLE_SUPPORT_LIFECYCLE,EVAL,SUCCESS,37.0,184,7
D3_Widely_Separated_Support,809,B5_SPARSITY_REGULARIZED_FULL_DICTIONARY,EVAL,SUCCESS,960.0,1920,0
D3_Widely_Separated_Support,811,B1_LEBRE_NO_REC_BIRTH,EVAL,SUCCESS,25.0,136,5
D3_Widely_Separated_Support,810,B7_PROPOSED_DYNAMIC_LAG_LIFECYCLE,EVAL,SUCCESS,112.88057142857143,1288,9
D3_Widely_Separated_Support,810,B0_LEBRE_FROZEN,EVAL,SUCCESS,37.66085714285714,368,5
D3_Widely_Separated_Support,811,B3_FIXED_DENSE_FIR,EVAL,SUCCESS,80.0,240,20
D3_Widely_Separated_Support,810,B6_PROPORTIONATE_SPARSE_ADAPTIVE_FILTER,EVAL,SUCCESS,1280.0,2560,2
D3_Widely_Separated_Support,810,B5_SPARSITY_REGULARIZED_FULL_DICTIONARY,EVAL,SUCCESS,960.0,1920,0
D3_Widely_Separated_Support,810,B7_E0_MAGNITUDE_EVICTION,EVAL,SUCCESS,112.88057142857143,1288,9
D3_Widely_Separated_Support,811,O1_FULL_DENSE_FIR,EVAL,SUCCESS,660.0,1980,165
D3_Widely_Separated_Support,812,O0_ORACLE_SPARSE,EVAL,SUCCESS,37.0,280,7
D3_Widely_Separated_Support,811,B4_VARIABLE_CONTIGUOUS_TAP_LENGTH,EVAL,SUCCESS,128.22,1920,25
D3_Widely_Separated_Support,812,B1_LEBRE_NO_REC_BIRTH,EVAL,SUCCESS,25.0,136,5
D3_Widely_Separated_Support,811,B5_SPARSITY_REGULARIZED_FULL_DICTIONARY,EVAL,SUCCESS,960.0,1920,0
D3_Widely_Separated_Support,811,B0_LEBRE_FROZEN,EVAL,SUCCESS,38.85485714285714,368,8
D3_Widely_Separated_Support,812,O2_ORACLE_SUPPORT_LIFECYCLE,EVAL,SUCCESS,37.0,184,7
D3_Widely_Separated_Support,811,B7_PROPOSED_DYNAMIC_LAG_LIFECYCLE,EVAL,SUCCESS,113.15714285714286,1232,9
D3_Widely_Separated_Support,812,B3_FIXED_DENSE_FIR,EVAL,SUCCESS,80.0,240,20
D3_Widely_Separated_Support,811,B7_E0_MAGNITUDE_EVICTION,EVAL,SUCCESS,113.15714285714286,1232,9
D3_Widely_Separated_Support,813,O0_ORACLE_SPARSE,EVAL,SUCCESS,37.0,280,7
D3_Widely_Separated_Support,811,B6_PROPORTIONATE_SPARSE_ADAPTIVE_FILTER,EVAL,SUCCESS,1280.0,2560,2
D3_Widely_Separated_Support,812,B4_VARIABLE_CONTIGUOUS_TAP_LENGTH,EVAL,SUCCESS,129.38285714285715,1920,25
D3_Widely_Separated_Support,812,O1_FULL_DENSE_FIR,EVAL,SUCCESS,660.0,1980,165
D3_Widely_Separated_Support,813,O2_ORACLE_SUPPORT_LIFECYCLE,EVAL,SUCCESS,37.0,184,7
D3_Widely_Separated_Support,813,B1_LEBRE_NO_REC_BIRTH,EVAL,SUCCESS,25.0,136,5
D3_Widely_Separated_Support,812,B7_PROPOSED_DYNAMIC_LAG_LIFECYCLE,EVAL,SUCCESS,112.56628571428571,1224,9
D3_Widely_Separated_Support,812,B5_SPARSITY_REGULARIZED_FULL_DICTIONARY,EVAL,SUCCESS,960.0,1920,0
D3_Widely_Separated_Support,812,B0_LEBRE_FROZEN,EVAL,SUCCESS,38.193714285714286,368,5
D3_Widely_Separated_Support,812,B7_E0_MAGNITUDE_EVICTION,EVAL,SUCCESS,112.56628571428571,1224,9
D3_Widely_Separated_Support,813,B3_FIXED_DENSE_FIR,EVAL,SUCCESS,80.0,240,20
D3_Widely_Separated_Support,813,O1_FULL_DENSE_FIR,EVAL,SUCCESS,660.0,1980,165
D3_Widely_Separated_Support,814,O0_ORACLE_SPARSE,EVAL,SUCCESS,37.0,280,7
D3_Widely_Separated_Support,814,B1_LEBRE_NO_REC_BIRTH,EVAL,SUCCESS,25.0,136,5
D3_Widely_Separated_Support,812,B6_PROPORTIONATE_SPARSE_ADAPTIVE_FILTER,EVAL,SUCCESS,1280.0,2560,2
D3_Widely_Separated_Support,813,B4_VARIABLE_CONTIGUOUS_TAP_LENGTH,EVAL,SUCCESS,122.10571428571428,1920,25
D3_Widely_Separated_Support,814,O2_ORACLE_SUPPORT_LIFECYCLE,EVAL,SUCCESS,37.0,184,7
D3_Widely_Separated_Support,814,B3_FIXED_DENSE_FIR,EVAL,SUCCESS,80.0,240,20
D3_Widely_Separated_Support,813,B7_PROPOSED_DYNAMIC_LAG_LIFECYCLE,EVAL,SUCCESS,112.94057142857143,1252,9
D3_Widely_Separated_Support,813,B0_LEBRE_FROZEN,EVAL,SUCCESS,38.021142857142856,368,5
D3_Widely_Separated_Support,813,B5_SPARSITY_REGULARIZED_FULL_DICTIONARY,EVAL,SUCCESS,960.0,1920,0
D3_Widely_Separated_Support,813,B7_E0_MAGNITUDE_EVICTION,EVAL,SUCCESS,112.94057142857143,1252,9
D3_Widely_Separated_Support,814,O1_FULL_DENSE_FIR,EVAL,SUCCESS,660.0,1980,165
D3_Widely_Separated_Support,813,B6_PROPORTIONATE_SPARSE_ADAPTIVE_FILTER,EVAL,SUCCESS,1280.0,2560,2
D3_Widely_Separated_Support,814,B4_VARIABLE_CONTIGUOUS_TAP_LENGTH,EVAL,SUCCESS,127.23714285714286,1920,25
D3_Widely_Separated_Support,815,O0_ORACLE_SPARSE,EVAL,SUCCESS,37.0,280,7
D3_Widely_Separated_Support,815,O2_ORACLE_SUPPORT_LIFECYCLE,EVAL,SUCCESS,37.0,184,7
D3_Widely_Separated_Support,815,B1_LEBRE_NO_REC_BIRTH,EVAL,SUCCESS,25.0,136,5
D3_Widely_Separated_Support,814,B7_PROPOSED_DYNAMIC_LAG_LIFECYCLE,EVAL,SUCCESS,91.51771428571429,1092,7
D3_Widely_Separated_Support,815,B3_FIXED_DENSE_FIR,EVAL,SUCCESS,80.0,240,20
D3_Widely_Separated_Support,814,B5_SPARSITY_REGULARIZED_FULL_DICTIONARY,EVAL,SUCCESS,960.0,1920,0
D3_Widely_Separated_Support,814,B7_E0_MAGNITUDE_EVICTION,EVAL,SUCCESS,91.51771428571429,1092,7
D3_Widely_Separated_Support,814,B0_LEBRE_FROZEN,EVAL,SUCCESS,38.581714285714284,368,5
D3_Widely_Separated_Support,815,O1_FULL_DENSE_FIR,EVAL,SUCCESS,660.0,1980,165
D3_Widely_Separated_Support,814,B6_PROPORTIONATE_SPARSE_ADAPTIVE_FILTER,EVAL,SUCCESS,1280.0,2560,2
D3_Widely_Separated_Support,815,B4_VARIABLE_CONTIGUOUS_TAP_LENGTH,EVAL,SUCCESS,113.62857142857143,1920,20
D3_Widely_Separated_Support,816,B1_LEBRE_NO_REC_BIRTH,EVAL,SUCCESS,25.0,136,5
D3_Widely_Separated_Support,816,B3_FIXED_DENSE_FIR,EVAL,SUCCESS,80.0,240,20
D3_Widely_Separated_Support,816,O0_ORACLE_SPARSE,EVAL,SUCCESS,37.0,280,7
D3_Widely_Separated_Support,815,B0_LEBRE_FROZEN,EVAL,SUCCESS,37.103142857142856,368,5
D3_Widely_Separated_Support,816,O2_ORACLE_SUPPORT_LIFECYCLE,EVAL,SUCCESS,37.0,184,7
D3_Widely_Separated_Support,815,B7_PROPOSED_DYNAMIC_LAG_LIFECYCLE,EVAL,SUCCESS,112.66628571428572,1220,9
D3_Widely_Separated_Support,815,B5_SPARSITY_REGULARIZED_FULL_DICTIONARY,EVAL,SUCCESS,960.0,1920,0
D3_Widely_Separated_Support,816,O1_FULL_DENSE_FIR,EVAL,SUCCESS,660.0,1980,165
D3_Widely_Separated_Support,815,B7_E0_MAGNITUDE_EVICTION,EVAL,SUCCESS,112.66628571428572,1220,9
D3_Widely_Separated_Support,817,O0_ORACLE_SPARSE,EVAL,SUCCESS,37.0,280,7
D3_Widely_Separated_Support,815,B6_PROPORTIONATE_SPARSE_ADAPTIVE_FILTER,EVAL,SUCCESS,1280.0,2560,2
D3_Widely_Separated_Support,816,B4_VARIABLE_CONTIGUOUS_TAP_LENGTH,EVAL,SUCCESS,125.74,1920,25
D3_Widely_Separated_Support,817,B1_LEBRE_NO_REC_BIRTH,EVAL,SUCCESS,25.0,136,5
D3_Widely_Separated_Support,816,B5_SPARSITY_REGULARIZED_FULL_DICTIONARY,EVAL,SUCCESS,960.0,1920,0
D3_Widely_Separated_Support,816,B7_PROPOSED_DYNAMIC_LAG_LIFECYCLE,EVAL,SUCCESS,112.34857142857143,1332,9
D3_Widely_Separated_Support,816,B7_E0_MAGNITUDE_EVICTION,EVAL,SUCCESS,112.34857142857143,1332,9
D3_Widely_Separated_Support,817,O2_ORACLE_SUPPORT_LIFECYCLE,EVAL,SUCCESS,37.0,184,7
D3_Widely_Separated_Support,817,B3_FIXED_DENSE_FIR,EVAL,SUCCESS,80.0,240,20
D3_Widely_Separated_Support,816,B6_PROPORTIONATE_SPARSE_ADAPTIVE_FILTER,EVAL,SUCCESS,1280.0,2560,2
D3_Widely_Separated_Support,817,O1_FULL_DENSE_FIR,EVAL,SUCCESS,660.0,1980,165
D3_Widely_Separated_Support,816,B0_LEBRE_FROZEN,EVAL,SUCCESS,39.02,368,5
D3_Widely_Separated_Support,818,O0_ORACLE_SPARSE,EVAL,SUCCESS,37.0,280,7
D3_Widely_Separated_Support,817,B4_VARIABLE_CONTIGUOUS_TAP_LENGTH,EVAL,SUCCESS,117.36285714285714,1920,25
D3_Widely_Separated_Support,818,O2_ORACLE_SUPPORT_LIFECYCLE,EVAL,SUCCESS,37.0,184,7
D3_Widely_Separated_Support,818,B1_LEBRE_NO_REC_BIRTH,EVAL,SUCCESS,25.0,136,5
D3_Widely_Separated_Support,818,B3_FIXED_DENSE_FIR,EVAL,SUCCESS,80.0,240,20
D3_Widely_Separated_Support,817,B5_SPARSITY_REGULARIZED_FULL_DICTIONARY,EVAL,SUCCESS,960.0,1920,0
D3_Widely_Separated_Support,817,B0_LEBRE_FROZEN,EVAL,SUCCESS,37.400285714285715,368,5
D3_Widely_Separated_Support,817,B7_PROPOSED_DYNAMIC_LAG_LIFECYCLE,EVAL,SUCCESS,112.79942857142858,1272,9
D3_Widely_Separated_Support,818,O1_FULL_DENSE_FIR,EVAL,SUCCESS,660.0,1980,165
D3_Widely_Separated_Support,819,O0_ORACLE_SPARSE,EVAL,SUCCESS,37.0,280,7
D3_Widely_Separated_Support,818,B4_VARIABLE_CONTIGUOUS_TAP_LENGTH,EVAL,SUCCESS,122.37142857142857,1920,25
D3_Widely_Separated_Support,817,B7_E0_MAGNITUDE_EVICTION,EVAL,SUCCESS,112.79942857142858,1272,9
D3_Widely_Separated_Support,819,B1_LEBRE_NO_REC_BIRTH,EVAL,SUCCESS,25.0,136,5
D3_Widely_Separated_Support,819,O2_ORACLE_SUPPORT_LIFECYCLE,EVAL,SUCCESS,37.0,184,7
D3_Widely_Separated_Support,818,B5_SPARSITY_REGULARIZED_FULL_DICTIONARY,EVAL,SUCCESS,960.0,1920,0
D3_Widely_Separated_Support,819,B3_FIXED_DENSE_FIR,EVAL,SUCCESS,80.0,240,20
D3_Widely_Separated_Support,817,B6_PROPORTIONATE_SPARSE_ADAPTIVE_FILTER,EVAL,SUCCESS,1280.0,2560,2
D3_Widely_Separated_Support,818,B7_PROPOSED_DYNAMIC_LAG_LIFECYCLE,EVAL,SUCCESS,112.65028571428572,1296,9
D3_Widely_Separated_Support,818,B6_PROPORTIONATE_SPARSE_ADAPTIVE_FILTER,EVAL,SUCCESS,1280.0,2560,2
D3_Widely_Separated_Support,819,O1_FULL_DENSE_FIR,EVAL,SUCCESS,660.0,1980,165
D3_Widely_Separated_Support,818,B7_E0_MAGNITUDE_EVICTION,EVAL,SUCCESS,112.65028571428572,1296,9
D3_Widely_Separated_Support,820,O0_ORACLE_SPARSE,EVAL,SUCCESS,37.0,280,7
D3_Widely_Separated_Support,818,B0_LEBRE_FROZEN,EVAL,SUCCESS,38.81657142857143,368,5
D3_Widely_Separated_Support,820,O2_ORACLE_SUPPORT_LIFECYCLE,EVAL,SUCCESS,37.0,184,7
D3_Widely_Separated_Support,819,B4_VARIABLE_CONTIGUOUS_TAP_LENGTH,EVAL,SUCCESS,112.64857142857143,1920,20
D3_Widely_Separated_Support,819,B0_LEBRE_FROZEN,EVAL,SUCCESS,38.07685714285714,368,10
D3_Widely_Separated_Support,820,B1_LEBRE_NO_REC_BIRTH,EVAL,SUCCESS,25.0,136,5
D3_Widely_Separated_Support,819,B5_SPARSITY_REGULARIZED_FULL_DICTIONARY,EVAL,SUCCESS,960.0,1920,0
D3_Widely_Separated_Support,819,B7_PROPOSED_DYNAMIC_LAG_LIFECYCLE,EVAL,SUCCESS,112.32114285714286,1224,9
D3_Widely_Separated_Support,820,B3_FIXED_DENSE_FIR,EVAL,SUCCESS,80.0,240,20
D3_Widely_Separated_Support,820,O1_FULL_DENSE_FIR,EVAL,SUCCESS,660.0,1980,165
D3_Widely_Separated_Support,819,B7_E0_MAGNITUDE_EVICTION,EVAL,SUCCESS,112.32114285714286,1224,9
D3_Widely_Separated_Support,821,O0_ORACLE_SPARSE,EVAL,SUCCESS,37.0,280,7
D3_Widely_Separated_Support,819,B6_PROPORTIONATE_SPARSE_ADAPTIVE_FILTER,EVAL,SUCCESS,1280.0,2560,2
D3_Widely_Separated_Support,820,B4_VARIABLE_CONTIGUOUS_TAP_LENGTH,EVAL,SUCCESS,122.41142857142857,1920,25
D3_Widely_Separated_Support,821,O2_ORACLE_SUPPORT_LIFECYCLE,EVAL,SUCCESS,37.0,184,7
D3_Widely_Separated_Support,821,B1_LEBRE_NO_REC_BIRTH,EVAL,SUCCESS,25.0,136,5
D3_Widely_Separated_Support,820,B0_LEBRE_FROZEN,EVAL,SUCCESS,38.582857142857144,368,5
D3_Widely_Separated_Support,820,B7_PROPOSED_DYNAMIC_LAG_LIFECYCLE,EVAL,SUCCESS,113.19028571428571,1204,9
D3_Widely_Separated_Support,820,B5_SPARSITY_REGULARIZED_FULL_DICTIONARY,EVAL,SUCCESS,960.0,1920,0
D3_Widely_Separated_Support,821,B3_FIXED_DENSE_FIR,EVAL,SUCCESS,80.0,240,20
D3_Widely_Separated_Support,821,O1_FULL_DENSE_FIR,EVAL,SUCCESS,660.0,1980,165
D3_Widely_Separated_Support,822,O0_ORACLE_SPARSE,EVAL,SUCCESS,37.0,280,7
D3_Widely_Separated_Support,820,B6_PROPORTIONATE_SPARSE_ADAPTIVE_FILTER,EVAL,SUCCESS,1280.0,2560,2
D3_Widely_Separated_Support,820,B7_E0_MAGNITUDE_EVICTION,EVAL,SUCCESS,113.19028571428571,1204,9
D3_Widely_Separated_Support,822,O2_ORACLE_SUPPORT_LIFECYCLE,EVAL,SUCCESS,37.0,184,7
D3_Widely_Separated_Support,822,B1_LEBRE_NO_REC_BIRTH,EVAL,SUCCESS,25.0,136,5
D3_Widely_Separated_Support,821,B4_VARIABLE_CONTIGUOUS_TAP_LENGTH,EVAL,SUCCESS,125.03428571428572,1920,25
D3_Widely_Separated_Support,822,B3_FIXED_DENSE_FIR,EVAL,SUCCESS,80.0,240,20
D3_Widely_Separated_Support,821,B7_PROPOSED_DYNAMIC_LAG_LIFECYCLE,EVAL,SUCCESS,112.44685714285714,1356,9
D3_Widely_Separated_Support,821,B0_LEBRE_FROZEN,EVAL,SUCCESS,38.82742857142857,240,5
D3_Widely_Separated_Support,821,B5_SPARSITY_REGULARIZED_FULL_DICTIONARY,EVAL,SUCCESS,960.0,1920,0
D3_Widely_Separated_Support,821,B7_E0_MAGNITUDE_EVICTION,EVAL,SUCCESS,112.44685714285714,1356,9
D3_Widely_Separated_Support,822,O1_FULL_DENSE_FIR,EVAL,SUCCESS,660.0,1980,165
D3_Widely_Separated_Support,823,O0_ORACLE_SPARSE,EVAL,SUCCESS,37.0,280,7
D3_Widely_Separated_Support,822,B4_VARIABLE_CONTIGUOUS_TAP_LENGTH,EVAL,SUCCESS,131.44285714285715,1920,25
D3_Widely_Separated_Support,823,B1_LEBRE_NO_REC_BIRTH,EVAL,SUCCESS,25.0,136,5
D3_Widely_Separated_Support,821,B6_PROPORTIONATE_SPARSE_ADAPTIVE_FILTER,EVAL,SUCCESS,1280.0,2560,2
D3_Widely_Separated_Support,822,B0_LEBRE_FROZEN,EVAL,SUCCESS,38.55314285714286,368,5
D3_Widely_Separated_Support,823,B3_FIXED_DENSE_FIR,EVAL,SUCCESS,80.0,240,20
D3_Widely_Separated_Support,822,B7_PROPOSED_DYNAMIC_LAG_LIFECYCLE,EVAL,SUCCESS,112.812,1236,9
D3_Widely_Separated_Support,823,O2_ORACLE_SUPPORT_LIFECYCLE,EVAL,SUCCESS,37.0,184,7
D3_Widely_Separated_Support,822,B5_SPARSITY_REGULARIZED_FULL_DICTIONARY,EVAL,SUCCESS,960.0,1920,0
D3_Widely_Separated_Support,822,B7_E0_MAGNITUDE_EVICTION,EVAL,SUCCESS,112.812,1236,9
D3_Widely_Separated_Support,822,B6_PROPORTIONATE_SPARSE_ADAPTIVE_FILTER,EVAL,SUCCESS,1280.0,2560,2
D3_Widely_Separated_Support,824,O0_ORACLE_SPARSE,EVAL,SUCCESS,37.0,280,7
D3_Widely_Separated_Support,823,O1_FULL_DENSE_FIR,EVAL,SUCCESS,660.0,1980,165
D3_Widely_Separated_Support,823,B4_VARIABLE_CONTIGUOUS_TAP_LENGTH,EVAL,SUCCESS,129.71428571428572,1920,25
D3_Widely_Separated_Support,824,B1_LEBRE_NO_REC_BIRTH,EVAL,SUCCESS,25.0,136,5
D3_Widely_Separated_Support,824,O2_ORACLE_SUPPORT_LIFECYCLE,EVAL,SUCCESS,37.0,184,7
D3_Widely_Separated_Support,823,B0_LEBRE_FROZEN,EVAL,SUCCESS,37.95857142857143,368,5
D3_Widely_Separated_Support,824,B3_FIXED_DENSE_FIR,EVAL,SUCCESS,80.0,240,20
D3_Widely_Separated_Support,823,B7_PROPOSED_DYNAMIC_LAG_LIFECYCLE,EVAL,SUCCESS,112.836,1292,9
D3_Widely_Separated_Support,823,B7_E0_MAGNITUDE_EVICTION,EVAL,SUCCESS,112.836,1292,9
D3_Widely_Separated_Support,823,B5_SPARSITY_REGULARIZED_FULL_DICTIONARY,EVAL,SUCCESS,960.0,1920,0
D3_Widely_Separated_Support,823,B6_PROPORTIONATE_SPARSE_ADAPTIVE_FILTER,EVAL,SUCCESS,1280.0,2560,2
D3_Widely_Separated_Support,824,B4_VARIABLE_CONTIGUOUS_TAP_LENGTH,EVAL,SUCCESS,114.89428571428572,1920,25
D3_Widely_Separated_Support,824,O1_FULL_DENSE_FIR,EVAL,SUCCESS,660.0,1980,165
D3_Widely_Separated_Support,825,O0_ORACLE_SPARSE,EVAL,SUCCESS,37.0,280,7
D3_Widely_Separated_Support,825,O2_ORACLE_SUPPORT_LIFECYCLE,EVAL,SUCCESS,37.0,184,7
D3_Widely_Separated_Support,825,B1_LEBRE_NO_REC_BIRTH,EVAL,SUCCESS,25.0,136,5
D3_Widely_Separated_Support,825,B3_FIXED_DENSE_FIR,EVAL,SUCCESS,80.0,240,20
D3_Widely_Separated_Support,824,B0_LEBRE_FROZEN,EVAL,SUCCESS,38.38914285714286,368,5
D3_Widely_Separated_Support,824,B7_PROPOSED_DYNAMIC_LAG_LIFECYCLE,EVAL,SUCCESS,112.38342857142857,1188,9
D3_Widely_Separated_Support,824,B5_SPARSITY_REGULARIZED_FULL_DICTIONARY,EVAL,SUCCESS,960.0,1920,0
D3_Widely_Separated_Support,824,B7_E0_MAGNITUDE_EVICTION,EVAL,SUCCESS,112.38342857142857,1188,9
D3_Widely_Separated_Support,825,O1_FULL_DENSE_FIR,EVAL,SUCCESS,660.0,1980,165
D3_Widely_Separated_Support,826,O0_ORACLE_SPARSE,EVAL,SUCCESS,37.0,280,7
D3_Widely_Separated_Support,824,B6_PROPORTIONATE_SPARSE_ADAPTIVE_FILTER,EVAL,SUCCESS,1280.0,2560,2
D3_Widely_Separated_Support,826,O2_ORACLE_SUPPORT_LIFECYCLE,EVAL,SUCCESS,37.0,184,7
D3_Widely_Separated_Support,826,B1_LEBRE_NO_REC_BIRTH,EVAL,SUCCESS,25.0,136,5
D3_Widely_Separated_Support,825,B4_VARIABLE_CONTIGUOUS_TAP_LENGTH,EVAL,SUCCESS,129.21428571428572,1920,25
D3_Widely_Separated_Support,825,B0_LEBRE_FROZEN,EVAL,SUCCESS,38.66057142857143,368,8
D3_Widely_Separated_Support,825,B7_PROPOSED_DYNAMIC_LAG_LIFECYCLE,EVAL,SUCCESS,112.24228571428571,1240,9
D3_Widely_Separated_Support,826,B3_FIXED_DENSE_FIR,EVAL,SUCCESS,80.0,240,20
D3_Widely_Separated_Support,825,B7_E0_MAGNITUDE_EVICTION,EVAL,SUCCESS,112.24228571428571,1240,9
D3_Widely_Separated_Support,826,O1_FULL_DENSE_FIR,EVAL,SUCCESS,660.0,1980,165
D3_Widely_Separated_Support,825,B5_SPARSITY_REGULARIZED_FULL_DICTIONARY,EVAL,SUCCESS,960.0,1920,0
D3_Widely_Separated_Support,827,O0_ORACLE_SPARSE,EVAL,SUCCESS,37.0,280,7
D3_Widely_Separated_Support,825,B6_PROPORTIONATE_SPARSE_ADAPTIVE_FILTER,EVAL,SUCCESS,1280.0,2560,2
D3_Widely_Separated_Support,827,O2_ORACLE_SUPPORT_LIFECYCLE,EVAL,SUCCESS,37.0,184,7
D3_Widely_Separated_Support,827,B1_LEBRE_NO_REC_BIRTH,EVAL,SUCCESS,25.0,136,5
D3_Widely_Separated_Support,826,B0_LEBRE_FROZEN,EVAL,SUCCESS,39.093714285714285,240,5
D3_Widely_Separated_Support,826,B7_PROPOSED_DYNAMIC_LAG_LIFECYCLE,EVAL,SUCCESS,95.68428571428572,1128,8
D3_Widely_Separated_Support,826,B7_E0_MAGNITUDE_EVICTION,EVAL,SUCCESS,95.68428571428572,1128,8
D3_Widely_Separated_Support,826,B4_VARIABLE_CONTIGUOUS_TAP_LENGTH,EVAL,SUCCESS,123.32,1920,25
D3_Widely_Separated_Support,827,B3_FIXED_DENSE_FIR,EVAL,SUCCESS,80.0,240,20
D3_Widely_Separated_Support,827,O1_FULL_DENSE_FIR,EVAL,SUCCESS,660.0,1980,165
D3_Widely_Separated_Support,826,B6_PROPORTIONATE_SPARSE_ADAPTIVE_FILTER,EVAL,SUCCESS,1280.0,2560,2
D3_Widely_Separated_Support,828,O0_ORACLE_SPARSE,EVAL,SUCCESS,37.0,280,7
D3_Widely_Separated_Support,826,B5_SPARSITY_REGULARIZED_FULL_DICTIONARY,EVAL,SUCCESS,960.0,1920,0
D3_Widely_Separated_Support,828,O2_ORACLE_SUPPORT_LIFECYCLE,EVAL,SUCCESS,37.0,184,7
D3_Widely_Separated_Support,827,B4_VARIABLE_CONTIGUOUS_TAP_LENGTH,EVAL,SUCCESS,123.05714285714286,1920,25
D3_Widely_Separated_Support,827,B7_PROPOSED_DYNAMIC_LAG_LIFECYCLE,EVAL,SUCCESS,102.54457142857143,1124,8
D3_Widely_Separated_Support,828,B1_LEBRE_NO_REC_BIRTH,EVAL,SUCCESS,25.0,136,5
D3_Widely_Separated_Support,827,B7_E0_MAGNITUDE_EVICTION,EVAL,SUCCESS,102.54457142857143,1124,8
D3_Widely_Separated_Support,828,B3_FIXED_DENSE_FIR,EVAL,SUCCESS,80.0,240,20
D3_Widely_Separated_Support,827,B5_SPARSITY_REGULARIZED_FULL_DICTIONARY,EVAL,SUCCESS,960.0,1920,0
D3_Widely_Separated_Support,827,B0_LEBRE_FROZEN,EVAL,SUCCESS,37.540571428571425,368,5
D3_Widely_Separated_Support,828,O1_FULL_DENSE_FIR,EVAL,SUCCESS,660.0,1980,165
D3_Widely_Separated_Support,828,B4_VARIABLE_CONTIGUOUS_TAP_LENGTH,EVAL,SUCCESS,114.12,1920,25
D3_Widely_Separated_Support,829,O0_ORACLE_SPARSE,EVAL,SUCCESS,37.0,280,7
D3_Widely_Separated_Support,829,B1_LEBRE_NO_REC_BIRTH,EVAL,SUCCESS,25.0,136,5
D3_Widely_Separated_Support,829,O2_ORACLE_SUPPORT_LIFECYCLE,EVAL,SUCCESS,37.0,184,7
D3_Widely_Separated_Support,829,B3_FIXED_DENSE_FIR,EVAL,SUCCESS,80.0,240,20
D3_Widely_Separated_Support,827,B6_PROPORTIONATE_SPARSE_ADAPTIVE_FILTER,EVAL,SUCCESS,1280.0,2560,2
D3_Widely_Separated_Support,828,B7_PROPOSED_DYNAMIC_LAG_LIFECYCLE,EVAL,SUCCESS,112.46457142857143,1220,9
D3_Widely_Separated_Support,828,B5_SPARSITY_REGULARIZED_FULL_DICTIONARY,EVAL,SUCCESS,960.0,1920,0
D3_Widely_Separated_Support,828,B7_E0_MAGNITUDE_EVICTION,EVAL,SUCCESS,112.46457142857143,1220,9
D3_Widely_Separated_Support,828,B0_LEBRE_FROZEN,EVAL,SUCCESS,38.385714285714286,368,8
D3_Widely_Separated_Support,829,O1_FULL_DENSE_FIR,EVAL,SUCCESS,660.0,1980,165
D3_Widely_Separated_Support,828,B6_PROPORTIONATE_SPARSE_ADAPTIVE_FILTER,EVAL,SUCCESS,1280.0,2560,2
D3_Widely_Separated_Support,829,B4_VARIABLE_CONTIGUOUS_TAP_LENGTH,EVAL,SUCCESS,123.12285714285714,1920,25
D3_Widely_Separated_Support,830,O0_ORACLE_SPARSE,EVAL,SUCCESS,37.0,280,7
D3_Widely_Separated_Support,830,O2_ORACLE_SUPPORT_LIFECYCLE,EVAL,SUCCESS,37.0,184,7
D3_Widely_Separated_Support,830,B1_LEBRE_NO_REC_BIRTH,EVAL,SUCCESS,25.0,136,5
D3_Widely_Separated_Support,829,B0_LEBRE_FROZEN,EVAL,SUCCESS,37.47828571428571,368,8
D3_Widely_Separated_Support,830,B3_FIXED_DENSE_FIR,EVAL,SUCCESS,80.0,240,20
D3_Widely_Separated_Support,829,B5_SPARSITY_REGULARIZED_FULL_DICTIONARY,EVAL,SUCCESS,960.0,1920,0
D3_Widely_Separated_Support,829,B7_PROPOSED_DYNAMIC_LAG_LIFECYCLE,EVAL,SUCCESS,112.49257142857142,1192,9
D3_Widely_Separated_Support,829,B7_E0_MAGNITUDE_EVICTION,EVAL,SUCCESS,112.49257142857142,1192,9
D3_Widely_Separated_Support,830,O1_FULL_DENSE_FIR,EVAL,SUCCESS,660.0,1980,165
D3_Widely_Separated_Support,829,B6_PROPORTIONATE_SPARSE_ADAPTIVE_FILTER,EVAL,SUCCESS,1280.0,2560,2
D4_Abrupt_Support_Relocation,801,O0_ORACLE_SPARSE,EVAL,SUCCESS,31.0,156,6
D4_Abrupt_Support_Relocation,801,B1_LEBRE_NO_REC_BIRTH,EVAL,SUCCESS,25.0,136,5
D4_Abrupt_Support_Relocation,801,B3_FIXED_DENSE_FIR,EVAL,SUCCESS,80.0,240,20
D4_Abrupt_Support_Relocation,801,O2_ORACLE_SUPPORT_LIFECYCLE,EVAL,SUCCESS,31.0,152,6
D3_Widely_Separated_Support,830,B4_VARIABLE_CONTIGUOUS_TAP_LENGTH,EVAL,SUCCESS,128.27142857142857,1920,25
D3_Widely_Separated_Support,830,B0_LEBRE_FROZEN,EVAL,SUCCESS,38.68085714285714,368,5
D3_Widely_Separated_Support,830,B7_PROPOSED_DYNAMIC_LAG_LIFECYCLE,EVAL,SUCCESS,113.34,1220,9
D3_Widely_Separated_Support,830,B7_E0_MAGNITUDE_EVICTION,EVAL,SUCCESS,113.34,1220,9
D3_Widely_Separated_Support,830,B5_SPARSITY_REGULARIZED_FULL_DICTIONARY,EVAL,SUCCESS,960.0,1920,0
D4_Abrupt_Support_Relocation,801,O1_FULL_DENSE_FIR,EVAL,SUCCESS,660.0,1980,165
D4_Abrupt_Support_Relocation,802,O0_ORACLE_SPARSE,EVAL,SUCCESS,31.0,156,6
D3_Widely_Separated_Support,830,B6_PROPORTIONATE_SPARSE_ADAPTIVE_FILTER,EVAL,SUCCESS,1280.0,2560,2
D4_Abrupt_Support_Relocation,802,B1_LEBRE_NO_REC_BIRTH,EVAL,SUCCESS,25.0,136,5
D4_Abrupt_Support_Relocation,801,B0_LEBRE_FROZEN,EVAL,SUCCESS,38.39485714285714,368,8
D4_Abrupt_Support_Relocation,801,B4_VARIABLE_CONTIGUOUS_TAP_LENGTH,EVAL,SUCCESS,149.87142857142857,1920,30
D4_Abrupt_Support_Relocation,801,B7_PROPOSED_DYNAMIC_LAG_LIFECYCLE,EVAL,SUCCESS,112.624,1204,9
D4_Abrupt_Support_Relocation,801,B5_SPARSITY_REGULARIZED_FULL_DICTIONARY,EVAL,SUCCESS,960.0,1920,0
D4_Abrupt_Support_Relocation,802,O2_ORACLE_SUPPORT_LIFECYCLE,EVAL,SUCCESS,31.0,152,6
D4_Abrupt_Support_Relocation,802,B3_FIXED_DENSE_FIR,EVAL,SUCCESS,80.0,240,20
D4_Abrupt_Support_Relocation,801,B6_PROPORTIONATE_SPARSE_ADAPTIVE_FILTER,EVAL,SUCCESS,1280.0,2560,1
D4_Abrupt_Support_Relocation,802,O1_FULL_DENSE_FIR,EVAL,SUCCESS,660.0,1980,165
D4_Abrupt_Support_Relocation,803,O0_ORACLE_SPARSE,EVAL,SUCCESS,31.0,156,6
D4_Abrupt_Support_Relocation,803,B1_LEBRE_NO_REC_BIRTH,EVAL,SUCCESS,25.0,136,5
D4_Abrupt_Support_Relocation,803,O2_ORACLE_SUPPORT_LIFECYCLE,EVAL,SUCCESS,31.0,152,6
D4_Abrupt_Support_Relocation,802,B4_VARIABLE_CONTIGUOUS_TAP_LENGTH,EVAL,SUCCESS,174.92857142857142,1920,35
D4_Abrupt_Support_Relocation,801,B7_E0_MAGNITUDE_EVICTION,EVAL,SUCCESS,112.624,1204,9
D4_Abrupt_Support_Relocation,802,B7_PROPOSED_DYNAMIC_LAG_LIFECYCLE,EVAL,SUCCESS,112.67828571428572,1340,9
D4_Abrupt_Support_Relocation,802,B0_LEBRE_FROZEN,EVAL,SUCCESS,38.568285714285715,368,8
D4_Abrupt_Support_Relocation,802,B5_SPARSITY_REGULARIZED_FULL_DICTIONARY,EVAL,SUCCESS,960.0,1920,0
D4_Abrupt_Support_Relocation,802,B7_E0_MAGNITUDE_EVICTION,EVAL,SUCCESS,112.67828571428572,1340,9
D4_Abrupt_Support_Relocation,803,B3_FIXED_DENSE_FIR,EVAL,SUCCESS,80.0,240,20
D4_Abrupt_Support_Relocation,802,B6_PROPORTIONATE_SPARSE_ADAPTIVE_FILTER,EVAL,SUCCESS,1280.0,2560,1
D4_Abrupt_Support_Relocation,804,O0_ORACLE_SPARSE,EVAL,SUCCESS,31.0,156,6
D4_Abrupt_Support_Relocation,804,B1_LEBRE_NO_REC_BIRTH,EVAL,SUCCESS,25.0,136,5
D4_Abrupt_Support_Relocation,804,O2_ORACLE_SUPPORT_LIFECYCLE,EVAL,SUCCESS,31.0,152,6
D4_Abrupt_Support_Relocation,803,O1_FULL_DENSE_FIR,EVAL,SUCCESS,660.0,1980,165
D4_Abrupt_Support_Relocation,804,B3_FIXED_DENSE_FIR,EVAL,SUCCESS,80.0,240,20
D4_Abrupt_Support_Relocation,803,B4_VARIABLE_CONTIGUOUS_TAP_LENGTH,EVAL,SUCCESS,178.93142857142857,1920,35
D4_Abrupt_Support_Relocation,803,B5_SPARSITY_REGULARIZED_FULL_DICTIONARY,EVAL,SUCCESS,960.0,1920,0
D4_Abrupt_Support_Relocation,803,B7_PROPOSED_DYNAMIC_LAG_LIFECYCLE,EVAL,SUCCESS,113.37371428571429,1232,9
D4_Abrupt_Support_Relocation,803,B0_LEBRE_FROZEN,EVAL,SUCCESS,37.672285714285714,368,5
D4_Abrupt_Support_Relocation,803,B7_E0_MAGNITUDE_EVICTION,EVAL,SUCCESS,113.37371428571429,1232,9
D4_Abrupt_Support_Relocation,804,O1_FULL_DENSE_FIR,EVAL,SUCCESS,660.0,1980,165
D4_Abrupt_Support_Relocation,803,B6_PROPORTIONATE_SPARSE_ADAPTIVE_FILTER,EVAL,SUCCESS,1280.0,2560,1
D4_Abrupt_Support_Relocation,804,B4_VARIABLE_CONTIGUOUS_TAP_LENGTH,EVAL,SUCCESS,149.41142857142856,1920,30
D4_Abrupt_Support_Relocation,805,O2_ORACLE_SUPPORT_LIFECYCLE,EVAL,SUCCESS,31.0,152,6
D4_Abrupt_Support_Relocation,805,B1_LEBRE_NO_REC_BIRTH,EVAL,SUCCESS,25.0,136,5
D4_Abrupt_Support_Relocation,805,O0_ORACLE_SPARSE,EVAL,SUCCESS,31.0,156,6
D4_Abrupt_Support_Relocation,804,B5_SPARSITY_REGULARIZED_FULL_DICTIONARY,EVAL,SUCCESS,960.0,1920,0
D4_Abrupt_Support_Relocation,804,B7_PROPOSED_DYNAMIC_LAG_LIFECYCLE,EVAL,SUCCESS,113.204,1260,9
D4_Abrupt_Support_Relocation,804,B0_LEBRE_FROZEN,EVAL,SUCCESS,37.36971428571429,368,5
D4_Abrupt_Support_Relocation,805,B3_FIXED_DENSE_FIR,EVAL,SUCCESS,80.0,240,20
D4_Abrupt_Support_Relocation,804,B6_PROPORTIONATE_SPARSE_ADAPTIVE_FILTER,EVAL,SUCCESS,1280.0,2560,1
D4_Abrupt_Support_Relocation,804,B7_E0_MAGNITUDE_EVICTION,EVAL,SUCCESS,113.204,1260,9
D4_Abrupt_Support_Relocation,806,O0_ORACLE_SPARSE,EVAL,SUCCESS,31.0,156,6
D4_Abrupt_Support_Relocation,805,B4_VARIABLE_CONTIGUOUS_TAP_LENGTH,EVAL,SUCCESS,159.2942857142857,1920,30
D4_Abrupt_Support_Relocation,806,O2_ORACLE_SUPPORT_LIFECYCLE,EVAL,SUCCESS,31.0,152,6
D4_Abrupt_Support_Relocation,806,B1_LEBRE_NO_REC_BIRTH,EVAL,SUCCESS,25.0,136,5
D4_Abrupt_Support_Relocation,805,O1_FULL_DENSE_FIR,EVAL,SUCCESS,660.0,1980,165
D4_Abrupt_Support_Relocation,806,B3_FIXED_DENSE_FIR,EVAL,SUCCESS,80.0,240,20
D4_Abrupt_Support_Relocation,805,B7_E0_MAGNITUDE_EVICTION,EVAL,SUCCESS,110.12771428571429,1272,9
D4_Abrupt_Support_Relocation,805,B7_PROPOSED_DYNAMIC_LAG_LIFECYCLE,EVAL,SUCCESS,110.12771428571429,1272,9
D4_Abrupt_Support_Relocation,805,B0_LEBRE_FROZEN,EVAL,SUCCESS,37.68,368,5
D4_Abrupt_Support_Relocation,805,B5_SPARSITY_REGULARIZED_FULL_DICTIONARY,EVAL,SUCCESS,960.0,1920,0
D4_Abrupt_Support_Relocation,806,O1_FULL_DENSE_FIR,EVAL,SUCCESS,660.0,1980,165
D4_Abrupt_Support_Relocation,807,O0_ORACLE_SPARSE,EVAL,SUCCESS,31.0,156,6
D4_Abrupt_Support_Relocation,805,B6_PROPORTIONATE_SPARSE_ADAPTIVE_FILTER,EVAL,SUCCESS,1280.0,2560,1
D4_Abrupt_Support_Relocation,807,O2_ORACLE_SUPPORT_LIFECYCLE,EVAL,SUCCESS,31.0,152,6
D4_Abrupt_Support_Relocation,806,B4_VARIABLE_CONTIGUOUS_TAP_LENGTH,EVAL,SUCCESS,166.3942857142857,1920,35
D4_Abrupt_Support_Relocation,807,B1_LEBRE_NO_REC_BIRTH,EVAL,SUCCESS,25.0,136,5
D4_Abrupt_Support_Relocation,806,B5_SPARSITY_REGULARIZED_FULL_DICTIONARY,EVAL,SUCCESS,960.0,1920,0
D4_Abrupt_Support_Relocation,806,B0_LEBRE_FROZEN,EVAL,SUCCESS,37.92771428571429,368,5
D4_Abrupt_Support_Relocation,806,B7_PROPOSED_DYNAMIC_LAG_LIFECYCLE,EVAL,SUCCESS,112.85828571428571,1184,9
D4_Abrupt_Support_Relocation,806,B7_E0_MAGNITUDE_EVICTION,EVAL,SUCCESS,112.85828571428571,1184,9
D4_Abrupt_Support_Relocation,808,O0_ORACLE_SPARSE,EVAL,SUCCESS,31.0,156,6
D4_Abrupt_Support_Relocation,807,O1_FULL_DENSE_FIR,EVAL,SUCCESS,660.0,1980,165
D4_Abrupt_Support_Relocation,807,B3_FIXED_DENSE_FIR,EVAL,SUCCESS,80.0,240,20
D4_Abrupt_Support_Relocation,807,B4_VARIABLE_CONTIGUOUS_TAP_LENGTH,EVAL,SUCCESS,180.72,1920,35
D4_Abrupt_Support_Relocation,808,B1_LEBRE_NO_REC_BIRTH,EVAL,SUCCESS,25.0,136,5
D4_Abrupt_Support_Relocation,808,O2_ORACLE_SUPPORT_LIFECYCLE,EVAL,SUCCESS,31.0,152,6
D4_Abrupt_Support_Relocation,806,B6_PROPORTIONATE_SPARSE_ADAPTIVE_FILTER,EVAL,SUCCESS,1280.0,2560,1
D4_Abrupt_Support_Relocation,807,B7_PROPOSED_DYNAMIC_LAG_LIFECYCLE,EVAL,SUCCESS,112.56914285714285,1264,9
D4_Abrupt_Support_Relocation,807,B7_E0_MAGNITUDE_EVICTION,EVAL,SUCCESS,112.56914285714285,1264,9
D4_Abrupt_Support_Relocation,807,B0_LEBRE_FROZEN,EVAL,SUCCESS,37.21371428571429,368,5
D4_Abrupt_Support_Relocation,808,O1_FULL_DENSE_FIR,EVAL,SUCCESS,660.0,1980,165
D4_Abrupt_Support_Relocation,807,B6_PROPORTIONATE_SPARSE_ADAPTIVE_FILTER,EVAL,SUCCESS,1280.0,2560,1
D4_Abrupt_Support_Relocation,808,B3_FIXED_DENSE_FIR,EVAL,SUCCESS,80.0,240,20
D4_Abrupt_Support_Relocation,809,O0_ORACLE_SPARSE,EVAL,SUCCESS,31.0,156,6
D4_Abrupt_Support_Relocation,809,O2_ORACLE_SUPPORT_LIFECYCLE,EVAL,SUCCESS,31.0,152,6
D4_Abrupt_Support_Relocation,807,B5_SPARSITY_REGULARIZED_FULL_DICTIONARY,EVAL,SUCCESS,960.0,1920,0
D4_Abrupt_Support_Relocation,809,B1_LEBRE_NO_REC_BIRTH,EVAL,SUCCESS,25.0,136,5
D4_Abrupt_Support_Relocation,809,B3_FIXED_DENSE_FIR,EVAL,SUCCESS,80.0,240,20
D4_Abrupt_Support_Relocation,808,B4_VARIABLE_CONTIGUOUS_TAP_LENGTH,EVAL,SUCCESS,169.47714285714287,1920,35
D4_Abrupt_Support_Relocation,808,B0_LEBRE_FROZEN,EVAL,SUCCESS,38.10257142857143,368,8
D4_Abrupt_Support_Relocation,808,B5_SPARSITY_REGULARIZED_FULL_DICTIONARY,EVAL,SUCCESS,960.0,1920,0
D4_Abrupt_Support_Relocation,808,B7_E0_MAGNITUDE_EVICTION,EVAL,SUCCESS,112.93485714285714,1272,9
D4_Abrupt_Support_Relocation,808,B6_PROPORTIONATE_SPARSE_ADAPTIVE_FILTER,EVAL,SUCCESS,1280.0,2560,1
D4_Abrupt_Support_Relocation,809,O1_FULL_DENSE_FIR,EVAL,SUCCESS,660.0,1980,165
D4_Abrupt_Support_Relocation,808,B7_PROPOSED_DYNAMIC_LAG_LIFECYCLE,EVAL,SUCCESS,112.93485714285714,1272,9
D4_Abrupt_Support_Relocation,810,O0_ORACLE_SPARSE,EVAL,SUCCESS,31.0,156,6
D4_Abrupt_Support_Relocation,809,B4_VARIABLE_CONTIGUOUS_TAP_LENGTH,EVAL,SUCCESS,155.55428571428573,1920,30
D4_Abrupt_Support_Relocation,810,O2_ORACLE_SUPPORT_LIFECYCLE,EVAL,SUCCESS,31.0,152,6
D4_Abrupt_Support_Relocation,810,B1_LEBRE_NO_REC_BIRTH,EVAL,SUCCESS,25.0,136,5
D4_Abrupt_Support_Relocation,810,B3_FIXED_DENSE_FIR,EVAL,SUCCESS,80.0,240,20
D4_Abrupt_Support_Relocation,809,B7_PROPOSED_DYNAMIC_LAG_LIFECYCLE,EVAL,SUCCESS,113.17714285714285,1352,9
D4_Abrupt_Support_Relocation,809,B5_SPARSITY_REGULARIZED_FULL_DICTIONARY,EVAL,SUCCESS,960.0,1920,0
D4_Abrupt_Support_Relocation,809,B7_E0_MAGNITUDE_EVICTION,EVAL,SUCCESS,113.17714285714285,1352,9
D4_Abrupt_Support_Relocation,811,O0_ORACLE_SPARSE,EVAL,SUCCESS,31.0,156,6
D4_Abrupt_Support_Relocation,811,O2_ORACLE_SUPPORT_LIFECYCLE,EVAL,SUCCESS,31.0,152,6
D4_Abrupt_Support_Relocation,809,B0_LEBRE_FROZEN,EVAL,SUCCESS,37.60057142857143,368,8
D4_Abrupt_Support_Relocation,809,B6_PROPORTIONATE_SPARSE_ADAPTIVE_FILTER,EVAL,SUCCESS,1280.0,2560,1
D4_Abrupt_Support_Relocation,811,B1_LEBRE_NO_REC_BIRTH,EVAL,SUCCESS,25.0,136,5
D4_Abrupt_Support_Relocation,810,O1_FULL_DENSE_FIR,EVAL,SUCCESS,660.0,1980,165
D4_Abrupt_Support_Relocation,810,B4_VARIABLE_CONTIGUOUS_TAP_LENGTH,EVAL,SUCCESS,194.62857142857143,1920,40
D4_Abrupt_Support_Relocation,810,B5_SPARSITY_REGULARIZED_FULL_DICTIONARY,EVAL,SUCCESS,960.0,1920,0
D4_Abrupt_Support_Relocation,810,B7_E0_MAGNITUDE_EVICTION,EVAL,SUCCESS,110.31142857142858,1208,9
D4_Abrupt_Support_Relocation,810,B0_LEBRE_FROZEN,EVAL,SUCCESS,38.45914285714286,368,5
D4_Abrupt_Support_Relocation,811,B3_FIXED_DENSE_FIR,EVAL,SUCCESS,80.0,240,20
D4_Abrupt_Support_Relocation,810,B7_PROPOSED_DYNAMIC_LAG_LIFECYCLE,EVAL,SUCCESS,110.31142857142858,1208,9
D4_Abrupt_Support_Relocation,811,O1_FULL_DENSE_FIR,EVAL,SUCCESS,660.0,1980,165
D4_Abrupt_Support_Relocation,810,B6_PROPORTIONATE_SPARSE_ADAPTIVE_FILTER,EVAL,SUCCESS,1280.0,2560,1
D4_Abrupt_Support_Relocation,812,O0_ORACLE_SPARSE,EVAL,SUCCESS,31.0,156,6
D4_Abrupt_Support_Relocation,812,B1_LEBRE_NO_REC_BIRTH,EVAL,SUCCESS,25.0,136,5
D4_Abrupt_Support_Relocation,811,B0_LEBRE_FROZEN,EVAL,SUCCESS,37.83114285714286,368,5
D4_Abrupt_Support_Relocation,812,O2_ORACLE_SUPPORT_LIFECYCLE,EVAL,SUCCESS,31.0,152,6
D4_Abrupt_Support_Relocation,811,B4_VARIABLE_CONTIGUOUS_TAP_LENGTH,EVAL,SUCCESS,162.45714285714286,1920,30
D4_Abrupt_Support_Relocation,812,B3_FIXED_DENSE_FIR,EVAL,SUCCESS,80.0,240,20
D4_Abrupt_Support_Relocation,811,B5_SPARSITY_REGULARIZED_FULL_DICTIONARY,EVAL,SUCCESS,960.0,1920,0
D4_Abrupt_Support_Relocation,811,B7_PROPOSED_DYNAMIC_LAG_LIFECYCLE,EVAL,SUCCESS,112.45685714285715,1232,9
D4_Abrupt_Support_Relocation,811,B7_E0_MAGNITUDE_EVICTION,EVAL,SUCCESS,112.45685714285715,1232,9
D4_Abrupt_Support_Relocation,813,O0_ORACLE_SPARSE,EVAL,SUCCESS,31.0,156,6
D4_Abrupt_Support_Relocation,811,B6_PROPORTIONATE_SPARSE_ADAPTIVE_FILTER,EVAL,SUCCESS,1280.0,2560,1
D4_Abrupt_Support_Relocation,812,O1_FULL_DENSE_FIR,EVAL,SUCCESS,660.0,1980,165
D4_Abrupt_Support_Relocation,812,B4_VARIABLE_CONTIGUOUS_TAP_LENGTH,EVAL,SUCCESS,162.24,1920,35
D4_Abrupt_Support_Relocation,813,O2_ORACLE_SUPPORT_LIFECYCLE,EVAL,SUCCESS,31.0,152,6
D4_Abrupt_Support_Relocation,813,B1_LEBRE_NO_REC_BIRTH,EVAL,SUCCESS,25.0,136,5
D4_Abrupt_Support_Relocation,812,B7_PROPOSED_DYNAMIC_LAG_LIFECYCLE,EVAL,SUCCESS,113.32171428571428,1252,9
D4_Abrupt_Support_Relocation,813,B3_FIXED_DENSE_FIR,EVAL,SUCCESS,80.0,240,20
D4_Abrupt_Support_Relocation,812,B7_E0_MAGNITUDE_EVICTION,EVAL,SUCCESS,113.32171428571428,1252,9
D4_Abrupt_Support_Relocation,812,B5_SPARSITY_REGULARIZED_FULL_DICTIONARY,EVAL,SUCCESS,960.0,1920,0
D4_Abrupt_Support_Relocation,812,B6_PROPORTIONATE_SPARSE_ADAPTIVE_FILTER,EVAL,SUCCESS,1280.0,2560,1
D4_Abrupt_Support_Relocation,812,B0_LEBRE_FROZEN,EVAL,SUCCESS,38.58857142857143,368,5
D4_Abrupt_Support_Relocation,813,O1_FULL_DENSE_FIR,EVAL,SUCCESS,660.0,1980,165
D4_Abrupt_Support_Relocation,814,O0_ORACLE_SPARSE,EVAL,SUCCESS,31.0,156,6
D4_Abrupt_Support_Relocation,814,O2_ORACLE_SUPPORT_LIFECYCLE,EVAL,SUCCESS,31.0,152,6
D4_Abrupt_Support_Relocation,814,B1_LEBRE_NO_REC_BIRTH,EVAL,SUCCESS,25.0,136,5
D4_Abrupt_Support_Relocation,813,B4_VARIABLE_CONTIGUOUS_TAP_LENGTH,EVAL,SUCCESS,158.19142857142856,1920,30
D4_Abrupt_Support_Relocation,813,B0_LEBRE_FROZEN,EVAL,SUCCESS,37.021142857142856,368,8
D4_Abrupt_Support_Relocation,814,B3_FIXED_DENSE_FIR,EVAL,SUCCESS,80.0,240,20
D4_Abrupt_Support_Relocation,813,B7_PROPOSED_DYNAMIC_LAG_LIFECYCLE,EVAL,SUCCESS,113.012,1212,9
D4_Abrupt_Support_Relocation,813,B5_SPARSITY_REGULARIZED_FULL_DICTIONARY,EVAL,SUCCESS,960.0,1920,0
D4_Abrupt_Support_Relocation,814,O1_FULL_DENSE_FIR,EVAL,SUCCESS,660.0,1980,165
D4_Abrupt_Support_Relocation,813,B7_E0_MAGNITUDE_EVICTION,EVAL,SUCCESS,113.012,1212,9
D4_Abrupt_Support_Relocation,815,O0_ORACLE_SPARSE,EVAL,SUCCESS,31.0,156,6
D4_Abrupt_Support_Relocation,813,B6_PROPORTIONATE_SPARSE_ADAPTIVE_FILTER,EVAL,SUCCESS,1280.0,2560,1
D4_Abrupt_Support_Relocation,815,O2_ORACLE_SUPPORT_LIFECYCLE,EVAL,SUCCESS,31.0,152,6
D4_Abrupt_Support_Relocation,815,B1_LEBRE_NO_REC_BIRTH,EVAL,SUCCESS,25.0,136,5
D4_Abrupt_Support_Relocation,814,B4_VARIABLE_CONTIGUOUS_TAP_LENGTH,EVAL,SUCCESS,148.31428571428572,1920,30
D4_Abrupt_Support_Relocation,814,B7_PROPOSED_DYNAMIC_LAG_LIFECYCLE,EVAL,SUCCESS,112.09228571428571,1376,9
D4_Abrupt_Support_Relocation,814,B5_SPARSITY_REGULARIZED_FULL_DICTIONARY,EVAL,SUCCESS,960.0,1920,0
D4_Abrupt_Support_Relocation,814,B7_E0_MAGNITUDE_EVICTION,EVAL,SUCCESS,112.09228571428571,1376,9
D4_Abrupt_Support_Relocation,815,B3_FIXED_DENSE_FIR,EVAL,SUCCESS,80.0,240,20
D4_Abrupt_Support_Relocation,814,B0_LEBRE_FROZEN,EVAL,SUCCESS,37.119142857142855,368,5
D4_Abrupt_Support_Relocation,815,O1_FULL_DENSE_FIR,EVAL,SUCCESS,660.0,1980,165
D4_Abrupt_Support_Relocation,816,O0_ORACLE_SPARSE,EVAL,SUCCESS,31.0,156,6
D4_Abrupt_Support_Relocation,814,B6_PROPORTIONATE_SPARSE_ADAPTIVE_FILTER,EVAL,SUCCESS,1280.0,2560,1
D4_Abrupt_Support_Relocation,815,B4_VARIABLE_CONTIGUOUS_TAP_LENGTH,EVAL,SUCCESS,148.86857142857144,1920,30
D4_Abrupt_Support_Relocation,816,O2_ORACLE_SUPPORT_LIFECYCLE,EVAL,SUCCESS,31.0,152,6
D4_Abrupt_Support_Relocation,816,B1_LEBRE_NO_REC_BIRTH,EVAL,SUCCESS,25.0,136,5
D4_Abrupt_Support_Relocation,815,B7_PROPOSED_DYNAMIC_LAG_LIFECYCLE,EVAL,SUCCESS,110.16857142857143,1244,9
D4_Abrupt_Support_Relocation,815,B7_E0_MAGNITUDE_EVICTION,EVAL,SUCCESS,110.16857142857143,1244,9
D4_Abrupt_Support_Relocation,816,B3_FIXED_DENSE_FIR,EVAL,SUCCESS,80.0,240,20
D4_Abrupt_Support_Relocation,815,B5_SPARSITY_REGULARIZED_FULL_DICTIONARY,EVAL,SUCCESS,960.0,1920,0
D4_Abrupt_Support_Relocation,815,B0_LEBRE_FROZEN,EVAL,SUCCESS,38.00485714285714,368,5
D4_Abrupt_Support_Relocation,816,O1_FULL_DENSE_FIR,EVAL,SUCCESS,660.0,1980,165
D4_Abrupt_Support_Relocation,815,B6_PROPORTIONATE_SPARSE_ADAPTIVE_FILTER,EVAL,SUCCESS,1280.0,2560,1
D4_Abrupt_Support_Relocation,817,O2_ORACLE_SUPPORT_LIFECYCLE,EVAL,SUCCESS,31.0,152,6
D4_Abrupt_Support_Relocation,817,O0_ORACLE_SPARSE,EVAL,SUCCESS,31.0,156,6
D4_Abrupt_Support_Relocation,816,B4_VARIABLE_CONTIGUOUS_TAP_LENGTH,EVAL,SUCCESS,152.02285714285713,1920,30
D4_Abrupt_Support_Relocation,817,B1_LEBRE_NO_REC_BIRTH,EVAL,SUCCESS,25.0,136,5
D4_Abrupt_Support_Relocation,816,B0_LEBRE_FROZEN,EVAL,SUCCESS,37.376,368,5
D4_Abrupt_Support_Relocation,817,B3_FIXED_DENSE_FIR,EVAL,SUCCESS,80.0,240,20
D4_Abrupt_Support_Relocation,816,B7_PROPOSED_DYNAMIC_LAG_LIFECYCLE,EVAL,SUCCESS,113.20114285714286,1276,9
D4_Abrupt_Support_Relocation,816,B5_SPARSITY_REGULARIZED_FULL_DICTIONARY,EVAL,SUCCESS,960.0,1920,0
D4_Abrupt_Support_Relocation,816,B6_PROPORTIONATE_SPARSE_ADAPTIVE_FILTER,EVAL,SUCCESS,1280.0,2560,1
D4_Abrupt_Support_Relocation,818,O0_ORACLE_SPARSE,EVAL,SUCCESS,31.0,156,6
D4_Abrupt_Support_Relocation,816,B7_E0_MAGNITUDE_EVICTION,EVAL,SUCCESS,113.20114285714286,1276,9
D4_Abrupt_Support_Relocation,818,O2_ORACLE_SUPPORT_LIFECYCLE,EVAL,SUCCESS,31.0,152,6
D4_Abrupt_Support_Relocation,817,O1_FULL_DENSE_FIR,EVAL,SUCCESS,660.0,1980,165
D4_Abrupt_Support_Relocation,817,B4_VARIABLE_CONTIGUOUS_TAP_LENGTH,EVAL,SUCCESS,150.36285714285714,1920,30
D4_Abrupt_Support_Relocation,818,B1_LEBRE_NO_REC_BIRTH,EVAL,SUCCESS,25.0,136,5
D4_Abrupt_Support_Relocation,818,B3_FIXED_DENSE_FIR,EVAL,SUCCESS,80.0,240,20
D4_Abrupt_Support_Relocation,817,B0_LEBRE_FROZEN,EVAL,SUCCESS,37.004285714285714,368,5
D4_Abrupt_Support_Relocation,817,B7_PROPOSED_DYNAMIC_LAG_LIFECYCLE,EVAL,SUCCESS,112.97771428571428,1268,9
D4_Abrupt_Support_Relocation,817,B5_SPARSITY_REGULARIZED_FULL_DICTIONARY,EVAL,SUCCESS,960.0,1920,0
D4_Abrupt_Support_Relocation,817,B7_E0_MAGNITUDE_EVICTION,EVAL,SUCCESS,112.97771428571428,1268,9
D4_Abrupt_Support_Relocation,818,O1_FULL_DENSE_FIR,EVAL,SUCCESS,660.0,1980,165
D4_Abrupt_Support_Relocation,819,O0_ORACLE_SPARSE,EVAL,SUCCESS,31.0,156,6
D4_Abrupt_Support_Relocation,817,B6_PROPORTIONATE_SPARSE_ADAPTIVE_FILTER,EVAL,SUCCESS,1280.0,2560,1
D4_Abrupt_Support_Relocation,819,O2_ORACLE_SUPPORT_LIFECYCLE,EVAL,SUCCESS,31.0,152,6
D4_Abrupt_Support_Relocation,818,B4_VARIABLE_CONTIGUOUS_TAP_LENGTH,EVAL,SUCCESS,155.15428571428572,1920,30
D4_Abrupt_Support_Relocation,819,B1_LEBRE_NO_REC_BIRTH,EVAL,SUCCESS,25.0,136,5
D4_Abrupt_Support_Relocation,818,B5_SPARSITY_REGULARIZED_FULL_DICTIONARY,EVAL,SUCCESS,960.0,1920,0
D4_Abrupt_Support_Relocation,819,B3_FIXED_DENSE_FIR,EVAL,SUCCESS,80.0,240,20
D4_Abrupt_Support_Relocation,818,B7_E0_MAGNITUDE_EVICTION,EVAL,SUCCESS,113.276,1240,9
D4_Abrupt_Support_Relocation,818,B7_PROPOSED_DYNAMIC_LAG_LIFECYCLE,EVAL,SUCCESS,113.276,1240,9
D4_Abrupt_Support_Relocation,818,B0_LEBRE_FROZEN,EVAL,SUCCESS,39.122,368,10
D4_Abrupt_Support_Relocation,819,O1_FULL_DENSE_FIR,EVAL,SUCCESS,660.0,1980,165
D4_Abrupt_Support_Relocation,818,B6_PROPORTIONATE_SPARSE_ADAPTIVE_FILTER,EVAL,SUCCESS,1280.0,2560,1
D4_Abrupt_Support_Relocation,820,O0_ORACLE_SPARSE,EVAL,SUCCESS,31.0,156,6
D4_Abrupt_Support_Relocation,820,O2_ORACLE_SUPPORT_LIFECYCLE,EVAL,SUCCESS,31.0,152,6
D4_Abrupt_Support_Relocation,820,B1_LEBRE_NO_REC_BIRTH,EVAL,SUCCESS,25.0,136,5
D4_Abrupt_Support_Relocation,819,B4_VARIABLE_CONTIGUOUS_TAP_LENGTH,EVAL,SUCCESS,154.90857142857143,1920,30
D4_Abrupt_Support_Relocation,820,B3_FIXED_DENSE_FIR,EVAL,SUCCESS,80.0,240,20
D4_Abrupt_Support_Relocation,819,B7_PROPOSED_DYNAMIC_LAG_LIFECYCLE,EVAL,SUCCESS,113.09657142857142,1236,9
D4_Abrupt_Support_Relocation,819,B5_SPARSITY_REGULARIZED_FULL_DICTIONARY,EVAL,SUCCESS,960.0,1920,0
D4_Abrupt_Support_Relocation,819,B7_E0_MAGNITUDE_EVICTION,EVAL,SUCCESS,113.09657142857142,1236,9
D4_Abrupt_Support_Relocation,819,B0_LEBRE_FROZEN,EVAL,SUCCESS,37.57857142857143,368,8
D4_Abrupt_Support_Relocation,820,O1_FULL_DENSE_FIR,EVAL,SUCCESS,660.0,1980,165
D4_Abrupt_Support_Relocation,821,O0_ORACLE_SPARSE,EVAL,SUCCESS,31.0,156,6
D4_Abrupt_Support_Relocation,819,B6_PROPORTIONATE_SPARSE_ADAPTIVE_FILTER,EVAL,SUCCESS,1280.0,2560,1
D4_Abrupt_Support_Relocation,821,O2_ORACLE_SUPPORT_LIFECYCLE,EVAL,SUCCESS,31.0,152,6
D4_Abrupt_Support_Relocation,820,B4_VARIABLE_CONTIGUOUS_TAP_LENGTH,EVAL,SUCCESS,162.53142857142856,1920,30
D4_Abrupt_Support_Relocation,821,B1_LEBRE_NO_REC_BIRTH,EVAL,SUCCESS,25.0,136,5
D4_Abrupt_Support_Relocation,820,B5_SPARSITY_REGULARIZED_FULL_DICTIONARY,EVAL,SUCCESS,960.0,1920,0
D4_Abrupt_Support_Relocation,821,B3_FIXED_DENSE_FIR,EVAL,SUCCESS,80.0,240,20
D4_Abrupt_Support_Relocation,820,B7_PROPOSED_DYNAMIC_LAG_LIFECYCLE,EVAL,SUCCESS,112.99371428571429,1316,9
D4_Abrupt_Support_Relocation,820,B0_LEBRE_FROZEN,EVAL,SUCCESS,37.86942857142857,368,10
D4_Abrupt_Support_Relocation,820,B7_E0_MAGNITUDE_EVICTION,EVAL,SUCCESS,112.99371428571429,1316,9
D4_Abrupt_Support_Relocation,821,O1_FULL_DENSE_FIR,EVAL,SUCCESS,660.0,1980,165
D4_Abrupt_Support_Relocation,822,O0_ORACLE_SPARSE,EVAL,SUCCESS,31.0,156,6
D4_Abrupt_Support_Relocation,820,B6_PROPORTIONATE_SPARSE_ADAPTIVE_FILTER,EVAL,SUCCESS,1280.0,2560,2
D4_Abrupt_Support_Relocation,822,O2_ORACLE_SUPPORT_LIFECYCLE,EVAL,SUCCESS,31.0,152,6
D4_Abrupt_Support_Relocation,822,B1_LEBRE_NO_REC_BIRTH,EVAL,SUCCESS,25.0,136,5
D4_Abrupt_Support_Relocation,821,B4_VARIABLE_CONTIGUOUS_TAP_LENGTH,EVAL,SUCCESS,148.38,1920,30
D4_Abrupt_Support_Relocation,821,B7_PROPOSED_DYNAMIC_LAG_LIFECYCLE,EVAL,SUCCESS,113.26,1204,9
D4_Abrupt_Support_Relocation,821,B5_SPARSITY_REGULARIZED_FULL_DICTIONARY,EVAL,SUCCESS,960.0,1920,0
D4_Abrupt_Support_Relocation,821,B7_E0_MAGNITUDE_EVICTION,EVAL,SUCCESS,113.26,1204,9
D4_Abrupt_Support_Relocation,822,B3_FIXED_DENSE_FIR,EVAL,SUCCESS,80.0,240,20
D4_Abrupt_Support_Relocation,821,B0_LEBRE_FROZEN,EVAL,SUCCESS,37.12828571428572,368,5
D4_Abrupt_Support_Relocation,821,B6_PROPORTIONATE_SPARSE_ADAPTIVE_FILTER,EVAL,SUCCESS,1280.0,2560,1
D4_Abrupt_Support_Relocation,822,O1_FULL_DENSE_FIR,EVAL,SUCCESS,660.0,1980,165
D4_Abrupt_Support_Relocation,823,O0_ORACLE_SPARSE,EVAL,SUCCESS,31.0,156,6
D4_Abrupt_Support_Relocation,823,O2_ORACLE_SUPPORT_LIFECYCLE,EVAL,SUCCESS,31.0,152,6
D4_Abrupt_Support_Relocation,822,B4_VARIABLE_CONTIGUOUS_TAP_LENGTH,EVAL,SUCCESS,139.06857142857143,1920,30
D4_Abrupt_Support_Relocation,823,B1_LEBRE_NO_REC_BIRTH,EVAL,SUCCESS,25.0,136,5
D4_Abrupt_Support_Relocation,823,B3_FIXED_DENSE_FIR,EVAL,SUCCESS,80.0,240,20
D4_Abrupt_Support_Relocation,822,B7_PROPOSED_DYNAMIC_LAG_LIFECYCLE,EVAL,SUCCESS,112.90685714285715,1400,9
D4_Abrupt_Support_Relocation,822,B0_LEBRE_FROZEN,EVAL,SUCCESS,38.297714285714285,368,5
D4_Abrupt_Support_Relocation,822,B7_E0_MAGNITUDE_EVICTION,EVAL,SUCCESS,112.90685714285715,1400,9
D4_Abrupt_Support_Relocation,822,B5_SPARSITY_REGULARIZED_FULL_DICTIONARY,EVAL,SUCCESS,960.0,1920,0
D4_Abrupt_Support_Relocation,823,O1_FULL_DENSE_FIR,EVAL,SUCCESS,660.0,1980,165
D4_Abrupt_Support_Relocation,824,O0_ORACLE_SPARSE,EVAL,SUCCESS,31.0,156,6
D4_Abrupt_Support_Relocation,822,B6_PROPORTIONATE_SPARSE_ADAPTIVE_FILTER,EVAL,SUCCESS,1280.0,2560,1
D4_Abrupt_Support_Relocation,824,O2_ORACLE_SUPPORT_LIFECYCLE,EVAL,SUCCESS,31.0,152,6
D4_Abrupt_Support_Relocation,824,B1_LEBRE_NO_REC_BIRTH,EVAL,SUCCESS,25.0,136,5
D4_Abrupt_Support_Relocation,823,B4_VARIABLE_CONTIGUOUS_TAP_LENGTH,EVAL,SUCCESS,158.19714285714286,1920,30
D4_Abrupt_Support_Relocation,823,B7_PROPOSED_DYNAMIC_LAG_LIFECYCLE,EVAL,SUCCESS,112.83257142857143,1248,9
D4_Abrupt_Support_Relocation,823,B5_SPARSITY_REGULARIZED_FULL_DICTIONARY,EVAL,SUCCESS,960.0,1920,0
D4_Abrupt_Support_Relocation,824,B3_FIXED_DENSE_FIR,EVAL,SUCCESS,80.0,240,20
D4_Abrupt_Support_Relocation,823,B7_E0_MAGNITUDE_EVICTION,EVAL,SUCCESS,112.83257142857143,1248,9
D4_Abrupt_Support_Relocation,824,O1_FULL_DENSE_FIR,EVAL,SUCCESS,660.0,1980,165
D4_Abrupt_Support_Relocation,823,B0_LEBRE_FROZEN,EVAL,SUCCESS,37.174285714285716,368,5
D4_Abrupt_Support_Relocation,825,O0_ORACLE_SPARSE,EVAL,SUCCESS,31.0,156,6
D4_Abrupt_Support_Relocation,823,B6_PROPORTIONATE_SPARSE_ADAPTIVE_FILTER,EVAL,SUCCESS,1280.0,2560,1
D4_Abrupt_Support_Relocation,825,B1_LEBRE_NO_REC_BIRTH,EVAL,SUCCESS,25.0,136,5
D4_Abrupt_Support_Relocation,825,O2_ORACLE_SUPPORT_LIFECYCLE,EVAL,SUCCESS,31.0,152,6
D4_Abrupt_Support_Relocation,825,B3_FIXED_DENSE_FIR,EVAL,SUCCESS,80.0,240,20
D4_Abrupt_Support_Relocation,824,B4_VARIABLE_CONTIGUOUS_TAP_LENGTH,EVAL,SUCCESS,169.18285714285713,1920,35
D4_Abrupt_Support_Relocation,824,B7_PROPOSED_DYNAMIC_LAG_LIFECYCLE,EVAL,SUCCESS,112.81771428571429,1220,9
D4_Abrupt_Support_Relocation,824,B5_SPARSITY_REGULARIZED_FULL_DICTIONARY,EVAL,SUCCESS,960.0,1920,0
D4_Abrupt_Support_Relocation,824,B7_E0_MAGNITUDE_EVICTION,EVAL,SUCCESS,112.81771428571429,1220,9
D4_Abrupt_Support_Relocation,824,B6_PROPORTIONATE_SPARSE_ADAPTIVE_FILTER,EVAL,SUCCESS,1280.0,2560,1
D4_Abrupt_Support_Relocation,824,B0_LEBRE_FROZEN,EVAL,SUCCESS,37.901714285714284,368,5
D4_Abrupt_Support_Relocation,825,O1_FULL_DENSE_FIR,EVAL,SUCCESS,660.0,1980,165
D4_Abrupt_Support_Relocation,826,O0_ORACLE_SPARSE,EVAL,SUCCESS,31.0,156,6
D4_Abrupt_Support_Relocation,826,O2_ORACLE_SUPPORT_LIFECYCLE,EVAL,SUCCESS,31.0,152,6
D4_Abrupt_Support_Relocation,826,B1_LEBRE_NO_REC_BIRTH,EVAL,SUCCESS,25.0,136,5
D4_Abrupt_Support_Relocation,825,B4_VARIABLE_CONTIGUOUS_TAP_LENGTH,EVAL,SUCCESS,142.96857142857144,1920,30
D4_Abrupt_Support_Relocation,826,B3_FIXED_DENSE_FIR,EVAL,SUCCESS,80.0,240,20
D4_Abrupt_Support_Relocation,825,B7_PROPOSED_DYNAMIC_LAG_LIFECYCLE,EVAL,SUCCESS,112.17342857142857,1280,9
D4_Abrupt_Support_Relocation,825,B5_SPARSITY_REGULARIZED_FULL_DICTIONARY,EVAL,SUCCESS,960.0,1920,0
D4_Abrupt_Support_Relocation,825,B7_E0_MAGNITUDE_EVICTION,EVAL,SUCCESS,112.17342857142857,1280,9
D4_Abrupt_Support_Relocation,825,B0_LEBRE_FROZEN,EVAL,SUCCESS,37.49771428571429,368,8
D4_Abrupt_Support_Relocation,825,B6_PROPORTIONATE_SPARSE_ADAPTIVE_FILTER,EVAL,SUCCESS,1280.0,2560,1
D4_Abrupt_Support_Relocation,826,O1_FULL_DENSE_FIR,EVAL,SUCCESS,660.0,1980,165
D4_Abrupt_Support_Relocation,827,O0_ORACLE_SPARSE,EVAL,SUCCESS,31.0,156,6
D4_Abrupt_Support_Relocation,827,O2_ORACLE_SUPPORT_LIFECYCLE,EVAL,SUCCESS,31.0,152,6
D4_Abrupt_Support_Relocation,826,B4_VARIABLE_CONTIGUOUS_TAP_LENGTH,EVAL,SUCCESS,157.63142857142856,1920,30
D4_Abrupt_Support_Relocation,827,B1_LEBRE_NO_REC_BIRTH,EVAL,SUCCESS,25.0,136,5
D4_Abrupt_Support_Relocation,827,B3_FIXED_DENSE_FIR,EVAL,SUCCESS,80.0,240,20
D4_Abrupt_Support_Relocation,826,B7_PROPOSED_DYNAMIC_LAG_LIFECYCLE,EVAL,SUCCESS,112.81257142857143,1180,9
D4_Abrupt_Support_Relocation,826,B7_E0_MAGNITUDE_EVICTION,EVAL,SUCCESS,112.81257142857143,1180,9
D4_Abrupt_Support_Relocation,826,B0_LEBRE_FROZEN,EVAL,SUCCESS,37.67742857142857,368,10
D4_Abrupt_Support_Relocation,826,B5_SPARSITY_REGULARIZED_FULL_DICTIONARY,EVAL,SUCCESS,960.0,1920,0
D4_Abrupt_Support_Relocation,828,O0_ORACLE_SPARSE,EVAL,SUCCESS,31.0,156,6
D4_Abrupt_Support_Relocation,826,B6_PROPORTIONATE_SPARSE_ADAPTIVE_FILTER,EVAL,SUCCESS,1280.0,2560,2
D4_Abrupt_Support_Relocation,827,O1_FULL_DENSE_FIR,EVAL,SUCCESS,660.0,1980,165
D4_Abrupt_Support_Relocation,828,O2_ORACLE_SUPPORT_LIFECYCLE,EVAL,SUCCESS,31.0,152,6
D4_Abrupt_Support_Relocation,827,B4_VARIABLE_CONTIGUOUS_TAP_LENGTH,EVAL,SUCCESS,157.27142857142857,1920,30
D4_Abrupt_Support_Relocation,828,B1_LEBRE_NO_REC_BIRTH,EVAL,SUCCESS,25.0,136,5
D4_Abrupt_Support_Relocation,828,B3_FIXED_DENSE_FIR,EVAL,SUCCESS,80.0,240,20
D4_Abrupt_Support_Relocation,827,B7_PROPOSED_DYNAMIC_LAG_LIFECYCLE,EVAL,SUCCESS,110.81971428571428,1224,9
D4_Abrupt_Support_Relocation,827,B0_LEBRE_FROZEN,EVAL,SUCCESS,37.40428571428571,368,10
D4_Abrupt_Support_Relocation,827,B7_E0_MAGNITUDE_EVICTION,EVAL,SUCCESS,110.81971428571428,1224,9
D4_Abrupt_Support_Relocation,827,B5_SPARSITY_REGULARIZED_FULL_DICTIONARY,EVAL,SUCCESS,960.0,1920,0
D4_Abrupt_Support_Relocation,828,O1_FULL_DENSE_FIR,EVAL,SUCCESS,660.0,1980,165
D4_Abrupt_Support_Relocation,829,O0_ORACLE_SPARSE,EVAL,SUCCESS,31.0,156,6
D4_Abrupt_Support_Relocation,827,B6_PROPORTIONATE_SPARSE_ADAPTIVE_FILTER,EVAL,SUCCESS,1280.0,2560,1
D4_Abrupt_Support_Relocation,829,O2_ORACLE_SUPPORT_LIFECYCLE,EVAL,SUCCESS,31.0,152,6
D4_Abrupt_Support_Relocation,828,B4_VARIABLE_CONTIGUOUS_TAP_LENGTH,EVAL,SUCCESS,161.80857142857144,1920,35
D4_Abrupt_Support_Relocation,829,B1_LEBRE_NO_REC_BIRTH,EVAL,SUCCESS,25.0,136,5
D4_Abrupt_Support_Relocation,828,B5_SPARSITY_REGULARIZED_FULL_DICTIONARY,EVAL,SUCCESS,960.0,1920,0
D4_Abrupt_Support_Relocation,828,B7_PROPOSED_DYNAMIC_LAG_LIFECYCLE,EVAL,SUCCESS,113.09142857142857,1140,9
D4_Abrupt_Support_Relocation,829,B3_FIXED_DENSE_FIR,EVAL,SUCCESS,80.0,240,20
D4_Abrupt_Support_Relocation,828,B7_E0_MAGNITUDE_EVICTION,EVAL,SUCCESS,113.09142857142857,1140,9
D4_Abrupt_Support_Relocation,828,B0_LEBRE_FROZEN,EVAL,SUCCESS,38.10942857142857,240,5
D4_Abrupt_Support_Relocation,829,O1_FULL_DENSE_FIR,EVAL,SUCCESS,660.0,1980,165
D4_Abrupt_Support_Relocation,828,B6_PROPORTIONATE_SPARSE_ADAPTIVE_FILTER,EVAL,SUCCESS,1280.0,2560,1
D4_Abrupt_Support_Relocation,830,O0_ORACLE_SPARSE,EVAL,SUCCESS,31.0,156,6
D4_Abrupt_Support_Relocation,830,B1_LEBRE_NO_REC_BIRTH,EVAL,SUCCESS,25.0,136,5
D4_Abrupt_Support_Relocation,830,O2_ORACLE_SUPPORT_LIFECYCLE,EVAL,SUCCESS,31.0,152,6
D4_Abrupt_Support_Relocation,829,B4_VARIABLE_CONTIGUOUS_TAP_LENGTH,EVAL,SUCCESS,145.08,1920,30
D4_Abrupt_Support_Relocation,830,B3_FIXED_DENSE_FIR,EVAL,SUCCESS,80.0,240,20
D4_Abrupt_Support_Relocation,829,B7_PROPOSED_DYNAMIC_LAG_LIFECYCLE,EVAL,SUCCESS,113.15485714285714,1156,9
D4_Abrupt_Support_Relocation,829,B5_SPARSITY_REGULARIZED_FULL_DICTIONARY,EVAL,SUCCESS,960.0,1920,0
D4_Abrupt_Support_Relocation,829,B7_E0_MAGNITUDE_EVICTION,EVAL,SUCCESS,113.15485714285714,1156,9
D4_Abrupt_Support_Relocation,830,O1_FULL_DENSE_FIR,EVAL,SUCCESS,660.0,1980,165
D4_Abrupt_Support_Relocation,829,B6_PROPORTIONATE_SPARSE_ADAPTIVE_FILTER,EVAL,SUCCESS,1280.0,2560,1
D5_Tap_Birth,801,O0_ORACLE_SPARSE,EVAL,SUCCESS,25.0,120,5
D4_Abrupt_Support_Relocation,829,B0_LEBRE_FROZEN,EVAL,SUCCESS,37.28114285714286,368,5
D5_Tap_Birth,801,O2_ORACLE_SUPPORT_LIFECYCLE,EVAL,SUCCESS,29.285714285714285,152,6
D5_Tap_Birth,801,B1_LEBRE_NO_REC_BIRTH,EVAL,SUCCESS,25.0,136,5
D4_Abrupt_Support_Relocation,830,B4_VARIABLE_CONTIGUOUS_TAP_LENGTH,EVAL,SUCCESS,151.05714285714285,1920,30
D5_Tap_Birth,801,B3_FIXED_DENSE_FIR,EVAL,SUCCESS,80.0,240,20
D4_Abrupt_Support_Relocation,830,B7_PROPOSED_DYNAMIC_LAG_LIFECYCLE,EVAL,SUCCESS,113.172,1200,9
D4_Abrupt_Support_Relocation,830,B5_SPARSITY_REGULARIZED_FULL_DICTIONARY,EVAL,SUCCESS,960.0,1920,0
D4_Abrupt_Support_Relocation,830,B7_E0_MAGNITUDE_EVICTION,EVAL,SUCCESS,113.172,1200,9
D5_Tap_Birth,802,O0_ORACLE_SPARSE,EVAL,SUCCESS,25.0,120,5
D4_Abrupt_Support_Relocation,830,B0_LEBRE_FROZEN,EVAL,SUCCESS,37.852,368,5
D5_Tap_Birth,801,O1_FULL_DENSE_FIR,EVAL,SUCCESS,660.0,1980,165
D4_Abrupt_Support_Relocation,830,B6_PROPORTIONATE_SPARSE_ADAPTIVE_FILTER,EVAL,SUCCESS,1280.0,2560,1
D5_Tap_Birth,802,O2_ORACLE_SUPPORT_LIFECYCLE,EVAL,SUCCESS,29.285714285714285,152,6
D5_Tap_Birth,801,B4_VARIABLE_CONTIGUOUS_TAP_LENGTH,EVAL,SUCCESS,118.7,1920,20
D5_Tap_Birth,802,B1_LEBRE_NO_REC_BIRTH,EVAL,SUCCESS,25.0,136,5
D5_Tap_Birth,801,B7_PROPOSED_DYNAMIC_LAG_LIFECYCLE,EVAL,SUCCESS,98.45028571428571,1232,9
D5_Tap_Birth,801,B7_E0_MAGNITUDE_EVICTION,EVAL,SUCCESS,98.45028571428571,1232,9
D5_Tap_Birth,801,B5_SPARSITY_REGULARIZED_FULL_DICTIONARY,EVAL,SUCCESS,960.0,1920,0
D5_Tap_Birth,802,B3_FIXED_DENSE_FIR,EVAL,SUCCESS,80.0,240,20
D5_Tap_Birth,803,O0_ORACLE_SPARSE,EVAL,SUCCESS,25.0,120,5
D5_Tap_Birth,801,B0_LEBRE_FROZEN,EVAL,SUCCESS,36.69857142857143,368,5
D5_Tap_Birth,801,B6_PROPORTIONATE_SPARSE_ADAPTIVE_FILTER,EVAL,SUCCESS,1280.0,2560,2
D5_Tap_Birth,802,O1_FULL_DENSE_FIR,EVAL,SUCCESS,660.0,1980,165
D5_Tap_Birth,803,B1_LEBRE_NO_REC_BIRTH,EVAL,SUCCESS,25.0,136,5
D5_Tap_Birth,803,O2_ORACLE_SUPPORT_LIFECYCLE,EVAL,SUCCESS,29.285714285714285,152,6
D5_Tap_Birth,803,B3_FIXED_DENSE_FIR,EVAL,SUCCESS,80.0,240,20
D5_Tap_Birth,802,B4_VARIABLE_CONTIGUOUS_TAP_LENGTH,EVAL,SUCCESS,114.67714285714285,1920,20
D5_Tap_Birth,802,B7_PROPOSED_DYNAMIC_LAG_LIFECYCLE,EVAL,SUCCESS,98.45657142857142,1208,9
D5_Tap_Birth,802,B0_LEBRE_FROZEN,EVAL,SUCCESS,37.186571428571426,368,5
D5_Tap_Birth,802,B7_E0_MAGNITUDE_EVICTION,EVAL,SUCCESS,98.45657142857142,1208,9
D5_Tap_Birth,803,O1_FULL_DENSE_FIR,EVAL,SUCCESS,660.0,1980,165
D5_Tap_Birth,802,B5_SPARSITY_REGULARIZED_FULL_DICTIONARY,EVAL,SUCCESS,960.0,1920,0
D5_Tap_Birth,804,O0_ORACLE_SPARSE,EVAL,SUCCESS,25.0,120,5
D5_Tap_Birth,802,B6_PROPORTIONATE_SPARSE_ADAPTIVE_FILTER,EVAL,SUCCESS,1280.0,2560,2
D5_Tap_Birth,803,B4_VARIABLE_CONTIGUOUS_TAP_LENGTH,EVAL,SUCCESS,111.66,1920,20
D5_Tap_Birth,804,O2_ORACLE_SUPPORT_LIFECYCLE,EVAL,SUCCESS,29.285714285714285,152,6
D5_Tap_Birth,804,B1_LEBRE_NO_REC_BIRTH,EVAL,SUCCESS,25.0,136,5
D5_Tap_Birth,803,B7_PROPOSED_DYNAMIC_LAG_LIFECYCLE,EVAL,SUCCESS,97.91257142857143,1160,9
D5_Tap_Birth,804,B3_FIXED_DENSE_FIR,EVAL,SUCCESS,80.0,240,20
D5_Tap_Birth,803,B5_SPARSITY_REGULARIZED_FULL_DICTIONARY,EVAL,SUCCESS,960.0,1920,0
D5_Tap_Birth,803,B7_E0_MAGNITUDE_EVICTION,EVAL,SUCCESS,97.91257142857143,1160,9
D5_Tap_Birth,804,O1_FULL_DENSE_FIR,EVAL,SUCCESS,660.0,1980,165
D5_Tap_Birth,803,B6_PROPORTIONATE_SPARSE_ADAPTIVE_FILTER,EVAL,SUCCESS,1280.0,2560,2
D5_Tap_Birth,803,B0_LEBRE_FROZEN,EVAL,SUCCESS,35.728,368,8
D5_Tap_Birth,805,O0_ORACLE_SPARSE,EVAL,SUCCESS,25.0,120,5
D5_Tap_Birth,805,B1_LEBRE_NO_REC_BIRTH,EVAL,SUCCESS,25.0,136,5
D5_Tap_Birth,805,O2_ORACLE_SUPPORT_LIFECYCLE,EVAL,SUCCESS,29.285714285714285,152,6
D5_Tap_Birth,804,B4_VARIABLE_CONTIGUOUS_TAP_LENGTH,EVAL,SUCCESS,119.10857142857142,1920,20
D5_Tap_Birth,805,B3_FIXED_DENSE_FIR,EVAL,SUCCESS,80.0,240,20
D5_Tap_Birth,804,B5_SPARSITY_REGULARIZED_FULL_DICTIONARY,EVAL,SUCCESS,960.0,1920,0
D5_Tap_Birth,804,B7_E0_MAGNITUDE_EVICTION,EVAL,SUCCESS,99.70428571428572,1240,9
D5_Tap_Birth,804,B7_PROPOSED_DYNAMIC_LAG_LIFECYCLE,EVAL,SUCCESS,99.70428571428572,1240,9
D5_Tap_Birth,805,O1_FULL_DENSE_FIR,EVAL,SUCCESS,660.0,1980,165
D5_Tap_Birth,806,O0_ORACLE_SPARSE,EVAL,SUCCESS,25.0,120,5
D5_Tap_Birth,804,B0_LEBRE_FROZEN,EVAL,SUCCESS,37.05657142857143,368,5
D5_Tap_Birth,804,B6_PROPORTIONATE_SPARSE_ADAPTIVE_FILTER,EVAL,SUCCESS,1280.0,2560,2
D5_Tap_Birth,806,B1_LEBRE_NO_REC_BIRTH,EVAL,SUCCESS,25.0,136,5
D5_Tap_Birth,806,O2_ORACLE_SUPPORT_LIFECYCLE,EVAL,SUCCESS,29.285714285714285,152,6
D5_Tap_Birth,805,B4_VARIABLE_CONTIGUOUS_TAP_LENGTH,EVAL,SUCCESS,118.67142857142858,1920,20
D5_Tap_Birth,805,B7_E0_MAGNITUDE_EVICTION,EVAL,SUCCESS,96.74457142857143,1196,9
D5_Tap_Birth,805,B7_PROPOSED_DYNAMIC_LAG_LIFECYCLE,EVAL,SUCCESS,96.74457142857143,1196,9
D5_Tap_Birth,806,B3_FIXED_DENSE_FIR,EVAL,SUCCESS,80.0,240,20
D5_Tap_Birth,805,B5_SPARSITY_REGULARIZED_FULL_DICTIONARY,EVAL,SUCCESS,960.0,1920,0
D5_Tap_Birth,805,B0_LEBRE_FROZEN,EVAL,SUCCESS,36.850857142857144,368,8
D5_Tap_Birth,805,B6_PROPORTIONATE_SPARSE_ADAPTIVE_FILTER,EVAL,SUCCESS,1280.0,2560,2
D5_Tap_Birth,807,O0_ORACLE_SPARSE,EVAL,SUCCESS,25.0,120,5
D5_Tap_Birth,806,O1_FULL_DENSE_FIR,EVAL,SUCCESS,660.0,1980,165
D5_Tap_Birth,807,O2_ORACLE_SUPPORT_LIFECYCLE,EVAL,SUCCESS,29.285714285714285,152,6
D5_Tap_Birth,807,B1_LEBRE_NO_REC_BIRTH,EVAL,SUCCESS,25.0,136,5
D5_Tap_Birth,806,B4_VARIABLE_CONTIGUOUS_TAP_LENGTH,EVAL,SUCCESS,117.31142857142858,1920,20
D5_Tap_Birth,807,B3_FIXED_DENSE_FIR,EVAL,SUCCESS,80.0,240,20
D5_Tap_Birth,806,B7_E0_MAGNITUDE_EVICTION,EVAL,SUCCESS,90.55257142857143,1160,8
D5_Tap_Birth,806,B5_SPARSITY_REGULARIZED_FULL_DICTIONARY,EVAL,SUCCESS,960.0,1920,0
D5_Tap_Birth,806,B7_PROPOSED_DYNAMIC_LAG_LIFECYCLE,EVAL,SUCCESS,90.55257142857143,1160,8
D5_Tap_Birth,806,B0_LEBRE_FROZEN,EVAL,SUCCESS,36.523714285714284,368,5
D5_Tap_Birth,807,O1_FULL_DENSE_FIR,EVAL,SUCCESS,660.0,1980,165
D5_Tap_Birth,808,O0_ORACLE_SPARSE,EVAL,SUCCESS,25.0,120,5
D5_Tap_Birth,806,B6_PROPORTIONATE_SPARSE_ADAPTIVE_FILTER,EVAL,SUCCESS,1280.0,2560,2
D5_Tap_Birth,808,O2_ORACLE_SUPPORT_LIFECYCLE,EVAL,SUCCESS,29.285714285714285,152,6
D5_Tap_Birth,807,B4_VARIABLE_CONTIGUOUS_TAP_LENGTH,EVAL,SUCCESS,152.80285714285714,1920,25
D5_Tap_Birth,808,B1_LEBRE_NO_REC_BIRTH,EVAL,SUCCESS,25.0,136,5
D5_Tap_Birth,807,B7_PROPOSED_DYNAMIC_LAG_LIFECYCLE,EVAL,SUCCESS,97.948,1144,9
D5_Tap_Birth,808,B3_FIXED_DENSE_FIR,EVAL,SUCCESS,80.0,240,20
D5_Tap_Birth,807,B7_E0_MAGNITUDE_EVICTION,EVAL,SUCCESS,97.948,1144,9
D5_Tap_Birth,807,B5_SPARSITY_REGULARIZED_FULL_DICTIONARY,EVAL,SUCCESS,960.0,1920,0
D5_Tap_Birth,809,O0_ORACLE_SPARSE,EVAL,SUCCESS,25.0,120,5
D5_Tap_Birth,807,B0_LEBRE_FROZEN,EVAL,SUCCESS,37.62428571428571,368,5
D5_Tap_Birth,807,B6_PROPORTIONATE_SPARSE_ADAPTIVE_FILTER,EVAL,SUCCESS,1280.0,2560,2
D5_Tap_Birth,808,O1_FULL_DENSE_FIR,EVAL,SUCCESS,660.0,1980,165
D5_Tap_Birth,809,O2_ORACLE_SUPPORT_LIFECYCLE,EVAL,SUCCESS,29.285714285714285,152,6
D5_Tap_Birth,809,B1_LEBRE_NO_REC_BIRTH,EVAL,SUCCESS,25.0,136,5
D5_Tap_Birth,808,B4_VARIABLE_CONTIGUOUS_TAP_LENGTH,EVAL,SUCCESS,119.40571428571428,1920,20
D5_Tap_Birth,808,B5_SPARSITY_REGULARIZED_FULL_DICTIONARY,EVAL,SUCCESS,960.0,1920,0
D5_Tap_Birth,808,B7_PROPOSED_DYNAMIC_LAG_LIFECYCLE,EVAL,SUCCESS,99.71371428571429,1160,9
D5_Tap_Birth,809,B3_FIXED_DENSE_FIR,EVAL,SUCCESS,80.0,240,20
D5_Tap_Birth,808,B7_E0_MAGNITUDE_EVICTION,EVAL,SUCCESS,99.71371428571429,1160,9
D5_Tap_Birth,808,B0_LEBRE_FROZEN,EVAL,SUCCESS,37.10657142857143,368,5
D5_Tap_Birth,809,O1_FULL_DENSE_FIR,EVAL,SUCCESS,660.0,1980,165
D5_Tap_Birth,810,O0_ORACLE_SPARSE,EVAL,SUCCESS,25.0,120,5
D5_Tap_Birth,808,B6_PROPORTIONATE_SPARSE_ADAPTIVE_FILTER,EVAL,SUCCESS,1280.0,2560,2
D5_Tap_Birth,810,O2_ORACLE_SUPPORT_LIFECYCLE,EVAL,SUCCESS,29.285714285714285,152,6
D5_Tap_Birth,809,B4_VARIABLE_CONTIGUOUS_TAP_LENGTH,EVAL,SUCCESS,118.28571428571429,1920,20
D5_Tap_Birth,810,B1_LEBRE_NO_REC_BIRTH,EVAL,SUCCESS,25.0,136,5
D5_Tap_Birth,809,B7_PROPOSED_DYNAMIC_LAG_LIFECYCLE,EVAL,SUCCESS,98.73714285714286,1192,9
D5_Tap_Birth,810,B3_FIXED_DENSE_FIR,EVAL,SUCCESS,80.0,240,20
D5_Tap_Birth,809,B7_E0_MAGNITUDE_EVICTION,EVAL,SUCCESS,98.73714285714286,1192,9
D5_Tap_Birth,809,B5_SPARSITY_REGULARIZED_FULL_DICTIONARY,EVAL,SUCCESS,960.0,1920,0
D5_Tap_Birth,810,O1_FULL_DENSE_FIR,EVAL,SUCCESS,660.0,1980,165
D5_Tap_Birth,809,B0_LEBRE_FROZEN,EVAL,SUCCESS,37.87542857142857,368,10
D5_Tap_Birth,811,O0_ORACLE_SPARSE,EVAL,SUCCESS,25.0,120,5
D5_Tap_Birth,811,O2_ORACLE_SUPPORT_LIFECYCLE,EVAL,SUCCESS,29.285714285714285,152,6
D5_Tap_Birth,809,B6_PROPORTIONATE_SPARSE_ADAPTIVE_FILTER,EVAL,SUCCESS,1280.0,2560,2
D5_Tap_Birth,811,B1_LEBRE_NO_REC_BIRTH,EVAL,SUCCESS,25.0,136,5
D5_Tap_Birth,810,B4_VARIABLE_CONTIGUOUS_TAP_LENGTH,EVAL,SUCCESS,118.33714285714285,1920,20
D5_Tap_Birth,810,B7_E0_MAGNITUDE_EVICTION,EVAL,SUCCESS,98.03028571428571,1228,9
D5_Tap_Birth,810,B7_PROPOSED_DYNAMIC_LAG_LIFECYCLE,EVAL,SUCCESS,98.03028571428571,1228,9
D5_Tap_Birth,811,B3_FIXED_DENSE_FIR,EVAL,SUCCESS,80.0,240,20
D5_Tap_Birth,810,B5_SPARSITY_REGULARIZED_FULL_DICTIONARY,EVAL,SUCCESS,960.0,1920,0
D5_Tap_Birth,810,B0_LEBRE_FROZEN,EVAL,SUCCESS,37.13171428571429,368,5
D5_Tap_Birth,811,O1_FULL_DENSE_FIR,EVAL,SUCCESS,660.0,1980,165
D5_Tap_Birth,812,O0_ORACLE_SPARSE,EVAL,SUCCESS,25.0,120,5
D5_Tap_Birth,810,B6_PROPORTIONATE_SPARSE_ADAPTIVE_FILTER,EVAL,SUCCESS,1280.0,2560,2
D5_Tap_Birth,812,O2_ORACLE_SUPPORT_LIFECYCLE,EVAL,SUCCESS,29.285714285714285,152,6
D5_Tap_Birth,812,B1_LEBRE_NO_REC_BIRTH,EVAL,SUCCESS,25.0,136,5
D5_Tap_Birth,811,B4_VARIABLE_CONTIGUOUS_TAP_LENGTH,EVAL,SUCCESS,122.41142857142857,1920,20
D5_Tap_Birth,811,B7_PROPOSED_DYNAMIC_LAG_LIFECYCLE,EVAL,SUCCESS,98.56142857142858,1300,9
D5_Tap_Birth,811,B5_SPARSITY_REGULARIZED_FULL_DICTIONARY,EVAL,SUCCESS,960.0,1920,0
D5_Tap_Birth,812,B3_FIXED_DENSE_FIR,EVAL,SUCCESS,80.0,240,20
D5_Tap_Birth,811,B7_E0_MAGNITUDE_EVICTION,EVAL,SUCCESS,98.56142857142858,1300,9
D5_Tap_Birth,811,B0_LEBRE_FROZEN,EVAL,SUCCESS,36.82457142857143,368,8
D5_Tap_Birth,813,O0_ORACLE_SPARSE,EVAL,SUCCESS,25.0,120,5
D5_Tap_Birth,811,B6_PROPORTIONATE_SPARSE_ADAPTIVE_FILTER,EVAL,SUCCESS,1280.0,2560,2
D5_Tap_Birth,812,O1_FULL_DENSE_FIR,EVAL,SUCCESS,660.0,1980,165
D5_Tap_Birth,813,O2_ORACLE_SUPPORT_LIFECYCLE,EVAL,SUCCESS,29.285714285714285,152,6
D5_Tap_Birth,812,B4_VARIABLE_CONTIGUOUS_TAP_LENGTH,EVAL,SUCCESS,118.03142857142858,1920,20
D5_Tap_Birth,813,B1_LEBRE_NO_REC_BIRTH,EVAL,SUCCESS,25.0,136,5
D5_Tap_Birth,813,B3_FIXED_DENSE_FIR,EVAL,SUCCESS,80.0,240,20
D5_Tap_Birth,812,B7_PROPOSED_DYNAMIC_LAG_LIFECYCLE,EVAL,SUCCESS,99.77828571428572,1276,9
D5_Tap_Birth,812,B5_SPARSITY_REGULARIZED_FULL_DICTIONARY,EVAL,SUCCESS,960.0,1920,0
D5_Tap_Birth,812,B7_E0_MAGNITUDE_EVICTION,EVAL,SUCCESS,99.77828571428572,1276,9
D5_Tap_Birth,813,O1_FULL_DENSE_FIR,EVAL,SUCCESS,660.0,1980,165
D5_Tap_Birth,812,B0_LEBRE_FROZEN,EVAL,SUCCESS,37.14342857142857,368,5
D5_Tap_Birth,814,O0_ORACLE_SPARSE,EVAL,SUCCESS,25.0,120,5
D5_Tap_Birth,812,B6_PROPORTIONATE_SPARSE_ADAPTIVE_FILTER,EVAL,SUCCESS,1280.0,2560,2
D5_Tap_Birth,814,O2_ORACLE_SUPPORT_LIFECYCLE,EVAL,SUCCESS,29.285714285714285,152,6
D5_Tap_Birth,813,B4_VARIABLE_CONTIGUOUS_TAP_LENGTH,EVAL,SUCCESS,116.45142857142856,1920,20
D5_Tap_Birth,814,B1_LEBRE_NO_REC_BIRTH,EVAL,SUCCESS,25.0,136,5
D5_Tap_Birth,813,B7_PROPOSED_DYNAMIC_LAG_LIFECYCLE,EVAL,SUCCESS,85.65885714285714,1084,7
D5_Tap_Birth,813,B7_E0_MAGNITUDE_EVICTION,EVAL,SUCCESS,85.65885714285714,1084,7
D5_Tap_Birth,813,B0_LEBRE_FROZEN,EVAL,SUCCESS,36.965428571428575,368,5
D5_Tap_Birth,814,B3_FIXED_DENSE_FIR,EVAL,SUCCESS,80.0,240,20
D5_Tap_Birth,813,B5_SPARSITY_REGULARIZED_FULL_DICTIONARY,EVAL,SUCCESS,960.0,1920,0
D5_Tap_Birth,815,O0_ORACLE_SPARSE,EVAL,SUCCESS,25.0,120,5
D5_Tap_Birth,814,O1_FULL_DENSE_FIR,EVAL,SUCCESS,660.0,1980,165
D5_Tap_Birth,813,B6_PROPORTIONATE_SPARSE_ADAPTIVE_FILTER,EVAL,SUCCESS,1280.0,2560,2
D5_Tap_Birth,815,O2_ORACLE_SUPPORT_LIFECYCLE,EVAL,SUCCESS,29.285714285714285,152,6
D5_Tap_Birth,815,B1_LEBRE_NO_REC_BIRTH,EVAL,SUCCESS,25.0,136,5
D5_Tap_Birth,814,B4_VARIABLE_CONTIGUOUS_TAP_LENGTH,EVAL,SUCCESS,116.16571428571429,1920,20
D5_Tap_Birth,814,B7_PROPOSED_DYNAMIC_LAG_LIFECYCLE,EVAL,SUCCESS,95.71,1268,9
D5_Tap_Birth,815,B3_FIXED_DENSE_FIR,EVAL,SUCCESS,80.0,240,20
D5_Tap_Birth,814,B7_E0_MAGNITUDE_EVICTION,EVAL,SUCCESS,95.71,1268,9
D5_Tap_Birth,814,B5_SPARSITY_REGULARIZED_FULL_DICTIONARY,EVAL,SUCCESS,960.0,1920,0
D5_Tap_Birth,814,B0_LEBRE_FROZEN,EVAL,SUCCESS,38.268,368,5
D5_Tap_Birth,814,B6_PROPORTIONATE_SPARSE_ADAPTIVE_FILTER,EVAL,SUCCESS,1280.0,2560,2
D5_Tap_Birth,816,O0_ORACLE_SPARSE,EVAL,SUCCESS,25.0,120,5
D5_Tap_Birth,815,O1_FULL_DENSE_FIR,EVAL,SUCCESS,660.0,1980,165
D5_Tap_Birth,816,O2_ORACLE_SUPPORT_LIFECYCLE,EVAL,SUCCESS,29.285714285714285,152,6
D5_Tap_Birth,815,B4_VARIABLE_CONTIGUOUS_TAP_LENGTH,EVAL,SUCCESS,116.85142857142857,1920,20
D5_Tap_Birth,816,B1_LEBRE_NO_REC_BIRTH,EVAL,SUCCESS,25.0,136,5
D5_Tap_Birth,816,B3_FIXED_DENSE_FIR,EVAL,SUCCESS,80.0,240,20
D5_Tap_Birth,815,B7_PROPOSED_DYNAMIC_LAG_LIFECYCLE,EVAL,SUCCESS,101.04742857142857,1260,9
D5_Tap_Birth,815,B5_SPARSITY_REGULARIZED_FULL_DICTIONARY,EVAL,SUCCESS,960.0,1920,0
D5_Tap_Birth,815,B7_E0_MAGNITUDE_EVICTION,EVAL,SUCCESS,101.04742857142857,1260,9
D5_Tap_Birth,816,O1_FULL_DENSE_FIR,EVAL,SUCCESS,660.0,1980,165
D5_Tap_Birth,817,O0_ORACLE_SPARSE,EVAL,SUCCESS,25.0,120,5
D5_Tap_Birth,815,B6_PROPORTIONATE_SPARSE_ADAPTIVE_FILTER,EVAL,SUCCESS,1280.0,2560,2
D5_Tap_Birth,817,O2_ORACLE_SUPPORT_LIFECYCLE,EVAL,SUCCESS,29.285714285714285,152,6
D5_Tap_Birth,815,B0_LEBRE_FROZEN,EVAL,SUCCESS,38.069714285714284,368,5
D5_Tap_Birth,816,B4_VARIABLE_CONTIGUOUS_TAP_LENGTH,EVAL,SUCCESS,114.06285714285714,1920,20
D5_Tap_Birth,817,B1_LEBRE_NO_REC_BIRTH,EVAL,SUCCESS,25.0,136,5
D5_Tap_Birth,816,B7_PROPOSED_DYNAMIC_LAG_LIFECYCLE,EVAL,SUCCESS,92.904,1176,9
D5_Tap_Birth,817,B3_FIXED_DENSE_FIR,EVAL,SUCCESS,80.0,240,20
D5_Tap_Birth,816,B7_E0_MAGNITUDE_EVICTION,EVAL,SUCCESS,92.904,1176,9
D5_Tap_Birth,816,B0_LEBRE_FROZEN,EVAL,SUCCESS,37.285714285714285,368,8
D5_Tap_Birth,817,O1_FULL_DENSE_FIR,EVAL,SUCCESS,660.0,1980,165
D5_Tap_Birth,818,O0_ORACLE_SPARSE,EVAL,SUCCESS,25.0,120,5
D5_Tap_Birth,816,B5_SPARSITY_REGULARIZED_FULL_DICTIONARY,EVAL,SUCCESS,960.0,1920,0
D5_Tap_Birth,816,B6_PROPORTIONATE_SPARSE_ADAPTIVE_FILTER,EVAL,SUCCESS,1280.0,2560,2
D5_Tap_Birth,818,O2_ORACLE_SUPPORT_LIFECYCLE,EVAL,SUCCESS,29.285714285714285,152,6
D5_Tap_Birth,818,B1_LEBRE_NO_REC_BIRTH,EVAL,SUCCESS,25.0,136,5
D5_Tap_Birth,817,B4_VARIABLE_CONTIGUOUS_TAP_LENGTH,EVAL,SUCCESS,128.8057142857143,1920,20
D5_Tap_Birth,817,B7_PROPOSED_DYNAMIC_LAG_LIFECYCLE,EVAL,SUCCESS,83.53,1060,7
D5_Tap_Birth,817,B7_E0_MAGNITUDE_EVICTION,EVAL,SUCCESS,83.53,1060,7
D5_Tap_Birth,818,B3_FIXED_DENSE_FIR,EVAL,SUCCESS,80.0,240,20
D5_Tap_Birth,817,B5_SPARSITY_REGULARIZED_FULL_DICTIONARY,EVAL,SUCCESS,960.0,1920,0
D5_Tap_Birth,819,O0_ORACLE_SPARSE,EVAL,SUCCESS,25.0,120,5
D5_Tap_Birth,817,B0_LEBRE_FROZEN,EVAL,SUCCESS,37.44314285714286,368,10
D5_Tap_Birth,818,O1_FULL_DENSE_FIR,EVAL,SUCCESS,660.0,1980,165
D5_Tap_Birth,817,B6_PROPORTIONATE_SPARSE_ADAPTIVE_FILTER,EVAL,SUCCESS,1280.0,2560,2
D5_Tap_Birth,818,B4_VARIABLE_CONTIGUOUS_TAP_LENGTH,EVAL,SUCCESS,126.92571428571429,1920,20
D5_Tap_Birth,819,O2_ORACLE_SUPPORT_LIFECYCLE,EVAL,SUCCESS,29.285714285714285,152,6
D5_Tap_Birth,819,B1_LEBRE_NO_REC_BIRTH,EVAL,SUCCESS,25.0,136,5
D5_Tap_Birth,818,B7_PROPOSED_DYNAMIC_LAG_LIFECYCLE,EVAL,SUCCESS,98.91457142857143,1284,9
D5_Tap_Birth,819,B3_FIXED_DENSE_FIR,EVAL,SUCCESS,80.0,240,20
D5_Tap_Birth,818,B7_E0_MAGNITUDE_EVICTION,EVAL,SUCCESS,98.91457142857143,1284,9
D5_Tap_Birth,818,B5_SPARSITY_REGULARIZED_FULL_DICTIONARY,EVAL,SUCCESS,960.0,1920,0
D5_Tap_Birth,820,O0_ORACLE_SPARSE,EVAL,SUCCESS,25.0,120,5
D5_Tap_Birth,819,O1_FULL_DENSE_FIR,EVAL,SUCCESS,660.0,1980,165
D5_Tap_Birth,818,B0_LEBRE_FROZEN,EVAL,SUCCESS,36.97085714285714,368,5
D5_Tap_Birth,818,B6_PROPORTIONATE_SPARSE_ADAPTIVE_FILTER,EVAL,SUCCESS,1280.0,2560,2
D5_Tap_Birth,820,O2_ORACLE_SUPPORT_LIFECYCLE,EVAL,SUCCESS,29.285714285714285,152,6
D5_Tap_Birth,819,B4_VARIABLE_CONTIGUOUS_TAP_LENGTH,EVAL,SUCCESS,114.09714285714286,1920,20
D5_Tap_Birth,820,B1_LEBRE_NO_REC_BIRTH,EVAL,SUCCESS,25.0,136,5
D5_Tap_Birth,819,B7_PROPOSED_DYNAMIC_LAG_LIFECYCLE,EVAL,SUCCESS,99.328,1364,9
D5_Tap_Birth,820,B3_FIXED_DENSE_FIR,EVAL,SUCCESS,80.0,240,20
D5_Tap_Birth,819,B7_E0_MAGNITUDE_EVICTION,EVAL,SUCCESS,99.328,1364,9
D5_Tap_Birth,819,B0_LEBRE_FROZEN,EVAL,SUCCESS,37.319428571428574,368,5
D5_Tap_Birth,819,B5_SPARSITY_REGULARIZED_FULL_DICTIONARY,EVAL,SUCCESS,960.0,1920,0
D5_Tap_Birth,821,O0_ORACLE_SPARSE,EVAL,SUCCESS,25.0,120,5
D5_Tap_Birth,820,O1_FULL_DENSE_FIR,EVAL,SUCCESS,660.0,1980,165
D5_Tap_Birth,820,B4_VARIABLE_CONTIGUOUS_TAP_LENGTH,EVAL,SUCCESS,124.08285714285714,1920,25
D5_Tap_Birth,821,O2_ORACLE_SUPPORT_LIFECYCLE,EVAL,SUCCESS,29.285714285714285,152,6
D5_Tap_Birth,819,B6_PROPORTIONATE_SPARSE_ADAPTIVE_FILTER,EVAL,SUCCESS,1280.0,2560,2
D5_Tap_Birth,821,B1_LEBRE_NO_REC_BIRTH,EVAL,SUCCESS,25.0,136,5
D5_Tap_Birth,821,B3_FIXED_DENSE_FIR,EVAL,SUCCESS,80.0,240,20
D5_Tap_Birth,820,B7_PROPOSED_DYNAMIC_LAG_LIFECYCLE,EVAL,SUCCESS,103.60714285714286,1328,9
D5_Tap_Birth,820,B7_E0_MAGNITUDE_EVICTION,EVAL,SUCCESS,103.60714285714286,1328,9
D5_Tap_Birth,820,B0_LEBRE_FROZEN,EVAL,SUCCESS,38.01114285714286,368,5
D5_Tap_Birth,820,B5_SPARSITY_REGULARIZED_FULL_DICTIONARY,EVAL,SUCCESS,960.0,1920,0
D5_Tap_Birth,821,O1_FULL_DENSE_FIR,EVAL,SUCCESS,660.0,1980,165
D5_Tap_Birth,822,O0_ORACLE_SPARSE,EVAL,SUCCESS,25.0,120,5
D5_Tap_Birth,822,O2_ORACLE_SUPPORT_LIFECYCLE,EVAL,SUCCESS,29.285714285714285,152,6
D5_Tap_Birth,820,B6_PROPORTIONATE_SPARSE_ADAPTIVE_FILTER,EVAL,SUCCESS,1280.0,2560,2
D5_Tap_Birth,821,B4_VARIABLE_CONTIGUOUS_TAP_LENGTH,EVAL,SUCCESS,111.61714285714285,1920,20
D5_Tap_Birth,822,B1_LEBRE_NO_REC_BIRTH,EVAL,SUCCESS,25.0,136,5
D5_Tap_Birth,821,B7_PROPOSED_DYNAMIC_LAG_LIFECYCLE,EVAL,SUCCESS,99.93142857142857,1208,9
D5_Tap_Birth,821,B7_E0_MAGNITUDE_EVICTION,EVAL,SUCCESS,99.93142857142857,1208,9
D5_Tap_Birth,822,B3_FIXED_DENSE_FIR,EVAL,SUCCESS,80.0,240,20
D5_Tap_Birth,821,B0_LEBRE_FROZEN,EVAL,SUCCESS,38.04085714285714,368,5
D5_Tap_Birth,821,B5_SPARSITY_REGULARIZED_FULL_DICTIONARY,EVAL,SUCCESS,960.0,1920,0
D5_Tap_Birth,822,O1_FULL_DENSE_FIR,EVAL,SUCCESS,660.0,1980,165
D5_Tap_Birth,823,O0_ORACLE_SPARSE,EVAL,SUCCESS,25.0,120,5
D5_Tap_Birth,821,B6_PROPORTIONATE_SPARSE_ADAPTIVE_FILTER,EVAL,SUCCESS,1280.0,2560,2
D5_Tap_Birth,823,O2_ORACLE_SUPPORT_LIFECYCLE,EVAL,SUCCESS,29.285714285714285,152,6
D5_Tap_Birth,822,B4_VARIABLE_CONTIGUOUS_TAP_LENGTH,EVAL,SUCCESS,122.2,1920,20
D5_Tap_Birth,823,B1_LEBRE_NO_REC_BIRTH,EVAL,SUCCESS,25.0,136,5
D5_Tap_Birth,822,B7_PROPOSED_DYNAMIC_LAG_LIFECYCLE,EVAL,SUCCESS,100.22428571428571,1340,9
D5_Tap_Birth,823,B3_FIXED_DENSE_FIR,EVAL,SUCCESS,80.0,240,20
D5_Tap_Birth,822,B5_SPARSITY_REGULARIZED_FULL_DICTIONARY,EVAL,SUCCESS,960.0,1920,0
D5_Tap_Birth,822,B7_E0_MAGNITUDE_EVICTION,EVAL,SUCCESS,100.22428571428571,1340,9
D5_Tap_Birth,822,B0_LEBRE_FROZEN,EVAL,SUCCESS,36.872,368,10
D5_Tap_Birth,822,B6_PROPORTIONATE_SPARSE_ADAPTIVE_FILTER,EVAL,SUCCESS,1280.0,2560,2
D5_Tap_Birth,824,O0_ORACLE_SPARSE,EVAL,SUCCESS,25.0,120,5
D5_Tap_Birth,823,O1_FULL_DENSE_FIR,EVAL,SUCCESS,660.0,1980,165
D5_Tap_Birth,823,B4_VARIABLE_CONTIGUOUS_TAP_LENGTH,EVAL,SUCCESS,108.43714285714286,1920,20
D5_Tap_Birth,824,O2_ORACLE_SUPPORT_LIFECYCLE,EVAL,SUCCESS,29.285714285714285,152,6
D5_Tap_Birth,824,B1_LEBRE_NO_REC_BIRTH,EVAL,SUCCESS,25.0,136,5
D5_Tap_Birth,824,B3_FIXED_DENSE_FIR,EVAL,SUCCESS,80.0,240,20
D5_Tap_Birth,823,B7_PROPOSED_DYNAMIC_LAG_LIFECYCLE,EVAL,SUCCESS,101.14142857142858,1276,9
D5_Tap_Birth,823,B5_SPARSITY_REGULARIZED_FULL_DICTIONARY,EVAL,SUCCESS,960.0,1920,0
D5_Tap_Birth,823,B0_LEBRE_FROZEN,EVAL,SUCCESS,37.802571428571426,368,5
D5_Tap_Birth,823,B7_E0_MAGNITUDE_EVICTION,EVAL,SUCCESS,101.14142857142858,1276,9
D5_Tap_Birth,824,O1_FULL_DENSE_FIR,EVAL,SUCCESS,660.0,1980,165
D5_Tap_Birth,825,O0_ORACLE_SPARSE,EVAL,SUCCESS,25.0,120,5
D5_Tap_Birth,825,O2_ORACLE_SUPPORT_LIFECYCLE,EVAL,SUCCESS,29.285714285714285,152,6
D5_Tap_Birth,823,B6_PROPORTIONATE_SPARSE_ADAPTIVE_FILTER,EVAL,SUCCESS,1280.0,2560,2
D5_Tap_Birth,825,B1_LEBRE_NO_REC_BIRTH,EVAL,SUCCESS,25.0,136,5
D5_Tap_Birth,824,B4_VARIABLE_CONTIGUOUS_TAP_LENGTH,EVAL,SUCCESS,112.24285714285715,1920,20
D5_Tap_Birth,824,B7_PROPOSED_DYNAMIC_LAG_LIFECYCLE,EVAL,SUCCESS,98.72285714285714,1156,9
D5_Tap_Birth,824,B7_E0_MAGNITUDE_EVICTION,EVAL,SUCCESS,98.72285714285714,1156,9
D5_Tap_Birth,825,B3_FIXED_DENSE_FIR,EVAL,SUCCESS,80.0,240,20
D5_Tap_Birth,824,B5_SPARSITY_REGULARIZED_FULL_DICTIONARY,EVAL,SUCCESS,960.0,1920,0
D5_Tap_Birth,825,O1_FULL_DENSE_FIR,EVAL,SUCCESS,660.0,1980,165
D5_Tap_Birth,826,O0_ORACLE_SPARSE,EVAL,SUCCESS,25.0,120,5
D5_Tap_Birth,824,B0_LEBRE_FROZEN,EVAL,SUCCESS,38.542,368,5
D5_Tap_Birth,824,B6_PROPORTIONATE_SPARSE_ADAPTIVE_FILTER,EVAL,SUCCESS,1280.0,2560,2
D5_Tap_Birth,826,O2_ORACLE_SUPPORT_LIFECYCLE,EVAL,SUCCESS,29.285714285714285,152,6
D5_Tap_Birth,825,B4_VARIABLE_CONTIGUOUS_TAP_LENGTH,EVAL,SUCCESS,112.46285714285715,1920,20
D5_Tap_Birth,826,B1_LEBRE_NO_REC_BIRTH,EVAL,SUCCESS,25.0,136,5
D5_Tap_Birth,825,B7_PROPOSED_DYNAMIC_LAG_LIFECYCLE,EVAL,SUCCESS,100.00885714285714,1268,9
D5_Tap_Birth,826,B3_FIXED_DENSE_FIR,EVAL,SUCCESS,80.0,240,20
D5_Tap_Birth,825,B7_E0_MAGNITUDE_EVICTION,EVAL,SUCCESS,100.00885714285714,1268,9
D5_Tap_Birth,825,B5_SPARSITY_REGULARIZED_FULL_DICTIONARY,EVAL,SUCCESS,960.0,1920,0
D5_Tap_Birth,825,B0_LEBRE_FROZEN,EVAL,SUCCESS,36.935428571428574,368,8
D5_Tap_Birth,827,O0_ORACLE_SPARSE,EVAL,SUCCESS,25.0,120,5
D5_Tap_Birth,826,O1_FULL_DENSE_FIR,EVAL,SUCCESS,660.0,1980,165
D5_Tap_Birth,825,B6_PROPORTIONATE_SPARSE_ADAPTIVE_FILTER,EVAL,SUCCESS,1280.0,2560,2
D5_Tap_Birth,827,O2_ORACLE_SUPPORT_LIFECYCLE,EVAL,SUCCESS,29.285714285714285,152,6
D5_Tap_Birth,827,B1_LEBRE_NO_REC_BIRTH,EVAL,SUCCESS,25.0,136,5
D5_Tap_Birth,826,B4_VARIABLE_CONTIGUOUS_TAP_LENGTH,EVAL,SUCCESS,115.51142857142857,1920,20
D5_Tap_Birth,826,B7_E0_MAGNITUDE_EVICTION,EVAL,SUCCESS,91.16942857142857,1084,8
D5_Tap_Birth,827,B3_FIXED_DENSE_FIR,EVAL,SUCCESS,80.0,240,20
D5_Tap_Birth,826,B7_PROPOSED_DYNAMIC_LAG_LIFECYCLE,EVAL,SUCCESS,91.16942857142857,1084,8
D5_Tap_Birth,826,B0_LEBRE_FROZEN,EVAL,SUCCESS,37.38257142857143,368,5
D5_Tap_Birth,826,B5_SPARSITY_REGULARIZED_FULL_DICTIONARY,EVAL,SUCCESS,960.0,1920,0
D5_Tap_Birth,827,O1_FULL_DENSE_FIR,EVAL,SUCCESS,660.0,1980,165
D5_Tap_Birth,828,O0_ORACLE_SPARSE,EVAL,SUCCESS,25.0,120,5
D5_Tap_Birth,826,B6_PROPORTIONATE_SPARSE_ADAPTIVE_FILTER,EVAL,SUCCESS,1280.0,2560,2
D5_Tap_Birth,827,B4_VARIABLE_CONTIGUOUS_TAP_LENGTH,EVAL,SUCCESS,127.26571428571428,1920,20
D5_Tap_Birth,828,O2_ORACLE_SUPPORT_LIFECYCLE,EVAL,SUCCESS,29.285714285714285,152,6
D5_Tap_Birth,828,B1_LEBRE_NO_REC_BIRTH,EVAL,SUCCESS,25.0,136,5
D5_Tap_Birth,828,B3_FIXED_DENSE_FIR,EVAL,SUCCESS,80.0,240,20
D5_Tap_Birth,827,B5_SPARSITY_REGULARIZED_FULL_DICTIONARY,EVAL,SUCCESS,960.0,1920,0
D5_Tap_Birth,827,B7_PROPOSED_DYNAMIC_LAG_LIFECYCLE,EVAL,SUCCESS,98.71257142857142,1276,9
D5_Tap_Birth,827,B7_E0_MAGNITUDE_EVICTION,EVAL,SUCCESS,98.71257142857142,1276,9
D5_Tap_Birth,827,B0_LEBRE_FROZEN,EVAL,SUCCESS,37.27742857142857,368,8
D5_Tap_Birth,829,O0_ORACLE_SPARSE,EVAL,SUCCESS,25.0,120,5
D5_Tap_Birth,828,O1_FULL_DENSE_FIR,EVAL,SUCCESS,660.0,1980,165
D5_Tap_Birth,829,O2_ORACLE_SUPPORT_LIFECYCLE,EVAL,SUCCESS,29.285714285714285,152,6
D5_Tap_Birth,828,B4_VARIABLE_CONTIGUOUS_TAP_LENGTH,EVAL,SUCCESS,124.69714285714285,1920,20
D5_Tap_Birth,827,B6_PROPORTIONATE_SPARSE_ADAPTIVE_FILTER,EVAL,SUCCESS,1280.0,2560,2
D5_Tap_Birth,829,B1_LEBRE_NO_REC_BIRTH,EVAL,SUCCESS,25.0,136,5
D5_Tap_Birth,828,B7_PROPOSED_DYNAMIC_LAG_LIFECYCLE,EVAL,SUCCESS,98.91371428571429,1388,9
D5_Tap_Birth,829,B3_FIXED_DENSE_FIR,EVAL,SUCCESS,80.0,240,20
D5_Tap_Birth,828,B7_E0_MAGNITUDE_EVICTION,EVAL,SUCCESS,98.91371428571429,1388,9
D5_Tap_Birth,828,B5_SPARSITY_REGULARIZED_FULL_DICTIONARY,EVAL,SUCCESS,960.0,1920,0
D5_Tap_Birth,830,O0_ORACLE_SPARSE,EVAL,SUCCESS,25.0,120,5
D5_Tap_Birth,829,O1_FULL_DENSE_FIR,EVAL,SUCCESS,660.0,1980,165
D5_Tap_Birth,828,B0_LEBRE_FROZEN,EVAL,SUCCESS,36.844,368,10
D5_Tap_Birth,830,O2_ORACLE_SUPPORT_LIFECYCLE,EVAL,SUCCESS,29.285714285714285,152,6
D5_Tap_Birth,828,B6_PROPORTIONATE_SPARSE_ADAPTIVE_FILTER,EVAL,SUCCESS,1280.0,2560,2
D5_Tap_Birth,829,B4_VARIABLE_CONTIGUOUS_TAP_LENGTH,EVAL,SUCCESS,118.84571428571428,1920,20
D5_Tap_Birth,830,B1_LEBRE_NO_REC_BIRTH,EVAL,SUCCESS,25.0,136,5
D5_Tap_Birth,829,B7_E0_MAGNITUDE_EVICTION,EVAL,SUCCESS,98.29057142857143,1112,9
D5_Tap_Birth,829,B5_SPARSITY_REGULARIZED_FULL_DICTIONARY,EVAL,SUCCESS,960.0,1920,0
D5_Tap_Birth,830,B3_FIXED_DENSE_FIR,EVAL,SUCCESS,80.0,240,20
D5_Tap_Birth,829,B7_PROPOSED_DYNAMIC_LAG_LIFECYCLE,EVAL,SUCCESS,98.29057142857143,1112,9
D5_Tap_Birth,829,B0_LEBRE_FROZEN,EVAL,SUCCESS,38.37428571428571,368,8
D5_Tap_Birth,830,O1_FULL_DENSE_FIR,EVAL,SUCCESS,660.0,1980,165
D6_Tap_Death,801,O0_ORACLE_SPARSE,EVAL,SUCCESS,31.0,172,6
D6_Tap_Death,801,O2_ORACLE_SUPPORT_LIFECYCLE,EVAL,SUCCESS,26.714285714285715,152,5
D5_Tap_Birth,829,B6_PROPORTIONATE_SPARSE_ADAPTIVE_FILTER,EVAL,SUCCESS,1280.0,2560,2
D5_Tap_Birth,830,B4_VARIABLE_CONTIGUOUS_TAP_LENGTH,EVAL,SUCCESS,109.53428571428572,1920,20
D6_Tap_Death,801,B1_LEBRE_NO_REC_BIRTH,EVAL,SUCCESS,25.0,136,5
D5_Tap_Birth,830,B7_PROPOSED_DYNAMIC_LAG_LIFECYCLE,EVAL,SUCCESS,83.88571428571429,1048,7
D5_Tap_Birth,830,B7_E0_MAGNITUDE_EVICTION,EVAL,SUCCESS,83.88571428571429,1048,7
D6_Tap_Death,801,B3_FIXED_DENSE_FIR,EVAL,SUCCESS,80.0,240,20
D5_Tap_Birth,830,B5_SPARSITY_REGULARIZED_FULL_DICTIONARY,EVAL,SUCCESS,960.0,1920,0
D5_Tap_Birth,830,B0_LEBRE_FROZEN,EVAL,SUCCESS,38.05142857142857,368,8
D6_Tap_Death,801,O1_FULL_DENSE_FIR,EVAL,SUCCESS,660.0,1980,165
D6_Tap_Death,802,O0_ORACLE_SPARSE,EVAL,SUCCESS,31.0,172,6
D5_Tap_Birth,830,B6_PROPORTIONATE_SPARSE_ADAPTIVE_FILTER,EVAL,SUCCESS,1280.0,2560,2
D6_Tap_Death,802,O2_ORACLE_SUPPORT_LIFECYCLE,EVAL,SUCCESS,26.714285714285715,152,5
D6_Tap_Death,802,B1_LEBRE_NO_REC_BIRTH,EVAL,SUCCESS,25.0,136,5
D6_Tap_Death,801,B4_VARIABLE_CONTIGUOUS_TAP_LENGTH,EVAL,SUCCESS,107.15428571428572,1920,20
D6_Tap_Death,802,B3_FIXED_DENSE_FIR,EVAL,SUCCESS,80.0,240,20
D6_Tap_Death,801,B5_SPARSITY_REGULARIZED_FULL_DICTIONARY,EVAL,SUCCESS,960.0,1920,0
D6_Tap_Death,801,B7_PROPOSED_DYNAMIC_LAG_LIFECYCLE,EVAL,SUCCESS,112.75885714285714,1144,9
D6_Tap_Death,802,O1_FULL_DENSE_FIR,EVAL,SUCCESS,660.0,1980,165
D6_Tap_Death,801,B0_LEBRE_FROZEN,EVAL,SUCCESS,36.561142857142855,368,5
D6_Tap_Death,803,O0_ORACLE_SPARSE,EVAL,SUCCESS,31.0,172,6
D6_Tap_Death,801,B7_E0_MAGNITUDE_EVICTION,EVAL,SUCCESS,112.75885714285714,1144,9
D6_Tap_Death,802,B4_VARIABLE_CONTIGUOUS_TAP_LENGTH,EVAL,SUCCESS,104.58571428571429,1920,25
D6_Tap_Death,803,O2_ORACLE_SUPPORT_LIFECYCLE,EVAL,SUCCESS,26.714285714285715,152,5
D6_Tap_Death,801,B6_PROPORTIONATE_SPARSE_ADAPTIVE_FILTER,EVAL,SUCCESS,1280.0,2560,0
D6_Tap_Death,803,B1_LEBRE_NO_REC_BIRTH,EVAL,SUCCESS,25.0,136,5
D6_Tap_Death,802,B5_SPARSITY_REGULARIZED_FULL_DICTIONARY,EVAL,SUCCESS,960.0,1920,0
D6_Tap_Death,803,B3_FIXED_DENSE_FIR,EVAL,SUCCESS,80.0,240,20
D6_Tap_Death,802,B7_E0_MAGNITUDE_EVICTION,EVAL,SUCCESS,112.43542857142857,1204,9
D6_Tap_Death,802,B7_PROPOSED_DYNAMIC_LAG_LIFECYCLE,EVAL,SUCCESS,112.43542857142857,1204,9
D6_Tap_Death,802,B0_LEBRE_FROZEN,EVAL,SUCCESS,35.63542857142857,368,5
D6_Tap_Death,804,O0_ORACLE_SPARSE,EVAL,SUCCESS,31.0,172,6
D6_Tap_Death,802,B6_PROPORTIONATE_SPARSE_ADAPTIVE_FILTER,EVAL,SUCCESS,1280.0,2560,0
D6_Tap_Death,803,O1_FULL_DENSE_FIR,EVAL,SUCCESS,660.0,1980,165
D6_Tap_Death,804,O2_ORACLE_SUPPORT_LIFECYCLE,EVAL,SUCCESS,26.714285714285715,152,5
D6_Tap_Death,804,B1_LEBRE_NO_REC_BIRTH,EVAL,SUCCESS,25.0,136,5
D6_Tap_Death,803,B4_VARIABLE_CONTIGUOUS_TAP_LENGTH,EVAL,SUCCESS,117.28285714285714,1920,25
D6_Tap_Death,804,B3_FIXED_DENSE_FIR,EVAL,SUCCESS,80.0,240,20
D6_Tap_Death,803,B7_PROPOSED_DYNAMIC_LAG_LIFECYCLE,EVAL,SUCCESS,112.52171428571428,1244,9
D6_Tap_Death,803,B7_E0_MAGNITUDE_EVICTION,EVAL,SUCCESS,112.52171428571428,1244,9
D6_Tap_Death,803,B0_LEBRE_FROZEN,EVAL,SUCCESS,35.75142857142857,368,8
D6_Tap_Death,805,O0_ORACLE_SPARSE,EVAL,SUCCESS,31.0,172,6
D6_Tap_Death,803,B5_SPARSITY_REGULARIZED_FULL_DICTIONARY,EVAL,SUCCESS,960.0,1920,0
D6_Tap_Death,804,O1_FULL_DENSE_FIR,EVAL,SUCCESS,660.0,1980,165
D6_Tap_Death,803,B6_PROPORTIONATE_SPARSE_ADAPTIVE_FILTER,EVAL,SUCCESS,1280.0,2560,1
D6_Tap_Death,805,O2_ORACLE_SUPPORT_LIFECYCLE,EVAL,SUCCESS,26.714285714285715,152,5
D6_Tap_Death,804,B4_VARIABLE_CONTIGUOUS_TAP_LENGTH,EVAL,SUCCESS,104.02857142857142,1920,25
D6_Tap_Death,805,B1_LEBRE_NO_REC_BIRTH,EVAL,SUCCESS,25.0,136,5
D6_Tap_Death,804,B0_LEBRE_FROZEN,EVAL,SUCCESS,36.08057142857143,368,10
D6_Tap_Death,804,B7_PROPOSED_DYNAMIC_LAG_LIFECYCLE,EVAL,SUCCESS,112.64914285714286,1272,9
D6_Tap_Death,805,B3_FIXED_DENSE_FIR,EVAL,SUCCESS,80.0,240,20
D6_Tap_Death,804,B7_E0_MAGNITUDE_EVICTION,EVAL,SUCCESS,112.64914285714286,1272,9
D6_Tap_Death,804,B5_SPARSITY_REGULARIZED_FULL_DICTIONARY,EVAL,SUCCESS,960.0,1920,0
D6_Tap_Death,805,O1_FULL_DENSE_FIR,EVAL,SUCCESS,660.0,1980,165
D6_Tap_Death,806,O0_ORACLE_SPARSE,EVAL,SUCCESS,31.0,172,6
D6_Tap_Death,804,B6_PROPORTIONATE_SPARSE_ADAPTIVE_FILTER,EVAL,SUCCESS,1280.0,2560,1
D6_Tap_Death,805,B4_VARIABLE_CONTIGUOUS_TAP_LENGTH,EVAL,SUCCESS,101.54857142857144,1920,20
D6_Tap_Death,806,O2_ORACLE_SUPPORT_LIFECYCLE,EVAL,SUCCESS,26.714285714285715,152,5
D6_Tap_Death,806,B1_LEBRE_NO_REC_BIRTH,EVAL,SUCCESS,25.0,136,5
D6_Tap_Death,805,B7_PROPOSED_DYNAMIC_LAG_LIFECYCLE,EVAL,SUCCESS,112.38342857142857,1304,9
D6_Tap_Death,805,B5_SPARSITY_REGULARIZED_FULL_DICTIONARY,EVAL,SUCCESS,960.0,1920,0
D6_Tap_Death,806,B3_FIXED_DENSE_FIR,EVAL,SUCCESS,80.0,240,20
D6_Tap_Death,805,B7_E0_MAGNITUDE_EVICTION,EVAL,SUCCESS,112.38342857142857,1304,9
D6_Tap_Death,805,B6_PROPORTIONATE_SPARSE_ADAPTIVE_FILTER,EVAL,SUCCESS,1280.0,2560,0
D6_Tap_Death,805,B0_LEBRE_FROZEN,EVAL,SUCCESS,36.174,368,5
D6_Tap_Death,807,O0_ORACLE_SPARSE,EVAL,SUCCESS,31.0,172,6
D6_Tap_Death,806,O1_FULL_DENSE_FIR,EVAL,SUCCESS,660.0,1980,165
D6_Tap_Death,807,O2_ORACLE_SUPPORT_LIFECYCLE,EVAL,SUCCESS,26.714285714285715,152,5
D6_Tap_Death,807,B1_LEBRE_NO_REC_BIRTH,EVAL,SUCCESS,25.0,136,5
D6_Tap_Death,806,B4_VARIABLE_CONTIGUOUS_TAP_LENGTH,EVAL,SUCCESS,106.41714285714286,1920,20
D6_Tap_Death,807,B3_FIXED_DENSE_FIR,EVAL,SUCCESS,80.0,240,20
D6_Tap_Death,806,B7_PROPOSED_DYNAMIC_LAG_LIFECYCLE,EVAL,SUCCESS,112.70457142857143,1192,9
D6_Tap_Death,806,B5_SPARSITY_REGULARIZED_FULL_DICTIONARY,EVAL,SUCCESS,960.0,1920,0
D6_Tap_Death,806,B0_LEBRE_FROZEN,EVAL,SUCCESS,36.731142857142856,368,8
D6_Tap_Death,806,B7_E0_MAGNITUDE_EVICTION,EVAL,SUCCESS,112.70457142857143,1192,9
D6_Tap_Death,807,O1_FULL_DENSE_FIR,EVAL,SUCCESS,660.0,1980,165
D6_Tap_Death,808,O0_ORACLE_SPARSE,EVAL,SUCCESS,31.0,172,6
D6_Tap_Death,806,B6_PROPORTIONATE_SPARSE_ADAPTIVE_FILTER,EVAL,SUCCESS,1280.0,2560,0
D6_Tap_Death,808,O2_ORACLE_SUPPORT_LIFECYCLE,EVAL,SUCCESS,26.714285714285715,152,5
D6_Tap_Death,808,B1_LEBRE_NO_REC_BIRTH,EVAL,SUCCESS,25.0,136,5
D6_Tap_Death,807,B4_VARIABLE_CONTIGUOUS_TAP_LENGTH,EVAL,SUCCESS,107.27714285714286,1920,25
D6_Tap_Death,808,B3_FIXED_DENSE_FIR,EVAL,SUCCESS,80.0,240,20
D6_Tap_Death,807,B7_PROPOSED_DYNAMIC_LAG_LIFECYCLE,EVAL,SUCCESS,112.44571428571429,1160,9
D6_Tap_Death,807,B5_SPARSITY_REGULARIZED_FULL_DICTIONARY,EVAL,SUCCESS,960.0,1920,0
D6_Tap_Death,808,O1_FULL_DENSE_FIR,EVAL,SUCCESS,660.0,1980,165
D6_Tap_Death,807,B0_LEBRE_FROZEN,EVAL,SUCCESS,36.103142857142856,368,5
D6_Tap_Death,807,B7_E0_MAGNITUDE_EVICTION,EVAL,SUCCESS,112.44571428571429,1160,9
D6_Tap_Death,809,O0_ORACLE_SPARSE,EVAL,SUCCESS,31.0,172,6
D6_Tap_Death,807,B6_PROPORTIONATE_SPARSE_ADAPTIVE_FILTER,EVAL,SUCCESS,1280.0,2560,0
D6_Tap_Death,808,B4_VARIABLE_CONTIGUOUS_TAP_LENGTH,EVAL,SUCCESS,101.16857142857143,1920,20
D6_Tap_Death,809,O2_ORACLE_SUPPORT_LIFECYCLE,EVAL,SUCCESS,26.714285714285715,152,5
D6_Tap_Death,809,B1_LEBRE_NO_REC_BIRTH,EVAL,SUCCESS,25.0,136,5
D6_Tap_Death,808,B0_LEBRE_FROZEN,EVAL,SUCCESS,36.244571428571426,368,5
D6_Tap_Death,809,B3_FIXED_DENSE_FIR,EVAL,SUCCESS,80.0,240,20
D6_Tap_Death,808,B5_SPARSITY_REGULARIZED_FULL_DICTIONARY,EVAL,SUCCESS,960.0,1920,0
D6_Tap_Death,808,B7_PROPOSED_DYNAMIC_LAG_LIFECYCLE,EVAL,SUCCESS,107.65885714285714,1232,9
D6_Tap_Death,808,B7_E0_MAGNITUDE_EVICTION,EVAL,SUCCESS,107.65885714285714,1232,9
D6_Tap_Death,808,B6_PROPORTIONATE_SPARSE_ADAPTIVE_FILTER,EVAL,SUCCESS,1280.0,2560,0
D6_Tap_Death,809,O1_FULL_DENSE_FIR,EVAL,SUCCESS,660.0,1980,165
D6_Tap_Death,810,O0_ORACLE_SPARSE,EVAL,SUCCESS,31.0,172,6
D6_Tap_Death,810,O2_ORACLE_SUPPORT_LIFECYCLE,EVAL,SUCCESS,26.714285714285715,152,5
D6_Tap_Death,810,B1_LEBRE_NO_REC_BIRTH,EVAL,SUCCESS,25.0,136,5
D6_Tap_Death,809,B4_VARIABLE_CONTIGUOUS_TAP_LENGTH,EVAL,SUCCESS,108.32,1920,20
D6_Tap_Death,809,B7_PROPOSED_DYNAMIC_LAG_LIFECYCLE,EVAL,SUCCESS,112.23657142857142,1148,9
D6_Tap_Death,810,B3_FIXED_DENSE_FIR,EVAL,SUCCESS,80.0,240,20
D6_Tap_Death,809,B5_SPARSITY_REGULARIZED_FULL_DICTIONARY,EVAL,SUCCESS,960.0,1920,0
D6_Tap_Death,809,B7_E0_MAGNITUDE_EVICTION,EVAL,SUCCESS,112.23657142857142,1148,9
D6_Tap_Death,809,B0_LEBRE_FROZEN,EVAL,SUCCESS,37.54942857142857,368,8
D6_Tap_Death,810,O1_FULL_DENSE_FIR,EVAL,SUCCESS,660.0,1980,165
D6_Tap_Death,811,O2_ORACLE_SUPPORT_LIFECYCLE,EVAL,SUCCESS,26.714285714285715,152,5
D6_Tap_Death,811,O0_ORACLE_SPARSE,EVAL,SUCCESS,31.0,172,6
D6_Tap_Death,809,B6_PROPORTIONATE_SPARSE_ADAPTIVE_FILTER,EVAL,SUCCESS,1280.0,2560,0
D6_Tap_Death,811,B1_LEBRE_NO_REC_BIRTH,EVAL,SUCCESS,25.0,136,5
D6_Tap_Death,810,B4_VARIABLE_CONTIGUOUS_TAP_LENGTH,EVAL,SUCCESS,120.11714285714285,1920,25
D6_Tap_Death,811,B3_FIXED_DENSE_FIR,EVAL,SUCCESS,80.0,240,20
D6_Tap_Death,810,B7_E0_MAGNITUDE_EVICTION,EVAL,SUCCESS,112.86,1172,9
D6_Tap_Death,810,B5_SPARSITY_REGULARIZED_FULL_DICTIONARY,EVAL,SUCCESS,960.0,1920,0
D6_Tap_Death,810,B7_PROPOSED_DYNAMIC_LAG_LIFECYCLE,EVAL,SUCCESS,112.86,1172,9
D6_Tap_Death,810,B0_LEBRE_FROZEN,EVAL,SUCCESS,37.67885714285714,240,5
D6_Tap_Death,811,O1_FULL_DENSE_FIR,EVAL,SUCCESS,660.0,1980,165
D6_Tap_Death,812,O2_ORACLE_SUPPORT_LIFECYCLE,EVAL,SUCCESS,26.714285714285715,152,5
D6_Tap_Death,812,O0_ORACLE_SPARSE,EVAL,SUCCESS,31.0,172,6
D6_Tap_Death,810,B6_PROPORTIONATE_SPARSE_ADAPTIVE_FILTER,EVAL,SUCCESS,1280.0,2560,1
D6_Tap_Death,812,B1_LEBRE_NO_REC_BIRTH,EVAL,SUCCESS,25.0,136,5
D6_Tap_Death,812,B3_FIXED_DENSE_FIR,EVAL,SUCCESS,80.0,240,20
D6_Tap_Death,811,B5_SPARSITY_REGULARIZED_FULL_DICTIONARY,EVAL,SUCCESS,960.0,1920,0
D6_Tap_Death,811,B4_VARIABLE_CONTIGUOUS_TAP_LENGTH,EVAL,SUCCESS,171.0142857142857,1920,35
D6_Tap_Death,811,B7_PROPOSED_DYNAMIC_LAG_LIFECYCLE,EVAL,SUCCESS,112.26571428571428,1232,9
D6_Tap_Death,812,O1_FULL_DENSE_FIR,EVAL,SUCCESS,660.0,1980,165
D6_Tap_Death,811,B6_PROPORTIONATE_SPARSE_ADAPTIVE_FILTER,EVAL,SUCCESS,1280.0,2560,1
D6_Tap_Death,811,B7_E0_MAGNITUDE_EVICTION,EVAL,SUCCESS,112.26571428571428,1232,9
D6_Tap_Death,811,B0_LEBRE_FROZEN,EVAL,SUCCESS,35.97571428571428,368,5
D6_Tap_Death,813,O0_ORACLE_SPARSE,EVAL,SUCCESS,31.0,172,6
D6_Tap_Death,813,O2_ORACLE_SUPPORT_LIFECYCLE,EVAL,SUCCESS,26.714285714285715,152,5
D6_Tap_Death,813,B1_LEBRE_NO_REC_BIRTH,EVAL,SUCCESS,25.0,136,5
D6_Tap_Death,812,B5_SPARSITY_REGULARIZED_FULL_DICTIONARY,EVAL,SUCCESS,960.0,1920,0
D6_Tap_Death,812,B0_LEBRE_FROZEN,EVAL,SUCCESS,35.81485714285714,368,5
D6_Tap_Death,812,B7_PROPOSED_DYNAMIC_LAG_LIFECYCLE,EVAL,SUCCESS,112.88914285714286,1244,9
D6_Tap_Death,812,B4_VARIABLE_CONTIGUOUS_TAP_LENGTH,EVAL,SUCCESS,105.99142857142857,1920,25
D6_Tap_Death,812,B6_PROPORTIONATE_SPARSE_ADAPTIVE_FILTER,EVAL,SUCCESS,1280.0,2560,0
D6_Tap_Death,813,B3_FIXED_DENSE_FIR,EVAL,SUCCESS,80.0,240,20
D6_Tap_Death,814,O2_ORACLE_SUPPORT_LIFECYCLE,EVAL,SUCCESS,26.714285714285715,152,5
D6_Tap_Death,812,B7_E0_MAGNITUDE_EVICTION,EVAL,SUCCESS,112.88914285714286,1244,9
D6_Tap_Death,814,O0_ORACLE_SPARSE,EVAL,SUCCESS,31.0,172,6
D6_Tap_Death,813,B4_VARIABLE_CONTIGUOUS_TAP_LENGTH,EVAL,SUCCESS,107.75714285714285,1920,20
D6_Tap_Death,813,O1_FULL_DENSE_FIR,EVAL,SUCCESS,660.0,1980,165
D6_Tap_Death,814,B1_LEBRE_NO_REC_BIRTH,EVAL,SUCCESS,25.0,136,5
D6_Tap_Death,814,B3_FIXED_DENSE_FIR,EVAL,SUCCESS,80.0,240,20
D6_Tap_Death,813,B0_LEBRE_FROZEN,EVAL,SUCCESS,36.858,368,5
D6_Tap_Death,813,B7_E0_MAGNITUDE_EVICTION,EVAL,SUCCESS,112.74057142857143,1116,9
D6_Tap_Death,814,O1_FULL_DENSE_FIR,EVAL,SUCCESS,660.0,1980,165
D6_Tap_Death,813,B5_SPARSITY_REGULARIZED_FULL_DICTIONARY,EVAL,SUCCESS,960.0,1920,0
D6_Tap_Death,815,O0_ORACLE_SPARSE,EVAL,SUCCESS,31.0,172,6
D6_Tap_Death,815,B1_LEBRE_NO_REC_BIRTH,EVAL,SUCCESS,25.0,136,5
D6_Tap_Death,813,B6_PROPORTIONATE_SPARSE_ADAPTIVE_FILTER,EVAL,SUCCESS,1280.0,2560,0
D6_Tap_Death,814,B0_LEBRE_FROZEN,EVAL,SUCCESS,37.34142857142857,368,5
D6_Tap_Death,813,B7_PROPOSED_DYNAMIC_LAG_LIFECYCLE,EVAL,SUCCESS,112.74057142857143,1116,9
D6_Tap_Death,814,B4_VARIABLE_CONTIGUOUS_TAP_LENGTH,EVAL,SUCCESS,105.54857142857144,1920,20
D6_Tap_Death,815,O2_ORACLE_SUPPORT_LIFECYCLE,EVAL,SUCCESS,26.714285714285715,152,5
D6_Tap_Death,814,B7_E0_MAGNITUDE_EVICTION,EVAL,SUCCESS,112.40228571428571,1196,9
D6_Tap_Death,814,B6_PROPORTIONATE_SPARSE_ADAPTIVE_FILTER,EVAL,SUCCESS,1280.0,2560,0
D6_Tap_Death,814,B5_SPARSITY_REGULARIZED_FULL_DICTIONARY,EVAL,SUCCESS,960.0,1920,0
D6_Tap_Death,815,O1_FULL_DENSE_FIR,EVAL,SUCCESS,660.0,1980,165
D6_Tap_Death,814,B7_PROPOSED_DYNAMIC_LAG_LIFECYCLE,EVAL,SUCCESS,112.40228571428571,1196,9
D6_Tap_Death,815,B3_FIXED_DENSE_FIR,EVAL,SUCCESS,80.0,240,20
D6_Tap_Death,816,O2_ORACLE_SUPPORT_LIFECYCLE,EVAL,SUCCESS,26.714285714285715,152,5
D6_Tap_Death,816,O0_ORACLE_SPARSE,EVAL,SUCCESS,31.0,172,6
D6_Tap_Death,815,B7_PROPOSED_DYNAMIC_LAG_LIFECYCLE,EVAL,SUCCESS,82.34571428571428,920,6
D6_Tap_Death,815,B4_VARIABLE_CONTIGUOUS_TAP_LENGTH,EVAL,SUCCESS,105.22285714285714,1920,20
D6_Tap_Death,815,B0_LEBRE_FROZEN,EVAL,SUCCESS,37.87085714285714,368,5
D6_Tap_Death,816,B3_FIXED_DENSE_FIR,EVAL,SUCCESS,80.0,240,20
D6_Tap_Death,815,B7_E0_MAGNITUDE_EVICTION,EVAL,SUCCESS,82.34571428571428,920,6
D6_Tap_Death,816,B1_LEBRE_NO_REC_BIRTH,EVAL,SUCCESS,25.0,136,5
D6_Tap_Death,817,O0_ORACLE_SPARSE,EVAL,SUCCESS,31.0,172,6
D6_Tap_Death,817,O2_ORACLE_SUPPORT_LIFECYCLE,EVAL,SUCCESS,26.714285714285715,152,5
D6_Tap_Death,817,B1_LEBRE_NO_REC_BIRTH,EVAL,SUCCESS,25.0,136,5
D6_Tap_Death,815,B5_SPARSITY_REGULARIZED_FULL_DICTIONARY,EVAL,SUCCESS,960.0,1920,0
D6_Tap_Death,815,B6_PROPORTIONATE_SPARSE_ADAPTIVE_FILTER,EVAL,SUCCESS,1280.0,2560,1
D6_Tap_Death,816,B4_VARIABLE_CONTIGUOUS_TAP_LENGTH,EVAL,SUCCESS,101.24857142857142,1920,20
D6_Tap_Death,816,O1_FULL_DENSE_FIR,EVAL,SUCCESS,660.0,1980,165
D6_Tap_Death,817,B3_FIXED_DENSE_FIR,EVAL,SUCCESS,80.0,240,20
D6_Tap_Death,816,B5_SPARSITY_REGULARIZED_FULL_DICTIONARY,EVAL,SUCCESS,960.0,1920,0
D6_Tap_Death,816,B7_E0_MAGNITUDE_EVICTION,EVAL,SUCCESS,112.29371428571429,1400,9
D6_Tap_Death,816,B6_PROPORTIONATE_SPARSE_ADAPTIVE_FILTER,EVAL,SUCCESS,1280.0,2560,0
D6_Tap_Death,816,B0_LEBRE_FROZEN,EVAL,SUCCESS,36.82942857142857,368,5
D6_Tap_Death,818,O0_ORACLE_SPARSE,EVAL,SUCCESS,31.0,172,6
D6_Tap_Death,816,B7_PROPOSED_DYNAMIC_LAG_LIFECYCLE,EVAL,SUCCESS,112.29371428571429,1400,9
D6_Tap_Death,818,B1_LEBRE_NO_REC_BIRTH,EVAL,SUCCESS,25.0,136,5
D6_Tap_Death,817,O1_FULL_DENSE_FIR,EVAL,SUCCESS,660.0,1980,165
D6_Tap_Death,817,B4_VARIABLE_CONTIGUOUS_TAP_LENGTH,EVAL,SUCCESS,103.47142857142858,1920,20
D6_Tap_Death,818,O2_ORACLE_SUPPORT_LIFECYCLE,EVAL,SUCCESS,26.714285714285715,152,5
D6_Tap_Death,817,B0_LEBRE_FROZEN,EVAL,SUCCESS,35.81057142857143,368,5
D6_Tap_Death,817,B7_PROPOSED_DYNAMIC_LAG_LIFECYCLE,EVAL,SUCCESS,112.25371428571428,1212,9
D6_Tap_Death,817,B5_SPARSITY_REGULARIZED_FULL_DICTIONARY,EVAL,SUCCESS,960.0,1920,0
D6_Tap_Death,818,B3_FIXED_DENSE_FIR,EVAL,SUCCESS,80.0,240,20
D6_Tap_Death,817,B7_E0_MAGNITUDE_EVICTION,EVAL,SUCCESS,112.25371428571428,1212,9
D6_Tap_Death,818,O1_FULL_DENSE_FIR,EVAL,SUCCESS,660.0,1980,165
D6_Tap_Death,817,B6_PROPORTIONATE_SPARSE_ADAPTIVE_FILTER,EVAL,SUCCESS,1280.0,2560,0
D6_Tap_Death,819,O2_ORACLE_SUPPORT_LIFECYCLE,EVAL,SUCCESS,26.714285714285715,152,5
D6_Tap_Death,818,B4_VARIABLE_CONTIGUOUS_TAP_LENGTH,EVAL,SUCCESS,98.74857142857142,1920,20
D6_Tap_Death,819,O0_ORACLE_SPARSE,EVAL,SUCCESS,31.0,172,6
D6_Tap_Death,819,B1_LEBRE_NO_REC_BIRTH,EVAL,SUCCESS,25.0,136,5
D6_Tap_Death,819,B3_FIXED_DENSE_FIR,EVAL,SUCCESS,80.0,240,20
D6_Tap_Death,818,B0_LEBRE_FROZEN,EVAL,SUCCESS,37.611714285714285,368,8
D6_Tap_Death,818,B7_E0_MAGNITUDE_EVICTION,EVAL,SUCCESS,98.64914285714286,1144,8
D6_Tap_Death,818,B7_PROPOSED_DYNAMIC_LAG_LIFECYCLE,EVAL,SUCCESS,98.64914285714286,1144,8
D6_Tap_Death,819,O1_FULL_DENSE_FIR,EVAL,SUCCESS,660.0,1980,165
D6_Tap_Death,818,B5_SPARSITY_REGULARIZED_FULL_DICTIONARY,EVAL,SUCCESS,960.0,1920,0
D6_Tap_Death,820,O0_ORACLE_SPARSE,EVAL,SUCCESS,31.0,172,6
D6_Tap_Death,818,B6_PROPORTIONATE_SPARSE_ADAPTIVE_FILTER,EVAL,SUCCESS,1280.0,2560,0
D6_Tap_Death,820,O2_ORACLE_SUPPORT_LIFECYCLE,EVAL,SUCCESS,26.714285714285715,152,5
D6_Tap_Death,819,B4_VARIABLE_CONTIGUOUS_TAP_LENGTH,EVAL,SUCCESS,94.90571428571428,1920,20
D6_Tap_Death,820,B1_LEBRE_NO_REC_BIRTH,EVAL,SUCCESS,25.0,136,5
D6_Tap_Death,819,B0_LEBRE_FROZEN,EVAL,SUCCESS,35.172285714285714,368,5
D6_Tap_Death,820,B3_FIXED_DENSE_FIR,EVAL,SUCCESS,80.0,240,20
D6_Tap_Death,819,B5_SPARSITY_REGULARIZED_FULL_DICTIONARY,EVAL,SUCCESS,960.0,1920,0
D6_Tap_Death,819,B7_PROPOSED_DYNAMIC_LAG_LIFECYCLE,EVAL,SUCCESS,112.29714285714286,1360,9
D6_Tap_Death,819,B7_E0_MAGNITUDE_EVICTION,EVAL,SUCCESS,112.29714285714286,1360,9
D6_Tap_Death,820,O1_FULL_DENSE_FIR,EVAL,SUCCESS,660.0,1980,165
D6_Tap_Death,821,O0_ORACLE_SPARSE,EVAL,SUCCESS,31.0,172,6
D6_Tap_Death,819,B6_PROPORTIONATE_SPARSE_ADAPTIVE_FILTER,EVAL,SUCCESS,1280.0,2560,0
D6_Tap_Death,821,O2_ORACLE_SUPPORT_LIFECYCLE,EVAL,SUCCESS,26.714285714285715,152,5
D6_Tap_Death,821,B1_LEBRE_NO_REC_BIRTH,EVAL,SUCCESS,25.0,136,5
D6_Tap_Death,820,B4_VARIABLE_CONTIGUOUS_TAP_LENGTH,EVAL,SUCCESS,112.83428571428571,1920,25
D6_Tap_Death,820,B7_PROPOSED_DYNAMIC_LAG_LIFECYCLE,EVAL,SUCCESS,112.45428571428572,1184,9
D6_Tap_Death,821,B3_FIXED_DENSE_FIR,EVAL,SUCCESS,80.0,240,20
D6_Tap_Death,820,B5_SPARSITY_REGULARIZED_FULL_DICTIONARY,EVAL,SUCCESS,960.0,1920,0
D6_Tap_Death,820,B7_E0_MAGNITUDE_EVICTION,EVAL,SUCCESS,112.45428571428572,1184,9
D6_Tap_Death,820,B0_LEBRE_FROZEN,EVAL,SUCCESS,37.36371428571429,368,5
D6_Tap_Death,821,O1_FULL_DENSE_FIR,EVAL,SUCCESS,660.0,1980,165
D6_Tap_Death,822,O0_ORACLE_SPARSE,EVAL,SUCCESS,31.0,172,6
D6_Tap_Death,820,B6_PROPORTIONATE_SPARSE_ADAPTIVE_FILTER,EVAL,SUCCESS,1280.0,2560,0
D6_Tap_Death,822,O2_ORACLE_SUPPORT_LIFECYCLE,EVAL,SUCCESS,26.714285714285715,152,5
D6_Tap_Death,822,B1_LEBRE_NO_REC_BIRTH,EVAL,SUCCESS,25.0,136,5
D6_Tap_Death,821,B4_VARIABLE_CONTIGUOUS_TAP_LENGTH,EVAL,SUCCESS,115.25428571428571,1920,25
D6_Tap_Death,822,B3_FIXED_DENSE_FIR,EVAL,SUCCESS,80.0,240,20
D6_Tap_Death,821,B0_LEBRE_FROZEN,EVAL,SUCCESS,36.658857142857144,368,10
D6_Tap_Death,821,B7_PROPOSED_DYNAMIC_LAG_LIFECYCLE,EVAL,SUCCESS,103.098,1192,9
D6_Tap_Death,821,B7_E0_MAGNITUDE_EVICTION,EVAL,SUCCESS,103.098,1192,9
D6_Tap_Death,821,B5_SPARSITY_REGULARIZED_FULL_DICTIONARY,EVAL,SUCCESS,960.0,1920,0
D6_Tap_Death,822,O1_FULL_DENSE_FIR,EVAL,SUCCESS,660.0,1980,165
D6_Tap_Death,823,O0_ORACLE_SPARSE,EVAL,SUCCESS,31.0,172,6
D6_Tap_Death,821,B6_PROPORTIONATE_SPARSE_ADAPTIVE_FILTER,EVAL,SUCCESS,1280.0,2560,1
D6_Tap_Death,823,B1_LEBRE_NO_REC_BIRTH,EVAL,SUCCESS,25.0,136,5
D6_Tap_Death,823,O2_ORACLE_SUPPORT_LIFECYCLE,EVAL,SUCCESS,26.714285714285715,152,5
D6_Tap_Death,822,B4_VARIABLE_CONTIGUOUS_TAP_LENGTH,EVAL,SUCCESS,109.56,1920,20
D6_Tap_Death,823,B3_FIXED_DENSE_FIR,EVAL,SUCCESS,80.0,240,20
D6_Tap_Death,822,B5_SPARSITY_REGULARIZED_FULL_DICTIONARY,EVAL,SUCCESS,960.0,1920,0
D6_Tap_Death,822,B7_PROPOSED_DYNAMIC_LAG_LIFECYCLE,EVAL,SUCCESS,112.40857142857143,1272,9
D6_Tap_Death,822,B7_E0_MAGNITUDE_EVICTION,EVAL,SUCCESS,112.40857142857143,1272,9
D6_Tap_Death,822,B0_LEBRE_FROZEN,EVAL,SUCCESS,35.75942857142857,368,5
D6_Tap_Death,823,O1_FULL_DENSE_FIR,EVAL,SUCCESS,660.0,1980,165
D6_Tap_Death,822,B6_PROPORTIONATE_SPARSE_ADAPTIVE_FILTER,EVAL,SUCCESS,1280.0,2560,0
D6_Tap_Death,824,O0_ORACLE_SPARSE,EVAL,SUCCESS,31.0,172,6
D6_Tap_Death,824,O2_ORACLE_SUPPORT_LIFECYCLE,EVAL,SUCCESS,26.714285714285715,152,5
D6_Tap_Death,823,B4_VARIABLE_CONTIGUOUS_TAP_LENGTH,EVAL,SUCCESS,107.19714285714285,1920,20
D6_Tap_Death,824,B1_LEBRE_NO_REC_BIRTH,EVAL,SUCCESS,25.0,136,5
D6_Tap_Death,823,B7_PROPOSED_DYNAMIC_LAG_LIFECYCLE,EVAL,SUCCESS,92.35542857142858,1008,7
D6_Tap_Death,824,B3_FIXED_DENSE_FIR,EVAL,SUCCESS,80.0,240,20
D6_Tap_Death,823,B7_E0_MAGNITUDE_EVICTION,EVAL,SUCCESS,92.35542857142858,1008,7
D6_Tap_Death,823,B5_SPARSITY_REGULARIZED_FULL_DICTIONARY,EVAL,SUCCESS,960.0,1920,0
D6_Tap_Death,823,B0_LEBRE_FROZEN,EVAL,SUCCESS,35.244285714285716,368,5
D6_Tap_Death,824,O1_FULL_DENSE_FIR,EVAL,SUCCESS,660.0,1980,165
D6_Tap_Death,825,O0_ORACLE_SPARSE,EVAL,SUCCESS,31.0,172,6
D6_Tap_Death,823,B6_PROPORTIONATE_SPARSE_ADAPTIVE_FILTER,EVAL,SUCCESS,1280.0,2560,0
D6_Tap_Death,825,O2_ORACLE_SUPPORT_LIFECYCLE,EVAL,SUCCESS,26.714285714285715,152,5
D6_Tap_Death,825,B1_LEBRE_NO_REC_BIRTH,EVAL,SUCCESS,25.0,136,5
D6_Tap_Death,824,B4_VARIABLE_CONTIGUOUS_TAP_LENGTH,EVAL,SUCCESS,97.33142857142857,1920,20
D6_Tap_Death,825,B3_FIXED_DENSE_FIR,EVAL,SUCCESS,80.0,240,20
D6_Tap_Death,824,B0_LEBRE_FROZEN,EVAL,SUCCESS,37.16085714285714,368,5
D6_Tap_Death,824,B7_PROPOSED_DYNAMIC_LAG_LIFECYCLE,EVAL,SUCCESS,112.91028571428572,1196,9
D6_Tap_Death,824,B7_E0_MAGNITUDE_EVICTION,EVAL,SUCCESS,112.91028571428572,1196,9
D6_Tap_Death,824,B5_SPARSITY_REGULARIZED_FULL_DICTIONARY,EVAL,SUCCESS,960.0,1920,0
D6_Tap_Death,826,O0_ORACLE_SPARSE,EVAL,SUCCESS,31.0,172,6
D6_Tap_Death,825,O1_FULL_DENSE_FIR,EVAL,SUCCESS,660.0,1980,165
D6_Tap_Death,824,B6_PROPORTIONATE_SPARSE_ADAPTIVE_FILTER,EVAL,SUCCESS,1280.0,2560,0
D6_Tap_Death,826,O2_ORACLE_SUPPORT_LIFECYCLE,EVAL,SUCCESS,26.714285714285715,152,5
D6_Tap_Death,826,B1_LEBRE_NO_REC_BIRTH,EVAL,SUCCESS,25.0,136,5
D6_Tap_Death,825,B4_VARIABLE_CONTIGUOUS_TAP_LENGTH,EVAL,SUCCESS,153.25428571428571,1920,30
D6_Tap_Death,826,B3_FIXED_DENSE_FIR,EVAL,SUCCESS,80.0,240,20
D6_Tap_Death,825,B7_PROPOSED_DYNAMIC_LAG_LIFECYCLE,EVAL,SUCCESS,112.27371428571429,1200,9
D6_Tap_Death,825,B7_E0_MAGNITUDE_EVICTION,EVAL,SUCCESS,112.27371428571429,1200,9
D6_Tap_Death,825,B5_SPARSITY_REGULARIZED_FULL_DICTIONARY,EVAL,SUCCESS,960.0,1920,0
D6_Tap_Death,825,B0_LEBRE_FROZEN,EVAL,SUCCESS,38.07142857142857,368,5
D6_Tap_Death,825,B6_PROPORTIONATE_SPARSE_ADAPTIVE_FILTER,EVAL,SUCCESS,1280.0,2560,1
D6_Tap_Death,827,O0_ORACLE_SPARSE,EVAL,SUCCESS,31.0,172,6
D6_Tap_Death,826,O1_FULL_DENSE_FIR,EVAL,SUCCESS,660.0,1980,165
D6_Tap_Death,827,O2_ORACLE_SUPPORT_LIFECYCLE,EVAL,SUCCESS,26.714285714285715,152,5
D6_Tap_Death,826,B4_VARIABLE_CONTIGUOUS_TAP_LENGTH,EVAL,SUCCESS,108.67142857142858,1920,20
D6_Tap_Death,827,B1_LEBRE_NO_REC_BIRTH,EVAL,SUCCESS,25.0,136,5
D6_Tap_Death,827,B3_FIXED_DENSE_FIR,EVAL,SUCCESS,80.0,240,20
D6_Tap_Death,826,B5_SPARSITY_REGULARIZED_FULL_DICTIONARY,EVAL,SUCCESS,960.0,1920,0
D6_Tap_Death,826,B7_PROPOSED_DYNAMIC_LAG_LIFECYCLE,EVAL,SUCCESS,112.28971428571428,1276,9
D6_Tap_Death,826,B7_E0_MAGNITUDE_EVICTION,EVAL,SUCCESS,112.28971428571428,1276,9
D6_Tap_Death,827,O1_FULL_DENSE_FIR,EVAL,SUCCESS,660.0,1980,165
D6_Tap_Death,826,B0_LEBRE_FROZEN,EVAL,SUCCESS,37.174571428571426,368,5
D6_Tap_Death,828,O0_ORACLE_SPARSE,EVAL,SUCCESS,31.0,172,6
D6_Tap_Death,828,O2_ORACLE_SUPPORT_LIFECYCLE,EVAL,SUCCESS,26.714285714285715,152,5
D6_Tap_Death,826,B6_PROPORTIONATE_SPARSE_ADAPTIVE_FILTER,EVAL,SUCCESS,1280.0,2560,1
D6_Tap_Death,827,B4_VARIABLE_CONTIGUOUS_TAP_LENGTH,EVAL,SUCCESS,104.36571428571429,1920,20
D6_Tap_Death,828,B1_LEBRE_NO_REC_BIRTH,EVAL,SUCCESS,25.0,136,5
D6_Tap_Death,827,B7_PROPOSED_DYNAMIC_LAG_LIFECYCLE,EVAL,SUCCESS,112.37771428571429,1316,9
D6_Tap_Death,828,B3_FIXED_DENSE_FIR,EVAL,SUCCESS,80.0,240,20
D6_Tap_Death,827,B5_SPARSITY_REGULARIZED_FULL_DICTIONARY,EVAL,SUCCESS,960.0,1920,0
D6_Tap_Death,828,O1_FULL_DENSE_FIR,EVAL,SUCCESS,660.0,1980,165
D6_Tap_Death,827,B0_LEBRE_FROZEN,EVAL,SUCCESS,37.79857142857143,368,5
D6_Tap_Death,827,B7_E0_MAGNITUDE_EVICTION,EVAL,SUCCESS,112.37771428571429,1316,9
D6_Tap_Death,829,O0_ORACLE_SPARSE,EVAL,SUCCESS,31.0,172,6
D6_Tap_Death,827,B6_PROPORTIONATE_SPARSE_ADAPTIVE_FILTER,EVAL,SUCCESS,1280.0,2560,1
D6_Tap_Death,829,O2_ORACLE_SUPPORT_LIFECYCLE,EVAL,SUCCESS,26.714285714285715,152,5
D6_Tap_Death,828,B4_VARIABLE_CONTIGUOUS_TAP_LENGTH,EVAL,SUCCESS,111.67142857142858,1920,20
D6_Tap_Death,828,B7_PROPOSED_DYNAMIC_LAG_LIFECYCLE,EVAL,SUCCESS,88.56342857142857,1088,7
D6_Tap_Death,829,B1_LEBRE_NO_REC_BIRTH,EVAL,SUCCESS,25.0,136,5
D6_Tap_Death,828,B5_SPARSITY_REGULARIZED_FULL_DICTIONARY,EVAL,SUCCESS,960.0,1920,0
D6_Tap_Death,828,B7_E0_MAGNITUDE_EVICTION,EVAL,SUCCESS,88.56342857142857,1088,7
D6_Tap_Death,829,B3_FIXED_DENSE_FIR,EVAL,SUCCESS,80.0,240,20
D6_Tap_Death,829,O1_FULL_DENSE_FIR,EVAL,SUCCESS,660.0,1980,165
D6_Tap_Death,828,B0_LEBRE_FROZEN,EVAL,SUCCESS,36.89371428571429,368,5
D6_Tap_Death,830,O0_ORACLE_SPARSE,EVAL,SUCCESS,31.0,172,6
D6_Tap_Death,828,B6_PROPORTIONATE_SPARSE_ADAPTIVE_FILTER,EVAL,SUCCESS,1280.0,2560,1
D6_Tap_Death,830,O2_ORACLE_SUPPORT_LIFECYCLE,EVAL,SUCCESS,26.714285714285715,152,5
D6_Tap_Death,829,B4_VARIABLE_CONTIGUOUS_TAP_LENGTH,EVAL,SUCCESS,106.31714285714285,1920,20
D6_Tap_Death,830,B1_LEBRE_NO_REC_BIRTH,EVAL,SUCCESS,25.0,136,5
D6_Tap_Death,830,B3_FIXED_DENSE_FIR,EVAL,SUCCESS,80.0,240,20
D6_Tap_Death,829,B5_SPARSITY_REGULARIZED_FULL_DICTIONARY,EVAL,SUCCESS,960.0,1920,0
D6_Tap_Death,829,B7_PROPOSED_DYNAMIC_LAG_LIFECYCLE,EVAL,SUCCESS,112.28628571428571,1208,9
D6_Tap_Death,829,B7_E0_MAGNITUDE_EVICTION,EVAL,SUCCESS,112.28628571428571,1208,9
D6_Tap_Death,829,B0_LEBRE_FROZEN,EVAL,SUCCESS,35.69428571428571,368,5
D6_Tap_Death,830,O1_FULL_DENSE_FIR,EVAL,SUCCESS,660.0,1980,165
D6_Tap_Death,829,B6_PROPORTIONATE_SPARSE_ADAPTIVE_FILTER,EVAL,SUCCESS,1280.0,2560,0
D7_Quiescent_Tap,801,O2_ORACLE_SUPPORT_LIFECYCLE,EVAL,SUCCESS,31.0,152,6
D7_Quiescent_Tap,801,O0_ORACLE_SPARSE,EVAL,SUCCESS,31.0,164,6
D6_Tap_Death,830,B4_VARIABLE_CONTIGUOUS_TAP_LENGTH,EVAL,SUCCESS,103.84,1920,20
D7_Quiescent_Tap,801,B1_LEBRE_NO_REC_BIRTH,EVAL,SUCCESS,25.0,136,5
D6_Tap_Death,830,B7_PROPOSED_DYNAMIC_LAG_LIFECYCLE,EVAL,SUCCESS,112.85257142857142,1348,9
D7_Quiescent_Tap,801,B3_FIXED_DENSE_FIR,EVAL,SUCCESS,80.0,240,20
D6_Tap_Death,830,B0_LEBRE_FROZEN,EVAL,SUCCESS,37.29142857142857,368,5
D6_Tap_Death,830,B5_SPARSITY_REGULARIZED_FULL_DICTIONARY,EVAL,SUCCESS,960.0,1920,0
D7_Quiescent_Tap,801,O1_FULL_DENSE_FIR,EVAL,SUCCESS,660.0,1980,165
D6_Tap_Death,830,B7_E0_MAGNITUDE_EVICTION,EVAL,SUCCESS,112.85257142857142,1348,9
D7_Quiescent_Tap,802,O0_ORACLE_SPARSE,EVAL,SUCCESS,31.0,164,6
D7_Quiescent_Tap,802,O2_ORACLE_SUPPORT_LIFECYCLE,EVAL,SUCCESS,31.0,152,6
D6_Tap_Death,830,B6_PROPORTIONATE_SPARSE_ADAPTIVE_FILTER,EVAL,SUCCESS,1280.0,2560,1
D7_Quiescent_Tap,802,B1_LEBRE_NO_REC_BIRTH,EVAL,SUCCESS,25.0,136,5
D7_Quiescent_Tap,801,B4_VARIABLE_CONTIGUOUS_TAP_LENGTH,EVAL,SUCCESS,132.70285714285714,1920,25
D7_Quiescent_Tap,801,B7_E0_MAGNITUDE_EVICTION,EVAL,SUCCESS,102.11142857142858,1196,8
D7_Quiescent_Tap,802,B3_FIXED_DENSE_FIR,EVAL,SUCCESS,80.0,240,20
D7_Quiescent_Tap,801,B7_PROPOSED_DYNAMIC_LAG_LIFECYCLE,EVAL,SUCCESS,102.11142857142858,1196,8
D7_Quiescent_Tap,802,O1_FULL_DENSE_FIR,EVAL,SUCCESS,660.0,1980,165
D7_Quiescent_Tap,801,B5_SPARSITY_REGULARIZED_FULL_DICTIONARY,EVAL,SUCCESS,960.0,1920,0
D7_Quiescent_Tap,801,B0_LEBRE_FROZEN,EVAL,SUCCESS,34.60342857142857,368,5
D7_Quiescent_Tap,803,O0_ORACLE_SPARSE,EVAL,SUCCESS,31.0,164,6
D7_Quiescent_Tap,801,B6_PROPORTIONATE_SPARSE_ADAPTIVE_FILTER,EVAL,SUCCESS,1280.0,2560,1
D7_Quiescent_Tap,803,B1_LEBRE_NO_REC_BIRTH,EVAL,SUCCESS,25.0,136,5
D7_Quiescent_Tap,803,O2_ORACLE_SUPPORT_LIFECYCLE,EVAL,SUCCESS,31.0,152,6
D7_Quiescent_Tap,802,B4_VARIABLE_CONTIGUOUS_TAP_LENGTH,EVAL,SUCCESS,183.1057142857143,1920,35
D7_Quiescent_Tap,802,B5_SPARSITY_REGULARIZED_FULL_DICTIONARY,EVAL,SUCCESS,960.0,1920,0
D7_Quiescent_Tap,803,B3_FIXED_DENSE_FIR,EVAL,SUCCESS,80.0,240,20
D7_Quiescent_Tap,802,B7_PROPOSED_DYNAMIC_LAG_LIFECYCLE,EVAL,SUCCESS,112.65714285714286,1328,9
D7_Quiescent_Tap,802,B0_LEBRE_FROZEN,EVAL,SUCCESS,35.306,368,5
D7_Quiescent_Tap,803,O1_FULL_DENSE_FIR,EVAL,SUCCESS,660.0,1980,165
D7_Quiescent_Tap,802,B7_E0_MAGNITUDE_EVICTION,EVAL,SUCCESS,112.65714285714286,1328,9
D7_Quiescent_Tap,802,B6_PROPORTIONATE_SPARSE_ADAPTIVE_FILTER,EVAL,SUCCESS,1280.0,2560,1
D7_Quiescent_Tap,804,O0_ORACLE_SPARSE,EVAL,SUCCESS,31.0,164,6
D7_Quiescent_Tap,804,O2_ORACLE_SUPPORT_LIFECYCLE,EVAL,SUCCESS,31.0,152,6
D7_Quiescent_Tap,803,B4_VARIABLE_CONTIGUOUS_TAP_LENGTH,EVAL,SUCCESS,184.6942857142857,1920,35
D7_Quiescent_Tap,804,B1_LEBRE_NO_REC_BIRTH,EVAL,SUCCESS,25.0,136,5
D7_Quiescent_Tap,803,B5_SPARSITY_REGULARIZED_FULL_DICTIONARY,EVAL,SUCCESS,960.0,1920,0
D7_Quiescent_Tap,804,B3_FIXED_DENSE_FIR,EVAL,SUCCESS,80.0,240,20
D7_Quiescent_Tap,803,B7_PROPOSED_DYNAMIC_LAG_LIFECYCLE,EVAL,SUCCESS,112.73085714285715,1224,9
D7_Quiescent_Tap,803,B0_LEBRE_FROZEN,EVAL,SUCCESS,34.064571428571426,368,5
D7_Quiescent_Tap,803,B7_E0_MAGNITUDE_EVICTION,EVAL,SUCCESS,112.73085714285715,1224,9
D7_Quiescent_Tap,804,O1_FULL_DENSE_FIR,EVAL,SUCCESS,660.0,1980,165
D7_Quiescent_Tap,803,B6_PROPORTIONATE_SPARSE_ADAPTIVE_FILTER,EVAL,SUCCESS,1280.0,2560,1
D7_Quiescent_Tap,805,O0_ORACLE_SPARSE,EVAL,SUCCESS,31.0,164,6
D7_Quiescent_Tap,805,O2_ORACLE_SUPPORT_LIFECYCLE,EVAL,SUCCESS,31.0,152,6
D7_Quiescent_Tap,805,B1_LEBRE_NO_REC_BIRTH,EVAL,SUCCESS,25.0,136,5
D7_Quiescent_Tap,804,B4_VARIABLE_CONTIGUOUS_TAP_LENGTH,EVAL,SUCCESS,183.90857142857143,1920,40
D7_Quiescent_Tap,805,B3_FIXED_DENSE_FIR,EVAL,SUCCESS,80.0,240,20
D7_Quiescent_Tap,804,B5_SPARSITY_REGULARIZED_FULL_DICTIONARY,EVAL,SUCCESS,960.0,1920,0
D7_Quiescent_Tap,804,B0_LEBRE_FROZEN,EVAL,SUCCESS,36.41142857142857,368,5
D7_Quiescent_Tap,804,B7_PROPOSED_DYNAMIC_LAG_LIFECYCLE,EVAL,SUCCESS,112.43542857142857,1128,9
D7_Quiescent_Tap,804,B7_E0_MAGNITUDE_EVICTION,EVAL,SUCCESS,112.43542857142857,1128,9
D7_Quiescent_Tap,805,O1_FULL_DENSE_FIR,EVAL,SUCCESS,660.0,1980,165
D7_Quiescent_Tap,806,O0_ORACLE_SPARSE,EVAL,SUCCESS,31.0,164,6
D7_Quiescent_Tap,804,B6_PROPORTIONATE_SPARSE_ADAPTIVE_FILTER,EVAL,SUCCESS,1280.0,2560,1
D7_Quiescent_Tap,806,O2_ORACLE_SUPPORT_LIFECYCLE,EVAL,SUCCESS,31.0,152,6
D7_Quiescent_Tap,806,B1_LEBRE_NO_REC_BIRTH,EVAL,SUCCESS,25.0,136,5
D7_Quiescent_Tap,805,B4_VARIABLE_CONTIGUOUS_TAP_LENGTH,EVAL,SUCCESS,183.59142857142857,1920,35
D7_Quiescent_Tap,806,B3_FIXED_DENSE_FIR,EVAL,SUCCESS,80.0,240,20
D7_Quiescent_Tap,805,B7_PROPOSED_DYNAMIC_LAG_LIFECYCLE,EVAL,SUCCESS,112.56,1168,9
D7_Quiescent_Tap,805,B5_SPARSITY_REGULARIZED_FULL_DICTIONARY,EVAL,SUCCESS,960.0,1920,0
D7_Quiescent_Tap,805,B0_LEBRE_FROZEN,EVAL,SUCCESS,35.21885714285714,368,8
D7_Quiescent_Tap,805,B7_E0_MAGNITUDE_EVICTION,EVAL,SUCCESS,112.56,1168,9
D7_Quiescent_Tap,806,O1_FULL_DENSE_FIR,EVAL,SUCCESS,660.0,1980,165
D7_Quiescent_Tap,805,B6_PROPORTIONATE_SPARSE_ADAPTIVE_FILTER,EVAL,SUCCESS,1280.0,2560,1
D7_Quiescent_Tap,807,O0_ORACLE_SPARSE,EVAL,SUCCESS,31.0,164,6
D7_Quiescent_Tap,807,O2_ORACLE_SUPPORT_LIFECYCLE,EVAL,SUCCESS,31.0,152,6
D7_Quiescent_Tap,807,B1_LEBRE_NO_REC_BIRTH,EVAL,SUCCESS,25.0,136,5
D7_Quiescent_Tap,806,B4_VARIABLE_CONTIGUOUS_TAP_LENGTH,EVAL,SUCCESS,184.34857142857143,1920,35
D7_Quiescent_Tap,807,B3_FIXED_DENSE_FIR,EVAL,SUCCESS,80.0,240,20
D7_Quiescent_Tap,806,B7_PROPOSED_DYNAMIC_LAG_LIFECYCLE,EVAL,SUCCESS,112.52285714285715,1256,9
D7_Quiescent_Tap,806,B5_SPARSITY_REGULARIZED_FULL_DICTIONARY,EVAL,SUCCESS,960.0,1920,0
D7_Quiescent_Tap,807,O1_FULL_DENSE_FIR,EVAL,SUCCESS,660.0,1980,165
D7_Quiescent_Tap,806,B7_E0_MAGNITUDE_EVICTION,EVAL,SUCCESS,112.52285714285715,1256,9
D7_Quiescent_Tap,806,B0_LEBRE_FROZEN,EVAL,SUCCESS,34.823142857142855,368,5
D7_Quiescent_Tap,808,O0_ORACLE_SPARSE,EVAL,SUCCESS,31.0,164,6
D7_Quiescent_Tap,806,B6_PROPORTIONATE_SPARSE_ADAPTIVE_FILTER,EVAL,SUCCESS,1280.0,2560,1
D7_Quiescent_Tap,808,O2_ORACLE_SUPPORT_LIFECYCLE,EVAL,SUCCESS,31.0,152,6
D7_Quiescent_Tap,807,B4_VARIABLE_CONTIGUOUS_TAP_LENGTH,EVAL,SUCCESS,143.09714285714287,1920,30
D7_Quiescent_Tap,808,B1_LEBRE_NO_REC_BIRTH,EVAL,SUCCESS,25.0,136,5
D7_Quiescent_Tap,807,B5_SPARSITY_REGULARIZED_FULL_DICTIONARY,EVAL,SUCCESS,960.0,1920,0
D7_Quiescent_Tap,807,B0_LEBRE_FROZEN,EVAL,SUCCESS,35.17771428571429,368,5
D7_Quiescent_Tap,808,B3_FIXED_DENSE_FIR,EVAL,SUCCESS,80.0,240,20
D7_Quiescent_Tap,807,B7_PROPOSED_DYNAMIC_LAG_LIFECYCLE,EVAL,SUCCESS,112.32685714285714,1176,9
D7_Quiescent_Tap,807,B7_E0_MAGNITUDE_EVICTION,EVAL,SUCCESS,112.32685714285714,1176,9
D7_Quiescent_Tap,808,O1_FULL_DENSE_FIR,EVAL,SUCCESS,660.0,1980,165
D7_Quiescent_Tap,809,O0_ORACLE_SPARSE,EVAL,SUCCESS,31.0,164,6
D7_Quiescent_Tap,807,B6_PROPORTIONATE_SPARSE_ADAPTIVE_FILTER,EVAL,SUCCESS,1280.0,2560,1
D7_Quiescent_Tap,809,O2_ORACLE_SUPPORT_LIFECYCLE,EVAL,SUCCESS,31.0,152,6
D7_Quiescent_Tap,808,B4_VARIABLE_CONTIGUOUS_TAP_LENGTH,EVAL,SUCCESS,153.94571428571427,1920,30
D7_Quiescent_Tap,809,B1_LEBRE_NO_REC_BIRTH,EVAL,SUCCESS,25.0,136,5
D7_Quiescent_Tap,809,B3_FIXED_DENSE_FIR,EVAL,SUCCESS,80.0,240,20
D7_Quiescent_Tap,808,B0_LEBRE_FROZEN,EVAL,SUCCESS,35.522285714285715,368,5
D7_Quiescent_Tap,808,B5_SPARSITY_REGULARIZED_FULL_DICTIONARY,EVAL,SUCCESS,960.0,1920,0
D7_Quiescent_Tap,808,B7_PROPOSED_DYNAMIC_LAG_LIFECYCLE,EVAL,SUCCESS,112.18,1288,9
D7_Quiescent_Tap,809,O1_FULL_DENSE_FIR,EVAL,SUCCESS,660.0,1980,165
D7_Quiescent_Tap,808,B7_E0_MAGNITUDE_EVICTION,EVAL,SUCCESS,112.18,1288,9
D7_Quiescent_Tap,810,O0_ORACLE_SPARSE,EVAL,SUCCESS,31.0,164,6
D7_Quiescent_Tap,808,B6_PROPORTIONATE_SPARSE_ADAPTIVE_FILTER,EVAL,SUCCESS,1280.0,2560,1
D7_Quiescent_Tap,810,O2_ORACLE_SUPPORT_LIFECYCLE,EVAL,SUCCESS,31.0,152,6
D7_Quiescent_Tap,810,B1_LEBRE_NO_REC_BIRTH,EVAL,SUCCESS,25.0,136,5
D7_Quiescent_Tap,809,B4_VARIABLE_CONTIGUOUS_TAP_LENGTH,EVAL,SUCCESS,183.60285714285715,1920,35
D7_Quiescent_Tap,809,B7_PROPOSED_DYNAMIC_LAG_LIFECYCLE,EVAL,SUCCESS,112.30971428571429,1260,9
D7_Quiescent_Tap,810,B3_FIXED_DENSE_FIR,EVAL,SUCCESS,80.0,240,20
D7_Quiescent_Tap,809,B5_SPARSITY_REGULARIZED_FULL_DICTIONARY,EVAL,SUCCESS,960.0,1920,0
D7_Quiescent_Tap,809,B7_E0_MAGNITUDE_EVICTION,EVAL,SUCCESS,112.30971428571429,1260,9
D7_Quiescent_Tap,811,O0_ORACLE_SPARSE,EVAL,SUCCESS,31.0,164,6
D7_Quiescent_Tap,810,O1_FULL_DENSE_FIR,EVAL,SUCCESS,660.0,1980,165
D7_Quiescent_Tap,809,B0_LEBRE_FROZEN,EVAL,SUCCESS,34.80428571428571,368,10
D7_Quiescent_Tap,809,B6_PROPORTIONATE_SPARSE_ADAPTIVE_FILTER,EVAL,SUCCESS,1280.0,2560,1
D7_Quiescent_Tap,811,O2_ORACLE_SUPPORT_LIFECYCLE,EVAL,SUCCESS,31.0,152,6
D7_Quiescent_Tap,811,B1_LEBRE_NO_REC_BIRTH,EVAL,SUCCESS,25.0,136,5
D7_Quiescent_Tap,810,B4_VARIABLE_CONTIGUOUS_TAP_LENGTH,EVAL,SUCCESS,183.72,1920,35
D7_Quiescent_Tap,810,B5_SPARSITY_REGULARIZED_FULL_DICTIONARY,EVAL,SUCCESS,960.0,1920,0
D7_Quiescent_Tap,811,B3_FIXED_DENSE_FIR,EVAL,SUCCESS,80.0,240,20
D7_Quiescent_Tap,810,B7_E0_MAGNITUDE_EVICTION,EVAL,SUCCESS,112.36914285714286,1208,9
D7_Quiescent_Tap,810,B7_PROPOSED_DYNAMIC_LAG_LIFECYCLE,EVAL,SUCCESS,112.36914285714286,1208,9
D7_Quiescent_Tap,811,O1_FULL_DENSE_FIR,EVAL,SUCCESS,660.0,1980,165
D7_Quiescent_Tap,810,B0_LEBRE_FROZEN,EVAL,SUCCESS,34.625142857142855,368,5
D7_Quiescent_Tap,812,O0_ORACLE_SPARSE,EVAL,SUCCESS,31.0,164,6
D7_Quiescent_Tap,811,B4_VARIABLE_CONTIGUOUS_TAP_LENGTH,EVAL,SUCCESS,186.1057142857143,1920,35
D7_Quiescent_Tap,812,O2_ORACLE_SUPPORT_LIFECYCLE,EVAL,SUCCESS,31.0,152,6
D7_Quiescent_Tap,810,B6_PROPORTIONATE_SPARSE_ADAPTIVE_FILTER,EVAL,SUCCESS,1280.0,2560,1
D7_Quiescent_Tap,812,B1_LEBRE_NO_REC_BIRTH,EVAL,SUCCESS,25.0,136,5
D7_Quiescent_Tap,812,B3_FIXED_DENSE_FIR,EVAL,SUCCESS,80.0,240,20
D7_Quiescent_Tap,811,B7_PROPOSED_DYNAMIC_LAG_LIFECYCLE,EVAL,SUCCESS,101.96342857142857,1232,8
D7_Quiescent_Tap,811,B5_SPARSITY_REGULARIZED_FULL_DICTIONARY,EVAL,SUCCESS,960.0,1920,0
D7_Quiescent_Tap,811,B7_E0_MAGNITUDE_EVICTION,EVAL,SUCCESS,101.96342857142857,1232,8
D7_Quiescent_Tap,812,O1_FULL_DENSE_FIR,EVAL,SUCCESS,660.0,1980,165
D7_Quiescent_Tap,813,O0_ORACLE_SPARSE,EVAL,SUCCESS,31.0,164,6
D7_Quiescent_Tap,811,B0_LEBRE_FROZEN,EVAL,SUCCESS,34.48685714285714,368,5
D7_Quiescent_Tap,812,B4_VARIABLE_CONTIGUOUS_TAP_LENGTH,EVAL,SUCCESS,105.42857142857143,1920,20
D7_Quiescent_Tap,811,B6_PROPORTIONATE_SPARSE_ADAPTIVE_FILTER,EVAL,SUCCESS,1280.0,2560,1
D7_Quiescent_Tap,813,O2_ORACLE_SUPPORT_LIFECYCLE,EVAL,SUCCESS,31.0,152,6
D7_Quiescent_Tap,813,B1_LEBRE_NO_REC_BIRTH,EVAL,SUCCESS,25.0,136,5
D7_Quiescent_Tap,813,B3_FIXED_DENSE_FIR,EVAL,SUCCESS,80.0,240,20
D7_Quiescent_Tap,812,B7_PROPOSED_DYNAMIC_LAG_LIFECYCLE,EVAL,SUCCESS,112.02457142857143,1236,9
D7_Quiescent_Tap,812,B5_SPARSITY_REGULARIZED_FULL_DICTIONARY,EVAL,SUCCESS,960.0,1920,0
D7_Quiescent_Tap,813,O1_FULL_DENSE_FIR,EVAL,SUCCESS,660.0,1980,165
D7_Quiescent_Tap,812,B7_E0_MAGNITUDE_EVICTION,EVAL,SUCCESS,112.02457142857143,1236,9
D7_Quiescent_Tap,812,B0_LEBRE_FROZEN,EVAL,SUCCESS,34.151714285714284,368,5
D7_Quiescent_Tap,814,O0_ORACLE_SPARSE,EVAL,SUCCESS,31.0,164,6
D7_Quiescent_Tap,812,B6_PROPORTIONATE_SPARSE_ADAPTIVE_FILTER,EVAL,SUCCESS,1280.0,2560,1
D7_Quiescent_Tap,814,O2_ORACLE_SUPPORT_LIFECYCLE,EVAL,SUCCESS,31.0,152,6
D7_Quiescent_Tap,814,B1_LEBRE_NO_REC_BIRTH,EVAL,SUCCESS,25.0,136,5
D7_Quiescent_Tap,813,B4_VARIABLE_CONTIGUOUS_TAP_LENGTH,EVAL,SUCCESS,182.28857142857143,1920,35
D7_Quiescent_Tap,814,B3_FIXED_DENSE_FIR,EVAL,SUCCESS,80.0,240,20
D7_Quiescent_Tap,813,B7_PROPOSED_DYNAMIC_LAG_LIFECYCLE,EVAL,SUCCESS,112.46457142857143,1172,9
D7_Quiescent_Tap,813,B7_E0_MAGNITUDE_EVICTION,EVAL,SUCCESS,92.71885714285715,972,7
D7_Quiescent_Tap,813,B5_SPARSITY_REGULARIZED_FULL_DICTIONARY,EVAL,SUCCESS,960.0,1920,0
D7_Quiescent_Tap,814,O1_FULL_DENSE_FIR,EVAL,SUCCESS,660.0,1980,165
D7_Quiescent_Tap,813,B0_LEBRE_FROZEN,EVAL,SUCCESS,35.41171428571428,368,5
D7_Quiescent_Tap,815,O0_ORACLE_SPARSE,EVAL,SUCCESS,31.0,164,6
D7_Quiescent_Tap,813,B6_PROPORTIONATE_SPARSE_ADAPTIVE_FILTER,EVAL,SUCCESS,1280.0,2560,1
D7_Quiescent_Tap,815,O2_ORACLE_SUPPORT_LIFECYCLE,EVAL,SUCCESS,31.0,152,6
D7_Quiescent_Tap,814,B4_VARIABLE_CONTIGUOUS_TAP_LENGTH,EVAL,SUCCESS,184.37142857142857,1920,35
D7_Quiescent_Tap,815,B1_LEBRE_NO_REC_BIRTH,EVAL,SUCCESS,25.0,136,5
D7_Quiescent_Tap,814,B0_LEBRE_FROZEN,EVAL,SUCCESS,35.845142857142854,368,5
D7_Quiescent_Tap,814,B7_PROPOSED_DYNAMIC_LAG_LIFECYCLE,EVAL,SUCCESS,112.41657142857143,1108,9
D7_Quiescent_Tap,815,B3_FIXED_DENSE_FIR,EVAL,SUCCESS,80.0,240,20
D7_Quiescent_Tap,814,B5_SPARSITY_REGULARIZED_FULL_DICTIONARY,EVAL,SUCCESS,960.0,1920,0
D7_Quiescent_Tap,814,B7_E0_MAGNITUDE_EVICTION,EVAL,SUCCESS,112.41657142857143,1108,9
D7_Quiescent_Tap,815,O1_FULL_DENSE_FIR,EVAL,SUCCESS,660.0,1980,165
D7_Quiescent_Tap,816,O0_ORACLE_SPARSE,EVAL,SUCCESS,31.0,164,6
D7_Quiescent_Tap,814,B6_PROPORTIONATE_SPARSE_ADAPTIVE_FILTER,EVAL,SUCCESS,1280.0,2560,1
D7_Quiescent_Tap,816,O2_ORACLE_SUPPORT_LIFECYCLE,EVAL,SUCCESS,31.0,152,6
D7_Quiescent_Tap,816,B1_LEBRE_NO_REC_BIRTH,EVAL,SUCCESS,25.0,136,5
D7_Quiescent_Tap,815,B4_VARIABLE_CONTIGUOUS_TAP_LENGTH,EVAL,SUCCESS,182.89714285714285,1920,35
D7_Quiescent_Tap,816,B3_FIXED_DENSE_FIR,EVAL,SUCCESS,80.0,240,20
D7_Quiescent_Tap,815,B5_SPARSITY_REGULARIZED_FULL_DICTIONARY,EVAL,SUCCESS,960.0,1920,0
D7_Quiescent_Tap,815,B7_E0_MAGNITUDE_EVICTION,EVAL,SUCCESS,94.97828571428572,1112,8
D7_Quiescent_Tap,815,B7_PROPOSED_DYNAMIC_LAG_LIFECYCLE,EVAL,SUCCESS,104.87542857142857,1116,9
D7_Quiescent_Tap,816,O1_FULL_DENSE_FIR,EVAL,SUCCESS,660.0,1980,165
D7_Quiescent_Tap,815,B0_LEBRE_FROZEN,EVAL,SUCCESS,34.768857142857144,368,5
D7_Quiescent_Tap,817,O0_ORACLE_SPARSE,EVAL,SUCCESS,31.0,164,6
D7_Quiescent_Tap,815,B6_PROPORTIONATE_SPARSE_ADAPTIVE_FILTER,EVAL,SUCCESS,1280.0,2560,1
D7_Quiescent_Tap,817,O2_ORACLE_SUPPORT_LIFECYCLE,EVAL,SUCCESS,31.0,152,6
D7_Quiescent_Tap,816,B4_VARIABLE_CONTIGUOUS_TAP_LENGTH,EVAL,SUCCESS,183.31428571428572,1920,35
D7_Quiescent_Tap,817,B1_LEBRE_NO_REC_BIRTH,EVAL,SUCCESS,25.0,136,5
D7_Quiescent_Tap,817,B3_FIXED_DENSE_FIR,EVAL,SUCCESS,80.0,240,20
D7_Quiescent_Tap,816,B7_PROPOSED_DYNAMIC_LAG_LIFECYCLE,EVAL,SUCCESS,112.77714285714286,1216,9
D7_Quiescent_Tap,816,B0_LEBRE_FROZEN,EVAL,SUCCESS,34.08257142857143,368,5
D7_Quiescent_Tap,816,B5_SPARSITY_REGULARIZED_FULL_DICTIONARY,EVAL,SUCCESS,960.0,1920,0
D7_Quiescent_Tap,816,B7_E0_MAGNITUDE_EVICTION,EVAL,SUCCESS,112.77714285714286,1216,9
D7_Quiescent_Tap,818,O0_ORACLE_SPARSE,EVAL,SUCCESS,31.0,164,6
D7_Quiescent_Tap,818,O2_ORACLE_SUPPORT_LIFECYCLE,EVAL,SUCCESS,31.0,152,6
D7_Quiescent_Tap,817,O1_FULL_DENSE_FIR,EVAL,SUCCESS,660.0,1980,165
D7_Quiescent_Tap,816,B6_PROPORTIONATE_SPARSE_ADAPTIVE_FILTER,EVAL,SUCCESS,1280.0,2560,1
D7_Quiescent_Tap,817,B7_PROPOSED_DYNAMIC_LAG_LIFECYCLE,EVAL,SUCCESS,94.57657142857143,1152,8
D7_Quiescent_Tap,817,B4_VARIABLE_CONTIGUOUS_TAP_LENGTH,EVAL,SUCCESS,183.27142857142857,1920,35
D7_Quiescent_Tap,818,B1_LEBRE_NO_REC_BIRTH,EVAL,SUCCESS,25.0,136,5
D7_Quiescent_Tap,817,B7_E0_MAGNITUDE_EVICTION,EVAL,SUCCESS,94.57657142857143,1152,8
D7_Quiescent_Tap,818,B3_FIXED_DENSE_FIR,EVAL,SUCCESS,80.0,240,20
D7_Quiescent_Tap,817,B5_SPARSITY_REGULARIZED_FULL_DICTIONARY,EVAL,SUCCESS,960.0,1920,0
D7_Quiescent_Tap,817,B0_LEBRE_FROZEN,EVAL,SUCCESS,34.53971428571428,368,5
D7_Quiescent_Tap,818,O1_FULL_DENSE_FIR,EVAL,SUCCESS,660.0,1980,165
D7_Quiescent_Tap,819,O0_ORACLE_SPARSE,EVAL,SUCCESS,31.0,164,6
D7_Quiescent_Tap,817,B6_PROPORTIONATE_SPARSE_ADAPTIVE_FILTER,EVAL,SUCCESS,1280.0,2560,1
D7_Quiescent_Tap,819,O2_ORACLE_SUPPORT_LIFECYCLE,EVAL,SUCCESS,31.0,152,6
D7_Quiescent_Tap,819,B1_LEBRE_NO_REC_BIRTH,EVAL,SUCCESS,25.0,136,5
D7_Quiescent_Tap,818,B4_VARIABLE_CONTIGUOUS_TAP_LENGTH,EVAL,SUCCESS,183.12,1920,35
D7_Quiescent_Tap,819,B3_FIXED_DENSE_FIR,EVAL,SUCCESS,80.0,240,20
D7_Quiescent_Tap,818,B7_PROPOSED_DYNAMIC_LAG_LIFECYCLE,EVAL,SUCCESS,102.41257142857143,1072,8
D7_Quiescent_Tap,818,B5_SPARSITY_REGULARIZED_FULL_DICTIONARY,EVAL,SUCCESS,960.0,1920,0
D7_Quiescent_Tap,818,B7_E0_MAGNITUDE_EVICTION,EVAL,SUCCESS,102.41257142857143,1072,8
D7_Quiescent_Tap,818,B0_LEBRE_FROZEN,EVAL,SUCCESS,35.39742857142857,368,5
D7_Quiescent_Tap,820,O0_ORACLE_SPARSE,EVAL,SUCCESS,31.0,164,6
D7_Quiescent_Tap,819,O1_FULL_DENSE_FIR,EVAL,SUCCESS,660.0,1980,165
D7_Quiescent_Tap,819,B4_VARIABLE_CONTIGUOUS_TAP_LENGTH,EVAL,SUCCESS,115.94571428571429,1920,25
D7_Quiescent_Tap,818,B6_PROPORTIONATE_SPARSE_ADAPTIVE_FILTER,EVAL,SUCCESS,1280.0,2560,1
D7_Quiescent_Tap,820,O2_ORACLE_SUPPORT_LIFECYCLE,EVAL,SUCCESS,31.0,152,6
D7_Quiescent_Tap,820,B1_LEBRE_NO_REC_BIRTH,EVAL,SUCCESS,25.0,136,5
D7_Quiescent_Tap,819,B7_PROPOSED_DYNAMIC_LAG_LIFECYCLE,EVAL,SUCCESS,81.38571428571429,976,6
D7_Quiescent_Tap,819,B7_E0_MAGNITUDE_EVICTION,EVAL,SUCCESS,81.38571428571429,976,6
D7_Quiescent_Tap,820,B3_FIXED_DENSE_FIR,EVAL,SUCCESS,80.0,240,20
D7_Quiescent_Tap,819,B5_SPARSITY_REGULARIZED_FULL_DICTIONARY,EVAL,SUCCESS,960.0,1920,0
D7_Quiescent_Tap,819,B0_LEBRE_FROZEN,EVAL,SUCCESS,34.23714285714286,368,5
D7_Quiescent_Tap,821,O0_ORACLE_SPARSE,EVAL,SUCCESS,31.0,164,6
D7_Quiescent_Tap,820,O1_FULL_DENSE_FIR,EVAL,SUCCESS,660.0,1980,165
D7_Quiescent_Tap,819,B6_PROPORTIONATE_SPARSE_ADAPTIVE_FILTER,EVAL,SUCCESS,1280.0,2560,1
D7_Quiescent_Tap,821,O2_ORACLE_SUPPORT_LIFECYCLE,EVAL,SUCCESS,31.0,152,6
D7_Quiescent_Tap,821,B1_LEBRE_NO_REC_BIRTH,EVAL,SUCCESS,25.0,136,5
D7_Quiescent_Tap,820,B4_VARIABLE_CONTIGUOUS_TAP_LENGTH,EVAL,SUCCESS,119.93714285714286,1920,25
D7_Quiescent_Tap,821,B3_FIXED_DENSE_FIR,EVAL,SUCCESS,80.0,240,20
D7_Quiescent_Tap,820,B0_LEBRE_FROZEN,EVAL,SUCCESS,35.364285714285714,368,5
D7_Quiescent_Tap,820,B7_PROPOSED_DYNAMIC_LAG_LIFECYCLE,EVAL,SUCCESS,111.976,1084,9
D7_Quiescent_Tap,820,B7_E0_MAGNITUDE_EVICTION,EVAL,SUCCESS,111.976,1084,9
D7_Quiescent_Tap,820,B5_SPARSITY_REGULARIZED_FULL_DICTIONARY,EVAL,SUCCESS,960.0,1920,0
D7_Quiescent_Tap,821,O1_FULL_DENSE_FIR,EVAL,SUCCESS,660.0,1980,165
D7_Quiescent_Tap,822,O0_ORACLE_SPARSE,EVAL,SUCCESS,31.0,164,6
D7_Quiescent_Tap,820,B6_PROPORTIONATE_SPARSE_ADAPTIVE_FILTER,EVAL,SUCCESS,1280.0,2560,1
D7_Quiescent_Tap,822,O2_ORACLE_SUPPORT_LIFECYCLE,EVAL,SUCCESS,31.0,152,6
D7_Quiescent_Tap,821,B4_VARIABLE_CONTIGUOUS_TAP_LENGTH,EVAL,SUCCESS,183.10285714285715,1920,40
D7_Quiescent_Tap,822,B1_LEBRE_NO_REC_BIRTH,EVAL,SUCCESS,25.0,136,5
D7_Quiescent_Tap,821,B7_E0_MAGNITUDE_EVICTION,EVAL,SUCCESS,102.55257142857143,1260,8
D7_Quiescent_Tap,821,B0_LEBRE_FROZEN,EVAL,SUCCESS,34.74057142857143,368,5
D7_Quiescent_Tap,821,B5_SPARSITY_REGULARIZED_FULL_DICTIONARY,EVAL,SUCCESS,960.0,1920,0
D7_Quiescent_Tap,821,B7_PROPOSED_DYNAMIC_LAG_LIFECYCLE,EVAL,SUCCESS,102.55257142857143,1260,8
D7_Quiescent_Tap,822,B3_FIXED_DENSE_FIR,EVAL,SUCCESS,80.0,240,20
D7_Quiescent_Tap,822,O1_FULL_DENSE_FIR,EVAL,SUCCESS,660.0,1980,165
D7_Quiescent_Tap,823,O0_ORACLE_SPARSE,EVAL,SUCCESS,31.0,164,6
D7_Quiescent_Tap,821,B6_PROPORTIONATE_SPARSE_ADAPTIVE_FILTER,EVAL,SUCCESS,1280.0,2560,1
D7_Quiescent_Tap,823,O2_ORACLE_SUPPORT_LIFECYCLE,EVAL,SUCCESS,31.0,152,6
D7_Quiescent_Tap,823,B1_LEBRE_NO_REC_BIRTH,EVAL,SUCCESS,25.0,136,5
D7_Quiescent_Tap,822,B4_VARIABLE_CONTIGUOUS_TAP_LENGTH,EVAL,SUCCESS,185.1,1920,40
D7_Quiescent_Tap,823,B3_FIXED_DENSE_FIR,EVAL,SUCCESS,80.0,240,20
D7_Quiescent_Tap,822,B5_SPARSITY_REGULARIZED_FULL_DICTIONARY,EVAL,SUCCESS,960.0,1920,0
D7_Quiescent_Tap,822,B7_PROPOSED_DYNAMIC_LAG_LIFECYCLE,EVAL,SUCCESS,112.39885714285714,1160,9
D7_Quiescent_Tap,822,B7_E0_MAGNITUDE_EVICTION,EVAL,SUCCESS,112.39885714285714,1160,9
D7_Quiescent_Tap,822,B0_LEBRE_FROZEN,EVAL,SUCCESS,35.898857142857146,368,5
D7_Quiescent_Tap,824,O0_ORACLE_SPARSE,EVAL,SUCCESS,31.0,164,6
D7_Quiescent_Tap,823,O1_FULL_DENSE_FIR,EVAL,SUCCESS,660.0,1980,165
D7_Quiescent_Tap,822,B6_PROPORTIONATE_SPARSE_ADAPTIVE_FILTER,EVAL,SUCCESS,1280.0,2560,1
D7_Quiescent_Tap,824,O2_ORACLE_SUPPORT_LIFECYCLE,EVAL,SUCCESS,31.0,152,6
D7_Quiescent_Tap,824,B1_LEBRE_NO_REC_BIRTH,EVAL,SUCCESS,25.0,136,5
D7_Quiescent_Tap,823,B4_VARIABLE_CONTIGUOUS_TAP_LENGTH,EVAL,SUCCESS,183.79142857142858,1920,35
D7_Quiescent_Tap,823,B5_SPARSITY_REGULARIZED_FULL_DICTIONARY,EVAL,SUCCESS,960.0,1920,0
D7_Quiescent_Tap,823,B0_LEBRE_FROZEN,EVAL,SUCCESS,35.18942857142857,368,10
D7_Quiescent_Tap,824,B3_FIXED_DENSE_FIR,EVAL,SUCCESS,80.0,240,20
D7_Quiescent_Tap,824,O1_FULL_DENSE_FIR,EVAL,SUCCESS,660.0,1980,165
D7_Quiescent_Tap,823,B7_E0_MAGNITUDE_EVICTION,EVAL,SUCCESS,112.30228571428572,1168,9
D7_Quiescent_Tap,823,B7_PROPOSED_DYNAMIC_LAG_LIFECYCLE,EVAL,SUCCESS,112.30228571428572,1168,9
D7_Quiescent_Tap,823,B6_PROPORTIONATE_SPARSE_ADAPTIVE_FILTER,EVAL,SUCCESS,1280.0,2560,1
D7_Quiescent_Tap,825,O0_ORACLE_SPARSE,EVAL,SUCCESS,31.0,164,6
D7_Quiescent_Tap,825,O2_ORACLE_SUPPORT_LIFECYCLE,EVAL,SUCCESS,31.0,152,6
D7_Quiescent_Tap,825,B1_LEBRE_NO_REC_BIRTH,EVAL,SUCCESS,25.0,136,5
D7_Quiescent_Tap,824,B4_VARIABLE_CONTIGUOUS_TAP_LENGTH,EVAL,SUCCESS,185.2657142857143,1920,35
D7_Quiescent_Tap,824,B0_LEBRE_FROZEN,EVAL,SUCCESS,35.42885714285714,368,8
D7_Quiescent_Tap,824,B7_PROPOSED_DYNAMIC_LAG_LIFECYCLE,EVAL,SUCCESS,112.64285714285714,1252,9
D7_Quiescent_Tap,825,B3_FIXED_DENSE_FIR,EVAL,SUCCESS,80.0,240,20
D7_Quiescent_Tap,824,B7_E0_MAGNITUDE_EVICTION,EVAL,SUCCESS,112.64285714285714,1252,9
D7_Quiescent_Tap,824,B5_SPARSITY_REGULARIZED_FULL_DICTIONARY,EVAL,SUCCESS,960.0,1920,0
D7_Quiescent_Tap,824,B6_PROPORTIONATE_SPARSE_ADAPTIVE_FILTER,EVAL,SUCCESS,1280.0,2560,1
D7_Quiescent_Tap,825,O1_FULL_DENSE_FIR,EVAL,SUCCESS,660.0,1980,165
D7_Quiescent_Tap,826,O0_ORACLE_SPARSE,EVAL,SUCCESS,31.0,164,6
D7_Quiescent_Tap,825,B4_VARIABLE_CONTIGUOUS_TAP_LENGTH,EVAL,SUCCESS,182.61714285714285,1920,40
D7_Quiescent_Tap,826,O2_ORACLE_SUPPORT_LIFECYCLE,EVAL,SUCCESS,31.0,152,6
D7_Quiescent_Tap,826,B1_LEBRE_NO_REC_BIRTH,EVAL,SUCCESS,25.0,136,5
D7_Quiescent_Tap,825,B7_PROPOSED_DYNAMIC_LAG_LIFECYCLE,EVAL,SUCCESS,112.11371428571428,1232,9
D7_Quiescent_Tap,826,B3_FIXED_DENSE_FIR,EVAL,SUCCESS,80.0,240,20
D7_Quiescent_Tap,825,B0_LEBRE_FROZEN,EVAL,SUCCESS,34.21371428571429,368,5
D7_Quiescent_Tap,825,B5_SPARSITY_REGULARIZED_FULL_DICTIONARY,EVAL,SUCCESS,960.0,1920,0
D7_Quiescent_Tap,825,B7_E0_MAGNITUDE_EVICTION,EVAL,SUCCESS,112.11371428571428,1232,9
D7_Quiescent_Tap,826,O1_FULL_DENSE_FIR,EVAL,SUCCESS,660.0,1980,165
D7_Quiescent_Tap,827,O0_ORACLE_SPARSE,EVAL,SUCCESS,31.0,164,6
D7_Quiescent_Tap,825,B6_PROPORTIONATE_SPARSE_ADAPTIVE_FILTER,EVAL,SUCCESS,1280.0,2560,1
D7_Quiescent_Tap,827,B1_LEBRE_NO_REC_BIRTH,EVAL,SUCCESS,25.0,136,5
D7_Quiescent_Tap,826,B4_VARIABLE_CONTIGUOUS_TAP_LENGTH,EVAL,SUCCESS,182.59714285714287,1920,35
D7_Quiescent_Tap,827,O2_ORACLE_SUPPORT_LIFECYCLE,EVAL,SUCCESS,31.0,152,6
D7_Quiescent_Tap,826,B7_PROPOSED_DYNAMIC_LAG_LIFECYCLE,EVAL,SUCCESS,85.78885714285714,1012,7
D7_Quiescent_Tap,826,B5_SPARSITY_REGULARIZED_FULL_DICTIONARY,EVAL,SUCCESS,960.0,1920,0
D7_Quiescent_Tap,826,B7_E0_MAGNITUDE_EVICTION,EVAL,SUCCESS,85.78885714285714,1012,7
D7_Quiescent_Tap,827,B3_FIXED_DENSE_FIR,EVAL,SUCCESS,80.0,240,20
D7_Quiescent_Tap,826,B0_LEBRE_FROZEN,EVAL,SUCCESS,35.164,368,5
D7_Quiescent_Tap,827,O1_FULL_DENSE_FIR,EVAL,SUCCESS,660.0,1980,165
D7_Quiescent_Tap,826,B6_PROPORTIONATE_SPARSE_ADAPTIVE_FILTER,EVAL,SUCCESS,1280.0,2560,1
D7_Quiescent_Tap,828,O0_ORACLE_SPARSE,EVAL,SUCCESS,31.0,164,6
D7_Quiescent_Tap,828,O2_ORACLE_SUPPORT_LIFECYCLE,EVAL,SUCCESS,31.0,152,6
D7_Quiescent_Tap,828,B1_LEBRE_NO_REC_BIRTH,EVAL,SUCCESS,25.0,136,5
D7_Quiescent_Tap,827,B4_VARIABLE_CONTIGUOUS_TAP_LENGTH,EVAL,SUCCESS,113.71714285714286,1920,25
D7_Quiescent_Tap,827,B7_PROPOSED_DYNAMIC_LAG_LIFECYCLE,EVAL,SUCCESS,91.96342857142857,1072,7
D7_Quiescent_Tap,828,B3_FIXED_DENSE_FIR,EVAL,SUCCESS,80.0,240,20
D7_Quiescent_Tap,827,B7_E0_MAGNITUDE_EVICTION,EVAL,SUCCESS,91.96342857142857,1072,7
D7_Quiescent_Tap,827,B5_SPARSITY_REGULARIZED_FULL_DICTIONARY,EVAL,SUCCESS,960.0,1920,0
D7_Quiescent_Tap,828,O1_FULL_DENSE_FIR,EVAL,SUCCESS,660.0,1980,165
D7_Quiescent_Tap,829,O0_ORACLE_SPARSE,EVAL,SUCCESS,31.0,164,6
D7_Quiescent_Tap,827,B6_PROPORTIONATE_SPARSE_ADAPTIVE_FILTER,EVAL,SUCCESS,1280.0,2560,1
D7_Quiescent_Tap,827,B0_LEBRE_FROZEN,EVAL,SUCCESS,35.314,368,5
D7_Quiescent_Tap,828,B4_VARIABLE_CONTIGUOUS_TAP_LENGTH,EVAL,SUCCESS,182.56571428571428,1920,35
D7_Quiescent_Tap,829,B1_LEBRE_NO_REC_BIRTH,EVAL,SUCCESS,25.0,136,5
D7_Quiescent_Tap,829,O2_ORACLE_SUPPORT_LIFECYCLE,EVAL,SUCCESS,31.0,152,6
D7_Quiescent_Tap,829,B3_FIXED_DENSE_FIR,EVAL,SUCCESS,80.0,240,20
D7_Quiescent_Tap,828,B5_SPARSITY_REGULARIZED_FULL_DICTIONARY,EVAL,SUCCESS,960.0,1920,0
D7_Quiescent_Tap,828,B0_LEBRE_FROZEN,EVAL,SUCCESS,35.13057142857143,368,8
D7_Quiescent_Tap,828,B7_PROPOSED_DYNAMIC_LAG_LIFECYCLE,EVAL,SUCCESS,112.452,1284,9
D7_Quiescent_Tap,829,O1_FULL_DENSE_FIR,EVAL,SUCCESS,660.0,1980,165
D7_Quiescent_Tap,828,B7_E0_MAGNITUDE_EVICTION,EVAL,SUCCESS,112.452,1284,9
D7_Quiescent_Tap,830,O0_ORACLE_SPARSE,EVAL,SUCCESS,31.0,164,6
D7_Quiescent_Tap,830,O2_ORACLE_SUPPORT_LIFECYCLE,EVAL,SUCCESS,31.0,152,6
D7_Quiescent_Tap,828,B6_PROPORTIONATE_SPARSE_ADAPTIVE_FILTER,EVAL,SUCCESS,1280.0,2560,1
D7_Quiescent_Tap,830,B1_LEBRE_NO_REC_BIRTH,EVAL,SUCCESS,25.0,136,5
D7_Quiescent_Tap,829,B4_VARIABLE_CONTIGUOUS_TAP_LENGTH,EVAL,SUCCESS,182.8057142857143,1920,35
D7_Quiescent_Tap,830,B3_FIXED_DENSE_FIR,EVAL,SUCCESS,80.0,240,20
D7_Quiescent_Tap,829,B7_PROPOSED_DYNAMIC_LAG_LIFECYCLE,EVAL,SUCCESS,112.36685714285714,1248,9
D7_Quiescent_Tap,829,B0_LEBRE_FROZEN,EVAL,SUCCESS,35.084,368,8
D7_Quiescent_Tap,829,B5_SPARSITY_REGULARIZED_FULL_DICTIONARY,EVAL,SUCCESS,960.0,1920,0
D7_Quiescent_Tap,829,B7_E0_MAGNITUDE_EVICTION,EVAL,SUCCESS,112.36685714285714,1248,9
D7_Quiescent_Tap,830,O1_FULL_DENSE_FIR,EVAL,SUCCESS,660.0,1980,165
D7_Quiescent_Tap,829,B6_PROPORTIONATE_SPARSE_ADAPTIVE_FILTER,EVAL,SUCCESS,1280.0,2560,1
D8_Amplitude_Drift,801,O0_ORACLE_SPARSE,EVAL,SUCCESS,31.0,160,6
D7_Quiescent_Tap,830,B4_VARIABLE_CONTIGUOUS_TAP_LENGTH,EVAL,SUCCESS,183.23142857142858,1920,35
D8_Amplitude_Drift,801,O2_ORACLE_SUPPORT_LIFECYCLE,EVAL,SUCCESS,31.0,152,6
D8_Amplitude_Drift,801,B1_LEBRE_NO_REC_BIRTH,EVAL,SUCCESS,25.0,136,5
D7_Quiescent_Tap,830,B7_PROPOSED_DYNAMIC_LAG_LIFECYCLE,EVAL,SUCCESS,112.444,1232,9
D7_Quiescent_Tap,830,B5_SPARSITY_REGULARIZED_FULL_DICTIONARY,EVAL,SUCCESS,960.0,1920,0
D8_Amplitude_Drift,801,B3_FIXED_DENSE_FIR,EVAL,SUCCESS,80.0,240,20
D7_Quiescent_Tap,830,B7_E0_MAGNITUDE_EVICTION,EVAL,SUCCESS,112.444,1232,9
D7_Quiescent_Tap,830,B0_LEBRE_FROZEN,EVAL,SUCCESS,35.155142857142856,368,10
D7_Quiescent_Tap,830,B6_PROPORTIONATE_SPARSE_ADAPTIVE_FILTER,EVAL,SUCCESS,1280.0,2560,1
D8_Amplitude_Drift,801,O1_FULL_DENSE_FIR,EVAL,SUCCESS,660.0,1980,165
D8_Amplitude_Drift,802,O0_ORACLE_SPARSE,EVAL,SUCCESS,31.0,160,6
D8_Amplitude_Drift,802,B1_LEBRE_NO_REC_BIRTH,EVAL,SUCCESS,25.0,136,5
D8_Amplitude_Drift,801,B4_VARIABLE_CONTIGUOUS_TAP_LENGTH,EVAL,SUCCESS,163.58,1920,35
D8_Amplitude_Drift,802,O2_ORACLE_SUPPORT_LIFECYCLE,EVAL,SUCCESS,31.0,152,6
D8_Amplitude_Drift,802,B3_FIXED_DENSE_FIR,EVAL,SUCCESS,80.0,240,20
D8_Amplitude_Drift,801,B5_SPARSITY_REGULARIZED_FULL_DICTIONARY,EVAL,SUCCESS,960.0,1920,0
D8_Amplitude_Drift,801,B0_LEBRE_FROZEN,EVAL,SUCCESS,39.05314285714286,368,5
D8_Amplitude_Drift,801,B7_PROPOSED_DYNAMIC_LAG_LIFECYCLE,EVAL,SUCCESS,112.668,1312,9
D8_Amplitude_Drift,801,B7_E0_MAGNITUDE_EVICTION,EVAL,SUCCESS,112.668,1312,9
D8_Amplitude_Drift,802,O1_FULL_DENSE_FIR,EVAL,SUCCESS,660.0,1980,165
D8_Amplitude_Drift,801,B6_PROPORTIONATE_SPARSE_ADAPTIVE_FILTER,EVAL,SUCCESS,1280.0,2560,1
D8_Amplitude_Drift,803,O0_ORACLE_SPARSE,EVAL,SUCCESS,31.0,160,6
D8_Amplitude_Drift,803,O2_ORACLE_SUPPORT_LIFECYCLE,EVAL,SUCCESS,31.0,152,6
D8_Amplitude_Drift,803,B1_LEBRE_NO_REC_BIRTH,EVAL,SUCCESS,25.0,136,5
D8_Amplitude_Drift,802,B4_VARIABLE_CONTIGUOUS_TAP_LENGTH,EVAL,SUCCESS,163.44,1920,35
D8_Amplitude_Drift,803,B3_FIXED_DENSE_FIR,EVAL,SUCCESS,80.0,240,20
D8_Amplitude_Drift,802,B7_PROPOSED_DYNAMIC_LAG_LIFECYCLE,EVAL,SUCCESS,112.49485714285714,1232,9
D8_Amplitude_Drift,802,B0_LEBRE_FROZEN,EVAL,SUCCESS,37.776857142857146,368,8
D8_Amplitude_Drift,802,B5_SPARSITY_REGULARIZED_FULL_DICTIONARY,EVAL,SUCCESS,960.0,1920,0
D8_Amplitude_Drift,803,O1_FULL_DENSE_FIR,EVAL,SUCCESS,660.0,1980,165
D8_Amplitude_Drift,802,B7_E0_MAGNITUDE_EVICTION,EVAL,SUCCESS,112.49485714285714,1232,9
D8_Amplitude_Drift,802,B6_PROPORTIONATE_SPARSE_ADAPTIVE_FILTER,EVAL,SUCCESS,1280.0,2560,1
D8_Amplitude_Drift,804,O0_ORACLE_SPARSE,EVAL,SUCCESS,31.0,160,6
D8_Amplitude_Drift,804,O2_ORACLE_SUPPORT_LIFECYCLE,EVAL,SUCCESS,31.0,152,6
D8_Amplitude_Drift,803,B4_VARIABLE_CONTIGUOUS_TAP_LENGTH,EVAL,SUCCESS,166.1457142857143,1920,35
D8_Amplitude_Drift,804,B1_LEBRE_NO_REC_BIRTH,EVAL,SUCCESS,25.0,136,5
D8_Amplitude_Drift,803,B0_LEBRE_FROZEN,EVAL,SUCCESS,37.09885714285714,368,5
D8_Amplitude_Drift,804,B3_FIXED_DENSE_FIR,EVAL,SUCCESS,80.0,240,20
D8_Amplitude_Drift,803,B7_PROPOSED_DYNAMIC_LAG_LIFECYCLE,EVAL,SUCCESS,112.43714285714286,1304,9
D8_Amplitude_Drift,803,B5_SPARSITY_REGULARIZED_FULL_DICTIONARY,EVAL,SUCCESS,960.0,1920,0
D8_Amplitude_Drift,804,O1_FULL_DENSE_FIR,EVAL,SUCCESS,660.0,1980,165
D8_Amplitude_Drift,803,B7_E0_MAGNITUDE_EVICTION,EVAL,SUCCESS,112.43714285714286,1304,9
D8_Amplitude_Drift,803,B6_PROPORTIONATE_SPARSE_ADAPTIVE_FILTER,EVAL,SUCCESS,1280.0,2560,1
D8_Amplitude_Drift,805,O0_ORACLE_SPARSE,EVAL,SUCCESS,31.0,160,6
D8_Amplitude_Drift,804,B4_VARIABLE_CONTIGUOUS_TAP_LENGTH,EVAL,SUCCESS,164.85714285714286,1920,35
D8_Amplitude_Drift,805,O2_ORACLE_SUPPORT_LIFECYCLE,EVAL,SUCCESS,31.0,152,6
D8_Amplitude_Drift,805,B1_LEBRE_NO_REC_BIRTH,EVAL,SUCCESS,25.0,136,5
D8_Amplitude_Drift,804,B5_SPARSITY_REGULARIZED_FULL_DICTIONARY,EVAL,SUCCESS,960.0,1920,0
D8_Amplitude_Drift,804,B0_LEBRE_FROZEN,EVAL,SUCCESS,36.88771428571429,368,5
D8_Amplitude_Drift,805,B3_FIXED_DENSE_FIR,EVAL,SUCCESS,80.0,240,20
D8_Amplitude_Drift,804,B7_PROPOSED_DYNAMIC_LAG_LIFECYCLE,EVAL,SUCCESS,113.09885714285714,1208,9
D8_Amplitude_Drift,804,B7_E0_MAGNITUDE_EVICTION,EVAL,SUCCESS,113.09885714285714,1208,9
D8_Amplitude_Drift,805,O1_FULL_DENSE_FIR,EVAL,SUCCESS,660.0,1980,165
D8_Amplitude_Drift,804,B6_PROPORTIONATE_SPARSE_ADAPTIVE_FILTER,EVAL,SUCCESS,1280.0,2560,1
D8_Amplitude_Drift,806,O0_ORACLE_SPARSE,EVAL,SUCCESS,31.0,160,6
D8_Amplitude_Drift,806,O2_ORACLE_SUPPORT_LIFECYCLE,EVAL,SUCCESS,31.0,152,6
D8_Amplitude_Drift,806,B1_LEBRE_NO_REC_BIRTH,EVAL,SUCCESS,25.0,136,5
D8_Amplitude_Drift,805,B4_VARIABLE_CONTIGUOUS_TAP_LENGTH,EVAL,SUCCESS,164.67142857142858,1920,35
D8_Amplitude_Drift,806,B3_FIXED_DENSE_FIR,EVAL,SUCCESS,80.0,240,20
D8_Amplitude_Drift,805,B5_SPARSITY_REGULARIZED_FULL_DICTIONARY,EVAL,SUCCESS,960.0,1920,0
D8_Amplitude_Drift,805,B7_PROPOSED_DYNAMIC_LAG_LIFECYCLE,EVAL,SUCCESS,112.36,1336,9
D8_Amplitude_Drift,805,B7_E0_MAGNITUDE_EVICTION,EVAL,SUCCESS,112.36,1336,9
D8_Amplitude_Drift,805,B0_LEBRE_FROZEN,EVAL,SUCCESS,38.393142857142855,368,8
D8_Amplitude_Drift,806,O1_FULL_DENSE_FIR,EVAL,SUCCESS,660.0,1980,165
D8_Amplitude_Drift,805,B6_PROPORTIONATE_SPARSE_ADAPTIVE_FILTER,EVAL,SUCCESS,1280.0,2560,1
D8_Amplitude_Drift,807,O0_ORACLE_SPARSE,EVAL,SUCCESS,31.0,160,6
D8_Amplitude_Drift,807,O2_ORACLE_SUPPORT_LIFECYCLE,EVAL,SUCCESS,31.0,152,6
D8_Amplitude_Drift,806,B4_VARIABLE_CONTIGUOUS_TAP_LENGTH,EVAL,SUCCESS,164.43142857142857,1920,35
D8_Amplitude_Drift,807,B1_LEBRE_NO_REC_BIRTH,EVAL,SUCCESS,25.0,136,5
D8_Amplitude_Drift,806,B0_LEBRE_FROZEN,EVAL,SUCCESS,36.67314285714286,368,5
D8_Amplitude_Drift,807,B3_FIXED_DENSE_FIR,EVAL,SUCCESS,80.0,240,20
D8_Amplitude_Drift,806,B5_SPARSITY_REGULARIZED_FULL_DICTIONARY,EVAL,SUCCESS,960.0,1920,0
D8_Amplitude_Drift,806,B7_PROPOSED_DYNAMIC_LAG_LIFECYCLE,EVAL,SUCCESS,112.51885714285714,1156,9
D8_Amplitude_Drift,806,B7_E0_MAGNITUDE_EVICTION,EVAL,SUCCESS,112.51885714285714,1156,9
D8_Amplitude_Drift,806,B6_PROPORTIONATE_SPARSE_ADAPTIVE_FILTER,EVAL,SUCCESS,1280.0,2560,1
D8_Amplitude_Drift,807,O1_FULL_DENSE_FIR,EVAL,SUCCESS,660.0,1980,165
D8_Amplitude_Drift,808,O0_ORACLE_SPARSE,EVAL,SUCCESS,31.0,160,6
D8_Amplitude_Drift,808,O2_ORACLE_SUPPORT_LIFECYCLE,EVAL,SUCCESS,31.0,152,6
D8_Amplitude_Drift,807,B4_VARIABLE_CONTIGUOUS_TAP_LENGTH,EVAL,SUCCESS,164.1057142857143,1920,35
D8_Amplitude_Drift,808,B1_LEBRE_NO_REC_BIRTH,EVAL,SUCCESS,25.0,136,5
D8_Amplitude_Drift,807,B5_SPARSITY_REGULARIZED_FULL_DICTIONARY,EVAL,SUCCESS,960.0,1920,0
D8_Amplitude_Drift,807,B0_LEBRE_FROZEN,EVAL,SUCCESS,38.51457142857143,368,5
D8_Amplitude_Drift,808,B3_FIXED_DENSE_FIR,EVAL,SUCCESS,80.0,240,20
D8_Amplitude_Drift,807,B7_PROPOSED_DYNAMIC_LAG_LIFECYCLE,EVAL,SUCCESS,112.50685714285714,1312,9
D8_Amplitude_Drift,807,B7_E0_MAGNITUDE_EVICTION,EVAL,SUCCESS,112.50685714285714,1312,9
D8_Amplitude_Drift,808,O1_FULL_DENSE_FIR,EVAL,SUCCESS,660.0,1980,165
D8_Amplitude_Drift,809,O0_ORACLE_SPARSE,EVAL,SUCCESS,31.0,160,6
D8_Amplitude_Drift,807,B6_PROPORTIONATE_SPARSE_ADAPTIVE_FILTER,EVAL,SUCCESS,1280.0,2560,1
D8_Amplitude_Drift,808,B4_VARIABLE_CONTIGUOUS_TAP_LENGTH,EVAL,SUCCESS,164.75714285714287,1920,35
D8_Amplitude_Drift,809,O2_ORACLE_SUPPORT_LIFECYCLE,EVAL,SUCCESS,31.0,152,6
D8_Amplitude_Drift,809,B1_LEBRE_NO_REC_BIRTH,EVAL,SUCCESS,25.0,136,5
D8_Amplitude_Drift,808,B7_PROPOSED_DYNAMIC_LAG_LIFECYCLE,EVAL,SUCCESS,112.032,1136,9
D8_Amplitude_Drift,808,B5_SPARSITY_REGULARIZED_FULL_DICTIONARY,EVAL,SUCCESS,960.0,1920,0
D8_Amplitude_Drift,809,B3_FIXED_DENSE_FIR,EVAL,SUCCESS,80.0,240,20
D8_Amplitude_Drift,808,B7_E0_MAGNITUDE_EVICTION,EVAL,SUCCESS,112.032,1136,9
D8_Amplitude_Drift,808,B0_LEBRE_FROZEN,EVAL,SUCCESS,38.62428571428571,368,8
D8_Amplitude_Drift,808,B6_PROPORTIONATE_SPARSE_ADAPTIVE_FILTER,EVAL,SUCCESS,1280.0,2560,1
D8_Amplitude_Drift,809,O1_FULL_DENSE_FIR,EVAL,SUCCESS,660.0,1980,165
D8_Amplitude_Drift,810,O0_ORACLE_SPARSE,EVAL,SUCCESS,31.0,160,6
D8_Amplitude_Drift,810,B1_LEBRE_NO_REC_BIRTH,EVAL,SUCCESS,25.0,136,5
D8_Amplitude_Drift,810,O2_ORACLE_SUPPORT_LIFECYCLE,EVAL,SUCCESS,31.0,152,6
D8_Amplitude_Drift,809,B4_VARIABLE_CONTIGUOUS_TAP_LENGTH,EVAL,SUCCESS,165.65428571428572,1920,35
D8_Amplitude_Drift,810,B3_FIXED_DENSE_FIR,EVAL,SUCCESS,80.0,240,20
D8_Amplitude_Drift,809,B5_SPARSITY_REGULARIZED_FULL_DICTIONARY,EVAL,SUCCESS,960.0,1920,0
D8_Amplitude_Drift,809,B7_E0_MAGNITUDE_EVICTION,EVAL,SUCCESS,112.37714285714286,1216,9
D8_Amplitude_Drift,809,B7_PROPOSED_DYNAMIC_LAG_LIFECYCLE,EVAL,SUCCESS,112.37714285714286,1216,9
D8_Amplitude_Drift,809,B0_LEBRE_FROZEN,EVAL,SUCCESS,38.84657142857143,368,5
D8_Amplitude_Drift,809,B6_PROPORTIONATE_SPARSE_ADAPTIVE_FILTER,EVAL,SUCCESS,1280.0,2560,1
D8_Amplitude_Drift,810,O1_FULL_DENSE_FIR,EVAL,SUCCESS,660.0,1980,165
D8_Amplitude_Drift,811,O0_ORACLE_SPARSE,EVAL,SUCCESS,31.0,160,6
D8_Amplitude_Drift,811,O2_ORACLE_SUPPORT_LIFECYCLE,EVAL,SUCCESS,31.0,152,6
D8_Amplitude_Drift,811,B1_LEBRE_NO_REC_BIRTH,EVAL,SUCCESS,25.0,136,5
D8_Amplitude_Drift,810,B4_VARIABLE_CONTIGUOUS_TAP_LENGTH,EVAL,SUCCESS,164.19142857142856,1920,35
D8_Amplitude_Drift,811,B3_FIXED_DENSE_FIR,EVAL,SUCCESS,80.0,240,20
D8_Amplitude_Drift,810,B5_SPARSITY_REGULARIZED_FULL_DICTIONARY,EVAL,SUCCESS,960.0,1920,0
D8_Amplitude_Drift,810,B0_LEBRE_FROZEN,EVAL,SUCCESS,37.96971428571428,368,5
D8_Amplitude_Drift,810,B7_E0_MAGNITUDE_EVICTION,EVAL,SUCCESS,112.32,1204,9
D8_Amplitude_Drift,810,B7_PROPOSED_DYNAMIC_LAG_LIFECYCLE,EVAL,SUCCESS,112.32,1204,9
D8_Amplitude_Drift,811,O1_FULL_DENSE_FIR,EVAL,SUCCESS,660.0,1980,165
D8_Amplitude_Drift,812,O0_ORACLE_SPARSE,EVAL,SUCCESS,31.0,160,6
D8_Amplitude_Drift,810,B6_PROPORTIONATE_SPARSE_ADAPTIVE_FILTER,EVAL,SUCCESS,1280.0,2560,1
D8_Amplitude_Drift,812,O2_ORACLE_SUPPORT_LIFECYCLE,EVAL,SUCCESS,31.0,152,6
D8_Amplitude_Drift,811,B4_VARIABLE_CONTIGUOUS_TAP_LENGTH,EVAL,SUCCESS,164.36857142857144,1920,35
D8_Amplitude_Drift,812,B1_LEBRE_NO_REC_BIRTH,EVAL,SUCCESS,25.0,136,5
D8_Amplitude_Drift,811,B5_SPARSITY_REGULARIZED_FULL_DICTIONARY,EVAL,SUCCESS,960.0,1920,0
D8_Amplitude_Drift,811,B0_LEBRE_FROZEN,EVAL,SUCCESS,37.37571428571429,368,5
D8_Amplitude_Drift,812,B3_FIXED_DENSE_FIR,EVAL,SUCCESS,80.0,240,20
D8_Amplitude_Drift,811,B7_PROPOSED_DYNAMIC_LAG_LIFECYCLE,EVAL,SUCCESS,112.28285714285714,1180,9
D8_Amplitude_Drift,811,B7_E0_MAGNITUDE_EVICTION,EVAL,SUCCESS,112.28285714285714,1180,9
D8_Amplitude_Drift,812,O1_FULL_DENSE_FIR,EVAL,SUCCESS,660.0,1980,165
D8_Amplitude_Drift,813,O0_ORACLE_SPARSE,EVAL,SUCCESS,31.0,160,6
D8_Amplitude_Drift,811,B6_PROPORTIONATE_SPARSE_ADAPTIVE_FILTER,EVAL,SUCCESS,1280.0,2560,1
D8_Amplitude_Drift,813,O2_ORACLE_SUPPORT_LIFECYCLE,EVAL,SUCCESS,31.0,152,6
D8_Amplitude_Drift,813,B1_LEBRE_NO_REC_BIRTH,EVAL,SUCCESS,25.0,136,5
D8_Amplitude_Drift,812,B4_VARIABLE_CONTIGUOUS_TAP_LENGTH,EVAL,SUCCESS,164.08857142857144,1920,35
D8_Amplitude_Drift,813,B3_FIXED_DENSE_FIR,EVAL,SUCCESS,80.0,240,20
D8_Amplitude_Drift,812,B7_PROPOSED_DYNAMIC_LAG_LIFECYCLE,EVAL,SUCCESS,112.352,1116,9
D8_Amplitude_Drift,812,B5_SPARSITY_REGULARIZED_FULL_DICTIONARY,EVAL,SUCCESS,960.0,1920,0
D8_Amplitude_Drift,812,B0_LEBRE_FROZEN,EVAL,SUCCESS,38.71742857142857,368,5
D8_Amplitude_Drift,812,B7_E0_MAGNITUDE_EVICTION,EVAL,SUCCESS,112.352,1116,9
D8_Amplitude_Drift,813,O1_FULL_DENSE_FIR,EVAL,SUCCESS,660.0,1980,165
D8_Amplitude_Drift,812,B6_PROPORTIONATE_SPARSE_ADAPTIVE_FILTER,EVAL,SUCCESS,1280.0,2560,1
D8_Amplitude_Drift,814,O0_ORACLE_SPARSE,EVAL,SUCCESS,31.0,160,6
D8_Amplitude_Drift,813,B4_VARIABLE_CONTIGUOUS_TAP_LENGTH,EVAL,SUCCESS,166.05142857142857,1920,35
D8_Amplitude_Drift,814,O2_ORACLE_SUPPORT_LIFECYCLE,EVAL,SUCCESS,31.0,152,6
D8_Amplitude_Drift,814,B1_LEBRE_NO_REC_BIRTH,EVAL,SUCCESS,25.0,136,5
D8_Amplitude_Drift,813,B5_SPARSITY_REGULARIZED_FULL_DICTIONARY,EVAL,SUCCESS,960.0,1920,0
D8_Amplitude_Drift,814,B3_FIXED_DENSE_FIR,EVAL,SUCCESS,80.0,240,20
D8_Amplitude_Drift,813,B0_LEBRE_FROZEN,EVAL,SUCCESS,38.62685714285714,368,5
D8_Amplitude_Drift,813,B7_E0_MAGNITUDE_EVICTION,EVAL,SUCCESS,112.36457142857142,1300,9
D8_Amplitude_Drift,813,B7_PROPOSED_DYNAMIC_LAG_LIFECYCLE,EVAL,SUCCESS,112.36457142857142,1300,9
D8_Amplitude_Drift,814,O1_FULL_DENSE_FIR,EVAL,SUCCESS,660.0,1980,165
D8_Amplitude_Drift,815,O0_ORACLE_SPARSE,EVAL,SUCCESS,31.0,160,6
D8_Amplitude_Drift,813,B6_PROPORTIONATE_SPARSE_ADAPTIVE_FILTER,EVAL,SUCCESS,1280.0,2560,1
D8_Amplitude_Drift,815,O2_ORACLE_SUPPORT_LIFECYCLE,EVAL,SUCCESS,31.0,152,6
D8_Amplitude_Drift,815,B1_LEBRE_NO_REC_BIRTH,EVAL,SUCCESS,25.0,136,5
D8_Amplitude_Drift,814,B4_VARIABLE_CONTIGUOUS_TAP_LENGTH,EVAL,SUCCESS,166.5257142857143,1920,35
D8_Amplitude_Drift,815,B3_FIXED_DENSE_FIR,EVAL,SUCCESS,80.0,240,20
D8_Amplitude_Drift,814,B0_LEBRE_FROZEN,EVAL,SUCCESS,39.43142857142857,368,5
D8_Amplitude_Drift,814,B7_PROPOSED_DYNAMIC_LAG_LIFECYCLE,EVAL,SUCCESS,112.11714285714285,1152,9
D8_Amplitude_Drift,814,B7_E0_MAGNITUDE_EVICTION,EVAL,SUCCESS,112.11714285714285,1152,9
D8_Amplitude_Drift,814,B5_SPARSITY_REGULARIZED_FULL_DICTIONARY,EVAL,SUCCESS,960.0,1920,0
D8_Amplitude_Drift,815,O1_FULL_DENSE_FIR,EVAL,SUCCESS,660.0,1980,165
D8_Amplitude_Drift,814,B6_PROPORTIONATE_SPARSE_ADAPTIVE_FILTER,EVAL,SUCCESS,1280.0,2560,1
D8_Amplitude_Drift,816,O0_ORACLE_SPARSE,EVAL,SUCCESS,31.0,160,6
D8_Amplitude_Drift,815,B4_VARIABLE_CONTIGUOUS_TAP_LENGTH,EVAL,SUCCESS,165.62,1920,35
D8_Amplitude_Drift,816,B1_LEBRE_NO_REC_BIRTH,EVAL,SUCCESS,25.0,136,5
D8_Amplitude_Drift,816,O2_ORACLE_SUPPORT_LIFECYCLE,EVAL,SUCCESS,31.0,152,6
D8_Amplitude_Drift,815,B7_E0_MAGNITUDE_EVICTION,EVAL,SUCCESS,82.59085714285715,940,6
D8_Amplitude_Drift,816,B3_FIXED_DENSE_FIR,EVAL,SUCCESS,80.0,240,20
D8_Amplitude_Drift,815,B7_PROPOSED_DYNAMIC_LAG_LIFECYCLE,EVAL,SUCCESS,82.59085714285715,940,6
D8_Amplitude_Drift,815,B0_LEBRE_FROZEN,EVAL,SUCCESS,37.21342857142857,368,5
D8_Amplitude_Drift,815,B5_SPARSITY_REGULARIZED_FULL_DICTIONARY,EVAL,SUCCESS,960.0,1920,0
D8_Amplitude_Drift,817,O0_ORACLE_SPARSE,EVAL,SUCCESS,31.0,160,6
D8_Amplitude_Drift,816,O1_FULL_DENSE_FIR,EVAL,SUCCESS,660.0,1980,165
D8_Amplitude_Drift,815,B6_PROPORTIONATE_SPARSE_ADAPTIVE_FILTER,EVAL,SUCCESS,1280.0,2560,1
D8_Amplitude_Drift,817,O2_ORACLE_SUPPORT_LIFECYCLE,EVAL,SUCCESS,31.0,152,6
D8_Amplitude_Drift,817,B1_LEBRE_NO_REC_BIRTH,EVAL,SUCCESS,25.0,136,5
D8_Amplitude_Drift,816,B4_VARIABLE_CONTIGUOUS_TAP_LENGTH,EVAL,SUCCESS,164.4857142857143,1920,35
D8_Amplitude_Drift,817,B3_FIXED_DENSE_FIR,EVAL,SUCCESS,80.0,240,20
D8_Amplitude_Drift,816,B5_SPARSITY_REGULARIZED_FULL_DICTIONARY,EVAL,SUCCESS,960.0,1920,0
D8_Amplitude_Drift,816,B0_LEBRE_FROZEN,EVAL,SUCCESS,38.27257142857143,368,5
D8_Amplitude_Drift,817,O1_FULL_DENSE_FIR,EVAL,SUCCESS,660.0,1980,165
D8_Amplitude_Drift,816,B7_E0_MAGNITUDE_EVICTION,EVAL,SUCCESS,113.20457142857143,1308,9
D8_Amplitude_Drift,816,B7_PROPOSED_DYNAMIC_LAG_LIFECYCLE,EVAL,SUCCESS,113.20457142857143,1308,9
D8_Amplitude_Drift,816,B6_PROPORTIONATE_SPARSE_ADAPTIVE_FILTER,EVAL,SUCCESS,1280.0,2560,1
D8_Amplitude_Drift,818,O0_ORACLE_SPARSE,EVAL,SUCCESS,31.0,160,6
D8_Amplitude_Drift,817,B4_VARIABLE_CONTIGUOUS_TAP_LENGTH,EVAL,SUCCESS,164.2,1920,35
D8_Amplitude_Drift,818,O2_ORACLE_SUPPORT_LIFECYCLE,EVAL,SUCCESS,31.0,152,6
D8_Amplitude_Drift,818,B1_LEBRE_NO_REC_BIRTH,EVAL,SUCCESS,25.0,136,5
D8_Amplitude_Drift,817,B0_LEBRE_FROZEN,EVAL,SUCCESS,37.621428571428574,368,5
D8_Amplitude_Drift,817,B5_SPARSITY_REGULARIZED_FULL_DICTIONARY,EVAL,SUCCESS,960.0,1920,0
D8_Amplitude_Drift,818,O1_FULL_DENSE_FIR,EVAL,SUCCESS,660.0,1980,165
D8_Amplitude_Drift,818,B3_FIXED_DENSE_FIR,EVAL,SUCCESS,80.0,240,20
D8_Amplitude_Drift,817,B7_PROPOSED_DYNAMIC_LAG_LIFECYCLE,EVAL,SUCCESS,112.23942857142858,1276,9
D8_Amplitude_Drift,817,B6_PROPORTIONATE_SPARSE_ADAPTIVE_FILTER,EVAL,SUCCESS,1280.0,2560,1
D8_Amplitude_Drift,817,B7_E0_MAGNITUDE_EVICTION,EVAL,SUCCESS,112.23942857142858,1276,9
D8_Amplitude_Drift,819,O0_ORACLE_SPARSE,EVAL,SUCCESS,31.0,160,6
D8_Amplitude_Drift,819,O2_ORACLE_SUPPORT_LIFECYCLE,EVAL,SUCCESS,31.0,152,6
D8_Amplitude_Drift,818,B4_VARIABLE_CONTIGUOUS_TAP_LENGTH,EVAL,SUCCESS,164.85714285714286,1920,35
D8_Amplitude_Drift,819,B1_LEBRE_NO_REC_BIRTH,EVAL,SUCCESS,25.0,136,5
D8_Amplitude_Drift,818,B7_PROPOSED_DYNAMIC_LAG_LIFECYCLE,EVAL,SUCCESS,113.20628571428571,1128,9
D8_Amplitude_Drift,818,B5_SPARSITY_REGULARIZED_FULL_DICTIONARY,EVAL,SUCCESS,960.0,1920,0
D8_Amplitude_Drift,819,B3_FIXED_DENSE_FIR,EVAL,SUCCESS,80.0,240,20
D8_Amplitude_Drift,818,B0_LEBRE_FROZEN,EVAL,SUCCESS,37.98085714285714,368,5
D8_Amplitude_Drift,818,B7_E0_MAGNITUDE_EVICTION,EVAL,SUCCESS,113.20628571428571,1128,9
D8_Amplitude_Drift,818,B6_PROPORTIONATE_SPARSE_ADAPTIVE_FILTER,EVAL,SUCCESS,1280.0,2560,1
D8_Amplitude_Drift,820,O0_ORACLE_SPARSE,EVAL,SUCCESS,31.0,160,6
D8_Amplitude_Drift,819,O1_FULL_DENSE_FIR,EVAL,SUCCESS,660.0,1980,165
D8_Amplitude_Drift,820,O2_ORACLE_SUPPORT_LIFECYCLE,EVAL,SUCCESS,31.0,152,6
D8_Amplitude_Drift,819,B4_VARIABLE_CONTIGUOUS_TAP_LENGTH,EVAL,SUCCESS,165.9257142857143,1920,35
D8_Amplitude_Drift,820,B1_LEBRE_NO_REC_BIRTH,EVAL,SUCCESS,25.0,136,5
D8_Amplitude_Drift,819,B7_E0_MAGNITUDE_EVICTION,EVAL,SUCCESS,82.29885714285714,972,6
D8_Amplitude_Drift,820,B3_FIXED_DENSE_FIR,EVAL,SUCCESS,80.0,240,20
D8_Amplitude_Drift,819,B7_PROPOSED_DYNAMIC_LAG_LIFECYCLE,EVAL,SUCCESS,82.29885714285714,972,6
D8_Amplitude_Drift,820,O1_FULL_DENSE_FIR,EVAL,SUCCESS,660.0,1980,165
D8_Amplitude_Drift,819,B5_SPARSITY_REGULARIZED_FULL_DICTIONARY,EVAL,SUCCESS,960.0,1920,0
D8_Amplitude_Drift,819,B0_LEBRE_FROZEN,EVAL,SUCCESS,36.125142857142855,368,10
D8_Amplitude_Drift,819,B6_PROPORTIONATE_SPARSE_ADAPTIVE_FILTER,EVAL,SUCCESS,1280.0,2560,1
D8_Amplitude_Drift,821,O0_ORACLE_SPARSE,EVAL,SUCCESS,31.0,160,6
D8_Amplitude_Drift,821,O2_ORACLE_SUPPORT_LIFECYCLE,EVAL,SUCCESS,31.0,152,6
D8_Amplitude_Drift,821,B1_LEBRE_NO_REC_BIRTH,EVAL,SUCCESS,25.0,136,5
D8_Amplitude_Drift,820,B4_VARIABLE_CONTIGUOUS_TAP_LENGTH,EVAL,SUCCESS,165.59428571428572,1920,35
D8_Amplitude_Drift,821,B3_FIXED_DENSE_FIR,EVAL,SUCCESS,80.0,240,20
D8_Amplitude_Drift,820,B5_SPARSITY_REGULARIZED_FULL_DICTIONARY,EVAL,SUCCESS,960.0,1920,0
D8_Amplitude_Drift,820,B0_LEBRE_FROZEN,EVAL,SUCCESS,38.57114285714286,368,5
D8_Amplitude_Drift,820,B7_PROPOSED_DYNAMIC_LAG_LIFECYCLE,EVAL,SUCCESS,112.62342857142858,1304,9
D8_Amplitude_Drift,820,B7_E0_MAGNITUDE_EVICTION,EVAL,SUCCESS,112.62342857142858,1304,9
D8_Amplitude_Drift,821,O1_FULL_DENSE_FIR,EVAL,SUCCESS,660.0,1980,165
D8_Amplitude_Drift,822,O0_ORACLE_SPARSE,EVAL,SUCCESS,31.0,160,6
D8_Amplitude_Drift,820,B6_PROPORTIONATE_SPARSE_ADAPTIVE_FILTER,EVAL,SUCCESS,1280.0,2560,1
D8_Amplitude_Drift,822,O2_ORACLE_SUPPORT_LIFECYCLE,EVAL,SUCCESS,31.0,152,6
D8_Amplitude_Drift,821,B4_VARIABLE_CONTIGUOUS_TAP_LENGTH,EVAL,SUCCESS,164.66857142857143,1920,35
D8_Amplitude_Drift,822,B1_LEBRE_NO_REC_BIRTH,EVAL,SUCCESS,25.0,136,5
D8_Amplitude_Drift,821,B7_PROPOSED_DYNAMIC_LAG_LIFECYCLE,EVAL,SUCCESS,112.71885714285715,1088,9
D8_Amplitude_Drift,822,B3_FIXED_DENSE_FIR,EVAL,SUCCESS,80.0,240,20
D8_Amplitude_Drift,821,B5_SPARSITY_REGULARIZED_FULL_DICTIONARY,EVAL,SUCCESS,960.0,1920,0
D8_Amplitude_Drift,821,B0_LEBRE_FROZEN,EVAL,SUCCESS,38.45914285714286,368,5
D8_Amplitude_Drift,822,O1_FULL_DENSE_FIR,EVAL,SUCCESS,660.0,1980,165
D8_Amplitude_Drift,821,B7_E0_MAGNITUDE_EVICTION,EVAL,SUCCESS,112.71885714285715,1088,9
D8_Amplitude_Drift,821,B6_PROPORTIONATE_SPARSE_ADAPTIVE_FILTER,EVAL,SUCCESS,1280.0,2560,1
D8_Amplitude_Drift,823,O0_ORACLE_SPARSE,EVAL,SUCCESS,31.0,160,6
D8_Amplitude_Drift,823,O2_ORACLE_SUPPORT_LIFECYCLE,EVAL,SUCCESS,31.0,152,6
D8_Amplitude_Drift,822,B4_VARIABLE_CONTIGUOUS_TAP_LENGTH,EVAL,SUCCESS,164.67142857142858,1920,35
D8_Amplitude_Drift,823,B1_LEBRE_NO_REC_BIRTH,EVAL,SUCCESS,25.0,136,5
D8_Amplitude_Drift,822,B7_PROPOSED_DYNAMIC_LAG_LIFECYCLE,EVAL,SUCCESS,112.48,1092,9
D8_Amplitude_Drift,822,B5_SPARSITY_REGULARIZED_FULL_DICTIONARY,EVAL,SUCCESS,960.0,1920,0
D8_Amplitude_Drift,823,B3_FIXED_DENSE_FIR,EVAL,SUCCESS,80.0,240,20
D8_Amplitude_Drift,822,B0_LEBRE_FROZEN,EVAL,SUCCESS,38.10657142857143,368,5
D8_Amplitude_Drift,823,O1_FULL_DENSE_FIR,EVAL,SUCCESS,660.0,1980,165
D8_Amplitude_Drift,822,B7_E0_MAGNITUDE_EVICTION,EVAL,SUCCESS,112.48,1092,9
D8_Amplitude_Drift,822,B6_PROPORTIONATE_SPARSE_ADAPTIVE_FILTER,EVAL,SUCCESS,1280.0,2560,1
D8_Amplitude_Drift,824,O0_ORACLE_SPARSE,EVAL,SUCCESS,31.0,160,6
D8_Amplitude_Drift,823,B4_VARIABLE_CONTIGUOUS_TAP_LENGTH,EVAL,SUCCESS,165.18,1920,35
D8_Amplitude_Drift,824,O2_ORACLE_SUPPORT_LIFECYCLE,EVAL,SUCCESS,31.0,152,6
D8_Amplitude_Drift,824,B1_LEBRE_NO_REC_BIRTH,EVAL,SUCCESS,25.0,136,5
D8_Amplitude_Drift,823,B7_PROPOSED_DYNAMIC_LAG_LIFECYCLE,EVAL,SUCCESS,82.26857142857143,972,6
D8_Amplitude_Drift,823,B5_SPARSITY_REGULARIZED_FULL_DICTIONARY,EVAL,SUCCESS,960.0,1920,0
D8_Amplitude_Drift,823,B7_E0_MAGNITUDE_EVICTION,EVAL,SUCCESS,82.26857142857143,972,6
D8_Amplitude_Drift,824,B3_FIXED_DENSE_FIR,EVAL,SUCCESS,80.0,240,20
D8_Amplitude_Drift,823,B0_LEBRE_FROZEN,EVAL,SUCCESS,38.40428571428571,240,5
D8_Amplitude_Drift,823,B6_PROPORTIONATE_SPARSE_ADAPTIVE_FILTER,EVAL,SUCCESS,1280.0,2560,1
D8_Amplitude_Drift,824,O1_FULL_DENSE_FIR,EVAL,SUCCESS,660.0,1980,165
D8_Amplitude_Drift,825,O0_ORACLE_SPARSE,EVAL,SUCCESS,31.0,160,6
D8_Amplitude_Drift,825,B1_LEBRE_NO_REC_BIRTH,EVAL,SUCCESS,25.0,136,5
D8_Amplitude_Drift,825,O2_ORACLE_SUPPORT_LIFECYCLE,EVAL,SUCCESS,31.0,152,6
D8_Amplitude_Drift,824,B4_VARIABLE_CONTIGUOUS_TAP_LENGTH,EVAL,SUCCESS,164.35714285714286,1920,35
D8_Amplitude_Drift,825,B3_FIXED_DENSE_FIR,EVAL,SUCCESS,80.0,240,20
D8_Amplitude_Drift,824,B5_SPARSITY_REGULARIZED_FULL_DICTIONARY,EVAL,SUCCESS,960.0,1920,0
D8_Amplitude_Drift,824,B7_E0_MAGNITUDE_EVICTION,EVAL,SUCCESS,112.64114285714285,1292,9
D8_Amplitude_Drift,824,B7_PROPOSED_DYNAMIC_LAG_LIFECYCLE,EVAL,SUCCESS,112.64114285714285,1292,9
D8_Amplitude_Drift,824,B0_LEBRE_FROZEN,EVAL,SUCCESS,37.298857142857145,368,5
D8_Amplitude_Drift,825,O1_FULL_DENSE_FIR,EVAL,SUCCESS,660.0,1980,165
D8_Amplitude_Drift,824,B6_PROPORTIONATE_SPARSE_ADAPTIVE_FILTER,EVAL,SUCCESS,1280.0,2560,1
D8_Amplitude_Drift,826,O0_ORACLE_SPARSE,EVAL,SUCCESS,31.0,160,6
D8_Amplitude_Drift,826,O2_ORACLE_SUPPORT_LIFECYCLE,EVAL,SUCCESS,31.0,152,6
D8_Amplitude_Drift,825,B4_VARIABLE_CONTIGUOUS_TAP_LENGTH,EVAL,SUCCESS,163.0742857142857,1920,35
D8_Amplitude_Drift,826,B1_LEBRE_NO_REC_BIRTH,EVAL,SUCCESS,25.0,136,5
D8_Amplitude_Drift,826,B3_FIXED_DENSE_FIR,EVAL,SUCCESS,80.0,240,20
D8_Amplitude_Drift,825,B5_SPARSITY_REGULARIZED_FULL_DICTIONARY,EVAL,SUCCESS,960.0,1920,0
D8_Amplitude_Drift,825,B0_LEBRE_FROZEN,EVAL,SUCCESS,37.296,368,5
D8_Amplitude_Drift,825,B7_PROPOSED_DYNAMIC_LAG_LIFECYCLE,EVAL,SUCCESS,112.80571428571429,1172,9
D8_Amplitude_Drift,825,B7_E0_MAGNITUDE_EVICTION,EVAL,SUCCESS,112.80571428571429,1172,9
D8_Amplitude_Drift,825,B6_PROPORTIONATE_SPARSE_ADAPTIVE_FILTER,EVAL,SUCCESS,1280.0,2560,1
D8_Amplitude_Drift,826,O1_FULL_DENSE_FIR,EVAL,SUCCESS,660.0,1980,165
D8_Amplitude_Drift,827,O0_ORACLE_SPARSE,EVAL,SUCCESS,31.0,160,6
D8_Amplitude_Drift,827,O2_ORACLE_SUPPORT_LIFECYCLE,EVAL,SUCCESS,31.0,152,6
D8_Amplitude_Drift,827,B1_LEBRE_NO_REC_BIRTH,EVAL,SUCCESS,25.0,136,5
D8_Amplitude_Drift,826,B4_VARIABLE_CONTIGUOUS_TAP_LENGTH,EVAL,SUCCESS,163.9857142857143,1920,35
D8_Amplitude_Drift,826,B7_E0_MAGNITUDE_EVICTION,EVAL,SUCCESS,112.36685714285714,1152,9
D8_Amplitude_Drift,826,B5_SPARSITY_REGULARIZED_FULL_DICTIONARY,EVAL,SUCCESS,960.0,1920,0
D8_Amplitude_Drift,827,B3_FIXED_DENSE_FIR,EVAL,SUCCESS,80.0,240,20
D8_Amplitude_Drift,826,B7_PROPOSED_DYNAMIC_LAG_LIFECYCLE,EVAL,SUCCESS,112.36685714285714,1152,9
D8_Amplitude_Drift,827,O1_FULL_DENSE_FIR,EVAL,SUCCESS,660.0,1980,165
D8_Amplitude_Drift,826,B0_LEBRE_FROZEN,EVAL,SUCCESS,37.80771428571428,368,5
D8_Amplitude_Drift,828,O0_ORACLE_SPARSE,EVAL,SUCCESS,31.0,160,6
D8_Amplitude_Drift,826,B6_PROPORTIONATE_SPARSE_ADAPTIVE_FILTER,EVAL,SUCCESS,1280.0,2560,1
D8_Amplitude_Drift,828,O2_ORACLE_SUPPORT_LIFECYCLE,EVAL,SUCCESS,31.0,152,6
D8_Amplitude_Drift,827,B4_VARIABLE_CONTIGUOUS_TAP_LENGTH,EVAL,SUCCESS,165.94857142857143,1920,35
D8_Amplitude_Drift,828,B1_LEBRE_NO_REC_BIRTH,EVAL,SUCCESS,25.0,136,5
D8_Amplitude_Drift,827,B7_PROPOSED_DYNAMIC_LAG_LIFECYCLE,EVAL,SUCCESS,92.448,988,7
D8_Amplitude_Drift,828,B3_FIXED_DENSE_FIR,EVAL,SUCCESS,80.0,240,20
D8_Amplitude_Drift,827,B7_E0_MAGNITUDE_EVICTION,EVAL,SUCCESS,92.448,988,7
D8_Amplitude_Drift,827,B0_LEBRE_FROZEN,EVAL,SUCCESS,38.720285714285716,368,5
D8_Amplitude_Drift,827,B5_SPARSITY_REGULARIZED_FULL_DICTIONARY,EVAL,SUCCESS,960.0,1920,0
D8_Amplitude_Drift,827,B6_PROPORTIONATE_SPARSE_ADAPTIVE_FILTER,EVAL,SUCCESS,1280.0,2560,1
D8_Amplitude_Drift,828,O1_FULL_DENSE_FIR,EVAL,SUCCESS,660.0,1980,165
D8_Amplitude_Drift,829,O0_ORACLE_SPARSE,EVAL,SUCCESS,31.0,160,6
D8_Amplitude_Drift,828,B4_VARIABLE_CONTIGUOUS_TAP_LENGTH,EVAL,SUCCESS,164.42857142857142,1920,35
D8_Amplitude_Drift,829,O2_ORACLE_SUPPORT_LIFECYCLE,EVAL,SUCCESS,31.0,152,6
D8_Amplitude_Drift,829,B1_LEBRE_NO_REC_BIRTH,EVAL,SUCCESS,25.0,136,5
D8_Amplitude_Drift,829,B3_FIXED_DENSE_FIR,EVAL,SUCCESS,80.0,240,20
D8_Amplitude_Drift,828,B5_SPARSITY_REGULARIZED_FULL_DICTIONARY,EVAL,SUCCESS,960.0,1920,0
D8_Amplitude_Drift,828,B7_PROPOSED_DYNAMIC_LAG_LIFECYCLE,EVAL,SUCCESS,112.56571428571428,1188,9
D8_Amplitude_Drift,828,B0_LEBRE_FROZEN,EVAL,SUCCESS,38.215714285714284,368,5
D8_Amplitude_Drift,828,B6_PROPORTIONATE_SPARSE_ADAPTIVE_FILTER,EVAL,SUCCESS,1280.0,2560,1
D8_Amplitude_Drift,829,O1_FULL_DENSE_FIR,EVAL,SUCCESS,660.0,1980,165
D8_Amplitude_Drift,830,O0_ORACLE_SPARSE,EVAL,SUCCESS,31.0,160,6
D8_Amplitude_Drift,828,B7_E0_MAGNITUDE_EVICTION,EVAL,SUCCESS,112.56571428571428,1188,9
D8_Amplitude_Drift,830,O2_ORACLE_SUPPORT_LIFECYCLE,EVAL,SUCCESS,31.0,152,6
D8_Amplitude_Drift,829,B4_VARIABLE_CONTIGUOUS_TAP_LENGTH,EVAL,SUCCESS,164.32,1920,35
D8_Amplitude_Drift,830,B1_LEBRE_NO_REC_BIRTH,EVAL,SUCCESS,25.0,136,5
D8_Amplitude_Drift,830,B3_FIXED_DENSE_FIR,EVAL,SUCCESS,80.0,240,20
D8_Amplitude_Drift,829,B5_SPARSITY_REGULARIZED_FULL_DICTIONARY,EVAL,SUCCESS,960.0,1920,0
D8_Amplitude_Drift,829,B7_PROPOSED_DYNAMIC_LAG_LIFECYCLE,EVAL,SUCCESS,112.42457142857143,1224,9
D8_Amplitude_Drift,830,O1_FULL_DENSE_FIR,EVAL,SUCCESS,660.0,1980,165
D8_Amplitude_Drift,829,B0_LEBRE_FROZEN,EVAL,SUCCESS,38.264,368,8
D9_Memoryless_Negative_Control,801,O0_ORACLE_SPARSE,EVAL,SUCCESS,25.0,120,5
D8_Amplitude_Drift,829,B7_E0_MAGNITUDE_EVICTION,EVAL,SUCCESS,112.42457142857143,1224,9
D8_Amplitude_Drift,829,B6_PROPORTIONATE_SPARSE_ADAPTIVE_FILTER,EVAL,SUCCESS,1280.0,2560,1
D9_Memoryless_Negative_Control,801,O2_ORACLE_SUPPORT_LIFECYCLE,EVAL,SUCCESS,25.0,152,5
D8_Amplitude_Drift,830,B4_VARIABLE_CONTIGUOUS_TAP_LENGTH,EVAL,SUCCESS,164.19142857142856,1920,35
D9_Memoryless_Negative_Control,801,B1_LEBRE_NO_REC_BIRTH,EVAL,SUCCESS,25.0,136,5
D8_Amplitude_Drift,830,B7_PROPOSED_DYNAMIC_LAG_LIFECYCLE,EVAL,SUCCESS,112.86114285714285,1100,9
D8_Amplitude_Drift,830,B5_SPARSITY_REGULARIZED_FULL_DICTIONARY,EVAL,SUCCESS,960.0,1920,0
D9_Memoryless_Negative_Control,801,B3_FIXED_DENSE_FIR,EVAL,SUCCESS,80.0,240,20
D9_Memoryless_Negative_Control,801,O1_FULL_DENSE_FIR,EVAL,SUCCESS,660.0,1980,165
D8_Amplitude_Drift,830,B7_E0_MAGNITUDE_EVICTION,EVAL,SUCCESS,112.86114285714285,1100,9
D9_Memoryless_Negative_Control,802,O0_ORACLE_SPARSE,EVAL,SUCCESS,25.0,120,5
D8_Amplitude_Drift,830,B0_LEBRE_FROZEN,EVAL,SUCCESS,36.38657142857143,368,5
D8_Amplitude_Drift,830,B6_PROPORTIONATE_SPARSE_ADAPTIVE_FILTER,EVAL,SUCCESS,1280.0,2560,1
D9_Memoryless_Negative_Control,802,O2_ORACLE_SUPPORT_LIFECYCLE,EVAL,SUCCESS,25.0,152,5
D9_Memoryless_Negative_Control,801,B7_E0_MAGNITUDE_EVICTION,EVAL,SUCCESS,72.284,932,5
D9_Memoryless_Negative_Control,802,B1_LEBRE_NO_REC_BIRTH,EVAL,SUCCESS,25.0,136,5
D9_Memoryless_Negative_Control,801,B4_VARIABLE_CONTIGUOUS_TAP_LENGTH,EVAL,SUCCESS,72.77428571428571,1920,15
D9_Memoryless_Negative_Control,801,B7_PROPOSED_DYNAMIC_LAG_LIFECYCLE,EVAL,SUCCESS,72.284,932,5
D9_Memoryless_Negative_Control,802,B3_FIXED_DENSE_FIR,EVAL,SUCCESS,80.0,240,20
D9_Memoryless_Negative_Control,801,B5_SPARSITY_REGULARIZED_FULL_DICTIONARY,EVAL,SUCCESS,960.0,1920,0
D9_Memoryless_Negative_Control,801,B0_LEBRE_FROZEN,EVAL,SUCCESS,36.48942857142857,368,5
D9_Memoryless_Negative_Control,802,O1_FULL_DENSE_FIR,EVAL,SUCCESS,660.0,1980,165
D9_Memoryless_Negative_Control,803,O0_ORACLE_SPARSE,EVAL,SUCCESS,25.0,120,5
D9_Memoryless_Negative_Control,803,O2_ORACLE_SUPPORT_LIFECYCLE,EVAL,SUCCESS,25.0,152,5
D9_Memoryless_Negative_Control,803,B1_LEBRE_NO_REC_BIRTH,EVAL,SUCCESS,25.0,136,5
D9_Memoryless_Negative_Control,801,B6_PROPORTIONATE_SPARSE_ADAPTIVE_FILTER,EVAL,SUCCESS,1280.0,2560,2
D9_Memoryless_Negative_Control,802,B4_VARIABLE_CONTIGUOUS_TAP_LENGTH,EVAL,SUCCESS,76.06857142857143,1920,15
D9_Memoryless_Negative_Control,802,B7_PROPOSED_DYNAMIC_LAG_LIFECYCLE,EVAL,SUCCESS,87.85771428571428,1056,7
D9_Memoryless_Negative_Control,803,B3_FIXED_DENSE_FIR,EVAL,SUCCESS,80.0,240,20
D9_Memoryless_Negative_Control,802,B7_E0_MAGNITUDE_EVICTION,EVAL,SUCCESS,87.85771428571428,1056,7
D9_Memoryless_Negative_Control,802,B5_SPARSITY_REGULARIZED_FULL_DICTIONARY,EVAL,SUCCESS,960.0,1920,0
D9_Memoryless_Negative_Control,804,O0_ORACLE_SPARSE,EVAL,SUCCESS,25.0,120,5
D9_Memoryless_Negative_Control,804,O2_ORACLE_SUPPORT_LIFECYCLE,EVAL,SUCCESS,25.0,152,5
D9_Memoryless_Negative_Control,803,O1_FULL_DENSE_FIR,EVAL,SUCCESS,660.0,1980,165
D9_Memoryless_Negative_Control,802,B0_LEBRE_FROZEN,EVAL,SUCCESS,36.57742857142857,368,5
D9_Memoryless_Negative_Control,802,B6_PROPORTIONATE_SPARSE_ADAPTIVE_FILTER,EVAL,SUCCESS,1280.0,2560,2
D9_Memoryless_Negative_Control,804,B1_LEBRE_NO_REC_BIRTH,EVAL,SUCCESS,25.0,136,5
D9_Memoryless_Negative_Control,803,B4_VARIABLE_CONTIGUOUS_TAP_LENGTH,EVAL,SUCCESS,72.35714285714286,1920,15
D9_Memoryless_Negative_Control,803,B7_PROPOSED_DYNAMIC_LAG_LIFECYCLE,EVAL,SUCCESS,71.37485714285714,932,5
D9_Memoryless_Negative_Control,803,B7_E0_MAGNITUDE_EVICTION,EVAL,SUCCESS,71.37485714285714,932,5
D9_Memoryless_Negative_Control,804,B3_FIXED_DENSE_FIR,EVAL,SUCCESS,80.0,240,20
D9_Memoryless_Negative_Control,803,B0_LEBRE_FROZEN,EVAL,SUCCESS,35.07228571428571,368,5
D9_Memoryless_Negative_Control,803,B5_SPARSITY_REGULARIZED_FULL_DICTIONARY,EVAL,SUCCESS,960.0,1920,0
D9_Memoryless_Negative_Control,805,O0_ORACLE_SPARSE,EVAL,SUCCESS,25.0,120,5
D9_Memoryless_Negative_Control,804,O1_FULL_DENSE_FIR,EVAL,SUCCESS,660.0,1980,165
D9_Memoryless_Negative_Control,803,B6_PROPORTIONATE_SPARSE_ADAPTIVE_FILTER,EVAL,SUCCESS,1280.0,2560,2
D9_Memoryless_Negative_Control,805,O2_ORACLE_SUPPORT_LIFECYCLE,EVAL,SUCCESS,25.0,152,5
D9_Memoryless_Negative_Control,805,B1_LEBRE_NO_REC_BIRTH,EVAL,SUCCESS,25.0,136,5
D9_Memoryless_Negative_Control,804,B7_PROPOSED_DYNAMIC_LAG_LIFECYCLE,EVAL,SUCCESS,72.36571428571429,900,5
D9_Memoryless_Negative_Control,804,B4_VARIABLE_CONTIGUOUS_TAP_LENGTH,EVAL,SUCCESS,71.82285714285715,1920,15
D9_Memoryless_Negative_Control,804,B7_E0_MAGNITUDE_EVICTION,EVAL,SUCCESS,72.36571428571429,900,5
D9_Memoryless_Negative_Control,805,B3_FIXED_DENSE_FIR,EVAL,SUCCESS,80.0,240,20
D9_Memoryless_Negative_Control,804,B5_SPARSITY_REGULARIZED_FULL_DICTIONARY,EVAL,SUCCESS,960.0,1920,0
D9_Memoryless_Negative_Control,804,B0_LEBRE_FROZEN,EVAL,SUCCESS,35.72828571428571,368,10
D9_Memoryless_Negative_Control,804,B6_PROPORTIONATE_SPARSE_ADAPTIVE_FILTER,EVAL,SUCCESS,1280.0,2560,2
D9_Memoryless_Negative_Control,806,O0_ORACLE_SPARSE,EVAL,SUCCESS,25.0,120,5
D9_Memoryless_Negative_Control,806,O2_ORACLE_SUPPORT_LIFECYCLE,EVAL,SUCCESS,25.0,152,5
D9_Memoryless_Negative_Control,806,B1_LEBRE_NO_REC_BIRTH,EVAL,SUCCESS,25.0,136,5
D9_Memoryless_Negative_Control,805,O1_FULL_DENSE_FIR,EVAL,SUCCESS,660.0,1980,165
D9_Memoryless_Negative_Control,805,B4_VARIABLE_CONTIGUOUS_TAP_LENGTH,EVAL,SUCCESS,79.9,1920,15
D9_Memoryless_Negative_Control,805,B7_PROPOSED_DYNAMIC_LAG_LIFECYCLE,EVAL,SUCCESS,72.30228571428572,900,5
D9_Memoryless_Negative_Control,805,B7_E0_MAGNITUDE_EVICTION,EVAL,SUCCESS,72.30228571428572,900,5
D9_Memoryless_Negative_Control,805,B5_SPARSITY_REGULARIZED_FULL_DICTIONARY,EVAL,SUCCESS,960.0,1920,0
D9_Memoryless_Negative_Control,806,B3_FIXED_DENSE_FIR,EVAL,SUCCESS,80.0,240,20
D9_Memoryless_Negative_Control,805,B0_LEBRE_FROZEN,EVAL,SUCCESS,37.22685714285714,368,5
D9_Memoryless_Negative_Control,806,O1_FULL_DENSE_FIR,EVAL,SUCCESS,660.0,1980,165
D9_Memoryless_Negative_Control,805,B6_PROPORTIONATE_SPARSE_ADAPTIVE_FILTER,EVAL,SUCCESS,1280.0,2560,2
D9_Memoryless_Negative_Control,807,O0_ORACLE_SPARSE,EVAL,SUCCESS,25.0,120,5
D9_Memoryless_Negative_Control,807,O2_ORACLE_SUPPORT_LIFECYCLE,EVAL,SUCCESS,25.0,152,5
D9_Memoryless_Negative_Control,807,B1_LEBRE_NO_REC_BIRTH,EVAL,SUCCESS,25.0,136,5
D9_Memoryless_Negative_Control,806,B4_VARIABLE_CONTIGUOUS_TAP_LENGTH,EVAL,SUCCESS,75.65142857142857,1920,15
D9_Memoryless_Negative_Control,806,B7_E0_MAGNITUDE_EVICTION,EVAL,SUCCESS,72.07085714285714,932,5
D9_Memoryless_Negative_Control,807,B3_FIXED_DENSE_FIR,EVAL,SUCCESS,80.0,240,20
D9_Memoryless_Negative_Control,806,B7_PROPOSED_DYNAMIC_LAG_LIFECYCLE,EVAL,SUCCESS,72.07085714285714,932,5
D9_Memoryless_Negative_Control,806,B0_LEBRE_FROZEN,EVAL,SUCCESS,35.892857142857146,368,5
D9_Memoryless_Negative_Control,807,O1_FULL_DENSE_FIR,EVAL,SUCCESS,660.0,1980,165
D9_Memoryless_Negative_Control,808,O0_ORACLE_SPARSE,EVAL,SUCCESS,25.0,120,5
D9_Memoryless_Negative_Control,806,B5_SPARSITY_REGULARIZED_FULL_DICTIONARY,EVAL,SUCCESS,960.0,1920,0
D9_Memoryless_Negative_Control,808,O2_ORACLE_SUPPORT_LIFECYCLE,EVAL,SUCCESS,25.0,152,5
D9_Memoryless_Negative_Control,806,B6_PROPORTIONATE_SPARSE_ADAPTIVE_FILTER,EVAL,SUCCESS,1280.0,2560,2
D9_Memoryless_Negative_Control,807,B4_VARIABLE_CONTIGUOUS_TAP_LENGTH,EVAL,SUCCESS,77.55428571428571,1920,15
D9_Memoryless_Negative_Control,808,B1_LEBRE_NO_REC_BIRTH,EVAL,SUCCESS,25.0,136,5
D9_Memoryless_Negative_Control,807,B7_PROPOSED_DYNAMIC_LAG_LIFECYCLE,EVAL,SUCCESS,77.20514285714286,924,6
D9_Memoryless_Negative_Control,808,B3_FIXED_DENSE_FIR,EVAL,SUCCESS,80.0,240,20
D9_Memoryless_Negative_Control,807,B7_E0_MAGNITUDE_EVICTION,EVAL,SUCCESS,77.20514285714286,924,6
D9_Memoryless_Negative_Control,807,B0_LEBRE_FROZEN,EVAL,SUCCESS,36.29342857142857,368,5
D9_Memoryless_Negative_Control,807,B5_SPARSITY_REGULARIZED_FULL_DICTIONARY,EVAL,SUCCESS,960.0,1920,0
D9_Memoryless_Negative_Control,809,O0_ORACLE_SPARSE,EVAL,SUCCESS,25.0,120,5
D9_Memoryless_Negative_Control,809,O2_ORACLE_SUPPORT_LIFECYCLE,EVAL,SUCCESS,25.0,152,5
D9_Memoryless_Negative_Control,808,O1_FULL_DENSE_FIR,EVAL,SUCCESS,660.0,1980,165
D9_Memoryless_Negative_Control,807,B6_PROPORTIONATE_SPARSE_ADAPTIVE_FILTER,EVAL,SUCCESS,1280.0,2560,2
D9_Memoryless_Negative_Control,809,B1_LEBRE_NO_REC_BIRTH,EVAL,SUCCESS,25.0,136,5
D9_Memoryless_Negative_Control,808,B4_VARIABLE_CONTIGUOUS_TAP_LENGTH,EVAL,SUCCESS,71.41428571428571,1920,10
D9_Memoryless_Negative_Control,808,B7_PROPOSED_DYNAMIC_LAG_LIFECYCLE,EVAL,SUCCESS,72.248,932,5
D9_Memoryless_Negative_Control,809,B3_FIXED_DENSE_FIR,EVAL,SUCCESS,80.0,240,20
D9_Memoryless_Negative_Control,808,B7_E0_MAGNITUDE_EVICTION,EVAL,SUCCESS,72.248,932,5
D9_Memoryless_Negative_Control,808,B0_LEBRE_FROZEN,EVAL,SUCCESS,36.156285714285715,368,5
D9_Memoryless_Negative_Control,808,B5_SPARSITY_REGULARIZED_FULL_DICTIONARY,EVAL,SUCCESS,960.0,1920,0
D9_Memoryless_Negative_Control,809,O1_FULL_DENSE_FIR,EVAL,SUCCESS,660.0,1980,165
D9_Memoryless_Negative_Control,810,O0_ORACLE_SPARSE,EVAL,SUCCESS,25.0,120,5
D9_Memoryless_Negative_Control,809,B4_VARIABLE_CONTIGUOUS_TAP_LENGTH,EVAL,SUCCESS,77.04857142857144,1920,15
D9_Memoryless_Negative_Control,808,B6_PROPORTIONATE_SPARSE_ADAPTIVE_FILTER,EVAL,SUCCESS,1280.0,2560,2
D9_Memoryless_Negative_Control,810,O2_ORACLE_SUPPORT_LIFECYCLE,EVAL,SUCCESS,25.0,152,5
D9_Memoryless_Negative_Control,810,B1_LEBRE_NO_REC_BIRTH,EVAL,SUCCESS,25.0,136,5
D9_Memoryless_Negative_Control,809,B7_PROPOSED_DYNAMIC_LAG_LIFECYCLE,EVAL,SUCCESS,73.16485714285714,1068,6
D9_Memoryless_Negative_Control,810,B3_FIXED_DENSE_FIR,EVAL,SUCCESS,80.0,240,20
D9_Memoryless_Negative_Control,809,B7_E0_MAGNITUDE_EVICTION,EVAL,SUCCESS,73.16485714285714,1068,6
D9_Memoryless_Negative_Control,809,B5_SPARSITY_REGULARIZED_FULL_DICTIONARY,EVAL,SUCCESS,960.0,1920,0
D9_Memoryless_Negative_Control,809,B0_LEBRE_FROZEN,EVAL,SUCCESS,37.417142857142856,368,8
D9_Memoryless_Negative_Control,810,O1_FULL_DENSE_FIR,EVAL,SUCCESS,660.0,1980,165
D9_Memoryless_Negative_Control,811,O0_ORACLE_SPARSE,EVAL,SUCCESS,25.0,120,5
D9_Memoryless_Negative_Control,811,O2_ORACLE_SUPPORT_LIFECYCLE,EVAL,SUCCESS,25.0,152,5
D9_Memoryless_Negative_Control,809,B6_PROPORTIONATE_SPARSE_ADAPTIVE_FILTER,EVAL,SUCCESS,1280.0,2560,2
D9_Memoryless_Negative_Control,810,B4_VARIABLE_CONTIGUOUS_TAP_LENGTH,EVAL,SUCCESS,82.88571428571429,1920,15
D9_Memoryless_Negative_Control,811,B1_LEBRE_NO_REC_BIRTH,EVAL,SUCCESS,25.0,136,5
D9_Memoryless_Negative_Control,810,B7_PROPOSED_DYNAMIC_LAG_LIFECYCLE,EVAL,SUCCESS,72.44742857142857,932,5
D9_Memoryless_Negative_Control,810,B7_E0_MAGNITUDE_EVICTION,EVAL,SUCCESS,72.44742857142857,932,5
D9_Memoryless_Negative_Control,811,B3_FIXED_DENSE_FIR,EVAL,SUCCESS,80.0,240,20
D9_Memoryless_Negative_Control,810,B0_LEBRE_FROZEN,EVAL,SUCCESS,36.53771428571429,368,5
D9_Memoryless_Negative_Control,810,B5_SPARSITY_REGULARIZED_FULL_DICTIONARY,EVAL,SUCCESS,960.0,1920,0
D9_Memoryless_Negative_Control,811,O1_FULL_DENSE_FIR,EVAL,SUCCESS,660.0,1980,165
D9_Memoryless_Negative_Control,812,O0_ORACLE_SPARSE,EVAL,SUCCESS,25.0,120,5
D9_Memoryless_Negative_Control,812,O2_ORACLE_SUPPORT_LIFECYCLE,EVAL,SUCCESS,25.0,152,5
D9_Memoryless_Negative_Control,811,B4_VARIABLE_CONTIGUOUS_TAP_LENGTH,EVAL,SUCCESS,74.21428571428571,1920,15
D9_Memoryless_Negative_Control,810,B6_PROPORTIONATE_SPARSE_ADAPTIVE_FILTER,EVAL,SUCCESS,1280.0,2560,2
D9_Memoryless_Negative_Control,812,B1_LEBRE_NO_REC_BIRTH,EVAL,SUCCESS,25.0,136,5
D9_Memoryless_Negative_Control,812,B3_FIXED_DENSE_FIR,EVAL,SUCCESS,80.0,240,20
D9_Memoryless_Negative_Control,811,B7_PROPOSED_DYNAMIC_LAG_LIFECYCLE,EVAL,SUCCESS,71.87714285714286,932,5
D9_Memoryless_Negative_Control,811,B7_E0_MAGNITUDE_EVICTION,EVAL,SUCCESS,71.87714285714286,932,5
D9_Memoryless_Negative_Control,812,O1_FULL_DENSE_FIR,EVAL,SUCCESS,660.0,1980,165
D9_Memoryless_Negative_Control,811,B0_LEBRE_FROZEN,EVAL,SUCCESS,35.617714285714285,240,5
D9_Memoryless_Negative_Control,811,B5_SPARSITY_REGULARIZED_FULL_DICTIONARY,EVAL,SUCCESS,960.0,1920,0
D9_Memoryless_Negative_Control,813,O0_ORACLE_SPARSE,EVAL,SUCCESS,25.0,120,5
D9_Memoryless_Negative_Control,813,O2_ORACLE_SUPPORT_LIFECYCLE,EVAL,SUCCESS,25.0,152,5
D9_Memoryless_Negative_Control,811,B6_PROPORTIONATE_SPARSE_ADAPTIVE_FILTER,EVAL,SUCCESS,1280.0,2560,2
D9_Memoryless_Negative_Control,813,B1_LEBRE_NO_REC_BIRTH,EVAL,SUCCESS,25.0,136,5
D9_Memoryless_Negative_Control,812,B4_VARIABLE_CONTIGUOUS_TAP_LENGTH,EVAL,SUCCESS,79.55142857142857,1920,15
D9_Memoryless_Negative_Control,812,B7_PROPOSED_DYNAMIC_LAG_LIFECYCLE,EVAL,SUCCESS,78.66028571428572,968,6
D9_Memoryless_Negative_Control,813,B3_FIXED_DENSE_FIR,EVAL,SUCCESS,80.0,240,20
D9_Memoryless_Negative_Control,812,B7_E0_MAGNITUDE_EVICTION,EVAL,SUCCESS,78.66028571428572,968,6
D9_Memoryless_Negative_Control,812,B5_SPARSITY_REGULARIZED_FULL_DICTIONARY,EVAL,SUCCESS,960.0,1920,0
D9_Memoryless_Negative_Control,812,B0_LEBRE_FROZEN,EVAL,SUCCESS,35.70142857142857,368,5
D9_Memoryless_Negative_Control,814,O0_ORACLE_SPARSE,EVAL,SUCCESS,25.0,120,5
D9_Memoryless_Negative_Control,813,O1_FULL_DENSE_FIR,EVAL,SUCCESS,660.0,1980,165
D9_Memoryless_Negative_Control,814,O2_ORACLE_SUPPORT_LIFECYCLE,EVAL,SUCCESS,25.0,152,5
D9_Memoryless_Negative_Control,812,B6_PROPORTIONATE_SPARSE_ADAPTIVE_FILTER,EVAL,SUCCESS,1280.0,2560,2
D9_Memoryless_Negative_Control,813,B4_VARIABLE_CONTIGUOUS_TAP_LENGTH,EVAL,SUCCESS,72.59714285714286,1920,15
D9_Memoryless_Negative_Control,813,B7_PROPOSED_DYNAMIC_LAG_LIFECYCLE,EVAL,SUCCESS,72.38114285714286,900,5
D9_Memoryless_Negative_Control,814,B1_LEBRE_NO_REC_BIRTH,EVAL,SUCCESS,25.0,136,5
D9_Memoryless_Negative_Control,813,B7_E0_MAGNITUDE_EVICTION,EVAL,SUCCESS,72.38114285714286,900,5
D9_Memoryless_Negative_Control,814,B3_FIXED_DENSE_FIR,EVAL,SUCCESS,80.0,240,20
D9_Memoryless_Negative_Control,813,B5_SPARSITY_REGULARIZED_FULL_DICTIONARY,EVAL,SUCCESS,960.0,1920,0
D9_Memoryless_Negative_Control,814,O1_FULL_DENSE_FIR,EVAL,SUCCESS,660.0,1980,165
D9_Memoryless_Negative_Control,815,O0_ORACLE_SPARSE,EVAL,SUCCESS,25.0,120,5
D9_Memoryless_Negative_Control,815,O2_ORACLE_SUPPORT_LIFECYCLE,EVAL,SUCCESS,25.0,152,5
D9_Memoryless_Negative_Control,813,B0_LEBRE_FROZEN,EVAL,SUCCESS,36.610571428571426,368,5
D9_Memoryless_Negative_Control,815,B1_LEBRE_NO_REC_BIRTH,EVAL,SUCCESS,25.0,136,5
D9_Memoryless_Negative_Control,813,B6_PROPORTIONATE_SPARSE_ADAPTIVE_FILTER,EVAL,SUCCESS,1280.0,2560,2
D9_Memoryless_Negative_Control,814,B4_VARIABLE_CONTIGUOUS_TAP_LENGTH,EVAL,SUCCESS,73.71142857142857,1920,15
D9_Memoryless_Negative_Control,814,B7_PROPOSED_DYNAMIC_LAG_LIFECYCLE,EVAL,SUCCESS,72.818,940,6
D9_Memoryless_Negative_Control,814,B7_E0_MAGNITUDE_EVICTION,EVAL,SUCCESS,72.818,940,6
D9_Memoryless_Negative_Control,815,B3_FIXED_DENSE_FIR,EVAL,SUCCESS,80.0,240,20
D9_Memoryless_Negative_Control,814,B5_SPARSITY_REGULARIZED_FULL_DICTIONARY,EVAL,SUCCESS,960.0,1920,0
D9_Memoryless_Negative_Control,815,O1_FULL_DENSE_FIR,EVAL,SUCCESS,660.0,1980,165
D9_Memoryless_Negative_Control,814,B6_PROPORTIONATE_SPARSE_ADAPTIVE_FILTER,EVAL,SUCCESS,1280.0,2560,2
D9_Memoryless_Negative_Control,814,B0_LEBRE_FROZEN,EVAL,SUCCESS,36.851142857142854,368,5
D9_Memoryless_Negative_Control,816,O2_ORACLE_SUPPORT_LIFECYCLE,EVAL,SUCCESS,25.0,152,5
D9_Memoryless_Negative_Control,816,O0_ORACLE_SPARSE,EVAL,SUCCESS,25.0,120,5
D9_Memoryless_Negative_Control,816,B1_LEBRE_NO_REC_BIRTH,EVAL,SUCCESS,25.0,136,5
D9_Memoryless_Negative_Control,815,B4_VARIABLE_CONTIGUOUS_TAP_LENGTH,EVAL,SUCCESS,74.48571428571428,1920,15
D9_Memoryless_Negative_Control,815,B7_PROPOSED_DYNAMIC_LAG_LIFECYCLE,EVAL,SUCCESS,72.23771428571429,932,5
D9_Memoryless_Negative_Control,815,B7_E0_MAGNITUDE_EVICTION,EVAL,SUCCESS,72.23771428571429,932,5
D9_Memoryless_Negative_Control,816,B3_FIXED_DENSE_FIR,EVAL,SUCCESS,80.0,240,20
D9_Memoryless_Negative_Control,815,B0_LEBRE_FROZEN,EVAL,SUCCESS,36.27857142857143,368,5
D9_Memoryless_Negative_Control,815,B5_SPARSITY_REGULARIZED_FULL_DICTIONARY,EVAL,SUCCESS,960.0,1920,0
D9_Memoryless_Negative_Control,816,O1_FULL_DENSE_FIR,EVAL,SUCCESS,660.0,1980,165
D9_Memoryless_Negative_Control,817,O0_ORACLE_SPARSE,EVAL,SUCCESS,25.0,120,5
D9_Memoryless_Negative_Control,817,O2_ORACLE_SUPPORT_LIFECYCLE,EVAL,SUCCESS,25.0,152,5
D9_Memoryless_Negative_Control,815,B6_PROPORTIONATE_SPARSE_ADAPTIVE_FILTER,EVAL,SUCCESS,1280.0,2560,2
D9_Memoryless_Negative_Control,816,B4_VARIABLE_CONTIGUOUS_TAP_LENGTH,EVAL,SUCCESS,71.19142857142857,1920,10
D9_Memoryless_Negative_Control,817,B1_LEBRE_NO_REC_BIRTH,EVAL,SUCCESS,25.0,136,5
D9_Memoryless_Negative_Control,816,B7_PROPOSED_DYNAMIC_LAG_LIFECYCLE,EVAL,SUCCESS,71.528,932,5
D9_Memoryless_Negative_Control,816,B7_E0_MAGNITUDE_EVICTION,EVAL,SUCCESS,71.528,932,5
D9_Memoryless_Negative_Control,817,B3_FIXED_DENSE_FIR,EVAL,SUCCESS,80.0,240,20
D9_Memoryless_Negative_Control,816,B0_LEBRE_FROZEN,EVAL,SUCCESS,36.27857142857143,368,5
D9_Memoryless_Negative_Control,816,B5_SPARSITY_REGULARIZED_FULL_DICTIONARY,EVAL,SUCCESS,960.0,1920,0
D9_Memoryless_Negative_Control,817,O1_FULL_DENSE_FIR,EVAL,SUCCESS,660.0,1980,165
D9_Memoryless_Negative_Control,818,O0_ORACLE_SPARSE,EVAL,SUCCESS,25.0,120,5
D9_Memoryless_Negative_Control,816,B6_PROPORTIONATE_SPARSE_ADAPTIVE_FILTER,EVAL,SUCCESS,1280.0,2560,2
D9_Memoryless_Negative_Control,818,O2_ORACLE_SUPPORT_LIFECYCLE,EVAL,SUCCESS,25.0,152,5
D9_Memoryless_Negative_Control,817,B4_VARIABLE_CONTIGUOUS_TAP_LENGTH,EVAL,SUCCESS,71.47714285714285,1920,15
D9_Memoryless_Negative_Control,818,B1_LEBRE_NO_REC_BIRTH,EVAL,SUCCESS,25.0,136,5
D9_Memoryless_Negative_Control,817,B7_PROPOSED_DYNAMIC_LAG_LIFECYCLE,EVAL,SUCCESS,72.11085714285714,932,5
D9_Memoryless_Negative_Control,818,B3_FIXED_DENSE_FIR,EVAL,SUCCESS,80.0,240,20
D9_Memoryless_Negative_Control,817,B7_E0_MAGNITUDE_EVICTION,EVAL,SUCCESS,72.11085714285714,932,5
D9_Memoryless_Negative_Control,817,B5_SPARSITY_REGULARIZED_FULL_DICTIONARY,EVAL,SUCCESS,960.0,1920,0
D9_Memoryless_Negative_Control,817,B0_LEBRE_FROZEN,EVAL,SUCCESS,35.54457142857143,368,5
D9_Memoryless_Negative_Control,819,O0_ORACLE_SPARSE,EVAL,SUCCESS,25.0,120,5
D9_Memoryless_Negative_Control,818,O1_FULL_DENSE_FIR,EVAL,SUCCESS,660.0,1980,165
D9_Memoryless_Negative_Control,819,O2_ORACLE_SUPPORT_LIFECYCLE,EVAL,SUCCESS,25.0,152,5
D9_Memoryless_Negative_Control,817,B6_PROPORTIONATE_SPARSE_ADAPTIVE_FILTER,EVAL,SUCCESS,1280.0,2560,2
D9_Memoryless_Negative_Control,819,B1_LEBRE_NO_REC_BIRTH,EVAL,SUCCESS,25.0,136,5
D9_Memoryless_Negative_Control,818,B4_VARIABLE_CONTIGUOUS_TAP_LENGTH,EVAL,SUCCESS,74.46857142857142,1920,15
D9_Memoryless_Negative_Control,819,B3_FIXED_DENSE_FIR,EVAL,SUCCESS,80.0,240,20
D9_Memoryless_Negative_Control,818,B7_PROPOSED_DYNAMIC_LAG_LIFECYCLE,EVAL,SUCCESS,76.434,1020,6
D9_Memoryless_Negative_Control,818,B7_E0_MAGNITUDE_EVICTION,EVAL,SUCCESS,76.434,1020,6
D9_Memoryless_Negative_Control,818,B5_SPARSITY_REGULARIZED_FULL_DICTIONARY,EVAL,SUCCESS,960.0,1920,0
D9_Memoryless_Negative_Control,819,O1_FULL_DENSE_FIR,EVAL,SUCCESS,660.0,1980,165
D9_Memoryless_Negative_Control,820,O0_ORACLE_SPARSE,EVAL,SUCCESS,25.0,120,5
D9_Memoryless_Negative_Control,818,B0_LEBRE_FROZEN,EVAL,SUCCESS,35.861714285714285,368,8
D9_Memoryless_Negative_Control,820,O2_ORACLE_SUPPORT_LIFECYCLE,EVAL,SUCCESS,25.0,152,5
D9_Memoryless_Negative_Control,818,B6_PROPORTIONATE_SPARSE_ADAPTIVE_FILTER,EVAL,SUCCESS,1280.0,2560,2
D9_Memoryless_Negative_Control,820,B1_LEBRE_NO_REC_BIRTH,EVAL,SUCCESS,25.0,136,5
D9_Memoryless_Negative_Control,819,B4_VARIABLE_CONTIGUOUS_TAP_LENGTH,EVAL,SUCCESS,72.69428571428571,1920,15
D9_Memoryless_Negative_Control,820,B3_FIXED_DENSE_FIR,EVAL,SUCCESS,80.0,240,20
D9_Memoryless_Negative_Control,819,B7_PROPOSED_DYNAMIC_LAG_LIFECYCLE,EVAL,SUCCESS,80.48857142857143,976,6
D9_Memoryless_Negative_Control,819,B7_E0_MAGNITUDE_EVICTION,EVAL,SUCCESS,80.48857142857143,976,6
D9_Memoryless_Negative_Control,819,B5_SPARSITY_REGULARIZED_FULL_DICTIONARY,EVAL,SUCCESS,960.0,1920,0
D9_Memoryless_Negative_Control,820,O1_FULL_DENSE_FIR,EVAL,SUCCESS,660.0,1980,165
D9_Memoryless_Negative_Control,819,B0_LEBRE_FROZEN,EVAL,SUCCESS,36.68,368,5
D9_Memoryless_Negative_Control,821,O0_ORACLE_SPARSE,EVAL,SUCCESS,25.0,120,5
D9_Memoryless_Negative_Control,819,B6_PROPORTIONATE_SPARSE_ADAPTIVE_FILTER,EVAL,SUCCESS,1280.0,2560,2
D9_Memoryless_Negative_Control,821,O2_ORACLE_SUPPORT_LIFECYCLE,EVAL,SUCCESS,25.0,152,5
D9_Memoryless_Negative_Control,820,B4_VARIABLE_CONTIGUOUS_TAP_LENGTH,EVAL,SUCCESS,79.5,1920,15
D9_Memoryless_Negative_Control,821,B1_LEBRE_NO_REC_BIRTH,EVAL,SUCCESS,25.0,136,5
D9_Memoryless_Negative_Control,820,B7_E0_MAGNITUDE_EVICTION,EVAL,SUCCESS,82.23028571428571,952,6
D9_Memoryless_Negative_Control,820,B7_PROPOSED_DYNAMIC_LAG_LIFECYCLE,EVAL,SUCCESS,82.23028571428571,952,6
D9_Memoryless_Negative_Control,821,B3_FIXED_DENSE_FIR,EVAL,SUCCESS,80.0,240,20
D9_Memoryless_Negative_Control,820,B5_SPARSITY_REGULARIZED_FULL_DICTIONARY,EVAL,SUCCESS,960.0,1920,0
D9_Memoryless_Negative_Control,820,B0_LEBRE_FROZEN,EVAL,SUCCESS,36.65428571428571,368,5
D9_Memoryless_Negative_Control,822,O0_ORACLE_SPARSE,EVAL,SUCCESS,25.0,120,5
D9_Memoryless_Negative_Control,821,O1_FULL_DENSE_FIR,EVAL,SUCCESS,660.0,1980,165
D9_Memoryless_Negative_Control,820,B6_PROPORTIONATE_SPARSE_ADAPTIVE_FILTER,EVAL,SUCCESS,1280.0,2560,2
D9_Memoryless_Negative_Control,822,O2_ORACLE_SUPPORT_LIFECYCLE,EVAL,SUCCESS,25.0,152,5
D9_Memoryless_Negative_Control,822,B1_LEBRE_NO_REC_BIRTH,EVAL,SUCCESS,25.0,136,5
D9_Memoryless_Negative_Control,821,B4_VARIABLE_CONTIGUOUS_TAP_LENGTH,EVAL,SUCCESS,75.42857142857143,1920,15
D9_Memoryless_Negative_Control,821,B7_E0_MAGNITUDE_EVICTION,EVAL,SUCCESS,77.60714285714286,1000,6
D9_Memoryless_Negative_Control,821,B7_PROPOSED_DYNAMIC_LAG_LIFECYCLE,EVAL,SUCCESS,77.60714285714286,1000,6
D9_Memoryless_Negative_Control,822,B3_FIXED_DENSE_FIR,EVAL,SUCCESS,80.0,240,20
D9_Memoryless_Negative_Control,821,B5_SPARSITY_REGULARIZED_FULL_DICTIONARY,EVAL,SUCCESS,960.0,1920,0
D9_Memoryless_Negative_Control,821,B0_LEBRE_FROZEN,EVAL,SUCCESS,36.16657142857143,368,5
D9_Memoryless_Negative_Control,822,O1_FULL_DENSE_FIR,EVAL,SUCCESS,660.0,1980,165
D9_Memoryless_Negative_Control,823,O2_ORACLE_SUPPORT_LIFECYCLE,EVAL,SUCCESS,25.0,152,5
D9_Memoryless_Negative_Control,823,O0_ORACLE_SPARSE,EVAL,SUCCESS,25.0,120,5
D9_Memoryless_Negative_Control,821,B6_PROPORTIONATE_SPARSE_ADAPTIVE_FILTER,EVAL,SUCCESS,1280.0,2560,2
D9_Memoryless_Negative_Control,823,B1_LEBRE_NO_REC_BIRTH,EVAL,SUCCESS,25.0,136,5
D9_Memoryless_Negative_Control,822,B4_VARIABLE_CONTIGUOUS_TAP_LENGTH,EVAL,SUCCESS,81.45142857142856,1920,15
D9_Memoryless_Negative_Control,822,B7_PROPOSED_DYNAMIC_LAG_LIFECYCLE,EVAL,SUCCESS,72.13314285714286,932,5
D9_Memoryless_Negative_Control,823,B3_FIXED_DENSE_FIR,EVAL,SUCCESS,80.0,240,20
D9_Memoryless_Negative_Control,822,B7_E0_MAGNITUDE_EVICTION,EVAL,SUCCESS,72.13314285714286,932,5
D9_Memoryless_Negative_Control,822,B0_LEBRE_FROZEN,EVAL,SUCCESS,35.81657142857143,368,5
D9_Memoryless_Negative_Control,822,B5_SPARSITY_REGULARIZED_FULL_DICTIONARY,EVAL,SUCCESS,960.0,1920,0
D9_Memoryless_Negative_Control,824,O0_ORACLE_SPARSE,EVAL,SUCCESS,25.0,120,5
D9_Memoryless_Negative_Control,823,O1_FULL_DENSE_FIR,EVAL,SUCCESS,660.0,1980,165
D9_Memoryless_Negative_Control,823,B4_VARIABLE_CONTIGUOUS_TAP_LENGTH,EVAL,SUCCESS,75.94285714285714,1920,15
D9_Memoryless_Negative_Control,822,B6_PROPORTIONATE_SPARSE_ADAPTIVE_FILTER,EVAL,SUCCESS,1280.0,2560,2
D9_Memoryless_Negative_Control,824,O2_ORACLE_SUPPORT_LIFECYCLE,EVAL,SUCCESS,25.0,152,5
D9_Memoryless_Negative_Control,824,B1_LEBRE_NO_REC_BIRTH,EVAL,SUCCESS,25.0,136,5
D9_Memoryless_Negative_Control,823,B7_PROPOSED_DYNAMIC_LAG_LIFECYCLE,EVAL,SUCCESS,72.328,900,5
D9_Memoryless_Negative_Control,823,B7_E0_MAGNITUDE_EVICTION,EVAL,SUCCESS,72.328,900,5
D9_Memoryless_Negative_Control,824,B3_FIXED_DENSE_FIR,EVAL,SUCCESS,80.0,240,20
D9_Memoryless_Negative_Control,823,B0_LEBRE_FROZEN,EVAL,SUCCESS,35.28742857142857,368,5
D9_Memoryless_Negative_Control,823,B5_SPARSITY_REGULARIZED_FULL_DICTIONARY,EVAL,SUCCESS,960.0,1920,0
D9_Memoryless_Negative_Control,825,O0_ORACLE_SPARSE,EVAL,SUCCESS,25.0,120,5
D9_Memoryless_Negative_Control,824,O1_FULL_DENSE_FIR,EVAL,SUCCESS,660.0,1980,165
D9_Memoryless_Negative_Control,824,B4_VARIABLE_CONTIGUOUS_TAP_LENGTH,EVAL,SUCCESS,71.35142857142857,1920,15
D9_Memoryless_Negative_Control,825,O2_ORACLE_SUPPORT_LIFECYCLE,EVAL,SUCCESS,25.0,152,5
D9_Memoryless_Negative_Control,823,B6_PROPORTIONATE_SPARSE_ADAPTIVE_FILTER,EVAL,SUCCESS,1280.0,2560,2
D9_Memoryless_Negative_Control,825,B1_LEBRE_NO_REC_BIRTH,EVAL,SUCCESS,25.0,136,5
D9_Memoryless_Negative_Control,825,B3_FIXED_DENSE_FIR,EVAL,SUCCESS,80.0,240,20
D9_Memoryless_Negative_Control,824,B7_E0_MAGNITUDE_EVICTION,EVAL,SUCCESS,72.45085714285715,932,5
D9_Memoryless_Negative_Control,824,B7_PROPOSED_DYNAMIC_LAG_LIFECYCLE,EVAL,SUCCESS,72.45085714285715,932,5
D9_Memoryless_Negative_Control,824,B5_SPARSITY_REGULARIZED_FULL_DICTIONARY,EVAL,SUCCESS,960.0,1920,0
D9_Memoryless_Negative_Control,825,O1_FULL_DENSE_FIR,EVAL,SUCCESS,660.0,1980,165
D9_Memoryless_Negative_Control,826,O0_ORACLE_SPARSE,EVAL,SUCCESS,25.0,120,5
D9_Memoryless_Negative_Control,824,B0_LEBRE_FROZEN,EVAL,SUCCESS,36.685428571428574,368,8
D9_Memoryless_Negative_Control,826,O2_ORACLE_SUPPORT_LIFECYCLE,EVAL,SUCCESS,25.0,152,5
D9_Memoryless_Negative_Control,824,B6_PROPORTIONATE_SPARSE_ADAPTIVE_FILTER,EVAL,SUCCESS,1280.0,2560,2
D9_Memoryless_Negative_Control,826,B1_LEBRE_NO_REC_BIRTH,EVAL,SUCCESS,25.0,136,5
D9_Memoryless_Negative_Control,825,B4_VARIABLE_CONTIGUOUS_TAP_LENGTH,EVAL,SUCCESS,76.45714285714286,1920,15
D9_Memoryless_Negative_Control,825,B7_E0_MAGNITUDE_EVICTION,EVAL,SUCCESS,71.57942857142856,900,5
D9_Memoryless_Negative_Control,825,B7_PROPOSED_DYNAMIC_LAG_LIFECYCLE,EVAL,SUCCESS,71.57942857142856,900,5
D9_Memoryless_Negative_Control,826,B3_FIXED_DENSE_FIR,EVAL,SUCCESS,80.0,240,20
D9_Memoryless_Negative_Control,825,B0_LEBRE_FROZEN,EVAL,SUCCESS,36.31657142857143,368,5
D9_Memoryless_Negative_Control,825,B5_SPARSITY_REGULARIZED_FULL_DICTIONARY,EVAL,SUCCESS,960.0,1920,0
D9_Memoryless_Negative_Control,826,O1_FULL_DENSE_FIR,EVAL,SUCCESS,660.0,1980,165
D9_Memoryless_Negative_Control,827,O0_ORACLE_SPARSE,EVAL,SUCCESS,25.0,120,5
D9_Memoryless_Negative_Control,827,O2_ORACLE_SUPPORT_LIFECYCLE,EVAL,SUCCESS,25.0,152,5
D9_Memoryless_Negative_Control,827,B1_LEBRE_NO_REC_BIRTH,EVAL,SUCCESS,25.0,136,5
D9_Memoryless_Negative_Control,825,B6_PROPORTIONATE_SPARSE_ADAPTIVE_FILTER,EVAL,SUCCESS,1280.0,2560,2
D9_Memoryless_Negative_Control,826,B4_VARIABLE_CONTIGUOUS_TAP_LENGTH,EVAL,SUCCESS,75.11428571428571,1920,15
D9_Memoryless_Negative_Control,826,B7_PROPOSED_DYNAMIC_LAG_LIFECYCLE,EVAL,SUCCESS,71.86971428571428,932,5
D9_Memoryless_Negative_Control,826,B7_E0_MAGNITUDE_EVICTION,EVAL,SUCCESS,71.86971428571428,932,5
D9_Memoryless_Negative_Control,827,B3_FIXED_DENSE_FIR,EVAL,SUCCESS,80.0,240,20
D9_Memoryless_Negative_Control,826,B0_LEBRE_FROZEN,EVAL,SUCCESS,36.43514285714286,368,5
D9_Memoryless_Negative_Control,826,B5_SPARSITY_REGULARIZED_FULL_DICTIONARY,EVAL,SUCCESS,960.0,1920,0
D9_Memoryless_Negative_Control,827,O1_FULL_DENSE_FIR,EVAL,SUCCESS,660.0,1980,165
D9_Memoryless_Negative_Control,828,O2_ORACLE_SUPPORT_LIFECYCLE,EVAL,SUCCESS,25.0,152,5
D9_Memoryless_Negative_Control,828,O0_ORACLE_SPARSE,EVAL,SUCCESS,25.0,120,5
D9_Memoryless_Negative_Control,826,B6_PROPORTIONATE_SPARSE_ADAPTIVE_FILTER,EVAL,SUCCESS,1280.0,2560,2
D9_Memoryless_Negative_Control,828,B1_LEBRE_NO_REC_BIRTH,EVAL,SUCCESS,25.0,136,5
D9_Memoryless_Negative_Control,827,B4_VARIABLE_CONTIGUOUS_TAP_LENGTH,EVAL,SUCCESS,75.48,1920,15
D9_Memoryless_Negative_Control,827,B7_PROPOSED_DYNAMIC_LAG_LIFECYCLE,EVAL,SUCCESS,72.43314285714285,900,5
D9_Memoryless_Negative_Control,828,B3_FIXED_DENSE_FIR,EVAL,SUCCESS,80.0,240,20
D9_Memoryless_Negative_Control,827,B7_E0_MAGNITUDE_EVICTION,EVAL,SUCCESS,72.43314285714285,900,5
D9_Memoryless_Negative_Control,827,B5_SPARSITY_REGULARIZED_FULL_DICTIONARY,EVAL,SUCCESS,960.0,1920,0
D9_Memoryless_Negative_Control,827,B0_LEBRE_FROZEN,EVAL,SUCCESS,35.12457142857143,368,5
D9_Memoryless_Negative_Control,829,O0_ORACLE_SPARSE,EVAL,SUCCESS,25.0,120,5
D9_Memoryless_Negative_Control,828,O1_FULL_DENSE_FIR,EVAL,SUCCESS,660.0,1980,165
D9_Memoryless_Negative_Control,829,O2_ORACLE_SUPPORT_LIFECYCLE,EVAL,SUCCESS,25.0,152,5
D9_Memoryless_Negative_Control,827,B6_PROPORTIONATE_SPARSE_ADAPTIVE_FILTER,EVAL,SUCCESS,1280.0,2560,2
D9_Memoryless_Negative_Control,828,B4_VARIABLE_CONTIGUOUS_TAP_LENGTH,EVAL,SUCCESS,79.34,1920,15
D9_Memoryless_Negative_Control,829,B1_LEBRE_NO_REC_BIRTH,EVAL,SUCCESS,25.0,136,5
D9_Memoryless_Negative_Control,828,B7_PROPOSED_DYNAMIC_LAG_LIFECYCLE,EVAL,SUCCESS,81.06257142857143,1020,6
D9_Memoryless_Negative_Control,829,B3_FIXED_DENSE_FIR,EVAL,SUCCESS,80.0,240,20
D9_Memoryless_Negative_Control,828,B5_SPARSITY_REGULARIZED_FULL_DICTIONARY,EVAL,SUCCESS,960.0,1920,0
D9_Memoryless_Negative_Control,828,B7_E0_MAGNITUDE_EVICTION,EVAL,SUCCESS,81.06257142857143,1020,6
D9_Memoryless_Negative_Control,828,B0_LEBRE_FROZEN,EVAL,SUCCESS,36.87942857142857,368,5
D9_Memoryless_Negative_Control,830,O0_ORACLE_SPARSE,EVAL,SUCCESS,25.0,120,5
D9_Memoryless_Negative_Control,829,O1_FULL_DENSE_FIR,EVAL,SUCCESS,660.0,1980,165
D9_Memoryless_Negative_Control,830,O2_ORACLE_SUPPORT_LIFECYCLE,EVAL,SUCCESS,25.0,152,5
D9_Memoryless_Negative_Control,828,B6_PROPORTIONATE_SPARSE_ADAPTIVE_FILTER,EVAL,SUCCESS,1280.0,2560,2
D9_Memoryless_Negative_Control,830,B1_LEBRE_NO_REC_BIRTH,EVAL,SUCCESS,25.0,136,5
D9_Memoryless_Negative_Control,829,B4_VARIABLE_CONTIGUOUS_TAP_LENGTH,EVAL,SUCCESS,72.44857142857143,1920,10
D9_Memoryless_Negative_Control,829,B7_E0_MAGNITUDE_EVICTION,EVAL,SUCCESS,72.44342857142857,932,5
D9_Memoryless_Negative_Control,829,B7_PROPOSED_DYNAMIC_LAG_LIFECYCLE,EVAL,SUCCESS,72.44342857142857,932,5
D9_Memoryless_Negative_Control,830,B3_FIXED_DENSE_FIR,EVAL,SUCCESS,80.0,240,20
D9_Memoryless_Negative_Control,830,O1_FULL_DENSE_FIR,EVAL,SUCCESS,660.0,1980,165
D9_Memoryless_Negative_Control,829,B0_LEBRE_FROZEN,EVAL,SUCCESS,35.91171428571428,368,5
D9_Memoryless_Negative_Control,829,B5_SPARSITY_REGULARIZED_FULL_DICTIONARY,EVAL,SUCCESS,960.0,1920,0
D9_Memoryless_Negative_Control,830,B4_VARIABLE_CONTIGUOUS_TAP_LENGTH,EVAL,SUCCESS,73.37714285714286,1920,15
D9_Memoryless_Negative_Control,829,B6_PROPORTIONATE_SPARSE_ADAPTIVE_FILTER,EVAL,SUCCESS,1280.0,2560,2
D10_Dense_FIR_Control,801,B1_LEBRE_NO_REC_BIRTH,EVAL,SUCCESS,25.0,136,5
D10_Dense_FIR_Control,801,O0_ORACLE_SPARSE,EVAL,SUCCESS,61.0,324,11
D9_Memoryless_Negative_Control,830,B7_PROPOSED_DYNAMIC_LAG_LIFECYCLE,EVAL,SUCCESS,76.75285714285714,996,6
D9_Memoryless_Negative_Control,830,B7_E0_MAGNITUDE_EVICTION,EVAL,SUCCESS,76.75285714285714,996,6
D10_Dense_FIR_Control,801,B3_FIXED_DENSE_FIR,EVAL,SUCCESS,80.0,240,20
D10_Dense_FIR_Control,801,O2_ORACLE_SUPPORT_LIFECYCLE,EVAL,SUCCESS,61.0,312,11
D9_Memoryless_Negative_Control,830,B0_LEBRE_FROZEN,EVAL,SUCCESS,36.934285714285714,368,5
D9_Memoryless_Negative_Control,830,B5_SPARSITY_REGULARIZED_FULL_DICTIONARY,EVAL,SUCCESS,960.0,1920,0
D9_Memoryless_Negative_Control,830,B6_PROPORTIONATE_SPARSE_ADAPTIVE_FILTER,EVAL,SUCCESS,1280.0,2560,2
D10_Dense_FIR_Control,801,O1_FULL_DENSE_FIR,EVAL,SUCCESS,660.0,1980,165
D10_Dense_FIR_Control,801,B0_LEBRE_FROZEN,EVAL,SUCCESS,48.0,368,8
D10_Dense_FIR_Control,802,B1_LEBRE_NO_REC_BIRTH,EVAL,SUCCESS,25.0,136,5
D10_Dense_FIR_Control,802,O0_ORACLE_SPARSE,EVAL,SUCCESS,61.0,324,11
D10_Dense_FIR_Control,801,B4_VARIABLE_CONTIGUOUS_TAP_LENGTH,EVAL,SUCCESS,153.78285714285715,1920,30
D10_Dense_FIR_Control,802,O2_ORACLE_SUPPORT_LIFECYCLE,EVAL,SUCCESS,61.0,312,11
D10_Dense_FIR_Control,802,B3_FIXED_DENSE_FIR,EVAL,SUCCESS,80.0,240,20
D10_Dense_FIR_Control,801,B5_SPARSITY_REGULARIZED_FULL_DICTIONARY,EVAL,SUCCESS,960.0,1920,0
D10_Dense_FIR_Control,801,B7_PROPOSED_DYNAMIC_LAG_LIFECYCLE,EVAL,SUCCESS,112.65942857142858,1112,9
D10_Dense_FIR_Control,802,O1_FULL_DENSE_FIR,EVAL,SUCCESS,660.0,1980,165
D10_Dense_FIR_Control,801,B7_E0_MAGNITUDE_EVICTION,EVAL,SUCCESS,112.65942857142858,1112,9
D10_Dense_FIR_Control,801,B6_PROPORTIONATE_SPARSE_ADAPTIVE_FILTER,EVAL,SUCCESS,1280.0,2560,4
D10_Dense_FIR_Control,803,B1_LEBRE_NO_REC_BIRTH,EVAL,SUCCESS,25.0,136,5
D10_Dense_FIR_Control,802,B4_VARIABLE_CONTIGUOUS_TAP_LENGTH,EVAL,SUCCESS,152.06571428571428,1920,30
D10_Dense_FIR_Control,803,O0_ORACLE_SPARSE,EVAL,SUCCESS,61.0,324,11
D10_Dense_FIR_Control,802,B0_LEBRE_FROZEN,EVAL,SUCCESS,48.0,368,8
D10_Dense_FIR_Control,803,O2_ORACLE_SUPPORT_LIFECYCLE,EVAL,SUCCESS,61.0,312,11
D10_Dense_FIR_Control,802,B5_SPARSITY_REGULARIZED_FULL_DICTIONARY,EVAL,SUCCESS,960.0,1920,0
D10_Dense_FIR_Control,803,B3_FIXED_DENSE_FIR,EVAL,SUCCESS,80.0,240,20
D10_Dense_FIR_Control,802,B7_PROPOSED_DYNAMIC_LAG_LIFECYCLE,EVAL,SUCCESS,109.92371428571428,1204,9
D10_Dense_FIR_Control,802,B7_E0_MAGNITUDE_EVICTION,EVAL,SUCCESS,109.92371428571428,1204,9
D10_Dense_FIR_Control,803,O1_FULL_DENSE_FIR,EVAL,SUCCESS,660.0,1980,165
D10_Dense_FIR_Control,804,O0_ORACLE_SPARSE,EVAL,SUCCESS,61.0,324,11
D10_Dense_FIR_Control,803,B0_LEBRE_FROZEN,EVAL,SUCCESS,46.91742857142857,368,8
D10_Dense_FIR_Control,802,B6_PROPORTIONATE_SPARSE_ADAPTIVE_FILTER,EVAL,SUCCESS,1280.0,2560,5
D10_Dense_FIR_Control,804,B1_LEBRE_NO_REC_BIRTH,EVAL,SUCCESS,25.0,136,5
D10_Dense_FIR_Control,804,O2_ORACLE_SUPPORT_LIFECYCLE,EVAL,SUCCESS,61.0,312,11
D10_Dense_FIR_Control,804,B3_FIXED_DENSE_FIR,EVAL,SUCCESS,80.0,240,20
D10_Dense_FIR_Control,804,O1_FULL_DENSE_FIR,EVAL,SUCCESS,660.0,1980,165
D10_Dense_FIR_Control,803,B4_VARIABLE_CONTIGUOUS_TAP_LENGTH,EVAL,SUCCESS,156.53142857142856,1920,30
D10_Dense_FIR_Control,803,B5_SPARSITY_REGULARIZED_FULL_DICTIONARY,EVAL,SUCCESS,960.0,1920,0
D10_Dense_FIR_Control,803,B7_PROPOSED_DYNAMIC_LAG_LIFECYCLE,EVAL,SUCCESS,112.976,1216,9
D10_Dense_FIR_Control,803,B7_E0_MAGNITUDE_EVICTION,EVAL,SUCCESS,112.976,1216,9
D10_Dense_FIR_Control,804,B0_LEBRE_FROZEN,EVAL,SUCCESS,46.25371428571429,368,8
D10_Dense_FIR_Control,804,B4_VARIABLE_CONTIGUOUS_TAP_LENGTH,EVAL,SUCCESS,151.59714285714287,1920,30
D10_Dense_FIR_Control,805,B1_LEBRE_NO_REC_BIRTH,EVAL,SUCCESS,25.0,136,5
D10_Dense_FIR_Control,805,O0_ORACLE_SPARSE,EVAL,SUCCESS,61.0,324,11
D10_Dense_FIR_Control,803,B6_PROPORTIONATE_SPARSE_ADAPTIVE_FILTER,EVAL,SUCCESS,1280.0,2560,5
D10_Dense_FIR_Control,805,O2_ORACLE_SUPPORT_LIFECYCLE,EVAL,SUCCESS,61.0,312,11
D10_Dense_FIR_Control,805,B3_FIXED_DENSE_FIR,EVAL,SUCCESS,80.0,240,20
D10_Dense_FIR_Control,804,B7_PROPOSED_DYNAMIC_LAG_LIFECYCLE,EVAL,SUCCESS,112.67485714285715,1044,9
D10_Dense_FIR_Control,804,B5_SPARSITY_REGULARIZED_FULL_DICTIONARY,EVAL,SUCCESS,960.0,1920,0
D10_Dense_FIR_Control,805,O1_FULL_DENSE_FIR,EVAL,SUCCESS,660.0,1980,165
D10_Dense_FIR_Control,804,B7_E0_MAGNITUDE_EVICTION,EVAL,SUCCESS,112.67485714285715,1044,9
D10_Dense_FIR_Control,804,B6_PROPORTIONATE_SPARSE_ADAPTIVE_FILTER,EVAL,SUCCESS,1280.0,2560,4
D10_Dense_FIR_Control,805,B4_VARIABLE_CONTIGUOUS_TAP_LENGTH,EVAL,SUCCESS,153.04857142857142,1920,30
D10_Dense_FIR_Control,805,B0_LEBRE_FROZEN,EVAL,SUCCESS,47.79085714285714,368,8
D10_Dense_FIR_Control,806,B1_LEBRE_NO_REC_BIRTH,EVAL,SUCCESS,25.0,136,5
D10_Dense_FIR_Control,806,O0_ORACLE_SPARSE,EVAL,SUCCESS,61.0,324,11
D10_Dense_FIR_Control,806,O2_ORACLE_SUPPORT_LIFECYCLE,EVAL,SUCCESS,61.0,312,11
D10_Dense_FIR_Control,805,B7_PROPOSED_DYNAMIC_LAG_LIFECYCLE,EVAL,SUCCESS,106.208,1156,9
D10_Dense_FIR_Control,806,B3_FIXED_DENSE_FIR,EVAL,SUCCESS,80.0,240,20
D10_Dense_FIR_Control,805,B5_SPARSITY_REGULARIZED_FULL_DICTIONARY,EVAL,SUCCESS,960.0,1920,0
D10_Dense_FIR_Control,805,B7_E0_MAGNITUDE_EVICTION,EVAL,SUCCESS,106.208,1156,9
D10_Dense_FIR_Control,806,O1_FULL_DENSE_FIR,EVAL,SUCCESS,660.0,1980,165
D10_Dense_FIR_Control,805,B6_PROPORTIONATE_SPARSE_ADAPTIVE_FILTER,EVAL,SUCCESS,1280.0,2560,5
D10_Dense_FIR_Control,806,B0_LEBRE_FROZEN,EVAL,SUCCESS,48.0,368,8
D10_Dense_FIR_Control,807,O0_ORACLE_SPARSE,EVAL,SUCCESS,61.0,324,11
D10_Dense_FIR_Control,807,B1_LEBRE_NO_REC_BIRTH,EVAL,SUCCESS,25.0,136,5
D10_Dense_FIR_Control,806,B4_VARIABLE_CONTIGUOUS_TAP_LENGTH,EVAL,SUCCESS,154.89142857142858,1920,30
D10_Dense_FIR_Control,807,O2_ORACLE_SUPPORT_LIFECYCLE,EVAL,SUCCESS,61.0,312,11
D10_Dense_FIR_Control,807,B3_FIXED_DENSE_FIR,EVAL,SUCCESS,80.0,240,20
D10_Dense_FIR_Control,806,B7_PROPOSED_DYNAMIC_LAG_LIFECYCLE,EVAL,SUCCESS,112.946,1116,9
D10_Dense_FIR_Control,806,B5_SPARSITY_REGULARIZED_FULL_DICTIONARY,EVAL,SUCCESS,960.0,1920,0
D10_Dense_FIR_Control,806,B7_E0_MAGNITUDE_EVICTION,EVAL,SUCCESS,112.946,1116,9
D10_Dense_FIR_Control,807,O1_FULL_DENSE_FIR,EVAL,SUCCESS,660.0,1980,165
D10_Dense_FIR_Control,806,B6_PROPORTIONATE_SPARSE_ADAPTIVE_FILTER,EVAL,SUCCESS,1280.0,2560,4
D10_Dense_FIR_Control,808,B1_LEBRE_NO_REC_BIRTH,EVAL,SUCCESS,25.0,136,5
D10_Dense_FIR_Control,807,B4_VARIABLE_CONTIGUOUS_TAP_LENGTH,EVAL,SUCCESS,153.0457142857143,1920,30
D10_Dense_FIR_Control,808,O0_ORACLE_SPARSE,EVAL,SUCCESS,61.0,324,11
D10_Dense_FIR_Control,807,B0_LEBRE_FROZEN,EVAL,SUCCESS,47.784,368,8
D10_Dense_FIR_Control,808,O2_ORACLE_SUPPORT_LIFECYCLE,EVAL,SUCCESS,61.0,312,11
D10_Dense_FIR_Control,808,B3_FIXED_DENSE_FIR,EVAL,SUCCESS,80.0,240,20
D10_Dense_FIR_Control,807,B5_SPARSITY_REGULARIZED_FULL_DICTIONARY,EVAL,SUCCESS,960.0,1920,0
D10_Dense_FIR_Control,807,B7_PROPOSED_DYNAMIC_LAG_LIFECYCLE,EVAL,SUCCESS,112.77371428571429,1108,9
D10_Dense_FIR_Control,807,B6_PROPORTIONATE_SPARSE_ADAPTIVE_FILTER,EVAL,SUCCESS,1280.0,2560,5
D10_Dense_FIR_Control,807,B7_E0_MAGNITUDE_EVICTION,EVAL,SUCCESS,112.77371428571429,1108,9
D10_Dense_FIR_Control,808,O1_FULL_DENSE_FIR,EVAL,SUCCESS,660.0,1980,165
D10_Dense_FIR_Control,808,B4_VARIABLE_CONTIGUOUS_TAP_LENGTH,EVAL,SUCCESS,155.05714285714285,1920,30
D10_Dense_FIR_Control,808,B0_LEBRE_FROZEN,EVAL,SUCCESS,48.0,368,8
D10_Dense_FIR_Control,809,O0_ORACLE_SPARSE,EVAL,SUCCESS,61.0,324,11
D10_Dense_FIR_Control,809,B1_LEBRE_NO_REC_BIRTH,EVAL,SUCCESS,25.0,136,5
D10_Dense_FIR_Control,809,O2_ORACLE_SUPPORT_LIFECYCLE,EVAL,SUCCESS,61.0,312,11
D10_Dense_FIR_Control,809,B3_FIXED_DENSE_FIR,EVAL,SUCCESS,80.0,240,20
D10_Dense_FIR_Control,808,B5_SPARSITY_REGULARIZED_FULL_DICTIONARY,EVAL,SUCCESS,960.0,1920,0
D10_Dense_FIR_Control,808,B7_PROPOSED_DYNAMIC_LAG_LIFECYCLE,EVAL,SUCCESS,112.34857142857143,1120,9
D10_Dense_FIR_Control,808,B7_E0_MAGNITUDE_EVICTION,EVAL,SUCCESS,112.34857142857143,1120,9
D10_Dense_FIR_Control,809,O1_FULL_DENSE_FIR,EVAL,SUCCESS,660.0,1980,165
D10_Dense_FIR_Control,808,B6_PROPORTIONATE_SPARSE_ADAPTIVE_FILTER,EVAL,SUCCESS,1280.0,2560,5
D10_Dense_FIR_Control,809,B0_LEBRE_FROZEN,EVAL,SUCCESS,48.0,368,8
D10_Dense_FIR_Control,810,O0_ORACLE_SPARSE,EVAL,SUCCESS,61.0,324,11
D10_Dense_FIR_Control,810,B1_LEBRE_NO_REC_BIRTH,EVAL,SUCCESS,25.0,136,5
D10_Dense_FIR_Control,810,O2_ORACLE_SUPPORT_LIFECYCLE,EVAL,SUCCESS,61.0,312,11
D10_Dense_FIR_Control,809,B4_VARIABLE_CONTIGUOUS_TAP_LENGTH,EVAL,SUCCESS,152.0,1920,30
D10_Dense_FIR_Control,810,B3_FIXED_DENSE_FIR,EVAL,SUCCESS,80.0,240,20
D10_Dense_FIR_Control,809,B7_PROPOSED_DYNAMIC_LAG_LIFECYCLE,EVAL,SUCCESS,112.80914285714286,1148,9
D10_Dense_FIR_Control,809,B5_SPARSITY_REGULARIZED_FULL_DICTIONARY,EVAL,SUCCESS,960.0,1920,0
D10_Dense_FIR_Control,809,B7_E0_MAGNITUDE_EVICTION,EVAL,SUCCESS,112.80914285714286,1148,9
D10_Dense_FIR_Control,810,O1_FULL_DENSE_FIR,EVAL,SUCCESS,660.0,1980,165
D10_Dense_FIR_Control,809,B6_PROPORTIONATE_SPARSE_ADAPTIVE_FILTER,EVAL,SUCCESS,1280.0,2560,5
D10_Dense_FIR_Control,811,B1_LEBRE_NO_REC_BIRTH,EVAL,SUCCESS,25.0,136,5
D10_Dense_FIR_Control,811,O0_ORACLE_SPARSE,EVAL,SUCCESS,61.0,324,11
D10_Dense_FIR_Control,810,B4_VARIABLE_CONTIGUOUS_TAP_LENGTH,EVAL,SUCCESS,152.88857142857142,1920,30
D10_Dense_FIR_Control,810,B0_LEBRE_FROZEN,EVAL,SUCCESS,47.67885714285714,368,8
D10_Dense_FIR_Control,811,O2_ORACLE_SUPPORT_LIFECYCLE,EVAL,SUCCESS,61.0,312,11
D10_Dense_FIR_Control,810,B5_SPARSITY_REGULARIZED_FULL_DICTIONARY,EVAL,SUCCESS,960.0,1920,0
D10_Dense_FIR_Control,811,B3_FIXED_DENSE_FIR,EVAL,SUCCESS,80.0,240,20
D10_Dense_FIR_Control,810,B7_PROPOSED_DYNAMIC_LAG_LIFECYCLE,EVAL,SUCCESS,112.77028571428572,1152,9
D10_Dense_FIR_Control,810,B7_E0_MAGNITUDE_EVICTION,EVAL,SUCCESS,112.77028571428572,1152,9
D10_Dense_FIR_Control,810,B6_PROPORTIONATE_SPARSE_ADAPTIVE_FILTER,EVAL,SUCCESS,1280.0,2560,5
D10_Dense_FIR_Control,811,O1_FULL_DENSE_FIR,EVAL,SUCCESS,660.0,1980,165
D10_Dense_FIR_Control,812,O0_ORACLE_SPARSE,EVAL,SUCCESS,61.0,324,11
D10_Dense_FIR_Control,811,B4_VARIABLE_CONTIGUOUS_TAP_LENGTH,EVAL,SUCCESS,155.70857142857142,1920,30
D10_Dense_FIR_Control,811,B0_LEBRE_FROZEN,EVAL,SUCCESS,48.0,368,8
D10_Dense_FIR_Control,812,B1_LEBRE_NO_REC_BIRTH,EVAL,SUCCESS,25.0,136,5
D10_Dense_FIR_Control,812,O2_ORACLE_SUPPORT_LIFECYCLE,EVAL,SUCCESS,61.0,312,11
D10_Dense_FIR_Control,812,B3_FIXED_DENSE_FIR,EVAL,SUCCESS,80.0,240,20
D10_Dense_FIR_Control,811,B5_SPARSITY_REGULARIZED_FULL_DICTIONARY,EVAL,SUCCESS,960.0,1920,0
D10_Dense_FIR_Control,811,B7_PROPOSED_DYNAMIC_LAG_LIFECYCLE,EVAL,SUCCESS,112.94114285714285,1132,9
D10_Dense_FIR_Control,811,B7_E0_MAGNITUDE_EVICTION,EVAL,SUCCESS,112.94114285714285,1132,9
D10_Dense_FIR_Control,812,O1_FULL_DENSE_FIR,EVAL,SUCCESS,660.0,1980,165
D10_Dense_FIR_Control,811,B6_PROPORTIONATE_SPARSE_ADAPTIVE_FILTER,EVAL,SUCCESS,1280.0,2560,5
D10_Dense_FIR_Control,813,B1_LEBRE_NO_REC_BIRTH,EVAL,SUCCESS,25.0,136,5
D10_Dense_FIR_Control,813,O0_ORACLE_SPARSE,EVAL,SUCCESS,61.0,324,11
D10_Dense_FIR_Control,812,B0_LEBRE_FROZEN,EVAL,SUCCESS,48.0,368,8
D10_Dense_FIR_Control,813,O2_ORACLE_SUPPORT_LIFECYCLE,EVAL,SUCCESS,61.0,312,11
D10_Dense_FIR_Control,812,B4_VARIABLE_CONTIGUOUS_TAP_LENGTH,EVAL,SUCCESS,157.12571428571428,1920,30
D10_Dense_FIR_Control,813,B3_FIXED_DENSE_FIR,EVAL,SUCCESS,80.0,240,20
D10_Dense_FIR_Control,812,B7_PROPOSED_DYNAMIC_LAG_LIFECYCLE,EVAL,SUCCESS,112.83428571428571,1108,9
D10_Dense_FIR_Control,812,B5_SPARSITY_REGULARIZED_FULL_DICTIONARY,EVAL,SUCCESS,960.0,1920,0
D10_Dense_FIR_Control,812,B7_E0_MAGNITUDE_EVICTION,EVAL,SUCCESS,112.83428571428571,1108,9
D10_Dense_FIR_Control,812,B6_PROPORTIONATE_SPARSE_ADAPTIVE_FILTER,EVAL,SUCCESS,1280.0,2560,5
D10_Dense_FIR_Control,813,O1_FULL_DENSE_FIR,EVAL,SUCCESS,660.0,1980,165
D10_Dense_FIR_Control,813,B0_LEBRE_FROZEN,EVAL,SUCCESS,48.0,368,8
D10_Dense_FIR_Control,813,B4_VARIABLE_CONTIGUOUS_TAP_LENGTH,EVAL,SUCCESS,166.69142857142856,1920,35
D10_Dense_FIR_Control,814,O0_ORACLE_SPARSE,EVAL,SUCCESS,61.0,324,11
D10_Dense_FIR_Control,814,O2_ORACLE_SUPPORT_LIFECYCLE,EVAL,SUCCESS,61.0,312,11
D10_Dense_FIR_Control,814,B1_LEBRE_NO_REC_BIRTH,EVAL,SUCCESS,25.0,136,5
D10_Dense_FIR_Control,813,B5_SPARSITY_REGULARIZED_FULL_DICTIONARY,EVAL,SUCCESS,960.0,1920,0
D10_Dense_FIR_Control,814,B3_FIXED_DENSE_FIR,EVAL,SUCCESS,80.0,240,20
D10_Dense_FIR_Control,813,B7_PROPOSED_DYNAMIC_LAG_LIFECYCLE,EVAL,SUCCESS,110.186,1020,9
D10_Dense_FIR_Control,814,O1_FULL_DENSE_FIR,EVAL,SUCCESS,660.0,1980,165
D10_Dense_FIR_Control,813,B7_E0_MAGNITUDE_EVICTION,EVAL,SUCCESS,110.186,1020,9
D10_Dense_FIR_Control,813,B6_PROPORTIONATE_SPARSE_ADAPTIVE_FILTER,EVAL,SUCCESS,1280.0,2560,6
D10_Dense_FIR_Control,814,B0_LEBRE_FROZEN,EVAL,SUCCESS,48.0,368,8
D10_Dense_FIR_Control,814,B4_VARIABLE_CONTIGUOUS_TAP_LENGTH,EVAL,SUCCESS,153.68857142857144,1920,30
D10_Dense_FIR_Control,815,O0_ORACLE_SPARSE,EVAL,SUCCESS,61.0,324,11
D10_Dense_FIR_Control,815,O2_ORACLE_SUPPORT_LIFECYCLE,EVAL,SUCCESS,61.0,312,11
D10_Dense_FIR_Control,815,B1_LEBRE_NO_REC_BIRTH,EVAL,SUCCESS,25.0,136,5
D10_Dense_FIR_Control,814,B5_SPARSITY_REGULARIZED_FULL_DICTIONARY,EVAL,SUCCESS,960.0,1920,0
D10_Dense_FIR_Control,814,B7_PROPOSED_DYNAMIC_LAG_LIFECYCLE,EVAL,SUCCESS,109.828,1060,9
D10_Dense_FIR_Control,815,B3_FIXED_DENSE_FIR,EVAL,SUCCESS,80.0,240,20
D10_Dense_FIR_Control,814,B6_PROPORTIONATE_SPARSE_ADAPTIVE_FILTER,EVAL,SUCCESS,1280.0,2560,6
D10_Dense_FIR_Control,814,B7_E0_MAGNITUDE_EVICTION,EVAL,SUCCESS,109.828,1060,9
D10_Dense_FIR_Control,815,O1_FULL_DENSE_FIR,EVAL,SUCCESS,660.0,1980,165
D10_Dense_FIR_Control,815,B0_LEBRE_FROZEN,EVAL,SUCCESS,48.0,368,8
D10_Dense_FIR_Control,816,B1_LEBRE_NO_REC_BIRTH,EVAL,SUCCESS,25.0,136,5
D10_Dense_FIR_Control,816,O0_ORACLE_SPARSE,EVAL,SUCCESS,61.0,324,11
D10_Dense_FIR_Control,815,B4_VARIABLE_CONTIGUOUS_TAP_LENGTH,EVAL,SUCCESS,162.88285714285715,1920,35
D10_Dense_FIR_Control,816,O2_ORACLE_SUPPORT_LIFECYCLE,EVAL,SUCCESS,61.0,312,11
D10_Dense_FIR_Control,816,B3_FIXED_DENSE_FIR,EVAL,SUCCESS,80.0,240,20
D10_Dense_FIR_Control,815,B5_SPARSITY_REGULARIZED_FULL_DICTIONARY,EVAL,SUCCESS,960.0,1920,0
D10_Dense_FIR_Control,815,B7_PROPOSED_DYNAMIC_LAG_LIFECYCLE,EVAL,SUCCESS,112.60971428571429,1080,9
D10_Dense_FIR_Control,815,B7_E0_MAGNITUDE_EVICTION,EVAL,SUCCESS,112.60971428571429,1080,9
D10_Dense_FIR_Control,816,O1_FULL_DENSE_FIR,EVAL,SUCCESS,660.0,1980,165
D10_Dense_FIR_Control,815,B6_PROPORTIONATE_SPARSE_ADAPTIVE_FILTER,EVAL,SUCCESS,1280.0,2560,5
D10_Dense_FIR_Control,817,O0_ORACLE_SPARSE,EVAL,SUCCESS,61.0,324,11
D10_Dense_FIR_Control,816,B4_VARIABLE_CONTIGUOUS_TAP_LENGTH,EVAL,SUCCESS,154.8,1920,30
D10_Dense_FIR_Control,817,B1_LEBRE_NO_REC_BIRTH,EVAL,SUCCESS,25.0,136,5
D10_Dense_FIR_Control,816,B0_LEBRE_FROZEN,EVAL,SUCCESS,48.0,368,8
D10_Dense_FIR_Control,817,O2_ORACLE_SUPPORT_LIFECYCLE,EVAL,SUCCESS,61.0,312,11
D10_Dense_FIR_Control,817,B3_FIXED_DENSE_FIR,EVAL,SUCCESS,80.0,240,20
D10_Dense_FIR_Control,816,B7_PROPOSED_DYNAMIC_LAG_LIFECYCLE,EVAL,SUCCESS,112.87028571428571,1244,9
D10_Dense_FIR_Control,816,B5_SPARSITY_REGULARIZED_FULL_DICTIONARY,EVAL,SUCCESS,960.0,1920,0
D10_Dense_FIR_Control,816,B7_E0_MAGNITUDE_EVICTION,EVAL,SUCCESS,112.87028571428571,1244,9
D10_Dense_FIR_Control,817,O1_FULL_DENSE_FIR,EVAL,SUCCESS,660.0,1980,165
D10_Dense_FIR_Control,817,B0_LEBRE_FROZEN,EVAL,SUCCESS,47.55542857142857,368,8
D10_Dense_FIR_Control,816,B6_PROPORTIONATE_SPARSE_ADAPTIVE_FILTER,EVAL,SUCCESS,1280.0,2560,6
D10_Dense_FIR_Control,817,B4_VARIABLE_CONTIGUOUS_TAP_LENGTH,EVAL,SUCCESS,160.82857142857142,1920,35
D10_Dense_FIR_Control,818,O0_ORACLE_SPARSE,EVAL,SUCCESS,61.0,324,11
D10_Dense_FIR_Control,818,B1_LEBRE_NO_REC_BIRTH,EVAL,SUCCESS,25.0,136,5
D10_Dense_FIR_Control,818,O2_ORACLE_SUPPORT_LIFECYCLE,EVAL,SUCCESS,61.0,312,11
D10_Dense_FIR_Control,818,B3_FIXED_DENSE_FIR,EVAL,SUCCESS,80.0,240,20
D10_Dense_FIR_Control,817,B7_PROPOSED_DYNAMIC_LAG_LIFECYCLE,EVAL,SUCCESS,112.77542857142858,1040,9
D10_Dense_FIR_Control,817,B5_SPARSITY_REGULARIZED_FULL_DICTIONARY,EVAL,SUCCESS,960.0,1920,0
D10_Dense_FIR_Control,817,B7_E0_MAGNITUDE_EVICTION,EVAL,SUCCESS,112.77542857142858,1040,9
D10_Dense_FIR_Control,818,O1_FULL_DENSE_FIR,EVAL,SUCCESS,660.0,1980,165
D10_Dense_FIR_Control,817,B6_PROPORTIONATE_SPARSE_ADAPTIVE_FILTER,EVAL,SUCCESS,1280.0,2560,5
D10_Dense_FIR_Control,818,B0_LEBRE_FROZEN,EVAL,SUCCESS,48.0,368,8
D10_Dense_FIR_Control,818,B4_VARIABLE_CONTIGUOUS_TAP_LENGTH,EVAL,SUCCESS,156.59428571428572,1920,30
D10_Dense_FIR_Control,819,O0_ORACLE_SPARSE,EVAL,SUCCESS,61.0,324,11
D10_Dense_FIR_Control,819,O2_ORACLE_SUPPORT_LIFECYCLE,EVAL,SUCCESS,61.0,312,11
D10_Dense_FIR_Control,819,B1_LEBRE_NO_REC_BIRTH,EVAL,SUCCESS,25.0,136,5
D10_Dense_FIR_Control,819,B3_FIXED_DENSE_FIR,EVAL,SUCCESS,80.0,240,20
D10_Dense_FIR_Control,818,B7_PROPOSED_DYNAMIC_LAG_LIFECYCLE,EVAL,SUCCESS,112.66114285714286,1076,9
D10_Dense_FIR_Control,818,B7_E0_MAGNITUDE_EVICTION,EVAL,SUCCESS,112.66114285714286,1076,9
D10_Dense_FIR_Control,819,O1_FULL_DENSE_FIR,EVAL,SUCCESS,660.0,1980,165
D10_Dense_FIR_Control,818,B5_SPARSITY_REGULARIZED_FULL_DICTIONARY,EVAL,SUCCESS,960.0,1920,0
D10_Dense_FIR_Control,818,B6_PROPORTIONATE_SPARSE_ADAPTIVE_FILTER,EVAL,SUCCESS,1280.0,2560,5
D10_Dense_FIR_Control,820,O0_ORACLE_SPARSE,EVAL,SUCCESS,61.0,324,11
D10_Dense_FIR_Control,819,B0_LEBRE_FROZEN,EVAL,SUCCESS,47.22942857142857,368,8
D10_Dense_FIR_Control,820,O2_ORACLE_SUPPORT_LIFECYCLE,EVAL,SUCCESS,61.0,312,11
D10_Dense_FIR_Control,819,B4_VARIABLE_CONTIGUOUS_TAP_LENGTH,EVAL,SUCCESS,153.3657142857143,1920,30
D10_Dense_FIR_Control,820,B1_LEBRE_NO_REC_BIRTH,EVAL,SUCCESS,25.0,136,5
D10_Dense_FIR_Control,819,B7_PROPOSED_DYNAMIC_LAG_LIFECYCLE,EVAL,SUCCESS,112.55142857142857,1196,9
D10_Dense_FIR_Control,820,B3_FIXED_DENSE_FIR,EVAL,SUCCESS,80.0,240,20
D10_Dense_FIR_Control,820,O1_FULL_DENSE_FIR,EVAL,SUCCESS,660.0,1980,165
D10_Dense_FIR_Control,819,B7_E0_MAGNITUDE_EVICTION,EVAL,SUCCESS,112.55142857142857,1196,9
D10_Dense_FIR_Control,819,B5_SPARSITY_REGULARIZED_FULL_DICTIONARY,EVAL,SUCCESS,960.0,1920,0
D10_Dense_FIR_Control,819,B6_PROPORTIONATE_SPARSE_ADAPTIVE_FILTER,EVAL,SUCCESS,1280.0,2560,5
D10_Dense_FIR_Control,820,B0_LEBRE_FROZEN,EVAL,SUCCESS,47.28971428571428,368,8
D10_Dense_FIR_Control,821,O0_ORACLE_SPARSE,EVAL,SUCCESS,61.0,324,11
D10_Dense_FIR_Control,820,B4_VARIABLE_CONTIGUOUS_TAP_LENGTH,EVAL,SUCCESS,158.28285714285715,1920,30
D10_Dense_FIR_Control,821,O2_ORACLE_SUPPORT_LIFECYCLE,EVAL,SUCCESS,61.0,312,11
D10_Dense_FIR_Control,821,B1_LEBRE_NO_REC_BIRTH,EVAL,SUCCESS,25.0,136,5
D10_Dense_FIR_Control,820,B7_PROPOSED_DYNAMIC_LAG_LIFECYCLE,EVAL,SUCCESS,112.59142857142857,1096,9
D10_Dense_FIR_Control,820,B5_SPARSITY_REGULARIZED_FULL_DICTIONARY,EVAL,SUCCESS,960.0,1920,0
D10_Dense_FIR_Control,821,B3_FIXED_DENSE_FIR,EVAL,SUCCESS,80.0,240,20
D10_Dense_FIR_Control,820,B7_E0_MAGNITUDE_EVICTION,EVAL,SUCCESS,112.59142857142857,1096,9
D10_Dense_FIR_Control,821,O1_FULL_DENSE_FIR,EVAL,SUCCESS,660.0,1980,165
D10_Dense_FIR_Control,820,B6_PROPORTIONATE_SPARSE_ADAPTIVE_FILTER,EVAL,SUCCESS,1280.0,2560,5
D10_Dense_FIR_Control,821,B0_LEBRE_FROZEN,EVAL,SUCCESS,48.0,368,8
D10_Dense_FIR_Control,822,O0_ORACLE_SPARSE,EVAL,SUCCESS,61.0,324,11
D10_Dense_FIR_Control,821,B4_VARIABLE_CONTIGUOUS_TAP_LENGTH,EVAL,SUCCESS,150.66857142857143,1920,30
D10_Dense_FIR_Control,822,B1_LEBRE_NO_REC_BIRTH,EVAL,SUCCESS,25.0,136,5
D10_Dense_FIR_Control,822,O2_ORACLE_SUPPORT_LIFECYCLE,EVAL,SUCCESS,61.0,312,11
D10_Dense_FIR_Control,822,B3_FIXED_DENSE_FIR,EVAL,SUCCESS,80.0,240,20
D10_Dense_FIR_Control,821,B5_SPARSITY_REGULARIZED_FULL_DICTIONARY,EVAL,SUCCESS,960.0,1920,0
D10_Dense_FIR_Control,821,B7_PROPOSED_DYNAMIC_LAG_LIFECYCLE,EVAL,SUCCESS,112.56657142857142,1120,9
D10_Dense_FIR_Control,822,O1_FULL_DENSE_FIR,EVAL,SUCCESS,660.0,1980,165
D10_Dense_FIR_Control,821,B7_E0_MAGNITUDE_EVICTION,EVAL,SUCCESS,112.56657142857142,1120,9
D10_Dense_FIR_Control,821,B6_PROPORTIONATE_SPARSE_ADAPTIVE_FILTER,EVAL,SUCCESS,1280.0,2560,5
D10_Dense_FIR_Control,823,O0_ORACLE_SPARSE,EVAL,SUCCESS,61.0,324,11
D10_Dense_FIR_Control,822,B4_VARIABLE_CONTIGUOUS_TAP_LENGTH,EVAL,SUCCESS,153.45142857142858,1920,30
D10_Dense_FIR_Control,822,B0_LEBRE_FROZEN,EVAL,SUCCESS,48.0,368,8
D10_Dense_FIR_Control,823,B1_LEBRE_NO_REC_BIRTH,EVAL,SUCCESS,25.0,136,5
D10_Dense_FIR_Control,823,O2_ORACLE_SUPPORT_LIFECYCLE,EVAL,SUCCESS,61.0,312,11
D10_Dense_FIR_Control,822,B7_PROPOSED_DYNAMIC_LAG_LIFECYCLE,EVAL,SUCCESS,112.84628571428571,1120,9
D10_Dense_FIR_Control,823,B3_FIXED_DENSE_FIR,EVAL,SUCCESS,80.0,240,20
D10_Dense_FIR_Control,822,B5_SPARSITY_REGULARIZED_FULL_DICTIONARY,EVAL,SUCCESS,960.0,1920,0
D10_Dense_FIR_Control,822,B7_E0_MAGNITUDE_EVICTION,EVAL,SUCCESS,112.84628571428571,1120,9
D10_Dense_FIR_Control,823,O1_FULL_DENSE_FIR,EVAL,SUCCESS,660.0,1980,165
D10_Dense_FIR_Control,822,B6_PROPORTIONATE_SPARSE_ADAPTIVE_FILTER,EVAL,SUCCESS,1280.0,2560,5
D10_Dense_FIR_Control,823,B0_LEBRE_FROZEN,EVAL,SUCCESS,48.0,368,8
D10_Dense_FIR_Control,824,B1_LEBRE_NO_REC_BIRTH,EVAL,SUCCESS,25.0,136,5
D10_Dense_FIR_Control,824,O0_ORACLE_SPARSE,EVAL,SUCCESS,61.0,324,11
D10_Dense_FIR_Control,823,B4_VARIABLE_CONTIGUOUS_TAP_LENGTH,EVAL,SUCCESS,153.68285714285713,1920,30
D10_Dense_FIR_Control,824,O2_ORACLE_SUPPORT_LIFECYCLE,EVAL,SUCCESS,61.0,312,11
D10_Dense_FIR_Control,824,B3_FIXED_DENSE_FIR,EVAL,SUCCESS,80.0,240,20
D10_Dense_FIR_Control,823,B7_PROPOSED_DYNAMIC_LAG_LIFECYCLE,EVAL,SUCCESS,112.88857142857142,1164,9
D10_Dense_FIR_Control,823,B5_SPARSITY_REGULARIZED_FULL_DICTIONARY,EVAL,SUCCESS,960.0,1920,0
D10_Dense_FIR_Control,823,B7_E0_MAGNITUDE_EVICTION,EVAL,SUCCESS,112.88857142857142,1164,9
D10_Dense_FIR_Control,824,O1_FULL_DENSE_FIR,EVAL,SUCCESS,660.0,1980,165
D10_Dense_FIR_Control,823,B6_PROPORTIONATE_SPARSE_ADAPTIVE_FILTER,EVAL,SUCCESS,1280.0,2560,5
D10_Dense_FIR_Control,824,B0_LEBRE_FROZEN,EVAL,SUCCESS,48.0,368,8
D10_Dense_FIR_Control,824,B4_VARIABLE_CONTIGUOUS_TAP_LENGTH,EVAL,SUCCESS,153.62,1920,30
D10_Dense_FIR_Control,825,B1_LEBRE_NO_REC_BIRTH,EVAL,SUCCESS,25.0,136,5
D10_Dense_FIR_Control,825,O0_ORACLE_SPARSE,EVAL,SUCCESS,61.0,324,11
D10_Dense_FIR_Control,825,O2_ORACLE_SUPPORT_LIFECYCLE,EVAL,SUCCESS,61.0,312,11
D10_Dense_FIR_Control,824,B7_PROPOSED_DYNAMIC_LAG_LIFECYCLE,EVAL,SUCCESS,112.57028571428572,1188,9
D10_Dense_FIR_Control,824,B5_SPARSITY_REGULARIZED_FULL_DICTIONARY,EVAL,SUCCESS,960.0,1920,0
D10_Dense_FIR_Control,825,B3_FIXED_DENSE_FIR,EVAL,SUCCESS,80.0,240,20
D10_Dense_FIR_Control,824,B6_PROPORTIONATE_SPARSE_ADAPTIVE_FILTER,EVAL,SUCCESS,1280.0,2560,5
D10_Dense_FIR_Control,824,B7_E0_MAGNITUDE_EVICTION,EVAL,SUCCESS,112.57028571428572,1188,9
D10_Dense_FIR_Control,825,O1_FULL_DENSE_FIR,EVAL,SUCCESS,660.0,1980,165
D10_Dense_FIR_Control,826,O0_ORACLE_SPARSE,EVAL,SUCCESS,61.0,324,11
D10_Dense_FIR_Control,825,B0_LEBRE_FROZEN,EVAL,SUCCESS,48.0,368,8
D10_Dense_FIR_Control,825,B4_VARIABLE_CONTIGUOUS_TAP_LENGTH,EVAL,SUCCESS,151.84285714285716,1920,30
D10_Dense_FIR_Control,826,B1_LEBRE_NO_REC_BIRTH,EVAL,SUCCESS,25.0,136,5
D10_Dense_FIR_Control,826,O2_ORACLE_SUPPORT_LIFECYCLE,EVAL,SUCCESS,61.0,312,11
D10_Dense_FIR_Control,826,B3_FIXED_DENSE_FIR,EVAL,SUCCESS,80.0,240,20
D10_Dense_FIR_Control,825,B7_PROPOSED_DYNAMIC_LAG_LIFECYCLE,EVAL,SUCCESS,98.78828571428572,1268,9
D10_Dense_FIR_Control,825,B7_E0_MAGNITUDE_EVICTION,EVAL,SUCCESS,98.78828571428572,1268,9
D10_Dense_FIR_Control,825,B5_SPARSITY_REGULARIZED_FULL_DICTIONARY,EVAL,SUCCESS,960.0,1920,0
D10_Dense_FIR_Control,826,O1_FULL_DENSE_FIR,EVAL,SUCCESS,660.0,1980,165
D10_Dense_FIR_Control,826,B0_LEBRE_FROZEN,EVAL,SUCCESS,48.0,368,8
D10_Dense_FIR_Control,825,B6_PROPORTIONATE_SPARSE_ADAPTIVE_FILTER,EVAL,SUCCESS,1280.0,2560,4
D10_Dense_FIR_Control,826,B4_VARIABLE_CONTIGUOUS_TAP_LENGTH,EVAL,SUCCESS,152.94285714285715,1920,30
D10_Dense_FIR_Control,827,O0_ORACLE_SPARSE,EVAL,SUCCESS,61.0,324,11
D10_Dense_FIR_Control,827,B1_LEBRE_NO_REC_BIRTH,EVAL,SUCCESS,25.0,136,5
D10_Dense_FIR_Control,827,O2_ORACLE_SUPPORT_LIFECYCLE,EVAL,SUCCESS,61.0,312,11
D10_Dense_FIR_Control,827,B3_FIXED_DENSE_FIR,EVAL,SUCCESS,80.0,240,20
D10_Dense_FIR_Control,826,B7_PROPOSED_DYNAMIC_LAG_LIFECYCLE,EVAL,SUCCESS,112.78571428571429,1120,9
D10_Dense_FIR_Control,826,B5_SPARSITY_REGULARIZED_FULL_DICTIONARY,EVAL,SUCCESS,960.0,1920,0
D10_Dense_FIR_Control,826,B7_E0_MAGNITUDE_EVICTION,EVAL,SUCCESS,112.78571428571429,1120,9
D10_Dense_FIR_Control,827,O1_FULL_DENSE_FIR,EVAL,SUCCESS,660.0,1980,165
D10_Dense_FIR_Control,826,B6_PROPORTIONATE_SPARSE_ADAPTIVE_FILTER,EVAL,SUCCESS,1280.0,2560,5
D10_Dense_FIR_Control,827,B0_LEBRE_FROZEN,EVAL,SUCCESS,48.0,368,8
D10_Dense_FIR_Control,828,O0_ORACLE_SPARSE,EVAL,SUCCESS,61.0,324,11
D10_Dense_FIR_Control,827,B4_VARIABLE_CONTIGUOUS_TAP_LENGTH,EVAL,SUCCESS,153.5857142857143,1920,30
D10_Dense_FIR_Control,828,B1_LEBRE_NO_REC_BIRTH,EVAL,SUCCESS,25.0,136,5
D10_Dense_FIR_Control,828,O2_ORACLE_SUPPORT_LIFECYCLE,EVAL,SUCCESS,61.0,312,11
D10_Dense_FIR_Control,827,B5_SPARSITY_REGULARIZED_FULL_DICTIONARY,EVAL,SUCCESS,960.0,1920,0
D10_Dense_FIR_Control,828,B3_FIXED_DENSE_FIR,EVAL,SUCCESS,80.0,240,20
D10_Dense_FIR_Control,827,B7_E0_MAGNITUDE_EVICTION,EVAL,SUCCESS,107.88714285714286,1056,9
D10_Dense_FIR_Control,827,B7_PROPOSED_DYNAMIC_LAG_LIFECYCLE,EVAL,SUCCESS,107.88714285714286,1056,9
D10_Dense_FIR_Control,828,O1_FULL_DENSE_FIR,EVAL,SUCCESS,660.0,1980,165
D10_Dense_FIR_Control,828,B0_LEBRE_FROZEN,EVAL,SUCCESS,48.0,368,8
D10_Dense_FIR_Control,827,B6_PROPORTIONATE_SPARSE_ADAPTIVE_FILTER,EVAL,SUCCESS,1280.0,2560,5
D10_Dense_FIR_Control,828,B4_VARIABLE_CONTIGUOUS_TAP_LENGTH,EVAL,SUCCESS,151.06,1920,30
D10_Dense_FIR_Control,829,O0_ORACLE_SPARSE,EVAL,SUCCESS,61.0,324,11
D10_Dense_FIR_Control,829,B1_LEBRE_NO_REC_BIRTH,EVAL,SUCCESS,25.0,136,5
D10_Dense_FIR_Control,829,O2_ORACLE_SUPPORT_LIFECYCLE,EVAL,SUCCESS,61.0,312,11
D10_Dense_FIR_Control,829,B3_FIXED_DENSE_FIR,EVAL,SUCCESS,80.0,240,20
D10_Dense_FIR_Control,828,B5_SPARSITY_REGULARIZED_FULL_DICTIONARY,EVAL,SUCCESS,960.0,1920,0
D10_Dense_FIR_Control,828,B7_E0_MAGNITUDE_EVICTION,EVAL,SUCCESS,112.768,1148,9
D10_Dense_FIR_Control,828,B7_PROPOSED_DYNAMIC_LAG_LIFECYCLE,EVAL,SUCCESS,112.768,1148,9
D10_Dense_FIR_Control,829,O1_FULL_DENSE_FIR,EVAL,SUCCESS,660.0,1980,165
D10_Dense_FIR_Control,828,B6_PROPORTIONATE_SPARSE_ADAPTIVE_FILTER,EVAL,SUCCESS,1280.0,2560,5
D10_Dense_FIR_Control,829,B0_LEBRE_FROZEN,EVAL,SUCCESS,47.55771428571428,368,8
D10_Dense_FIR_Control,829,B4_VARIABLE_CONTIGUOUS_TAP_LENGTH,EVAL,SUCCESS,151.32857142857142,1920,30
D10_Dense_FIR_Control,830,O0_ORACLE_SPARSE,EVAL,SUCCESS,61.0,324,11
D10_Dense_FIR_Control,830,B1_LEBRE_NO_REC_BIRTH,EVAL,SUCCESS,25.0,136,5
D10_Dense_FIR_Control,830,O2_ORACLE_SUPPORT_LIFECYCLE,EVAL,SUCCESS,61.0,312,11
D10_Dense_FIR_Control,829,B5_SPARSITY_REGULARIZED_FULL_DICTIONARY,EVAL,SUCCESS,960.0,1920,0
D10_Dense_FIR_Control,830,B3_FIXED_DENSE_FIR,EVAL,SUCCESS,80.0,240,20
D10_Dense_FIR_Control,829,B7_PROPOSED_DYNAMIC_LAG_LIFECYCLE,EVAL,SUCCESS,112.34857142857143,1044,9
D10_Dense_FIR_Control,829,B7_E0_MAGNITUDE_EVICTION,EVAL,SUCCESS,112.34857142857143,1044,9
D11_Continuous_State_Control,801,O0_ORACLE_SPARSE,EVAL,SUCCESS,25.0,120,5
D10_Dense_FIR_Control,829,B6_PROPORTIONATE_SPARSE_ADAPTIVE_FILTER,EVAL,SUCCESS,1280.0,2560,5
D10_Dense_FIR_Control,830,O1_FULL_DENSE_FIR,EVAL,SUCCESS,660.0,1980,165
D11_Continuous_State_Control,801,O2_ORACLE_SUPPORT_LIFECYCLE,EVAL,SUCCESS,25.0,152,5
D10_Dense_FIR_Control,830,B0_LEBRE_FROZEN,EVAL,SUCCESS,47.71885714285714,368,8
D11_Continuous_State_Control,801,B1_LEBRE_NO_REC_BIRTH,EVAL,SUCCESS,25.0,136,5
D10_Dense_FIR_Control,830,B4_VARIABLE_CONTIGUOUS_TAP_LENGTH,EVAL,SUCCESS,154.59714285714287,1920,30
D11_Continuous_State_Control,801,B3_FIXED_DENSE_FIR,EVAL,SUCCESS,80.0,240,20
D10_Dense_FIR_Control,830,B5_SPARSITY_REGULARIZED_FULL_DICTIONARY,EVAL,SUCCESS,960.0,1920,0
D10_Dense_FIR_Control,830,B7_PROPOSED_DYNAMIC_LAG_LIFECYCLE,EVAL,SUCCESS,112.74685714285714,1180,9
D11_Continuous_State_Control,802,O0_ORACLE_SPARSE,EVAL,SUCCESS,25.0,120,5
D10_Dense_FIR_Control,830,B7_E0_MAGNITUDE_EVICTION,EVAL,SUCCESS,112.74685714285714,1180,9
D11_Continuous_State_Control,801,O1_FULL_DENSE_FIR,EVAL,SUCCESS,660.0,1980,165
D11_Continuous_State_Control,802,O2_ORACLE_SUPPORT_LIFECYCLE,EVAL,SUCCESS,25.0,152,5
D11_Continuous_State_Control,802,B1_LEBRE_NO_REC_BIRTH,EVAL,SUCCESS,25.0,136,5
D11_Continuous_State_Control,801,B0_LEBRE_FROZEN,EVAL,SUCCESS,47.928,368,5
D10_Dense_FIR_Control,830,B6_PROPORTIONATE_SPARSE_ADAPTIVE_FILTER,EVAL,SUCCESS,1280.0,2560,6
D11_Continuous_State_Control,801,B4_VARIABLE_CONTIGUOUS_TAP_LENGTH,EVAL,SUCCESS,226.82285714285715,1920,45
D11_Continuous_State_Control,802,B3_FIXED_DENSE_FIR,EVAL,SUCCESS,80.0,240,20
D11_Continuous_State_Control,801,B5_SPARSITY_REGULARIZED_FULL_DICTIONARY,EVAL,SUCCESS,960.0,1920,0
D11_Continuous_State_Control,801,B7_E0_MAGNITUDE_EVICTION,EVAL,SUCCESS,113.53428571428572,1228,9
D11_Continuous_State_Control,801,B7_PROPOSED_DYNAMIC_LAG_LIFECYCLE,EVAL,SUCCESS,113.53428571428572,1228,9
D11_Continuous_State_Control,802,O1_FULL_DENSE_FIR,EVAL,SUCCESS,660.0,1980,165
D11_Continuous_State_Control,803,O0_ORACLE_SPARSE,EVAL,SUCCESS,25.0,120,5
D11_Continuous_State_Control,803,O2_ORACLE_SUPPORT_LIFECYCLE,EVAL,SUCCESS,25.0,152,5
D11_Continuous_State_Control,801,B6_PROPORTIONATE_SPARSE_ADAPTIVE_FILTER,EVAL,SUCCESS,1280.0,2560,2
D11_Continuous_State_Control,803,B1_LEBRE_NO_REC_BIRTH,EVAL,SUCCESS,25.0,136,5
D11_Continuous_State_Control,802,B0_LEBRE_FROZEN,EVAL,SUCCESS,47.203428571428574,368,8
D11_Continuous_State_Control,802,B4_VARIABLE_CONTIGUOUS_TAP_LENGTH,EVAL,SUCCESS,231.32857142857142,1920,45
D11_Continuous_State_Control,803,B3_FIXED_DENSE_FIR,EVAL,SUCCESS,80.0,240,20
D11_Continuous_State_Control,802,B7_PROPOSED_DYNAMIC_LAG_LIFECYCLE,EVAL,SUCCESS,113.49542857142858,1320,9
D11_Continuous_State_Control,802,B5_SPARSITY_REGULARIZED_FULL_DICTIONARY,EVAL,SUCCESS,960.0,1920,0
D11_Continuous_State_Control,802,B7_E0_MAGNITUDE_EVICTION,EVAL,SUCCESS,113.49542857142858,1320,9
D11_Continuous_State_Control,803,O1_FULL_DENSE_FIR,EVAL,SUCCESS,660.0,1980,165
D11_Continuous_State_Control,804,O0_ORACLE_SPARSE,EVAL,SUCCESS,25.0,120,5
D11_Continuous_State_Control,802,B6_PROPORTIONATE_SPARSE_ADAPTIVE_FILTER,EVAL,SUCCESS,1280.0,2560,0
D11_Continuous_State_Control,804,O2_ORACLE_SUPPORT_LIFECYCLE,EVAL,SUCCESS,25.0,152,5
D11_Continuous_State_Control,803,B4_VARIABLE_CONTIGUOUS_TAP_LENGTH,EVAL,SUCCESS,229.87714285714284,1920,45
D11_Continuous_State_Control,804,B1_LEBRE_NO_REC_BIRTH,EVAL,SUCCESS,25.0,136,5
D11_Continuous_State_Control,803,B0_LEBRE_FROZEN,EVAL,SUCCESS,47.23542857142857,368,5
D11_Continuous_State_Control,804,B3_FIXED_DENSE_FIR,EVAL,SUCCESS,80.0,240,20
D11_Continuous_State_Control,803,B5_SPARSITY_REGULARIZED_FULL_DICTIONARY,EVAL,SUCCESS,960.0,1920,0
D11_Continuous_State_Control,803,B7_PROPOSED_DYNAMIC_LAG_LIFECYCLE,EVAL,SUCCESS,113.47828571428572,1296,9
D11_Continuous_State_Control,803,B7_E0_MAGNITUDE_EVICTION,EVAL,SUCCESS,113.47828571428572,1296,9
D11_Continuous_State_Control,804,O1_FULL_DENSE_FIR,EVAL,SUCCESS,660.0,1980,165
D11_Continuous_State_Control,805,O0_ORACLE_SPARSE,EVAL,SUCCESS,25.0,120,5
D11_Continuous_State_Control,803,B6_PROPORTIONATE_SPARSE_ADAPTIVE_FILTER,EVAL,SUCCESS,1280.0,2560,1
D11_Continuous_State_Control,805,O2_ORACLE_SUPPORT_LIFECYCLE,EVAL,SUCCESS,25.0,152,5
D11_Continuous_State_Control,804,B4_VARIABLE_CONTIGUOUS_TAP_LENGTH,EVAL,SUCCESS,239.58857142857144,1920,45
D11_Continuous_State_Control,805,B1_LEBRE_NO_REC_BIRTH,EVAL,SUCCESS,25.0,136,5
D11_Continuous_State_Control,805,B3_FIXED_DENSE_FIR,EVAL,SUCCESS,80.0,240,20
D11_Continuous_State_Control,804,B7_PROPOSED_DYNAMIC_LAG_LIFECYCLE,EVAL,SUCCESS,113.49371428571429,1256,9
D11_Continuous_State_Control,804,B5_SPARSITY_REGULARIZED_FULL_DICTIONARY,EVAL,SUCCESS,960.0,1920,0
D11_Continuous_State_Control,806,O0_ORACLE_SPARSE,EVAL,SUCCESS,25.0,120,5
D11_Continuous_State_Control,805,O1_FULL_DENSE_FIR,EVAL,SUCCESS,660.0,1980,165
D11_Continuous_State_Control,804,B0_LEBRE_FROZEN,EVAL,SUCCESS,45.51542857142857,368,10
D11_Continuous_State_Control,804,B7_E0_MAGNITUDE_EVICTION,EVAL,SUCCESS,113.49371428571429,1256,9
D11_Continuous_State_Control,804,B6_PROPORTIONATE_SPARSE_ADAPTIVE_FILTER,EVAL,SUCCESS,1280.0,2560,4
D11_Continuous_State_Control,806,O2_ORACLE_SUPPORT_LIFECYCLE,EVAL,SUCCESS,25.0,152,5
D11_Continuous_State_Control,806,B1_LEBRE_NO_REC_BIRTH,EVAL,SUCCESS,25.0,136,5
D11_Continuous_State_Control,805,B4_VARIABLE_CONTIGUOUS_TAP_LENGTH,EVAL,SUCCESS,239.71142857142857,1920,50
D11_Continuous_State_Control,805,B7_PROPOSED_DYNAMIC_LAG_LIFECYCLE,EVAL,SUCCESS,113.54,1212,9
D11_Continuous_State_Control,806,B3_FIXED_DENSE_FIR,EVAL,SUCCESS,80.0,240,20
D11_Continuous_State_Control,805,B5_SPARSITY_REGULARIZED_FULL_DICTIONARY,EVAL,SUCCESS,960.0,1920,0
D11_Continuous_State_Control,805,B7_E0_MAGNITUDE_EVICTION,EVAL,SUCCESS,113.54,1212,9
D11_Continuous_State_Control,805,B0_LEBRE_FROZEN,EVAL,SUCCESS,45.444,368,5
D11_Continuous_State_Control,807,O0_ORACLE_SPARSE,EVAL,SUCCESS,25.0,120,5
D11_Continuous_State_Control,805,B6_PROPORTIONATE_SPARSE_ADAPTIVE_FILTER,EVAL,SUCCESS,1280.0,2560,1
D11_Continuous_State_Control,806,O1_FULL_DENSE_FIR,EVAL,SUCCESS,660.0,1980,165
D11_Continuous_State_Control,807,O2_ORACLE_SUPPORT_LIFECYCLE,EVAL,SUCCESS,25.0,152,5
D11_Continuous_State_Control,806,B4_VARIABLE_CONTIGUOUS_TAP_LENGTH,EVAL,SUCCESS,212.98857142857142,1920,40
D11_Continuous_State_Control,807,B1_LEBRE_NO_REC_BIRTH,EVAL,SUCCESS,25.0,136,5
D11_Continuous_State_Control,807,B3_FIXED_DENSE_FIR,EVAL,SUCCESS,80.0,240,20
D11_Continuous_State_Control,806,B5_SPARSITY_REGULARIZED_FULL_DICTIONARY,EVAL,SUCCESS,960.0,1920,0
D11_Continuous_State_Control,806,B7_PROPOSED_DYNAMIC_LAG_LIFECYCLE,EVAL,SUCCESS,113.53714285714285,1232,9
D11_Continuous_State_Control,806,B7_E0_MAGNITUDE_EVICTION,EVAL,SUCCESS,113.53714285714285,1232,9
D11_Continuous_State_Control,806,B0_LEBRE_FROZEN,EVAL,SUCCESS,47.681714285714285,368,8
D11_Continuous_State_Control,808,O0_ORACLE_SPARSE,EVAL,SUCCESS,25.0,120,5
D11_Continuous_State_Control,807,O1_FULL_DENSE_FIR,EVAL,SUCCESS,660.0,1980,165
D11_Continuous_State_Control,806,B6_PROPORTIONATE_SPARSE_ADAPTIVE_FILTER,EVAL,SUCCESS,1280.0,2560,1
D11_Continuous_State_Control,808,O2_ORACLE_SUPPORT_LIFECYCLE,EVAL,SUCCESS,25.0,152,5
D11_Continuous_State_Control,808,B1_LEBRE_NO_REC_BIRTH,EVAL,SUCCESS,25.0,136,5
D11_Continuous_State_Control,807,B4_VARIABLE_CONTIGUOUS_TAP_LENGTH,EVAL,SUCCESS,213.50571428571428,1920,45
D11_Continuous_State_Control,807,B0_LEBRE_FROZEN,EVAL,SUCCESS,45.127428571428574,368,8
D11_Continuous_State_Control,807,B7_PROPOSED_DYNAMIC_LAG_LIFECYCLE,EVAL,SUCCESS,113.53142857142858,1272,9
D11_Continuous_State_Control,808,B3_FIXED_DENSE_FIR,EVAL,SUCCESS,80.0,240,20
D11_Continuous_State_Control,807,B7_E0_MAGNITUDE_EVICTION,EVAL,SUCCESS,113.53142857142858,1272,9
D11_Continuous_State_Control,807,B5_SPARSITY_REGULARIZED_FULL_DICTIONARY,EVAL,SUCCESS,960.0,1920,0
D11_Continuous_State_Control,809,O0_ORACLE_SPARSE,EVAL,SUCCESS,25.0,120,5
D11_Continuous_State_Control,808,O1_FULL_DENSE_FIR,EVAL,SUCCESS,660.0,1980,165
D11_Continuous_State_Control,807,B6_PROPORTIONATE_SPARSE_ADAPTIVE_FILTER,EVAL,SUCCESS,1280.0,2560,2
D11_Continuous_State_Control,809,O2_ORACLE_SUPPORT_LIFECYCLE,EVAL,SUCCESS,25.0,152,5
D11_Continuous_State_Control,809,B1_LEBRE_NO_REC_BIRTH,EVAL,SUCCESS,25.0,136,5
D11_Continuous_State_Control,808,B4_VARIABLE_CONTIGUOUS_TAP_LENGTH,EVAL,SUCCESS,242.35142857142858,1920,50
D11_Continuous_State_Control,809,B3_FIXED_DENSE_FIR,EVAL,SUCCESS,80.0,240,20
D11_Continuous_State_Control,808,B7_PROPOSED_DYNAMIC_LAG_LIFECYCLE,EVAL,SUCCESS,113.52914285714286,1240,9
D11_Continuous_State_Control,808,B5_SPARSITY_REGULARIZED_FULL_DICTIONARY,EVAL,SUCCESS,960.0,1920,0
D11_Continuous_State_Control,808,B7_E0_MAGNITUDE_EVICTION,EVAL,SUCCESS,113.52914285714286,1240,9
D11_Continuous_State_Control,808,B0_LEBRE_FROZEN,EVAL,SUCCESS,46.15314285714286,368,8
D11_Continuous_State_Control,809,O1_FULL_DENSE_FIR,EVAL,SUCCESS,660.0,1980,165
D11_Continuous_State_Control,810,O0_ORACLE_SPARSE,EVAL,SUCCESS,25.0,120,5
D11_Continuous_State_Control,808,B6_PROPORTIONATE_SPARSE_ADAPTIVE_FILTER,EVAL,SUCCESS,1280.0,2560,1
D11_Continuous_State_Control,810,O2_ORACLE_SUPPORT_LIFECYCLE,EVAL,SUCCESS,25.0,152,5
D11_Continuous_State_Control,810,B1_LEBRE_NO_REC_BIRTH,EVAL,SUCCESS,25.0,136,5
D11_Continuous_State_Control,809,B4_VARIABLE_CONTIGUOUS_TAP_LENGTH,EVAL,SUCCESS,233.92,1920,50
D11_Continuous_State_Control,810,B3_FIXED_DENSE_FIR,EVAL,SUCCESS,80.0,240,20
D11_Continuous_State_Control,809,B5_SPARSITY_REGULARIZED_FULL_DICTIONARY,EVAL,SUCCESS,960.0,1920,0
D11_Continuous_State_Control,809,B7_PROPOSED_DYNAMIC_LAG_LIFECYCLE,EVAL,SUCCESS,113.53428571428572,1252,9
D11_Continuous_State_Control,809,B0_LEBRE_FROZEN,EVAL,SUCCESS,45.66914285714286,368,8
D11_Continuous_State_Control,809,B7_E0_MAGNITUDE_EVICTION,EVAL,SUCCESS,113.53428571428572,1252,9
D11_Continuous_State_Control,810,O1_FULL_DENSE_FIR,EVAL,SUCCESS,660.0,1980,165
D11_Continuous_State_Control,809,B6_PROPORTIONATE_SPARSE_ADAPTIVE_FILTER,EVAL,SUCCESS,1280.0,2560,2
D11_Continuous_State_Control,811,O0_ORACLE_SPARSE,EVAL,SUCCESS,25.0,120,5
D11_Continuous_State_Control,811,O2_ORACLE_SUPPORT_LIFECYCLE,EVAL,SUCCESS,25.0,152,5
D11_Continuous_State_Control,811,B1_LEBRE_NO_REC_BIRTH,EVAL,SUCCESS,25.0,136,5
D11_Continuous_State_Control,810,B4_VARIABLE_CONTIGUOUS_TAP_LENGTH,EVAL,SUCCESS,232.70857142857142,1920,45
D11_Continuous_State_Control,811,B3_FIXED_DENSE_FIR,EVAL,SUCCESS,80.0,240,20
D11_Continuous_State_Control,810,B0_LEBRE_FROZEN,EVAL,SUCCESS,46.47457142857143,368,5
D11_Continuous_State_Control,810,B5_SPARSITY_REGULARIZED_FULL_DICTIONARY,EVAL,SUCCESS,960.0,1920,0
D11_Continuous_State_Control,810,B7_E0_MAGNITUDE_EVICTION,EVAL,SUCCESS,113.54342857142858,1280,9
D11_Continuous_State_Control,810,B7_PROPOSED_DYNAMIC_LAG_LIFECYCLE,EVAL,SUCCESS,113.54342857142858,1280,9
D11_Continuous_State_Control,812,O0_ORACLE_SPARSE,EVAL,SUCCESS,25.0,120,5
D11_Continuous_State_Control,810,B6_PROPORTIONATE_SPARSE_ADAPTIVE_FILTER,EVAL,SUCCESS,1280.0,2560,1
D11_Continuous_State_Control,811,O1_FULL_DENSE_FIR,EVAL,SUCCESS,660.0,1980,165
D11_Continuous_State_Control,812,B1_LEBRE_NO_REC_BIRTH,EVAL,SUCCESS,25.0,136,5
D11_Continuous_State_Control,812,O2_ORACLE_SUPPORT_LIFECYCLE,EVAL,SUCCESS,25.0,152,5
D11_Continuous_State_Control,811,B4_VARIABLE_CONTIGUOUS_TAP_LENGTH,EVAL,SUCCESS,233.9,1920,45
D11_Continuous_State_Control,811,B0_LEBRE_FROZEN,EVAL,SUCCESS,48.0,368,8
D11_Continuous_State_Control,812,B3_FIXED_DENSE_FIR,EVAL,SUCCESS,80.0,240,20
D11_Continuous_State_Control,811,B7_PROPOSED_DYNAMIC_LAG_LIFECYCLE,EVAL,SUCCESS,113.50971428571428,1316,9
D11_Continuous_State_Control,811,B7_E0_MAGNITUDE_EVICTION,EVAL,SUCCESS,113.50971428571428,1316,9
D11_Continuous_State_Control,811,B5_SPARSITY_REGULARIZED_FULL_DICTIONARY,EVAL,SUCCESS,960.0,1920,0
D11_Continuous_State_Control,812,O1_FULL_DENSE_FIR,EVAL,SUCCESS,660.0,1980,165
D11_Continuous_State_Control,813,O0_ORACLE_SPARSE,EVAL,SUCCESS,25.0,120,5
D11_Continuous_State_Control,811,B6_PROPORTIONATE_SPARSE_ADAPTIVE_FILTER,EVAL,SUCCESS,1280.0,2560,2
D11_Continuous_State_Control,813,O2_ORACLE_SUPPORT_LIFECYCLE,EVAL,SUCCESS,25.0,152,5
D11_Continuous_State_Control,813,B1_LEBRE_NO_REC_BIRTH,EVAL,SUCCESS,25.0,136,5
D11_Continuous_State_Control,812,B4_VARIABLE_CONTIGUOUS_TAP_LENGTH,EVAL,SUCCESS,241.2,1920,50
D11_Continuous_State_Control,813,B3_FIXED_DENSE_FIR,EVAL,SUCCESS,80.0,240,20
D11_Continuous_State_Control,812,B7_PROPOSED_DYNAMIC_LAG_LIFECYCLE,EVAL,SUCCESS,113.56514285714286,1384,9
D11_Continuous_State_Control,812,B5_SPARSITY_REGULARIZED_FULL_DICTIONARY,EVAL,SUCCESS,960.0,1920,0
D11_Continuous_State_Control,812,B0_LEBRE_FROZEN,EVAL,SUCCESS,44.86371428571429,368,5
D11_Continuous_State_Control,814,O0_ORACLE_SPARSE,EVAL,SUCCESS,25.0,120,5
D11_Continuous_State_Control,812,B7_E0_MAGNITUDE_EVICTION,EVAL,SUCCESS,113.56514285714286,1384,9
D11_Continuous_State_Control,813,O1_FULL_DENSE_FIR,EVAL,SUCCESS,660.0,1980,165
D11_Continuous_State_Control,812,B6_PROPORTIONATE_SPARSE_ADAPTIVE_FILTER,EVAL,SUCCESS,1280.0,2560,0
D11_Continuous_State_Control,814,O2_ORACLE_SUPPORT_LIFECYCLE,EVAL,SUCCESS,25.0,152,5
D11_Continuous_State_Control,813,B4_VARIABLE_CONTIGUOUS_TAP_LENGTH,EVAL,SUCCESS,245.4,1920,50
D11_Continuous_State_Control,814,B1_LEBRE_NO_REC_BIRTH,EVAL,SUCCESS,25.0,136,5
D11_Continuous_State_Control,813,B0_LEBRE_FROZEN,EVAL,SUCCESS,44.60971428571428,368,5
D11_Continuous_State_Control,813,B7_PROPOSED_DYNAMIC_LAG_LIFECYCLE,EVAL,SUCCESS,113.54457142857143,1292,9
D11_Continuous_State_Control,814,B3_FIXED_DENSE_FIR,EVAL,SUCCESS,80.0,240,20
D11_Continuous_State_Control,813,B5_SPARSITY_REGULARIZED_FULL_DICTIONARY,EVAL,SUCCESS,960.0,1920,0
D11_Continuous_State_Control,813,B7_E0_MAGNITUDE_EVICTION,EVAL,SUCCESS,113.54457142857143,1292,9
D11_Continuous_State_Control,814,O1_FULL_DENSE_FIR,EVAL,SUCCESS,660.0,1980,165
D11_Continuous_State_Control,813,B6_PROPORTIONATE_SPARSE_ADAPTIVE_FILTER,EVAL,SUCCESS,1280.0,2560,0
D11_Continuous_State_Control,815,O0_ORACLE_SPARSE,EVAL,SUCCESS,25.0,120,5
D11_Continuous_State_Control,815,O2_ORACLE_SUPPORT_LIFECYCLE,EVAL,SUCCESS,25.0,152,5
D11_Continuous_State_Control,815,B1_LEBRE_NO_REC_BIRTH,EVAL,SUCCESS,25.0,136,5
D11_Continuous_State_Control,814,B4_VARIABLE_CONTIGUOUS_TAP_LENGTH,EVAL,SUCCESS,235.96571428571428,1920,50
D11_Continuous_State_Control,814,B0_LEBRE_FROZEN,EVAL,SUCCESS,48.0,368,8
D11_Continuous_State_Control,815,B3_FIXED_DENSE_FIR,EVAL,SUCCESS,80.0,240,20
D11_Continuous_State_Control,814,B5_SPARSITY_REGULARIZED_FULL_DICTIONARY,EVAL,SUCCESS,960.0,1920,0
D11_Continuous_State_Control,814,B7_PROPOSED_DYNAMIC_LAG_LIFECYCLE,EVAL,SUCCESS,113.52114285714286,1268,9
D11_Continuous_State_Control,814,B7_E0_MAGNITUDE_EVICTION,EVAL,SUCCESS,113.52114285714286,1268,9
D11_Continuous_State_Control,815,O1_FULL_DENSE_FIR,EVAL,SUCCESS,660.0,1980,165
D11_Continuous_State_Control,814,B6_PROPORTIONATE_SPARSE_ADAPTIVE_FILTER,EVAL,SUCCESS,1280.0,2560,9
D11_Continuous_State_Control,816,O0_ORACLE_SPARSE,EVAL,SUCCESS,25.0,120,5
D11_Continuous_State_Control,816,O2_ORACLE_SUPPORT_LIFECYCLE,EVAL,SUCCESS,25.0,152,5
D11_Continuous_State_Control,815,B4_VARIABLE_CONTIGUOUS_TAP_LENGTH,EVAL,SUCCESS,217.4742857142857,1920,45
D11_Continuous_State_Control,816,B1_LEBRE_NO_REC_BIRTH,EVAL,SUCCESS,25.0,136,5
D11_Continuous_State_Control,816,B3_FIXED_DENSE_FIR,EVAL,SUCCESS,80.0,240,20
D11_Continuous_State_Control,815,B7_PROPOSED_DYNAMIC_LAG_LIFECYCLE,EVAL,SUCCESS,113.55485714285714,1200,9
D11_Continuous_State_Control,815,B5_SPARSITY_REGULARIZED_FULL_DICTIONARY,EVAL,SUCCESS,960.0,1920,0
D11_Continuous_State_Control,815,B7_E0_MAGNITUDE_EVICTION,EVAL,SUCCESS,113.55485714285714,1200,9
D11_Continuous_State_Control,816,O1_FULL_DENSE_FIR,EVAL,SUCCESS,660.0,1980,165
D11_Continuous_State_Control,815,B0_LEBRE_FROZEN,EVAL,SUCCESS,46.16028571428571,368,5
D11_Continuous_State_Control,817,O0_ORACLE_SPARSE,EVAL,SUCCESS,25.0,120,5
D11_Continuous_State_Control,817,O2_ORACLE_SUPPORT_LIFECYCLE,EVAL,SUCCESS,25.0,152,5
D11_Continuous_State_Control,815,B6_PROPORTIONATE_SPARSE_ADAPTIVE_FILTER,EVAL,SUCCESS,1280.0,2560,7
D11_Continuous_State_Control,816,B4_VARIABLE_CONTIGUOUS_TAP_LENGTH,EVAL,SUCCESS,217.98857142857142,1920,45
D11_Continuous_State_Control,817,B1_LEBRE_NO_REC_BIRTH,EVAL,SUCCESS,25.0,136,5
D11_Continuous_State_Control,817,B3_FIXED_DENSE_FIR,EVAL,SUCCESS,80.0,240,20
D11_Continuous_State_Control,816,B5_SPARSITY_REGULARIZED_FULL_DICTIONARY,EVAL,SUCCESS,960.0,1920,0
D11_Continuous_State_Control,816,B7_PROPOSED_DYNAMIC_LAG_LIFECYCLE,EVAL,SUCCESS,113.54457142857143,1316,9
D11_Continuous_State_Control,816,B7_E0_MAGNITUDE_EVICTION,EVAL,SUCCESS,113.54457142857143,1316,9
D11_Continuous_State_Control,817,O1_FULL_DENSE_FIR,EVAL,SUCCESS,660.0,1980,165
D11_Continuous_State_Control,818,O0_ORACLE_SPARSE,EVAL,SUCCESS,25.0,120,5
D11_Continuous_State_Control,816,B0_LEBRE_FROZEN,EVAL,SUCCESS,44.364285714285714,368,5
D11_Continuous_State_Control,816,B6_PROPORTIONATE_SPARSE_ADAPTIVE_FILTER,EVAL,SUCCESS,1280.0,2560,0
D11_Continuous_State_Control,818,O2_ORACLE_SUPPORT_LIFECYCLE,EVAL,SUCCESS,25.0,152,5
D11_Continuous_State_Control,818,B1_LEBRE_NO_REC_BIRTH,EVAL,SUCCESS,25.0,136,5
D11_Continuous_State_Control,817,B4_VARIABLE_CONTIGUOUS_TAP_LENGTH,EVAL,SUCCESS,231.50571428571428,1920,45
D11_Continuous_State_Control,817,B7_PROPOSED_DYNAMIC_LAG_LIFECYCLE,EVAL,SUCCESS,113.496,1192,9
D11_Continuous_State_Control,818,B3_FIXED_DENSE_FIR,EVAL,SUCCESS,80.0,240,20
D11_Continuous_State_Control,817,B5_SPARSITY_REGULARIZED_FULL_DICTIONARY,EVAL,SUCCESS,960.0,1920,0
D11_Continuous_State_Control,817,B7_E0_MAGNITUDE_EVICTION,EVAL,SUCCESS,113.496,1192,9
D11_Continuous_State_Control,817,B0_LEBRE_FROZEN,EVAL,SUCCESS,47.198,368,5
D11_Continuous_State_Control,819,O0_ORACLE_SPARSE,EVAL,SUCCESS,25.0,120,5
D11_Continuous_State_Control,818,O1_FULL_DENSE_FIR,EVAL,SUCCESS,660.0,1980,165
D11_Continuous_State_Control,817,B6_PROPORTIONATE_SPARSE_ADAPTIVE_FILTER,EVAL,SUCCESS,1280.0,2560,0
D11_Continuous_State_Control,819,O2_ORACLE_SUPPORT_LIFECYCLE,EVAL,SUCCESS,25.0,152,5
D11_Continuous_State_Control,819,B1_LEBRE_NO_REC_BIRTH,EVAL,SUCCESS,25.0,136,5
D11_Continuous_State_Control,818,B4_VARIABLE_CONTIGUOUS_TAP_LENGTH,EVAL,SUCCESS,218.16571428571427,1920,45
D11_Continuous_State_Control,819,B3_FIXED_DENSE_FIR,EVAL,SUCCESS,80.0,240,20
D11_Continuous_State_Control,818,B5_SPARSITY_REGULARIZED_FULL_DICTIONARY,EVAL,SUCCESS,960.0,1920,0
D11_Continuous_State_Control,818,B7_E0_MAGNITUDE_EVICTION,EVAL,SUCCESS,113.57028571428572,1204,9
D11_Continuous_State_Control,818,B7_PROPOSED_DYNAMIC_LAG_LIFECYCLE,EVAL,SUCCESS,113.57028571428572,1204,9
D11_Continuous_State_Control,818,B6_PROPORTIONATE_SPARSE_ADAPTIVE_FILTER,EVAL,SUCCESS,1280.0,2560,0
D11_Continuous_State_Control,818,B0_LEBRE_FROZEN,EVAL,SUCCESS,47.030857142857144,368,8
D11_Continuous_State_Control,819,O1_FULL_DENSE_FIR,EVAL,SUCCESS,660.0,1980,165
D11_Continuous_State_Control,820,O0_ORACLE_SPARSE,EVAL,SUCCESS,25.0,120,5
D11_Continuous_State_Control,820,O2_ORACLE_SUPPORT_LIFECYCLE,EVAL,SUCCESS,25.0,152,5
D11_Continuous_State_Control,820,B1_LEBRE_NO_REC_BIRTH,EVAL,SUCCESS,25.0,136,5
D11_Continuous_State_Control,819,B4_VARIABLE_CONTIGUOUS_TAP_LENGTH,EVAL,SUCCESS,219.39142857142858,1920,45
D11_Continuous_State_Control,819,B0_LEBRE_FROZEN,EVAL,SUCCESS,48.0,368,8
D11_Continuous_State_Control,820,B3_FIXED_DENSE_FIR,EVAL,SUCCESS,80.0,240,20
D11_Continuous_State_Control,819,B5_SPARSITY_REGULARIZED_FULL_DICTIONARY,EVAL,SUCCESS,960.0,1920,0
D11_Continuous_State_Control,819,B7_PROPOSED_DYNAMIC_LAG_LIFECYCLE,EVAL,SUCCESS,113.48571428571428,1324,9
D11_Continuous_State_Control,819,B7_E0_MAGNITUDE_EVICTION,EVAL,SUCCESS,113.48571428571428,1324,9
D11_Continuous_State_Control,821,O0_ORACLE_SPARSE,EVAL,SUCCESS,25.0,120,5
D11_Continuous_State_Control,820,O1_FULL_DENSE_FIR,EVAL,SUCCESS,660.0,1980,165
D11_Continuous_State_Control,821,O2_ORACLE_SUPPORT_LIFECYCLE,EVAL,SUCCESS,25.0,152,5
D11_Continuous_State_Control,819,B6_PROPORTIONATE_SPARSE_ADAPTIVE_FILTER,EVAL,SUCCESS,1280.0,2560,1
D11_Continuous_State_Control,821,B1_LEBRE_NO_REC_BIRTH,EVAL,SUCCESS,25.0,136,5
D11_Continuous_State_Control,820,B4_VARIABLE_CONTIGUOUS_TAP_LENGTH,EVAL,SUCCESS,207.58857142857144,1920,45
D11_Continuous_State_Control,820,B0_LEBRE_FROZEN,EVAL,SUCCESS,46.33828571428572,368,8
D11_Continuous_State_Control,821,B3_FIXED_DENSE_FIR,EVAL,SUCCESS,80.0,240,20
D11_Continuous_State_Control,820,B5_SPARSITY_REGULARIZED_FULL_DICTIONARY,EVAL,SUCCESS,960.0,1920,0
D11_Continuous_State_Control,820,B7_PROPOSED_DYNAMIC_LAG_LIFECYCLE,EVAL,SUCCESS,113.48971428571429,1304,9
D11_Continuous_State_Control,821,O1_FULL_DENSE_FIR,EVAL,SUCCESS,660.0,1980,165
D11_Continuous_State_Control,820,B7_E0_MAGNITUDE_EVICTION,EVAL,SUCCESS,113.48971428571429,1304,9
D11_Continuous_State_Control,822,O0_ORACLE_SPARSE,EVAL,SUCCESS,25.0,120,5
D11_Continuous_State_Control,820,B6_PROPORTIONATE_SPARSE_ADAPTIVE_FILTER,EVAL,SUCCESS,1280.0,2560,3
D11_Continuous_State_Control,822,O2_ORACLE_SUPPORT_LIFECYCLE,EVAL,SUCCESS,25.0,152,5
D11_Continuous_State_Control,822,B1_LEBRE_NO_REC_BIRTH,EVAL,SUCCESS,25.0,136,5
D11_Continuous_State_Control,821,B0_LEBRE_FROZEN,EVAL,SUCCESS,45.46057142857143,368,5
D11_Continuous_State_Control,821,B4_VARIABLE_CONTIGUOUS_TAP_LENGTH,EVAL,SUCCESS,236.49142857142857,1920,45
D11_Continuous_State_Control,822,B3_FIXED_DENSE_FIR,EVAL,SUCCESS,80.0,240,20
D11_Continuous_State_Control,821,B7_PROPOSED_DYNAMIC_LAG_LIFECYCLE,EVAL,SUCCESS,113.52742857142857,1348,9
D11_Continuous_State_Control,821,B5_SPARSITY_REGULARIZED_FULL_DICTIONARY,EVAL,SUCCESS,960.0,1920,0
D11_Continuous_State_Control,822,O1_FULL_DENSE_FIR,EVAL,SUCCESS,660.0,1980,165
D11_Continuous_State_Control,821,B7_E0_MAGNITUDE_EVICTION,EVAL,SUCCESS,113.52742857142857,1348,9
D11_Continuous_State_Control,823,O0_ORACLE_SPARSE,EVAL,SUCCESS,25.0,120,5
D11_Continuous_State_Control,821,B6_PROPORTIONATE_SPARSE_ADAPTIVE_FILTER,EVAL,SUCCESS,1280.0,2560,0
D11_Continuous_State_Control,823,B1_LEBRE_NO_REC_BIRTH,EVAL,SUCCESS,25.0,136,5
D11_Continuous_State_Control,823,O2_ORACLE_SUPPORT_LIFECYCLE,EVAL,SUCCESS,25.0,152,5
D11_Continuous_State_Control,822,B0_LEBRE_FROZEN,EVAL,SUCCESS,46.71342857142857,368,8
D11_Continuous_State_Control,822,B4_VARIABLE_CONTIGUOUS_TAP_LENGTH,EVAL,SUCCESS,228.51142857142858,1920,45
D11_Continuous_State_Control,823,B3_FIXED_DENSE_FIR,EVAL,SUCCESS,80.0,240,20
D11_Continuous_State_Control,822,B5_SPARSITY_REGULARIZED_FULL_DICTIONARY,EVAL,SUCCESS,960.0,1920,0
D11_Continuous_State_Control,822,B7_PROPOSED_DYNAMIC_LAG_LIFECYCLE,EVAL,SUCCESS,113.50857142857143,1184,9
D11_Continuous_State_Control,822,B7_E0_MAGNITUDE_EVICTION,EVAL,SUCCESS,113.50857142857143,1184,9
D11_Continuous_State_Control,823,O1_FULL_DENSE_FIR,EVAL,SUCCESS,660.0,1980,165
D11_Continuous_State_Control,824,O0_ORACLE_SPARSE,EVAL,SUCCESS,25.0,120,5
D11_Continuous_State_Control,824,O2_ORACLE_SUPPORT_LIFECYCLE,EVAL,SUCCESS,25.0,152,5
D11_Continuous_State_Control,822,B6_PROPORTIONATE_SPARSE_ADAPTIVE_FILTER,EVAL,SUCCESS,1280.0,2560,3
D11_Continuous_State_Control,824,B1_LEBRE_NO_REC_BIRTH,EVAL,SUCCESS,25.0,136,5
D11_Continuous_State_Control,823,B4_VARIABLE_CONTIGUOUS_TAP_LENGTH,EVAL,SUCCESS,207.01142857142858,1920,40
D11_Continuous_State_Control,824,B3_FIXED_DENSE_FIR,EVAL,SUCCESS,80.0,240,20
D11_Continuous_State_Control,823,B7_PROPOSED_DYNAMIC_LAG_LIFECYCLE,EVAL,SUCCESS,113.51371428571429,1376,9
D11_Continuous_State_Control,823,B0_LEBRE_FROZEN,EVAL,SUCCESS,43.72485714285714,368,5
D11_Continuous_State_Control,823,B5_SPARSITY_REGULARIZED_FULL_DICTIONARY,EVAL,SUCCESS,960.0,1920,0
D11_Continuous_State_Control,824,O1_FULL_DENSE_FIR,EVAL,SUCCESS,660.0,1980,165
D11_Continuous_State_Control,823,B7_E0_MAGNITUDE_EVICTION,EVAL,SUCCESS,113.51371428571429,1376,9
D11_Continuous_State_Control,825,O0_ORACLE_SPARSE,EVAL,SUCCESS,25.0,120,5
D11_Continuous_State_Control,823,B6_PROPORTIONATE_SPARSE_ADAPTIVE_FILTER,EVAL,SUCCESS,1280.0,2560,2
D11_Continuous_State_Control,825,O2_ORACLE_SUPPORT_LIFECYCLE,EVAL,SUCCESS,25.0,152,5
D11_Continuous_State_Control,824,B4_VARIABLE_CONTIGUOUS_TAP_LENGTH,EVAL,SUCCESS,240.68857142857144,1920,45
D11_Continuous_State_Control,825,B1_LEBRE_NO_REC_BIRTH,EVAL,SUCCESS,25.0,136,5
D11_Continuous_State_Control,824,B0_LEBRE_FROZEN,EVAL,SUCCESS,44.31285714285714,368,8
D11_Continuous_State_Control,824,B7_PROPOSED_DYNAMIC_LAG_LIFECYCLE,EVAL,SUCCESS,113.52228571428572,1236,9
D11_Continuous_State_Control,824,B5_SPARSITY_REGULARIZED_FULL_DICTIONARY,EVAL,SUCCESS,960.0,1920,0
D11_Continuous_State_Control,825,B3_FIXED_DENSE_FIR,EVAL,SUCCESS,80.0,240,20
D11_Continuous_State_Control,824,B7_E0_MAGNITUDE_EVICTION,EVAL,SUCCESS,113.52228571428572,1236,9
D11_Continuous_State_Control,825,O1_FULL_DENSE_FIR,EVAL,SUCCESS,660.0,1980,165
D11_Continuous_State_Control,826,O0_ORACLE_SPARSE,EVAL,SUCCESS,25.0,120,5
D11_Continuous_State_Control,824,B6_PROPORTIONATE_SPARSE_ADAPTIVE_FILTER,EVAL,SUCCESS,1280.0,2560,1
D11_Continuous_State_Control,826,O2_ORACLE_SUPPORT_LIFECYCLE,EVAL,SUCCESS,25.0,152,5
D11_Continuous_State_Control,826,B1_LEBRE_NO_REC_BIRTH,EVAL,SUCCESS,25.0,136,5
D11_Continuous_State_Control,825,B4_VARIABLE_CONTIGUOUS_TAP_LENGTH,EVAL,SUCCESS,191.70857142857142,1920,40
D11_Continuous_State_Control,826,B3_FIXED_DENSE_FIR,EVAL,SUCCESS,80.0,240,20
D11_Continuous_State_Control,825,B0_LEBRE_FROZEN,EVAL,SUCCESS,44.43514285714286,368,8
D11_Continuous_State_Control,825,B7_PROPOSED_DYNAMIC_LAG_LIFECYCLE,EVAL,SUCCESS,113.49885714285715,1188,9
D11_Continuous_State_Control,825,B5_SPARSITY_REGULARIZED_FULL_DICTIONARY,EVAL,SUCCESS,960.0,1920,0
D11_Continuous_State_Control,825,B7_E0_MAGNITUDE_EVICTION,EVAL,SUCCESS,113.49885714285715,1188,9
D11_Continuous_State_Control,827,O0_ORACLE_SPARSE,EVAL,SUCCESS,25.0,120,5
D11_Continuous_State_Control,826,O1_FULL_DENSE_FIR,EVAL,SUCCESS,660.0,1980,165
D11_Continuous_State_Control,825,B6_PROPORTIONATE_SPARSE_ADAPTIVE_FILTER,EVAL,SUCCESS,1280.0,2560,6
D11_Continuous_State_Control,827,O2_ORACLE_SUPPORT_LIFECYCLE,EVAL,SUCCESS,25.0,152,5
D11_Continuous_State_Control,826,B4_VARIABLE_CONTIGUOUS_TAP_LENGTH,EVAL,SUCCESS,239.87142857142857,1920,50
D11_Continuous_State_Control,827,B1_LEBRE_NO_REC_BIRTH,EVAL,SUCCESS,25.0,136,5
D11_Continuous_State_Control,826,B0_LEBRE_FROZEN,EVAL,SUCCESS,43.604571428571425,368,8
D11_Continuous_State_Control,827,B3_FIXED_DENSE_FIR,EVAL,SUCCESS,80.0,240,20
D11_Continuous_State_Control,826,B5_SPARSITY_REGULARIZED_FULL_DICTIONARY,EVAL,SUCCESS,960.0,1920,0
D11_Continuous_State_Control,826,B7_PROPOSED_DYNAMIC_LAG_LIFECYCLE,EVAL,SUCCESS,113.54571428571428,1248,9
D11_Continuous_State_Control,826,B7_E0_MAGNITUDE_EVICTION,EVAL,SUCCESS,113.54571428571428,1248,9
D11_Continuous_State_Control,827,O1_FULL_DENSE_FIR,EVAL,SUCCESS,660.0,1980,165
D11_Continuous_State_Control,826,B6_PROPORTIONATE_SPARSE_ADAPTIVE_FILTER,EVAL,SUCCESS,1280.0,2560,0
D11_Continuous_State_Control,828,O0_ORACLE_SPARSE,EVAL,SUCCESS,25.0,120,5
D11_Continuous_State_Control,828,O2_ORACLE_SUPPORT_LIFECYCLE,EVAL,SUCCESS,25.0,152,5
D11_Continuous_State_Control,828,B1_LEBRE_NO_REC_BIRTH,EVAL,SUCCESS,25.0,136,5
D11_Continuous_State_Control,827,B4_VARIABLE_CONTIGUOUS_TAP_LENGTH,EVAL,SUCCESS,207.05142857142857,1920,40
D11_Continuous_State_Control,828,B3_FIXED_DENSE_FIR,EVAL,SUCCESS,80.0,240,20
D11_Continuous_State_Control,827,B5_SPARSITY_REGULARIZED_FULL_DICTIONARY,EVAL,SUCCESS,960.0,1920,0
D11_Continuous_State_Control,827,B0_LEBRE_FROZEN,EVAL,SUCCESS,44.51057142857143,368,5
D11_Continuous_State_Control,827,B7_PROPOSED_DYNAMIC_LAG_LIFECYCLE,EVAL,SUCCESS,113.51485714285714,1212,9
D11_Continuous_State_Control,827,B7_E0_MAGNITUDE_EVICTION,EVAL,SUCCESS,113.51485714285714,1212,9
D11_Continuous_State_Control,829,O0_ORACLE_SPARSE,EVAL,SUCCESS,25.0,120,5
D11_Continuous_State_Control,828,O1_FULL_DENSE_FIR,EVAL,SUCCESS,660.0,1980,165
D11_Continuous_State_Control,829,O2_ORACLE_SUPPORT_LIFECYCLE,EVAL,SUCCESS,25.0,152,5
D11_Continuous_State_Control,827,B6_PROPORTIONATE_SPARSE_ADAPTIVE_FILTER,EVAL,SUCCESS,1280.0,2560,1
D11_Continuous_State_Control,829,B1_LEBRE_NO_REC_BIRTH,EVAL,SUCCESS,25.0,136,5
D11_Continuous_State_Control,828,B4_VARIABLE_CONTIGUOUS_TAP_LENGTH,EVAL,SUCCESS,233.45142857142858,1920,45
D11_Continuous_State_Control,829,B3_FIXED_DENSE_FIR,EVAL,SUCCESS,80.0,240,20
D11_Continuous_State_Control,828,B5_SPARSITY_REGULARIZED_FULL_DICTIONARY,EVAL,SUCCESS,960.0,1920,0
D11_Continuous_State_Control,828,B0_LEBRE_FROZEN,EVAL,SUCCESS,44.10285714285714,368,5
D11_Continuous_State_Control,828,B7_PROPOSED_DYNAMIC_LAG_LIFECYCLE,EVAL,SUCCESS,113.47142857142858,1316,9
D11_Continuous_State_Control,828,B7_E0_MAGNITUDE_EVICTION,EVAL,SUCCESS,113.47142857142858,1316,9
D11_Continuous_State_Control,829,O1_FULL_DENSE_FIR,EVAL,SUCCESS,660.0,1980,165
D11_Continuous_State_Control,830,O0_ORACLE_SPARSE,EVAL,SUCCESS,25.0,120,5
D11_Continuous_State_Control,828,B6_PROPORTIONATE_SPARSE_ADAPTIVE_FILTER,EVAL,SUCCESS,1280.0,2560,1
D11_Continuous_State_Control,830,O2_ORACLE_SUPPORT_LIFECYCLE,EVAL,SUCCESS,25.0,152,5
D11_Continuous_State_Control,829,B4_VARIABLE_CONTIGUOUS_TAP_LENGTH,EVAL,SUCCESS,225.94,1920,45
D11_Continuous_State_Control,830,B1_LEBRE_NO_REC_BIRTH,EVAL,SUCCESS,25.0,136,5
D11_Continuous_State_Control,829,B0_LEBRE_FROZEN,EVAL,SUCCESS,46.398,368,10
D11_Continuous_State_Control,829,B7_PROPOSED_DYNAMIC_LAG_LIFECYCLE,EVAL,SUCCESS,113.53657142857143,1284,9
D11_Continuous_State_Control,830,B3_FIXED_DENSE_FIR,EVAL,SUCCESS,80.0,240,20
D11_Continuous_State_Control,829,B5_SPARSITY_REGULARIZED_FULL_DICTIONARY,EVAL,SUCCESS,960.0,1920,0
D11_Continuous_State_Control,829,B7_E0_MAGNITUDE_EVICTION,EVAL,SUCCESS,113.53657142857143,1284,9
D11_Continuous_State_Control,830,O1_FULL_DENSE_FIR,EVAL,SUCCESS,660.0,1980,165
D12_Hybrid_Memory,801,O0_ORACLE_SPARSE,EVAL,SUCCESS,31.0,172,6
D11_Continuous_State_Control,829,B6_PROPORTIONATE_SPARSE_ADAPTIVE_FILTER,EVAL,SUCCESS,1280.0,2560,0
D12_Hybrid_Memory,801,O2_ORACLE_SUPPORT_LIFECYCLE,EVAL,SUCCESS,31.0,152,6
D12_Hybrid_Memory,801,B1_LEBRE_NO_REC_BIRTH,EVAL,SUCCESS,25.0,136,5
D11_Continuous_State_Control,830,B4_VARIABLE_CONTIGUOUS_TAP_LENGTH,EVAL,SUCCESS,244.50857142857143,1920,50
D11_Continuous_State_Control,830,B0_LEBRE_FROZEN,EVAL,SUCCESS,46.33342857142857,368,8
D12_Hybrid_Memory,801,B3_FIXED_DENSE_FIR,EVAL,SUCCESS,80.0,240,20
D11_Continuous_State_Control,830,B5_SPARSITY_REGULARIZED_FULL_DICTIONARY,EVAL,SUCCESS,960.0,1920,0
D11_Continuous_State_Control,830,B7_PROPOSED_DYNAMIC_LAG_LIFECYCLE,EVAL,SUCCESS,113.53371428571428,1212,9
D11_Continuous_State_Control,830,B7_E0_MAGNITUDE_EVICTION,EVAL,SUCCESS,113.53371428571428,1212,9
D12_Hybrid_Memory,801,O1_FULL_DENSE_FIR,EVAL,SUCCESS,660.0,1980,165
D11_Continuous_State_Control,830,B6_PROPORTIONATE_SPARSE_ADAPTIVE_FILTER,EVAL,SUCCESS,1280.0,2560,2
D12_Hybrid_Memory,802,O0_ORACLE_SPARSE,EVAL,SUCCESS,31.0,172,6
D12_Hybrid_Memory,802,O2_ORACLE_SUPPORT_LIFECYCLE,EVAL,SUCCESS,31.0,152,6
D12_Hybrid_Memory,802,B1_LEBRE_NO_REC_BIRTH,EVAL,SUCCESS,25.0,136,5
D12_Hybrid_Memory,801,B4_VARIABLE_CONTIGUOUS_TAP_LENGTH,EVAL,SUCCESS,221.53714285714287,1920,45
D12_Hybrid_Memory,801,B7_PROPOSED_DYNAMIC_LAG_LIFECYCLE,EVAL,SUCCESS,113.25657142857143,1108,9
D12_Hybrid_Memory,802,B3_FIXED_DENSE_FIR,EVAL,SUCCESS,80.0,240,20
D12_Hybrid_Memory,801,B5_SPARSITY_REGULARIZED_FULL_DICTIONARY,EVAL,SUCCESS,960.0,1920,0
D12_Hybrid_Memory,801,B7_E0_MAGNITUDE_EVICTION,EVAL,SUCCESS,113.25657142857143,1108,9
D12_Hybrid_Memory,801,B0_LEBRE_FROZEN,EVAL,SUCCESS,42.99285714285714,368,8
D12_Hybrid_Memory,802,O1_FULL_DENSE_FIR,EVAL,SUCCESS,660.0,1980,165
D12_Hybrid_Memory,803,O0_ORACLE_SPARSE,EVAL,SUCCESS,31.0,172,6
D12_Hybrid_Memory,801,B6_PROPORTIONATE_SPARSE_ADAPTIVE_FILTER,EVAL,SUCCESS,1280.0,2560,6
D12_Hybrid_Memory,803,O2_ORACLE_SUPPORT_LIFECYCLE,EVAL,SUCCESS,31.0,152,6
D12_Hybrid_Memory,802,B4_VARIABLE_CONTIGUOUS_TAP_LENGTH,EVAL,SUCCESS,215.27142857142857,1920,40
D12_Hybrid_Memory,803,B1_LEBRE_NO_REC_BIRTH,EVAL,SUCCESS,25.0,136,5
D12_Hybrid_Memory,803,B3_FIXED_DENSE_FIR,EVAL,SUCCESS,80.0,240,20
D12_Hybrid_Memory,802,B0_LEBRE_FROZEN,EVAL,SUCCESS,41.894,368,10
D12_Hybrid_Memory,802,B5_SPARSITY_REGULARIZED_FULL_DICTIONARY,EVAL,SUCCESS,960.0,1920,0
D12_Hybrid_Memory,802,B7_PROPOSED_DYNAMIC_LAG_LIFECYCLE,EVAL,SUCCESS,113.12628571428571,1120,9
D12_Hybrid_Memory,802,B7_E0_MAGNITUDE_EVICTION,EVAL,SUCCESS,113.12628571428571,1120,9
D12_Hybrid_Memory,803,O1_FULL_DENSE_FIR,EVAL,SUCCESS,660.0,1980,165
D12_Hybrid_Memory,804,O0_ORACLE_SPARSE,EVAL,SUCCESS,31.0,172,6
D12_Hybrid_Memory,802,B6_PROPORTIONATE_SPARSE_ADAPTIVE_FILTER,EVAL,SUCCESS,1280.0,2560,3
D12_Hybrid_Memory,804,O2_ORACLE_SUPPORT_LIFECYCLE,EVAL,SUCCESS,31.0,152,6
D12_Hybrid_Memory,804,B1_LEBRE_NO_REC_BIRTH,EVAL,SUCCESS,25.0,136,5
D12_Hybrid_Memory,803,B4_VARIABLE_CONTIGUOUS_TAP_LENGTH,EVAL,SUCCESS,221.0857142857143,1920,45
D12_Hybrid_Memory,804,B3_FIXED_DENSE_FIR,EVAL,SUCCESS,80.0,240,20
D12_Hybrid_Memory,803,B5_SPARSITY_REGULARIZED_FULL_DICTIONARY,EVAL,SUCCESS,960.0,1920,0
D12_Hybrid_Memory,803,B7_PROPOSED_DYNAMIC_LAG_LIFECYCLE,EVAL,SUCCESS,113.30971428571429,1320,9
D12_Hybrid_Memory,803,B7_E0_MAGNITUDE_EVICTION,EVAL,SUCCESS,113.30971428571429,1320,9
D12_Hybrid_Memory,803,B0_LEBRE_FROZEN,EVAL,SUCCESS,41.817142857142855,368,5
D12_Hybrid_Memory,804,O1_FULL_DENSE_FIR,EVAL,SUCCESS,660.0,1980,165
D12_Hybrid_Memory,803,B6_PROPORTIONATE_SPARSE_ADAPTIVE_FILTER,EVAL,SUCCESS,1280.0,2560,5
D12_Hybrid_Memory,805,O0_ORACLE_SPARSE,EVAL,SUCCESS,31.0,172,6
D12_Hybrid_Memory,805,O2_ORACLE_SUPPORT_LIFECYCLE,EVAL,SUCCESS,31.0,152,6
D12_Hybrid_Memory,805,B1_LEBRE_NO_REC_BIRTH,EVAL,SUCCESS,25.0,136,5
D12_Hybrid_Memory,804,B4_VARIABLE_CONTIGUOUS_TAP_LENGTH,EVAL,SUCCESS,196.32857142857142,1920,40
D12_Hybrid_Memory,804,B5_SPARSITY_REGULARIZED_FULL_DICTIONARY,EVAL,SUCCESS,960.0,1920,0
D12_Hybrid_Memory,805,B3_FIXED_DENSE_FIR,EVAL,SUCCESS,80.0,240,20
D12_Hybrid_Memory,804,B7_PROPOSED_DYNAMIC_LAG_LIFECYCLE,EVAL,SUCCESS,113.34,1280,9
D12_Hybrid_Memory,804,B7_E0_MAGNITUDE_EVICTION,EVAL,SUCCESS,113.34,1280,9
D12_Hybrid_Memory,804,B0_LEBRE_FROZEN,EVAL,SUCCESS,41.84257142857143,368,8
D12_Hybrid_Memory,805,O1_FULL_DENSE_FIR,EVAL,SUCCESS,660.0,1980,165
D12_Hybrid_Memory,806,O0_ORACLE_SPARSE,EVAL,SUCCESS,31.0,172,6
D12_Hybrid_Memory,804,B6_PROPORTIONATE_SPARSE_ADAPTIVE_FILTER,EVAL,SUCCESS,1280.0,2560,6
D12_Hybrid_Memory,806,O2_ORACLE_SUPPORT_LIFECYCLE,EVAL,SUCCESS,31.0,152,6
D12_Hybrid_Memory,805,B4_VARIABLE_CONTIGUOUS_TAP_LENGTH,EVAL,SUCCESS,188.08285714285714,1920,35
D12_Hybrid_Memory,806,B1_LEBRE_NO_REC_BIRTH,EVAL,SUCCESS,25.0,136,5
D12_Hybrid_Memory,805,B0_LEBRE_FROZEN,EVAL,SUCCESS,41.63514285714286,368,5
D12_Hybrid_Memory,805,B7_PROPOSED_DYNAMIC_LAG_LIFECYCLE,EVAL,SUCCESS,113.31885714285714,1296,9
D12_Hybrid_Memory,805,B5_SPARSITY_REGULARIZED_FULL_DICTIONARY,EVAL,SUCCESS,960.0,1920,0
D12_Hybrid_Memory,806,B3_FIXED_DENSE_FIR,EVAL,SUCCESS,80.0,240,20
D12_Hybrid_Memory,805,B7_E0_MAGNITUDE_EVICTION,EVAL,SUCCESS,113.31885714285714,1296,9
D12_Hybrid_Memory,806,O1_FULL_DENSE_FIR,EVAL,SUCCESS,660.0,1980,165
D12_Hybrid_Memory,807,O0_ORACLE_SPARSE,EVAL,SUCCESS,31.0,172,6
D12_Hybrid_Memory,805,B6_PROPORTIONATE_SPARSE_ADAPTIVE_FILTER,EVAL,SUCCESS,1280.0,2560,2
D12_Hybrid_Memory,807,O2_ORACLE_SUPPORT_LIFECYCLE,EVAL,SUCCESS,31.0,152,6
D12_Hybrid_Memory,807,B1_LEBRE_NO_REC_BIRTH,EVAL,SUCCESS,25.0,136,5
D12_Hybrid_Memory,806,B4_VARIABLE_CONTIGUOUS_TAP_LENGTH,EVAL,SUCCESS,220.34857142857143,1920,40
D12_Hybrid_Memory,807,B3_FIXED_DENSE_FIR,EVAL,SUCCESS,80.0,240,20
D12_Hybrid_Memory,806,B5_SPARSITY_REGULARIZED_FULL_DICTIONARY,EVAL,SUCCESS,960.0,1920,0
D12_Hybrid_Memory,806,B7_PROPOSED_DYNAMIC_LAG_LIFECYCLE,EVAL,SUCCESS,113.42285714285714,1132,9
D12_Hybrid_Memory,806,B7_E0_MAGNITUDE_EVICTION,EVAL,SUCCESS,113.42285714285714,1132,9
D12_Hybrid_Memory,806,B0_LEBRE_FROZEN,EVAL,SUCCESS,44.77542857142857,368,10
D12_Hybrid_Memory,807,O1_FULL_DENSE_FIR,EVAL,SUCCESS,660.0,1980,165
D12_Hybrid_Memory,808,O0_ORACLE_SPARSE,EVAL,SUCCESS,31.0,172,6
D12_Hybrid_Memory,806,B6_PROPORTIONATE_SPARSE_ADAPTIVE_FILTER,EVAL,SUCCESS,1280.0,2560,3
D12_Hybrid_Memory,807,B4_VARIABLE_CONTIGUOUS_TAP_LENGTH,EVAL,SUCCESS,226.39714285714285,1920,45
D12_Hybrid_Memory,808,O2_ORACLE_SUPPORT_LIFECYCLE,EVAL,SUCCESS,31.0,152,6
D12_Hybrid_Memory,808,B1_LEBRE_NO_REC_BIRTH,EVAL,SUCCESS,25.0,136,5
D12_Hybrid_Memory,808,B3_FIXED_DENSE_FIR,EVAL,SUCCESS,80.0,240,20
D12_Hybrid_Memory,807,B5_SPARSITY_REGULARIZED_FULL_DICTIONARY,EVAL,SUCCESS,960.0,1920,0
D12_Hybrid_Memory,807,B7_E0_MAGNITUDE_EVICTION,EVAL,SUCCESS,113.10171428571428,1236,9
D12_Hybrid_Memory,807,B7_PROPOSED_DYNAMIC_LAG_LIFECYCLE,EVAL,SUCCESS,113.10171428571428,1236,9
D12_Hybrid_Memory,807,B0_LEBRE_FROZEN,EVAL,SUCCESS,41.588857142857144,368,10
D12_Hybrid_Memory,807,B6_PROPORTIONATE_SPARSE_ADAPTIVE_FILTER,EVAL,SUCCESS,1280.0,2560,2
D12_Hybrid_Memory,808,O1_FULL_DENSE_FIR,EVAL,SUCCESS,660.0,1980,165
D12_Hybrid_Memory,809,O2_ORACLE_SUPPORT_LIFECYCLE,EVAL,SUCCESS,31.0,152,6
D12_Hybrid_Memory,809,O0_ORACLE_SPARSE,EVAL,SUCCESS,31.0,172,6
D12_Hybrid_Memory,808,B4_VARIABLE_CONTIGUOUS_TAP_LENGTH,EVAL,SUCCESS,158.98285714285714,1920,30
D12_Hybrid_Memory,809,B1_LEBRE_NO_REC_BIRTH,EVAL,SUCCESS,25.0,136,5
D12_Hybrid_Memory,809,B3_FIXED_DENSE_FIR,EVAL,SUCCESS,80.0,240,20
D12_Hybrid_Memory,808,B7_PROPOSED_DYNAMIC_LAG_LIFECYCLE,EVAL,SUCCESS,113.19428571428571,1160,9
D12_Hybrid_Memory,808,B5_SPARSITY_REGULARIZED_FULL_DICTIONARY,EVAL,SUCCESS,960.0,1920,0
D12_Hybrid_Memory,808,B7_E0_MAGNITUDE_EVICTION,EVAL,SUCCESS,113.19428571428571,1160,9
D12_Hybrid_Memory,808,B0_LEBRE_FROZEN,EVAL,SUCCESS,43.64257142857143,368,5
D12_Hybrid_Memory,809,O1_FULL_DENSE_FIR,EVAL,SUCCESS,660.0,1980,165
D12_Hybrid_Memory,808,B6_PROPORTIONATE_SPARSE_ADAPTIVE_FILTER,EVAL,SUCCESS,1280.0,2560,3
D12_Hybrid_Memory,810,O0_ORACLE_SPARSE,EVAL,SUCCESS,31.0,172,6
D12_Hybrid_Memory,810,O2_ORACLE_SUPPORT_LIFECYCLE,EVAL,SUCCESS,31.0,152,6
D12_Hybrid_Memory,809,B4_VARIABLE_CONTIGUOUS_TAP_LENGTH,EVAL,SUCCESS,221.3,1920,45
D12_Hybrid_Memory,810,B1_LEBRE_NO_REC_BIRTH,EVAL,SUCCESS,25.0,136,5
D12_Hybrid_Memory,810,B3_FIXED_DENSE_FIR,EVAL,SUCCESS,80.0,240,20
D12_Hybrid_Memory,809,B5_SPARSITY_REGULARIZED_FULL_DICTIONARY,EVAL,SUCCESS,960.0,1920,0
D12_Hybrid_Memory,809,B7_PROPOSED_DYNAMIC_LAG_LIFECYCLE,EVAL,SUCCESS,113.17485714285715,1164,9
D12_Hybrid_Memory,810,O1_FULL_DENSE_FIR,EVAL,SUCCESS,660.0,1980,165
D12_Hybrid_Memory,809,B7_E0_MAGNITUDE_EVICTION,EVAL,SUCCESS,113.17485714285715,1164,9
D12_Hybrid_Memory,809,B6_PROPORTIONATE_SPARSE_ADAPTIVE_FILTER,EVAL,SUCCESS,1280.0,2560,1
D12_Hybrid_Memory,809,B0_LEBRE_FROZEN,EVAL,SUCCESS,41.56428571428572,368,5
D12_Hybrid_Memory,811,O0_ORACLE_SPARSE,EVAL,SUCCESS,31.0,172,6
D12_Hybrid_Memory,811,O2_ORACLE_SUPPORT_LIFECYCLE,EVAL,SUCCESS,31.0,152,6
D12_Hybrid_Memory,811,B1_LEBRE_NO_REC_BIRTH,EVAL,SUCCESS,25.0,136,5
D12_Hybrid_Memory,810,B4_VARIABLE_CONTIGUOUS_TAP_LENGTH,EVAL,SUCCESS,227.15142857142857,1920,45
D12_Hybrid_Memory,811,B3_FIXED_DENSE_FIR,EVAL,SUCCESS,80.0,240,20
D12_Hybrid_Memory,810,B5_SPARSITY_REGULARIZED_FULL_DICTIONARY,EVAL,SUCCESS,960.0,1920,0
D12_Hybrid_Memory,810,B7_PROPOSED_DYNAMIC_LAG_LIFECYCLE,EVAL,SUCCESS,113.18914285714285,1344,9
D12_Hybrid_Memory,810,B7_E0_MAGNITUDE_EVICTION,EVAL,SUCCESS,113.18914285714285,1344,9
D12_Hybrid_Memory,810,B0_LEBRE_FROZEN,EVAL,SUCCESS,44.905142857142856,368,5
D12_Hybrid_Memory,811,O1_FULL_DENSE_FIR,EVAL,SUCCESS,660.0,1980,165
D12_Hybrid_Memory,812,O0_ORACLE_SPARSE,EVAL,SUCCESS,31.0,172,6
D12_Hybrid_Memory,810,B6_PROPORTIONATE_SPARSE_ADAPTIVE_FILTER,EVAL,SUCCESS,1280.0,2560,4
D12_Hybrid_Memory,812,O2_ORACLE_SUPPORT_LIFECYCLE,EVAL,SUCCESS,31.0,152,6
D12_Hybrid_Memory,812,B1_LEBRE_NO_REC_BIRTH,EVAL,SUCCESS,25.0,136,5
D12_Hybrid_Memory,811,B4_VARIABLE_CONTIGUOUS_TAP_LENGTH,EVAL,SUCCESS,180.2942857142857,1920,35
D12_Hybrid_Memory,812,B3_FIXED_DENSE_FIR,EVAL,SUCCESS,80.0,240,20
D12_Hybrid_Memory,811,B7_E0_MAGNITUDE_EVICTION,EVAL,SUCCESS,113.02171428571428,1196,9
D12_Hybrid_Memory,811,B7_PROPOSED_DYNAMIC_LAG_LIFECYCLE,EVAL,SUCCESS,113.02171428571428,1196,9
D12_Hybrid_Memory,811,B5_SPARSITY_REGULARIZED_FULL_DICTIONARY,EVAL,SUCCESS,960.0,1920,0
D12_Hybrid_Memory,811,B0_LEBRE_FROZEN,EVAL,SUCCESS,41.43571428571428,368,5
D12_Hybrid_Memory,812,O1_FULL_DENSE_FIR,EVAL,SUCCESS,660.0,1980,165
D12_Hybrid_Memory,811,B6_PROPORTIONATE_SPARSE_ADAPTIVE_FILTER,EVAL,SUCCESS,1280.0,2560,2
D12_Hybrid_Memory,813,O0_ORACLE_SPARSE,EVAL,SUCCESS,31.0,172,6
D12_Hybrid_Memory,813,O2_ORACLE_SUPPORT_LIFECYCLE,EVAL,SUCCESS,31.0,152,6
D12_Hybrid_Memory,813,B1_LEBRE_NO_REC_BIRTH,EVAL,SUCCESS,25.0,136,5
D12_Hybrid_Memory,812,B4_VARIABLE_CONTIGUOUS_TAP_LENGTH,EVAL,SUCCESS,223.04,1920,40
D12_Hybrid_Memory,813,B3_FIXED_DENSE_FIR,EVAL,SUCCESS,80.0,240,20
D12_Hybrid_Memory,812,B5_SPARSITY_REGULARIZED_FULL_DICTIONARY,EVAL,SUCCESS,960.0,1920,0
D12_Hybrid_Memory,812,B0_LEBRE_FROZEN,EVAL,SUCCESS,40.915142857142854,368,5
D12_Hybrid_Memory,814,O0_ORACLE_SPARSE,EVAL,SUCCESS,31.0,172,6
D12_Hybrid_Memory,812,B7_E0_MAGNITUDE_EVICTION,EVAL,SUCCESS,113.00742857142858,1240,9
D12_Hybrid_Memory,812,B7_PROPOSED_DYNAMIC_LAG_LIFECYCLE,EVAL,SUCCESS,113.00742857142858,1240,9
D12_Hybrid_Memory,813,O1_FULL_DENSE_FIR,EVAL,SUCCESS,660.0,1980,165
D12_Hybrid_Memory,812,B6_PROPORTIONATE_SPARSE_ADAPTIVE_FILTER,EVAL,SUCCESS,1280.0,2560,2
D12_Hybrid_Memory,814,O2_ORACLE_SUPPORT_LIFECYCLE,EVAL,SUCCESS,31.0,152,6
D12_Hybrid_Memory,813,B4_VARIABLE_CONTIGUOUS_TAP_LENGTH,EVAL,SUCCESS,223.22285714285715,1920,40
D12_Hybrid_Memory,814,B1_LEBRE_NO_REC_BIRTH,EVAL,SUCCESS,25.0,136,5
D12_Hybrid_Memory,813,B5_SPARSITY_REGULARIZED_FULL_DICTIONARY,EVAL,SUCCESS,960.0,1920,0
D12_Hybrid_Memory,814,B3_FIXED_DENSE_FIR,EVAL,SUCCESS,80.0,240,20
D12_Hybrid_Memory,813,B7_PROPOSED_DYNAMIC_LAG_LIFECYCLE,EVAL,SUCCESS,113.33714285714285,1164,9
D12_Hybrid_Memory,813,B0_LEBRE_FROZEN,EVAL,SUCCESS,41.21342857142857,368,5
D12_Hybrid_Memory,813,B7_E0_MAGNITUDE_EVICTION,EVAL,SUCCESS,113.33714285714285,1164,9
D12_Hybrid_Memory,813,B6_PROPORTIONATE_SPARSE_ADAPTIVE_FILTER,EVAL,SUCCESS,1280.0,2560,7
D12_Hybrid_Memory,814,O1_FULL_DENSE_FIR,EVAL,SUCCESS,660.0,1980,165
D12_Hybrid_Memory,815,O0_ORACLE_SPARSE,EVAL,SUCCESS,31.0,172,6
D12_Hybrid_Memory,815,O2_ORACLE_SUPPORT_LIFECYCLE,EVAL,SUCCESS,31.0,152,6
D12_Hybrid_Memory,815,B1_LEBRE_NO_REC_BIRTH,EVAL,SUCCESS,25.0,136,5
D12_Hybrid_Memory,814,B4_VARIABLE_CONTIGUOUS_TAP_LENGTH,EVAL,SUCCESS,215.89714285714285,1920,40
D12_Hybrid_Memory,814,B7_PROPOSED_DYNAMIC_LAG_LIFECYCLE,EVAL,SUCCESS,113.19314285714286,1368,9
D12_Hybrid_Memory,815,B3_FIXED_DENSE_FIR,EVAL,SUCCESS,80.0,240,20
D12_Hybrid_Memory,814,B7_E0_MAGNITUDE_EVICTION,EVAL,SUCCESS,113.19314285714286,1368,9
D12_Hybrid_Memory,814,B5_SPARSITY_REGULARIZED_FULL_DICTIONARY,EVAL,SUCCESS,960.0,1920,0
D12_Hybrid_Memory,814,B0_LEBRE_FROZEN,EVAL,SUCCESS,42.677142857142854,368,8
D12_Hybrid_Memory,814,B6_PROPORTIONATE_SPARSE_ADAPTIVE_FILTER,EVAL,SUCCESS,1280.0,2560,6
D12_Hybrid_Memory,815,O1_FULL_DENSE_FIR,EVAL,SUCCESS,660.0,1980,165
D12_Hybrid_Memory,816,O0_ORACLE_SPARSE,EVAL,SUCCESS,31.0,172,6
D12_Hybrid_Memory,816,O2_ORACLE_SUPPORT_LIFECYCLE,EVAL,SUCCESS,31.0,152,6
D12_Hybrid_Memory,815,B4_VARIABLE_CONTIGUOUS_TAP_LENGTH,EVAL,SUCCESS,220.49142857142857,1920,45
D12_Hybrid_Memory,816,B1_LEBRE_NO_REC_BIRTH,EVAL,SUCCESS,25.0,136,5
D12_Hybrid_Memory,816,B3_FIXED_DENSE_FIR,EVAL,SUCCESS,80.0,240,20
D12_Hybrid_Memory,815,B7_PROPOSED_DYNAMIC_LAG_LIFECYCLE,EVAL,SUCCESS,110.28914285714286,1280,9
D12_Hybrid_Memory,815,B0_LEBRE_FROZEN,EVAL,SUCCESS,40.25457142857143,368,5
D12_Hybrid_Memory,815,B5_SPARSITY_REGULARIZED_FULL_DICTIONARY,EVAL,SUCCESS,960.0,1920,0
D12_Hybrid_Memory,815,B7_E0_MAGNITUDE_EVICTION,EVAL,SUCCESS,110.28914285714286,1280,9
D12_Hybrid_Memory,816,O1_FULL_DENSE_FIR,EVAL,SUCCESS,660.0,1980,165
D12_Hybrid_Memory,817,O0_ORACLE_SPARSE,EVAL,SUCCESS,31.0,172,6
D12_Hybrid_Memory,815,B6_PROPORTIONATE_SPARSE_ADAPTIVE_FILTER,EVAL,SUCCESS,1280.0,2560,4
D12_Hybrid_Memory,817,O2_ORACLE_SUPPORT_LIFECYCLE,EVAL,SUCCESS,31.0,152,6
D12_Hybrid_Memory,817,B1_LEBRE_NO_REC_BIRTH,EVAL,SUCCESS,25.0,136,5
D12_Hybrid_Memory,816,B4_VARIABLE_CONTIGUOUS_TAP_LENGTH,EVAL,SUCCESS,224.92285714285714,1920,45
D12_Hybrid_Memory,817,B3_FIXED_DENSE_FIR,EVAL,SUCCESS,80.0,240,20
D12_Hybrid_Memory,816,B7_PROPOSED_DYNAMIC_LAG_LIFECYCLE,EVAL,SUCCESS,113.20057142857142,1296,9
D12_Hybrid_Memory,816,B5_SPARSITY_REGULARIZED_FULL_DICTIONARY,EVAL,SUCCESS,960.0,1920,0
D12_Hybrid_Memory,816,B0_LEBRE_FROZEN,EVAL,SUCCESS,38.848,368,5
D12_Hybrid_Memory,816,B7_E0_MAGNITUDE_EVICTION,EVAL,SUCCESS,113.20057142857142,1296,9
D12_Hybrid_Memory,817,O1_FULL_DENSE_FIR,EVAL,SUCCESS,660.0,1980,165
D12_Hybrid_Memory,818,O0_ORACLE_SPARSE,EVAL,SUCCESS,31.0,172,6
D12_Hybrid_Memory,816,B6_PROPORTIONATE_SPARSE_ADAPTIVE_FILTER,EVAL,SUCCESS,1280.0,2560,2
D12_Hybrid_Memory,818,O2_ORACLE_SUPPORT_LIFECYCLE,EVAL,SUCCESS,31.0,152,6
D12_Hybrid_Memory,817,B4_VARIABLE_CONTIGUOUS_TAP_LENGTH,EVAL,SUCCESS,225.23142857142858,1920,45
D12_Hybrid_Memory,818,B1_LEBRE_NO_REC_BIRTH,EVAL,SUCCESS,25.0,136,5
D12_Hybrid_Memory,817,B5_SPARSITY_REGULARIZED_FULL_DICTIONARY,EVAL,SUCCESS,960.0,1920,0
D12_Hybrid_Memory,818,B3_FIXED_DENSE_FIR,EVAL,SUCCESS,80.0,240,20
D12_Hybrid_Memory,817,B7_PROPOSED_DYNAMIC_LAG_LIFECYCLE,EVAL,SUCCESS,113.13714285714286,1304,9
D12_Hybrid_Memory,817,B0_LEBRE_FROZEN,EVAL,SUCCESS,41.66142857142857,368,8
D12_Hybrid_Memory,817,B7_E0_MAGNITUDE_EVICTION,EVAL,SUCCESS,113.13714285714286,1304,9
D12_Hybrid_Memory,818,O1_FULL_DENSE_FIR,EVAL,SUCCESS,660.0,1980,165
D12_Hybrid_Memory,819,O0_ORACLE_SPARSE,EVAL,SUCCESS,31.0,172,6
D12_Hybrid_Memory,817,B6_PROPORTIONATE_SPARSE_ADAPTIVE_FILTER,EVAL,SUCCESS,1280.0,2560,2
D12_Hybrid_Memory,819,O2_ORACLE_SUPPORT_LIFECYCLE,EVAL,SUCCESS,31.0,152,6
D12_Hybrid_Memory,819,B1_LEBRE_NO_REC_BIRTH,EVAL,SUCCESS,25.0,136,5
D12_Hybrid_Memory,818,B4_VARIABLE_CONTIGUOUS_TAP_LENGTH,EVAL,SUCCESS,229.53428571428572,1920,45
D12_Hybrid_Memory,819,B3_FIXED_DENSE_FIR,EVAL,SUCCESS,80.0,240,20
D12_Hybrid_Memory,818,B7_PROPOSED_DYNAMIC_LAG_LIFECYCLE,EVAL,SUCCESS,113.152,1260,9
D12_Hybrid_Memory,818,B5_SPARSITY_REGULARIZED_FULL_DICTIONARY,EVAL,SUCCESS,960.0,1920,0
D12_Hybrid_Memory,818,B7_E0_MAGNITUDE_EVICTION,EVAL,SUCCESS,113.152,1260,9
D12_Hybrid_Memory,818,B0_LEBRE_FROZEN,EVAL,SUCCESS,43.00971428571429,368,8
D12_Hybrid_Memory,819,O1_FULL_DENSE_FIR,EVAL,SUCCESS,660.0,1980,165
D12_Hybrid_Memory,818,B6_PROPORTIONATE_SPARSE_ADAPTIVE_FILTER,EVAL,SUCCESS,1280.0,2560,1
D12_Hybrid_Memory,820,O0_ORACLE_SPARSE,EVAL,SUCCESS,31.0,172,6
D12_Hybrid_Memory,820,O2_ORACLE_SUPPORT_LIFECYCLE,EVAL,SUCCESS,31.0,152,6
D12_Hybrid_Memory,819,B4_VARIABLE_CONTIGUOUS_TAP_LENGTH,EVAL,SUCCESS,218.18285714285713,1920,45
D12_Hybrid_Memory,820,B1_LEBRE_NO_REC_BIRTH,EVAL,SUCCESS,25.0,136,5
D12_Hybrid_Memory,820,B3_FIXED_DENSE_FIR,EVAL,SUCCESS,80.0,240,20
D12_Hybrid_Memory,819,B5_SPARSITY_REGULARIZED_FULL_DICTIONARY,EVAL,SUCCESS,960.0,1920,0
D12_Hybrid_Memory,819,B0_LEBRE_FROZEN,EVAL,SUCCESS,40.418285714285716,368,10
D12_Hybrid_Memory,819,B7_PROPOSED_DYNAMIC_LAG_LIFECYCLE,EVAL,SUCCESS,113.25257142857143,1320,9
D12_Hybrid_Memory,819,B7_E0_MAGNITUDE_EVICTION,EVAL,SUCCESS,113.25257142857143,1320,9
D12_Hybrid_Memory,820,O1_FULL_DENSE_FIR,EVAL,SUCCESS,660.0,1980,165
D12_Hybrid_Memory,819,B6_PROPORTIONATE_SPARSE_ADAPTIVE_FILTER,EVAL,SUCCESS,1280.0,2560,1
D12_Hybrid_Memory,821,O0_ORACLE_SPARSE,EVAL,SUCCESS,31.0,172,6
D12_Hybrid_Memory,821,O2_ORACLE_SUPPORT_LIFECYCLE,EVAL,SUCCESS,31.0,152,6
D12_Hybrid_Memory,820,B4_VARIABLE_CONTIGUOUS_TAP_LENGTH,EVAL,SUCCESS,224.8057142857143,1920,45
D12_Hybrid_Memory,821,B1_LEBRE_NO_REC_BIRTH,EVAL,SUCCESS,25.0,136,5
D12_Hybrid_Memory,821,B3_FIXED_DENSE_FIR,EVAL,SUCCESS,80.0,240,20
D12_Hybrid_Memory,820,B5_SPARSITY_REGULARIZED_FULL_DICTIONARY,EVAL,SUCCESS,960.0,1920,0
D12_Hybrid_Memory,820,B7_E0_MAGNITUDE_EVICTION,EVAL,SUCCESS,113.34857142857143,1180,9
D12_Hybrid_Memory,820,B7_PROPOSED_DYNAMIC_LAG_LIFECYCLE,EVAL,SUCCESS,113.34857142857143,1180,9
D12_Hybrid_Memory,820,B0_LEBRE_FROZEN,EVAL,SUCCESS,41.908857142857144,368,10
D12_Hybrid_Memory,821,O1_FULL_DENSE_FIR,EVAL,SUCCESS,660.0,1980,165
D12_Hybrid_Memory,822,O0_ORACLE_SPARSE,EVAL,SUCCESS,31.0,172,6
D12_Hybrid_Memory,820,B6_PROPORTIONATE_SPARSE_ADAPTIVE_FILTER,EVAL,SUCCESS,1280.0,2560,5
D12_Hybrid_Memory,822,O2_ORACLE_SUPPORT_LIFECYCLE,EVAL,SUCCESS,31.0,152,6
D12_Hybrid_Memory,822,B1_LEBRE_NO_REC_BIRTH,EVAL,SUCCESS,25.0,136,5
D12_Hybrid_Memory,821,B4_VARIABLE_CONTIGUOUS_TAP_LENGTH,EVAL,SUCCESS,222.5257142857143,1920,45
D12_Hybrid_Memory,822,B3_FIXED_DENSE_FIR,EVAL,SUCCESS,80.0,240,20
D12_Hybrid_Memory,821,B7_PROPOSED_DYNAMIC_LAG_LIFECYCLE,EVAL,SUCCESS,113.15314285714285,1196,9
D12_Hybrid_Memory,821,B7_E0_MAGNITUDE_EVICTION,EVAL,SUCCESS,113.15314285714285,1196,9
D12_Hybrid_Memory,821,B5_SPARSITY_REGULARIZED_FULL_DICTIONARY,EVAL,SUCCESS,960.0,1920,0
D12_Hybrid_Memory,821,B0_LEBRE_FROZEN,EVAL,SUCCESS,41.07514285714286,368,5
D12_Hybrid_Memory,822,O1_FULL_DENSE_FIR,EVAL,SUCCESS,660.0,1980,165
D12_Hybrid_Memory,823,O0_ORACLE_SPARSE,EVAL,SUCCESS,31.0,172,6
D12_Hybrid_Memory,821,B6_PROPORTIONATE_SPARSE_ADAPTIVE_FILTER,EVAL,SUCCESS,1280.0,2560,5
D12_Hybrid_Memory,823,O2_ORACLE_SUPPORT_LIFECYCLE,EVAL,SUCCESS,31.0,152,6
D12_Hybrid_Memory,823,B1_LEBRE_NO_REC_BIRTH,EVAL,SUCCESS,25.0,136,5
D12_Hybrid_Memory,822,B4_VARIABLE_CONTIGUOUS_TAP_LENGTH,EVAL,SUCCESS,205.52285714285713,1920,40
D12_Hybrid_Memory,822,B5_SPARSITY_REGULARIZED_FULL_DICTIONARY,EVAL,SUCCESS,960.0,1920,0
D12_Hybrid_Memory,823,B3_FIXED_DENSE_FIR,EVAL,SUCCESS,80.0,240,20
D12_Hybrid_Memory,822,B7_PROPOSED_DYNAMIC_LAG_LIFECYCLE,EVAL,SUCCESS,113.32114285714286,1380,9
D12_Hybrid_Memory,822,B0_LEBRE_FROZEN,EVAL,SUCCESS,41.69428571428571,368,8
D12_Hybrid_Memory,823,O1_FULL_DENSE_FIR,EVAL,SUCCESS,660.0,1980,165
D12_Hybrid_Memory,822,B7_E0_MAGNITUDE_EVICTION,EVAL,SUCCESS,113.32114285714286,1380,9
D12_Hybrid_Memory,822,B6_PROPORTIONATE_SPARSE_ADAPTIVE_FILTER,EVAL,SUCCESS,1280.0,2560,2
D12_Hybrid_Memory,824,O0_ORACLE_SPARSE,EVAL,SUCCESS,31.0,172,6
D12_Hybrid_Memory,823,B4_VARIABLE_CONTIGUOUS_TAP_LENGTH,EVAL,SUCCESS,190.8657142857143,1920,35
D12_Hybrid_Memory,824,O2_ORACLE_SUPPORT_LIFECYCLE,EVAL,SUCCESS,31.0,152,6
D12_Hybrid_Memory,824,B1_LEBRE_NO_REC_BIRTH,EVAL,SUCCESS,25.0,136,5
D12_Hybrid_Memory,824,B3_FIXED_DENSE_FIR,EVAL,SUCCESS,80.0,240,20
D12_Hybrid_Memory,823,B5_SPARSITY_REGULARIZED_FULL_DICTIONARY,EVAL,SUCCESS,960.0,1920,0
D12_Hybrid_Memory,823,B7_PROPOSED_DYNAMIC_LAG_LIFECYCLE,EVAL,SUCCESS,113.19371428571428,1292,9
D12_Hybrid_Memory,823,B7_E0_MAGNITUDE_EVICTION,EVAL,SUCCESS,113.19371428571428,1292,9
D12_Hybrid_Memory,823,B0_LEBRE_FROZEN,EVAL,SUCCESS,42.93085714285714,368,5
D12_Hybrid_Memory,824,O1_FULL_DENSE_FIR,EVAL,SUCCESS,660.0,1980,165
D12_Hybrid_Memory,823,B6_PROPORTIONATE_SPARSE_ADAPTIVE_FILTER,EVAL,SUCCESS,1280.0,2560,3
D12_Hybrid_Memory,825,O0_ORACLE_SPARSE,EVAL,SUCCESS,31.0,172,6
D12_Hybrid_Memory,825,O2_ORACLE_SUPPORT_LIFECYCLE,EVAL,SUCCESS,31.0,152,6
D12_Hybrid_Memory,824,B4_VARIABLE_CONTIGUOUS_TAP_LENGTH,EVAL,SUCCESS,162.75142857142856,1920,30
D12_Hybrid_Memory,825,B1_LEBRE_NO_REC_BIRTH,EVAL,SUCCESS,25.0,136,5
D12_Hybrid_Memory,825,B3_FIXED_DENSE_FIR,EVAL,SUCCESS,80.0,240,20
D12_Hybrid_Memory,824,B0_LEBRE_FROZEN,EVAL,SUCCESS,40.80571428571429,368,10
D12_Hybrid_Memory,824,B5_SPARSITY_REGULARIZED_FULL_DICTIONARY,EVAL,SUCCESS,960.0,1920,0
D12_Hybrid_Memory,825,O1_FULL_DENSE_FIR,EVAL,SUCCESS,660.0,1980,165
D12_Hybrid_Memory,824,B7_PROPOSED_DYNAMIC_LAG_LIFECYCLE,EVAL,SUCCESS,113.27085714285714,1280,9
D12_Hybrid_Memory,826,O0_ORACLE_SPARSE,EVAL,SUCCESS,31.0,172,6
D12_Hybrid_Memory,824,B7_E0_MAGNITUDE_EVICTION,EVAL,SUCCESS,113.27085714285714,1280,9
D12_Hybrid_Memory,824,B6_PROPORTIONATE_SPARSE_ADAPTIVE_FILTER,EVAL,SUCCESS,1280.0,2560,5
D12_Hybrid_Memory,826,O2_ORACLE_SUPPORT_LIFECYCLE,EVAL,SUCCESS,31.0,152,6
D12_Hybrid_Memory,826,B1_LEBRE_NO_REC_BIRTH,EVAL,SUCCESS,25.0,136,5
D12_Hybrid_Memory,825,B4_VARIABLE_CONTIGUOUS_TAP_LENGTH,EVAL,SUCCESS,220.74857142857144,1920,45
D12_Hybrid_Memory,826,B3_FIXED_DENSE_FIR,EVAL,SUCCESS,80.0,240,20
D12_Hybrid_Memory,825,B7_E0_MAGNITUDE_EVICTION,EVAL,SUCCESS,113.23028571428571,1316,9
D12_Hybrid_Memory,825,B0_LEBRE_FROZEN,EVAL,SUCCESS,44.28114285714286,368,5
D12_Hybrid_Memory,825,B7_PROPOSED_DYNAMIC_LAG_LIFECYCLE,EVAL,SUCCESS,113.23028571428571,1316,9
D12_Hybrid_Memory,826,O1_FULL_DENSE_FIR,EVAL,SUCCESS,660.0,1980,165
D12_Hybrid_Memory,827,O0_ORACLE_SPARSE,EVAL,SUCCESS,31.0,172,6
D12_Hybrid_Memory,825,B5_SPARSITY_REGULARIZED_FULL_DICTIONARY,EVAL,SUCCESS,960.0,1920,0
D12_Hybrid_Memory,827,O2_ORACLE_SUPPORT_LIFECYCLE,EVAL,SUCCESS,31.0,152,6
D12_Hybrid_Memory,825,B6_PROPORTIONATE_SPARSE_ADAPTIVE_FILTER,EVAL,SUCCESS,1280.0,2560,4
D12_Hybrid_Memory,827,B1_LEBRE_NO_REC_BIRTH,EVAL,SUCCESS,25.0,136,5
D12_Hybrid_Memory,826,B4_VARIABLE_CONTIGUOUS_TAP_LENGTH,EVAL,SUCCESS,227.28857142857143,1920,45
D12_Hybrid_Memory,827,B3_FIXED_DENSE_FIR,EVAL,SUCCESS,80.0,240,20
D12_Hybrid_Memory,826,B7_E0_MAGNITUDE_EVICTION,EVAL,SUCCESS,113.42114285714285,1304,9
D12_Hybrid_Memory,826,B7_PROPOSED_DYNAMIC_LAG_LIFECYCLE,EVAL,SUCCESS,113.42114285714285,1304,9
D12_Hybrid_Memory,826,B5_SPARSITY_REGULARIZED_FULL_DICTIONARY,EVAL,SUCCESS,960.0,1920,0
D12_Hybrid_Memory,827,O1_FULL_DENSE_FIR,EVAL,SUCCESS,660.0,1980,165
D12_Hybrid_Memory,828,O0_ORACLE_SPARSE,EVAL,SUCCESS,31.0,172,6
D12_Hybrid_Memory,826,B0_LEBRE_FROZEN,EVAL,SUCCESS,40.072,368,5
D12_Hybrid_Memory,828,O2_ORACLE_SUPPORT_LIFECYCLE,EVAL,SUCCESS,31.0,152,6
D12_Hybrid_Memory,826,B6_PROPORTIONATE_SPARSE_ADAPTIVE_FILTER,EVAL,SUCCESS,1280.0,2560,3
D12_Hybrid_Memory,827,B4_VARIABLE_CONTIGUOUS_TAP_LENGTH,EVAL,SUCCESS,228.34,1920,45
D12_Hybrid_Memory,827,B7_PROPOSED_DYNAMIC_LAG_LIFECYCLE,EVAL,SUCCESS,113.30514285714285,1176,9
D12_Hybrid_Memory,828,B1_LEBRE_NO_REC_BIRTH,EVAL,SUCCESS,25.0,136,5
D12_Hybrid_Memory,827,B0_LEBRE_FROZEN,EVAL,SUCCESS,42.602,368,10
D12_Hybrid_Memory,827,B5_SPARSITY_REGULARIZED_FULL_DICTIONARY,EVAL,SUCCESS,960.0,1920,0
D12_Hybrid_Memory,828,B3_FIXED_DENSE_FIR,EVAL,SUCCESS,80.0,240,20
D12_Hybrid_Memory,828,O1_FULL_DENSE_FIR,EVAL,SUCCESS,660.0,1980,165
D12_Hybrid_Memory,827,B7_E0_MAGNITUDE_EVICTION,EVAL,SUCCESS,113.30514285714285,1176,9
D12_Hybrid_Memory,827,B6_PROPORTIONATE_SPARSE_ADAPTIVE_FILTER,EVAL,SUCCESS,1280.0,2560,1
D12_Hybrid_Memory,829,O0_ORACLE_SPARSE,EVAL,SUCCESS,31.0,172,6
D12_Hybrid_Memory,829,B1_LEBRE_NO_REC_BIRTH,EVAL,SUCCESS,25.0,136,5
D12_Hybrid_Memory,828,B4_VARIABLE_CONTIGUOUS_TAP_LENGTH,EVAL,SUCCESS,220.40571428571428,1920,40
D12_Hybrid_Memory,829,O2_ORACLE_SUPPORT_LIFECYCLE,EVAL,SUCCESS,31.0,152,6
D12_Hybrid_Memory,828,B0_LEBRE_FROZEN,EVAL,SUCCESS,40.787142857142854,368,8
D12_Hybrid_Memory,829,B3_FIXED_DENSE_FIR,EVAL,SUCCESS,80.0,240,20
D12_Hybrid_Memory,828,B5_SPARSITY_REGULARIZED_FULL_DICTIONARY,EVAL,SUCCESS,960.0,1920,0
D12_Hybrid_Memory,828,B7_PROPOSED_DYNAMIC_LAG_LIFECYCLE,EVAL,SUCCESS,113.18628571428572,1204,9
D12_Hybrid_Memory,828,B7_E0_MAGNITUDE_EVICTION,EVAL,SUCCESS,113.18628571428572,1204,9
D12_Hybrid_Memory,829,O1_FULL_DENSE_FIR,EVAL,SUCCESS,660.0,1980,165
D12_Hybrid_Memory,830,O0_ORACLE_SPARSE,EVAL,SUCCESS,31.0,172,6
D12_Hybrid_Memory,828,B6_PROPORTIONATE_SPARSE_ADAPTIVE_FILTER,EVAL,SUCCESS,1280.0,2560,1
D12_Hybrid_Memory,830,B1_LEBRE_NO_REC_BIRTH,EVAL,SUCCESS,25.0,136,5
D12_Hybrid_Memory,830,O2_ORACLE_SUPPORT_LIFECYCLE,EVAL,SUCCESS,31.0,152,6
D12_Hybrid_Memory,829,B4_VARIABLE_CONTIGUOUS_TAP_LENGTH,EVAL,SUCCESS,190.18285714285713,1920,35
D12_Hybrid_Memory,830,B3_FIXED_DENSE_FIR,EVAL,SUCCESS,80.0,240,20
D12_Hybrid_Memory,829,B5_SPARSITY_REGULARIZED_FULL_DICTIONARY,EVAL,SUCCESS,960.0,1920,0
D12_Hybrid_Memory,829,B7_PROPOSED_DYNAMIC_LAG_LIFECYCLE,EVAL,SUCCESS,113.20685714285715,1136,9
D12_Hybrid_Memory,829,B7_E0_MAGNITUDE_EVICTION,EVAL,SUCCESS,113.20685714285715,1136,9
D12_Hybrid_Memory,829,B0_LEBRE_FROZEN,EVAL,SUCCESS,41.90542857142857,368,10
D12_Hybrid_Memory,830,O1_FULL_DENSE_FIR,EVAL,SUCCESS,660.0,1980,165
D12_Hybrid_Memory,829,B6_PROPORTIONATE_SPARSE_ADAPTIVE_FILTER,EVAL,SUCCESS,1280.0,2560,5
D12_Hybrid_Memory,830,B4_VARIABLE_CONTIGUOUS_TAP_LENGTH,EVAL,SUCCESS,206.0742857142857,1920,40
D12_Hybrid_Memory,830,B5_SPARSITY_REGULARIZED_FULL_DICTIONARY,EVAL,SUCCESS,960.0,1920,0
D12_Hybrid_Memory,830,B7_PROPOSED_DYNAMIC_LAG_LIFECYCLE,EVAL,SUCCESS,112.92514285714286,1280,9
D12_Hybrid_Memory,830,B7_E0_MAGNITUDE_EVICTION,EVAL,SUCCESS,112.92514285714286,1280,9
D12_Hybrid_Memory,830,B6_PROPORTIONATE_SPARSE_ADAPTIVE_FILTER,EVAL,SUCCESS,1280.0,2560,1
D12_Hybrid_Memory,830,B0_LEBRE_FROZEN,EVAL,SUCCESS,44.773714285714284,368,10
