step,model,promoted_candidate,promoted_truth_status,candidate_evidence_n,candidate_score,active_set,victim,victim_truth_status,victim_age,victim_update_count,victim_abs_w,victim_contribution,victim_score,promotion_cooldown_state,support_recall,mse
44,G0_F4_Baseline,3,0,8,1.852453981926251,"[np.int32(83), np.int32(53), np.int32(70), np.int32(45), np.int32(44), 3]",,0,,,,,,0,0.0,35.27600850006127
44,G1_Age_Normalized,3,0,8,1.852453981926251,"[np.int32(83), np.int32(53), np.int32(70), np.int32(45), np.int32(44), 3]",,0,,,,,,0,0.0,35.27600850006127
44,G2_Update_Normalized,3,0,8,1.852453981926251,"[np.int32(83), np.int32(53), np.int32(70), np.int32(45), np.int32(44), 3]",,0,,,,,,0,0.0,35.27600850006127
44,G3_Contribution_Aware,3,0,8,1.852453981926251,"[np.int32(83), np.int32(53), np.int32(70), np.int32(45), np.int32(44), 3]",,0,,,,,,0,0.0,35.27600850006127
44,G4_Promotion_Cooldown,3,0,8,1.852453981926251,"[np.int32(83), np.int32(53), np.int32(70), np.int32(45), np.int32(44), 3]",,0,,,,,,0,0.0,35.27600850006127
44,G5_Oracle_Victim,3,0,8,1.852453981926251,"[np.int32(83), np.int32(53), np.int32(70), np.int32(45), np.int32(44), 3]",,0,,,,,,0,0.0,35.27600850006127
47,G0_F4_Baseline,9,0,8,0.45185697676301984,"[np.int32(83), np.int32(53), np.int32(70), np.int32(45), np.int32(44), 3, 9]",,0,,,,,,0,0.0,12.53354658670797
47,G1_Age_Normalized,9,0,8,0.45185697676301984,"[np.int32(83), np.int32(53), np.int32(70), np.int32(45), np.int32(44), 3, 9]",,0,,,,,,0,0.0,12.53354658670797
47,G2_Update_Normalized,9,0,8,0.45185697676301984,"[np.int32(83), np.int32(53), np.int32(70), np.int32(45), np.int32(44), 3, 9]",,0,,,,,,0,0.0,12.53354658670797
47,G3_Contribution_Aware,9,0,8,0.45185697676301984,"[np.int32(83), np.int32(53), np.int32(70), np.int32(45), np.int32(44), 3, 9]",,0,,,,,,0,0.0,12.53354658670797
47,G5_Oracle_Victim,9,0,8,0.45185697676301984,"[np.int32(83), np.int32(53), np.int32(70), np.int32(45), np.int32(44), 3, 9]",,0,,,,,,0,0.0,12.53354658670797
50,G0_F4_Baseline,16,0,8,0.7568193916418495,"[np.int32(83), np.int32(53), np.int32(70), np.int32(45), np.int32(44), 3, 9, 16]",,0,,,,,,0,0.0,8.900198457167182
50,G1_Age_Normalized,16,0,8,0.7568193916418495,"[np.int32(83), np.int32(53), np.int32(70), np.int32(45), np.int32(44), 3, 9, 16]",,0,,,,,,0,0.0,8.900198457167182
50,G2_Update_Normalized,16,0,8,0.7568193916418495,"[np.int32(83), np.int32(53), np.int32(70), np.int32(45), np.int32(44), 3, 9, 16]",,0,,,,,,0,0.0,8.900198457167182
50,G3_Contribution_Aware,16,0,8,0.7568193916418495,"[np.int32(83), np.int32(53), np.int32(70), np.int32(45), np.int32(44), 3, 9, 16]",,0,,,,,,0,0.0,8.900198457167182
50,G5_Oracle_Victim,16,0,8,0.7568193916418495,"[np.int32(83), np.int32(53), np.int32(70), np.int32(45), np.int32(44), 3, 9, 16]",,0,,,,,,0,0.0,8.900198457167182
53,G0_F4_Baseline,24,0,8,2.187152452928652,"[np.int32(83), np.int32(53), np.int32(70), np.int32(45), np.int32(44), 3, 9, 16, 24]",,0,,,,,,0,0.0,5.839648340323987
53,G1_Age_Normalized,24,0,8,2.187152452928652,"[np.int32(83), np.int32(53), np.int32(70), np.int32(45), np.int32(44), 3, 9, 16, 24]",,0,,,,,,0,0.0,5.839648340323987
53,G2_Update_Normalized,24,0,8,2.187152452928652,"[np.int32(83), np.int32(53), np.int32(70), np.int32(45), np.int32(44), 3, 9, 16, 24]",,0,,,,,,0,0.0,5.839648340323987
53,G3_Contribution_Aware,24,0,8,2.187152452928652,"[np.int32(83), np.int32(53), np.int32(70), np.int32(45), np.int32(44), 3, 9, 16, 24]",,0,,,,,,0,0.0,5.839648340323987
53,G5_Oracle_Victim,24,0,8,2.187152452928652,"[np.int32(83), np.int32(53), np.int32(70), np.int32(45), np.int32(44), 3, 9, 16, 24]",,0,,,,,,0,0.0,5.839648340323987
58,G0_F4_Baseline,37,0,8,0.869195537221967,"[np.int32(83), np.int32(53), np.int32(70), np.int32(45), np.int32(44), 3, 9, 16, 24, 37]",,0,,,,,,0,0.0,20.96736383695789
58,G1_Age_Normalized,37,0,8,0.869195537221967,"[np.int32(83), np.int32(53), np.int32(70), np.int32(45), np.int32(44), 3, 9, 16, 24, 37]",,0,,,,,,0,0.0,20.96736383695789
58,G2_Update_Normalized,37,0,8,0.869195537221967,"[np.int32(83), np.int32(53), np.int32(70), np.int32(45), np.int32(44), 3, 9, 16, 24, 37]",,0,,,,,,0,0.0,20.96736383695789
58,G3_Contribution_Aware,37,0,8,0.869195537221967,"[np.int32(83), np.int32(53), np.int32(70), np.int32(45), np.int32(44), 3, 9, 16, 24, 37]",,0,,,,,,0,0.0,20.96736383695789
58,G5_Oracle_Victim,37,0,8,0.869195537221967,"[np.int32(83), np.int32(53), np.int32(70), np.int32(45), np.int32(44), 3, 9, 16, 24, 37]",,0,,,,,,0,0.0,20.96736383695789
60,G0_F4_Baseline,43,0,8,3.6363465135535282,"[np.int32(83), np.int32(53), np.int32(70), 43, np.int32(44), 3, 9, 16, 24, 37]",45.0,0,60.0,60.0,-0.06348008306967527,0.0,0.06348008306967527,0,0.0,29.476910214582336
60,G1_Age_Normalized,43,0,8,3.6363465135535282,"[np.int32(83), np.int32(53), np.int32(70), 43, np.int32(44), 3, 9, 16, 24, 37]",45.0,0,60.0,60.0,-0.06348008306967527,0.0,0.06348008306967527,0,0.0,29.476910214582336
60,G2_Update_Normalized,43,0,8,3.6363465135535282,"[np.int32(83), np.int32(53), np.int32(70), 43, np.int32(44), 3, 9, 16, 24, 37]",45.0,0,60.0,60.0,-0.06348008306967527,0.0,0.06348008306967527,0,0.0,29.476910214582336
60,G3_Contribution_Aware,43,0,8,3.6363465135535282,"[np.int32(83), np.int32(53), np.int32(70), np.int32(45), np.int32(44), 43, 9, 16, 24, 37]",3.0,0,16.0,16.0,0.5414360754385138,0.09716113957834742,0.09716113957834742,0,0.0,29.476910214582336
60,G5_Oracle_Victim,43,0,8,3.6363465135535282,"[np.int32(83), np.int32(53), np.int32(70), 43, np.int32(44), 3, 9, 16, 24, 37]",45.0,0,60.0,60.0,-0.06348008306967527,0.0,0.06348008306967527,0,0.0,29.476910214582336
61,G0_F4_Baseline,41,0,10,0.8645419502137754,"[41, np.int32(53), np.int32(70), 43, np.int32(44), 3, 9, 16, 24, 37]",83.0,0,61.0,61.0,-0.13558886993181346,0.0,0.13558886993181346,0,0.0,0.597285774373132
61,G1_Age_Normalized,41,0,10,0.8645419502137754,"[41, np.int32(53), np.int32(70), 43, np.int32(44), 3, 9, 16, 24, 37]",83.0,0,61.0,61.0,-0.13558886993181346,0.0,0.13558886993181346,0,0.0,0.597285774373132
61,G2_Update_Normalized,41,0,10,0.8645419502137754,"[41, np.int32(53), np.int32(70), 43, np.int32(44), 3, 9, 16, 24, 37]",83.0,0,61.0,61.0,-0.13558886993181346,0.0,0.13558886993181346,0,0.0,0.597285774373132
61,G3_Contribution_Aware,41,0,10,0.8331696064513546,"[np.int32(83), np.int32(53), np.int32(70), 41, np.int32(44), 43, 9, 16, 24, 37]",45.0,0,61.0,61.0,-0.004255689570244282,0.20688453709984733,0.20688453709984733,0,0.0,0.34522586668149363
61,G5_Oracle_Victim,41,0,10,0.8645419502137754,"[41, np.int32(53), np.int32(70), 43, np.int32(44), 3, 9, 16, 24, 37]",83.0,0,61.0,61.0,-0.13558886993181346,0.0,0.13558886993181346,0,0.0,0.597285774373132
64,G4_Promotion_Cooldown,43,0,10,2.6890455936420428,"[np.int32(83), np.int32(53), np.int32(70), np.int32(45), np.int32(44), 3, 43]",,0,,,,,,0,0.0,18.83767769523992
66,G3_Contribution_Aware,62,0,8,1.201651788427173,"[np.int32(83), np.int32(53), np.int32(70), 41, np.int32(44), 43, 9, 62, 24, 37]",16.0,0,16.0,16.0,0.36711873407331663,0.1576784524460184,0.1576784524460184,0,0.0,2.572701900536249
67,G0_F4_Baseline,65,0,8,2.5773492087161824,"[41, np.int32(53), np.int32(70), 43, np.int32(44), 65, 9, 16, 24, 37]",3.0,0,23.0,23.0,0.14013059597391836,0.0,0.14013059597391836,0,0.0,2.167979535218464
67,G1_Age_Normalized,65,0,8,2.5773492087161824,"[41, np.int32(53), np.int32(70), 43, np.int32(44), 65, 9, 16, 24, 37]",3.0,0,23.0,23.0,0.14013059597391836,0.0,0.3046317303780834,0,0.0,2.167979535218464
67,G2_Update_Normalized,65,0,8,2.5773492087161824,"[41, np.int32(53), np.int32(70), 43, np.int32(44), 65, 9, 16, 24, 37]",3.0,0,23.0,23.0,0.14013059597391836,0.0,0.3046317303780834,0,0.0,2.167979535218464
67,G3_Contribution_Aware,65,0,8,2.416118117385821,"[np.int32(83), np.int32(53), np.int32(70), 41, np.int32(44), 43, 65, 62, 24, 37]",9.0,0,20.0,20.0,-0.2550210683472227,0.2948831799978843,0.2948831799978843,0,0.0,4.127215868774514
67,G5_Oracle_Victim,65,0,8,2.5773492087161824,"[41, np.int32(53), np.int32(70), 43, np.int32(44), 65, 9, 16, 24, 37]",3.0,0,23.0,23.0,0.14013059597391836,0.0,0.14013059597391836,0,0.0,2.167979535218464
68,G0_F4_Baseline,67,0,9,1.0079366480990068,"[41, np.int32(53), np.int32(70), 43, np.int32(44), 65, 9, 16, 67, 37]",24.0,0,15.0,15.0,0.12873038845564733,0.0,0.12873038845564733,0,0.0,3.0191752713909774
68,G1_Age_Normalized,67,0,9,1.0079366480990068,"[41, np.int32(53), np.int32(70), 43, np.int32(44), 65, 9, 16, 67, 37]",24.0,0,15.0,15.0,0.12873038845564733,0.0,0.42910129485215776,0,0.0,3.0191752713909774
68,G2_Update_Normalized,67,0,9,1.0079366480990068,"[41, np.int32(53), np.int32(70), 43, np.int32(44), 65, 9, 16, 67, 37]",24.0,0,15.0,15.0,0.12873038845564733,0.0,0.42910129485215776,0,0.0,3.0191752713909774
68,G5_Oracle_Victim,67,0,9,1.0079366480990068,"[41, np.int32(53), np.int32(70), 43, np.int32(44), 65, 9, 16, 67, 37]",24.0,0,15.0,15.0,0.12873038845564733,0.0,0.12873038845564733,0,0.0,3.0191752713909774
69,G0_F4_Baseline,68,0,10,0.6720632171215336,"[41, np.int32(53), np.int32(70), 43, np.int32(44), 65, 68, 16, 67, 37]",9.0,0,22.0,22.0,-0.33159872889472397,0.0,0.33159872889472397,0,0.0,2.435683538345683
69,G5_Oracle_Victim,68,0,10,0.6720632171215336,"[41, np.int32(53), np.int32(70), 43, np.int32(44), 65, 68, 16, 67, 37]",9.0,0,22.0,22.0,-0.33159872889472397,0.0,0.33159872889472397,0,0.0,2.435683538345683
70,G1_Age_Normalized,68,0,11,0.8483441683641229,"[41, np.int32(53), np.int32(70), 43, np.int32(44), 65, 68, 16, 67, 37]",9.0,0,23.0,23.0,-0.159289594985303,0.0,0.34628172822891956,0,0.0,7.84308868697018
70,G2_Update_Normalized,68,0,11,0.8483441683641229,"[41, np.int32(53), np.int32(70), 43, np.int32(44), 65, 68, 16, 67, 37]",9.0,0,23.0,23.0,-0.159289594985303,0.0,0.34628172822891956,0,0.0,7.84308868697018
71,G3_Contribution_Aware,75,0,8,1.6090683645953132,"[np.int32(83), np.int32(53), np.int32(70), 41, np.int32(44), 43, 65, 62, 75, 37]",24.0,0,18.0,18.0,0.06281224587733374,0.12703954592337785,0.12703954592337785,0,0.0,2.787868810760598
73,G0_F4_Baseline,81,1,8,0.8251226398009177,"[41, 81, np.int32(70), 43, np.int32(44), 65, 68, 16, 67, 37]",53.0,0,73.0,73.0,0.5216400987359544,0.0,0.5216400987359544,0,0.2,12.471654991694022
73,G1_Age_Normalized,81,1,8,0.918013284942083,"[41, 81, np.int32(70), 43, np.int32(44), 65, 68, 16, 67, 37]",53.0,0,73.0,73.0,0.5195818056342979,0.0,0.5195818056342979,0,0.2,11.791355073811655
73,G2_Update_Normalized,81,1,8,0.918013284942083,"[41, 81, np.int32(70), 43, np.int32(44), 65, 68, 16, 67, 37]",53.0,0,73.0,73.0,0.5195818056342979,0.0,0.5195818056342979,0,0.2,11.791355073811655
73,G3_Contribution_Aware,81,1,8,0.9366687520900112,"[81, np.int32(53), np.int32(70), 41, np.int32(44), 43, 65, 62, 75, 37]",83.0,0,73.0,73.0,-0.03225392561156064,0.275205969569535,0.275205969569535,0,0.2,13.62967096456515
73,G5_Oracle_Victim,81,1,8,0.8251226398009177,"[41, 81, np.int32(70), 43, np.int32(44), 65, 68, 16, 67, 37]",53.0,0,73.0,73.0,0.5216400987359544,0.0,0.5216400987359544,0,0.2,12.471654991694022
76,G0_F4_Baseline,91,0,8,2.337949078256591,"[91, 81, np.int32(70), 43, np.int32(44), 65, 68, 16, 67, 37]",41.0,0,15.0,15.0,0.12206325871760403,0.0,0.12206325871760403,0,0.2,5.249072592018783
76,G1_Age_Normalized,91,0,8,2.2846132179484835,"[91, 81, np.int32(70), 43, np.int32(44), 65, 68, 16, 67, 37]",41.0,0,15.0,15.0,0.10161679288691298,0.0,0.3387226429563766,0,0.2,5.277174202030998
76,G2_Update_Normalized,91,0,8,2.2846132179484835,"[91, 81, np.int32(70), 43, np.int32(44), 65, 68, 16, 67, 37]",41.0,0,15.0,15.0,0.10161679288691298,0.0,0.3387226429563766,0,0.2,5.277174202030998
76,G5_Oracle_Victim,91,0,8,2.337949078256591,"[91, 81, np.int32(70), 43, np.int32(44), 65, 68, 16, 67, 37]",41.0,0,15.0,15.0,0.12206325871760403,0.0,0.12206325871760403,0,0.2,5.249072592018783
77,G0_F4_Baseline,92,0,9,0.7201504192403885,"[91, 81, np.int32(70), 92, np.int32(44), 65, 68, 16, 67, 37]",43.0,0,17.0,17.0,0.4267424112396353,0.0,0.4267424112396353,0,0.2,8.765124123459398
77,G3_Contribution_Aware,91,0,8,1.7369680665540204,"[81, np.int32(53), np.int32(70), 91, np.int32(44), 43, 65, 62, 75, 37]",41.0,0,16.0,16.0,0.20045070088473604,0.10964168002276431,0.10964168002276431,0,0.2,16.667249959631672
77,G5_Oracle_Victim,92,0,9,0.7201504192403885,"[91, 81, np.int32(70), 92, np.int32(44), 65, 68, 16, 67, 37]",43.0,0,17.0,17.0,0.4267424112396353,0.0,0.4267424112396353,0,0.2,8.765124123459398
79,G0_F4_Baseline,99,0,8,1.5662113811283078,"[91, 81, np.int32(70), 92, np.int32(44), 65, 68, 99, 67, 37]",16.0,0,29.0,29.0,0.4880481528585824,0.0,0.4880481528585824,0,0.2,33.20323319190275
79,G1_Age_Normalized,99,0,8,1.5677127473446235,"[91, 81, 99, 43, np.int32(44), 65, 68, 16, 67, 37]",70.0,0,79.0,79.0,-0.6708139291257826,0.0,0.6708139291257826,0,0.2,26.584385023513427
79,G2_Update_Normalized,99,0,8,1.5677127473446235,"[91, 81, 99, 43, np.int32(44), 65, 68, 16, 67, 37]",70.0,0,79.0,79.0,-0.6708139291257826,0.0,0.6708139291257826,0,0.2,26.584385023513427
79,G3_Contribution_Aware,99,0,8,1.8909602866669022,"[81, np.int32(53), np.int32(70), 91, np.int32(44), 99, 65, 62, 75, 37]",43.0,0,19.0,19.0,0.3733812560881105,0.22465641132613634,0.22465641132613634,0,0.2,11.776032684073794
79,G5_Oracle_Victim,99,0,8,1.5662113811283078,"[91, 81, np.int32(70), 92, np.int32(44), 65, 68, 99, 67, 37]",16.0,0,29.0,29.0,0.4880481528585824,0.0,0.4880481528585824,0,0.2,33.20323319190275
81,G0_F4_Baseline,6,0,8,0.9251260959546884,"[91, 81, np.int32(70), 92, np.int32(44), 65, 68, 99, 67, 6]",37.0,0,23.0,23.0,0.25500094211257246,0.0,0.25500094211257246,0,0.2,4.507298007055026
81,G1_Age_Normalized,5,0,8,1.612154013496323,"[91, 81, 99, 43, np.int32(44), 65, 68, 16, 67, 5]",37.0,0,23.0,23.0,0.33892460084500353,0.0,0.7367926105326164,0,0.2,9.758283116619053
81,G2_Update_Normalized,5,0,8,1.612154013496323,"[91, 81, 99, 43, np.int32(44), 65, 68, 16, 67, 5]",37.0,0,23.0,23.0,0.33892460084500353,0.0,0.7367926105326164,0,0.2,9.758283116619053
81,G5_Oracle_Victim,6,0,8,0.9251260959546884,"[91, 81, np.int32(70), 92, np.int32(44), 65, 68, 99, 67, 6]",37.0,0,23.0,23.0,0.25500094211257246,0.0,0.25500094211257246,0,0.2,4.507298007055026
84,G0_F4_Baseline,15,1,8,1.3288805613102255,"[91, 81, np.int32(70), 92, np.int32(44), 65, 15, 99, 67, 6]",68.0,0,15.0,15.0,-0.04087019774472293,0.0,0.04087019774472293,0,0.4,19.252445474636936
84,G3_Contribution_Aware,15,1,8,2.5644890929370248,"[81, np.int32(53), np.int32(70), 91, np.int32(44), 99, 15, 62, 75, 37]",65.0,0,17.0,17.0,0.09159879864203653,0.0540225222481964,0.0540225222481964,0,0.4,14.307142709365726
84,G4_Promotion_Cooldown,5,0,8,0.8623827608032993,"[np.int32(83), np.int32(53), np.int32(70), np.int32(45), np.int32(44), 3, 43, 5]",,0,,,,,,0,0.0,5.049764260974039
84,G5_Oracle_Victim,15,1,8,1.3288805613102255,"[91, 81, np.int32(70), 92, np.int32(44), 65, 15, 99, 67, 6]",68.0,0,15.0,15.0,-0.04087019774472293,0.0,0.04087019774472293,0,0.4,19.252445474636936
85,G0_F4_Baseline,18,0,8,0.7535406207382584,"[91, 81, np.int32(70), 92, np.int32(44), 65, 15, 99, 18, 6]",67.0,0,17.0,17.0,-0.3101795454701001,0.0,0.3101795454701001,0,0.4,0.37315639527908145
85,G3_Contribution_Aware,17,0,8,0.9386166211162247,"[81, np.int32(53), np.int32(70), 91, np.int32(44), 99, 15, 17, 75, 37]",62.0,0,19.0,19.0,0.31077494634681685,0.08480131560226402,0.08480131560226402,0,0.4,0.03326895362411309
85,G5_Oracle_Victim,18,0,8,0.7535406207382584,"[91, 81, np.int32(70), 92, np.int32(44), 65, 15, 99, 18, 6]",67.0,0,17.0,17.0,-0.3101795454701001,0.0,0.3101795454701001,0,0.4,0.37315639527908145
86,G0_F4_Baseline,19,0,8,1.7833167493586206,"[91, 81, 19, 92, np.int32(44), 65, 15, 99, 18, 6]",70.0,0,86.0,86.0,-0.4678076841609736,0.0,0.4678076841609736,0,0.4,7.820743584762615
86,G5_Oracle_Victim,19,0,8,1.7833167493586206,"[91, 81, 19, 92, np.int32(44), 65, 15, 99, 18, 6]",70.0,0,86.0,86.0,-0.4678076841609736,0.0,0.4678076841609736,0,0.4,7.820743584762615
88,G3_Contribution_Aware,22,0,8,1.7408215483364222,"[81, np.int32(53), np.int32(70), 91, np.int32(44), 99, 15, 17, 22, 37]",75.0,0,17.0,17.0,-0.15542313687739578,0.0747534983973813,0.0747534983973813,0,0.4,0.030548212876155133
89,G1_Age_Normalized,26,0,8,0.6698996598816976,"[91, 81, 99, 26, np.int32(44), 65, 68, 16, 67, 5]",43.0,0,29.0,29.0,0.05875486624776821,0.0,0.10130149353063485,0,0.2,4.656583566809468
89,G2_Update_Normalized,26,0,8,0.6698996598816976,"[91, 81, 99, 26, np.int32(44), 65, 68, 16, 67, 5]",43.0,0,29.0,29.0,0.05875486624776821,0.0,0.10130149353063485,0,0.2,4.656583566809468
90,G0_F4_Baseline,31,0,8,1.5304056155974068,"[91, 81, 19, 92, np.int32(44), 31, 15, 99, 18, 6]",65.0,0,23.0,23.0,0.09436106086361881,0.0,0.09436106086361881,0,0.4,5.870567505282633
90,G3_Contribution_Aware,27,0,8,0.8182719249274744,"[27, np.int32(53), np.int32(70), 91, np.int32(44), 99, 15, 17, 22, 37]",81.0,1,17.0,17.0,0.783963363487622,0.22332935771594534,0.22332935771594534,0,0.2,9.44277275977678
90,G5_Oracle_Victim,31,0,8,1.5304056155974068,"[91, 81, 19, 92, np.int32(44), 31, 15, 99, 18, 6]",65.0,0,23.0,23.0,0.09436106086361881,0.0,0.09436106086361881,0,0.4,5.870567505282633
91,G1_Age_Normalized,32,0,8,2.605238649919073,"[91, 81, 99, 26, np.int32(44), 65, 68, 32, 67, 5]",16.0,0,41.0,41.0,-0.007326974259035432,0.0,0.008935334462238332,0,0.2,5.15888502068337
91,G2_Update_Normalized,32,0,8,2.605238649919073,"[91, 81, 99, 26, np.int32(44), 65, 68, 32, 67, 5]",16.0,0,41.0,41.0,-0.007326974259035432,0.0,0.008935334462238332,0,0.2,5.15888502068337
91,G3_Contribution_Aware,31,0,8,0.5144748901944072,"[27, np.int32(53), np.int32(70), 91, np.int32(44), 99, 15, 17, 22, 31]",37.0,0,33.0,33.0,0.027285358283976976,0.21686805024466058,0.21686805024466058,0,0.2,3.628029189868471
92,G1_Age_Normalized,31,0,9,0.581893818340087,"[91, 81, 99, 26, np.int32(44), 31, 68, 32, 67, 5]",65.0,0,25.0,25.0,-0.05107563851828679,0.0,0.10215127703657358,0,0.2,0.5285285039668697
92,G2_Update_Normalized,31,0,9,0.581893818340087,"[91, 81, 99, 26, np.int32(44), 31, 68, 32, 67, 5]",65.0,0,25.0,25.0,-0.05107563851828679,0.0,0.10215127703657358,0,0.2,0.5285285039668697
94,G1_Age_Normalized,39,0,8,0.682710671359105,"[91, 81, 99, 26, np.int32(44), 31, 39, 32, 67, 5]",68.0,0,24.0,24.0,-0.03095688280515289,0.0,0.06449350584406853,0,0.2,0.4429942217858935
94,G2_Update_Normalized,39,0,8,0.682710671359105,"[91, 81, 99, 26, np.int32(44), 31, 39, 32, 67, 5]",68.0,0,24.0,24.0,-0.03095688280515289,0.0,0.06449350584406853,0,0.2,0.4429942217858935
95,G0_F4_Baseline,47,0,8,1.0746873020876688,"[47, 81, 19, 92, np.int32(44), 31, 15, 99, 18, 6]",91.0,0,19.0,19.0,0.049526406558787414,0.0,0.049526406558787414,0,0.4,0.8396534613220527
95,G5_Oracle_Victim,47,0,8,1.0746873020876688,"[47, 81, 19, 92, np.int32(44), 31, 15, 99, 18, 6]",91.0,0,19.0,19.0,0.049526406558787414,0.0,0.049526406558787414,0,0.4,0.8396534613220527
96,G0_F4_Baseline,48,0,8,1.1641972049739595,"[47, 81, 19, 92, np.int32(44), 31, 15, 48, 18, 6]",99.0,0,17.0,17.0,-0.0820944572719168,0.0,0.0820944572719168,0,0.4,3.3090484255827373
96,G3_Contribution_Aware,47,0,8,0.9205985736830552,"[27, np.int32(53), np.int32(70), 91, np.int32(44), 47, 15, 17, 22, 31]",99.0,0,17.0,17.0,0.14202256129174942,0.08591573461477527,0.08591573461477527,0,0.2,8.65004860829298
96,G5_Oracle_Victim,48,0,8,1.1641972049739595,"[47, 81, 19, 92, np.int32(44), 31, 15, 48, 18, 6]",99.0,0,17.0,17.0,-0.0820944572719168,0.0,0.0820944572719168,0,0.4,3.3090484255827373
97,G0_F4_Baseline,52,0,8,0.4406803518332139,"[47, 81, 19, 92, np.int32(44), 31, 15, 48, 18, 52]",6.0,0,16.0,16.0,0.2374908478133945,0.0,0.2374908478133945,0,0.4,5.96615812995369
97,G1_Age_Normalized,48,0,8,0.8638763964205112,"[91, 81, 48, 26, np.int32(44), 31, 39, 32, 67, 5]",99.0,0,18.0,18.0,-0.038484552967530866,0.0,0.10690153602091908,0,0.2,2.8126606876989033
97,G2_Update_Normalized,48,0,8,0.8638763964205112,"[91, 81, 48, 26, np.int32(44), 31, 39, 32, 67, 5]",99.0,0,18.0,18.0,-0.038484552967530866,0.0,0.10690153602091908,0,0.2,2.8126606876989033
97,G3_Contribution_Aware,48,0,9,0.8097319938405303,"[27, np.int32(53), np.int32(70), 48, np.int32(44), 47, 15, 17, 22, 31]",91.0,0,20.0,20.0,0.7787182807951698,0.2303494481352828,0.2303494481352828,0,0.2,0.7501525033159371
97,G5_Oracle_Victim,52,0,8,0.4406803518332139,"[47, 81, 19, 92, np.int32(44), 31, 15, 48, 18, 52]",6.0,0,16.0,16.0,0.2374908478133945,0.0,0.2374908478133945,0,0.4,5.96615812995369
99,G1_Age_Normalized,54,0,8,1.0548279760664983,"[91, 81, 48, 26, 54, 31, 39, 32, 67, 5]",44.0,0,99.0,99.0,0.12508364881047696,0.0,0.12508364881047696,0,0.2,0.07728559956527979
99,G2_Update_Normalized,54,0,8,1.0548279760664983,"[91, 81, 48, 26, 54, 31, 39, 32, 67, 5]",44.0,0,99.0,99.0,0.12508364881047696,0.0,0.12508364881047696,0,0.2,0.07728559956527979
103,G3_Contribution_Aware,68,0,8,0.48206785931344437,"[27, np.int32(53), np.int32(70), 48, np.int32(44), 47, 68, 17, 22, 31]",15.0,1,19.0,19.0,-0.1091815654050208,0.043532021024619165,0.043532021024619165,0,0.0,11.77280570965726
104,G1_Age_Normalized,66,0,8,2.0510197037624485,"[91, 81, 48, 26, 54, 31, 39, 32, 66, 5]",67.0,0,36.0,36.0,0.015690885820545418,0.0,0.021792896972979748,0,0.2,1.904651228645848
104,G2_Update_Normalized,66,0,8,2.0510197037624485,"[91, 81, 48, 26, 54, 31, 39, 32, 66, 5]",67.0,0,36.0,36.0,0.015690885820545418,0.0,0.021792896972979748,0,0.2,1.904651228645848
104,G3_Contribution_Aware,72,0,8,1.3155923327445787,"[27, np.int32(53), np.int32(70), 48, np.int32(44), 47, 68, 17, 72, 31]",22.0,0,16.0,16.0,-0.1388655674508772,0.11364936741884608,0.11364936741884608,0,0.0,3.9096497053493247
104,G4_Promotion_Cooldown,48,0,10,1.9169306250175269,"[np.int32(83), np.int32(53), np.int32(70), np.int32(45), np.int32(44), 3, 43, 5, 48]",,0,,,,,,0,0.0,1.1783512874115043
105,G0_F4_Baseline,71,0,8,2.101676263009937,"[47, 81, 19, 92, 71, 31, 15, 48, 18, 52]",44.0,0,105.0,105.0,0.008808169602079176,0.0,0.008808169602079176,0,0.4,1.551328670571018
105,G1_Age_Normalized,69,0,8,1.2328329555559678,"[91, 81, 48, 26, 54, 31, 39, 32, 66, 69]",5.0,0,24.0,24.0,0.016094598970477172,0.0,0.033530414521827444,0,0.2,26.24516668974712
105,G2_Update_Normalized,69,0,8,1.2328329555559678,"[91, 81, 48, 26, 54, 31, 39, 32, 66, 69]",5.0,0,24.0,24.0,0.016094598970477172,0.0,0.033530414521827444,0,0.2,26.24516668974712
105,G5_Oracle_Victim,71,0,8,2.101676263009937,"[47, 81, 19, 92, 71, 31, 15, 48, 18, 52]",44.0,0,105.0,105.0,0.008808169602079176,0.0,0.008808169602079176,0,0.4,1.551328670571018
106,G1_Age_Normalized,71,0,8,1.0621204909366546,"[91, 81, 48, 71, 54, 31, 39, 32, 66, 69]",26.0,0,17.0,17.0,-0.037033116840001434,0.0,0.10892093188235716,0,0.2,10.969078656650709
106,G2_Update_Normalized,71,0,8,1.0621204909366546,"[91, 81, 48, 71, 54, 31, 39, 32, 66, 69]",26.0,0,17.0,17.0,-0.037033116840001434,0.0,0.10892093188235716,0,0.2,10.969078656650709
109,G1_Age_Normalized,78,0,8,0.9055048556237904,"[91, 81, 48, 71, 54, 31, 78, 32, 66, 69]",39.0,0,15.0,15.0,-0.0041741729804061125,0.0,0.013913909934687042,0,0.2,0.06589216877386539
109,G2_Update_Normalized,78,0,8,0.9055048556237904,"[91, 81, 48, 71, 54, 31, 78, 32, 66, 69]",39.0,0,15.0,15.0,-0.0041741729804061125,0.0,0.013913909934687042,0,0.2,0.06589216877386539
110,G3_Contribution_Aware,90,0,8,0.4500840368541656,"[27, np.int32(53), np.int32(70), 48, np.int32(44), 47, 68, 17, 72, 90]",31.0,0,19.0,19.0,-0.07730893464182986,0.130110452537261,0.130110452537261,0,0.0,7.039225095034879
113,G0_F4_Baseline,94,0,8,0.9116872674584051,"[47, 81, 19, 92, 71, 94, 15, 48, 18, 52]",31.0,0,23.0,23.0,0.012933807239483047,0.0,0.012933807239483047,0,0.4,1.4598159884125712
113,G5_Oracle_Victim,94,0,8,0.9116872674584051,"[47, 81, 19, 92, 71, 94, 15, 48, 18, 52]",31.0,0,23.0,23.0,0.012933807239483047,0.0,0.012933807239483047,0,0.4,1.4598159884125712
114,G1_Age_Normalized,96,0,8,0.8830403058330709,"[91, 81, 48, 71, 54, 31, 78, 96, 66, 69]",32.0,0,23.0,23.0,-0.08075996222546468,0.0,0.1755651352727493,0,0.2,4.582935532777532
114,G2_Update_Normalized,96,0,8,0.8830403058330709,"[91, 81, 48, 71, 54, 31, 78, 96, 66, 69]",32.0,0,23.0,23.0,-0.08075996222546468,0.0,0.1755651352727493,0,0.2,4.582935532777532
115,G3_Contribution_Aware,5,0,8,1.2294766217165607,"[5, np.int32(53), np.int32(70), 48, np.int32(44), 47, 68, 17, 72, 90]",27.0,0,25.0,25.0,0.5381274662507265,0.22324255429420575,0.22324255429420575,0,0.0,1.0588832223328908
116,G0_F4_Baseline,2,1,8,0.7457843669877628,"[47, 81, 2, 92, 71, 94, 15, 48, 18, 52]",19.0,0,30.0,30.0,0.02615078103305002,0.0,0.02615078103305002,0,0.6,6.584377317805772
116,G5_Oracle_Victim,2,1,8,0.7457843669877628,"[47, 81, 2, 92, 71, 94, 15, 48, 18, 52]",19.0,0,30.0,30.0,0.02615078103305002,0.0,0.02615078103305002,0,0.6,6.584377317805772
117,G0_F4_Baseline,7,0,8,0.4915935830869268,"[47, 81, 2, 92, 71, 94, 15, 48, 18, 7]",52.0,0,20.0,20.0,-0.04448824269142862,0.0,0.04448824269142862,0,0.6,23.696025737918887
117,G3_Contribution_Aware,11,0,8,1.0913348760211594,"[5, np.int32(53), np.int32(70), 11, np.int32(44), 47, 68, 17, 72, 90]",48.0,0,20.0,20.0,-0.24326528892291943,0.21674088058797708,0.21674088058797708,0,0.0,65.85847842815905
117,G5_Oracle_Victim,7,0,8,0.4915935830869268,"[47, 81, 2, 92, 71, 94, 15, 48, 18, 7]",52.0,0,20.0,20.0,-0.04448824269142862,0.0,0.04448824269142862,0,0.6,23.696025737918887
118,G1_Age_Normalized,7,0,9,0.8786628818357949,"[91, 81, 48, 71, 54, 7, 78, 96, 66, 69]",31.0,0,26.0,26.0,0.031973637298516766,0.0,0.06148776403560916,0,0.2,23.749231303422924
118,G2_Update_Normalized,7,0,9,0.8786628818357949,"[91, 81, 48, 71, 54, 7, 78, 96, 66, 69]",31.0,0,26.0,26.0,0.031973637298516766,0.0,0.06148776403560916,0,0.2,23.749231303422924
119,G1_Age_Normalized,15,1,8,3.3556019844457916,"[15, 81, 48, 71, 54, 7, 78, 96, 66, 69]",91.0,0,43.0,43.0,0.2118132716068239,0.0,0.24629450186839988,0,0.4,2.7041220250380062
119,G2_Update_Normalized,15,1,8,3.3556019844457916,"[15, 81, 48, 71, 54, 7, 78, 96, 66, 69]",91.0,0,43.0,43.0,0.2118132716068239,0.0,0.24629450186839988,0,0.4,2.7041220250380062
120,G3_Contribution_Aware,23,0,8,1.9494813771822326,"[5, np.int32(53), np.int32(70), 11, np.int32(44), 47, 23, 17, 72, 90]",68.0,0,17.0,17.0,0.2798797938909752,0.09612738630520065,0.09612738630520065,0,0.0,9.477412429406517
121,G0_F4_Baseline,25,0,8,1.4097666522207788,"[47, 81, 2, 25, 71, 94, 15, 48, 18, 7]",92.0,0,44.0,44.0,-0.14495382493072387,0.0,0.14495382493072387,0,0.6,5.491804140321213
121,G5_Oracle_Victim,25,0,8,1.4097666522207788,"[47, 81, 2, 25, 71, 94, 15, 48, 18, 7]",92.0,0,44.0,44.0,-0.14495382493072387,0.0,0.14495382493072387,0,0.6,5.491804140321213
122,G0_F4_Baseline,22,0,9,0.8871437720110721,"[47, 81, 2, 25, 71, 94, 15, 22, 18, 7]",48.0,0,26.0,26.0,0.1623208787059589,0.0,0.1623208787059589,0,0.6,0.254963260275558
122,G5_Oracle_Victim,22,0,9,0.8871437720110721,"[47, 81, 2, 25, 71, 94, 15, 22, 18, 7]",48.0,0,26.0,26.0,0.1623208787059589,0.0,0.1623208787059589,0,0.6,0.254963260275558
123,G3_Contribution_Aware,33,1,8,0.4637261490011936,"[5, np.int32(53), np.int32(70), 11, np.int32(44), 47, 23, 17, 33, 90]",72.0,0,19.0,19.0,0.11968301008757717,0.11104951078966013,0.11104951078966013,0,0.2,0.883267576648197
124,G1_Age_Normalized,33,1,8,0.6973303935320195,"[15, 81, 48, 71, 54, 7, 33, 96, 66, 69]",78.0,0,15.0,15.0,-0.04773560937469058,0.0,0.1591186979156353,0,0.6,0.3195778434654946
124,G2_Update_Normalized,33,1,8,0.6973303935320195,"[15, 81, 48, 71, 54, 7, 33, 96, 66, 69]",78.0,0,15.0,15.0,-0.04773560937469058,0.0,0.1591186979156353,0,0.6,0.3195778434654946
125,G1_Age_Normalized,34,0,9,0.5500605209534757,"[15, 81, 48, 71, 54, 7, 33, 96, 66, 34]",69.0,0,20.0,20.0,-0.15477731645924447,0.0,0.38694329114811116,0,0.6,0.0281407207811292
125,G2_Update_Normalized,34,0,9,0.5500605209534757,"[15, 81, 48, 71, 54, 7, 33, 96, 66, 34]",69.0,0,20.0,20.0,-0.15477731645924447,0.0,0.38694329114811116,0,0.6,0.0281407207811292
126,G4_Promotion_Cooldown,12,0,8,0.4024542941337755,"[np.int32(83), np.int32(53), np.int32(70), np.int32(45), np.int32(44), 3, 43, 5, 48, 12]",,0,,,,,,0,0.0,1.0191082300477647
128,G3_Contribution_Aware,55,0,8,0.8003805455169817,"[5, np.int32(53), np.int32(70), 11, np.int32(44), 47, 23, 17, 33, 55]",90.0,0,18.0,18.0,0.6602864417576116,0.20970263879958662,0.20970263879958662,0,0.2,0.3409937465109475
129,G1_Age_Normalized,52,0,8,1.8489879895751453,"[15, 81, 48, 52, 54, 7, 33, 96, 66, 34]",71.0,0,23.0,23.0,0.057058654000788946,0.0,0.12404055217562814,0,0.6,1.7285836554633631
129,G2_Update_Normalized,52,0,8,1.8489879895751453,"[15, 81, 48, 52, 54, 7, 33, 96, 66, 34]",71.0,0,23.0,23.0,0.057058654000788946,0.0,0.12404055217562814,0,0.6,1.7285836554633631
129,G3_Contribution_Aware,57,0,8,0.47598215256849574,"[5, np.int32(53), np.int32(70), 11, np.int32(44), 57, 23, 17, 33, 55]",47.0,0,33.0,33.0,-0.02653648915742629,0.22593926557782507,0.22593926557782507,0,0.2,10.1700570547796
131,G1_Age_Normalized,59,0,8,0.6053960068582295,"[15, 81, 48, 52, 54, 7, 33, 59, 66, 34]",96.0,0,17.0,17.0,-0.15717065177660602,0.0,0.46226662287237064,0,0.6,0.05170827591925244
131,G2_Update_Normalized,59,0,8,0.6053960068582295,"[15, 81, 48, 52, 54, 7, 33, 59, 66, 34]",96.0,0,17.0,17.0,-0.15717065177660602,0.0,0.46226662287237064,0,0.6,0.05170827591925244
133,G0_F4_Baseline,74,0,8,2.053669777217872,"[74, 81, 2, 25, 71, 94, 15, 22, 18, 7]",47.0,0,38.0,38.0,-0.07824660609883574,0.0,0.07824660609883574,0,0.6,3.6814661295339044
133,G3_Contribution_Aware,76,0,8,3.2616827673231343,"[5, np.int32(53), np.int32(70), 76, np.int32(44), 57, 23, 17, 33, 55]",11.0,0,16.0,16.0,-0.20357105106980947,0.09307399037156393,0.09307399037156393,0,0.2,19.892604369654467
133,G5_Oracle_Victim,74,0,8,2.053669777217872,"[74, 81, 2, 25, 71, 94, 15, 22, 18, 7]",47.0,0,38.0,38.0,-0.07824660609883574,0.0,0.07824660609883574,0,0.6,3.6814661295339044
134,G0_F4_Baseline,79,0,8,1.971403159098735,"[74, 81, 2, 25, 71, 94, 15, 22, 18, 79]",7.0,0,17.0,17.0,-0.018919657587389144,0.0,0.018919657587389144,0,0.6,0.8881334511125679
134,G5_Oracle_Victim,79,0,8,1.971403159098735,"[74, 81, 2, 25, 71, 94, 15, 22, 18, 79]",7.0,0,17.0,17.0,-0.018919657587389144,0.0,0.018919657587389144,0,0.6,0.8881334511125679
135,G1_Age_Normalized,74,0,8,1.296042641481653,"[15, 81, 48, 52, 54, 7, 33, 59, 74, 34]",66.0,0,31.0,31.0,0.11836877675614368,0.0,0.19091738186474788,0,0.6,0.355161908918606
135,G2_Update_Normalized,74,0,8,1.296042641481653,"[15, 81, 48, 52, 54, 7, 33, 59, 74, 34]",66.0,0,31.0,31.0,0.11836877675614368,0.0,0.19091738186474788,0,0.6,0.355161908918606
136,G1_Age_Normalized,77,0,8,1.9706737323327086,"[15, 81, 77, 52, 54, 7, 33, 59, 74, 34]",48.0,0,39.0,39.0,0.10244493307513161,0.0,0.13133965778863027,0,0.6,4.746986272752423
136,G2_Update_Normalized,77,0,8,1.9706737323327086,"[15, 81, 77, 52, 54, 7, 33, 59, 74, 34]",48.0,0,39.0,39.0,0.10244493307513161,0.0,0.13133965778863027,0,0.6,4.746986272752423
142,G0_F4_Baseline,4,0,8,0.943091099912805,"[74, 81, 2, 4, 71, 94, 15, 22, 18, 79]",25.0,0,21.0,21.0,0.027336719891353292,0.0,0.027336719891353292,0,0.6,4.128442732540674
142,G3_Contribution_Aware,3,0,8,0.674407584462841,"[3, np.int32(53), np.int32(70), 76, np.int32(44), 57, 23, 17, 33, 55]",5.0,0,27.0,27.0,0.009913688162703237,0.13378415561626544,0.13378415561626544,0,0.2,0.35656875172553354
142,G5_Oracle_Victim,4,0,8,0.943091099912805,"[74, 81, 2, 4, 71, 94, 15, 22, 18, 79]",25.0,0,21.0,21.0,0.027336719891353292,0.0,0.027336719891353292,0,0.6,4.128442732540674
143,G3_Contribution_Aware,4,0,8,0.6177905998042108,"[3, np.int32(53), np.int32(70), 76, np.int32(44), 57, 23, 17, 33, 4]",55.0,0,15.0,15.0,0.5151590795264073,0.15932418659088254,0.15932418659088254,0,0.2,4.619811102461094
145,G1_Age_Normalized,3,0,8,0.8600828213344486,"[15, 81, 77, 52, 54, 7, 33, 59, 74, 3]",34.0,0,20.0,20.0,-0.06754643356266547,0.0,0.16886608390666366,0,0.6,0.4829639718914668
145,G2_Update_Normalized,3,0,8,0.8600828213344486,"[15, 81, 77, 52, 54, 7, 33, 59, 74, 3]",34.0,0,20.0,20.0,-0.06754643356266547,0.0,0.16886608390666366,0,0.6,0.4829639718914668
146,G4_Promotion_Cooldown,50,0,16,0.9732514934712181,"[np.int32(83), np.int32(53), np.int32(70), np.int32(45), np.int32(44), 3, 43, 50, 48, 12]",5.0,0,62.0,62.0,0.0003738401153343153,0.0,0.0003738401153343153,0,0.0,0.25016401519479015
156,G0_F4_Baseline,65,0,8,1.5181681084894048,"[74, 81, 2, 4, 71, 94, 15, 22, 65, 79]",18.0,0,71.0,71.0,0.06495927380683339,0.0,0.06495927380683339,0,0.6,2.4038869698085774
156,G3_Contribution_Aware,65,0,8,0.8596822097073046,"[3, np.int32(53), np.int32(70), 65, np.int32(44), 57, 23, 17, 33, 4]",76.0,0,23.0,23.0,0.1687064927700236,0.18428860319472673,0.18428860319472673,0,0.2,16.705600862253288
156,G5_Oracle_Victim,65,0,8,1.5181681084894048,"[74, 81, 2, 4, 71, 94, 15, 22, 65, 79]",18.0,0,71.0,71.0,0.06495927380683339,0.0,0.06495927380683339,0,0.6,2.4038869698085774
158,G1_Age_Normalized,79,0,8,1.2126162328407877,"[15, 81, 79, 52, 54, 7, 33, 59, 74, 3]",77.0,0,22.0,22.0,0.04674695854850229,0.0,0.10624308761023248,0,0.6,0.5617599600793773
158,G2_Update_Normalized,79,0,8,1.2126162328407877,"[15, 81, 79, 52, 54, 7, 33, 59, 74, 3]",77.0,0,22.0,22.0,0.04674695854850229,0.0,0.10624308761023248,0,0.6,0.5617599600793773
159,G0_F4_Baseline,87,0,8,1.0361862550718712,"[74, 81, 2, 4, 87, 94, 15, 22, 65, 79]",71.0,0,54.0,54.0,-0.06468446886000671,0.0,0.06468446886000671,0,0.6,0.35025311060459846
159,G1_Age_Normalized,65,0,9,0.40704778884526366,"[15, 81, 79, 52, 65, 7, 33, 59, 74, 3]",54.0,0,60.0,60.0,-0.1697205996618713,0.0,0.1697205996618713,0,0.6,5.209522993119024
159,G2_Update_Normalized,65,0,9,0.40704778884526366,"[15, 81, 79, 52, 65, 7, 33, 59, 74, 3]",54.0,0,60.0,60.0,-0.1697205996618713,0.0,0.1697205996618713,0,0.6,5.209522993119024
159,G5_Oracle_Victim,87,0,8,1.0361862550718712,"[74, 81, 2, 4, 87, 94, 15, 22, 65, 79]",71.0,0,54.0,54.0,-0.06468446886000671,0.0,0.06468446886000671,0,0.6,0.35025311060459846
160,G3_Contribution_Aware,81,1,8,1.2244040572835075,"[81, np.int32(53), np.int32(70), 65, np.int32(44), 57, 23, 17, 33, 4]",3.0,0,18.0,18.0,-0.09178095980045259,0.12615764879717237,0.12615764879717237,0,0.4,21.63625939747077
164,G1_Age_Normalized,83,0,10,0.40282236076414635,"[15, 81, 79, 52, 65, 7, 33, 59, 83, 3]",74.0,0,29.0,29.0,0.020000943369867963,0.0,0.03448438512046201,0,0.6,20.260994021225333
164,G2_Update_Normalized,83,0,10,0.40282236076414635,"[15, 81, 79, 52, 65, 7, 33, 59, 83, 3]",74.0,0,29.0,29.0,0.020000943369867963,0.0,0.03448438512046201,0,0.6,20.260994021225333
167,G1_Age_Normalized,0,0,8,0.6100434856489582,"[15, 81, 79, 52, 65, 7, 33, 0, 83, 3]",59.0,0,36.0,36.0,-0.19777541857376132,0.0,0.27468808135244627,0,0.6,6.496574779188313
167,G2_Update_Normalized,0,0,8,0.6100434856489582,"[15, 81, 79, 52, 65, 7, 33, 0, 83, 3]",59.0,0,36.0,36.0,-0.19777541857376132,0.0,0.27468808135244627,0,0.6,6.496574779188313
167,G3_Contribution_Aware,16,0,8,1.8300311402241396,"[81, np.int32(53), np.int32(70), 65, np.int32(44), 16, 23, 17, 33, 4]",57.0,0,38.0,38.0,-0.1120564313029416,0.20849759709203022,0.20849759709203022,0,0.4,0.012271288021905828
168,G3_Contribution_Aware,15,1,8,2.471700597298059,"[81, np.int32(53), np.int32(70), 65, 15, 16, 23, 17, 33, 4]",44.0,0,168.0,168.0,0.1320607073209882,0.26366380907582704,0.26366380907582704,0,0.6,8.260063987005733
169,G1_Age_Normalized,9,0,8,0.6717789326437618,"[15, 81, 79, 9, 65, 7, 33, 0, 83, 3]",52.0,0,40.0,40.0,0.24363525296168667,0.0,0.30454406620210833,0,0.6,3.867343835398778
169,G2_Update_Normalized,9,0,8,0.6717789326437618,"[15, 81, 79, 9, 65, 7, 33, 0, 83, 3]",52.0,0,40.0,40.0,0.24363525296168667,0.0,0.30454406620210833,0,0.6,3.867343835398778
169,G3_Contribution_Aware,21,0,9,2.2448650811326782,"[81, np.int32(53), np.int32(70), 65, 15, 16, 21, 17, 33, 4]",23.0,0,49.0,49.0,0.4831719042729833,0.28215035389845833,0.28215035389845833,0,0.6,4.023729060368146
171,G0_F4_Baseline,31,0,8,0.4335699144910877,"[74, 81, 2, 4, 87, 94, 15, 22, 65, 31]",79.0,0,37.0,37.0,0.0918407094247595,0.0,0.0918407094247595,0,0.6,0.6230414690200469
171,G5_Oracle_Victim,31,0,8,0.4335699144910877,"[74, 81, 2, 4, 87, 94, 15, 22, 65, 31]",79.0,0,37.0,37.0,0.0918407094247595,0.0,0.0918407094247595,0,0.6,0.6230414690200469
174,G1_Age_Normalized,24,0,8,1.4077952879798568,"[15, 81, 79, 9, 65, 24, 33, 0, 83, 3]",7.0,0,56.0,56.0,0.17539485009287703,0.0,0.17539485009287703,0,0.6,6.557036212378011
174,G2_Update_Normalized,24,0,8,1.4077952879798568,"[15, 81, 79, 9, 65, 24, 33, 0, 83, 3]",7.0,0,56.0,56.0,0.17539485009287703,0.0,0.17539485009287703,0,0.6,6.557036212378011
176,G3_Contribution_Aware,45,0,8,0.8717870016758079,"[45, np.int32(53), np.int32(70), 65, 15, 16, 21, 17, 33, 4]",81.0,1,16.0,16.0,-0.036868854321343014,0.03970825470599056,0.03970825470599056,0,0.4,3.969061796250928
177,G3_Contribution_Aware,46,0,8,2.1729942121680086,"[45, np.int32(53), np.int32(70), 46, 15, 16, 21, 17, 33, 4]",65.0,0,21.0,21.0,0.37842646861317736,0.1721310367212444,0.1721310367212444,0,0.4,1.9717188822213696
177,G4_Promotion_Cooldown,79,0,8,1.5670125544982916,"[np.int32(83), np.int32(53), np.int32(70), np.int32(45), 79, 3, 43, 50, 48, 12]",44.0,0,177.0,177.0,-0.04957945922242934,0.0,0.04957945922242934,0,0.0,2.3455234000662175
178,G1_Age_Normalized,32,0,8,1.2922876371164986,"[15, 81, 32, 9, 65, 24, 33, 0, 83, 3]",79.0,0,20.0,20.0,-0.034267009909127774,0.0,0.08566752477281943,0,0.6,0.19557884066664222
178,G2_Update_Normalized,32,0,8,1.2922876371164986,"[15, 81, 32, 9, 65, 24, 33, 0, 83, 3]",79.0,0,20.0,20.0,-0.034267009909127774,0.0,0.08566752477281943,0,0.6,0.19557884066664222
178,G3_Contribution_Aware,48,0,9,0.8515329644616114,"[45, 48, np.int32(70), 46, 15, 16, 21, 17, 33, 4]",53.0,0,178.0,178.0,0.550392984841727,0.33934534814002526,0.33934534814002526,0,0.4,3.7496768832237324
180,G0_F4_Baseline,69,0,8,0.6894777989575154,"[74, 81, 2, 4, 87, 94, 15, 22, 69, 31]",65.0,0,24.0,24.0,0.02445922340366249,0.0,0.02445922340366249,0,0.6,0.006076811876508821
180,G5_Oracle_Victim,69,0,8,0.6894777989575154,"[74, 81, 2, 4, 87, 94, 15, 22, 69, 31]",65.0,0,24.0,24.0,0.02445922340366249,0.0,0.02445922340366249,0,0.6,0.006076811876508821
181,G0_F4_Baseline,72,0,8,0.4561121375324143,"[74, 81, 2, 4, 72, 94, 15, 22, 69, 31]",87.0,0,22.0,22.0,0.1160020428943345,0.0,0.1160020428943345,0,0.6,0.3265988388122444
181,G5_Oracle_Victim,72,0,8,0.4561121375324143,"[74, 81, 2, 4, 72, 94, 15, 22, 69, 31]",87.0,0,22.0,22.0,0.1160020428943345,0.0,0.1160020428943345,0,0.6,0.3265988388122444
184,G0_F4_Baseline,84,0,8,1.3707979290807506,"[74, 81, 2, 4, 72, 84, 15, 22, 69, 31]",94.0,0,71.0,71.0,0.2928174362002576,0.0,0.2928174362002576,0,0.6,0.46461446776708415
184,G5_Oracle_Victim,84,0,8,1.3707979290807506,"[74, 81, 2, 4, 72, 84, 15, 22, 69, 31]",94.0,0,71.0,71.0,0.2928174362002576,0.0,0.2928174362002576,0,0.6,0.46461446776708415
185,G0_F4_Baseline,5,0,8,0.7158058914196614,"[74, 81, 2, 5, 72, 84, 15, 22, 69, 31]",4.0,0,43.0,43.0,0.3170116486704276,0.0,0.3170116486704276,0,0.6,0.0664257987165032
185,G5_Oracle_Victim,5,0,8,0.7158058914196614,"[74, 81, 2, 5, 72, 84, 15, 22, 69, 31]",4.0,0,43.0,43.0,0.3170116486704276,0.0,0.3170116486704276,0,0.6,0.0664257987165032
187,G0_F4_Baseline,11,0,8,0.5277455598484764,"[74, 81, 2, 5, 72, 84, 15, 22, 69, 11]",31.0,0,16.0,16.0,0.18054968519192016,0.0,0.18054968519192016,0,0.6,2.0401266552445914
187,G5_Oracle_Victim,11,0,8,0.5277455598484764,"[74, 81, 2, 5, 72, 84, 15, 22, 69, 11]",31.0,0,16.0,16.0,0.18054968519192016,0.0,0.18054968519192016,0,0.6,2.0401266552445914
188,G0_F4_Baseline,12,0,8,0.5365701874011357,"[74, 81, 2, 5, 72, 84, 15, 12, 69, 11]",22.0,0,66.0,66.0,0.2646868512467921,0.0,0.2646868512467921,0,0.6,0.06093419336272373
188,G5_Oracle_Victim,12,0,8,0.5365701874011357,"[74, 81, 2, 5, 72, 84, 15, 12, 69, 11]",22.0,0,66.0,66.0,0.2646868512467921,0.0,0.2646868512467921,0,0.6,0.06093419336272373
189,G0_F4_Baseline,6,0,8,0.8454626633449618,"[6, 81, 2, 5, 72, 84, 15, 12, 69, 11]",74.0,0,56.0,56.0,0.5173478712825978,0.0,0.5173478712825978,0,0.6,0.8733657661212663
189,G5_Oracle_Victim,6,0,8,0.8454626633449618,"[6, 81, 2, 5, 72, 84, 15, 12, 69, 11]",74.0,0,56.0,56.0,0.5173478712825978,0.0,0.5173478712825978,0,0.6,0.8733657661212663
190,G3_Contribution_Aware,2,1,8,1.666740774948784,"[45, 48, np.int32(70), 46, 15, 16, 2, 17, 33, 4]",21.0,0,21.0,21.0,-0.5507404906124018,0.15552171664107228,0.15552171664107228,0,0.6,1.1966024899191587
191,G1_Age_Normalized,2,1,8,0.8019886133849492,"[15, 81, 32, 9, 2, 24, 33, 0, 83, 3]",65.0,0,32.0,32.0,0.025454933733222804,0.0,0.03977333395816063,0,0.8,0.5212797541712163
191,G2_Update_Normalized,2,1,8,0.8019886133849492,"[15, 81, 32, 9, 2, 24, 33, 0, 83, 3]",65.0,0,32.0,32.0,0.025454933733222804,0.0,0.03977333395816063,0,0.8,0.5212797541712163
191,G3_Contribution_Aware,7,0,8,0.4323268579495962,"[45, 48, np.int32(70), 46, 15, 7, 2, 17, 33, 4]",16.0,0,24.0,24.0,-0.05104901423238228,0.15096840426872954,0.15096840426872954,0,0.6,4.908686263249213
192,G1_Age_Normalized,6,0,8,0.4113249300348875,"[15, 81, 32, 9, 2, 24, 33, 0, 83, 6]",3.0,0,47.0,47.0,0.1819634251613686,0.0,0.1935781118737964,0,0.8,0.5614596720128127
192,G2_Update_Normalized,6,0,8,0.4113249300348875,"[15, 81, 32, 9, 2, 24, 33, 0, 83, 6]",3.0,0,47.0,47.0,0.1819634251613686,0.0,0.1935781118737964,0,0.8,0.5614596720128127
192,G3_Contribution_Aware,8,0,8,0.4737694000688726,"[45, 48, np.int32(70), 8, 15, 7, 2, 17, 33, 4]",46.0,0,15.0,15.0,0.3744038079295741,0.13593635998505146,0.13593635998505146,0,0.6,1.3835493260310103
193,G0_F4_Baseline,32,0,8,1.277546221218954,"[6, 81, 2, 5, 72, 84, 32, 12, 69, 11]",15.0,1,109.0,109.0,-1.0575702639019098,0.0,1.0575702639019098,0,0.4,0.35846584306753604
193,G1_Age_Normalized,13,0,8,0.8494802063056146,"[15, 81, 32, 9, 2, 24, 33, 0, 13, 6]",83.0,0,29.0,29.0,0.21045465547234643,0.0,0.3628528542626663,0,0.8,2.9123911554301984
193,G2_Update_Normalized,13,0,8,0.8494802063056146,"[15, 81, 32, 9, 2, 24, 33, 0, 13, 6]",83.0,0,29.0,29.0,0.21045465547234643,0.0,0.3628528542626663,0,0.8,2.9123911554301984
193,G3_Contribution_Aware,12,0,8,0.48012372302387796,"[45, 12, np.int32(70), 8, 15, 7, 2, 17, 33, 4]",48.0,0,15.0,15.0,0.2787828592836477,0.11087721257112397,0.11087721257112397,0,0.6,4.069011007798046
193,G5_Oracle_Victim,32,0,8,1.277546221218954,"[6, 81, 2, 5, 72, 84, 32, 12, 69, 11]",15.0,1,109.0,109.0,-1.0575702639019098,0.0,1.0575702639019098,0,0.4,0.35846584306753604
194,G1_Age_Normalized,17,0,8,0.7494982593167935,"[15, 81, 17, 9, 2, 24, 33, 0, 13, 6]",32.0,0,16.0,16.0,-0.09164732544092001,0.0,0.286397892002875,0,0.8,0.2428459726035156
194,G2_Update_Normalized,17,0,8,0.7494982593167935,"[15, 81, 17, 9, 2, 24, 33, 0, 13, 6]",32.0,0,16.0,16.0,-0.09164732544092001,0.0,0.286397892002875,0,0.8,0.2428459726035156
195,G0_F4_Baseline,29,0,11,0.6571105794018665,"[6, 81, 2, 5, 72, 84, 32, 12, 29, 11]",69.0,0,15.0,15.0,-0.08336735177797028,0.0,0.08336735177797028,0,0.4,0.0677095749423774
195,G1_Age_Normalized,20,0,8,0.46994113120431713,"[15, 81, 17, 9, 2, 24, 33, 20, 13, 6]",0.0,0,28.0,28.0,0.1456021793542331,0.0,0.2600038917039877,0,0.8,1.6305509859744896
195,G2_Update_Normalized,20,0,8,0.46994113120431713,"[15, 81, 17, 9, 2, 24, 33, 20, 13, 6]",0.0,0,28.0,28.0,0.1456021793542331,0.0,0.2600038917039877,0,0.8,1.6305509859744896
195,G5_Oracle_Victim,29,0,11,0.6571105794018665,"[6, 81, 2, 5, 72, 84, 32, 12, 29, 11]",69.0,0,15.0,15.0,-0.08336735177797028,0.0,0.08336735177797028,0,0.4,0.0677095749423774
197,G1_Age_Normalized,27,0,8,0.7849477841868813,"[15, 81, 17, 9, 2, 27, 33, 20, 13, 6]",24.0,0,23.0,23.0,0.05207679926137447,0.0,0.11321043317690102,0,0.8,5.392965736828126
197,G2_Update_Normalized,27,0,8,0.7849477841868813,"[15, 81, 17, 9, 2, 27, 33, 20, 13, 6]",24.0,0,23.0,23.0,0.05207679926137447,0.0,0.11321043317690102,0,0.8,5.392965736828126
197,G3_Contribution_Aware,25,0,8,0.8593273192885323,"[25, 12, np.int32(70), 8, 15, 7, 2, 17, 33, 4]",45.0,0,21.0,21.0,-0.4846173272079002,0.2795879103219625,0.2795879103219625,0,0.6,3.6225940945257653
197,G4_Promotion_Cooldown,7,0,14,0.7772003744998763,"[np.int32(83), np.int32(53), np.int32(70), np.int32(45), 7, 3, 43, 50, 48, 12]",79.0,0,20.0,20.0,-0.06758147996459843,0.0,0.06758147996459843,0,0.0,4.770399029300972
198,G0_F4_Baseline,50,0,8,0.8080958413285265,"[6, 81, 2, 5, 50, 84, 32, 12, 29, 11]",72.0,0,17.0,17.0,-0.3050529903632034,0.0,0.3050529903632034,0,0.4,4.089711339614424
198,G1_Age_Normalized,16,0,8,1.4430924772422349,"[15, 81, 17, 9, 2, 27, 16, 20, 13, 6]",33.0,1,74.0,74.0,0.3621337663257915,0.0,0.3621337663257915,0,0.6,2.1422505030830163
198,G2_Update_Normalized,16,0,8,1.4430924772422349,"[15, 81, 17, 9, 2, 27, 16, 20, 13, 6]",33.0,1,74.0,74.0,0.3621337663257915,0.0,0.3621337663257915,0,0.6,2.1422505030830163
198,G5_Oracle_Victim,50,0,8,0.8080958413285265,"[6, 81, 2, 5, 50, 84, 32, 12, 29, 11]",72.0,0,17.0,17.0,-0.3050529903632034,0.0,0.3050529903632034,0,0.4,4.089711339614424
199,G0_F4_Baseline,54,0,8,0.9643718133959006,"[6, 81, 2, 5, 50, 54, 32, 12, 29, 11]",84.0,0,15.0,15.0,-0.23847812980171298,0.0,0.23847812980171298,0,0.4,0.3939774401917005
199,G1_Age_Normalized,19,0,8,1.0221959234119828,"[15, 81, 17, 19, 2, 27, 16, 20, 13, 6]",9.0,0,30.0,30.0,0.2950650074167546,0.0,0.4917750123612577,0,0.6,0.17848324500029192
199,G2_Update_Normalized,19,0,8,1.0221959234119828,"[15, 81, 17, 19, 2, 27, 16, 20, 13, 6]",9.0,0,30.0,30.0,0.2950650074167546,0.0,0.4917750123612577,0,0.6,0.17848324500029192
199,G5_Oracle_Victim,54,0,8,0.9643718133959006,"[6, 81, 2, 5, 50, 54, 32, 12, 29, 11]",84.0,0,15.0,15.0,-0.23847812980171298,0.0,0.23847812980171298,0,0.4,0.3939774401917005
200,G1_Age_Normalized,26,0,8,0.8889324443523983,"[26, 81, 17, 19, 2, 27, 16, 20, 13, 6]",15.0,1,81.0,81.0,-0.5444690148082446,0.0,0.5444690148082446,0,0.4,2.447411203691166
200,G2_Update_Normalized,26,0,8,0.8889324443523983,"[26, 81, 17, 19, 2, 27, 16, 20, 13, 6]",15.0,1,81.0,81.0,-0.5444690148082446,0.0,0.5444690148082446,0,0.4,2.447411203691166
200,G3_Contribution_Aware,22,0,8,2.142591231880878,"[25, 12, np.int32(70), 8, 15, 7, 2, 22, 33, 4]",17.0,0,115.0,115.0,0.0343220655600142,0.2762896781802085,0.2762896781802085,0,0.6,4.414826369003455
201,G0_F4_Baseline,57,0,8,1.502795273929823,"[6, 81, 2, 57, 50, 54, 32, 12, 29, 11]",5.0,0,16.0,16.0,-0.21516843969759467,0.0,0.21516843969759467,0,0.4,10.354573844774363
201,G3_Contribution_Aware,32,0,8,1.7830836677958528,"[25, 12, np.int32(70), 8, 15, 7, 2, 22, 33, 32]",4.0,0,58.0,58.0,0.24522193520030025,0.3003201155747928,0.3003201155747928,0,0.6,7.531411325328276
201,G5_Oracle_Victim,57,0,8,1.502795273929823,"[6, 81, 2, 57, 50, 54, 32, 12, 29, 11]",5.0,0,16.0,16.0,-0.21516843969759467,0.0,0.21516843969759467,0,0.4,10.354573844774363
202,G0_F4_Baseline,58,1,9,1.358506641907423,"[6, 81, 2, 57, 50, 54, 32, 12, 29, 58]",11.0,0,15.0,15.0,0.09791132327580938,0.0,0.09791132327580938,0,0.6,4.105718049430836
202,G3_Contribution_Aware,24,0,10,0.9406303828607778,"[25, 12, np.int32(70), 8, 24, 7, 2, 22, 33, 32]",15.0,1,34.0,34.0,-0.3915895004929516,0.33452193628253163,0.33452193628253163,0,0.4,4.460820611529074
202,G5_Oracle_Victim,58,1,9,1.358506641907423,"[6, 81, 2, 57, 50, 54, 32, 12, 29, 58]",11.0,0,15.0,15.0,0.09791132327580938,0.0,0.09791132327580938,0,0.6,4.105718049430836
203,G3_Contribution_Aware,40,0,8,0.5151314438750678,"[25, 12, 40, 8, 24, 7, 2, 22, 33, 32]",70.0,0,203.0,203.0,-0.42918651881560727,0.35860482596089704,0.35860482596089704,0,0.4,0.3641012089987442
205,G3_Contribution_Aware,49,0,8,0.49587531647329,"[25, 12, 40, 8, 24, 7, 49, 22, 33, 32]",2.0,1,15.0,15.0,0.9579411192062441,0.15089293697660872,0.15089293697660872,0,0.2,19.04754500371493
206,G3_Contribution_Aware,50,0,8,0.7463826850937241,"[25, 12, 40, 8, 24, 50, 49, 22, 33, 32]",7.0,0,15.0,15.0,-0.01662175430017626,0.031828574373742195,0.031828574373742195,0,0.2,12.204782169279902
207,G3_Contribution_Aware,58,1,8,1.708965207192466,"[25, 12, 40, 58, 24, 50, 49, 22, 33, 32]",8.0,0,15.0,15.0,-0.4038515683525739,0.14592522657479923,0.14592522657479923,0,0.4,1.4694935168342276
208,G0_F4_Baseline,73,0,8,1.9971014344447107,"[6, 81, 2, 57, 50, 54, 32, 73, 29, 58]",12.0,0,20.0,20.0,-0.04211463324522261,0.0,0.04211463324522261,0,0.6,0.0002672888042482226
208,G1_Age_Normalized,34,0,11,0.7230233136835306,"[26, 81, 17, 19, 2, 27, 16, 20, 34, 6]",13.0,0,15.0,15.0,0.1927222221713736,0.0,0.642407407237912,0,0.4,0.03147191268461891
208,G2_Update_Normalized,34,0,11,0.7230233136835306,"[26, 81, 17, 19, 2, 27, 16, 20, 34, 6]",13.0,0,15.0,15.0,0.1927222221713736,0.0,0.642407407237912,0,0.4,0.03147191268461891
208,G3_Contribution_Aware,63,0,8,1.8419671415506207,"[25, 63, 40, 58, 24, 50, 49, 22, 33, 32]",12.0,0,15.0,15.0,0.11074765706681158,0.03377291534469664,0.03377291534469664,0,0.4,0.034762186229758116
208,G5_Oracle_Victim,73,0,8,1.9971014344447107,"[6, 81, 2, 57, 50, 54, 32, 73, 29, 58]",12.0,0,20.0,20.0,-0.04211463324522261,0.0,0.04211463324522261,0,0.6,0.0002672888042482226
209,G0_F4_Baseline,77,0,8,1.2151725320603672,"[6, 81, 2, 57, 50, 54, 77, 73, 29, 58]",32.0,0,16.0,16.0,0.4576059138547437,0.0,0.4576059138547437,0,0.6,7.368458445432955
209,G1_Age_Normalized,57,0,8,1.3025839631312597,"[26, 81, 57, 19, 2, 27, 16, 20, 34, 6]",17.0,0,15.0,15.0,-0.09202902187084962,0.0,0.3067634062361654,0,0.4,15.321804809968146
209,G2_Update_Normalized,57,0,8,1.3025839631312597,"[26, 81, 57, 19, 2, 27, 16, 20, 34, 6]",17.0,0,15.0,15.0,-0.09202902187084962,0.0,0.3067634062361654,0,0.4,15.321804809968146
209,G3_Contribution_Aware,64,0,8,1.5599144363896555,"[25, 63, 40, 58, 24, 50, 49, 22, 64, 32]",33.0,1,86.0,86.0,0.8046714311961399,0.681552129644071,0.681552129644071,0,0.2,31.384129511105893
209,G5_Oracle_Victim,77,0,8,1.2151725320603672,"[6, 81, 2, 57, 50, 54, 77, 73, 29, 58]",32.0,0,16.0,16.0,0.4576059138547437,0.0,0.4576059138547437,0,0.6,7.368458445432955
210,G0_F4_Baseline,63,0,9,0.670420989987293,"[63, 81, 2, 57, 50, 54, 77, 73, 29, 58]",6.0,0,21.0,21.0,-0.14134151059546662,0.0,0.14134151059546662,0,0.6,10.673038493281416
210,G1_Age_Normalized,62,0,8,1.8713225400167426,"[26, 81, 57, 19, 2, 27, 16, 20, 34, 62]",6.0,0,18.0,18.0,0.2287802134965778,0.0,0.6355005930460494,0,0.4,29.655658936295616
210,G2_Update_Normalized,62,0,8,1.8713225400167426,"[26, 81, 57, 19, 2, 27, 16, 20, 34, 62]",6.0,0,18.0,18.0,0.2287802134965778,0.0,0.6355005930460494,0,0.4,29.655658936295616
210,G5_Oracle_Victim,63,0,9,0.670420989987293,"[63, 81, 2, 57, 50, 54, 77, 73, 29, 58]",6.0,0,21.0,21.0,-0.14134151059546662,0.0,0.14134151059546662,0,0.6,10.673038493281416
211,G1_Age_Normalized,40,0,18,0.9715623664620404,"[26, 81, 57, 19, 2, 27, 16, 40, 34, 62]",20.0,0,16.0,16.0,-0.2920081147683725,0.0,0.9125253586511641,0,0.4,0.034410591315974966
211,G2_Update_Normalized,40,0,18,0.9715623664620404,"[26, 81, 57, 19, 2, 27, 16, 40, 34, 62]",20.0,0,16.0,16.0,-0.2920081147683725,0.0,0.9125253586511641,0,0.4,0.034410591315974966
212,G3_Contribution_Aware,55,0,8,0.849900945588933,"[55, 63, 40, 58, 24, 50, 49, 22, 64, 32]",25.0,0,15.0,15.0,-0.14654608627123514,0.1274957269565957,0.1274957269565957,0,0.2,6.650358066229182
213,G0_F4_Baseline,76,0,8,1.5096592498291843,"[63, 81, 2, 57, 76, 54, 77, 73, 29, 58]",50.0,0,15.0,15.0,-0.028743754410627764,0.0,0.028743754410627764,0,0.6,0.1628673041365747
213,G5_Oracle_Victim,76,0,8,1.5096592498291843,"[63, 81, 2, 57, 76, 54, 77, 73, 29, 58]",50.0,0,15.0,15.0,-0.028743754410627764,0.0,0.028743754410627764,0,0.6,0.1628673041365747
214,G0_F4_Baseline,1,0,9,1.1778362723026246,"[63, 81, 2, 57, 76, 1, 77, 73, 29, 58]",54.0,0,15.0,15.0,0.5860532713970633,0.0,0.5860532713970633,0,0.6,2.1255016478276727
214,G1_Age_Normalized,73,0,8,1.42853738185456,"[26, 81, 57, 19, 2, 73, 16, 40, 34, 62]",27.0,0,17.0,17.0,0.06489779807527593,0.0,0.19087587669198802,0,0.4,2.346401186365071
214,G2_Update_Normalized,73,0,8,1.42853738185456,"[26, 81, 57, 19, 2, 73, 16, 40, 34, 62]",27.0,0,17.0,17.0,0.06489779807527593,0.0,0.19087587669198802,0,0.4,2.346401186365071
214,G5_Oracle_Victim,1,0,9,1.1778362723026246,"[63, 81, 2, 57, 76, 1, 77, 73, 29, 58]",54.0,0,15.0,15.0,0.5860532713970633,0.0,0.5860532713970633,0,0.6,2.1255016478276727
215,G1_Age_Normalized,80,0,8,0.45854319835843704,"[26, 81, 57, 80, 2, 73, 16, 40, 34, 62]",19.0,0,16.0,16.0,-0.08602168872191406,0.0,0.26881777725598144,0,0.4,1.2423390156828948
215,G2_Update_Normalized,80,0,8,0.45854319835843704,"[26, 81, 57, 80, 2, 73, 16, 40, 34, 62]",19.0,0,16.0,16.0,-0.08602168872191406,0.0,0.26881777725598144,0,0.4,1.2423390156828948
215,G3_Contribution_Aware,82,0,8,2.589340403168957,"[55, 63, 40, 58, 24, 50, 49, 82, 64, 32]",22.0,0,15.0,15.0,-0.1412160848952918,0.12935815591160807,0.12935815591160807,0,0.2,0.21400030349047627
216,G3_Contribution_Aware,77,0,10,2.0011857896780882,"[55, 63, 40, 58, 24, 50, 49, 82, 64, 77]",32.0,0,15.0,15.0,-0.19435182538423784,0.1434259989254092,0.1434259989254092,0,0.2,2.3445554144829686
217,G1_Age_Normalized,89,0,8,0.5534084307975125,"[89, 81, 57, 80, 2, 73, 16, 40, 34, 62]",26.0,0,17.0,17.0,-0.10543767032111848,0.0,0.31011079506211314,0,0.4,0.2705018896641132
217,G2_Update_Normalized,89,0,8,0.5534084307975125,"[89, 81, 57, 80, 2, 73, 16, 40, 34, 62]",26.0,0,17.0,17.0,-0.10543767032111848,0.0,0.31011079506211314,0,0.4,0.2705018896641132
217,G3_Contribution_Aware,87,0,8,1.983551561268424,"[55, 63, 40, 58, 87, 50, 49, 82, 64, 77]",24.0,0,15.0,15.0,-0.27828291659408383,0.13712121210696096,0.13712121210696096,0,0.2,1.6562759100007138
217,G4_Promotion_Cooldown,96,0,11,1.0441717625381757,"[np.int32(83), np.int32(53), np.int32(70), 96, 7, 3, 43, 50, 48, 12]",45.0,0,217.0,217.0,-0.2662241263893882,0.0,0.2662241263893882,0,0.0,4.10586473654788
218,G1_Age_Normalized,94,0,8,0.5784743418477751,"[89, 81, 57, 80, 2, 73, 94, 40, 34, 62]",16.0,0,20.0,20.0,-0.21114803090600212,0.0,0.5278700772650052,0,0.4,0.47275829228970134
218,G2_Update_Normalized,94,0,8,0.5784743418477751,"[89, 81, 57, 80, 2, 73, 94, 40, 34, 62]",16.0,0,20.0,20.0,-0.21114803090600212,0.0,0.5278700772650052,0,0.4,0.47275829228970134
218,G3_Contribution_Aware,93,0,8,0.6226775536120568,"[55, 63, 93, 58, 87, 50, 49, 82, 64, 77]",40.0,0,15.0,15.0,1.090038614353219,0.41224627213318343,0.41224627213318343,0,0.2,0.02347911700436541
219,G0_F4_Baseline,20,0,9,0.47113033820391803,"[63, 81, 2, 20, 76, 1, 77, 73, 29, 58]",57.0,0,18.0,18.0,-0.25069573571638737,0.0,0.25069573571638737,0,0.6,0.9841307914546452
219,G5_Oracle_Victim,20,0,9,0.47113033820391803,"[63, 81, 2, 20, 76, 1, 77, 73, 29, 58]",57.0,0,18.0,18.0,-0.25069573571638737,0.0,0.25069573571638737,0,0.6,0.9841307914546452
220,G0_F4_Baseline,27,0,9,0.630367065150697,"[63, 81, 2, 20, 76, 1, 77, 73, 27, 58]",29.0,0,25.0,25.0,-0.47141801180582765,0.0,0.47141801180582765,0,0.6,0.9210778695464993
220,G5_Oracle_Victim,27,0,9,0.630367065150697,"[63, 81, 2, 20, 76, 1, 77, 73, 27, 58]",29.0,0,25.0,25.0,-0.47141801180582765,0.0,0.47141801180582765,0,0.6,0.9210778695464993
221,G0_F4_Baseline,34,0,9,0.8998775870931682,"[63, 81, 2, 20, 76, 1, 77, 73, 27, 34]",58.0,1,19.0,19.0,-0.6756100056332,0.0,0.6756100056332,0,0.4,1.7167379386803963
221,G5_Oracle_Victim,34,0,9,0.8998775870931682,"[63, 81, 2, 20, 76, 1, 77, 73, 27, 34]",58.0,1,19.0,19.0,-0.6756100056332,0.0,0.6756100056332,0,0.4,1.7167379386803963
223,G1_Age_Normalized,88,0,11,0.8491837399685002,"[89, 81, 57, 80, 2, 73, 94, 40, 88, 62]",34.0,0,15.0,15.0,-0.12084925849854923,0.0,0.4028308616618308,0,0.4,0.5844093027744797
223,G2_Update_Normalized,88,0,11,0.8491837399685002,"[89, 81, 57, 80, 2, 73, 94, 40, 88, 62]",34.0,0,15.0,15.0,-0.12084925849854923,0.0,0.4028308616618308,0,0.4,0.5844093027744797
224,G1_Age_Normalized,87,0,16,0.7105999511302444,"[89, 81, 87, 80, 2, 73, 94, 40, 88, 62]",57.0,0,15.0,15.0,0.053042364722951915,0.0,0.17680788240983972,0,0.4,0.21924303358601713
224,G2_Update_Normalized,87,0,16,0.7105999511302444,"[89, 81, 87, 80, 2, 73, 94, 40, 88, 62]",57.0,0,15.0,15.0,0.053042364722951915,0.0,0.17680788240983972,0,0.4,0.21924303358601713
225,G0_F4_Baseline,25,0,8,1.2817182490114774,"[63, 81, 2, 20, 76, 1, 25, 73, 27, 34]",77.0,0,16.0,16.0,0.022092577994297778,0.0,0.022092577994297778,0,0.4,0.7409239920720639
225,G5_Oracle_Victim,25,0,8,1.2817182490114774,"[63, 81, 2, 20, 76, 1, 25, 73, 27, 34]",77.0,0,16.0,16.0,0.022092577994297778,0.0,0.022092577994297778,0,0.4,0.7409239920720639
226,G0_F4_Baseline,49,0,9,0.652561331271338,"[63, 81, 2, 20, 76, 1, 25, 49, 27, 34]",73.0,0,18.0,18.0,0.008793836819774775,0.0,0.008793836819774775,0,0.4,6.612713135588449
226,G1_Age_Normalized,18,0,9,0.5793554894313994,"[89, 81, 87, 80, 2, 73, 94, 18, 88, 62]",40.0,0,15.0,15.0,0.15758702707211314,0.0,0.5252900902403772,0,0.4,8.689685976023442
226,G2_Update_Normalized,18,0,9,0.5793554894313994,"[89, 81, 87, 80, 2, 73, 94, 18, 88, 62]",40.0,0,15.0,15.0,0.15758702707211314,0.0,0.5252900902403772,0,0.4,8.689685976023442
226,G5_Oracle_Victim,49,0,9,0.652561331271338,"[63, 81, 2, 20, 76, 1, 25, 49, 27, 34]",73.0,0,18.0,18.0,0.008793836819774775,0.0,0.008793836819774775,0,0.4,6.612713135588449
227,G0_F4_Baseline,51,0,9,0.594692820191175,"[51, 81, 2, 20, 76, 1, 25, 49, 27, 34]",63.0,0,17.0,17.0,0.23104542916140905,0.0,0.23104542916140905,0,0.4,0.0015700601641861953
227,G5_Oracle_Victim,51,0,9,0.594692820191175,"[51, 81, 2, 20, 76, 1, 25, 49, 27, 34]",63.0,0,17.0,17.0,0.23104542916140905,0.0,0.23104542916140905,0,0.4,0.0015700601641861953
228,G3_Contribution_Aware,26,0,9,0.5765279028422214,"[26, 63, 93, 58, 87, 50, 49, 82, 64, 77]",55.0,0,16.0,16.0,-0.08397063870134625,0.058339951927629766,0.058339951927629766,0,0.2,2.1287740351266766
230,G0_F4_Baseline,61,0,9,0.518251747857435,"[51, 81, 2, 20, 61, 1, 25, 49, 27, 34]",76.0,0,17.0,17.0,-0.11816911409712685,0.0,0.11816911409712685,0,0.4,0.07765816792253813
230,G3_Contribution_Aware,34,0,9,0.7135273977315681,"[26, 63, 93, 58, 87, 50, 49, 34, 64, 77]",82.0,0,15.0,15.0,0.2851771643946223,0.05869900247987312,0.05869900247987312,0,0.2,1.591590732232651
230,G5_Oracle_Victim,61,0,9,0.518251747857435,"[51, 81, 2, 20, 61, 1, 25, 49, 27, 34]",76.0,0,17.0,17.0,-0.11816911409712685,0.0,0.11816911409712685,0,0.4,0.07765816792253813
231,G3_Contribution_Aware,27,0,8,0.5728595731582691,"[26, 63, 93, 58, 87, 50, 49, 34, 64, 27]",77.0,0,15.0,15.0,-0.02477242985105918,0.039803187986435215,0.039803187986435215,0,0.2,0.5581138535940698
233,G0_F4_Baseline,82,0,9,0.4802012587112526,"[51, 81, 2, 20, 61, 82, 25, 49, 27, 34]",1.0,0,19.0,19.0,0.4129352036976997,0.0,0.4129352036976997,0,0.4,1.7046376359978666
233,G1_Age_Normalized,51,0,9,0.9014128993809322,"[89, 81, 87, 80, 2, 73, 94, 18, 88, 51]",62.0,0,23.0,23.0,0.13859528726670028,0.0,0.3012941027536963,0,0.4,0.7146067403744168
233,G2_Update_Normalized,51,0,9,0.9014128993809322,"[89, 81, 87, 80, 2, 73, 94, 18, 88, 51]",62.0,0,23.0,23.0,0.13859528726670028,0.0,0.3012941027536963,0,0.4,0.7146067403744168
233,G3_Contribution_Aware,51,0,9,0.5253142289305233,"[26, 63, 51, 58, 87, 50, 49, 34, 64, 27]",93.0,0,15.0,15.0,0.07915088953937664,0.09139982593762258,0.09139982593762258,0,0.2,0.0923754415571442
233,G5_Oracle_Victim,82,0,9,0.4802012587112526,"[51, 81, 2, 20, 61, 82, 25, 49, 27, 34]",1.0,0,19.0,19.0,0.4129352036976997,0.0,0.4129352036976997,0,0.4,1.7046376359978666
235,G1_Age_Normalized,58,1,9,1.0119035506155567,"[89, 81, 87, 58, 2, 73, 94, 18, 88, 51]",80.0,0,20.0,20.0,-0.07972261157639955,0.0,0.19930652894099887,0,0.6,0.9861926028656277
235,G2_Update_Normalized,58,1,9,1.0119035506155567,"[89, 81, 87, 58, 2, 73, 94, 18, 88, 51]",80.0,0,20.0,20.0,-0.07972261157639955,0.0,0.19930652894099887,0,0.6,0.9861926028656277
235,G3_Contribution_Aware,59,0,9,0.547741536207366,"[26, 63, 51, 58, 87, 50, 59, 34, 64, 27]",49.0,0,30.0,30.0,-0.09258415841246831,0.12884764030214108,0.12884764030214108,0,0.2,0.056585712953004665
236,G0_F4_Baseline,85,0,8,0.7180046498548802,"[51, 81, 2, 20, 61, 82, 25, 49, 85, 34]",27.0,0,16.0,16.0,-0.013923530247834659,0.0,0.013923530247834659,0,0.4,5.610388358212821
236,G1_Age_Normalized,61,0,9,0.40553176301938465,"[89, 81, 87, 58, 2, 61, 94, 18, 88, 51]",73.0,0,22.0,22.0,0.019274156213742066,0.0,0.043804900485777426,0,0.6,7.4456638195856755
236,G2_Update_Normalized,61,0,9,0.40553176301938465,"[89, 81, 87, 58, 2, 61, 94, 18, 88, 51]",73.0,0,22.0,22.0,0.019274156213742066,0.0,0.043804900485777426,0,0.6,7.4456638195856755
236,G5_Oracle_Victim,85,0,8,0.7180046498548802,"[51, 81, 2, 20, 61, 82, 25, 49, 85, 34]",27.0,0,16.0,16.0,-0.013923530247834659,0.0,0.013923530247834659,0,0.4,5.610388358212821
237,G1_Age_Normalized,63,0,9,0.6160795432682524,"[63, 81, 87, 58, 2, 61, 94, 18, 88, 51]",89.0,0,20.0,20.0,0.02205022751517498,0.0,0.05512556878793745,0,0.6,0.0750915758585493
237,G2_Update_Normalized,63,0,9,0.6160795432682524,"[63, 81, 87, 58, 2, 61, 94, 18, 88, 51]",89.0,0,20.0,20.0,0.02205022751517498,0.0,0.05512556878793745,0,0.6,0.0750915758585493
237,G3_Contribution_Aware,69,0,9,0.5868666597313776,"[26, 63, 51, 58, 69, 50, 59, 34, 64, 27]",87.0,0,20.0,20.0,-0.11887279372927714,0.15243981073383397,0.15243981073383397,0,0.2,3.862659918594169
237,G4_Promotion_Cooldown,90,0,8,0.8092173519144524,"[np.int32(83), np.int32(53), np.int32(70), 90, 7, 3, 43, 50, 48, 12]",96.0,0,20.0,20.0,0.07770971754654891,0.0,0.07770971754654891,0,0.0,10.320848586333662
238,G3_Contribution_Aware,74,0,9,1.3977716152709307,"[26, 63, 51, 58, 69, 74, 59, 34, 64, 27]",50.0,0,32.0,32.0,0.0019786942301578125,0.219405831985116,0.219405831985116,0,0.2,12.512921195641104
240,G3_Contribution_Aware,85,0,9,1.1954589051278066,"[26, 63, 51, 85, 69, 74, 59, 34, 64, 27]",58.0,1,33.0,33.0,0.052654398559377966,0.24551865670071357,0.24551865670071357,0,0.0,3.345744987800362
241,G0_F4_Baseline,23,0,10,0.4656911917689293,"[51, 81, 2, 23, 61, 82, 25, 49, 85, 34]",20.0,0,22.0,22.0,0.0312937422859724,0.0,0.0312937422859724,0,0.4,0.1911880874392032
241,G5_Oracle_Victim,23,0,10,0.4656911917689293,"[51, 81, 2, 23, 61, 82, 25, 49, 85, 34]",20.0,0,22.0,22.0,0.0312937422859724,0.0,0.0312937422859724,0,0.4,0.1911880874392032
243,G1_Age_Normalized,59,0,8,0.5204350867375394,"[63, 81, 59, 58, 2, 61, 94, 18, 88, 51]",87.0,0,19.0,19.0,0.04418014551433605,0.0,0.11626354082720013,0,0.6,0.8065035267641857
243,G2_Update_Normalized,59,0,8,0.5204350867375394,"[63, 81, 59, 58, 2, 61, 94, 18, 88, 51]",87.0,0,19.0,19.0,0.04418014551433605,0.0,0.11626354082720013,0,0.6,0.8065035267641857
244,G3_Contribution_Aware,81,1,8,1.9447228654499473,"[81, 63, 51, 85, 69, 74, 59, 34, 64, 27]",26.0,0,16.0,16.0,-0.13127321235014022,0.050076171508418074,0.050076171508418074,0,0.2,2.6287357058679848
247,G0_F4_Baseline,22,0,8,0.6096319924082776,"[22, 81, 2, 23, 61, 82, 25, 49, 85, 34]",51.0,0,20.0,20.0,-0.01076531343936845,0.0,0.01076531343936845,0,0.4,0.6660869825086195
247,G1_Age_Normalized,79,0,8,1.5372150102401496,"[63, 81, 59, 58, 2, 61, 94, 79, 88, 51]",18.0,0,21.0,21.0,0.10697425678306806,0.0,0.2547006113882573,0,0.6,0.17155199008215885
247,G2_Update_Normalized,79,0,8,1.5372150102401496,"[63, 81, 59, 58, 2, 61, 94, 79, 88, 51]",18.0,0,21.0,21.0,0.10697425678306806,0.0,0.2547006113882573,0,0.6,0.17155199008215885
247,G5_Oracle_Victim,22,0,8,0.6096319924082776,"[22, 81, 2, 23, 61, 82, 25, 49, 85, 34]",51.0,0,20.0,20.0,-0.01076531343936845,0.0,0.01076531343936845,0,0.4,0.6660869825086195
248,G3_Contribution_Aware,19,0,10,0.7413097838815204,"[81, 63, 51, 85, 69, 74, 59, 34, 64, 19]",27.0,0,17.0,17.0,-0.16689490183701516,0.05694522074498001,0.05694522074498001,0,0.2,7.380308092724734
249,G0_F4_Baseline,31,0,8,0.9790591840980031,"[22, 81, 2, 23, 61, 82, 25, 31, 85, 34]",49.0,0,23.0,23.0,0.10163329284245162,0.0,0.10163329284245162,0,0.4,7.429349861748058
249,G3_Contribution_Aware,20,0,10,0.4922699898537576,"[81, 63, 51, 85, 69, 74, 59, 20, 64, 19]",34.0,0,19.0,19.0,0.09934295743418348,0.15840073177619826,0.15840073177619826,0,0.2,23.21234942216078
249,G5_Oracle_Victim,31,0,8,0.9790591840980031,"[22, 81, 2, 23, 61, 82, 25, 31, 85, 34]",49.0,0,23.0,23.0,0.10163329284245162,0.0,0.10163329284245162,0,0.4,7.429349861748058
252,G3_Contribution_Aware,39,0,10,0.7700901697895737,"[81, 63, 51, 85, 69, 74, 39, 20, 64, 19]",59.0,0,17.0,17.0,0.23060866542907496,0.10596802856152691,0.10596802856152691,0,0.2,3.7722222579460314
253,G3_Contribution_Aware,42,0,10,0.40000355595916126,"[81, 63, 51, 85, 69, 42, 39, 20, 64, 19]",74.0,0,15.0,15.0,-0.0966211363799421,0.07313527321399788,0.07313527321399788,0,0.2,5.0422156035656425
255,G0_F4_Baseline,83,0,8,0.9227364811218864,"[22, 81, 2, 23, 61, 83, 25, 31, 85, 34]",82.0,0,22.0,22.0,0.16268880670960537,0.0,0.16268880670960537,0,0.4,0.778062598601983
255,G3_Contribution_Aware,52,0,10,0.5651758116833742,"[81, 63, 51, 85, 52, 42, 39, 20, 64, 19]",69.0,0,18.0,18.0,-0.2125535339176322,0.12228117892959098,0.12228117892959098,0,0.2,1.5134453829671228
255,G5_Oracle_Victim,83,0,8,0.9227364811218864,"[22, 81, 2, 23, 61, 83, 25, 31, 85, 34]",82.0,0,22.0,22.0,0.16268880670960537,0.0,0.16268880670960537,0,0.4,0.778062598601983
257,G1_Age_Normalized,55,0,10,0.5891766400727766,"[55, 81, 59, 58, 2, 61, 94, 79, 88, 51]",63.0,0,20.0,20.0,-0.007232199478600078,0.0,0.018080498696500195,0,0.6,0.9820302946642694
257,G2_Update_Normalized,55,0,10,0.5891766400727766,"[55, 81, 59, 58, 2, 61, 94, 79, 88, 51]",63.0,0,20.0,20.0,-0.007232199478600078,0.0,0.018080498696500195,0,0.6,0.9820302946642694
257,G4_Promotion_Cooldown,58,1,9,1.01475118452108,"[np.int32(83), np.int32(53), np.int32(70), 90, 7, 3, 43, 58, 48, 12]",50.0,0,111.0,111.0,-0.03402084873235883,0.0,0.03402084873235883,0,0.2,28.36633815786503
260,G3_Contribution_Aware,53,0,8,1.2574062054154216,"[81, 63, 51, 53, 52, 42, 39, 20, 64, 19]",85.0,0,20.0,20.0,-0.4836779657324226,0.17900165433495682,0.17900165433495682,0,0.2,1.6199617115819769
261,G0_F4_Baseline,8,0,11,0.41150089378373284,"[22, 81, 2, 8, 61, 83, 25, 31, 85, 34]",23.0,0,20.0,20.0,0.1878698388072192,0.0,0.1878698388072192,0,0.4,2.873268808688563
261,G5_Oracle_Victim,8,0,11,0.41150089378373284,"[22, 81, 2, 8, 61, 83, 25, 31, 85, 34]",23.0,0,20.0,20.0,0.1878698388072192,0.0,0.1878698388072192,0,0.4,2.873268808688563
265,G0_F4_Baseline,21,0,8,0.7923748645097323,"[22, 81, 2, 8, 61, 83, 25, 31, 21, 34]",85.0,0,29.0,29.0,-0.0915380509070641,0.0,0.0915380509070641,0,0.4,4.154217610948714
265,G1_Age_Normalized,85,0,10,0.45331986392268664,"[55, 81, 85, 58, 2, 61, 94, 79, 88, 51]",59.0,0,22.0,22.0,2.6088055628604653e-05,0.0,5.929103551955603e-05,0,0.6,4.367574457010015
265,G2_Update_Normalized,85,0,10,0.45331986392268664,"[55, 81, 85, 58, 2, 61, 94, 79, 88, 51]",59.0,0,22.0,22.0,2.6088055628604653e-05,0.0,5.929103551955603e-05,0,0.6,4.367574457010015
265,G5_Oracle_Victim,21,0,8,0.7923748645097323,"[22, 81, 2, 8, 61, 83, 25, 31, 21, 34]",85.0,0,29.0,29.0,-0.0915380509070641,0.0,0.0915380509070641,0,0.4,4.154217610948714
266,G1_Age_Normalized,75,0,9,0.4091940031759109,"[55, 81, 85, 58, 2, 61, 94, 79, 88, 75]",51.0,0,33.0,33.0,-0.08078809689626762,0.0,0.12240620741858729,0,0.6,6.712169372183079
266,G2_Update_Normalized,75,0,9,0.4091940031759109,"[55, 81, 85, 58, 2, 61, 94, 79, 88, 75]",51.0,0,33.0,33.0,-0.08078809689626762,0.0,0.12240620741858729,0,0.6,6.712169372183079
266,G3_Contribution_Aware,79,0,8,1.7377317492311168,"[81, 63, 51, 53, 52, 42, 39, 20, 64, 79]",19.0,0,18.0,18.0,-0.4777469086955226,0.12037557124868696,0.12037557124868696,0,0.2,1.0954931762662188
268,G1_Age_Normalized,97,0,10,0.7172886511318892,"[55, 81, 85, 58, 2, 97, 94, 79, 88, 75]",61.0,0,32.0,32.0,-0.12486760526092514,0.0,0.19510563322019553,0,0.6,3.410768019515773
268,G2_Update_Normalized,97,0,10,0.7172886511318892,"[55, 81, 85, 58, 2, 97, 94, 79, 88, 75]",61.0,0,32.0,32.0,-0.12486760526092514,0.0,0.19510563322019553,0,0.6,3.410768019515773
268,G3_Contribution_Aware,9,0,8,2.036142318892292,"[81, 63, 51, 53, 52, 42, 9, 20, 64, 79]",39.0,0,16.0,16.0,0.022705161003738636,0.028200975687182387,0.028200975687182387,0,0.2,0.1794905541555437
269,G1_Age_Normalized,83,0,8,0.5342305756101201,"[55, 81, 85, 58, 2, 97, 94, 83, 88, 75]",79.0,0,22.0,22.0,-0.028732136907252653,0.0,0.06530031115284694,0,0.6,5.002413099482412
269,G2_Update_Normalized,83,0,8,0.5342305756101201,"[55, 81, 85, 58, 2, 97, 94, 83, 88, 75]",79.0,0,22.0,22.0,-0.028732136907252653,0.0,0.06530031115284694,0,0.6,5.002413099482412
271,G1_Age_Normalized,91,0,8,0.9414916388749208,"[55, 81, 85, 58, 2, 97, 91, 83, 88, 75]",94.0,0,53.0,53.0,-0.0807219950717203,0.0,0.0807219950717203,0,0.6,10.68605256681118
271,G2_Update_Normalized,91,0,8,0.9414916388749208,"[55, 81, 85, 58, 2, 97, 91, 83, 88, 75]",94.0,0,53.0,53.0,-0.0807219950717203,0.0,0.0807219950717203,0,0.6,10.68605256681118
273,G0_F4_Baseline,37,0,8,2.470773951923955,"[22, 81, 2, 8, 61, 83, 25, 37, 21, 34]",31.0,0,24.0,24.0,-0.024439687300684364,0.0,0.024439687300684364,0,0.4,0.35178540848533135
273,G5_Oracle_Victim,37,0,8,2.470773951923955,"[22, 81, 2, 8, 61, 83, 25, 37, 21, 34]",31.0,0,24.0,24.0,-0.024439687300684364,0.0,0.024439687300684364,0,0.4,0.35178540848533135
274,G1_Age_Normalized,0,0,8,1.8021900223582288,"[55, 81, 85, 58, 2, 97, 91, 83, 0, 75]",88.0,0,51.0,51.0,-0.15369553531560048,0.0,0.15369553531560048,0,0.6,0.43354573067108376
274,G2_Update_Normalized,0,0,8,1.8021900223582288,"[55, 81, 85, 58, 2, 97, 91, 83, 0, 75]",88.0,0,51.0,51.0,-0.15369553531560048,0.0,0.15369553531560048,0,0.6,0.43354573067108376
274,G3_Contribution_Aware,12,0,8,1.7373452098974114,"[81, 63, 51, 53, 52, 12, 9, 20, 64, 79]",42.0,0,21.0,21.0,0.029151119934727313,0.048772462739149,0.048772462739149,0,0.2,3.9367994096028487
275,G3_Contribution_Aware,16,0,9,1.3348360385683888,"[81, 63, 51, 16, 52, 12, 9, 20, 64, 79]",53.0,0,15.0,15.0,-0.2423368640308515,0.08092616451704783,0.08092616451704783,0,0.2,45.18385697396353
276,G0_F4_Baseline,67,0,8,1.5694187682316396,"[22, 81, 2, 67, 61, 83, 25, 37, 21, 34]",8.0,0,15.0,15.0,-0.06373677724283297,0.0,0.06373677724283297,0,0.4,30.592899167103468
276,G3_Contribution_Aware,35,0,11,0.4788658551142839,"[81, 63, 51, 16, 35, 12, 9, 20, 64, 79]",52.0,0,21.0,21.0,-0.834249333847601,0.1841931592872536,0.1841931592872536,0,0.2,26.556128988967306
276,G5_Oracle_Victim,67,0,8,1.5694187682316396,"[22, 81, 2, 67, 61, 83, 25, 37, 21, 34]",8.0,0,15.0,15.0,-0.06373677724283297,0.0,0.06373677724283297,0,0.4,30.592899167103468
277,G0_F4_Baseline,70,0,9,0.6142780089503727,"[22, 81, 2, 67, 70, 83, 25, 37, 21, 34]",61.0,0,47.0,47.0,-0.14113402869992706,0.0,0.14113402869992706,0,0.4,0.8096542264176512
277,G4_Promotion_Cooldown,39,0,10,0.7730433716279429,"[np.int32(83), 39, np.int32(70), 90, 7, 3, 43, 58, 48, 12]",53.0,0,277.0,277.0,-0.07662207201340933,0.0,0.07662207201340933,0,0.2,25.822902607476028
277,G5_Oracle_Victim,70,0,9,0.6142780089503727,"[22, 81, 2, 67, 70, 83, 25, 37, 21, 34]",61.0,0,47.0,47.0,-0.14113402869992706,0.0,0.14113402869992706,0,0.4,0.8096542264176512
278,G1_Age_Normalized,13,0,8,0.5601502304522432,"[13, 81, 85, 58, 2, 97, 91, 83, 0, 75]",55.0,0,21.0,21.0,-0.02390441261999752,0.0,0.056915268142851236,0,0.6,0.08598293776893157
278,G2_Update_Normalized,13,0,8,0.5601502304522432,"[13, 81, 85, 58, 2, 97, 91, 83, 0, 75]",55.0,0,21.0,21.0,-0.02390441261999752,0.0,0.056915268142851236,0,0.6,0.08598293776893157
278,G3_Contribution_Aware,41,0,8,0.6254487259393395,"[81, 63, 41, 16, 35, 12, 9, 20, 64, 79]",51.0,0,45.0,45.0,-0.3804462825569439,0.26188465758443014,0.26188465758443014,0,0.2,9.50638816009219
279,G3_Contribution_Aware,43,0,8,0.45628812078988285,"[81, 63, 41, 16, 35, 12, 9, 20, 43, 79]",64.0,0,70.0,70.0,-0.038429850449126536,0.2711563046950806,0.2711563046950806,0,0.2,0.00033244695522888695
281,G0_F4_Baseline,72,0,8,0.6608085559341059,"[22, 81, 2, 67, 70, 83, 25, 37, 72, 34]",21.0,0,16.0,16.0,-0.26403844402675425,0.0,0.26403844402675425,0,0.4,2.639304259040899
281,G5_Oracle_Victim,72,0,8,0.6608085559341059,"[22, 81, 2, 67, 70, 83, 25, 37, 72, 34]",21.0,0,16.0,16.0,-0.26403844402675425,0.0,0.26403844402675425,0,0.4,2.639304259040899
282,G0_F4_Baseline,91,0,8,0.6123018530273471,"[22, 81, 2, 67, 70, 91, 25, 37, 72, 34]",83.0,0,27.0,27.0,-0.2642432022684346,0.0,0.2642432022684346,0,0.4,5.409326901350586
282,G5_Oracle_Victim,91,0,8,0.6123018530273471,"[22, 81, 2, 67, 70, 91, 25, 37, 72, 34]",83.0,0,27.0,27.0,-0.2642432022684346,0.0,0.2642432022684346,0,0.4,5.409326901350586
285,G3_Contribution_Aware,61,0,8,0.7068411706380053,"[81, 63, 41, 16, 35, 12, 61, 20, 43, 79]",9.0,0,17.0,17.0,0.05459147997944805,0.07333088442866134,0.07333088442866134,0,0.2,0.21274600815386874
286,G1_Age_Normalized,53,0,8,1.4563372146989666,"[13, 81, 53, 58, 2, 97, 91, 83, 0, 75]",85.0,0,21.0,21.0,-0.016110482548708713,0.0,0.038358291782639796,0,0.6,7.878267049031542
286,G2_Update_Normalized,53,0,8,1.4563372146989666,"[13, 81, 53, 58, 2, 97, 91, 83, 0, 75]",85.0,0,21.0,21.0,-0.016110482548708713,0.0,0.038358291782639796,0,0.6,7.878267049031542
287,G1_Age_Normalized,41,0,9,1.064478042125585,"[13, 81, 53, 58, 2, 41, 91, 83, 0, 75]",97.0,0,19.0,19.0,-0.008232281984638226,0.0,0.021663899959574278,0,0.6,1.369535224354534
287,G2_Update_Normalized,41,0,9,1.064478042125585,"[13, 81, 53, 58, 2, 41, 91, 83, 0, 75]",97.0,0,19.0,19.0,-0.008232281984638226,0.0,0.021663899959574278,0,0.6,1.369535224354534
287,G3_Contribution_Aware,71,0,11,0.5032348755780666,"[81, 71, 41, 16, 35, 12, 61, 20, 43, 79]",63.0,0,79.0,79.0,-0.1842214049908946,0.26326238471276653,0.26326238471276653,0,0.2,4.624143155366496
288,G0_F4_Baseline,4,0,8,1.2448006073746924,"[22, 81, 2, 67, 70, 91, 25, 4, 72, 34]",37.0,0,15.0,15.0,-0.13679107562968584,0.0,0.13679107562968584,0,0.4,3.2834305245777737
288,G3_Contribution_Aware,73,0,11,0.6397427628981494,"[81, 71, 41, 16, 35, 12, 61, 20, 43, 73]",79.0,0,22.0,22.0,1.0217096702774038,0.48725760961123943,0.48725760961123943,0,0.2,67.50639053375474
288,G5_Oracle_Victim,4,0,8,1.2448006073746924,"[22, 81, 2, 67, 70, 91, 25, 4, 72, 34]",37.0,0,15.0,15.0,-0.13679107562968584,0.0,0.13679107562968584,0,0.4,3.2834305245777737
291,G0_F4_Baseline,7,0,8,0.6034586510659814,"[22, 81, 2, 7, 70, 91, 25, 4, 72, 34]",67.0,0,15.0,15.0,0.09930364969504404,0.0,0.09930364969504404,0,0.4,4.637849264539872
291,G1_Age_Normalized,76,0,11,0.9674150365468999,"[13, 81, 53, 58, 2, 41, 91, 76, 0, 75]",83.0,0,22.0,22.0,0.020086389904188068,0.0,0.045650886145881975,0,0.6,21.453978765607157
291,G2_Update_Normalized,76,0,11,0.9674150365468999,"[13, 81, 53, 58, 2, 41, 91, 76, 0, 75]",83.0,0,22.0,22.0,0.020086389904188068,0.0,0.045650886145881975,0,0.6,21.453978765607157
291,G3_Contribution_Aware,70,0,8,1.5763745225728993,"[81, 71, 41, 70, 35, 12, 61, 20, 43, 73]",16.0,0,16.0,16.0,0.5345539056668575,0.10128192029600795,0.10128192029600795,0,0.2,2.9097698918397112
291,G5_Oracle_Victim,7,0,8,0.6034586510659814,"[22, 81, 2, 7, 70, 91, 25, 4, 72, 34]",67.0,0,15.0,15.0,0.09930364969504404,0.0,0.09930364969504404,0,0.4,4.637849264539872
292,G3_Contribution_Aware,92,0,11,0.449545795411712,"[81, 71, 41, 70, 92, 12, 61, 20, 43, 73]",35.0,0,16.0,16.0,-0.04240171477437321,0.11606220441248552,0.11606220441248552,0,0.2,4.771426087982784
293,G0_F4_Baseline,15,1,8,0.9279634203846188,"[15, 81, 2, 7, 70, 91, 25, 4, 72, 34]",22.0,0,46.0,46.0,-0.0012938907062911426,0.0,0.0012938907062911426,0,0.6,1.8691268382919173
293,G5_Oracle_Victim,15,1,8,0.9279634203846188,"[15, 81, 2, 7, 70, 91, 25, 4, 72, 34]",22.0,0,46.0,46.0,-0.0012938907062911426,0.0,0.0012938907062911426,0,0.6,1.8691268382919173
294,G0_F4_Baseline,30,0,9,0.43973209129470664,"[15, 81, 2, 7, 30, 91, 25, 4, 72, 34]",70.0,0,17.0,17.0,0.11709285859248937,0.0,0.11709285859248937,0,0.6,5.2844427564148075
294,G5_Oracle_Victim,30,0,9,0.43973209129470664,"[15, 81, 2, 7, 30, 91, 25, 4, 72, 34]",70.0,0,17.0,17.0,0.11709285859248937,0.0,0.11709285859248937,0,0.6,5.2844427564148075
295,G3_Contribution_Aware,0,0,9,0.7658719516289219,"[81, 71, 0, 70, 92, 12, 61, 20, 43, 73]",41.0,0,17.0,17.0,0.04006000248253877,0.0867161646965832,0.0867161646965832,0,0.2,11.987514871631793
296,G0_F4_Baseline,38,0,8,0.7611467536279029,"[15, 81, 2, 7, 30, 91, 25, 4, 38, 34]",72.0,0,15.0,15.0,-0.09118894894960794,0.0,0.09118894894960794,0,0.6,0.7093305881564391
296,G3_Contribution_Aware,87,0,8,0.9115815356447033,"[81, 71, 0, 70, 92, 12, 61, 20, 87, 73]",43.0,0,17.0,17.0,0.08911476577179317,0.09583480836440621,0.09583480836440621,0,0.2,1.967029442111469
296,G5_Oracle_Victim,38,0,8,0.7611467536279029,"[15, 81, 2, 7, 30, 91, 25, 4, 38, 34]",72.0,0,15.0,15.0,-0.09118894894960794,0.0,0.09118894894960794,0,0.6,0.7093305881564391
297,G0_F4_Baseline,42,0,8,0.8691933998237982,"[15, 81, 2, 7, 30, 91, 42, 4, 38, 34]",25.0,0,72.0,72.0,0.036998061359327816,0.0,0.036998061359327816,0,0.6,2.4463373025338706
297,G4_Promotion_Cooldown,96,0,10,0.9405799677993475,"[np.int32(83), 39, 96, 90, 7, 3, 43, 58, 48, 12]",70.0,0,297.0,297.0,0.2560704129565381,0.0,0.2560704129565381,0,0.2,20.35772499992097
297,G5_Oracle_Victim,42,0,8,0.8691933998237982,"[15, 81, 2, 7, 30, 91, 42, 4, 38, 34]",25.0,0,72.0,72.0,0.036998061359327816,0.0,0.036998061359327816,0,0.6,2.4463373025338706
298,G1_Age_Normalized,10,0,8,0.5345410592025044,"[13, 81, 53, 58, 2, 41, 10, 76, 0, 75]",91.0,0,27.0,27.0,-0.11413669512782468,0.0,0.21136425023671235,0,0.6,3.8698654186204586
298,G2_Update_Normalized,10,0,8,0.5345410592025044,"[13, 81, 53, 58, 2, 41, 10, 76, 0, 75]",91.0,0,27.0,27.0,-0.11413669512782468,0.0,0.21136425023671235,0,0.6,3.8698654186204586
298,G3_Contribution_Aware,10,0,8,1.1200088616384978,"[81, 71, 0, 70, 92, 10, 61, 20, 87, 73]",12.0,0,24.0,24.0,-0.32897272542940775,0.14568770204881182,0.14568770204881182,0,0.2,2.682412132469617
301,G1_Age_Normalized,22,0,8,0.5803901121930203,"[13, 81, 53, 58, 2, 41, 10, 76, 0, 22]",75.0,0,35.0,35.0,-0.22539313397653923,0.0,0.3219901913950561,0,0.6,7.309258951492651
301,G2_Update_Normalized,22,0,8,0.5803901121930203,"[13, 81, 53, 58, 2, 41, 10, 76, 0, 22]",75.0,0,35.0,35.0,-0.22539313397653923,0.0,0.3219901913950561,0,0.6,7.309258951492651
302,G1_Age_Normalized,25,0,12,0.57031020909957,"[25, 81, 53, 58, 2, 41, 10, 76, 0, 22]",13.0,0,24.0,24.0,-0.17096447532658926,0.0,0.35617599026372765,0,0.6,1.2349829635559095
302,G2_Update_Normalized,25,0,12,0.57031020909957,"[25, 81, 53, 58, 2, 41, 10, 76, 0, 22]",13.0,0,24.0,24.0,-0.17096447532658926,0.0,0.35617599026372765,0,0.6,1.2349829635559095
303,G0_F4_Baseline,68,0,9,0.8623070926682217,"[15, 81, 2, 7, 30, 91, 42, 68, 38, 34]",4.0,0,15.0,15.0,-0.11638884469156333,0.0,0.11638884469156333,0,0.6,11.882016063083073
303,G1_Age_Normalized,15,1,8,2.0785600099817323,"[25, 81, 15, 58, 2, 41, 10, 76, 0, 22]",53.0,0,17.0,17.0,-0.09667390954913851,0.0,0.2843350280857015,0,0.8,10.886597581591408
303,G2_Update_Normalized,15,1,8,2.0785600099817323,"[25, 81, 15, 58, 2, 41, 10, 76, 0, 22]",53.0,0,17.0,17.0,-0.09667390954913851,0.0,0.2843350280857015,0,0.8,10.886597581591408
303,G5_Oracle_Victim,68,0,9,0.8623070926682217,"[15, 81, 2, 7, 30, 91, 42, 68, 38, 34]",4.0,0,15.0,15.0,-0.11638884469156333,0.0,0.11638884469156333,0,0.6,11.882016063083073
304,G0_F4_Baseline,58,1,8,0.7485879270630325,"[15, 81, 2, 7, 30, 91, 42, 68, 38, 58]",34.0,0,83.0,83.0,0.1508089447489088,0.0,0.1508089447489088,0,0.8,3.9266279139339524
304,G1_Age_Normalized,30,0,9,0.6671147625965405,"[25, 81, 15, 58, 2, 30, 10, 76, 0, 22]",41.0,0,17.0,17.0,0.16656959530831117,0.0,0.4899105744362093,0,0.8,6.524798495625414
304,G2_Update_Normalized,30,0,9,0.6671147625965405,"[25, 81, 15, 58, 2, 30, 10, 76, 0, 22]",41.0,0,17.0,17.0,0.16656959530831117,0.0,0.4899105744362093,0,0.8,6.524798495625414
304,G3_Contribution_Aware,31,0,8,1.5081685814228405,"[81, 71, 0, 70, 92, 10, 61, 20, 87, 31]",73.0,0,16.0,16.0,-0.24214411094608584,0.06747219495056143,0.06747219495056143,0,0.2,18.47613258426562
304,G5_Oracle_Victim,58,1,8,0.7485879270630325,"[15, 81, 2, 7, 30, 91, 42, 68, 38, 58]",34.0,0,83.0,83.0,0.1508089447489088,0.0,0.1508089447489088,0,0.8,3.9266279139339524
305,G0_F4_Baseline,66,0,14,0.5267099249237657,"[15, 81, 2, 7, 30, 66, 42, 68, 38, 58]",91.0,0,23.0,23.0,-0.1853247339133564,0.0,0.1853247339133564,0,0.8,0.06587269360712418
305,G5_Oracle_Victim,66,0,14,0.5267099249237657,"[15, 81, 2, 7, 30, 66, 42, 68, 38, 58]",91.0,0,23.0,23.0,-0.1853247339133564,0.0,0.1853247339133564,0,0.8,0.06587269360712418
306,G0_F4_Baseline,63,0,8,1.0173218690655208,"[15, 81, 2, 63, 30, 66, 42, 68, 38, 58]",7.0,0,15.0,15.0,-0.3481474094011415,0.0,0.3481474094011415,0,0.8,6.085507811245528
306,G3_Contribution_Aware,25,0,8,1.8064231552082737,"[81, 71, 0, 25, 92, 10, 61, 20, 87, 31]",70.0,0,15.0,15.0,0.145029668978283,0.03694497390109492,0.03694497390109492,0,0.2,0.5088902038147413
306,G5_Oracle_Victim,63,0,8,1.0173218690655208,"[15, 81, 2, 63, 30, 66, 42, 68, 38, 58]",7.0,0,15.0,15.0,-0.3481474094011415,0.0,0.3481474094011415,0,0.8,6.085507811245528
308,G1_Age_Normalized,32,0,9,0.8452047305985664,"[25, 81, 15, 58, 2, 30, 10, 32, 0, 22]",76.0,0,17.0,17.0,-0.121750447629976,0.0,0.35808955185287056,0,0.8,2.508503144425426
308,G2_Update_Normalized,32,0,9,0.8452047305985664,"[25, 81, 15, 58, 2, 30, 10, 32, 0, 22]",76.0,0,17.0,17.0,-0.121750447629976,0.0,0.35808955185287056,0,0.8,2.508503144425426
309,G0_F4_Baseline,73,0,8,0.7390141587378745,"[15, 81, 2, 63, 73, 66, 42, 68, 38, 58]",30.0,0,15.0,15.0,0.1269758839784044,0.0,0.1269758839784044,0,0.8,4.716614707417016
309,G3_Contribution_Aware,33,1,8,0.695537593271813,"[81, 71, 0, 25, 33, 10, 61, 20, 87, 31]",92.0,0,17.0,17.0,-0.022380602923949673,0.16865874661779062,0.16865874661779062,0,0.4,4.626760776806446
309,G5_Oracle_Victim,73,0,8,0.7390141587378745,"[15, 81, 2, 63, 73, 66, 42, 68, 38, 58]",30.0,0,15.0,15.0,0.1269758839784044,0.0,0.1269758839784044,0,0.8,4.716614707417016
310,G3_Contribution_Aware,37,0,8,1.5304767620913788,"[81, 71, 37, 25, 33, 10, 61, 20, 87, 31]",0.0,0,15.0,15.0,-0.7256047020337476,0.14722916282033563,0.14722916282033563,0,0.4,13.08798604660889
312,G3_Contribution_Aware,60,0,8,0.4784181371879771,"[81, 71, 37, 25, 33, 10, 61, 20, 60, 31]",87.0,0,16.0,16.0,0.09867411540621296,0.09361377528197666,0.09361377528197666,0,0.4,8.109212051211612
313,G0_F4_Baseline,9,0,10,0.6399522794644124,"[15, 81, 2, 63, 73, 66, 9, 68, 38, 58]",42.0,0,16.0,16.0,0.04763295793860395,0.0,0.04763295793860395,0,0.8,17.228039934872914
313,G5_Oracle_Victim,9,0,10,0.6399522794644124,"[15, 81, 2, 63, 73, 66, 9, 68, 38, 58]",42.0,0,16.0,16.0,0.04763295793860395,0.0,0.04763295793860395,0,0.8,17.228039934872914
314,G1_Age_Normalized,47,0,8,0.5611442700405377,"[25, 81, 15, 58, 2, 30, 47, 32, 0, 22]",10.0,0,16.0,16.0,-0.13265979206378914,0.0,0.41456185019934105,0,0.8,0.4525701807586775
314,G2_Update_Normalized,47,0,8,0.5611442700405377,"[25, 81, 15, 58, 2, 30, 47, 32, 0, 22]",10.0,0,16.0,16.0,-0.13265979206378914,0.0,0.41456185019934105,0,0.8,0.4525701807586775
314,G3_Contribution_Aware,68,0,8,0.6227236509250633,"[81, 71, 37, 25, 33, 10, 68, 20, 60, 31]",61.0,0,29.0,29.0,-0.9173357110190193,0.2642303306401788,0.2642303306401788,0,0.4,12.758665146803697
315,G3_Contribution_Aware,72,0,8,1.3747803696029268,"[81, 71, 37, 25, 33, 10, 68, 72, 60, 31]",20.0,0,66.0,66.0,0.1780611414137787,0.3170439243199214,0.3170439243199214,0,0.4,2.9021824883587097
317,G0_F4_Baseline,26,0,13,0.6838737720168355,"[15, 81, 2, 63, 73, 66, 9, 68, 26, 58]",38.0,0,21.0,21.0,0.13338416420311613,0.0,0.13338416420311613,0,0.8,9.927209668535923
317,G1_Age_Normalized,82,0,8,0.4934595992439551,"[82, 81, 15, 58, 2, 30, 47, 32, 0, 22]",25.0,0,15.0,15.0,0.07592332362146825,0.0,0.2530777454048942,0,0.8,5.192402904070798
317,G2_Update_Normalized,82,0,8,0.4934595992439551,"[82, 81, 15, 58, 2, 30, 47, 32, 0, 22]",25.0,0,15.0,15.0,0.07592332362146825,0.0,0.2530777454048942,0,0.8,5.192402904070798
317,G3_Contribution_Aware,59,0,8,1.6139336861393037,"[81, 71, 37, 25, 33, 59, 68, 72, 60, 31]",10.0,0,19.0,19.0,-1.494805772824143,0.46993820032153666,0.46993820032153666,0,0.4,11.508458481957192
317,G4_Promotion_Cooldown,85,0,11,1.6731603055073174,"[np.int32(83), 39, 96, 85, 7, 3, 43, 58, 48, 12]",90.0,0,80.0,80.0,0.06964226233218596,0.0,0.06964226233218596,0,0.2,12.622330374312119
317,G5_Oracle_Victim,26,0,13,0.6838737720168355,"[15, 81, 2, 63, 73, 66, 9, 68, 26, 58]",38.0,0,21.0,21.0,0.13338416420311613,0.0,0.13338416420311613,0,0.8,9.927209668535923
318,G3_Contribution_Aware,66,0,8,2.074994442970935,"[81, 66, 37, 25, 33, 59, 68, 72, 60, 31]",71.0,0,31.0,31.0,0.6528769874912191,0.6136826535888544,0.6136826535888544,0,0.4,0.007241319052743803
320,G0_F4_Baseline,20,0,8,1.2425812580931612,"[15, 81, 2, 63, 73, 20, 9, 68, 26, 58]",66.0,0,15.0,15.0,0.04511947242589419,0.0,0.04511947242589419,0,0.8,0.8238020643541067
320,G1_Age_Normalized,96,0,8,0.7286012575015359,"[82, 81, 15, 58, 2, 96, 47, 32, 0, 22]",30.0,0,16.0,16.0,-0.10417760522307443,0.0,0.3255550163221076,0,0.8,3.503400784267639
320,G2_Update_Normalized,96,0,8,0.7286012575015359,"[82, 81, 15, 58, 2, 96, 47, 32, 0, 22]",30.0,0,16.0,16.0,-0.10417760522307443,0.0,0.3255550163221076,0,0.8,3.503400784267639
320,G3_Contribution_Aware,84,0,8,1.1397941315412103,"[81, 66, 37, 25, 33, 59, 68, 72, 60, 84]",31.0,0,16.0,16.0,-0.009904151934173381,0.02445141478444196,0.02445141478444196,0,0.4,0.0610244161487563
320,G5_Oracle_Victim,20,0,8,1.2425812580931612,"[15, 81, 2, 63, 73, 20, 9, 68, 26, 58]",66.0,0,15.0,15.0,0.04511947242589419,0.0,0.04511947242589419,0,0.8,0.8238020643541067
322,G0_F4_Baseline,27,0,8,0.8856778604258415,"[15, 81, 2, 27, 73, 20, 9, 68, 26, 58]",63.0,0,16.0,16.0,-0.20733490915654496,0.0,0.20733490915654496,0,0.8,0.07217641433475576
322,G5_Oracle_Victim,27,0,8,0.8856778604258415,"[15, 81, 2, 27, 73, 20, 9, 68, 26, 58]",63.0,0,16.0,16.0,-0.20733490915654496,0.0,0.20733490915654496,0,0.8,0.07217641433475576
323,G1_Age_Normalized,87,0,8,0.5452536584209728,"[82, 81, 15, 58, 2, 96, 47, 32, 87, 22]",0.0,0,49.0,49.0,-0.3695692769259773,0.0,0.37711150706732377,0,0.8,0.35548894189929003
323,G2_Update_Normalized,87,0,8,0.5452536584209728,"[82, 81, 15, 58, 2, 96, 47, 32, 87, 22]",0.0,0,49.0,49.0,-0.3695692769259773,0.0,0.37711150706732377,0,0.8,0.35548894189929003
326,G3_Contribution_Aware,93,0,9,0.8223645801100627,"[81, 66, 37, 93, 33, 59, 68, 72, 60, 84]",25.0,0,20.0,20.0,0.1237199204159537,0.08700203404242773,0.08700203404242773,0,0.4,14.211529877324942
327,G3_Contribution_Aware,11,0,8,1.5696224088249184,"[81, 66, 37, 93, 33, 59, 68, 72, 11, 84]",60.0,0,15.0,15.0,0.0820644991683,0.04096750864547568,0.04096750864547568,0,0.4,5.814497759941929
328,G3_Contribution_Aware,3,0,8,0.9445474012952724,"[81, 66, 37, 93, 3, 59, 68, 72, 11, 84]",33.0,1,19.0,19.0,-0.1375207917363574,0.09563613568953018,0.09563613568953018,0,0.2,0.2350408974284226
329,G0_F4_Baseline,75,0,8,0.5355347766128703,"[15, 81, 2, 27, 73, 20, 9, 75, 26, 58]",68.0,0,26.0,26.0,-0.018894205807711326,0.0,0.018894205807711326,0,0.8,0.735894530200141
329,G1_Age_Normalized,29,0,13,0.4765609892505335,"[82, 81, 15, 58, 2, 96, 29, 32, 87, 22]",47.0,0,15.0,15.0,0.081863039554417,0.0,0.27287679851472335,0,0.8,0.5533244641462944
329,G2_Update_Normalized,29,0,13,0.4765609892505335,"[82, 81, 15, 58, 2, 96, 29, 32, 87, 22]",47.0,0,15.0,15.0,0.081863039554417,0.0,0.27287679851472335,0,0.8,0.5533244641462944
329,G5_Oracle_Victim,75,0,8,0.5355347766128703,"[15, 81, 2, 27, 73, 20, 9, 75, 26, 58]",68.0,0,26.0,26.0,-0.018894205807711326,0.0,0.018894205807711326,0,0.8,0.735894530200141
331,G1_Age_Normalized,18,0,8,0.6864599538302755,"[82, 81, 15, 58, 2, 96, 29, 18, 87, 22]",32.0,0,23.0,23.0,-0.21565218495767915,0.0,0.4688090977340851,0,0.8,0.08822762152867158
331,G2_Update_Normalized,18,0,8,0.6864599538302755,"[82, 81, 15, 58, 2, 96, 29, 18, 87, 22]",32.0,0,23.0,23.0,-0.21565218495767915,0.0,0.4688090977340851,0,0.8,0.08822762152867158
332,G0_F4_Baseline,89,0,13,0.46606660098092584,"[15, 81, 2, 27, 73, 20, 89, 75, 26, 58]",9.0,0,19.0,19.0,0.15929543951685574,0.0,0.15929543951685574,0,0.8,0.4185185655243482
332,G5_Oracle_Victim,89,0,13,0.46606660098092584,"[15, 81, 2, 27, 73, 20, 89, 75, 26, 58]",9.0,0,19.0,19.0,0.15929543951685574,0.0,0.15929543951685574,0,0.8,0.4185185655243482
333,G0_F4_Baseline,65,0,8,0.7143210349941975,"[15, 81, 2, 27, 73, 20, 89, 75, 65, 58]",26.0,0,16.0,16.0,0.06974764138057485,0.0,0.06974764138057485,0,0.8,1.1723711044996943
333,G3_Contribution_Aware,38,0,8,0.7810356910448875,"[81, 38, 37, 93, 3, 59, 68, 72, 11, 84]",66.0,0,15.0,15.0,0.06538266595057135,0.032388807924425736,0.032388807924425736,0,0.2,3.2363913153121
333,G5_Oracle_Victim,65,0,8,0.7143210349941975,"[15, 81, 2, 27, 73, 20, 89, 75, 65, 58]",26.0,0,16.0,16.0,0.06974764138057485,0.0,0.06974764138057485,0,0.8,1.1723711044996943
336,G3_Contribution_Aware,34,0,8,1.0878337763125852,"[81, 38, 37, 93, 3, 59, 68, 34, 11, 84]",72.0,0,21.0,21.0,0.18862670084016286,0.09564680807841193,0.09564680807841193,0,0.2,31.88767920096729
337,G4_Promotion_Cooldown,36,0,12,2.860186703605726,"[np.int32(83), 39, 96, 85, 7, 36, 43, 58, 48, 12]",3.0,0,293.0,293.0,0.10472731096352367,0.0,0.10472731096352367,0,0.2,5.576542735371219
338,G1_Age_Normalized,63,0,8,0.9533198456618786,"[82, 81, 15, 58, 2, 96, 29, 18, 63, 22]",87.0,0,15.0,15.0,-0.0492615982220719,0.0,0.16420532740690633,0,0.8,10.377864476101415
338,G2_Update_Normalized,63,0,8,0.9533198456618786,"[82, 81, 15, 58, 2, 96, 29, 18, 63, 22]",87.0,0,15.0,15.0,-0.0492615982220719,0.0,0.16420532740690633,0,0.8,10.377864476101415
341,G1_Age_Normalized,92,0,10,0.46581326585704536,"[82, 81, 15, 58, 2, 96, 29, 18, 63, 92]",22.0,0,40.0,40.0,-0.2974037226626164,0.0,0.37175465332827046,0,0.8,0.5277036466169333
341,G2_Update_Normalized,92,0,10,0.46581326585704536,"[82, 81, 15, 58, 2, 96, 29, 18, 63, 92]",22.0,0,40.0,40.0,-0.2974037226626164,0.0,0.37175465332827046,0,0.8,0.5277036466169333
343,G3_Contribution_Aware,57,0,8,0.610928594155157,"[81, 38, 37, 93, 3, 59, 57, 34, 11, 84]",68.0,0,29.0,29.0,-0.016632354704302202,0.09135750980486634,0.09135750980486634,0,0.2,4.274713629652844
344,G1_Age_Normalized,4,0,11,0.42367702019018577,"[82, 81, 15, 58, 2, 96, 4, 18, 63, 92]",29.0,0,15.0,15.0,0.04539355303821959,0.0,0.15131184346073198,0,0.8,1.6506317837862516
344,G2_Update_Normalized,4,0,11,0.42367702019018577,"[82, 81, 15, 58, 2, 96, 4, 18, 63, 92]",29.0,0,15.0,15.0,0.04539355303821959,0.0,0.15131184346073198,0,0.8,1.6506317837862516
346,G3_Contribution_Aware,69,0,8,1.3272370478654214,"[81, 38, 37, 93, 3, 59, 57, 34, 69, 84]",11.0,0,19.0,19.0,0.22713284712242734,0.09070515848868306,0.09070515848868306,0,0.2,0.07480025267543897
347,G1_Age_Normalized,94,0,8,0.6990854097319686,"[94, 81, 15, 58, 2, 96, 4, 18, 63, 92]",82.0,0,30.0,30.0,-0.11260971298395828,0.0,0.1876828549732638,0,0.8,1.1948793467034136
347,G2_Update_Normalized,94,0,8,0.6990854097319686,"[94, 81, 15, 58, 2, 96, 4, 18, 63, 92]",82.0,0,30.0,30.0,-0.11260971298395828,0.0,0.1876828549732638,0,0.8,1.1948793467034136
348,G3_Contribution_Aware,95,0,13,0.6813281014692281,"[81, 95, 37, 93, 3, 59, 57, 34, 69, 84]",38.0,0,15.0,15.0,0.06336169541464548,0.038225691865208085,0.038225691865208085,0,0.2,7.574204244791993
350,G0_F4_Baseline,60,0,10,0.6052066390259121,"[15, 81, 2, 27, 73, 20, 89, 60, 65, 58]",75.0,0,21.0,21.0,-0.0560685619107775,0.0,0.0560685619107775,0,0.8,4.58283042590996
350,G5_Oracle_Victim,60,0,10,0.6052066390259121,"[15, 81, 2, 27, 73, 20, 89, 60, 65, 58]",75.0,0,21.0,21.0,-0.0560685619107775,0.0,0.0560685619107775,0,0.8,4.58283042590996
353,G3_Contribution_Aware,14,0,8,0.41362545889000224,"[81, 95, 37, 93, 3, 59, 57, 34, 69, 14]",84.0,0,33.0,33.0,0.29523528761118284,0.1346129301150469,0.1346129301150469,0,0.2,0.04689985775749979
354,G3_Contribution_Aware,5,0,8,0.4538854327281848,"[81, 95, 37, 93, 3, 5, 57, 34, 69, 14]",59.0,0,37.0,37.0,-0.07799471592323243,0.12959473794035012,0.12959473794035012,0,0.2,0.6178323142386998
356,G0_F4_Baseline,86,0,14,0.4382657056981771,"[15, 81, 2, 27, 73, 20, 89, 60, 86, 58]",65.0,0,23.0,23.0,0.015755391066252317,0.0,0.015755391066252317,0,0.8,4.793928880763968
356,G3_Contribution_Aware,28,0,14,1.0079627886435816,"[81, 95, 28, 93, 3, 5, 57, 34, 69, 14]",37.0,0,46.0,46.0,0.3772086542734226,0.14782652691112289,0.14782652691112289,0,0.2,59.65943301484475
356,G5_Oracle_Victim,86,0,14,0.4382657056981771,"[15, 81, 2, 27, 73, 20, 89, 60, 86, 58]",65.0,0,23.0,23.0,0.015755391066252317,0.0,0.015755391066252317,0,0.8,4.793928880763968
357,G4_Promotion_Cooldown,29,0,8,1.1514404603187798,"[np.int32(83), 39, 96, 85, 7, 36, 43, 58, 48, 29]",12.0,0,231.0,231.0,0.08592321353619048,0.0,0.08592321353619048,0,0.2,20.392593648005615
358,G1_Age_Normalized,37,0,8,0.5627635614428691,"[94, 81, 15, 58, 2, 96, 4, 37, 63, 92]",18.0,0,27.0,27.0,0.029113245390635305,0.0,0.053913417390065374,0,0.8,0.28681093633216526
358,G2_Update_Normalized,37,0,8,0.5627635614428691,"[94, 81, 15, 58, 2, 96, 4, 37, 63, 92]",18.0,0,27.0,27.0,0.029113245390635305,0.0,0.053913417390065374,0,0.8,0.28681093633216526
360,G1_Age_Normalized,41,0,9,0.5130743716027532,"[94, 81, 15, 58, 2, 41, 4, 37, 63, 92]",96.0,0,40.0,40.0,0.15473749880466411,0.0,0.19342187350583012,0,0.8,0.6590311267165174
360,G2_Update_Normalized,41,0,9,0.5130743716027532,"[94, 81, 15, 58, 2, 41, 4, 37, 63, 92]",96.0,0,40.0,40.0,0.15473749880466411,0.0,0.19342187350583012,0,0.8,0.6590311267165174
361,G1_Age_Normalized,45,0,8,1.0923632422356961,"[94, 81, 15, 58, 2, 41, 4, 37, 45, 92]",63.0,0,23.0,23.0,0.05129730863884983,0.0,0.1115158883453257,0,0.8,0.2514674642418057
361,G2_Update_Normalized,45,0,8,1.0923632422356961,"[94, 81, 15, 58, 2, 41, 4, 37, 45, 92]",63.0,0,23.0,23.0,0.05129730863884983,0.0,0.1115158883453257,0,0.8,0.2514674642418057
362,G1_Age_Normalized,77,0,8,1.0760027544149573,"[77, 81, 15, 58, 2, 41, 4, 37, 45, 92]",94.0,0,15.0,15.0,0.07552217610867981,0.0,0.2517405870289327,0,0.8,0.29517742382386486
362,G2_Update_Normalized,77,0,8,1.0760027544149573,"[77, 81, 15, 58, 2, 41, 4, 37, 45, 92]",94.0,0,15.0,15.0,0.07552217610867981,0.0,0.2517405870289327,0,0.8,0.29517742382386486
362,G3_Contribution_Aware,54,0,14,0.5470096926152214,"[81, 95, 28, 93, 3, 5, 54, 34, 69, 14]",57.0,0,19.0,19.0,0.20675495476031502,0.12600372156802,0.12600372156802,0,0.2,25.944899746238125
363,G3_Contribution_Aware,42,0,8,0.41315959185092793,"[81, 42, 28, 93, 3, 5, 54, 34, 69, 14]",95.0,0,15.0,15.0,0.18543483186271925,0.0616485783363372,0.0616485783363372,0,0.2,0.7718796635999974
365,G0_F4_Baseline,94,0,8,0.48640872533103174,"[15, 81, 2, 94, 73, 20, 89, 60, 86, 58]",27.0,0,43.0,43.0,-0.04970902166639206,0.0,0.04970902166639206,0,0.8,0.18385515624233767
365,G3_Contribution_Aware,52,0,8,1.7640407542935985,"[81, 42, 28, 93, 52, 5, 54, 34, 69, 14]",3.0,0,37.0,37.0,0.07216034270864283,0.1984589628300373,0.1984589628300373,0,0.2,5.009417233800721
365,G5_Oracle_Victim,94,0,8,0.48640872533103174,"[15, 81, 2, 94, 73, 20, 89, 60, 86, 58]",27.0,0,43.0,43.0,-0.04970902166639206,0.0,0.04970902166639206,0,0.8,0.18385515624233767
367,G3_Contribution_Aware,58,1,8,2.639419399249846,"[81, 42, 28, 58, 52, 5, 54, 34, 69, 14]",93.0,0,41.0,41.0,0.24238947867265262,0.19673932595843538,0.19673932595843538,0,0.4,1.9076695937397108
369,G1_Age_Normalized,7,0,8,0.7878192033565612,"[77, 81, 15, 58, 2, 41, 4, 37, 45, 7]",92.0,0,28.0,28.0,-0.00921143944536931,0.0,0.01644899900958805,0,0.8,0.2351825791962392
369,G2_Update_Normalized,7,0,8,0.7878192033565612,"[77, 81, 15, 58, 2, 41, 4, 37, 45, 7]",92.0,0,28.0,28.0,-0.00921143944536931,0.0,0.01644899900958805,0,0.8,0.2351825791962392
369,G3_Contribution_Aware,76,0,8,1.6544741207530416,"[81, 42, 28, 58, 52, 76, 54, 34, 69, 14]",5.0,0,15.0,15.0,-0.5354034110699049,0.17305852558349424,0.17305852558349424,0,0.4,15.8878220582654
371,G1_Age_Normalized,97,0,8,0.5720760514959852,"[77, 81, 15, 58, 2, 41, 97, 37, 45, 7]",4.0,0,27.0,27.0,-0.1490436000849084,0.0,0.27600666682390446,0,0.8,0.2164812449920827
371,G2_Update_Normalized,97,0,8,0.5720760514959852,"[77, 81, 15, 58, 2, 41, 97, 37, 45, 7]",4.0,0,27.0,27.0,-0.1490436000849084,0.0,0.27600666682390446,0,0.8,0.2164812449920827
372,G0_F4_Baseline,45,0,12,0.41441763224575623,"[15, 81, 2, 94, 73, 45, 89, 60, 86, 58]",20.0,0,52.0,52.0,-0.0012849058319577694,0.0,0.0012849058319577694,0,0.8,0.24781748223696
372,G5_Oracle_Victim,45,0,12,0.41441763224575623,"[15, 81, 2, 94, 73, 45, 89, 60, 86, 58]",20.0,0,52.0,52.0,-0.0012849058319577694,0.0,0.0012849058319577694,0,0.8,0.24781748223696
373,G3_Contribution_Aware,97,0,14,0.7772698065606575,"[81, 42, 97, 58, 52, 76, 54, 34, 69, 14]",28.0,0,17.0,17.0,0.09133859165262764,0.06579298793478175,0.06579298793478175,0,0.4,36.87730942511215
377,G1_Age_Normalized,20,0,8,0.6464067205473323,"[77, 81, 15, 58, 2, 41, 97, 20, 45, 7]",37.0,0,19.0,19.0,0.0030345881019109393,0.0,0.007985758162923524,0,0.8,0.35144969649268865
377,G2_Update_Normalized,20,0,8,0.6464067205473323,"[77, 81, 15, 58, 2, 41, 97, 20, 45, 7]",37.0,0,19.0,19.0,0.0030345881019109393,0.0,0.007985758162923524,0,0.8,0.35144969649268865
377,G4_Promotion_Cooldown,86,0,13,1.6280115193891684,"[np.int32(83), 39, 86, 85, 7, 36, 43, 58, 48, 29]",96.0,0,80.0,80.0,-0.03130368582607024,0.0,0.03130368582607024,0,0.2,16.60623890770274
378,G1_Age_Normalized,25,0,8,0.5500789796218509,"[25, 81, 15, 58, 2, 41, 97, 20, 45, 7]",77.0,0,16.0,16.0,0.008988300921314897,0.0,0.028088440379109052,0,0.8,0.8499864798674618
378,G2_Update_Normalized,25,0,8,0.5500789796218509,"[25, 81, 15, 58, 2, 41, 97, 20, 45, 7]",77.0,0,16.0,16.0,0.008988300921314897,0.0,0.028088440379109052,0,0.8,0.8499864798674618
380,G1_Age_Normalized,30,0,8,0.43378447928041974,"[25, 81, 15, 58, 2, 30, 97, 20, 45, 7]",41.0,0,20.0,20.0,0.0218298177746823,0.0,0.054574544436705744,0,0.8,0.51372069516341
380,G2_Update_Normalized,30,0,8,0.43378447928041974,"[25, 81, 15, 58, 2, 30, 97, 20, 45, 7]",41.0,0,20.0,20.0,0.0218298177746823,0.0,0.054574544436705744,0,0.8,0.51372069516341
381,G0_F4_Baseline,50,0,9,0.4386381438071939,"[15, 81, 2, 94, 50, 45, 89, 60, 86, 58]",73.0,0,72.0,72.0,-0.08039349071023723,0.0,0.08039349071023723,0,0.8,0.8737755587606062
381,G3_Contribution_Aware,21,0,8,1.1398455456641219,"[81, 42, 97, 58, 52, 76, 21, 34, 69, 14]",54.0,0,19.0,19.0,0.13105524188376821,0.08614225772174844,0.08614225772174844,0,0.4,2.5286339165559975
381,G5_Oracle_Victim,50,0,9,0.4386381438071939,"[15, 81, 2, 94, 50, 45, 89, 60, 86, 58]",73.0,0,72.0,72.0,-0.08039349071023723,0.0,0.08039349071023723,0,0.8,0.8737755587606062
383,G0_F4_Baseline,67,0,8,0.8424408748277921,"[15, 81, 2, 94, 50, 45, 67, 60, 86, 58]",89.0,0,51.0,51.0,-0.0660708573300856,0.0,0.0660708573300856,0,0.8,0.7120079579613054
383,G3_Contribution_Aware,12,0,8,0.42762757122007605,"[81, 42, 97, 58, 52, 76, 21, 34, 69, 12]",14.0,0,30.0,30.0,0.4455080972494252,0.16094111688591906,0.16094111688591906,0,0.4,0.17777391580666796
383,G5_Oracle_Victim,67,0,8,0.8424408748277921,"[15, 81, 2, 94, 50, 45, 67, 60, 86, 58]",89.0,0,51.0,51.0,-0.0660708573300856,0.0,0.0660708573300856,0,0.8,0.7120079579613054
386,G0_F4_Baseline,93,0,8,0.4500057167764345,"[15, 81, 2, 94, 50, 45, 67, 93, 86, 58]",60.0,0,36.0,36.0,0.04124704379223569,0.0,0.04124704379223569,0,0.8,1.62398997335305
386,G1_Age_Normalized,66,0,10,0.7386413156909322,"[25, 81, 15, 58, 2, 30, 66, 20, 45, 7]",97.0,0,15.0,15.0,-0.1374172988623386,0.0,0.45805766287446203,0,0.8,1.6578100560284932
386,G2_Update_Normalized,66,0,10,0.7386413156909322,"[25, 81, 15, 58, 2, 30, 66, 20, 45, 7]",97.0,0,15.0,15.0,-0.1374172988623386,0.0,0.45805766287446203,0,0.8,1.6578100560284932
386,G5_Oracle_Victim,93,0,8,0.4500057167764345,"[15, 81, 2, 94, 50, 45, 67, 93, 86, 58]",60.0,0,36.0,36.0,0.04124704379223569,0.0,0.04124704379223569,0,0.8,1.62398997335305
387,G0_F4_Baseline,99,0,8,0.41540947976384457,"[15, 81, 2, 94, 50, 99, 67, 93, 86, 58]",45.0,0,15.0,15.0,0.0999370098922672,0.0,0.0999370098922672,0,0.8,0.2573545471410784
387,G1_Age_Normalized,59,0,8,0.7089121951999795,"[25, 81, 15, 58, 2, 30, 66, 20, 59, 7]",45.0,0,26.0,26.0,0.236109167611102,0.0,0.4540560915598115,0,0.8,0.009368217714028472
387,G2_Update_Normalized,59,0,8,0.7089121951999795,"[25, 81, 15, 58, 2, 30, 66, 20, 59, 7]",45.0,0,26.0,26.0,0.236109167611102,0.0,0.4540560915598115,0,0.8,0.009368217714028472
387,G5_Oracle_Victim,99,0,8,0.41540947976384457,"[15, 81, 2, 94, 50, 99, 67, 93, 86, 58]",45.0,0,15.0,15.0,0.0999370098922672,0.0,0.0999370098922672,0,0.8,0.2573545471410784
388,G3_Contribution_Aware,35,0,8,0.9806100141795839,"[81, 42, 35, 58, 52, 76, 21, 34, 69, 12]",97.0,0,15.0,15.0,-0.2647570108824129,0.07182325324275382,0.07182325324275382,0,0.4,9.598064629154308
392,G0_F4_Baseline,1,0,8,0.4078372108941992,"[15, 81, 2, 1, 50, 99, 67, 93, 86, 58]",94.0,0,27.0,27.0,0.038274502499746545,0.0,0.038274502499746545,0,0.8,0.19513382138056715
392,G5_Oracle_Victim,1,0,8,0.4078372108941992,"[15, 81, 2, 1, 50, 99, 67, 93, 86, 58]",94.0,0,27.0,27.0,0.038274502499746545,0.0,0.038274502499746545,0,0.8,0.19513382138056715
397,G4_Promotion_Cooldown,33,1,12,1.468352204202146,"[np.int32(83), 33, 86, 85, 7, 36, 43, 58, 48, 29]",39.0,0,120.0,120.0,-0.10166958717436247,0.0,0.10166958717436247,0,0.4,22.308609079503558
399,G0_F4_Baseline,39,0,8,0.7169815988045721,"[15, 81, 2, 1, 50, 99, 39, 93, 86, 58]",67.0,0,16.0,16.0,0.142847938554836,0.0,0.142847938554836,0,0.8,1.4338698507319185
399,G5_Oracle_Victim,39,0,8,0.7169815988045721,"[15, 81, 2, 1, 50, 99, 39, 93, 86, 58]",67.0,0,16.0,16.0,0.142847938554836,0.0,0.142847938554836,0,0.8,1.4338698507319185
402,G0_F4_Baseline,54,0,8,0.5751207750763541,"[15, 81, 2, 1, 50, 99, 39, 54, 86, 58]",93.0,0,16.0,16.0,-0.003102400403908148,0.0,0.003102400403908148,0,0.8,0.9359591268547212
402,G3_Contribution_Aware,4,0,8,0.8493593460166831,"[81, 42, 35, 58, 52, 76, 21, 4, 69, 12]",34.0,0,66.0,66.0,-0.1248775285583109,0.12077805462965215,0.12077805462965215,0,0.4,1.7301309028625016
402,G5_Oracle_Victim,54,0,8,0.5751207750763541,"[15, 81, 2, 1, 50, 99, 39, 54, 86, 58]",93.0,0,16.0,16.0,-0.003102400403908148,0.0,0.003102400403908148,0,0.8,0.9359591268547212
404,G1_Age_Normalized,33,1,9,0.5540360285123049,"[25, 81, 15, 58, 2, 33, 66, 20, 59, 7]",30.0,0,24.0,24.0,0.08440547492632627,0.0,0.1758447394298464,0,1.0,1.1241447087004028
404,G2_Update_Normalized,33,1,9,0.5540360285123049,"[25, 81, 15, 58, 2, 33, 66, 20, 59, 7]",30.0,0,24.0,24.0,0.08440547492632627,0.0,0.1758447394298464,0,1.0,1.1241447087004028
404,G3_Contribution_Aware,13,0,8,0.6580339945124106,"[81, 42, 13, 58, 52, 76, 21, 4, 69, 12]",35.0,0,16.0,16.0,-0.1387034842085032,0.10166263182190491,0.10166263182190491,0,0.4,35.380972101744966
405,G3_Contribution_Aware,15,1,8,1.2448185214400014,"[81, 42, 13, 58, 52, 15, 21, 4, 69, 12]",76.0,0,36.0,36.0,0.2013591223515431,0.16288306438912642,0.16288306438912642,0,0.6,6.011222709152578
406,G0_F4_Baseline,76,0,8,0.5362152268463847,"[15, 81, 2, 1, 50, 99, 39, 54, 76, 58]",86.0,0,50.0,50.0,0.0009971981424382464,0.0,0.0009971981424382464,0,0.8,0.3253618159945118
406,G1_Age_Normalized,27,0,8,0.472052849230212,"[27, 81, 15, 58, 2, 33, 66, 20, 59, 7]",25.0,0,28.0,28.0,0.08316291799465171,0.0,0.14850521070473519,0,1.0,1.7915610746575976
406,G2_Update_Normalized,27,0,8,0.472052849230212,"[27, 81, 15, 58, 2, 33, 66, 20, 59, 7]",25.0,0,28.0,28.0,0.08316291799465171,0.0,0.14850521070473519,0,1.0,1.7915610746575976
406,G5_Oracle_Victim,76,0,8,0.5362152268463847,"[15, 81, 2, 1, 50, 99, 39, 54, 76, 58]",86.0,0,50.0,50.0,0.0009971981424382464,0.0,0.0009971981424382464,0,0.8,0.3253618159945118
407,G3_Contribution_Aware,24,0,8,1.9805598454847757,"[81, 42, 13, 58, 52, 15, 21, 4, 69, 24]",12.0,0,24.0,24.0,0.4562286845355363,0.18063877556405192,0.18063877556405192,0,0.6,0.0020626025833964824
408,G3_Contribution_Aware,8,0,9,0.862960933534348,"[81, 42, 13, 58, 52, 15, 8, 4, 69, 24]",21.0,0,27.0,27.0,-0.03490566589936073,0.26089476868513356,0.26089476868513356,0,0.6,0.2705538029219856
409,G3_Contribution_Aware,11,0,8,1.6135279644685052,"[81, 42, 13, 58, 11, 15, 8, 4, 69, 24]",52.0,0,44.0,44.0,0.3444658731546051,0.29150011671538756,0.29150011671538756,0,0.6,6.252987296401423
410,G3_Contribution_Aware,32,0,8,1.2664939797366357,"[81, 42, 13, 32, 11, 15, 8, 4, 69, 24]",58.0,1,43.0,43.0,-0.7626645026199838,0.4448253878523192,0.4448253878523192,0,0.4,0.28160045968651815
412,G1_Age_Normalized,62,0,8,1.4042360769511903,"[27, 81, 15, 58, 2, 33, 66, 20, 62, 7]",59.0,0,25.0,25.0,-0.01630795024785625,0.0,0.0326159004957125,0,1.0,0.5487575499598752
412,G2_Update_Normalized,62,0,8,1.4042360769511903,"[27, 81, 15, 58, 2, 33, 66, 20, 62, 7]",59.0,0,25.0,25.0,-0.01630795024785625,0.0,0.0326159004957125,0,1.0,0.5487575499598752
416,G1_Age_Normalized,78,0,9,0.6938325952702542,"[27, 81, 15, 58, 2, 33, 78, 20, 62, 7]",66.0,0,30.0,30.0,-0.0698784142451187,0.0,0.11646402374186451,0,1.0,0.432441491091173
416,G2_Update_Normalized,78,0,9,0.6938325952702542,"[27, 81, 15, 58, 2, 33, 78, 20, 62, 7]",66.0,0,30.0,30.0,-0.0698784142451187,0.0,0.11646402374186451,0,1.0,0.432441491091173
417,G4_Promotion_Cooldown,26,0,15,1.7113751384835045,"[26, 33, 86, 85, 7, 36, 43, 58, 48, 29]",83.0,0,417.0,417.0,-0.051093897104471084,0.0,0.051093897104471084,0,0.4,0.4139509371356865
418,G0_F4_Baseline,11,0,8,0.8454264038625402,"[15, 81, 2, 1, 50, 99, 11, 54, 76, 58]",39.0,0,19.0,19.0,-0.009175889583424732,0.0,0.009175889583424732,0,0.8,0.5949632602506193
418,G3_Contribution_Aware,62,0,9,0.9143561356540304,"[81, 42, 13, 32, 11, 15, 8, 62, 69, 24]",4.0,0,16.0,16.0,-0.5093900747368107,0.15637123296840372,0.15637123296840372,0,0.4,13.462808127955235
418,G5_Oracle_Victim,11,0,8,0.8454264038625402,"[15, 81, 2, 1, 50, 99, 11, 54, 76, 58]",39.0,0,19.0,19.0,-0.009175889583424732,0.0,0.009175889583424732,0,0.8,0.5949632602506193
420,G0_F4_Baseline,40,0,17,0.438887004498072,"[15, 81, 2, 1, 50, 99, 11, 40, 76, 58]",54.0,0,18.0,18.0,-0.007387579978903769,0.0,0.007387579978903769,0,0.8,0.6632370255270509
420,G5_Oracle_Victim,40,0,17,0.438887004498072,"[15, 81, 2, 1, 50, 99, 11, 40, 76, 58]",54.0,0,18.0,18.0,-0.007387579978903769,0.0,0.007387579978903769,0,0.8,0.6632370255270509
421,G0_F4_Baseline,34,0,8,0.43156079517562573,"[15, 81, 2, 1, 50, 34, 11, 40, 76, 58]",99.0,0,34.0,34.0,0.007164839605464685,0.0,0.007164839605464685,0,0.8,0.8207949730624208
421,G5_Oracle_Victim,34,0,8,0.43156079517562573,"[15, 81, 2, 1, 50, 34, 11, 40, 76, 58]",99.0,0,34.0,34.0,0.007164839605464685,0.0,0.007164839605464685,0,0.8,0.8207949730624208
423,G3_Contribution_Aware,67,0,8,1.8766016344630938,"[81, 42, 67, 32, 11, 15, 8, 62, 69, 24]",13.0,0,19.0,19.0,-0.22389880215675756,0.07353495184345547,0.07353495184345547,0,0.4,0.2560489029369983
424,G3_Contribution_Aware,86,0,8,1.2676799402920083,"[81, 42, 67, 32, 86, 15, 8, 62, 69, 24]",11.0,0,15.0,15.0,0.08277709954387036,0.038716532998262186,0.038716532998262186,0,0.4,27.0543420474843
425,G3_Contribution_Aware,89,0,8,0.474174857232632,"[81, 42, 67, 89, 86, 15, 8, 62, 69, 24]",32.0,0,15.0,15.0,0.22787541262508257,0.055408267165163366,0.055408267165163366,0,0.4,1.7918749277132235
426,G1_Age_Normalized,61,0,15,0.4810202389129353,"[61, 81, 15, 58, 2, 33, 78, 20, 62, 7]",27.0,0,20.0,20.0,0.04806500060643843,0.0,0.12016250151609607,0,1.0,1.6352432458973853
426,G2_Update_Normalized,61,0,15,0.4810202389129353,"[61, 81, 15, 58, 2, 33, 78, 20, 62, 7]",27.0,0,20.0,20.0,0.04806500060643843,0.0,0.12016250151609607,0,1.0,1.6352432458973853
426,G3_Contribution_Aware,96,0,8,0.7639394247194455,"[81, 42, 67, 89, 86, 15, 96, 62, 69, 24]",8.0,0,18.0,18.0,-0.19854427039193207,0.11522616703550662,0.11522616703550662,0,0.4,13.765666329038822
427,G0_F4_Baseline,74,0,10,0.5439812792123243,"[15, 81, 2, 1, 50, 34, 11, 40, 74, 58]",76.0,0,21.0,21.0,0.03141073526950625,0.0,0.03141073526950625,0,0.8,2.755760234340826
427,G5_Oracle_Victim,74,0,10,0.5439812792123243,"[15, 81, 2, 1, 50, 34, 11, 40, 74, 58]",76.0,0,21.0,21.0,0.03141073526950625,0.0,0.03141073526950625,0,0.8,2.755760234340826
429,G3_Contribution_Aware,7,0,9,0.44109416855304395,"[81, 42, 67, 89, 86, 15, 96, 62, 69, 7]",24.0,0,22.0,22.0,0.14134334012680844,0.1860626381735568,0.1860626381735568,0,0.4,9.011036252317107
431,G3_Contribution_Aware,17,0,9,0.5372141478277712,"[81, 42, 67, 89, 86, 17, 96, 62, 69, 7]",15.0,1,26.0,26.0,-0.5404058974901853,0.4147594958250678,0.4147594958250678,0,0.2,0.9074764700050195
432,G0_F4_Baseline,96,0,17,0.44471525576279297,"[15, 81, 2, 96, 50, 34, 11, 40, 74, 58]",1.0,0,40.0,40.0,0.0029094806695917352,0.0,0.0029094806695917352,0,0.8,1.7816135918856861
432,G3_Contribution_Aware,23,0,10,0.9126651147067477,"[81, 42, 67, 89, 86, 17, 96, 62, 23, 7]",69.0,0,86.0,86.0,-0.12716936068527632,0.4112050178934301,0.4112050178934301,0,0.2,6.281718923333731
432,G5_Oracle_Victim,96,0,17,0.44471525576279297,"[15, 81, 2, 96, 50, 34, 11, 40, 74, 58]",1.0,0,40.0,40.0,0.0029094806695917352,0.0,0.0029094806695917352,0,0.8,1.7816135918856861
433,G3_Contribution_Aware,27,0,8,1.9358510661150543,"[81, 42, 67, 89, 86, 17, 96, 27, 23, 7]",62.0,0,15.0,15.0,-0.7806782184097655,0.08635177039235527,0.08635177039235527,0,0.2,2.829248653520055
434,G3_Contribution_Aware,26,0,9,0.7724006838953565,"[81, 26, 67, 89, 86, 17, 96, 27, 23, 7]",42.0,0,71.0,71.0,0.3142591993287016,0.40431770740216305,0.40431770740216305,0,0.2,2.6480703704268675
435,G0_F4_Baseline,84,0,8,0.43949695289536683,"[15, 81, 2, 96, 50, 34, 11, 84, 74, 58]",40.0,0,15.0,15.0,0.1124222089648495,0.0,0.1124222089648495,0,0.8,0.8550135196939093
435,G5_Oracle_Victim,84,0,8,0.43949695289536683,"[15, 81, 2, 96, 50, 34, 11, 84, 74, 58]",40.0,0,15.0,15.0,0.1124222089648495,0.0,0.1124222089648495,0,0.8,0.8550135196939093
437,G4_Promotion_Cooldown,31,0,9,0.8194344683799734,"[26, 33, 86, 31, 7, 36, 43, 58, 48, 29]",85.0,0,120.0,120.0,-0.001919927777907407,0.0,0.001919927777907407,0,0.4,2.2157970490765257
438,G0_F4_Baseline,23,0,8,0.5678896739242882,"[15, 81, 2, 96, 50, 23, 11, 84, 74, 58]",34.0,0,17.0,17.0,-0.013705477754714243,0.0,0.013705477754714243,0,0.8,1.876926983996646
438,G1_Age_Normalized,44,0,8,0.4635549079311976,"[61, 81, 15, 58, 2, 33, 78, 20, 44, 7]",62.0,0,26.0,26.0,-0.019991203165733336,0.0,0.038444621472564104,0,1.0,3.164886613799118e-05
438,G2_Update_Normalized,44,0,8,0.4635549079311976,"[61, 81, 15, 58, 2, 33, 78, 20, 44, 7]",62.0,0,26.0,26.0,-0.019991203165733336,0.0,0.038444621472564104,0,1.0,3.164886613799118e-05
438,G5_Oracle_Victim,23,0,8,0.5678896739242882,"[15, 81, 2, 96, 50, 23, 11, 84, 74, 58]",34.0,0,17.0,17.0,-0.013705477754714243,0.0,0.013705477754714243,0,0.8,1.876926983996646
444,G0_F4_Baseline,22,0,8,0.4116447233360249,"[15, 81, 2, 96, 50, 23, 11, 84, 22, 58]",74.0,0,17.0,17.0,0.049801223258088445,0.0,0.049801223258088445,0,0.8,0.8949652408020106
444,G3_Contribution_Aware,74,0,8,0.9214999422186505,"[81, 26, 67, 89, 74, 17, 96, 27, 23, 7]",86.0,0,20.0,20.0,-0.065826582063511,0.06640615961699647,0.06640615961699647,0,0.2,7.014619791421097
444,G5_Oracle_Victim,22,0,8,0.4116447233360249,"[15, 81, 2, 96, 50, 23, 11, 84, 22, 58]",74.0,0,17.0,17.0,0.049801223258088445,0.0,0.049801223258088445,0,0.8,0.8949652408020106
445,G1_Age_Normalized,32,0,8,0.47869435848616404,"[32, 81, 15, 58, 2, 33, 78, 20, 44, 7]",61.0,0,19.0,19.0,0.01703632284522636,0.0,0.04483242854006937,0,1.0,0.3643960896058563
445,G2_Update_Normalized,32,0,8,0.47869435848616404,"[32, 81, 15, 58, 2, 33, 78, 20, 44, 7]",61.0,0,19.0,19.0,0.01703632284522636,0.0,0.04483242854006937,0,1.0,0.3643960896058563
449,G0_F4_Baseline,64,0,10,0.457633840393064,"[15, 81, 2, 64, 50, 23, 11, 84, 22, 58]",96.0,0,17.0,17.0,0.15616010822472715,0.0,0.15616010822472715,0,0.8,0.5372570319298491
449,G3_Contribution_Aware,79,0,8,2.2562558245889814,"[81, 26, 67, 89, 74, 79, 96, 27, 23, 7]",17.0,0,18.0,18.0,-0.15257983431589983,0.03512479315832193,0.03512479315832193,0,0.2,0.20928184338031489
449,G5_Oracle_Victim,64,0,10,0.457633840393064,"[15, 81, 2, 64, 50, 23, 11, 84, 22, 58]",96.0,0,17.0,17.0,0.15616010822472715,0.0,0.15616010822472715,0,0.8,0.5372570319298491
451,G3_Contribution_Aware,2,1,10,0.6013346164338175,"[81, 26, 67, 89, 74, 79, 96, 27, 23, 2]",7.0,0,22.0,22.0,0.1684665294169882,0.08939415022658548,0.08939415022658548,0,0.4,21.392600780609826
452,G3_Contribution_Aware,87,0,8,0.639231553156756,"[81, 26, 67, 89, 74, 79, 96, 27, 87, 2]",23.0,0,20.0,20.0,-0.08493763069681474,0.09613082305527196,0.09613082305527196,0,0.4,12.5952297487294
455,G0_F4_Baseline,85,0,8,0.5875590660178536,"[15, 81, 2, 64, 50, 85, 11, 84, 22, 58]",23.0,0,17.0,17.0,-0.04150629135781564,0.0,0.04150629135781564,0,0.8,0.9572756303265318
455,G5_Oracle_Victim,85,0,8,0.5875590660178536,"[15, 81, 2, 64, 50, 85, 11, 84, 22, 58]",23.0,0,17.0,17.0,-0.04150629135781564,0.0,0.04150629135781564,0,0.8,0.9572756303265318
456,G1_Age_Normalized,50,0,8,0.4178924223002432,"[32, 81, 15, 58, 2, 33, 78, 20, 44, 50]",7.0,0,87.0,87.0,0.024198182350767088,0.0,0.024198182350767088,0,1.0,0.09686522812513179
456,G2_Update_Normalized,50,0,8,0.4178924223002432,"[32, 81, 15, 58, 2, 33, 78, 20, 44, 50]",7.0,0,87.0,87.0,0.024198182350767088,0.0,0.024198182350767088,0,1.0,0.09686522812513179
457,G4_Promotion_Cooldown,98,0,12,0.5277441911115377,"[26, 33, 86, 31, 7, 36, 43, 58, 98, 29]",48.0,0,353.0,353.0,-0.04712013632847262,0.0,0.04712013632847262,0,0.4,34.75262617269899
459,G0_F4_Baseline,6,0,8,0.5074880252605471,"[15, 81, 2, 64, 50, 85, 11, 84, 6, 58]",22.0,0,15.0,15.0,-0.09417494717585215,0.0,0.09417494717585215,0,0.8,0.247817812722902
459,G5_Oracle_Victim,6,0,8,0.5074880252605471,"[15, 81, 2, 64, 50, 85, 11, 84, 6, 58]",22.0,0,15.0,15.0,-0.09417494717585215,0.0,0.09417494717585215,0,0.8,0.247817812722902
461,G3_Contribution_Aware,22,0,8,0.9010610574954763,"[81, 26, 67, 89, 22, 79, 96, 27, 87, 2]",74.0,0,17.0,17.0,-0.19052009581180943,0.06095670923810384,0.06095670923810384,0,0.4,4.934100310515534
462,G3_Contribution_Aware,44,0,12,0.46074967859749527,"[81, 26, 67, 89, 22, 79, 96, 44, 87, 2]",27.0,0,29.0,29.0,-0.3257378868761929,0.19269096794666127,0.19269096794666127,0,0.4,2.252845227564886
464,G3_Contribution_Aware,35,0,8,1.3497892744333928,"[81, 26, 67, 89, 22, 35, 96, 44, 87, 2]",79.0,0,15.0,15.0,-0.2666769422618458,0.09042305623051328,0.09042305623051328,0,0.4,18.628382161846233
476,G0_F4_Baseline,60,0,8,0.46498093559946907,"[15, 81, 2, 64, 50, 85, 60, 84, 6, 58]",11.0,0,58.0,58.0,-0.0043764785001096235,0.0,0.0043764785001096235,0,0.8,0.1911529215016752
476,G5_Oracle_Victim,60,0,8,0.46498093559946907,"[15, 81, 2, 64, 50, 85, 60, 84, 6, 58]",11.0,0,58.0,58.0,-0.0043764785001096235,0.0,0.0043764785001096235,0,0.8,0.1911529215016752
477,G3_Contribution_Aware,92,0,8,0.7400448680016961,"[81, 26, 67, 89, 92, 35, 96, 44, 87, 2]",22.0,0,16.0,16.0,-0.027040568891594202,0.058809195426740186,0.058809195426740186,0,0.4,6.053729789082056
477,G4_Promotion_Cooldown,67,0,12,0.6674179193646435,"[26, 33, 86, 31, 7, 36, 43, 58, 98, 67]",29.0,0,120.0,120.0,0.03368479100205948,0.0,0.03368479100205948,0,0.4,5.928292419488154
478,G3_Contribution_Aware,99,0,8,0.5777044537540956,"[81, 26, 67, 99, 92, 35, 96, 44, 87, 2]",89.0,0,53.0,53.0,-0.006651999589370947,0.14673016441783146,0.14673016441783146,0,0.4,10.098719563791963
479,G3_Contribution_Aware,16,0,8,0.5502080119033719,"[81, 26, 67, 99, 92, 16, 96, 44, 87, 2]",35.0,0,15.0,15.0,0.14904244087528645,0.04799189778791103,0.04799189778791103,0,0.4,5.5919663280138066
482,G3_Contribution_Aware,11,0,8,0.5451486811999681,"[81, 26, 67, 99, 92, 16, 96, 11, 87, 2]",44.0,0,20.0,20.0,-0.20901287451567144,0.17261881020229394,0.17261881020229394,0,0.4,2.4024527624340677
485,G3_Contribution_Aware,41,0,8,0.7914632168871149,"[81, 41, 67, 99, 92, 16, 96, 11, 87, 2]",26.0,0,51.0,51.0,0.16688474408907294,0.17435909372929703,0.17435909372929703,0,0.4,6.893283841454619
486,G3_Contribution_Aware,45,0,8,0.5329534445726166,"[81, 41, 45, 99, 92, 16, 96, 11, 87, 2]",67.0,0,63.0,63.0,-0.05301783231312862,0.18246010424479767,0.18246010424479767,0,0.4,1.1843005797598831
488,G3_Contribution_Aware,33,1,8,1.0953857087984156,"[81, 41, 45, 99, 92, 16, 96, 11, 33, 2]",87.0,0,36.0,36.0,0.30281716995236957,0.38817896720079614,0.38817896720079614,0,0.6,0.1685438825592265
491,G3_Contribution_Aware,63,0,8,0.8810177314787689,"[81, 41, 45, 99, 92, 16, 63, 11, 33, 2]",96.0,0,65.0,65.0,0.6898697671575521,0.3826801845262046,0.3826801845262046,0,0.6,1.8392319674416289
493,G3_Contribution_Aware,55,0,8,2.0513758513087055,"[81, 41, 45, 99, 55, 16, 63, 11, 33, 2]",92.0,0,16.0,16.0,0.26635943928487266,0.06678143148112581,0.06678143148112581,0,0.6,0.8861848532043757
495,G0_F4_Baseline,72,0,9,0.40707974301258176,"[15, 81, 2, 64, 72, 85, 60, 84, 6, 58]",50.0,0,114.0,114.0,-0.030868954846534763,0.0,0.030868954846534763,0,0.8,3.0356653349609246
495,G5_Oracle_Victim,72,0,9,0.40707974301258176,"[15, 81, 2, 64, 72, 85, 60, 84, 6, 58]",50.0,0,114.0,114.0,-0.030868954846534763,0.0,0.030868954846534763,0,0.8,3.0356653349609246
497,G3_Contribution_Aware,60,0,10,0.5304527898075214,"[81, 41, 45, 99, 55, 60, 63, 11, 33, 2]",16.0,0,18.0,18.0,0.13956880558186424,0.03599391962221557,0.03599391962221557,0,0.6,4.462419651658115
497,G4_Promotion_Cooldown,62,0,18,0.5149015659303428,"[26, 33, 86, 31, 7, 36, 43, 58, 98, 62]",67.0,0,20.0,20.0,0.005838338662490648,0.0,0.005838338662490648,0,0.4,0.17039386801305054
499,G3_Contribution_Aware,83,0,12,0.5068705976491377,"[81, 41, 45, 99, 55, 60, 63, 83, 33, 2]",11.0,0,17.0,17.0,-0.12769324690347128,0.07219797589107307,0.07219797589107307,0,0.6,8.759115551815036
504,G3_Contribution_Aware,86,0,8,1.4946380869335112,"[81, 41, 86, 99, 55, 60, 63, 83, 33, 2]",45.0,0,18.0,18.0,-0.19802206644488451,0.07842957553749375,0.07842957553749375,0,0.6,0.10607109387550605
505,G3_Contribution_Aware,6,0,8,1.0960765228035465,"[81, 6, 86, 99, 55, 60, 63, 83, 33, 2]",41.0,0,20.0,20.0,-0.19057965239720434,0.08450285068417623,0.08450285068417623,0,0.6,7.394540771301782
506,G3_Contribution_Aware,85,0,10,0.6942915236552204,"[81, 6, 86, 99, 55, 60, 85, 83, 33, 2]",63.0,0,15.0,15.0,-0.1525359791549203,0.04557888248258828,0.04557888248258828,0,0.6,0.4070026780824188
509,G3_Contribution_Aware,20,0,8,0.5028691315687693,"[81, 6, 86, 99, 20, 60, 85, 83, 33, 2]",55.0,0,16.0,16.0,0.019892419998350425,0.041396036315868204,0.041396036315868204,0,0.6,0.5955659035808899
511,G3_Contribution_Aware,12,0,8,0.866594877681056,"[81, 6, 86, 99, 20, 60, 85, 83, 12, 2]",33.0,1,23.0,23.0,0.8090481611670227,0.35677396265456285,0.35677396265456285,0,0.4,5.105829855015671
513,G1_Age_Normalized,54,0,8,0.41354235662964467,"[32, 81, 15, 58, 2, 33, 54, 20, 44, 50]",78.0,0,97.0,97.0,0.01300204585359435,0.0,0.01300204585359435,0,1.0,0.009005355679120825
513,G2_Update_Normalized,54,0,8,0.41354235662964467,"[32, 81, 15, 58, 2, 33, 54, 20, 44, 50]",78.0,0,97.0,97.0,0.01300204585359435,0.0,0.01300204585359435,0,1.0,0.009005355679120825
514,G0_F4_Baseline,37,0,8,0.4949792348214143,"[15, 81, 2, 64, 72, 85, 37, 84, 6, 58]",60.0,0,38.0,38.0,-0.012283230043371311,0.0,0.012283230043371311,0,0.8,0.012841514525517643
514,G1_Age_Normalized,55,0,8,0.41766234621792814,"[55, 81, 15, 58, 2, 33, 54, 20, 44, 50]",32.0,0,69.0,69.0,-0.01492328337438929,0.0,0.01492328337438929,0,1.0,6.017232107194326e-05
514,G2_Update_Normalized,55,0,8,0.41766234621792814,"[55, 81, 15, 58, 2, 33, 54, 20, 44, 50]",32.0,0,69.0,69.0,-0.01492328337438929,0.0,0.01492328337438929,0,1.0,6.017232107194326e-05
514,G3_Contribution_Aware,21,0,8,0.7003426071266717,"[81, 6, 86, 99, 20, 21, 85, 83, 12, 2]",60.0,0,17.0,17.0,-0.09112459021625857,0.03849871399822964,0.03849871399822964,0,0.4,2.1607757069904294
514,G5_Oracle_Victim,37,0,8,0.4949792348214143,"[15, 81, 2, 64, 72, 85, 37, 84, 6, 58]",60.0,0,38.0,38.0,-0.012283230043371311,0.0,0.012283230043371311,0,0.8,0.012841514525517643
516,G3_Contribution_Aware,23,0,9,0.6486257397882533,"[81, 6, 86, 99, 20, 21, 85, 23, 12, 2]",83.0,0,17.0,17.0,-0.23148745220569938,0.05625442338825761,0.05625442338825761,0,0.4,1.7898916610365265
517,G3_Contribution_Aware,43,0,9,0.4743187862358892,"[81, 6, 86, 43, 20, 21, 85, 23, 12, 2]",99.0,0,39.0,39.0,-0.24832520401431638,0.4085594507497848,0.4085594507497848,0,0.4,4.979417680732466
517,G4_Promotion_Cooldown,21,0,11,0.8464231773934465,"[26, 33, 86, 31, 7, 21, 43, 58, 98, 62]",36.0,0,180.0,180.0,-0.1253039997048431,0.0,0.1253039997048431,0,0.4,0.0003670183770533169
518,G1_Age_Normalized,4,0,8,0.4430020804613538,"[55, 81, 15, 58, 2, 33, 54, 20, 4, 50]",44.0,0,80.0,80.0,0.022006133945575473,0.0,0.022006133945575473,0,1.0,0.06056942337263975
518,G2_Update_Normalized,4,0,8,0.4430020804613538,"[55, 81, 15, 58, 2, 33, 54, 20, 4, 50]",44.0,0,80.0,80.0,0.022006133945575473,0.0,0.022006133945575473,0,1.0,0.06056942337263975
522,G0_F4_Baseline,76,0,8,0.5302888242133618,"[15, 81, 2, 64, 76, 85, 37, 84, 6, 58]",72.0,0,27.0,27.0,0.023235003427463125,0.0,0.023235003427463125,0,0.8,0.3328882774675744
522,G3_Contribution_Aware,61,0,8,0.8399068223784545,"[81, 61, 86, 43, 20, 21, 85, 23, 12, 2]",6.0,0,17.0,17.0,0.08628949468664146,0.043013980090096986,0.043013980090096986,0,0.4,16.700910675204458
522,G5_Oracle_Victim,76,0,8,0.5302888242133618,"[15, 81, 2, 64, 76, 85, 37, 84, 6, 58]",72.0,0,27.0,27.0,0.023235003427463125,0.0,0.023235003427463125,0,0.8,0.3328882774675744
524,G3_Contribution_Aware,58,1,8,1.0166339460955833,"[81, 61, 86, 43, 58, 21, 85, 23, 12, 2]",20.0,0,15.0,15.0,0.006707765322971418,0.07614305317691727,0.07614305317691727,0,0.6,0.025895818837854787
527,G3_Contribution_Aware,82,0,8,0.677562440355006,"[81, 61, 86, 43, 58, 21, 85, 23, 82, 2]",12.0,0,16.0,16.0,0.23383013402379638,0.05226127823171389,0.05226127823171389,0,0.6,0.006675380002499675
530,G3_Contribution_Aware,72,0,8,0.577806395036275,"[81, 61, 86, 43, 58, 72, 85, 23, 82, 2]",21.0,0,16.0,16.0,-0.1977186157518107,0.07415459902957372,0.07415459902957372,0,0.6,1.867145503481625
532,G0_F4_Baseline,38,0,10,0.5256463395424914,"[15, 81, 2, 64, 76, 85, 38, 84, 6, 58]",37.0,0,18.0,18.0,-0.031632864260514246,0.0,0.031632864260514246,0,0.8,1.1447403966786358
532,G5_Oracle_Victim,38,0,10,0.5256463395424914,"[15, 81, 2, 64, 76, 85, 38, 84, 6, 58]",37.0,0,18.0,18.0,-0.031632864260514246,0.0,0.031632864260514246,0,0.8,1.1447403966786358
533,G3_Contribution_Aware,10,0,9,0.6009759478877457,"[81, 61, 86, 10, 58, 72, 85, 23, 82, 2]",43.0,0,16.0,16.0,-0.03141284751008897,0.030850093518930467,0.030850093518930467,0,0.6,1.4312734004866667
537,G0_F4_Baseline,44,0,8,0.7867530388759958,"[15, 81, 2, 64, 76, 44, 38, 84, 6, 58]",85.0,0,82.0,82.0,0.04637359403124203,0.0,0.04637359403124203,0,0.8,0.277435191064009
537,G4_Promotion_Cooldown,22,0,16,0.41999689335976365,"[26, 33, 86, 31, 22, 21, 43, 58, 98, 62]",7.0,0,340.0,340.0,-0.03967792902159151,0.0,0.03967792902159151,0,0.4,0.18468336325120424
537,G5_Oracle_Victim,44,0,8,0.7867530388759958,"[15, 81, 2, 64, 76, 44, 38, 84, 6, 58]",85.0,0,82.0,82.0,0.04637359403124203,0.0,0.04637359403124203,0,0.8,0.277435191064009
538,G0_F4_Baseline,70,0,8,0.4213210291963062,"[15, 81, 2, 64, 70, 44, 38, 84, 6, 58]",76.0,0,16.0,16.0,0.07137534098931185,0.0,0.07137534098931185,0,0.8,0.4666743439530384
538,G3_Contribution_Aware,15,1,8,1.4927982225431997,"[81, 15, 86, 10, 58, 72, 85, 23, 82, 2]",61.0,0,16.0,16.0,0.18587495571328538,0.04324423664602595,0.04324423664602595,0,0.8,4.747836238723474
538,G5_Oracle_Victim,70,0,8,0.4213210291963062,"[15, 81, 2, 64, 70, 44, 38, 84, 6, 58]",76.0,0,16.0,16.0,0.07137534098931185,0.0,0.07137534098931185,0,0.8,0.4666743439530384
545,G3_Contribution_Aware,53,0,8,1.394246929284405,"[81, 15, 86, 10, 58, 53, 85, 23, 82, 2]",72.0,0,15.0,15.0,-0.2780701909432436,0.06835642679718208,0.06835642679718208,0,0.8,1.48855863980914
550,G0_F4_Baseline,0,0,8,0.4435251055305674,"[15, 81, 2, 0, 70, 44, 38, 84, 6, 58]",64.0,0,101.0,101.0,-0.10664339697349161,0.0,0.10664339697349161,0,0.8,0.24037946261737592
550,G3_Contribution_Aware,84,0,8,2.242900473263202,"[81, 15, 86, 84, 58, 53, 85, 23, 82, 2]",10.0,0,17.0,17.0,-0.29992762501644216,0.10281273558200006,0.10281273558200006,0,0.8,2.4303195350470523
550,G5_Oracle_Victim,0,0,8,0.4435251055305674,"[15, 81, 2, 0, 70, 44, 38, 84, 6, 58]",64.0,0,101.0,101.0,-0.10664339697349161,0.0,0.10664339697349161,0,0.8,0.24037946261737592
555,G0_F4_Baseline,43,0,8,0.40241656726818,"[15, 81, 2, 0, 70, 43, 38, 84, 6, 58]",44.0,0,18.0,18.0,-0.002787833223246189,0.0,0.002787833223246189,0,0.8,1.0681269430135178
555,G5_Oracle_Victim,43,0,8,0.40241656726818,"[15, 81, 2, 0, 70, 43, 38, 84, 6, 58]",44.0,0,18.0,18.0,-0.002787833223246189,0.0,0.002787833223246189,0,0.8,1.0681269430135178
556,G3_Contribution_Aware,87,0,8,0.6722856347124584,"[81, 15, 86, 84, 58, 53, 85, 23, 87, 2]",82.0,0,29.0,29.0,-0.13387977019842223,0.10042085715826941,0.10042085715826941,0,0.8,0.9542711328405324
557,G3_Contribution_Aware,92,0,8,0.8773066479691142,"[81, 15, 92, 84, 58, 53, 85, 23, 87, 2]",86.0,0,53.0,53.0,-0.20636130310552897,0.16265847310213397,0.16265847310213397,0,0.8,0.7693171402267562
557,G4_Promotion_Cooldown,6,0,21,0.7513037081888163,"[26, 33, 86, 31, 6, 21, 43, 58, 98, 62]",22.0,0,20.0,20.0,0.14943408325854024,0.0,0.14943408325854024,0,0.4,1.9910199945164184
562,G3_Contribution_Aware,29,0,22,0.40419106752545647,"[81, 15, 92, 84, 58, 29, 85, 23, 87, 2]",53.0,0,17.0,17.0,0.08334779587247723,0.025749788013354362,0.025749788013354362,0,0.8,2.078376724111281
563,G0_F4_Baseline,73,0,8,0.49274564520062347,"[15, 81, 2, 0, 70, 43, 38, 73, 6, 58]",84.0,0,128.0,128.0,0.04454931004377281,0.0,0.04454931004377281,0,0.8,2.9604032932746334
563,G5_Oracle_Victim,73,0,8,0.49274564520062347,"[15, 81, 2, 0, 70, 43, 38, 73, 6, 58]",84.0,0,128.0,128.0,0.04454931004377281,0.0,0.04454931004377281,0,0.8,2.9604032932746334
564,G0_F4_Baseline,42,0,12,0.49114749384660233,"[15, 81, 2, 0, 42, 43, 38, 73, 6, 58]",70.0,0,26.0,26.0,-0.08018995403012498,0.0,0.08018995403012498,0,0.8,2.032748122043254
564,G5_Oracle_Victim,42,0,12,0.49114749384660233,"[15, 81, 2, 0, 42, 43, 38, 73, 6, 58]",70.0,0,26.0,26.0,-0.08018995403012498,0.0,0.08018995403012498,0,0.8,2.032748122043254
566,G3_Contribution_Aware,26,0,8,0.5258191278087505,"[81, 15, 92, 26, 58, 29, 85, 23, 87, 2]",84.0,0,16.0,16.0,-0.001103010010249733,0.03270057793160379,0.03270057793160379,0,0.8,1.3384651895718795
570,G3_Contribution_Aware,57,0,9,0.7705386693899607,"[81, 15, 92, 26, 58, 29, 85, 57, 87, 2]",23.0,0,54.0,54.0,-0.07349047270422057,0.19498262318423656,0.19498262318423656,0,0.8,0.48325671356795585
571,G3_Contribution_Aware,41,0,9,0.6240240172763948,"[81, 15, 92, 26, 58, 29, 85, 57, 41, 2]",87.0,0,15.0,15.0,-0.26840546879245025,0.1449468228925152,0.1449468228925152,0,0.8,1.613819900162758
577,G4_Promotion_Cooldown,93,0,21,0.4457684865271637,"[26, 33, 86, 31, 6, 21, 43, 58, 98, 93]",62.0,0,80.0,80.0,0.03957473630795971,0.0,0.03957473630795971,0,0.4,4.708193933365156
579,G0_F4_Baseline,40,0,8,0.6940401282922535,"[15, 81, 2, 0, 42, 43, 38, 40, 6, 58]",73.0,0,16.0,16.0,-0.0744187642214847,0.0,0.0744187642214847,0,0.8,0.022779014164330303
579,G5_Oracle_Victim,40,0,8,0.6940401282922535,"[15, 81, 2, 0, 42, 43, 38, 40, 6, 58]",73.0,0,16.0,16.0,-0.0744187642214847,0.0,0.0744187642214847,0,0.8,0.022779014164330303
583,G3_Contribution_Aware,90,0,15,0.46261848164018776,"[81, 15, 92, 90, 58, 29, 85, 57, 41, 2]",26.0,0,17.0,17.0,0.050223009679208494,0.01458376867144039,0.01458376867144039,0,0.8,1.805415587006063
585,G3_Contribution_Aware,97,0,8,0.7624986868906818,"[81, 15, 97, 90, 58, 29, 85, 57, 41, 2]",92.0,0,28.0,28.0,-0.10949188664411491,0.030724001725581516,0.030724001725581516,0,0.8,0.00377913331969489
587,G3_Contribution_Aware,0,0,8,0.628175971969083,"[81, 15, 97, 90, 58, 29, 85, 57, 0, 2]",41.0,0,16.0,16.0,0.25655304850264926,0.07607308657101196,0.07607308657101196,0,0.8,0.2033193628651673
594,G3_Contribution_Aware,34,0,8,0.7265782933321534,"[81, 15, 97, 90, 58, 29, 85, 34, 0, 2]",57.0,0,24.0,24.0,0.03448606614186317,0.1187014917250175,0.1187014917250175,0,0.8,2.6303375707775047
596,G3_Contribution_Aware,20,0,8,0.99147075428568,"[81, 15, 97, 90, 58, 20, 85, 34, 0, 2]",29.0,0,34.0,34.0,-0.45402031347934074,0.1912244046621952,0.1912244046621952,0,0.8,0.06142064935517694
597,G4_Promotion_Cooldown,90,0,8,0.8224926570185478,"[26, 33, 86, 31, 6, 21, 90, 58, 98, 93]",43.0,0,533.0,533.0,0.004293999031463269,0.0,0.004293999031463269,0,0.4,0.5082149868672712
602,G3_Contribution_Aware,46,0,8,0.7091677605658913,"[81, 15, 46, 90, 58, 20, 85, 34, 0, 2]",97.0,0,17.0,17.0,-0.03037323031607228,0.0396852093328923,0.0396852093328923,0,0.8,0.8889026341415422
606,G0_F4_Baseline,87,0,18,0.41748632135794134,"[15, 81, 2, 0, 42, 87, 38, 40, 6, 58]",43.0,0,51.0,51.0,0.04801870707570796,0.0,0.04801870707570796,0,0.8,1.3301735244744628
606,G5_Oracle_Victim,87,0,18,0.41748632135794134,"[15, 81, 2, 0, 42, 87, 38, 40, 6, 58]",43.0,0,51.0,51.0,0.04801870707570796,0.0,0.04801870707570796,0,0.8,1.3301735244744628
607,G0_F4_Baseline,45,0,10,0.40465695503810123,"[15, 81, 2, 0, 42, 87, 38, 40, 45, 58]",6.0,0,148.0,148.0,-0.08387258634322756,0.0,0.08387258634322756,0,0.8,1.091458563111357
607,G5_Oracle_Victim,45,0,10,0.40465695503810123,"[15, 81, 2, 0, 42, 87, 38, 40, 45, 58]",6.0,0,148.0,148.0,-0.08387258634322756,0.0,0.08387258634322756,0,0.8,1.091458563111357
609,G3_Contribution_Aware,70,0,8,0.47424487280462274,"[81, 15, 46, 90, 58, 20, 85, 70, 0, 2]",34.0,0,15.0,15.0,-0.11827224855458653,0.06669722768894715,0.06669722768894715,0,0.8,0.9819195896248574
617,G3_Contribution_Aware,31,0,8,0.47940134767602066,"[81, 15, 46, 90, 58, 31, 85, 70, 0, 2]",20.0,0,21.0,21.0,-0.07980276760262192,0.037063684764681706,0.037063684764681706,0,0.8,0.5767621634289972
617,G4_Promotion_Cooldown,69,0,9,0.596060763011984,"[26, 33, 86, 31, 6, 69, 90, 58, 98, 93]",21.0,0,100.0,100.0,0.11290788503461159,0.0,0.11290788503461159,0,0.4,0.30522963990355034
627,G3_Contribution_Aware,69,0,8,0.45672909415271423,"[81, 15, 46, 90, 58, 31, 85, 69, 0, 2]",70.0,0,18.0,18.0,-0.004013979215520273,0.019647146317685223,0.019647146317685223,0,0.8,0.047558960051503577
630,G0_F4_Baseline,11,0,8,0.7293359064614766,"[15, 81, 2, 0, 42, 11, 38, 40, 45, 58]",87.0,0,24.0,24.0,-0.050225070176637764,0.0,0.050225070176637764,0,0.8,1.258701180725635
630,G3_Contribution_Aware,94,0,19,0.45303550432071515,"[81, 15, 94, 90, 58, 31, 85, 69, 0, 2]",46.0,0,28.0,28.0,0.0012864226164817673,0.035087359522015076,0.035087359522015076,0,0.8,0.6062846004229916
630,G5_Oracle_Victim,11,0,8,0.7293359064614766,"[15, 81, 2, 0, 42, 11, 38, 40, 45, 58]",87.0,0,24.0,24.0,-0.050225070176637764,0.0,0.050225070176637764,0,0.8,1.258701180725635
634,G3_Contribution_Aware,82,0,8,0.8605806019164742,"[81, 15, 94, 90, 58, 82, 85, 69, 0, 2]",31.0,0,17.0,17.0,0.013649810383016242,0.036913398272776426,0.036913398272776426,0,0.8,1.939839728691622
637,G4_Promotion_Cooldown,96,0,8,1.6564096180643597,"[26, 33, 86, 31, 6, 69, 90, 58, 98, 96]",93.0,0,60.0,60.0,0.049916894951420286,0.0,0.049916894951420286,0,0.4,0.0017586766856267926
639,G3_Contribution_Aware,37,0,8,0.7429872877950409,"[81, 15, 94, 90, 58, 82, 37, 69, 0, 2]",85.0,0,133.0,133.0,-0.15600861940064192,0.09806376057088605,0.09806376057088605,0,0.8,0.00023144626145017597
650,G3_Contribution_Aware,79,0,8,0.4295792268697002,"[81, 15, 94, 90, 58, 79, 37, 69, 0, 2]",82.0,0,16.0,16.0,0.03792970128697801,0.01138386528487477,0.01138386528487477,0,0.8,3.220677265052651
656,G0_F4_Baseline,6,0,8,0.6686232327209152,"[15, 81, 2, 0, 42, 11, 6, 40, 45, 58]",38.0,0,124.0,124.0,0.060661532319476075,0.0,0.060661532319476075,0,0.8,1.5489008010803536
656,G5_Oracle_Victim,6,0,8,0.6686232327209152,"[15, 81, 2, 0, 42, 11, 6, 40, 45, 58]",38.0,0,124.0,124.0,0.060661532319476075,0.0,0.060661532319476075,0,0.8,1.5489008010803536
657,G4_Promotion_Cooldown,74,0,22,1.6521391856342968,"[26, 74, 86, 31, 6, 69, 90, 58, 98, 96]",33.0,1,260.0,260.0,0.02714702746817693,0.0,0.02714702746817693,0,0.2,0.2809629061110969
660,G3_Contribution_Aware,14,0,11,0.4419788662807663,"[81, 15, 94, 90, 58, 79, 14, 69, 0, 2]",37.0,0,21.0,21.0,-0.045854083846034725,0.03501857246838368,0.03501857246838368,0,0.8,0.006259597735427658
663,G0_F4_Baseline,68,0,8,0.5114254122437996,"[15, 81, 2, 0, 42, 11, 6, 68, 45, 58]",40.0,0,84.0,84.0,0.0160884255908149,0.0,0.0160884255908149,0,0.8,0.05444178547158721
663,G5_Oracle_Victim,68,0,8,0.5114254122437996,"[15, 81, 2, 0, 42, 11, 6, 68, 45, 58]",40.0,0,84.0,84.0,0.0160884255908149,0.0,0.0160884255908149,0,0.8,0.05444178547158721
664,G3_Contribution_Aware,28,0,8,0.6764359913370133,"[81, 15, 94, 90, 58, 79, 14, 28, 0, 2]",69.0,0,37.0,37.0,0.11150021900161254,0.048406055138513954,0.048406055138513954,0,0.8,0.06466132731767488
666,G3_Contribution_Aware,17,0,8,0.5665797728947415,"[81, 15, 94, 90, 58, 17, 14, 28, 0, 2]",79.0,0,16.0,16.0,-0.12065566712123199,0.05791016416390744,0.05791016416390744,0,0.8,0.9387708802435113
677,G4_Promotion_Cooldown,52,0,10,1.015796294027723,"[52, 74, 86, 31, 6, 69, 90, 58, 98, 96]",26.0,0,260.0,260.0,0.06216383150973759,0.0,0.06216383150973759,0,0.2,0.05045948546828479
683,G0_F4_Baseline,76,0,8,0.5194622991292926,"[15, 81, 2, 0, 42, 11, 6, 76, 45, 58]",68.0,0,20.0,20.0,-0.006898844371785139,0.0,0.006898844371785139,0,0.8,0.998053382145939
683,G5_Oracle_Victim,76,0,8,0.5194622991292926,"[15, 81, 2, 0, 42, 11, 6, 76, 45, 58]",68.0,0,20.0,20.0,-0.006898844371785139,0.0,0.006898844371785139,0,0.8,0.998053382145939
685,G3_Contribution_Aware,83,0,8,0.5104799917347244,"[81, 15, 94, 90, 58, 17, 14, 83, 0, 2]",28.0,0,21.0,21.0,0.0496264500073047,0.020783696888099546,0.020783696888099546,0,0.8,0.707144995825187
688,G3_Contribution_Aware,11,0,8,0.5077638384093656,"[81, 15, 94, 90, 58, 17, 11, 83, 0, 2]",14.0,0,28.0,28.0,-0.00039934666482764614,0.0345733385652187,0.0345733385652187,0,0.8,1.245918520741629
689,G3_Contribution_Aware,89,0,14,0.4875326049260936,"[81, 15, 89, 90, 58, 17, 11, 83, 0, 2]",94.0,0,59.0,59.0,-0.1217186754660742,0.05326259347436786,0.05326259347436786,0,0.8,1.3100570487140206
693,G3_Contribution_Aware,33,1,8,1.6012047819469557,"[81, 15, 89, 90, 58, 17, 11, 83, 33, 2]",0.0,0,106.0,106.0,-0.040511937249099295,0.07008972140293777,0.07008972140293777,0,1.0,1.5166381673387799
695,G3_Contribution_Aware,20,0,8,0.8769081262894594,"[81, 15, 89, 90, 58, 20, 11, 83, 33, 2]",17.0,0,29.0,29.0,0.20323735399947437,0.09796148240735898,0.09796148240735898,0,1.0,0.6046601684928448
697,G4_Promotion_Cooldown,89,0,19,0.503918786806771,"[52, 74, 86, 31, 6, 69, 89, 58, 98, 96]",90.0,0,100.0,100.0,0.13677324542414188,0.0,0.13677324542414188,0,0.2,5.820633434582564
704,G0_F4_Baseline,84,0,8,0.8640117282968911,"[15, 81, 2, 0, 42, 11, 6, 84, 45, 58]",76.0,0,21.0,21.0,-0.018991434594733812,0.0,0.018991434594733812,0,0.8,0.04909762281305502
704,G3_Contribution_Aware,76,0,8,0.5620657736658589,"[81, 15, 89, 90, 58, 20, 76, 83, 33, 2]",11.0,0,16.0,16.0,0.03525609212391228,0.00977143802603955,0.00977143802603955,0,1.0,0.02239635406333409
704,G5_Oracle_Victim,84,0,8,0.8640117282968911,"[15, 81, 2, 0, 42, 11, 6, 84, 45, 58]",76.0,0,21.0,21.0,-0.018991434594733812,0.0,0.018991434594733812,0,0.8,0.04909762281305502
705,G3_Contribution_Aware,53,0,8,0.45406021865098567,"[81, 15, 53, 90, 58, 20, 76, 83, 33, 2]",89.0,0,16.0,16.0,-0.14461343687912243,0.04439610932861753,0.04439610932861753,0,1.0,0.5237041676333631
707,G0_F4_Baseline,1,0,8,0.7587110850325312,"[15, 81, 2, 1, 42, 11, 6, 84, 45, 58]",0.0,0,157.0,157.0,0.03624262411618129,0.0,0.03624262411618129,0,0.8,0.6353720811996699
707,G5_Oracle_Victim,1,0,8,0.7587110850325312,"[15, 81, 2, 1, 42, 11, 6, 84, 45, 58]",0.0,0,157.0,157.0,0.03624262411618129,0.0,0.03624262411618129,0,0.8,0.6353720811996699
711,G3_Contribution_Aware,4,0,8,0.6167539717447066,"[81, 15, 53, 90, 58, 4, 76, 83, 33, 2]",20.0,0,16.0,16.0,-0.010711676676225633,0.016349595571073447,0.016349595571073447,0,1.0,0.1823860051184483
716,G3_Contribution_Aware,12,0,8,0.5772059227642956,"[81, 15, 53, 90, 58, 4, 76, 12, 33, 2]",83.0,0,31.0,31.0,0.03958880575226184,0.04415039531640424,0.04415039531640424,0,1.0,0.09808095804230485
717,G4_Promotion_Cooldown,45,0,12,0.9085818827029994,"[52, 74, 86, 31, 6, 45, 89, 58, 98, 96]",69.0,0,100.0,100.0,0.05354072419163705,0.0,0.05354072419163705,0,0.2,2.096489870395444
720,G0_F4_Baseline,64,0,9,0.4011436499453144,"[15, 81, 2, 1, 42, 11, 6, 84, 64, 58]",45.0,0,113.0,113.0,-0.0477126741451744,0.0,0.0477126741451744,0,0.8,1.1929715628984754
720,G5_Oracle_Victim,64,0,9,0.4011436499453144,"[15, 81, 2, 1, 42, 11, 6, 84, 64, 58]",45.0,0,113.0,113.0,-0.0477126741451744,0.0,0.0477126741451744,0,0.8,1.1929715628984754
733,G0_F4_Baseline,33,1,28,0.4577180538901954,"[15, 81, 2, 33, 42, 11, 6, 84, 64, 58]",1.0,0,26.0,26.0,0.0032377002252337358,0.0,0.0032377002252337358,0,1.0,3.3148683672917616
733,G5_Oracle_Victim,33,1,28,0.4577180538901954,"[15, 81, 2, 33, 42, 11, 6, 84, 64, 58]",1.0,0,26.0,26.0,0.0032377002252337358,0.0,0.0032377002252337358,0,1.0,3.3148683672917616
737,G4_Promotion_Cooldown,16,0,13,0.6785513294855824,"[52, 74, 86, 31, 16, 45, 89, 58, 98, 96]",6.0,0,180.0,180.0,0.17490950483941686,0.0,0.17490950483941686,0,0.2,0.18269399114397145
746,G0_F4_Baseline,31,0,13,0.5056038403501184,"[15, 81, 2, 33, 42, 11, 6, 31, 64, 58]",84.0,0,42.0,42.0,0.030928775582521956,0.0,0.030928775582521956,0,1.0,1.8528175897703822
746,G5_Oracle_Victim,31,0,13,0.5056038403501184,"[15, 81, 2, 33, 42, 11, 6, 31, 64, 58]",84.0,0,42.0,42.0,0.030928775582521956,0.0,0.030928775582521956,0,1.0,1.8528175897703822
752,G0_F4_Baseline,5,0,11,0.4085677338303734,"[15, 81, 2, 33, 42, 11, 5, 31, 64, 58]",6.0,0,96.0,96.0,-0.09394255946961176,0.0,0.09394255946961176,0,1.0,0.528926145138103
752,G5_Oracle_Victim,5,0,11,0.4085677338303734,"[15, 81, 2, 33, 42, 11, 5, 31, 64, 58]",6.0,0,96.0,96.0,-0.09394255946961176,0.0,0.09394255946961176,0,1.0,0.528926145138103
757,G0_F4_Baseline,43,0,8,0.7227319321819271,"[15, 81, 2, 33, 42, 43, 5, 31, 64, 58]",11.0,0,127.0,127.0,-0.07393776118046375,0.0,0.07393776118046375,0,1.0,0.5652140043968317
757,G4_Promotion_Cooldown,49,0,30,1.7735010730824907,"[52, 74, 86, 31, 16, 45, 89, 58, 49, 96]",98.0,0,300.0,300.0,0.020100147266415513,0.0,0.020100147266415513,0,0.2,19.274744678866497
757,G5_Oracle_Victim,43,0,8,0.7227319321819271,"[15, 81, 2, 33, 42, 43, 5, 31, 64, 58]",11.0,0,127.0,127.0,-0.07393776118046375,0.0,0.07393776118046375,0,1.0,0.5652140043968317
777,G4_Promotion_Cooldown,50,0,18,0.8688537190486922,"[52, 74, 86, 31, 16, 45, 50, 58, 49, 96]",89.0,0,80.0,80.0,-0.05157184116836362,0.0,0.05157184116836362,0,0.2,4.366604177923743
797,G4_Promotion_Cooldown,39,0,13,0.7578122276490521,"[52, 74, 86, 31, 39, 45, 50, 58, 49, 96]",16.0,0,60.0,60.0,0.084817174876242,0.0,0.084817174876242,0,0.2,0.13848253412428074
817,G4_Promotion_Cooldown,41,0,33,0.46812232080854055,"[52, 74, 41, 31, 39, 45, 50, 58, 49, 96]",86.0,0,440.0,440.0,-0.1250144320829343,0.0,0.1250144320829343,0,0.2,3.841880941046117
837,G4_Promotion_Cooldown,59,0,22,0.5397956241747024,"[59, 74, 41, 31, 39, 45, 50, 58, 49, 96]",52.0,0,160.0,160.0,-0.0758084037864126,0.0,0.0758084037864126,0,0.2,14.124999230128246
848,G1_Age_Normalized,77,0,8,0.4056375885729567,"[55, 81, 15, 58, 2, 33, 54, 20, 77, 50]",4.0,0,330.0,330.0,-0.0018800020362986598,0.0,0.0018800020362986598,0,1.0,0.008003816901374649
848,G2_Update_Normalized,77,0,8,0.4056375885729567,"[55, 81, 15, 58, 2, 33, 54, 20, 77, 50]",4.0,0,330.0,330.0,-0.0018800020362986598,0.0,0.0018800020362986598,0,1.0,0.008003816901374649
857,G4_Promotion_Cooldown,6,0,15,1.1000417035426742,"[59, 74, 41, 31, 39, 45, 50, 58, 49, 6]",96.0,0,220.0,220.0,-0.07255662552497208,0.0,0.07255662552497208,0,0.2,4.645722903642731
877,G4_Promotion_Cooldown,90,0,14,2.4999363647391237,"[90, 74, 41, 31, 39, 45, 50, 58, 49, 6]",59.0,0,40.0,40.0,0.22637503981713264,0.0,0.22637503981713264,0,0.2,0.09871628838037716
897,G4_Promotion_Cooldown,95,0,20,0.45619393456762947,"[90, 74, 41, 31, 39, 45, 50, 58, 49, 95]",6.0,0,40.0,40.0,0.0005085599881975988,0.0,0.0005085599881975988,0,0.2,5.4948246658913416
917,G4_Promotion_Cooldown,93,0,13,0.7522000661809511,"[93, 74, 41, 31, 39, 45, 50, 58, 49, 95]",90.0,0,40.0,40.0,-0.1717409928479333,0.0,0.1717409928479333,0,0.2,0.035820249422661196
937,G4_Promotion_Cooldown,3,0,20,0.9627027073727343,"[93, 74, 41, 3, 39, 45, 50, 58, 49, 95]",31.0,0,500.0,500.0,0.014513340465688196,0.0,0.014513340465688196,0,0.2,4.039216640732144
957,G4_Promotion_Cooldown,7,0,20,0.5885115770682212,"[93, 74, 41, 3, 39, 45, 50, 58, 7, 95]",49.0,0,200.0,200.0,0.0621994809778237,0.0,0.0621994809778237,0,0.2,0.213637496942219
977,G4_Promotion_Cooldown,2,1,41,0.6675316592353175,"[2, 74, 41, 3, 39, 45, 50, 58, 7, 95]",93.0,0,60.0,60.0,-0.018568325258153995,0.0,0.018568325258153995,0,0.4,12.596846382552254
997,G4_Promotion_Cooldown,0,0,20,0.9100666094008687,"[2, 74, 41, 0, 39, 45, 50, 58, 7, 95]",3.0,0,60.0,60.0,0.040878361309132805,0.0,0.040878361309132805,0,0.4,29.189912454573168
1002,G0_F4_Baseline,68,0,8,0.968139219120664,"[15, 81, 2, 33, 68, 43, 5, 31, 64, 58]",42.0,0,438.0,438.0,0.002550726258732554,0.0,0.002550726258732554,0,0.0,68.33998849892394
1002,G1_Age_Normalized,87,0,9,2.0820238971994844,"[55, 81, 15, 58, 2, 33, 54, 20, 77, 87]",50.0,0,546.0,546.0,-0.012162808269664115,0.0,0.012162808269664115,0,0.0,70.29946155653096
1002,G2_Update_Normalized,87,0,9,2.0820238971994844,"[55, 81, 15, 58, 2, 33, 54, 20, 77, 87]",50.0,0,546.0,546.0,-0.012162808269664115,0.0,0.012162808269664115,0,0.0,70.29946155653096
1002,G3_Contribution_Aware,97,0,9,1.3080954012614658,"[81, 15, 53, 97, 58, 4, 76, 12, 33, 2]",90.0,0,419.0,419.0,-0.2899551869594372,0.015249005664399422,0.015249005664399422,0,0.0,72.35585213027288
1002,G5_Oracle_Victim,68,0,8,0.968139219120664,"[15, 81, 2, 33, 68, 43, 5, 31, 64, 58]",42.0,0,438.0,438.0,0.002550726258732554,0.0,0.002550726258732554,0,0.0,68.33998849892394
1004,G0_F4_Baseline,85,0,8,0.653690808514714,"[15, 81, 2, 85, 68, 43, 5, 31, 64, 58]",33.0,0,271.0,271.0,-0.055246809414858745,0.0,0.055246809414858745,0,0.0,13.065809872425945
1004,G5_Oracle_Victim,85,0,8,0.653690808514714,"[15, 81, 2, 85, 68, 43, 5, 31, 64, 58]",33.0,0,271.0,271.0,-0.055246809414858745,0.0,0.055246809414858745,0,0.0,13.065809872425945
1007,G3_Contribution_Aware,42,0,12,0.6725179256415176,"[81, 15, 53, 97, 58, 42, 76, 12, 33, 2]",4.0,0,296.0,296.0,-0.1709677355760904,0.03179867291034853,0.03179867291034853,0,0.0,5.476120740160543
1009,G0_F4_Baseline,23,0,20,0.598975605162672,"[15, 81, 2, 85, 68, 43, 5, 31, 64, 23]",58.0,0,705.0,705.0,0.03447579115773847,0.0,0.03447579115773847,0,0.0,59.92843713173631
1009,G1_Age_Normalized,37,0,9,1.994267749110771,"[55, 81, 15, 37, 2, 33, 54, 20, 77, 87]",58.0,0,774.0,774.0,-0.0846424628483522,0.0,0.0846424628483522,0,0.0,97.46948123843764
1009,G2_Update_Normalized,37,0,9,1.994267749110771,"[55, 81, 15, 37, 2, 33, 54, 20, 77, 87]",58.0,0,774.0,774.0,-0.0846424628483522,0.0,0.0846424628483522,0,0.0,97.46948123843764
1009,G3_Contribution_Aware,51,0,10,1.5280498603905588,"[81, 15, 53, 97, 58, 42, 51, 12, 33, 2]",76.0,0,305.0,305.0,-0.1624887392521785,0.07654239365267115,0.07654239365267115,0,0.0,99.49912746799008
1009,G5_Oracle_Victim,23,0,20,0.598975605162672,"[15, 81, 2, 85, 68, 43, 5, 31, 64, 23]",58.0,0,705.0,705.0,0.03447579115773847,0.0,0.03447579115773847,0,0.0,59.92843713173631
1010,G0_F4_Baseline,11,0,8,0.6573723384617075,"[15, 81, 2, 85, 68, 43, 5, 11, 64, 23]",31.0,0,264.0,264.0,-0.04320064355560892,0.0,0.04320064355560892,0,0.0,9.529041703205088e-06
1010,G1_Age_Normalized,41,0,8,0.9144375344226944,"[55, 81, 15, 37, 2, 33, 41, 20, 77, 87]",54.0,0,497.0,497.0,0.2724900444707489,0.0,0.2724900444707489,0,0.0,4.216491204033128
1010,G2_Update_Normalized,41,0,8,0.9144375344226944,"[55, 81, 15, 37, 2, 33, 41, 20, 77, 87]",54.0,0,497.0,497.0,0.2724900444707489,0.0,0.2724900444707489,0,0.0,4.216491204033128
1010,G5_Oracle_Victim,11,0,8,0.6573723384617075,"[15, 81, 2, 85, 68, 43, 5, 11, 64, 23]",31.0,0,264.0,264.0,-0.04320064355560892,0.0,0.04320064355560892,0,0.0,9.529041703205088e-06
1013,G1_Age_Normalized,82,0,12,0.5404348064035455,"[55, 81, 15, 37, 2, 33, 41, 82, 77, 87]",20.0,0,636.0,636.0,-0.23239579701115265,0.0,0.23239579701115265,0,0.0,13.930053528140249
1013,G2_Update_Normalized,82,0,12,0.5404348064035455,"[55, 81, 15, 37, 2, 33, 41, 82, 77, 87]",20.0,0,636.0,636.0,-0.23239579701115265,0.0,0.23239579701115265,0,0.0,13.930053528140249
1014,G0_F4_Baseline,65,0,24,0.6310946327928233,"[15, 81, 2, 85, 68, 43, 65, 11, 64, 23]",5.0,0,262.0,262.0,0.012344578382618876,0.0,0.012344578382618876,0,0.0,11.596264219952333
1014,G1_Age_Normalized,89,0,17,1.016821614886626,"[55, 81, 15, 37, 2, 89, 41, 82, 77, 87]",33.0,0,610.0,610.0,0.08330274029076912,0.0,0.08330274029076912,0,0.0,16.695347387860256
1014,G2_Update_Normalized,89,0,17,1.016821614886626,"[55, 81, 15, 37, 2, 89, 41, 82, 77, 87]",33.0,0,610.0,610.0,0.08330274029076912,0.0,0.08330274029076912,0,0.0,16.695347387860256
1014,G3_Contribution_Aware,95,0,15,1.099972045633564,"[81, 15, 95, 97, 58, 42, 51, 12, 33, 2]",53.0,0,309.0,309.0,0.2788166055128212,0.09848171738156375,0.09848171738156375,0,0.0,24.58646589117681
1014,G5_Oracle_Victim,65,0,24,0.6310946327928233,"[15, 81, 2, 85, 68, 43, 65, 11, 64, 23]",5.0,0,262.0,262.0,0.012344578382618876,0.0,0.012344578382618876,0,0.0,11.596264219952333
1015,G0_F4_Baseline,67,0,20,0.5856606779880481,"[15, 67, 2, 85, 68, 43, 65, 11, 64, 23]",81.0,0,942.0,942.0,0.5296991362628723,0.0,0.5296991362628723,0,0.0,10.560559704124763
1015,G3_Contribution_Aware,6,0,9,0.48943551053476453,"[81, 15, 95, 97, 58, 42, 51, 6, 33, 2]",12.0,0,299.0,299.0,0.4769438934492099,0.22112543488413894,0.22112543488413894,0,0.0,0.16724530790862555
1015,G5_Oracle_Victim,67,0,20,0.5856606779880481,"[15, 67, 2, 85, 68, 43, 65, 11, 64, 23]",81.0,0,942.0,942.0,0.5296991362628723,0.0,0.5296991362628723,0,0.0,10.560559704124763
1016,G1_Age_Normalized,3,0,10,1.0632200936417175,"[3, 81, 15, 37, 2, 89, 41, 82, 77, 87]",55.0,0,502.0,502.0,0.060515185651275505,0.0,0.060515185651275505,0,0.0,45.415566403834276
1016,G2_Update_Normalized,3,0,10,1.0632200936417175,"[3, 81, 15, 37, 2, 89, 41, 82, 77, 87]",55.0,0,502.0,502.0,0.060515185651275505,0.0,0.060515185651275505,0,0.0,45.415566403834276
1016,G3_Contribution_Aware,13,0,17,0.5744876826828396,"[81, 15, 95, 97, 58, 42, 51, 6, 13, 2]",33.0,0,323.0,323.0,0.015833732680352604,0.35599348655357643,0.35599348655357643,0,0.0,15.580589160447044
1017,G0_F4_Baseline,86,0,23,0.5296923753577185,"[15, 67, 2, 85, 68, 43, 65, 11, 86, 23]",64.0,0,297.0,297.0,0.2158556742704038,0.0,0.2158556742704038,0,0.0,15.612705388726692
1017,G1_Age_Normalized,0,0,11,0.7001213757214607,"[3, 81, 0, 37, 2, 89, 41, 82, 77, 87]",15.0,0,714.0,714.0,-0.40025599098559106,0.0,0.40025599098559106,0,0.0,5.0330123169837035e-05
1017,G2_Update_Normalized,0,0,11,0.7001213757214607,"[3, 81, 0, 37, 2, 89, 41, 82, 77, 87]",15.0,0,714.0,714.0,-0.40025599098559106,0.0,0.40025599098559106,0,0.0,5.0330123169837035e-05
1017,G4_Promotion_Cooldown,49,1,14,2.1539150532528413,"[2, 74, 41, 0, 39, 45, 49, 58, 7, 95]",50.0,0,240.0,240.0,0.20489412829977952,0.0,0.20489412829977952,0,0.4,0.9951109512419276
1017,G5_Oracle_Victim,86,0,23,0.5296923753577185,"[15, 67, 2, 85, 68, 43, 65, 11, 86, 23]",64.0,0,297.0,297.0,0.2158556742704038,0.0,0.2158556742704038,0,0.0,15.612705388726692
1018,G0_F4_Baseline,96,0,8,0.41563440105397387,"[15, 67, 2, 85, 96, 43, 65, 11, 86, 23]",68.0,0,16.0,16.0,-0.09816027183525067,0.0,0.09816027183525067,0,0.0,29.789301290262696
1018,G1_Age_Normalized,16,0,18,0.5466951668590935,"[3, 16, 0, 37, 2, 89, 41, 82, 77, 87]",81.0,0,945.0,945.0,0.3659877377571244,0.0,0.3659877377571244,0,0.0,19.443801980701636
1018,G2_Update_Normalized,16,0,18,0.5466951668590935,"[3, 16, 0, 37, 2, 89, 41, 82, 77, 87]",81.0,0,945.0,945.0,0.3659877377571244,0.0,0.3659877377571244,0,0.0,19.443801980701636
1018,G3_Contribution_Aware,29,0,10,1.2320527116041677,"[81, 15, 95, 29, 58, 42, 51, 6, 13, 2]",97.0,0,16.0,16.0,-0.1651565940110583,0.13077892540841862,0.13077892540841862,0,0.0,25.228449132099158
1018,G5_Oracle_Victim,96,0,8,0.41563440105397387,"[15, 67, 2, 85, 96, 43, 65, 11, 86, 23]",68.0,0,16.0,16.0,-0.09816027183525067,0.0,0.09816027183525067,0,0.0,29.789301290262696
1021,G1_Age_Normalized,44,0,8,1.8875469065862904,"[3, 16, 0, 37, 2, 89, 41, 82, 44, 87]",77.0,0,173.0,173.0,0.20344654562857245,0.0,0.20344654562857245,0,0.0,1.8293343698791622
1021,G2_Update_Normalized,44,0,8,1.8875469065862904,"[3, 16, 0, 37, 2, 89, 41, 82, 44, 87]",77.0,0,173.0,173.0,0.20344654562857245,0.0,0.20344654562857245,0,0.0,1.8293343698791622
1021,G3_Contribution_Aware,49,1,20,1.1540636469652463,"[81, 49, 95, 29, 58, 42, 51, 6, 13, 2]",15.0,0,483.0,483.0,0.0025855866778642655,0.4954799283083773,0.4954799283083773,0,0.2,3.168414295163823
1022,G1_Age_Normalized,51,0,16,0.8228546916377706,"[3, 16, 0, 37, 51, 89, 41, 82, 44, 87]",2.0,0,831.0,831.0,0.2756119396928106,0.0,0.2756119396928106,0,0.0,15.110758890583387
1022,G2_Update_Normalized,51,0,16,0.8228546916377706,"[3, 16, 0, 37, 51, 89, 41, 82, 44, 87]",2.0,0,831.0,831.0,0.2756119396928106,0.0,0.2756119396928106,0,0.0,15.110758890583387
1022,G3_Contribution_Aware,56,0,33,0.46523073084668365,"[81, 49, 95, 29, 58, 56, 51, 6, 13, 2]",42.0,0,15.0,15.0,-0.4123847080159255,0.06388074393374206,0.06388074393374206,0,0.2,33.61763081027344
1024,G1_Age_Normalized,63,0,12,0.8052674647751533,"[3, 16, 0, 63, 51, 89, 41, 82, 44, 87]",37.0,0,15.0,15.0,-0.16292937798128898,0.0,0.5430979266042967,0,0.0,22.881862946245576
1024,G2_Update_Normalized,63,0,12,0.8052674647751533,"[3, 16, 0, 63, 51, 89, 41, 82, 44, 87]",37.0,0,15.0,15.0,-0.16292937798128898,0.0,0.5430979266042967,0,0.0,22.881862946245576
1024,G3_Contribution_Aware,69,0,8,0.9090526427990798,"[81, 49, 95, 29, 58, 56, 69, 6, 13, 2]",51.0,0,15.0,15.0,0.36000977736934614,0.13836853085881468,0.13836853085881468,0,0.2,14.39725030149041
1025,G0_F4_Baseline,50,0,12,0.47371697139921354,"[15, 67, 2, 85, 96, 43, 65, 11, 86, 50]",23.0,0,16.0,16.0,-0.13201399957236337,0.0,0.13201399957236337,0,0.0,44.42087959266264
1025,G3_Contribution_Aware,79,0,8,1.0592248709495142,"[81, 49, 95, 29, 79, 56, 69, 6, 13, 2]",58.0,0,501.0,501.0,-0.06598902813772796,0.46202673186213816,0.46202673186213816,0,0.2,43.418576685066256
1025,G5_Oracle_Victim,50,0,12,0.47371697139921354,"[15, 67, 2, 85, 96, 43, 65, 11, 86, 50]",23.0,0,16.0,16.0,-0.13201399957236337,0.0,0.13201399957236337,0,0.0,44.42087959266264
1026,G0_F4_Baseline,61,0,28,0.5479418173877156,"[15, 67, 2, 85, 96, 43, 65, 61, 86, 50]",11.0,0,16.0,16.0,-0.02154645091127505,0.0,0.02154645091127505,0,0.0,46.93930508180004
1026,G5_Oracle_Victim,61,0,28,0.5479418173877156,"[15, 67, 2, 85, 96, 43, 65, 61, 86, 50]",11.0,0,16.0,16.0,-0.02154645091127505,0.0,0.02154645091127505,0,0.0,46.93930508180004
1027,G0_F4_Baseline,72,0,18,0.46537390814997104,"[72, 67, 2, 85, 96, 43, 65, 61, 86, 50]",15.0,0,734.0,734.0,0.20950483137443307,0.0,0.20950483137443307,0,0.0,0.04931696743104119
1027,G1_Age_Normalized,62,0,13,1.0212351440589504,"[3, 16, 0, 63, 51, 89, 41, 82, 44, 62]",87.0,0,25.0,25.0,-0.20473095616139925,0.0,0.4094619123227985,0,0.0,27.660931704405062
1027,G2_Update_Normalized,62,0,13,1.0212351440589504,"[3, 16, 0, 63, 51, 89, 41, 82, 44, 62]",87.0,0,25.0,25.0,-0.20473095616139925,0.0,0.4094619123227985,0,0.0,27.660931704405062
1027,G5_Oracle_Victim,72,0,18,0.46537390814997104,"[72, 67, 2, 85, 96, 43, 65, 61, 86, 50]",15.0,0,734.0,734.0,0.20950483137443307,0.0,0.20950483137443307,0,0.0,0.04931696743104119
1029,G1_Age_Normalized,6,0,19,0.796567359085044,"[3, 16, 0, 63, 51, 89, 41, 6, 44, 62]",82.0,0,16.0,16.0,-0.11038709436006641,0.0,0.34495966987520754,0,0.0,7.882810411803874
1029,G2_Update_Normalized,6,0,19,0.796567359085044,"[3, 16, 0, 63, 51, 89, 41, 6, 44, 62]",82.0,0,16.0,16.0,-0.11038709436006641,0.0,0.34495966987520754,0,0.0,7.882810411803874
1030,G3_Contribution_Aware,91,0,8,1.0811208371610743,"[81, 49, 95, 29, 79, 56, 69, 91, 13, 2]",6.0,0,15.0,15.0,-0.32816345982671963,0.1609138180012326,0.1609138180012326,0,0.2,2.174989076695659
1031,G3_Contribution_Aware,28,0,8,1.2528668353509305,"[81, 49, 95, 29, 79, 56, 69, 91, 28, 2]",13.0,0,15.0,15.0,0.1616101480903369,0.08866414468690634,0.08866414468690634,0,0.2,2.8084888602249385
1033,G1_Age_Normalized,39,0,8,1.4106881437412544,"[3, 39, 0, 63, 51, 89, 41, 6, 44, 62]",16.0,0,15.0,15.0,-0.1403450282451677,0.0,0.4678167608172257,0,0.0,19.923052386968546
1033,G2_Update_Normalized,39,0,8,1.4106881437412544,"[3, 39, 0, 63, 51, 89, 41, 6, 44, 62]",16.0,0,15.0,15.0,-0.1403450282451677,0.0,0.4678167608172257,0,0.0,19.923052386968546
1033,G3_Contribution_Aware,46,0,10,0.7586806639714825,"[81, 49, 46, 29, 79, 56, 69, 91, 28, 2]",95.0,0,19.0,19.0,-0.2641599736448903,0.19463309064198894,0.19463309064198894,0,0.2,11.42375819890428
1034,G1_Age_Normalized,45,0,8,2.5676085967820907,"[3, 39, 0, 63, 51, 89, 45, 6, 44, 62]",41.0,0,24.0,24.0,0.23033143318391758,0.0,0.47985715246649496,0,0.0,0.02654239863713156
1034,G2_Update_Normalized,45,0,8,2.5676085967820907,"[3, 39, 0, 63, 51, 89, 45, 6, 44, 62]",41.0,0,24.0,24.0,0.23033143318391758,0.0,0.47985715246649496,0,0.0,0.02654239863713156
1035,G3_Contribution_Aware,63,0,12,0.5346027498652928,"[81, 49, 46, 63, 79, 56, 69, 91, 28, 2]",29.0,0,17.0,17.0,1.0791153098023032,0.4125219714751452,0.4125219714751452,0,0.2,1.0659646336433943
1036,G1_Age_Normalized,66,1,8,0.6596193309350268,"[3, 39, 0, 63, 51, 89, 45, 6, 66, 62]",44.0,0,15.0,15.0,-0.02624039575022919,0.0,0.0874679858340973,0,0.2,0.8559599660862488
1036,G2_Update_Normalized,66,1,8,0.6596193309350268,"[3, 39, 0, 63, 51, 89, 45, 6, 66, 62]",44.0,0,15.0,15.0,-0.02624039575022919,0.0,0.0874679858340973,0,0.2,0.8559599660862488
1036,G3_Contribution_Aware,72,0,14,0.7715451424773545,"[81, 72, 46, 63, 79, 56, 69, 91, 28, 2]",49.0,1,15.0,15.0,-0.6426237042739876,0.22093261786638363,0.22093261786638363,0,0.0,1.886240578035621
1037,G1_Age_Normalized,71,0,23,0.49462082869878277,"[3, 39, 0, 63, 51, 71, 45, 6, 66, 62]",89.0,0,23.0,23.0,0.15889591278585,0.0,0.34542589736054347,0,0.2,12.482060286656354
1037,G2_Update_Normalized,71,0,23,0.49462082869878277,"[3, 39, 0, 63, 51, 71, 45, 6, 66, 62]",89.0,0,23.0,23.0,0.15889591278585,0.0,0.34542589736054347,0,0.2,12.482060286656354
1037,G4_Promotion_Cooldown,75,0,8,0.6252650744857702,"[2, 74, 41, 0, 39, 75, 49, 58, 7, 95]",45.0,0,320.0,320.0,-0.240308635881335,0.0,0.240308635881335,0,0.4,0.5186331731744832
1038,G0_F4_Baseline,51,0,27,0.4482105042835598,"[72, 51, 2, 85, 96, 43, 65, 61, 86, 50]",67.0,0,23.0,23.0,-0.10721630230897855,0.0,0.10721630230897855,0,0.0,9.692763905990073
1038,G5_Oracle_Victim,51,0,27,0.4482105042835598,"[72, 51, 2, 85, 96, 43, 65, 61, 86, 50]",67.0,0,23.0,23.0,-0.10721630230897855,0.0,0.10721630230897855,0,0.0,9.692763905990073
1039,G0_F4_Baseline,59,0,40,0.49227730245240336,"[72, 51, 2, 59, 96, 43, 65, 61, 86, 50]",85.0,0,35.0,35.0,0.20107635147314046,0.0,0.20107635147314046,0,0.0,0.012557153420614238
1039,G1_Age_Normalized,86,0,27,0.7892380152698231,"[3, 39, 0, 86, 51, 71, 45, 6, 66, 62]",63.0,0,15.0,15.0,-0.13188441017283137,0.0,0.4396147005761046,0,0.2,5.767365204942205
1039,G2_Update_Normalized,86,0,27,0.7892380152698231,"[3, 39, 0, 86, 51, 71, 45, 6, 66, 62]",63.0,0,15.0,15.0,-0.13188441017283137,0.0,0.4396147005761046,0,0.2,5.767365204942205
1039,G3_Contribution_Aware,89,0,8,1.9731646061275518,"[81, 72, 46, 63, 79, 56, 89, 91, 28, 2]",69.0,0,15.0,15.0,0.37912167186123613,0.07715605825960659,0.07715605825960659,0,0.0,12.887797217856527
1039,G5_Oracle_Victim,59,0,40,0.49227730245240336,"[72, 51, 2, 59, 96, 43, 65, 61, 86, 50]",85.0,0,35.0,35.0,0.20107635147314046,0.0,0.20107635147314046,0,0.0,0.012557153420614238
1040,G0_F4_Baseline,66,1,24,0.4449169995365756,"[72, 51, 2, 59, 66, 43, 65, 61, 86, 50]",96.0,0,22.0,22.0,0.3703151537167796,0.0,0.3703151537167796,0,0.2,12.792535570245368
1040,G1_Age_Normalized,97,0,13,0.8308757804217561,"[97, 39, 0, 86, 51, 71, 45, 6, 66, 62]",3.0,0,24.0,24.0,0.36008672988089196,0.0,0.7501806872518583,0,0.2,30.132015677066924
1040,G2_Update_Normalized,97,0,13,0.8308757804217561,"[97, 39, 0, 86, 51, 71, 45, 6, 66, 62]",3.0,0,24.0,24.0,0.36008672988089196,0.0,0.7501806872518583,0,0.2,30.132015677066924
1040,G3_Contribution_Aware,94,0,8,0.6953954629385569,"[81, 72, 46, 63, 94, 56, 89, 91, 28, 2]",79.0,0,15.0,15.0,-0.0820910900579956,0.03857521070259782,0.03857521070259782,0,0.0,21.724352170420318
1040,G5_Oracle_Victim,66,1,24,0.4449169995365756,"[72, 51, 2, 59, 66, 43, 65, 61, 86, 50]",96.0,0,22.0,22.0,0.3703151537167796,0.0,0.3703151537167796,0,0.2,12.792535570245368
1041,G0_F4_Baseline,33,0,8,2.4455090776098958,"[72, 51, 2, 59, 66, 43, 65, 33, 86, 50]",61.0,0,15.0,15.0,-0.08103696223245213,0.0,0.08103696223245213,0,0.2,5.812399281105052
1041,G3_Contribution_Aware,0,0,8,0.5621548604650861,"[81, 72, 46, 63, 94, 0, 89, 91, 28, 2]",56.0,0,19.0,19.0,-0.6284981771552287,0.12234044334374693,0.12234044334374693,0,0.0,5.809222874499321
1041,G5_Oracle_Victim,33,0,8,2.4455090776098958,"[72, 51, 2, 59, 66, 43, 65, 33, 86, 50]",61.0,0,15.0,15.0,-0.08103696223245213,0.0,0.08103696223245213,0,0.2,5.812399281105052
1042,G0_F4_Baseline,84,0,8,0.6096105361167845,"[72, 51, 2, 59, 66, 84, 65, 33, 86, 50]",43.0,0,285.0,285.0,0.2003590246192241,0.0,0.2003590246192241,0,0.2,4.609197356543589
1042,G1_Age_Normalized,12,0,18,0.6421236508774734,"[97, 39, 0, 86, 51, 71, 45, 6, 66, 12]",62.0,0,15.0,15.0,-0.11597406962479193,0.0,0.38658023208263975,0,0.2,3.7458160575651416
1042,G2_Update_Normalized,12,0,18,0.6421236508774734,"[97, 39, 0, 86, 51, 71, 45, 6, 66, 12]",62.0,0,15.0,15.0,-0.11597406962479193,0.0,0.38658023208263975,0,0.2,3.7458160575651416
1042,G3_Contribution_Aware,64,0,15,0.5248150894747033,"[64, 72, 46, 63, 94, 0, 89, 91, 28, 2]",81.0,0,798.0,798.0,-0.33110085955369156,0.3815126017297139,0.3815126017297139,0,0.0,0.9086849053146132
1042,G5_Oracle_Victim,84,0,8,0.6096105361167845,"[72, 51, 2, 59, 66, 84, 65, 33, 86, 50]",43.0,0,285.0,285.0,0.2003590246192241,0.0,0.2003590246192241,0,0.2,4.609197356543589
1044,G3_Contribution_Aware,90,0,8,1.720236331594629,"[64, 72, 46, 63, 94, 0, 89, 91, 28, 90]",2.0,0,593.0,593.0,0.3700555415222043,0.6494861956653075,0.6494861956653075,0,0.0,4.945339033155074
1045,G1_Age_Normalized,34,0,12,0.4184516631987173,"[97, 39, 34, 86, 51, 71, 45, 6, 66, 12]",0.0,0,28.0,28.0,0.15028909422470144,0.0,0.2683733825441097,0,0.2,10.683752994873151
1045,G2_Update_Normalized,34,0,12,0.4184516631987173,"[97, 39, 34, 86, 51, 71, 45, 6, 66, 12]",0.0,0,28.0,28.0,0.15028909422470144,0.0,0.2683733825441097,0,0.2,10.683752994873151
1045,G3_Contribution_Aware,25,0,14,0.6298047589661824,"[64, 72, 46, 63, 94, 0, 89, 25, 28, 90]",91.0,0,15.0,15.0,0.3605851257562057,0.18232563805957777,0.18232563805957777,0,0.0,0.989784782578601
1046,G1_Age_Normalized,43,0,12,1.0546094877742862,"[97, 39, 34, 86, 51, 71, 45, 43, 66, 12]",6.0,0,17.0,17.0,0.11862822173570775,0.0,0.3489065345167875,0,0.2,2.2898807725619936
1046,G2_Update_Normalized,43,0,12,1.0546094877742862,"[97, 39, 34, 86, 51, 71, 45, 43, 66, 12]",6.0,0,17.0,17.0,0.11862822173570775,0.0,0.3489065345167875,0,0.2,2.2898807725619936
1047,G0_F4_Baseline,81,0,8,1.311460255122914,"[72, 51, 81, 59, 66, 84, 65, 33, 86, 50]",2.0,0,931.0,931.0,0.25501694932072744,0.0,0.25501694932072744,0,0.2,7.517956366710397
1047,G3_Contribution_Aware,41,0,13,0.41635511836308087,"[64, 72, 46, 63, 94, 0, 89, 25, 41, 90]",28.0,0,16.0,16.0,0.1678116486597382,0.09599611968034838,0.09599611968034838,0,0.0,4.010270030566641
1047,G5_Oracle_Victim,81,0,8,1.311460255122914,"[72, 51, 81, 59, 66, 84, 65, 33, 86, 50]",2.0,0,931.0,931.0,0.25501694932072744,0.0,0.25501694932072744,0,0.2,7.517956366710397
1048,G3_Contribution_Aware,12,0,8,0.5343189368027085,"[64, 72, 12, 63, 94, 0, 89, 25, 41, 90]",46.0,0,15.0,15.0,0.07191709065526794,0.0607664816614181,0.0607664816614181,0,0.0,0.023851447145702975
1051,G3_Contribution_Aware,61,0,15,0.4567012365543117,"[64, 72, 12, 61, 94, 0, 89, 25, 41, 90]",63.0,0,16.0,16.0,-0.19023567622699783,0.0427869646207987,0.0427869646207987,0,0.0,1.1512069833215184
1052,G1_Age_Normalized,85,0,18,0.5793612736239466,"[97, 85, 34, 86, 51, 71, 45, 43, 66, 12]",39.0,0,19.0,19.0,0.1920187919148108,0.0,0.5053126103021337,0,0.2,0.21857709211815532
1052,G2_Update_Normalized,85,0,18,0.5793612736239466,"[97, 85, 34, 86, 51, 71, 45, 43, 66, 12]",39.0,0,19.0,19.0,0.1920187919148108,0.0,0.5053126103021337,0,0.2,0.21857709211815532
1053,G0_F4_Baseline,63,0,26,0.8269863126594674,"[72, 63, 81, 59, 66, 84, 65, 33, 86, 50]",51.0,0,15.0,15.0,0.2838109236874709,0.0,0.2838109236874709,0,0.2,38.08920967874384
1053,G1_Age_Normalized,91,0,17,0.9718313547870798,"[97, 85, 34, 86, 51, 71, 91, 43, 66, 12]",45.0,0,19.0,19.0,0.20293980131050637,0.0,0.5340521087118588,0,0.2,47.72309745612139
1053,G2_Update_Normalized,91,0,17,0.9718313547870798,"[97, 85, 34, 86, 51, 71, 91, 43, 66, 12]",45.0,0,19.0,19.0,0.20293980131050637,0.0,0.5340521087118588,0,0.2,47.72309745612139
1053,G3_Contribution_Aware,80,0,35,0.47696754149473747,"[64, 80, 12, 61, 94, 0, 89, 25, 41, 90]",72.0,0,17.0,17.0,-0.3854691551310703,0.10738426019829218,0.10738426019829218,0,0.0,56.54462809500963
1053,G5_Oracle_Victim,63,0,26,0.8269863126594674,"[72, 63, 81, 59, 66, 84, 65, 33, 86, 50]",51.0,0,15.0,15.0,0.2838109236874709,0.0,0.2838109236874709,0,0.2,38.08920967874384
1054,G0_F4_Baseline,70,0,18,0.45183935773612566,"[72, 63, 81, 59, 66, 84, 70, 33, 86, 50]",65.0,0,40.0,40.0,0.08630279705585897,0.0,0.08630279705585897,0,0.2,9.418974667684042
1054,G3_Contribution_Aware,93,0,8,0.9178347244020929,"[64, 80, 12, 61, 94, 0, 93, 25, 41, 90]",89.0,0,15.0,15.0,0.37710339913235846,0.16951974067515124,0.16951974067515124,0,0.0,1.7512266533226681
1054,G5_Oracle_Victim,70,0,18,0.45183935773612566,"[72, 63, 81, 59, 66, 84, 70, 33, 86, 50]",65.0,0,40.0,40.0,0.08630279705585897,0.0,0.08630279705585897,0,0.2,9.418974667684042
1055,G1_Age_Normalized,9,0,14,0.9915216435569425,"[97, 85, 34, 86, 51, 9, 91, 43, 66, 12]",71.0,0,18.0,18.0,0.09992800822770082,0.0,0.27757780063250226,0,0.2,10.164020461837596
1055,G2_Update_Normalized,9,0,14,0.9915216435569425,"[97, 85, 34, 86, 51, 9, 91, 43, 66, 12]",71.0,0,18.0,18.0,0.09992800822770082,0.0,0.27757780063250226,0,0.2,10.164020461837596
1056,G0_F4_Baseline,58,0,8,2.149012301420267,"[72, 63, 81, 58, 66, 84, 70, 33, 86, 50]",59.0,0,17.0,17.0,-0.0011638817009779479,0.0,0.0011638817009779479,0,0.2,4.98722068355272
1056,G5_Oracle_Victim,58,0,8,2.149012301420267,"[72, 63, 81, 58, 66, 84, 70, 33, 86, 50]",59.0,0,17.0,17.0,-0.0011638817009779479,0.0,0.0011638817009779479,0,0.2,4.98722068355272
1057,G1_Age_Normalized,26,0,18,0.44069058417574064,"[97, 85, 34, 26, 51, 9, 91, 43, 66, 12]",86.0,0,18.0,18.0,0.03201963254984161,0.0,0.08894342374956003,0,0.2,8.139167728613367
1057,G2_Update_Normalized,26,0,18,0.44069058417574064,"[97, 85, 34, 26, 51, 9, 91, 43, 66, 12]",86.0,0,18.0,18.0,0.03201963254984161,0.0,0.08894342374956003,0,0.2,8.139167728613367
1057,G3_Contribution_Aware,17,0,9,0.556436555024342,"[17, 80, 12, 61, 94, 0, 93, 25, 41, 90]",64.0,0,15.0,15.0,0.040494423700218524,0.03453971648437998,0.03453971648437998,0,0.0,2.60421351290082
1057,G4_Promotion_Cooldown,86,0,12,0.714225227481935,"[2, 74, 41, 0, 39, 75, 49, 58, 7, 86]",95.0,0,160.0,160.0,0.07781392231354556,0.0,0.07781392231354556,0,0.4,2.2483316221433993
1058,G0_F4_Baseline,68,0,8,2.5226579050329585,"[72, 63, 81, 58, 66, 68, 70, 33, 86, 50]",84.0,0,16.0,16.0,-0.2463099719274487,0.0,0.2463099719274487,0,0.2,1.3461797056877551
1058,G3_Contribution_Aware,23,0,14,0.5035817215248197,"[17, 80, 12, 61, 23, 0, 93, 25, 41, 90]",94.0,0,18.0,18.0,0.25169633834244187,0.05710402328476006,0.05710402328476006,0,0.0,0.4464013057851515
1058,G5_Oracle_Victim,68,0,8,2.5226579050329585,"[72, 63, 81, 58, 66, 68, 70, 33, 86, 50]",84.0,0,16.0,16.0,-0.2463099719274487,0.0,0.2463099719274487,0,0.2,1.3461797056877551
1059,G3_Contribution_Aware,4,0,8,1.2533058875436456,"[17, 80, 12, 61, 23, 0, 93, 25, 41, 4]",90.0,0,15.0,15.0,-0.3869483781214154,0.10070708004632638,0.10070708004632638,0,0.0,4.19240820239795
1060,G1_Age_Normalized,15,0,8,0.631447488498931,"[15, 85, 34, 26, 51, 9, 91, 43, 66, 12]",97.0,0,20.0,20.0,0.13571351042804417,0.0,0.3392837760701104,0,0.2,0.12103298162194731
1060,G2_Update_Normalized,15,0,8,0.631447488498931,"[15, 85, 34, 26, 51, 9, 91, 43, 66, 12]",97.0,0,20.0,20.0,0.13571351042804417,0.0,0.3392837760701104,0,0.2,0.12103298162194731
1061,G0_F4_Baseline,20,0,23,0.47591063253633603,"[72, 63, 81, 58, 66, 68, 70, 20, 86, 50]",33.0,0,20.0,20.0,-0.21041484249867273,0.0,0.21041484249867273,0,0.2,2.0697941852232415
1061,G1_Age_Normalized,42,0,21,0.6204272033326673,"[15, 85, 34, 26, 42, 9, 91, 43, 66, 12]",51.0,0,39.0,39.0,0.2315667399672147,0.0,0.2968804358554034,0,0.2,0.48901938983697457
1061,G2_Update_Normalized,42,0,21,0.6204272033326673,"[15, 85, 34, 26, 42, 9, 91, 43, 66, 12]",51.0,0,39.0,39.0,0.2315667399672147,0.0,0.2968804358554034,0,0.2,0.48901938983697457
1061,G5_Oracle_Victim,20,0,23,0.47591063253633603,"[72, 63, 81, 58, 66, 68, 70, 20, 86, 50]",33.0,0,20.0,20.0,-0.21041484249867273,0.0,0.21041484249867273,0,0.2,2.0697941852232415
1062,G3_Contribution_Aware,57,0,14,0.4015389398232019,"[17, 80, 12, 61, 23, 0, 93, 57, 41, 4]",25.0,0,17.0,17.0,-0.10472710234516304,0.061300532730434724,0.061300532730434724,0,0.0,3.4639039184088793
1063,G0_F4_Baseline,0,0,8,0.5303316148609307,"[72, 63, 81, 58, 66, 68, 70, 20, 0, 50]",86.0,0,46.0,46.0,0.302601051159282,0.0,0.302601051159282,0,0.2,2.1019494227240156
1063,G5_Oracle_Victim,0,0,8,0.5303316148609307,"[72, 63, 81, 58, 66, 68, 70, 20, 0, 50]",86.0,0,46.0,46.0,0.302601051159282,0.0,0.302601051159282,0,0.2,2.1019494227240156
1065,G3_Contribution_Aware,71,0,24,0.41613271639173943,"[17, 80, 12, 61, 23, 0, 93, 57, 71, 4]",41.0,0,18.0,18.0,0.2627064228381634,0.0947724847486909,0.0947724847486909,0,0.0,8.655630787127839
1066,G3_Contribution_Aware,75,0,33,0.5043917210543635,"[17, 80, 12, 75, 23, 0, 93, 57, 71, 4]",61.0,0,15.0,15.0,0.28451040838334263,0.07873452757571023,0.07873452757571023,0,0.0,12.315033828894599
1067,G0_F4_Baseline,75,0,25,0.49464401893015264,"[72, 63, 75, 58, 66, 68, 70, 20, 0, 50]",81.0,0,20.0,20.0,-0.07725942328440816,0.0,0.07725942328440816,0,0.2,16.92725179393927
1067,G1_Age_Normalized,88,0,19,0.7327571645279871,"[15, 85, 34, 26, 42, 9, 91, 43, 66, 88]",12.0,0,25.0,25.0,0.3288442214814665,0.0,0.657688442962933,0,0.2,4.320760290174232
1067,G2_Update_Normalized,88,0,19,0.7327571645279871,"[15, 85, 34, 26, 42, 9, 91, 43, 66, 88]",12.0,0,25.0,25.0,0.3288442214814665,0.0,0.657688442962933,0,0.2,4.320760290174232
1067,G3_Contribution_Aware,82,0,12,0.6048112378979652,"[17, 80, 82, 75, 23, 0, 93, 57, 71, 4]",12.0,0,19.0,19.0,0.3147079133706888,0.14567087514939914,0.14567087514939914,0,0.0,22.028282119829008
1067,G5_Oracle_Victim,75,0,25,0.49464401893015264,"[72, 63, 75, 58, 66, 68, 70, 20, 0, 50]",81.0,0,20.0,20.0,-0.07725942328440816,0.0,0.07725942328440816,0,0.2,16.92725179393927
1068,G1_Age_Normalized,78,0,14,0.7426403687994427,"[15, 85, 34, 26, 42, 9, 78, 43, 66, 88]",91.0,0,15.0,15.0,-0.13579676276572028,0.0,0.4526558758857343,0,0.2,7.0927632473485955
1068,G2_Update_Normalized,78,0,14,0.7426403687994427,"[15, 85, 34, 26, 42, 9, 78, 43, 66, 88]",91.0,0,15.0,15.0,-0.13579676276572028,0.0,0.4526558758857343,0,0.2,7.0927632473485955
1069,G1_Age_Normalized,79,0,19,0.5654778604755936,"[15, 79, 34, 26, 42, 9, 78, 43, 66, 88]",85.0,0,17.0,17.0,-0.14585143369438283,0.0,0.4289748049834789,0,0.2,19.92616108200372
1069,G2_Update_Normalized,79,0,19,0.5654778604755936,"[15, 79, 34, 26, 42, 9, 78, 43, 66, 88]",85.0,0,17.0,17.0,-0.14585143369438283,0.0,0.4289748049834789,0,0.2,19.92616108200372
1069,G3_Contribution_Aware,92,1,14,0.7799925898683273,"[17, 80, 82, 75, 23, 0, 92, 57, 71, 4]",93.0,0,15.0,15.0,0.10348816885790904,0.04834815647721646,0.04834815647721646,0,0.2,35.59567681480902
1071,G0_F4_Baseline,1,0,11,0.5435756306400671,"[72, 63, 75, 58, 66, 68, 70, 20, 0, 1]",50.0,0,46.0,46.0,-0.08096110158048905,0.0,0.08096110158048905,0,0.2,5.364760661190778
1071,G5_Oracle_Victim,1,0,11,0.5435756306400671,"[72, 63, 75, 58, 66, 68, 70, 20, 0, 1]",50.0,0,46.0,46.0,-0.08096110158048905,0.0,0.08096110158048905,0,0.2,5.364760661190778
1073,G3_Contribution_Aware,20,0,10,0.4633721758942937,"[17, 80, 82, 75, 20, 0, 92, 57, 71, 4]",23.0,0,15.0,15.0,-0.35598228317205627,0.10535502987258796,0.10535502987258796,0,0.2,0.5695564436490692
1074,G3_Contribution_Aware,95,0,8,1.5695460559851546,"[17, 80, 82, 75, 20, 0, 92, 57, 71, 95]",4.0,0,15.0,15.0,-0.10019856296051863,0.0461436981732808,0.0461436981732808,0,0.2,0.4322788472250062
1076,G0_F4_Baseline,11,0,8,0.7938720439699698,"[11, 63, 75, 58, 66, 68, 70, 20, 0, 1]",72.0,0,49.0,49.0,0.04363514227194539,0.0,0.04363514227194539,0,0.2,5.534549622391786
1076,G5_Oracle_Victim,11,0,8,0.7938720439699698,"[11, 63, 75, 58, 66, 68, 70, 20, 0, 1]",72.0,0,49.0,49.0,0.04363514227194539,0.0,0.04363514227194539,0,0.2,5.534549622391786
1077,G4_Promotion_Cooldown,96,0,11,0.7336842606808501,"[96, 74, 41, 0, 39, 75, 49, 58, 7, 86]",2.0,0,100.0,100.0,0.004238765039887807,0.0,0.004238765039887807,0,0.4,8.142845377877446
1078,G0_F4_Baseline,23,0,8,0.6732494879207958,"[11, 63, 75, 58, 66, 68, 70, 23, 0, 1]",20.0,0,17.0,17.0,0.025615749576341953,0.0,0.025615749576341953,0,0.2,1.6703423101265216
1078,G5_Oracle_Victim,23,0,8,0.6732494879207958,"[11, 63, 75, 58, 66, 68, 70, 23, 0, 1]",20.0,0,17.0,17.0,0.025615749576341953,0.0,0.025615749576341953,0,0.2,1.6703423101265216
1080,G0_F4_Baseline,69,0,32,0.4100028256896593,"[11, 63, 75, 69, 66, 68, 70, 23, 0, 1]",58.0,0,24.0,24.0,-0.06742684905382207,0.0,0.06742684905382207,0,0.2,3.1098566204162057
1080,G1_Age_Normalized,80,0,22,0.5755018010579419,"[80, 79, 34, 26, 42, 9, 78, 43, 66, 88]",15.0,0,20.0,20.0,-0.11102674525123338,0.0,0.27756686312808343,0,0.2,2.11631191421673
1080,G2_Update_Normalized,80,0,22,0.5755018010579419,"[80, 79, 34, 26, 42, 9, 78, 43, 66, 88]",15.0,0,20.0,20.0,-0.11102674525123338,0.0,0.27756686312808343,0,0.2,2.11631191421673
1080,G3_Contribution_Aware,73,0,26,0.4024541795087607,"[17, 73, 82, 75, 20, 0, 92, 57, 71, 95]",80.0,0,27.0,27.0,0.10489297312099827,0.15059564716723114,0.15059564716723114,0,0.2,6.5079907609491885
1080,G5_Oracle_Victim,69,0,32,0.4100028256896593,"[11, 63, 75, 69, 66, 68, 70, 23, 0, 1]",58.0,0,24.0,24.0,-0.06742684905382207,0.0,0.06742684905382207,0,0.2,3.1098566204162057
1081,G1_Age_Normalized,83,0,8,1.3378948623378855,"[80, 79, 83, 26, 42, 9, 78, 43, 66, 88]",34.0,0,36.0,36.0,-0.39859443898137176,0.0,0.5536033874741274,0,0.2,4.573978912928188
1081,G2_Update_Normalized,83,0,8,1.3378948623378855,"[80, 79, 83, 26, 42, 9, 78, 43, 66, 88]",34.0,0,36.0,36.0,-0.39859443898137176,0.0,0.5536033874741274,0,0.2,4.573978912928188
1082,G1_Age_Normalized,92,1,16,1.0200168384175428,"[80, 79, 83, 26, 42, 9, 78, 43, 66, 92]",88.0,0,15.0,15.0,-0.1585879236995773,0.0,0.5286264123319244,0,0.4,27.151981957089316
1082,G2_Update_Normalized,92,1,16,1.0200168384175428,"[80, 79, 83, 26, 42, 9, 78, 43, 66, 92]",88.0,0,15.0,15.0,-0.1585879236995773,0.0,0.5286264123319244,0,0.4,27.151981957089316
1085,G1_Age_Normalized,87,0,8,1.4280651683338914,"[80, 79, 83, 26, 42, 87, 78, 43, 66, 92]",9.0,0,30.0,30.0,0.4541270432989388,0.0,0.7568784054982314,0,0.4,1.0060719840549626
1085,G2_Update_Normalized,87,0,8,1.4280651683338914,"[80, 79, 83, 26, 42, 87, 78, 43, 66, 92]",9.0,0,30.0,30.0,0.4541270432989388,0.0,0.7568784054982314,0,0.4,1.0060719840549626
1088,G0_F4_Baseline,30,0,32,0.43591481877565696,"[11, 63, 30, 69, 66, 68, 70, 23, 0, 1]",75.0,0,21.0,21.0,-0.013448222548501386,0.0,0.013448222548501386,0,0.2,24.6419338707918
1088,G1_Age_Normalized,30,0,15,0.57473563208287,"[80, 79, 83, 26, 42, 87, 78, 30, 66, 92]",43.0,0,42.0,42.0,-0.34213858164622435,0.0,0.40730783529312425,0,0.4,32.82364598768533
1088,G2_Update_Normalized,30,0,15,0.57473563208287,"[80, 79, 83, 26, 42, 87, 78, 30, 66, 92]",43.0,0,42.0,42.0,-0.34213858164622435,0.0,0.40730783529312425,0,0.4,32.82364598768533
1088,G3_Contribution_Aware,35,0,13,0.8302449280099694,"[17, 73, 82, 75, 35, 0, 92, 57, 71, 95]",20.0,0,15.0,15.0,-0.6771321804864168,0.07998323180012719,0.07998323180012719,0,0.2,22.789434986482092
1088,G5_Oracle_Victim,30,0,32,0.43591481877565696,"[11, 63, 30, 69, 66, 68, 70, 23, 0, 1]",75.0,0,21.0,21.0,-0.013448222548501386,0.0,0.013448222548501386,0,0.2,24.6419338707918
1089,G3_Contribution_Aware,13,0,8,0.46371717643258475,"[17, 73, 82, 75, 35, 0, 13, 57, 71, 95]",92.0,1,20.0,20.0,0.011048765362408633,0.08726557689912993,0.08726557689912993,0,0.0,4.464035626419968
1090,G3_Contribution_Aware,6,0,10,0.6652461556882024,"[17, 73, 82, 6, 35, 0, 13, 57, 71, 95]",75.0,0,24.0,24.0,-0.3963078903113591,0.1271903260103161,0.1271903260103161,0,0.0,14.449213307386326
1091,G1_Age_Normalized,47,0,19,0.7825749235180692,"[80, 79, 83, 47, 42, 87, 78, 30, 66, 92]",26.0,0,34.0,34.0,-0.1416325623704899,0.0,0.20828317995660278,0,0.4,10.036828428022796
1091,G2_Update_Normalized,47,0,19,0.7825749235180692,"[80, 79, 83, 47, 42, 87, 78, 30, 66, 92]",26.0,0,34.0,34.0,-0.1416325623704899,0.0,0.20828317995660278,0,0.4,10.036828428022796
1091,G3_Contribution_Aware,52,0,20,0.5329100648291922,"[17, 73, 82, 6, 35, 0, 13, 57, 71, 52]",95.0,0,17.0,17.0,-0.03066529360413167,0.140121309674168,0.140121309674168,0,0.0,47.924580211186445
1093,G3_Contribution_Aware,70,0,14,0.40606253993187574,"[17, 73, 82, 6, 35, 0, 13, 70, 71, 52]",57.0,0,31.0,31.0,0.06080736480722414,0.20837712868908512,0.20837712868908512,0,0.0,14.14510747120925
1094,G3_Contribution_Aware,49,1,8,0.7250798334049509,"[49, 73, 82, 6, 35, 0, 13, 70, 71, 52]",17.0,0,37.0,37.0,-0.10243356829210978,0.27035843525728914,0.27035843525728914,0,0.2,6.893743694311929
1095,G0_F4_Baseline,51,0,8,1.064294103899246,"[11, 63, 30, 51, 66, 68, 70, 23, 0, 1]",69.0,0,15.0,15.0,0.1762938570188392,0.0,0.1762938570188392,0,0.2,19.890953383974868
1095,G3_Contribution_Aware,56,0,8,2.6851857537209005,"[49, 56, 82, 6, 35, 0, 13, 70, 71, 52]",73.0,0,15.0,15.0,-0.02700198564995049,0.09326977601964201,0.09326977601964201,0,0.2,14.128636469174003
1095,G5_Oracle_Victim,51,0,8,1.064294103899246,"[11, 63, 30, 51, 66, 68, 70, 23, 0, 1]",69.0,0,15.0,15.0,0.1762938570188392,0.0,0.1762938570188392,0,0.2,19.890953383974868
1096,G1_Age_Normalized,93,0,31,0.5700089197421571,"[93, 79, 83, 47, 42, 87, 78, 30, 66, 92]",80.0,0,16.0,16.0,0.10014152533914444,0.0,0.3129422666848264,0,0.4,29.13075744115281
1096,G2_Update_Normalized,93,0,31,0.5700089197421571,"[93, 79, 83, 47, 42, 87, 78, 30, 66, 92]",80.0,0,16.0,16.0,0.10014152533914444,0.0,0.3129422666848264,0,0.4,29.13075744115281
1096,G3_Contribution_Aware,86,0,17,0.4523032484100638,"[49, 56, 82, 6, 35, 0, 13, 70, 86, 52]",71.0,0,31.0,31.0,-0.9194138990783532,0.3031665041626662,0.3031665041626662,0,0.2,7.949606856740765
1097,G0_F4_Baseline,94,0,29,0.4111145479455538,"[11, 63, 30, 51, 66, 68, 70, 94, 0, 1]",23.0,0,19.0,19.0,0.15722333555544454,0.0,0.15722333555544454,0,0.2,2.9995460796004676
1097,G1_Age_Normalized,63,0,8,1.7119024980571893,"[93, 79, 83, 47, 42, 87, 78, 30, 66, 63]",92.0,1,15.0,15.0,0.037659151993882964,0.0,0.12553050664627655,0,0.2,3.8608078496021414
1097,G2_Update_Normalized,63,0,8,1.7119024980571893,"[93, 79, 83, 47, 42, 87, 78, 30, 66, 63]",92.0,1,15.0,15.0,0.037659151993882964,0.0,0.12553050664627655,0,0.2,3.8608078496021414
1097,G3_Contribution_Aware,69,0,8,0.7521352652830053,"[49, 56, 82, 6, 35, 69, 13, 70, 86, 52]",0.0,0,56.0,56.0,-0.22288350729411704,0.31688972001067117,0.31688972001067117,0,0.2,4.466969469272906
1097,G4_Promotion_Cooldown,70,0,32,1.1076845074106008,"[70, 74, 41, 0, 39, 75, 49, 58, 7, 86]",96.0,0,20.0,20.0,-0.08713414901599499,0.0,0.08713414901599499,0,0.4,2.8334511116032464
1097,G5_Oracle_Victim,94,0,29,0.4111145479455538,"[11, 63, 30, 51, 66, 68, 70, 94, 0, 1]",23.0,0,19.0,19.0,0.15722333555544454,0.0,0.15722333555544454,0,0.2,2.9995460796004676
1098,G1_Age_Normalized,7,1,12,0.9992304213444486,"[93, 79, 83, 47, 7, 87, 78, 30, 66, 63]",42.0,0,37.0,37.0,-0.08077269062189102,0.0,0.10915228462417706,0,0.4,37.246589233968194
1098,G2_Update_Normalized,7,1,12,0.9992304213444486,"[93, 79, 83, 47, 7, 87, 78, 30, 66, 63]",42.0,0,37.0,37.0,-0.08077269062189102,0.0,0.10915228462417706,0,0.4,37.246589233968194
1099,G1_Age_Normalized,89,0,8,1.2962185492014298,"[93, 79, 83, 47, 7, 87, 89, 30, 66, 63]",78.0,0,31.0,31.0,-0.43510399939013444,0.0,0.7017806441776362,0,0.4,0.6152930228347953
1099,G2_Update_Normalized,89,0,8,1.2962185492014298,"[93, 79, 83, 47, 7, 87, 89, 30, 66, 63]",78.0,0,31.0,31.0,-0.43510399939013444,0.0,0.7017806441776362,0,0.4,0.6152930228347953
1100,G3_Contribution_Aware,91,0,8,2.2433879231089366,"[49, 56, 91, 6, 35, 69, 13, 70, 86, 52]",82.0,0,33.0,33.0,-0.7247332558153445,0.39815574435887674,0.39815574435887674,0,0.2,3.022580195810418
1102,G0_F4_Baseline,38,0,14,0.4207193507704547,"[38, 63, 30, 51, 66, 68, 70, 94, 0, 1]",11.0,0,26.0,26.0,0.027655071547307952,0.0,0.027655071547307952,0,0.2,29.77074032031585
1102,G1_Age_Normalized,36,0,32,0.6440457576957098,"[93, 79, 83, 47, 7, 36, 89, 30, 66, 63]",87.0,0,17.0,17.0,0.07172371892803464,0.0,0.21095211449421952,0,0.4,28.074555757136267
1102,G2_Update_Normalized,36,0,32,0.6440457576957098,"[93, 79, 83, 47, 7, 36, 89, 30, 66, 63]",87.0,0,17.0,17.0,0.07172371892803464,0.0,0.21095211449421952,0,0.4,28.074555757136267
1102,G5_Oracle_Victim,38,0,14,0.4207193507704547,"[38, 63, 30, 51, 66, 68, 70, 94, 0, 1]",11.0,0,26.0,26.0,0.027655071547307952,0.0,0.027655071547307952,0,0.2,29.77074032031585
1103,G0_F4_Baseline,42,0,8,0.47997984730075666,"[38, 63, 30, 51, 66, 68, 70, 94, 0, 42]",1.0,0,32.0,32.0,0.19965850233508808,0.0,0.19965850233508808,0,0.2,15.441012324203706
1103,G5_Oracle_Victim,42,0,8,0.47997984730075666,"[38, 63, 30, 51, 66, 68, 70, 94, 0, 42]",1.0,0,32.0,32.0,0.19965850233508808,0.0,0.19965850233508808,0,0.2,15.441012324203706
1105,G3_Contribution_Aware,45,0,13,0.43472955294695,"[49, 56, 91, 6, 35, 69, 45, 70, 86, 52]",13.0,0,16.0,16.0,0.16929114346685986,0.05333304659869224,0.05333304659869224,0,0.2,16.472572747340894
1106,G1_Age_Normalized,39,0,8,0.7107534864647964,"[93, 79, 83, 39, 7, 36, 89, 30, 66, 63]",47.0,0,15.0,15.0,-0.029323423564326948,0.0,0.09774474521442317,0,0.4,8.156044766667213
1106,G2_Update_Normalized,39,0,8,0.7107534864647964,"[93, 79, 83, 39, 7, 36, 89, 30, 66, 63]",47.0,0,15.0,15.0,-0.029323423564326948,0.0,0.09774474521442317,0,0.4,8.156044766667213
1106,G3_Contribution_Aware,28,0,8,1.7374985508127287,"[49, 56, 91, 6, 35, 69, 45, 70, 86, 28]",52.0,0,15.0,15.0,0.2684299646222369,0.1095458201677485,0.1095458201677485,0,0.2,9.440549985309259
1108,G0_F4_Baseline,83,0,14,0.5117404415172712,"[38, 63, 30, 51, 66, 68, 83, 94, 0, 42]",70.0,0,54.0,54.0,-0.021975607982480494,0.0,0.021975607982480494,0,0.2,4.643829200375764
1108,G1_Age_Normalized,45,0,9,0.8058003206102304,"[93, 79, 45, 39, 7, 36, 89, 30, 66, 63]",83.0,0,27.0,27.0,-0.2905523795001158,0.0,0.5380599620372515,0,0.4,3.655177948815349
1108,G2_Update_Normalized,45,0,9,0.8058003206102304,"[93, 79, 45, 39, 7, 36, 89, 30, 66, 63]",83.0,0,27.0,27.0,-0.2905523795001158,0.0,0.5380599620372515,0,0.4,3.655177948815349
1108,G5_Oracle_Victim,83,0,14,0.5117404415172712,"[38, 63, 30, 51, 66, 68, 83, 94, 0, 42]",70.0,0,54.0,54.0,-0.021975607982480494,0.0,0.021975607982480494,0,0.2,4.643829200375764
1109,G3_Contribution_Aware,42,0,8,1.2290647673654236,"[49, 56, 91, 42, 35, 69, 45, 70, 86, 28]",6.0,0,19.0,19.0,-0.3946430232992394,0.2478712004161086,0.2478712004161086,0,0.2,9.382448091056846
1111,G1_Age_Normalized,71,0,8,1.7048215478301916,"[71, 79, 45, 39, 7, 36, 89, 30, 66, 63]",93.0,0,15.0,15.0,0.050152954926998755,0.0,0.1671765164233292,0,0.4,9.867396369269187
1111,G2_Update_Normalized,71,0,8,1.7048215478301916,"[71, 79, 45, 39, 7, 36, 89, 30, 66, 63]",93.0,0,15.0,15.0,0.050152954926998755,0.0,0.1671765164233292,0,0.4,9.867396369269187
1112,G1_Age_Normalized,4,0,11,0.6622102743267263,"[71, 79, 45, 39, 7, 36, 89, 30, 66, 4]",63.0,0,15.0,15.0,0.0016368922055438016,0.0,0.005456307351812672,0,0.4,0.4733909968333343
1112,G2_Update_Normalized,4,0,11,0.6622102743267263,"[71, 79, 45, 39, 7, 36, 89, 30, 66, 4]",63.0,0,15.0,15.0,0.0016368922055438016,0.0,0.005456307351812672,0,0.4,0.4733909968333343
1112,G3_Contribution_Aware,58,0,8,1.3056131064102752,"[49, 58, 91, 42, 35, 69, 45, 70, 86, 28]",56.0,0,17.0,17.0,0.4241205104197857,0.11198074702050748,0.11198074702050748,0,0.2,2.021835614588137
1113,G1_Age_Normalized,77,0,8,2.4030268509752335,"[71, 79, 45, 39, 77, 36, 89, 30, 66, 4]",7.0,1,15.0,15.0,0.10969959003935338,0.0,0.36566530013117793,0,0.2,1.090898321416659
1113,G2_Update_Normalized,77,0,8,2.4030268509752335,"[71, 79, 45, 39, 77, 36, 89, 30, 66, 4]",7.0,1,15.0,15.0,0.10969959003935338,0.0,0.36566530013117793,0,0.2,1.090898321416659
1115,G3_Contribution_Aware,90,0,8,2.9074259994419394,"[49, 58, 90, 42, 35, 69, 45, 70, 86, 28]",91.0,0,15.0,15.0,0.3595112015124856,0.07886237157351189,0.07886237157351189,0,0.2,0.11754083930196389
1116,G0_F4_Baseline,45,0,15,0.6688853941807054,"[38, 63, 30, 51, 66, 68, 83, 94, 45, 42]",0.0,0,53.0,53.0,-0.06492978629446192,0.0,0.06492978629446192,0,0.2,13.456765080463299
1116,G1_Age_Normalized,91,0,10,0.9969037595025807,"[71, 79, 45, 39, 77, 36, 91, 30, 66, 4]",89.0,0,17.0,17.0,0.1008206505880671,0.0,0.2965313252590209,0,0.2,13.010235564911142
1116,G2_Update_Normalized,91,0,10,0.9969037595025807,"[71, 79, 45, 39, 77, 36, 91, 30, 66, 4]",89.0,0,17.0,17.0,0.1008206505880671,0.0,0.2965313252590209,0,0.2,13.010235564911142
1116,G3_Contribution_Aware,89,0,9,1.7783751840280826,"[49, 58, 90, 42, 35, 89, 45, 70, 86, 28]",69.0,0,19.0,19.0,-0.045498991183684834,0.17116922124775133,0.17116922124775133,0,0.2,17.47838560235573
1116,G5_Oracle_Victim,45,0,15,0.6688853941807054,"[38, 63, 30, 51, 66, 68, 83, 94, 45, 42]",0.0,0,53.0,53.0,-0.06492978629446192,0.0,0.06492978629446192,0,0.2,13.456765080463299
1117,G1_Age_Normalized,12,0,8,1.8014359624728058,"[71, 79, 45, 39, 77, 36, 91, 12, 66, 4]",30.0,0,29.0,29.0,-0.4411542453914488,0.0,0.7606107679162911,0,0.2,14.05115229316621
1117,G2_Update_Normalized,12,0,8,1.8014359624728058,"[71, 79, 45, 39, 77, 36, 91, 12, 66, 4]",30.0,0,29.0,29.0,-0.4411542453914488,0.0,0.7606107679162911,0,0.2,14.05115229316621
1117,G3_Contribution_Aware,24,1,24,0.5456070829678097,"[49, 58, 90, 42, 35, 89, 45, 70, 24, 28]",86.0,0,21.0,21.0,-0.9020740927474126,0.21740697670846548,0.21740697670846548,0,0.4,2.9962883446996185
1117,G4_Promotion_Cooldown,65,0,12,1.8155327997552653,"[70, 74, 65, 0, 39, 75, 49, 58, 7, 86]",41.0,0,300.0,300.0,0.04608886127459547,0.0,0.04608886127459547,0,0.4,3.0487928807792257
1119,G0_F4_Baseline,73,0,23,0.4876722160492445,"[38, 63, 73, 51, 66, 68, 83, 94, 45, 42]",30.0,0,31.0,31.0,-0.1209839751750513,0.0,0.1209839751750513,0,0.2,31.854813850336264
1119,G5_Oracle_Victim,73,0,23,0.4876722160492445,"[38, 63, 73, 51, 66, 68, 83, 94, 45, 42]",30.0,0,31.0,31.0,-0.1209839751750513,0.0,0.1209839751750513,0,0.2,31.854813850336264
1120,G1_Age_Normalized,64,0,28,0.5424378586657279,"[71, 79, 45, 39, 77, 64, 91, 12, 66, 4]",36.0,0,18.0,18.0,0.1450012142321086,0.0,0.4027811506447461,0,0.2,23.277919985924786
1120,G2_Update_Normalized,64,0,28,0.5424378586657279,"[71, 79, 45, 39, 77, 64, 91, 12, 66, 4]",36.0,0,18.0,18.0,0.1450012142321086,0.0,0.4027811506447461,0,0.2,23.277919985924786
1120,G3_Contribution_Aware,44,0,15,0.5553796470293983,"[49, 58, 90, 42, 35, 89, 45, 44, 24, 28]",70.0,0,27.0,27.0,-0.687976069510014,0.39404368428521797,0.39404368428521797,0,0.4,33.16069089144921
1121,G3_Contribution_Aware,53,0,8,1.8470262862050717,"[49, 58, 90, 42, 35, 89, 45, 44, 24, 53]",28.0,0,15.0,15.0,0.11586052450787054,0.026062733295979166,0.026062733295979166,0,0.4,12.985881473058958
1122,G1_Age_Normalized,74,0,19,0.44754326056123306,"[71, 79, 45, 74, 77, 64, 91, 12, 66, 4]",39.0,0,16.0,16.0,0.026413788810740926,0.0,0.0825430900335654,0,0.2,9.829129114289122
1122,G2_Update_Normalized,74,0,19,0.44754326056123306,"[71, 79, 45, 74, 77, 64, 91, 12, 66, 4]",39.0,0,16.0,16.0,0.026413788810740926,0.0,0.0825430900335654,0,0.2,9.829129114289122
1123,G0_F4_Baseline,72,0,8,1.2097252852135787,"[38, 63, 73, 72, 66, 68, 83, 94, 45, 42]",51.0,0,28.0,28.0,0.06795794861098392,0.0,0.06795794861098392,0,0.2,19.69121931175898
1123,G1_Age_Normalized,54,0,8,1.5775031729000524,"[71, 54, 45, 74, 77, 64, 91, 12, 66, 4]",79.0,0,54.0,54.0,1.0133442347969752,0.0,1.0133442347969752,0,0.2,34.7968489414777
1123,G2_Update_Normalized,54,0,8,1.5775031729000524,"[71, 54, 45, 74, 77, 64, 91, 12, 66, 4]",79.0,0,54.0,54.0,1.0133442347969752,0.0,1.0133442347969752,0,0.2,34.7968489414777
1123,G3_Contribution_Aware,74,0,19,0.6117707964750072,"[49, 58, 90, 42, 35, 89, 74, 44, 24, 53]",45.0,0,18.0,18.0,-1.2091669823497537,0.5166368392160889,0.5166368392160889,0,0.4,3.3436998539975504
1123,G5_Oracle_Victim,72,0,8,1.2097252852135787,"[38, 63, 73, 72, 66, 68, 83, 94, 45, 42]",51.0,0,28.0,28.0,0.06795794861098392,0.0,0.06795794861098392,0,0.2,19.69121931175898
1124,G1_Age_Normalized,94,0,8,1.6848923617923477,"[71, 54, 94, 74, 77, 64, 91, 12, 66, 4]",45.0,0,16.0,16.0,-0.28898396258011,0.0,0.9030748830628438,0,0.2,6.149664003295795
1124,G2_Update_Normalized,94,0,8,1.6848923617923477,"[71, 54, 94, 74, 77, 64, 91, 12, 66, 4]",45.0,0,16.0,16.0,-0.28898396258011,0.0,0.9030748830628438,0,0.2,6.149664003295795
1124,G3_Contribution_Aware,83,0,10,0.4133313202822223,"[49, 58, 90, 83, 35, 89, 74, 44, 24, 53]",42.0,0,15.0,15.0,0.8649747119778789,0.1262352444558652,0.1262352444558652,0,0.4,9.525263775383054
1125,G0_F4_Baseline,15,0,8,0.7677964383651916,"[15, 63, 73, 72, 66, 68, 83, 94, 45, 42]",38.0,0,23.0,23.0,-0.2742869999059451,0.0,0.2742869999059451,0,0.2,1.7026826531639951
1125,G5_Oracle_Victim,15,0,8,0.7677964383651916,"[15, 63, 73, 72, 66, 68, 83, 94, 45, 42]",38.0,0,23.0,23.0,-0.2742869999059451,0.0,0.2742869999059451,0,0.2,1.7026826531639951
1126,G0_F4_Baseline,24,1,44,0.5764478808493338,"[15, 63, 73, 72, 66, 68, 83, 94, 45, 24]",42.0,0,23.0,23.0,-0.003976743676054606,0.0,0.003976743676054606,0,0.4,93.82515626082775
1126,G1_Age_Normalized,59,0,9,1.267842131885393,"[59, 54, 94, 74, 77, 64, 91, 12, 66, 4]",71.0,0,15.0,15.0,-0.13302586780602765,0.0,0.44341955935342553,0,0.2,43.3292458339489
1126,G2_Update_Normalized,59,0,9,1.267842131885393,"[59, 54, 94, 74, 77, 64, 91, 12, 66, 4]",71.0,0,15.0,15.0,-0.13302586780602765,0.0,0.44341955935342553,0,0.2,43.3292458339489
1126,G3_Contribution_Aware,97,0,8,1.0756661395847817,"[49, 58, 90, 83, 97, 89, 74, 44, 24, 53]",35.0,0,38.0,38.0,-0.8987202267837735,0.5493276393388475,0.5493276393388475,0,0.4,38.63746153894192
1126,G5_Oracle_Victim,24,1,44,0.5764478808493338,"[15, 63, 73, 72, 66, 68, 83, 94, 45, 24]",42.0,0,23.0,23.0,-0.003976743676054606,0.0,0.003976743676054606,0,0.4,93.82515626082775
1128,G3_Contribution_Aware,85,0,8,1.1701280178329976,"[49, 85, 90, 83, 97, 89, 74, 44, 24, 53]",58.0,0,16.0,16.0,-0.6031841743408735,0.16307408765432732,0.16307408765432732,0,0.4,0.20705620791522827
1129,G1_Age_Normalized,22,0,8,0.9040604049553751,"[59, 54, 94, 74, 22, 64, 91, 12, 66, 4]",77.0,0,16.0,16.0,0.018319741575630377,0.0,0.05724919242384493,0,0.2,21.400259938860575
1129,G2_Update_Normalized,22,0,8,0.9040604049553751,"[59, 54, 94, 74, 22, 64, 91, 12, 66, 4]",77.0,0,16.0,16.0,0.018319741575630377,0.0,0.05724919242384493,0,0.2,21.400259938860575
1129,G3_Contribution_Aware,11,0,9,1.2872456924501228,"[11, 85, 90, 83, 97, 89, 74, 44, 24, 53]",49.0,1,35.0,35.0,-1.5529273154708358,0.709480935663149,0.709480935663149,0,0.2,13.720118701743509
1130,G3_Contribution_Aware,16,0,22,0.6080902825217854,"[11, 85, 16, 83, 97, 89, 74, 44, 24, 53]",90.0,0,15.0,15.0,0.7150210164329904,0.17033951046582388,0.17033951046582388,0,0.2,1.846767054382526
1131,G0_F4_Baseline,64,0,9,0.8783138418987164,"[15, 63, 73, 72, 66, 68, 64, 94, 45, 24]",83.0,0,23.0,23.0,0.08182030050867167,0.0,0.08182030050867167,0,0.4,29.350820859524795
1131,G5_Oracle_Victim,64,0,9,0.8783138418987164,"[15, 63, 73, 72, 66, 68, 64, 94, 45, 24]",83.0,0,23.0,23.0,0.08182030050867167,0.0,0.08182030050867167,0,0.4,29.350820859524795
1132,G0_F4_Baseline,59,0,8,1.0301315841306589,"[15, 59, 73, 72, 66, 68, 64, 94, 45, 24]",63.0,0,79.0,79.0,0.17061536579465442,0.0,0.17061536579465442,0,0.4,3.304910767631024
1132,G3_Contribution_Aware,0,0,8,0.4657924661265149,"[11, 85, 16, 83, 97, 0, 74, 44, 24, 53]",89.0,0,16.0,16.0,0.01741541430079874,0.09785535277459453,0.09785535277459453,0,0.2,0.5522180170119333
1132,G5_Oracle_Victim,59,0,8,1.0301315841306589,"[15, 59, 73, 72, 66, 68, 64, 94, 45, 24]",63.0,0,79.0,79.0,0.17061536579465442,0.0,0.17061536579465442,0,0.4,3.304910767631024
1133,G0_F4_Baseline,79,0,41,0.4287817760530201,"[15, 59, 73, 72, 66, 68, 64, 94, 79, 24]",45.0,0,17.0,17.0,0.16937061019595825,0.0,0.16937061019595825,0,0.4,3.4001150109446727
1133,G5_Oracle_Victim,79,0,41,0.4287817760530201,"[15, 59, 73, 72, 66, 68, 64, 94, 79, 24]",45.0,0,17.0,17.0,0.16937061019595825,0.0,0.16937061019595825,0,0.4,3.4001150109446727
1134,G0_F4_Baseline,92,1,43,0.4758974575839423,"[15, 59, 73, 72, 66, 68, 64, 92, 79, 24]",94.0,0,37.0,37.0,-0.0848105881661157,0.0,0.0848105881661157,0,0.6,18.93982378758849
1134,G3_Contribution_Aware,48,0,30,0.7256593166929182,"[11, 85, 16, 83, 97, 0, 74, 44, 48, 53]",24.0,1,17.0,17.0,0.8293700806214859,0.28798132449131136,0.28798132449131136,0,0.0,19.71893484623787
1134,G5_Oracle_Victim,92,1,43,0.4758974575839423,"[15, 59, 73, 72, 66, 68, 64, 92, 79, 24]",94.0,0,37.0,37.0,-0.0848105881661157,0.0,0.0848105881661157,0,0.6,18.93982378758849
1135,G3_Contribution_Aware,55,0,19,0.4585085143351485,"[11, 85, 16, 83, 97, 0, 74, 55, 48, 53]",44.0,0,15.0,15.0,-0.4110951804610332,0.10018640651278556,0.10018640651278556,0,0.0,1.4071700200110253
1136,G0_F4_Baseline,6,0,15,1.168108876822204,"[15, 59, 73, 72, 66, 6, 64, 92, 79, 24]",68.0,0,78.0,78.0,0.4140554663074467,0.0,0.4140554663074467,0,0.6,23.542019798580167
1136,G1_Age_Normalized,73,0,23,0.5507082350640815,"[59, 54, 94, 74, 22, 64, 73, 12, 66, 4]",91.0,0,20.0,20.0,-0.06140231054305248,0.0,0.15350577635763119,0,0.2,22.75107468779432
1136,G2_Update_Normalized,73,0,23,0.5507082350640815,"[59, 54, 94, 74, 22, 64, 73, 12, 66, 4]",91.0,0,20.0,20.0,-0.06140231054305248,0.0,0.15350577635763119,0,0.2,22.75107468779432
1136,G5_Oracle_Victim,6,0,15,1.168108876822204,"[15, 59, 73, 72, 66, 6, 64, 92, 79, 24]",68.0,0,78.0,78.0,0.4140554663074467,0.0,0.4140554663074467,0,0.6,23.542019798580167
1137,G1_Age_Normalized,82,0,8,0.7223618662534405,"[59, 54, 94, 74, 22, 82, 73, 12, 66, 4]",64.0,0,17.0,17.0,-0.06900107364477973,0.0,0.20294433424935213,0,0.2,2.527892718085879
1137,G2_Update_Normalized,82,0,8,0.7223618662534405,"[59, 54, 94, 74, 22, 82, 73, 12, 66, 4]",64.0,0,17.0,17.0,-0.06900107364477973,0.0,0.20294433424935213,0,0.2,2.527892718085879
1138,G3_Contribution_Aware,64,0,8,0.587017695035771,"[11, 85, 16, 83, 97, 0, 64, 55, 48, 53]",74.0,0,15.0,15.0,-0.161112890173694,0.1291349416487187,0.1291349416487187,0,0.0,1.6951764478174922
1138,G4_Promotion_Cooldown,97,0,48,0.40976739863525025,"[97, 74, 65, 0, 39, 75, 49, 58, 7, 86]",70.0,0,41.0,41.0,0.016621395182061238,0.0,0.016621395182061238,0,0.4,6.039209795414485
1139,G0_F4_Baseline,28,0,48,0.4079910150468473,"[15, 59, 73, 28, 66, 6, 64, 92, 79, 24]",72.0,0,16.0,16.0,0.03356553722469248,0.0,0.03356553722469248,0,0.6,19.566837397183086
1139,G5_Oracle_Victim,28,0,48,0.4079910150468473,"[15, 59, 73, 28, 66, 6, 64, 92, 79, 24]",72.0,0,16.0,16.0,0.03356553722469248,0.0,0.03356553722469248,0,0.6,19.566837397183086
1140,G1_Age_Normalized,3,0,8,0.5683325832244707,"[59, 54, 3, 74, 22, 82, 73, 12, 66, 4]",94.0,0,16.0,16.0,0.10861935326283412,0.0,0.3394354789463566,0,0.2,0.19465118115909066
1140,G2_Update_Normalized,3,0,8,0.5683325832244707,"[59, 54, 3, 74, 22, 82, 73, 12, 66, 4]",94.0,0,16.0,16.0,0.10861935326283412,0.0,0.3394354789463566,0,0.2,0.19465118115909066
1140,G3_Contribution_Aware,57,0,8,2.3580998654723926,"[11, 85, 16, 57, 97, 0, 64, 55, 48, 53]",83.0,0,16.0,16.0,-0.2151434921681203,0.13840699107079144,0.13840699107079144,0,0.0,2.942511808053434
1141,G0_F4_Baseline,2,0,8,2.8100919007331693,"[2, 59, 73, 28, 66, 6, 64, 92, 79, 24]",15.0,0,16.0,16.0,-0.10265268452555797,0.0,0.10265268452555797,0,0.6,0.8911103313508627
1141,G3_Contribution_Aware,3,0,28,0.5253825329410629,"[11, 85, 16, 57, 3, 0, 64, 55, 48, 53]",97.0,0,15.0,15.0,-0.8468887530215472,0.1668577851937739,0.1668577851937739,0,0.0,26.129465780481787
1141,G5_Oracle_Victim,2,0,8,2.8100919007331693,"[2, 59, 73, 28, 66, 6, 64, 92, 79, 24]",15.0,0,16.0,16.0,-0.10265268452555797,0.0,0.10265268452555797,0,0.6,0.8911103313508627
1142,G1_Age_Normalized,88,0,8,1.2658493318240502,"[59, 54, 3, 74, 22, 82, 73, 12, 66, 88]",4.0,0,30.0,30.0,0.5000363505894482,0.0,0.8333939176490803,0,0.2,1.244295687256938
1142,G2_Update_Normalized,88,0,8,1.2658493318240502,"[59, 54, 3, 74, 22, 82, 73, 12, 66, 88]",4.0,0,30.0,30.0,0.5000363505894482,0.0,0.8333939176490803,0,0.2,1.244295687256938
1144,G1_Age_Normalized,27,0,19,0.41501583210724724,"[59, 54, 3, 74, 27, 82, 73, 12, 66, 88]",22.0,0,15.0,15.0,-0.06647858611114833,0.0,0.2215952870371611,0,0.2,8.491727148942871
1144,G2_Update_Normalized,27,0,19,0.41501583210724724,"[59, 54, 3, 74, 27, 82, 73, 12, 66, 88]",22.0,0,15.0,15.0,-0.06647858611114833,0.0,0.2215952870371611,0,0.2,8.491727148942871
1144,G3_Contribution_Aware,19,0,25,0.5205454687580956,"[11, 19, 16, 57, 3, 0, 64, 55, 48, 53]",85.0,0,16.0,16.0,0.03005490685181189,0.06349265190781889,0.06349265190781889,0,0.0,35.44275010134637
1145,G0_F4_Baseline,43,0,8,2.029505691651869,"[2, 59, 43, 28, 66, 6, 64, 92, 79, 24]",73.0,0,26.0,26.0,0.4067256029177986,0.0,0.4067256029177986,0,0.6,0.025671749812983417
1145,G5_Oracle_Victim,43,0,8,2.029505691651869,"[2, 59, 43, 28, 66, 6, 64, 92, 79, 24]",73.0,0,26.0,26.0,0.4067256029177986,0.0,0.4067256029177986,0,0.6,0.025671749812983417
1146,G3_Contribution_Aware,29,0,8,1.297086288827836,"[29, 19, 16, 57, 3, 0, 64, 55, 48, 53]",11.0,0,17.0,17.0,-0.15620061322792314,0.09322546460550153,0.09322546460550153,0,0.0,6.1229523615394985
1147,G3_Contribution_Aware,33,0,10,0.40609441210098257,"[29, 19, 16, 57, 3, 33, 64, 55, 48, 53]",0.0,0,15.0,15.0,-0.19892207326929598,0.08584496624789066,0.08584496624789066,0,0.0,15.586930951828167
1148,G0_F4_Baseline,65,0,8,0.6067075196875171,"[2, 59, 43, 28, 66, 6, 64, 92, 65, 24]",79.0,0,15.0,15.0,0.049492053992704066,0.0,0.049492053992704066,0,0.6,1.3691466591042019
1148,G1_Age_Normalized,44,0,8,0.9957462869889955,"[44, 54, 3, 74, 27, 82, 73, 12, 66, 88]",59.0,0,22.0,22.0,-0.07550765862445746,0.0,0.17160831505558513,0,0.2,7.62150867387644
1148,G2_Update_Normalized,44,0,8,0.9957462869889955,"[44, 54, 3, 74, 27, 82, 73, 12, 66, 88]",59.0,0,22.0,22.0,-0.07550765862445746,0.0,0.17160831505558513,0,0.2,7.62150867387644
1148,G5_Oracle_Victim,65,0,8,0.6067075196875171,"[2, 59, 43, 28, 66, 6, 64, 92, 65, 24]",79.0,0,15.0,15.0,0.049492053992704066,0.0,0.049492053992704066,0,0.6,1.3691466591042019
1149,G0_F4_Baseline,61,0,8,1.5894146072502882,"[2, 59, 43, 28, 66, 6, 61, 92, 65, 24]",64.0,0,18.0,18.0,0.03436035303833268,0.0,0.03436035303833268,0,0.6,1.4820711165222458
1149,G1_Age_Normalized,52,0,29,0.4875106817538988,"[44, 54, 3, 74, 27, 82, 73, 52, 66, 88]",12.0,0,32.0,32.0,-0.2515329506096135,0.0,0.3930202353275211,0,0.2,10.957184742859692
1149,G2_Update_Normalized,52,0,29,0.4875106817538988,"[44, 54, 3, 74, 27, 82, 73, 52, 66, 88]",12.0,0,32.0,32.0,-0.2515329506096135,0.0,0.3930202353275211,0,0.2,10.957184742859692
1149,G3_Contribution_Aware,46,0,8,0.9607898838535256,"[29, 19, 46, 57, 3, 33, 64, 55, 48, 53]",16.0,0,19.0,19.0,-0.13882617172650935,0.1298422663679647,0.1298422663679647,0,0.0,0.29135717160649655
1149,G5_Oracle_Victim,61,0,8,1.5894146072502882,"[2, 59, 43, 28, 66, 6, 61, 92, 65, 24]",64.0,0,18.0,18.0,0.03436035303833268,0.0,0.03436035303833268,0,0.6,1.4820711165222458
1150,G1_Age_Normalized,62,0,8,2.242054291552906,"[44, 54, 3, 62, 27, 82, 73, 52, 66, 88]",74.0,0,28.0,28.0,-0.6994448292612024,0.0,1.2490086236807185,0,0.2,5.5431474608356925
1150,G2_Update_Normalized,62,0,8,2.242054291552906,"[44, 54, 3, 62, 27, 82, 73, 52, 66, 88]",74.0,0,28.0,28.0,-0.6994448292612024,0.0,1.2490086236807185,0,0.2,5.5431474608356925
1151,G0_F4_Baseline,5,0,11,0.9335883127939051,"[2, 59, 43, 28, 66, 5, 61, 92, 65, 24]",6.0,0,15.0,15.0,-0.15433868569963943,0.0,0.15433868569963943,0,0.6,2.1126467040059422
1151,G5_Oracle_Victim,5,0,11,0.9335883127939051,"[2, 59, 43, 28, 66, 5, 61, 92, 65, 24]",6.0,0,15.0,15.0,-0.15433868569963943,0.0,0.15433868569963943,0,0.6,2.1126467040059422
1152,G0_F4_Baseline,9,0,36,0.4066552679716457,"[2, 59, 43, 28, 66, 5, 61, 9, 65, 24]",92.0,1,18.0,18.0,-0.23581357127602137,0.0,0.23581357127602137,0,0.4,7.234394936137868
1154,G1_Age_Normalized,0,0,8,1.9255854200750866,"[44, 54, 3, 62, 27, 0, 73, 52, 66, 88]",82.0,0,17.0,17.0,-0.0878692799240345,0.0,0.25843905860010147,0,0.2,0.8685006965400598
1154,G2_Update_Normalized,0,0,8,1.9255854200750866,"[44, 54, 3, 62, 27, 0, 73, 52, 66, 88]",82.0,0,17.0,17.0,-0.0878692799240345,0.0,0.25843905860010147,0,0.2,0.8685006965400598
1155,G3_Contribution_Aware,52,0,8,1.118840205538329,"[29, 19, 46, 57, 3, 33, 64, 52, 48, 53]",55.0,0,20.0,20.0,-0.07157165238991524,0.059667405503206726,0.059667405503206726,0,0.0,0.6827105591281574
1156,G0_F4_Baseline,11,0,8,1.4386487470236649,"[2, 59, 43, 11, 66, 5, 61, 9, 65, 24]",28.0,0,17.0,17.0,-0.23078679142394845,0.0,0.23078679142394845,0,0.4,11.801324887646025
1156,G1_Age_Normalized,17,0,28,0.5129674972845346,"[44, 54, 3, 62, 27, 0, 17, 52, 66, 88]",73.0,0,20.0,20.0,0.08015640036763305,0.0,0.20039100091908263,0,0.2,41.54179711594878
1156,G2_Update_Normalized,17,0,28,0.5129674972845346,"[44, 54, 3, 62, 27, 0, 17, 52, 66, 88]",73.0,0,20.0,20.0,0.08015640036763305,0.0,0.20039100091908263,0,0.2,41.54179711594878
1156,G3_Contribution_Aware,71,0,8,1.4739146114155217,"[29, 19, 46, 57, 71, 33, 64, 52, 48, 53]",3.0,0,15.0,15.0,0.5111767881327284,0.06718189828356358,0.06718189828356358,0,0.0,47.06652367062504
1156,G5_Oracle_Victim,11,0,8,1.3344046063049322,"[2, 59, 43, 11, 66, 5, 61, 92, 65, 24]",28.0,0,17.0,17.0,-0.17895287790272862,0.0,0.17895287790272862,0,0.6,8.967619437292349
1157,G1_Age_Normalized,19,0,28,0.4028213100144547,"[44, 19, 3, 62, 27, 0, 17, 52, 66, 88]",54.0,0,34.0,34.0,0.18016116070662194,0.0,0.2649428833920911,0,0.2,2.8574109658974263
1157,G2_Update_Normalized,19,0,28,0.4028213100144547,"[44, 19, 3, 62, 27, 0, 17, 52, 66, 88]",54.0,0,34.0,34.0,0.18016116070662194,0.0,0.2649428833920911,0,0.2,2.8574109658974263
1158,G4_Promotion_Cooldown,3,0,8,0.8736981503229622,"[97, 74, 65, 0, 3, 75, 49, 58, 7, 86]",39.0,0,361.0,361.0,-0.013590490343524643,0.0,0.013590490343524643,0,0.4,1.2928792536252984
1160,G1_Age_Normalized,7,1,8,3.4519251682326697,"[44, 19, 3, 62, 27, 0, 17, 52, 66, 7]",88.0,0,18.0,18.0,0.2865840072675538,0.0,0.7960666868543161,0,0.4,0.06930694463914465
1160,G2_Update_Normalized,7,1,8,3.4519251682326697,"[44, 19, 3, 62, 27, 0, 17, 52, 66, 7]",88.0,0,18.0,18.0,0.2865840072675538,0.0,0.7960666868543161,0,0.4,0.06930694463914465
1161,G0_F4_Baseline,74,0,32,0.47341267600496545,"[74, 59, 43, 11, 66, 5, 61, 9, 65, 24]",2.0,0,20.0,20.0,0.055263925811866066,0.0,0.055263925811866066,0,0.4,14.591083188889648
1161,G1_Age_Normalized,50,0,9,0.9134778065178031,"[44, 19, 50, 62, 27, 0, 17, 52, 66, 7]",3.0,0,21.0,21.0,0.340522510100509,0.0,0.8107678811916881,0,0.4,8.035480275675464
1161,G2_Update_Normalized,50,0,9,0.9134778065178031,"[44, 19, 50, 62, 27, 0, 17, 52, 66, 7]",3.0,0,21.0,21.0,0.340522510100509,0.0,0.8107678811916881,0,0.4,8.035480275675464
1161,G3_Contribution_Aware,26,0,17,0.5413394515983486,"[29, 26, 46, 57, 71, 33, 64, 52, 48, 53]",19.0,0,17.0,17.0,0.2665923447130533,0.045075509342134015,0.045075509342134015,0,0.0,4.844758001005335
1161,G5_Oracle_Victim,74,0,32,0.4897423333512875,"[74, 59, 43, 11, 66, 5, 61, 92, 65, 24]",2.0,0,20.0,20.0,0.10041635290531514,0.0,0.10041635290531514,0,0.6,16.662165789549597
1162,G0_F4_Baseline,42,0,8,0.7479911188805382,"[74, 42, 43, 11, 66, 5, 61, 9, 65, 24]",59.0,0,30.0,30.0,-0.4552457221714112,0.0,0.4552457221714112,0,0.4,0.27357994778693795
1162,G5_Oracle_Victim,42,0,8,0.5509584867922371,"[74, 59, 42, 11, 66, 5, 61, 92, 65, 24]",43.0,0,17.0,17.0,0.3627895894854216,0.0,0.3627895894854216,0,0.6,0.3539963065400154
1163,G0_F4_Baseline,84,0,8,0.7910401856893211,"[74, 42, 43, 11, 66, 5, 61, 9, 84, 24]",65.0,0,15.0,15.0,0.252223328895268,0.0,0.252223328895268,0,0.4,14.97057334167218
1163,G3_Contribution_Aware,40,0,22,0.4570969061532726,"[40, 26, 46, 57, 71, 33, 64, 52, 48, 53]",29.0,0,17.0,17.0,-0.11763228194381337,0.09102379182715359,0.09102379182715359,0,0.0,19.429823741212314
1163,G5_Oracle_Victim,84,0,8,0.79516021034314,"[74, 84, 42, 11, 66, 5, 61, 92, 65, 24]",59.0,0,31.0,31.0,-0.27767546429370404,0.0,0.27767546429370404,0,0.6,13.629138705395958
1164,G1_Age_Normalized,76,0,25,0.5255826450688967,"[44, 19, 50, 62, 27, 0, 17, 76, 66, 7]",52.0,0,15.0,15.0,0.07981782117365734,0.0,0.26605940391219113,0,0.4,0.5377169861844623
1164,G2_Update_Normalized,76,0,25,0.5255826450688967,"[44, 19, 50, 62, 27, 0, 17, 76, 66, 7]",52.0,0,15.0,15.0,0.07981782117365734,0.0,0.26605940391219113,0,0.4,0.5377169861844623
1164,G3_Contribution_Aware,12,0,8,1.3306894758420653,"[40, 26, 12, 57, 71, 33, 64, 52, 48, 53]",46.0,0,15.0,15.0,0.22186327608486292,0.0855328798749471,0.0855328798749471,0,0.0,0.18265777888316892
1166,G0_F4_Baseline,7,1,35,0.4789308099915657,"[74, 42, 43, 11, 66, 5, 7, 9, 84, 24]",61.0,0,17.0,17.0,-0.047879554028044446,0.0,0.047879554028044446,0,0.6,10.399734547049436
1166,G1_Age_Normalized,45,0,8,2.60803534994786,"[45, 19, 50, 62, 27, 0, 17, 76, 66, 7]",44.0,0,18.0,18.0,0.2354958690880246,0.0,0.6541551919111795,0,0.4,3.7402684097171712
1166,G2_Update_Normalized,45,0,8,2.60803534994786,"[45, 19, 50, 62, 27, 0, 17, 76, 66, 7]",44.0,0,18.0,18.0,0.2354958690880246,0.0,0.6541551919111795,0,0.4,3.7402684097171712
1166,G5_Oracle_Victim,7,1,35,0.4771855926769165,"[74, 84, 42, 11, 66, 5, 61, 92, 7, 24]",65.0,0,18.0,18.0,-0.05815499645868519,0.0,0.05815499645868519,0,0.8,10.029604579177501
1167,G5_Oracle_Victim,9,0,37,0.6751104054132437,"[74, 84, 42, 11, 66, 5, 9, 92, 7, 24]",61.0,0,18.0,18.0,-0.03574863841562716,0.0,0.03574863841562716,0,0.8,23.6497388334935
1168,G3_Contribution_Aware,35,0,8,1.802453731780952,"[40, 26, 12, 57, 71, 35, 64, 52, 48, 53]",33.0,0,21.0,21.0,0.09276790368850144,0.09754010754240207,0.09754010754240207,0,0.0,5.677585968069765
1169,G0_F4_Baseline,94,0,8,3.1010877631909475,"[74, 42, 43, 11, 66, 94, 7, 9, 84, 24]",5.0,0,18.0,18.0,-0.00028893634836817117,0.0,0.00028893634836817117,0,0.6,27.660855519440243
1169,G1_Age_Normalized,13,0,22,0.40201565988202603,"[45, 19, 50, 62, 27, 13, 17, 76, 66, 7]",0.0,0,15.0,15.0,-0.10508330147525577,0.0,0.35027767158418593,0,0.4,0.15323106708819276
1169,G2_Update_Normalized,13,0,22,0.40201565988202603,"[45, 19, 50, 62, 27, 13, 17, 76, 66, 7]",0.0,0,15.0,15.0,-0.10508330147525577,0.0,0.35027767158418593,0,0.4,0.15323106708819276
1169,G5_Oracle_Victim,94,0,8,2.7086742039610865,"[74, 84, 42, 11, 66, 94, 9, 92, 7, 24]",5.0,0,18.0,18.0,-0.12194073992114561,0.0,0.12194073992114561,0,0.8,15.747999087419245
1170,G3_Contribution_Aware,58,0,8,0.7928530304941379,"[40, 26, 12, 57, 71, 35, 64, 58, 48, 53]",52.0,0,15.0,15.0,0.08120876833295905,0.12067807550172294,0.12067807550172294,0,0.0,0.5203148271952314
1171,G3_Contribution_Aware,94,0,8,0.5070178351954219,"[40, 26, 12, 57, 94, 35, 64, 58, 48, 53]",71.0,0,15.0,15.0,-0.08670156938367185,0.04669378890402613,0.04669378890402613,0,0.0,1.2125725215228045
1172,G1_Age_Normalized,93,0,9,1.4071263396808358,"[45, 93, 50, 62, 27, 13, 17, 76, 66, 7]",19.0,0,15.0,15.0,-0.16294571642944855,0.0,0.5431523880981619,0,0.4,2.63846548348516
1172,G2_Update_Normalized,93,0,9,1.4071263396808358,"[45, 93, 50, 62, 27, 13, 17, 76, 66, 7]",19.0,0,15.0,15.0,-0.16294571642944855,0.0,0.5431523880981619,0,0.4,2.63846548348516
1172,G3_Contribution_Aware,42,0,11,0.5085021477193733,"[40, 26, 12, 42, 94, 35, 64, 58, 48, 53]",57.0,0,32.0,32.0,0.09054419229860111,0.1357278356264884,0.1357278356264884,0,0.0,2.1444811660860066
1174,G3_Contribution_Aware,10,0,12,0.4803980793853103,"[40, 26, 12, 42, 94, 35, 10, 58, 48, 53]",64.0,0,36.0,36.0,0.5731052622370916,0.22814782683669926,0.22814782683669926,0,0.0,3.309786467464973
1175,G3_Contribution_Aware,14,0,13,0.42876928773725753,"[40, 26, 12, 42, 94, 35, 10, 58, 14, 53]",48.0,0,41.0,41.0,0.2808856450475383,0.3009180060560193,0.3009180060560193,0,0.0,8.40545963738262
1176,G0_F4_Baseline,51,0,8,0.6661665853190264,"[51, 42, 43, 11, 66, 94, 7, 9, 84, 24]",74.0,0,15.0,15.0,0.17884014655555103,0.0,0.17884014655555103,0,0.6,0.16944643840863063
1178,G0_F4_Baseline,85,0,8,2.1075631133129225,"[51, 85, 43, 11, 66, 94, 7, 9, 84, 24]",42.0,0,16.0,16.0,0.175918959455243,0.0,0.175918959455243,0,0.6,2.6232350410046625
1178,G3_Contribution_Aware,41,0,8,1.9288249885693125,"[40, 41, 12, 42, 94, 35, 10, 58, 14, 53]",26.0,0,17.0,17.0,0.10246911018308352,0.08052438930602025,0.08052438930602025,0,0.0,16.07620160480835
1178,G5_Oracle_Victim,81,0,9,0.47817885243870295,"[81, 84, 42, 11, 66, 94, 9, 92, 7, 24]",74.0,0,17.0,17.0,-0.01648324923367282,0.0,0.01648324923367282,0,0.8,0.5103278710431101
1179,G3_Contribution_Aware,51,0,8,0.8861760154828728,"[51, 41, 12, 42, 94, 35, 10, 58, 14, 53]",40.0,0,16.0,16.0,0.44890035911424225,0.11725720811999621,0.11725720811999621,0,0.0,3.6673996060312106
1179,G4_Promotion_Cooldown,12,0,34,1.2527646278370024,"[97, 74, 65, 12, 3, 75, 49, 58, 7, 86]",0.0,0,182.0,182.0,0.013916349954204883,0.0,0.013916349954204883,0,0.4,0.6926777121021825
1179,G5_Oracle_Victim,85,0,8,1.5987235161236266,"[81, 84, 85, 11, 66, 94, 9, 92, 7, 24]",42.0,0,17.0,17.0,0.25196100257165477,0.0,0.25196100257165477,0,0.8,2.4420838502723763
1180,G0_F4_Baseline,96,0,8,1.5793058260414246,"[51, 85, 43, 96, 66, 94, 7, 9, 84, 24]",11.0,0,24.0,24.0,-0.11108896543152794,0.0,0.11108896543152794,0,0.6,14.981005015178189
1180,G1_Age_Normalized,85,0,8,1.5157770084245474,"[45, 93, 50, 62, 27, 13, 17, 85, 66, 7]",76.0,0,16.0,16.0,0.1294225250509017,0.0,0.4044453907840678,0,0.4,17.77816545883096
1180,G2_Update_Normalized,85,0,8,1.5157770084245474,"[45, 93, 50, 62, 27, 13, 17, 85, 66, 7]",76.0,0,16.0,16.0,0.1294225250509017,0.0,0.4044453907840678,0,0.4,17.77816545883096
1180,G3_Contribution_Aware,61,0,8,1.6655224140205505,"[51, 41, 61, 42, 94, 35, 10, 58, 14, 53]",12.0,0,16.0,16.0,-0.7378885208714283,0.24037262436886114,0.24037262436886114,0,0.0,12.261474272129995
1180,G5_Oracle_Victim,96,0,8,1.5143780245997318,"[81, 84, 85, 96, 66, 94, 9, 92, 7, 24]",11.0,0,24.0,24.0,0.0706003308392707,0.0,0.0706003308392707,0,0.8,11.452384534427335
1181,G5_Oracle_Victim,63,0,8,0.9241562694133464,"[81, 63, 85, 96, 66, 94, 9, 92, 7, 24]",84.0,0,18.0,18.0,0.768614212591363,0.0,0.768614212591363,0,0.8,2.6603086820356068
1182,G1_Age_Normalized,2,0,8,0.8282637099705953,"[2, 93, 50, 62, 27, 13, 17, 85, 66, 7]",45.0,0,16.0,16.0,0.005867006947295819,0.0,0.018334396710299433,0,0.4,0.9884853315134551
1182,G2_Update_Normalized,2,0,8,0.8282637099705953,"[2, 93, 50, 62, 27, 13, 17, 85, 66, 7]",45.0,0,16.0,16.0,0.005867006947295819,0.0,0.018334396710299433,0,0.4,0.9884853315134551
1183,G3_Contribution_Aware,45,0,9,0.6849147143630909,"[51, 41, 61, 42, 94, 45, 10, 58, 14, 53]",35.0,0,15.0,15.0,0.8473763256865623,0.3412331871950377,0.3412331871950377,0,0.0,8.549252531670511
1185,G1_Age_Normalized,20,0,9,0.7760082037419427,"[2, 93, 50, 20, 27, 13, 17, 85, 66, 7]",62.0,0,35.0,35.0,-0.007755162528242876,0.0,0.011078803611775538,0,0.4,7.195021673297979
1185,G2_Update_Normalized,20,0,9,0.7760082037419427,"[2, 93, 50, 20, 27, 13, 17, 85, 66, 7]",62.0,0,35.0,35.0,-0.007755162528242876,0.0,0.011078803611775538,0,0.4,7.195021673297979
1186,G1_Age_Normalized,31,0,31,0.42222471862221045,"[2, 93, 50, 20, 27, 31, 17, 85, 66, 7]",13.0,0,17.0,17.0,-0.11608930823367308,0.0,0.34143914186374436,0,0.4,11.007356365178273
1186,G2_Update_Normalized,31,0,31,0.42222471862221045,"[2, 93, 50, 20, 27, 31, 17, 85, 66, 7]",13.0,0,17.0,17.0,-0.11608930823367308,0.0,0.34143914186374436,0,0.4,11.007356365178273
1186,G3_Contribution_Aware,4,0,8,0.7083874373135728,"[51, 41, 61, 42, 4, 45, 10, 58, 14, 53]",94.0,0,15.0,15.0,-0.22971447401953904,0.07698629832487126,0.07698629832487126,0,0.0,22.610111450855328
1186,G5_Oracle_Victim,40,0,19,0.4023300093170126,"[81, 63, 85, 96, 66, 40, 9, 92, 7, 24]",94.0,0,17.0,17.0,0.07079321215426489,0.0,0.07079321215426489,0,0.8,1.2603163173087981
1187,G3_Contribution_Aware,80,0,8,1.28481873431879,"[51, 41, 61, 80, 4, 45, 10, 58, 14, 53]",42.0,0,15.0,15.0,0.02818238459104061,0.04481764965461656,0.04481764965461656,0,0.0,6.822559066493089
1190,G0_F4_Baseline,33,0,8,0.7641601484259277,"[51, 85, 43, 96, 66, 94, 7, 33, 84, 24]",9.0,0,38.0,38.0,0.030245069285895584,0.0,0.030245069285895584,0,0.6,1.1876725647297566
1190,G1_Age_Normalized,58,0,14,0.7251815787765946,"[2, 93, 50, 20, 58, 31, 17, 85, 66, 7]",27.0,0,46.0,46.0,0.23122573859296652,0.0,0.2513323245575723,0,0.4,10.590856259091796
1190,G2_Update_Normalized,58,0,14,0.7251815787765946,"[2, 93, 50, 20, 58, 31, 17, 85, 66, 7]",27.0,0,46.0,46.0,0.23122573859296652,0.0,0.2513323245575723,0,0.4,10.590856259091796
1191,G3_Contribution_Aware,0,0,8,1.9285658075646188,"[51, 41, 61, 80, 4, 45, 10, 0, 14, 53]",58.0,0,21.0,21.0,0.19773372530787367,0.10170117595970066,0.10170117595970066,0,0.0,9.959084561025529
1191,G5_Oracle_Victim,75,0,8,0.48131477368806286,"[81, 63, 85, 96, 66, 40, 75, 92, 7, 24]",9.0,0,24.0,24.0,-0.1431293032957914,0.0,0.1431293032957914,0,0.8,0.03353673844633092
1192,G0_F4_Baseline,75,0,8,0.5163510086814933,"[75, 85, 43, 96, 66, 94, 7, 33, 84, 24]",51.0,0,16.0,16.0,0.061275692694827286,0.0,0.061275692694827286,0,0.6,0.04347238046024493
1193,G0_F4_Baseline,63,0,8,0.7854998197302593,"[75, 85, 43, 96, 66, 63, 7, 33, 84, 24]",94.0,0,24.0,24.0,-0.17610178945853613,0.0,0.17610178945853613,0,0.6,4.013933125426851
1193,G3_Contribution_Aware,16,0,8,0.6381516432072081,"[51, 16, 61, 80, 4, 45, 10, 0, 14, 53]",41.0,0,15.0,15.0,-0.035988242998367295,0.10302136511402195,0.10302136511402195,0,0.0,11.814630050962291
1194,G1_Age_Normalized,86,0,10,0.8601184289897628,"[2, 86, 50, 20, 58, 31, 17, 85, 66, 7]",93.0,0,22.0,22.0,0.05950385887820647,0.0,0.1352360429050147,0,0.4,1.484973728199911
1194,G2_Update_Normalized,86,0,10,0.8601184289897628,"[2, 86, 50, 20, 58, 31, 17, 85, 66, 7]",93.0,0,22.0,22.0,0.05950385887820647,0.0,0.1352360429050147,0,0.4,1.484973728199911
1194,G5_Oracle_Victim,87,0,25,0.45154978704899884,"[81, 63, 87, 96, 66, 40, 75, 92, 7, 24]",85.0,0,15.0,15.0,0.13113157229131953,0.0,0.13113157229131953,0,0.8,6.063546115340824
1196,G1_Age_Normalized,74,0,8,1.1478756602868616,"[2, 86, 50, 20, 58, 31, 74, 85, 66, 7]",17.0,0,40.0,40.0,0.29075014912742314,0.0,0.3634376864092789,0,0.4,2.757847335904694
1196,G2_Update_Normalized,74,0,8,1.1478756602868616,"[2, 86, 50, 20, 58, 31, 74, 85, 66, 7]",17.0,0,40.0,40.0,0.29075014912742314,0.0,0.3634376864092789,0,0.4,2.757847335904694
1197,G1_Age_Normalized,79,0,9,0.7307718215466481,"[2, 86, 50, 20, 58, 31, 74, 79, 66, 7]",85.0,0,17.0,17.0,0.22551521755344398,0.0,0.6632800516277764,0,0.4,0.3118462183828023
1197,G2_Update_Normalized,79,0,9,0.7307718215466481,"[2, 86, 50, 20, 58, 31, 74, 79, 66, 7]",85.0,0,17.0,17.0,0.22551521755344398,0.0,0.6632800516277764,0,0.4,0.3118462183828023
1197,G3_Contribution_Aware,79,0,8,0.9204041509141192,"[51, 16, 79, 80, 4, 45, 10, 0, 14, 53]",61.0,0,17.0,17.0,-0.1286761008503185,0.03207955772865929,0.03207955772865929,0,0.0,17.254890433771003
1199,G5_Oracle_Victim,23,0,8,0.4955749396228387,"[81, 23, 87, 96, 66, 40, 75, 92, 7, 24]",63.0,0,18.0,18.0,0.07715444070401781,0.0,0.07715444070401781,0,0.8,0.7219778637855297
1200,G0_F4_Baseline,92,1,8,1.1774545592852668,"[75, 85, 43, 92, 66, 63, 7, 33, 84, 24]",96.0,0,20.0,20.0,-0.0027238375326718925,0.0,0.0027238375326718925,0,0.8,1.9695117427148283
1200,G3_Contribution_Aware,74,0,8,1.4351222835174657,"[74, 16, 79, 80, 4, 45, 10, 0, 14, 53]",51.0,0,21.0,21.0,-0.11311113269216981,0.0926652387864487,0.0926652387864487,0,0.0,0.022171453791056114
1200,G4_Promotion_Cooldown,26,0,12,1.281039109189588,"[97, 74, 65, 26, 3, 75, 49, 58, 7, 86]",12.0,0,21.0,21.0,0.0362596771777313,0.0,0.0362596771777313,0,0.4,0.15178428232938188
1201,G1_Age_Normalized,4,0,8,0.5570372868376128,"[2, 86, 50, 20, 58, 4, 74, 79, 66, 7]",31.0,0,15.0,15.0,0.006600387381464234,0.0,0.02200129127154745,0,0.4,3.114334772538525
1201,G2_Update_Normalized,4,0,8,0.5570372868376128,"[2, 86, 50, 20, 58, 4, 74, 79, 66, 7]",31.0,0,15.0,15.0,0.006600387381464234,0.0,0.02200129127154745,0,0.4,3.114334772538525
1201,G3_Contribution_Aware,7,1,29,0.624323157402763,"[74, 16, 79, 80, 7, 45, 10, 0, 14, 53]",4.0,0,15.0,15.0,-0.4058082810487167,0.11238518448985907,0.11238518448985907,0,0.2,2.67391809136573
1202,G1_Age_Normalized,3,0,8,0.9882919651665861,"[3, 86, 50, 20, 58, 4, 74, 79, 66, 7]",2.0,0,20.0,20.0,-0.046264414227982095,0.0,0.11566103556995523,0,0.4,0.5191535559389431
1202,G2_Update_Normalized,3,0,8,0.9882919651665861,"[3, 86, 50, 20, 58, 4, 74, 79, 66, 7]",2.0,0,20.0,20.0,-0.046264414227982095,0.0,0.11566103556995523,0,0.4,0.5191535559389431
1203,G0_F4_Baseline,49,1,42,0.5204573806152756,"[75, 85, 49, 92, 66, 63, 7, 33, 84, 24]",43.0,0,58.0,58.0,0.09809269835983948,0.0,0.09809269835983948,0,1.0,9.071664779830133
1205,G3_Contribution_Aware,3,0,8,1.1911487590022027,"[74, 16, 79, 3, 7, 45, 10, 0, 14, 53]",80.0,0,18.0,18.0,0.24062760362307764,0.10356360089183293,0.10356360089183293,0,0.2,7.67270971887599
1206,G3_Contribution_Aware,31,0,22,0.4427299607733496,"[74, 16, 79, 3, 7, 45, 10, 31, 14, 53]",0.0,0,15.0,15.0,0.41531472892869553,0.0517732477892629,0.0517732477892629,0,0.2,0.04445364994311122
1208,G0_F4_Baseline,81,0,11,0.7191734872485881,"[81, 85, 49, 92, 66, 63, 7, 33, 84, 24]",75.0,0,16.0,16.0,0.09005334571018642,0.0,0.09005334571018642,0,1.0,3.258278426554913
1208,G1_Age_Normalized,78,0,8,0.9373608584301573,"[3, 86, 50, 78, 58, 4, 74, 79, 66, 7]",20.0,0,23.0,23.0,-0.1449232496719009,0.0,0.31505054276500194,0,0.4,2.7856466909288486
1208,G2_Update_Normalized,78,0,8,0.9373608584301573,"[3, 86, 50, 78, 58, 4, 74, 79, 66, 7]",20.0,0,23.0,23.0,-0.1449232496719009,0.0,0.31505054276500194,0,0.4,2.7856466909288486
1209,G0_F4_Baseline,61,0,8,0.614987397096416,"[81, 85, 49, 92, 66, 61, 7, 33, 84, 24]",63.0,0,16.0,16.0,0.20284558745621617,0.0,0.20284558745621617,0,1.0,0.458085955618881
1209,G3_Contribution_Aware,43,0,26,0.4970551647022232,"[74, 43, 79, 3, 7, 45, 10, 31, 14, 53]",16.0,0,16.0,16.0,-0.36988283827708923,0.17035689214433059,0.17035689214433059,0,0.2,17.345588454787094
1210,G1_Age_Normalized,92,1,8,1.1477433947326083,"[3, 86, 92, 78, 58, 4, 74, 79, 66, 7]",50.0,0,49.0,49.0,-0.31912413751416835,0.0,0.3256368750144575,0,0.6,8.297941036885565
1210,G2_Update_Normalized,92,1,8,1.1477433947326083,"[3, 86, 92, 78, 58, 4, 74, 79, 66, 7]",50.0,0,49.0,49.0,-0.31912413751416835,0.0,0.3256368750144575,0,0.6,8.297941036885565
1210,G5_Oracle_Victim,70,0,8,0.7254783397709683,"[70, 23, 87, 96, 66, 40, 75, 92, 7, 24]",81.0,0,32.0,32.0,-0.10676877980712625,0.0,0.10676877980712625,0,0.8,4.26552769603678
1211,G3_Contribution_Aware,60,0,21,0.5468063481211541,"[74, 43, 79, 3, 7, 60, 10, 31, 14, 53]",45.0,0,28.0,28.0,0.30681446235286736,0.1800856184116533,0.1800856184116533,0,0.2,13.8787370635079
1212,G0_F4_Baseline,79,0,8,1.2226258461114903,"[81, 79, 49, 92, 66, 61, 7, 33, 84, 24]",85.0,0,34.0,34.0,0.1719250852799591,0.0,0.1719250852799591,0,1.0,0.38838795437406165
1212,G3_Contribution_Aware,29,0,9,0.4445576847167703,"[74, 43, 29, 3, 7, 60, 10, 31, 14, 53]",79.0,0,15.0,15.0,-0.1427705031445584,0.04410826716893147,0.04410826716893147,0,0.2,0.03326425546824839
1213,G1_Age_Normalized,24,1,32,0.4556557078710327,"[3, 86, 92, 78, 58, 4, 24, 79, 66, 7]",74.0,0,17.0,17.0,-0.07247532373685592,0.0,0.21316271687310562,0,0.8,8.881188649536723
1213,G2_Update_Normalized,24,1,32,0.4556557078710327,"[3, 86, 92, 78, 58, 4, 24, 79, 66, 7]",74.0,0,17.0,17.0,-0.07247532373685592,0.0,0.21316271687310562,0,0.8,8.881188649536723
1213,G3_Contribution_Aware,76,0,15,0.9208021501188521,"[74, 43, 29, 3, 7, 60, 10, 31, 76, 53]",14.0,0,38.0,38.0,-0.7392932886026553,0.3058456697415569,0.3058456697415569,0,0.2,17.177159308052232
1214,G3_Contribution_Aware,82,0,8,1.5083760351864237,"[74, 43, 29, 3, 7, 60, 10, 31, 76, 82]",53.0,0,93.0,93.0,0.2704250918009608,0.3365314392392361,0.3365314392392361,0,0.2,9.115353888896735
1215,G5_Oracle_Victim,0,0,8,0.8216156528540607,"[70, 23, 87, 0, 66, 40, 75, 92, 7, 24]",96.0,0,35.0,35.0,0.09953494246239951,0.0,0.09953494246239951,0,0.8,0.2795875565003047
1216,G1_Age_Normalized,42,0,9,0.5095790516749563,"[3, 86, 92, 78, 58, 42, 24, 79, 66, 7]",4.0,0,15.0,15.0,0.0027034806170837117,0.0,0.009011602056945706,0,0.8,2.742181744909867
1216,G2_Update_Normalized,42,0,9,0.5095790516749563,"[3, 86, 92, 78, 58, 42, 24, 79, 66, 7]",4.0,0,15.0,15.0,0.0027034806170837117,0.0,0.009011602056945706,0,0.8,2.742181744909867
1216,G3_Contribution_Aware,99,0,19,0.4398790151276195,"[99, 43, 29, 3, 7, 60, 10, 31, 76, 82]",74.0,0,16.0,16.0,-0.14541419673860181,0.0967306243112221,0.0967306243112221,0,0.2,6.622731298154035
1216,G5_Oracle_Victim,6,0,9,0.7882709909289192,"[70, 23, 87, 0, 66, 6, 75, 92, 7, 24]",40.0,0,30.0,30.0,-0.1413346880191432,0.0,0.1413346880191432,0,0.8,0.33368017390130095
1218,G3_Contribution_Aware,13,0,8,0.6078847991564232,"[99, 43, 29, 3, 7, 60, 13, 31, 76, 82]",10.0,0,44.0,44.0,-0.30119873932338276,0.33840433451977353,0.33840433451977353,0,0.2,0.5424783845581524
1219,G1_Age_Normalized,30,0,8,0.8200618623980445,"[30, 86, 92, 78, 58, 42, 24, 79, 66, 7]",3.0,0,17.0,17.0,-0.1570175930080956,0.0,0.46181645002381055,0,0.8,0.12581163499285147
1219,G2_Update_Normalized,30,0,8,0.8200618623980445,"[30, 86, 92, 78, 58, 42, 24, 79, 66, 7]",3.0,0,17.0,17.0,-0.1570175930080956,0.0,0.46181645002381055,0,0.8,0.12581163499285147
1220,G4_Promotion_Cooldown,24,1,50,0.7845249401404026,"[97, 74, 65, 26, 24, 75, 49, 58, 7, 86]",3.0,0,62.0,62.0,-0.06820100991253439,0.0,0.06820100991253439,0,0.6,3.61387016569321
1221,G1_Age_Normalized,39,0,8,0.7134306678603747,"[30, 39, 92, 78, 58, 42, 24, 79, 66, 7]",86.0,0,27.0,27.0,0.2670365386951907,0.0,0.4945121086947975,0,0.8,0.07292311642109062
1221,G2_Update_Normalized,39,0,8,0.7134306678603747,"[30, 39, 92, 78, 58, 42, 24, 79, 66, 7]",86.0,0,27.0,27.0,0.2670365386951907,0.0,0.4945121086947975,0,0.8,0.07292311642109062
1224,G1_Age_Normalized,83,0,8,0.8315620504131155,"[30, 39, 92, 83, 58, 42, 24, 79, 66, 7]",78.0,0,16.0,16.0,-0.011150762306858557,0.0,0.03484613220893299,0,0.8,0.029231077839881884
1224,G2_Update_Normalized,83,0,8,0.8315620504131155,"[30, 39, 92, 83, 58, 42, 24, 79, 66, 7]",78.0,0,16.0,16.0,-0.011150762306858557,0.0,0.03484613220893299,0,0.8,0.029231077839881884
1224,G3_Contribution_Aware,65,0,25,0.5121719803441386,"[99, 43, 29, 65, 7, 60, 13, 31, 76, 82]",3.0,0,19.0,19.0,-0.8229157797868356,0.13492552023978965,0.13492552023978965,0,0.2,24.592420778344422
1225,G1_Age_Normalized,89,0,8,1.1564788233264285,"[30, 39, 92, 83, 89, 42, 24, 79, 66, 7]",58.0,0,35.0,35.0,0.3689652113239186,0.0,0.5270931590341694,0,0.8,0.43853960935040587
1225,G2_Update_Normalized,89,0,8,1.1564788233264285,"[30, 39, 92, 83, 89, 42, 24, 79, 66, 7]",58.0,0,35.0,35.0,0.3689652113239186,0.0,0.5270931590341694,0,0.8,0.43853960935040587
1225,G3_Contribution_Aware,70,0,8,0.5106410472032344,"[99, 70, 29, 65, 7, 60, 13, 31, 76, 82]",43.0,0,16.0,16.0,-0.35345343073834723,0.20603369458797374,0.20603369458797374,0,0.2,0.5480481060199991
1226,G3_Contribution_Aware,86,0,8,0.7485953771687561,"[99, 70, 29, 65, 7, 86, 13, 31, 76, 82]",60.0,0,15.0,15.0,0.7045613007661603,0.08011059154384914,0.08011059154384914,0,0.2,43.48730558429865
1227,G3_Contribution_Aware,91,0,8,0.5950808724100883,"[99, 70, 91, 65, 7, 86, 13, 31, 76, 82]",29.0,0,15.0,15.0,-0.37135058852432823,0.10618103521444944,0.10618103521444944,0,0.2,11.504844901061972
1227,G5_Oracle_Victim,65,0,8,0.570918281645581,"[65, 23, 87, 0, 66, 6, 75, 92, 7, 24]",70.0,0,17.0,17.0,-0.09374522193257956,0.0,0.09374522193257956,0,0.8,1.7150849907354533
1228,G5_Oracle_Victim,61,0,9,0.6208793736323339,"[65, 61, 87, 0, 66, 6, 75, 92, 7, 24]",23.0,0,29.0,29.0,0.07488705863820773,0.0,0.07488705863820773,0,0.8,6.399263184807545
1231,G1_Age_Normalized,34,0,11,0.4777416342148787,"[30, 39, 92, 83, 89, 42, 24, 34, 66, 7]",79.0,0,34.0,34.0,0.22482656194676573,0.0,0.33062729698053783,0,0.8,10.16440804002738
1231,G2_Update_Normalized,34,0,11,0.4777416342148787,"[30, 39, 92, 83, 89, 42, 24, 34, 66, 7]",79.0,0,34.0,34.0,0.22482656194676573,0.0,0.33062729698053783,0,0.8,10.16440804002738
1231,G3_Contribution_Aware,93,0,8,0.7148855564473676,"[99, 70, 91, 65, 7, 86, 13, 31, 76, 93]",82.0,0,17.0,17.0,0.6342060932328757,0.2347673321986906,0.2347673321986906,0,0.2,0.7161790031588855
1232,G3_Contribution_Aware,94,0,8,2.6856433503674753,"[99, 70, 91, 65, 7, 86, 13, 31, 94, 93]",76.0,0,19.0,19.0,-0.4381569471822916,0.29705695715593683,0.29705695715593683,0,0.2,5.381554463013635
1233,G3_Contribution_Aware,25,0,9,0.7784682333969317,"[99, 70, 91, 65, 7, 86, 25, 31, 94, 93]",13.0,0,15.0,15.0,-0.9430518627696944,0.2236340752283506,0.2236340752283506,0,0.2,0.5553345412551204
1236,G1_Age_Normalized,31,0,8,0.8703923158045571,"[31, 39, 92, 83, 89, 42, 24, 34, 66, 7]",30.0,0,17.0,17.0,0.19943587113995273,0.0,0.5865760915880962,0,0.8,1.6176150978406478
1236,G2_Update_Normalized,31,0,8,0.8703923158045571,"[31, 39, 92, 83, 89, 42, 24, 34, 66, 7]",30.0,0,17.0,17.0,0.19943587113995273,0.0,0.5865760915880962,0,0.8,1.6176150978406478
1236,G3_Contribution_Aware,49,1,8,0.9974993328880235,"[99, 70, 91, 65, 7, 86, 25, 49, 94, 93]",31.0,0,30.0,30.0,-0.856995790041716,0.394315184605697,0.394315184605697,0,0.4,13.996351285627135
1236,G5_Oracle_Victim,49,1,44,0.4225538387702566,"[65, 61, 87, 0, 66, 49, 75, 92, 7, 24]",6.0,0,20.0,20.0,-0.13501433045141922,0.0,0.13501433045141922,0,1.0,1.7085931381094401
1238,G3_Contribution_Aware,69,0,9,0.7315464125323772,"[69, 70, 91, 65, 7, 86, 25, 49, 94, 93]",99.0,0,22.0,22.0,0.9888779950855058,0.47568738426738627,0.47568738426738627,0,0.4,2.3793279131254654
1239,G3_Contribution_Aware,75,0,11,0.5608324316251108,"[69, 70, 91, 75, 7, 86, 25, 49, 94, 93]",65.0,0,15.0,15.0,-0.2417935012895225,0.08927331845128611,0.08927331845128611,0,0.4,6.14404447241316
1240,G4_Promotion_Cooldown,33,0,18,1.3968104912847787,"[97, 74, 65, 26, 24, 75, 49, 58, 7, 33]",86.0,0,183.0,183.0,0.09106399681003405,0.0,0.09106399681003405,0,0.6,6.722383558558677
1241,G1_Age_Normalized,97,0,8,1.3329181764572184,"[31, 39, 92, 83, 97, 42, 24, 34, 66, 7]",89.0,0,16.0,16.0,-0.04796455707519902,0.0,0.14988924085999694,0,0.8,0.4720599399553082
1241,G2_Update_Normalized,97,0,8,1.3329181764572184,"[31, 39, 92, 83, 97, 42, 24, 34, 66, 7]",89.0,0,16.0,16.0,-0.04796455707519902,0.0,0.14988924085999694,0,0.8,0.4720599399553082
1244,G1_Age_Normalized,15,0,8,1.0964030290916653,"[31, 15, 92, 83, 97, 42, 24, 34, 66, 7]",39.0,0,23.0,23.0,0.0889406741202393,0.0,0.1933492915657376,0,0.8,0.9076400759740461
1244,G2_Update_Normalized,15,0,8,1.0964030290916653,"[31, 15, 92, 83, 97, 42, 24, 34, 66, 7]",39.0,0,23.0,23.0,0.0889406741202393,0.0,0.1933492915657376,0,0.8,0.9076400759740461
1245,G0_F4_Baseline,31,0,8,0.7531721050549401,"[81, 79, 49, 92, 66, 31, 7, 33, 84, 24]",61.0,0,36.0,36.0,-0.007494901701498929,0.0,0.007494901701498929,0,1.0,0.16119091074072509
1245,G3_Contribution_Aware,80,0,8,1.6325895271449824,"[69, 80, 91, 75, 7, 86, 25, 49, 94, 93]",70.0,0,20.0,20.0,-0.1752855877751453,0.06082315656528409,0.06082315656528409,0,0.4,10.240809649901921
1245,G5_Oracle_Victim,72,0,8,1.1792992971995084,"[65, 61, 87, 72, 66, 49, 75, 92, 7, 24]",0.0,0,30.0,30.0,0.048006727902661514,0.0,0.048006727902661514,0,1.0,3.410847016305268
1247,G3_Contribution_Aware,28,0,9,0.7906519037313771,"[69, 80, 91, 75, 7, 86, 25, 49, 28, 93]",94.0,0,15.0,15.0,-0.06011242848763286,0.019065107211427946,0.019065107211427946,0,0.4,25.477705619426125
1248,G1_Age_Normalized,49,1,37,0.58759310529273,"[31, 15, 92, 83, 97, 49, 24, 34, 66, 7]",42.0,0,32.0,32.0,-0.2102364514802375,0.0,0.3284944554378711,0,1.0,0.0002738249144565596
1248,G2_Update_Normalized,49,1,37,0.58759310529273,"[31, 15, 92, 83, 97, 49, 24, 34, 66, 7]",42.0,0,32.0,32.0,-0.2102364514802375,0.0,0.3284944554378711,0,1.0,0.0002738249144565596
1249,G3_Contribution_Aware,17,0,8,2.3098929538740824,"[69, 80, 91, 75, 7, 17, 25, 49, 28, 93]",86.0,0,23.0,23.0,-0.4107626023014776,0.09881061349483058,0.09881061349483058,0,0.4,2.2745545308287443
1251,G5_Oracle_Victim,20,0,8,0.7353076481634309,"[20, 61, 87, 72, 66, 49, 75, 92, 7, 24]",65.0,0,24.0,24.0,-0.0006148637187360952,0.0,0.0006148637187360952,0,1.0,0.033367748933275015
1252,G1_Age_Normalized,64,0,8,1.2642957454097592,"[64, 15, 92, 83, 97, 49, 24, 34, 66, 7]",31.0,0,16.0,16.0,-0.040859842086782554,0.0,0.12768700652119547,0,1.0,2.3031631277871987
1252,G2_Update_Normalized,64,0,8,1.2642957454097592,"[64, 15, 92, 83, 97, 49, 24, 34, 66, 7]",31.0,0,16.0,16.0,-0.040859842086782554,0.0,0.12768700652119547,0,1.0,2.3031631277871987
1252,G3_Contribution_Aware,63,0,14,0.5502105618818184,"[69, 80, 63, 75, 7, 17, 25, 49, 28, 93]",91.0,0,25.0,25.0,0.05488632693079801,0.1037764648089691,0.1037764648089691,0,0.4,14.392078845668463
1255,G3_Contribution_Aware,83,0,8,0.8741833587413892,"[69, 80, 63, 83, 7, 17, 25, 49, 28, 93]",75.0,0,16.0,16.0,-0.043007194945013094,0.028216491803020327,0.028216491803020327,0,0.4,10.76749198774544
1256,G3_Contribution_Aware,61,0,8,0.7826812455340376,"[69, 80, 63, 83, 7, 17, 61, 49, 28, 93]",25.0,0,23.0,23.0,-0.015596884318362265,0.09740817339159201,0.09740817339159201,0,0.4,0.11182068335598179
1257,G1_Age_Normalized,94,0,8,0.5458491184383326,"[64, 15, 92, 83, 97, 49, 24, 94, 66, 7]",34.0,0,26.0,26.0,-0.1456042127599091,0.0,0.2800081014613636,0,1.0,1.5402814792973194
1257,G2_Update_Normalized,94,0,8,0.5458491184383326,"[64, 15, 92, 83, 97, 49, 24, 94, 66, 7]",34.0,0,26.0,26.0,-0.1456042127599091,0.0,0.2800081014613636,0,1.0,1.5402814792973194
1257,G3_Contribution_Aware,97,0,8,0.6789202423983458,"[97, 80, 63, 83, 7, 17, 61, 49, 28, 93]",69.0,0,19.0,19.0,0.03925008220328141,0.10045315277237771,0.10045315277237771,0,0.4,7.409819241271066
1258,G3_Contribution_Aware,2,0,8,1.1507756213662341,"[97, 80, 63, 83, 7, 17, 61, 49, 28, 2]",93.0,0,27.0,27.0,-0.2995660486311218,0.13911326710780048,0.13911326710780048,0,0.4,0.2939864905929227
1259,G1_Age_Normalized,74,0,8,1.3776337724290768,"[64, 74, 92, 83, 97, 49, 24, 94, 66, 7]",15.0,0,15.0,15.0,0.03525460003554314,0.0,0.11751533345181048,0,1.0,2.114515872502556
1259,G2_Update_Normalized,74,0,8,1.3776337724290768,"[64, 74, 92, 83, 97, 49, 24, 94, 66, 7]",15.0,0,15.0,15.0,0.03525460003554314,0.0,0.11751533345181048,0,1.0,2.114515872502556
1259,G3_Contribution_Aware,85,0,8,1.4268544972026633,"[97, 80, 63, 83, 7, 17, 61, 85, 28, 2]",49.0,1,23.0,23.0,-0.5813726086040004,0.16280259278065673,0.16280259278065673,0,0.2,0.1440741967351589
1260,G1_Age_Normalized,87,0,8,0.8570244069215462,"[64, 74, 92, 87, 97, 49, 24, 94, 66, 7]",83.0,0,36.0,36.0,-0.27427109595072313,0.0,0.3809320777093377,0,1.0,0.006900523064049223
1260,G2_Update_Normalized,87,0,8,0.8570244069215462,"[64, 74, 92, 87, 97, 49, 24, 94, 66, 7]",83.0,0,36.0,36.0,-0.27427109595072313,0.0,0.3809320777093377,0,1.0,0.006900523064049223
1260,G3_Contribution_Aware,20,0,8,0.42801912279382714,"[97, 20, 63, 83, 7, 17, 61, 85, 28, 2]",80.0,0,15.0,15.0,0.22182856449116306,0.06666456458357645,0.06666456458357645,0,0.2,3.190197239836263
1260,G4_Promotion_Cooldown,27,0,55,0.5136607226073191,"[97, 74, 65, 26, 24, 75, 49, 58, 7, 27]",33.0,0,20.0,20.0,0.10657566870696593,0.0,0.10657566870696593,0,0.6,0.00925061946412905
1260,G5_Oracle_Victim,58,0,8,1.8406287959193661,"[20, 58, 87, 72, 66, 49, 75, 92, 7, 24]",61.0,0,32.0,32.0,-0.009206399063683838,0.0,0.009206399063683838,0,1.0,0.10799086126846441
1261,G1_Age_Normalized,86,0,8,0.7229412169098965,"[64, 74, 92, 87, 86, 49, 24, 94, 66, 7]",97.0,0,20.0,20.0,0.16595840219130858,0.0,0.41489600547827143,0,1.0,0.11447126557412408
1261,G2_Update_Normalized,86,0,8,0.7229412169098965,"[64, 74, 92, 87, 86, 49, 24, 94, 66, 7]",97.0,0,20.0,20.0,0.16595840219130858,0.0,0.41489600547827143,0,1.0,0.11447126557412408
1262,G3_Contribution_Aware,32,0,30,0.5612762932929353,"[97, 20, 63, 83, 7, 17, 61, 85, 32, 2]",28.0,0,15.0,15.0,-0.13602889664849696,0.09758018680922086,0.09758018680922086,0,0.2,5.4714670063617366
1264,G3_Contribution_Aware,16,0,8,1.7707048254900104,"[97, 20, 63, 83, 7, 16, 61, 85, 32, 2]",17.0,0,15.0,15.0,-0.1823112718717555,0.10188536350376173,0.10188536350376173,0,0.2,4.220180314833035
1268,G3_Contribution_Aware,73,0,8,1.0451345742450329,"[97, 20, 73, 83, 7, 16, 61, 85, 32, 2]",63.0,0,16.0,16.0,-0.105854945823714,0.1387550241656671,0.1387550241656671,0,0.2,0.7614388990179458
1270,G1_Age_Normalized,60,0,28,0.4124960885309518,"[60, 74, 92, 87, 86, 49, 24, 94, 66, 7]",64.0,0,18.0,18.0,0.04575744905158303,0.0,0.1271040251432862,0,1.0,0.4399839491174819
1270,G2_Update_Normalized,60,0,28,0.4124960885309518,"[60, 74, 92, 87, 86, 49, 24, 94, 66, 7]",64.0,0,18.0,18.0,0.04575744905158303,0.0,0.1271040251432862,0,1.0,0.4399839491174819
1272,G3_Contribution_Aware,6,0,8,1.3736860362100538,"[97, 20, 73, 83, 7, 16, 6, 85, 32, 2]",61.0,0,16.0,16.0,-0.008200215621890716,0.032232431589777816,0.032232431589777816,0,0.2,4.192271735147547
1273,G1_Age_Normalized,73,0,8,0.5959188079455179,"[60, 74, 92, 87, 86, 49, 24, 73, 66, 7]",94.0,0,16.0,16.0,0.11578014381316311,0.0,0.36181294941613473,0,1.0,0.25217826492465834
1273,G2_Update_Normalized,73,0,8,0.5959188079455179,"[60, 74, 92, 87, 86, 49, 24, 73, 66, 7]",94.0,0,16.0,16.0,0.11578014381316311,0.0,0.36181294941613473,0,1.0,0.25217826492465834
1274,G3_Contribution_Aware,24,1,10,0.528935051701395,"[97, 20, 73, 83, 7, 16, 6, 85, 32, 24]",2.0,0,16.0,16.0,0.10394239555414958,0.02955875099298739,0.02955875099298739,0,0.4,25.863184063652724
1276,G1_Age_Normalized,88,0,8,0.5481189711730217,"[60, 74, 92, 88, 86, 49, 24, 73, 66, 7]",87.0,0,16.0,16.0,-0.00579548080752566,0.0,0.018110877523517685,0,1.0,0.23675306613358973
1276,G2_Update_Normalized,88,0,8,0.5481189711730217,"[60, 74, 92, 88, 86, 49, 24, 73, 66, 7]",87.0,0,16.0,16.0,-0.00579548080752566,0.0,0.018110877523517685,0,1.0,0.23675306613358973
1277,G3_Contribution_Aware,44,0,10,0.8496677431620187,"[97, 20, 73, 83, 7, 16, 6, 44, 32, 24]",85.0,0,18.0,18.0,0.26249222411355544,0.08611434805198863,0.08611434805198863,0,0.4,0.1451621127568646
1278,G3_Contribution_Aware,46,0,8,1.3000437424682643,"[46, 20, 73, 83, 7, 16, 6, 44, 32, 24]",97.0,0,21.0,21.0,0.08890885133446091,0.08904018011602588,0.08904018011602588,0,0.4,2.939514119524773
1279,G3_Contribution_Aware,56,0,12,0.6512079132675829,"[46, 20, 73, 83, 7, 56, 6, 44, 32, 24]",16.0,0,15.0,15.0,0.15351526158357076,0.06760272593115656,0.06760272593115656,0,0.4,8.864504277047356
1280,G3_Contribution_Aware,64,0,8,0.7865300381785489,"[46, 20, 73, 64, 7, 56, 6, 44, 32, 24]",83.0,0,25.0,25.0,-0.03577841821489228,0.14377613444267767,0.14377613444267767,0,0.4,2.062965326610246
1280,G4_Promotion_Cooldown,15,0,56,1.2408491789754774,"[97, 74, 65, 26, 24, 15, 49, 58, 7, 27]",75.0,0,243.0,243.0,0.07738516085927466,0.0,0.07738516085927466,0,0.6,0.9411597194519834
1282,G3_Contribution_Aware,81,0,17,0.49914851763555484,"[46, 81, 73, 64, 7, 56, 6, 44, 32, 24]",20.0,0,22.0,22.0,-0.17111754951801433,0.17101322723037402,0.17101322723037402,0,0.4,0.7593078148556096
1283,G3_Contribution_Aware,87,0,17,0.42490660458459,"[46, 81, 87, 64, 7, 56, 6, 44, 32, 24]",73.0,0,15.0,15.0,-0.1789134983691883,0.06970327621344242,0.06970327621344242,0,0.4,0.9392800654111446
1284,G3_Contribution_Aware,96,0,30,0.43339739141891354,"[46, 81, 87, 64, 7, 56, 6, 44, 96, 24]",32.0,0,22.0,22.0,-0.9695192863088506,0.2895257736147744,0.2895257736147744,0,0.4,13.820482761704438
1286,G3_Contribution_Aware,12,0,8,1.9534001300996795,"[46, 81, 87, 64, 12, 56, 6, 44, 96, 24]",7.0,1,85.0,85.0,-1.9058747215309775,1.168437505470231,1.168437505470231,0,0.2,4.001267918373131
1288,G3_Contribution_Aware,86,0,8,0.6864369333164306,"[46, 81, 87, 64, 12, 56, 86, 44, 96, 24]",6.0,0,16.0,16.0,0.1853760434486325,0.0645413795404901,0.0645413795404901,0,0.2,0.21756630184606351
1290,G3_Contribution_Aware,35,0,8,1.120037932375291,"[46, 81, 87, 64, 12, 56, 86, 44, 96, 35]",24.0,1,16.0,16.0,1.0191364631237023,0.17864754261847718,0.17864754261847718,0,0.0,25.693660466769202
1291,G5_Oracle_Victim,15,0,8,0.6498703635448518,"[20, 58, 15, 72, 66, 49, 75, 92, 7, 24]",87.0,0,97.0,97.0,-0.003205114032527873,0.0,0.003205114032527873,0,1.0,0.013986794059248374
1292,G1_Age_Normalized,26,0,9,0.5572964908578528,"[60, 74, 92, 26, 86, 49, 24, 73, 66, 7]",88.0,0,16.0,16.0,-0.006604984850174917,0.0,0.020640577656796614,0,1.0,0.05748819032030258
1292,G2_Update_Normalized,26,0,9,0.5572964908578528,"[60, 74, 92, 26, 86, 49, 24, 73, 66, 7]",88.0,0,16.0,16.0,-0.006604984850174917,0.0,0.020640577656796614,0,1.0,0.05748819032030258
1292,G3_Contribution_Aware,48,0,9,1.1340245327061167,"[46, 81, 87, 64, 12, 56, 86, 48, 96, 35]",44.0,0,15.0,15.0,-0.7357161029253518,0.14825179552208806,0.14825179552208806,0,0.0,6.665484767254408
1293,G3_Contribution_Aware,26,0,8,0.47572929605817044,"[26, 81, 87, 64, 12, 56, 86, 48, 96, 35]",46.0,0,15.0,15.0,0.5619235958743787,0.1411328361183498,0.1411328361183498,0,0.0,9.54863750938794
1295,G3_Contribution_Aware,71,0,9,0.5806543219464736,"[26, 81, 87, 64, 12, 71, 86, 48, 96, 35]",56.0,0,16.0,16.0,0.678950115685504,0.17847481794780282,0.17847481794780282,0,0.0,24.107840485380557
1297,G3_Contribution_Aware,49,1,8,3.0392491662525223,"[26, 49, 87, 64, 12, 71, 86, 48, 96, 35]",81.0,0,15.0,15.0,0.3027489230543923,0.09578421171945621,0.09578421171945621,0,0.2,2.439679816200759
1298,G3_Contribution_Aware,92,1,15,0.6615832582382507,"[26, 49, 92, 64, 12, 71, 86, 48, 96, 35]",87.0,0,15.0,15.0,0.2240232364453368,0.16896890444643956,0.16896890444643956,0,0.4,9.329262432606386
1299,G3_Contribution_Aware,76,0,8,1.3350876480249447,"[26, 49, 92, 64, 12, 71, 86, 48, 76, 35]",96.0,0,15.0,15.0,0.2279157197498991,0.05709740044366716,0.05709740044366716,0,0.4,7.54004445496632
1300,G3_Contribution_Aware,70,0,9,0.48339426190738255,"[26, 49, 92, 70, 12, 71, 86, 48, 76, 35]",64.0,0,20.0,20.0,0.19753545573427242,0.28507857172124995,0.28507857172124995,0,0.4,4.624172460922518
1301,G4_Promotion_Cooldown,18,0,57,0.46516022778469923,"[97, 74, 65, 26, 24, 15, 49, 58, 7, 18]",27.0,0,41.0,41.0,0.01642618018089498,0.0,0.01642618018089498,0,0.6,5.7275022687740185
1305,G3_Contribution_Aware,41,0,8,0.8053501285261956,"[26, 49, 92, 70, 12, 71, 86, 48, 76, 41]",35.0,0,15.0,15.0,-0.22634625401049774,0.07564514918456486,0.07564514918456486,0,0.4,2.533820815820245
1306,G3_Contribution_Aware,52,0,10,0.701919245838076,"[26, 49, 92, 70, 52, 71, 86, 48, 76, 41]",12.0,0,20.0,20.0,0.7770744961493601,0.17027128953488868,0.17027128953488868,0,0.4,1.8524791265675753
1307,G3_Contribution_Aware,25,0,8,0.9434758486028257,"[26, 49, 92, 70, 52, 71, 86, 25, 76, 41]",48.0,0,15.0,15.0,-0.04766282445869592,0.042030418714180326,0.042030418714180326,0,0.4,0.6111377692645698
1307,G5_Oracle_Victim,33,0,8,0.6829654523915856,"[20, 58, 15, 72, 66, 49, 33, 92, 7, 24]",75.0,0,116.0,116.0,0.00265936361566985,0.0,0.00265936361566985,0,1.0,0.036661580938466665
1308,G0_F4_Baseline,30,0,9,0.4527625986526556,"[81, 79, 49, 92, 66, 31, 7, 30, 84, 24]",33.0,0,118.0,118.0,-0.004791210442248766,0.0,0.004791210442248766,0,1.0,0.0696761820726201
1308,G3_Contribution_Aware,28,0,8,1.3186573881403287,"[26, 49, 92, 70, 52, 71, 28, 25, 76, 41]",86.0,0,20.0,20.0,-0.5624815686711474,0.25563777945300115,0.25563777945300115,0,0.4,24.2549604808866
1310,G3_Contribution_Aware,45,0,8,0.4511837200885669,"[26, 49, 92, 70, 52, 45, 28, 25, 76, 41]",71.0,0,15.0,15.0,-0.33694833316077133,0.06511540394943069,0.06511540394943069,0,0.4,3.378290108205615
1312,G3_Contribution_Aware,89,0,9,1.146198982394822,"[26, 89, 92, 70, 52, 45, 28, 25, 76, 41]",49.0,1,15.0,15.0,-0.5515648639631985,0.09102976919596532,0.09102976919596532,0,0.2,14.88240855761319
1314,G3_Contribution_Aware,4,0,8,0.4039899733975758,"[26, 89, 92, 70, 52, 45, 28, 25, 4, 41]",76.0,0,15.0,15.0,0.0960303741486829,0.053851956099136435,0.053851956099136435,0,0.2,5.255870329002871
1315,G3_Contribution_Aware,14,0,8,1.1512973457638334,"[26, 89, 92, 14, 52, 45, 28, 25, 4, 41]",70.0,0,15.0,15.0,0.21534379896193442,0.05654685991618255,0.05654685991618255,0,0.2,3.735661254090302
1318,G3_Contribution_Aware,40,0,10,2.071697303521349,"[40, 89, 92, 14, 52, 45, 28, 25, 4, 41]",26.0,0,25.0,25.0,0.31107140003265954,0.22018691738388788,0.22018691738388788,0,0.2,15.204304380746944
1319,G3_Contribution_Aware,42,0,10,0.6470085439317443,"[40, 89, 42, 14, 52, 45, 28, 25, 4, 41]",92.0,1,21.0,21.0,-0.36370243894398746,0.2654723385981823,0.2654723385981823,0,0.0,0.0022352609685677314
1320,G3_Contribution_Aware,58,0,10,1.27768115691741,"[40, 89, 42, 14, 52, 45, 28, 25, 4, 58]",41.0,0,15.0,15.0,-0.18598628875263645,0.09234242035740542,0.09234242035740542,0,0.0,29.903615721042595
1322,G4_Promotion_Cooldown,29,0,33,0.9210293596240586,"[29, 74, 65, 26, 24, 15, 49, 58, 7, 18]",97.0,0,184.0,184.0,-0.01665491163232054,0.0,0.01665491163232054,0,0.6,0.010567217456378574
1323,G3_Contribution_Aware,72,0,15,0.4058815830674858,"[40, 89, 42, 14, 52, 45, 28, 72, 4, 58]",25.0,0,16.0,16.0,0.23518111657937585,0.15374917453072964,0.15374917453072964,0,0.0,20.909189413779806
1324,G3_Contribution_Aware,53,0,8,1.2829878175451865,"[40, 89, 42, 14, 53, 45, 28, 72, 4, 58]",52.0,0,18.0,18.0,0.42255532386094663,0.2810520964909336,0.2810520964909336,0,0.0,1.1528027649089796
1326,G3_Contribution_Aware,90,0,14,0.7186673733164686,"[40, 89, 42, 14, 53, 90, 28, 72, 4, 58]",45.0,0,16.0,16.0,-0.08907989031030324,0.06976210913342336,0.06976210913342336,0,0.0,3.208187042036694
1327,G3_Contribution_Aware,80,0,8,0.8202040768175938,"[40, 80, 42, 14, 53, 90, 28, 72, 4, 58]",89.0,0,15.0,15.0,-0.46984665915870844,0.05976287376441107,0.05976287376441107,0,0.0,37.49537136319617
1333,G3_Contribution_Aware,7,1,8,0.4193964407215328,"[40, 80, 42, 14, 53, 90, 28, 72, 7, 58]",4.0,0,19.0,19.0,-0.0169316868993691,0.050852546840327785,0.050852546840327785,0,0.2,0.06915777354101282
1335,G3_Contribution_Aware,55,0,9,0.5400301323968656,"[40, 80, 42, 14, 53, 90, 28, 72, 7, 55]",58.0,0,15.0,15.0,-0.2313075975652599,0.08201215971150021,0.08201215971150021,0,0.2,3.7498264095722886
1336,G3_Contribution_Aware,60,0,8,1.8083669264145377,"[40, 80, 60, 14, 53, 90, 28, 72, 7, 55]",42.0,0,17.0,17.0,0.02053876931364243,0.10597093897538595,0.10597093897538595,0,0.2,0.3174970091592396
1337,G3_Contribution_Aware,66,1,43,0.4259462654519349,"[66, 80, 60, 14, 53, 90, 28, 72, 7, 55]",40.0,0,19.0,19.0,0.4489785597231152,0.18428087390520137,0.18428087390520137,0,0.4,11.807260512789526
1339,G3_Contribution_Aware,82,0,8,0.5930947625195475,"[66, 80, 60, 14, 82, 90, 28, 72, 7, 55]",53.0,0,15.0,15.0,-0.24928394545008045,0.06261624617146049,0.06261624617146049,0,0.4,0.3910456623348931
1342,G3_Contribution_Aware,64,0,8,1.8123129977295802,"[66, 64, 60, 14, 82, 90, 28, 72, 7, 55]",80.0,0,15.0,15.0,-0.11158513855334415,0.06559596942142885,0.06559596942142885,0,0.4,8.942023258519379
1342,G4_Promotion_Cooldown,75,0,14,0.6928805301166718,"[29, 74, 65, 75, 24, 15, 49, 58, 7, 18]",26.0,0,142.0,142.0,-0.04467256716140722,0.0,0.04467256716140722,0,0.6,32.81239788827292
1343,G3_Contribution_Aware,3,0,9,0.43543463598784726,"[66, 64, 60, 14, 82, 3, 28, 72, 7, 55]",90.0,0,17.0,17.0,0.38939696362554294,0.16504819464615259,0.16504819464615259,0,0.4,1.0232521435972697
1345,G3_Contribution_Aware,91,0,8,1.4880644250264536,"[66, 64, 60, 14, 82, 3, 91, 72, 7, 55]",28.0,0,37.0,37.0,-0.6097005201025142,0.43407315640272887,0.43407315640272887,0,0.4,2.548943650160372
1346,G3_Contribution_Aware,87,0,9,1.32823908026664,"[66, 64, 60, 14, 82, 3, 91, 87, 7, 55]",72.0,0,23.0,23.0,-0.9395427970442009,0.5590735124998265,0.5590735124998265,0,0.4,12.539547363618274
1347,G3_Contribution_Aware,29,0,9,1.1814210470350135,"[66, 64, 60, 29, 82, 3, 91, 87, 7, 55]",14.0,0,32.0,32.0,1.1550783075926916,0.6116461677017805,0.6116461677017805,0,0.4,21.807801290236654
1349,G1_Age_Normalized,19,0,8,0.6300871918049008,"[60, 74, 92, 19, 86, 49, 24, 73, 66, 7]",26.0,0,57.0,57.0,0.00017136353530626883,0.0,0.00017136353530626883,0,1.0,0.1465533371741128
1349,G2_Update_Normalized,19,0,8,0.6300871918049008,"[60, 74, 92, 19, 86, 49, 24, 73, 66, 7]",26.0,0,57.0,57.0,0.00017136353530626883,0.0,0.00017136353530626883,0,1.0,0.1465533371741128
1349,G3_Contribution_Aware,43,0,9,0.5817656843054286,"[66, 64, 60, 29, 82, 3, 91, 87, 43, 55]",7.0,1,16.0,16.0,0.20501832174055495,0.1492276403512824,0.1492276403512824,0,0.2,5.891184908871447
1349,G5_Oracle_Victim,96,0,8,0.4145479123239665,"[20, 58, 15, 72, 66, 49, 96, 92, 7, 24]",33.0,0,42.0,42.0,-0.0004341913627106727,0.0,0.0004341913627106727,0,1.0,0.07876603354688279
1351,G3_Contribution_Aware,59,0,43,0.44300524473076325,"[66, 64, 60, 29, 82, 3, 91, 87, 43, 59]",55.0,0,16.0,16.0,-0.14398529229900625,0.06974924025372616,0.06974924025372616,0,0.2,17.31457822178725
1353,G3_Contribution_Aware,35,0,8,1.6143175314447415,"[35, 64, 60, 29, 82, 3, 91, 87, 43, 59]",66.0,1,16.0,16.0,0.002748671270298389,0.07291187798529757,0.07291187798529757,0,0.0,0.8980024768717253
1355,G3_Contribution_Aware,49,1,8,0.4649055144868851,"[35, 64, 60, 29, 49, 3, 91, 87, 43, 59]",82.0,0,16.0,16.0,0.03565155697925225,0.07616540633599855,0.07616540633599855,0,0.2,1.616936883642914
1355,G5_Oracle_Victim,1,0,8,0.9771050639700904,"[20, 58, 15, 1, 66, 49, 96, 92, 7, 24]",72.0,0,110.0,110.0,0.0042287220531807435,0.0,0.0042287220531807435,0,1.0,0.05859595399384137
1357,G3_Contribution_Aware,0,0,11,0.42852874067236496,"[35, 0, 60, 29, 49, 3, 91, 87, 43, 59]",64.0,0,15.0,15.0,-0.42086664752580716,0.059274010612585595,0.059274010612585595,0,0.2,7.996826841331899
1359,G3_Contribution_Aware,86,0,8,1.1616462821604787,"[35, 0, 60, 29, 49, 86, 91, 87, 43, 59]",3.0,0,16.0,16.0,0.32318878128480744,0.07652389758206396,0.07652389758206396,0,0.2,5.231982566159668
1360,G3_Contribution_Aware,99,0,8,0.8552570809868529,"[35, 0, 60, 29, 49, 86, 99, 87, 43, 59]",91.0,0,15.0,15.0,-0.077310128418728,0.12436479727524405,0.12436479727524405,0,0.2,0.6968730735770905
1362,G3_Contribution_Aware,31,0,9,0.9002108045776946,"[35, 0, 60, 31, 49, 86, 99, 87, 43, 59]",29.0,0,15.0,15.0,0.07877173250952499,0.0774276271631427,0.0774276271631427,0,0.2,14.652030838380208
1362,G4_Promotion_Cooldown,31,0,22,0.6086841236693545,"[29, 74, 65, 75, 24, 15, 49, 58, 7, 31]",18.0,0,61.0,61.0,0.11838090043151327,0.0,0.11838090043151327,0,0.6,19.94937005190011
1364,G3_Contribution_Aware,51,0,8,1.0381767365033459,"[35, 0, 60, 31, 49, 86, 99, 87, 51, 59]",43.0,0,15.0,15.0,-0.18052564485825975,0.09490608425784165,0.09490608425784165,0,0.2,1.8278521776116499
1365,G3_Contribution_Aware,17,0,8,1.1573986195259036,"[35, 0, 17, 31, 49, 86, 99, 87, 51, 59]",60.0,0,29.0,29.0,-0.2799033404173199,0.18811769061733769,0.18811769061733769,0,0.2,6.540312483120929
1369,G3_Contribution_Aware,41,0,9,0.7007180638985138,"[35, 0, 17, 31, 49, 86, 99, 87, 51, 41]",59.0,0,18.0,18.0,-0.1527258835250942,0.08865952671088005,0.08865952671088005,0,0.2,26.175545722459884
1371,G3_Contribution_Aware,69,0,8,1.5390022317759606,"[35, 0, 17, 31, 69, 86, 99, 87, 51, 41]",49.0,1,16.0,16.0,0.12824144189169137,0.04067269634066203,0.04067269634066203,0,0.0,5.5111977587623375
1374,G3_Contribution_Aware,75,0,8,0.7954694792376482,"[35, 75, 17, 31, 69, 86, 99, 87, 51, 41]",0.0,0,17.0,17.0,-0.20343253582085827,0.04616614446239544,0.04616614446239544,0,0.0,16.686732248333218
1375,G3_Contribution_Aware,21,0,38,0.495113080790929,"[35, 75, 17, 31, 69, 21, 99, 87, 51, 41]",86.0,0,16.0,16.0,-0.2952568976855172,0.10110281659605219,0.10110281659605219,0,0.0,9.771949418251962
1376,G3_Contribution_Aware,89,0,8,1.5308021352894712,"[89, 75, 17, 31, 69, 21, 99, 87, 51, 41]",35.0,0,23.0,23.0,0.3249032049031012,0.14930112723714703,0.14930112723714703,0,0.0,1.7343040056366859
1377,G3_Contribution_Aware,33,0,15,0.5391094375971144,"[89, 75, 17, 33, 69, 21, 99, 87, 51, 41]",31.0,0,15.0,15.0,0.35755433274643683,0.14221036540717952,0.14221036540717952,0,0.0,9.205085039005645
1380,G3_Contribution_Aware,26,0,8,1.2152263001036392,"[89, 75, 26, 33, 69, 21, 99, 87, 51, 41]",17.0,0,15.0,15.0,-0.19531605180811706,0.03294529213175314,0.03294529213175314,0,0.0,23.47662519111438
1381,G3_Contribution_Aware,57,0,9,0.4101350553715676,"[89, 75, 26, 33, 69, 21, 99, 87, 57, 41]",51.0,0,17.0,17.0,0.8859531135479192,0.25867713701697587,0.25867713701697587,0,0.0,0.23293283603630854
1382,G3_Contribution_Aware,63,0,8,1.0306189311750051,"[89, 75, 26, 33, 69, 21, 99, 63, 57, 41]",87.0,0,36.0,36.0,-0.38465798405497975,0.33663542704497684,0.33663542704497684,0,0.0,3.30554891435466
1382,G4_Promotion_Cooldown,37,0,61,0.8444289497059305,"[29, 74, 65, 75, 24, 15, 49, 37, 7, 31]",58.0,0,1125.0,1125.0,0.01649483357306858,0.0,0.01649483357306858,0,0.6,9.103478497091503
1383,G3_Contribution_Aware,25,0,11,0.6878983338771257,"[89, 75, 26, 33, 69, 21, 25, 63, 57, 41]",99.0,0,23.0,23.0,0.1564823422235532,0.38489848166591,0.38489848166591,0,0.0,10.33863251800532
1386,G3_Contribution_Aware,85,0,8,1.4066962423241371,"[89, 75, 26, 33, 85, 21, 25, 63, 57, 41]",69.0,0,15.0,15.0,0.44770605644749334,0.12213598540909795,0.12213598540909795,0,0.0,0.05280225608944233
1387,G3_Contribution_Aware,93,0,9,0.9989152210624266,"[89, 75, 26, 33, 85, 21, 25, 63, 57, 93]",41.0,0,18.0,18.0,-0.2251308805337543,0.19447969581840974,0.19447969581840974,0,0.0,12.803965492341755
1390,G3_Contribution_Aware,92,1,8,2.7254914653167495,"[89, 75, 26, 33, 85, 92, 25, 63, 57, 93]",21.0,0,15.0,15.0,-0.02117926384647076,0.01665708658042506,0.01665708658042506,0,0.2,1.5538691061019756
1391,G1_Age_Normalized,17,0,8,0.6031632518273327,"[60, 74, 92, 19, 17, 49, 24, 73, 66, 7]",86.0,0,130.0,130.0,0.0015747962780353366,0.0,0.0015747962780353366,0,1.0,0.0013477980199317274
1391,G2_Update_Normalized,17,0,8,0.6031632518273327,"[60, 74, 92, 19, 17, 49, 24, 73, 66, 7]",86.0,0,130.0,130.0,0.0015747962780353366,0.0,0.0015747962780353366,0,1.0,0.0013477980199317274
1391,G3_Contribution_Aware,19,0,8,0.8190823029323568,"[19, 75, 26, 33, 85, 92, 25, 63, 57, 93]",89.0,0,15.0,15.0,-0.012822503571757925,0.015713878622043487,0.015713878622043487,0,0.2,2.4388351851480574
1393,G3_Contribution_Aware,32,0,8,0.9368087520992657,"[19, 32, 26, 33, 85, 92, 25, 63, 57, 93]",75.0,0,19.0,19.0,0.38035695351314003,0.08271829867607479,0.08271829867607479,0,0.2,1.3334941820224802
1394,G3_Contribution_Aware,6,0,8,1.076020631503345,"[19, 32, 26, 6, 85, 92, 25, 63, 57, 93]",33.0,0,17.0,17.0,0.30004634061209545,0.10623948934484796,0.10623948934484796,0,0.2,3.427390418071222
1396,G3_Contribution_Aware,28,0,8,0.8404297648059205,"[19, 32, 26, 6, 85, 92, 25, 63, 28, 93]",57.0,0,15.0,15.0,-0.03409646480518372,0.017124408083735488,0.017124408083735488,0,0.2,1.9813392400238634
1397,G1_Age_Normalized,39,0,8,0.44217933307320784,"[60, 39, 92, 19, 17, 49, 24, 73, 66, 7]",74.0,0,138.0,138.0,-0.003990915702171522,0.0,0.003990915702171522,0,1.0,0.0006376972322937307
1397,G2_Update_Normalized,39,0,8,0.44217933307320784,"[60, 39, 92, 19, 17, 49, 24, 73, 66, 7]",74.0,0,138.0,138.0,-0.003990915702171522,0.0,0.003990915702171522,0,1.0,0.0006376972322937307
1404,G3_Contribution_Aware,95,0,18,0.5861152711126412,"[19, 32, 26, 6, 85, 92, 25, 95, 28, 93]",63.0,0,22.0,22.0,-0.3641963028874434,0.1102373295530225,0.1102373295530225,0,0.2,17.41741106439972
1404,G4_Promotion_Cooldown,34,0,46,0.5152148332379467,"[29, 74, 65, 75, 24, 34, 49, 37, 7, 31]",15.0,0,124.0,124.0,-0.13161779374008875,0.0,0.13161779374008875,0,0.6,7.588219744944597
1407,G3_Contribution_Aware,90,0,8,2.757342011445725,"[19, 32, 26, 6, 85, 92, 90, 95, 28, 93]",25.0,0,24.0,24.0,-0.06623783262609759,0.11931799571612495,0.11931799571612495,0,0.2,5.910494932735203
1408,G3_Contribution_Aware,10,0,13,0.6828472484240394,"[19, 10, 26, 6, 85, 92, 90, 95, 28, 93]",32.0,0,15.0,15.0,-0.44624956597457915,0.14037989024048703,0.14037989024048703,0,0.2,2.292170272520256
1409,G3_Contribution_Aware,13,0,12,0.4003672842144418,"[19, 10, 26, 13, 85, 92, 90, 95, 28, 93]",6.0,0,15.0,15.0,-0.785428516814291,0.12795570441211648,0.12795570441211648,0,0.2,18.007091940947497
1411,G3_Contribution_Aware,7,1,8,0.9857150851321727,"[19, 10, 26, 13, 85, 92, 90, 95, 7, 93]",28.0,0,15.0,15.0,-0.15724796200934002,0.09317465188381936,0.09317465188381936,0,0.4,4.885822648755269
1412,G3_Contribution_Aware,24,1,8,0.9737438997562475,"[19, 10, 26, 13, 85, 92, 90, 95, 7, 24]",93.0,0,25.0,25.0,0.32377988576620387,0.1807052388663267,0.1807052388663267,0,0.6,6.709011234152687
1414,G3_Contribution_Aware,14,0,9,0.4983347103703533,"[19, 10, 26, 13, 14, 92, 90, 95, 7, 24]",85.0,0,28.0,28.0,0.2645758715206251,0.22677363360815267,0.22677363360815267,0,0.6,12.171918778879402
1419,G3_Contribution_Aware,56,0,8,0.7189966085467071,"[19, 10, 26, 13, 14, 92, 90, 56, 7, 24]",95.0,0,15.0,15.0,-0.7624470842048267,0.17238022715174728,0.17238022715174728,0,0.6,0.001361609814379598
1424,G4_Promotion_Cooldown,69,0,19,0.7102647422342484,"[29, 74, 65, 69, 24, 34, 49, 37, 7, 31]",75.0,0,82.0,82.0,0.009519622626053187,0.0,0.009519622626053187,0,0.6,0.0036490984712646414
1425,G3_Contribution_Aware,66,1,8,1.6731579312607943,"[19, 10, 26, 13, 14, 92, 66, 56, 7, 24]",90.0,0,18.0,18.0,-0.2485771051160428,0.06568879765555452,0.06568879765555452,0,0.8,1.0303700509633005
1429,G3_Contribution_Aware,96,0,8,0.622647764344599,"[19, 10, 26, 13, 96, 92, 66, 56, 7, 24]",14.0,0,15.0,15.0,-0.3120061176845529,0.08243001618274326,0.08243001618274326,0,0.8,0.840633830202544
1431,G3_Contribution_Aware,8,0,45,0.4255454820958977,"[19, 8, 26, 13, 96, 92, 66, 56, 7, 24]",10.0,0,23.0,23.0,-0.004601718169161377,0.09578577118984559,0.09578577118984559,0,0.8,1.0280575511763188
1432,G3_Contribution_Aware,12,0,8,1.1358926829319747,"[19, 8, 26, 12, 96, 92, 66, 56, 7, 24]",13.0,0,23.0,23.0,0.4692302375597842,0.1486029275933567,0.1486029275933567,0,0.8,10.805338135094036
1435,G3_Contribution_Aware,0,0,8,1.2369046178332646,"[19, 8, 26, 12, 96, 92, 66, 0, 7, 24]",56.0,0,16.0,16.0,0.21967737412376778,0.09648084020076703,0.09648084020076703,0,0.8,0.007072052943210154
1443,G3_Contribution_Aware,43,0,8,0.9593911823588518,"[43, 8, 26, 12, 96, 92, 66, 0, 7, 24]",19.0,0,52.0,52.0,-0.1688977629810001,0.16385907192727195,0.16385907192727195,0,0.8,0.08991243110868752
1445,G3_Contribution_Aware,45,0,8,0.4503174915187566,"[43, 8, 26, 12, 45, 92, 66, 0, 7, 24]",96.0,0,16.0,16.0,0.06786416475205502,0.030481403794218112,0.030481403794218112,0,0.8,6.852351296759581
1446,G4_Promotion_Cooldown,35,0,64,0.485358218636292,"[29, 74, 65, 69, 24, 35, 49, 37, 7, 31]",34.0,0,42.0,42.0,0.0574883424486809,0.0,0.0574883424486809,0,0.6,1.434335258738131
1449,G3_Contribution_Aware,59,0,8,0.7272746290743329,"[43, 59, 26, 12, 45, 92, 66, 0, 7, 24]",8.0,0,18.0,18.0,0.07252709610893282,0.04810079454996912,0.04810079454996912,0,0.8,1.008349491454585
1450,G3_Contribution_Aware,76,0,8,0.7374591230100623,"[43, 59, 26, 12, 45, 92, 66, 76, 7, 24]",0.0,0,15.0,15.0,-0.18470874833810924,0.03988193319134167,0.03988193319134167,0,0.8,0.08096613582543451
1452,G3_Contribution_Aware,69,0,8,0.8938599736117718,"[43, 59, 26, 69, 45, 92, 66, 76, 7, 24]",12.0,0,20.0,20.0,0.17036121374311702,0.08183416961255605,0.08183416961255605,0,0.8,1.0144344285815587
1465,G3_Contribution_Aware,52,0,8,0.48059291300423135,"[43, 52, 26, 69, 45, 92, 66, 76, 7, 24]",59.0,0,16.0,16.0,-0.15033629682538313,0.026348651628396023,0.026348651628396023,0,0.8,1.5678168476438785
1466,G4_Promotion_Cooldown,43,0,43,0.6996621387715543,"[29, 74, 65, 43, 24, 35, 49, 37, 7, 31]",69.0,0,42.0,42.0,0.007924984226454004,0.0,0.007924984226454004,0,0.6,34.56474072859005
1467,G3_Contribution_Aware,49,1,8,1.3180958362433937,"[43, 52, 26, 49, 45, 92, 66, 76, 7, 24]",69.0,0,15.0,15.0,0.1266537986539377,0.03242687971536187,0.03242687971536187,0,1.0,0.6748484105882586
1468,G3_Contribution_Aware,58,0,8,1.250360598153002,"[58, 52, 26, 49, 45, 92, 66, 76, 7, 24]",43.0,0,25.0,25.0,-0.13186254397488958,0.06756976179686275,0.06756976179686275,0,1.0,14.776685249766958
1481,G3_Contribution_Aware,90,0,8,0.5429742183596326,"[58, 90, 26, 49, 45, 92, 66, 76, 7, 24]",52.0,0,16.0,16.0,0.03368694106543678,0.014847855850816294,0.014847855850816294,0,1.0,0.17772077782540524
1483,G3_Contribution_Aware,93,0,8,0.7108905225041914,"[93, 90, 26, 49, 45, 92, 66, 76, 7, 24]",58.0,0,15.0,15.0,0.04175907684263143,0.03768596096516023,0.03768596096516023,0,1.0,2.207475690333761
1488,G4_Promotion_Cooldown,26,0,8,1.0520697716554621,"[26, 74, 65, 43, 24, 35, 49, 37, 7, 31]",29.0,0,166.0,166.0,-0.12555806244169443,0.0,0.12555806244169443,0,0.6,9.25156331703518
1492,G3_Contribution_Aware,42,0,8,0.44393113840995213,"[93, 90, 26, 49, 42, 92, 66, 76, 7, 24]",45.0,0,47.0,47.0,0.02445957499851644,0.05073597917199017,0.05073597917199017,0,1.0,0.16497450731572835
1494,G3_Contribution_Aware,33,0,8,0.7269139233045704,"[93, 90, 26, 49, 42, 92, 66, 33, 7, 24]",76.0,0,44.0,44.0,0.025777295670026727,0.09098368099340118,0.09098368099340118,0,1.0,0.04220818316550734
1499,G3_Contribution_Aware,46,0,8,0.5113709333987707,"[93, 46, 26, 49, 42, 92, 66, 33, 7, 24]",90.0,0,18.0,18.0,-0.03414190921561938,0.02476469533456142,0.02476469533456142,0,1.0,0.38918405073501317
1504,G3_Contribution_Aware,80,0,8,0.688872073452174,"[80, 46, 26, 49, 42, 92, 66, 33, 7, 24]",93.0,0,21.0,21.0,-0.025394165974399047,0.03228227747310694,0.03228227747310694,0,1.0,0.06118062327118093
1506,G5_Oracle_Victim,94,0,8,0.7180498734727602,"[20, 58, 15, 94, 66, 49, 96, 92, 7, 24]",1.0,0,151.0,151.0,0.002932993421687553,0.0,0.002932993421687553,0,1.0,0.0011836636542613221
1508,G4_Promotion_Cooldown,39,0,10,1.5606410491440617,"[26, 74, 65, 43, 24, 35, 49, 39, 7, 31]",37.0,0,126.0,126.0,0.06941784930467756,0.0,0.06941784930467756,0,0.6,2.2677630232668524
1528,G4_Promotion_Cooldown,52,0,34,0.6534784424212364,"[26, 74, 65, 43, 24, 52, 49, 39, 7, 31]",35.0,0,82.0,82.0,0.008162638249314375,0.0,0.008162638249314375,0,0.6,0.14415115614038493
1545,G0_F4_Baseline,94,0,8,0.4333190322678086,"[81, 79, 49, 92, 66, 94, 7, 30, 84, 24]",31.0,0,300.0,300.0,0.00916021074507888,0.0,0.00916021074507888,0,1.0,0.0070123914447675195
1547,G3_Contribution_Aware,64,0,8,0.4803963106001172,"[80, 64, 26, 49, 42, 92, 66, 33, 7, 24]",46.0,0,48.0,48.0,5.475176975924031e-05,0.01140523522540412,0.01140523522540412,0,1.0,0.007121341149059742
1548,G4_Promotion_Cooldown,60,0,52,0.42349683755355605,"[26, 74, 65, 43, 24, 52, 49, 39, 7, 60]",31.0,0,186.0,186.0,0.013399817624166102,0.0,0.013399817624166102,0,0.6,0.06633195606699312
1552,G0_F4_Baseline,58,0,8,0.7517899873586761,"[81, 79, 49, 92, 66, 94, 7, 58, 84, 24]",30.0,0,244.0,244.0,0.013561279648508104,0.0,0.013561279648508104,0,1.0,0.008882841567023422
1568,G4_Promotion_Cooldown,54,0,70,0.5065806154465728,"[26, 74, 65, 43, 54, 52, 49, 39, 7, 60]",24.0,1,348.0,348.0,-0.018131069246389176,0.0,0.018131069246389176,0,0.4,6.257455802696099
1569,G3_Contribution_Aware,41,0,8,0.5794384958185086,"[80, 41, 26, 49, 42, 92, 66, 33, 7, 24]",64.0,0,22.0,22.0,-0.024880307336782835,0.007829812940297838,0.007829812940297838,0,1.0,0.05923332369768123
1589,G4_Promotion_Cooldown,35,0,8,1.5623233811134494,"[26, 74, 65, 35, 54, 52, 49, 39, 7, 60]",43.0,0,123.0,123.0,-0.027186181220345083,0.0,0.027186181220345083,0,0.4,3.3350014593454147
1609,G4_Promotion_Cooldown,66,1,72,0.4768482717307536,"[26, 74, 65, 35, 54, 66, 49, 39, 7, 60]",52.0,0,81.0,81.0,-0.00786561753994909,0.0,0.00786561753994909,0,0.6,4.734911772056521
1629,G4_Promotion_Cooldown,2,0,13,0.43701740190328564,"[26, 74, 65, 35, 54, 66, 49, 39, 7, 2]",60.0,0,81.0,81.0,-0.011745867319778936,0.0,0.011745867319778936,0,0.6,0.0700437282139551
1642,G3_Contribution_Aware,87,0,8,0.8352177543954513,"[80, 87, 26, 49, 42, 92, 66, 33, 7, 24]",41.0,0,73.0,73.0,0.02308733267287442,0.012056535426964414,0.012056535426964414,0,1.0,0.05785232176960304
1649,G4_Promotion_Cooldown,24,1,10,1.3224807389205562,"[26, 74, 65, 35, 24, 66, 49, 39, 7, 2]",54.0,0,81.0,81.0,-0.0467165103353418,0.0,0.0467165103353418,0,0.8,0.12413163797319036
1670,G4_Promotion_Cooldown,37,0,8,0.4699337267512922,"[26, 74, 65, 37, 24, 66, 49, 39, 7, 2]",35.0,0,81.0,81.0,-0.09712331482985714,0.0,0.09712331482985714,0,0.8,1.8510423555015783
1673,G3_Contribution_Aware,31,0,8,0.49352723678195887,"[80, 31, 26, 49, 42, 92, 66, 33, 7, 24]",87.0,0,31.0,31.0,-0.017314677484777805,0.010678928446553862,0.010678928446553862,0,1.0,0.036751443571549185
1694,G4_Promotion_Cooldown,70,0,16,0.5663631285210182,"[70, 74, 65, 37, 24, 66, 49, 39, 7, 2]",26.0,0,206.0,206.0,-0.11993608003191863,0.0,0.11993608003191863,0,0.8,1.2141030496553293
1709,G3_Contribution_Aware,86,0,9,0.6199436897076981,"[86, 31, 26, 49, 42, 92, 66, 33, 7, 24]",80.0,0,205.0,205.0,0.019358183110738763,0.014083116265402778,0.014083116265402778,0,1.0,0.0051397533136738754
1719,G4_Promotion_Cooldown,81,0,72,0.41913840149280895,"[70, 74, 65, 81, 24, 66, 49, 39, 7, 2]",37.0,0,49.0,49.0,0.00959154273073519,0.0,0.00959154273073519,0,0.8,0.11999961423758289
1741,G4_Promotion_Cooldown,95,0,29,0.41949820909452323,"[70, 74, 65, 81, 24, 66, 49, 39, 7, 95]",2.0,0,112.0,112.0,-0.12672127336897843,0.0,0.12672127336897843,0,0.8,1.4608881434565129
1750,G3_Contribution_Aware,8,0,8,0.40389206874975236,"[8, 31, 26, 49, 42, 92, 66, 33, 7, 24]",86.0,0,41.0,41.0,-0.009964138475305723,0.005550148172059187,0.005550148172059187,0,1.0,4.033964362595374e-13
1762,G4_Promotion_Cooldown,8,0,80,0.7325341228318709,"[70, 74, 65, 8, 24, 66, 49, 39, 7, 95]",81.0,0,43.0,43.0,0.11241194207049474,0.0,0.11241194207049474,0,0.8,8.540058903381809
1786,G4_Promotion_Cooldown,12,0,23,0.7752143261695248,"[70, 74, 12, 8, 24, 66, 49, 39, 7, 95]",65.0,0,669.0,669.0,-0.020972781914316646,0.0,0.020972781914316646,0,0.8,2.023818785792084
1807,G4_Promotion_Cooldown,31,0,13,0.559283317024582,"[70, 74, 12, 8, 24, 66, 49, 39, 7, 31]",95.0,0,66.0,66.0,-0.010378069130478323,0.0,0.010378069130478323,0,0.8,0.03903647601084951
1827,G4_Promotion_Cooldown,14,0,74,0.4459042517005105,"[70, 74, 12, 8, 24, 66, 49, 14, 7, 31]",39.0,0,319.0,319.0,-0.02538020517653397,0.0,0.02538020517653397,0,0.8,1.0249710644564858
1856,G4_Promotion_Cooldown,75,0,22,0.4476319704445717,"[70, 74, 12, 8, 24, 66, 49, 75, 7, 31]",14.0,0,29.0,29.0,-0.007781298078231261,0.0,0.007781298078231261,0,0.8,1.03318545210606
1900,G4_Promotion_Cooldown,10,0,83,0.4042822462262446,"[70, 74, 10, 8, 24, 66, 49, 75, 7, 31]",12.0,0,114.0,114.0,0.037902362114800664,0.0,0.037902362114800664,0,0.8,7.818662337158817
1920,G4_Promotion_Cooldown,65,0,13,0.6710225036555908,"[70, 74, 10, 65, 24, 66, 49, 75, 7, 31]",8.0,0,158.0,158.0,-0.004719848660320552,0.0,0.004719848660320552,0,0.8,0.00833506556893685
1958,G4_Promotion_Cooldown,97,0,10,0.6955561399141417,"[70, 74, 97, 65, 24, 66, 49, 75, 7, 31]",10.0,0,58.0,58.0,0.05912458249618887,0.0,0.05912458249618887,0,0.8,3.946540055031801
1980,G4_Promotion_Cooldown,6,0,55,0.40172119201052164,"[70, 6, 97, 65, 24, 66, 49, 75, 7, 31]",74.0,0,1323.0,1323.0,-0.02572448971403619,0.0,0.02572448971403619,0,0.8,2.4284749046069054
