seed,task_id,scheduler_id,nmse,mean_live_fp,mean_shadow_fp,mean_scheduler_fp,mean_total_fp,mean_int_ops,mean_bytes_moved,duty_fraction,alarm_count,heartbeat_count,peak_working_bytes,status,dual_active_steps,redundant_dual_steps,first_discovery_step,retirement_step,post_switch_regret,i9_g_d_br_mean,i9_g_r_bd_mean,quiescent_sleep_frac,active_sleep_frac
1611,I1_Memoryless_Linear,S0_CONTINUOUS,0.12436488069760454,59.599333333333334,69.465,0.0,129.06433333333334,22.970333333333333,346.221,1.0,0,0,952,FAIL_BUDGET,0,0,-1,-1,0.0,0.0,0.0,0.0,0.0
1611,I1_Memoryless_Linear,S1_SHADOW_OFF,0.12455216904149954,58.0,0.0,0.0,58.0,7.0,290.0,0.0,0,0,904,PASS_BUDGET,0,0,-1,-1,0.0,0.0,0.0,0.0,0.0
1611,I1_Memoryless_Linear,S2_PERIODIC,0.12455216904149954,58.0,13.051,0.0,71.051,10.600333333333333,300.50033333333334,0.2,0,0,924,PASS_BUDGET,0,0,-1,-1,0.0,0.0,0.0,0.0,0.0
1611,I1_Memoryless_Linear,S3_EVENT_TRIGGERED,0.12455216904149954,58.0,0.7786666666666666,4.0,62.778666666666666,9.146,290.6326666666667,0.012166666666666666,1,23,920,PASS_BUDGET,0,0,-1,-1,0.0,0.0,0.0,0.0,0.0
1611,I2_Static_Nonlinear_Negative_Control,S0_CONTINUOUS,1.0676863222925568,59.92133333333334,88.706,0.0,148.62733333333333,34.301,352.24533333333335,1.0,0,0,1000,FAIL_BUDGET,13,10,-1,-1,0.0,0.0,0.0,0.0,0.0
1611,I2_Static_Nonlinear_Negative_Control,S1_SHADOW_OFF,1.064616599332371,58.0,0.0,0.0,58.0,7.0,290.0,0.0,0,0,904,PASS_BUDGET,0,0,-1,-1,0.0,0.0,0.0,0.0,0.0
1611,I2_Static_Nonlinear_Negative_Control,S2_PERIODIC,1.0735783314558256,63.47,17.250333333333334,0.0,80.72033333333333,13.863,308.57533333333333,0.2,0,0,1004,PASS_BUDGET,0,0,-1,-1,0.0,0.0,0.0,0.0,0.0
1611,I2_Static_Nonlinear_Negative_Control,S3_EVENT_TRIGGERED,1.0682239573401995,60.00933333333333,56.861333333333334,4.0,120.87066666666666,26.454666666666668,331.016,0.6418333333333334,78,0,1016,FAIL_BUDGET,0,0,-1,-1,0.0,0.0,0.0,0.0,0.0
1611,I3_Single_Exact_Delay,S0_CONTINUOUS,0.17093194659354058,94.92,86.951,0.0,181.871,58.797666666666665,364.20233333333334,1.0,0,0,1016,FAIL_BUDGET,2,2,-1,-1,0.0,0.0,0.0,0.0,0.0
1611,I3_Single_Exact_Delay,S1_SHADOW_OFF,0.4477626573940296,58.0,0.0,0.0,58.0,7.0,290.0,0.0,0,0,904,PASS_BUDGET,0,0,-1,-1,0.0,0.0,0.0,0.0,0.0
1611,I3_Single_Exact_Delay,S2_PERIODIC,0.20617162524558208,86.72666666666667,16.750666666666667,0.0,103.47733333333333,35.400666666666666,312.9103333333333,0.2,0,0,1020,FAIL_BUDGET,0,0,-1,-1,0.0,0.0,0.0,0.0,0.0
1611,I3_Single_Exact_Delay,S3_EVENT_TRIGGERED,0.17422778257809976,70.90433333333333,9.072,4.0,83.97633333333333,20.7,302.9653333333333,0.11133333333333334,13,18,1000,PASS_BUDGET,128,128,-1,-1,0.0,0.0,0.0,0.0,0.0
1611,I4_Multi_Sparse_Delay,S0_CONTINUOUS,0.5596201194224437,86.61766666666666,87.71733333333333,0.0,174.335,49.376333333333335,366.868,1.0,0,0,1064,FAIL_BUDGET,634,15,-1,-1,0.0,0.0,0.0,0.0,0.0
1611,I4_Multi_Sparse_Delay,S1_SHADOW_OFF,0.6288318039703648,58.0,0.0,0.0,58.0,7.0,290.0,0.0,0,0,904,PASS_BUDGET,0,0,-1,-1,0.0,0.0,0.0,0.0,0.0
1611,I4_Multi_Sparse_Delay,S2_PERIODIC,0.5876722906348285,70.08333333333333,17.412,0.0,87.49533333333333,22.699,306.55566666666664,0.2,0,0,1020,PASS_BUDGET,0,0,-1,-1,0.0,0.0,0.0,0.0,0.0
1611,I4_Multi_Sparse_Delay,S3_EVENT_TRIGGERED,0.6278870388985672,67.47933333333333,74.83166666666666,4.0,146.311,33.18966666666667,351.74133333333333,0.8416666666666667,101,0,1080,FAIL_BUDGET,125,8,-1,-1,0.0,0.0,0.0,0.0,0.0
1611,I5_Moving_Delay_Support,S0_CONTINUOUS,0.34960009832738753,70.95,88.24033333333334,0.0,159.19033333333334,43.056333333333335,354.543,1.0,0,0,1016,FAIL_BUDGET,0,0,-1,-1,0.0,0.0,0.0,0.0,0.0
1611,I5_Moving_Delay_Support,S1_SHADOW_OFF,0.44474749001924535,58.0,0.0,0.0,58.0,7.0,290.0,0.0,0,0,904,PASS_BUDGET,0,0,-1,-1,0.0,0.0,0.0,0.0,0.0
1611,I5_Moving_Delay_Support,S2_PERIODIC,0.3235108747569527,76.70833333333333,16.921,0.0,93.62933333333334,27.643666666666668,309.02933333333334,0.2,0,0,1020,PASS_BUDGET,0,0,-1,-1,0.0,0.0,0.0,0.0,0.0
1611,I5_Moving_Delay_Support,S3_EVENT_TRIGGERED,0.31597750927115714,66.66833333333334,29.270333333333333,4.0,99.93866666666666,24.723333333333333,313.263,0.33466666666666667,40,8,1032,PASS_BUDGET,0,0,-1,-1,0.0,0.0,0.0,0.0,0.0
1611,I6_Continuous_Latent_State,S0_CONTINUOUS,0.1419324526606626,91.704,88.227,0.0,179.931,33.995333333333335,397.00466666666665,1.0,0,0,1032,FAIL_BUDGET,28,12,-1,-1,0.0,0.0,0.0,0.0,0.0
1611,I6_Continuous_Latent_State,S1_SHADOW_OFF,0.2677615780088886,58.0,0.0,0.0,58.0,7.0,290.0,0.0,0,0,904,PASS_BUDGET,0,0,-1,-1,0.0,0.0,0.0,0.0,0.0
1611,I6_Continuous_Latent_State,S2_PERIODIC,0.14714070465330947,91.535,17.405333333333335,0.0,108.94033333333333,13.468333333333334,348.858,0.2,0,0,1036,FAIL_BUDGET,145,20,-1,-1,0.0,0.0,0.0,0.0,0.0
1611,I6_Continuous_Latent_State,S3_EVENT_TRIGGERED,0.1420597675464269,91.648,3.397,4.0,99.045,9.883333333333333,340.0156666666667,0.04516666666666667,5,21,1016,PASS_BUDGET,2,0,-1,-1,0.0,0.0,0.0,0.0,0.0
1611,I7_Quiescent_Continuous_State,S0_CONTINUOUS,0.14563370306693885,80.96133333333333,85.273,0.0,166.23433333333332,32.26266666666667,381.0636666666667,1.0,0,0,1000,FAIL_BUDGET,0,0,-1,-1,0.0,0.0,0.0,0.0,0.0
1611,I7_Quiescent_Continuous_State,S1_SHADOW_OFF,0.2788573820381857,58.0,0.0,0.0,58.0,7.0,290.0,0.0,0,0,904,PASS_BUDGET,0,0,-1,-1,0.0,0.0,0.0,1.0,1.0
1611,I7_Quiescent_Continuous_State,S2_PERIODIC,0.22585256154743202,74.76333333333334,17.246333333333332,0.0,92.00966666666666,13.748,324.63733333333334,0.2,0,0,1004,PASS_BUDGET,0,0,-1,-1,0.0,0.0,0.0,0.8,0.8
1611,I7_Quiescent_Continuous_State,S3_EVENT_TRIGGERED,0.14576323688158402,91.643,4.099666666666667,4.0,99.74266666666666,10.110333333333333,340.5126666666667,0.0535,6,21,1016,PASS_BUDGET,0,0,-1,-1,0.0,0.0,0.0,0.996,0.92175
1611,I8_Quiescent_Discrete_Delay,S0_CONTINUOUS,0.3502329346476872,70.01166666666667,84.34433333333334,0.0,154.356,39.169666666666664,354.35333333333335,1.0,0,0,1016,FAIL_BUDGET,2,2,-1,-1,0.0,0.0,0.0,0.0,0.0
1611,I8_Quiescent_Discrete_Delay,S1_SHADOW_OFF,0.45496257921483113,58.0,0.0,0.0,58.0,7.0,290.0,0.0,0,0,904,PASS_BUDGET,0,0,-1,-1,0.0,0.0,0.0,1.0,1.0
1611,I8_Quiescent_Discrete_Delay,S2_PERIODIC,0.39035473296226114,69.035,16.803333333333335,0.0,85.83833333333334,21.539,305.9746666666667,0.2,0,0,1020,PASS_BUDGET,0,0,-1,-1,0.0,0.0,0.0,0.8,0.8
1611,I8_Quiescent_Discrete_Delay,S3_EVENT_TRIGGERED,0.22767517249330352,78.30933333333333,11.189333333333334,4.0,93.49866666666667,27.182666666666666,307.343,0.136,16,16,1032,PASS_BUDGET,128,128,-1,-1,0.0,0.0,0.0,0.996,0.798
1611,I9_Hybrid_Delay_Plus_Latent_State,S0_CONTINUOUS,0.18419387931020828,122.253,87.20566666666667,0.0,209.45866666666666,56.10433333333334,406.98633333333333,1.0,0,0,1064,FAIL_BUDGET,4680,9,-1,-1,0.0,0.31872184271052173,0.12308771532244588,0.0,0.0
1611,I9_Hybrid_Delay_Plus_Latent_State,S1_SHADOW_OFF,0.35725721106031333,58.0,0.0,0.0,58.0,7.0,290.0,0.0,0,0,904,PASS_BUDGET,0,0,-1,-1,0.0,0.0,0.0,0.0,0.0
1611,I9_Hybrid_Delay_Plus_Latent_State,S2_PERIODIC,0.25466504632531356,81.15166666666667,17.153333333333332,0.0,98.305,30.979333333333333,311.21866666666665,0.2,0,0,1020,PASS_BUDGET,0,0,-1,-1,0.0,0.29856868005482085,-0.0004162513562854624,0.0,0.0
1611,I9_Hybrid_Delay_Plus_Latent_State,S3_EVENT_TRIGGERED,0.33015375942179453,81.15966666666667,39.74066666666667,4.0,124.90033333333334,21.510666666666665,348.98766666666666,0.45016666666666666,54,1,1032,FAIL_BUDGET,283,16,-1,-1,0.0,-0.05483896624497865,0.06366103704253415,0.0,0.0
1611,I10_Redundant_Temporal_Structure,S0_CONTINUOUS,0.4321805950679192,91.91366666666667,89.15766666666667,0.0,181.07133333333334,34.587,397.397,1.0,0,0,1032,FAIL_BUDGET,105,12,-1,-1,0.0,0.0,0.0,0.0,0.0
1611,I10_Redundant_Temporal_Structure,S1_SHADOW_OFF,0.6024922109062868,58.0,0.0,0.0,58.0,7.0,290.0,0.0,0,0,904,PASS_BUDGET,0,0,-1,-1,0.0,0.0,0.0,0.0,0.0
1611,I10_Redundant_Temporal_Structure,S2_PERIODIC,0.4430850873841209,92.25166666666667,17.689333333333334,0.0,109.941,14.628,348.6383333333333,0.2,0,0,1052,FAIL_BUDGET,530,45,-1,-1,0.0,0.0,0.0,0.0,0.0
1611,I10_Redundant_Temporal_Structure,S3_EVENT_TRIGGERED,0.43120170184052364,92.62233333333333,56.436,4.0,153.05833333333334,26.894666666666666,375.859,0.6341666666666667,77,0,1064,FAIL_BUDGET,350,21,-1,-1,0.0,0.0,0.0,0.0,0.0
1611,I11_Regime_Switch_Delay_To_Latent,S0_CONTINUOUS,0.23769048368554413,80.824,88.23166666666667,0.0,169.05566666666667,39.702333333333335,373.348,1.0,0,0,1016,FAIL_BUDGET,10,1,658,95,0.23310084590532787,0.0,0.0,0.0,0.0
1611,I11_Regime_Switch_Delay_To_Latent,S1_SHADOW_OFF,0.3310011228464174,58.0,0.0,0.0,58.0,7.0,290.0,0.0,0,0,904,PASS_BUDGET,0,0,-1,0,0.0,0.0,0.0,0.0,0.0
1611,I11_Regime_Switch_Delay_To_Latent,S2_PERIODIC,0.3326975000528645,61.575,16.726333333333333,0.0,78.30133333333333,15.609,303.0076666666667,0.2,0,0,988,PASS_BUDGET,0,0,-1,0,0.0,0.0,0.0,0.0,0.0
1611,I11_Regime_Switch_Delay_To_Latent,S3_EVENT_TRIGGERED,0.16798558588144505,84.595,11.196333333333333,4.0,99.79133333333333,24.658,319.369,0.136,16,16,1032,PASS_BUDGET,0,0,149,93,0.22991234137044952,0.0,0.0,0.0,0.0
1611,I12_Regime_Switch_Latent_To_Delay,S0_CONTINUOUS,0.17380384157504944,89.995,86.96233333333333,0.0,176.95733333333334,43.96633333333333,378.68033333333335,1.0,0,0,1016,FAIL_BUDGET,0,0,383,64,0.514169767521148,0.0,0.0,0.0,0.0
1611,I12_Regime_Switch_Latent_To_Delay,S1_SHADOW_OFF,0.31789407421295857,58.0,0.0,0.0,58.0,7.0,290.0,0.0,0,0,904,PASS_BUDGET,0,0,-1,0,0.26306902774317353,0.0,0.0,0.0,0.0
1611,I12_Regime_Switch_Latent_To_Delay,S2_PERIODIC,0.271290139015203,77.49333333333334,17.165333333333333,0.0,94.65866666666666,13.549,328.698,0.2,0,0,1004,PASS_BUDGET,0,0,2799,474,0.5164805089093747,0.0,0.0,0.0,0.0
1611,I12_Regime_Switch_Latent_To_Delay,S3_EVENT_TRIGGERED,0.26709525856256616,75.44766666666666,18.897333333333332,4.0,98.345,14.814333333333334,327.32933333333335,0.21883333333333332,26,13,1000,PASS_BUDGET,0,0,371,88,0.5070536590941302,0.0,0.0,0.0,0.0
1611,I13_Regime_Switch_Hybrid_To_Memoryless,S0_CONTINUOUS,0.19089365611165793,86.84066666666666,84.43566666666666,0.0,171.27633333333333,40.949,376.33366666666666,1.0,0,0,1064,FAIL_BUDGET,1798,19,-1,136,0.0,0.0,0.0,0.0,0.0
1611,I13_Regime_Switch_Hybrid_To_Memoryless,S1_SHADOW_OFF,0.2794953858355933,58.0,0.0,0.0,58.0,7.0,290.0,0.0,0,0,904,PASS_BUDGET,0,0,-1,0,0.0,0.0,0.0,0.0,0.0
1611,I13_Regime_Switch_Hybrid_To_Memoryless,S2_PERIODIC,0.2537673566637993,65.91833333333334,17.245666666666665,0.0,83.164,19.083333333333332,305.26666666666665,0.2,0,0,1020,PASS_BUDGET,0,0,-1,714,0.0,0.0,0.0,0.0,0.0
1611,I13_Regime_Switch_Hybrid_To_Memoryless,S3_EVENT_TRIGGERED,0.2605965732887926,71.55533333333334,19.83,4.0,95.38533333333334,15.054666666666666,322.49766666666665,0.227,27,12,1032,PASS_BUDGET,43,12,-1,0,0.0,0.0,0.0,0.0,0.0
1611,I14_Intermittent_Hybrid,S0_CONTINUOUS,0.2607653781994735,76.877,88.08933333333333,0.0,164.96633333333332,33.95733333333333,376.041,1.0,0,0,1016,FAIL_BUDGET,22,9,0,-1,0.534237318910663,0.0,0.0,0.0,0.0
1611,I14_Intermittent_Hybrid,S1_SHADOW_OFF,0.31003645881930686,58.0,0.0,0.0,58.0,7.0,290.0,0.0,0,0,904,PASS_BUDGET,0,0,-1,-1,0.5757469735439743,0.0,0.0,0.0,0.0
1611,I14_Intermittent_Hybrid,S2_PERIODIC,0.2847329777425978,74.68833333333333,16.21066666666667,0.0,90.899,13.624666666666666,323.57533333333333,0.2,0,0,1004,PASS_BUDGET,55,55,434,-1,0.5662643726244929,0.0,0.0,0.0,0.0
1611,I14_Intermittent_Hybrid,S3_EVENT_TRIGGERED,0.2671726018093669,73.565,24.566666666666666,4.0,102.13166666666666,16.369,328.71166666666664,0.2848333333333333,34,9,1032,FAIL_BUDGET,15,7,0,-1,0.5184448776759336,0.0,0.0,0.0,0.0
1612,I1_Memoryless_Linear,S0_CONTINUOUS,0.1287171061241049,59.60366666666667,69.28333333333333,0.0,128.887,22.852,346.1936666666667,1.0,0,0,952,FAIL_BUDGET,0,0,-1,-1,0.0,0.0,0.0,0.0,0.0
1612,I1_Memoryless_Linear,S1_SHADOW_OFF,0.1293653756587023,58.0,0.0,0.0,58.0,7.0,290.0,0.0,0,0,904,PASS_BUDGET,0,0,-1,-1,0.0,0.0,0.0,0.0,0.0
1612,I1_Memoryless_Linear,S2_PERIODIC,0.1293653756587023,58.0,13.805666666666667,0.0,71.80566666666667,11.202666666666667,300.802,0.2,0,0,924,PASS_BUDGET,0,0,-1,-1,0.0,0.0,0.0,0.0,0.0
1612,I1_Memoryless_Linear,S3_EVENT_TRIGGERED,0.12936587159362342,91.852,0.8036666666666666,4.0,96.65566666666666,9.17,338.4286666666667,0.012166666666666666,1,23,968,PASS_BUDGET,0,0,-1,-1,0.0,0.0,0.0,0.0,0.0
1612,I2_Static_Nonlinear_Negative_Control,S0_CONTINUOUS,1.0668441213396442,60.641,88.617,0.0,149.258,34.39233333333333,352.9073333333333,1.0,0,0,1000,FAIL_BUDGET,0,0,-1,-1,0.0,0.0,0.0,0.0,0.0
1612,I2_Static_Nonlinear_Negative_Control,S1_SHADOW_OFF,1.0622497773019683,58.0,0.0,0.0,58.0,7.0,290.0,0.0,0,0,904,PASS_BUDGET,0,0,-1,-1,0.0,0.0,0.0,0.0,0.0
1612,I2_Static_Nonlinear_Negative_Control,S2_PERIODIC,1.0720967027972523,59.98,17.247666666666667,0.0,77.22766666666666,13.939333333333334,303.533,0.2,0,0,988,PASS_BUDGET,0,0,-1,-1,0.0,0.0,0.0,0.0,0.0
1612,I2_Static_Nonlinear_Negative_Control,S3_EVENT_TRIGGERED,1.0725297416035349,61.61966666666667,59.42,4.0,125.03966666666666,27.624,334.391,0.675,81,0,1016,FAIL_BUDGET,0,0,-1,-1,0.0,0.0,0.0,0.0,0.0
1612,I3_Single_Exact_Delay,S0_CONTINUOUS,0.18300446221624447,93.29966666666667,87.08566666666667,0.0,180.38533333333334,57.681333333333335,363.658,1.0,0,0,1016,FAIL_BUDGET,5,3,-1,-1,0.0,0.0,0.0,0.0,0.0
1612,I3_Single_Exact_Delay,S1_SHADOW_OFF,0.4457291240871564,58.0,0.0,0.0,58.0,7.0,290.0,0.0,0,0,904,PASS_BUDGET,0,0,-1,-1,0.0,0.0,0.0,0.0,0.0
1612,I3_Single_Exact_Delay,S2_PERIODIC,0.2292400482829453,88.65666666666667,16.97833333333333,0.0,105.635,34.47933333333334,317.09,0.2,0,0,1020,FAIL_BUDGET,0,0,-1,-1,0.0,0.0,0.0,0.0,0.0
1612,I3_Single_Exact_Delay,S3_EVENT_TRIGGERED,0.2313460209747928,66.01866666666666,15.916333333333334,4.0,85.935,19.725,304.578,0.18583333333333332,22,15,1000,PASS_BUDGET,0,0,-1,-1,0.0,0.0,0.0,0.0,0.0
1612,I4_Multi_Sparse_Delay,S0_CONTINUOUS,0.5698404690432644,81.73766666666667,88.2,0.0,169.93766666666667,45.95066666666666,365.46733333333333,1.0,0,0,1064,FAIL_BUDGET,390,28,-1,-1,0.0,0.0,0.0,0.0,0.0
1612,I4_Multi_Sparse_Delay,S1_SHADOW_OFF,0.6279612793848786,58.0,0.0,0.0,58.0,7.0,290.0,0.0,0,0,904,PASS_BUDGET,0,0,-1,-1,0.0,0.0,0.0,0.0,0.0
1612,I4_Multi_Sparse_Delay,S2_PERIODIC,0.6279612793848786,58.0,17.740666666666666,0.0,75.74066666666667,13.450666666666667,301.929,0.2,0,0,956,PASS_BUDGET,0,0,-1,-1,0.0,0.0,0.0,0.0,0.0
1612,I4_Multi_Sparse_Delay,S3_EVENT_TRIGGERED,0.630929211315762,64.92166666666667,74.10066666666667,4.0,143.02233333333334,32.32066666666667,348.572,0.8325,100,0,1064,FAIL_BUDGET,99,14,-1,-1,0.0,0.0,0.0,0.0,0.0
1612,I5_Moving_Delay_Support,S0_CONTINUOUS,0.338047098945457,74.392,87.88766666666666,0.0,162.27966666666666,44.76533333333333,356.38466666666665,1.0,0,0,1016,FAIL_BUDGET,0,0,-1,-1,0.0,0.0,0.0,0.0,0.0
1612,I5_Moving_Delay_Support,S1_SHADOW_OFF,0.45681893333614365,58.0,0.0,0.0,58.0,7.0,290.0,0.0,0,0,904,PASS_BUDGET,0,0,-1,-1,0.0,0.0,0.0,0.0,0.0
1612,I5_Moving_Delay_Support,S2_PERIODIC,0.375060793561177,69.14166666666667,17.334,0.0,86.47566666666667,21.036666666666665,307.404,0.2,0,0,1020,PASS_BUDGET,0,0,-1,-1,0.0,0.0,0.0,0.0,0.0
1612,I5_Moving_Delay_Support,S3_EVENT_TRIGGERED,0.4566390027209281,60.153666666666666,47.25566666666667,4.0,111.40933333333334,24.538666666666668,323.2486666666667,0.534,65,0,1032,FAIL_BUDGET,0,0,-1,-1,0.0,0.0,0.0,0.0,0.0
1612,I6_Continuous_Latent_State,S0_CONTINUOUS,0.14329487783846517,91.97466666666666,88.54733333333333,0.0,180.522,34.18833333333333,397.46933333333334,1.0,0,0,1016,FAIL_BUDGET,39,4,-1,-1,0.0,0.0,0.0,0.0,0.0
1612,I6_Continuous_Latent_State,S1_SHADOW_OFF,0.28417328548061666,58.0,0.0,0.0,58.0,7.0,290.0,0.0,0,0,904,PASS_BUDGET,0,0,-1,-1,0.0,0.0,0.0,0.0,0.0
1612,I6_Continuous_Latent_State,S2_PERIODIC,0.1459863383473026,91.37666666666667,17.488666666666667,0.0,108.86533333333334,13.324666666666667,348.986,0.2,0,0,1004,FAIL_BUDGET,0,0,-1,-1,0.0,0.0,0.0,0.0,0.0
1612,I6_Continuous_Latent_State,S3_EVENT_TRIGGERED,0.14333355394437905,91.864,7.625333333333334,4.0,103.48933333333333,11.337333333333333,342.94966666666664,0.08633333333333333,10,18,1016,FAIL_BUDGET,0,0,-1,-1,0.0,0.0,0.0,0.0,0.0
1612,I7_Quiescent_Continuous_State,S0_CONTINUOUS,0.148653261751082,81.32066666666667,85.224,0.0,166.54466666666667,32.459,381.634,1.0,0,0,1000,FAIL_BUDGET,9,0,-1,-1,0.0,0.0,0.0,0.0,0.0
1612,I7_Quiescent_Continuous_State,S1_SHADOW_OFF,0.28817361617489884,58.0,0.0,0.0,58.0,7.0,290.0,0.0,0,0,904,PASS_BUDGET,0,0,-1,-1,0.0,0.0,0.0,1.0,1.0
1612,I7_Quiescent_Continuous_State,S2_PERIODIC,0.24012039947054684,73.83166666666666,17.365333333333332,0.0,91.197,13.619666666666667,323.6933333333333,0.2,0,0,1004,PASS_BUDGET,0,0,-1,-1,0.0,0.0,0.0,0.8,0.8
1612,I7_Quiescent_Continuous_State,S3_EVENT_TRIGGERED,0.14851844051425012,91.864,6.8853333333333335,4.0,102.74933333333334,11.109666666666667,342.45233333333334,0.078,9,18,1016,FAIL_BUDGET,0,0,-1,-1,0.0,0.0,0.0,0.996,0.885
1612,I8_Quiescent_Discrete_Delay,S0_CONTINUOUS,0.2261676334524617,81.003,87.23566666666666,0.0,168.23866666666666,48.86566666666667,359.234,1.0,0,0,1016,FAIL_BUDGET,5,3,-1,-1,0.0,0.0,0.0,0.0,0.0
1612,I8_Quiescent_Discrete_Delay,S1_SHADOW_OFF,0.45313334290148755,58.0,0.0,0.0,58.0,7.0,290.0,0.0,0,0,904,PASS_BUDGET,0,0,-1,-1,0.0,0.0,0.0,1.0,1.0
1612,I8_Quiescent_Discrete_Delay,S2_PERIODIC,0.2924556519682097,81.37,16.898666666666667,0.0,98.26866666666666,28.712,314.204,0.2,0,0,1020,PASS_BUDGET,0,0,-1,-1,0.0,0.0,0.0,0.8,0.8
1612,I8_Quiescent_Discrete_Delay,S3_EVENT_TRIGGERED,0.3129362938419315,78.727,17.344333333333335,4.0,100.07133333333333,30.27166666666667,310.61133333333333,0.20233333333333334,24,14,1032,FAIL_BUDGET,0,0,-1,-1,0.0,0.0,0.0,0.983,0.705
1612,I9_Hybrid_Delay_Plus_Latent_State,S0_CONTINUOUS,0.30289077744675524,88.568,88.615,0.0,177.183,38.25833333333333,386.632,1.0,0,0,1064,FAIL_BUDGET,944,25,-1,-1,0.0,0.005992636511240671,0.1133413002372011,0.0,0.0
1612,I9_Hybrid_Delay_Plus_Latent_State,S1_SHADOW_OFF,0.36579170418228574,58.0,0.0,0.0,58.0,7.0,290.0,0.0,0,0,904,PASS_BUDGET,0,0,-1,-1,0.0,0.0,0.0,0.0,0.0
1612,I9_Hybrid_Delay_Plus_Latent_State,S2_PERIODIC,0.34759858268220956,69.68,17.435666666666666,0.0,87.11566666666667,13.574333333333334,317.9506666666667,0.2,0,0,1004,PASS_BUDGET,65,10,-1,-1,0.0,-0.054381686450772654,0.04089515307881832,0.0,0.0
1612,I9_Hybrid_Delay_Plus_Latent_State,S3_EVENT_TRIGGERED,0.19766303195588358,106.262,16.430333333333333,4.0,126.69233333333334,28.871333333333332,350.35966666666667,0.186,22,16,1064,FAIL_BUDGET,4120,0,-1,-1,0.0,0.24418970888838043,0.18014470293490567,0.0,0.0
1612,I10_Redundant_Temporal_Structure,S0_CONTINUOUS,0.3632047073617145,111.75333333333333,88.08133333333333,0.0,199.83466666666666,49.586333333333336,402.5,1.0,0,0,1064,FAIL_BUDGET,2990,7,-1,-1,0.0,0.0,0.0,0.0,0.0
1612,I10_Redundant_Temporal_Structure,S1_SHADOW_OFF,0.6117708259314195,58.0,0.0,0.0,58.0,7.0,290.0,0.0,0,0,904,PASS_BUDGET,0,0,-1,-1,0.0,0.0,0.0,0.0,0.0
1612,I10_Redundant_Temporal_Structure,S2_PERIODIC,0.40158233360599715,102.26833333333333,17.630333333333333,0.0,119.89866666666667,21.892333333333333,353.27233333333334,0.2,0,0,1068,FAIL_BUDGET,2071,25,-1,-1,0.0,0.0,0.0,0.0,0.0
1612,I10_Redundant_Temporal_Structure,S3_EVENT_TRIGGERED,0.4263354275261568,92.17433333333334,60.876,4.0,157.05033333333333,27.981666666666666,378.6893333333333,0.6833333333333333,82,0,1048,FAIL_BUDGET,174,10,-1,-1,0.0,0.0,0.0,0.0,0.0
1612,I11_Regime_Switch_Delay_To_Latent,S0_CONTINUOUS,0.22169079540023492,82.769,88.06966666666666,0.0,170.83866666666665,40.17733333333333,375.146,1.0,0,0,1016,FAIL_BUDGET,18,4,273,77,0.29428633705328255,0.0,0.0,0.0,0.0
1612,I11_Regime_Switch_Delay_To_Latent,S1_SHADOW_OFF,0.32623030116871166,58.0,0.0,0.0,58.0,7.0,290.0,0.0,0,0,904,PASS_BUDGET,0,0,-1,0,0.0,0.0,0.0,0.0,0.0
1612,I11_Regime_Switch_Delay_To_Latent,S2_PERIODIC,0.22263462464480796,73.15833333333333,16.782,0.0,89.94033333333333,24.756666666666668,307.5853333333333,0.2,0,0,1020,PASS_BUDGET,0,0,-1,299,0.45202945635612574,0.0,0.0,0.0,0.0
1612,I11_Regime_Switch_Delay_To_Latent,S3_EVENT_TRIGGERED,0.2798509585980957,72.87533333333333,24.331333333333333,4.0,101.20666666666666,16.544333333333334,327.24033333333335,0.2765,33,9,1032,FAIL_BUDGET,10,4,778,0,0.0,0.0,0.0,0.0,0.0
1612,I12_Regime_Switch_Latent_To_Delay,S0_CONTINUOUS,0.18897264312937495,88.764,87.67433333333334,0.0,176.43833333333333,43.412333333333336,378.60966666666667,1.0,0,0,1016,FAIL_BUDGET,0,0,892,117,0.601116945882793,0.0,0.0,0.0,0.0
1612,I12_Regime_Switch_Latent_To_Delay,S1_SHADOW_OFF,0.3259225530627821,58.0,0.0,0.0,58.0,7.0,290.0,0.0,0,0,904,PASS_BUDGET,0,0,-1,0,0.33902979796741595,0.0,0.0,0.0,0.0
1612,I12_Regime_Switch_Latent_To_Delay,S2_PERIODIC,0.27933246088745073,78.56333333333333,17.205,0.0,95.76833333333333,14.186666666666667,329.45666666666665,0.2,0,0,1020,PASS_BUDGET,420,205,369,504,0.617896506364137,0.0,0.0,0.0,0.0
1612,I12_Regime_Switch_Latent_To_Delay,S3_EVENT_TRIGGERED,0.27453459114568024,76.02666666666667,23.846,4.0,103.87266666666666,16.703333333333333,331.0,0.2683333333333333,32,10,1032,FAIL_BUDGET,276,2,-1,123,0.6015219009976682,0.0,0.0,0.0,0.0
1612,I13_Regime_Switch_Hybrid_To_Memoryless,S0_CONTINUOUS,0.26652543315305705,68.02433333333333,87.045,0.0,155.06933333333333,33.59466666666667,362.98766666666666,1.0,0,0,1032,FAIL_BUDGET,61,10,-1,108,0.0,0.0,0.0,0.0,0.0
1612,I13_Regime_Switch_Hybrid_To_Memoryless,S1_SHADOW_OFF,0.2808721998565685,58.0,0.0,0.0,58.0,7.0,290.0,0.0,0,0,904,PASS_BUDGET,0,0,-1,0,0.0,0.0,0.0,0.0,0.0
1612,I13_Regime_Switch_Hybrid_To_Memoryless,S2_PERIODIC,0.2731126285151201,63.63666666666666,17.404,0.0,81.04066666666667,13.552333333333333,309.41966666666667,0.2,0,0,1004,PASS_BUDGET,60,10,-1,0,0.0,0.0,0.0,0.0,0.0
1612,I13_Regime_Switch_Hybrid_To_Memoryless,S3_EVENT_TRIGGERED,0.22252888689387545,101.34033333333333,15.734333333333334,4.0,121.07466666666667,24.752,347.9236666666667,0.17783333333333334,21,17,1048,FAIL_BUDGET,4120,0,-1,-1,0.0,0.0,0.0,0.0,0.0
1612,I14_Intermittent_Hybrid,S0_CONTINUOUS,0.19017553344254365,88.87033333333333,87.448,0.0,176.31833333333333,42.72266666666667,379.47933333333333,1.0,0,0,1064,FAIL_BUDGET,1208,7,0,-1,0.42411579343171224,0.0,0.0,0.0,0.0
1612,I14_Intermittent_Hybrid,S1_SHADOW_OFF,0.3061253807531374,58.0,0.0,0.0,58.0,7.0,290.0,0.0,0,0,904,PASS_BUDGET,0,0,-1,-1,0.5753076359568413,0.0,0.0,0.0,0.0
1612,I14_Intermittent_Hybrid,S2_PERIODIC,0.2543868536920409,77.85666666666667,16.409,0.0,94.26566666666666,13.078333333333333,329.022,0.2,0,0,1004,PASS_BUDGET,100,0,0,-1,0.5173261477231214,0.0,0.0,0.0,0.0
1612,I14_Intermittent_Hybrid,S3_EVENT_TRIGGERED,0.24057297995371377,84.39166666666667,20.522,4.0,108.91366666666667,16.703666666666667,339.2013333333333,0.23533333333333334,28,12,1048,FAIL_BUDGET,49,13,0,-1,0.445567922664034,0.0,0.0,0.0,0.0
1613,I1_Memoryless_Linear,S0_CONTINUOUS,0.12092708012383785,59.297666666666665,70.006,0.0,129.30366666666666,23.468333333333334,346.07033333333334,1.0,0,0,952,FAIL_BUDGET,0,0,-1,-1,0.0,0.0,0.0,0.0,0.0
1613,I1_Memoryless_Linear,S1_SHADOW_OFF,0.12066435085269298,58.0,0.0,0.0,58.0,7.0,290.0,0.0,0,0,904,PASS_BUDGET,0,0,-1,-1,0.0,0.0,0.0,0.0,0.0
1613,I1_Memoryless_Linear,S2_PERIODIC,0.12066435085269298,58.0,12.8,0.0,70.8,10.4,300.4,0.2,0,0,908,PASS_BUDGET,0,0,-1,-1,0.0,0.0,0.0,0.0,0.0
1613,I1_Memoryless_Linear,S3_EVENT_TRIGGERED,0.12085831121723098,59.615,0.7786666666666666,4.0,64.39366666666666,9.146,292.91266666666667,0.012166666666666666,1,23,968,PASS_BUDGET,0,0,-1,-1,0.0,0.0,0.0,0.0,0.0
1613,I2_Static_Nonlinear_Negative_Control,S0_CONTINUOUS,1.0370748275629689,59.034666666666666,88.329,0.0,147.36366666666666,34.407666666666664,350.25866666666667,1.0,0,0,1000,FAIL_BUDGET,0,0,-1,-1,0.0,0.0,0.0,0.0,0.0
1613,I2_Static_Nonlinear_Negative_Control,S1_SHADOW_OFF,1.0265024480022873,58.0,0.0,0.0,58.0,7.0,290.0,0.0,0,0,904,PASS_BUDGET,0,0,-1,-1,0.0,0.0,0.0,0.0,0.0
1613,I2_Static_Nonlinear_Negative_Control,S2_PERIODIC,1.0266877826150225,58.19166666666667,17.453,0.0,75.64466666666667,13.430333333333333,301.91866666666664,0.2,0,0,972,PASS_BUDGET,0,0,-1,-1,0.0,0.0,0.0,0.0,0.0
1613,I2_Static_Nonlinear_Negative_Control,S3_EVENT_TRIGGERED,1.0334230700009237,60.376,60.435,4.0,124.811,27.883,333.479,0.6798333333333333,82,0,1016,FAIL_BUDGET,0,0,-1,-1,0.0,0.0,0.0,0.0,0.0
1613,I3_Single_Exact_Delay,S0_CONTINUOUS,0.24663756182155103,84.96133333333333,87.37366666666667,0.0,172.335,52.25866666666667,359.9766666666667,1.0,0,0,1016,FAIL_BUDGET,2,1,-1,-1,0.0,0.0,0.0,0.0,0.0
1613,I3_Single_Exact_Delay,S1_SHADOW_OFF,0.4427374927105694,58.0,0.0,0.0,58.0,7.0,290.0,0.0,0,0,904,PASS_BUDGET,0,0,-1,-1,0.0,0.0,0.0,0.0,0.0
1613,I3_Single_Exact_Delay,S2_PERIODIC,0.41173649021254466,62.16,17.226333333333333,0.0,79.38633333333334,15.433666666666667,304.6406666666667,0.2,0,0,1020,PASS_BUDGET,0,0,-1,-1,0.0,0.0,0.0,0.0,0.0
1613,I3_Single_Exact_Delay,S3_EVENT_TRIGGERED,0.443750248870973,59.61333333333334,43.312,4.0,106.92533333333333,22.236,321.459,0.492,59,2,1016,FAIL_BUDGET,11,1,-1,-1,0.0,0.0,0.0,0.0,0.0
1613,I4_Multi_Sparse_Delay,S0_CONTINUOUS,0.6189036828781624,72.335,88.94066666666667,0.0,161.27566666666667,39.41833333333334,362.357,1.0,0,0,1064,FAIL_BUDGET,63,17,-1,-1,0.0,0.0,0.0,0.0,0.0
1613,I4_Multi_Sparse_Delay,S1_SHADOW_OFF,0.6353689098472092,58.0,0.0,0.0,58.0,7.0,290.0,0.0,0,0,904,PASS_BUDGET,0,0,-1,-1,0.0,0.0,0.0,0.0,0.0
1613,I4_Multi_Sparse_Delay,S2_PERIODIC,0.6369621240221782,59.55,17.455,0.0,77.005,14.431333333333333,302.4193333333333,0.2,0,0,988,PASS_BUDGET,0,0,-1,-1,0.0,0.0,0.0,0.0,0.0
1613,I4_Multi_Sparse_Delay,S3_EVENT_TRIGGERED,0.4554369052711844,89.93133333333333,56.29333333333334,4.0,150.22466666666668,47.811,343.4513333333333,0.6416666666666667,77,0,1080,FAIL_BUDGET,118,6,-1,-1,0.0,0.0,0.0,0.0,0.0
1613,I5_Moving_Delay_Support,S0_CONTINUOUS,0.1570322471800872,96.308,86.252,0.0,182.56,59.602333333333334,364.222,1.0,0,0,1016,FAIL_BUDGET,0,0,-1,-1,0.0,0.0,0.0,0.0,0.0
1613,I5_Moving_Delay_Support,S1_SHADOW_OFF,0.44237979895034313,58.0,0.0,0.0,58.0,7.0,290.0,0.0,0,0,904,PASS_BUDGET,0,0,-1,-1,0.0,0.0,0.0,0.0,0.0
1613,I5_Moving_Delay_Support,S2_PERIODIC,0.3752133555147887,69.07833333333333,16.794,0.0,85.87233333333333,19.204,309.047,0.2,0,0,1020,PASS_BUDGET,0,0,-1,-1,0.0,0.0,0.0,0.0,0.0
1613,I5_Moving_Delay_Support,S3_EVENT_TRIGGERED,0.23793050149005512,90.718,16.499,4.0,111.217,26.324666666666666,331.64633333333336,0.194,23,14,1032,FAIL_BUDGET,2994,28,-1,-1,0.0,0.0,0.0,0.0,0.0
1613,I6_Continuous_Latent_State,S0_CONTINUOUS,0.1386168611576593,91.866,88.03266666666667,0.0,179.89866666666666,33.88433333333333,397.25333333333333,1.0,0,0,1000,FAIL_BUDGET,8,0,-1,-1,0.0,0.0,0.0,0.0,0.0
1613,I6_Continuous_Latent_State,S1_SHADOW_OFF,0.2692958778333701,58.0,0.0,0.0,58.0,7.0,290.0,0.0,0,0,904,PASS_BUDGET,0,0,-1,-1,0.0,0.0,0.0,0.0,0.0
1613,I6_Continuous_Latent_State,S2_PERIODIC,0.14142133851956346,91.405,16.951666666666668,0.0,108.35666666666667,12.968,348.8473333333333,0.2,0,0,1004,FAIL_BUDGET,0,0,-1,-1,0.0,0.0,0.0,0.0,0.0
1613,I6_Continuous_Latent_State,S3_EVENT_TRIGGERED,0.14348846609672325,90.29,6.756666666666667,4.0,101.04666666666667,11.086333333333334,340.12,0.07816666666666666,9,19,1016,FAIL_BUDGET,0,0,-1,-1,0.0,0.0,0.0,0.0,0.0
1613,I7_Quiescent_Continuous_State,S0_CONTINUOUS,0.14308422524239667,81.15166666666667,81.78133333333334,0.0,162.933,30.08,380.2343333333333,1.0,0,0,1000,FAIL_BUDGET,2,0,-1,-1,0.0,0.0,0.0,0.0,0.0
1613,I7_Quiescent_Continuous_State,S1_SHADOW_OFF,0.2789526128218631,58.0,0.0,0.0,58.0,7.0,290.0,0.0,0,0,904,PASS_BUDGET,0,0,-1,-1,0.0,0.0,0.0,1.0,1.0
1613,I7_Quiescent_Continuous_State,S2_PERIODIC,0.1622396674677591,82.735,16.772333333333332,0.0,99.50733333333334,12.880333333333333,336.563,0.2,0,0,1004,PASS_BUDGET,0,0,-1,-1,0.0,0.0,0.0,0.8,0.8
1613,I7_Quiescent_Continuous_State,S3_EVENT_TRIGGERED,0.1430971790670185,91.76766666666667,3.8453333333333335,4.0,99.613,10.147,340.324,0.04516666666666667,5,21,1016,PASS_BUDGET,0,0,-1,-1,0.0,0.0,0.0,0.996,0.93425
1613,I8_Quiescent_Discrete_Delay,S0_CONTINUOUS,0.3121381867360955,71.75133333333333,85.19733333333333,0.0,156.94866666666667,41.404,354.5303333333333,1.0,0,0,1016,FAIL_BUDGET,2,1,-1,-1,0.0,0.0,0.0,0.0,0.0
1613,I8_Quiescent_Discrete_Delay,S1_SHADOW_OFF,0.45118166891415196,58.0,0.0,0.0,58.0,7.0,290.0,0.0,0,0,904,PASS_BUDGET,0,0,-1,-1,0.0,0.0,0.0,1.0,1.0
1613,I8_Quiescent_Discrete_Delay,S2_PERIODIC,0.4515634332761646,59.218333333333334,17.256333333333334,0.0,76.47466666666666,13.159666666666666,303.50333333333333,0.2,0,0,956,PASS_BUDGET,0,0,-1,-1,0.0,0.0,0.0,0.8,0.8
1613,I8_Quiescent_Discrete_Delay,S3_EVENT_TRIGGERED,0.3601913030337733,63.35166666666667,23.35033333333333,4.0,90.702,19.035666666666668,309.58866666666665,0.2688333333333333,32,13,1016,PASS_BUDGET,11,1,-1,-1,0.0,0.0,0.0,0.996,0.59875
1613,I9_Hybrid_Delay_Plus_Latent_State,S0_CONTINUOUS,0.17731092707086327,122.49766666666666,87.14533333333334,0.0,209.643,55.519666666666666,408.1093333333333,1.0,0,0,1064,FAIL_BUDGET,4650,0,-1,-1,0.0,0.31821835355941525,0.1550403017564133,0.0,0.0
1613,I9_Hybrid_Delay_Plus_Latent_State,S1_SHADOW_OFF,0.3579721788810225,58.0,0.0,0.0,58.0,7.0,290.0,0.0,0,0,904,PASS_BUDGET,0,0,-1,-1,0.0,0.0,0.0,0.0,0.0
1613,I9_Hybrid_Delay_Plus_Latent_State,S2_PERIODIC,0.18079842112551608,116.75333333333333,16.603,0.0,133.35633333333334,38.504333333333335,351.10333333333335,0.2,0,0,1068,FAIL_BUDGET,4186,0,-1,-1,0.0,0.3961007058667762,0.09013402539429649,0.0,0.0
1613,I9_Hybrid_Delay_Plus_Latent_State,S3_EVENT_TRIGGERED,0.31485003975925885,84.96433333333333,37.769666666666666,4.0,126.734,20.690333333333335,353.291,0.42533333333333334,51,2,1048,FAIL_BUDGET,44,8,-1,-1,0.0,-0.054716061951794494,0.07407516505878435,0.0,0.0
1613,I10_Redundant_Temporal_Structure,S0_CONTINUOUS,0.4286380896397842,92.75266666666667,88.65933333333334,0.0,181.412,34.748,397.6856666666667,1.0,0,0,1064,FAIL_BUDGET,306,29,-1,-1,0.0,0.0,0.0,0.0,0.0
1613,I10_Redundant_Temporal_Structure,S1_SHADOW_OFF,0.6068348487518277,58.0,0.0,0.0,58.0,7.0,290.0,0.0,0,0,904,PASS_BUDGET,0,0,-1,-1,0.0,0.0,0.0,0.0,0.0
1613,I10_Redundant_Temporal_Structure,S2_PERIODIC,0.6146436022000175,60.05833333333333,17.27,0.0,77.32833333333333,14.756,302.58166666666665,0.2,0,0,1020,PASS_BUDGET,0,0,-1,-1,0.0,0.0,0.0,0.0,0.0
1613,I10_Redundant_Temporal_Structure,S3_EVENT_TRIGGERED,0.42972366045375077,92.13633333333334,57.455666666666666,4.0,153.592,26.861666666666668,376.4103333333333,0.6463333333333333,78,0,1048,FAIL_BUDGET,177,22,-1,-1,0.0,0.0,0.0,0.0,0.0
1613,I11_Regime_Switch_Delay_To_Latent,S0_CONTINUOUS,0.19879263380071802,85.408,87.68966666666667,0.0,173.09766666666667,41.555,376.526,1.0,0,0,1016,FAIL_BUDGET,3,2,277,31,0.13943078579589185,0.0,0.0,0.0,0.0
1613,I11_Regime_Switch_Delay_To_Latent,S1_SHADOW_OFF,0.31140302720508695,58.0,0.0,0.0,58.0,7.0,290.0,0.0,0,0,904,PASS_BUDGET,0,0,-1,0,0.0,0.0,0.0,0.0,0.0
1613,I11_Regime_Switch_Delay_To_Latent,S2_PERIODIC,0.31456689556697587,59.75833333333333,17.19333333333333,0.0,76.95166666666667,14.486666666666666,302.447,0.2,0,0,988,PASS_BUDGET,0,0,-1,0,0.0,0.0,0.0,0.0,0.0
1613,I11_Regime_Switch_Delay_To_Latent,S3_EVENT_TRIGGERED,0.270577659875131,73.23566666666666,23.732333333333333,4.0,100.968,16.408,327.30033333333336,0.2683333333333333,32,10,1016,FAIL_BUDGET,2,1,650,0,0.0,0.0,0.0,0.0,0.0
1613,I12_Regime_Switch_Latent_To_Delay,S0_CONTINUOUS,0.1594297488296066,91.65633333333334,86.788,0.0,178.44433333333333,45.080333333333336,379.2556666666667,1.0,0,0,1016,FAIL_BUDGET,21,8,57,47,0.6034192317781328,0.0,0.0,0.0,0.0
1613,I12_Regime_Switch_Latent_To_Delay,S1_SHADOW_OFF,0.31594328200116206,58.0,0.0,0.0,58.0,7.0,290.0,0.0,0,0,904,PASS_BUDGET,0,0,-1,0,0.31304437725035317,0.0,0.0,0.0,0.0
1613,I12_Regime_Switch_Latent_To_Delay,S2_PERIODIC,0.26081988622541086,78.625,16.630333333333333,0.0,95.25533333333334,12.861333333333333,330.63366666666667,0.2,0,0,1020,PASS_BUDGET,15,10,14,729,0.6274578114598447,0.0,0.0,0.0,0.0
1613,I12_Regime_Switch_Latent_To_Delay,S3_EVENT_TRIGGERED,0.13240324704295264,79.72433333333333,4.5103333333333335,4.0,88.23466666666667,14.219,318.85566666666665,0.05333333333333334,6,20,1016,PASS_BUDGET,0,0,50,14,0.042687563419881946,0.0,0.0,0.0,0.0
1613,I13_Regime_Switch_Hybrid_To_Memoryless,S0_CONTINUOUS,0.18213645924513533,86.23366666666666,87.42,0.0,173.65366666666668,41.69266666666667,377.36266666666666,1.0,0,0,1064,FAIL_BUDGET,1673,0,-1,89,0.0,0.0,0.0,0.0,0.0
1613,I13_Regime_Switch_Hybrid_To_Memoryless,S1_SHADOW_OFF,0.27806817021528385,58.0,0.0,0.0,58.0,7.0,290.0,0.0,0,0,904,PASS_BUDGET,0,0,-1,0,0.0,0.0,0.0,0.0,0.0
1613,I13_Regime_Switch_Hybrid_To_Memoryless,S2_PERIODIC,0.18778373471627063,85.54,16.750666666666667,0.0,102.29066666666667,25.412333333333333,324.1933333333333,0.2,0,0,1068,FAIL_BUDGET,1640,0,-1,479,0.0,0.0,0.0,0.0,0.0
1613,I13_Regime_Switch_Hybrid_To_Memoryless,S3_EVENT_TRIGGERED,0.2389678337471697,91.78566666666667,18.589333333333332,4.0,114.375,14.716666666666667,350.186,0.21033333333333334,25,12,1032,FAIL_BUDGET,17,2,-1,-1,0.0,0.0,0.0,0.0,0.0
1613,I14_Intermittent_Hybrid,S0_CONTINUOUS,0.19691329455668954,85.634,87.40033333333334,0.0,173.03433333333334,40.29633333333334,378.406,1.0,0,0,1064,FAIL_BUDGET,1302,9,0,-1,0.20140954133770855,0.0,0.0,0.0,0.0
1613,I14_Intermittent_Hybrid,S1_SHADOW_OFF,0.2905599668523793,58.0,0.0,0.0,58.0,7.0,290.0,0.0,0,0,904,PASS_BUDGET,0,0,-1,-1,0.3462111907145493,0.0,0.0,0.0,0.0
1613,I14_Intermittent_Hybrid,S2_PERIODIC,0.24109349309635292,82.51833333333333,16.886666666666667,0.0,99.405,18.175,329.492,0.2,0,0,1020,PASS_BUDGET,265,175,0,-1,0.1551996809324293,0.0,0.0,0.0,0.0
1613,I14_Intermittent_Hybrid,S3_EVENT_TRIGGERED,0.14484137003141137,85.646,6.517333333333333,4.0,96.16333333333333,18.201666666666668,324.173,0.0865,10,19,1048,PASS_BUDGET,1874,12,0,-1,0.020925616767577482,0.0,0.0,0.0,0.0
1614,I1_Memoryless_Linear,S0_CONTINUOUS,0.1304161775134339,59.63,72.15633333333334,0.0,131.78633333333335,24.970333333333333,347.271,1.0,0,0,952,FAIL_BUDGET,0,0,-1,-1,0.0,0.0,0.0,0.0,0.0
1614,I1_Memoryless_Linear,S1_SHADOW_OFF,0.13076943857984719,58.0,0.0,0.0,58.0,7.0,290.0,0.0,0,0,904,PASS_BUDGET,0,0,-1,-1,0.0,0.0,0.0,0.0,0.0
1614,I1_Memoryless_Linear,S2_PERIODIC,0.130994881293866,58.28333333333333,14.933666666666667,0.0,73.217,12.193,301.298,0.2,0,0,940,PASS_BUDGET,0,0,-1,-1,0.0,0.0,0.0,0.0,0.0
1614,I1_Memoryless_Linear,S3_EVENT_TRIGGERED,0.130540197566709,91.881,1.312,4.0,97.193,9.246,338.898,0.0205,2,23,968,PASS_BUDGET,0,0,-1,-1,0.0,0.0,0.0,0.0,0.0
1614,I2_Static_Nonlinear_Negative_Control,S0_CONTINUOUS,0.9909310258697068,60.32933333333333,88.134,0.0,148.46333333333334,34.059,352.54,1.0,0,0,1016,FAIL_BUDGET,3,1,-1,-1,0.0,0.0,0.0,0.0,0.0
1614,I2_Static_Nonlinear_Negative_Control,S1_SHADOW_OFF,0.98576647505269,58.0,0.0,0.0,58.0,7.0,290.0,0.0,0,0,904,PASS_BUDGET,0,0,-1,-1,0.0,0.0,0.0,0.0,0.0
1614,I2_Static_Nonlinear_Negative_Control,S2_PERIODIC,0.9865992657393237,58.00833333333333,17.513333333333332,0.0,75.52166666666666,13.346333333333334,301.87666666666667,0.2,0,0,956,PASS_BUDGET,0,0,-1,-1,0.0,0.0,0.0,0.0,0.0
1614,I2_Static_Nonlinear_Negative_Control,S3_EVENT_TRIGGERED,0.992890300782185,59.717,52.485,4.0,116.202,25.762666666666668,326.7606666666667,0.5918333333333333,71,1,1032,FAIL_BUDGET,19,0,-1,-1,0.0,0.0,0.0,0.0,0.0
1614,I3_Single_Exact_Delay,S0_CONTINUOUS,0.45892416213471743,59.781666666666666,88.51833333333333,0.0,148.3,34.25266666666667,351.845,1.0,0,0,1000,FAIL_BUDGET,0,0,-1,-1,0.0,0.0,0.0,0.0,0.0
1614,I3_Single_Exact_Delay,S1_SHADOW_OFF,0.4570158000791073,58.0,0.0,0.0,58.0,7.0,290.0,0.0,0,0,904,PASS_BUDGET,0,0,-1,-1,0.0,0.0,0.0,0.0,0.0
1614,I3_Single_Exact_Delay,S2_PERIODIC,0.457583068075969,58.19833333333333,17.538666666666668,0.0,75.737,13.457666666666666,302.01233333333334,0.2,0,0,1004,PASS_BUDGET,0,0,-1,-1,0.0,0.0,0.0,0.0,0.0
1614,I3_Single_Exact_Delay,S3_EVENT_TRIGGERED,0.16749700116891947,77.80533333333334,7.963,4.0,89.76833333333333,25.054333333333332,306.10266666666666,0.095,11,20,1016,PASS_BUDGET,0,0,-1,-1,0.0,0.0,0.0,0.0,0.0
1614,I4_Multi_Sparse_Delay,S0_CONTINUOUS,0.6311690140810691,66.91166666666666,89.16866666666667,0.0,156.08033333333333,34.958666666666666,361.479,1.0,0,0,1032,FAIL_BUDGET,58,8,-1,-1,0.0,0.0,0.0,0.0,0.0
1614,I4_Multi_Sparse_Delay,S1_SHADOW_OFF,0.625896012174171,58.0,0.0,0.0,58.0,7.0,290.0,0.0,0,0,904,PASS_BUDGET,0,0,-1,-1,0.0,0.0,0.0,0.0,0.0
1614,I4_Multi_Sparse_Delay,S2_PERIODIC,0.6260860612407309,58.565,17.716333333333335,0.0,76.28133333333334,13.709666666666667,302.33866666666665,0.2,0,0,1004,PASS_BUDGET,0,0,-1,-1,0.0,0.0,0.0,0.0,0.0
1614,I4_Multi_Sparse_Delay,S3_EVENT_TRIGGERED,0.5575416038811497,80.54466666666667,66.955,4.0,151.49966666666666,43.162333333333336,347.92266666666666,0.7581666666666667,91,0,1080,FAIL_BUDGET,308,11,-1,-1,0.0,0.0,0.0,0.0,0.0
1614,I5_Moving_Delay_Support,S0_CONTINUOUS,0.4448407533063479,62.56,88.478,0.0,151.038,36.126666666666665,352.86466666666666,1.0,0,0,1016,FAIL_BUDGET,0,0,-1,-1,0.0,0.0,0.0,0.0,0.0
1614,I5_Moving_Delay_Support,S1_SHADOW_OFF,0.45937967157288545,58.0,0.0,0.0,58.0,7.0,290.0,0.0,0,0,904,PASS_BUDGET,0,0,-1,-1,0.0,0.0,0.0,0.0,0.0
1614,I5_Moving_Delay_Support,S2_PERIODIC,0.34941632900916786,70.27666666666667,17.342666666666666,0.0,87.61933333333333,22.846,306.62966666666665,0.2,0,0,1020,PASS_BUDGET,0,0,-1,-1,0.0,0.0,0.0,0.0,0.0
1614,I5_Moving_Delay_Support,S3_EVENT_TRIGGERED,0.4607034258320803,60.336,39.663,4.0,103.999,21.504333333333335,319.50233333333335,0.44716666666666666,54,0,1016,FAIL_BUDGET,3,1,-1,-1,0.0,0.0,0.0,0.0,0.0
1614,I6_Continuous_Latent_State,S0_CONTINUOUS,0.15328758080397986,91.99766666666666,89.03833333333333,0.0,181.036,34.479,397.6313333333333,1.0,0,0,1032,FAIL_BUDGET,42,10,-1,-1,0.0,0.0,0.0,0.0,0.0
1614,I6_Continuous_Latent_State,S1_SHADOW_OFF,0.2895829816231927,58.0,0.0,0.0,58.0,7.0,290.0,0.0,0,0,904,PASS_BUDGET,0,0,-1,-1,0.0,0.0,0.0,0.0,0.0
1614,I6_Continuous_Latent_State,S2_PERIODIC,0.15749771633271611,91.46,17.522333333333332,0.0,108.98233333333333,13.405,349.02633333333335,0.2,0,0,1020,FAIL_BUDGET,50,45,-1,-1,0.0,0.0,0.0,0.0,0.0
1614,I6_Continuous_Latent_State,S3_EVENT_TRIGGERED,0.1536038414247852,91.93266666666666,5.367333333333334,4.0,101.3,10.656666666666666,341.498,0.06166666666666667,7,20,1032,FAIL_BUDGET,29,5,-1,-1,0.0,0.0,0.0,0.0,0.0
1614,I7_Quiescent_Continuous_State,S0_CONTINUOUS,0.1582447644136882,81.487,85.18366666666667,0.0,166.67066666666668,32.272,381.756,1.0,0,0,1016,FAIL_BUDGET,22,4,-1,-1,0.0,0.0,0.0,0.0,0.0
1614,I7_Quiescent_Continuous_State,S1_SHADOW_OFF,0.29344996531154727,58.0,0.0,0.0,58.0,7.0,290.0,0.0,0,0,904,PASS_BUDGET,0,0,-1,-1,0.0,0.0,0.0,1.0,1.0
1614,I7_Quiescent_Continuous_State,S2_PERIODIC,0.22956607153189396,74.80166666666666,17.498333333333335,0.0,92.3,13.332,325.5896666666667,0.2,0,0,1004,PASS_BUDGET,0,0,-1,-1,0.0,0.0,0.0,0.8,0.8
1614,I7_Quiescent_Continuous_State,S3_EVENT_TRIGGERED,0.15887833617786154,91.93266666666666,4.667,4.0,100.59966666666666,10.445333333333334,341.01666666666665,0.0535,6,21,1032,FAIL_BUDGET,29,5,-1,-1,0.0,0.0,0.0,0.996,0.92175
1614,I8_Quiescent_Discrete_Delay,S0_CONTINUOUS,0.31842579931660264,72.50166666666667,87.506,0.0,160.00766666666667,42.918,356.1936666666667,1.0,0,0,1016,FAIL_BUDGET,0,0,-1,-1,0.0,0.0,0.0,0.0,0.0
1614,I8_Quiescent_Discrete_Delay,S1_SHADOW_OFF,0.4622324154234572,58.0,0.0,0.0,58.0,7.0,290.0,0.0,0,0,904,PASS_BUDGET,0,0,-1,-1,0.0,0.0,0.0,1.0,1.0
1614,I8_Quiescent_Discrete_Delay,S2_PERIODIC,0.4637611099528446,58.50333333333333,17.509333333333334,0.0,76.01266666666666,13.480666666666666,302.38366666666667,0.2,0,0,1004,PASS_BUDGET,0,0,-1,-1,0.0,0.0,0.0,0.8,0.8
1614,I8_Quiescent_Discrete_Delay,S3_EVENT_TRIGGERED,0.2154526336785587,84.012,9.365666666666666,4.0,97.37766666666667,30.385666666666665,309.52866666666665,0.1115,13,19,1032,PASS_BUDGET,0,0,-1,-1,0.0,0.0,0.0,0.996,0.83475
1614,I9_Hybrid_Delay_Plus_Latent_State,S0_CONTINUOUS,0.19163435962646388,118.858,87.09466666666667,0.0,205.95266666666666,55.24433333333333,403.19533333333334,1.0,0,0,1064,FAIL_BUDGET,4376,8,-1,-1,0.0,0.32308198795283005,0.14052503979507647,0.0,0.0
1614,I9_Hybrid_Delay_Plus_Latent_State,S1_SHADOW_OFF,0.3664832450647573,58.0,0.0,0.0,58.0,7.0,290.0,0.0,0,0,904,PASS_BUDGET,0,0,-1,-1,0.0,0.0,0.0,0.0,0.0
1614,I9_Hybrid_Delay_Plus_Latent_State,S2_PERIODIC,0.2829489533094775,79.66833333333334,17.055666666666667,0.0,96.724,29.830333333333332,310.52366666666666,0.2,0,0,1020,PASS_BUDGET,10,5,-1,-1,0.0,0.18210582515172885,-0.0024521329827663597,0.0,0.0
1614,I9_Hybrid_Delay_Plus_Latent_State,S3_EVENT_TRIGGERED,0.29981076190137124,89.96033333333334,34.900666666666666,4.0,128.861,23.984666666666666,353.1313333333333,0.3923333333333333,47,4,1080,FAIL_BUDGET,1001,2,-1,-1,0.0,0.003124565122833104,0.10752368202650424,0.0,0.0
1614,I10_Redundant_Temporal_Structure,S0_CONTINUOUS,0.4235642839662361,92.361,88.963,0.0,181.324,34.61333333333334,397.69866666666667,1.0,0,0,1032,FAIL_BUDGET,220,29,-1,-1,0.0,0.0,0.0,0.0,0.0
1614,I10_Redundant_Temporal_Structure,S1_SHADOW_OFF,0.604836427986768,58.0,0.0,0.0,58.0,7.0,290.0,0.0,0,0,904,PASS_BUDGET,0,0,-1,-1,0.0,0.0,0.0,0.0,0.0
1614,I10_Redundant_Temporal_Structure,S2_PERIODIC,0.5443789436182545,72.29833333333333,17.593333333333334,0.0,89.89166666666667,17.944666666666667,316.057,0.2,0,0,1052,PASS_BUDGET,175,35,-1,-1,0.0,0.0,0.0,0.0,0.0
1614,I10_Redundant_Temporal_Structure,S3_EVENT_TRIGGERED,0.4256064686312367,92.11366666666666,57.988,4.0,154.10166666666666,27.018666666666668,376.7463333333333,0.65,78,0,1064,FAIL_BUDGET,95,8,-1,-1,0.0,0.0,0.0,0.0,0.0
1614,I11_Regime_Switch_Delay_To_Latent,S0_CONTINUOUS,0.17483615516742534,89.86066666666666,87.421,0.0,177.28166666666667,45.199333333333335,377.14666666666665,1.0,0,0,1032,FAIL_BUDGET,17,6,533,77,0.29518845791402104,0.0,0.0,0.0,0.0
1614,I11_Regime_Switch_Delay_To_Latent,S1_SHADOW_OFF,0.31703599250975917,58.0,0.0,0.0,58.0,7.0,290.0,0.0,0,0,904,PASS_BUDGET,0,0,-1,0,0.0,0.0,0.0,0.0,0.0
1614,I11_Regime_Switch_Delay_To_Latent,S2_PERIODIC,0.31953250474256434,59.461666666666666,17.507,0.0,76.96866666666666,13.980666666666666,303.034,0.2,0,0,988,PASS_BUDGET,0,0,-1,0,0.0,0.0,0.0,0.0,0.0
1614,I11_Regime_Switch_Delay_To_Latent,S3_EVENT_TRIGGERED,0.2877409285194235,70.25133333333333,26.166333333333334,4.0,100.41766666666666,18.377666666666666,323.092,0.30133333333333334,36,8,1016,FAIL_BUDGET,0,0,1395,0,0.0,0.0,0.0,0.0,0.0
1614,I12_Regime_Switch_Latent_To_Delay,S0_CONTINUOUS,0.20056264745048422,88.015,88.18166666666667,0.0,176.19666666666666,43.137,378.5036666666667,1.0,0,0,1016,FAIL_BUDGET,3,0,84,65,0.5546168151116249,0.0,0.0,0.0,0.0
1614,I12_Regime_Switch_Latent_To_Delay,S1_SHADOW_OFF,0.3402820779459582,58.0,0.0,0.0,58.0,7.0,290.0,0.0,0,0,904,PASS_BUDGET,0,0,-1,0,0.3073437673768269,0.0,0.0,0.0,0.0
1614,I12_Regime_Switch_Latent_To_Delay,S2_PERIODIC,0.2889976572960607,77.965,17.478666666666665,0.0,95.44366666666667,13.378333333333334,329.97266666666667,0.2,0,0,1004,PASS_BUDGET,0,0,1154,619,0.5663351515886891,0.0,0.0,0.0,0.0
1614,I12_Regime_Switch_Latent_To_Delay,S3_EVENT_TRIGGERED,0.21146426122674178,78.01566666666666,10.500333333333334,4.0,92.516,14.379333333333333,322.557,0.1195,14,17,1032,PASS_BUDGET,29,6,955,66,0.5463378278691271,0.0,0.0,0.0,0.0
1614,I13_Regime_Switch_Hybrid_To_Memoryless,S0_CONTINUOUS,0.20425127808824367,82.913,87.63266666666667,0.0,170.54566666666668,41.69133333333333,372.7543333333333,1.0,0,0,1064,FAIL_BUDGET,1420,6,-1,119,0.0,0.0,0.0,0.0,0.0
1614,I13_Regime_Switch_Hybrid_To_Memoryless,S1_SHADOW_OFF,0.2879976952126888,58.0,0.0,0.0,58.0,7.0,290.0,0.0,0,0,904,PASS_BUDGET,0,0,-1,0,0.0,0.0,0.0,0.0,0.0
1614,I13_Regime_Switch_Hybrid_To_Memoryless,S2_PERIODIC,0.279853384027302,63.946666666666665,17.163333333333334,0.0,81.11,17.548333333333332,304.3786666666667,0.2,0,0,1020,PASS_BUDGET,10,5,-1,629,0.0,0.0,0.0,0.0,0.0
1614,I13_Regime_Switch_Hybrid_To_Memoryless,S3_EVENT_TRIGGERED,0.26332908651662934,87.622,22.417666666666666,4.0,114.03966666666666,15.915333333333333,346.83866666666665,0.252,30,12,1032,FAIL_BUDGET,7,2,-1,-1,0.0,0.0,0.0,0.0,0.0
1614,I14_Intermittent_Hybrid,S0_CONTINUOUS,0.21115534156877264,87.675,87.88266666666667,0.0,175.55766666666668,40.56933333333333,381.37466666666666,1.0,0,0,1064,FAIL_BUDGET,1435,50,0,-1,0.270835207078963,0.0,0.0,0.0,0.0
1614,I14_Intermittent_Hybrid,S1_SHADOW_OFF,0.3194861763909323,58.0,0.0,0.0,58.0,7.0,290.0,0.0,0,0,904,PASS_BUDGET,0,0,-1,-1,0.5765404630098466,0.0,0.0,0.0,0.0
1614,I14_Intermittent_Hybrid,S2_PERIODIC,0.26660555859334756,72.70166666666667,17.521,0.0,90.22266666666667,22.455666666666666,310.754,0.2,0,0,1020,PASS_BUDGET,0,0,174,-1,0.36907400437563476,0.0,0.0,0.0,0.0
1614,I14_Intermittent_Hybrid,S3_EVENT_TRIGGERED,0.2528013184582312,86.58066666666667,16.663333333333334,4.0,107.244,14.024333333333333,341.68,0.19383333333333333,23,13,1032,FAIL_BUDGET,18,5,0,-1,0.4980638878033304,0.0,0.0,0.0,0.0
1615,I1_Memoryless_Linear,S0_CONTINUOUS,0.12798526694606613,59.62,72.236,0.0,131.856,24.947666666666667,347.25966666666665,1.0,0,0,984,FAIL_BUDGET,0,0,-1,-1,0.0,0.0,0.0,0.0,0.0
1615,I1_Memoryless_Linear,S1_SHADOW_OFF,0.12795161185597786,58.0,0.0,0.0,58.0,7.0,290.0,0.0,0,0,904,PASS_BUDGET,0,0,-1,-1,0.0,0.0,0.0,0.0,0.0
1615,I1_Memoryless_Linear,S2_PERIODIC,0.12795161185597786,58.0,13.989,0.0,71.989,11.329333333333333,300.86533333333335,0.2,0,0,940,PASS_BUDGET,0,0,-1,-1,0.0,0.0,0.0,0.0,0.0
1615,I1_Memoryless_Linear,S3_EVENT_TRIGGERED,0.12799213868947057,59.89266666666666,1.3353333333333333,4.0,65.228,9.264666666666667,293.74733333333336,0.0205,2,23,968,PASS_BUDGET,0,0,-1,-1,0.0,0.0,0.0,0.0,0.0
1615,I2_Static_Nonlinear_Negative_Control,S0_CONTINUOUS,1.065539147371638,60.286,88.66833333333334,0.0,148.95433333333332,34.45766666666667,352.4603333333333,1.0,0,0,1000,FAIL_BUDGET,0,0,-1,-1,0.0,0.0,0.0,0.0,0.0
1615,I2_Static_Nonlinear_Negative_Control,S1_SHADOW_OFF,1.0597646845120303,58.0,0.0,0.0,58.0,7.0,290.0,0.0,0,0,904,PASS_BUDGET,0,0,-1,-1,0.0,0.0,0.0,0.0,0.0
1615,I2_Static_Nonlinear_Negative_Control,S2_PERIODIC,1.0663612807647083,59.105,17.724333333333334,0.0,76.82933333333334,13.877333333333333,302.90233333333333,0.2,0,0,1004,PASS_BUDGET,0,0,-1,-1,0.0,0.0,0.0,0.0,0.0
1615,I2_Static_Nonlinear_Negative_Control,S3_EVENT_TRIGGERED,1.0638395036395198,62.01133333333333,54.068666666666665,4.0,120.08,25.695,331.878,0.6083333333333333,73,0,1032,FAIL_BUDGET,5,0,-1,-1,0.0,0.0,0.0,0.0,0.0
1615,I3_Single_Exact_Delay,S0_CONTINUOUS,0.43237512176006,63.039,88.93666666666667,0.0,151.97566666666665,36.68566666666667,353.27366666666666,1.0,0,0,1016,FAIL_BUDGET,0,0,-1,-1,0.0,0.0,0.0,0.0,0.0
1615,I3_Single_Exact_Delay,S1_SHADOW_OFF,0.457303620210726,58.0,0.0,0.0,58.0,7.0,290.0,0.0,0,0,904,PASS_BUDGET,0,0,-1,-1,0.0,0.0,0.0,0.0,0.0
1615,I3_Single_Exact_Delay,S2_PERIODIC,0.45862819635229524,58.5,17.71,0.0,76.21,13.815666666666667,302.1116666666667,0.2,0,0,972,PASS_BUDGET,0,0,-1,-1,0.0,0.0,0.0,0.0,0.0
1615,I3_Single_Exact_Delay,S3_EVENT_TRIGGERED,0.2257960082817902,83.47366666666667,16.211,4.0,103.68466666666667,33.309666666666665,312.29066666666665,0.18583333333333332,22,15,1032,FAIL_BUDGET,0,0,-1,-1,0.0,0.0,0.0,0.0,0.0
1615,I4_Multi_Sparse_Delay,S0_CONTINUOUS,0.533605636503177,86.56566666666667,88.065,0.0,174.63066666666666,49.415,366.982,1.0,0,0,1064,FAIL_BUDGET,446,24,-1,-1,0.0,0.0,0.0,0.0,0.0
1615,I4_Multi_Sparse_Delay,S1_SHADOW_OFF,0.6380031236802597,58.0,0.0,0.0,58.0,7.0,290.0,0.0,0,0,904,PASS_BUDGET,0,0,-1,-1,0.0,0.0,0.0,0.0,0.0
1615,I4_Multi_Sparse_Delay,S2_PERIODIC,0.5812761662012131,73.225,17.493,0.0,90.718,24.653333333333332,308.53366666666665,0.2,0,0,1020,PASS_BUDGET,0,0,-1,-1,0.0,0.0,0.0,0.0,0.0
1615,I4_Multi_Sparse_Delay,S3_EVENT_TRIGGERED,0.6254694470000037,71.97466666666666,73.821,4.0,149.79566666666668,36.327666666666666,352.63666666666666,0.8316666666666667,100,0,1080,FAIL_BUDGET,164,42,-1,-1,0.0,0.0,0.0,0.0,0.0
1615,I5_Moving_Delay_Support,S0_CONTINUOUS,0.1958969477601442,92.26433333333334,86.746,0.0,179.01033333333334,57.57533333333333,361.781,1.0,0,0,1016,FAIL_BUDGET,0,0,-1,-1,0.0,0.0,0.0,0.0,0.0
1615,I5_Moving_Delay_Support,S1_SHADOW_OFF,0.4451995123253796,58.0,0.0,0.0,58.0,7.0,290.0,0.0,0,0,904,PASS_BUDGET,0,0,-1,-1,0.0,0.0,0.0,0.0,0.0
1615,I5_Moving_Delay_Support,S2_PERIODIC,0.44608711103013754,58.28333333333333,17.611666666666668,0.0,75.895,13.601,302.004,0.2,0,0,972,PASS_BUDGET,0,0,-1,-1,0.0,0.0,0.0,0.0,0.0
1615,I5_Moving_Delay_Support,S3_EVENT_TRIGGERED,0.14731634680137745,68.39,5.892666666666667,4.0,78.28266666666667,18.94633333333333,298.19466666666665,0.07,8,20,1000,PASS_BUDGET,0,0,-1,-1,0.0,0.0,0.0,0.0,0.0
1615,I6_Continuous_Latent_State,S0_CONTINUOUS,0.1473601354474906,91.95266666666667,88.78166666666667,0.0,180.73433333333332,34.322,397.552,1.0,0,0,1000,FAIL_BUDGET,26,16,-1,-1,0.0,0.0,0.0,0.0,0.0
1615,I6_Continuous_Latent_State,S1_SHADOW_OFF,0.2763526111429979,58.0,0.0,0.0,58.0,7.0,290.0,0.0,0,0,904,PASS_BUDGET,0,0,-1,-1,0.0,0.0,0.0,0.0,0.0
1615,I6_Continuous_Latent_State,S2_PERIODIC,0.1553374837095331,90.86166666666666,17.58566666666667,0.0,108.44733333333333,13.887,347.58733333333333,0.2,0,0,1004,FAIL_BUDGET,20,15,-1,-1,0.0,0.0,0.0,0.0,0.0
1615,I6_Continuous_Latent_State,S3_EVENT_TRIGGERED,0.1479070126586455,91.88833333333334,3.908333333333333,4.0,99.79666666666667,10.174333333333333,340.5056666666667,0.04516666666666667,5,21,1016,PASS_BUDGET,1,0,-1,-1,0.0,0.0,0.0,0.0,0.0
1615,I7_Quiescent_Continuous_State,S0_CONTINUOUS,0.15861821141054053,81.71533333333333,84.39266666666667,0.0,166.108,31.742,381.6913333333333,1.0,0,0,1064,FAIL_BUDGET,33,3,-1,-1,0.0,0.0,0.0,0.0,0.0
1615,I7_Quiescent_Continuous_State,S1_SHADOW_OFF,0.29051620601034733,58.0,0.0,0.0,58.0,7.0,290.0,0.0,0,0,904,PASS_BUDGET,0,0,-1,-1,0.0,0.0,0.0,1.0,1.0
1615,I7_Quiescent_Continuous_State,S2_PERIODIC,0.22477701608913067,74.15333333333334,17.532666666666668,0.0,91.686,13.867333333333333,323.9773333333333,0.2,0,0,1004,PASS_BUDGET,0,0,-1,-1,0.0,0.0,0.0,0.8,0.8
1615,I7_Quiescent_Continuous_State,S3_EVENT_TRIGGERED,0.15862692136588585,91.88833333333334,4.639,4.0,100.52733333333333,10.397333333333334,341.0006666666667,0.0535,6,21,1016,FAIL_BUDGET,1,0,-1,-1,0.0,0.0,0.0,0.996,0.92175
1615,I8_Quiescent_Discrete_Delay,S0_CONTINUOUS,0.3263415445434766,72.80066666666667,86.601,0.0,159.40166666666667,42.613,356.248,1.0,0,0,1016,FAIL_BUDGET,0,0,-1,-1,0.0,0.0,0.0,0.0,0.0
1615,I8_Quiescent_Discrete_Delay,S1_SHADOW_OFF,0.4645018710340755,58.0,0.0,0.0,58.0,7.0,290.0,0.0,0,0,904,PASS_BUDGET,0,0,-1,-1,0.0,0.0,0.0,1.0,1.0
1615,I8_Quiescent_Discrete_Delay,S2_PERIODIC,0.39363715130942956,64.58333333333333,17.568666666666665,0.0,82.152,18.502333333333333,304.45633333333336,0.2,0,0,1020,PASS_BUDGET,0,0,-1,-1,0.0,0.0,0.0,0.8,0.8
1615,I8_Quiescent_Discrete_Delay,S3_EVENT_TRIGGERED,0.29737674046004464,76.527,18.373666666666665,4.0,98.90066666666667,28.329,310.94466666666665,0.21066666666666667,25,14,1032,PASS_BUDGET,0,0,-1,-1,0.0,0.0,0.0,0.996,0.686
1615,I9_Hybrid_Delay_Plus_Latent_State,S0_CONTINUOUS,0.2185719307048416,112.36333333333333,87.67566666666667,0.0,200.039,52.55433333333333,398.6693333333333,1.0,0,0,1064,FAIL_BUDGET,3616,17,-1,-1,0.0,0.25048169296519895,0.09759368626476199,0.0,0.0
1615,I9_Hybrid_Delay_Plus_Latent_State,S1_SHADOW_OFF,0.3611945764785786,58.0,0.0,0.0,58.0,7.0,290.0,0.0,0,0,904,PASS_BUDGET,0,0,-1,-1,0.0,0.0,0.0,0.0,0.0
1615,I9_Hybrid_Delay_Plus_Latent_State,S2_PERIODIC,0.20580877614877044,90.83666666666667,17.252666666666666,0.0,108.08933333333333,38.026,315.8643333333333,0.2,0,0,1020,FAIL_BUDGET,75,20,-1,-1,0.0,0.4308296042208492,-0.0066340004365057085,0.0,0.0
1615,I9_Hybrid_Delay_Plus_Latent_State,S3_EVENT_TRIGGERED,0.26702810218376566,96.09166666666667,28.589666666666666,4.0,128.68133333333333,23.199,356.062,0.326,39,6,1080,FAIL_BUDGET,1813,3,-1,-1,0.0,0.03377624130446451,0.14462285797072824,0.0,0.0
1615,I10_Redundant_Temporal_Structure,S0_CONTINUOUS,0.3696958772311059,111.46766666666667,88.043,0.0,199.51066666666668,51.586333333333336,399.135,1.0,0,0,1064,FAIL_BUDGET,2882,20,-1,-1,0.0,0.0,0.0,0.0,0.0
1615,I10_Redundant_Temporal_Structure,S1_SHADOW_OFF,0.6011392486534173,58.0,0.0,0.0,58.0,7.0,290.0,0.0,0,0,904,PASS_BUDGET,0,0,-1,-1,0.0,0.0,0.0,0.0,0.0
1615,I10_Redundant_Temporal_Structure,S2_PERIODIC,0.5385931592339366,76.445,17.356,0.0,93.801,26.873333333333335,310.08433333333335,0.2,0,0,1020,PASS_BUDGET,60,10,-1,-1,0.0,0.0,0.0,0.0,0.0
1615,I10_Redundant_Temporal_Structure,S3_EVENT_TRIGGERED,0.42980696131710766,92.05166666666666,56.448,4.0,152.49966666666666,26.564333333333334,375.648,0.6333333333333333,76,0,1048,FAIL_BUDGET,130,7,-1,-1,0.0,0.0,0.0,0.0,0.0
1615,I11_Regime_Switch_Delay_To_Latent,S0_CONTINUOUS,0.18864000910897807,89.43133333333333,88.07466666666667,0.0,177.506,43.942,379.24333333333334,1.0,0,0,1016,FAIL_BUDGET,7,5,165,91,0.20995032141558473,0.0,0.0,0.0,0.0
1615,I11_Regime_Switch_Delay_To_Latent,S1_SHADOW_OFF,0.319846153355965,58.0,0.0,0.0,58.0,7.0,290.0,0.0,0,0,904,PASS_BUDGET,0,0,-1,0,0.0,0.0,0.0,0.0,0.0
1615,I11_Regime_Switch_Delay_To_Latent,S2_PERIODIC,0.32045654763485176,58.31666666666667,17.451666666666668,0.0,75.76833333333333,13.543666666666667,301.9753333333333,0.2,0,0,956,PASS_BUDGET,0,0,-1,0,0.0,0.0,0.0,0.0,0.0
1615,I11_Regime_Switch_Delay_To_Latent,S3_EVENT_TRIGGERED,0.2820288955176772,72.99,20.171,4.0,97.161,15.288333333333334,324.55066666666664,0.23483333333333334,28,9,1016,PASS_BUDGET,0,0,490,0,0.0,0.0,0.0,0.0,0.0
1615,I12_Regime_Switch_Latent_To_Delay,S0_CONTINUOUS,0.17062045417022054,90.12433333333334,87.94066666666667,0.0,178.065,44.66833333333334,378.94433333333336,1.0,0,0,1016,FAIL_BUDGET,41,27,240,13,0.5393136097640334,0.0,0.0,0.0,0.0
1615,I12_Regime_Switch_Latent_To_Delay,S1_SHADOW_OFF,0.32723464599650426,58.0,0.0,0.0,58.0,7.0,290.0,0.0,0,0,904,PASS_BUDGET,0,0,-1,0,0.3029635246083633,0.0,0.0,0.0,0.0
1615,I12_Regime_Switch_Latent_To_Delay,S2_PERIODIC,0.29489499643896383,78.5,17.555333333333333,0.0,96.05533333333334,16.514666666666667,326.6616666666667,0.2,0,0,1020,PASS_BUDGET,0,0,1059,829,0.5402134562986083,0.0,0.0,0.0,0.0
1615,I12_Regime_Switch_Latent_To_Delay,S3_EVENT_TRIGGERED,0.2714815335224857,75.24966666666667,23.065666666666665,4.0,102.31533333333333,16.10333333333333,329.81266666666664,0.26,31,10,1016,FAIL_BUDGET,1,0,2005,56,0.5336862769210007,0.0,0.0,0.0,0.0
1615,I13_Regime_Switch_Hybrid_To_Memoryless,S0_CONTINUOUS,0.23127148959472063,77.975,87.686,0.0,165.661,38.63733333333333,370.405,1.0,0,0,1064,FAIL_BUDGET,955,0,-1,87,0.0,0.0,0.0,0.0,0.0
1615,I13_Regime_Switch_Hybrid_To_Memoryless,S1_SHADOW_OFF,0.287559387538542,58.0,0.0,0.0,58.0,7.0,290.0,0.0,0,0,904,PASS_BUDGET,0,0,-1,0,0.0,0.0,0.0,0.0,0.0
1615,I13_Regime_Switch_Hybrid_To_Memoryless,S2_PERIODIC,0.20812392856446732,75.03666666666666,17.356,0.0,92.39266666666667,25.690666666666665,309.69266666666664,0.2,0,0,1020,PASS_BUDGET,75,20,-1,629,0.0,0.0,0.0,0.0,0.0
1615,I13_Regime_Switch_Hybrid_To_Memoryless,S3_EVENT_TRIGGERED,0.2537374416101993,91.293,19.811333333333334,4.0,115.10433333333333,15.040333333333333,350.40233333333333,0.227,27,12,1032,FAIL_BUDGET,21,3,-1,-1,0.0,0.0,0.0,0.0,0.0
1615,I14_Intermittent_Hybrid,S0_CONTINUOUS,0.2183263774306455,82.92666666666666,88.48133333333334,0.0,171.408,38.427,378.4596666666667,1.0,0,0,1064,FAIL_BUDGET,133,11,0,-1,0.48648602543727343,0.0,0.0,0.0,0.0
1615,I14_Intermittent_Hybrid,S1_SHADOW_OFF,0.30427664406560945,58.0,0.0,0.0,58.0,7.0,290.0,0.0,0,0,904,PASS_BUDGET,0,0,-1,-1,0.5738502639177123,0.0,0.0,0.0,0.0
1615,I14_Intermittent_Hybrid,S2_PERIODIC,0.25096391615032687,84.31,17.52166666666667,0.0,101.83166666666666,13.356,339.00166666666667,0.2,0,0,1004,FAIL_BUDGET,0,0,0,-1,0.48413161923618814,0.0,0.0,0.0,0.0
1615,I14_Intermittent_Hybrid,S3_EVENT_TRIGGERED,0.23329733829064325,100.88066666666667,14.841333333333333,4.0,119.722,28.626,341.2866666666667,0.16916666666666666,20,15,1080,FAIL_BUDGET,3864,3,0,-1,0.6689407775928543,0.0,0.0,0.0,0.0
1616,I1_Memoryless_Linear,S0_CONTINUOUS,0.12339823619158478,59.69166666666667,78.288,0.0,137.97966666666667,28.932,349.2563333333333,1.0,0,0,968,FAIL_BUDGET,0,0,-1,-1,0.0,0.0,0.0,0.0,0.0
1616,I1_Memoryless_Linear,S1_SHADOW_OFF,0.12331358646067661,58.0,0.0,0.0,58.0,7.0,290.0,0.0,0,0,904,PASS_BUDGET,0,0,-1,-1,0.0,0.0,0.0,0.0,0.0
1616,I1_Memoryless_Linear,S2_PERIODIC,0.12331358646067661,58.0,13.302,0.0,71.302,10.800666666666666,300.60066666666665,0.2,0,0,924,PASS_BUDGET,0,0,-1,-1,0.0,0.0,0.0,0.0,0.0
1616,I1_Memoryless_Linear,S3_EVENT_TRIGGERED,0.12381624323341431,59.541333333333334,0.7786666666666666,4.0,64.32,9.146,292.8086666666667,0.012166666666666666,1,23,968,PASS_BUDGET,0,0,-1,-1,0.0,0.0,0.0,0.0,0.0
1616,I2_Static_Nonlinear_Negative_Control,S0_CONTINUOUS,1.0546397418227282,59.92066666666667,88.80166666666666,0.0,148.72233333333332,34.416666666666664,352.17533333333336,1.0,0,0,1000,FAIL_BUDGET,0,0,-1,-1,0.0,0.0,0.0,0.0,0.0
1616,I2_Static_Nonlinear_Negative_Control,S1_SHADOW_OFF,1.0474298998052674,58.0,0.0,0.0,58.0,7.0,290.0,0.0,0,0,904,PASS_BUDGET,0,0,-1,-1,0.0,0.0,0.0,0.0,0.0
1616,I2_Static_Nonlinear_Negative_Control,S2_PERIODIC,1.0483231799416834,60.3,17.584666666666667,0.0,77.88466666666666,13.399,305.103,0.2,0,0,1004,PASS_BUDGET,20,15,-1,-1,0.0,0.0,0.0,0.0,0.0
1616,I2_Static_Nonlinear_Negative_Control,S3_EVENT_TRIGGERED,1.0553705937796194,59.95033333333333,55.726,4.0,119.67633333333333,26.266,329.947,0.6251666666666666,76,0,1016,FAIL_BUDGET,0,0,-1,-1,0.0,0.0,0.0,0.0,0.0
1616,I3_Single_Exact_Delay,S0_CONTINUOUS,0.2829611282581527,78.65733333333333,87.593,0.0,166.25033333333334,47.574666666666666,358.09866666666665,1.0,0,0,1016,FAIL_BUDGET,0,0,-1,-1,0.0,0.0,0.0,0.0,0.0
1616,I3_Single_Exact_Delay,S1_SHADOW_OFF,0.427590817035217,58.0,0.0,0.0,58.0,7.0,290.0,0.0,0,0,904,PASS_BUDGET,0,0,-1,-1,0.0,0.0,0.0,0.0,0.0
1616,I3_Single_Exact_Delay,S2_PERIODIC,0.2744083670151667,77.00333333333333,16.933,0.0,93.93633333333334,27.917666666666666,309.16633333333334,0.2,0,0,1020,PASS_BUDGET,0,0,-1,-1,0.0,0.0,0.0,0.0,0.0
1616,I3_Single_Exact_Delay,S3_EVENT_TRIGGERED,0.1714027304328492,91.984,8.839666666666666,4.0,104.82366666666667,38.63633333333333,309.60766666666666,0.103,12,18,1032,FAIL_BUDGET,0,0,-1,-1,0.0,0.0,0.0,0.0,0.0
1616,I4_Multi_Sparse_Delay,S0_CONTINUOUS,0.579423264841684,74.166,88.69566666666667,0.0,162.86166666666668,40.548,362.95633333333336,1.0,0,0,1064,FAIL_BUDGET,588,12,-1,-1,0.0,0.0,0.0,0.0,0.0
1616,I4_Multi_Sparse_Delay,S1_SHADOW_OFF,0.6151768764591938,58.0,0.0,0.0,58.0,7.0,290.0,0.0,0,0,904,PASS_BUDGET,0,0,-1,-1,0.0,0.0,0.0,0.0,0.0
1616,I4_Multi_Sparse_Delay,S2_PERIODIC,0.6195932784904199,63.18333333333333,17.745,0.0,80.92833333333333,15.478666666666667,306.54333333333335,0.2,0,0,1020,PASS_BUDGET,0,0,-1,-1,0.0,0.0,0.0,0.0,0.0
1616,I4_Multi_Sparse_Delay,S3_EVENT_TRIGGERED,0.6065415699328017,68.36733333333333,72.43066666666667,4.0,144.798,33.964666666666666,349.31166666666667,0.8148333333333333,98,0,1080,FAIL_BUDGET,57,6,-1,-1,0.0,0.0,0.0,0.0,0.0
1616,I5_Moving_Delay_Support,S0_CONTINUOUS,0.14588395773193125,97.05666666666667,86.636,0.0,183.69266666666667,60.278333333333336,364.70533333333333,1.0,0,0,1016,FAIL_BUDGET,0,0,-1,-1,0.0,0.0,0.0,0.0,0.0
1616,I5_Moving_Delay_Support,S1_SHADOW_OFF,0.43539217680554354,58.0,0.0,0.0,58.0,7.0,290.0,0.0,0,0,904,PASS_BUDGET,0,0,-1,-1,0.0,0.0,0.0,0.0,0.0
1616,I5_Moving_Delay_Support,S2_PERIODIC,0.4207462153790911,64.49666666666667,17.574,0.0,82.07066666666667,16.912666666666667,306.421,0.2,0,0,1020,PASS_BUDGET,0,0,-1,-1,0.0,0.0,0.0,0.0,0.0
1616,I5_Moving_Delay_Support,S3_EVENT_TRIGGERED,0.3134886012367797,66.528,26.174666666666667,4.0,96.70266666666667,23.44633333333333,311.386,0.30133333333333334,36,8,1000,PASS_BUDGET,0,0,-1,-1,0.0,0.0,0.0,0.0,0.0
1616,I6_Continuous_Latent_State,S0_CONTINUOUS,0.13616193946903252,91.94933333333333,88.82933333333334,0.0,180.77866666666668,34.346333333333334,397.565,1.0,0,0,1032,FAIL_BUDGET,15,5,-1,-1,0.0,0.0,0.0,0.0,0.0
1616,I6_Continuous_Latent_State,S1_SHADOW_OFF,0.2646644926720587,58.0,0.0,0.0,58.0,7.0,290.0,0.0,0,0,904,PASS_BUDGET,0,0,-1,-1,0.0,0.0,0.0,0.0,0.0
1616,I6_Continuous_Latent_State,S2_PERIODIC,0.1396229848484253,91.79,17.572333333333333,0.0,109.36233333333334,13.699,349.133,0.2,0,0,1020,FAIL_BUDGET,241,150,-1,-1,0.0,0.0,0.0,0.0,0.0
1616,I6_Continuous_Latent_State,S3_EVENT_TRIGGERED,0.13763729196850366,91.64866666666667,6.082333333333334,4.0,101.731,10.844333333333333,341.63966666666664,0.06983333333333333,8,19,1016,FAIL_BUDGET,0,0,-1,-1,0.0,0.0,0.0,0.0,0.0
1616,I7_Quiescent_Continuous_State,S0_CONTINUOUS,0.14375228123448522,81.28466666666667,84.77366666666667,0.0,166.05833333333334,31.908333333333335,381.2866666666667,1.0,0,0,1032,FAIL_BUDGET,15,5,-1,-1,0.0,0.0,0.0,0.0,0.0
1616,I7_Quiescent_Continuous_State,S1_SHADOW_OFF,0.271529904023978,58.0,0.0,0.0,58.0,7.0,290.0,0.0,0,0,904,PASS_BUDGET,0,0,-1,-1,0.0,0.0,0.0,1.0,1.0
1616,I7_Quiescent_Continuous_State,S2_PERIODIC,0.15454996911859006,85.07,17.367333333333335,0.0,102.43733333333333,13.669666666666666,339.47833333333335,0.2,0,0,1020,FAIL_BUDGET,330,270,-1,-1,0.0,0.0,0.0,0.8,0.8
1616,I7_Quiescent_Continuous_State,S3_EVENT_TRIGGERED,0.14572802902536433,91.64866666666667,6.824333333333334,4.0,102.473,11.072333333333333,342.13733333333334,0.07816666666666666,9,19,1016,FAIL_BUDGET,0,0,-1,-1,0.0,0.0,0.0,0.996,0.88475
1616,I8_Quiescent_Discrete_Delay,S0_CONTINUOUS,0.4440656117656934,59.495666666666665,85.62766666666667,0.0,145.12333333333333,32.571666666666665,350.5706666666667,1.0,0,0,1000,FAIL_BUDGET,0,0,-1,-1,0.0,0.0,0.0,0.0,0.0
1616,I8_Quiescent_Discrete_Delay,S1_SHADOW_OFF,0.44007163456442966,58.0,0.0,0.0,58.0,7.0,290.0,0.0,0,0,904,PASS_BUDGET,0,0,-1,-1,0.0,0.0,0.0,1.0,1.0
1616,I8_Quiescent_Discrete_Delay,S2_PERIODIC,0.44238316461668986,58.36666666666667,17.108,0.0,75.47466666666666,13.396333333333333,301.90166666666664,0.2,0,0,972,PASS_BUDGET,0,0,-1,-1,0.0,0.0,0.0,0.8,0.8
1616,I8_Quiescent_Discrete_Delay,S3_EVENT_TRIGGERED,0.20822935198422607,91.984,11.712333333333333,4.0,107.69633333333333,39.40533333333333,311.512,0.136,16,16,1032,FAIL_BUDGET,0,0,-1,-1,0.0,0.0,0.0,0.996,0.798
1616,I9_Hybrid_Delay_Plus_Latent_State,S0_CONTINUOUS,0.19314752743224198,117.71066666666667,87.76833333333333,0.0,205.479,52.79366666666667,405.91766666666666,1.0,0,0,1064,FAIL_BUDGET,4047,4,-1,-1,0.0,0.2753111839709335,0.14596280041614657,0.0,0.0
1616,I9_Hybrid_Delay_Plus_Latent_State,S1_SHADOW_OFF,0.357531966760575,58.0,0.0,0.0,58.0,7.0,290.0,0.0,0,0,904,PASS_BUDGET,0,0,-1,-1,0.0,0.0,0.0,0.0,0.0
1616,I9_Hybrid_Delay_Plus_Latent_State,S2_PERIODIC,0.31505882438528904,68.74166666666666,16.879666666666665,0.0,85.62133333333334,21.027666666666665,306.31933333333336,0.2,0,0,1020,PASS_BUDGET,0,0,-1,-1,0.0,0.059325860211678294,-0.004539885096653578,0.0,0.0
1616,I9_Hybrid_Delay_Plus_Latent_State,S3_EVENT_TRIGGERED,0.2544517669432695,96.772,27.317,4.0,128.089,29.555666666666667,347.4596666666667,0.30933333333333335,37,6,1080,FAIL_BUDGET,1238,11,-1,-1,0.0,0.09778367449243917,0.07614804791046383,0.0,0.0
1616,I10_Redundant_Temporal_Structure,S0_CONTINUOUS,0.4203752495787508,92.721,89.24733333333333,0.0,181.96833333333333,34.999,397.891,1.0,0,0,1048,FAIL_BUDGET,373,53,-1,-1,0.0,0.0,0.0,0.0,0.0
1616,I10_Redundant_Temporal_Structure,S1_SHADOW_OFF,0.5932666187255874,58.0,0.0,0.0,58.0,7.0,290.0,0.0,0,0,904,PASS_BUDGET,0,0,-1,-1,0.0,0.0,0.0,0.0,0.0
1616,I10_Redundant_Temporal_Structure,S2_PERIODIC,0.581783306234222,60.79666666666667,17.733,0.0,78.52966666666667,15.061333333333334,303.69466666666665,0.2,0,0,1020,PASS_BUDGET,0,0,-1,-1,0.0,0.0,0.0,0.0,0.0
1616,I10_Redundant_Temporal_Structure,S3_EVENT_TRIGGERED,0.4145049941512943,91.62133333333334,51.425,4.0,147.04633333333334,26.097,370.20033333333333,0.5761666666666667,70,0,1032,FAIL_BUDGET,37,6,-1,-1,0.0,0.0,0.0,0.0,0.0
1616,I11_Regime_Switch_Delay_To_Latent,S0_CONTINUOUS,0.18165908464269637,88.745,87.96066666666667,0.0,176.70566666666667,43.865,378.309,1.0,0,0,1016,FAIL_BUDGET,0,0,285,85,0.22449838283057194,0.0,0.0,0.0,0.0
1616,I11_Regime_Switch_Delay_To_Latent,S1_SHADOW_OFF,0.3070183366742295,58.0,0.0,0.0,58.0,7.0,290.0,0.0,0,0,904,PASS_BUDGET,0,0,-1,0,0.0,0.0,0.0,0.0,0.0
1616,I11_Regime_Switch_Delay_To_Latent,S2_PERIODIC,0.3069916780866332,58.27166666666667,17.401333333333334,0.0,75.673,13.400333333333334,302.0636666666667,0.2,0,0,1004,PASS_BUDGET,0,0,1569,0,0.0,0.0,0.0,0.0,0.0
1616,I11_Regime_Switch_Delay_To_Latent,S3_EVENT_TRIGGERED,0.13923183398288924,78.79533333333333,4.222666666666667,4.0,87.018,14.673333333333334,316.60266666666666,0.0535,6,21,1016,PASS_BUDGET,6,0,59,308,0.27170453882608303,0.0,0.0,0.0,0.0
1616,I12_Regime_Switch_Latent_To_Delay,S0_CONTINUOUS,0.14300597587454625,93.76466666666667,87.31066666666666,0.0,181.07533333333333,47.03766666666667,380.07666666666665,1.0,0,0,1016,FAIL_BUDGET,39,25,128,17,0.187311742967872,0.0,0.0,0.0,0.0
1616,I12_Regime_Switch_Latent_To_Delay,S1_SHADOW_OFF,0.3124051465571414,58.0,0.0,0.0,58.0,7.0,290.0,0.0,0,0,904,PASS_BUDGET,0,0,-1,0,0.27356752654993277,0.0,0.0,0.0,0.0
1616,I12_Regime_Switch_Latent_To_Delay,S2_PERIODIC,0.2645989289891289,79.22166666666666,17.587666666666667,0.0,96.80933333333333,13.376666666666667,331.852,0.2,0,0,1004,PASS_BUDGET,0,0,-1,859,0.549688427681496,0.0,0.0,0.0,0.0
1616,I12_Regime_Switch_Latent_To_Delay,S3_EVENT_TRIGGERED,0.2630135611414246,74.79366666666667,24.529666666666667,4.0,103.32333333333334,16.551666666666666,330.1716666666667,0.27666666666666667,33,10,1016,FAIL_BUDGET,0,0,1603,18,0.5404674903510402,0.0,0.0,0.0,0.0
1616,I13_Regime_Switch_Hybrid_To_Memoryless,S0_CONTINUOUS,0.2059072123093398,81.411,87.86533333333334,0.0,169.27633333333333,38.89266666666666,375.046,1.0,0,0,1064,FAIL_BUDGET,1059,4,-1,93,0.0,0.0,0.0,0.0,0.0
1616,I13_Regime_Switch_Hybrid_To_Memoryless,S1_SHADOW_OFF,0.27217267056403466,58.0,0.0,0.0,58.0,7.0,290.0,0.0,0,0,904,PASS_BUDGET,0,0,-1,0,0.0,0.0,0.0,0.0,0.0
1616,I13_Regime_Switch_Hybrid_To_Memoryless,S2_PERIODIC,0.2716435176971183,58.63333333333333,16.997,0.0,75.63033333333334,13.173,302.38966666666664,0.2,0,0,972,PASS_BUDGET,0,0,-1,0,0.0,0.0,0.0,0.0,0.0
1616,I13_Regime_Switch_Hybrid_To_Memoryless,S3_EVENT_TRIGGERED,0.2497516658466914,88.27666666666667,20.047,4.0,112.32366666666667,15.153333333333334,346.23533333333336,0.22683333333333333,27,11,1032,FAIL_BUDGET,7,4,-1,-1,0.0,0.0,0.0,0.0,0.0
1616,I14_Intermittent_Hybrid,S0_CONTINUOUS,0.21254318400133532,81.73466666666667,88.357,0.0,170.09166666666667,37.37833333333333,378.14933333333335,1.0,0,0,1064,FAIL_BUDGET,143,7,0,-1,0.5393183393045067,0.0,0.0,0.0,0.0
1616,I14_Intermittent_Hybrid,S1_SHADOW_OFF,0.2924634499786134,58.0,0.0,0.0,58.0,7.0,290.0,0.0,0,0,904,PASS_BUDGET,0,0,-1,-1,0.5753132358477067,0.0,0.0,0.0,0.0
1616,I14_Intermittent_Hybrid,S2_PERIODIC,0.24204231011154925,84.83666666666667,17.243666666666666,0.0,102.08033333333333,15.507,336.598,0.2,0,0,1004,FAIL_BUDGET,0,0,0,-1,0.4501552713967809,0.0,0.0,0.0,0.0
1616,I14_Intermittent_Hybrid,S3_EVENT_TRIGGERED,0.24927158219345733,83.73633333333333,19.035,4.0,106.77133333333333,14.825,339.159,0.21883333333333332,26,13,1048,FAIL_BUDGET,28,6,0,-1,0.7272473438595254,0.0,0.0,0.0,0.0
1617,I1_Memoryless_Linear,S0_CONTINUOUS,0.12751445461828334,59.48466666666667,69.95166666666667,0.0,129.43633333333332,23.363333333333333,346.2816666666667,1.0,0,0,952,FAIL_BUDGET,0,0,-1,-1,0.0,0.0,0.0,0.0,0.0
1617,I1_Memoryless_Linear,S1_SHADOW_OFF,0.12797792848988382,58.0,0.0,0.0,58.0,7.0,290.0,0.0,0,0,904,PASS_BUDGET,0,0,-1,-1,0.0,0.0,0.0,0.0,0.0
1617,I1_Memoryless_Linear,S2_PERIODIC,0.12797792848988382,58.0,13.051,0.0,71.051,10.600333333333333,300.50033333333334,0.2,0,0,924,PASS_BUDGET,0,0,-1,-1,0.0,0.0,0.0,0.0,0.0
1617,I1_Memoryless_Linear,S3_EVENT_TRIGGERED,0.12767764622789526,91.779,0.8986666666666666,4.0,96.67766666666667,9.242,338.3686666666667,0.012166666666666666,1,23,984,PASS_BUDGET,0,0,-1,-1,0.0,0.0,0.0,0.0,0.0
1617,I2_Static_Nonlinear_Negative_Control,S0_CONTINUOUS,1.0448689347988627,58.707,88.85266666666666,0.0,147.55966666666666,34.46366666666667,350.375,1.0,0,0,1000,FAIL_BUDGET,0,0,-1,-1,0.0,0.0,0.0,0.0,0.0
1617,I2_Static_Nonlinear_Negative_Control,S1_SHADOW_OFF,1.0367480712164387,58.0,0.0,0.0,58.0,7.0,290.0,0.0,0,0,904,PASS_BUDGET,0,0,-1,-1,0.0,0.0,0.0,0.0,0.0
1617,I2_Static_Nonlinear_Negative_Control,S2_PERIODIC,1.0374522566400206,58.18333333333333,17.465666666666667,0.0,75.649,13.447,301.927,0.2,0,0,972,PASS_BUDGET,0,0,-1,-1,0.0,0.0,0.0,0.0,0.0
1617,I2_Static_Nonlinear_Negative_Control,S3_EVENT_TRIGGERED,1.040388292453059,59.52166666666667,57.52166666666667,4.0,121.04333333333334,26.891,330.458,0.65,78,0,1080,FAIL_BUDGET,14,3,-1,-1,0.0,0.0,0.0,0.0,0.0
1617,I3_Single_Exact_Delay,S0_CONTINUOUS,0.14195878499677855,97.774,86.47766666666666,0.0,184.25166666666667,61.291,364.10133333333334,1.0,0,0,1016,FAIL_BUDGET,111,11,-1,-1,0.0,0.0,0.0,0.0,0.0
1617,I3_Single_Exact_Delay,S1_SHADOW_OFF,0.4560828793677061,58.0,0.0,0.0,58.0,7.0,290.0,0.0,0,0,904,PASS_BUDGET,0,0,-1,-1,0.0,0.0,0.0,0.0,0.0
1617,I3_Single_Exact_Delay,S2_PERIODIC,0.14816074076645283,93.29666666666667,16.618333333333332,0.0,109.915,40.416666666666664,315.58,0.2,0,0,1020,FAIL_BUDGET,0,0,-1,-1,0.0,0.0,0.0,0.0,0.0
1617,I3_Single_Exact_Delay,S3_EVENT_TRIGGERED,0.2008695875709277,67.58966666666667,12.327666666666667,4.0,83.91733333333333,19.60033333333333,303.1736666666667,0.14466666666666667,17,18,1016,PASS_BUDGET,0,0,-1,-1,0.0,0.0,0.0,0.0,0.0
1617,I4_Multi_Sparse_Delay,S0_CONTINUOUS,0.5783464911258567,77.443,88.405,0.0,165.848,43.894,362.4596666666667,1.0,0,0,1064,FAIL_BUDGET,380,15,-1,-1,0.0,0.0,0.0,0.0,0.0
1617,I4_Multi_Sparse_Delay,S1_SHADOW_OFF,0.6223903753066611,58.0,0.0,0.0,58.0,7.0,290.0,0.0,0,0,904,PASS_BUDGET,0,0,-1,-1,0.0,0.0,0.0,0.0,0.0
1617,I4_Multi_Sparse_Delay,S2_PERIODIC,0.6125579090602676,64.60666666666667,17.487666666666666,0.0,82.09433333333334,18.394666666666666,304.482,0.2,0,0,1020,PASS_BUDGET,0,0,-1,-1,0.0,0.0,0.0,0.0,0.0
1617,I4_Multi_Sparse_Delay,S3_EVENT_TRIGGERED,0.6263794934009085,64.188,74.90766666666667,4.0,143.09566666666666,32.486666666666665,348.241,0.8396666666666667,101,0,1032,FAIL_BUDGET,31,6,-1,-1,0.0,0.0,0.0,0.0,0.0
1617,I5_Moving_Delay_Support,S0_CONTINUOUS,0.45411242447627037,58.54666666666667,88.82933333333334,0.0,147.376,34.522333333333336,350.0203333333333,1.0,0,0,1000,FAIL_BUDGET,0,0,-1,-1,0.0,0.0,0.0,0.0,0.0
1617,I5_Moving_Delay_Support,S1_SHADOW_OFF,0.4512591984503333,58.0,0.0,0.0,58.0,7.0,290.0,0.0,0,0,904,PASS_BUDGET,0,0,-1,-1,0.0,0.0,0.0,0.0,0.0
1617,I5_Moving_Delay_Support,S2_PERIODIC,0.4539023800028152,58.876666666666665,17.466666666666665,0.0,76.34333333333333,13.895666666666667,302.27133333333336,0.2,0,0,1004,PASS_BUDGET,0,0,-1,-1,0.0,0.0,0.0,0.0,0.0
1617,I5_Moving_Delay_Support,S3_EVENT_TRIGGERED,0.30423434240871217,65.118,25.821,4.0,94.939,21.168333333333333,311.959,0.29333333333333333,35,10,1016,PASS_BUDGET,0,0,-1,-1,0.0,0.0,0.0,0.0,0.0
1617,I6_Continuous_Latent_State,S0_CONTINUOUS,0.14830409315806892,91.81466666666667,88.988,0.0,180.80266666666665,34.422,397.38666666666666,1.0,0,0,1016,FAIL_BUDGET,35,16,-1,-1,0.0,0.0,0.0,0.0,0.0
1617,I6_Continuous_Latent_State,S1_SHADOW_OFF,0.27238761608336265,58.0,0.0,0.0,58.0,7.0,290.0,0.0,0,0,904,PASS_BUDGET,0,0,-1,-1,0.0,0.0,0.0,0.0,0.0
1617,I6_Continuous_Latent_State,S2_PERIODIC,0.15433379929036573,90.52333333333333,17.14666666666667,0.0,107.67,13.128333333333334,347.6476666666667,0.2,0,0,1004,FAIL_BUDGET,15,10,-1,-1,0.0,0.0,0.0,0.0,0.0
1617,I6_Continuous_Latent_State,S3_EVENT_TRIGGERED,0.14824445566107847,91.75966666666666,5.906666666666666,4.0,101.66633333333333,10.741333333333333,341.74,0.06983333333333333,8,19,1016,FAIL_BUDGET,2,0,-1,-1,0.0,0.0,0.0,0.0,0.0
1617,I7_Quiescent_Continuous_State,S0_CONTINUOUS,0.1524369426314988,80.94866666666667,85.21266666666666,0.0,166.16133333333335,32.278333333333336,381.0396666666667,1.0,0,0,1016,FAIL_BUDGET,6,6,-1,-1,0.0,0.0,0.0,0.0,0.0
1617,I7_Quiescent_Continuous_State,S1_SHADOW_OFF,0.2693703592688549,58.0,0.0,0.0,58.0,7.0,290.0,0.0,0,0,904,PASS_BUDGET,0,0,-1,-1,0.0,0.0,0.0,1.0,1.0
1617,I7_Quiescent_Continuous_State,S2_PERIODIC,0.1706095565123405,81.91833333333334,17.105,0.0,99.02333333333333,13.115,335.48066666666665,0.2,0,0,1004,PASS_BUDGET,15,10,-1,-1,0.0,0.0,0.0,0.8,0.8
1617,I7_Quiescent_Continuous_State,S3_EVENT_TRIGGERED,0.15213607574297272,91.75633333333333,4.459666666666666,4.0,100.216,10.298,340.759,0.05333333333333334,6,20,1016,FAIL_BUDGET,0,0,-1,-1,0.0,0.0,0.0,0.996,0.922
1617,I8_Quiescent_Discrete_Delay,S0_CONTINUOUS,0.3066681242992361,72.89733333333334,84.92033333333333,0.0,157.81766666666667,42.55766666666667,354.701,1.0,0,0,1016,FAIL_BUDGET,111,11,-1,-1,0.0,0.0,0.0,0.0,0.0
1617,I8_Quiescent_Discrete_Delay,S1_SHADOW_OFF,0.45662939151470705,58.0,0.0,0.0,58.0,7.0,290.0,0.0,0,0,904,PASS_BUDGET,0,0,-1,-1,0.0,0.0,0.0,1.0,1.0
1617,I8_Quiescent_Discrete_Delay,S2_PERIODIC,0.17214247724189496,85.19666666666667,16.561,0.0,101.75766666666667,34.013333333333335,312.376,0.2,0,0,1020,FAIL_BUDGET,0,0,-1,-1,0.0,0.0,0.0,0.8,0.8
1617,I8_Quiescent_Discrete_Delay,S3_EVENT_TRIGGERED,0.2618453819296093,77.373,15.193666666666667,4.0,96.56666666666666,28.191333333333333,308.9893333333333,0.17766666666666667,21,16,1032,PASS_BUDGET,0,0,-1,-1,0.0,0.0,0.0,0.996,0.7355
1617,I9_Hybrid_Delay_Plus_Latent_State,S0_CONTINUOUS,0.2658720932959765,100.18033333333334,88.17233333333333,0.0,188.35266666666666,42.87566666666667,395.95666666666665,1.0,0,0,1064,FAIL_BUDGET,1863,22,-1,-1,0.0,0.09771600694297103,0.1255749570429862,0.0,0.0
1617,I9_Hybrid_Delay_Plus_Latent_State,S1_SHADOW_OFF,0.3613171138171818,58.0,0.0,0.0,58.0,7.0,290.0,0.0,0,0,904,PASS_BUDGET,0,0,-1,-1,0.0,0.0,0.0,0.0,0.0
1617,I9_Hybrid_Delay_Plus_Latent_State,S2_PERIODIC,0.2565222169811256,88.28,16.952,0.0,105.232,31.461,320.49966666666666,0.2,0,0,1068,FAIL_BUDGET,85,15,-1,-1,0.0,0.22313514721892996,0.01064616535817878,0.0,0.0
1617,I9_Hybrid_Delay_Plus_Latent_State,S3_EVENT_TRIGGERED,0.32368991075528997,89.83466666666666,33.71233333333333,4.0,127.547,19.827333333333332,356.853,0.38383333333333336,46,3,1064,FAIL_BUDGET,420,31,-1,-1,0.0,-0.05264195434471124,0.09347524333322306,0.0,0.0
1617,I10_Redundant_Temporal_Structure,S0_CONTINUOUS,0.3412985292407697,121.00866666666667,87.50166666666667,0.0,208.51033333333334,54.72266666666667,407.3806666666667,1.0,0,0,1064,FAIL_BUDGET,4536,30,-1,-1,0.0,0.0,0.0,0.0,0.0
1617,I10_Redundant_Temporal_Structure,S1_SHADOW_OFF,0.5999905694579777,58.0,0.0,0.0,58.0,7.0,290.0,0.0,0,0,904,PASS_BUDGET,0,0,-1,-1,0.0,0.0,0.0,0.0,0.0
1617,I10_Redundant_Temporal_Structure,S2_PERIODIC,0.5127353277031261,76.83,17.582,0.0,94.412,13.903,327.715,0.2,0,0,1036,PASS_BUDGET,275,10,-1,-1,0.0,0.0,0.0,0.0,0.0
1617,I10_Redundant_Temporal_Structure,S3_EVENT_TRIGGERED,0.38434322423727946,104.11633333333333,52.839,4.0,160.95533333333333,36.831,374.776,0.6005,73,0,1080,FAIL_BUDGET,1906,19,-1,-1,0.0,0.0,0.0,0.0,0.0
1617,I11_Regime_Switch_Delay_To_Latent,S0_CONTINUOUS,0.24314097285695213,80.22866666666667,88.26433333333334,0.0,168.493,37.96233333333333,375.011,1.0,0,0,1016,FAIL_BUDGET,3,1,287,43,0.13347380749759497,0.0,0.0,0.0,0.0
1617,I11_Regime_Switch_Delay_To_Latent,S1_SHADOW_OFF,0.316497366441264,58.0,0.0,0.0,58.0,7.0,290.0,0.0,0,0,904,PASS_BUDGET,0,0,-1,0,0.0,0.0,0.0,0.0,0.0
1617,I11_Regime_Switch_Delay_To_Latent,S2_PERIODIC,0.27618675545862814,73.81,17.199,0.0,91.009,13.156666666666666,324.1016666666667,0.2,0,0,1004,PASS_BUDGET,0,0,474,0,0.0,0.0,0.0,0.0,0.0
1617,I11_Regime_Switch_Delay_To_Latent,S3_EVENT_TRIGGERED,0.2777849238213921,73.639,24.086333333333332,4.0,101.72533333333334,16.782666666666668,327.67066666666665,0.27666666666666667,33,10,1032,FAIL_BUDGET,11,1,464,0,0.0,0.0,0.0,0.0,0.0
1617,I12_Regime_Switch_Latent_To_Delay,S0_CONTINUOUS,0.1920432151494131,87.26833333333333,88.12066666666666,0.0,175.389,42.81733333333333,377.8233333333333,1.0,0,0,1016,FAIL_BUDGET,29,5,97,23,0.49679589491348375,0.0,0.0,0.0,0.0
1617,I12_Regime_Switch_Latent_To_Delay,S1_SHADOW_OFF,0.32225421599987125,58.0,0.0,0.0,58.0,7.0,290.0,0.0,0,0,904,PASS_BUDGET,0,0,-1,0,0.2662750949516228,0.0,0.0,0.0,0.0
1617,I12_Regime_Switch_Latent_To_Delay,S2_PERIODIC,0.28345580608152793,77.92333333333333,17.094,0.0,95.01733333333334,13.214333333333334,329.69033333333334,0.2,0,0,1004,PASS_BUDGET,0,0,2894,799,0.5077164100119127,0.0,0.0,0.0,0.0
1617,I12_Regime_Switch_Latent_To_Delay,S3_EVENT_TRIGGERED,0.2759199650292089,75.646,26.599666666666668,4.0,106.24566666666666,17.128333333333334,332.8473333333333,0.30316666666666664,37,10,1016,FAIL_BUDGET,5,1,116,142,0.5102900770086256,0.0,0.0,0.0,0.0
1617,I13_Regime_Switch_Hybrid_To_Memoryless,S0_CONTINUOUS,0.24940636665740556,72.62366666666667,87.967,0.0,160.59066666666666,34.02733333333333,369.71666666666664,1.0,0,0,1016,FAIL_BUDGET,66,18,-1,5,0.0,0.0,0.0,0.0,0.0
1617,I13_Regime_Switch_Hybrid_To_Memoryless,S1_SHADOW_OFF,0.27520708401673316,58.0,0.0,0.0,58.0,7.0,290.0,0.0,0,0,904,PASS_BUDGET,0,0,-1,0,0.0,0.0,0.0,0.0,0.0
1617,I13_Regime_Switch_Hybrid_To_Memoryless,S2_PERIODIC,0.24190931223311268,71.77333333333333,17.061666666666667,0.0,88.835,18.841,313.7056666666667,0.2,0,0,1068,PASS_BUDGET,25,5,-1,574,0.0,0.0,0.0,0.0,0.0
1617,I13_Regime_Switch_Hybrid_To_Memoryless,S3_EVENT_TRIGGERED,0.24615200495030076,74.04933333333334,15.316333333333333,4.0,93.36566666666667,13.614666666666666,323.052,0.17716666666666667,21,13,1016,PASS_BUDGET,28,8,-1,0,0.0,0.0,0.0,0.0,0.0
1617,I14_Intermittent_Hybrid,S0_CONTINUOUS,0.22928157118132325,82.329,88.13966666666667,0.0,170.46866666666668,38.307,377.3276666666667,1.0,0,0,1064,FAIL_BUDGET,837,13,0,-1,0.5866122369250475,0.0,0.0,0.0,0.0
1617,I14_Intermittent_Hybrid,S1_SHADOW_OFF,0.30926456260587054,58.0,0.0,0.0,58.0,7.0,290.0,0.0,0,0,904,PASS_BUDGET,0,0,-1,-1,0.7627944891074604,0.0,0.0,0.0,0.0
1617,I14_Intermittent_Hybrid,S2_PERIODIC,0.2524679029691713,88.055,17.348333333333333,0.0,105.40333333333334,14.26,342.89366666666666,0.2,0,0,1036,FAIL_BUDGET,490,35,0,-1,0.5717783652780304,0.0,0.0,0.0,0.0
1617,I14_Intermittent_Hybrid,S3_EVENT_TRIGGERED,0.25314509097986704,84.831,17.729666666666667,4.0,106.56066666666666,14.433,339.844,0.202,24,12,1016,FAIL_BUDGET,0,0,0,-1,0.5718472160908858,0.0,0.0,0.0,0.0
1618,I1_Memoryless_Linear,S0_CONTINUOUS,0.11767795905322055,59.60933333333333,68.59133333333334,0.0,128.20066666666668,22.199333333333332,345.875,1.0,0,0,952,FAIL_BUDGET,0,0,-1,-1,0.0,0.0,0.0,0.0,0.0
1618,I1_Memoryless_Linear,S1_SHADOW_OFF,0.11754334829186124,58.0,0.0,0.0,58.0,7.0,290.0,0.0,0,0,904,PASS_BUDGET,0,0,-1,-1,0.0,0.0,0.0,0.0,0.0
1618,I1_Memoryless_Linear,S2_PERIODIC,0.11754334829186124,58.0,12.8,0.0,70.8,10.4,300.4,0.2,0,0,908,PASS_BUDGET,0,0,-1,-1,0.0,0.0,0.0,0.0,0.0
1618,I1_Memoryless_Linear,S3_EVENT_TRIGGERED,0.11754334829186124,58.0,0.7786666666666666,4.0,62.778666666666666,9.146,290.6326666666667,0.012166666666666666,1,23,920,PASS_BUDGET,0,0,-1,-1,0.0,0.0,0.0,0.0,0.0
1618,I2_Static_Nonlinear_Negative_Control,S0_CONTINUOUS,1.0369893461427984,59.082,88.76633333333334,0.0,147.84833333333333,34.57366666666667,350.59066666666666,1.0,0,0,1016,FAIL_BUDGET,19,9,-1,-1,0.0,0.0,0.0,0.0,0.0
1618,I2_Static_Nonlinear_Negative_Control,S1_SHADOW_OFF,1.0307380368921166,58.0,0.0,0.0,58.0,7.0,290.0,0.0,0,0,904,PASS_BUDGET,0,0,-1,-1,0.0,0.0,0.0,0.0,0.0
1618,I2_Static_Nonlinear_Negative_Control,S2_PERIODIC,1.037537752837358,59.75,16.948666666666668,0.0,76.69866666666667,14.296333333333333,302.3516666666667,0.2,0,0,988,PASS_BUDGET,0,0,-1,-1,0.0,0.0,0.0,0.0,0.0
1618,I2_Static_Nonlinear_Negative_Control,S3_EVENT_TRIGGERED,1.035489629204449,61.32366666666667,59.95666666666666,4.0,125.28033333333333,27.775333333333332,334.40133333333335,0.676,82,0,1016,FAIL_BUDGET,0,0,-1,-1,0.0,0.0,0.0,0.0,0.0
1618,I3_Single_Exact_Delay,S0_CONTINUOUS,0.25411056234643026,83.422,87.554,0.0,170.976,50.855,360.08033333333333,1.0,0,0,1016,FAIL_BUDGET,0,0,-1,-1,0.0,0.0,0.0,0.0,0.0
1618,I3_Single_Exact_Delay,S1_SHADOW_OFF,0.44348969887893275,58.0,0.0,0.0,58.0,7.0,290.0,0.0,0,0,904,PASS_BUDGET,0,0,-1,-1,0.0,0.0,0.0,0.0,0.0
1618,I3_Single_Exact_Delay,S2_PERIODIC,0.44619366919106307,59.205,16.862,0.0,76.067,13.433333333333334,302.67966666666666,0.2,0,0,1004,PASS_BUDGET,5,5,-1,-1,0.0,0.0,0.0,0.0,0.0
1618,I3_Single_Exact_Delay,S3_EVENT_TRIGGERED,0.3786489794061132,66.82466666666667,37.56466666666667,4.0,108.38933333333334,26.781666666666666,319.71066666666667,0.426,51,6,1032,FAIL_BUDGET,3,0,-1,-1,0.0,0.0,0.0,0.0,0.0
1618,I4_Multi_Sparse_Delay,S0_CONTINUOUS,0.40319830644346083,87.464,87.80333333333333,0.0,175.26733333333334,52.792,363.1956666666667,1.0,0,0,1064,FAIL_BUDGET,112,16,-1,-1,0.0,0.0,0.0,0.0,0.0
1618,I4_Multi_Sparse_Delay,S1_SHADOW_OFF,0.6181594090560788,58.0,0.0,0.0,58.0,7.0,290.0,0.0,0,0,904,PASS_BUDGET,0,0,-1,-1,0.0,0.0,0.0,0.0,0.0
1618,I4_Multi_Sparse_Delay,S2_PERIODIC,0.6160545378019294,59.85,17.465333333333334,0.0,77.31533333333333,14.685666666666666,302.54633333333334,0.2,0,0,988,PASS_BUDGET,0,0,-1,-1,0.0,0.0,0.0,0.0,0.0
1618,I4_Multi_Sparse_Delay,S3_EVENT_TRIGGERED,0.6041624788239545,69.46933333333334,71.16166666666666,4.0,144.631,34.65533333333333,348.49133333333333,0.8011666666666667,97,0,1080,FAIL_BUDGET,108,4,-1,-1,0.0,0.0,0.0,0.0,0.0
1618,I5_Moving_Delay_Support,S0_CONTINUOUS,0.22334186534337744,86.52433333333333,87.38766666666666,0.0,173.912,53.964,359.8086666666667,1.0,0,0,1016,FAIL_BUDGET,0,0,-1,-1,0.0,0.0,0.0,0.0,0.0
1618,I5_Moving_Delay_Support,S1_SHADOW_OFF,0.4537151741257212,58.0,0.0,0.0,58.0,7.0,290.0,0.0,0,0,904,PASS_BUDGET,0,0,-1,-1,0.0,0.0,0.0,0.0,0.0
1618,I5_Moving_Delay_Support,S2_PERIODIC,0.45532186256285023,58.66833333333334,17.189333333333334,0.0,75.85766666666666,13.606333333333334,302.12666666666667,0.2,0,0,972,PASS_BUDGET,0,0,-1,-1,0.0,0.0,0.0,0.0,0.0
1618,I5_Moving_Delay_Support,S3_EVENT_TRIGGERED,0.45685300848884447,59.288666666666664,50.93233333333333,4.0,114.221,25.297666666666668,324.95433333333335,0.575,69,0,1032,FAIL_BUDGET,0,0,-1,-1,0.0,0.0,0.0,0.0,0.0
1618,I6_Continuous_Latent_State,S0_CONTINUOUS,0.12980002278292918,91.91033333333333,88.631,0.0,180.54133333333334,34.208333333333336,397.48766666666666,1.0,0,0,1016,FAIL_BUDGET,4,2,-1,-1,0.0,0.0,0.0,0.0,0.0
1618,I6_Continuous_Latent_State,S1_SHADOW_OFF,0.2640871580271479,58.0,0.0,0.0,58.0,7.0,290.0,0.0,0,0,904,PASS_BUDGET,0,0,-1,-1,0.0,0.0,0.0,0.0,0.0
1618,I6_Continuous_Latent_State,S2_PERIODIC,0.13208357018544883,91.51833333333333,17.206666666666667,0.0,108.725,13.124,349.0853333333333,0.2,0,0,1004,FAIL_BUDGET,0,0,-1,-1,0.0,0.0,0.0,0.0,0.0
1618,I6_Continuous_Latent_State,S3_EVENT_TRIGGERED,0.12984019629402374,91.86966666666666,4.156666666666666,4.0,100.02633333333333,10.118333333333334,340.83666666666664,0.0535,6,21,1016,FAIL_BUDGET,0,0,-1,-1,0.0,0.0,0.0,0.0,0.0
1618,I7_Quiescent_Continuous_State,S0_CONTINUOUS,0.13754187795281916,81.491,86.552,0.0,168.043,33.153333333333336,382.246,1.0,0,0,1016,FAIL_BUDGET,4,2,-1,-1,0.0,0.0,0.0,0.0,0.0
1618,I7_Quiescent_Continuous_State,S1_SHADOW_OFF,0.2682737151875764,58.0,0.0,0.0,58.0,7.0,290.0,0.0,0,0,904,PASS_BUDGET,0,0,-1,-1,0.0,0.0,0.0,1.0,1.0
1618,I7_Quiescent_Continuous_State,S2_PERIODIC,0.1772220309329235,80.075,17.155666666666665,0.0,97.23066666666666,13.185666666666666,332.79633333333334,0.2,0,0,1004,PASS_BUDGET,0,0,-1,-1,0.0,0.0,0.0,0.8,0.8
1618,I7_Quiescent_Continuous_State,S3_EVENT_TRIGGERED,0.13728697728024777,91.92633333333333,4.788,4.0,100.71433333333333,10.319666666666667,341.3206666666667,0.06183333333333333,7,21,1016,FAIL_BUDGET,34,11,-1,-1,0.0,0.0,0.0,0.996,0.90925
1618,I8_Quiescent_Discrete_Delay,S0_CONTINUOUS,0.30689023961003936,72.427,86.10166666666667,0.0,158.52866666666668,42.215666666666664,355.74533333333335,1.0,0,0,1016,FAIL_BUDGET,0,0,-1,-1,0.0,0.0,0.0,0.0,0.0
1618,I8_Quiescent_Discrete_Delay,S1_SHADOW_OFF,0.4445901595990084,58.0,0.0,0.0,58.0,7.0,290.0,0.0,0,0,904,PASS_BUDGET,0,0,-1,-1,0.0,0.0,0.0,1.0,1.0
1618,I8_Quiescent_Discrete_Delay,S2_PERIODIC,0.4474529638367194,60.72833333333333,16.822333333333333,0.0,77.55066666666667,13.241,305.06333333333333,0.2,0,0,1004,PASS_BUDGET,5,5,-1,-1,0.0,0.0,0.0,0.8,0.8
1618,I8_Quiescent_Discrete_Delay,S3_EVENT_TRIGGERED,0.31541103970960355,71.06133333333334,20.536666666666665,4.0,95.598,24.897,310.00966666666665,0.23566666666666666,28,14,1032,PASS_BUDGET,3,0,-1,-1,0.0,0.0,0.0,0.996,0.6485
1618,I9_Hybrid_Delay_Plus_Latent_State,S0_CONTINUOUS,0.1612784963665696,123.88333333333334,86.98366666666666,0.0,210.867,57.82566666666666,406.515,1.0,0,0,1064,FAIL_BUDGET,5171,18,-1,-1,0.0,0.35399036092648606,0.16128168020835,0.0,0.0
1618,I9_Hybrid_Delay_Plus_Latent_State,S1_SHADOW_OFF,0.351177357806535,58.0,0.0,0.0,58.0,7.0,290.0,0.0,0,0,904,PASS_BUDGET,0,0,-1,-1,0.0,0.0,0.0,0.0,0.0
1618,I9_Hybrid_Delay_Plus_Latent_State,S2_PERIODIC,0.3191106297478359,79.55333333333333,17.169333333333334,0.0,96.72266666666667,14.55,330.3183333333333,0.2,0,0,1036,PASS_BUDGET,520,155,-1,-1,0.0,-0.03914505024403432,0.08769523450450029,0.0,0.0
1618,I9_Hybrid_Delay_Plus_Latent_State,S3_EVENT_TRIGGERED,0.30768902341487325,88.04333333333334,32.931333333333335,4.0,124.97466666666666,19.222,354.351,0.3755,45,3,1048,FAIL_BUDGET,169,6,-1,-1,0.0,-0.04836411948787056,0.10609029337850423,0.0,0.0
1618,I10_Redundant_Temporal_Structure,S0_CONTINUOUS,0.4197320128893246,92.172,89.19733333333333,0.0,181.36933333333334,34.635333333333335,397.70166666666665,1.0,0,0,1048,FAIL_BUDGET,130,18,-1,-1,0.0,0.0,0.0,0.0,0.0
1618,I10_Redundant_Temporal_Structure,S1_SHADOW_OFF,0.5950413557021513,58.0,0.0,0.0,58.0,7.0,290.0,0.0,0,0,904,PASS_BUDGET,0,0,-1,-1,0.0,0.0,0.0,0.0,0.0
1618,I10_Redundant_Temporal_Structure,S2_PERIODIC,0.5944612643156115,58.425,17.636,0.0,76.061,13.711,302.059,0.2,0,0,988,PASS_BUDGET,0,0,-1,-1,0.0,0.0,0.0,0.0,0.0
1618,I10_Redundant_Temporal_Structure,S3_EVENT_TRIGGERED,0.4046331741661094,97.86933333333333,55.321666666666665,4.0,157.191,31.567666666666668,375.70633333333336,0.6255,76,0,1080,FAIL_BUDGET,1146,19,-1,-1,0.0,0.0,0.0,0.0,0.0
1618,I11_Regime_Switch_Delay_To_Latent,S0_CONTINUOUS,0.15254658749895758,91.562,87.29233333333333,0.0,178.85433333333333,46.18033333333333,378.095,1.0,0,0,1016,FAIL_BUDGET,5,3,357,77,0.2651440680604627,0.0,0.0,0.0,0.0
1618,I11_Regime_Switch_Delay_To_Latent,S1_SHADOW_OFF,0.31542029219636725,58.0,0.0,0.0,58.0,7.0,290.0,0.0,0,0,904,PASS_BUDGET,0,0,-1,0,0.0,0.0,0.0,0.0,0.0
1618,I11_Regime_Switch_Delay_To_Latent,S2_PERIODIC,0.3161984070188232,58.365,16.955333333333332,0.0,75.32033333333334,13.211666666666666,301.889,0.2,0,0,1004,PASS_BUDGET,0,0,2414,0,0.0,0.0,0.0,0.0,0.0
1618,I11_Regime_Switch_Delay_To_Latent,S3_EVENT_TRIGGERED,0.2891786831140092,68.316,33.76833333333333,4.0,106.08433333333333,19.644666666666666,326.84066666666666,0.38433333333333336,46,6,1016,FAIL_BUDGET,0,0,1507,0,0.0,0.0,0.0,0.0,0.0
1618,I12_Regime_Switch_Latent_To_Delay,S0_CONTINUOUS,0.26002861748584316,75.77233333333334,88.52533333333334,0.0,164.29766666666666,34.269,374.4223333333333,1.0,0,0,1000,FAIL_BUDGET,0,0,131,112,0.652295448935116,0.0,0.0,0.0,0.0
1618,I12_Regime_Switch_Latent_To_Delay,S1_SHADOW_OFF,0.313044735081769,58.0,0.0,0.0,58.0,7.0,290.0,0.0,0,0,904,PASS_BUDGET,0,0,-1,0,0.3132720618305618,0.0,0.0,0.0,0.0
1618,I12_Regime_Switch_Latent_To_Delay,S2_PERIODIC,0.26257005380705956,79.33,16.953666666666667,0.0,96.28366666666666,13.506,331.11633333333333,0.2,0,0,1036,PASS_BUDGET,255,15,14,729,0.6827473760143963,0.0,0.0,0.0,0.0
1618,I12_Regime_Switch_Latent_To_Delay,S3_EVENT_TRIGGERED,0.25957822409510295,75.775,19.434666666666665,4.0,99.20966666666666,14.938333333333333,328.12733333333335,0.22683333333333333,27,11,1032,PASS_BUDGET,95,16,17,112,0.6435105455910317,0.0,0.0,0.0,0.0
1618,I13_Regime_Switch_Hybrid_To_Memoryless,S0_CONTINUOUS,0.16855222287296512,88.57666666666667,86.11733333333333,0.0,174.694,43.71333333333333,376.3926666666667,1.0,0,0,1064,FAIL_BUDGET,2290,25,-1,151,0.0,0.0,0.0,0.0,0.0
1618,I13_Regime_Switch_Hybrid_To_Memoryless,S1_SHADOW_OFF,0.2671208577599005,58.0,0.0,0.0,58.0,7.0,290.0,0.0,0,0,904,PASS_BUDGET,0,0,-1,0,0.0,0.0,0.0,0.0,0.0
1618,I13_Regime_Switch_Hybrid_To_Memoryless,S2_PERIODIC,0.2636459028192231,62.52,17.206,0.0,79.726,13.459666666666667,307.7733333333333,0.2,0,0,1004,PASS_BUDGET,0,0,-1,249,0.0,0.0,0.0,0.0,0.0
1618,I13_Regime_Switch_Hybrid_To_Memoryless,S3_EVENT_TRIGGERED,0.24140165092037044,91.29,17.496,4.0,112.786,14.427333333333333,348.6646666666667,0.20233333333333334,24,14,1048,FAIL_BUDGET,128,2,-1,-1,0.0,0.0,0.0,0.0,0.0
1618,I14_Intermittent_Hybrid,S0_CONTINUOUS,0.23438196818488755,75.79466666666667,88.23566666666666,0.0,164.03033333333335,34.22566666666667,374.2083333333333,1.0,0,0,1048,FAIL_BUDGET,42,4,0,-1,0.5309592891000328,0.0,0.0,0.0,0.0
1618,I14_Intermittent_Hybrid,S1_SHADOW_OFF,0.28911436726836665,58.0,0.0,0.0,58.0,7.0,290.0,0.0,0,0,904,PASS_BUDGET,0,0,-1,-1,0.5179257704914195,0.0,0.0,0.0,0.0
1618,I14_Intermittent_Hybrid,S2_PERIODIC,0.22982238045185172,87.58833333333334,17.317666666666668,0.0,104.906,13.219,343.573,0.2,0,0,1004,FAIL_BUDGET,5,0,0,-1,0.5265699817318045,0.0,0.0,0.0,0.0
1618,I14_Intermittent_Hybrid,S3_EVENT_TRIGGERED,0.19797076607404518,79.94666666666667,10.925333333333333,4.0,94.872,19.777666666666665,318.784,0.12766666666666668,15,16,1048,PASS_BUDGET,83,4,0,-1,0.2583846169679929,0.0,0.0,0.0,0.0
1619,I1_Memoryless_Linear,S0_CONTINUOUS,0.12779107101765538,59.63666666666666,71.614,0.0,131.25066666666666,24.275666666666666,346.88366666666667,1.0,0,0,952,FAIL_BUDGET,0,0,-1,-1,0.0,0.0,0.0,0.0,0.0
1619,I1_Memoryless_Linear,S1_SHADOW_OFF,0.12744088248010746,58.0,0.0,0.0,58.0,7.0,290.0,0.0,0,0,904,PASS_BUDGET,0,0,-1,-1,0.0,0.0,0.0,0.0,0.0
1619,I1_Memoryless_Linear,S2_PERIODIC,0.12744088248010746,58.0,13.255333333333333,0.0,71.25533333333334,10.763333333333334,300.582,0.2,0,0,924,PASS_BUDGET,0,0,-1,-1,0.0,0.0,0.0,0.0,0.0
1619,I1_Memoryless_Linear,S3_EVENT_TRIGGERED,0.12744088248010746,58.0,0.7786666666666666,4.0,62.778666666666666,9.146,290.6326666666667,0.012166666666666666,1,23,920,PASS_BUDGET,0,0,-1,-1,0.0,0.0,0.0,0.0,0.0
1619,I2_Static_Nonlinear_Negative_Control,S0_CONTINUOUS,1.003591938435434,60.602,88.73566666666666,0.0,149.33766666666668,34.343333333333334,353.19466666666665,1.0,0,0,1000,FAIL_BUDGET,0,0,-1,-1,0.0,0.0,0.0,0.0,0.0
1619,I2_Static_Nonlinear_Negative_Control,S1_SHADOW_OFF,0.9986042938456564,58.0,0.0,0.0,58.0,7.0,290.0,0.0,0,0,904,PASS_BUDGET,0,0,-1,-1,0.0,0.0,0.0,0.0,0.0
1619,I2_Static_Nonlinear_Negative_Control,S2_PERIODIC,1.0019379872411462,58.986666666666665,17.621666666666666,0.0,76.60833333333333,13.998,302.44266666666664,0.2,0,0,1004,PASS_BUDGET,0,0,-1,-1,0.0,0.0,0.0,0.0,0.0
1619,I2_Static_Nonlinear_Negative_Control,S3_EVENT_TRIGGERED,1.0068003667222782,59.72366666666667,50.235,4.0,113.95866666666667,25.111,325.1086666666667,0.5673333333333334,69,0,1048,FAIL_BUDGET,15,3,-1,-1,0.0,0.0,0.0,0.0,0.0
1619,I3_Single_Exact_Delay,S0_CONTINUOUS,0.19176543288515446,91.86133333333333,86.36833333333334,0.0,178.22966666666667,56.191,362.9103333333333,1.0,0,0,1016,FAIL_BUDGET,0,0,-1,-1,0.0,0.0,0.0,0.0,0.0
1619,I3_Single_Exact_Delay,S1_SHADOW_OFF,0.43557613910313964,58.0,0.0,0.0,58.0,7.0,290.0,0.0,0,0,904,PASS_BUDGET,0,0,-1,-1,0.0,0.0,0.0,0.0,0.0
1619,I3_Single_Exact_Delay,S2_PERIODIC,0.43657543292478407,61.805,17.397666666666666,0.0,79.20266666666667,13.482,306.9046666666667,0.2,0,0,1004,PASS_BUDGET,0,0,-1,-1,0.0,0.0,0.0,0.0,0.0
1619,I3_Single_Exact_Delay,S3_EVENT_TRIGGERED,0.21078753262755373,82.382,12.482333333333333,4.0,98.86433333333333,31.022333333333332,309.812,0.14466666666666667,17,18,1032,PASS_BUDGET,0,0,-1,-1,0.0,0.0,0.0,0.0,0.0
1619,I4_Multi_Sparse_Delay,S0_CONTINUOUS,0.4406660949563177,93.39133333333334,87.57133333333333,0.0,180.96266666666668,57.60166666666667,364.37833333333333,1.0,0,0,1064,FAIL_BUDGET,182,26,-1,-1,0.0,0.0,0.0,0.0,0.0
1619,I4_Multi_Sparse_Delay,S1_SHADOW_OFF,0.6222921880455189,58.0,0.0,0.0,58.0,7.0,290.0,0.0,0,0,904,PASS_BUDGET,0,0,-1,-1,0.0,0.0,0.0,0.0,0.0
1619,I4_Multi_Sparse_Delay,S2_PERIODIC,0.6026498508771334,63.55,17.545333333333332,0.0,81.09533333333333,17.656666666666666,304.0323333333333,0.2,0,0,1020,PASS_BUDGET,0,0,-1,-1,0.0,0.0,0.0,0.0,0.0
1619,I4_Multi_Sparse_Delay,S3_EVENT_TRIGGERED,0.6090062111374014,69.62033333333333,74.89433333333334,4.0,148.51466666666667,36.282666666666664,350.44233333333335,0.8416666666666667,101,0,1080,FAIL_BUDGET,76,15,-1,-1,0.0,0.0,0.0,0.0,0.0
1619,I5_Moving_Delay_Support,S0_CONTINUOUS,0.4249777080527052,61.779333333333334,88.499,0.0,150.27833333333334,35.771,352.319,1.0,0,0,1016,FAIL_BUDGET,0,0,-1,-1,0.0,0.0,0.0,0.0,0.0
1619,I5_Moving_Delay_Support,S1_SHADOW_OFF,0.43596760818728997,58.0,0.0,0.0,58.0,7.0,290.0,0.0,0,0,904,PASS_BUDGET,0,0,-1,-1,0.0,0.0,0.0,0.0,0.0
1619,I5_Moving_Delay_Support,S2_PERIODIC,0.43853563824170866,59.5,16.546,0.0,76.046,13.903333333333334,302.15433333333334,0.2,0,0,1004,PASS_BUDGET,0,0,-1,-1,0.0,0.0,0.0,0.0,0.0
1619,I5_Moving_Delay_Support,S3_EVENT_TRIGGERED,0.3114688560515995,68.349,31.283,4.0,103.632,26.123666666666665,315.9526666666667,0.36033333333333334,44,9,1032,FAIL_BUDGET,0,0,-1,-1,0.0,0.0,0.0,0.0,0.0
1619,I6_Continuous_Latent_State,S0_CONTINUOUS,0.140830861422011,91.93433333333333,88.50633333333333,0.0,180.44066666666666,34.177,397.4796666666667,1.0,0,0,1016,FAIL_BUDGET,15,8,-1,-1,0.0,0.0,0.0,0.0,0.0
1619,I6_Continuous_Latent_State,S1_SHADOW_OFF,0.26834581010457437,58.0,0.0,0.0,58.0,7.0,290.0,0.0,0,0,904,PASS_BUDGET,0,0,-1,-1,0.0,0.0,0.0,0.0,0.0
1619,I6_Continuous_Latent_State,S2_PERIODIC,0.14616188088369939,91.465,17.083333333333332,0.0,108.54833333333333,13.501,348.434,0.2,0,0,1020,FAIL_BUDGET,245,150,-1,-1,0.0,0.0,0.0,0.0,0.0
1619,I6_Continuous_Latent_State,S3_EVENT_TRIGGERED,0.1407750939105776,91.881,3.0643333333333334,4.0,98.94533333333334,9.889,339.97133333333335,0.036833333333333336,4,21,1016,PASS_BUDGET,0,0,-1,-1,0.0,0.0,0.0,0.0,0.0
1619,I7_Quiescent_Continuous_State,S0_CONTINUOUS,0.14380247687473052,81.321,84.461,0.0,165.782,31.856333333333332,381.356,1.0,0,0,1000,FAIL_BUDGET,5,2,-1,-1,0.0,0.0,0.0,0.0,0.0
1619,I7_Quiescent_Continuous_State,S1_SHADOW_OFF,0.2703081176567111,58.0,0.0,0.0,58.0,7.0,290.0,0.0,0,0,904,PASS_BUDGET,0,0,-1,-1,0.0,0.0,0.0,1.0,1.0
1619,I7_Quiescent_Continuous_State,S2_PERIODIC,0.16837863906262393,82.72666666666667,16.996666666666666,0.0,99.72333333333333,13.470666666666666,336.0586666666667,0.2,0,0,1020,PASS_BUDGET,245,150,-1,-1,0.0,0.0,0.0,0.8,0.8
1619,I7_Quiescent_Continuous_State,S3_EVENT_TRIGGERED,0.14368889752796646,91.881,2.354,4.0,98.235,9.673333333333334,339.48766666666666,0.028666666666666667,3,22,1016,PASS_BUDGET,0,0,-1,-1,0.0,0.0,0.0,0.996,0.959
1619,I8_Quiescent_Discrete_Delay,S0_CONTINUOUS,0.2372311253414285,79.31466666666667,85.01333333333334,0.0,164.328,46.41866666666667,358.00666666666666,1.0,0,0,1016,FAIL_BUDGET,0,0,-1,-1,0.0,0.0,0.0,0.0,0.0
1619,I8_Quiescent_Discrete_Delay,S1_SHADOW_OFF,0.42798122884386386,58.0,0.0,0.0,58.0,7.0,290.0,0.0,0,0,904,PASS_BUDGET,0,0,-1,-1,0.0,0.0,0.0,1.0,1.0
1619,I8_Quiescent_Discrete_Delay,S2_PERIODIC,0.42857923585236907,61.513333333333335,17.342666666666666,0.0,78.856,13.24,306.78333333333336,0.2,0,0,1004,PASS_BUDGET,0,0,-1,-1,0.0,0.0,0.0,0.8,0.8
1619,I8_Quiescent_Discrete_Delay,S3_EVENT_TRIGGERED,0.26995922809063405,82.382,16.083666666666666,4.0,102.46566666666666,31.984333333333332,312.19733333333335,0.186,22,16,1032,FAIL_BUDGET,0,0,-1,-1,0.0,0.0,0.0,0.996,0.723
1619,I9_Hybrid_Delay_Plus_Latent_State,S0_CONTINUOUS,0.16160935444311078,126.31266666666667,86.773,0.0,213.08566666666667,58.900333333333336,408.206,1.0,0,0,1064,FAIL_BUDGET,5169,10,-1,-1,0.0,0.3570442664328081,0.13260577570120918,0.0,0.0
1619,I9_Hybrid_Delay_Plus_Latent_State,S1_SHADOW_OFF,0.3491826204830999,58.0,0.0,0.0,58.0,7.0,290.0,0.0,0,0,904,PASS_BUDGET,0,0,-1,-1,0.0,0.0,0.0,0.0,0.0
1619,I9_Hybrid_Delay_Plus_Latent_State,S2_PERIODIC,0.31223866300132747,84.43666666666667,17.43,0.0,101.86666666666666,13.34,339.1136666666667,0.2,0,0,1004,FAIL_BUDGET,35,0,-1,-1,0.0,-0.05719402622425596,0.10536147885088919,0.0,0.0
1619,I9_Hybrid_Delay_Plus_Latent_State,S3_EVENT_TRIGGERED,0.27413682135921036,92.13566666666667,25.467,4.0,121.60266666666666,21.278666666666666,349.67033333333336,0.293,35,8,1064,FAIL_BUDGET,1156,3,-1,-1,0.0,-0.04280548741342995,0.09597689573749701,0.0,0.0
1619,I10_Redundant_Temporal_Structure,S0_CONTINUOUS,0.4390038884186197,92.62266666666666,89.05366666666667,0.0,181.67633333333333,34.89933333333333,397.681,1.0,0,0,1064,FAIL_BUDGET,352,32,-1,-1,0.0,0.0,0.0,0.0,0.0
1619,I10_Redundant_Temporal_Structure,S1_SHADOW_OFF,0.6063262453448773,58.0,0.0,0.0,58.0,7.0,290.0,0.0,0,0,904,PASS_BUDGET,0,0,-1,-1,0.0,0.0,0.0,0.0,0.0
1619,I10_Redundant_Temporal_Structure,S2_PERIODIC,0.5728731360434012,65.125,17.279,0.0,82.404,18.773666666666667,304.59166666666664,0.2,0,0,1020,PASS_BUDGET,0,0,-1,-1,0.0,0.0,0.0,0.0,0.0
1619,I10_Redundant_Temporal_Structure,S3_EVENT_TRIGGERED,0.43635229313190954,93.03,61.147666666666666,4.0,158.17766666666665,29.406666666666666,378.218,0.6878333333333333,83,0,1080,FAIL_BUDGET,365,11,-1,-1,0.0,0.0,0.0,0.0,0.0
1619,I11_Regime_Switch_Delay_To_Latent,S0_CONTINUOUS,0.2148613295927718,82.60366666666667,87.80466666666666,0.0,170.40833333333333,39.84766666666667,375.1573333333333,1.0,0,0,1032,FAIL_BUDGET,60,13,438,70,0.2485540792565757,0.0,0.0,0.0,0.0
1619,I11_Regime_Switch_Delay_To_Latent,S1_SHADOW_OFF,0.3055682846359981,58.0,0.0,0.0,58.0,7.0,290.0,0.0,0,0,904,PASS_BUDGET,0,0,-1,0,0.0,0.0,0.0,0.0,0.0
1619,I11_Regime_Switch_Delay_To_Latent,S2_PERIODIC,0.20271999861632264,82.23833333333333,16.511333333333333,0.0,98.74966666666667,22.111333333333334,323.5013333333333,0.2,0,0,1020,PASS_BUDGET,0,0,844,654,0.29152370341784917,0.0,0.0,0.0,0.0
1619,I11_Regime_Switch_Delay_To_Latent,S3_EVENT_TRIGGERED,0.2663039855025396,73.011,17.997,4.0,95.008,15.845,321.6856666666667,0.21016666666666667,25,11,1032,PASS_BUDGET,1061,0,675,0,0.0,0.0,0.0,0.0,0.0
1619,I12_Regime_Switch_Latent_To_Delay,S0_CONTINUOUS,0.20829443448917526,84.29466666666667,88.04533333333333,0.0,172.34,40.33233333333333,377.19166666666666,1.0,0,0,1016,FAIL_BUDGET,19,6,36,77,0.5447509446913995,0.0,0.0,0.0,0.0
1619,I12_Regime_Switch_Latent_To_Delay,S1_SHADOW_OFF,0.32059360533752773,58.0,0.0,0.0,58.0,7.0,290.0,0.0,0,0,904,PASS_BUDGET,0,0,-1,0,0.2263643732670001,0.0,0.0,0.0,0.0
1619,I12_Regime_Switch_Latent_To_Delay,S2_PERIODIC,0.30537447451185734,69.43166666666667,17.221,0.0,86.65266666666666,13.538333333333334,317.4526666666667,0.2,0,0,1004,PASS_BUDGET,145,45,484,814,0.5441049320556743,0.0,0.0,0.0,0.0
1619,I12_Regime_Switch_Latent_To_Delay,S3_EVENT_TRIGGERED,0.2704878097642819,75.42266666666667,22.024,4.0,101.44666666666667,15.741333333333333,329.4316666666667,0.25183333333333335,30,11,1000,FAIL_BUDGET,11,6,12,79,0.5530394015042968,0.0,0.0,0.0,0.0
1619,I13_Regime_Switch_Hybrid_To_Memoryless,S0_CONTINUOUS,0.16636447901261056,89.906,86.677,0.0,176.583,44.803,377.2916666666667,1.0,0,0,1064,FAIL_BUDGET,2188,13,-1,71,0.0,0.0,0.0,0.0,0.0
1619,I13_Regime_Switch_Hybrid_To_Memoryless,S1_SHADOW_OFF,0.26797898649180835,58.0,0.0,0.0,58.0,7.0,290.0,0.0,0,0,904,PASS_BUDGET,0,0,-1,0,0.0,0.0,0.0,0.0,0.0
1619,I13_Regime_Switch_Hybrid_To_Memoryless,S2_PERIODIC,0.24261103415603028,72.33833333333334,17.395333333333333,0.0,89.73366666666666,13.322666666666667,322.025,0.2,0,0,1004,PASS_BUDGET,35,0,-1,0,0.0,0.0,0.0,0.0,0.0
1619,I13_Regime_Switch_Hybrid_To_Memoryless,S3_EVENT_TRIGGERED,0.24362611240618304,70.61966666666666,16.636,4.0,91.25566666666667,13.971,319.1886666666667,0.194,23,14,1016,PASS_BUDGET,0,0,-1,0,0.0,0.0,0.0,0.0,0.0
1619,I14_Intermittent_Hybrid,S0_CONTINUOUS,0.19117339137416423,88.711,86.81133333333334,0.0,175.52233333333334,41.78633333333333,379.897,1.0,0,0,1064,FAIL_BUDGET,1185,26,0,-1,0.4763821844587085,0.0,0.0,0.0,0.0
1619,I14_Intermittent_Hybrid,S1_SHADOW_OFF,0.3010888650382174,58.0,0.0,0.0,58.0,7.0,290.0,0.0,0,0,904,PASS_BUDGET,0,0,-1,-1,0.4824852888730574,0.0,0.0,0.0,0.0
1619,I14_Intermittent_Hybrid,S2_PERIODIC,0.20659719858164874,96.05,17.340666666666667,0.0,113.39066666666666,23.526,342.16966666666667,0.2,0,0,1068,FAIL_BUDGET,1880,175,0,-1,0.27877924301712464,0.0,0.0,0.0,0.0
1619,I14_Intermittent_Hybrid,S3_EVENT_TRIGGERED,0.1716743953537421,107.20633333333333,9.688666666666666,4.0,120.895,32.722,339.443,0.11916666666666667,14,15,1080,FAIL_BUDGET,3642,10,0,-1,0.1551558913994069,0.0,0.0,0.0,0.0
1620,I1_Memoryless_Linear,S0_CONTINUOUS,0.12322773506506288,59.61366666666667,70.18266666666666,0.0,129.79633333333334,23.538,346.5373333333333,1.0,0,0,968,FAIL_BUDGET,0,0,-1,-1,0.0,0.0,0.0,0.0,0.0
1620,I1_Memoryless_Linear,S1_SHADOW_OFF,0.12300268617557257,58.0,0.0,0.0,58.0,7.0,290.0,0.0,0,0,904,PASS_BUDGET,0,0,-1,-1,0.0,0.0,0.0,0.0,0.0
1620,I1_Memoryless_Linear,S2_PERIODIC,0.12349538137446588,59.218333333333334,12.8,0.0,72.01833333333333,10.4,302.12,0.2,0,0,956,PASS_BUDGET,0,0,-1,-1,0.0,0.0,0.0,0.0,0.0
1620,I1_Memoryless_Linear,S3_EVENT_TRIGGERED,0.12328470351061142,71.277,1.312,4.0,76.589,9.246,309.81,0.0205,2,23,968,PASS_BUDGET,0,0,-1,-1,0.0,0.0,0.0,0.0,0.0
1620,I2_Static_Nonlinear_Negative_Control,S0_CONTINUOUS,1.1034274381221476,60.631,88.28966666666666,0.0,148.92066666666668,34.328,352.63433333333336,1.0,0,0,1000,FAIL_BUDGET,0,0,-1,-1,0.0,0.0,0.0,0.0,0.0
1620,I2_Static_Nonlinear_Negative_Control,S1_SHADOW_OFF,1.0917278391049954,58.0,0.0,0.0,58.0,7.0,290.0,0.0,0,0,904,PASS_BUDGET,0,0,-1,-1,0.0,0.0,0.0,0.0,0.0
1620,I2_Static_Nonlinear_Negative_Control,S2_PERIODIC,1.0983090903045547,60.885,17.028333333333332,0.0,77.91333333333333,13.555666666666667,305.10133333333334,0.2,0,0,1004,PASS_BUDGET,10,10,-1,-1,0.0,0.0,0.0,0.0,0.0
1620,I2_Static_Nonlinear_Negative_Control,S3_EVENT_TRIGGERED,1.0966569569864635,59.141333333333336,58.27466666666667,4.0,121.416,27.102,330.40366666666665,0.654,79,0,1032,FAIL_BUDGET,19,1,-1,-1,0.0,0.0,0.0,0.0,0.0
1620,I3_Single_Exact_Delay,S0_CONTINUOUS,0.252701400093297,82.99666666666667,87.14133333333334,0.0,170.138,51.37166666666667,358.23566666666665,1.0,0,0,1016,FAIL_BUDGET,0,0,-1,-1,0.0,0.0,0.0,0.0,0.0
1620,I3_Single_Exact_Delay,S1_SHADOW_OFF,0.44410147052736626,58.0,0.0,0.0,58.0,7.0,290.0,0.0,0,0,904,PASS_BUDGET,0,0,-1,-1,0.0,0.0,0.0,0.0,0.0
1620,I3_Single_Exact_Delay,S2_PERIODIC,0.3238729919592791,72.385,17.095,0.0,89.48,23.252333333333333,308.75233333333335,0.2,0,0,1020,PASS_BUDGET,0,0,-1,-1,0.0,0.0,0.0,0.0,0.0
1620,I3_Single_Exact_Delay,S3_EVENT_TRIGGERED,0.22640614324572664,81.136,13.355333333333334,4.0,98.49133333333333,29.929,310.28266666666667,0.15266666666666667,18,16,1032,PASS_BUDGET,0,0,-1,-1,0.0,0.0,0.0,0.0,0.0
1620,I4_Multi_Sparse_Delay,S0_CONTINUOUS,0.581834151326047,77.87933333333334,88.34766666666667,0.0,166.227,43.580666666666666,363.558,1.0,0,0,1064,FAIL_BUDGET,332,10,-1,-1,0.0,0.0,0.0,0.0,0.0
1620,I4_Multi_Sparse_Delay,S1_SHADOW_OFF,0.626264057694419,58.0,0.0,0.0,58.0,7.0,290.0,0.0,0,0,904,PASS_BUDGET,0,0,-1,-1,0.0,0.0,0.0,0.0,0.0
1620,I4_Multi_Sparse_Delay,S2_PERIODIC,0.6281414612698364,60.026666666666664,17.552666666666667,0.0,77.57933333333334,13.631,304.339,0.2,0,0,1004,PASS_BUDGET,0,0,-1,-1,0.0,0.0,0.0,0.0,0.0
1620,I4_Multi_Sparse_Delay,S3_EVENT_TRIGGERED,0.5445756446618879,80.72566666666667,68.50966666666666,4.0,153.23533333333333,42.224333333333334,351.1383333333333,0.775,93,0,1080,FAIL_BUDGET,351,127,-1,-1,0.0,0.0,0.0,0.0,0.0
1620,I5_Moving_Delay_Support,S0_CONTINUOUS,0.38665166202450824,67.16766666666666,88.217,0.0,155.38466666666667,39.78966666666667,353.77566666666667,1.0,0,0,1016,FAIL_BUDGET,0,0,-1,-1,0.0,0.0,0.0,0.0,0.0
1620,I5_Moving_Delay_Support,S1_SHADOW_OFF,0.44728398024256777,58.0,0.0,0.0,58.0,7.0,290.0,0.0,0,0,904,PASS_BUDGET,0,0,-1,-1,0.0,0.0,0.0,0.0,0.0
1620,I5_Moving_Delay_Support,S2_PERIODIC,0.4504879458609872,60.06666666666667,17.098333333333333,0.0,77.165,13.676666666666666,303.84166666666664,0.2,0,0,972,PASS_BUDGET,0,0,-1,-1,0.0,0.0,0.0,0.0,0.0
1620,I5_Moving_Delay_Support,S3_EVENT_TRIGGERED,0.4237034053781298,62.70133333333333,41.35366666666667,4.0,108.055,24.002666666666666,321.409,0.467,56,2,1032,FAIL_BUDGET,0,0,-1,-1,0.0,0.0,0.0,0.0,0.0
1620,I6_Continuous_Latent_State,S0_CONTINUOUS,0.13835920187247921,91.90933333333334,88.41166666666666,0.0,180.321,34.095,397.43833333333333,1.0,0,0,1000,FAIL_BUDGET,0,0,-1,-1,0.0,0.0,0.0,0.0,0.0
1620,I6_Continuous_Latent_State,S1_SHADOW_OFF,0.2587832218580146,58.0,0.0,0.0,58.0,7.0,290.0,0.0,0,0,904,PASS_BUDGET,0,0,-1,-1,0.0,0.0,0.0,0.0,0.0
1620,I6_Continuous_Latent_State,S2_PERIODIC,0.14086230297908914,91.75166666666667,17.036,0.0,108.78766666666667,13.259,349.1526666666667,0.2,0,0,1004,FAIL_BUDGET,140,10,-1,-1,0.0,0.0,0.0,0.0,0.0
1620,I6_Continuous_Latent_State,S3_EVENT_TRIGGERED,0.13834930026698147,91.77333333333333,4.907333333333334,4.0,100.68066666666667,10.349,341.192,0.06166666666666667,7,20,1016,FAIL_BUDGET,0,0,-1,-1,0.0,0.0,0.0,0.0,0.0
1620,I7_Quiescent_Continuous_State,S0_CONTINUOUS,0.14730927371638197,81.35366666666667,83.74,0.0,165.09366666666668,31.268666666666668,381.0933333333333,1.0,0,0,1000,FAIL_BUDGET,11,0,-1,-1,0.0,0.0,0.0,0.0,0.0
1620,I7_Quiescent_Continuous_State,S1_SHADOW_OFF,0.27071228052240953,58.0,0.0,0.0,58.0,7.0,290.0,0.0,0,0,904,PASS_BUDGET,0,0,-1,-1,0.0,0.0,0.0,1.0,1.0
1620,I7_Quiescent_Continuous_State,S2_PERIODIC,0.20911729332952997,75.11333333333333,16.944666666666667,0.0,92.058,13.889666666666667,324.7076666666667,0.2,0,0,1004,PASS_BUDGET,140,10,-1,-1,0.0,0.0,0.0,0.8,0.8
1620,I7_Quiescent_Continuous_State,S3_EVENT_TRIGGERED,0.14688617171676432,91.864,5.661,4.0,101.525,10.587,341.81466666666665,0.06983333333333333,8,19,1016,FAIL_BUDGET,0,0,-1,-1,0.0,0.0,0.0,0.9945,0.898
1620,I8_Quiescent_Discrete_Delay,S0_CONTINUOUS,0.45996666134537734,59.015,84.62266666666666,0.0,143.63766666666666,32.513666666666666,348.773,1.0,0,0,984,FAIL_BUDGET,0,0,-1,-1,0.0,0.0,0.0,0.0,0.0
1620,I8_Quiescent_Discrete_Delay,S1_SHADOW_OFF,0.4553487741235623,58.0,0.0,0.0,58.0,7.0,290.0,0.0,0,0,904,PASS_BUDGET,0,0,-1,-1,0.0,0.0,0.0,1.0,1.0
1620,I8_Quiescent_Discrete_Delay,S2_PERIODIC,0.4600003482156716,59.935,17.143666666666668,0.0,77.07866666666666,13.535666666666666,303.891,0.2,0,0,988,PASS_BUDGET,0,0,-1,-1,0.0,0.0,0.0,0.8,0.8
1620,I8_Quiescent_Discrete_Delay,S3_EVENT_TRIGGERED,0.30431775452676263,86.748,16.21066666666667,4.0,106.95866666666667,35.16733333333333,314.43833333333333,0.1855,22,13,1080,FAIL_BUDGET,3,1,-1,-1,0.0,0.0,0.0,0.996,0.72375
1620,I9_Hybrid_Delay_Plus_Latent_State,S0_CONTINUOUS,0.19339164284275573,118.47033333333333,87.45933333333333,0.0,205.92966666666666,52.889,406.54133333333334,1.0,0,0,1064,FAIL_BUDGET,4017,19,-1,-1,0.0,0.26662044517136985,0.1270119070833035,0.0,0.0
1620,I9_Hybrid_Delay_Plus_Latent_State,S1_SHADOW_OFF,0.3509277016065093,58.0,0.0,0.0,58.0,7.0,290.0,0.0,0,0,904,PASS_BUDGET,0,0,-1,-1,0.0,0.0,0.0,0.0,0.0
1620,I9_Hybrid_Delay_Plus_Latent_State,S2_PERIODIC,0.3112565582997272,71.725,16.650333333333332,0.0,88.37533333333333,19.215333333333334,312.612,0.2,0,0,1020,PASS_BUDGET,145,105,-1,-1,0.0,0.10093732541517803,0.005952198253270616,0.0,0.0
1620,I9_Hybrid_Delay_Plus_Latent_State,S3_EVENT_TRIGGERED,0.304708101522051,89.15766666666667,30.555,4.0,123.71266666666666,20.429666666666666,351.89166666666665,0.35083333333333333,42,5,1048,FAIL_BUDGET,387,123,-1,-1,0.0,-0.03512366180934726,0.09954167064011615,0.0,0.0
1620,I10_Redundant_Temporal_Structure,S0_CONTINUOUS,0.4265783979405865,92.19433333333333,89.33333333333333,0.0,181.52766666666668,34.74033333333333,397.762,1.0,0,0,1048,FAIL_BUDGET,128,8,-1,-1,0.0,0.0,0.0,0.0,0.0
1620,I10_Redundant_Temporal_Structure,S1_SHADOW_OFF,0.6022743810673766,58.0,0.0,0.0,58.0,7.0,290.0,0.0,0,0,904,PASS_BUDGET,0,0,-1,-1,0.0,0.0,0.0,0.0,0.0
1620,I10_Redundant_Temporal_Structure,S2_PERIODIC,0.4362564157471734,93.68333333333334,17.475,0.0,111.15833333333333,15.371666666666666,349.48966666666666,0.2,0,0,1052,FAIL_BUDGET,835,80,-1,-1,0.0,0.0,0.0,0.0,0.0
1620,I10_Redundant_Temporal_Structure,S3_EVENT_TRIGGERED,0.42535005907332785,94.38633333333334,56.297333333333334,4.0,154.68366666666665,29.891666666666666,374.17033333333336,0.6333333333333333,76,0,1080,FAIL_BUDGET,414,17,-1,-1,0.0,0.0,0.0,0.0,0.0
1620,I11_Regime_Switch_Delay_To_Latent,S0_CONTINUOUS,0.26175249743001605,76.15066666666667,88.552,0.0,164.70266666666666,34.285333333333334,374.9893333333333,1.0,0,0,1016,FAIL_BUDGET,20,9,71,0,0.0,0.0,0.0,0.0,0.0
1620,I11_Regime_Switch_Delay_To_Latent,S1_SHADOW_OFF,0.304535866427722,58.0,0.0,0.0,58.0,7.0,290.0,0.0,0,0,904,PASS_BUDGET,0,0,-1,0,0.0,0.0,0.0,0.0,0.0
1620,I11_Regime_Switch_Delay_To_Latent,S2_PERIODIC,0.30744711061711705,62.60666666666667,16.862333333333332,0.0,79.469,15.440333333333333,304.804,0.2,0,0,1004,PASS_BUDGET,0,0,-1,0,0.0,0.0,0.0,0.0,0.0
1620,I11_Regime_Switch_Delay_To_Latent,S3_EVENT_TRIGGERED,0.2016493706801081,80.76766666666667,14.440666666666667,4.0,99.20833333333333,18.279666666666667,325.61633333333333,0.16916666666666666,20,15,1016,PASS_BUDGET,1,0,301,116,0.3110590298504868,0.0,0.0,0.0,0.0
1620,I12_Regime_Switch_Latent_To_Delay,S0_CONTINUOUS,0.261933711413754,75.597,88.33066666666667,0.0,163.92766666666665,34.124,374.24466666666666,1.0,0,0,1000,FAIL_BUDGET,0,0,178,97,0.46200173077180345,0.0,0.0,0.0,0.0
1620,I12_Regime_Switch_Latent_To_Delay,S1_SHADOW_OFF,0.31396450786634905,58.0,0.0,0.0,58.0,7.0,290.0,0.0,0,0,904,PASS_BUDGET,0,0,-1,0,0.2019368313366967,0.0,0.0,0.0,0.0
1620,I12_Regime_Switch_Latent_To_Delay,S2_PERIODIC,0.26418694646959745,80.40333333333334,17.051333333333332,0.0,97.45466666666667,13.401,332.944,0.2,0,0,1004,PASS_BUDGET,140,50,2714,964,0.45054958462824496,0.0,0.0,0.0,0.0
1620,I12_Regime_Switch_Latent_To_Delay,S3_EVENT_TRIGGERED,0.13433485506679194,101.65233333333333,3.675,4.0,109.32733333333333,17.656333333333333,344.5896666666667,0.05333333333333334,6,20,1016,FAIL_BUDGET,2943,0,57,-1,0.030362961980961223,0.0,0.0,0.0,0.0
1620,I13_Regime_Switch_Hybrid_To_Memoryless,S0_CONTINUOUS,0.20609188676116239,82.72,86.93166666666667,0.0,169.65166666666667,38.809666666666665,376.052,1.0,0,0,1064,FAIL_BUDGET,1088,8,-1,111,0.0,0.0,0.0,0.0,0.0
1620,I13_Regime_Switch_Hybrid_To_Memoryless,S1_SHADOW_OFF,0.272235850222628,58.0,0.0,0.0,58.0,7.0,290.0,0.0,0,0,904,PASS_BUDGET,0,0,-1,0,0.0,0.0,0.0,0.0,0.0
1620,I13_Regime_Switch_Hybrid_To_Memoryless,S2_PERIODIC,0.2666831649038099,64.88333333333334,16.802333333333333,0.0,81.68566666666666,13.957333333333333,309.9816666666667,0.2,0,0,1004,PASS_BUDGET,145,105,-1,0,0.0,0.0,0.0,0.0,0.0
1620,I13_Regime_Switch_Hybrid_To_Memoryless,S3_EVENT_TRIGGERED,0.24688037296267717,89.83733333333333,15.843,4.0,109.68033333333334,13.702666666666667,345.81533333333334,0.1855,22,13,1016,FAIL_BUDGET,0,0,-1,-1,0.0,0.0,0.0,0.0,0.0
1620,I14_Intermittent_Hybrid,S0_CONTINUOUS,0.20948528212548742,83.013,87.91566666666667,0.0,170.92866666666666,38.374,378.08933333333334,1.0,0,0,1064,FAIL_BUDGET,144,26,0,-1,0.47599807873881167,0.0,0.0,0.0,0.0
1620,I14_Intermittent_Hybrid,S1_SHADOW_OFF,0.29407991060858857,58.0,0.0,0.0,58.0,7.0,290.0,0.0,0,0,904,PASS_BUDGET,0,0,-1,-1,0.5346563901610685,0.0,0.0,0.0,0.0
1620,I14_Intermittent_Hybrid,S2_PERIODIC,0.23797926530116661,88.825,17.156,0.0,105.981,14.742333333333333,343.05466666666666,0.2,0,0,1036,FAIL_BUDGET,980,45,0,-1,0.4948458650626139,0.0,0.0,0.0,0.0
1620,I14_Intermittent_Hybrid,S3_EVENT_TRIGGERED,0.22954875496856547,94.067,15.954666666666666,4.0,114.02166666666666,20.648666666666667,343.0643333333333,0.1855,22,13,1080,FAIL_BUDGET,1667,2,0,-1,0.47989116477965427,0.0,0.0,0.0,0.0
1621,I1_Memoryless_Linear,S0_CONTINUOUS,0.1251025919695672,59.541333333333334,71.09,0.0,130.63133333333334,23.974,346.668,1.0,0,0,952,FAIL_BUDGET,0,0,-1,-1,0.0,0.0,0.0,0.0,0.0
1621,I1_Memoryless_Linear,S1_SHADOW_OFF,0.12446180619979805,58.0,0.0,0.0,58.0,7.0,290.0,0.0,0,0,904,PASS_BUDGET,0,0,-1,-1,0.0,0.0,0.0,0.0,0.0
1621,I1_Memoryless_Linear,S2_PERIODIC,0.12446180619979805,58.0,13.092666666666666,0.0,71.09266666666667,10.633666666666667,300.517,0.2,0,0,924,PASS_BUDGET,0,0,-1,-1,0.0,0.0,0.0,0.0,0.0
1621,I1_Memoryless_Linear,S3_EVENT_TRIGGERED,0.12518704784606025,59.587,0.8036666666666666,4.0,64.39066666666666,9.175333333333333,292.8713333333333,0.012166666666666666,1,23,968,PASS_BUDGET,0,0,-1,-1,0.0,0.0,0.0,0.0,0.0
1621,I2_Static_Nonlinear_Negative_Control,S0_CONTINUOUS,1.053295254358358,59.184666666666665,88.76433333333334,0.0,147.949,34.84866666666667,350.24033333333335,1.0,0,0,1016,FAIL_BUDGET,12,5,-1,-1,0.0,0.0,0.0,0.0,0.0
1621,I2_Static_Nonlinear_Negative_Control,S1_SHADOW_OFF,1.0426487454174145,58.0,0.0,0.0,58.0,7.0,290.0,0.0,0,0,904,PASS_BUDGET,0,0,-1,-1,0.0,0.0,0.0,0.0,0.0
1621,I2_Static_Nonlinear_Negative_Control,S2_PERIODIC,1.0445331973556518,58.15833333333333,17.367333333333335,0.0,75.52566666666667,13.368666666666666,301.888,0.2,0,0,956,PASS_BUDGET,0,0,-1,-1,0.0,0.0,0.0,0.0,0.0
1621,I2_Static_Nonlinear_Negative_Control,S3_EVENT_TRIGGERED,1.045554288604169,59.912333333333336,53.275333333333336,4.0,117.18766666666667,25.452333333333332,328.3636666666667,0.6008333333333333,73,0,1016,FAIL_BUDGET,0,0,-1,-1,0.0,0.0,0.0,0.0,0.0
1621,I3_Single_Exact_Delay,S0_CONTINUOUS,0.4561195787869541,60.022666666666666,88.588,0.0,148.61066666666667,34.41833333333334,351.92033333333336,1.0,0,0,1000,FAIL_BUDGET,4,1,-1,-1,0.0,0.0,0.0,0.0,0.0
1621,I3_Single_Exact_Delay,S1_SHADOW_OFF,0.4527728793691859,58.0,0.0,0.0,58.0,7.0,290.0,0.0,0,0,904,PASS_BUDGET,0,0,-1,-1,0.0,0.0,0.0,0.0,0.0
1621,I3_Single_Exact_Delay,S2_PERIODIC,0.24932530827633054,82.675,16.486,0.0,99.161,32.066,311.242,0.2,0,0,1020,PASS_BUDGET,0,0,-1,-1,0.0,0.0,0.0,0.0,0.0
1621,I3_Single_Exact_Delay,S3_EVENT_TRIGGERED,0.2635563353754545,76.799,22.17866666666667,4.0,102.97766666666666,29.545333333333332,314.085,0.25216666666666665,30,13,1016,FAIL_BUDGET,0,0,-1,-1,0.0,0.0,0.0,0.0,0.0
1621,I4_Multi_Sparse_Delay,S0_CONTINUOUS,0.5793349652649458,75.311,88.628,0.0,163.939,41.43266666666667,363.2796666666667,1.0,0,0,1064,FAIL_BUDGET,346,29,-1,-1,0.0,0.0,0.0,0.0,0.0
1621,I4_Multi_Sparse_Delay,S1_SHADOW_OFF,0.6115226468804849,58.0,0.0,0.0,58.0,7.0,290.0,0.0,0,0,904,PASS_BUDGET,0,0,-1,-1,0.0,0.0,0.0,0.0,0.0
1621,I4_Multi_Sparse_Delay,S2_PERIODIC,0.6173134572178067,59.425,17.560666666666666,0.0,76.98566666666666,14.449,302.42833333333334,0.2,0,0,1004,PASS_BUDGET,0,0,-1,-1,0.0,0.0,0.0,0.0,0.0
1621,I4_Multi_Sparse_Delay,S3_EVENT_TRIGGERED,0.584798425437546,72.333,72.19066666666667,4.0,148.52366666666666,37.39066666666667,349.811,0.8151666666666667,98,0,1080,FAIL_BUDGET,115,6,-1,-1,0.0,0.0,0.0,0.0,0.0
1621,I5_Moving_Delay_Support,S0_CONTINUOUS,0.3920780231476144,64.65466666666667,88.223,0.0,152.87766666666667,38.257333333333335,352.4313333333333,1.0,0,0,1016,FAIL_BUDGET,0,0,-1,-1,0.0,0.0,0.0,0.0,0.0
1621,I5_Moving_Delay_Support,S1_SHADOW_OFF,0.4305380115049148,58.0,0.0,0.0,58.0,7.0,290.0,0.0,0,0,904,PASS_BUDGET,0,0,-1,-1,0.0,0.0,0.0,0.0,0.0
1621,I5_Moving_Delay_Support,S2_PERIODIC,0.4312578967528579,59.43333333333333,17.14666666666667,0.0,76.58,14.216666666666667,302.31166666666667,0.2,0,0,1004,PASS_BUDGET,0,0,-1,-1,0.0,0.0,0.0,0.0,0.0
1621,I5_Moving_Delay_Support,S3_EVENT_TRIGGERED,0.2172414215074515,78.54966666666667,17.403666666666666,4.0,99.95333333333333,29.976333333333333,310.744,0.2025,24,15,1032,PASS_BUDGET,0,0,-1,-1,0.0,0.0,0.0,0.0,0.0
1621,I6_Continuous_Latent_State,S0_CONTINUOUS,0.14577853732664503,91.92066666666666,88.19266666666667,0.0,180.11333333333334,33.954,397.3036666666667,1.0,0,0,1016,FAIL_BUDGET,24,6,-1,-1,0.0,0.0,0.0,0.0,0.0
1621,I6_Continuous_Latent_State,S1_SHADOW_OFF,0.2860372740450549,58.0,0.0,0.0,58.0,7.0,290.0,0.0,0,0,904,PASS_BUDGET,0,0,-1,-1,0.0,0.0,0.0,0.0,0.0
1621,I6_Continuous_Latent_State,S2_PERIODIC,0.1480240945983097,91.35666666666667,17.302,0.0,108.65866666666666,13.320666666666666,348.7436666666667,0.2,0,0,1020,FAIL_BUDGET,85,0,-1,-1,0.0,0.0,0.0,0.0,0.0
1621,I6_Continuous_Latent_State,S3_EVENT_TRIGGERED,0.14549689691950024,91.86933333333333,10.192,4.0,106.06133333333334,12.160333333333334,344.62333333333333,0.11933333333333333,14,16,1016,FAIL_BUDGET,15,0,-1,-1,0.0,0.0,0.0,0.0,0.0
1621,I7_Quiescent_Continuous_State,S0_CONTINUOUS,0.15553555095264834,81.014,86.24,0.0,167.254,32.821333333333335,381.41566666666665,1.0,0,0,1000,FAIL_BUDGET,1,0,-1,-1,0.0,0.0,0.0,0.0,0.0
1621,I7_Quiescent_Continuous_State,S1_SHADOW_OFF,0.29460297892135695,58.0,0.0,0.0,58.0,7.0,290.0,0.0,0,0,904,PASS_BUDGET,0,0,-1,-1,0.0,0.0,0.0,1.0,1.0
1621,I7_Quiescent_Continuous_State,S2_PERIODIC,0.17358413991598295,83.06,17.284,0.0,100.344,13.23,337.1383333333333,0.2,0,0,1004,FAIL_BUDGET,0,0,-1,-1,0.0,0.0,0.0,0.8,0.8
1621,I7_Quiescent_Continuous_State,S3_EVENT_TRIGGERED,0.1535803250717548,91.86933333333333,10.936333333333334,4.0,106.80566666666667,12.386,345.12766666666664,0.12783333333333333,15,17,1016,FAIL_BUDGET,15,0,-1,-1,0.0,0.0,0.0,0.996,0.81025
1621,I8_Quiescent_Discrete_Delay,S0_CONTINUOUS,0.31566325327847977,72.421,86.70566666666667,0.0,159.12666666666667,42.44833333333333,355.95033333333333,1.0,0,0,1016,FAIL_BUDGET,4,1,-1,-1,0.0,0.0,0.0,0.0,0.0
1621,I8_Quiescent_Discrete_Delay,S1_SHADOW_OFF,0.46176440333902397,58.0,0.0,0.0,58.0,7.0,290.0,0.0,0,0,904,PASS_BUDGET,0,0,-1,-1,0.0,0.0,0.0,1.0,1.0
1621,I8_Quiescent_Discrete_Delay,S2_PERIODIC,0.315372998475074,70.35833333333333,16.570333333333334,0.0,86.92866666666667,22.453,306.43233333333336,0.2,0,0,1020,PASS_BUDGET,0,0,-1,-1,0.0,0.0,0.0,0.8,0.8
1621,I8_Quiescent_Discrete_Delay,S3_EVENT_TRIGGERED,0.31312618550871973,69.209,20.301666666666666,4.0,93.51066666666667,22.873,309.79,0.23133333333333334,28,14,1016,PASS_BUDGET,0,0,-1,-1,0.0,0.0,0.0,0.986,0.66
1621,I9_Hybrid_Delay_Plus_Latent_State,S0_CONTINUOUS,0.15890814550208088,130.35,86.569,0.0,216.919,60.87566666666667,410.7253333333333,1.0,0,0,1064,FAIL_BUDGET,5841,1,-1,-1,0.0,0.38836672699857766,0.16643726843221762,0.0,0.0
1621,I9_Hybrid_Delay_Plus_Latent_State,S1_SHADOW_OFF,0.3623540602562776,58.0,0.0,0.0,58.0,7.0,290.0,0.0,0,0,904,PASS_BUDGET,0,0,-1,-1,0.0,0.0,0.0,0.0,0.0
1621,I9_Hybrid_Delay_Plus_Latent_State,S2_PERIODIC,0.3336042052242947,77.0,17.351666666666667,0.0,94.35166666666667,13.659333333333333,328.03333333333336,0.2,0,0,1020,PASS_BUDGET,110,55,-1,-1,0.0,-0.036665981982678945,0.07198155882432633,0.0,0.0
1621,I9_Hybrid_Delay_Plus_Latent_State,S3_EVENT_TRIGGERED,0.3241209554026802,83.76766666666667,37.428333333333335,4.0,125.196,20.733333333333334,351.1766666666667,0.425,51,0,1048,FAIL_BUDGET,184,137,-1,-1,0.0,-0.0659432026013423,0.06974968402442384,0.0,0.0
1621,I10_Redundant_Temporal_Structure,S0_CONTINUOUS,0.42922981991558445,92.31633333333333,89.02833333333334,0.0,181.34466666666665,34.677,397.63366666666667,1.0,0,0,1048,FAIL_BUDGET,211,15,-1,-1,0.0,0.0,0.0,0.0,0.0
1621,I10_Redundant_Temporal_Structure,S1_SHADOW_OFF,0.6012425910631392,58.0,0.0,0.0,58.0,7.0,290.0,0.0,0,0,904,PASS_BUDGET,0,0,-1,-1,0.0,0.0,0.0,0.0,0.0
1621,I10_Redundant_Temporal_Structure,S2_PERIODIC,0.44740651288218114,88.47166666666666,17.625333333333334,0.0,106.097,13.636333333333333,344.582,0.2,0,0,1020,FAIL_BUDGET,30,10,-1,-1,0.0,0.0,0.0,0.0,0.0
1621,I10_Redundant_Temporal_Structure,S3_EVENT_TRIGGERED,0.3966081510214294,94.73766666666667,55.27433333333333,4.0,154.012,32.928,369.5226666666667,0.625,75,0,1080,FAIL_BUDGET,463,27,-1,-1,0.0,0.0,0.0,0.0,0.0
1621,I11_Regime_Switch_Delay_To_Latent,S0_CONTINUOUS,0.27367907157436655,75.81,88.41833333333334,0.0,164.22833333333332,34.17333333333333,374.52566666666667,1.0,0,0,1016,FAIL_BUDGET,11,5,154,0,0.0,0.0,0.0,0.0,0.0
1621,I11_Regime_Switch_Delay_To_Latent,S1_SHADOW_OFF,0.3253681429365381,58.0,0.0,0.0,58.0,7.0,290.0,0.0,0,0,904,PASS_BUDGET,0,0,-1,0,0.0,0.0,0.0,0.0,0.0
1621,I11_Regime_Switch_Delay_To_Latent,S2_PERIODIC,0.3264418011564206,58.225,16.86,0.0,75.085,13.108,301.757,0.2,0,0,988,PASS_BUDGET,0,0,-1,0,0.0,0.0,0.0,0.0,0.0
1621,I11_Regime_Switch_Delay_To_Latent,S3_EVENT_TRIGGERED,0.2752135258146884,74.417,21.216,4.0,99.633,15.777666666666667,327.011,0.24333333333333335,29,10,1016,PASS_BUDGET,0,0,226,0,0.0,0.0,0.0,0.0,0.0
1621,I12_Regime_Switch_Latent_To_Delay,S0_CONTINUOUS,0.2686250342645959,75.41666666666667,87.54733333333333,0.0,162.964,33.693333333333335,373.6446666666667,1.0,0,0,1000,FAIL_BUDGET,4,0,253,55,0.4523518905134141,0.0,0.0,0.0,0.0
1621,I12_Regime_Switch_Latent_To_Delay,S1_SHADOW_OFF,0.32551574366820374,58.0,0.0,0.0,58.0,7.0,290.0,0.0,0,0,904,PASS_BUDGET,0,0,-1,0,0.1676304340712621,0.0,0.0,0.0,0.0
1621,I12_Regime_Switch_Latent_To_Delay,S2_PERIODIC,0.22705152942406062,85.07166666666667,17.06,0.0,102.13166666666666,17.377,334.333,0.2,0,0,1020,FAIL_BUDGET,60,55,184,954,0.4603503513312565,0.0,0.0,0.0,0.0
1621,I12_Regime_Switch_Latent_To_Delay,S3_EVENT_TRIGGERED,0.1413874431920566,79.675,8.602,4.0,92.277,16.091,320.7176666666667,0.10283333333333333,12,17,1016,PASS_BUDGET,21,4,27,27,0.0,0.0,0.0,0.0,0.0
1621,I13_Regime_Switch_Hybrid_To_Memoryless,S0_CONTINUOUS,0.1602869210061308,94.004,86.43533333333333,0.0,180.43933333333334,46.772333333333336,379.856,1.0,0,0,1064,FAIL_BUDGET,2866,2,-1,75,0.0,0.0,0.0,0.0,0.0
1621,I13_Regime_Switch_Hybrid_To_Memoryless,S1_SHADOW_OFF,0.28429871502279885,58.0,0.0,0.0,58.0,7.0,290.0,0.0,0,0,904,PASS_BUDGET,0,0,-1,0,0.0,0.0,0.0,0.0,0.0
1621,I13_Regime_Switch_Hybrid_To_Memoryless,S2_PERIODIC,0.28252203516358654,63.33,17.335,0.0,80.665,13.516666666666667,308.9216666666667,0.2,0,0,1004,PASS_BUDGET,0,0,-1,619,0.0,0.0,0.0,0.0,0.0
1621,I13_Regime_Switch_Hybrid_To_Memoryless,S3_EVENT_TRIGGERED,0.26839006611768845,84.72433333333333,19.756333333333334,4.0,108.48066666666666,15.051,341.02366666666666,0.227,27,12,1032,FAIL_BUDGET,17,0,-1,-1,0.0,0.0,0.0,0.0,0.0
1621,I14_Intermittent_Hybrid,S0_CONTINUOUS,0.24679908490931804,77.52233333333334,87.68966666666667,0.0,165.212,33.809666666666665,376.67133333333334,1.0,0,0,1016,FAIL_BUDGET,38,10,0,-1,0.5626089776512804,0.0,0.0,0.0,0.0
1621,I14_Intermittent_Hybrid,S1_SHADOW_OFF,0.3112205744270331,58.0,0.0,0.0,58.0,7.0,290.0,0.0,0,0,904,PASS_BUDGET,0,0,-1,-1,0.6011066268150249,0.0,0.0,0.0,0.0
1621,I14_Intermittent_Hybrid,S2_PERIODIC,0.24453494963231862,88.62833333333333,16.804,0.0,105.43233333333333,12.876,344.881,0.2,0,0,1004,FAIL_BUDGET,0,0,0,-1,0.5645182848819239,0.0,0.0,0.0,0.0
1621,I14_Intermittent_Hybrid,S3_EVENT_TRIGGERED,0.2341108124170758,85.396,17.152333333333335,4.0,106.54833333333333,14.748,339.6413333333333,0.202,24,12,1032,FAIL_BUDGET,432,12,0,-1,0.5699378069013679,0.0,0.0,0.0,0.0
1622,I1_Memoryless_Linear,S0_CONTINUOUS,0.12806578578544983,59.39366666666667,73.45533333333333,0.0,132.849,25.733666666666668,347.31766666666664,1.0,0,0,952,FAIL_BUDGET,0,0,-1,-1,0.0,0.0,0.0,0.0,0.0
1622,I1_Memoryless_Linear,S1_SHADOW_OFF,0.1273516937126553,58.0,0.0,0.0,58.0,7.0,290.0,0.0,0,0,904,PASS_BUDGET,0,0,-1,-1,0.0,0.0,0.0,0.0,0.0
1622,I1_Memoryless_Linear,S2_PERIODIC,0.12745761435106473,58.09166666666667,14.216666666666667,0.0,72.30833333333334,11.604333333333333,301.003,0.2,0,0,924,PASS_BUDGET,0,0,-1,-1,0.0,0.0,0.0,0.0,0.0
1622,I1_Memoryless_Linear,S3_EVENT_TRIGGERED,0.12788238729054166,59.462,0.7786666666666666,4.0,64.24066666666667,9.146,292.69666666666666,0.012166666666666666,1,23,968,PASS_BUDGET,0,0,-1,-1,0.0,0.0,0.0,0.0,0.0
1622,I2_Static_Nonlinear_Negative_Control,S0_CONTINUOUS,1.0501127620142516,58.778666666666666,88.23033333333333,0.0,147.009,34.42666666666667,349.87666666666667,1.0,0,0,1000,FAIL_BUDGET,0,0,-1,-1,0.0,0.0,0.0,0.0,0.0
1622,I2_Static_Nonlinear_Negative_Control,S1_SHADOW_OFF,1.0435727725948427,58.0,0.0,0.0,58.0,7.0,290.0,0.0,0,0,904,PASS_BUDGET,0,0,-1,-1,0.0,0.0,0.0,0.0,0.0
1622,I2_Static_Nonlinear_Negative_Control,S2_PERIODIC,1.0469562301587445,60.42333333333333,17.514666666666667,0.0,77.938,13.597333333333333,304.88233333333335,0.2,0,0,1004,PASS_BUDGET,0,0,-1,-1,0.0,0.0,0.0,0.0,0.0
1622,I2_Static_Nonlinear_Negative_Control,S3_EVENT_TRIGGERED,1.0533956030373035,60.523,56.096333333333334,4.0,120.61933333333333,26.396,331.019,0.6333333333333333,76,0,1016,FAIL_BUDGET,1,0,-1,-1,0.0,0.0,0.0,0.0,0.0
1622,I3_Single_Exact_Delay,S0_CONTINUOUS,0.14145336481388227,96.73166666666667,86.23233333333333,0.0,182.964,60.840333333333334,362.9873333333333,1.0,0,0,1016,FAIL_BUDGET,0,0,-1,-1,0.0,0.0,0.0,0.0,0.0
1622,I3_Single_Exact_Delay,S1_SHADOW_OFF,0.44900296898416797,58.0,0.0,0.0,58.0,7.0,290.0,0.0,0,0,904,PASS_BUDGET,0,0,-1,-1,0.0,0.0,0.0,0.0,0.0
1622,I3_Single_Exact_Delay,S2_PERIODIC,0.44977440810701025,58.233333333333334,17.565666666666665,0.0,75.799,13.525333333333334,301.96633333333335,0.2,0,0,972,PASS_BUDGET,0,0,-1,-1,0.0,0.0,0.0,0.0,0.0
1622,I3_Single_Exact_Delay,S3_EVENT_TRIGGERED,0.2787532019850404,64.23833333333333,23.384333333333334,4.0,91.62266666666666,20.922333333333334,308.325,0.26866666666666666,32,12,1000,PASS_BUDGET,0,0,-1,-1,0.0,0.0,0.0,0.0,0.0
1622,I4_Multi_Sparse_Delay,S0_CONTINUOUS,0.3818927877411911,90.18433333333333,87.95933333333333,0.0,178.14366666666666,53.077333333333335,366.84366666666665,1.0,0,0,1064,FAIL_BUDGET,193,16,-1,-1,0.0,0.0,0.0,0.0,0.0
1622,I4_Multi_Sparse_Delay,S1_SHADOW_OFF,0.6302253174766522,58.0,0.0,0.0,58.0,7.0,290.0,0.0,0,0,904,PASS_BUDGET,0,0,-1,-1,0.0,0.0,0.0,0.0,0.0
1622,I4_Multi_Sparse_Delay,S2_PERIODIC,0.6346112797692515,61.568333333333335,17.597333333333335,0.0,79.16566666666667,14.512333333333334,305.38,0.2,0,0,1004,PASS_BUDGET,10,5,-1,-1,0.0,0.0,0.0,0.0,0.0
1622,I4_Multi_Sparse_Delay,S3_EVENT_TRIGGERED,0.4255134285130477,89.951,51.163666666666664,4.0,145.11466666666666,42.827666666666666,345.0846666666667,0.5816666666666667,70,0,1080,FAIL_BUDGET,704,59,-1,-1,0.0,0.0,0.0,0.0,0.0
1622,I5_Moving_Delay_Support,S0_CONTINUOUS,0.33927855897688003,74.323,87.945,0.0,162.268,45.391,355.53066666666666,1.0,0,0,1016,FAIL_BUDGET,0,0,-1,-1,0.0,0.0,0.0,0.0,0.0
1622,I5_Moving_Delay_Support,S1_SHADOW_OFF,0.4652241211568285,58.0,0.0,0.0,58.0,7.0,290.0,0.0,0,0,904,PASS_BUDGET,0,0,-1,-1,0.0,0.0,0.0,0.0,0.0
1622,I5_Moving_Delay_Support,S2_PERIODIC,0.4458118167622554,63.15833333333333,17.314666666666668,0.0,80.473,17.046666666666667,304.0876666666667,0.2,0,0,1020,PASS_BUDGET,0,0,-1,-1,0.0,0.0,0.0,0.0,0.0
1622,I5_Moving_Delay_Support,S3_EVENT_TRIGGERED,0.3111171455485946,73.336,27.218666666666667,4.0,104.55466666666666,29.324,314.74766666666665,0.31016666666666665,37,11,1016,FAIL_BUDGET,0,0,-1,-1,0.0,0.0,0.0,0.0,0.0
1622,I6_Continuous_Latent_State,S0_CONTINUOUS,0.14818589891110112,91.85566666666666,88.30133333333333,0.0,180.157,34.01233333333333,397.293,1.0,0,0,1000,FAIL_BUDGET,10,0,-1,-1,0.0,0.0,0.0,0.0,0.0
1622,I6_Continuous_Latent_State,S1_SHADOW_OFF,0.2889128343120208,58.0,0.0,0.0,58.0,7.0,290.0,0.0,0,0,904,PASS_BUDGET,0,0,-1,-1,0.0,0.0,0.0,0.0,0.0
1622,I6_Continuous_Latent_State,S2_PERIODIC,0.15170257619389793,91.11,17.448333333333334,0.0,108.55833333333334,13.305333333333333,348.5763333333333,0.2,0,0,1004,FAIL_BUDGET,10,0,-1,-1,0.0,0.0,0.0,0.0,0.0
1622,I6_Continuous_Latent_State,S3_EVENT_TRIGGERED,0.14766569546221348,91.85266666666666,8.451,4.0,104.30366666666667,11.422,343.73466666666667,0.10283333333333333,12,17,1016,FAIL_BUDGET,0,0,-1,-1,0.0,0.0,0.0,0.0,0.0
1622,I7_Quiescent_Continuous_State,S0_CONTINUOUS,0.15612815030262156,81.36666666666666,83.96366666666667,0.0,165.33033333333333,31.445333333333334,381.1976666666667,1.0,0,0,1000,FAIL_BUDGET,10,0,-1,-1,0.0,0.0,0.0,0.0,0.0
1622,I7_Quiescent_Continuous_State,S1_SHADOW_OFF,0.2960042594553898,58.0,0.0,0.0,58.0,7.0,290.0,0.0,0,0,904,PASS_BUDGET,0,0,-1,-1,0.0,0.0,0.0,1.0,1.0
1622,I7_Quiescent_Continuous_State,S2_PERIODIC,0.2164818288266958,78.07666666666667,17.372333333333334,0.0,95.449,13.267333333333333,330.1573333333333,0.2,0,0,1004,PASS_BUDGET,10,0,-1,-1,0.0,0.0,0.0,0.8,0.8
1622,I7_Quiescent_Continuous_State,S3_EVENT_TRIGGERED,0.15482488561016453,91.85266666666666,9.197,4.0,105.04966666666667,11.652,344.23333333333335,0.11116666666666666,13,17,1016,FAIL_BUDGET,0,0,-1,-1,0.0,0.0,0.0,0.996,0.83525
1622,I8_Quiescent_Discrete_Delay,S0_CONTINUOUS,0.19203323045216844,82.02166666666666,85.31666666666666,0.0,167.33833333333334,49.736333333333334,357.415,1.0,0,0,1016,FAIL_BUDGET,0,0,-1,-1,0.0,0.0,0.0,0.0,0.0
1622,I8_Quiescent_Discrete_Delay,S1_SHADOW_OFF,0.45760565825559235,58.0,0.0,0.0,58.0,7.0,290.0,0.0,0,0,904,PASS_BUDGET,0,0,-1,-1,0.0,0.0,0.0,1.0,1.0
1622,I8_Quiescent_Discrete_Delay,S2_PERIODIC,0.4581870888666838,58.03333333333333,17.442333333333334,0.0,75.47566666666667,13.316333333333333,301.8616666666667,0.2,0,0,956,PASS_BUDGET,0,0,-1,-1,0.0,0.0,0.0,0.8,0.8
1622,I8_Quiescent_Discrete_Delay,S3_EVENT_TRIGGERED,0.46037338909853626,58.416666666666664,32.235,4.0,94.65166666666667,19.063,311.89,0.36633333333333334,44,8,984,PASS_BUDGET,0,0,-1,-1,0.0,0.0,0.0,0.996,0.4525
1622,I9_Hybrid_Delay_Plus_Latent_State,S0_CONTINUOUS,0.19088159232997834,120.895,87.10233333333333,0.0,207.99733333333333,56.088,404.922,1.0,0,0,1064,FAIL_BUDGET,4439,16,-1,-1,0.0,0.3189008038247112,0.14275486290626313,0.0,0.0
1622,I9_Hybrid_Delay_Plus_Latent_State,S1_SHADOW_OFF,0.36887443463969805,58.0,0.0,0.0,58.0,7.0,290.0,0.0,0,0,904,PASS_BUDGET,0,0,-1,-1,0.0,0.0,0.0,0.0,0.0
1622,I9_Hybrid_Delay_Plus_Latent_State,S2_PERIODIC,0.3612160603949248,64.975,17.504333333333335,0.0,82.47933333333333,14.111,310.6596666666667,0.2,0,0,1020,PASS_BUDGET,170,20,-1,-1,0.0,-0.05547713187806873,0.013633887272464574,0.0,0.0
1622,I9_Hybrid_Delay_Plus_Latent_State,S3_EVENT_TRIGGERED,0.19305473295956566,116.50033333333333,15.823,4.0,136.32333333333332,33.287333333333336,358.33866666666665,0.18533333333333332,22,12,1080,FAIL_BUDGET,4516,6,-1,-1,0.0,0.2182350231526148,0.12200688935578143,0.0,0.0
1622,I10_Redundant_Temporal_Structure,S0_CONTINUOUS,0.4282201776831884,95.447,88.60433333333333,0.0,184.05133333333333,36.67033333333333,398.7216666666667,1.0,0,0,1064,FAIL_BUDGET,704,43,-1,-1,0.0,0.0,0.0,0.0,0.0
1622,I10_Redundant_Temporal_Structure,S1_SHADOW_OFF,0.6047134885370449,58.0,0.0,0.0,58.0,7.0,290.0,0.0,0,0,904,PASS_BUDGET,0,0,-1,-1,0.0,0.0,0.0,0.0,0.0
1622,I10_Redundant_Temporal_Structure,S2_PERIODIC,0.41628586460996986,100.5,17.486666666666668,0.0,117.98666666666666,20.843333333333334,352.02733333333333,0.2,0,0,1068,FAIL_BUDGET,1816,60,-1,-1,0.0,0.0,0.0,0.0,0.0
1622,I10_Redundant_Temporal_Structure,S3_EVENT_TRIGGERED,0.3949932657911123,103.93933333333334,48.059,4.0,155.99833333333333,35.91766666666667,370.773,0.5483333333333333,66,0,1080,FAIL_BUDGET,2122,178,-1,-1,0.0,0.0,0.0,0.0,0.0
1622,I11_Regime_Switch_Delay_To_Latent,S0_CONTINUOUS,0.145413707272501,92.077,86.86833333333334,0.0,178.94533333333334,46.898,377.3353333333333,1.0,0,0,1016,FAIL_BUDGET,0,0,331,78,0.31563537546917,0.0,0.0,0.0,0.0
1622,I11_Regime_Switch_Delay_To_Latent,S1_SHADOW_OFF,0.3257276426003718,58.0,0.0,0.0,58.0,7.0,290.0,0.0,0,0,904,PASS_BUDGET,0,0,-1,0,0.0,0.0,0.0,0.0,0.0
1622,I11_Regime_Switch_Delay_To_Latent,S2_PERIODIC,0.3255568794599515,58.083333333333336,17.527333333333335,0.0,75.61066666666666,13.408666666666667,301.908,0.2,0,0,972,PASS_BUDGET,0,0,-1,0,0.0,0.0,0.0,0.0,0.0
1622,I11_Regime_Switch_Delay_To_Latent,S3_EVENT_TRIGGERED,0.1511654007901117,83.68566666666666,7.258666666666667,4.0,94.94433333333333,18.880666666666666,321.28933333333333,0.0865,10,19,1032,PASS_BUDGET,0,0,192,72,0.2434984163002173,0.0,0.0,0.0,0.0
1622,I12_Regime_Switch_Latent_To_Delay,S0_CONTINUOUS,0.27099771380438775,75.44433333333333,87.95333333333333,0.0,163.39766666666668,34.10666666666667,373.4836666666667,1.0,0,0,1016,FAIL_BUDGET,63,25,215,12,0.5561437727968446,0.0,0.0,0.0,0.0
1622,I12_Regime_Switch_Latent_To_Delay,S1_SHADOW_OFF,0.32416148246532134,58.0,0.0,0.0,58.0,7.0,290.0,0.0,0,0,904,PASS_BUDGET,0,0,-1,0,0.31205126755537116,0.0,0.0,0.0,0.0
1622,I12_Regime_Switch_Latent_To_Delay,S2_PERIODIC,0.32372991388603795,60.235,17.314,0.0,77.549,13.990666666666666,303.919,0.2,0,0,1004,PASS_BUDGET,0,0,2079,0,0.31205126755537116,0.0,0.0,0.0,0.0
1622,I12_Regime_Switch_Latent_To_Delay,S3_EVENT_TRIGGERED,0.26947707935883836,74.90866666666666,18.004333333333335,4.0,96.913,14.166,326.4456666666667,0.21816666666666668,26,11,984,PASS_BUDGET,0,0,99,3,0.5463191838874899,0.0,0.0,0.0,0.0
1622,I13_Regime_Switch_Hybrid_To_Memoryless,S0_CONTINUOUS,0.20234182684546986,84.27266666666667,87.65766666666667,0.0,171.93033333333332,42.121,374.1453333333333,1.0,0,0,1064,FAIL_BUDGET,1467,15,-1,31,0.0,0.0,0.0,0.0,0.0
1622,I13_Regime_Switch_Hybrid_To_Memoryless,S1_SHADOW_OFF,0.28753817545303934,58.0,0.0,0.0,58.0,7.0,290.0,0.0,0,0,904,PASS_BUDGET,0,0,-1,0,0.0,0.0,0.0,0.0,0.0
1622,I13_Regime_Switch_Hybrid_To_Memoryless,S2_PERIODIC,0.2768433287182375,65.43333333333334,17.481333333333332,0.0,82.91466666666666,14.453333333333333,310.8306666666667,0.2,0,0,1020,PASS_BUDGET,170,20,-1,224,0.0,0.0,0.0,0.0,0.0
1622,I13_Regime_Switch_Hybrid_To_Memoryless,S3_EVENT_TRIGGERED,0.2060415241949454,80.607,12.984333333333334,4.0,97.59133333333334,17.405333333333335,324.9646666666667,0.1525,18,15,1064,PASS_BUDGET,1517,6,-1,9,0.0,0.0,0.0,0.0,0.0
1622,I14_Intermittent_Hybrid,S0_CONTINUOUS,0.24852806598401672,76.57266666666666,88.52966666666667,0.0,165.10233333333332,34.334666666666664,375.55833333333334,1.0,0,0,1000,FAIL_BUDGET,2,1,0,-1,0.40820383012732553,0.0,0.0,0.0,0.0
1622,I14_Intermittent_Hybrid,S1_SHADOW_OFF,0.3118839505873426,58.0,0.0,0.0,58.0,7.0,290.0,0.0,0,0,904,PASS_BUDGET,0,0,-1,-1,0.47532615621347785,0.0,0.0,0.0,0.0
1622,I14_Intermittent_Hybrid,S2_PERIODIC,0.22150284589153763,92.99833333333333,17.264333333333333,0.0,110.26266666666666,20.049,342.27,0.2,0,0,1068,FAIL_BUDGET,1530,185,0,-1,0.40808862095703563,0.0,0.0,0.0,0.0
1622,I14_Intermittent_Hybrid,S3_EVENT_TRIGGERED,0.25427869195946684,82.80866666666667,17.546666666666667,4.0,104.35533333333333,14.285,336.9696666666667,0.20216666666666666,24,13,1016,FAIL_BUDGET,0,0,0,-1,0.4082079091599615,0.0,0.0,0.0,0.0
1623,I1_Memoryless_Linear,S0_CONTINUOUS,0.12036161007500305,59.665333333333336,69.92333333333333,0.0,129.58866666666665,23.397666666666666,346.4273333333333,1.0,0,0,952,FAIL_BUDGET,0,0,-1,-1,0.0,0.0,0.0,0.0,0.0
1623,I1_Memoryless_Linear,S1_SHADOW_OFF,0.12047199924501652,58.0,0.0,0.0,58.0,7.0,290.0,0.0,0,0,904,PASS_BUDGET,0,0,-1,-1,0.0,0.0,0.0,0.0,0.0
1623,I1_Memoryless_Linear,S2_PERIODIC,0.12085210170858258,58.821666666666665,13.814333333333334,0.0,72.636,11.124,301.92266666666666,0.2,0,0,956,PASS_BUDGET,0,0,-1,-1,0.0,0.0,0.0,0.0,0.0
1623,I1_Memoryless_Linear,S3_EVENT_TRIGGERED,0.1204292795154771,91.77333333333333,0.7786666666666666,4.0,96.552,9.146,338.31266666666664,0.012166666666666666,1,23,968,PASS_BUDGET,0,0,-1,-1,0.0,0.0,0.0,0.0,0.0
1623,I2_Static_Nonlinear_Negative_Control,S0_CONTINUOUS,1.0975930795164557,59.793,88.681,0.0,148.474,34.291666666666664,351.961,1.0,0,0,1000,FAIL_BUDGET,0,0,-1,-1,0.0,0.0,0.0,0.0,0.0
1623,I2_Static_Nonlinear_Negative_Control,S1_SHADOW_OFF,1.0906418831982712,58.0,0.0,0.0,58.0,7.0,290.0,0.0,0,0,904,PASS_BUDGET,0,0,-1,-1,0.0,0.0,0.0,0.0,0.0
1623,I2_Static_Nonlinear_Negative_Control,S2_PERIODIC,1.0939143363662633,59.525,17.358666666666668,0.0,76.88366666666667,13.432666666666666,303.72,0.2,0,0,988,PASS_BUDGET,0,0,-1,-1,0.0,0.0,0.0,0.0,0.0
1623,I2_Static_Nonlinear_Negative_Control,S3_EVENT_TRIGGERED,1.0927307536595736,58.807,59.910666666666664,4.0,122.71766666666667,27.410333333333334,331.3396666666667,0.6751666666666667,82,0,1016,FAIL_BUDGET,0,0,-1,-1,0.0,0.0,0.0,0.0,0.0
1623,I3_Single_Exact_Delay,S0_CONTINUOUS,0.2276373152913415,87.08533333333334,86.89733333333334,0.0,173.98266666666666,53.06133333333333,361.3876666666667,1.0,0,0,1016,FAIL_BUDGET,0,0,-1,-1,0.0,0.0,0.0,0.0,0.0
1623,I3_Single_Exact_Delay,S1_SHADOW_OFF,0.43550988815461356,58.0,0.0,0.0,58.0,7.0,290.0,0.0,0,0,904,PASS_BUDGET,0,0,-1,-1,0.0,0.0,0.0,0.0,0.0
1623,I3_Single_Exact_Delay,S2_PERIODIC,0.1377316287167874,93.20833333333333,16.852333333333334,0.0,110.06066666666666,40.553,315.48833333333334,0.2,0,0,1020,FAIL_BUDGET,0,0,-1,-1,0.0,0.0,0.0,0.0,0.0
1623,I3_Single_Exact_Delay,S3_EVENT_TRIGGERED,0.4371283821224368,59.23266666666667,38.699333333333335,4.0,101.932,21.19,317.28133333333335,0.43883333333333335,53,3,1016,FAIL_BUDGET,1,1,-1,-1,0.0,0.0,0.0,0.0,0.0
1623,I4_Multi_Sparse_Delay,S0_CONTINUOUS,0.4447211907232398,88.033,87.83766666666666,0.0,175.87066666666666,52.28,364.78933333333333,1.0,0,0,1064,FAIL_BUDGET,133,15,-1,-1,0.0,0.0,0.0,0.0,0.0
1623,I4_Multi_Sparse_Delay,S1_SHADOW_OFF,0.5995303580844025,58.0,0.0,0.0,58.0,7.0,290.0,0.0,0,0,904,PASS_BUDGET,0,0,-1,-1,0.0,0.0,0.0,0.0,0.0
1623,I4_Multi_Sparse_Delay,S2_PERIODIC,0.6065506666080139,60.36666666666667,17.514333333333333,0.0,77.881,15.138666666666667,302.7726666666667,0.2,0,0,1004,PASS_BUDGET,0,0,-1,-1,0.0,0.0,0.0,0.0,0.0
1623,I4_Multi_Sparse_Delay,S3_EVENT_TRIGGERED,0.42077994069864805,91.59933333333333,59.158,4.0,154.75733333333332,50.092333333333336,345.6256666666667,0.675,81,0,1080,FAIL_BUDGET,117,10,-1,-1,0.0,0.0,0.0,0.0,0.0
1623,I5_Moving_Delay_Support,S0_CONTINUOUS,0.2568911653685273,82.88166666666666,87.01333333333334,0.0,169.895,50.556666666666665,359.10633333333334,1.0,0,0,1016,FAIL_BUDGET,0,0,-1,-1,0.0,0.0,0.0,0.0,0.0
1623,I5_Moving_Delay_Support,S1_SHADOW_OFF,0.4303243024336681,58.0,0.0,0.0,58.0,7.0,290.0,0.0,0,0,904,PASS_BUDGET,0,0,-1,-1,0.0,0.0,0.0,0.0,0.0
1623,I5_Moving_Delay_Support,S2_PERIODIC,0.4362897648232805,60.083333333333336,17.318666666666665,0.0,77.402,14.586333333333334,302.89666666666665,0.2,0,0,972,PASS_BUDGET,0,0,-1,-1,0.0,0.0,0.0,0.0,0.0
1623,I5_Moving_Delay_Support,S3_EVENT_TRIGGERED,0.1928034289373469,75.92933333333333,12.713,4.0,92.64233333333334,26.51033333333333,306.533,0.15266666666666667,18,16,1032,PASS_BUDGET,0,0,-1,-1,0.0,0.0,0.0,0.0,0.0
1623,I6_Continuous_Latent_State,S0_CONTINUOUS,0.13758999920875808,91.937,88.35166666666667,0.0,180.28866666666667,34.10666666666667,397.39633333333336,1.0,0,0,1016,FAIL_BUDGET,25,4,-1,-1,0.0,0.0,0.0,0.0,0.0
1623,I6_Continuous_Latent_State,S1_SHADOW_OFF,0.2675545414495887,58.0,0.0,0.0,58.0,7.0,290.0,0.0,0,0,904,PASS_BUDGET,0,0,-1,-1,0.0,0.0,0.0,0.0,0.0
1623,I6_Continuous_Latent_State,S2_PERIODIC,0.14506342305073797,92.34166666666667,17.092333333333332,0.0,109.434,13.965666666666667,348.9866666666667,0.2,0,0,1020,FAIL_BUDGET,550,185,-1,-1,0.0,0.0,0.0,0.0,0.0
1623,I6_Continuous_Latent_State,S3_EVENT_TRIGGERED,0.13745146955514337,91.902,8.723333333333333,4.0,104.62533333333333,11.580333333333334,343.846,0.10283333333333333,12,17,1032,FAIL_BUDGET,14,3,-1,-1,0.0,0.0,0.0,0.0,0.0
1623,I7_Quiescent_Continuous_State,S0_CONTINUOUS,0.1423222405578647,81.16633333333333,85.80266666666667,0.0,166.969,32.642,381.53366666666665,1.0,0,0,1000,FAIL_BUDGET,4,0,-1,-1,0.0,0.0,0.0,0.0,0.0
1623,I7_Quiescent_Continuous_State,S1_SHADOW_OFF,0.2733107738719031,58.0,0.0,0.0,58.0,7.0,290.0,0.0,0,0,904,PASS_BUDGET,0,0,-1,-1,0.0,0.0,0.0,1.0,1.0
1623,I7_Quiescent_Continuous_State,S2_PERIODIC,0.18869172523207223,79.17333333333333,17.011666666666667,0.0,96.185,13.571333333333333,330.869,0.2,0,0,1020,PASS_BUDGET,390,150,-1,-1,0.0,0.0,0.0,0.8,0.8
1623,I7_Quiescent_Continuous_State,S3_EVENT_TRIGGERED,0.14184165116138128,91.90033333333334,8.061333333333334,4.0,103.96166666666667,11.389666666666667,343.3673333333333,0.0945,11,17,1032,FAIL_BUDGET,14,2,-1,-1,0.0,0.0,0.0,0.972,0.87225
1623,I8_Quiescent_Discrete_Delay,S0_CONTINUOUS,0.42159168619451914,62.148666666666664,85.59266666666667,0.0,147.74133333333333,34.181,351.91366666666664,1.0,0,0,1016,FAIL_BUDGET,0,0,-1,-1,0.0,0.0,0.0,0.0,0.0
1623,I8_Quiescent_Discrete_Delay,S1_SHADOW_OFF,0.4295372798269079,58.0,0.0,0.0,58.0,7.0,290.0,0.0,0,0,904,PASS_BUDGET,0,0,-1,-1,0.0,0.0,0.0,1.0,1.0
1623,I8_Quiescent_Discrete_Delay,S2_PERIODIC,0.2833690711886809,74.675,16.996666666666666,0.0,91.67166666666667,26.093666666666667,308.254,0.2,0,0,1020,PASS_BUDGET,0,0,-1,-1,0.0,0.0,0.0,0.8,0.8
1623,I8_Quiescent_Discrete_Delay,S3_EVENT_TRIGGERED,0.43081081336386406,58.906,27.665666666666667,4.0,90.57166666666667,17.580333333333332,309.77,0.31483333333333335,38,9,1016,PASS_BUDGET,1,1,-1,-1,0.0,0.0,0.0,0.9845,0.5355
1623,I9_Hybrid_Delay_Plus_Latent_State,S0_CONTINUOUS,0.18196192189958718,120.698,87.301,0.0,207.999,55.647333333333336,405.5176666666667,1.0,0,0,1064,FAIL_BUDGET,4627,4,-1,-1,0.0,0.2977476824788233,0.14910081689127555,0.0,0.0
1623,I9_Hybrid_Delay_Plus_Latent_State,S1_SHADOW_OFF,0.3529211291902566,58.0,0.0,0.0,58.0,7.0,290.0,0.0,0,0,904,PASS_BUDGET,0,0,-1,-1,0.0,0.0,0.0,0.0,0.0
1623,I9_Hybrid_Delay_Plus_Latent_State,S2_PERIODIC,0.3370679141695747,64.70666666666666,17.208,0.0,81.91466666666666,14.801,309.044,0.2,0,0,1020,PASS_BUDGET,0,0,-1,-1,0.0,-0.04303410902015808,0.009580942319431978,0.0,0.0
1623,I9_Hybrid_Delay_Plus_Latent_State,S3_EVENT_TRIGGERED,0.2132596506861685,107.087,22.680333333333333,4.0,133.76733333333334,30.56833333333333,355.768,0.25983333333333336,31,9,1080,FAIL_BUDGET,3078,7,-1,-1,0.0,0.14806177567383141,0.12662937825025308,0.0,0.0
1623,I10_Redundant_Temporal_Structure,S0_CONTINUOUS,0.4346734356719335,93.904,89.00333333333333,0.0,182.90733333333333,35.75266666666667,398.2456666666667,1.0,0,0,1064,FAIL_BUDGET,492,30,-1,-1,0.0,0.0,0.0,0.0,0.0
1623,I10_Redundant_Temporal_Structure,S1_SHADOW_OFF,0.6079759550696361,58.0,0.0,0.0,58.0,7.0,290.0,0.0,0,0,904,PASS_BUDGET,0,0,-1,-1,0.0,0.0,0.0,0.0,0.0
1623,I10_Redundant_Temporal_Structure,S2_PERIODIC,0.43567475950358797,97.88666666666667,17.388333333333332,0.0,115.275,18.561,351.1256666666667,0.2,0,0,1068,FAIL_BUDGET,1860,165,-1,-1,0.0,0.0,0.0,0.0,0.0
1623,I10_Redundant_Temporal_Structure,S3_EVENT_TRIGGERED,0.436268988330941,92.95333333333333,55.596666666666664,4.0,152.55,26.998666666666665,375.248,0.626,76,0,1080,FAIL_BUDGET,404,31,-1,-1,0.0,0.0,0.0,0.0,0.0
1623,I11_Regime_Switch_Delay_To_Latent,S0_CONTINUOUS,0.17665703160455293,88.666,87.77566666666667,0.0,176.44166666666666,44.413,377.096,1.0,0,0,1016,FAIL_BUDGET,9,2,277,70,0.24629775987676134,0.0,0.0,0.0,0.0
1623,I11_Regime_Switch_Delay_To_Latent,S1_SHADOW_OFF,0.30953027442577274,58.0,0.0,0.0,58.0,7.0,290.0,0.0,0,0,904,PASS_BUDGET,0,0,-1,0,0.0,0.0,0.0,0.0,0.0
1623,I11_Regime_Switch_Delay_To_Latent,S2_PERIODIC,0.30857641860498536,58.513333333333335,16.926,0.0,75.43933333333334,13.260333333333334,301.99333333333334,0.2,0,0,1004,PASS_BUDGET,0,0,2209,0,0.0,0.0,0.0,0.0,0.0
1623,I11_Regime_Switch_Delay_To_Latent,S3_EVENT_TRIGGERED,0.29998885127650593,62.99666666666667,29.742333333333335,4.0,96.739,18.296,316.8093333333333,0.3425,41,5,1016,PASS_BUDGET,0,0,2199,0,0.0,0.0,0.0,0.0,0.0
1623,I12_Regime_Switch_Latent_To_Delay,S0_CONTINUOUS,0.2632218679879977,75.32366666666667,88.40166666666667,0.0,163.72533333333334,34.203,373.76466666666664,1.0,0,0,1032,FAIL_BUDGET,71,26,360,39,0.5621118820618702,0.0,0.0,0.0,0.0
1623,I12_Regime_Switch_Latent_To_Delay,S1_SHADOW_OFF,0.3217618407416188,58.0,0.0,0.0,58.0,7.0,290.0,0.0,0,0,904,PASS_BUDGET,0,0,-1,0,0.33559607955268556,0.0,0.0,0.0,0.0
1623,I12_Regime_Switch_Latent_To_Delay,S2_PERIODIC,0.2703485921967216,78.43,16.923666666666666,0.0,95.35366666666667,14.199666666666667,328.86333333333334,0.2,0,0,1020,PASS_BUDGET,735,220,244,479,0.5698236614766243,0.0,0.0,0.0,0.0
1623,I12_Regime_Switch_Latent_To_Delay,S3_EVENT_TRIGGERED,0.26313329792012796,75.28133333333334,24.251333333333335,4.0,103.53266666666667,16.458333333333332,330.6293333333333,0.2765,33,9,1016,FAIL_BUDGET,0,0,905,43,0.5625729303474385,0.0,0.0,0.0,0.0
1623,I13_Regime_Switch_Hybrid_To_Memoryless,S0_CONTINUOUS,0.18688513493711684,84.47966666666666,85.98833333333333,0.0,170.468,41.013666666666666,374.414,1.0,0,0,1064,FAIL_BUDGET,1656,18,-1,81,0.0,0.0,0.0,0.0,0.0
1623,I13_Regime_Switch_Hybrid_To_Memoryless,S1_SHADOW_OFF,0.27566190097535687,58.0,0.0,0.0,58.0,7.0,290.0,0.0,0,0,904,PASS_BUDGET,0,0,-1,0,0.0,0.0,0.0,0.0,0.0
1623,I13_Regime_Switch_Hybrid_To_Memoryless,S2_PERIODIC,0.26823913307090735,62.41,17.222666666666665,0.0,79.63266666666667,13.196666666666667,307.922,0.2,0,0,1004,PASS_BUDGET,0,0,-1,0,0.0,0.0,0.0,0.0,0.0
1623,I13_Regime_Switch_Hybrid_To_Memoryless,S3_EVENT_TRIGGERED,0.22711780197704168,96.305,17.677,4.0,117.982,18.944,350.24266666666665,0.20233333333333334,24,14,1048,FAIL_BUDGET,3445,4,-1,-1,0.0,0.0,0.0,0.0,0.0
1623,I14_Intermittent_Hybrid,S0_CONTINUOUS,0.24455475177528085,78.09966666666666,88.239,0.0,166.33866666666665,34.04566666666667,377.79766666666666,1.0,0,0,1032,FAIL_BUDGET,30,19,0,-1,0.552517290866697,0.0,0.0,0.0,0.0
1623,I14_Intermittent_Hybrid,S1_SHADOW_OFF,0.29556940065616244,58.0,0.0,0.0,58.0,7.0,290.0,0.0,0,0,904,PASS_BUDGET,0,0,-1,-1,0.5985732284918576,0.0,0.0,0.0,0.0
1623,I14_Intermittent_Hybrid,S2_PERIODIC,0.27250193536656486,78.44166666666666,17.334,0.0,95.77566666666667,13.277666666666667,330.642,0.2,0,0,1004,PASS_BUDGET,25,20,0,-1,0.48959681689423695,0.0,0.0,0.0,0.0
1623,I14_Intermittent_Hybrid,S3_EVENT_TRIGGERED,0.2440698124377262,79.377,21.330666666666666,4.0,104.70766666666667,15.497666666666667,334.59066666666666,0.24333333333333335,29,10,1032,FAIL_BUDGET,9,1,0,-1,0.5498410330371873,0.0,0.0,0.0,0.0
1624,I1_Memoryless_Linear,S0_CONTINUOUS,0.12605291800175852,59.62833333333333,72.78733333333334,0.0,132.41566666666668,25.288333333333334,347.39033333333333,1.0,0,0,952,FAIL_BUDGET,0,0,-1,-1,0.0,0.0,0.0,0.0,0.0
1624,I1_Memoryless_Linear,S1_SHADOW_OFF,0.12594200206835793,58.0,0.0,0.0,58.0,7.0,290.0,0.0,0,0,904,PASS_BUDGET,0,0,-1,-1,0.0,0.0,0.0,0.0,0.0
1624,I1_Memoryless_Linear,S2_PERIODIC,0.12594200206835793,58.0,13.804,0.0,71.804,11.201333333333332,300.80133333333333,0.2,0,0,924,PASS_BUDGET,0,0,-1,-1,0.0,0.0,0.0,0.0,0.0
1624,I1_Memoryless_Linear,S3_EVENT_TRIGGERED,0.12601337824405603,91.864,0.7786666666666666,4.0,96.64266666666667,9.146,338.4406666666667,0.012166666666666666,1,23,968,PASS_BUDGET,0,0,-1,-1,0.0,0.0,0.0,0.0,0.0
1624,I2_Static_Nonlinear_Negative_Control,S0_CONTINUOUS,1.0966830652767072,59.229,88.74833333333333,0.0,147.97733333333332,34.461666666666666,351.03766666666667,1.0,0,0,1000,FAIL_BUDGET,0,0,-1,-1,0.0,0.0,0.0,0.0,0.0
1624,I2_Static_Nonlinear_Negative_Control,S1_SHADOW_OFF,1.0914174882460614,58.0,0.0,0.0,58.0,7.0,290.0,0.0,0,0,904,PASS_BUDGET,0,0,-1,-1,0.0,0.0,0.0,0.0,0.0
1624,I2_Static_Nonlinear_Negative_Control,S2_PERIODIC,1.0941586526775877,58.763333333333335,17.587,0.0,76.35033333333334,13.759666666666666,302.4433333333333,0.2,0,0,1004,PASS_BUDGET,0,0,-1,-1,0.0,0.0,0.0,0.0,0.0
1624,I2_Static_Nonlinear_Negative_Control,S3_EVENT_TRIGGERED,1.1002253929183565,60.300666666666665,57.46633333333333,4.0,121.767,27.242333333333335,331.0013333333333,0.65,78,0,1064,FAIL_BUDGET,4,0,-1,-1,0.0,0.0,0.0,0.0,0.0
1624,I3_Single_Exact_Delay,S0_CONTINUOUS,0.16578594122970763,94.09566666666667,86.42133333333334,0.0,180.517,58.56366666666667,362.73266666666666,1.0,0,0,1016,FAIL_BUDGET,0,0,-1,-1,0.0,0.0,0.0,0.0,0.0
1624,I3_Single_Exact_Delay,S1_SHADOW_OFF,0.43256800809899404,58.0,0.0,0.0,58.0,7.0,290.0,0.0,0,0,904,PASS_BUDGET,0,0,-1,-1,0.0,0.0,0.0,0.0,0.0
1624,I3_Single_Exact_Delay,S2_PERIODIC,0.4341796042897679,58.765,16.988666666666667,0.0,75.75366666666666,13.536333333333333,302.05133333333333,0.2,0,0,988,PASS_BUDGET,0,0,-1,-1,0.0,0.0,0.0,0.0,0.0
1624,I3_Single_Exact_Delay,S3_EVENT_TRIGGERED,0.12036751958222923,68.28166666666667,1.909,4.0,74.19066666666667,17.22533333333333,296.119,0.028833333333333332,3,23,984,PASS_BUDGET,0,0,-1,-1,0.0,0.0,0.0,0.0,0.0
1624,I4_Multi_Sparse_Delay,S0_CONTINUOUS,0.5958259376671698,77.05933333333333,88.25866666666667,0.0,165.318,43.88133333333333,361.828,1.0,0,0,1064,FAIL_BUDGET,115,12,-1,-1,0.0,0.0,0.0,0.0,0.0
1624,I4_Multi_Sparse_Delay,S1_SHADOW_OFF,0.6319267930328453,58.0,0.0,0.0,58.0,7.0,290.0,0.0,0,0,904,PASS_BUDGET,0,0,-1,-1,0.0,0.0,0.0,0.0,0.0
1624,I4_Multi_Sparse_Delay,S2_PERIODIC,0.6367035319321049,63.443333333333335,17.646333333333335,0.0,81.08966666666667,14.227666666666666,308.437,0.2,0,0,1004,PASS_BUDGET,5,0,-1,-1,0.0,0.0,0.0,0.0,0.0
1624,I4_Multi_Sparse_Delay,S3_EVENT_TRIGGERED,0.534945848666599,80.585,69.15166666666667,4.0,153.73666666666668,44.175,348.932,0.7833333333333333,94,0,1080,FAIL_BUDGET,90,11,-1,-1,0.0,0.0,0.0,0.0,0.0
1624,I5_Moving_Delay_Support,S0_CONTINUOUS,0.27853863449659927,82.934,87.33166666666666,0.0,170.26566666666668,50.30566666666667,359.909,1.0,0,0,1016,FAIL_BUDGET,0,0,-1,-1,0.0,0.0,0.0,0.0,0.0
1624,I5_Moving_Delay_Support,S1_SHADOW_OFF,0.4430024989414558,58.0,0.0,0.0,58.0,7.0,290.0,0.0,0,0,904,PASS_BUDGET,0,0,-1,-1,0.0,0.0,0.0,0.0,0.0
1624,I5_Moving_Delay_Support,S2_PERIODIC,0.4115015282742397,66.26,17.129333333333335,0.0,83.38933333333334,18.622333333333334,306.196,0.2,0,0,1020,PASS_BUDGET,0,0,-1,-1,0.0,0.0,0.0,0.0,0.0
1624,I5_Moving_Delay_Support,S3_EVENT_TRIGGERED,0.4071041259155111,63.678666666666665,40.284666666666666,4.0,107.96333333333334,24.404333333333334,321.15366666666665,0.45866666666666667,55,2,1016,FAIL_BUDGET,0,0,-1,-1,0.0,0.0,0.0,0.0,0.0
1624,I6_Continuous_Latent_State,S0_CONTINUOUS,0.14094475927906505,91.90366666666667,88.14366666666666,0.0,180.04733333333334,33.903333333333336,397.3346666666667,1.0,0,0,1000,FAIL_BUDGET,0,0,-1,-1,0.0,0.0,0.0,0.0,0.0
1624,I6_Continuous_Latent_State,S1_SHADOW_OFF,0.2762501663361186,58.0,0.0,0.0,58.0,7.0,290.0,0.0,0,0,904,PASS_BUDGET,0,0,-1,-1,0.0,0.0,0.0,0.0,0.0
1624,I6_Continuous_Latent_State,S2_PERIODIC,0.14427657502387325,91.645,16.892666666666667,0.0,108.53766666666667,13.211666666666666,348.849,0.2,0,0,1004,FAIL_BUDGET,195,95,-1,-1,0.0,0.0,0.0,0.0,0.0
1624,I6_Continuous_Latent_State,S3_EVENT_TRIGGERED,0.14101545487847386,91.864,5.492333333333334,4.0,101.35633333333334,10.520666666666667,341.77366666666666,0.06966666666666667,8,18,1016,FAIL_BUDGET,0,0,-1,-1,0.0,0.0,0.0,0.0,0.0
1624,I7_Quiescent_Continuous_State,S0_CONTINUOUS,0.14680114660160784,81.151,86.37866666666666,0.0,167.52966666666666,33.031666666666666,381.6653333333333,1.0,0,0,1016,FAIL_BUDGET,22,19,-1,-1,0.0,0.0,0.0,0.0,0.0
1624,I7_Quiescent_Continuous_State,S1_SHADOW_OFF,0.2837505844039002,58.0,0.0,0.0,58.0,7.0,290.0,0.0,0,0,904,PASS_BUDGET,0,0,-1,-1,0.0,0.0,0.0,1.0,1.0
1624,I7_Quiescent_Continuous_State,S2_PERIODIC,0.15751432659565698,84.75166666666667,16.545333333333332,0.0,101.297,13.230666666666666,338.73833333333334,0.2,0,0,1004,FAIL_BUDGET,280,115,-1,-1,0.0,0.0,0.0,0.8,0.8
1624,I7_Quiescent_Continuous_State,S3_EVENT_TRIGGERED,0.1433056881241129,91.864,5.488666666666667,4.0,101.35266666666666,10.516,341.779,0.06983333333333333,8,19,1016,FAIL_BUDGET,0,0,-1,-1,0.0,0.0,0.0,0.996,0.89725
1624,I8_Quiescent_Discrete_Delay,S0_CONTINUOUS,0.21092980249411428,81.70566666666667,86.404,0.0,168.10966666666667,49.605666666666664,358.237,1.0,0,0,1016,FAIL_BUDGET,0,0,-1,-1,0.0,0.0,0.0,0.0,0.0
1624,I8_Quiescent_Discrete_Delay,S1_SHADOW_OFF,0.4560164825017636,58.0,0.0,0.0,58.0,7.0,290.0,0.0,0,0,904,PASS_BUDGET,0,0,-1,-1,0.0,0.0,0.0,1.0,1.0
1624,I8_Quiescent_Discrete_Delay,S2_PERIODIC,0.41078962396486096,61.715,16.845333333333333,0.0,78.56033333333333,15.784333333333333,303.17566666666664,0.2,0,0,1020,PASS_BUDGET,0,0,-1,-1,0.0,0.0,0.0,0.8,0.8
1624,I8_Quiescent_Discrete_Delay,S3_EVENT_TRIGGERED,0.15571597104298385,77.87366666666667,6.070333333333333,4.0,87.944,25.965333333333334,302.79266666666666,0.07833333333333334,9,20,1032,PASS_BUDGET,3,1,-1,-1,0.0,0.0,0.0,0.996,0.8845
1624,I9_Hybrid_Delay_Plus_Latent_State,S0_CONTINUOUS,0.23164439901579925,109.32766666666667,87.56733333333334,0.0,196.895,48.084666666666664,400.5776666666667,1.0,0,0,1064,FAIL_BUDGET,2773,42,-1,-1,0.0,0.22047880488291707,0.13365313051097363,0.0,0.0
1624,I9_Hybrid_Delay_Plus_Latent_State,S1_SHADOW_OFF,0.3736812172666085,58.0,0.0,0.0,58.0,7.0,290.0,0.0,0,0,904,PASS_BUDGET,0,0,-1,-1,0.0,0.0,0.0,0.0,0.0
1624,I9_Hybrid_Delay_Plus_Latent_State,S2_PERIODIC,0.29610591276287046,87.015,17.355666666666668,0.0,104.37066666666666,21.614333333333335,331.853,0.2,0,0,1068,FAIL_BUDGET,1821,5,-1,-1,0.0,0.08922075442272102,0.08488848869551863,0.0,0.0
1624,I9_Hybrid_Delay_Plus_Latent_State,S3_EVENT_TRIGGERED,0.22937771482336441,105.34266666666667,22.455,4.0,131.79766666666666,32.932,349.9513333333333,0.25966666666666666,31,8,1080,FAIL_BUDGET,2319,0,-1,-1,0.0,0.1958813691003875,0.07600237959866567,0.0,0.0
1624,I10_Redundant_Temporal_Structure,S0_CONTINUOUS,0.433897859647266,94.669,88.79233333333333,0.0,183.46133333333333,36.294666666666664,398.197,1.0,0,0,1064,FAIL_BUDGET,748,36,-1,-1,0.0,0.0,0.0,0.0,0.0
1624,I10_Redundant_Temporal_Structure,S1_SHADOW_OFF,0.6043523486246906,58.0,0.0,0.0,58.0,7.0,290.0,0.0,0,0,904,PASS_BUDGET,0,0,-1,-1,0.0,0.0,0.0,0.0,0.0
1624,I10_Redundant_Temporal_Structure,S2_PERIODIC,0.44161681011866505,92.94833333333334,17.604666666666667,0.0,110.553,14.485666666666667,349.7266666666667,0.2,0,0,1036,FAIL_BUDGET,620,50,-1,-1,0.0,0.0,0.0,0.0,0.0
1624,I10_Redundant_Temporal_Structure,S3_EVENT_TRIGGERED,0.43788520539305126,91.83133333333333,53.197,4.0,149.02833333333334,25.568666666666665,373.07166666666666,0.6,72,0,1048,FAIL_BUDGET,228,25,-1,-1,0.0,0.0,0.0,0.0,0.0
1624,I11_Regime_Switch_Delay_To_Latent,S0_CONTINUOUS,0.17197602193089867,91.148,87.614,0.0,178.762,44.96333333333333,379.59633333333335,1.0,0,0,1016,FAIL_BUDGET,22,11,211,81,0.23187914291138867,0.0,0.0,0.0,0.0
1624,I11_Regime_Switch_Delay_To_Latent,S1_SHADOW_OFF,0.3118427392811,58.0,0.0,0.0,58.0,7.0,290.0,0.0,0,0,904,PASS_BUDGET,0,0,-1,0,0.0,0.0,0.0,0.0,0.0
1624,I11_Regime_Switch_Delay_To_Latent,S2_PERIODIC,0.27470693212554453,72.89166666666667,17.293333333333333,0.0,90.185,13.423333333333334,322.515,0.2,0,0,1004,PASS_BUDGET,80,80,879,0,0.0,0.0,0.0,0.0,0.0
1624,I11_Regime_Switch_Delay_To_Latent,S3_EVENT_TRIGGERED,0.2766542173861084,70.819,21.852666666666668,4.0,96.67166666666667,15.640666666666666,322.854,0.25133333333333335,30,8,1016,PASS_BUDGET,23,6,1028,0,0.0,0.0,0.0,0.0,0.0
1624,I12_Regime_Switch_Latent_To_Delay,S0_CONTINUOUS,0.22345375816249088,80.81833333333333,87.601,0.0,168.41933333333333,37.78766666666667,375.38,1.0,0,0,1016,FAIL_BUDGET,18,7,612,11,0.4898391939162577,0.0,0.0,0.0,0.0
1624,I12_Regime_Switch_Latent_To_Delay,S1_SHADOW_OFF,0.31557009428227073,58.0,0.0,0.0,58.0,7.0,290.0,0.0,0,0,904,PASS_BUDGET,0,0,-1,0,0.2018794753124158,0.0,0.0,0.0,0.0
1624,I12_Regime_Switch_Latent_To_Delay,S2_PERIODIC,0.26481699812443954,77.47166666666666,16.639666666666667,0.0,94.11133333333333,12.870666666666667,328.99833333333333,0.2,0,0,1004,PASS_BUDGET,0,0,2664,539,0.49955929885652367,0.0,0.0,0.0,0.0
1624,I12_Regime_Switch_Latent_To_Delay,S3_EVENT_TRIGGERED,0.17866718633321116,79.331,11.860666666666667,4.0,95.19166666666666,15.532666666666668,324.4596666666667,0.14433333333333334,17,16,1016,PASS_BUDGET,443,19,8,89,0.4967078457431993,0.0,0.0,0.0,0.0
1624,I13_Regime_Switch_Hybrid_To_Memoryless,S0_CONTINUOUS,0.24537743723667882,74.76433333333334,87.91,0.0,162.67433333333332,34.16,372.43033333333335,1.0,0,0,1032,FAIL_BUDGET,127,26,-1,71,0.0,0.0,0.0,0.0,0.0
1624,I13_Regime_Switch_Hybrid_To_Memoryless,S1_SHADOW_OFF,0.2776844699891238,58.0,0.0,0.0,58.0,7.0,290.0,0.0,0,0,904,PASS_BUDGET,0,0,-1,0,0.0,0.0,0.0,0.0,0.0
1624,I13_Regime_Switch_Hybrid_To_Memoryless,S2_PERIODIC,0.27454659156419714,60.905,17.471666666666668,0.0,78.37666666666667,13.595666666666666,305.56166666666667,0.2,0,0,1004,PASS_BUDGET,5,5,-1,69,0.0,0.0,0.0,0.0,0.0
1624,I13_Regime_Switch_Hybrid_To_Memoryless,S3_EVENT_TRIGGERED,0.23821093992833797,82.71233333333333,15.995,4.0,102.70733333333334,23.607333333333333,323.33566666666667,0.18566666666666667,22,14,1016,FAIL_BUDGET,0,0,-1,-1,0.0,0.0,0.0,0.0,0.0
1624,I14_Intermittent_Hybrid,S0_CONTINUOUS,0.21067989736434484,84.96933333333334,87.60366666666667,0.0,172.573,40.01466666666666,377.8883333333333,1.0,0,0,1064,FAIL_BUDGET,945,27,0,-1,0.5574738145540791,0.0,0.0,0.0,0.0
1624,I14_Intermittent_Hybrid,S1_SHADOW_OFF,0.3077141043548096,58.0,0.0,0.0,58.0,7.0,290.0,0.0,0,0,904,PASS_BUDGET,0,0,-1,-1,0.683532351431748,0.0,0.0,0.0,0.0
1624,I14_Intermittent_Hybrid,S2_PERIODIC,0.25091269326571747,82.21,17.277333333333335,0.0,99.48733333333334,13.42,335.63366666666667,0.2,0,0,1020,PASS_BUDGET,195,145,0,-1,0.5593584127671098,0.0,0.0,0.0,0.0
1624,I14_Intermittent_Hybrid,S3_EVENT_TRIGGERED,0.20079388719853558,88.04666666666667,16.675666666666668,4.0,108.72233333333334,17.588333333333335,339.1093333333333,0.19416666666666665,23,15,1032,FAIL_BUDGET,1482,89,0,-1,0.5694036031490726,0.0,0.0,0.0,0.0
1625,I1_Memoryless_Linear,S0_CONTINUOUS,0.11904814361024592,59.41866666666667,73.30466666666666,0.0,132.72333333333333,25.779,347.38,1.0,0,0,952,FAIL_BUDGET,0,0,-1,-1,0.0,0.0,0.0,0.0,0.0
1625,I1_Memoryless_Linear,S1_SHADOW_OFF,0.11870337955162776,58.0,0.0,0.0,58.0,7.0,290.0,0.0,0,0,904,PASS_BUDGET,0,0,-1,-1,0.0,0.0,0.0,0.0,0.0
1625,I1_Memoryless_Linear,S2_PERIODIC,0.11870337955162776,58.0,14.076666666666666,0.0,72.07666666666667,11.419,300.9103333333333,0.2,0,0,924,PASS_BUDGET,0,0,-1,-1,0.0,0.0,0.0,0.0,0.0
1625,I1_Memoryless_Linear,S3_EVENT_TRIGGERED,0.1189808718332953,59.705666666666666,1.312,4.0,65.01766666666667,9.246,293.474,0.0205,2,23,968,PASS_BUDGET,0,0,-1,-1,0.0,0.0,0.0,0.0,0.0
1625,I2_Static_Nonlinear_Negative_Control,S0_CONTINUOUS,1.0775163554145892,58.75033333333333,88.77066666666667,0.0,147.521,34.523,350.165,1.0,0,0,1016,FAIL_BUDGET,5,1,-1,-1,0.0,0.0,0.0,0.0,0.0
1625,I2_Static_Nonlinear_Negative_Control,S1_SHADOW_OFF,1.0685550044462027,58.0,0.0,0.0,58.0,7.0,290.0,0.0,0,0,904,PASS_BUDGET,0,0,-1,-1,0.0,0.0,0.0,0.0,0.0
1625,I2_Static_Nonlinear_Negative_Control,S2_PERIODIC,1.072539639951203,61.56666666666667,17.583,0.0,79.14966666666666,13.822666666666667,306.315,0.2,0,0,1004,PASS_BUDGET,0,0,-1,-1,0.0,0.0,0.0,0.0,0.0
1625,I2_Static_Nonlinear_Negative_Control,S3_EVENT_TRIGGERED,1.0776911285754862,59.525,59.837,4.0,123.362,27.910666666666668,331.3643333333333,0.676,82,0,1016,FAIL_BUDGET,0,0,-1,-1,0.0,0.0,0.0,0.0,0.0
1625,I3_Single_Exact_Delay,S0_CONTINUOUS,0.21132057047250258,89.827,87.27466666666666,0.0,177.10166666666666,55.205666666666666,362.50333333333333,1.0,0,0,1016,FAIL_BUDGET,0,0,-1,-1,0.0,0.0,0.0,0.0,0.0
1625,I3_Single_Exact_Delay,S1_SHADOW_OFF,0.446451422485422,58.0,0.0,0.0,58.0,7.0,290.0,0.0,0,0,904,PASS_BUDGET,0,0,-1,-1,0.0,0.0,0.0,0.0,0.0
1625,I3_Single_Exact_Delay,S2_PERIODIC,0.446451422485422,58.0,17.557,0.0,75.557,13.363333333333333,301.88533333333334,0.2,0,0,956,PASS_BUDGET,0,0,-1,-1,0.0,0.0,0.0,0.0,0.0
1625,I3_Single_Exact_Delay,S3_EVENT_TRIGGERED,0.44912096208765273,59.93033333333333,47.144666666666666,4.0,111.075,23.676333333333332,324.1053333333333,0.5333333333333333,64,0,1016,FAIL_BUDGET,0,0,-1,-1,0.0,0.0,0.0,0.0,0.0
1625,I4_Multi_Sparse_Delay,S0_CONTINUOUS,0.5774752142025,75.94333333333333,88.14233333333334,0.0,164.08566666666667,42.013,362.738,1.0,0,0,1064,FAIL_BUDGET,267,9,-1,-1,0.0,0.0,0.0,0.0,0.0
1625,I4_Multi_Sparse_Delay,S1_SHADOW_OFF,0.6136727160497094,58.0,0.0,0.0,58.0,7.0,290.0,0.0,0,0,904,PASS_BUDGET,0,0,-1,-1,0.0,0.0,0.0,0.0,0.0
1625,I4_Multi_Sparse_Delay,S2_PERIODIC,0.6063647445653672,60.11666666666667,17.761,0.0,77.87766666666667,15.107666666666667,302.758,0.2,0,0,1020,PASS_BUDGET,0,0,-1,-1,0.0,0.0,0.0,0.0,0.0
1625,I4_Multi_Sparse_Delay,S3_EVENT_TRIGGERED,0.5824723255479789,72.75733333333334,69.55266666666667,4.0,146.31,34.480666666666664,351.8396666666667,0.7833333333333333,94,0,1048,FAIL_BUDGET,78,15,-1,-1,0.0,0.0,0.0,0.0,0.0
1625,I5_Moving_Delay_Support,S0_CONTINUOUS,0.4602555224403953,59.124,88.83833333333334,0.0,147.96233333333333,34.724,350.45,1.0,0,0,1000,FAIL_BUDGET,0,0,-1,-1,0.0,0.0,0.0,0.0,0.0
1625,I5_Moving_Delay_Support,S1_SHADOW_OFF,0.4560339217197051,58.0,0.0,0.0,58.0,7.0,290.0,0.0,0,0,904,PASS_BUDGET,0,0,-1,-1,0.0,0.0,0.0,0.0,0.0
1625,I5_Moving_Delay_Support,S2_PERIODIC,0.45789335229520733,62.44833333333333,16.879333333333335,0.0,79.32766666666667,13.371,307.369,0.2,0,0,972,PASS_BUDGET,0,0,-1,-1,0.0,0.0,0.0,0.0,0.0
1625,I5_Moving_Delay_Support,S3_EVENT_TRIGGERED,0.12677713737510884,78.16166666666666,2.537,4.0,84.69866666666667,25.662666666666667,300.034,0.037,4,22,1000,PASS_BUDGET,0,0,-1,-1,0.0,0.0,0.0,0.0,0.0
1625,I6_Continuous_Latent_State,S0_CONTINUOUS,0.1367609835103663,91.96466666666667,88.294,0.0,180.25866666666667,34.07933333333333,397.3743333333333,1.0,0,0,1016,FAIL_BUDGET,57,23,-1,-1,0.0,0.0,0.0,0.0,0.0
1625,I6_Continuous_Latent_State,S1_SHADOW_OFF,0.2706172327229782,58.0,0.0,0.0,58.0,7.0,290.0,0.0,0,0,904,PASS_BUDGET,0,0,-1,-1,0.0,0.0,0.0,0.0,0.0
1625,I6_Continuous_Latent_State,S2_PERIODIC,0.1404740455072448,91.54666666666667,16.992333333333335,0.0,108.539,12.997,349.06166666666667,0.2,0,0,1004,FAIL_BUDGET,0,0,-1,-1,0.0,0.0,0.0,0.0,0.0
1625,I6_Continuous_Latent_State,S3_EVENT_TRIGGERED,0.13707360402884192,91.87,5.1786666666666665,4.0,101.04866666666666,10.340666666666667,341.683,0.06983333333333333,8,19,1016,FAIL_BUDGET,4,0,-1,-1,0.0,0.0,0.0,0.0,0.0
1625,I7_Quiescent_Continuous_State,S0_CONTINUOUS,0.14387612956793197,81.501,84.019,0.0,165.52,31.485,381.33,1.0,0,0,1016,FAIL_BUDGET,45,16,-1,-1,0.0,0.0,0.0,0.0,0.0
1625,I7_Quiescent_Continuous_State,S1_SHADOW_OFF,0.27821503670964237,58.0,0.0,0.0,58.0,7.0,290.0,0.0,0,0,904,PASS_BUDGET,0,0,-1,-1,0.0,0.0,0.0,1.0,1.0
1625,I7_Quiescent_Continuous_State,S2_PERIODIC,0.15516489650855156,84.97333333333333,16.812333333333335,0.0,101.78566666666667,12.907,339.7366666666667,0.2,0,0,1004,FAIL_BUDGET,0,0,-1,-1,0.0,0.0,0.0,0.8,0.8
1625,I7_Quiescent_Continuous_State,S3_EVENT_TRIGGERED,0.14330063653234507,91.918,4.815,4.0,100.733,10.320666666666666,341.3136666666667,0.06166666666666667,7,20,1032,FAIL_BUDGET,14,1,-1,-1,0.0,0.0,0.0,0.996,0.9095
1625,I8_Quiescent_Discrete_Delay,S0_CONTINUOUS,0.26893399382095434,77.517,87.185,0.0,164.702,46.254333333333335,358.01166666666666,1.0,0,0,1016,FAIL_BUDGET,0,0,-1,-1,0.0,0.0,0.0,0.0,0.0
1625,I8_Quiescent_Discrete_Delay,S1_SHADOW_OFF,0.4586045193887522,58.0,0.0,0.0,58.0,7.0,290.0,0.0,0,0,904,PASS_BUDGET,0,0,-1,-1,0.0,0.0,0.0,1.0,1.0
1625,I8_Quiescent_Discrete_Delay,S2_PERIODIC,0.4599507116215145,58.266666666666666,17.500333333333334,0.0,75.767,13.539333333333333,301.97333333333336,0.2,0,0,988,PASS_BUDGET,0,0,-1,-1,0.0,0.0,0.0,0.8,0.8
1625,I8_Quiescent_Discrete_Delay,S3_EVENT_TRIGGERED,0.41309975822243833,62.540333333333336,30.224333333333334,4.0,96.76466666666667,20.566,313.799,0.3431666666666667,41,9,1016,PASS_BUDGET,0,0,-1,-1,0.0,0.0,0.0,0.991,0.48975
1625,I9_Hybrid_Delay_Plus_Latent_State,S0_CONTINUOUS,0.1768923799839079,123.25866666666667,86.972,0.0,210.23066666666668,55.972,408.3283333333333,1.0,0,0,1064,FAIL_BUDGET,4787,30,-1,-1,0.0,0.3318574710011553,0.15771214582186435,0.0,0.0
1625,I9_Hybrid_Delay_Plus_Latent_State,S1_SHADOW_OFF,0.3621010849844559,58.0,0.0,0.0,58.0,7.0,290.0,0.0,0,0,904,PASS_BUDGET,0,0,-1,-1,0.0,0.0,0.0,0.0,0.0
1625,I9_Hybrid_Delay_Plus_Latent_State,S2_PERIODIC,0.3441451836377322,73.3,16.758333333333333,0.0,90.05833333333334,14.444333333333333,321.22566666666665,0.2,0,0,1004,PASS_BUDGET,415,25,-1,-1,0.0,-0.0374414325943571,0.044589018138169546,0.0,0.0
1625,I9_Hybrid_Delay_Plus_Latent_State,S3_EVENT_TRIGGERED,0.13911522994796968,121.34233333333333,4.785666666666667,4.0,130.128,33.739666666666665,353.017,0.06166666666666667,7,20,1080,FAIL_BUDGET,5929,0,-1,-1,0.0,0.352273571079183,0.11547310928871944,0.0,0.0
1625,I10_Redundant_Temporal_Structure,S0_CONTINUOUS,0.4204321437053702,96.153,88.911,0.0,185.064,37.331,399.0056666666667,1.0,0,0,1064,FAIL_BUDGET,876,28,-1,-1,0.0,0.0,0.0,0.0,0.0
1625,I10_Redundant_Temporal_Structure,S1_SHADOW_OFF,0.607035868188112,58.0,0.0,0.0,58.0,7.0,290.0,0.0,0,0,904,PASS_BUDGET,0,0,-1,-1,0.0,0.0,0.0,0.0,0.0
1625,I10_Redundant_Temporal_Structure,S2_PERIODIC,0.4090730183458139,105.41166666666666,17.355333333333334,0.0,122.767,25.822,352.3586666666667,0.2,0,0,1068,FAIL_BUDGET,2455,15,-1,-1,0.0,0.0,0.0,0.0,0.0
1625,I10_Redundant_Temporal_Structure,S3_EVENT_TRIGGERED,0.42530244309282006,92.91833333333334,57.642,4.0,154.56033333333335,27.475,376.8276666666667,0.6473333333333333,78,0,1080,FAIL_BUDGET,431,81,-1,-1,0.0,0.0,0.0,0.0,0.0
1625,I11_Regime_Switch_Delay_To_Latent,S0_CONTINUOUS,0.23830182442431067,79.149,87.89733333333334,0.0,167.04633333333334,37.794666666666664,373.31033333333335,1.0,0,0,1016,FAIL_BUDGET,47,33,288,73,0.03874440152332681,0.0,0.0,0.0,0.0
1625,I11_Regime_Switch_Delay_To_Latent,S1_SHADOW_OFF,0.31386616756979013,58.0,0.0,0.0,58.0,7.0,290.0,0.0,0,0,904,PASS_BUDGET,0,0,-1,0,0.0,0.0,0.0,0.0,0.0
1625,I11_Regime_Switch_Delay_To_Latent,S2_PERIODIC,0.23366847341535976,76.66,16.987666666666666,0.0,93.64766666666667,27.664,309.03933333333333,0.2,0,0,1020,PASS_BUDGET,0,0,-1,909,0.450324674953019,0.0,0.0,0.0,0.0
1625,I11_Regime_Switch_Delay_To_Latent,S3_EVENT_TRIGGERED,0.2744099218334444,73.13533333333334,27.872333333333334,4.0,105.00766666666667,17.639,329.92966666666666,0.31783333333333336,38,7,1016,FAIL_BUDGET,0,0,867,0,0.0,0.0,0.0,0.0,0.0
1625,I12_Regime_Switch_Latent_To_Delay,S0_CONTINUOUS,0.2399214239741554,78.41066666666667,87.70166666666667,0.0,166.11233333333334,36.025333333333336,374.703,1.0,0,0,1016,FAIL_BUDGET,28,8,38,35,0.6677693495444574,0.0,0.0,0.0,0.0
1625,I12_Regime_Switch_Latent_To_Delay,S1_SHADOW_OFF,0.31465268782205086,58.0,0.0,0.0,58.0,7.0,290.0,0.0,0,0,904,PASS_BUDGET,0,0,-1,0,0.4366717266724103,0.0,0.0,0.0,0.0
1625,I12_Regime_Switch_Latent_To_Delay,S2_PERIODIC,0.2663233709468329,79.02333333333333,16.783333333333335,0.0,95.80666666666667,12.872666666666667,331.31933333333336,0.2,0,0,1004,PASS_BUDGET,0,0,-1,789,0.6654252557997369,0.0,0.0,0.0,0.0
1625,I12_Regime_Switch_Latent_To_Delay,S3_EVENT_TRIGGERED,0.1737414562883754,81.95,9.993,4.0,95.943,17.277666666666665,323.92533333333336,0.11966666666666667,14,18,1016,PASS_BUDGET,0,0,972,57,0.6634262113651861,0.0,0.0,0.0,0.0
1625,I13_Regime_Switch_Hybrid_To_Memoryless,S0_CONTINUOUS,0.17666933253534944,87.091,87.00833333333334,0.0,174.09933333333333,42.044333333333334,377.627,1.0,0,0,1064,FAIL_BUDGET,1822,16,-1,91,0.0,0.0,0.0,0.0,0.0
1625,I13_Regime_Switch_Hybrid_To_Memoryless,S1_SHADOW_OFF,0.2746843134913491,58.0,0.0,0.0,58.0,7.0,290.0,0.0,0,0,904,PASS_BUDGET,0,0,-1,0,0.0,0.0,0.0,0.0,0.0
1625,I13_Regime_Switch_Hybrid_To_Memoryless,S2_PERIODIC,0.2508496143541643,72.69166666666666,16.72,0.0,89.41166666666666,13.954666666666666,320.98066666666665,0.2,0,0,1004,PASS_BUDGET,415,25,-1,0,0.0,0.0,0.0,0.0,0.0
1625,I13_Regime_Switch_Hybrid_To_Memoryless,S3_EVENT_TRIGGERED,0.13470764994878454,115.299,2.071,4.0,121.37,28.215666666666667,348.735,0.028666666666666667,3,22,1032,FAIL_BUDGET,5929,0,-1,-1,0.0,0.0,0.0,0.0,0.0
1625,I14_Intermittent_Hybrid,S0_CONTINUOUS,0.18305636497561306,88.70333333333333,87.299,0.0,176.00233333333333,41.574333333333335,380.71933333333334,1.0,0,0,1064,FAIL_BUDGET,700,20,0,-1,0.48841948001840385,0.0,0.0,0.0,0.0
1625,I14_Intermittent_Hybrid,S1_SHADOW_OFF,0.29634629786249916,58.0,0.0,0.0,58.0,7.0,290.0,0.0,0,0,904,PASS_BUDGET,0,0,-1,-1,0.7136263893298009,0.0,0.0,0.0,0.0
1625,I14_Intermittent_Hybrid,S2_PERIODIC,0.23224921396239293,87.80666666666667,17.287333333333333,0.0,105.094,13.225333333333333,343.896,0.2,0,0,1004,FAIL_BUDGET,0,0,0,-1,0.48830120987729236,0.0,0.0,0.0,0.0
1625,I14_Intermittent_Hybrid,S3_EVENT_TRIGGERED,0.23475593094842973,85.992,16.255666666666666,4.0,106.24766666666666,13.935666666666666,340.5006666666667,0.18533333333333332,22,12,1032,FAIL_BUDGET,6,0,0,-1,0.491729973083444,0.0,0.0,0.0,0.0
1626,I1_Memoryless_Linear,S0_CONTINUOUS,0.11984376608610486,59.594,73.02566666666667,0.0,132.61966666666666,25.759,347.63366666666667,1.0,0,0,952,FAIL_BUDGET,0,0,-1,-1,0.0,0.0,0.0,0.0,0.0
1626,I1_Memoryless_Linear,S1_SHADOW_OFF,0.1196615434545409,58.0,0.0,0.0,58.0,7.0,290.0,0.0,0,0,904,PASS_BUDGET,0,0,-1,-1,0.0,0.0,0.0,0.0,0.0
1626,I1_Memoryless_Linear,S2_PERIODIC,0.1196615434545409,58.0,12.8,0.0,70.8,10.4,300.4,0.2,0,0,908,PASS_BUDGET,0,0,-1,-1,0.0,0.0,0.0,0.0,0.0
1626,I1_Memoryless_Linear,S3_EVENT_TRIGGERED,0.1196615434545409,58.0,0.7786666666666666,4.0,62.778666666666666,9.146,290.6326666666667,0.012166666666666666,1,23,920,PASS_BUDGET,0,0,-1,-1,0.0,0.0,0.0,0.0,0.0
1626,I2_Static_Nonlinear_Negative_Control,S0_CONTINUOUS,1.083448697794124,60.92366666666667,88.85966666666667,0.0,149.78333333333333,34.574333333333335,353.31,1.0,0,0,1000,FAIL_BUDGET,0,0,-1,-1,0.0,0.0,0.0,0.0,0.0
1626,I2_Static_Nonlinear_Negative_Control,S1_SHADOW_OFF,1.074486031976683,58.0,0.0,0.0,58.0,7.0,290.0,0.0,0,0,904,PASS_BUDGET,0,0,-1,-1,0.0,0.0,0.0,0.0,0.0
1626,I2_Static_Nonlinear_Negative_Control,S2_PERIODIC,1.0872353811842468,60.80833333333333,16.678,0.0,77.48633333333333,14.040666666666667,304.0233333333333,0.2,0,0,1004,PASS_BUDGET,0,0,-1,-1,0.0,0.0,0.0,0.0,0.0
1626,I2_Static_Nonlinear_Negative_Control,S3_EVENT_TRIGGERED,1.0778875001355466,60.660666666666664,60.74666666666667,4.0,125.40733333333333,27.791333333333334,334.35333333333335,0.6838333333333333,83,0,1048,FAIL_BUDGET,12,1,-1,-1,0.0,0.0,0.0,0.0,0.0
1626,I3_Single_Exact_Delay,S0_CONTINUOUS,0.2676150301250492,81.76666666666667,87.46033333333334,0.0,169.227,49.973333333333336,358.97333333333336,1.0,0,0,1016,FAIL_BUDGET,11,2,-1,-1,0.0,0.0,0.0,0.0,0.0
1626,I3_Single_Exact_Delay,S1_SHADOW_OFF,0.4407493249670227,58.0,0.0,0.0,58.0,7.0,290.0,0.0,0,0,904,PASS_BUDGET,0,0,-1,-1,0.0,0.0,0.0,0.0,0.0
1626,I3_Single_Exact_Delay,S2_PERIODIC,0.1553262879278913,91.775,16.638333333333332,0.0,108.41333333333333,39.30133333333333,314.862,0.2,0,0,1020,FAIL_BUDGET,0,0,-1,-1,0.0,0.0,0.0,0.0,0.0
1626,I3_Single_Exact_Delay,S3_EVENT_TRIGGERED,0.4433104670078116,60.21333333333333,40.556666666666665,4.0,104.77,21.901,319.7183333333333,0.45866666666666667,55,2,1032,FAIL_BUDGET,0,0,-1,-1,0.0,0.0,0.0,0.0,0.0
1626,I4_Multi_Sparse_Delay,S0_CONTINUOUS,0.5462467352374387,88.03066666666666,87.752,0.0,175.78266666666667,51.87133333333333,365.21433333333334,1.0,0,0,1064,FAIL_BUDGET,340,23,-1,-1,0.0,0.0,0.0,0.0,0.0
1626,I4_Multi_Sparse_Delay,S1_SHADOW_OFF,0.6256300698007436,58.0,0.0,0.0,58.0,7.0,290.0,0.0,0,0,904,PASS_BUDGET,0,0,-1,-1,0.0,0.0,0.0,0.0,0.0
1626,I4_Multi_Sparse_Delay,S2_PERIODIC,0.5811078015620553,76.93166666666667,17.579,0.0,94.51066666666667,22.189666666666668,316.981,0.2,0,0,1068,PASS_BUDGET,310,5,-1,-1,0.0,0.0,0.0,0.0,0.0
1626,I4_Multi_Sparse_Delay,S3_EVENT_TRIGGERED,0.615565127990591,69.42066666666666,72.462,4.0,145.88266666666667,34.525333333333336,349.9583333333333,0.8158333333333333,98,0,1080,FAIL_BUDGET,128,19,-1,-1,0.0,0.0,0.0,0.0,0.0
1626,I5_Moving_Delay_Support,S0_CONTINUOUS,0.20151238394121213,89.82033333333334,86.773,0.0,176.59333333333333,55.56,361.4406666666667,1.0,0,0,1016,FAIL_BUDGET,0,0,-1,-1,0.0,0.0,0.0,0.0,0.0
1626,I5_Moving_Delay_Support,S1_SHADOW_OFF,0.4426851402604243,58.0,0.0,0.0,58.0,7.0,290.0,0.0,0,0,904,PASS_BUDGET,0,0,-1,-1,0.0,0.0,0.0,0.0,0.0
1626,I5_Moving_Delay_Support,S2_PERIODIC,0.3656137436273888,69.45833333333333,17.238666666666667,0.0,86.697,22.110333333333333,306.2613333333333,0.2,0,0,1020,PASS_BUDGET,0,0,-1,-1,0.0,0.0,0.0,0.0,0.0
1626,I5_Moving_Delay_Support,S3_EVENT_TRIGGERED,0.4266966072941412,59.163333333333334,48.59733333333333,4.0,111.76066666666667,24.620666666666665,323.24833333333333,0.5501666666666667,66,1,1000,FAIL_BUDGET,0,0,-1,-1,0.0,0.0,0.0,0.0,0.0
1626,I6_Continuous_Latent_State,S0_CONTINUOUS,0.13316245921134118,91.94533333333334,87.71633333333334,0.0,179.66166666666666,33.68333333333333,397.22433333333333,1.0,0,0,1000,FAIL_BUDGET,25,0,-1,-1,0.0,0.0,0.0,0.0,0.0
1626,I6_Continuous_Latent_State,S1_SHADOW_OFF,0.263314400493806,58.0,0.0,0.0,58.0,7.0,290.0,0.0,0,0,904,PASS_BUDGET,0,0,-1,-1,0.0,0.0,0.0,0.0,0.0
1626,I6_Continuous_Latent_State,S2_PERIODIC,0.13906914004650475,90.35666666666667,16.771,0.0,107.12766666666667,12.852666666666666,347.30966666666666,0.2,0,0,1004,FAIL_BUDGET,0,0,-1,-1,0.0,0.0,0.0,0.0,0.0
1626,I6_Continuous_Latent_State,S3_EVENT_TRIGGERED,0.13330417958425725,91.82433333333333,2.4983333333333335,4.0,98.32266666666666,9.536,339.71433333333334,0.036833333333333336,4,21,1000,PASS_BUDGET,0,0,-1,-1,0.0,0.0,0.0,0.0,0.0
1626,I7_Quiescent_Continuous_State,S0_CONTINUOUS,0.14546144197832822,81.284,86.279,0.0,167.563,32.96633333333333,381.80833333333334,1.0,0,0,1000,FAIL_BUDGET,27,0,-1,-1,0.0,0.0,0.0,0.0,0.0
1626,I7_Quiescent_Continuous_State,S1_SHADOW_OFF,0.2779316321464671,58.0,0.0,0.0,58.0,7.0,290.0,0.0,0,0,904,PASS_BUDGET,0,0,-1,-1,0.0,0.0,0.0,1.0,1.0
1626,I7_Quiescent_Continuous_State,S2_PERIODIC,0.17710335073425362,81.06333333333333,16.481666666666666,0.0,97.545,12.710666666666667,334.118,0.2,0,0,1004,PASS_BUDGET,0,0,-1,-1,0.0,0.0,0.0,0.8,0.8
1626,I7_Quiescent_Continuous_State,S3_EVENT_TRIGGERED,0.1425827824909776,91.82433333333333,4.0183333333333335,4.0,99.84266666666667,10.007666666666667,340.71733333333333,0.0535,6,21,1016,PASS_BUDGET,0,0,-1,-1,0.0,0.0,0.0,0.996,0.92175
1626,I8_Quiescent_Discrete_Delay,S0_CONTINUOUS,0.4580803451286691,59.12166666666667,86.782,0.0,145.90366666666668,33.211666666666666,350.563,1.0,0,0,1000,FAIL_BUDGET,11,2,-1,-1,0.0,0.0,0.0,0.0,0.0
1626,I8_Quiescent_Discrete_Delay,S1_SHADOW_OFF,0.4554120460844336,58.0,0.0,0.0,58.0,7.0,290.0,0.0,0,0,904,PASS_BUDGET,0,0,-1,-1,0.0,0.0,0.0,1.0,1.0
1626,I8_Quiescent_Discrete_Delay,S2_PERIODIC,0.18951852195544514,85.95,16.64966666666667,0.0,102.59966666666666,34.73266666666667,312.576,0.2,0,0,1020,FAIL_BUDGET,0,0,-1,-1,0.0,0.0,0.0,0.8,0.8
1626,I8_Quiescent_Discrete_Delay,S3_EVENT_TRIGGERED,0.45717007010864746,59.73833333333334,30.321666666666665,4.0,94.06,18.424,312.66433333333333,0.3431666666666667,41,9,1016,PASS_BUDGET,0,0,-1,-1,0.0,0.0,0.0,0.996,0.48725
1626,I9_Hybrid_Delay_Plus_Latent_State,S0_CONTINUOUS,0.26774801958654115,99.96366666666667,87.91666666666667,0.0,187.88033333333334,41.48733333333333,397.41966666666667,1.0,0,0,1064,FAIL_BUDGET,1698,18,-1,-1,0.0,0.07879369749477509,0.13158732952923155,0.0,0.0
1626,I9_Hybrid_Delay_Plus_Latent_State,S1_SHADOW_OFF,0.35841057163944706,58.0,0.0,0.0,58.0,7.0,290.0,0.0,0,0,904,PASS_BUDGET,0,0,-1,-1,0.0,0.0,0.0,0.0,0.0
1626,I9_Hybrid_Delay_Plus_Latent_State,S2_PERIODIC,0.3408402549483398,70.42166666666667,17.606,0.0,88.02766666666666,13.574666666666667,319.151,0.2,0,0,1004,PASS_BUDGET,0,0,-1,-1,0.0,-0.067533996062304,0.04669540823553715,0.0,0.0
1626,I9_Hybrid_Delay_Plus_Latent_State,S3_EVENT_TRIGGERED,0.3197143222641998,86.927,36.56733333333333,4.0,127.49433333333333,20.264333333333333,355.318,0.41683333333333333,50,1,1032,FAIL_BUDGET,62,8,-1,-1,0.0,-0.05915903372072242,0.10260719534531366,0.0,0.0
1626,I10_Redundant_Temporal_Structure,S0_CONTINUOUS,0.2984304988685288,130.48966666666666,86.97733333333333,0.0,217.467,61.21366666666667,410.91066666666666,1.0,0,0,1064,FAIL_BUDGET,5811,15,-1,-1,0.0,0.0,0.0,0.0,0.0
1626,I10_Redundant_Temporal_Structure,S1_SHADOW_OFF,0.5934579392818274,58.0,0.0,0.0,58.0,7.0,290.0,0.0,0,0,904,PASS_BUDGET,0,0,-1,-1,0.0,0.0,0.0,0.0,0.0
1626,I10_Redundant_Temporal_Structure,S2_PERIODIC,0.47367192598826036,83.1,17.205333333333332,0.0,100.30533333333334,32.80133333333333,311.61,0.2,0,0,1020,FAIL_BUDGET,0,0,-1,-1,0.0,0.0,0.0,0.0,0.0
1626,I10_Redundant_Temporal_Structure,S3_EVENT_TRIGGERED,0.4097111695760789,92.29266666666666,55.557,4.0,151.84966666666668,26.372,375.185,0.6246666666666667,75,0,1064,FAIL_BUDGET,238,21,-1,-1,0.0,0.0,0.0,0.0,0.0
1626,I11_Regime_Switch_Delay_To_Latent,S0_CONTINUOUS,0.2432025682348195,78.632,87.98166666666667,0.0,166.61366666666666,37.141333333333336,373.598,1.0,0,0,1032,FAIL_BUDGET,40,10,273,59,0.0,0.0,0.0,0.0,0.0
1626,I11_Regime_Switch_Delay_To_Latent,S1_SHADOW_OFF,0.31411132613706677,58.0,0.0,0.0,58.0,7.0,290.0,0.0,0,0,904,PASS_BUDGET,0,0,-1,0,0.0,0.0,0.0,0.0,0.0
1626,I11_Regime_Switch_Delay_To_Latent,S2_PERIODIC,0.25492119226818444,72.93666666666667,16.646,0.0,89.58266666666667,18.020333333333333,315.8546666666667,0.2,0,0,1020,PASS_BUDGET,0,0,1544,439,0.19582633787470383,0.0,0.0,0.0,0.0
1626,I11_Regime_Switch_Delay_To_Latent,S3_EVENT_TRIGGERED,0.21935513406904983,76.428,19.838333333333335,4.0,100.26633333333334,16.496,327.5303333333333,0.227,27,12,1016,FAIL_BUDGET,0,0,335,73,0.3039851904471862,0.0,0.0,0.0,0.0
1626,I12_Regime_Switch_Latent_To_Delay,S0_CONTINUOUS,0.19552110825030708,84.735,87.11666666666666,0.0,171.85166666666666,40.292,376.756,1.0,0,0,1016,FAIL_BUDGET,45,20,1397,26,0.6714360702434193,0.0,0.0,0.0,0.0
1626,I12_Regime_Switch_Latent_To_Delay,S1_SHADOW_OFF,0.3078670059344913,58.0,0.0,0.0,58.0,7.0,290.0,0.0,0,0,904,PASS_BUDGET,0,0,-1,0,0.44941150915891115,0.0,0.0,0.0,0.0
1626,I12_Regime_Switch_Latent_To_Delay,S2_PERIODIC,0.24372025490427782,79.50333333333333,16.578,0.0,96.08133333333333,14.103333333333333,330.095,0.2,0,0,1004,PASS_BUDGET,0,0,1619,789,0.6776149906646518,0.0,0.0,0.0,0.0
1626,I12_Regime_Switch_Latent_To_Delay,S3_EVENT_TRIGGERED,0.2575615701578239,75.10733333333333,18.157333333333334,4.0,97.26466666666667,14.506,326.4003333333333,0.21033333333333334,25,12,984,PASS_BUDGET,0,0,342,26,0.6731339729466579,0.0,0.0,0.0,0.0
1626,I13_Regime_Switch_Hybrid_To_Memoryless,S0_CONTINUOUS,0.25071323869597834,73.09466666666667,87.40433333333333,0.0,160.499,33.636,370.51166666666666,1.0,0,0,1032,FAIL_BUDGET,38,2,-1,5,0.0,0.0,0.0,0.0,0.0
1626,I13_Regime_Switch_Hybrid_To_Memoryless,S1_SHADOW_OFF,0.27710076258111954,58.0,0.0,0.0,58.0,7.0,290.0,0.0,0,0,904,PASS_BUDGET,0,0,-1,0,0.0,0.0,0.0,0.0,0.0
1626,I13_Regime_Switch_Hybrid_To_Memoryless,S2_PERIODIC,0.2531782666395165,70.155,17.578666666666667,0.0,87.73366666666666,13.364333333333333,319.04566666666665,0.2,0,0,1004,PASS_BUDGET,0,0,-1,0,0.0,0.0,0.0,0.0,0.0
1626,I13_Regime_Switch_Hybrid_To_Memoryless,S3_EVENT_TRIGGERED,0.2505887314536686,73.666,19.655,4.0,97.321,14.986,325.383,0.22683333333333333,27,11,1032,PASS_BUDGET,26,5,-1,0,0.0,0.0,0.0,0.0,0.0
1626,I14_Intermittent_Hybrid,S0_CONTINUOUS,0.2344750140173668,78.891,88.05,0.0,166.941,36.004,375.75666666666666,1.0,0,0,1064,FAIL_BUDGET,331,0,0,-1,0.5461247023691553,0.0,0.0,0.0,0.0
1626,I14_Intermittent_Hybrid,S1_SHADOW_OFF,0.29559171424480574,58.0,0.0,0.0,58.0,7.0,290.0,0.0,0,0,904,PASS_BUDGET,0,0,-1,-1,0.633682052839301,0.0,0.0,0.0,0.0
1626,I14_Intermittent_Hybrid,S2_PERIODIC,0.24214772671904322,87.13666666666667,17.186666666666667,0.0,104.32333333333334,13.641,342.264,0.2,0,0,1020,FAIL_BUDGET,380,100,0,-1,0.5457200908707116,0.0,0.0,0.0,0.0
1626,I14_Intermittent_Hybrid,S3_EVENT_TRIGGERED,0.23998052514996102,86.88533333333334,17.647666666666666,4.0,108.533,17.780666666666665,338.30066666666664,0.2105,25,13,1064,FAIL_BUDGET,2487,454,0,-1,0.6745709896564465,0.0,0.0,0.0,0.0
1627,I1_Memoryless_Linear,S0_CONTINUOUS,0.12513109034069672,59.57533333333333,72.07333333333334,0.0,131.64866666666666,24.625666666666667,346.9626666666667,1.0,0,0,952,FAIL_BUDGET,0,0,-1,-1,0.0,0.0,0.0,0.0,0.0
1627,I1_Memoryless_Linear,S1_SHADOW_OFF,0.12490259226321027,58.0,0.0,0.0,58.0,7.0,290.0,0.0,0,0,904,PASS_BUDGET,0,0,-1,-1,0.0,0.0,0.0,0.0,0.0
1627,I1_Memoryless_Linear,S2_PERIODIC,0.12522732595897013,60.181666666666665,14.891666666666667,0.0,75.07333333333334,11.846333333333334,304.20466666666664,0.2,0,0,956,PASS_BUDGET,0,0,-1,-1,0.0,0.0,0.0,0.0,0.0
1627,I1_Memoryless_Linear,S3_EVENT_TRIGGERED,0.12490259226321027,58.0,0.7786666666666666,4.0,62.778666666666666,9.146,290.6326666666667,0.012166666666666666,1,23,920,PASS_BUDGET,0,0,-1,-1,0.0,0.0,0.0,0.0,0.0
1627,I2_Static_Nonlinear_Negative_Control,S0_CONTINUOUS,1.057000115918585,59.88966666666666,88.84966666666666,0.0,148.73933333333332,34.425,352.148,1.0,0,0,1000,FAIL_BUDGET,9,2,-1,-1,0.0,0.0,0.0,0.0,0.0
1627,I2_Static_Nonlinear_Negative_Control,S1_SHADOW_OFF,1.0503850393413319,58.0,0.0,0.0,58.0,7.0,290.0,0.0,0,0,904,PASS_BUDGET,0,0,-1,-1,0.0,0.0,0.0,0.0,0.0
1627,I2_Static_Nonlinear_Negative_Control,S2_PERIODIC,1.056122195533668,59.18333333333333,17.529666666666667,0.0,76.713,14.225666666666667,302.31666666666666,0.2,0,0,988,PASS_BUDGET,0,0,-1,-1,0.0,0.0,0.0,0.0,0.0
1627,I2_Static_Nonlinear_Negative_Control,S3_EVENT_TRIGGERED,1.0529402107481058,58.51466666666666,52.36,4.0,114.87466666666667,25.102,325.826,0.5901666666666666,71,0,1016,FAIL_BUDGET,5,0,-1,-1,0.0,0.0,0.0,0.0,0.0
1627,I3_Single_Exact_Delay,S0_CONTINUOUS,0.28135808925424743,80.78833333333333,87.582,0.0,168.37033333333332,48.887,359.189,1.0,0,0,1016,FAIL_BUDGET,0,0,-1,-1,0.0,0.0,0.0,0.0,0.0
1627,I3_Single_Exact_Delay,S1_SHADOW_OFF,0.4441350267337413,58.0,0.0,0.0,58.0,7.0,290.0,0.0,0,0,904,PASS_BUDGET,0,0,-1,-1,0.0,0.0,0.0,0.0,0.0
1627,I3_Single_Exact_Delay,S2_PERIODIC,0.44611853103295523,60.94833333333333,17.659,0.0,78.60733333333333,14.202,304.985,0.2,0,0,1004,PASS_BUDGET,0,0,-1,-1,0.0,0.0,0.0,0.0,0.0
1627,I3_Single_Exact_Delay,S3_EVENT_TRIGGERED,0.411814931784939,64.646,40.94733333333333,4.0,109.59333333333333,25.448333333333334,321.915,0.4671666666666667,56,3,1032,FAIL_BUDGET,0,0,-1,-1,0.0,0.0,0.0,0.0,0.0
1627,I4_Multi_Sparse_Delay,S0_CONTINUOUS,0.5516641595735343,76.419,88.22266666666667,0.0,164.64166666666668,43.37466666666667,361.55066666666664,1.0,0,0,1064,FAIL_BUDGET,232,19,-1,-1,0.0,0.0,0.0,0.0,0.0
1627,I4_Multi_Sparse_Delay,S1_SHADOW_OFF,0.6410392169522058,58.0,0.0,0.0,58.0,7.0,290.0,0.0,0,0,904,PASS_BUDGET,0,0,-1,-1,0.0,0.0,0.0,0.0,0.0
1627,I4_Multi_Sparse_Delay,S2_PERIODIC,0.6069716820873354,68.875,17.516666666666666,0.0,86.39166666666667,21.829,306.12033333333335,0.2,0,0,1020,PASS_BUDGET,0,0,-1,-1,0.0,0.0,0.0,0.0,0.0
1627,I4_Multi_Sparse_Delay,S3_EVENT_TRIGGERED,0.6020854751182716,76.50733333333334,68.82666666666667,4.0,149.334,39.52766666666667,349.11466666666666,0.7795,94,0,1080,FAIL_BUDGET,371,127,-1,-1,0.0,0.0,0.0,0.0,0.0
1627,I5_Moving_Delay_Support,S0_CONTINUOUS,0.26545256999325656,83.73466666666667,87.15466666666667,0.0,170.88933333333333,50.79666666666667,360.163,1.0,0,0,1016,FAIL_BUDGET,0,0,-1,-1,0.0,0.0,0.0,0.0,0.0
1627,I5_Moving_Delay_Support,S1_SHADOW_OFF,0.4512161386300756,58.0,0.0,0.0,58.0,7.0,290.0,0.0,0,0,904,PASS_BUDGET,0,0,-1,-1,0.0,0.0,0.0,0.0,0.0
1627,I5_Moving_Delay_Support,S2_PERIODIC,0.34863494718399735,75.21666666666667,17.35333333333333,0.0,92.57,25.042666666666666,310.72866666666664,0.2,0,0,1020,PASS_BUDGET,0,0,-1,-1,0.0,0.0,0.0,0.0,0.0
1627,I5_Moving_Delay_Support,S3_EVENT_TRIGGERED,0.2446551164198675,71.12633333333333,19.334,4.0,94.46033333333334,25.119666666666667,308.60966666666667,0.22716666666666666,27,13,1000,PASS_BUDGET,0,0,-1,-1,0.0,0.0,0.0,0.0,0.0
1627,I6_Continuous_Latent_State,S0_CONTINUOUS,0.14464856775582036,91.49666666666667,87.86733333333333,0.0,179.364,33.800666666666665,396.53933333333333,1.0,0,0,1032,FAIL_BUDGET,46,19,-1,-1,0.0,0.0,0.0,0.0,0.0
1627,I6_Continuous_Latent_State,S1_SHADOW_OFF,0.2695057999183863,58.0,0.0,0.0,58.0,7.0,290.0,0.0,0,0,904,PASS_BUDGET,0,0,-1,-1,0.0,0.0,0.0,0.0,0.0
1627,I6_Continuous_Latent_State,S2_PERIODIC,0.14611899059937117,91.37666666666667,16.762,0.0,108.13866666666667,12.946,348.796,0.2,0,0,1004,FAIL_BUDGET,0,0,-1,-1,0.0,0.0,0.0,0.0,0.0
1627,I6_Continuous_Latent_State,S3_EVENT_TRIGGERED,0.14382155242433386,91.78466666666667,8.389333333333333,4.0,104.174,11.391,343.62333333333333,0.10283333333333333,12,17,1016,FAIL_BUDGET,0,0,-1,-1,0.0,0.0,0.0,0.0,0.0
1627,I7_Quiescent_Continuous_State,S0_CONTINUOUS,0.15830941105307755,80.76233333333333,84.77733333333333,0.0,165.53966666666668,32.141333333333336,380.63433333333336,1.0,0,0,1016,FAIL_BUDGET,27,17,-1,-1,0.0,0.0,0.0,0.0,0.0
1627,I7_Quiescent_Continuous_State,S1_SHADOW_OFF,0.27141409815126566,58.0,0.0,0.0,58.0,7.0,290.0,0.0,0,0,904,PASS_BUDGET,0,0,-1,-1,0.0,0.0,0.0,1.0,1.0
1627,I7_Quiescent_Continuous_State,S2_PERIODIC,0.1691881074134647,83.16,16.615333333333332,0.0,99.77533333333334,12.874,337.1596666666667,0.2,0,0,1004,PASS_BUDGET,0,0,-1,-1,0.0,0.0,0.0,0.8,0.8
1627,I7_Quiescent_Continuous_State,S3_EVENT_TRIGGERED,0.15383362492662742,91.78466666666667,7.622333333333334,4.0,103.407,11.147666666666666,343.1256666666667,0.09466666666666666,11,18,1016,FAIL_BUDGET,0,0,-1,-1,0.0,0.0,0.0,0.996,0.86
1627,I8_Quiescent_Discrete_Delay,S0_CONTINUOUS,0.33685691978969234,70.13666666666667,86.33133333333333,0.0,156.468,40.586666666666666,355.024,1.0,0,0,1016,FAIL_BUDGET,0,0,-1,-1,0.0,0.0,0.0,0.0,0.0
1627,I8_Quiescent_Discrete_Delay,S1_SHADOW_OFF,0.45029974552031465,58.0,0.0,0.0,58.0,7.0,290.0,0.0,0,0,904,PASS_BUDGET,0,0,-1,-1,0.0,0.0,0.0,1.0,1.0
1627,I8_Quiescent_Discrete_Delay,S2_PERIODIC,0.45163027050521104,60.32333333333333,17.632666666666665,0.0,77.956,13.611,304.889,0.2,0,0,1004,PASS_BUDGET,0,0,-1,-1,0.0,0.0,0.0,0.8,0.8
1627,I8_Quiescent_Discrete_Delay,S3_EVENT_TRIGGERED,0.42802567747112574,60.42766666666667,28.481333333333332,4.0,92.909,18.297666666666668,311.8736666666667,0.32666666666666666,39,10,1016,PASS_BUDGET,0,0,-1,-1,0.0,0.0,0.0,0.996,0.512
1627,I9_Hybrid_Delay_Plus_Latent_State,S0_CONTINUOUS,0.2690939691904876,98.498,88.16033333333333,0.0,186.65833333333333,41.495,395.57533333333333,1.0,0,0,1064,FAIL_BUDGET,1670,42,-1,-1,0.0,0.07553259373288986,0.12838555033887006,0.0,0.0
1627,I9_Hybrid_Delay_Plus_Latent_State,S1_SHADOW_OFF,0.3614069761287976,58.0,0.0,0.0,58.0,7.0,290.0,0.0,0,0,904,PASS_BUDGET,0,0,-1,-1,0.0,0.0,0.0,0.0,0.0
1627,I9_Hybrid_Delay_Plus_Latent_State,S2_PERIODIC,0.2551220936306186,102.87,17.319666666666667,0.0,120.18966666666667,23.182,352.1976666666667,0.2,0,0,1068,FAIL_BUDGET,2046,20,-1,-1,0.0,0.11551625507536856,0.11309177355900946,0.0,0.0
1627,I9_Hybrid_Delay_Plus_Latent_State,S3_EVENT_TRIGGERED,0.1766469579169319,110.268,14.5,4.0,128.768,31.003,351.171,0.16933333333333334,20,16,1080,FAIL_BUDGET,4743,5,-1,-1,0.0,0.18007274057330241,0.10562752439921239,0.0,0.0
1627,I10_Redundant_Temporal_Structure,S0_CONTINUOUS,0.4297874424630882,92.279,88.93266666666666,0.0,181.21166666666667,34.78633333333333,397.281,1.0,0,0,1064,FAIL_BUDGET,278,18,-1,-1,0.0,0.0,0.0,0.0,0.0
1627,I10_Redundant_Temporal_Structure,S1_SHADOW_OFF,0.5936327117976372,58.0,0.0,0.0,58.0,7.0,290.0,0.0,0,0,904,PASS_BUDGET,0,0,-1,-1,0.0,0.0,0.0,0.0,0.0
1627,I10_Redundant_Temporal_Structure,S2_PERIODIC,0.4320936640369409,94.40333333333334,17.642,0.0,112.04533333333333,15.767,350.12766666666664,0.2,0,0,1068,FAIL_BUDGET,990,95,-1,-1,0.0,0.0,0.0,0.0,0.0
1627,I10_Redundant_Temporal_Structure,S3_EVENT_TRIGGERED,0.42859502431749047,93.24433333333333,59.562333333333335,4.0,156.80666666666667,28.589,377.73533333333336,0.6725,81,0,1080,FAIL_BUDGET,580,31,-1,-1,0.0,0.0,0.0,0.0,0.0
1627,I11_Regime_Switch_Delay_To_Latent,S0_CONTINUOUS,0.15666626045195964,91.19666666666667,87.494,0.0,178.69066666666666,46.80466666666667,376.944,1.0,0,0,1016,FAIL_BUDGET,0,0,374,43,0.4154612250480232,0.0,0.0,0.0,0.0
1627,I11_Regime_Switch_Delay_To_Latent,S1_SHADOW_OFF,0.3148661243797233,58.0,0.0,0.0,58.0,7.0,290.0,0.0,0,0,904,PASS_BUDGET,0,0,-1,0,0.0,0.0,0.0,0.0,0.0
1627,I11_Regime_Switch_Delay_To_Latent,S2_PERIODIC,0.28092592194358496,72.37333333333333,17.357,0.0,89.73033333333333,13.574,321.67066666666665,0.2,0,0,1004,PASS_BUDGET,25,25,584,0,0.0,0.0,0.0,0.0,0.0
1627,I11_Regime_Switch_Delay_To_Latent,S3_EVENT_TRIGGERED,0.28942857397421046,69.414,28.852,4.0,102.266,18.363,324.8023333333333,0.3345,40,7,1016,FAIL_BUDGET,0,0,1148,0,0.0,0.0,0.0,0.0,0.0
1627,I12_Regime_Switch_Latent_To_Delay,S0_CONTINUOUS,0.27299252980975436,74.627,87.69066666666667,0.0,162.31766666666667,33.673,372.739,1.0,0,0,1000,FAIL_BUDGET,9,4,236,36,0.4613014454280199,0.0,0.0,0.0,0.0
1627,I12_Regime_Switch_Latent_To_Delay,S1_SHADOW_OFF,0.3213444988687928,58.0,0.0,0.0,58.0,7.0,290.0,0.0,0,0,904,PASS_BUDGET,0,0,-1,0,0.13804610361163772,0.0,0.0,0.0,0.0
1627,I12_Regime_Switch_Latent_To_Delay,S2_PERIODIC,0.27409193412256283,79.72166666666666,16.591,0.0,96.31266666666667,13.134666666666666,331.93033333333335,0.2,0,0,1004,PASS_BUDGET,0,0,1639,879,0.46286135538908774,0.0,0.0,0.0,0.0
1627,I12_Regime_Switch_Latent_To_Delay,S3_EVENT_TRIGGERED,0.2733646971134629,76.31666666666666,21.252,4.0,101.56866666666667,15.83,329.71566666666666,0.25166666666666665,30,10,984,FAIL_BUDGET,0,0,659,111,0.4624492600133201,0.0,0.0,0.0,0.0
1627,I13_Regime_Switch_Hybrid_To_Memoryless,S0_CONTINUOUS,0.25105171928312725,71.55533333333334,86.494,0.0,158.04933333333332,33.221,367.9916666666667,1.0,0,0,1016,FAIL_BUDGET,24,6,-1,38,0.0,0.0,0.0,0.0,0.0
1627,I13_Regime_Switch_Hybrid_To_Memoryless,S1_SHADOW_OFF,0.27630347044978726,58.0,0.0,0.0,58.0,7.0,290.0,0.0,0,0,904,PASS_BUDGET,0,0,-1,0,0.0,0.0,0.0,0.0,0.0
1627,I13_Regime_Switch_Hybrid_To_Memoryless,S2_PERIODIC,0.2450866638189632,76.87,17.484666666666666,0.0,94.35466666666666,13.314333333333334,328.5006666666667,0.2,0,0,1004,PASS_BUDGET,0,0,-1,419,0.0,0.0,0.0,0.0,0.0
1627,I13_Regime_Switch_Hybrid_To_Memoryless,S3_EVENT_TRIGGERED,0.18273699877516283,96.338,11.624,4.0,111.962,19.089,343.694,0.13633333333333333,16,18,1032,FAIL_BUDGET,4743,5,-1,-1,0.0,0.0,0.0,0.0,0.0
1627,I14_Intermittent_Hybrid,S0_CONTINUOUS,0.17960708104149609,88.476,87.042,0.0,175.518,42.73533333333334,378.4936666666667,1.0,0,0,1064,FAIL_BUDGET,565,23,0,-1,0.5723194600601906,0.0,0.0,0.0,0.0
1627,I14_Intermittent_Hybrid,S1_SHADOW_OFF,0.30313259441330104,58.0,0.0,0.0,58.0,7.0,290.0,0.0,0,0,904,PASS_BUDGET,0,0,-1,-1,0.7519025616983662,0.0,0.0,0.0,0.0
1627,I14_Intermittent_Hybrid,S2_PERIODIC,0.2448706178287126,84.5,16.691,0.0,101.191,13.099333333333334,338.75266666666664,0.2,0,0,1004,FAIL_BUDGET,70,45,0,-1,0.5736663375306362,0.0,0.0,0.0,0.0
1627,I14_Intermittent_Hybrid,S3_EVENT_TRIGGERED,0.19950899648215353,99.17733333333334,10.058333333333334,4.0,113.23566666666666,24.14,339.5423333333333,0.11916666666666667,14,15,1080,FAIL_BUDGET,2947,1,0,-1,0.1549004558991613,0.0,0.0,0.0,0.0
1628,I1_Memoryless_Linear,S0_CONTINUOUS,0.1247838109727377,59.513,72.29066666666667,0.0,131.80366666666666,24.599333333333334,346.94166666666666,1.0,0,0,952,FAIL_BUDGET,0,0,-1,-1,0.0,0.0,0.0,0.0,0.0
1628,I1_Memoryless_Linear,S1_SHADOW_OFF,0.12447990035895681,58.0,0.0,0.0,58.0,7.0,290.0,0.0,0,0,904,PASS_BUDGET,0,0,-1,-1,0.0,0.0,0.0,0.0,0.0
1628,I1_Memoryless_Linear,S2_PERIODIC,0.12447990035895681,58.0,12.8,0.0,70.8,10.4,300.4,0.2,0,0,908,PASS_BUDGET,0,0,-1,-1,0.0,0.0,0.0,0.0,0.0
1628,I1_Memoryless_Linear,S3_EVENT_TRIGGERED,0.12479577809627819,91.81866666666667,0.8986666666666666,4.0,96.71733333333333,9.242,338.42466666666667,0.012166666666666666,1,23,984,PASS_BUDGET,0,0,-1,-1,0.0,0.0,0.0,0.0,0.0
1628,I2_Static_Nonlinear_Negative_Control,S0_CONTINUOUS,1.0639183154618415,58.45733333333333,88.865,0.0,147.32233333333335,34.50033333333333,349.938,1.0,0,0,1000,FAIL_BUDGET,0,0,-1,-1,0.0,0.0,0.0,0.0,0.0
1628,I2_Static_Nonlinear_Negative_Control,S1_SHADOW_OFF,1.0580370571998003,58.0,0.0,0.0,58.0,7.0,290.0,0.0,0,0,904,PASS_BUDGET,0,0,-1,-1,0.0,0.0,0.0,0.0,0.0
1628,I2_Static_Nonlinear_Negative_Control,S2_PERIODIC,1.0667543921022136,60.59,17.562333333333335,0.0,78.15233333333333,14.529666666666667,303.94866666666667,0.2,0,0,1036,PASS_BUDGET,185,90,-1,-1,0.0,0.0,0.0,0.0,0.0
1628,I2_Static_Nonlinear_Negative_Control,S3_EVENT_TRIGGERED,1.0640641662518158,59.37466666666667,57.615,4.0,120.98966666666666,27.131,329.9216666666667,0.6501666666666667,78,1,1016,FAIL_BUDGET,0,0,-1,-1,0.0,0.0,0.0,0.0,0.0
1628,I3_Single_Exact_Delay,S0_CONTINUOUS,0.16370699187517834,95.992,86.83366666666667,0.0,182.82566666666668,59.56066666666667,364.529,1.0,0,0,1016,FAIL_BUDGET,5,0,-1,-1,0.0,0.0,0.0,0.0,0.0
1628,I3_Single_Exact_Delay,S1_SHADOW_OFF,0.46051395862574984,58.0,0.0,0.0,58.0,7.0,290.0,0.0,0,0,904,PASS_BUDGET,0,0,-1,-1,0.0,0.0,0.0,0.0,0.0
1628,I3_Single_Exact_Delay,S2_PERIODIC,0.4624188914566463,59.94,17.467,0.0,77.407,13.535,304.251,0.2,0,0,1004,PASS_BUDGET,25,25,-1,-1,0.0,0.0,0.0,0.0,0.0
1628,I3_Single_Exact_Delay,S3_EVENT_TRIGGERED,0.12938085108487615,78.15133333333333,2.017,4.0,84.16833333333334,25.442333333333334,299.76366666666667,0.028833333333333332,3,23,1000,PASS_BUDGET,0,0,-1,-1,0.0,0.0,0.0,0.0,0.0
1628,I4_Multi_Sparse_Delay,S0_CONTINUOUS,0.5682498929088976,76.75433333333334,88.30633333333333,0.0,165.06066666666666,43.344,362.2386666666667,1.0,0,0,1064,FAIL_BUDGET,129,5,-1,-1,0.0,0.0,0.0,0.0,0.0
1628,I4_Multi_Sparse_Delay,S1_SHADOW_OFF,0.6087572499246104,58.0,0.0,0.0,58.0,7.0,290.0,0.0,0,0,904,PASS_BUDGET,0,0,-1,-1,0.0,0.0,0.0,0.0,0.0
1628,I4_Multi_Sparse_Delay,S2_PERIODIC,0.566656271727058,73.815,17.438,0.0,91.253,23.241666666666667,311.1073333333333,0.2,0,0,1020,PASS_BUDGET,215,0,-1,-1,0.0,0.0,0.0,0.0,0.0
1628,I4_Multi_Sparse_Delay,S3_EVENT_TRIGGERED,0.5953638011186493,71.03833333333333,73.87966666666667,4.0,148.918,37.258,350.112,0.8313333333333334,100,0,1080,FAIL_BUDGET,117,26,-1,-1,0.0,0.0,0.0,0.0,0.0
1628,I5_Moving_Delay_Support,S0_CONTINUOUS,0.30783033347644867,78.106,87.792,0.0,165.898,47.94533333333333,357.1086666666667,1.0,0,0,1016,FAIL_BUDGET,0,0,-1,-1,0.0,0.0,0.0,0.0,0.0
1628,I5_Moving_Delay_Support,S1_SHADOW_OFF,0.45014942609924286,58.0,0.0,0.0,58.0,7.0,290.0,0.0,0,0,904,PASS_BUDGET,0,0,-1,-1,0.0,0.0,0.0,0.0,0.0
1628,I5_Moving_Delay_Support,S2_PERIODIC,0.4522672766183005,60.06666666666667,17.518333333333334,0.0,77.585,14.27,303.539,0.2,0,0,1036,PASS_BUDGET,115,10,-1,-1,0.0,0.0,0.0,0.0,0.0
1628,I5_Moving_Delay_Support,S3_EVENT_TRIGGERED,0.21857153101452162,80.65466666666667,15.099333333333334,4.0,99.754,31.118333333333332,309.8913333333333,0.17766666666666667,21,16,1032,PASS_BUDGET,0,0,-1,-1,0.0,0.0,0.0,0.0,0.0
1628,I6_Continuous_Latent_State,S0_CONTINUOUS,0.14910136795889606,90.565,88.434,0.0,178.999,34.157333333333334,395.398,1.0,0,0,1016,FAIL_BUDGET,30,7,-1,-1,0.0,0.0,0.0,0.0,0.0
1628,I6_Continuous_Latent_State,S1_SHADOW_OFF,0.26978830854937796,58.0,0.0,0.0,58.0,7.0,290.0,0.0,0,0,904,PASS_BUDGET,0,0,-1,-1,0.0,0.0,0.0,0.0,0.0
1628,I6_Continuous_Latent_State,S2_PERIODIC,0.16361616311821683,86.51166666666667,17.342333333333332,0.0,103.854,13.783666666666667,341.33566666666667,0.2,0,0,1020,FAIL_BUDGET,205,40,-1,-1,0.0,0.0,0.0,0.0,0.0
1628,I6_Continuous_Latent_State,S3_EVENT_TRIGGERED,0.14731462956881544,91.41833333333334,6.7283333333333335,4.0,102.14666666666666,11.052,341.7103333333333,0.07833333333333334,9,20,1016,FAIL_BUDGET,15,0,-1,-1,0.0,0.0,0.0,0.0,0.0
1628,I7_Quiescent_Continuous_State,S0_CONTINUOUS,0.16350030532550833,80.33,83.83433333333333,0.0,164.16433333333333,31.387666666666668,379.52933333333334,1.0,0,0,1016,FAIL_BUDGET,36,11,-1,-1,0.0,0.0,0.0,0.0,0.0
1628,I7_Quiescent_Continuous_State,S1_SHADOW_OFF,0.27307046191925394,58.0,0.0,0.0,58.0,7.0,290.0,0.0,0,0,904,PASS_BUDGET,0,0,-1,-1,0.0,0.0,0.0,1.0,1.0
1628,I7_Quiescent_Continuous_State,S2_PERIODIC,0.19864074840919269,78.99,17.435666666666666,0.0,96.42566666666667,13.695333333333334,330.9313333333333,0.2,0,0,1004,PASS_BUDGET,95,40,-1,-1,0.0,0.0,0.0,0.8,0.8
1628,I7_Quiescent_Continuous_State,S3_EVENT_TRIGGERED,0.16010184734466018,91.41833333333334,6.711333333333333,4.0,102.12966666666667,11.04,341.70433333333335,0.07833333333333334,9,20,1016,FAIL_BUDGET,15,0,-1,-1,0.0,0.0,0.0,0.9825,0.89125
1628,I8_Quiescent_Discrete_Delay,S0_CONTINUOUS,0.20144934651733193,83.88866666666667,85.72566666666667,0.0,169.61433333333332,50.162,359.81266666666664,1.0,0,0,1016,FAIL_BUDGET,5,0,-1,-1,0.0,0.0,0.0,0.0,0.0
1628,I8_Quiescent_Discrete_Delay,S1_SHADOW_OFF,0.4640249066781206,58.0,0.0,0.0,58.0,7.0,290.0,0.0,0,0,904,PASS_BUDGET,0,0,-1,-1,0.0,0.0,0.0,1.0,1.0
1628,I8_Quiescent_Discrete_Delay,S2_PERIODIC,0.46718504681202067,58.40833333333333,17.439333333333334,0.0,75.84766666666667,13.588333333333333,301.99766666666665,0.2,0,0,988,PASS_BUDGET,0,0,-1,-1,0.0,0.0,0.0,0.8,0.8
1628,I8_Quiescent_Discrete_Delay,S3_EVENT_TRIGGERED,0.1593533439363794,84.678,4.829,4.0,93.507,31.405,304.25733333333335,0.06166666666666667,7,20,1032,PASS_BUDGET,0,0,-1,-1,0.0,0.0,0.0,0.996,0.9095
1628,I9_Hybrid_Delay_Plus_Latent_State,S0_CONTINUOUS,0.14886505535085592,128.639,86.69466666666666,0.0,215.33366666666666,61.01533333333333,408.3233333333333,1.0,0,0,1064,FAIL_BUDGET,5521,10,-1,-1,0.0,0.41550012759959964,0.12684696428931724,0.0,0.0
1628,I9_Hybrid_Delay_Plus_Latent_State,S1_SHADOW_OFF,0.3536386763234389,58.0,0.0,0.0,58.0,7.0,290.0,0.0,0,0,904,PASS_BUDGET,0,0,-1,-1,0.0,0.0,0.0,0.0,0.0
1628,I9_Hybrid_Delay_Plus_Latent_State,S2_PERIODIC,0.3193091611061192,79.98666666666666,17.434333333333335,0.0,97.421,13.254333333333333,332.871,0.2,0,0,1004,PASS_BUDGET,0,0,-1,-1,0.0,-0.07213711110703112,0.09213200801776501,0.0,0.0
1628,I9_Hybrid_Delay_Plus_Latent_State,S3_EVENT_TRIGGERED,0.26166918885687823,90.62633333333333,29.686333333333334,4.0,124.31266666666667,23.581333333333333,349.0353333333333,0.3348333333333333,40,9,1048,FAIL_BUDGET,2139,195,-1,-1,0.0,0.06263382496404962,0.10257867048969922,0.0,0.0
1628,I10_Redundant_Temporal_Structure,S0_CONTINUOUS,0.4196060740123787,98.62666666666667,88.825,0.0,187.45166666666665,39.873666666666665,398.74466666666666,1.0,0,0,1064,FAIL_BUDGET,1204,20,-1,-1,0.0,0.0,0.0,0.0,0.0
1628,I10_Redundant_Temporal_Structure,S1_SHADOW_OFF,0.6021692665863444,58.0,0.0,0.0,58.0,7.0,290.0,0.0,0,0,904,PASS_BUDGET,0,0,-1,-1,0.0,0.0,0.0,0.0,0.0
1628,I10_Redundant_Temporal_Structure,S2_PERIODIC,0.5950764112621144,61.09166666666667,17.645666666666667,0.0,78.73733333333334,15.783,303.09566666666666,0.2,0,0,1020,PASS_BUDGET,0,0,-1,-1,0.0,0.0,0.0,0.0,0.0
1628,I10_Redundant_Temporal_Structure,S3_EVENT_TRIGGERED,0.43645876453225274,94.08966666666667,59.620666666666665,4.0,157.71033333333332,30.038666666666668,377.09066666666666,0.67,81,0,1080,FAIL_BUDGET,468,31,-1,-1,0.0,0.0,0.0,0.0,0.0
1628,I11_Regime_Switch_Delay_To_Latent,S0_CONTINUOUS,0.15929770910874277,90.52166666666666,87.43133333333333,0.0,177.953,46.239666666666665,376.701,1.0,0,0,1016,FAIL_BUDGET,45,18,468,111,0.30436867571608767,0.0,0.0,0.0,0.0
1628,I11_Regime_Switch_Delay_To_Latent,S1_SHADOW_OFF,0.30844842657890736,58.0,0.0,0.0,58.0,7.0,290.0,0.0,0,0,904,PASS_BUDGET,0,0,-1,0,0.0,0.0,0.0,0.0,0.0
1628,I11_Regime_Switch_Delay_To_Latent,S2_PERIODIC,0.2691728131020114,74.70666666666666,17.237,0.0,91.94366666666667,14.759666666666666,323.2633333333333,0.2,0,0,1004,PASS_BUDGET,25,10,414,239,0.0,0.0,0.0,0.0,0.0
1628,I11_Regime_Switch_Delay_To_Latent,S3_EVENT_TRIGGERED,0.2894274578196639,66.96933333333334,31.647,4.0,102.61633333333333,18.705666666666666,323.8933333333333,0.3591666666666667,43,5,1016,FAIL_BUDGET,0,0,1707,0,0.0,0.0,0.0,0.0,0.0
1628,I12_Regime_Switch_Latent_To_Delay,S0_CONTINUOUS,0.18513793077430146,87.50266666666667,87.23833333333333,0.0,174.741,42.532333333333334,377.63233333333335,1.0,0,0,1032,FAIL_BUDGET,11,2,45,28,0.46655592875964724,0.0,0.0,0.0,0.0
1628,I12_Regime_Switch_Latent_To_Delay,S1_SHADOW_OFF,0.3136579608019642,58.0,0.0,0.0,58.0,7.0,290.0,0.0,0,0,904,PASS_BUDGET,0,0,-1,0,0.12150072488206054,0.0,0.0,0.0,0.0
1628,I12_Regime_Switch_Latent_To_Delay,S2_PERIODIC,0.2771323328255937,74.42166666666667,17.392666666666667,0.0,91.81433333333334,13.606,324.56666666666666,0.2,0,0,1004,PASS_BUDGET,60,60,794,919,0.47589340034161454,0.0,0.0,0.0,0.0
1628,I12_Regime_Switch_Latent_To_Delay,S3_EVENT_TRIGGERED,0.2647750505422442,74.372,21.143333333333334,4.0,99.51533333333333,15.539666666666667,327.259,0.2435,29,11,1016,PASS_BUDGET,17,0,92,27,0.47885339574242575,0.0,0.0,0.0,0.0
1628,I13_Regime_Switch_Hybrid_To_Memoryless,S0_CONTINUOUS,0.14493889606024524,92.47666666666667,87.23966666666666,0.0,179.71633333333332,47.37466666666667,377.7103333333333,1.0,0,0,1064,FAIL_BUDGET,2549,11,-1,100,0.0,0.0,0.0,0.0,0.0
1628,I13_Regime_Switch_Hybrid_To_Memoryless,S1_SHADOW_OFF,0.2759103241240017,58.0,0.0,0.0,58.0,7.0,290.0,0.0,0,0,904,PASS_BUDGET,0,0,-1,0,0.0,0.0,0.0,0.0,0.0
1628,I13_Regime_Switch_Hybrid_To_Memoryless,S2_PERIODIC,0.2519595230283898,74.34833333333333,17.400333333333332,0.0,91.74866666666667,13.238,324.9026666666667,0.2,0,0,1004,PASS_BUDGET,0,0,-1,929,0.0,0.0,0.0,0.0,0.0
1628,I13_Regime_Switch_Hybrid_To_Memoryless,S3_EVENT_TRIGGERED,0.25650216649708324,69.49466666666666,22.333666666666666,4.0,95.82833333333333,16.155333333333335,320.838,0.25216666666666665,30,13,1048,PASS_BUDGET,203,195,-1,0,0.0,0.0,0.0,0.0,0.0
1628,I14_Intermittent_Hybrid,S0_CONTINUOUS,0.2137929702786745,80.47166666666666,87.493,0.0,167.96466666666666,36.589,376.458,1.0,0,0,1064,FAIL_BUDGET,99,12,0,-1,0.49767776256229357,0.0,0.0,0.0,0.0
1628,I14_Intermittent_Hybrid,S1_SHADOW_OFF,0.2960789739423611,58.0,0.0,0.0,58.0,7.0,290.0,0.0,0,0,904,PASS_BUDGET,0,0,-1,-1,0.4697797345464544,0.0,0.0,0.0,0.0
1628,I14_Intermittent_Hybrid,S2_PERIODIC,0.24730748177010733,83.74333333333334,16.458333333333332,0.0,100.20166666666667,17.707333333333334,331.458,0.2,0,0,1020,FAIL_BUDGET,495,140,174,-1,0.2570256535099894,0.0,0.0,0.0,0.0
1628,I14_Intermittent_Hybrid,S3_EVENT_TRIGGERED,0.210546766210402,86.81766666666667,14.218,4.0,105.03566666666667,16.489,336.28066666666666,0.16916666666666666,20,15,1064,FAIL_BUDGET,2496,12,0,-1,0.6779838409238221,0.0,0.0,0.0,0.0
1629,I1_Memoryless_Linear,S0_CONTINUOUS,0.12802226018255067,59.54566666666667,72.441,0.0,131.98666666666668,24.790333333333333,347.06933333333336,1.0,0,0,952,FAIL_BUDGET,0,0,-1,-1,0.0,0.0,0.0,0.0,0.0
1629,I1_Memoryless_Linear,S1_SHADOW_OFF,0.12768596907091823,58.0,0.0,0.0,58.0,7.0,290.0,0.0,0,0,904,PASS_BUDGET,0,0,-1,-1,0.0,0.0,0.0,0.0,0.0
1629,I1_Memoryless_Linear,S2_PERIODIC,0.1277614339905981,58.18333333333333,13.975,0.0,72.15833333333333,11.484333333333334,300.943,0.2,0,0,924,PASS_BUDGET,0,0,-1,-1,0.0,0.0,0.0,0.0,0.0
1629,I1_Memoryless_Linear,S3_EVENT_TRIGGERED,0.12808869225169356,91.83,1.312,4.0,97.142,9.246,338.826,0.0205,2,23,968,PASS_BUDGET,0,0,-1,-1,0.0,0.0,0.0,0.0,0.0
1629,I2_Static_Nonlinear_Negative_Control,S0_CONTINUOUS,1.1083887756972417,60.92933333333333,88.329,0.0,149.25833333333333,34.806,352.3946666666667,1.0,0,0,1000,FAIL_BUDGET,3,1,-1,-1,0.0,0.0,0.0,0.0,0.0
1629,I2_Static_Nonlinear_Negative_Control,S1_SHADOW_OFF,1.098642850149422,58.0,0.0,0.0,58.0,7.0,290.0,0.0,0,0,904,PASS_BUDGET,0,0,-1,-1,0.0,0.0,0.0,0.0,0.0
1629,I2_Static_Nonlinear_Negative_Control,S2_PERIODIC,1.1121235574008475,60.20666666666666,17.166,0.0,77.37266666666666,14.069,303.518,0.2,0,0,1020,PASS_BUDGET,110,105,-1,-1,0.0,0.0,0.0,0.0,0.0
1629,I2_Static_Nonlinear_Negative_Control,S3_EVENT_TRIGGERED,1.1025667653315565,63.208333333333336,54.599333333333334,4.0,121.80766666666666,25.977333333333334,333.6716666666667,0.6185,75,0,1032,FAIL_BUDGET,34,6,-1,-1,0.0,0.0,0.0,0.0,0.0
1629,I3_Single_Exact_Delay,S0_CONTINUOUS,0.16283215937510384,97.073,86.912,0.0,183.985,61.068333333333335,363.8376666666667,1.0,0,0,1016,FAIL_BUDGET,20,0,-1,-1,0.0,0.0,0.0,0.0,0.0
1629,I3_Single_Exact_Delay,S1_SHADOW_OFF,0.46061611730963764,58.0,0.0,0.0,58.0,7.0,290.0,0.0,0,0,904,PASS_BUDGET,0,0,-1,-1,0.0,0.0,0.0,0.0,0.0
1629,I3_Single_Exact_Delay,S2_PERIODIC,0.19273561605775585,89.59166666666667,17.18,0.0,106.77166666666666,36.88466666666667,315.453,0.2,0,0,1020,FAIL_BUDGET,0,0,-1,-1,0.0,0.0,0.0,0.0,0.0
1629,I3_Single_Exact_Delay,S3_EVENT_TRIGGERED,0.14182269428437705,92.79433333333333,2.801,4.0,99.59533333333333,37.302,306.19866666666667,0.036833333333333336,4,21,1032,PASS_BUDGET,27,6,-1,-1,0.0,0.0,0.0,0.0,0.0
1629,I4_Multi_Sparse_Delay,S0_CONTINUOUS,0.5769731015863626,68.73766666666667,88.887,0.0,157.62466666666666,39.215666666666664,357.52733333333333,1.0,0,0,1064,FAIL_BUDGET,93,8,-1,-1,0.0,0.0,0.0,0.0,0.0
1629,I4_Multi_Sparse_Delay,S1_SHADOW_OFF,0.6085366830734842,58.0,0.0,0.0,58.0,7.0,290.0,0.0,0,0,904,PASS_BUDGET,0,0,-1,-1,0.0,0.0,0.0,0.0,0.0
1629,I4_Multi_Sparse_Delay,S2_PERIODIC,0.540208483039318,70.96666666666667,17.317333333333334,0.0,88.284,22.475,308.04333333333335,0.2,0,0,1020,PASS_BUDGET,50,0,-1,-1,0.0,0.0,0.0,0.0,0.0
1629,I4_Multi_Sparse_Delay,S3_EVENT_TRIGGERED,0.4627518227553002,87.29566666666666,60.07033333333333,4.0,151.366,47.21966666666667,344.426,0.6833333333333333,82,0,1080,FAIL_BUDGET,230,30,-1,-1,0.0,0.0,0.0,0.0,0.0
1629,I5_Moving_Delay_Support,S0_CONTINUOUS,0.2470165046073431,85.343,87.46033333333334,0.0,172.80333333333334,53.23433333333333,359.266,1.0,0,0,1032,FAIL_BUDGET,12,0,-1,-1,0.0,0.0,0.0,0.0,0.0
1629,I5_Moving_Delay_Support,S1_SHADOW_OFF,0.4516801654583572,58.0,0.0,0.0,58.0,7.0,290.0,0.0,0,0,904,PASS_BUDGET,0,0,-1,-1,0.0,0.0,0.0,0.0,0.0
1629,I5_Moving_Delay_Support,S2_PERIODIC,0.453668199249842,59.96333333333333,17.103666666666665,0.0,77.067,13.613333333333333,303.77,0.2,0,0,988,PASS_BUDGET,0,0,-1,-1,0.0,0.0,0.0,0.0,0.0
1629,I5_Moving_Delay_Support,S3_EVENT_TRIGGERED,0.3483606104907237,63.30166666666667,31.074,4.0,98.37566666666666,21.687,314.35133333333334,0.35133333333333333,42,8,1016,PASS_BUDGET,0,0,-1,-1,0.0,0.0,0.0,0.0,0.0
1629,I6_Continuous_Latent_State,S0_CONTINUOUS,0.14937983475034416,91.689,88.233,0.0,179.922,34.20033333333333,396.667,1.0,0,0,1032,FAIL_BUDGET,112,46,-1,-1,0.0,0.0,0.0,0.0,0.0
1629,I6_Continuous_Latent_State,S1_SHADOW_OFF,0.2728332850722282,58.0,0.0,0.0,58.0,7.0,290.0,0.0,0,0,904,PASS_BUDGET,0,0,-1,-1,0.0,0.0,0.0,0.0,0.0
1629,I6_Continuous_Latent_State,S2_PERIODIC,0.15010977531685807,91.61333333333333,17.118333333333332,0.0,108.73166666666667,13.156333333333333,349.1413333333333,0.2,0,0,1004,FAIL_BUDGET,40,30,-1,-1,0.0,0.0,0.0,0.0,0.0
1629,I6_Continuous_Latent_State,S3_EVENT_TRIGGERED,0.14814237856227738,91.93,5.837,4.0,101.767,10.716,341.91133333333335,0.06983333333333333,8,19,1032,FAIL_BUDGET,26,6,-1,-1,0.0,0.0,0.0,0.0,0.0
1629,I7_Quiescent_Continuous_State,S0_CONTINUOUS,0.16020909291393762,81.12733333333334,83.20866666666667,0.0,164.336,31.107666666666667,380.39666666666665,1.0,0,0,1016,FAIL_BUDGET,39,15,-1,-1,0.0,0.0,0.0,0.0,0.0
1629,I7_Quiescent_Continuous_State,S1_SHADOW_OFF,0.27367723505415376,58.0,0.0,0.0,58.0,7.0,290.0,0.0,0,0,904,PASS_BUDGET,0,0,-1,-1,0.0,0.0,0.0,1.0,1.0
1629,I7_Quiescent_Continuous_State,S2_PERIODIC,0.17470174529850477,83.51,16.757,0.0,100.267,12.975666666666667,337.611,0.2,0,0,1004,FAIL_BUDGET,40,30,-1,-1,0.0,0.0,0.0,0.8,0.8
1629,I7_Quiescent_Continuous_State,S3_EVENT_TRIGGERED,0.1583621713949492,91.93,6.604,4.0,102.534,10.964666666666666,342.41133333333335,0.078,9,18,1032,FAIL_BUDGET,26,6,-1,-1,0.0,0.0,0.0,0.996,0.885
1629,I8_Quiescent_Discrete_Delay,S0_CONTINUOUS,0.3416323641305037,72.248,85.87233333333333,0.0,158.12033333333332,42.458,354.499,1.0,0,0,1016,FAIL_BUDGET,20,0,-1,-1,0.0,0.0,0.0,0.0,0.0
1629,I8_Quiescent_Discrete_Delay,S1_SHADOW_OFF,0.4672544015348232,58.0,0.0,0.0,58.0,7.0,290.0,0.0,0,0,904,PASS_BUDGET,0,0,-1,-1,0.0,0.0,0.0,1.0,1.0
1629,I8_Quiescent_Discrete_Delay,S2_PERIODIC,0.3857317385164896,71.425,17.347,0.0,88.772,22.724666666666668,308.3686666666667,0.2,0,0,1020,PASS_BUDGET,0,0,-1,-1,0.0,0.0,0.0,0.8,0.8
1629,I8_Quiescent_Discrete_Delay,S3_EVENT_TRIGGERED,0.15829959351698925,95.80266666666667,5.016333333333334,4.0,104.819,36.614333333333335,313.52666666666664,0.06183333333333333,7,21,1080,FAIL_BUDGET,842,38,-1,-1,0.0,0.0,0.0,0.996,0.90925
1629,I9_Hybrid_Delay_Plus_Latent_State,S0_CONTINUOUS,0.2482402660769985,102.22966666666666,87.95866666666667,0.0,190.18833333333333,46.201,393.77666666666664,1.0,0,0,1064,FAIL_BUDGET,2319,58,-1,-1,0.0,0.15590344642041631,0.09439075955436065,0.0,0.0
1629,I9_Hybrid_Delay_Plus_Latent_State,S1_SHADOW_OFF,0.3552974409740481,58.0,0.0,0.0,58.0,7.0,290.0,0.0,0,0,904,PASS_BUDGET,0,0,-1,-1,0.0,0.0,0.0,0.0,0.0
1629,I9_Hybrid_Delay_Plus_Latent_State,S2_PERIODIC,0.3342830251383542,75.65166666666667,17.620666666666665,0.0,93.27233333333334,13.374333333333333,326.8106666666667,0.2,0,0,1004,PASS_BUDGET,0,0,-1,-1,0.0,-0.0733704102533285,0.057106583740101406,0.0,0.0
1629,I9_Hybrid_Delay_Plus_Latent_State,S3_EVENT_TRIGGERED,0.17654277519506315,122.96266666666666,14.381,4.0,141.34366666666668,40.84,356.29266666666666,0.169,20,14,1080,FAIL_BUDGET,4947,13,-1,-1,0.0,0.2651382480914563,0.0776676753491213,0.0,0.0
1629,I10_Redundant_Temporal_Structure,S0_CONTINUOUS,0.41173818512943317,102.86766666666666,88.45133333333334,0.0,191.319,45.17666666666667,396.67833333333334,1.0,0,0,1064,FAIL_BUDGET,1701,32,-1,-1,0.0,0.0,0.0,0.0,0.0
1629,I10_Redundant_Temporal_Structure,S1_SHADOW_OFF,0.6044209540439626,58.0,0.0,0.0,58.0,7.0,290.0,0.0,0,0,904,PASS_BUDGET,0,0,-1,-1,0.0,0.0,0.0,0.0,0.0
1629,I10_Redundant_Temporal_Structure,S2_PERIODIC,0.43858565181985515,91.83166666666666,17.662,0.0,109.49366666666667,13.662666666666667,349.315,0.2,0,0,1020,FAIL_BUDGET,205,105,-1,-1,0.0,0.0,0.0,0.0,0.0
1629,I10_Redundant_Temporal_Structure,S3_EVENT_TRIGGERED,0.43559529466150926,92.76166666666667,60.79933333333334,4.0,157.561,28.438333333333333,378.7656666666667,0.6833333333333333,82,0,1048,FAIL_BUDGET,419,11,-1,-1,0.0,0.0,0.0,0.0,0.0
1629,I11_Regime_Switch_Delay_To_Latent,S0_CONTINUOUS,0.20545683602056267,84.63833333333334,87.634,0.0,172.27233333333334,41.407,375.596,1.0,0,0,1016,FAIL_BUDGET,0,0,266,59,0.252538871984558,0.0,0.0,0.0,0.0
1629,I11_Regime_Switch_Delay_To_Latent,S1_SHADOW_OFF,0.31680365504757824,58.0,0.0,0.0,58.0,7.0,290.0,0.0,0,0,904,PASS_BUDGET,0,0,-1,0,0.0,0.0,0.0,0.0,0.0
1629,I11_Regime_Switch_Delay_To_Latent,S2_PERIODIC,0.3082558551373609,62.513333333333335,17.44,0.0,79.95333333333333,14.365,306.746,0.2,0,0,1004,PASS_BUDGET,0,0,2454,0,0.0,0.0,0.0,0.0,0.0
1629,I11_Regime_Switch_Delay_To_Latent,S3_EVENT_TRIGGERED,0.1704476741105189,85.34333333333333,8.630333333333333,4.0,97.97366666666667,18.837666666666667,325.21166666666664,0.10283333333333333,12,17,1080,PASS_BUDGET,20,2,66,86,0.16410954384538945,0.0,0.0,0.0,0.0
1629,I12_Regime_Switch_Latent_To_Delay,S0_CONTINUOUS,0.20092682073847917,87.59933333333333,87.46233333333333,0.0,175.06166666666667,43.314,376.86466666666666,1.0,0,0,1016,FAIL_BUDGET,5,3,971,44,0.5703228964950234,0.0,0.0,0.0,0.0
1629,I12_Regime_Switch_Latent_To_Delay,S1_SHADOW_OFF,0.33168218530321575,58.0,0.0,0.0,58.0,7.0,290.0,0.0,0,0,904,PASS_BUDGET,0,0,-1,0,0.28195540218381365,0.0,0.0,0.0,0.0
1629,I12_Regime_Switch_Latent_To_Delay,S2_PERIODIC,0.20978505477858406,88.16666666666667,16.482666666666667,0.0,104.64933333333333,19.552666666666667,335.301,0.2,0,0,1020,FAIL_BUDGET,40,30,1259,869,0.5782385896112945,0.0,0.0,0.0,0.0
1629,I12_Regime_Switch_Latent_To_Delay,S3_EVENT_TRIGGERED,0.28544753875651113,75.17433333333334,26.182,4.0,105.35633333333334,16.913666666666668,332.03066666666666,0.3016666666666667,36,10,1016,FAIL_BUDGET,3,1,204,36,0.5845195817651072,0.0,0.0,0.0,0.0
1629,I13_Regime_Switch_Hybrid_To_Memoryless,S0_CONTINUOUS,0.25282185526770234,70.89933333333333,87.712,0.0,158.61133333333333,33.86,367.32,1.0,0,0,1016,FAIL_BUDGET,86,18,-1,37,0.0,0.0,0.0,0.0,0.0
1629,I13_Regime_Switch_Hybrid_To_Memoryless,S1_SHADOW_OFF,0.273423997072923,58.0,0.0,0.0,58.0,7.0,290.0,0.0,0,0,904,PASS_BUDGET,0,0,-1,0,0.0,0.0,0.0,0.0,0.0
1629,I13_Regime_Switch_Hybrid_To_Memoryless,S2_PERIODIC,0.24768476036750126,77.805,17.600666666666665,0.0,95.40566666666666,13.364333333333333,329.84566666666666,0.2,0,0,1004,PASS_BUDGET,0,0,-1,584,0.0,0.0,0.0,0.0,0.0
1629,I13_Regime_Switch_Hybrid_To_Memoryless,S3_EVENT_TRIGGERED,0.18808712096711275,120.25433333333334,12.233666666666666,4.0,136.488,38.10033333333333,353.78633333333335,0.14433333333333334,17,16,1080,FAIL_BUDGET,4947,13,-1,-1,0.0,0.0,0.0,0.0,0.0
1629,I14_Intermittent_Hybrid,S0_CONTINUOUS,0.2085325410664069,84.277,88.259,0.0,172.536,39.465666666666664,378.605,1.0,0,0,1064,FAIL_BUDGET,107,13,0,-1,0.4786491195784136,0.0,0.0,0.0,0.0
1629,I14_Intermittent_Hybrid,S1_SHADOW_OFF,0.304656816879224,58.0,0.0,0.0,58.0,7.0,290.0,0.0,0,0,904,PASS_BUDGET,0,0,-1,-1,0.5548730326722535,0.0,0.0,0.0,0.0
1629,I14_Intermittent_Hybrid,S2_PERIODIC,0.24012076631630513,81.79166666666667,16.297,0.0,98.08866666666667,22.897,321.734,0.2,0,0,1068,PASS_BUDGET,1440,105,474,-1,0.5463690465553032,0.0,0.0,0.0,0.0
1629,I14_Intermittent_Hybrid,S3_EVENT_TRIGGERED,0.23411268331171173,86.60933333333334,18.868,4.0,109.47733333333333,19.291,337.113,0.2185,26,11,1080,FAIL_BUDGET,2021,5,0,-1,0.44594479743584725,0.0,0.0,0.0,0.0
1630,I1_Memoryless_Linear,S0_CONTINUOUS,0.12478434741614468,59.474,72.897,0.0,132.371,25.185,347.067,1.0,0,0,952,FAIL_BUDGET,0,0,-1,-1,0.0,0.0,0.0,0.0,0.0
1630,I1_Memoryless_Linear,S1_SHADOW_OFF,0.12493917913825137,58.0,0.0,0.0,58.0,7.0,290.0,0.0,0,0,904,PASS_BUDGET,0,0,-1,-1,0.0,0.0,0.0,0.0,0.0
1630,I1_Memoryless_Linear,S2_PERIODIC,0.12493917913825137,58.0,13.553,0.0,71.553,11.001,300.701,0.2,0,0,924,PASS_BUDGET,0,0,-1,-1,0.0,0.0,0.0,0.0,0.0
1630,I1_Memoryless_Linear,S3_EVENT_TRIGGERED,0.12474009277029147,59.717,1.5113333333333334,4.0,65.22833333333334,9.405,293.56966666666665,0.0205,2,23,984,PASS_BUDGET,0,0,-1,-1,0.0,0.0,0.0,0.0,0.0
1630,I2_Static_Nonlinear_Negative_Control,S0_CONTINUOUS,1.076883742023767,59.81133333333333,88.82733333333333,0.0,148.63866666666667,34.400666666666666,352.01533333333333,1.0,0,0,1000,FAIL_BUDGET,0,0,-1,-1,0.0,0.0,0.0,0.0,0.0
1630,I2_Static_Nonlinear_Negative_Control,S1_SHADOW_OFF,1.0690040001319838,58.0,0.0,0.0,58.0,7.0,290.0,0.0,0,0,904,PASS_BUDGET,0,0,-1,-1,0.0,0.0,0.0,0.0,0.0
1630,I2_Static_Nonlinear_Negative_Control,S2_PERIODIC,1.0759749733016641,58.675,17.177666666666667,0.0,75.85266666666666,13.687666666666667,302.047,0.2,0,0,988,PASS_BUDGET,0,0,-1,-1,0.0,0.0,0.0,0.0,0.0
1630,I2_Static_Nonlinear_Negative_Control,S3_EVENT_TRIGGERED,1.0790761289419344,59.409333333333336,63.809333333333335,4.0,127.21866666666666,29.143666666666668,334.00866666666667,0.7185,87,0,1016,FAIL_BUDGET,0,0,-1,-1,0.0,0.0,0.0,0.0,0.0
1630,I3_Single_Exact_Delay,S0_CONTINUOUS,0.21336417944889027,88.79733333333333,87.034,0.0,175.83133333333333,54.43033333333333,361.9386666666667,1.0,0,0,1016,FAIL_BUDGET,1,0,-1,-1,0.0,0.0,0.0,0.0,0.0
1630,I3_Single_Exact_Delay,S1_SHADOW_OFF,0.4377185226742495,58.0,0.0,0.0,58.0,7.0,290.0,0.0,0,0,904,PASS_BUDGET,0,0,-1,-1,0.0,0.0,0.0,0.0,0.0
1630,I3_Single_Exact_Delay,S2_PERIODIC,0.36880380893755554,66.57666666666667,17.186,0.0,83.76266666666666,19.854,305.13233333333335,0.2,0,0,1020,PASS_BUDGET,0,0,-1,-1,0.0,0.0,0.0,0.0,0.0
1630,I3_Single_Exact_Delay,S3_EVENT_TRIGGERED,0.43859699635047195,59.78666666666667,44.474,4.0,108.26066666666667,22.805,322.152,0.5,60,0,1016,FAIL_BUDGET,0,0,-1,-1,0.0,0.0,0.0,0.0,0.0
1630,I4_Multi_Sparse_Delay,S0_CONTINUOUS,0.5414086080440503,82.391,88.16533333333334,0.0,170.55633333333333,45.07,367.424,1.0,0,0,1064,FAIL_BUDGET,736,13,-1,-1,0.0,0.0,0.0,0.0,0.0
1630,I4_Multi_Sparse_Delay,S1_SHADOW_OFF,0.6354478247456821,58.0,0.0,0.0,58.0,7.0,290.0,0.0,0,0,904,PASS_BUDGET,0,0,-1,-1,0.0,0.0,0.0,0.0,0.0
1630,I4_Multi_Sparse_Delay,S2_PERIODIC,0.6218198661507222,62.85333333333333,17.581666666666667,0.0,80.435,17.100666666666665,303.795,0.2,0,0,1020,PASS_BUDGET,5,0,-1,-1,0.0,0.0,0.0,0.0,0.0
1630,I4_Multi_Sparse_Delay,S3_EVENT_TRIGGERED,0.5487223039143674,74.09133333333334,63.2,4.0,141.29133333333334,35.97833333333333,344.9433333333333,0.71,86,3,1080,FAIL_BUDGET,133,9,-1,-1,0.0,0.0,0.0,0.0,0.0
1630,I5_Moving_Delay_Support,S0_CONTINUOUS,0.39563596281758534,63.559666666666665,88.372,0.0,151.93166666666667,37.096666666666664,352.8086666666667,1.0,0,0,1016,FAIL_BUDGET,0,0,-1,-1,0.0,0.0,0.0,0.0,0.0
1630,I5_Moving_Delay_Support,S1_SHADOW_OFF,0.4261230917014668,58.0,0.0,0.0,58.0,7.0,290.0,0.0,0,0,904,PASS_BUDGET,0,0,-1,-1,0.0,0.0,0.0,0.0,0.0
1630,I5_Moving_Delay_Support,S2_PERIODIC,0.429798512590585,59.35,17.381666666666668,0.0,76.73166666666667,14.302,302.35433333333333,0.2,0,0,988,PASS_BUDGET,0,0,-1,-1,0.0,0.0,0.0,0.0,0.0
1630,I5_Moving_Delay_Support,S3_EVENT_TRIGGERED,0.2341413050790576,84.52666666666667,15.523333333333333,4.0,104.05,32.899,313.598,0.1775,21,15,1032,FAIL_BUDGET,0,0,-1,-1,0.0,0.0,0.0,0.0,0.0
1630,I6_Continuous_Latent_State,S0_CONTINUOUS,0.14256612565826365,91.85033333333334,88.46233333333333,0.0,180.31266666666667,34.09866666666667,397.352,1.0,0,0,1000,FAIL_BUDGET,2,0,-1,-1,0.0,0.0,0.0,0.0,0.0
1630,I6_Continuous_Latent_State,S1_SHADOW_OFF,0.2818902308331766,58.0,0.0,0.0,58.0,7.0,290.0,0.0,0,0,904,PASS_BUDGET,0,0,-1,-1,0.0,0.0,0.0,0.0,0.0
1630,I6_Continuous_Latent_State,S2_PERIODIC,0.14470927525248606,91.43333333333334,17.165,0.0,108.59833333333333,13.167333333333334,348.9873333333333,0.2,0,0,1004,FAIL_BUDGET,0,0,-1,-1,0.0,0.0,0.0,0.0,0.0
1630,I6_Continuous_Latent_State,S3_EVENT_TRIGGERED,0.14271486511376663,91.873,7.418666666666667,4.0,103.29166666666667,11.253,342.8826666666667,0.0865,10,19,1016,FAIL_BUDGET,8,1,-1,-1,0.0,0.0,0.0,0.0,0.0
1630,I7_Quiescent_Continuous_State,S0_CONTINUOUS,0.1518652362141433,81.07233333333333,84.349,0.0,165.42133333333334,31.701333333333334,380.934,1.0,0,0,1000,FAIL_BUDGET,2,0,-1,-1,0.0,0.0,0.0,0.0,0.0
1630,I7_Quiescent_Continuous_State,S1_SHADOW_OFF,0.2814980350040831,58.0,0.0,0.0,58.0,7.0,290.0,0.0,0,0,904,PASS_BUDGET,0,0,-1,-1,0.0,0.0,0.0,1.0,1.0
1630,I7_Quiescent_Continuous_State,S2_PERIODIC,0.1647603145307791,83.70666666666666,16.769333333333332,0.0,100.476,12.977666666666666,337.972,0.2,0,0,1004,FAIL_BUDGET,0,0,-1,-1,0.0,0.0,0.0,0.8,0.8
1630,I7_Quiescent_Continuous_State,S3_EVENT_TRIGGERED,0.1525335289727271,92.57633333333334,7.475666666666666,4.0,104.052,11.846333333333334,343.17966666666666,0.0865,10,19,1016,FAIL_BUDGET,345,0,-1,-1,0.0,0.0,0.0,0.991,0.87475
1630,I8_Quiescent_Discrete_Delay,S0_CONTINUOUS,0.26995723096176194,76.769,86.652,0.0,163.421,45.56133333333333,357.488,1.0,0,0,1016,FAIL_BUDGET,1,0,-1,-1,0.0,0.0,0.0,0.0,0.0
1630,I8_Quiescent_Discrete_Delay,S1_SHADOW_OFF,0.4376247836781413,58.0,0.0,0.0,58.0,7.0,290.0,0.0,0,0,904,PASS_BUDGET,0,0,-1,-1,0.0,0.0,0.0,1.0,1.0
1630,I8_Quiescent_Discrete_Delay,S2_PERIODIC,0.4276653807031588,59.38333333333333,17.214666666666666,0.0,76.598,14.240666666666666,302.32366666666667,0.2,0,0,1004,PASS_BUDGET,0,0,-1,-1,0.0,0.0,0.0,0.8,0.8
1630,I8_Quiescent_Discrete_Delay,S3_EVENT_TRIGGERED,0.30870053421376936,72.55833333333334,19.309333333333335,4.0,95.86766666666666,25.123666666666665,310.3743333333333,0.21883333333333332,26,13,1032,PASS_BUDGET,0,0,-1,-1,0.0,0.0,0.0,0.996,0.67375
1630,I9_Hybrid_Delay_Plus_Latent_State,S0_CONTINUOUS,0.1707528815392798,126.574,86.97933333333333,0.0,213.55333333333334,58.727666666666664,409.01533333333333,1.0,0,0,1064,FAIL_BUDGET,5279,4,-1,-1,0.0,0.3525256265701867,0.1572211757520895,0.0,0.0
1630,I9_Hybrid_Delay_Plus_Latent_State,S1_SHADOW_OFF,0.3558339004060044,58.0,0.0,0.0,58.0,7.0,290.0,0.0,0,0,904,PASS_BUDGET,0,0,-1,-1,0.0,0.0,0.0,0.0,0.0
1630,I9_Hybrid_Delay_Plus_Latent_State,S2_PERIODIC,0.33900347086227756,68.98166666666667,17.243666666666666,0.0,86.22533333333334,14.822,315.0946666666667,0.2,0,0,1004,PASS_BUDGET,10,0,-1,-1,0.0,-0.02794711718900476,0.016948313751993523,0.0,0.0
1630,I9_Hybrid_Delay_Plus_Latent_State,S3_EVENT_TRIGGERED,0.32070994505703854,82.79333333333334,34.07566666666666,4.0,120.869,19.954333333333334,347.22833333333335,0.384,46,4,1048,FAIL_BUDGET,169,130,-1,-1,0.0,-0.07774528925065066,0.07373236378424229,0.0,0.0
1630,I10_Redundant_Temporal_Structure,S0_CONTINUOUS,0.39169504576675535,106.29266666666666,88.30866666666667,0.0,194.60133333333334,44.63066666666667,402.12466666666666,1.0,0,0,1064,FAIL_BUDGET,2325,20,-1,-1,0.0,0.0,0.0,0.0,0.0
1630,I10_Redundant_Temporal_Structure,S1_SHADOW_OFF,0.60729995939084,58.0,0.0,0.0,58.0,7.0,290.0,0.0,0,0,904,PASS_BUDGET,0,0,-1,-1,0.0,0.0,0.0,0.0,0.0
1630,I10_Redundant_Temporal_Structure,S2_PERIODIC,0.4319565601955728,92.19166666666666,17.767666666666667,0.0,109.95933333333333,14.042333333333334,349.42533333333336,0.2,0,0,1036,FAIL_BUDGET,310,15,-1,-1,0.0,0.0,0.0,0.0,0.0
1630,I10_Redundant_Temporal_Structure,S3_EVENT_TRIGGERED,0.4294136618102218,91.97133333333333,61.102666666666664,4.0,157.074,28.029666666666667,378.538,0.6833333333333333,82,0,1048,FAIL_BUDGET,134,16,-1,-1,0.0,0.0,0.0,0.0,0.0
1630,I11_Regime_Switch_Delay_To_Latent,S0_CONTINUOUS,0.26198281774739846,74.19,88.88266666666667,0.0,163.07266666666666,34.367666666666665,372.503,1.0,0,0,1016,FAIL_BUDGET,5,0,387,0,0.0,0.0,0.0,0.0,0.0
1630,I11_Regime_Switch_Delay_To_Latent,S1_SHADOW_OFF,0.3078901110013234,58.0,0.0,0.0,58.0,7.0,290.0,0.0,0,0,904,PASS_BUDGET,0,0,-1,0,0.0,0.0,0.0,0.0,0.0
1630,I11_Regime_Switch_Delay_To_Latent,S2_PERIODIC,0.30799842751912854,59.31666666666667,17.001333333333335,0.0,76.318,14.068,302.237,0.2,0,0,988,PASS_BUDGET,0,0,-1,0,0.0,0.0,0.0,0.0,0.0
1630,I11_Regime_Switch_Delay_To_Latent,S3_EVENT_TRIGGERED,0.26855451717782597,72.92533333333333,22.769,4.0,99.69433333333333,16.043666666666667,326.3353333333333,0.25966666666666666,31,8,1048,PASS_BUDGET,41,8,657,0,0.0,0.0,0.0,0.0,0.0
1630,I12_Regime_Switch_Latent_To_Delay,S0_CONTINUOUS,0.23710541087172435,79.03566666666667,87.59233333333333,0.0,166.628,36.467666666666666,374.76533333333333,1.0,0,0,1016,FAIL_BUDGET,6,1,262,27,0.6400930167578418,0.0,0.0,0.0,0.0
1630,I12_Regime_Switch_Latent_To_Delay,S1_SHADOW_OFF,0.32198192832851824,58.0,0.0,0.0,58.0,7.0,290.0,0.0,0,0,904,PASS_BUDGET,0,0,-1,0,0.3929523499137415,0.0,0.0,0.0,0.0
1630,I12_Regime_Switch_Latent_To_Delay,S2_PERIODIC,0.2669908560696418,78.09833333333333,17.033666666666665,0.0,95.132,13.151666666666667,330.0593333333333,0.2,0,0,1004,PASS_BUDGET,0,0,2649,604,0.6548145906358498,0.0,0.0,0.0,0.0
1630,I12_Regime_Switch_Latent_To_Delay,S3_EVENT_TRIGGERED,0.2643616090052218,75.45833333333333,20.098,4.0,99.55633333333333,15.504333333333333,327.772,0.23033333333333333,28,9,1032,PASS_BUDGET,0,0,906,17,0.6304474148004127,0.0,0.0,0.0,0.0
1630,I13_Regime_Switch_Hybrid_To_Memoryless,S0_CONTINUOUS,0.16915879072726125,90.867,86.71933333333334,0.0,177.58633333333333,44.82266666666667,378.61333333333334,1.0,0,0,1064,FAIL_BUDGET,2350,3,-1,123,0.0,0.0,0.0,0.0,0.0
1630,I13_Regime_Switch_Hybrid_To_Memoryless,S1_SHADOW_OFF,0.2779240695208214,58.0,0.0,0.0,58.0,7.0,290.0,0.0,0,0,904,PASS_BUDGET,0,0,-1,0,0.0,0.0,0.0,0.0,0.0
1630,I13_Regime_Switch_Hybrid_To_Memoryless,S2_PERIODIC,0.2553765448264649,68.38,17.251,0.0,85.631,14.571,314.64933333333335,0.2,0,0,1004,PASS_BUDGET,0,0,-1,159,0.0,0.0,0.0,0.0,0.0
1630,I13_Regime_Switch_Hybrid_To_Memoryless,S3_EVENT_TRIGGERED,0.25715216090438625,68.466,19.301666666666666,4.0,91.76766666666667,15.164,317.4243333333333,0.21883333333333332,26,13,1032,PASS_BUDGET,21,0,-1,21,0.0,0.0,0.0,0.0,0.0
1630,I14_Intermittent_Hybrid,S0_CONTINUOUS,0.23365585452320678,80.515,87.61,0.0,168.125,36.17333333333333,377.2493333333333,1.0,0,0,1064,FAIL_BUDGET,565,6,0,-1,0.6983395032701798,0.0,0.0,0.0,0.0
1630,I14_Intermittent_Hybrid,S1_SHADOW_OFF,0.3111415918051031,58.0,0.0,0.0,58.0,7.0,290.0,0.0,0,0,904,PASS_BUDGET,0,0,-1,-1,0.8654159802918966,0.0,0.0,0.0,0.0
1630,I14_Intermittent_Hybrid,S2_PERIODIC,0.2469650549616809,82.40333333333334,17.137666666666668,0.0,99.541,13.156666666666666,336.2216666666667,0.2,0,0,1004,PASS_BUDGET,5,0,0,-1,0.6916654675769345,0.0,0.0,0.0,0.0
1630,I14_Intermittent_Hybrid,S3_EVENT_TRIGGERED,0.24953953556528316,89.30133333333333,20.055333333333333,4.0,113.35666666666667,18.469,343.492,0.23516666666666666,28,11,1032,FAIL_BUDGET,1562,3,0,-1,0.6916881834648426,0.0,0.0,0.0,0.0
1631,I1_Memoryless_Linear,S0_CONTINUOUS,0.11717643356255815,58.0,69.85633333333334,0.0,127.85633333333334,23.363,344.1856666666667,1.0,0,0,952,FAIL_BUDGET,0,0,-1,-1,0.0,0.0,0.0,0.0,0.0
1631,I1_Memoryless_Linear,S1_SHADOW_OFF,0.11717643356255815,58.0,0.0,0.0,58.0,7.0,290.0,0.0,0,0,904,PASS_BUDGET,0,0,-1,-1,0.0,0.0,0.0,0.0,0.0
1631,I1_Memoryless_Linear,S2_PERIODIC,0.11745476394886305,59.07666666666667,13.133,0.0,72.20966666666666,10.634333333333334,302.0373333333333,0.2,0,0,956,PASS_BUDGET,0,0,-1,-1,0.0,0.0,0.0,0.0,0.0
1631,I1_Memoryless_Linear,S3_EVENT_TRIGGERED,0.11717643356255815,58.0,0.7786666666666666,4.0,62.778666666666666,9.146,290.6326666666667,0.012166666666666666,1,23,920,PASS_BUDGET,0,0,-1,-1,0.0,0.0,0.0,0.0,0.0
1631,I2_Static_Nonlinear_Negative_Control,S0_CONTINUOUS,1.1465139193772063,59.84466666666667,88.28833333333333,0.0,148.133,34.484,351.21733333333333,1.0,0,0,1000,FAIL_BUDGET,7,0,-1,-1,0.0,0.0,0.0,0.0,0.0
1631,I2_Static_Nonlinear_Negative_Control,S1_SHADOW_OFF,1.1371692920354437,58.0,0.0,0.0,58.0,7.0,290.0,0.0,0,0,904,PASS_BUDGET,0,0,-1,-1,0.0,0.0,0.0,0.0,0.0
1631,I2_Static_Nonlinear_Negative_Control,S2_PERIODIC,1.151926914931491,61.58833333333333,17.265,0.0,78.85333333333334,14.782,304.75466666666665,0.2,0,0,1004,PASS_BUDGET,0,0,-1,-1,0.0,0.0,0.0,0.0,0.0
1631,I2_Static_Nonlinear_Negative_Control,S3_EVENT_TRIGGERED,1.1382359252497019,59.995666666666665,56.882666666666665,4.0,120.87833333333333,26.56,330.826,0.6431666666666667,78,0,1016,FAIL_BUDGET,0,0,-1,-1,0.0,0.0,0.0,0.0,0.0
1631,I3_Single_Exact_Delay,S0_CONTINUOUS,0.43398917381507474,60.08133333333333,88.95433333333334,0.0,149.03566666666666,34.733,351.982,1.0,0,0,1000,FAIL_BUDGET,0,0,-1,-1,0.0,0.0,0.0,0.0,0.0
1631,I3_Single_Exact_Delay,S1_SHADOW_OFF,0.43149514495312025,58.0,0.0,0.0,58.0,7.0,290.0,0.0,0,0,904,PASS_BUDGET,0,0,-1,-1,0.0,0.0,0.0,0.0,0.0
1631,I3_Single_Exact_Delay,S2_PERIODIC,0.22618279006771744,85.21666666666667,16.964,0.0,102.18066666666667,34.349666666666664,312.385,0.2,0,0,1020,FAIL_BUDGET,0,0,-1,-1,0.0,0.0,0.0,0.0,0.0
1631,I3_Single_Exact_Delay,S3_EVENT_TRIGGERED,0.32191976490880103,67.75166666666667,31.777333333333335,4.0,103.529,24.968666666666667,317.18333333333334,0.35983333333333334,43,9,1016,FAIL_BUDGET,0,0,-1,-1,0.0,0.0,0.0,0.0,0.0
1631,I4_Multi_Sparse_Delay,S0_CONTINUOUS,0.44086386074921496,94.594,87.89966666666666,0.0,182.49366666666666,53.211333333333336,372.7676666666667,1.0,0,0,1064,FAIL_BUDGET,1078,35,-1,-1,0.0,0.0,0.0,0.0,0.0
1631,I4_Multi_Sparse_Delay,S1_SHADOW_OFF,0.612715894769834,58.0,0.0,0.0,58.0,7.0,290.0,0.0,0,0,904,PASS_BUDGET,0,0,-1,-1,0.0,0.0,0.0,0.0,0.0
1631,I4_Multi_Sparse_Delay,S2_PERIODIC,0.6165443577519364,61.07333333333333,17.402,0.0,78.47533333333334,14.136333333333333,304.9513333333333,0.2,0,0,1004,PASS_BUDGET,0,0,-1,-1,0.0,0.0,0.0,0.0,0.0
1631,I4_Multi_Sparse_Delay,S3_EVENT_TRIGGERED,0.40779721848815736,97.27133333333333,51.809666666666665,4.0,153.081,48.04566666666667,348.904,0.589,71,1,1080,FAIL_BUDGET,1005,23,-1,-1,0.0,0.0,0.0,0.0,0.0
1631,I5_Moving_Delay_Support,S0_CONTINUOUS,0.19061384342637175,91.67133333333334,86.717,0.0,178.38833333333332,56.31766666666667,362.814,1.0,0,0,1016,FAIL_BUDGET,29,26,-1,-1,0.0,0.0,0.0,0.0,0.0
1631,I5_Moving_Delay_Support,S1_SHADOW_OFF,0.4371408356204226,58.0,0.0,0.0,58.0,7.0,290.0,0.0,0,0,904,PASS_BUDGET,0,0,-1,-1,0.0,0.0,0.0,0.0,0.0
1631,I5_Moving_Delay_Support,S2_PERIODIC,0.4376109580386795,58.166666666666664,17.411666666666665,0.0,75.57833333333333,13.390333333333333,301.899,0.2,0,0,972,PASS_BUDGET,0,0,-1,-1,0.0,0.0,0.0,0.0,0.0
1631,I5_Moving_Delay_Support,S3_EVENT_TRIGGERED,0.3368011289379707,64.12066666666666,35.53666666666667,4.0,103.65733333333333,22.919333333333334,318.58933333333334,0.40116666666666667,48,7,1016,FAIL_BUDGET,0,0,-1,-1,0.0,0.0,0.0,0.0,0.0
1631,I6_Continuous_Latent_State,S0_CONTINUOUS,0.13185886822353618,91.83866666666667,88.536,0.0,180.37466666666666,34.176,397.351,1.0,0,0,1000,FAIL_BUDGET,12,3,-1,-1,0.0,0.0,0.0,0.0,0.0
1631,I6_Continuous_Latent_State,S1_SHADOW_OFF,0.2651240049600871,58.0,0.0,0.0,58.0,7.0,290.0,0.0,0,0,904,PASS_BUDGET,0,0,-1,-1,0.0,0.0,0.0,0.0,0.0
1631,I6_Continuous_Latent_State,S2_PERIODIC,0.13658476267591665,91.20666666666666,17.556,0.0,108.76266666666666,13.343666666666667,348.7556666666667,0.2,0,0,1004,FAIL_BUDGET,0,0,-1,-1,0.0,0.0,0.0,0.0,0.0
1631,I6_Continuous_Latent_State,S3_EVENT_TRIGGERED,0.13170447925136175,91.826,4.432666666666667,4.0,100.25866666666667,10.291333333333334,340.8516666666667,0.05333333333333334,6,20,1016,FAIL_BUDGET,1,0,-1,-1,0.0,0.0,0.0,0.0,0.0
1631,I7_Quiescent_Continuous_State,S0_CONTINUOUS,0.13404299573420922,81.55133333333333,84.846,0.0,166.39733333333334,32.06633333333333,381.765,1.0,0,0,1000,FAIL_BUDGET,14,5,-1,-1,0.0,0.0,0.0,0.0,0.0
1631,I7_Quiescent_Continuous_State,S1_SHADOW_OFF,0.26468082674362786,58.0,0.0,0.0,58.0,7.0,290.0,0.0,0,0,904,PASS_BUDGET,0,0,-1,-1,0.0,0.0,0.0,1.0,1.0
1631,I7_Quiescent_Continuous_State,S2_PERIODIC,0.19020611552533442,74.56166666666667,17.470333333333333,0.0,92.032,13.377666666666666,325.13233333333335,0.2,0,0,1004,PASS_BUDGET,0,0,-1,-1,0.0,0.0,0.0,0.8,0.8
1631,I7_Quiescent_Continuous_State,S3_EVENT_TRIGGERED,0.1337856008369558,91.826,3.696,4.0,99.522,10.059666666666667,340.36766666666665,0.04533333333333334,5,22,1016,PASS_BUDGET,1,0,-1,-1,0.0,0.0,0.0,0.996,0.934
1631,I8_Quiescent_Discrete_Delay,S0_CONTINUOUS,0.3614833818302099,67.988,87.74133333333333,0.0,155.72933333333333,39.865,354.55733333333336,1.0,0,0,1016,FAIL_BUDGET,0,0,-1,-1,0.0,0.0,0.0,0.0,0.0
1631,I8_Quiescent_Discrete_Delay,S1_SHADOW_OFF,0.44044836587357183,58.0,0.0,0.0,58.0,7.0,290.0,0.0,0,0,904,PASS_BUDGET,0,0,-1,-1,0.0,0.0,0.0,1.0,1.0
1631,I8_Quiescent_Discrete_Delay,S2_PERIODIC,0.29312237837655025,78.675,16.89966666666667,0.0,95.57466666666667,29.181333333333335,309.7986666666667,0.2,0,0,1020,PASS_BUDGET,0,0,-1,-1,0.0,0.0,0.0,0.8,0.8
1631,I8_Quiescent_Discrete_Delay,S3_EVENT_TRIGGERED,0.4430356938011845,60.08,31.031,4.0,95.111,18.630333333333333,313.623,0.35133333333333333,42,8,1016,PASS_BUDGET,0,0,-1,-1,0.0,0.0,0.0,0.996,0.475
1631,I9_Hybrid_Delay_Plus_Latent_State,S0_CONTINUOUS,0.23677638688735775,105.55766666666666,88.14533333333334,0.0,193.703,44.874,400.6066666666667,1.0,0,0,1064,FAIL_BUDGET,2282,41,-1,-1,0.0,0.13414890046480563,0.13732927537849401,0.0,0.0
1631,I9_Hybrid_Delay_Plus_Latent_State,S1_SHADOW_OFF,0.3474531769327601,58.0,0.0,0.0,58.0,7.0,290.0,0.0,0,0,904,PASS_BUDGET,0,0,-1,-1,0.0,0.0,0.0,0.0,0.0
1631,I9_Hybrid_Delay_Plus_Latent_State,S2_PERIODIC,0.317431903786158,77.59,17.388666666666666,0.0,94.97866666666667,13.983,328.4753333333333,0.2,0,0,1020,PASS_BUDGET,145,20,-1,-1,0.0,-0.04478213565712044,0.07077849083771375,0.0,0.0
1631,I9_Hybrid_Delay_Plus_Latent_State,S3_EVENT_TRIGGERED,0.1640508671122438,115.24533333333333,8.734333333333334,4.0,127.97966666666666,30.419666666666668,352.8346666666667,0.103,12,18,1080,FAIL_BUDGET,4902,9,-1,-1,0.0,0.2739687305499468,0.09542527859146897,0.0,0.0
1631,I10_Redundant_Temporal_Structure,S0_CONTINUOUS,0.4164412264767321,94.29633333333334,89.05133333333333,0.0,183.34766666666667,36.06333333333333,398.2896666666667,1.0,0,0,1064,FAIL_BUDGET,681,43,-1,-1,0.0,0.0,0.0,0.0,0.0
1631,I10_Redundant_Temporal_Structure,S1_SHADOW_OFF,0.5865827805982466,58.0,0.0,0.0,58.0,7.0,290.0,0.0,0,0,904,PASS_BUDGET,0,0,-1,-1,0.0,0.0,0.0,0.0,0.0
1631,I10_Redundant_Temporal_Structure,S2_PERIODIC,0.4175645011350405,91.28,17.756333333333334,0.0,109.03633333333333,13.467666666666666,348.8976666666667,0.2,0,0,1020,FAIL_BUDGET,10,5,-1,-1,0.0,0.0,0.0,0.0,0.0
1631,I10_Redundant_Temporal_Structure,S3_EVENT_TRIGGERED,0.40878791074244886,96.21066666666667,59.934333333333335,4.0,160.145,31.163,378.9556666666667,0.675,81,0,1080,FAIL_BUDGET,951,33,-1,-1,0.0,0.0,0.0,0.0,0.0
1631,I11_Regime_Switch_Delay_To_Latent,S0_CONTINUOUS,0.19760120668533443,85.25033333333333,87.50133333333333,0.0,172.75166666666667,41.812333333333335,375.78266666666667,1.0,0,0,1016,FAIL_BUDGET,16,7,299,84,0.300188105304819,0.0,0.0,0.0,0.0
1631,I11_Regime_Switch_Delay_To_Latent,S1_SHADOW_OFF,0.3049028029528185,58.0,0.0,0.0,58.0,7.0,290.0,0.0,0,0,904,PASS_BUDGET,0,0,-1,0,0.0,0.0,0.0,0.0,0.0
1631,I11_Regime_Switch_Delay_To_Latent,S2_PERIODIC,0.3062981837432145,59.42333333333333,17.470666666666666,0.0,76.894,13.578333333333333,303.47266666666667,0.2,0,0,988,PASS_BUDGET,0,0,-1,0,0.0,0.0,0.0,0.0,0.0
1631,I11_Regime_Switch_Delay_To_Latent,S3_EVENT_TRIGGERED,0.2662874297305661,74.75266666666667,19.086333333333332,4.0,97.839,14.760333333333334,326.55833333333334,0.227,27,12,1048,PASS_BUDGET,33,12,421,0,0.0,0.0,0.0,0.0,0.0
1631,I12_Regime_Switch_Latent_To_Delay,S0_CONTINUOUS,0.21185891019351993,82.625,88.06666666666666,0.0,170.69166666666666,39.404,376.15066666666667,1.0,0,0,1032,FAIL_BUDGET,43,16,471,21,0.6982303791126027,0.0,0.0,0.0,0.0
1631,I12_Regime_Switch_Latent_To_Delay,S1_SHADOW_OFF,0.3180691905774211,58.0,0.0,0.0,58.0,7.0,290.0,0.0,0,0,904,PASS_BUDGET,0,0,-1,0,0.36048111492863577,0.0,0.0,0.0,0.0
1631,I12_Regime_Switch_Latent_To_Delay,S2_PERIODIC,0.15489758735717604,94.705,17.297333333333334,0.0,112.00233333333334,25.366,337.81,0.2,0,0,1052,FAIL_BUDGET,415,160,459,874,0.6510489097041537,0.0,0.0,0.0,0.0
1631,I12_Regime_Switch_Latent_To_Delay,S3_EVENT_TRIGGERED,0.13160106839442529,89.92533333333333,3.4673333333333334,4.0,97.39266666666667,21.351,323.125,0.04533333333333334,5,22,1032,PASS_BUDGET,22,17,93,136,0.14425361685177912,0.0,0.0,0.0,0.0
1631,I13_Regime_Switch_Hybrid_To_Memoryless,S0_CONTINUOUS,0.23060229025962448,74.62633333333333,87.40666666666667,0.0,162.033,33.75933333333333,372.45366666666666,1.0,0,0,1032,FAIL_BUDGET,117,13,-1,23,0.0,0.0,0.0,0.0,0.0
1631,I13_Regime_Switch_Hybrid_To_Memoryless,S1_SHADOW_OFF,0.26782659641349155,58.0,0.0,0.0,58.0,7.0,290.0,0.0,0,0,904,PASS_BUDGET,0,0,-1,0,0.0,0.0,0.0,0.0,0.0
1631,I13_Regime_Switch_Hybrid_To_Memoryless,S2_PERIODIC,0.23157968166128928,76.64666666666666,17.355666666666668,0.0,94.00233333333334,13.435,327.881,0.2,0,0,1020,PASS_BUDGET,130,15,-1,429,0.0,0.0,0.0,0.0,0.0
1631,I13_Regime_Switch_Hybrid_To_Memoryless,S3_EVENT_TRIGGERED,0.16597725971446003,105.867,6.566333333333334,4.0,116.43333333333334,22.336333333333332,347.649,0.07816666666666666,9,19,1048,FAIL_BUDGET,4902,4,-1,-1,0.0,0.0,0.0,0.0,0.0
1631,I14_Intermittent_Hybrid,S0_CONTINUOUS,0.2137195540935361,82.17666666666666,88.37266666666666,0.0,170.54933333333332,37.753,378.322,1.0,0,0,1064,FAIL_BUDGET,93,19,0,-1,0.6082721081487344,0.0,0.0,0.0,0.0
1631,I14_Intermittent_Hybrid,S1_SHADOW_OFF,0.2981072158046988,58.0,0.0,0.0,58.0,7.0,290.0,0.0,0,0,904,PASS_BUDGET,0,0,-1,-1,0.6849350210738786,0.0,0.0,0.0,0.0
1631,I14_Intermittent_Hybrid,S2_PERIODIC,0.23595844063027582,85.71166666666667,17.562,0.0,103.27366666666667,13.402,340.94466666666665,0.2,0,0,1004,FAIL_BUDGET,35,15,0,-1,0.6068000721327931,0.0,0.0,0.0,0.0
1631,I14_Intermittent_Hybrid,S3_EVENT_TRIGGERED,0.25266418282797176,83.492,22.541333333333334,4.0,110.03333333333333,16.248666666666665,340.69266666666664,0.26,31,10,1032,FAIL_BUDGET,229,219,0,-1,0.4936386412005462,0.0,0.0,0.0,0.0
1632,I1_Memoryless_Linear,S0_CONTINUOUS,0.12290626420536532,59.64666666666667,80.43433333333333,0.0,140.081,29.662666666666667,349.6236666666667,1.0,0,0,952,FAIL_BUDGET,0,0,-1,-1,0.0,0.0,0.0,0.0,0.0
1632,I1_Memoryless_Linear,S1_SHADOW_OFF,0.12261170167510395,58.0,0.0,0.0,58.0,7.0,290.0,0.0,0,0,904,PASS_BUDGET,0,0,-1,-1,0.0,0.0,0.0,0.0,0.0
1632,I1_Memoryless_Linear,S2_PERIODIC,0.12261170167510395,58.0,12.8,0.0,70.8,10.4,300.4,0.2,0,0,908,PASS_BUDGET,0,0,-1,-1,0.0,0.0,0.0,0.0,0.0
1632,I1_Memoryless_Linear,S3_EVENT_TRIGGERED,0.12296271968840827,91.81866666666667,0.7786666666666666,4.0,96.59733333333334,9.146,338.37666666666667,0.012166666666666666,1,23,968,PASS_BUDGET,0,0,-1,-1,0.0,0.0,0.0,0.0,0.0
1632,I2_Static_Nonlinear_Negative_Control,S0_CONTINUOUS,1.0558154667861799,59.73433333333333,88.70866666666667,0.0,148.443,34.342666666666666,351.842,1.0,0,0,1016,FAIL_BUDGET,8,0,-1,-1,0.0,0.0,0.0,0.0,0.0
1632,I2_Static_Nonlinear_Negative_Control,S1_SHADOW_OFF,1.0478990455843449,58.0,0.0,0.0,58.0,7.0,290.0,0.0,0,0,904,PASS_BUDGET,0,0,-1,-1,0.0,0.0,0.0,0.0,0.0
1632,I2_Static_Nonlinear_Negative_Control,S2_PERIODIC,1.0536471954289657,59.87166666666667,16.997333333333334,0.0,76.869,13.855333333333334,303.291,0.2,0,0,1004,PASS_BUDGET,0,0,-1,-1,0.0,0.0,0.0,0.0,0.0
1632,I2_Static_Nonlinear_Negative_Control,S3_EVENT_TRIGGERED,1.0528897993732262,61.85633333333333,57.025666666666666,4.0,122.882,26.604333333333333,333.627,0.6416666666666667,77,0,1032,FAIL_BUDGET,12,0,-1,-1,0.0,0.0,0.0,0.0,0.0
1632,I3_Single_Exact_Delay,S0_CONTINUOUS,0.27922506991744317,80.95033333333333,87.54566666666666,0.0,168.496,48.979,359.339,1.0,0,0,1016,FAIL_BUDGET,2,2,-1,-1,0.0,0.0,0.0,0.0,0.0
1632,I3_Single_Exact_Delay,S1_SHADOW_OFF,0.45051572663277517,58.0,0.0,0.0,58.0,7.0,290.0,0.0,0,0,904,PASS_BUDGET,0,0,-1,-1,0.0,0.0,0.0,0.0,0.0
1632,I3_Single_Exact_Delay,S2_PERIODIC,0.2921762788651231,80.23166666666667,17.16433333333333,0.0,97.396,28.700333333333333,312.91833333333335,0.2,0,0,1020,PASS_BUDGET,0,0,-1,-1,0.0,0.0,0.0,0.0,0.0
1632,I3_Single_Exact_Delay,S3_EVENT_TRIGGERED,0.2529453764054631,81.37333333333333,18.414666666666665,4.0,103.788,32.198,313.1263333333333,0.2105,25,13,1032,FAIL_BUDGET,0,0,-1,-1,0.0,0.0,0.0,0.0,0.0
1632,I4_Multi_Sparse_Delay,S0_CONTINUOUS,0.5839648776787478,70.14766666666667,88.621,0.0,158.76866666666666,40.47933333333334,357.28066666666666,1.0,0,0,1064,FAIL_BUDGET,40,3,-1,-1,0.0,0.0,0.0,0.0,0.0
1632,I4_Multi_Sparse_Delay,S1_SHADOW_OFF,0.603688505143712,58.0,0.0,0.0,58.0,7.0,290.0,0.0,0,0,904,PASS_BUDGET,0,0,-1,-1,0.0,0.0,0.0,0.0,0.0
1632,I4_Multi_Sparse_Delay,S2_PERIODIC,0.6073031257508906,59.06666666666667,17.708,0.0,76.77466666666666,14.227666666666666,302.318,0.2,0,0,988,PASS_BUDGET,0,0,-1,-1,0.0,0.0,0.0,0.0,0.0
1632,I4_Multi_Sparse_Delay,S3_EVENT_TRIGGERED,0.5459443656906638,75.43266666666666,66.969,4.0,146.40166666666667,40.434666666666665,344.2746666666667,0.7578333333333334,91,0,1080,FAIL_BUDGET,139,28,-1,-1,0.0,0.0,0.0,0.0,0.0
1632,I5_Moving_Delay_Support,S0_CONTINUOUS,0.31549943246739226,77.38333333333334,87.98466666666667,0.0,165.368,46.968333333333334,357.546,1.0,0,0,1016,FAIL_BUDGET,0,0,-1,-1,0.0,0.0,0.0,0.0,0.0
1632,I5_Moving_Delay_Support,S1_SHADOW_OFF,0.4502802384236849,58.0,0.0,0.0,58.0,7.0,290.0,0.0,0,0,904,PASS_BUDGET,0,0,-1,-1,0.0,0.0,0.0,0.0,0.0
1632,I5_Moving_Delay_Support,S2_PERIODIC,0.35033208781822495,73.345,16.495333333333335,0.0,89.84033333333333,24.725,307.5686666666667,0.2,0,0,1020,PASS_BUDGET,0,0,-1,-1,0.0,0.0,0.0,0.0,0.0
1632,I5_Moving_Delay_Support,S3_EVENT_TRIGGERED,0.33447756111136073,63.272666666666666,34.66,4.0,101.93266666666666,22.594,316.9146666666667,0.393,47,8,1016,FAIL_BUDGET,0,0,-1,-1,0.0,0.0,0.0,0.0,0.0
1632,I6_Continuous_Latent_State,S0_CONTINUOUS,0.13117866868562317,91.97433333333333,88.03833333333333,0.0,180.01266666666666,33.92333333333333,397.353,1.0,0,0,1016,FAIL_BUDGET,31,11,-1,-1,0.0,0.0,0.0,0.0,0.0
1632,I6_Continuous_Latent_State,S1_SHADOW_OFF,0.252137004560936,58.0,0.0,0.0,58.0,7.0,290.0,0.0,0,0,904,PASS_BUDGET,0,0,-1,-1,0.0,0.0,0.0,0.0,0.0
1632,I6_Continuous_Latent_State,S2_PERIODIC,0.14627090791847805,88.38166666666666,16.775666666666666,0.0,105.15733333333333,12.904333333333334,344.5353333333333,0.2,0,0,1004,FAIL_BUDGET,5,0,-1,-1,0.0,0.0,0.0,0.0,0.0
1632,I6_Continuous_Latent_State,S3_EVENT_TRIGGERED,0.13102215615409168,91.87566666666666,2.734,4.0,98.60966666666667,9.709,339.857,0.036833333333333336,4,21,1016,PASS_BUDGET,6,2,-1,-1,0.0,0.0,0.0,0.0,0.0
1632,I7_Quiescent_Continuous_State,S0_CONTINUOUS,0.1341761648465225,81.477,85.91433333333333,0.0,167.39133333333334,32.722,382.02166666666665,1.0,0,0,1000,FAIL_BUDGET,0,0,-1,-1,0.0,0.0,0.0,0.0,0.0
1632,I7_Quiescent_Continuous_State,S1_SHADOW_OFF,0.2583250885447639,58.0,0.0,0.0,58.0,7.0,290.0,0.0,0,0,904,PASS_BUDGET,0,0,-1,-1,0.0,0.0,0.0,1.0,1.0
1632,I7_Quiescent_Continuous_State,S2_PERIODIC,0.19497269923153507,76.18666666666667,16.349666666666668,0.0,92.53633333333333,12.706333333333333,327.1956666666667,0.2,0,0,1004,PASS_BUDGET,0,0,-1,-1,0.0,0.0,0.0,0.8,0.8
1632,I7_Quiescent_Continuous_State,S3_EVENT_TRIGGERED,0.13434534145698487,91.87566666666666,3.5256666666666665,4.0,99.40133333333333,9.959,340.37333333333333,0.04533333333333334,5,22,1016,PASS_BUDGET,6,2,-1,-1,0.0,0.0,0.0,0.996,0.934
1632,I8_Quiescent_Discrete_Delay,S0_CONTINUOUS,0.4580949902616421,59.692,85.53466666666667,0.0,145.22666666666666,32.48833333333334,351.06466666666665,1.0,0,0,1000,FAIL_BUDGET,2,2,-1,-1,0.0,0.0,0.0,0.0,0.0
1632,I8_Quiescent_Discrete_Delay,S1_SHADOW_OFF,0.4553116424113143,58.0,0.0,0.0,58.0,7.0,290.0,0.0,0,0,904,PASS_BUDGET,0,0,-1,-1,0.0,0.0,0.0,1.0,1.0
1632,I8_Quiescent_Discrete_Delay,S2_PERIODIC,0.4556655204350617,60.43,17.38233333333333,0.0,77.81233333333333,13.303666666666667,305.2153333333333,0.2,0,0,1004,PASS_BUDGET,0,0,-1,-1,0.0,0.0,0.0,0.8,0.8
1632,I8_Quiescent_Discrete_Delay,S3_EVENT_TRIGGERED,0.4570015233725624,59.34166666666667,32.32666666666667,4.0,95.66833333333334,18.932666666666666,313.61833333333334,0.36533333333333334,44,7,1016,PASS_BUDGET,0,0,-1,-1,0.0,0.0,0.0,0.9725,0.46575
1632,I9_Hybrid_Delay_Plus_Latent_State,S0_CONTINUOUS,0.211337826960068,113.01366666666667,87.055,0.0,200.06866666666667,51.394333333333336,400.47133333333335,1.0,0,0,1064,FAIL_BUDGET,3472,20,-1,-1,0.0,0.2528240494171778,0.10934315243235247,0.0,0.0
1632,I9_Hybrid_Delay_Plus_Latent_State,S1_SHADOW_OFF,0.3560140731394571,58.0,0.0,0.0,58.0,7.0,290.0,0.0,0,0,904,PASS_BUDGET,0,0,-1,-1,0.0,0.0,0.0,0.0,0.0
1632,I9_Hybrid_Delay_Plus_Latent_State,S2_PERIODIC,0.3161058594832775,89.82333333333334,17.152666666666665,0.0,106.976,13.444333333333333,346.20533333333333,0.2,0,0,1036,FAIL_BUDGET,240,25,-1,-1,0.0,-0.03722577627747695,0.12352713405911644,0.0,0.0
1632,I9_Hybrid_Delay_Plus_Latent_State,S3_EVENT_TRIGGERED,0.2220334451977019,94.74966666666667,15.395,4.0,114.14466666666667,17.47,347.4836666666667,0.17716666666666667,21,13,1032,FAIL_BUDGET,2881,0,-1,-1,0.0,0.136323142458788,0.07619286137724605,0.0,0.0
1632,I10_Redundant_Temporal_Structure,S0_CONTINUOUS,0.3965507770239666,93.774,88.65833333333333,0.0,182.43233333333333,39.486333333333334,392.28,1.0,0,0,1064,FAIL_BUDGET,336,21,-1,-1,0.0,0.0,0.0,0.0,0.0
1632,I10_Redundant_Temporal_Structure,S1_SHADOW_OFF,0.6028257124760839,58.0,0.0,0.0,58.0,7.0,290.0,0.0,0,0,904,PASS_BUDGET,0,0,-1,-1,0.0,0.0,0.0,0.0,0.0
1632,I10_Redundant_Temporal_Structure,S2_PERIODIC,0.4142385358498393,94.40666666666667,17.763,0.0,112.16966666666667,16.022666666666666,349.896,0.2,0,0,1068,FAIL_BUDGET,1110,120,-1,-1,0.0,0.0,0.0,0.0,0.0
1632,I10_Redundant_Temporal_Structure,S3_EVENT_TRIGGERED,0.40671358075950015,94.234,57.12466666666667,4.0,155.35866666666666,29.266,375.712,0.6416666666666667,77,0,1080,FAIL_BUDGET,547,43,-1,-1,0.0,0.0,0.0,0.0,0.0
1632,I11_Regime_Switch_Delay_To_Latent,S0_CONTINUOUS,0.1402190642873831,92.53233333333333,86.98633333333333,0.0,179.51866666666666,47.214333333333336,377.6383333333333,1.0,0,0,1016,FAIL_BUDGET,0,0,400,86,0.28699917862905217,0.0,0.0,0.0,0.0
1632,I11_Regime_Switch_Delay_To_Latent,S1_SHADOW_OFF,0.3109205426683186,58.0,0.0,0.0,58.0,7.0,290.0,0.0,0,0,904,PASS_BUDGET,0,0,-1,0,0.0,0.0,0.0,0.0,0.0
1632,I11_Regime_Switch_Delay_To_Latent,S2_PERIODIC,0.18521060161888944,74.35166666666667,16.417333333333332,0.0,90.769,25.505,307.959,0.2,0,0,1020,PASS_BUDGET,0,0,-1,459,0.4392647292316012,0.0,0.0,0.0,0.0
1632,I11_Regime_Switch_Delay_To_Latent,S3_EVENT_TRIGGERED,0.2781428088459051,71.76233333333333,25.419,4.0,101.18133333333333,17.073333333333334,326.09566666666666,0.2931666666666667,35,9,1016,FAIL_BUDGET,0,0,756,0,0.0,0.0,0.0,0.0,0.0
1632,I12_Regime_Switch_Latent_To_Delay,S0_CONTINUOUS,0.23493587507045738,80.86566666666667,87.425,0.0,168.29066666666668,37.704,375.505,1.0,0,0,1016,FAIL_BUDGET,0,0,309,17,0.7072613486955324,0.0,0.0,0.0,0.0
1632,I12_Regime_Switch_Latent_To_Delay,S1_SHADOW_OFF,0.3229141102912864,58.0,0.0,0.0,58.0,7.0,290.0,0.0,0,0,904,PASS_BUDGET,0,0,-1,0,0.40258882917122907,0.0,0.0,0.0,0.0
1632,I12_Regime_Switch_Latent_To_Delay,S2_PERIODIC,0.1523582917390859,94.00833333333334,16.451,0.0,110.45933333333333,27.297,333.4556666666667,0.2,0,0,1068,FAIL_BUDGET,615,165,104,719,0.1998698649353028,0.0,0.0,0.0,0.0
1632,I12_Regime_Switch_Latent_To_Delay,S3_EVENT_TRIGGERED,0.17827186120605468,81.94466666666666,11.569666666666667,4.0,97.51433333333334,17.699,325.039,0.13633333333333333,16,18,1032,PASS_BUDGET,22,3,59,58,0.7074182612695781,0.0,0.0,0.0,0.0
1632,I13_Regime_Switch_Hybrid_To_Memoryless,S0_CONTINUOUS,0.22273416710948676,78.71866666666666,86.84433333333334,0.0,165.563,37.27733333333333,372.387,1.0,0,0,1064,FAIL_BUDGET,846,19,-1,83,0.0,0.0,0.0,0.0,0.0
1632,I13_Regime_Switch_Hybrid_To_Memoryless,S1_SHADOW_OFF,0.271654859262846,58.0,0.0,0.0,58.0,7.0,290.0,0.0,0,0,904,PASS_BUDGET,0,0,-1,0,0.0,0.0,0.0,0.0,0.0
1632,I13_Regime_Switch_Hybrid_To_Memoryless,S2_PERIODIC,0.2479292106826322,75.18666666666667,17.127333333333333,0.0,92.314,13.100666666666667,325.9936666666667,0.2,0,0,1004,PASS_BUDGET,10,5,-1,494,0.0,0.0,0.0,0.0,0.0
1632,I13_Regime_Switch_Hybrid_To_Memoryless,S3_EVENT_TRIGGERED,0.24551322840410097,73.61033333333333,13.947666666666667,4.0,91.558,13.209,321.52166666666665,0.16066666666666668,19,14,1016,PASS_BUDGET,3,0,-1,0,0.0,0.0,0.0,0.0,0.0
1632,I14_Intermittent_Hybrid,S0_CONTINUOUS,0.21396995007289674,85.62233333333333,88.08,0.0,173.70233333333334,40.132666666666665,379.4033333333333,1.0,0,0,1064,FAIL_BUDGET,958,26,0,-1,0.6564388535900619,0.0,0.0,0.0,0.0
1632,I14_Intermittent_Hybrid,S1_SHADOW_OFF,0.3042662183112626,58.0,0.0,0.0,58.0,7.0,290.0,0.0,0,0,904,PASS_BUDGET,0,0,-1,-1,0.6668373323849235,0.0,0.0,0.0,0.0
1632,I14_Intermittent_Hybrid,S2_PERIODIC,0.283325434812667,76.57833333333333,17.391666666666666,0.0,93.97,13.461,327.77433333333335,0.2,0,0,1020,PASS_BUDGET,10,10,39,-1,0.5972201260596335,0.0,0.0,0.0,0.0
1632,I14_Intermittent_Hybrid,S3_EVENT_TRIGGERED,0.2547665826855457,90.13433333333333,19.848,4.0,113.98233333333333,27.277333333333335,333.25666666666666,0.227,27,12,1080,FAIL_BUDGET,2286,8,0,-1,0.553633702826432,0.0,0.0,0.0,0.0
1633,I1_Memoryless_Linear,S0_CONTINUOUS,0.1285848618604112,59.615,73.24633333333334,0.0,132.86133333333333,25.569666666666667,347.5713333333333,1.0,0,0,968,FAIL_BUDGET,0,0,-1,-1,0.0,0.0,0.0,0.0,0.0
1633,I1_Memoryless_Linear,S1_SHADOW_OFF,0.12882534764628314,58.0,0.0,0.0,58.0,7.0,290.0,0.0,0,0,904,PASS_BUDGET,0,0,-1,-1,0.0,0.0,0.0,0.0,0.0
1633,I1_Memoryless_Linear,S2_PERIODIC,0.12882534764628314,58.0,12.8,0.0,70.8,10.4,300.4,0.2,0,0,908,PASS_BUDGET,0,0,-1,-1,0.0,0.0,0.0,0.0,0.0
1633,I1_Memoryless_Linear,S3_EVENT_TRIGGERED,0.12873513259091843,59.864333333333335,1.5146666666666666,4.0,65.379,9.407666666666668,293.779,0.0205,2,23,984,PASS_BUDGET,0,0,-1,-1,0.0,0.0,0.0,0.0,0.0
1633,I2_Static_Nonlinear_Negative_Control,S0_CONTINUOUS,1.0612211191847354,60.342666666666666,88.83033333333333,0.0,149.173,34.376666666666665,352.8593333333333,1.0,0,0,1000,FAIL_BUDGET,0,0,-1,-1,0.0,0.0,0.0,0.0,0.0
1633,I2_Static_Nonlinear_Negative_Control,S1_SHADOW_OFF,1.055246368013649,58.0,0.0,0.0,58.0,7.0,290.0,0.0,0,0,904,PASS_BUDGET,0,0,-1,-1,0.0,0.0,0.0,0.0,0.0
1633,I2_Static_Nonlinear_Negative_Control,S2_PERIODIC,1.060091459670156,60.54333333333334,17.468666666666667,0.0,78.012,13.891333333333334,304.6693333333333,0.2,0,0,1004,PASS_BUDGET,0,0,-1,-1,0.0,0.0,0.0,0.0,0.0
1633,I2_Static_Nonlinear_Negative_Control,S3_EVENT_TRIGGERED,1.063419950817547,59.52733333333333,56.57933333333333,4.0,120.10666666666667,26.501333333333335,329.97833333333335,0.6401666666666667,77,0,1016,FAIL_BUDGET,1,0,-1,-1,0.0,0.0,0.0,0.0,0.0
1633,I3_Single_Exact_Delay,S0_CONTINUOUS,0.24712516946819185,84.44,87.09866666666667,0.0,171.53866666666667,51.913333333333334,359.4273333333333,1.0,0,0,1016,FAIL_BUDGET,0,0,-1,-1,0.0,0.0,0.0,0.0,0.0
1633,I3_Single_Exact_Delay,S1_SHADOW_OFF,0.4382305572375874,58.0,0.0,0.0,58.0,7.0,290.0,0.0,0,0,904,PASS_BUDGET,0,0,-1,-1,0.0,0.0,0.0,0.0,0.0
1633,I3_Single_Exact_Delay,S2_PERIODIC,0.44087799222890606,60.98166666666667,17.188666666666666,0.0,78.17033333333333,13.652333333333333,305.3093333333333,0.2,0,0,1004,PASS_BUDGET,0,0,-1,-1,0.0,0.0,0.0,0.0,0.0
1633,I3_Single_Exact_Delay,S3_EVENT_TRIGGERED,0.23316742733299847,65.70466666666667,15.924666666666667,4.0,85.62933333333334,19.41,304.61266666666666,0.18583333333333332,22,15,1000,PASS_BUDGET,0,0,-1,-1,0.0,0.0,0.0,0.0,0.0
1633,I4_Multi_Sparse_Delay,S0_CONTINUOUS,0.42786510800044036,93.46666666666667,87.523,0.0,180.98966666666666,54.742666666666665,368.4873333333333,1.0,0,0,1064,FAIL_BUDGET,764,38,-1,-1,0.0,0.0,0.0,0.0,0.0
1633,I4_Multi_Sparse_Delay,S1_SHADOW_OFF,0.6174728474227842,58.0,0.0,0.0,58.0,7.0,290.0,0.0,0,0,904,PASS_BUDGET,0,0,-1,-1,0.0,0.0,0.0,0.0,0.0
1633,I4_Multi_Sparse_Delay,S2_PERIODIC,0.5739071985207544,69.525,17.628666666666668,0.0,87.15366666666667,22.398,306.4053333333333,0.2,0,0,1020,PASS_BUDGET,0,0,-1,-1,0.0,0.0,0.0,0.0,0.0
1633,I4_Multi_Sparse_Delay,S3_EVENT_TRIGGERED,0.5797894755840146,74.081,72.35633333333334,4.0,150.43733333333333,39.822,349.183,0.8155,98,0,1080,FAIL_BUDGET,68,4,-1,-1,0.0,0.0,0.0,0.0,0.0
1633,I5_Moving_Delay_Support,S0_CONTINUOUS,0.1816849479964517,94.091,86.98233333333333,0.0,181.07333333333332,58.272,363.7703333333333,1.0,0,0,1016,FAIL_BUDGET,0,0,-1,-1,0.0,0.0,0.0,0.0,0.0
1633,I5_Moving_Delay_Support,S1_SHADOW_OFF,0.4492888620591324,58.0,0.0,0.0,58.0,7.0,290.0,0.0,0,0,904,PASS_BUDGET,0,0,-1,-1,0.0,0.0,0.0,0.0,0.0
1633,I5_Moving_Delay_Support,S2_PERIODIC,0.4529015987313446,59.44166666666667,17.128666666666668,0.0,76.57033333333334,14.189333333333334,302.298,0.2,0,0,1020,PASS_BUDGET,0,0,-1,-1,0.0,0.0,0.0,0.0,0.0
1633,I5_Moving_Delay_Support,S3_EVENT_TRIGGERED,0.4517375674586372,59.92066666666667,43.58833333333333,4.0,107.509,22.646333333333335,321.62466666666666,0.49183333333333334,59,1,1016,FAIL_BUDGET,0,0,-1,-1,0.0,0.0,0.0,0.0,0.0
1633,I6_Continuous_Latent_State,S0_CONTINUOUS,0.13939173361407128,92.001,88.30633333333333,0.0,180.30733333333333,34.10066666666667,397.44166666666666,1.0,0,0,1032,FAIL_BUDGET,46,17,-1,-1,0.0,0.0,0.0,0.0,0.0
1633,I6_Continuous_Latent_State,S1_SHADOW_OFF,0.2640674714724255,58.0,0.0,0.0,58.0,7.0,290.0,0.0,0,0,904,PASS_BUDGET,0,0,-1,-1,0.0,0.0,0.0,0.0,0.0
1633,I6_Continuous_Latent_State,S2_PERIODIC,0.16811101348597238,84.68333333333334,17.075666666666667,0.0,101.759,13.472,338.9393333333333,0.2,0,0,1004,FAIL_BUDGET,0,0,-1,-1,0.0,0.0,0.0,0.0,0.0
1633,I6_Continuous_Latent_State,S3_EVENT_TRIGGERED,0.13886860539103626,91.90933333333334,4.387666666666667,4.0,100.297,10.067666666666666,341.235,0.0615,7,19,1016,FAIL_BUDGET,0,0,-1,-1,0.0,0.0,0.0,0.0,0.0
1633,I7_Quiescent_Continuous_State,S0_CONTINUOUS,0.1447728053749177,81.41366666666667,85.41233333333334,0.0,166.826,32.346,381.714,1.0,0,0,1032,FAIL_BUDGET,7,0,-1,-1,0.0,0.0,0.0,0.0,0.0
1633,I7_Quiescent_Continuous_State,S1_SHADOW_OFF,0.2626935685396177,58.0,0.0,0.0,58.0,7.0,290.0,0.0,0,0,904,PASS_BUDGET,0,0,-1,-1,0.0,0.0,0.0,1.0,1.0
1633,I7_Quiescent_Continuous_State,S2_PERIODIC,0.22732838849161247,72.285,17.086,0.0,89.371,13.570333333333334,321.30833333333334,0.2,0,0,1004,PASS_BUDGET,0,0,-1,-1,0.0,0.0,0.0,0.8,0.8
1633,I7_Quiescent_Continuous_State,S3_EVENT_TRIGGERED,0.14408907071955931,91.90933333333334,5.2973333333333334,4.0,101.20666666666666,10.397333333333334,341.78366666666665,0.06983333333333333,8,19,1016,FAIL_BUDGET,0,0,-1,-1,0.0,0.0,0.0,0.996,0.89725
1633,I8_Quiescent_Discrete_Delay,S0_CONTINUOUS,0.3004385492298112,71.71666666666667,85.27366666666667,0.0,156.99033333333333,41.766,354.33633333333336,1.0,0,0,1016,FAIL_BUDGET,0,0,-1,-1,0.0,0.0,0.0,0.0,0.0
1633,I8_Quiescent_Discrete_Delay,S1_SHADOW_OFF,0.44094347404845186,58.0,0.0,0.0,58.0,7.0,290.0,0.0,0,0,904,PASS_BUDGET,0,0,-1,-1,0.0,0.0,0.0,1.0,1.0
1633,I8_Quiescent_Discrete_Delay,S2_PERIODIC,0.31004053992475106,70.67833333333333,16.913666666666668,0.0,87.592,22.008,307.8496666666667,0.2,0,0,1020,PASS_BUDGET,0,0,-1,-1,0.0,0.0,0.0,0.8,0.8
1633,I8_Quiescent_Discrete_Delay,S3_EVENT_TRIGGERED,0.2936112222639726,65.09966666666666,15.904666666666667,4.0,85.00433333333334,18.916,304.36566666666664,0.18583333333333332,22,15,1000,PASS_BUDGET,0,0,-1,-1,0.0,0.0,0.0,0.996,0.72325
1633,I9_Hybrid_Delay_Plus_Latent_State,S0_CONTINUOUS,0.1540077389951416,127.50966666666666,86.55266666666667,0.0,214.06233333333333,61.13766666666667,406.43233333333336,1.0,0,0,1064,FAIL_BUDGET,5285,42,-1,-1,0.0,0.4263688313553968,0.12404060726018133,0.0,0.0
1633,I9_Hybrid_Delay_Plus_Latent_State,S1_SHADOW_OFF,0.361273305752161,58.0,0.0,0.0,58.0,7.0,290.0,0.0,0,0,904,PASS_BUDGET,0,0,-1,-1,0.0,0.0,0.0,0.0,0.0
1633,I9_Hybrid_Delay_Plus_Latent_State,S2_PERIODIC,0.33972741015840785,76.71333333333334,17.358,0.0,94.07133333333333,14.800666666666666,326.16366666666664,0.2,0,0,1020,PASS_BUDGET,260,20,-1,-1,0.0,-0.0361296511888728,0.056049241957184165,0.0,0.0
1633,I9_Hybrid_Delay_Plus_Latent_State,S3_EVENT_TRIGGERED,0.32591632981835705,87.542,31.096333333333334,4.0,122.63833333333334,18.548666666666666,352.60766666666666,0.3505,42,3,1016,FAIL_BUDGET,0,0,-1,-1,0.0,-0.060754003606559685,0.08491819618386222,0.0,0.0
1633,I10_Redundant_Temporal_Structure,S0_CONTINUOUS,0.39349805142518546,106.47833333333334,88.12933333333334,0.0,194.60766666666666,44.681666666666665,402.1983333333333,1.0,0,0,1064,FAIL_BUDGET,2300,21,-1,-1,0.0,0.0,0.0,0.0,0.0
1633,I10_Redundant_Temporal_Structure,S1_SHADOW_OFF,0.5924455480533848,58.0,0.0,0.0,58.0,7.0,290.0,0.0,0,0,904,PASS_BUDGET,0,0,-1,-1,0.0,0.0,0.0,0.0,0.0
1633,I10_Redundant_Temporal_Structure,S2_PERIODIC,0.4527321365772134,93.00666666666666,17.6,0.0,110.60666666666667,19.861666666666668,342.816,0.2,0,0,1068,FAIL_BUDGET,1516,55,-1,-1,0.0,0.0,0.0,0.0,0.0
1633,I10_Redundant_Temporal_Structure,S3_EVENT_TRIGGERED,0.42525165539629856,92.16866666666667,59.26166666666666,4.0,155.43033333333332,27.696666666666665,377.2543333333333,0.665,80,0,1064,FAIL_BUDGET,315,89,-1,-1,0.0,0.0,0.0,0.0,0.0
1633,I11_Regime_Switch_Delay_To_Latent,S0_CONTINUOUS,0.1526997520045152,91.76266666666666,87.32833333333333,0.0,179.091,46.74033333333333,377.6236666666667,1.0,0,0,1016,FAIL_BUDGET,30,0,525,106,0.25174569466300123,0.0,0.0,0.0,0.0
1633,I11_Regime_Switch_Delay_To_Latent,S1_SHADOW_OFF,0.3063898970094225,58.0,0.0,0.0,58.0,7.0,290.0,0.0,0,0,904,PASS_BUDGET,0,0,-1,0,0.0,0.0,0.0,0.0,0.0
1633,I11_Regime_Switch_Delay_To_Latent,S2_PERIODIC,0.2973083163213997,63.14,17.388333333333332,0.0,80.52833333333334,13.673666666666668,308.5203333333333,0.2,0,0,1004,PASS_BUDGET,0,0,2189,114,0.0,0.0,0.0,0.0,0.0
1633,I11_Regime_Switch_Delay_To_Latent,S3_EVENT_TRIGGERED,0.2707695684784892,71.74,23.525333333333332,4.0,99.26533333333333,16.441666666666666,324.9336666666667,0.268,32,8,1016,PASS_BUDGET,0,0,581,0,0.0,0.0,0.0,0.0,0.0
1633,I12_Regime_Switch_Latent_To_Delay,S0_CONTINUOUS,0.23417623645726562,80.583,87.70666666666666,0.0,168.28966666666668,37.725,375.40366666666665,1.0,0,0,1016,FAIL_BUDGET,8,3,82,17,0.6606147596038735,0.0,0.0,0.0,0.0
1633,I12_Regime_Switch_Latent_To_Delay,S1_SHADOW_OFF,0.3220518908771182,58.0,0.0,0.0,58.0,7.0,290.0,0.0,0,0,904,PASS_BUDGET,0,0,-1,0,0.4516410860087558,0.0,0.0,0.0,0.0
1633,I12_Regime_Switch_Latent_To_Delay,S2_PERIODIC,0.27087854793023874,74.75166666666667,17.162666666666667,0.0,91.91433333333333,15.222,322.69433333333336,0.2,0,0,1020,PASS_BUDGET,0,0,2039,859,0.6761334942711158,0.0,0.0,0.0,0.0
1633,I12_Regime_Switch_Latent_To_Delay,S3_EVENT_TRIGGERED,0.2709941151840215,75.31566666666667,23.854333333333333,4.0,103.17,16.292,330.538,0.2765,33,9,1016,FAIL_BUDGET,0,0,64,36,0.6671169695441933,0.0,0.0,0.0,0.0
1633,I13_Regime_Switch_Hybrid_To_Memoryless,S0_CONTINUOUS,0.15211408795775913,93.16466666666666,87.19666666666667,0.0,180.36133333333333,47.54366666666667,378.41066666666666,1.0,0,0,1064,FAIL_BUDGET,2634,12,-1,99,0.0,0.0,0.0,0.0,0.0
1633,I13_Regime_Switch_Hybrid_To_Memoryless,S1_SHADOW_OFF,0.2853355252502162,58.0,0.0,0.0,58.0,7.0,290.0,0.0,0,0,904,PASS_BUDGET,0,0,-1,0,0.0,0.0,0.0,0.0,0.0
1633,I13_Regime_Switch_Hybrid_To_Memoryless,S2_PERIODIC,0.2699629393000464,72.08666666666667,17.318666666666665,0.0,89.40533333333333,13.904333333333334,320.79533333333336,0.2,0,0,1020,PASS_BUDGET,260,20,-1,709,0.0,0.0,0.0,0.0,0.0
1633,I13_Regime_Switch_Hybrid_To_Memoryless,S3_EVENT_TRIGGERED,0.26680821050373643,88.70366666666666,14.108,4.0,106.81166666666667,13.295666666666667,342.88533333333334,0.16066666666666668,19,14,1016,FAIL_BUDGET,0,0,-1,-1,0.0,0.0,0.0,0.0,0.0
1633,I14_Intermittent_Hybrid,S0_CONTINUOUS,0.243123438965976,78.79433333333333,88.526,0.0,167.32033333333334,35.647,376.737,1.0,0,0,1064,FAIL_BUDGET,263,3,0,-1,0.5051942153035274,0.0,0.0,0.0,0.0
1633,I14_Intermittent_Hybrid,S1_SHADOW_OFF,0.3083368050868721,58.0,0.0,0.0,58.0,7.0,290.0,0.0,0,0,904,PASS_BUDGET,0,0,-1,-1,0.588490146100399,0.0,0.0,0.0,0.0
1633,I14_Intermittent_Hybrid,S2_PERIODIC,0.252301358265945,79.21,16.924333333333333,0.0,96.13433333333333,13.224666666666666,331.3353333333333,0.2,0,0,1004,PASS_BUDGET,0,0,0,-1,0.5000988134107858,0.0,0.0,0.0,0.0
1633,I14_Intermittent_Hybrid,S3_EVENT_TRIGGERED,0.25712367404236375,85.525,21.339333333333332,4.0,110.86433333333333,15.549333333333333,343.24,0.2435,29,11,1032,FAIL_BUDGET,2,0,0,-1,0.5000323588077793,0.0,0.0,0.0,0.0
1634,I1_Memoryless_Linear,S0_CONTINUOUS,0.12667597988404375,59.56966666666667,68.014,0.0,127.58366666666667,22.07133333333333,345.7543333333333,1.0,0,0,968,FAIL_BUDGET,0,0,-1,-1,0.0,0.0,0.0,0.0,0.0
1634,I1_Memoryless_Linear,S1_SHADOW_OFF,0.126644872545086,58.0,0.0,0.0,58.0,7.0,290.0,0.0,0,0,904,PASS_BUDGET,0,0,-1,-1,0.0,0.0,0.0,0.0,0.0
1634,I1_Memoryless_Linear,S2_PERIODIC,0.126644872545086,58.0,12.8,0.0,70.8,10.4,300.4,0.2,0,0,908,PASS_BUDGET,0,0,-1,-1,0.0,0.0,0.0,0.0,0.0
1634,I1_Memoryless_Linear,S3_EVENT_TRIGGERED,0.12680530986766758,91.89066666666666,0.8053333333333333,4.0,96.696,9.188666666666666,338.462,0.012166666666666666,1,23,984,PASS_BUDGET,10,9,-1,-1,0.0,0.0,0.0,0.0,0.0
1634,I2_Static_Nonlinear_Negative_Control,S0_CONTINUOUS,1.0813911050749012,59.837666666666664,88.48566666666666,0.0,148.32333333333332,34.205666666666666,352.01366666666667,1.0,0,0,1000,FAIL_BUDGET,0,0,-1,-1,0.0,0.0,0.0,0.0,0.0
1634,I2_Static_Nonlinear_Negative_Control,S1_SHADOW_OFF,1.075358327965778,58.0,0.0,0.0,58.0,7.0,290.0,0.0,0,0,904,PASS_BUDGET,0,0,-1,-1,0.0,0.0,0.0,0.0,0.0
1634,I2_Static_Nonlinear_Negative_Control,S2_PERIODIC,1.084363653313817,62.41,16.919666666666668,0.0,79.32966666666667,13.669666666666666,306.958,0.2,0,0,1004,PASS_BUDGET,0,0,-1,-1,0.0,0.0,0.0,0.0,0.0
1634,I2_Static_Nonlinear_Negative_Control,S3_EVENT_TRIGGERED,1.0806841762538797,61.319,59.18566666666667,4.0,124.50466666666667,27.185333333333332,334.44733333333335,0.669,81,0,1016,FAIL_BUDGET,0,0,-1,-1,0.0,0.0,0.0,0.0,0.0
1634,I3_Single_Exact_Delay,S0_CONTINUOUS,0.34655706836918265,71.85366666666667,87.961,0.0,159.81466666666665,42.66,356.04833333333335,1.0,0,0,1016,FAIL_BUDGET,2,0,-1,-1,0.0,0.0,0.0,0.0,0.0
1634,I3_Single_Exact_Delay,S1_SHADOW_OFF,0.4439671498345192,58.0,0.0,0.0,58.0,7.0,290.0,0.0,0,0,904,PASS_BUDGET,0,0,-1,-1,0.0,0.0,0.0,0.0,0.0
1634,I3_Single_Exact_Delay,S2_PERIODIC,0.4453625484659872,58.51166666666666,17.524333333333335,0.0,76.036,13.692666666666666,302.09,0.2,0,0,988,PASS_BUDGET,0,0,-1,-1,0.0,0.0,0.0,0.0,0.0
1634,I3_Single_Exact_Delay,S3_EVENT_TRIGGERED,0.22810508741401267,74.137,13.767,4.0,91.904,24.275666666666666,308.0303333333333,0.161,19,16,1016,PASS_BUDGET,53,9,-1,-1,0.0,0.0,0.0,0.0,0.0
1634,I4_Multi_Sparse_Delay,S0_CONTINUOUS,0.5929622773316403,77.95633333333333,88.316,0.0,166.27233333333334,44.19833333333333,362.651,1.0,0,0,1064,FAIL_BUDGET,408,4,-1,-1,0.0,0.0,0.0,0.0,0.0
1634,I4_Multi_Sparse_Delay,S1_SHADOW_OFF,0.6306622029145265,58.0,0.0,0.0,58.0,7.0,290.0,0.0,0,0,904,PASS_BUDGET,0,0,-1,-1,0.0,0.0,0.0,0.0,0.0
1634,I4_Multi_Sparse_Delay,S2_PERIODIC,0.6442477729205374,62.57833333333333,17.622,0.0,80.20033333333333,15.681666666666667,305.285,0.2,0,0,1020,PASS_BUDGET,110,5,-1,-1,0.0,0.0,0.0,0.0,0.0
1634,I4_Multi_Sparse_Delay,S3_EVENT_TRIGGERED,0.5856719877753661,77.45666666666666,70.37933333333334,4.0,151.836,41.19433333333333,349.726,0.7956666666666666,96,0,1080,FAIL_BUDGET,354,2,-1,-1,0.0,0.0,0.0,0.0,0.0
1634,I5_Moving_Delay_Support,S0_CONTINUOUS,0.21640647249379755,88.56966666666666,86.90433333333333,0.0,175.474,54.126,361.8346666666667,1.0,0,0,1016,FAIL_BUDGET,8,0,-1,-1,0.0,0.0,0.0,0.0,0.0
1634,I5_Moving_Delay_Support,S1_SHADOW_OFF,0.4472551304080066,58.0,0.0,0.0,58.0,7.0,290.0,0.0,0,0,904,PASS_BUDGET,0,0,-1,-1,0.0,0.0,0.0,0.0,0.0
1634,I5_Moving_Delay_Support,S2_PERIODIC,0.4513540289260408,59.275,17.368666666666666,0.0,76.64366666666666,14.237,302.32233333333335,0.2,0,0,1004,PASS_BUDGET,0,0,-1,-1,0.0,0.0,0.0,0.0,0.0
1634,I5_Moving_Delay_Support,S3_EVENT_TRIGGERED,0.39938213035002956,63.42333333333333,36.25266666666667,4.0,103.676,22.67,318.633,0.4171666666666667,50,3,1032,FAIL_BUDGET,0,0,-1,-1,0.0,0.0,0.0,0.0,0.0
1634,I6_Continuous_Latent_State,S0_CONTINUOUS,0.14287141240310247,91.92966666666666,88.661,0.0,180.59066666666666,34.254666666666665,397.4626666666667,1.0,0,0,1016,FAIL_BUDGET,35,20,-1,-1,0.0,0.0,0.0,0.0,0.0
1634,I6_Continuous_Latent_State,S1_SHADOW_OFF,0.27200164915642283,58.0,0.0,0.0,58.0,7.0,290.0,0.0,0,0,904,PASS_BUDGET,0,0,-1,-1,0.0,0.0,0.0,0.0,0.0
1634,I6_Continuous_Latent_State,S2_PERIODIC,0.14582910648983152,91.49,17.622666666666667,0.0,109.11266666666667,13.380333333333333,349.1736666666667,0.2,0,0,1004,FAIL_BUDGET,0,0,-1,-1,0.0,0.0,0.0,0.0,0.0
1634,I6_Continuous_Latent_State,S3_EVENT_TRIGGERED,0.1426160200492349,91.86966666666666,3.7173333333333334,4.0,99.587,10.057,340.43033333333335,0.04533333333333334,5,22,1016,PASS_BUDGET,0,0,-1,-1,0.0,0.0,0.0,0.0,0.0
1634,I7_Quiescent_Continuous_State,S0_CONTINUOUS,0.15425213969450485,81.57966666666667,84.303,0.0,165.88266666666667,31.705,381.58433333333335,1.0,0,0,1032,FAIL_BUDGET,28,17,-1,-1,0.0,0.0,0.0,0.0,0.0
1634,I7_Quiescent_Continuous_State,S1_SHADOW_OFF,0.2807597968370347,58.0,0.0,0.0,58.0,7.0,290.0,0.0,0,0,904,PASS_BUDGET,0,0,-1,-1,0.0,0.0,0.0,1.0,1.0
1634,I7_Quiescent_Continuous_State,S2_PERIODIC,0.20277411390296143,77.50833333333334,17.354,0.0,94.86233333333334,13.320666666666666,329.26366666666667,0.2,0,0,1004,PASS_BUDGET,0,0,-1,-1,0.0,0.0,0.0,0.8,0.8
1634,I7_Quiescent_Continuous_State,S3_EVENT_TRIGGERED,0.1531993828448012,91.86966666666666,5.195,4.0,101.06466666666667,10.513333333333334,341.418,0.06183333333333333,7,21,1016,FAIL_BUDGET,0,0,-1,-1,0.0,0.0,0.0,0.996,0.90925
1634,I8_Quiescent_Discrete_Delay,S0_CONTINUOUS,0.3103922213179624,72.397,86.60933333333334,0.0,159.00633333333334,42.38066666666667,355.90833333333336,1.0,0,0,1016,FAIL_BUDGET,2,0,-1,-1,0.0,0.0,0.0,0.0,0.0
1634,I8_Quiescent_Discrete_Delay,S1_SHADOW_OFF,0.4523250317959081,58.0,0.0,0.0,58.0,7.0,290.0,0.0,0,0,904,PASS_BUDGET,0,0,-1,-1,0.0,0.0,0.0,1.0,1.0
1634,I8_Quiescent_Discrete_Delay,S2_PERIODIC,0.4540417415272002,58.211666666666666,17.498,0.0,75.70966666666666,13.445666666666666,301.96633333333335,0.2,0,0,988,PASS_BUDGET,0,0,-1,-1,0.0,0.0,0.0,0.8,0.8
1634,I8_Quiescent_Discrete_Delay,S3_EVENT_TRIGGERED,0.29732611440477874,76.96366666666667,14.475666666666667,4.0,95.43933333333334,26.726,309.63166666666666,0.16916666666666666,20,15,1016,PASS_BUDGET,53,9,-1,-1,0.0,0.0,0.0,0.996,0.74825
1634,I9_Hybrid_Delay_Plus_Latent_State,S0_CONTINUOUS,0.15689688342903718,130.10233333333332,86.85333333333334,0.0,216.95566666666667,60.84166666666667,410.796,1.0,0,0,1064,FAIL_BUDGET,5775,17,-1,-1,0.0,0.39136878518223983,0.14360155643950967,0.0,0.0
1634,I9_Hybrid_Delay_Plus_Latent_State,S1_SHADOW_OFF,0.3597212375461526,58.0,0.0,0.0,58.0,7.0,290.0,0.0,0,0,904,PASS_BUDGET,0,0,-1,-1,0.0,0.0,0.0,0.0,0.0
1634,I9_Hybrid_Delay_Plus_Latent_State,S2_PERIODIC,0.3629653399304641,59.52,17.464,0.0,76.984,14.339666666666666,302.6136666666667,0.2,0,0,1004,PASS_BUDGET,0,0,-1,-1,0.0,-0.0423212794462702,-0.004190343218597425,0.0,0.0
1634,I9_Hybrid_Delay_Plus_Latent_State,S3_EVENT_TRIGGERED,0.1483932150793108,110.14733333333334,5.194333333333334,4.0,119.34166666666667,25.083,348.695,0.06183333333333333,7,21,1080,FAIL_BUDGET,5672,0,-1,-1,0.0,0.15906283468560073,0.2968110193550792,0.0,0.0
1634,I10_Redundant_Temporal_Structure,S0_CONTINUOUS,0.4246160892054407,96.42333333333333,88.93566666666666,0.0,185.359,37.852666666666664,398.771,1.0,0,0,1064,FAIL_BUDGET,797,13,-1,-1,0.0,0.0,0.0,0.0,0.0
1634,I10_Redundant_Temporal_Structure,S1_SHADOW_OFF,0.605118435965772,58.0,0.0,0.0,58.0,7.0,290.0,0.0,0,0,904,PASS_BUDGET,0,0,-1,-1,0.0,0.0,0.0,0.0,0.0
1634,I10_Redundant_Temporal_Structure,S2_PERIODIC,0.4384810918815245,93.205,17.682,0.0,110.887,14.674666666666667,349.90133333333335,0.2,0,0,1052,FAIL_BUDGET,690,70,-1,-1,0.0,0.0,0.0,0.0,0.0
1634,I10_Redundant_Temporal_Structure,S3_EVENT_TRIGGERED,0.4377709800943761,91.25566666666667,62.422666666666665,4.0,157.67833333333334,28.619666666666667,378.15133333333335,0.7,84,0,1080,FAIL_BUDGET,174,14,-1,-1,0.0,0.0,0.0,0.0,0.0
1634,I11_Regime_Switch_Delay_To_Latent,S0_CONTINUOUS,0.1615075588729152,90.637,87.77833333333334,0.0,178.41533333333334,45.55766666666667,378.26233333333334,1.0,0,0,1016,FAIL_BUDGET,7,0,409,51,0.3263998999219142,0.0,0.0,0.0,0.0
1634,I11_Regime_Switch_Delay_To_Latent,S1_SHADOW_OFF,0.3153812843709883,58.0,0.0,0.0,58.0,7.0,290.0,0.0,0,0,904,PASS_BUDGET,0,0,-1,0,0.0,0.0,0.0,0.0,0.0
1634,I11_Regime_Switch_Delay_To_Latent,S2_PERIODIC,0.3154858999893044,58.05833333333333,17.038333333333334,0.0,75.09666666666666,13.072,301.7393333333333,0.2,0,0,956,PASS_BUDGET,0,0,-1,0,0.0,0.0,0.0,0.0,0.0
1634,I11_Regime_Switch_Delay_To_Latent,S3_EVENT_TRIGGERED,0.15037889494671777,81.147,3.913666666666667,4.0,89.06066666666666,13.586,320.97866666666664,0.0535,6,21,1064,PASS_BUDGET,67,0,49,116,0.17408537068358448,0.0,0.0,0.0,0.0
1634,I12_Regime_Switch_Latent_To_Delay,S0_CONTINUOUS,0.1904264302713806,87.045,88.053,0.0,175.098,42.45466666666667,377.96133333333336,1.0,0,0,1016,FAIL_BUDGET,8,2,414,47,0.5720076151426096,0.0,0.0,0.0,0.0
1634,I12_Regime_Switch_Latent_To_Delay,S1_SHADOW_OFF,0.3205594905173301,58.0,0.0,0.0,58.0,7.0,290.0,0.0,0,0,904,PASS_BUDGET,0,0,-1,0,0.2864181570358827,0.0,0.0,0.0,0.0
1634,I12_Regime_Switch_Latent_To_Delay,S2_PERIODIC,0.2696502373799963,77.34666666666666,17.444666666666667,0.0,94.79133333333333,14.116333333333333,328.02166666666665,0.2,0,0,1004,PASS_BUDGET,0,0,369,309,0.5816008224042232,0.0,0.0,0.0,0.0
1634,I12_Regime_Switch_Latent_To_Delay,S3_EVENT_TRIGGERED,0.2644756410634805,75.72633333333333,19.982666666666667,4.0,99.709,15.061333333333334,328.58166666666665,0.23066666666666666,28,12,1000,PASS_BUDGET,0,0,1081,139,0.5769322148293895,0.0,0.0,0.0,0.0
1634,I13_Regime_Switch_Hybrid_To_Memoryless,S0_CONTINUOUS,0.15335722568057866,94.069,85.15566666666666,0.0,179.22466666666668,45.96333333333333,379.6503333333333,1.0,0,0,1064,FAIL_BUDGET,2814,0,-1,110,0.0,0.0,0.0,0.0,0.0
1634,I13_Regime_Switch_Hybrid_To_Memoryless,S1_SHADOW_OFF,0.27919528530221344,58.0,0.0,0.0,58.0,7.0,290.0,0.0,0,0,904,PASS_BUDGET,0,0,-1,0,0.0,0.0,0.0,0.0,0.0
1634,I13_Regime_Switch_Hybrid_To_Memoryless,S2_PERIODIC,0.2826682121845158,59.086666666666666,17.407666666666668,0.0,76.49433333333333,13.982333333333333,302.435,0.2,0,0,1004,PASS_BUDGET,0,0,-1,0,0.0,0.0,0.0,0.0,0.0
1634,I13_Regime_Switch_Hybrid_To_Memoryless,S3_EVENT_TRIGGERED,0.1473208275754224,101.31566666666667,3.813,4.0,109.12866666666666,17.659666666666666,344.22366666666665,0.04533333333333334,5,22,1032,FAIL_BUDGET,5672,0,-1,-1,0.0,0.0,0.0,0.0,0.0
1634,I14_Intermittent_Hybrid,S0_CONTINUOUS,0.21195912864434485,82.94133333333333,88.18433333333333,0.0,171.12566666666666,38.431,378.15766666666667,1.0,0,0,1064,FAIL_BUDGET,131,11,0,-1,0.48714759238488936,0.0,0.0,0.0,0.0
1634,I14_Intermittent_Hybrid,S1_SHADOW_OFF,0.3053613018721011,58.0,0.0,0.0,58.0,7.0,290.0,0.0,0,0,904,PASS_BUDGET,0,0,-1,-1,0.5329871283974071,0.0,0.0,0.0,0.0
1634,I14_Intermittent_Hybrid,S2_PERIODIC,0.24648006767273709,87.38166666666666,17.420666666666666,0.0,104.80233333333334,13.821,342.594,0.2,0,0,1036,FAIL_BUDGET,245,35,0,-1,0.4851928823733081,0.0,0.0,0.0,0.0
1634,I14_Intermittent_Hybrid,S3_EVENT_TRIGGERED,0.2382869310795972,89.47666666666667,20.633666666666667,4.0,114.11033333333333,18.167666666666666,344.6933333333333,0.23533333333333334,28,12,1048,FAIL_BUDGET,1928,108,0,-1,0.48554507638751043,0.0,0.0,0.0,0.0
1635,I1_Memoryless_Linear,S0_CONTINUOUS,0.12243551860316383,59.599,77.19633333333333,0.0,136.79533333333333,27.751666666666665,348.63366666666667,1.0,0,0,952,FAIL_BUDGET,0,0,-1,-1,0.0,0.0,0.0,0.0,0.0
1635,I1_Memoryless_Linear,S1_SHADOW_OFF,0.12175600162419242,58.0,0.0,0.0,58.0,7.0,290.0,0.0,0,0,904,PASS_BUDGET,0,0,-1,-1,0.0,0.0,0.0,0.0,0.0
1635,I1_Memoryless_Linear,S2_PERIODIC,0.12175600162419242,58.0,13.418666666666667,0.0,71.41866666666667,10.894,300.64733333333334,0.2,0,0,924,PASS_BUDGET,0,0,-1,-1,0.0,0.0,0.0,0.0,0.0
1635,I1_Memoryless_Linear,S3_EVENT_TRIGGERED,0.12228019644927458,59.60366666666667,0.8986666666666666,4.0,64.50233333333334,9.242,292.94466666666665,0.012166666666666666,1,23,984,PASS_BUDGET,0,0,-1,-1,0.0,0.0,0.0,0.0,0.0
1635,I2_Static_Nonlinear_Negative_Control,S0_CONTINUOUS,1.0730202014140953,58.59,88.75233333333334,0.0,147.34233333333333,34.403,350.2803333333333,1.0,0,0,1000,FAIL_BUDGET,2,1,-1,-1,0.0,0.0,0.0,0.0,0.0
1635,I2_Static_Nonlinear_Negative_Control,S1_SHADOW_OFF,1.0692986676145717,58.0,0.0,0.0,58.0,7.0,290.0,0.0,0,0,904,PASS_BUDGET,0,0,-1,-1,0.0,0.0,0.0,0.0,0.0
1635,I2_Static_Nonlinear_Negative_Control,S2_PERIODIC,1.0728926953964955,59.763333333333335,17.533666666666665,0.0,77.297,13.851333333333333,303.6893333333333,0.2,0,0,988,PASS_BUDGET,0,0,-1,-1,0.0,0.0,0.0,0.0,0.0
1635,I2_Static_Nonlinear_Negative_Control,S3_EVENT_TRIGGERED,1.077401960178816,60.114333333333335,57.1,4.0,121.21433333333333,26.802333333333333,330.9293333333333,0.644,78,0,1016,FAIL_BUDGET,0,0,-1,-1,0.0,0.0,0.0,0.0,0.0
1635,I3_Single_Exact_Delay,S0_CONTINUOUS,0.4442197873007255,59.281666666666666,88.59466666666667,0.0,147.87633333333332,34.65133333333333,350.52566666666667,1.0,0,0,1000,FAIL_BUDGET,0,0,-1,-1,0.0,0.0,0.0,0.0,0.0
1635,I3_Single_Exact_Delay,S1_SHADOW_OFF,0.4410331690648018,58.0,0.0,0.0,58.0,7.0,290.0,0.0,0,0,904,PASS_BUDGET,0,0,-1,-1,0.0,0.0,0.0,0.0,0.0
1635,I3_Single_Exact_Delay,S2_PERIODIC,0.4445746336845018,59.68333333333333,16.961333333333332,0.0,76.64466666666667,14.311,302.35833333333335,0.2,0,0,972,PASS_BUDGET,0,0,-1,-1,0.0,0.0,0.0,0.0,0.0
1635,I3_Single_Exact_Delay,S3_EVENT_TRIGGERED,0.12595547509521762,78.13866666666667,2.896333333333333,4.0,85.035,25.451333333333334,300.6723333333333,0.037,4,22,1016,PASS_BUDGET,0,0,-1,-1,0.0,0.0,0.0,0.0,0.0
1635,I4_Multi_Sparse_Delay,S0_CONTINUOUS,0.46932887867819895,88.81,87.62733333333334,0.0,176.43733333333333,52.68566666666667,365.0566666666667,1.0,0,0,1064,FAIL_BUDGET,298,10,-1,-1,0.0,0.0,0.0,0.0,0.0
1635,I4_Multi_Sparse_Delay,S1_SHADOW_OFF,0.6251375741028892,58.0,0.0,0.0,58.0,7.0,290.0,0.0,0,0,904,PASS_BUDGET,0,0,-1,-1,0.0,0.0,0.0,0.0,0.0
1635,I4_Multi_Sparse_Delay,S2_PERIODIC,0.627617730877377,58.50833333333333,17.698666666666668,0.0,76.207,13.793666666666667,302.10066666666665,0.2,0,0,972,PASS_BUDGET,0,0,-1,-1,0.0,0.0,0.0,0.0,0.0
1635,I4_Multi_Sparse_Delay,S3_EVENT_TRIGGERED,0.6217484549063274,65.703,71.09366666666666,4.0,140.79666666666665,32.45,346.209,0.7985,96,0,1032,FAIL_BUDGET,41,3,-1,-1,0.0,0.0,0.0,0.0,0.0
1635,I5_Moving_Delay_Support,S0_CONTINUOUS,0.29583214121339396,78.451,87.683,0.0,166.134,48.04,357.236,1.0,0,0,1016,FAIL_BUDGET,0,0,-1,-1,0.0,0.0,0.0,0.0,0.0
1635,I5_Moving_Delay_Support,S1_SHADOW_OFF,0.441676457712105,58.0,0.0,0.0,58.0,7.0,290.0,0.0,0,0,904,PASS_BUDGET,0,0,-1,-1,0.0,0.0,0.0,0.0,0.0
1635,I5_Moving_Delay_Support,S2_PERIODIC,0.33620290904997463,71.57,17.269333333333332,0.0,88.83933333333333,22.888,308.2903333333333,0.2,0,0,1020,PASS_BUDGET,0,0,-1,-1,0.0,0.0,0.0,0.0,0.0
1635,I5_Moving_Delay_Support,S3_EVENT_TRIGGERED,0.3880583384137875,61.851333333333336,39.98833333333334,4.0,105.83966666666667,23.515333333333334,319.389,0.4588333333333333,55,3,1016,FAIL_BUDGET,83,73,-1,-1,0.0,0.0,0.0,0.0,0.0
1635,I6_Continuous_Latent_State,S0_CONTINUOUS,0.14008310317314673,91.93866666666666,88.62533333333333,0.0,180.564,34.22966666666667,397.49833333333333,1.0,0,0,1016,FAIL_BUDGET,15,2,-1,-1,0.0,0.0,0.0,0.0,0.0
1635,I6_Continuous_Latent_State,S1_SHADOW_OFF,0.273674908569864,58.0,0.0,0.0,58.0,7.0,290.0,0.0,0,0,904,PASS_BUDGET,0,0,-1,-1,0.0,0.0,0.0,0.0,0.0
1635,I6_Continuous_Latent_State,S2_PERIODIC,0.1824699152222609,80.48666666666666,16.895666666666667,0.0,97.38233333333334,13.033666666666667,333.36,0.2,0,0,1004,PASS_BUDGET,25,15,-1,-1,0.0,0.0,0.0,0.0,0.0
1635,I6_Continuous_Latent_State,S3_EVENT_TRIGGERED,0.14013053320845828,91.93633333333334,7.527333333333333,4.0,103.46366666666667,11.311333333333334,342.977,0.08616666666666667,10,17,1032,FAIL_BUDGET,22,5,-1,-1,0.0,0.0,0.0,0.0,0.0
1635,I7_Quiescent_Continuous_State,S0_CONTINUOUS,0.14088009759343117,81.67966666666666,85.41766666666666,0.0,167.09733333333332,32.589,382.2273333333333,1.0,0,0,1016,FAIL_BUDGET,6,2,-1,-1,0.0,0.0,0.0,0.0,0.0
1635,I7_Quiescent_Continuous_State,S1_SHADOW_OFF,0.2653309663834318,58.0,0.0,0.0,58.0,7.0,290.0,0.0,0,0,904,PASS_BUDGET,0,0,-1,-1,0.0,0.0,0.0,1.0,1.0
1635,I7_Quiescent_Continuous_State,S2_PERIODIC,0.23545047175714756,65.51333333333334,16.708333333333332,0.0,82.22166666666666,13.875333333333334,310.90066666666667,0.2,0,0,1036,PASS_BUDGET,265,50,-1,-1,0.0,0.0,0.0,0.8,0.8
1635,I7_Quiescent_Continuous_State,S3_EVENT_TRIGGERED,0.140351845463732,91.898,5.400333333333333,4.0,101.29833333333333,10.651,341.5043333333333,0.06133333333333333,7,18,1016,FAIL_BUDGET,0,0,-1,-1,0.0,0.0,0.0,0.996,0.91
1635,I8_Quiescent_Discrete_Delay,S0_CONTINUOUS,0.2943960690646701,71.97666666666667,87.11733333333333,0.0,159.094,43.083666666666666,354.7563333333333,1.0,0,0,1016,FAIL_BUDGET,0,0,-1,-1,0.0,0.0,0.0,0.0,0.0
1635,I8_Quiescent_Discrete_Delay,S1_SHADOW_OFF,0.4268169626740669,58.0,0.0,0.0,58.0,7.0,290.0,0.0,0,0,904,PASS_BUDGET,0,0,-1,-1,0.0,0.0,0.0,1.0,1.0
1635,I8_Quiescent_Discrete_Delay,S2_PERIODIC,0.2938803360749187,70.25,16.837333333333333,0.0,87.08733333333333,22.538333333333334,306.475,0.2,0,0,1020,PASS_BUDGET,0,0,-1,-1,0.0,0.0,0.0,0.8,0.8
1635,I8_Quiescent_Discrete_Delay,S3_EVENT_TRIGGERED,0.13417881256039607,78.902,2.907,4.0,85.809,26.067333333333334,300.9803333333333,0.037,4,22,1016,PASS_BUDGET,0,0,-1,-1,0.0,0.0,0.0,0.996,0.9465
1635,I9_Hybrid_Delay_Plus_Latent_State,S0_CONTINUOUS,0.21338804376965745,114.49366666666667,87.26766666666667,0.0,201.76133333333334,50.78966666666667,403.768,1.0,0,0,1064,FAIL_BUDGET,3637,6,-1,-1,0.0,0.2391819851550037,0.14503693597863634,0.0,0.0
1635,I9_Hybrid_Delay_Plus_Latent_State,S1_SHADOW_OFF,0.36033114328693305,58.0,0.0,0.0,58.0,7.0,290.0,0.0,0,0,904,PASS_BUDGET,0,0,-1,-1,0.0,0.0,0.0,0.0,0.0
1635,I9_Hybrid_Delay_Plus_Latent_State,S2_PERIODIC,0.3594982201167959,59.858333333333334,17.38,0.0,77.23833333333333,14.702,302.55466666666666,0.2,0,0,1020,PASS_BUDGET,0,0,-1,-1,0.0,-0.046485093279733936,-0.006607336188698815,0.0,0.0
1635,I9_Hybrid_Delay_Plus_Latent_State,S3_EVENT_TRIGGERED,0.24938417868593565,97.71666666666667,29.538333333333334,4.0,131.255,26.52,355.02,0.33416666666666667,40,5,1080,FAIL_BUDGET,2208,8,-1,-1,0.0,0.08704762357114311,0.16718053504913002,0.0,0.0
1635,I10_Redundant_Temporal_Structure,S0_CONTINUOUS,0.4152230927712366,93.32066666666667,88.97533333333334,0.0,182.296,35.867,397.22333333333336,1.0,0,0,1064,FAIL_BUDGET,394,23,-1,-1,0.0,0.0,0.0,0.0,0.0
1635,I10_Redundant_Temporal_Structure,S1_SHADOW_OFF,0.6013886624733684,58.0,0.0,0.0,58.0,7.0,290.0,0.0,0,0,904,PASS_BUDGET,0,0,-1,-1,0.0,0.0,0.0,0.0,0.0
1635,I10_Redundant_Temporal_Structure,S2_PERIODIC,0.6033923308030722,59.40833333333333,17.480333333333334,0.0,76.88866666666667,14.142,302.67466666666667,0.2,0,0,1004,PASS_BUDGET,0,0,-1,-1,0.0,0.0,0.0,0.0,0.0
1635,I10_Redundant_Temporal_Structure,S3_EVENT_TRIGGERED,0.4183155129402879,92.55066666666667,57.400666666666666,4.0,153.95133333333334,27.271333333333335,376.34,0.644,78,0,1064,FAIL_BUDGET,293,20,-1,-1,0.0,0.0,0.0,0.0,0.0
1635,I11_Regime_Switch_Delay_To_Latent,S0_CONTINUOUS,0.20106948857935808,85.52333333333333,88.138,0.0,173.66133333333335,41.346333333333334,377.4046666666667,1.0,0,0,1032,FAIL_BUDGET,76,6,125,109,0.1652741037806867,0.0,0.0,0.0,0.0
1635,I11_Regime_Switch_Delay_To_Latent,S1_SHADOW_OFF,0.3160069579805147,58.0,0.0,0.0,58.0,7.0,290.0,0.0,0,0,904,PASS_BUDGET,0,0,-1,0,0.0,0.0,0.0,0.0,0.0
1635,I11_Regime_Switch_Delay_To_Latent,S2_PERIODIC,0.27512769945833887,71.74666666666667,17.459,0.0,89.20566666666667,13.437333333333333,321.08233333333334,0.2,0,0,1004,PASS_BUDGET,0,0,604,0,0.0,0.0,0.0,0.0,0.0
1635,I11_Regime_Switch_Delay_To_Latent,S3_EVENT_TRIGGERED,0.27441566929990585,73.27833333333334,22.109333333333332,4.0,99.38766666666666,16.171,325.9193333333333,0.2515,30,9,1016,PASS_BUDGET,0,0,593,0,0.0,0.0,0.0,0.0,0.0
1635,I12_Regime_Switch_Latent_To_Delay,S0_CONTINUOUS,0.213997698653543,82.604,87.823,0.0,170.427,39.183,376.167,1.0,0,0,1032,FAIL_BUDGET,57,19,149,22,0.5633510105180197,0.0,0.0,0.0,0.0
1635,I12_Regime_Switch_Latent_To_Delay,S1_SHADOW_OFF,0.31654060627407454,58.0,0.0,0.0,58.0,7.0,290.0,0.0,0,0,904,PASS_BUDGET,0,0,-1,0,0.22066769555012478,0.0,0.0,0.0,0.0
1635,I12_Regime_Switch_Latent_To_Delay,S2_PERIODIC,0.30329106544456946,70.43833333333333,16.624333333333333,0.0,87.06266666666667,14.409,316.9676666666667,0.2,0,0,1036,PASS_BUDGET,430,40,149,879,0.45713126342821664,0.0,0.0,0.0,0.0
1635,I12_Regime_Switch_Latent_To_Delay,S3_EVENT_TRIGGERED,0.22478490370794016,77.161,17.676,4.0,98.837,15.792333333333334,327.16366666666664,0.202,24,12,1016,PASS_BUDGET,0,0,217,76,0.5575546911327738,0.0,0.0,0.0,0.0
1635,I13_Regime_Switch_Hybrid_To_Memoryless,S0_CONTINUOUS,0.22193813568829907,78.49766666666666,86.63933333333334,0.0,165.137,36.598333333333336,373.01466666666664,1.0,0,0,1064,FAIL_BUDGET,682,6,-1,104,0.0,0.0,0.0,0.0,0.0
1635,I13_Regime_Switch_Hybrid_To_Memoryless,S1_SHADOW_OFF,0.27157640827046736,58.0,0.0,0.0,58.0,7.0,290.0,0.0,0,0,904,PASS_BUDGET,0,0,-1,0,0.0,0.0,0.0,0.0,0.0
1635,I13_Regime_Switch_Hybrid_To_Memoryless,S2_PERIODIC,0.27047614090700156,59.858333333333334,17.333333333333332,0.0,77.19166666666666,14.678666666666667,302.543,0.2,0,0,1020,PASS_BUDGET,0,0,-1,0,0.0,0.0,0.0,0.0,0.0
1635,I13_Regime_Switch_Hybrid_To_Memoryless,S3_EVENT_TRIGGERED,0.2466164089197802,86.97333333333333,20.803,4.0,111.77633333333333,15.384333333333334,344.90233333333333,0.23533333333333334,28,12,1032,FAIL_BUDGET,4,2,-1,-1,0.0,0.0,0.0,0.0,0.0
1635,I14_Intermittent_Hybrid,S0_CONTINUOUS,0.20655880166793547,83.90333333333334,87.70866666666667,0.0,171.612,39.470666666666666,377.42333333333335,1.0,0,0,1064,FAIL_BUDGET,412,8,0,-1,0.46921528476751856,0.0,0.0,0.0,0.0
1635,I14_Intermittent_Hybrid,S1_SHADOW_OFF,0.3035881755484121,58.0,0.0,0.0,58.0,7.0,290.0,0.0,0,0,904,PASS_BUDGET,0,0,-1,-1,0.4433560755628725,0.0,0.0,0.0,0.0
1635,I14_Intermittent_Hybrid,S2_PERIODIC,0.2441283933639591,88.85333333333334,16.862,0.0,105.71533333333333,14.084,343.685,0.2,0,0,1036,FAIL_BUDGET,770,210,0,-1,0.5026418377131265,0.0,0.0,0.0,0.0
1635,I14_Intermittent_Hybrid,S3_EVENT_TRIGGERED,0.24639808799005508,83.99866666666667,20.536,4.0,108.53466666666667,15.412666666666667,340.4123333333333,0.23516666666666666,28,11,1016,FAIL_BUDGET,0,0,0,-1,0.4529008956529164,0.0,0.0,0.0,0.0
1636,I1_Memoryless_Linear,S0_CONTINUOUS,0.12451985244257262,59.625,74.30766666666666,0.0,133.93266666666668,25.954333333333334,347.76466666666664,1.0,0,0,952,FAIL_BUDGET,0,0,-1,-1,0.0,0.0,0.0,0.0,0.0
1636,I1_Memoryless_Linear,S1_SHADOW_OFF,0.12433732562514291,58.0,0.0,0.0,58.0,7.0,290.0,0.0,0,0,904,PASS_BUDGET,0,0,-1,-1,0.0,0.0,0.0,0.0,0.0
1636,I1_Memoryless_Linear,S2_PERIODIC,0.12433732562514291,58.0,12.8,0.0,70.8,10.4,300.4,0.2,0,0,908,PASS_BUDGET,0,0,-1,-1,0.0,0.0,0.0,0.0,0.0
1636,I1_Memoryless_Linear,S3_EVENT_TRIGGERED,0.1245749904662364,59.89266666666666,1.312,4.0,65.20466666666667,9.246,293.738,0.0205,2,23,968,PASS_BUDGET,0,0,-1,-1,0.0,0.0,0.0,0.0,0.0
1636,I2_Static_Nonlinear_Negative_Control,S0_CONTINUOUS,1.077634002875481,59.906,88.71933333333334,0.0,148.62533333333334,34.579,351.6413333333333,1.0,0,0,1000,FAIL_BUDGET,2,0,-1,-1,0.0,0.0,0.0,0.0,0.0
1636,I2_Static_Nonlinear_Negative_Control,S1_SHADOW_OFF,1.070531826118318,58.0,0.0,0.0,58.0,7.0,290.0,0.0,0,0,904,PASS_BUDGET,0,0,-1,-1,0.0,0.0,0.0,0.0,0.0
1636,I2_Static_Nonlinear_Negative_Control,S2_PERIODIC,1.0711985218653626,58.13333333333333,17.241,0.0,75.37433333333334,13.293333333333333,301.85,0.2,0,0,956,PASS_BUDGET,0,0,-1,-1,0.0,0.0,0.0,0.0,0.0
1636,I2_Static_Nonlinear_Negative_Control,S3_EVENT_TRIGGERED,1.0744236635061408,59.688,60.14366666666667,4.0,123.83166666666666,27.673333333333332,332.48633333333333,0.6756666666666666,82,0,1016,FAIL_BUDGET,0,0,-1,-1,0.0,0.0,0.0,0.0,0.0
1636,I3_Single_Exact_Delay,S0_CONTINUOUS,0.1559404184705172,96.83066666666667,86.988,0.0,183.81866666666667,60.21066666666667,364.879,1.0,0,0,1016,FAIL_BUDGET,0,0,-1,-1,0.0,0.0,0.0,0.0,0.0
1636,I3_Single_Exact_Delay,S1_SHADOW_OFF,0.45470762435600914,58.0,0.0,0.0,58.0,7.0,290.0,0.0,0,0,904,PASS_BUDGET,0,0,-1,-1,0.0,0.0,0.0,0.0,0.0
1636,I3_Single_Exact_Delay,S2_PERIODIC,0.4212766741667796,62.888333333333335,16.910333333333334,0.0,79.79866666666666,15.813333333333333,304.83,0.2,0,0,1020,PASS_BUDGET,0,0,-1,-1,0.0,0.0,0.0,0.0,0.0
1636,I3_Single_Exact_Delay,S3_EVENT_TRIGGERED,0.425736519014933,59.972,38.106,4.0,102.078,21.826,316.834,0.43366666666666664,52,2,1000,FAIL_BUDGET,17,0,-1,-1,0.0,0.0,0.0,0.0,0.0
1636,I4_Multi_Sparse_Delay,S0_CONTINUOUS,0.589515521388277,80.16066666666667,88.49266666666666,0.0,168.65333333333334,42.56666666666667,368.38433333333336,1.0,0,0,1064,FAIL_BUDGET,519,21,-1,-1,0.0,0.0,0.0,0.0,0.0
1636,I4_Multi_Sparse_Delay,S1_SHADOW_OFF,0.6331191637408538,58.0,0.0,0.0,58.0,7.0,290.0,0.0,0,0,904,PASS_BUDGET,0,0,-1,-1,0.0,0.0,0.0,0.0,0.0
1636,I4_Multi_Sparse_Delay,S2_PERIODIC,0.6223781780401386,68.76833333333333,17.587,0.0,86.35533333333333,21.733666666666668,306.1933333333333,0.2,0,0,1020,PASS_BUDGET,5,5,-1,-1,0.0,0.0,0.0,0.0,0.0
1636,I4_Multi_Sparse_Delay,S3_EVENT_TRIGGERED,0.4931479364261883,83.852,54.68833333333333,4.0,142.54033333333334,41.766666666666666,341.487,0.6195,75,1,1080,FAIL_BUDGET,151,6,-1,-1,0.0,0.0,0.0,0.0,0.0
1636,I5_Moving_Delay_Support,S0_CONTINUOUS,0.2882634940370479,80.37,87.384,0.0,167.754,48.93933333333333,358.175,1.0,0,0,1016,FAIL_BUDGET,0,0,-1,-1,0.0,0.0,0.0,0.0,0.0
1636,I5_Moving_Delay_Support,S1_SHADOW_OFF,0.4559050561706034,58.0,0.0,0.0,58.0,7.0,290.0,0.0,0,0,904,PASS_BUDGET,0,0,-1,-1,0.0,0.0,0.0,0.0,0.0
1636,I5_Moving_Delay_Support,S2_PERIODIC,0.3522905777973322,76.605,16.752666666666666,0.0,93.35766666666666,24.57133333333333,312.7323333333333,0.2,0,0,1020,PASS_BUDGET,0,0,-1,-1,0.0,0.0,0.0,0.0,0.0
1636,I5_Moving_Delay_Support,S3_EVENT_TRIGGERED,0.4594527559789352,59.892,42.312666666666665,4.0,106.20466666666667,22.804,319.92766666666665,0.47983333333333333,58,2,1016,FAIL_BUDGET,0,0,-1,-1,0.0,0.0,0.0,0.0,0.0
1636,I6_Continuous_Latent_State,S0_CONTINUOUS,0.14367260171991483,91.93733333333333,88.72266666666667,0.0,180.66,34.295,397.51433333333335,1.0,0,0,1016,FAIL_BUDGET,25,12,-1,-1,0.0,0.0,0.0,0.0,0.0
1636,I6_Continuous_Latent_State,S1_SHADOW_OFF,0.28330757856374905,58.0,0.0,0.0,58.0,7.0,290.0,0.0,0,0,904,PASS_BUDGET,0,0,-1,-1,0.0,0.0,0.0,0.0,0.0
1636,I6_Continuous_Latent_State,S2_PERIODIC,0.14419438575620352,91.54666666666667,17.605333333333334,0.0,109.152,13.385,349.25666666666666,0.2,0,0,1004,FAIL_BUDGET,0,0,-1,-1,0.0,0.0,0.0,0.0,0.0
1636,I6_Continuous_Latent_State,S3_EVENT_TRIGGERED,0.14583331876398054,91.60333333333334,9.708333333333334,4.0,105.31166666666667,11.946666666666667,344.02133333333336,0.111,13,16,1016,FAIL_BUDGET,0,0,-1,-1,0.0,0.0,0.0,0.0,0.0
1636,I7_Quiescent_Continuous_State,S0_CONTINUOUS,0.1504910609596578,81.59,85.288,0.0,166.878,32.32233333333333,381.9173333333333,1.0,0,0,1016,FAIL_BUDGET,25,12,-1,-1,0.0,0.0,0.0,0.0,0.0
1636,I7_Quiescent_Continuous_State,S1_SHADOW_OFF,0.2812787201260413,58.0,0.0,0.0,58.0,7.0,290.0,0.0,0,0,904,PASS_BUDGET,0,0,-1,-1,0.0,0.0,0.0,1.0,1.0
1636,I7_Quiescent_Continuous_State,S2_PERIODIC,0.17520525680982593,82.11166666666666,17.562,0.0,99.67366666666666,13.364,335.926,0.2,0,0,1004,PASS_BUDGET,0,0,-1,-1,0.0,0.0,0.0,0.8,0.8
1636,I7_Quiescent_Continuous_State,S3_EVENT_TRIGGERED,0.15350259887208398,91.60333333333334,9.717666666666666,4.0,105.321,11.951333333333332,344.02366666666666,0.111,13,16,1016,FAIL_BUDGET,0,0,-1,-1,0.0,0.0,0.0,0.9875,0.83975
1636,I8_Quiescent_Discrete_Delay,S0_CONTINUOUS,0.17835171758900864,84.544,85.77666666666667,0.0,170.32066666666665,50.718,360.11533333333335,1.0,0,0,1016,FAIL_BUDGET,0,0,-1,-1,0.0,0.0,0.0,0.0,0.0
1636,I8_Quiescent_Discrete_Delay,S1_SHADOW_OFF,0.4575135107588239,58.0,0.0,0.0,58.0,7.0,290.0,0.0,0,0,904,PASS_BUDGET,0,0,-1,-1,0.0,0.0,0.0,1.0,1.0
1636,I8_Quiescent_Discrete_Delay,S2_PERIODIC,0.45937372632058177,59.86,16.913,0.0,76.773,13.467666666666666,303.657,0.2,0,0,956,PASS_BUDGET,0,0,-1,-1,0.0,0.0,0.0,0.8,0.8
1636,I8_Quiescent_Discrete_Delay,S3_EVENT_TRIGGERED,0.4609690620560875,58.788666666666664,29.897333333333332,4.0,92.686,18.393333333333334,310.8686666666667,0.3413333333333333,41,8,1000,PASS_BUDGET,17,0,-1,-1,0.0,0.0,0.0,0.996,0.49
1636,I9_Hybrid_Delay_Plus_Latent_State,S0_CONTINUOUS,0.16373258405190452,127.526,87.07,0.0,214.596,59.06666666666667,409.969,1.0,0,0,1064,FAIL_BUDGET,5386,4,-1,-1,0.0,0.3676353273815469,0.15123967320355056,0.0,0.0
1636,I9_Hybrid_Delay_Plus_Latent_State,S1_SHADOW_OFF,0.35780538890411195,58.0,0.0,0.0,58.0,7.0,290.0,0.0,0,0,904,PASS_BUDGET,0,0,-1,-1,0.0,0.0,0.0,0.0,0.0
1636,I9_Hybrid_Delay_Plus_Latent_State,S2_PERIODIC,0.32707267501588044,75.935,17.641333333333332,0.0,93.57633333333334,13.404333333333334,327.226,0.2,0,0,1004,PASS_BUDGET,0,0,-1,-1,0.0,-0.05700460275738311,0.07716794348859016,0.0,0.0
1636,I9_Hybrid_Delay_Plus_Latent_State,S3_EVENT_TRIGGERED,0.2700486630603562,100.113,30.301,4.0,134.414,25.568,360.463,0.3425,41,5,1080,FAIL_BUDGET,1488,9,-1,-1,0.0,0.023864546413249182,0.12753666597204277,0.0,0.0
1636,I10_Redundant_Temporal_Structure,S0_CONTINUOUS,0.423702642876705,92.33266666666667,89.14433333333334,0.0,181.477,34.784666666666666,397.664,1.0,0,0,1032,FAIL_BUDGET,184,15,-1,-1,0.0,0.0,0.0,0.0,0.0
1636,I10_Redundant_Temporal_Structure,S1_SHADOW_OFF,0.6031959880343354,58.0,0.0,0.0,58.0,7.0,290.0,0.0,0,0,904,PASS_BUDGET,0,0,-1,-1,0.0,0.0,0.0,0.0,0.0
1636,I10_Redundant_Temporal_Structure,S2_PERIODIC,0.4246153855107079,91.66,17.772,0.0,109.432,13.573333333333334,349.3106666666667,0.2,0,0,1020,FAIL_BUDGET,85,10,-1,-1,0.0,0.0,0.0,0.0,0.0
1636,I10_Redundant_Temporal_Structure,S3_EVENT_TRIGGERED,0.4139806024669489,95.62466666666667,53.333,4.0,152.95766666666665,28.24266666666667,374.971,0.6,72,0,1080,FAIL_BUDGET,759,18,-1,-1,0.0,0.0,0.0,0.0,0.0
1636,I11_Regime_Switch_Delay_To_Latent,S0_CONTINUOUS,0.1955205825708505,84.723,87.98466666666667,0.0,172.70766666666665,41.933,375.11566666666664,1.0,0,0,1016,FAIL_BUDGET,10,2,294,64,0.23736888711167337,0.0,0.0,0.0,0.0
1636,I11_Regime_Switch_Delay_To_Latent,S1_SHADOW_OFF,0.32255299698785295,58.0,0.0,0.0,58.0,7.0,290.0,0.0,0,0,904,PASS_BUDGET,0,0,-1,0,0.0,0.0,0.0,0.0,0.0
1636,I11_Regime_Switch_Delay_To_Latent,S2_PERIODIC,0.28667802787637203,67.08666666666667,16.679666666666666,0.0,83.76633333333334,19.936666666666667,305.17333333333335,0.2,0,0,1020,PASS_BUDGET,0,0,-1,619,0.20379252132322373,0.0,0.0,0.0,0.0
1636,I11_Regime_Switch_Delay_To_Latent,S3_EVENT_TRIGGERED,0.21840852283692516,75.03,15.266,4.0,94.296,17.527,319.384,0.17733333333333334,21,14,1016,PASS_BUDGET,0,0,731,83,0.34961979667714893,0.0,0.0,0.0,0.0
1636,I12_Regime_Switch_Latent_To_Delay,S0_CONTINUOUS,0.259023490444957,76.976,88.33833333333334,0.0,165.31433333333334,35.401,374.25333333333333,1.0,0,0,1016,FAIL_BUDGET,6,1,25,19,0.5864924307076667,0.0,0.0,0.0,0.0
1636,I12_Regime_Switch_Latent_To_Delay,S1_SHADOW_OFF,0.32620588681491064,58.0,0.0,0.0,58.0,7.0,290.0,0.0,0,0,904,PASS_BUDGET,0,0,-1,0,0.25089680772866174,0.0,0.0,0.0,0.0
1636,I12_Regime_Switch_Latent_To_Delay,S2_PERIODIC,0.26905833727668244,80.29666666666667,17.339333333333332,0.0,97.636,13.315,333.22133333333335,0.2,0,0,1004,PASS_BUDGET,0,0,2064,1004,0.5704424474457883,0.0,0.0,0.0,0.0
1636,I12_Regime_Switch_Latent_To_Delay,S3_EVENT_TRIGGERED,0.24220242929404726,76.88866666666667,19.922333333333334,4.0,100.811,16.581333333333333,328.20533333333333,0.22666666666666666,27,10,1016,FAIL_BUDGET,0,0,201,18,0.5608981900968382,0.0,0.0,0.0,0.0
1636,I13_Regime_Switch_Hybrid_To_Memoryless,S0_CONTINUOUS,0.16284201587379332,91.28066666666666,85.26366666666667,0.0,176.54433333333333,43.946,378.838,1.0,0,0,1064,FAIL_BUDGET,2442,4,-1,61,0.0,0.0,0.0,0.0,0.0
1636,I13_Regime_Switch_Hybrid_To_Memoryless,S1_SHADOW_OFF,0.27882646361646285,58.0,0.0,0.0,58.0,7.0,290.0,0.0,0,0,904,PASS_BUDGET,0,0,-1,0,0.0,0.0,0.0,0.0,0.0
1636,I13_Regime_Switch_Hybrid_To_Memoryless,S2_PERIODIC,0.2416339471279715,80.15666666666667,17.564666666666668,0.0,97.72133333333333,13.366666666666667,333.167,0.2,0,0,1004,PASS_BUDGET,0,0,-1,994,0.0,0.0,0.0,0.0,0.0
1636,I13_Regime_Switch_Hybrid_To_Memoryless,S3_EVENT_TRIGGERED,0.2428722655254062,91.39766666666667,18.603666666666665,4.0,114.00133333333333,14.777666666666667,349.528,0.2105,25,13,1048,FAIL_BUDGET,50,6,-1,-1,0.0,0.0,0.0,0.0,0.0
1636,I14_Intermittent_Hybrid,S0_CONTINUOUS,0.18655743202979905,85.85533333333333,87.742,0.0,173.59733333333332,40.830666666666666,378.2903333333333,1.0,0,0,1064,FAIL_BUDGET,227,25,0,-1,0.4441038178009931,0.0,0.0,0.0,0.0
1636,I14_Intermittent_Hybrid,S1_SHADOW_OFF,0.30855503976027476,58.0,0.0,0.0,58.0,7.0,290.0,0.0,0,0,904,PASS_BUDGET,0,0,-1,-1,0.46336270643805655,0.0,0.0,0.0,0.0
1636,I14_Intermittent_Hybrid,S2_PERIODIC,0.2451088913559392,85.76666666666667,16.730666666666668,0.0,102.49733333333333,13.942666666666666,339.3743333333333,0.2,0,0,1036,FAIL_BUDGET,685,175,0,-1,0.47995119759480875,0.0,0.0,0.0,0.0
1636,I14_Intermittent_Hybrid,S3_EVENT_TRIGGERED,0.24592484595619185,87.40333333333334,17.751666666666665,4.0,109.155,14.439,343.45533333333333,0.202,24,12,1032,FAIL_BUDGET,29,8,0,-1,0.45815055643074615,0.0,0.0,0.0,0.0
1637,I1_Memoryless_Linear,S0_CONTINUOUS,0.12513824617550587,59.592333333333336,69.67166666666667,0.0,129.264,23.111333333333334,346.30766666666665,1.0,0,0,952,FAIL_BUDGET,0,0,-1,-1,0.0,0.0,0.0,0.0,0.0
1637,I1_Memoryless_Linear,S1_SHADOW_OFF,0.12554336864899568,58.0,0.0,0.0,58.0,7.0,290.0,0.0,0,0,904,PASS_BUDGET,0,0,-1,-1,0.0,0.0,0.0,0.0,0.0
1637,I1_Memoryless_Linear,S2_PERIODIC,0.12554336864899568,58.0,13.373666666666667,0.0,71.37366666666667,10.858,300.6293333333333,0.2,0,0,924,PASS_BUDGET,0,0,-1,-1,0.0,0.0,0.0,0.0,0.0
1637,I1_Memoryless_Linear,S3_EVENT_TRIGGERED,0.12534297521210283,91.83566666666667,0.7786666666666666,4.0,96.61433333333333,9.146,338.40066666666667,0.012166666666666666,1,23,968,PASS_BUDGET,0,0,-1,-1,0.0,0.0,0.0,0.0,0.0
1637,I2_Static_Nonlinear_Negative_Control,S0_CONTINUOUS,1.062612141358184,59.12866666666667,88.80533333333334,0.0,147.934,34.39566666666666,351.0606666666667,1.0,0,0,1000,FAIL_BUDGET,0,0,-1,-1,0.0,0.0,0.0,0.0,0.0
1637,I2_Static_Nonlinear_Negative_Control,S1_SHADOW_OFF,1.05614043676774,58.0,0.0,0.0,58.0,7.0,290.0,0.0,0,0,904,PASS_BUDGET,0,0,-1,-1,0.0,0.0,0.0,0.0,0.0
1637,I2_Static_Nonlinear_Negative_Control,S2_PERIODIC,1.059699114026152,58.708333333333336,17.420333333333332,0.0,76.12866666666666,13.818333333333333,302.11266666666666,0.2,0,0,972,PASS_BUDGET,0,0,-1,-1,0.0,0.0,0.0,0.0,0.0
1637,I2_Static_Nonlinear_Negative_Control,S3_EVENT_TRIGGERED,1.06404707963686,60.693333333333335,55.56333333333333,4.0,120.25666666666666,26.113333333333333,331.14866666666666,0.63,76,0,1016,FAIL_BUDGET,0,0,-1,-1,0.0,0.0,0.0,0.0,0.0
1637,I3_Single_Exact_Delay,S0_CONTINUOUS,0.14910203527672822,97.43566666666666,85.85266666666666,0.0,183.28833333333333,60.12433333333333,364.596,1.0,0,0,1016,FAIL_BUDGET,0,0,-1,-1,0.0,0.0,0.0,0.0,0.0
1637,I3_Single_Exact_Delay,S1_SHADOW_OFF,0.4478013683482475,58.0,0.0,0.0,58.0,7.0,290.0,0.0,0,0,904,PASS_BUDGET,0,0,-1,-1,0.0,0.0,0.0,0.0,0.0
1637,I3_Single_Exact_Delay,S2_PERIODIC,0.1655046394714911,92.995,16.698333333333334,0.0,109.69333333333333,40.01733333333333,315.74033333333335,0.2,0,0,1020,FAIL_BUDGET,0,0,-1,-1,0.0,0.0,0.0,0.0,0.0
1637,I3_Single_Exact_Delay,S3_EVENT_TRIGGERED,0.15990844665904955,89.21966666666667,6.105,4.0,99.32466666666667,34.44866666666667,308.32933333333335,0.07016666666666667,8,21,1032,PASS_BUDGET,0,0,-1,-1,0.0,0.0,0.0,0.0,0.0
1637,I4_Multi_Sparse_Delay,S0_CONTINUOUS,0.31563215971163355,94.74633333333334,87.414,0.0,182.16033333333334,58.663333333333334,364.55133333333333,1.0,0,0,1064,FAIL_BUDGET,89,15,-1,-1,0.0,0.0,0.0,0.0,0.0
1637,I4_Multi_Sparse_Delay,S1_SHADOW_OFF,0.6273742919209072,58.0,0.0,0.0,58.0,7.0,290.0,0.0,0,0,904,PASS_BUDGET,0,0,-1,-1,0.0,0.0,0.0,0.0,0.0
1637,I4_Multi_Sparse_Delay,S2_PERIODIC,0.6092871926450129,64.30833333333334,17.415666666666667,0.0,81.724,18.192666666666668,304.30066666666664,0.2,0,0,1020,PASS_BUDGET,0,0,-1,-1,0.0,0.0,0.0,0.0,0.0
1637,I4_Multi_Sparse_Delay,S3_EVENT_TRIGGERED,0.6087576455462471,67.87433333333334,71.28,4.0,143.15433333333334,35.349666666666664,345.441,0.8011666666666667,97,0,1080,FAIL_BUDGET,59,3,-1,-1,0.0,0.0,0.0,0.0,0.0
1637,I5_Moving_Delay_Support,S0_CONTINUOUS,0.3644495303500891,69.58466666666666,87.627,0.0,157.21166666666667,40.77733333333333,355.13533333333334,1.0,0,0,1016,FAIL_BUDGET,0,0,-1,-1,0.0,0.0,0.0,0.0,0.0
1637,I5_Moving_Delay_Support,S1_SHADOW_OFF,0.43837208235272107,58.0,0.0,0.0,58.0,7.0,290.0,0.0,0,0,904,PASS_BUDGET,0,0,-1,-1,0.0,0.0,0.0,0.0,0.0
1637,I5_Moving_Delay_Support,S2_PERIODIC,0.4262200776383156,65.57333333333334,17.049666666666667,0.0,82.623,18.238,305.60366666666664,0.2,0,0,1020,PASS_BUDGET,0,0,-1,-1,0.0,0.0,0.0,0.0,0.0
1637,I5_Moving_Delay_Support,S3_EVENT_TRIGGERED,0.3684208528916583,64.53333333333333,35.446,4.0,103.97933333333333,23.875,317.87333333333333,0.4023333333333333,49,7,1016,FAIL_BUDGET,6,4,-1,-1,0.0,0.0,0.0,0.0,0.0
1637,I6_Continuous_Latent_State,S0_CONTINUOUS,0.1396056769159932,91.98533333333333,88.55866666666667,0.0,180.544,34.234,397.5006666666667,1.0,0,0,1016,FAIL_BUDGET,32,15,-1,-1,0.0,0.0,0.0,0.0,0.0
1637,I6_Continuous_Latent_State,S1_SHADOW_OFF,0.2706879059083218,58.0,0.0,0.0,58.0,7.0,290.0,0.0,0,0,904,PASS_BUDGET,0,0,-1,-1,0.0,0.0,0.0,0.0,0.0
1637,I6_Continuous_Latent_State,S2_PERIODIC,0.14271171755707687,92.08,16.298333333333332,0.0,108.37833333333333,13.148,348.93666666666667,0.2,0,0,1020,FAIL_BUDGET,235,0,-1,-1,0.0,0.0,0.0,0.0,0.0
1637,I6_Continuous_Latent_State,S3_EVENT_TRIGGERED,0.13957787277099024,91.88666666666667,4.806333333333333,4.0,100.693,10.294,341.31666666666666,0.0615,7,19,1016,FAIL_BUDGET,0,0,-1,-1,0.0,0.0,0.0,0.0,0.0
1637,I7_Quiescent_Continuous_State,S0_CONTINUOUS,0.14857575484645505,81.697,84.779,0.0,166.476,32.0,381.86066666666665,1.0,0,0,1032,FAIL_BUDGET,34,12,-1,-1,0.0,0.0,0.0,0.0,0.0
1637,I7_Quiescent_Continuous_State,S1_SHADOW_OFF,0.2727611217244935,58.0,0.0,0.0,58.0,7.0,290.0,0.0,0,0,904,PASS_BUDGET,0,0,-1,-1,0.0,0.0,0.0,1.0,1.0
1637,I7_Quiescent_Continuous_State,S2_PERIODIC,0.2157384484165692,76.545,16.261,0.0,92.806,14.214666666666666,325.55033333333336,0.2,0,0,1004,PASS_BUDGET,0,0,-1,-1,0.0,0.0,0.0,0.8,0.8
1637,I7_Quiescent_Continuous_State,S3_EVENT_TRIGGERED,0.14836786151878453,91.88666666666667,5.618666666666667,4.0,101.50533333333334,10.553666666666667,341.838,0.07,8,20,1016,FAIL_BUDGET,0,0,-1,-1,0.0,0.0,0.0,0.996,0.897
1637,I8_Quiescent_Discrete_Delay,S0_CONTINUOUS,0.2873070848757409,74.10233333333333,83.76433333333334,0.0,157.86666666666667,41.940333333333335,355.4716666666667,1.0,0,0,1016,FAIL_BUDGET,0,0,-1,-1,0.0,0.0,0.0,0.0,0.0
1637,I8_Quiescent_Discrete_Delay,S1_SHADOW_OFF,0.44965956533858964,58.0,0.0,0.0,58.0,7.0,290.0,0.0,0,0,904,PASS_BUDGET,0,0,-1,-1,0.0,0.0,0.0,1.0,1.0
1637,I8_Quiescent_Discrete_Delay,S2_PERIODIC,0.20122486417942137,85.97833333333334,16.682,0.0,102.66033333333333,34.495333333333335,312.9773333333333,0.2,0,0,1020,FAIL_BUDGET,0,0,-1,-1,0.0,0.0,0.0,0.8,0.8
1637,I8_Quiescent_Discrete_Delay,S3_EVENT_TRIGGERED,0.1931893413525521,89.70633333333333,7.554333333333333,4.0,101.26066666666667,35.22866666666667,309.47933333333333,0.08666666666666667,10,20,1032,FAIL_BUDGET,0,0,-1,-1,0.0,0.0,0.0,0.996,0.872
1637,I9_Hybrid_Delay_Plus_Latent_State,S0_CONTINUOUS,0.1571050545691929,129.21333333333334,86.75333333333333,0.0,215.96666666666667,60.141666666666666,410.4766666666667,1.0,0,0,1064,FAIL_BUDGET,5615,15,-1,-1,0.0,0.412573499341825,0.14158890638690919,0.0,0.0
1637,I9_Hybrid_Delay_Plus_Latent_State,S1_SHADOW_OFF,0.36830196416973704,58.0,0.0,0.0,58.0,7.0,290.0,0.0,0,0,904,PASS_BUDGET,0,0,-1,-1,0.0,0.0,0.0,0.0,0.0
1637,I9_Hybrid_Delay_Plus_Latent_State,S2_PERIODIC,0.3079267733273588,92.5,17.052666666666667,0.0,109.55266666666667,15.821,346.91433333333333,0.2,0,0,1068,FAIL_BUDGET,666,20,-1,-1,0.0,-0.023944658362649203,0.12018728651327812,0.0,0.0
1637,I9_Hybrid_Delay_Plus_Latent_State,S3_EVENT_TRIGGERED,0.20907919786809892,112.85866666666666,18.404333333333334,4.0,135.263,36.15566666666667,352.363,0.21033333333333334,25,12,1080,FAIL_BUDGET,3863,1,-1,-1,0.0,0.30498455378378064,0.13056774170954036,0.0,0.0
1637,I10_Redundant_Temporal_Structure,S0_CONTINUOUS,0.42518058642953427,92.63133333333333,89.10866666666666,0.0,181.74,36.151,396.01366666666667,1.0,0,0,1064,FAIL_BUDGET,233,24,-1,-1,0.0,0.0,0.0,0.0,0.0
1637,I10_Redundant_Temporal_Structure,S1_SHADOW_OFF,0.6047512852725179,58.0,0.0,0.0,58.0,7.0,290.0,0.0,0,0,904,PASS_BUDGET,0,0,-1,-1,0.0,0.0,0.0,0.0,0.0
1637,I10_Redundant_Temporal_Structure,S2_PERIODIC,0.4252924140889939,93.745,17.761666666666667,0.0,111.50666666666666,15.241333333333333,350.06533333333334,0.2,0,0,1068,FAIL_BUDGET,455,15,-1,-1,0.0,0.0,0.0,0.0,0.0
1637,I10_Redundant_Temporal_Structure,S3_EVENT_TRIGGERED,0.425622938990598,93.04933333333334,55.767,4.0,152.81633333333335,26.88533333333333,375.75966666666665,0.6298333333333334,76,0,1080,FAIL_BUDGET,349,27,-1,-1,0.0,0.0,0.0,0.0,0.0
1637,I11_Regime_Switch_Delay_To_Latent,S0_CONTINUOUS,0.17156704157380823,91.17366666666666,87.67133333333334,0.0,178.845,45.28933333333333,379.32733333333334,1.0,0,0,1016,FAIL_BUDGET,9,1,252,97,0.24489517988651832,0.0,0.0,0.0,0.0
1637,I11_Regime_Switch_Delay_To_Latent,S1_SHADOW_OFF,0.318638409970901,58.0,0.0,0.0,58.0,7.0,290.0,0.0,0,0,904,PASS_BUDGET,0,0,-1,0,0.0,0.0,0.0,0.0,0.0
1637,I11_Regime_Switch_Delay_To_Latent,S2_PERIODIC,0.23386215739699023,71.75833333333334,16.378666666666668,0.0,88.137,23.420666666666666,306.9166666666667,0.2,0,0,1020,PASS_BUDGET,0,0,-1,414,0.4163513715100043,0.0,0.0,0.0,0.0
1637,I11_Regime_Switch_Delay_To_Latent,S3_EVENT_TRIGGERED,0.2983441969678828,67.67766666666667,29.344666666666665,4.0,101.02233333333334,18.407,322.841,0.3343333333333333,40,6,1016,FAIL_BUDGET,3,3,1467,0,0.0,0.0,0.0,0.0,0.0
1637,I12_Regime_Switch_Latent_To_Delay,S0_CONTINUOUS,0.14128500113342193,94.57733333333333,87.51933333333334,0.0,182.09666666666666,47.447,380.8346666666667,1.0,0,0,1016,FAIL_BUDGET,5,1,73,89,0.09242416255114733,0.0,0.0,0.0,0.0
1637,I12_Regime_Switch_Latent_To_Delay,S1_SHADOW_OFF,0.3174574416220835,58.0,0.0,0.0,58.0,7.0,290.0,0.0,0,0,904,PASS_BUDGET,0,0,-1,0,0.31903050555831347,0.0,0.0,0.0,0.0
1637,I12_Regime_Switch_Latent_To_Delay,S2_PERIODIC,0.2594353541512951,81.03833333333333,15.792,0.0,96.83033333333333,13.177,332.7506666666667,0.2,0,0,1004,PASS_BUDGET,0,0,1749,974,0.539629671361737,0.0,0.0,0.0,0.0
1637,I12_Regime_Switch_Latent_To_Delay,S3_EVENT_TRIGGERED,0.14640199383254607,84.462,5.8726666666666665,4.0,94.33466666666666,17.644333333333332,322.63,0.07833333333333334,9,20,1016,PASS_BUDGET,0,0,262,107,0.36578864334587663,0.0,0.0,0.0,0.0
1637,I13_Regime_Switch_Hybrid_To_Memoryless,S0_CONTINUOUS,0.15749126043783923,93.244,85.644,0.0,178.888,45.65,379.653,1.0,0,0,1064,FAIL_BUDGET,2670,6,-1,106,0.0,0.0,0.0,0.0,0.0
1637,I13_Regime_Switch_Hybrid_To_Memoryless,S1_SHADOW_OFF,0.2837167791823105,58.0,0.0,0.0,58.0,7.0,290.0,0.0,0,0,904,PASS_BUDGET,0,0,-1,0,0.0,0.0,0.0,0.0,0.0
1637,I13_Regime_Switch_Hybrid_To_Memoryless,S2_PERIODIC,0.2616170068456935,76.52666666666667,17.067666666666668,0.0,93.59433333333334,13.79,327.0183333333333,0.2,0,0,1036,PASS_BUDGET,270,10,-1,639,0.0,0.0,0.0,0.0,0.0
1637,I13_Regime_Switch_Hybrid_To_Memoryless,S3_EVENT_TRIGGERED,0.23365257556455338,112.85866666666666,17.687,4.0,134.54566666666668,35.961666666666666,351.89,0.20216666666666666,24,13,1080,FAIL_BUDGET,3863,1,-1,-1,0.0,0.0,0.0,0.0,0.0
1637,I14_Intermittent_Hybrid,S0_CONTINUOUS,0.2349655712499047,79.19333333333333,87.76333333333334,0.0,166.95666666666668,35.17633333333333,377.029,1.0,0,0,1064,FAIL_BUDGET,256,7,0,-1,0.6393790746134533,0.0,0.0,0.0,0.0
1637,I14_Intermittent_Hybrid,S1_SHADOW_OFF,0.3022455670586823,58.0,0.0,0.0,58.0,7.0,290.0,0.0,0,0,904,PASS_BUDGET,0,0,-1,-1,0.7416893235174653,0.0,0.0,0.0,0.0
1637,I14_Intermittent_Hybrid,S2_PERIODIC,0.24112611370839876,84.79,16.853666666666665,0.0,101.64366666666666,13.02,339.3933333333333,0.2,0,0,1020,FAIL_BUDGET,55,40,0,-1,0.6398477244726375,0.0,0.0,0.0,0.0
1637,I14_Intermittent_Hybrid,S3_EVENT_TRIGGERED,0.24246996969340354,77.48,20.689666666666668,4.0,102.16966666666667,15.323,331.46366666666665,0.23516666666666666,28,11,1032,FAIL_BUDGET,9,2,0,-1,0.6359255798513037,0.0,0.0,0.0,0.0
1638,I1_Memoryless_Linear,S0_CONTINUOUS,0.1258991185268264,59.60366666666667,74.40166666666667,0.0,134.00533333333334,26.218333333333334,347.8806666666667,1.0,0,0,952,FAIL_BUDGET,0,0,-1,-1,0.0,0.0,0.0,0.0,0.0
1638,I1_Memoryless_Linear,S1_SHADOW_OFF,0.1261435611484521,58.0,0.0,0.0,58.0,7.0,290.0,0.0,0,0,904,PASS_BUDGET,0,0,-1,-1,0.0,0.0,0.0,0.0,0.0
1638,I1_Memoryless_Linear,S2_PERIODIC,0.1261435611484521,58.0,12.8,0.0,70.8,10.4,300.4,0.2,0,0,908,PASS_BUDGET,0,0,-1,-1,0.0,0.0,0.0,0.0,0.0
1638,I1_Memoryless_Linear,S3_EVENT_TRIGGERED,0.12597792893914078,91.898,0.7786666666666666,4.0,96.67666666666666,9.146,338.4886666666667,0.012166666666666666,1,23,968,PASS_BUDGET,0,0,-1,-1,0.0,0.0,0.0,0.0,0.0
1638,I2_Static_Nonlinear_Negative_Control,S0_CONTINUOUS,0.9793272321960714,60.30566666666667,88.31866666666667,0.0,148.62433333333334,34.12133333333333,352.627,1.0,0,0,1000,FAIL_BUDGET,0,0,-1,-1,0.0,0.0,0.0,0.0,0.0
1638,I2_Static_Nonlinear_Negative_Control,S1_SHADOW_OFF,0.9722819979967728,58.0,0.0,0.0,58.0,7.0,290.0,0.0,0,0,904,PASS_BUDGET,0,0,-1,-1,0.0,0.0,0.0,0.0,0.0
1638,I2_Static_Nonlinear_Negative_Control,S2_PERIODIC,0.9745325229918214,58.995,16.983666666666668,0.0,75.97866666666667,13.081666666666667,302.9843333333333,0.2,0,0,972,PASS_BUDGET,0,0,-1,-1,0.0,0.0,0.0,0.0,0.0
1638,I2_Static_Nonlinear_Negative_Control,S3_EVENT_TRIGGERED,0.9804194107970823,59.84766666666667,52.82033333333333,4.0,116.668,25.757666666666665,327.358,0.6003333333333334,73,0,1016,FAIL_BUDGET,0,0,-1,-1,0.0,0.0,0.0,0.0,0.0
1638,I3_Single_Exact_Delay,S0_CONTINUOUS,0.2571255225731065,85.096,87.45066666666666,0.0,172.54666666666665,52.89,359.3093333333333,1.0,0,0,1016,FAIL_BUDGET,0,0,-1,-1,0.0,0.0,0.0,0.0,0.0
1638,I3_Single_Exact_Delay,S1_SHADOW_OFF,0.4472972862629603,58.0,0.0,0.0,58.0,7.0,290.0,0.0,0,0,904,PASS_BUDGET,0,0,-1,-1,0.0,0.0,0.0,0.0,0.0
1638,I3_Single_Exact_Delay,S2_PERIODIC,0.3965440601992811,64.865,17.276,0.0,82.141,17.55666666666667,305.78266666666667,0.2,0,0,1020,PASS_BUDGET,0,0,-1,-1,0.0,0.0,0.0,0.0,0.0
1638,I3_Single_Exact_Delay,S3_EVENT_TRIGGERED,0.18505585540898248,73.02766666666666,8.858333333333333,4.0,85.886,23.409333333333333,302.26466666666664,0.10316666666666667,12,19,1000,PASS_BUDGET,0,0,-1,-1,0.0,0.0,0.0,0.0,0.0
1638,I4_Multi_Sparse_Delay,S0_CONTINUOUS,0.6210328266421256,69.88766666666666,88.79966666666667,0.0,158.68733333333333,38.397666666666666,360.23566666666665,1.0,0,0,1064,FAIL_BUDGET,187,16,-1,-1,0.0,0.0,0.0,0.0,0.0
1638,I4_Multi_Sparse_Delay,S1_SHADOW_OFF,0.6300052868893876,58.0,0.0,0.0,58.0,7.0,290.0,0.0,0,0,904,PASS_BUDGET,0,0,-1,-1,0.0,0.0,0.0,0.0,0.0
1638,I4_Multi_Sparse_Delay,S2_PERIODIC,0.62865961024272,66.61333333333333,17.384,0.0,83.99733333333333,15.852666666666666,310.48966666666666,0.2,0,0,1020,PASS_BUDGET,0,0,-1,-1,0.0,0.0,0.0,0.0,0.0
1638,I4_Multi_Sparse_Delay,S3_EVENT_TRIGGERED,0.6120074501411827,70.462,69.502,4.0,143.964,35.778666666666666,346.49966666666666,0.7831666666666667,94,0,1080,FAIL_BUDGET,79,15,-1,-1,0.0,0.0,0.0,0.0,0.0
1638,I5_Moving_Delay_Support,S0_CONTINUOUS,0.2931982278593244,78.64233333333334,87.77433333333333,0.0,166.41666666666666,48.333333333333336,357.039,1.0,0,0,1016,FAIL_BUDGET,0,0,-1,-1,0.0,0.0,0.0,0.0,0.0
1638,I5_Moving_Delay_Support,S1_SHADOW_OFF,0.44907821630950673,58.0,0.0,0.0,58.0,7.0,290.0,0.0,0,0,904,PASS_BUDGET,0,0,-1,-1,0.0,0.0,0.0,0.0,0.0
1638,I5_Moving_Delay_Support,S2_PERIODIC,0.4509509917697896,58.61666666666667,17.545333333333332,0.0,76.162,13.815333333333333,302.11133333333333,0.2,0,0,988,PASS_BUDGET,0,0,-1,-1,0.0,0.0,0.0,0.0,0.0
1638,I5_Moving_Delay_Support,S3_EVENT_TRIGGERED,0.4510471719128143,58.75566666666667,45.739666666666665,4.0,108.49533333333333,23.335,321.27233333333334,0.5166666666666667,62,0,1000,FAIL_BUDGET,0,0,-1,-1,0.0,0.0,0.0,0.0,0.0
1638,I6_Continuous_Latent_State,S0_CONTINUOUS,0.14203640272414936,91.911,89.03733333333334,0.0,180.94833333333332,34.42066666666667,397.6016666666667,1.0,0,0,1000,FAIL_BUDGET,1,0,-1,-1,0.0,0.0,0.0,0.0,0.0
1638,I6_Continuous_Latent_State,S1_SHADOW_OFF,0.2771961889012848,58.0,0.0,0.0,58.0,7.0,290.0,0.0,0,0,904,PASS_BUDGET,0,0,-1,-1,0.0,0.0,0.0,0.0,0.0
1638,I6_Continuous_Latent_State,S2_PERIODIC,0.14449810775434127,91.61333333333333,17.035666666666668,0.0,108.649,13.135,349.1306666666667,0.2,0,0,1004,FAIL_BUDGET,40,0,-1,-1,0.0,0.0,0.0,0.0,0.0
1638,I6_Continuous_Latent_State,S3_EVENT_TRIGGERED,0.14196724439100056,91.90933333333334,5.365333333333333,4.0,101.27466666666666,10.622666666666667,341.5133333333333,0.0615,7,19,1016,FAIL_BUDGET,0,0,-1,-1,0.0,0.0,0.0,0.0,0.0
1638,I7_Quiescent_Continuous_State,S0_CONTINUOUS,0.14723707793465418,81.44633333333333,85.35033333333334,0.0,166.79666666666665,32.25933333333333,381.70233333333334,1.0,0,0,1016,FAIL_BUDGET,19,4,-1,-1,0.0,0.0,0.0,0.0,0.0
1638,I7_Quiescent_Continuous_State,S1_SHADOW_OFF,0.2800088864456232,58.0,0.0,0.0,58.0,7.0,290.0,0.0,0,0,904,PASS_BUDGET,0,0,-1,-1,0.0,0.0,0.0,1.0,1.0
1638,I7_Quiescent_Continuous_State,S2_PERIODIC,0.20656206380470632,74.48833333333333,16.892,0.0,91.38033333333334,13.390666666666666,324.4583333333333,0.2,0,0,1004,PASS_BUDGET,40,0,-1,-1,0.0,0.0,0.0,0.8,0.8
1638,I7_Quiescent_Continuous_State,S3_EVENT_TRIGGERED,0.14692891376585285,91.90933333333334,4.666666666666667,4.0,100.576,10.409333333333333,341.03866666666664,0.0535,6,21,1016,FAIL_BUDGET,0,0,-1,-1,0.0,0.0,0.0,0.996,0.92175
1638,I8_Quiescent_Discrete_Delay,S0_CONTINUOUS,0.3284490924631618,72.091,86.686,0.0,158.777,43.150666666666666,354.42266666666666,1.0,0,0,1016,FAIL_BUDGET,0,0,-1,-1,0.0,0.0,0.0,0.0,0.0
1638,I8_Quiescent_Discrete_Delay,S1_SHADOW_OFF,0.45739630932148473,58.0,0.0,0.0,58.0,7.0,290.0,0.0,0,0,904,PASS_BUDGET,0,0,-1,-1,0.0,0.0,0.0,1.0,1.0
1638,I8_Quiescent_Discrete_Delay,S2_PERIODIC,0.32757737494264494,69.63333333333334,17.187333333333335,0.0,86.82066666666667,21.259333333333334,307.6356666666667,0.2,0,0,1020,PASS_BUDGET,0,0,-1,-1,0.0,0.0,0.0,0.8,0.8
1638,I8_Quiescent_Discrete_Delay,S3_EVENT_TRIGGERED,0.22379955329985768,70.37766666666667,9.585,4.0,83.96266666666666,21.484666666666666,301.686,0.1115,13,19,1000,PASS_BUDGET,0,0,-1,-1,0.0,0.0,0.0,0.996,0.83475
1638,I9_Hybrid_Delay_Plus_Latent_State,S0_CONTINUOUS,0.1822344345567401,122.57333333333334,87.05766666666666,0.0,209.631,56.178,407.088,1.0,0,0,1064,FAIL_BUDGET,4676,45,-1,-1,0.0,0.312350921537828,0.14304207923090773,0.0,0.0
1638,I9_Hybrid_Delay_Plus_Latent_State,S1_SHADOW_OFF,0.3552391763999723,58.0,0.0,0.0,58.0,7.0,290.0,0.0,0,0,904,PASS_BUDGET,0,0,-1,-1,0.0,0.0,0.0,0.0,0.0
1638,I9_Hybrid_Delay_Plus_Latent_State,S2_PERIODIC,0.15300962860641057,127.375,16.694666666666667,0.0,144.06966666666668,41.17933333333333,362.80133333333333,0.2,0,0,1068,FAIL_BUDGET,5831,20,-1,-1,0.0,0.3389917226348882,0.12501114536815683,0.0,0.0
1638,I9_Hybrid_Delay_Plus_Latent_State,S3_EVENT_TRIGGERED,0.3131993145743453,86.166,34.49633333333333,4.0,124.66233333333334,19.566666666666666,352.96233333333333,0.39216666666666666,47,3,1032,FAIL_BUDGET,44,9,-1,-1,0.0,-0.0534356212085108,0.10773929132708548,0.0,0.0
1638,I10_Redundant_Temporal_Structure,S0_CONTINUOUS,0.42106090135877144,96.92533333333333,89.05366666666667,0.0,185.979,37.979,399.3383333333333,1.0,0,0,1064,FAIL_BUDGET,956,18,-1,-1,0.0,0.0,0.0,0.0,0.0
1638,I10_Redundant_Temporal_Structure,S1_SHADOW_OFF,0.6014448788602148,58.0,0.0,0.0,58.0,7.0,290.0,0.0,0,0,904,PASS_BUDGET,0,0,-1,-1,0.0,0.0,0.0,0.0,0.0
1638,I10_Redundant_Temporal_Structure,S2_PERIODIC,0.42851342142955146,91.745,17.735666666666667,0.0,109.48066666666666,13.66,349.274,0.2,0,0,1036,FAIL_BUDGET,120,0,-1,-1,0.0,0.0,0.0,0.0,0.0
1638,I10_Redundant_Temporal_Structure,S3_EVENT_TRIGGERED,0.4187890890186605,94.81833333333333,56.392,4.0,155.21033333333332,28.715333333333334,376.326,0.6333333333333333,76,0,1080,FAIL_BUDGET,943,71,-1,-1,0.0,0.0,0.0,0.0,0.0
1638,I11_Regime_Switch_Delay_To_Latent,S0_CONTINUOUS,0.15485284236047525,91.153,87.072,0.0,178.225,47.681666666666665,375.1603333333333,1.0,0,0,1016,FAIL_BUDGET,31,4,659,125,0.33850525198268044,0.0,0.0,0.0,0.0
1638,I11_Regime_Switch_Delay_To_Latent,S1_SHADOW_OFF,0.3183591848282832,58.0,0.0,0.0,58.0,7.0,290.0,0.0,0,0,904,PASS_BUDGET,0,0,-1,0,0.0,0.0,0.0,0.0,0.0
1638,I11_Regime_Switch_Delay_To_Latent,S2_PERIODIC,0.16335373084315427,93.95166666666667,16.842666666666666,0.0,110.79433333333333,25.738666666666667,335.756,0.2,0,0,1068,FAIL_BUDGET,600,130,34,514,0.19027486646652764,0.0,0.0,0.0,0.0
1638,I11_Regime_Switch_Delay_To_Latent,S3_EVENT_TRIGGERED,0.13849692475895697,85.565,4.288666666666667,4.0,93.85366666666667,18.121333333333332,321.86266666666666,0.0535,6,21,1080,PASS_BUDGET,84,9,52,90,0.18013449356128933,0.0,0.0,0.0,0.0
1638,I12_Regime_Switch_Latent_To_Delay,S0_CONTINUOUS,0.2710644047697089,75.41833333333334,89.01966666666667,0.0,164.438,34.486666666666665,374.163,1.0,0,0,1016,FAIL_BUDGET,34,14,80,65,0.616363928479623,0.0,0.0,0.0,0.0
1638,I12_Regime_Switch_Latent_To_Delay,S1_SHADOW_OFF,0.33035252266516785,58.0,0.0,0.0,58.0,7.0,290.0,0.0,0,0,904,PASS_BUDGET,0,0,-1,0,0.3398100893469982,0.0,0.0,0.0,0.0
1638,I12_Regime_Switch_Latent_To_Delay,S2_PERIODIC,0.2745156997703699,79.41333333333333,16.967333333333332,0.0,96.38066666666667,13.721333333333334,331.024,0.2,0,0,1020,PASS_BUDGET,210,70,184,699,0.6361498018139254,0.0,0.0,0.0,0.0
1638,I12_Regime_Switch_Latent_To_Delay,S3_EVENT_TRIGGERED,0.14088412280129298,89.94266666666667,5.308333333333334,4.0,99.251,22.289,323.91433333333333,0.06166666666666667,7,20,1016,PASS_BUDGET,3,1,66,69,0.003991059282575871,0.0,0.0,0.0,0.0
1638,I13_Regime_Switch_Hybrid_To_Memoryless,S0_CONTINUOUS,0.1880861387266594,86.52266666666667,87.26366666666667,0.0,173.78633333333335,42.343333333333334,376.577,1.0,0,0,1064,FAIL_BUDGET,1729,57,-1,91,0.0,0.0,0.0,0.0,0.0
1638,I13_Regime_Switch_Hybrid_To_Memoryless,S1_SHADOW_OFF,0.27964747595275163,58.0,0.0,0.0,58.0,7.0,290.0,0.0,0,0,904,PASS_BUDGET,0,0,-1,0,0.0,0.0,0.0,0.0,0.0
1638,I13_Regime_Switch_Hybrid_To_Memoryless,S2_PERIODIC,0.15729103539737563,96.15,16.813,0.0,112.963,28.197333333333333,335.70633333333336,0.2,0,0,1068,FAIL_BUDGET,3255,150,-1,504,0.0,0.0,0.0,0.0,0.0
1638,I13_Regime_Switch_Hybrid_To_Memoryless,S3_EVENT_TRIGGERED,0.2502083413285005,89.96266666666666,17.541333333333334,4.0,111.504,14.320333333333334,346.99533333333335,0.20216666666666666,24,13,1032,FAIL_BUDGET,39,8,-1,-1,0.0,0.0,0.0,0.0,0.0
1638,I14_Intermittent_Hybrid,S0_CONTINUOUS,0.23579905713458868,80.19366666666667,87.6,0.0,167.79366666666667,35.487,377.6886666666667,1.0,0,0,1064,FAIL_BUDGET,282,53,0,-1,0.655037582133114,0.0,0.0,0.0,0.0
1638,I14_Intermittent_Hybrid,S1_SHADOW_OFF,0.3130357072434819,58.0,0.0,0.0,58.0,7.0,290.0,0.0,0,0,904,PASS_BUDGET,0,0,-1,-1,0.7446405171489147,0.0,0.0,0.0,0.0
1638,I14_Intermittent_Hybrid,S2_PERIODIC,0.28486296839155684,79.29166666666667,17.295333333333332,0.0,96.587,15.669666666666666,328.639,0.2,0,0,1068,PASS_BUDGET,685,40,39,-1,0.5592613919825148,0.0,0.0,0.0,0.0
1638,I14_Intermittent_Hybrid,S3_EVENT_TRIGGERED,0.23559898767926207,90.18633333333334,20.153333333333332,4.0,114.33966666666667,19.078,344.0443333333333,0.23533333333333334,28,12,1032,FAIL_BUDGET,1965,0,0,-1,0.3141449816422238,0.0,0.0,0.0,0.0
1639,I1_Memoryless_Linear,S0_CONTINUOUS,0.12479379996352426,59.587666666666664,74.03733333333334,0.0,133.625,26.166,347.7423333333333,1.0,0,0,952,FAIL_BUDGET,0,0,-1,-1,0.0,0.0,0.0,0.0,0.0
1639,I1_Memoryless_Linear,S1_SHADOW_OFF,0.12456189319461766,58.0,0.0,0.0,58.0,7.0,290.0,0.0,0,0,904,PASS_BUDGET,0,0,-1,-1,0.0,0.0,0.0,0.0,0.0
1639,I1_Memoryless_Linear,S2_PERIODIC,0.12456189319461766,58.0,13.051,0.0,71.051,10.600333333333333,300.50033333333334,0.2,0,0,924,PASS_BUDGET,0,0,-1,-1,0.0,0.0,0.0,0.0,0.0
1639,I1_Memoryless_Linear,S3_EVENT_TRIGGERED,0.12492906939056903,91.813,0.7786666666666666,4.0,96.59166666666667,9.146,338.3686666666667,0.012166666666666666,1,23,968,PASS_BUDGET,0,0,-1,-1,0.0,0.0,0.0,0.0,0.0
1639,I2_Static_Nonlinear_Negative_Control,S0_CONTINUOUS,1.0451505938383798,58.398,88.87433333333334,0.0,147.27233333333334,34.537,349.84433333333334,1.0,0,0,1000,FAIL_BUDGET,0,0,-1,-1,0.0,0.0,0.0,0.0,0.0
1639,I2_Static_Nonlinear_Negative_Control,S1_SHADOW_OFF,1.0398920773881237,58.0,0.0,0.0,58.0,7.0,290.0,0.0,0,0,904,PASS_BUDGET,0,0,-1,-1,0.0,0.0,0.0,0.0,0.0
1639,I2_Static_Nonlinear_Negative_Control,S2_PERIODIC,1.046656877318667,61.88333333333333,17.627333333333333,0.0,79.51066666666667,13.977666666666666,306.5926666666667,0.2,0,0,1004,PASS_BUDGET,0,0,-1,-1,0.0,0.0,0.0,0.0,0.0
1639,I2_Static_Nonlinear_Negative_Control,S3_EVENT_TRIGGERED,1.0483154184321757,60.122,56.26433333333333,4.0,120.38633333333334,26.784333333333333,330.05066666666664,0.6348333333333334,77,0,1016,FAIL_BUDGET,0,0,-1,-1,0.0,0.0,0.0,0.0,0.0
1639,I3_Single_Exact_Delay,S0_CONTINUOUS,0.2618101383119582,83.79033333333334,87.564,0.0,171.35433333333333,51.08,360.313,1.0,0,0,1016,FAIL_BUDGET,0,0,-1,-1,0.0,0.0,0.0,0.0,0.0
1639,I3_Single_Exact_Delay,S1_SHADOW_OFF,0.4456944791699316,58.0,0.0,0.0,58.0,7.0,290.0,0.0,0,0,904,PASS_BUDGET,0,0,-1,-1,0.0,0.0,0.0,0.0,0.0
1639,I3_Single_Exact_Delay,S2_PERIODIC,0.3533885930761357,70.25,17.178333333333335,0.0,87.42833333333333,22.718666666666667,306.56533333333334,0.2,0,0,1020,PASS_BUDGET,0,0,-1,-1,0.0,0.0,0.0,0.0,0.0
1639,I3_Single_Exact_Delay,S3_EVENT_TRIGGERED,0.17146438173682044,79.60733333333333,8.423333333333334,4.0,92.03066666666666,27.288333333333334,306.26666666666665,0.10333333333333333,12,20,1000,PASS_BUDGET,0,0,-1,-1,0.0,0.0,0.0,0.0,0.0
1639,I4_Multi_Sparse_Delay,S0_CONTINUOUS,0.5687328238375867,84.425,88.00933333333333,0.0,172.43433333333334,47.013333333333335,367.4096666666667,1.0,0,0,1064,FAIL_BUDGET,862,21,-1,-1,0.0,0.0,0.0,0.0,0.0
1639,I4_Multi_Sparse_Delay,S1_SHADOW_OFF,0.6348254300740663,58.0,0.0,0.0,58.0,7.0,290.0,0.0,0,0,904,PASS_BUDGET,0,0,-1,-1,0.0,0.0,0.0,0.0,0.0
1639,I4_Multi_Sparse_Delay,S2_PERIODIC,0.6332990442763813,60.358333333333334,17.508666666666667,0.0,77.867,15.12,302.764,0.2,0,0,1020,PASS_BUDGET,0,0,-1,-1,0.0,0.0,0.0,0.0,0.0
1639,I4_Multi_Sparse_Delay,S3_EVENT_TRIGGERED,0.5743863986486085,84.12066666666666,69.20866666666667,4.0,157.32933333333332,42.574333333333335,356.03866666666664,0.7855,95,0,1080,FAIL_BUDGET,1096,12,-1,-1,0.0,0.0,0.0,0.0,0.0
1639,I5_Moving_Delay_Support,S0_CONTINUOUS,0.24769068520055681,86.90466666666667,87.33666666666667,0.0,174.24133333333333,53.14366666666667,361.341,1.0,0,0,1016,FAIL_BUDGET,0,0,-1,-1,0.0,0.0,0.0,0.0,0.0
1639,I5_Moving_Delay_Support,S1_SHADOW_OFF,0.4495797012624106,58.0,0.0,0.0,58.0,7.0,290.0,0.0,0,0,904,PASS_BUDGET,0,0,-1,-1,0.0,0.0,0.0,0.0,0.0
1639,I5_Moving_Delay_Support,S2_PERIODIC,0.41564854617365865,65.15833333333333,17.345666666666666,0.0,82.504,18.827666666666666,304.6186666666667,0.2,0,0,1020,PASS_BUDGET,0,0,-1,-1,0.0,0.0,0.0,0.0,0.0
1639,I5_Moving_Delay_Support,S3_EVENT_TRIGGERED,0.39053866647933205,61.954,38.434,4.0,104.388,22.747333333333334,318.894,0.434,52,4,1016,FAIL_BUDGET,1,0,-1,-1,0.0,0.0,0.0,0.0,0.0
1639,I6_Continuous_Latent_State,S0_CONTINUOUS,0.1413653647859964,92.00633333333333,88.37666666666667,0.0,180.383,34.151,397.41066666666666,1.0,0,0,1032,FAIL_BUDGET,76,6,-1,-1,0.0,0.0,0.0,0.0,0.0
1639,I6_Continuous_Latent_State,S1_SHADOW_OFF,0.2663910226441974,58.0,0.0,0.0,58.0,7.0,290.0,0.0,0,0,904,PASS_BUDGET,0,0,-1,-1,0.0,0.0,0.0,0.0,0.0
1639,I6_Continuous_Latent_State,S2_PERIODIC,0.1979441275747518,77.64333333333333,17.097,0.0,94.74033333333334,13.556333333333333,328.90133333333335,0.2,0,0,1004,PASS_BUDGET,0,0,-1,-1,0.0,0.0,0.0,0.0,0.0
1639,I6_Continuous_Latent_State,S3_EVENT_TRIGGERED,0.15538653584307877,87.716,7.937333333333333,4.0,99.65333333333334,11.290333333333333,337.5756666666667,0.09733333333333333,12,17,1016,PASS_BUDGET,0,0,-1,-1,0.0,0.0,0.0,0.0,0.0
1639,I7_Quiescent_Continuous_State,S0_CONTINUOUS,0.14727096617804916,81.248,85.96333333333334,0.0,167.21133333333333,32.843,381.595,1.0,0,0,1016,FAIL_BUDGET,70,11,-1,-1,0.0,0.0,0.0,0.0,0.0
1639,I7_Quiescent_Continuous_State,S1_SHADOW_OFF,0.26828616473419165,58.0,0.0,0.0,58.0,7.0,290.0,0.0,0,0,904,PASS_BUDGET,0,0,-1,-1,0.0,0.0,0.0,1.0,1.0
1639,I7_Quiescent_Continuous_State,S2_PERIODIC,0.22331152407449634,67.63,17.10333333333333,0.0,84.73333333333333,13.679666666666666,314.603,0.2,0,0,1020,PASS_BUDGET,60,45,-1,-1,0.0,0.0,0.0,0.8,0.8
1639,I7_Quiescent_Continuous_State,S3_EVENT_TRIGGERED,0.14769895017316895,80.30966666666667,6.289666666666666,4.0,90.59933333333333,10.798666666666668,325.9766666666667,0.07783333333333334,9,17,1016,PASS_BUDGET,0,0,-1,-1,0.0,0.0,0.0,0.979,0.89375
1639,I8_Quiescent_Discrete_Delay,S0_CONTINUOUS,0.30754391496677136,72.467,85.98133333333334,0.0,158.44833333333332,42.120333333333335,355.81733333333335,1.0,0,0,1016,FAIL_BUDGET,0,0,-1,-1,0.0,0.0,0.0,0.0,0.0
1639,I8_Quiescent_Discrete_Delay,S1_SHADOW_OFF,0.4478287700602319,58.0,0.0,0.0,58.0,7.0,290.0,0.0,0,0,904,PASS_BUDGET,0,0,-1,-1,0.0,0.0,0.0,1.0,1.0
1639,I8_Quiescent_Discrete_Delay,S2_PERIODIC,0.4522954517028531,59.09166666666667,17.377666666666666,0.0,76.46933333333334,14.069666666666667,302.23833333333334,0.2,0,0,988,PASS_BUDGET,0,0,-1,-1,0.0,0.0,0.0,0.8,0.8
1639,I8_Quiescent_Discrete_Delay,S3_EVENT_TRIGGERED,0.1994715402296413,76.619,9.142666666666667,4.0,89.76166666666667,25.092,305.54466666666667,0.1115,13,19,1000,PASS_BUDGET,0,0,-1,-1,0.0,0.0,0.0,0.996,0.83475
1639,I9_Hybrid_Delay_Plus_Latent_State,S0_CONTINUOUS,0.3138851867527087,88.43933333333334,88.37233333333333,0.0,176.81166666666667,34.15133333333333,392.2273333333333,1.0,0,0,1032,FAIL_BUDGET,84,13,-1,-1,0.0,-0.06093471588852785,0.12131450861600805,0.0,0.0
1639,I9_Hybrid_Delay_Plus_Latent_State,S1_SHADOW_OFF,0.36130487519082066,58.0,0.0,0.0,58.0,7.0,290.0,0.0,0,0,904,PASS_BUDGET,0,0,-1,-1,0.0,0.0,0.0,0.0,0.0
1639,I9_Hybrid_Delay_Plus_Latent_State,S2_PERIODIC,0.3618055169080188,58.19166666666667,17.567,0.0,75.75866666666667,13.506666666666666,301.957,0.2,0,0,972,PASS_BUDGET,0,0,-1,-1,0.0,-0.05985275752826232,-0.000758374694331427,0.0,0.0
1639,I9_Hybrid_Delay_Plus_Latent_State,S3_EVENT_TRIGGERED,0.17195023047472446,100.40933333333334,9.099,4.0,113.50833333333334,18.998,346.78633333333335,0.11116666666666666,13,17,1064,FAIL_BUDGET,4599,12,-1,-1,0.0,0.1845382571612183,0.09789011923692732,0.0,0.0
1639,I10_Redundant_Temporal_Structure,S0_CONTINUOUS,0.41398355529185504,92.463,89.24166666666666,0.0,181.70466666666667,34.87466666666667,397.77366666666666,1.0,0,0,1032,FAIL_BUDGET,254,29,-1,-1,0.0,0.0,0.0,0.0,0.0
1639,I10_Redundant_Temporal_Structure,S1_SHADOW_OFF,0.6032696935337665,58.0,0.0,0.0,58.0,7.0,290.0,0.0,0,0,904,PASS_BUDGET,0,0,-1,-1,0.0,0.0,0.0,0.0,0.0
1639,I10_Redundant_Temporal_Structure,S2_PERIODIC,0.6059100396653502,58.75833333333333,17.597333333333335,0.0,76.35566666666666,13.948333333333334,302.17766666666665,0.2,0,0,988,PASS_BUDGET,0,0,-1,-1,0.0,0.0,0.0,0.0,0.0
1639,I10_Redundant_Temporal_Structure,S3_EVENT_TRIGGERED,0.41377957481289496,92.44933333333333,61.827333333333335,4.0,158.27666666666667,28.465333333333334,379.38433333333336,0.6931666666666667,84,0,1064,FAIL_BUDGET,244,56,-1,-1,0.0,0.0,0.0,0.0,0.0
1639,I11_Regime_Switch_Delay_To_Latent,S0_CONTINUOUS,0.14122683962411817,92.922,87.13566666666667,0.0,180.05766666666668,47.273,378.28333333333336,1.0,0,0,1016,FAIL_BUDGET,89,1,307,66,0.23328187376348591,0.0,0.0,0.0,0.0
1639,I11_Regime_Switch_Delay_To_Latent,S1_SHADOW_OFF,0.31881869284507197,58.0,0.0,0.0,58.0,7.0,290.0,0.0,0,0,904,PASS_BUDGET,0,0,-1,0,0.0,0.0,0.0,0.0,0.0
1639,I11_Regime_Switch_Delay_To_Latent,S2_PERIODIC,0.32032319282762317,59.64833333333333,17.165,0.0,76.81333333333333,13.508666666666667,303.63733333333334,0.2,0,0,972,PASS_BUDGET,0,0,-1,0,0.0,0.0,0.0,0.0,0.0
1639,I11_Regime_Switch_Delay_To_Latent,S3_EVENT_TRIGGERED,0.15072453851171302,83.31433333333334,7.069333333333334,4.0,94.38366666666667,18.417666666666666,321.25933333333336,0.0895,11,20,1048,PASS_BUDGET,24,0,39,63,0.14451869459889882,0.0,0.0,0.0,0.0
1639,I12_Regime_Switch_Latent_To_Delay,S0_CONTINUOUS,0.23617012974350698,79.81666666666666,87.487,0.0,167.30366666666666,36.946,375.0366666666667,1.0,0,0,1016,FAIL_BUDGET,9,2,133,27,0.5442071407520528,0.0,0.0,0.0,0.0
1639,I12_Regime_Switch_Latent_To_Delay,S1_SHADOW_OFF,0.32094573787604386,58.0,0.0,0.0,58.0,7.0,290.0,0.0,0,0,904,PASS_BUDGET,0,0,-1,0,0.25214971625992677,0.0,0.0,0.0,0.0
1639,I12_Regime_Switch_Latent_To_Delay,S2_PERIODIC,0.3229840935999613,58.775,17.113,0.0,75.888,13.69,302.048,0.2,0,0,988,PASS_BUDGET,0,0,789,0,0.25214971625992677,0.0,0.0,0.0,0.0
1639,I12_Regime_Switch_Latent_To_Delay,S3_EVENT_TRIGGERED,0.23775386270628138,78.08533333333334,17.522,4.0,99.60733333333333,16.978666666666665,326.86133333333333,0.20183333333333334,24,11,1016,PASS_BUDGET,0,0,148,7,0.5270367387009292,0.0,0.0,0.0,0.0
1639,I13_Regime_Switch_Hybrid_To_Memoryless,S0_CONTINUOUS,0.2481726211532335,71.97633333333333,87.752,0.0,159.72833333333332,33.75666666666667,369.013,1.0,0,0,1016,FAIL_BUDGET,21,0,-1,50,0.0,0.0,0.0,0.0,0.0
1639,I13_Regime_Switch_Hybrid_To_Memoryless,S1_SHADOW_OFF,0.2766955094605916,58.0,0.0,0.0,58.0,7.0,290.0,0.0,0,0,904,PASS_BUDGET,0,0,-1,0,0.0,0.0,0.0,0.0,0.0
1639,I13_Regime_Switch_Hybrid_To_Memoryless,S2_PERIODIC,0.2770895042064314,58.041666666666664,17.48966666666667,0.0,75.53133333333334,13.357666666666667,301.88233333333335,0.2,0,0,956,PASS_BUDGET,0,0,-1,0,0.0,0.0,0.0,0.0,0.0
1639,I13_Regime_Switch_Hybrid_To_Memoryless,S3_EVENT_TRIGGERED,0.18580894080773983,98.736,7.675,4.0,110.411,17.278666666666666,345.1673333333333,0.09466666666666666,11,18,1032,FAIL_BUDGET,4599,12,-1,-1,0.0,0.0,0.0,0.0,0.0
1639,I14_Intermittent_Hybrid,S0_CONTINUOUS,0.16974563111906746,90.36166666666666,87.88533333333334,0.0,178.247,44.00066666666667,380.17633333333333,1.0,0,0,1064,FAIL_BUDGET,978,11,0,-1,0.44365951742183973,0.0,0.0,0.0,0.0
1639,I14_Intermittent_Hybrid,S1_SHADOW_OFF,0.3024705302839745,58.0,0.0,0.0,58.0,7.0,290.0,0.0,0,0,904,PASS_BUDGET,0,0,-1,-1,0.45930401747870964,0.0,0.0,0.0,0.0
1639,I14_Intermittent_Hybrid,S2_PERIODIC,0.2478332840825206,82.19666666666667,17.434666666666665,0.0,99.63133333333333,13.278333333333334,336.00266666666664,0.2,0,0,1004,PASS_BUDGET,0,0,0,-1,0.4384078923921097,0.0,0.0,0.0,0.0
1639,I14_Intermittent_Hybrid,S3_EVENT_TRIGGERED,0.24548303988804968,77.43666666666667,18.724,4.0,100.16066666666667,14.570333333333334,330.272,0.21833333333333332,26,10,1016,FAIL_BUDGET,0,0,0,-1,0.43833228665375223,0.0,0.0,0.0,0.0
1640,I1_Memoryless_Linear,S0_CONTINUOUS,0.12928911469214077,59.68266666666667,71.97733333333333,0.0,131.66,24.86466666666667,347.21,1.0,0,0,952,FAIL_BUDGET,0,0,-1,-1,0.0,0.0,0.0,0.0,0.0
1640,I1_Memoryless_Linear,S1_SHADOW_OFF,0.12943343488839248,58.0,0.0,0.0,58.0,7.0,290.0,0.0,0,0,904,PASS_BUDGET,0,0,-1,-1,0.0,0.0,0.0,0.0,0.0
1640,I1_Memoryless_Linear,S2_PERIODIC,0.12943343488839248,58.0,13.167666666666667,0.0,71.16766666666666,10.693666666666667,300.547,0.2,0,0,924,PASS_BUDGET,0,0,-1,-1,0.0,0.0,0.0,0.0,0.0
1640,I1_Memoryless_Linear,S3_EVENT_TRIGGERED,0.1296428936609948,91.82433333333333,0.7786666666666666,4.0,96.603,9.146,338.38466666666665,0.012166666666666666,1,23,968,PASS_BUDGET,0,0,-1,-1,0.0,0.0,0.0,0.0,0.0
1640,I2_Static_Nonlinear_Negative_Control,S0_CONTINUOUS,1.071970146702705,59.32,88.304,0.0,147.624,34.21366666666667,350.986,1.0,0,0,1000,FAIL_BUDGET,0,0,-1,-1,0.0,0.0,0.0,0.0,0.0
1640,I2_Static_Nonlinear_Negative_Control,S1_SHADOW_OFF,1.0694086537322562,58.0,0.0,0.0,58.0,7.0,290.0,0.0,0,0,904,PASS_BUDGET,0,0,-1,-1,0.0,0.0,0.0,0.0,0.0
1640,I2_Static_Nonlinear_Negative_Control,S2_PERIODIC,1.0786214125126619,58.61,17.408666666666665,0.0,76.01866666666666,13.664333333333333,302.15566666666666,0.2,0,0,1004,PASS_BUDGET,0,0,-1,-1,0.0,0.0,0.0,0.0,0.0
1640,I2_Static_Nonlinear_Negative_Control,S3_EVENT_TRIGGERED,1.0732072798138357,60.50233333333333,57.727333333333334,4.0,122.22966666666666,26.952666666666666,331.97633333333334,0.65,78,0,1016,FAIL_BUDGET,0,0,-1,-1,0.0,0.0,0.0,0.0,0.0
1640,I3_Single_Exact_Delay,S0_CONTINUOUS,0.15443572777873313,96.79366666666667,86.961,0.0,183.75466666666668,60.15233333333333,364.866,1.0,0,0,1016,FAIL_BUDGET,9,4,-1,-1,0.0,0.0,0.0,0.0,0.0
1640,I3_Single_Exact_Delay,S1_SHADOW_OFF,0.45167496340378294,58.0,0.0,0.0,58.0,7.0,290.0,0.0,0,0,904,PASS_BUDGET,0,0,-1,-1,0.0,0.0,0.0,0.0,0.0
1640,I3_Single_Exact_Delay,S2_PERIODIC,0.4532151076776608,58.31666666666667,16.699333333333332,0.0,75.016,13.049666666666667,301.72766666666666,0.2,0,0,988,PASS_BUDGET,0,0,-1,-1,0.0,0.0,0.0,0.0,0.0
1640,I3_Single_Exact_Delay,S3_EVENT_TRIGGERED,0.12840057100003682,69.002,1.9796666666666667,4.0,74.98166666666667,17.528666666666666,296.81466666666665,0.028833333333333332,3,23,1000,PASS_BUDGET,14,14,-1,-1,0.0,0.0,0.0,0.0,0.0
1640,I4_Multi_Sparse_Delay,S0_CONTINUOUS,0.6273225125323024,67.191,89.05633333333333,0.0,156.24733333333333,35.579,360.862,1.0,0,0,1032,FAIL_BUDGET,70,29,-1,-1,0.0,0.0,0.0,0.0,0.0
1640,I4_Multi_Sparse_Delay,S1_SHADOW_OFF,0.6296931493214832,58.0,0.0,0.0,58.0,7.0,290.0,0.0,0,0,904,PASS_BUDGET,0,0,-1,-1,0.0,0.0,0.0,0.0,0.0
1640,I4_Multi_Sparse_Delay,S2_PERIODIC,0.631353810828458,58.66166666666667,17.672,0.0,76.33366666666667,13.891333333333334,302.19,0.2,0,0,1004,PASS_BUDGET,0,0,-1,-1,0.0,0.0,0.0,0.0,0.0
1640,I4_Multi_Sparse_Delay,S3_EVENT_TRIGGERED,0.6271939343273387,67.73333333333333,70.55933333333333,4.0,142.29266666666666,31.541333333333334,349.693,0.7923333333333333,96,0,1048,FAIL_BUDGET,76,5,-1,-1,0.0,0.0,0.0,0.0,0.0
1640,I5_Moving_Delay_Support,S0_CONTINUOUS,0.2569745936873178,84.15533333333333,87.16433333333333,0.0,171.31966666666668,51.547,359.6673333333333,1.0,0,0,1016,FAIL_BUDGET,0,0,-1,-1,0.0,0.0,0.0,0.0,0.0
1640,I5_Moving_Delay_Support,S1_SHADOW_OFF,0.45148342168540345,58.0,0.0,0.0,58.0,7.0,290.0,0.0,0,0,904,PASS_BUDGET,0,0,-1,-1,0.0,0.0,0.0,0.0,0.0
1640,I5_Moving_Delay_Support,S2_PERIODIC,0.4548129422888594,59.11666666666667,17.114,0.0,76.23066666666666,13.956333333333333,302.1816666666667,0.2,0,0,988,PASS_BUDGET,0,0,-1,-1,0.0,0.0,0.0,0.0,0.0
1640,I5_Moving_Delay_Support,S3_EVENT_TRIGGERED,0.451174827199974,60.11533333333333,44.409666666666666,4.0,108.525,22.779666666666667,322.58633333333336,0.5083333333333333,61,0,1000,FAIL_BUDGET,0,0,-1,-1,0.0,0.0,0.0,0.0,0.0
1640,I6_Continuous_Latent_State,S0_CONTINUOUS,0.13800161174896022,92.05533333333334,88.624,0.0,180.67933333333335,34.315,397.5403333333333,1.0,0,0,1048,FAIL_BUDGET,62,10,-1,-1,0.0,0.0,0.0,0.0,0.0
1640,I6_Continuous_Latent_State,S1_SHADOW_OFF,0.2709900795896443,58.0,0.0,0.0,58.0,7.0,290.0,0.0,0,0,904,PASS_BUDGET,0,0,-1,-1,0.0,0.0,0.0,0.0,0.0
1640,I6_Continuous_Latent_State,S2_PERIODIC,0.1448616711879921,90.505,17.488333333333333,0.0,107.99333333333334,13.395333333333333,347.66133333333335,0.2,0,0,1020,FAIL_BUDGET,55,45,-1,-1,0.0,0.0,0.0,0.0,0.0
1640,I6_Continuous_Latent_State,S3_EVENT_TRIGGERED,0.13920622294691612,94.179,5.269666666666667,4.0,103.44866666666667,12.398333333333333,342.345,0.06166666666666667,7,20,1032,FAIL_BUDGET,1390,264,-1,-1,0.0,0.0,0.0,0.0,0.0
1640,I7_Quiescent_Continuous_State,S0_CONTINUOUS,0.142241638963182,81.227,85.80466666666666,0.0,167.03166666666667,32.701,381.491,1.0,0,0,1048,FAIL_BUDGET,45,5,-1,-1,0.0,0.0,0.0,0.0,0.0
1640,I7_Quiescent_Continuous_State,S1_SHADOW_OFF,0.27244144628367944,58.0,0.0,0.0,58.0,7.0,290.0,0.0,0,0,904,PASS_BUDGET,0,0,-1,-1,0.0,0.0,0.0,1.0,1.0
1640,I7_Quiescent_Continuous_State,S2_PERIODIC,0.2200892613859059,72.85333333333334,17.378666666666668,0.0,90.232,13.341333333333333,322.714,0.2,0,0,1020,PASS_BUDGET,55,45,-1,-1,0.0,0.0,0.0,0.8,0.8
1640,I7_Quiescent_Continuous_State,S3_EVENT_TRIGGERED,0.14461970096142981,91.61466666666666,6.776,4.0,102.39066666666666,11.04,342.0806666666667,0.07833333333333334,9,20,1016,FAIL_BUDGET,0,0,-1,-1,0.0,0.0,0.0,0.996,0.8845
1640,I8_Quiescent_Discrete_Delay,S0_CONTINUOUS,0.22188849189303708,80.352,86.57466666666667,0.0,166.92666666666668,48.11,358.8226666666667,1.0,0,0,1016,FAIL_BUDGET,9,4,-1,-1,0.0,0.0,0.0,0.0,0.0
1640,I8_Quiescent_Discrete_Delay,S1_SHADOW_OFF,0.4522446850768763,58.0,0.0,0.0,58.0,7.0,290.0,0.0,0,0,904,PASS_BUDGET,0,0,-1,-1,0.0,0.0,0.0,1.0,1.0
1640,I8_Quiescent_Discrete_Delay,S2_PERIODIC,0.454919151809232,58.35,16.573333333333334,0.0,74.92333333333333,13.014666666666667,301.7103333333333,0.2,0,0,956,PASS_BUDGET,0,0,-1,-1,0.0,0.0,0.0,0.8,0.8
1640,I8_Quiescent_Discrete_Delay,S3_EVENT_TRIGGERED,0.1382944296380334,69.002,1.9476666666666667,4.0,74.94966666666667,17.512666666666668,296.8066666666667,0.028833333333333332,3,23,1000,PASS_BUDGET,14,14,-1,-1,0.0,0.0,0.0,0.996,0.95875
1640,I9_Hybrid_Delay_Plus_Latent_State,S0_CONTINUOUS,0.2352306281220919,106.389,87.80566666666667,0.0,194.19466666666668,47.09766666666667,398.21866666666665,1.0,0,0,1064,FAIL_BUDGET,2881,12,-1,-1,0.0,0.17927311744146354,0.11141457252198642,0.0,0.0
1640,I9_Hybrid_Delay_Plus_Latent_State,S1_SHADOW_OFF,0.35650966610207674,58.0,0.0,0.0,58.0,7.0,290.0,0.0,0,0,904,PASS_BUDGET,0,0,-1,-1,0.0,0.0,0.0,0.0,0.0
1640,I9_Hybrid_Delay_Plus_Latent_State,S2_PERIODIC,0.1626312085671954,122.43666666666667,16.413666666666668,0.0,138.85033333333334,37.76566666666667,359.894,0.2,0,0,1068,FAIL_BUDGET,5256,0,-1,-1,0.0,0.3525528309861454,0.14787978092496554,0.0,0.0
1640,I9_Hybrid_Delay_Plus_Latent_State,S3_EVENT_TRIGGERED,0.31458033991240814,86.292,37.73166666666667,4.0,128.02366666666666,20.856333333333332,354.91833333333335,0.4251666666666667,51,1,1064,FAIL_BUDGET,180,7,-1,-1,0.0,-0.057613356926833906,0.11946021251147751,0.0,0.0
1640,I10_Redundant_Temporal_Structure,S0_CONTINUOUS,0.415830883344979,92.258,89.28833333333333,0.0,181.54633333333334,34.757333333333335,397.754,1.0,0,0,1048,FAIL_BUDGET,166,24,-1,-1,0.0,0.0,0.0,0.0,0.0
1640,I10_Redundant_Temporal_Structure,S1_SHADOW_OFF,0.6029537138533771,58.0,0.0,0.0,58.0,7.0,290.0,0.0,0,0,904,PASS_BUDGET,0,0,-1,-1,0.0,0.0,0.0,0.0,0.0
1640,I10_Redundant_Temporal_Structure,S2_PERIODIC,0.4366722704293049,89.63666666666667,17.745666666666665,0.0,107.38233333333334,14.092666666666666,345.69033333333334,0.2,0,0,1036,FAIL_BUDGET,300,90,-1,-1,0.0,0.0,0.0,0.0,0.0
1640,I10_Redundant_Temporal_Structure,S3_EVENT_TRIGGERED,0.4159587513094489,92.26966666666667,58.68633333333333,4.0,154.956,27.325,377.27433333333335,0.6583333333333333,79,0,1064,FAIL_BUDGET,206,38,-1,-1,0.0,0.0,0.0,0.0,0.0
1640,I11_Regime_Switch_Delay_To_Latent,S0_CONTINUOUS,0.224867640106244,81.923,88.07633333333334,0.0,169.99933333333334,39.47533333333333,375.162,1.0,0,0,1016,FAIL_BUDGET,6,5,421,117,0.20312628111039288,0.0,0.0,0.0,0.0
1640,I11_Regime_Switch_Delay_To_Latent,S1_SHADOW_OFF,0.32530752079095077,58.0,0.0,0.0,58.0,7.0,290.0,0.0,0,0,904,PASS_BUDGET,0,0,-1,0,0.0,0.0,0.0,0.0,0.0
1640,I11_Regime_Switch_Delay_To_Latent,S2_PERIODIC,0.33073841765795736,60.1,16.86,0.0,76.96,14.547,302.477,0.2,0,0,988,PASS_BUDGET,0,0,-1,0,0.0,0.0,0.0,0.0,0.0
1640,I11_Regime_Switch_Delay_To_Latent,S3_EVENT_TRIGGERED,0.279920644296894,72.63833333333334,20.246666666666666,4.0,96.885,15.345666666666666,324.11466666666666,0.23516666666666666,28,11,1016,PASS_BUDGET,0,0,522,0,0.0,0.0,0.0,0.0,0.0
1640,I12_Regime_Switch_Latent_To_Delay,S0_CONTINUOUS,0.17545937142885365,89.59966666666666,87.02833333333334,0.0,176.628,43.409,379.176,1.0,0,0,1016,FAIL_BUDGET,22,3,60,60,0.5607362802362799,0.0,0.0,0.0,0.0
1640,I12_Regime_Switch_Latent_To_Delay,S1_SHADOW_OFF,0.3190663836431799,58.0,0.0,0.0,58.0,7.0,290.0,0.0,0,0,904,PASS_BUDGET,0,0,-1,0,0.3381040963810943,0.0,0.0,0.0,0.0
1640,I12_Regime_Switch_Latent_To_Delay,S2_PERIODIC,0.2727733186080278,78.93666666666667,17.274333333333335,0.0,96.211,13.385666666666667,331.1363333333333,0.2,0,0,1020,PASS_BUDGET,130,85,354,934,0.5613187638532199,0.0,0.0,0.0,0.0
1640,I12_Regime_Switch_Latent_To_Delay,S3_EVENT_TRIGGERED,0.2531490101529851,76.718,21.908333333333335,4.0,102.62633333333333,16.512666666666668,330.161,0.25183333333333335,30,11,1016,FAIL_BUDGET,20,10,89,125,0.5701896567492077,0.0,0.0,0.0,0.0
1640,I13_Regime_Switch_Hybrid_To_Memoryless,S0_CONTINUOUS,0.2563927875836256,71.62566666666666,87.32933333333334,0.0,158.955,33.679,368.2853333333333,1.0,0,0,1032,FAIL_BUDGET,70,23,-1,99,0.0,0.0,0.0,0.0,0.0
1640,I13_Regime_Switch_Hybrid_To_Memoryless,S1_SHADOW_OFF,0.27289046780690973,58.0,0.0,0.0,58.0,7.0,290.0,0.0,0,0,904,PASS_BUDGET,0,0,-1,0,0.0,0.0,0.0,0.0,0.0
1640,I13_Regime_Switch_Hybrid_To_Memoryless,S2_PERIODIC,0.16677867236072985,92.76333333333334,16.532,0.0,109.29533333333333,25.046,334.65,0.2,0,0,1068,FAIL_BUDGET,2810,30,-1,639,0.0,0.0,0.0,0.0,0.0
1640,I13_Regime_Switch_Hybrid_To_Memoryless,S3_EVENT_TRIGGERED,0.2530590420521999,87.24566666666666,20.090666666666667,4.0,111.33633333333333,15.158,344.81333333333333,0.227,27,12,1016,FAIL_BUDGET,0,0,-1,-1,0.0,0.0,0.0,0.0,0.0
1640,I14_Intermittent_Hybrid,S0_CONTINUOUS,0.21098604499210327,84.618,88.01833333333333,0.0,172.63633333333334,39.287,379.1073333333333,1.0,0,0,1064,FAIL_BUDGET,1073,11,0,-1,0.41738194542167933,0.0,0.0,0.0,0.0
1640,I14_Intermittent_Hybrid,S1_SHADOW_OFF,0.29753146092465244,58.0,0.0,0.0,58.0,7.0,290.0,0.0,0,0,904,PASS_BUDGET,0,0,-1,-1,0.5219776424791708,0.0,0.0,0.0,0.0
1640,I14_Intermittent_Hybrid,S2_PERIODIC,0.26117793546132645,78.49833333333333,16.995333333333335,0.0,95.49366666666667,13.421666666666667,330.1936666666667,0.2,0,0,1020,PASS_BUDGET,160,10,0,-1,0.27672784553249385,0.0,0.0,0.0,0.0
1640,I14_Intermittent_Hybrid,S3_EVENT_TRIGGERED,0.24666149997601827,84.208,20.756333333333334,4.0,108.96433333333333,18.547,336.8276666666667,0.24333333333333335,29,10,1080,FAIL_BUDGET,181,13,0,-1,0.2804768421900225,0.0,0.0,0.0,0.0
