task_id,model_id,seed,status,failure_step,fraction_completed,mse,mae,nmse,mean_flops,p95_flops,peak_flops,memory_bytes,active_params,wall_time
A1_Sparse_Support_Shift,C5_PERSISTENCE,101,SUCCESS,,1.0,8.678552768550754,2.3389100825514064,1.956871669352303,0.0,0.0,0.0,4,0,0.1272287368774414
A1_Sparse_Support_Shift,C6_ARX_NLMS,101,SUCCESS,,1.0,0.3278090137243144,0.2127181174316605,0.07391556968346383,314.0,314.0,314.0,212,52,0.19852662086486816
A1_Sparse_Support_Shift,C5_PERSISTENCE,102,SUCCESS,,1.0,8.681906334266365,2.3582469273174635,2.0314601315946494,0.0,0.0,0.0,4,0,0.12495660781860352
A1_Sparse_Support_Shift,C6_ARX_NLMS,102,SUCCESS,,1.0,0.32751132284388224,0.21129406298174236,0.07663365272408135,314.0,314.0,314.0,212,52,0.19629263877868652
A1_Sparse_Support_Shift,C5_PERSISTENCE,103,SUCCESS,,1.0,8.864597965680195,2.3496580059097854,2.055535880551546,0.0,0.0,0.0,4,0,0.1324145793914795
A1_Sparse_Support_Shift,C6_ARX_NLMS,103,SUCCESS,,1.0,0.32026163149521625,0.20914685844846634,0.07426273331865434,314.0,314.0,314.0,212,52,0.190993070602417
A1_Sparse_Support_Shift,C5_PERSISTENCE,104,SUCCESS,,1.0,8.220050760014708,2.280559098050932,1.9623958266726347,0.0,0.0,0.0,4,0,0.10993313789367676
A1_Sparse_Support_Shift,C6_ARX_NLMS,104,SUCCESS,,1.0,0.325945400266737,0.21282075755607002,0.07781386172430907,314.0,314.0,314.0,212,52,0.19184613227844238
A1_Sparse_Support_Shift,C5_PERSISTENCE,105,SUCCESS,,1.0,8.39986980312157,2.3063147674676268,1.9663704911391393,0.0,0.0,0.0,4,0,0.11871147155761719
A1_Sparse_Support_Shift,C6_ARX_NLMS,105,SUCCESS,,1.0,0.33572276769664366,0.20925791613294048,0.07859113999087375,314.0,314.0,314.0,212,52,0.18674635887145996
A1_Sparse_Support_Shift,C5_PERSISTENCE,106,SUCCESS,,1.0,8.152185037953378,2.255076104144176,1.97820192826577,0.0,0.0,0.0,4,0,0.13155555725097656
A1_Sparse_Support_Shift,C6_ARX_NLMS,106,SUCCESS,,1.0,0.3203355535898368,0.21288428901595496,0.07773233885802311,314.0,314.0,314.0,212,52,0.18942546844482422
A1_Sparse_Support_Shift,C5_PERSISTENCE,107,SUCCESS,,1.0,8.319961843182758,2.287016754512912,1.9836643116281212,0.0,0.0,0.0,4,0,0.12455487251281738
A1_Sparse_Support_Shift,C6_ARX_NLMS,107,SUCCESS,,1.0,0.3257550909630349,0.20537604341716614,0.07766727305414521,314.0,314.0,314.0,212,52,0.17969942092895508
A1_Sparse_Support_Shift,C5_PERSISTENCE,108,SUCCESS,,1.0,8.536972114760642,2.3313961155805645,1.9875655233491387,0.0,0.0,0.0,4,0,0.13155841827392578
A1_Sparse_Support_Shift,C6_ARX_NLMS,108,SUCCESS,,1.0,0.3204390199587409,0.20817889167645626,0.07460415002464103,314.0,314.0,314.0,212,52,0.18118619918823242
A1_Sparse_Support_Shift,C5_PERSISTENCE,109,SUCCESS,,1.0,8.489296616246436,2.3316388281367826,2.0256536621598555,0.0,0.0,0.0,4,0,0.12503314018249512
A1_Sparse_Support_Shift,C6_ARX_NLMS,109,SUCCESS,,1.0,0.32112612729735346,0.2134344988038157,0.07662475999839806,314.0,314.0,314.0,212,52,0.18709039688110352
A1_Sparse_Support_Shift,C5_PERSISTENCE,110,SUCCESS,,1.0,8.49600973903684,2.321905283030342,2.0169677245309248,0.0,0.0,0.0,4,0,0.13520359992980957
A1_Sparse_Support_Shift,C6_ARX_NLMS,110,SUCCESS,,1.0,0.3283775169192425,0.20847844779486538,0.077957402761029,314.0,314.0,314.0,212,52,0.196915864944458
A1_Sparse_Support_Shift,C5_PERSISTENCE,111,SUCCESS,,1.0,8.195133870320044,2.267518114703483,1.9747065870315106,0.0,0.0,0.0,4,0,0.12618660926818848
A1_Sparse_Support_Shift,C6_ARX_NLMS,111,SUCCESS,,1.0,0.3291475992153803,0.20325617815887276,0.07931169186023754,314.0,314.0,314.0,212,52,0.19008421897888184
A1_Sparse_Support_Shift,C5_PERSISTENCE,112,SUCCESS,,1.0,8.644339624067891,2.3307268399629644,1.9949715394493879,0.0,0.0,0.0,4,0,0.12036776542663574
A1_Sparse_Support_Shift,C6_ARX_NLMS,112,SUCCESS,,1.0,0.32193105407992456,0.20825405426596608,0.07429639723620225,314.0,314.0,314.0,212,52,0.18656444549560547
A1_Sparse_Support_Shift,C5_PERSISTENCE,113,SUCCESS,,1.0,8.190053607068089,2.2877484424699275,1.984038317147463,0.0,0.0,0.0,4,0,0.12438654899597168
A1_Sparse_Support_Shift,C6_ARX_NLMS,113,SUCCESS,,1.0,0.31809389173422514,0.2078855530291883,0.07705816102431923,314.0,314.0,314.0,212,52,0.1866459846496582
A1_Sparse_Support_Shift,C5_PERSISTENCE,114,SUCCESS,,1.0,8.364775118677644,2.300662503469484,1.9943209240516524,0.0,0.0,0.0,4,0,0.13041257858276367
A1_Sparse_Support_Shift,C6_ARX_NLMS,114,SUCCESS,,1.0,0.325054624541241,0.2091258918641212,0.07749918318005329,314.0,314.0,314.0,212,52,0.19810009002685547
A1_Sparse_Support_Shift,C5_PERSISTENCE,115,SUCCESS,,1.0,8.475570689217792,2.318829436504939,1.9791135737994368,0.0,0.0,0.0,4,0,0.12640142440795898
A1_Sparse_Support_Shift,C6_ARX_NLMS,115,SUCCESS,,1.0,0.32302743188875066,0.21189197016046316,0.07542949007243795,314.0,314.0,314.0,212,52,0.19810009002685547
A1_Sparse_Support_Shift,C5_PERSISTENCE,116,SUCCESS,,1.0,8.611970513838907,2.327936760944095,2.036789921205597,0.0,0.0,0.0,4,0,0.12540650367736816
A1_Sparse_Support_Shift,C6_ARX_NLMS,116,SUCCESS,,1.0,0.3230092250676521,0.20619608467345174,0.07639389069168503,314.0,314.0,314.0,212,52,0.18816542625427246
A1_Sparse_Support_Shift,C5_PERSISTENCE,117,SUCCESS,,1.0,8.403444276286173,2.315381462395601,2.006430902227175,0.0,0.0,0.0,4,0,0.12324666976928711
A1_Sparse_Support_Shift,C6_ARX_NLMS,117,SUCCESS,,1.0,0.32626037684855536,0.21836114307218019,0.07789888059691258,314.0,314.0,314.0,212,52,0.18757295608520508
A1_Sparse_Support_Shift,C5_PERSISTENCE,118,SUCCESS,,1.0,8.51081554940962,2.320564745687993,2.0227650361684217,0.0,0.0,0.0,4,0,0.12875843048095703
A1_Sparse_Support_Shift,C6_ARX_NLMS,118,SUCCESS,,1.0,0.33309813427399704,0.21054632765185838,0.07916741418148984,314.0,314.0,314.0,212,52,0.19870376586914062
A1_Sparse_Support_Shift,C5_PERSISTENCE,119,SUCCESS,,1.0,8.864228426587689,2.362850741571794,2.020728737337472,0.0,0.0,0.0,4,0,0.11881756782531738
A1_Sparse_Support_Shift,C6_ARX_NLMS,119,SUCCESS,,1.0,0.3290300887507652,0.20682185525436428,0.07500715502695117,314.0,314.0,314.0,212,52,0.1849217414855957
A1_Sparse_Support_Shift,C5_PERSISTENCE,120,SUCCESS,,1.0,8.258322877850777,2.285391782706968,1.979454413537439,0.0,0.0,0.0,4,0,0.122100830078125
A1_Sparse_Support_Shift,C6_ARX_NLMS,120,SUCCESS,,1.0,0.33171165094578886,0.2126919627339739,0.07950864857167149,314.0,314.0,314.0,212,52,0.1935873031616211
A1_Sparse_Support_Shift,C5_PERSISTENCE,121,SUCCESS,,1.0,8.595110994462454,2.336544071167649,2.0308631789277345,0.0,0.0,0.0,4,0,0.11819267272949219
A1_Sparse_Support_Shift,C6_ARX_NLMS,121,SUCCESS,,1.0,0.32539965432291607,0.21235689175861422,0.07688582228036171,314.0,314.0,314.0,212,52,0.18404436111450195
A1_Sparse_Support_Shift,C5_PERSISTENCE,122,SUCCESS,,1.0,8.277175596718994,2.2751547733079622,1.9353406306165288,0.0,0.0,0.0,4,0,0.11921191215515137
A1_Sparse_Support_Shift,C6_ARX_NLMS,122,SUCCESS,,1.0,0.3349111040288824,0.2103314123880902,0.07830775844947199,314.0,314.0,314.0,212,52,0.18671512603759766
A1_Sparse_Support_Shift,C5_PERSISTENCE,123,SUCCESS,,1.0,8.798644548048504,2.359638234557557,2.026016021121237,0.0,0.0,0.0,4,0,0.12124395370483398
A1_Sparse_Support_Shift,C6_ARX_NLMS,123,SUCCESS,,1.0,0.3297192440559417,0.2187854607286706,0.07592265686849277,314.0,314.0,314.0,212,52,0.18561029434204102
A1_Sparse_Support_Shift,C5_PERSISTENCE,124,SUCCESS,,1.0,8.45921871182026,2.3100117604100996,1.9946081896011392,0.0,0.0,0.0,4,0,0.11929583549499512
A1_Sparse_Support_Shift,C6_ARX_NLMS,124,SUCCESS,,1.0,0.3240949233852825,0.20991138845785026,0.07641868716423533,314.0,314.0,314.0,212,52,0.19879579544067383
A1_Sparse_Support_Shift,C5_PERSISTENCE,125,SUCCESS,,1.0,8.462542541960813,2.313376455223484,1.9867448602715372,0.0,0.0,0.0,4,0,0.12057280540466309
A1_Sparse_Support_Shift,C6_ARX_NLMS,125,SUCCESS,,1.0,0.3232336280090655,0.207417636405404,0.07588532003587849,314.0,314.0,314.0,212,52,0.17907142639160156
A1_Sparse_Support_Shift,C5_PERSISTENCE,126,SUCCESS,,1.0,8.328224987573984,2.2953389239324045,1.9863147880792877,0.0,0.0,0.0,4,0,0.12913203239440918
A1_Sparse_Support_Shift,C6_ARX_NLMS,126,SUCCESS,,1.0,0.3157790333000902,0.2049601746953273,0.0753145555679885,314.0,314.0,314.0,212,52,0.19962024688720703
A1_Sparse_Support_Shift,C5_PERSISTENCE,127,SUCCESS,,1.0,8.504687148231321,2.322287130212991,1.9998464884352345,0.0,0.0,0.0,4,0,0.11811017990112305
A1_Sparse_Support_Shift,C6_ARX_NLMS,127,SUCCESS,,1.0,0.3236936510594429,0.20609684205640702,0.07611539379607052,314.0,314.0,314.0,212,52,0.21187353134155273
A1_Sparse_Support_Shift,C5_PERSISTENCE,128,SUCCESS,,1.0,8.466097612971497,2.3144634859755846,1.9800783974388902,0.0,0.0,0.0,4,0,0.11828064918518066
A1_Sparse_Support_Shift,C6_ARX_NLMS,128,SUCCESS,,1.0,0.3258614185489944,0.21311233992940345,0.07621352657676103,314.0,314.0,314.0,212,52,0.21470236778259277
A1_Sparse_Support_Shift,C5_PERSISTENCE,129,SUCCESS,,1.0,8.419331546952638,2.2955975640165573,1.9860591269602192,0.0,0.0,0.0,4,0,0.12006735801696777
A1_Sparse_Support_Shift,C6_ARX_NLMS,129,SUCCESS,,1.0,0.3194969729794474,0.21134635782205477,0.07536701407746137,314.0,314.0,314.0,212,52,0.2166755199432373
A1_Sparse_Support_Shift,C5_PERSISTENCE,130,SUCCESS,,1.0,8.84839782418663,2.367197885351401,2.020996247606216,0.0,0.0,0.0,4,0,0.12233924865722656
A1_Sparse_Support_Shift,C6_ARX_NLMS,130,SUCCESS,,1.0,0.32402216549234125,0.2119694441104848,0.07400747498165947,314.0,314.0,314.0,212,52,0.18766355514526367
A2_Single_Delayed_Dependency,C5_PERSISTENCE,101,SUCCESS,,1.0,1.3235064247923791,0.9175462277211149,2.017961268557573,0.0,0.0,0.0,4,0,0.12883615493774414
A2_Single_Delayed_Dependency,C6_ARX_NLMS,101,SUCCESS,,1.0,0.6929794472951706,0.6648290849864019,1.0565915346935009,134.0,134.0,134.0,92,22,0.209991455078125
A2_Single_Delayed_Dependency,C5_PERSISTENCE,102,SUCCESS,,1.0,1.3112978525310017,0.9178236852034524,2.0346186345146084,0.0,0.0,0.0,4,0,0.12832880020141602
A2_Single_Delayed_Dependency,C6_ARX_NLMS,102,SUCCESS,,1.0,0.6823320354302035,0.6597593495162197,1.0587110102658785,134.0,134.0,134.0,92,22,0.211043119430542
A2_Single_Delayed_Dependency,C5_PERSISTENCE,103,SUCCESS,,1.0,1.2732039290289296,0.8983414360163807,1.9891078091903445,0.0,0.0,0.0,4,0,0.12227535247802734
A2_Single_Delayed_Dependency,C6_ARX_NLMS,103,SUCCESS,,1.0,0.6802413342637447,0.660306889147367,1.06273105138001,134.0,134.0,134.0,92,22,0.18381810188293457
A2_Single_Delayed_Dependency,C5_PERSISTENCE,104,SUCCESS,,1.0,1.273379681952689,0.9022723919282397,1.9996584759313139,0.0,0.0,0.0,4,0,0.12143611907958984
A2_Single_Delayed_Dependency,C6_ARX_NLMS,104,SUCCESS,,1.0,0.676775156311197,0.6569832165166104,1.0627774235742093,134.0,134.0,134.0,92,22,0.18215441703796387
A2_Single_Delayed_Dependency,C5_PERSISTENCE,105,SUCCESS,,1.0,1.2563020492962007,0.8984078755468341,1.991428565737563,0.0,0.0,0.0,4,0,0.12527155876159668
A2_Single_Delayed_Dependency,C6_ARX_NLMS,105,SUCCESS,,1.0,0.6676424490387649,0.6523351049941939,1.058314157379288,134.0,134.0,134.0,92,22,0.19807171821594238
A2_Single_Delayed_Dependency,C5_PERSISTENCE,106,SUCCESS,,1.0,1.263150037059493,0.8968458400945232,1.9734089337182414,0.0,0.0,0.0,4,0,0.1182701587677002
A2_Single_Delayed_Dependency,C6_ARX_NLMS,106,SUCCESS,,1.0,0.676706049698486,0.6542073136466207,1.057212306374081,134.0,134.0,134.0,92,22,0.18202710151672363
A2_Single_Delayed_Dependency,C5_PERSISTENCE,107,SUCCESS,,1.0,1.3434234759566417,0.9295101159767154,2.0718560809302575,0.0,0.0,0.0,4,0,0.1232755184173584
A2_Single_Delayed_Dependency,C6_ARX_NLMS,107,SUCCESS,,1.0,0.6885464634265334,0.6611409811910985,1.0618909098915643,134.0,134.0,134.0,92,22,0.18243885040283203
A2_Single_Delayed_Dependency,C5_PERSISTENCE,108,SUCCESS,,1.0,1.2859056115128593,0.8997116616199572,2.009330933478048,0.0,0.0,0.0,4,0,0.1270616054534912
A2_Single_Delayed_Dependency,C6_ARX_NLMS,108,SUCCESS,,1.0,0.6764850639299065,0.6551405751591951,1.0570623168764692,134.0,134.0,134.0,92,22,0.19492506980895996
A2_Single_Delayed_Dependency,C5_PERSISTENCE,109,SUCCESS,,1.0,1.2649765069500873,0.899976826833043,1.9727582240558181,0.0,0.0,0.0,4,0,0.12551283836364746
A2_Single_Delayed_Dependency,C6_ARX_NLMS,109,SUCCESS,,1.0,0.6830764614486633,0.6594915394201446,1.0652725165867196,134.0,134.0,134.0,92,22,0.18295073509216309
A2_Single_Delayed_Dependency,C5_PERSISTENCE,110,SUCCESS,,1.0,1.320310715899932,0.9175215539321577,2.031204323000262,0.0,0.0,0.0,4,0,0.13894391059875488
A2_Single_Delayed_Dependency,C6_ARX_NLMS,110,SUCCESS,,1.0,0.68546246599534,0.6603948467177598,1.0545353509723994,134.0,134.0,134.0,92,22,0.18142390251159668
A2_Single_Delayed_Dependency,C5_PERSISTENCE,111,SUCCESS,,1.0,1.2604755880881946,0.8945638196819636,1.9818275721358394,0.0,0.0,0.0,4,0,0.13146376609802246
A2_Single_Delayed_Dependency,C6_ARX_NLMS,111,SUCCESS,,1.0,0.6704565901586343,0.6526865015015911,1.0541492186388852,134.0,134.0,134.0,92,22,0.17992043495178223
A2_Single_Delayed_Dependency,C5_PERSISTENCE,112,SUCCESS,,1.0,1.2900020432782047,0.901910086922703,1.990691817454509,0.0,0.0,0.0,4,0,0.1269686222076416
A2_Single_Delayed_Dependency,C6_ARX_NLMS,112,SUCCESS,,1.0,0.6837238390347073,0.6570869132562625,1.0551017797662834,134.0,134.0,134.0,92,22,0.20136547088623047
A2_Single_Delayed_Dependency,C5_PERSISTENCE,113,SUCCESS,,1.0,1.2690320343235906,0.8996716371955156,1.99049598480783,0.0,0.0,0.0,4,0,0.11788153648376465
A2_Single_Delayed_Dependency,C6_ARX_NLMS,113,SUCCESS,,1.0,0.6782017722017089,0.6540977050594946,1.0637697614754067,134.0,134.0,134.0,92,22,0.18768906593322754
A2_Single_Delayed_Dependency,C5_PERSISTENCE,114,SUCCESS,,1.0,1.2406271620640315,0.8898816445323425,2.014045768918712,0.0,0.0,0.0,4,0,0.11957931518554688
A2_Single_Delayed_Dependency,C6_ARX_NLMS,114,SUCCESS,,1.0,0.6527922852615297,0.6463078935271137,1.059749117475717,134.0,134.0,134.0,92,22,0.18412065505981445
A2_Single_Delayed_Dependency,C5_PERSISTENCE,115,SUCCESS,,1.0,1.261742569644787,0.8980923950399495,2.018738560887676,0.0,0.0,0.0,4,0,0.11865448951721191
A2_Single_Delayed_Dependency,C6_ARX_NLMS,115,SUCCESS,,1.0,0.6606810667894959,0.6483253968772413,1.057063760915861,134.0,134.0,134.0,92,22,0.19322705268859863
A2_Single_Delayed_Dependency,C5_PERSISTENCE,116,SUCCESS,,1.0,1.2457665716622985,0.8929069733175056,1.9861919170784132,0.0,0.0,0.0,4,0,0.12014961242675781
A2_Single_Delayed_Dependency,C6_ARX_NLMS,116,SUCCESS,,1.0,0.6638973272608447,0.6452051728818975,1.0584868266419534,134.0,134.0,134.0,92,22,0.1832137107849121
A2_Single_Delayed_Dependency,C5_PERSISTENCE,117,SUCCESS,,1.0,1.2765640234959716,0.9013859194366921,1.9935160068269122,0.0,0.0,0.0,4,0,0.12461113929748535
A2_Single_Delayed_Dependency,C6_ARX_NLMS,117,SUCCESS,,1.0,0.6785588433840875,0.6608018511254304,1.059655364684028,134.0,134.0,134.0,92,22,0.18770408630371094
A2_Single_Delayed_Dependency,C5_PERSISTENCE,118,SUCCESS,,1.0,1.2725969951803628,0.897381260093739,1.9743324269420683,0.0,0.0,0.0,4,0,0.11840963363647461
A2_Single_Delayed_Dependency,C6_ARX_NLMS,118,SUCCESS,,1.0,0.6796499170906062,0.6542602513082628,1.0544224725992641,134.0,134.0,134.0,92,22,0.1853041648864746
A2_Single_Delayed_Dependency,C5_PERSISTENCE,119,SUCCESS,,1.0,1.2363804635224191,0.8890887546694423,1.9525353610793776,0.0,0.0,0.0,4,0,0.12301969528198242
A2_Single_Delayed_Dependency,C6_ARX_NLMS,119,SUCCESS,,1.0,0.670268407404554,0.6509564070497559,1.0585113607693457,134.0,134.0,134.0,92,22,0.1904892921447754
A2_Single_Delayed_Dependency,C5_PERSISTENCE,120,SUCCESS,,1.0,1.2747155962024688,0.9053107066058491,2.0162241639839578,0.0,0.0,0.0,4,0,0.12462162971496582
A2_Single_Delayed_Dependency,C6_ARX_NLMS,120,SUCCESS,,1.0,0.6709231886754835,0.6553442793125768,1.0612026315631722,134.0,134.0,134.0,92,22,0.20050048828125
A2_Single_Delayed_Dependency,C5_PERSISTENCE,121,SUCCESS,,1.0,1.2684108682426671,0.9025483411849576,1.9826140929257203,0.0,0.0,0.0,4,0,0.11678767204284668
A2_Single_Delayed_Dependency,C6_ARX_NLMS,121,SUCCESS,,1.0,0.6788362442134493,0.6609969548069968,1.0610680957275307,134.0,134.0,134.0,92,22,0.18456530570983887
A2_Single_Delayed_Dependency,C5_PERSISTENCE,122,SUCCESS,,1.0,1.3257652265742148,0.9195604099268707,2.0193632184866175,0.0,0.0,0.0,4,0,0.12914586067199707
A2_Single_Delayed_Dependency,C6_ARX_NLMS,122,SUCCESS,,1.0,0.6947642066220631,0.6662799865880572,1.0582426331990489,134.0,134.0,134.0,92,22,0.1941521167755127
A2_Single_Delayed_Dependency,C5_PERSISTENCE,123,SUCCESS,,1.0,1.324787551464293,0.9197836184697163,2.027202221048565,0.0,0.0,0.0,4,0,0.12042903900146484
A2_Single_Delayed_Dependency,C6_ARX_NLMS,123,SUCCESS,,1.0,0.6895983505776822,0.6594544326247049,1.0552298037352017,134.0,134.0,134.0,92,22,0.18633413314819336
A2_Single_Delayed_Dependency,C5_PERSISTENCE,124,SUCCESS,,1.0,1.2948739626961985,0.9079268110344839,2.029674167495944,0.0,0.0,0.0,4,0,0.12286686897277832
A2_Single_Delayed_Dependency,C6_ARX_NLMS,124,SUCCESS,,1.0,0.6790538018491529,0.6551110185337837,1.064395454429645,134.0,134.0,134.0,92,22,0.18074488639831543
A2_Single_Delayed_Dependency,C5_PERSISTENCE,125,SUCCESS,,1.0,1.2750666711945504,0.9048907015917811,1.9388556177260265,0.0,0.0,0.0,4,0,0.12237095832824707
A2_Single_Delayed_Dependency,C6_ARX_NLMS,125,SUCCESS,,1.0,0.697328683306809,0.665310292229212,1.0603521098737965,134.0,134.0,134.0,92,22,0.1757199764251709
A2_Single_Delayed_Dependency,C5_PERSISTENCE,126,SUCCESS,,1.0,1.270289149030595,0.8969757917756918,1.9862683431401589,0.0,0.0,0.0,4,0,0.11933255195617676
A2_Single_Delayed_Dependency,C6_ARX_NLMS,126,SUCCESS,,1.0,0.6760131160083815,0.6556451455941337,1.057037646034906,134.0,134.0,134.0,92,22,0.18078947067260742
A2_Single_Delayed_Dependency,C5_PERSISTENCE,127,SUCCESS,,1.0,1.3310231330862503,0.9236840237240099,2.059955423978981,0.0,0.0,0.0,4,0,0.12009859085083008
A2_Single_Delayed_Dependency,C6_ARX_NLMS,127,SUCCESS,,1.0,0.6853086176196942,0.6627367432570039,1.0606165804886487,134.0,134.0,134.0,92,22,0.18555593490600586
A2_Single_Delayed_Dependency,C5_PERSISTENCE,128,SUCCESS,,1.0,1.285483173738545,0.9014746038078207,2.0108708477218986,0.0,0.0,0.0,4,0,0.12477874755859375
A2_Single_Delayed_Dependency,C6_ARX_NLMS,128,SUCCESS,,1.0,0.6789203824376734,0.6550640118306869,1.0620296187912552,134.0,134.0,134.0,92,22,0.17992329597473145
A2_Single_Delayed_Dependency,C5_PERSISTENCE,129,SUCCESS,,1.0,1.2753622752748583,0.90784492576379,2.0255696367550047,0.0,0.0,0.0,4,0,0.13000178337097168
A2_Single_Delayed_Dependency,C6_ARX_NLMS,129,SUCCESS,,1.0,0.6617135101632465,0.6518074243130556,1.0509537724317455,134.0,134.0,134.0,92,22,0.19244098663330078
A2_Single_Delayed_Dependency,C5_PERSISTENCE,130,SUCCESS,,1.0,1.2361138246518513,0.8861060321872393,2.0066374248715566,0.0,0.0,0.0,4,0,0.1179964542388916
A2_Single_Delayed_Dependency,C6_ARX_NLMS,130,SUCCESS,,1.0,0.6526590132404245,0.6496882976697236,1.059489810347228,134.0,134.0,134.0,92,22,0.18343758583068848
A3_Multiple_Dispersed_Delays,C5_PERSISTENCE,101,SUCCESS,,1.0,1.0412109424947071,0.8168592540146131,2.0091730957584693,0.0,0.0,0.0,4,0,0.11772537231445312
A3_Multiple_Dispersed_Delays,C6_ARX_NLMS,101,SUCCESS,,1.0,0.5479346397298424,0.5910694720608447,1.0573222883555176,134.0,134.0,134.0,92,22,0.1824207305908203
A3_Multiple_Dispersed_Delays,C5_PERSISTENCE,102,SUCCESS,,1.0,1.0360140900421895,0.8092677793547023,2.031660399981357,0.0,0.0,0.0,4,0,0.12395381927490234
A3_Multiple_Dispersed_Delays,C6_ARX_NLMS,102,SUCCESS,,1.0,0.5391932929855866,0.5857996896580976,1.057377184174929,134.0,134.0,134.0,92,22,0.19325613975524902
A3_Multiple_Dispersed_Delays,C5_PERSISTENCE,103,SUCCESS,,1.0,1.0116424721564734,0.8007608427390518,2.0160469372369776,0.0,0.0,0.0,4,0,0.12349581718444824
A3_Multiple_Dispersed_Delays,C6_ARX_NLMS,103,SUCCESS,,1.0,0.5315870437570611,0.5828051206283367,1.0593707371308536,134.0,134.0,134.0,92,22,0.1922016143798828
A3_Multiple_Dispersed_Delays,C5_PERSISTENCE,104,SUCCESS,,1.0,0.9701469861001889,0.7816412595278984,1.954671892123149,0.0,0.0,0.0,4,0,0.12082076072692871
A3_Multiple_Dispersed_Delays,C6_ARX_NLMS,104,SUCCESS,,1.0,0.5231145383467491,0.5750465579522367,1.0539818183404328,134.0,134.0,134.0,92,22,0.180938720703125
A3_Multiple_Dispersed_Delays,C5_PERSISTENCE,105,SUCCESS,,1.0,0.9637778261941357,0.7851313610424615,1.9915446185128,0.0,0.0,0.0,4,0,0.12257122993469238
A3_Multiple_Dispersed_Delays,C6_ARX_NLMS,105,SUCCESS,,1.0,0.5137835382110431,0.5711705920739707,1.061679167952302,134.0,134.0,134.0,92,22,0.1971573829650879
A3_Multiple_Dispersed_Delays,C5_PERSISTENCE,106,SUCCESS,,1.0,1.0049356068193693,0.7966812728567502,1.9913471348841814,0.0,0.0,0.0,4,0,0.11805987358093262
A3_Multiple_Dispersed_Delays,C6_ARX_NLMS,106,SUCCESS,,1.0,0.5350969422353571,0.5820881625777738,1.0603303889073887,134.0,134.0,134.0,92,22,0.19064974784851074
A3_Multiple_Dispersed_Delays,C5_PERSISTENCE,107,SUCCESS,,1.0,1.0015663623402282,0.8024973589195418,2.0125097826610547,0.0,0.0,0.0,4,0,0.1165618896484375
A3_Multiple_Dispersed_Delays,C6_ARX_NLMS,107,SUCCESS,,1.0,0.5286030038491084,0.5778436149296231,1.062154996803871,134.0,134.0,134.0,92,22,0.18013858795166016
A3_Multiple_Dispersed_Delays,C5_PERSISTENCE,108,SUCCESS,,1.0,0.9907232896022867,0.797608815351662,1.9977125024655675,0.0,0.0,0.0,4,0,0.12833762168884277
A3_Multiple_Dispersed_Delays,C6_ARX_NLMS,108,SUCCESS,,1.0,0.5251981345483765,0.5764783171843713,1.0590190930911405,134.0,134.0,134.0,92,22,0.19936180114746094
A3_Multiple_Dispersed_Delays,C5_PERSISTENCE,109,SUCCESS,,1.0,0.981078803086906,0.7882685421301295,1.9974923143095464,0.0,0.0,0.0,4,0,0.12033486366271973
A3_Multiple_Dispersed_Delays,C6_ARX_NLMS,109,SUCCESS,,1.0,0.5209715194953636,0.5781245942096259,1.0607064416149383,134.0,134.0,134.0,92,22,0.19286060333251953
A3_Multiple_Dispersed_Delays,C5_PERSISTENCE,110,SUCCESS,,1.0,1.013133147315605,0.8009797059590328,2.001116707618017,0.0,0.0,0.0,4,0,0.1205453872680664
A3_Multiple_Dispersed_Delays,C6_ARX_NLMS,110,SUCCESS,,1.0,0.5398527523177477,0.5852540610912391,1.0663044291651085,134.0,134.0,134.0,92,22,0.17971491813659668
A3_Multiple_Dispersed_Delays,C5_PERSISTENCE,111,SUCCESS,,1.0,0.9923768707472874,0.7924514216279862,1.992758918018051,0.0,0.0,0.0,4,0,0.11798310279846191
A3_Multiple_Dispersed_Delays,C6_ARX_NLMS,111,SUCCESS,,1.0,0.527902369925394,0.5792429607964676,1.0600631539502943,134.0,134.0,134.0,92,22,0.1842210292816162
A3_Multiple_Dispersed_Delays,C5_PERSISTENCE,112,SUCCESS,,1.0,1.013887116454061,0.7998272211416672,1.9866300603482627,0.0,0.0,0.0,4,0,0.12088227272033691
A3_Multiple_Dispersed_Delays,C6_ARX_NLMS,112,SUCCESS,,1.0,0.5392470526765054,0.5842083380336769,1.0566111230883644,134.0,134.0,134.0,92,22,0.18906450271606445
A3_Multiple_Dispersed_Delays,C5_PERSISTENCE,113,SUCCESS,,1.0,0.9945011058057586,0.7945232616108754,1.9822587982644109,0.0,0.0,0.0,4,0,0.12006497383117676
A3_Multiple_Dispersed_Delays,C6_ARX_NLMS,113,SUCCESS,,1.0,0.5317717207907067,0.5807316520541316,1.0599376572352126,134.0,134.0,134.0,92,22,0.1875593662261963
A3_Multiple_Dispersed_Delays,C5_PERSISTENCE,114,SUCCESS,,1.0,0.9936228477044915,0.7949015801053894,2.016654722449205,0.0,0.0,0.0,4,0,0.12064385414123535
A3_Multiple_Dispersed_Delays,C6_ARX_NLMS,114,SUCCESS,,1.0,0.5192742244131635,0.5737475107416582,1.053917811298554,134.0,134.0,134.0,92,22,0.18422579765319824
A3_Multiple_Dispersed_Delays,C5_PERSISTENCE,115,SUCCESS,,1.0,0.969510962249911,0.7839602890045325,2.001879235236682,0.0,0.0,0.0,4,0,0.11864423751831055
A3_Multiple_Dispersed_Delays,C6_ARX_NLMS,115,SUCCESS,,1.0,0.5117248538532173,0.5703030608915707,1.0566268964158643,134.0,134.0,134.0,92,22,0.1807243824005127
A3_Multiple_Dispersed_Delays,C5_PERSISTENCE,116,SUCCESS,,1.0,0.9996441888117723,0.7989972150804302,1.9894240204204876,0.0,0.0,0.0,4,0,0.12465262413024902
A3_Multiple_Dispersed_Delays,C6_ARX_NLMS,116,SUCCESS,,1.0,0.5328681554789821,0.585869967356287,1.0604780381778995,134.0,134.0,134.0,92,22,0.1995079517364502
A3_Multiple_Dispersed_Delays,C5_PERSISTENCE,117,SUCCESS,,1.0,0.982265641946145,0.7938967835480908,2.0231621493419882,0.0,0.0,0.0,4,0,0.12215805053710938
A3_Multiple_Dispersed_Delays,C6_ARX_NLMS,117,SUCCESS,,1.0,0.5148737589911666,0.5716132144938832,1.0604800335034723,134.0,134.0,134.0,92,22,0.18398547172546387
A3_Multiple_Dispersed_Delays,C5_PERSISTENCE,118,SUCCESS,,1.0,1.0020365576769397,0.8007065572048219,1.9930894869446913,0.0,0.0,0.0,4,0,0.12765741348266602
A3_Multiple_Dispersed_Delays,C6_ARX_NLMS,118,SUCCESS,,1.0,0.535673781904644,0.584451336134336,1.0654758800629132,134.0,134.0,134.0,92,22,0.19316816329956055
A3_Multiple_Dispersed_Delays,C5_PERSISTENCE,119,SUCCESS,,1.0,0.9842553315098979,0.7923114106753658,1.9922236153568043,0.0,0.0,0.0,4,0,0.12164568901062012
A3_Multiple_Dispersed_Delays,C6_ARX_NLMS,119,SUCCESS,,1.0,0.5261719335025525,0.5805560532595081,1.0650205471111476,134.0,134.0,134.0,92,22,0.19116806983947754
A3_Multiple_Dispersed_Delays,C5_PERSISTENCE,120,SUCCESS,,1.0,1.0032462557249833,0.8008635697811606,1.995446867406543,0.0,0.0,0.0,4,0,0.1191396713256836
A3_Multiple_Dispersed_Delays,C6_ARX_NLMS,120,SUCCESS,,1.0,0.53227201971476,0.5851105284466814,1.0586837760789285,134.0,134.0,134.0,92,22,0.18916797637939453
A3_Multiple_Dispersed_Delays,C5_PERSISTENCE,121,SUCCESS,,1.0,0.9972906007902456,0.7972200536947471,1.9846658937492312,0.0,0.0,0.0,4,0,0.12348628044128418
A3_Multiple_Dispersed_Delays,C6_ARX_NLMS,121,SUCCESS,,1.0,0.5320810225532762,0.5821054038329285,1.0588719650380078,134.0,134.0,134.0,92,22,0.1904151439666748
A3_Multiple_Dispersed_Delays,C5_PERSISTENCE,122,SUCCESS,,1.0,1.0349305624370866,0.806669971230742,2.0392208948508572,0.0,0.0,0.0,4,0,0.11597561836242676
A3_Multiple_Dispersed_Delays,C6_ARX_NLMS,122,SUCCESS,,1.0,0.5392815157032192,0.582952901358167,1.0625970233589432,134.0,134.0,134.0,92,22,0.1934504508972168
A3_Multiple_Dispersed_Delays,C5_PERSISTENCE,123,SUCCESS,,1.0,1.0227362702798144,0.8085802900419623,2.0075599378942766,0.0,0.0,0.0,4,0,0.12254500389099121
A3_Multiple_Dispersed_Delays,C6_ARX_NLMS,123,SUCCESS,,1.0,0.5394667498221632,0.5862426280700948,1.0589355890083998,134.0,134.0,134.0,92,22,0.2093207836151123
A3_Multiple_Dispersed_Delays,C5_PERSISTENCE,124,SUCCESS,,1.0,1.0032798492770145,0.7968797866120738,2.0053486260165143,0.0,0.0,0.0,4,0,0.11563754081726074
A3_Multiple_Dispersed_Delays,C6_ARX_NLMS,124,SUCCESS,,1.0,0.5248942611950543,0.5792893060500659,1.0491549155003754,134.0,134.0,134.0,92,22,0.2095167636871338
A3_Multiple_Dispersed_Delays,C5_PERSISTENCE,125,SUCCESS,,1.0,1.0063846917404444,0.8000082238453652,1.9480662536334867,0.0,0.0,0.0,4,0,0.12164187431335449
A3_Multiple_Dispersed_Delays,C6_ARX_NLMS,125,SUCCESS,,1.0,0.5490407778372346,0.5899252244018983,1.0627822739669097,134.0,134.0,134.0,92,22,0.2013533115386963
A3_Multiple_Dispersed_Delays,C5_PERSISTENCE,126,SUCCESS,,1.0,1.0045537164663776,0.7973361845772359,2.007333220704683,0.0,0.0,0.0,4,0,0.11842799186706543
A3_Multiple_Dispersed_Delays,C6_ARX_NLMS,126,SUCCESS,,1.0,0.5288088762057542,0.5830705660611354,1.0566837862541012,134.0,134.0,134.0,92,22,0.1972653865814209
A3_Multiple_Dispersed_Delays,C5_PERSISTENCE,127,SUCCESS,,1.0,0.9992247250667954,0.7987722852890361,2.02436750609532,0.0,0.0,0.0,4,0,0.12165307998657227
A3_Multiple_Dispersed_Delays,C6_ARX_NLMS,127,SUCCESS,,1.0,0.5205823216473815,0.5751483531895994,1.0546675935387553,134.0,134.0,134.0,92,22,0.1989138126373291
A3_Multiple_Dispersed_Delays,C5_PERSISTENCE,128,SUCCESS,,1.0,1.0026724762057557,0.7954966420001378,1.989672825528783,0.0,0.0,0.0,4,0,0.12331390380859375
A3_Multiple_Dispersed_Delays,C6_ARX_NLMS,128,SUCCESS,,1.0,0.5353799160222368,0.5859313596308233,1.0623916538272795,134.0,134.0,134.0,92,22,0.1991441249847412
A3_Multiple_Dispersed_Delays,C5_PERSISTENCE,129,SUCCESS,,1.0,0.9976941722269629,0.8007723389486802,2.0248143804541416,0.0,0.0,0.0,4,0,0.1245579719543457
A3_Multiple_Dispersed_Delays,C6_ARX_NLMS,129,SUCCESS,,1.0,0.5187085489440876,0.5772840748005995,1.0527159107506163,134.0,134.0,134.0,92,22,0.19864726066589355
A3_Multiple_Dispersed_Delays,C5_PERSISTENCE,130,SUCCESS,,1.0,0.9846704734550679,0.7930545761471559,1.9887496286261086,0.0,0.0,0.0,4,0,0.1517961025238037
A3_Multiple_Dispersed_Delays,C6_ARX_NLMS,130,SUCCESS,,1.0,0.5222908016382185,0.57744740062609,1.0548763934681316,134.0,134.0,134.0,92,22,0.18739962577819824
A4_Long_Delay_Scaling,C5_PERSISTENCE,101,SUCCESS,,1.0,1.319656713134737,0.916156654963927,2.0212080131819254,0.0,0.0,0.0,4,0,0.11863589286804199
A4_Long_Delay_Scaling,C6_ARX_NLMS,101,SUCCESS,,1.0,0.6883125205524101,0.6630270435234354,1.0542308225062893,134.0,134.0,134.0,92,22,0.1788170337677002
A4_Long_Delay_Scaling,C5_PERSISTENCE,102,SUCCESS,,1.0,1.3106537028508152,0.9178731062438013,2.0295553678311804,0.0,0.0,0.0,4,0,0.12541747093200684
A4_Long_Delay_Scaling,C6_ARX_NLMS,102,SUCCESS,,1.0,0.6831626804575265,0.6609778926256651,1.0578816373910862,134.0,134.0,134.0,92,22,0.1898970603942871
A4_Long_Delay_Scaling,C5_PERSISTENCE,103,SUCCESS,,1.0,1.2666639310338548,0.8957210709815835,1.9907262077886683,0.0,0.0,0.0,4,0,0.1369311809539795
A4_Long_Delay_Scaling,C6_ARX_NLMS,103,SUCCESS,,1.0,0.6710958597520265,0.6572004628824207,1.05471394836072,134.0,134.0,134.0,92,22,0.19005918502807617
A4_Long_Delay_Scaling,C5_PERSISTENCE,104,SUCCESS,,1.0,1.2738434972913226,0.9019384750813498,1.998793039165127,0.0,0.0,0.0,4,0,0.12012243270874023
A4_Long_Delay_Scaling,C6_ARX_NLMS,104,SUCCESS,,1.0,0.6768519996636498,0.656860363261275,1.0620512396926738,134.0,134.0,134.0,92,22,0.1859128475189209
A4_Long_Delay_Scaling,C5_PERSISTENCE,105,SUCCESS,,1.0,1.2569430789946485,0.8986896317817851,1.9934097217093585,0.0,0.0,0.0,4,0,0.11862015724182129
A4_Long_Delay_Scaling,C6_ARX_NLMS,105,SUCCESS,,1.0,0.6679703115604876,0.6528788057109922,1.0593467080012253,134.0,134.0,134.0,92,22,0.18406105041503906
A4_Long_Delay_Scaling,C5_PERSISTENCE,106,SUCCESS,,1.0,1.2706092768275088,0.899925116494886,1.9745087954022162,0.0,0.0,0.0,4,0,0.12527108192443848
A4_Long_Delay_Scaling,C6_ARX_NLMS,106,SUCCESS,,1.0,0.6826603448105006,0.6582122117000413,1.0608444938054937,134.0,134.0,134.0,92,22,0.19943451881408691
A4_Long_Delay_Scaling,C5_PERSISTENCE,107,SUCCESS,,1.0,1.3383737574711905,0.9274281830613648,2.0685803958961344,0.0,0.0,0.0,4,0,0.11525464057922363
A4_Long_Delay_Scaling,C6_ARX_NLMS,107,SUCCESS,,1.0,0.6810546515822787,0.6580537003019763,1.052632938245055,134.0,134.0,134.0,92,22,0.18841791152954102
A4_Long_Delay_Scaling,C5_PERSISTENCE,108,SUCCESS,,1.0,1.2901882881663187,0.9013249542875174,2.0136310994517723,0.0,0.0,0.0,4,0,0.11525225639343262
A4_Long_Delay_Scaling,C6_ARX_NLMS,108,SUCCESS,,1.0,0.6753448857855882,0.6562498136450169,1.0540286850738028,134.0,134.0,134.0,92,22,0.18390870094299316
A4_Long_Delay_Scaling,C5_PERSISTENCE,109,SUCCESS,,1.0,1.2638712804491175,0.8996950587292634,1.976689593584957,0.0,0.0,0.0,4,0,0.12610840797424316
A4_Long_Delay_Scaling,C6_ARX_NLMS,109,SUCCESS,,1.0,0.6763533565510559,0.6548832754442572,1.0578139262770854,134.0,134.0,134.0,92,22,0.2093966007232666
A4_Long_Delay_Scaling,C5_PERSISTENCE,110,SUCCESS,,1.0,1.3118325212481567,0.914921815486392,2.0227709090676727,0.0,0.0,0.0,4,0,0.12024736404418945
A4_Long_Delay_Scaling,C6_ARX_NLMS,110,SUCCESS,,1.0,0.6841227864892492,0.6598623387718696,1.054878308264621,134.0,134.0,134.0,92,22,0.184370756149292
A4_Long_Delay_Scaling,C5_PERSISTENCE,111,SUCCESS,,1.0,1.255509355100393,0.8935905035445745,1.9823101715978153,0.0,0.0,0.0,4,0,0.12532758712768555
A4_Long_Delay_Scaling,C6_ARX_NLMS,111,SUCCESS,,1.0,0.6727166365470498,0.6544257493935202,1.0621450376398474,134.0,134.0,134.0,92,22,0.19457054138183594
A4_Long_Delay_Scaling,C5_PERSISTENCE,112,SUCCESS,,1.0,1.2953160068473502,0.9035888840500084,1.995922979458585,0.0,0.0,0.0,4,0,0.12181401252746582
A4_Long_Delay_Scaling,C6_ARX_NLMS,112,SUCCESS,,1.0,0.6890114759355069,0.6630317845021656,1.0616821151446016,134.0,134.0,134.0,92,22,0.18005084991455078
A4_Long_Delay_Scaling,C5_PERSISTENCE,113,SUCCESS,,1.0,1.2747844246773914,0.9008911731376169,1.9942894996801446,0.0,0.0,0.0,4,0,0.11817693710327148
A4_Long_Delay_Scaling,C6_ARX_NLMS,113,SUCCESS,,1.0,0.6747451328667637,0.6549321599976666,1.0555801493864425,134.0,134.0,134.0,92,22,0.17955422401428223
A4_Long_Delay_Scaling,C5_PERSISTENCE,114,SUCCESS,,1.0,1.239214212333271,0.8903633782000075,2.0122430298911946,0.0,0.0,0.0,4,0,0.12017536163330078
A4_Long_Delay_Scaling,C6_ARX_NLMS,114,SUCCESS,,1.0,0.6519992305575337,0.6476413578791866,1.0587200292946435,134.0,134.0,134.0,92,22,0.17805981636047363
A4_Long_Delay_Scaling,C5_PERSISTENCE,115,SUCCESS,,1.0,1.261309934899022,0.8979978412697078,2.017814764626006,0.0,0.0,0.0,4,0,0.11867475509643555
A4_Long_Delay_Scaling,C6_ARX_NLMS,115,SUCCESS,,1.0,0.6632741622086978,0.6485569692904624,1.0610908234912158,134.0,134.0,134.0,92,22,0.18156218528747559
A4_Long_Delay_Scaling,C5_PERSISTENCE,116,SUCCESS,,1.0,1.2456660553710588,0.8936492429774708,1.9877627209473598,0.0,0.0,0.0,4,0,0.12180018424987793
A4_Long_Delay_Scaling,C6_ARX_NLMS,116,SUCCESS,,1.0,0.6644463818610616,0.6473729425240435,1.0602855735186139,134.0,134.0,134.0,92,22,0.17939090728759766
A4_Long_Delay_Scaling,C5_PERSISTENCE,117,SUCCESS,,1.0,1.2874934872502173,0.9059708970189714,2.000719322330525,0.0,0.0,0.0,4,0,0.12448883056640625
A4_Long_Delay_Scaling,C6_ARX_NLMS,117,SUCCESS,,1.0,0.6824495694755609,0.6618644620530608,1.0605024830704615,134.0,134.0,134.0,92,22,0.18750500679016113
A4_Long_Delay_Scaling,C5_PERSISTENCE,118,SUCCESS,,1.0,1.2690910364768433,0.8964271262551456,1.9744145752196676,0.0,0.0,0.0,4,0,0.11983728408813477
A4_Long_Delay_Scaling,C6_ARX_NLMS,118,SUCCESS,,1.0,0.6773213304648213,0.6530437048167893,1.053756640413654,134.0,134.0,134.0,92,22,0.1865065097808838
A4_Long_Delay_Scaling,C5_PERSISTENCE,119,SUCCESS,,1.0,1.2375222163027328,0.8885937338207002,1.955550486254701,0.0,0.0,0.0,4,0,0.12532877922058105
A4_Long_Delay_Scaling,C6_ARX_NLMS,119,SUCCESS,,1.0,0.6670332534742949,0.6483566310345911,1.0540555846155535,134.0,134.0,134.0,92,22,0.19049978256225586
A4_Long_Delay_Scaling,C5_PERSISTENCE,120,SUCCESS,,1.0,1.277755772129202,0.9073400711826461,2.017145765153101,0.0,0.0,0.0,4,0,0.12032747268676758
A4_Long_Delay_Scaling,C6_ARX_NLMS,120,SUCCESS,,1.0,0.6691001536813757,0.6543014678214082,1.0562836583493844,134.0,134.0,134.0,92,22,0.18349480628967285
A4_Long_Delay_Scaling,C5_PERSISTENCE,121,SUCCESS,,1.0,1.2665656704877404,0.9023189701368179,1.9823693999978327,0.0,0.0,0.0,4,0,0.12283444404602051
A4_Long_Delay_Scaling,C6_ARX_NLMS,121,SUCCESS,,1.0,0.6799532000250643,0.6590561653824241,1.0642309740174978,134.0,134.0,134.0,92,22,0.18399262428283691
A4_Long_Delay_Scaling,C5_PERSISTENCE,122,SUCCESS,,1.0,1.3237084433030741,0.9178007383717919,2.019231674727754,0.0,0.0,0.0,4,0,0.11782026290893555
A4_Long_Delay_Scaling,C6_ARX_NLMS,122,SUCCESS,,1.0,0.6894981894815917,0.664340585688728,1.0517849235701369,134.0,134.0,134.0,92,22,0.1789844036102295
A4_Long_Delay_Scaling,C5_PERSISTENCE,123,SUCCESS,,1.0,1.324211951077634,0.9199932592366925,2.028135866053749,0.0,0.0,0.0,4,0,0.12683606147766113
A4_Long_Delay_Scaling,C6_ARX_NLMS,123,SUCCESS,,1.0,0.691220332300317,0.6622243014773742,1.0586588847374596,134.0,134.0,134.0,92,22,0.18349766731262207
A4_Long_Delay_Scaling,C5_PERSISTENCE,124,SUCCESS,,1.0,1.2948595744276559,0.9083138442203715,2.028987325952734,0.0,0.0,0.0,4,0,0.13178801536560059
A4_Long_Delay_Scaling,C6_ARX_NLMS,124,SUCCESS,,1.0,0.6788211348096468,0.6554551141830673,1.063682507600423,134.0,134.0,134.0,92,22,0.18950152397155762
A4_Long_Delay_Scaling,C5_PERSISTENCE,125,SUCCESS,,1.0,1.2777464125848101,0.906318727553675,1.9409280919639496,0.0,0.0,0.0,4,0,0.11982583999633789
A4_Long_Delay_Scaling,C6_ARX_NLMS,125,SUCCESS,,1.0,0.6989934279644585,0.6673945690090308,1.0617881350101983,134.0,134.0,134.0,92,22,0.192002534866333
A4_Long_Delay_Scaling,C5_PERSISTENCE,126,SUCCESS,,1.0,1.26816240054628,0.8956444976269459,1.9887392728103936,0.0,0.0,0.0,4,0,0.13614654541015625
A4_Long_Delay_Scaling,C6_ARX_NLMS,126,SUCCESS,,1.0,0.6742982074581018,0.6556691253549105,1.0574381689442298,134.0,134.0,134.0,92,22,0.19600176811218262
A4_Long_Delay_Scaling,C5_PERSISTENCE,127,SUCCESS,,1.0,1.3187394075080696,0.9202806704114112,2.055512857329286,0.0,0.0,0.0,4,0,0.12263369560241699
A4_Long_Delay_Scaling,C6_ARX_NLMS,127,SUCCESS,,1.0,0.6796741966552126,0.6604032566865691,1.0594049454089693,134.0,134.0,134.0,92,22,0.1874983310699463
A4_Long_Delay_Scaling,C5_PERSISTENCE,128,SUCCESS,,1.0,1.2884874607343428,0.9025323425821685,2.012968210519063,0.0,0.0,0.0,4,0,0.12764525413513184
A4_Long_Delay_Scaling,C6_ARX_NLMS,128,SUCCESS,,1.0,0.676169027046157,0.6535847596798298,1.0563601104862814,134.0,134.0,134.0,92,22,0.19199895858764648
A4_Long_Delay_Scaling,C5_PERSISTENCE,129,SUCCESS,,1.0,1.2779655157625645,0.9089638569071573,2.024377693255577,0.0,0.0,0.0,4,0,0.11941957473754883
A4_Long_Delay_Scaling,C6_ARX_NLMS,129,SUCCESS,,1.0,0.6671028119908449,0.6524753072971335,1.0567327795981323,134.0,134.0,134.0,92,22,0.18368077278137207
A4_Long_Delay_Scaling,C5_PERSISTENCE,130,SUCCESS,,1.0,1.2347675205079647,0.8853066202031743,2.009616284302153,0.0,0.0,0.0,4,0,0.12042570114135742
A4_Long_Delay_Scaling,C6_ARX_NLMS,130,SUCCESS,,1.0,0.6512614274426258,0.6455307385949862,1.0599449274371515,134.0,134.0,134.0,92,22,0.17719268798828125
A5_Set_Reset_Quiescent_Memory,C5_PERSISTENCE,101,SUCCESS,,1.0,0.03296976809387199,0.06968455335252495,0.03348537375736952,0.0,0.0,0.0,4,0,0.12142515182495117
A5_Set_Reset_Quiescent_Memory,C6_ARX_NLMS,101,SUCCESS,,1.0,0.025109105972324318,0.07701956535857446,0.025501780776946203,74.0,74.0,74.0,52,12,0.18544459342956543
A5_Set_Reset_Quiescent_Memory,C5_PERSISTENCE,102,SUCCESS,,1.0,0.026208119806474143,0.06627659709782856,0.0282014007569379,0.0,0.0,0.0,4,0,0.11612653732299805
A5_Set_Reset_Quiescent_Memory,C6_ARX_NLMS,102,SUCCESS,,1.0,0.02199473801470912,0.07234687002426853,0.023667566612063536,74.0,74.0,74.0,52,12,0.17833232879638672
A5_Set_Reset_Quiescent_Memory,C5_PERSISTENCE,103,SUCCESS,,1.0,0.028869696554277194,0.06845646679154473,0.02948017264805002,0.0,0.0,0.0,4,0,0.11813569068908691
A5_Set_Reset_Quiescent_Memory,C6_ARX_NLMS,103,SUCCESS,,1.0,0.023511369394343944,0.07489958224690785,0.024008538767777577,74.0,74.0,74.0,52,12,0.18306517601013184
A5_Set_Reset_Quiescent_Memory,C5_PERSISTENCE,104,SUCCESS,,1.0,0.025660589899258242,0.0665562058263162,0.026804189152359773,0.0,0.0,0.0,4,0,0.11913609504699707
A5_Set_Reset_Quiescent_Memory,C6_ARX_NLMS,104,SUCCESS,,1.0,0.021015284497803363,0.07223584036778748,0.02195185936805211,74.0,74.0,74.0,52,12,0.18508529663085938
A5_Set_Reset_Quiescent_Memory,C5_PERSISTENCE,105,SUCCESS,,1.0,0.022929021318865164,0.06554494239638936,0.02287612734592629,0.0,0.0,0.0,4,0,0.11663079261779785
A5_Set_Reset_Quiescent_Memory,C6_ARX_NLMS,105,SUCCESS,,1.0,0.019805596891189315,0.07108757022709378,0.019759908211701767,74.0,74.0,74.0,52,12,0.18160796165466309
A5_Set_Reset_Quiescent_Memory,C5_PERSISTENCE,106,SUCCESS,,1.0,0.02448871314946179,0.06710287641418618,0.02639685273666849,0.0,0.0,0.0,4,0,0.12061810493469238
A5_Set_Reset_Quiescent_Memory,C6_ARX_NLMS,106,SUCCESS,,1.0,0.020981222753975102,0.07272824247360278,0.022616061688978173,74.0,74.0,74.0,52,12,0.1868724822998047
A5_Set_Reset_Quiescent_Memory,C5_PERSISTENCE,107,SUCCESS,,1.0,0.019232170169036913,0.06254915717534626,0.021855349332674443,0.0,0.0,0.0,4,0,0.11610960960388184
A5_Set_Reset_Quiescent_Memory,C6_ARX_NLMS,107,SUCCESS,,1.0,0.017537585512418963,0.06752369890584682,0.01992963115741611,74.0,74.0,74.0,52,12,0.18487191200256348
A5_Set_Reset_Quiescent_Memory,C5_PERSISTENCE,108,SUCCESS,,1.0,0.026588397923548696,0.06644244137590147,0.026566102006526284,0.0,0.0,0.0,4,0,0.12638282775878906
A5_Set_Reset_Quiescent_Memory,C6_ARX_NLMS,108,SUCCESS,,1.0,0.022388145291109246,0.07281483407371019,0.022369371530045055,74.0,74.0,74.0,52,12,0.19638609886169434
A5_Set_Reset_Quiescent_Memory,C5_PERSISTENCE,109,SUCCESS,,1.0,0.019658719118741324,0.06418184631079085,0.020316132684050348,0.0,0.0,0.0,4,0,0.11936426162719727
A5_Set_Reset_Quiescent_Memory,C6_ARX_NLMS,109,SUCCESS,,1.0,0.017791970084935344,0.06880661912148711,0.018386957093842655,74.0,74.0,74.0,52,12,0.18449878692626953
A5_Set_Reset_Quiescent_Memory,C5_PERSISTENCE,110,SUCCESS,,1.0,0.019074231289965847,0.062466930193799994,0.020143429352781458,0.0,0.0,0.0,4,0,0.12616872787475586
A5_Set_Reset_Quiescent_Memory,C6_ARX_NLMS,110,SUCCESS,,1.0,0.016942389828467255,0.0676554053557846,0.01789208840916935,74.0,74.0,74.0,52,12,0.19294118881225586
A5_Set_Reset_Quiescent_Memory,C5_PERSISTENCE,111,SUCCESS,,1.0,0.024854032394219006,0.06530226535420156,0.025243686548070788,0.0,0.0,0.0,4,0,0.1165165901184082
A5_Set_Reset_Quiescent_Memory,C6_ARX_NLMS,111,SUCCESS,,1.0,0.020716155331488288,0.07072074220359457,0.02104093707509906,74.0,74.0,74.0,52,12,0.21446919441223145
A5_Set_Reset_Quiescent_Memory,C5_PERSISTENCE,112,SUCCESS,,1.0,0.02720458278994341,0.06746886837269675,0.028719879127278476,0.0,0.0,0.0,4,0,0.11776208877563477
A5_Set_Reset_Quiescent_Memory,C6_ARX_NLMS,112,SUCCESS,,1.0,0.022461618560951607,0.07366075746923871,0.023712731603148646,74.0,74.0,74.0,52,12,0.22835874557495117
A5_Set_Reset_Quiescent_Memory,C5_PERSISTENCE,113,SUCCESS,,1.0,0.02339466311579144,0.06542113439775049,0.023941238336819996,0.0,0.0,0.0,4,0,0.12430000305175781
A5_Set_Reset_Quiescent_Memory,C6_ARX_NLMS,113,SUCCESS,,1.0,0.020465197793046872,0.07112449451010021,0.020943331201156403,74.0,74.0,74.0,52,12,0.20533394813537598
A5_Set_Reset_Quiescent_Memory,C5_PERSISTENCE,114,SUCCESS,,1.0,0.028882505124422957,0.06728973522480643,0.02967199396025343,0.0,0.0,0.0,4,0,0.1222834587097168
A5_Set_Reset_Quiescent_Memory,C6_ARX_NLMS,114,SUCCESS,,1.0,0.02324073914043551,0.07471489014204417,0.02387601312407299,74.0,74.0,74.0,52,12,0.1988217830657959
A5_Set_Reset_Quiescent_Memory,C5_PERSISTENCE,115,SUCCESS,,1.0,0.022069321121343664,0.064397392854584,0.022954843079122676,0.0,0.0,0.0,4,0,0.12453579902648926
A5_Set_Reset_Quiescent_Memory,C6_ARX_NLMS,115,SUCCESS,,1.0,0.019211875572995016,0.07024708479486673,0.019982743764928302,74.0,74.0,74.0,52,12,0.1858043670654297
A5_Set_Reset_Quiescent_Memory,C5_PERSISTENCE,116,SUCCESS,,1.0,0.020362042456278907,0.06463427864897058,0.020308541424503206,0.0,0.0,0.0,4,0,0.11753559112548828
A5_Set_Reset_Quiescent_Memory,C6_ARX_NLMS,116,SUCCESS,,1.0,0.018302035737037037,0.06951747260395227,0.01825394734916388,74.0,74.0,74.0,52,12,0.17621803283691406
A5_Set_Reset_Quiescent_Memory,C5_PERSISTENCE,117,SUCCESS,,1.0,0.02666675296497338,0.06685233989943615,0.026929292370726957,0.0,0.0,0.0,4,0,0.1223897933959961
A5_Set_Reset_Quiescent_Memory,C6_ARX_NLMS,117,SUCCESS,,1.0,0.02201061898644539,0.07242209496634072,0.022227317841253844,74.0,74.0,74.0,52,12,0.19110679626464844
A5_Set_Reset_Quiescent_Memory,C5_PERSISTENCE,118,SUCCESS,,1.0,0.026772546590252612,0.06711098764807405,0.02882308210686742,0.0,0.0,0.0,4,0,0.11658334732055664
A5_Set_Reset_Quiescent_Memory,C6_ARX_NLMS,118,SUCCESS,,1.0,0.02224254279100211,0.07344126176714076,0.02394612088802856,74.0,74.0,74.0,52,12,0.18742966651916504
A5_Set_Reset_Quiescent_Memory,C5_PERSISTENCE,119,SUCCESS,,1.0,0.022549157312124726,0.06344413241166845,0.022543493940371268,0.0,0.0,0.0,4,0,0.1210787296295166
A5_Set_Reset_Quiescent_Memory,C6_ARX_NLMS,119,SUCCESS,,1.0,0.01949444490923748,0.06892571420153089,0.01948954874894554,74.0,74.0,74.0,52,12,0.20263385772705078
A5_Set_Reset_Quiescent_Memory,C5_PERSISTENCE,120,SUCCESS,,1.0,0.024060968651836503,0.06652915484115556,0.02486672536318409,0.0,0.0,0.0,4,0,0.1215524673461914
A5_Set_Reset_Quiescent_Memory,C6_ARX_NLMS,120,SUCCESS,,1.0,0.020808123099243257,0.07201732573053797,0.021504948114078323,74.0,74.0,74.0,52,12,0.18791484832763672
A5_Set_Reset_Quiescent_Memory,C5_PERSISTENCE,121,SUCCESS,,1.0,0.021156523617695648,0.06417933706668376,0.02125704341794683,0.0,0.0,0.0,4,0,0.12099480628967285
A5_Set_Reset_Quiescent_Memory,C6_ARX_NLMS,121,SUCCESS,,1.0,0.018817680105928544,0.06904905623356232,0.018907087490601916,74.0,74.0,74.0,52,12,0.184617280960083
A5_Set_Reset_Quiescent_Memory,C5_PERSISTENCE,122,SUCCESS,,1.0,0.025436120268285792,0.06580875266814243,0.02542346819091931,0.0,0.0,0.0,4,0,0.1166694164276123
A5_Set_Reset_Quiescent_Memory,C6_ARX_NLMS,122,SUCCESS,,1.0,0.02206292617097403,0.07216452156227735,0.022051951940395546,74.0,74.0,74.0,52,12,0.19012856483459473
A5_Set_Reset_Quiescent_Memory,C5_PERSISTENCE,123,SUCCESS,,1.0,0.028482312664812423,0.06766393185682765,0.02864949109968133,0.0,0.0,0.0,4,0,0.12575387954711914
A5_Set_Reset_Quiescent_Memory,C6_ARX_NLMS,123,SUCCESS,,1.0,0.023040190427982363,0.07358893786328512,0.02317542603964638,74.0,74.0,74.0,52,12,0.18512511253356934
A5_Set_Reset_Quiescent_Memory,C5_PERSISTENCE,124,SUCCESS,,1.0,0.027491203391825154,0.06684611183917244,0.02737499574817484,0.0,0.0,0.0,4,0,0.1296522617340088
A5_Set_Reset_Quiescent_Memory,C6_ARX_NLMS,124,SUCCESS,,1.0,0.022339219933034893,0.07354039804915559,0.022244790159539563,74.0,74.0,74.0,52,12,0.19248080253601074
A5_Set_Reset_Quiescent_Memory,C5_PERSISTENCE,125,SUCCESS,,1.0,0.026431829923624497,0.06817032760522494,0.026371833232822023,0.0,0.0,0.0,4,0,0.13466525077819824
A5_Set_Reset_Quiescent_Memory,C6_ARX_NLMS,125,SUCCESS,,1.0,0.021753976491082204,0.07339523730089877,0.021704597896976874,74.0,74.0,74.0,52,12,0.19640016555786133
A5_Set_Reset_Quiescent_Memory,C5_PERSISTENCE,126,SUCCESS,,1.0,0.021649160781460505,0.06454398934505923,0.021651557769373435,0.0,0.0,0.0,4,0,0.13628768920898438
A5_Set_Reset_Quiescent_Memory,C6_ARX_NLMS,126,SUCCESS,,1.0,0.01894224257363742,0.07005302368268043,0.018944339852462737,74.0,74.0,74.0,52,12,0.1981964111328125
A5_Set_Reset_Quiescent_Memory,C5_PERSISTENCE,127,SUCCESS,,1.0,0.026008380183789273,0.0668073120469049,0.026505132654895285,0.0,0.0,0.0,4,0,0.12127137184143066
A5_Set_Reset_Quiescent_Memory,C6_ARX_NLMS,127,SUCCESS,,1.0,0.021264732855367417,0.07297699484722353,0.021670883046908253,74.0,74.0,74.0,52,12,0.18177390098571777
A5_Set_Reset_Quiescent_Memory,C5_PERSISTENCE,128,SUCCESS,,1.0,0.02889768013722904,0.06872964136024498,0.029078711152222277,0.0,0.0,0.0,4,0,0.11929893493652344
A5_Set_Reset_Quiescent_Memory,C6_ARX_NLMS,128,SUCCESS,,1.0,0.023439318504549445,0.07510627339984902,0.023586155330186594,74.0,74.0,74.0,52,12,0.1797654628753662
A5_Set_Reset_Quiescent_Memory,C5_PERSISTENCE,129,SUCCESS,,1.0,0.025623343795158016,0.06635639570850632,0.025540398068068782,0.0,0.0,0.0,4,0,0.13666772842407227
A5_Set_Reset_Quiescent_Memory,C6_ARX_NLMS,129,SUCCESS,,1.0,0.021585652727935323,0.07289437870300242,0.021515777473771477,74.0,74.0,74.0,52,12,0.1921544075012207
A5_Set_Reset_Quiescent_Memory,C5_PERSISTENCE,130,SUCCESS,,1.0,0.03224146611319966,0.06915817895169483,0.03231701977126919,0.0,0.0,0.0,4,0,0.11652326583862305
A5_Set_Reset_Quiescent_Memory,C6_ARX_NLMS,130,SUCCESS,,1.0,0.02442524964071676,0.0765898135993727,0.024482487017985475,74.0,74.0,74.0,52,12,0.17727017402648926
A6_Context_Routing,C5_PERSISTENCE,101,SUCCESS,,1.0,1.4467491193461157,0.8453287685913325,1.9490516419275448,0.0,0.0,0.0,4,0,0.1281278133392334
A6_Context_Routing,C6_ARX_NLMS,101,SUCCESS,,1.0,0.3998596550967238,0.5038330996744244,0.5386885029928971,74.0,74.0,74.0,52,12,0.19415283203125
A6_Context_Routing,C5_PERSISTENCE,102,SUCCESS,,1.0,1.4927386532075428,0.8541207374088862,1.9833084865082,0.0,0.0,0.0,4,0,0.12512850761413574
A6_Context_Routing,C6_ARX_NLMS,102,SUCCESS,,1.0,0.39162653636916805,0.49365647040206495,0.5203296849410334,74.0,74.0,74.0,52,12,0.1836411952972412
A6_Context_Routing,C5_PERSISTENCE,103,SUCCESS,,1.0,1.5103793599904998,0.867829665644394,1.9835243346259839,0.0,0.0,0.0,4,0,0.11811542510986328
A6_Context_Routing,C6_ARX_NLMS,103,SUCCESS,,1.0,0.40195457275900986,0.5018293011533744,0.5278718033373427,74.0,74.0,74.0,52,12,0.1808795928955078
A6_Context_Routing,C5_PERSISTENCE,104,SUCCESS,,1.0,1.4569279822232124,0.8462300398106763,1.9681993072524069,0.0,0.0,0.0,4,0,0.11729216575622559
A6_Context_Routing,C6_ARX_NLMS,104,SUCCESS,,1.0,0.40537911850728103,0.5052906635965574,0.5476364720534159,74.0,74.0,74.0,52,12,0.18323206901550293
A6_Context_Routing,C5_PERSISTENCE,105,SUCCESS,,1.0,1.4076407628228298,0.8283738483408181,1.9648209731561863,0.0,0.0,0.0,4,0,0.11823391914367676
A6_Context_Routing,C6_ARX_NLMS,105,SUCCESS,,1.0,0.38556504442870665,0.4910772808185364,0.5381815487427521,74.0,74.0,74.0,52,12,0.18221092224121094
A6_Context_Routing,C5_PERSISTENCE,106,SUCCESS,,1.0,1.4290613830169625,0.8434854182632743,1.942951830711683,0.0,0.0,0.0,4,0,0.11642742156982422
A6_Context_Routing,C6_ARX_NLMS,106,SUCCESS,,1.0,0.39485695420716665,0.49901257871297783,0.536847507856104,74.0,74.0,74.0,52,12,0.17920994758605957
A6_Context_Routing,C5_PERSISTENCE,107,SUCCESS,,1.0,1.5300125008235768,0.8656762444041612,1.9649395741944953,0.0,0.0,0.0,4,0,0.12050461769104004
A6_Context_Routing,C6_ARX_NLMS,107,SUCCESS,,1.0,0.4043991234153202,0.5025796948386915,0.5193551300663214,74.0,74.0,74.0,52,12,0.19383811950683594
A6_Context_Routing,C5_PERSISTENCE,108,SUCCESS,,1.0,1.473757132143031,0.8520588268110636,1.969644685940646,0.0,0.0,0.0,4,0,0.11883425712585449
A6_Context_Routing,C6_ARX_NLMS,108,SUCCESS,,1.0,0.39275885195850474,0.4978017348280316,0.5249137518956813,74.0,74.0,74.0,52,12,0.18983793258666992
A6_Context_Routing,C5_PERSISTENCE,109,SUCCESS,,1.0,1.424562310473689,0.8356246899889339,1.9188632351453132,0.0,0.0,0.0,4,0,0.1259598731994629
A6_Context_Routing,C6_ARX_NLMS,109,SUCCESS,,1.0,0.3952761309390243,0.49907168855755907,0.5324307893118216,74.0,74.0,74.0,52,12,0.19344472885131836
A6_Context_Routing,C5_PERSISTENCE,110,SUCCESS,,1.0,1.496583789878814,0.859545252391173,1.9509328154270977,0.0,0.0,0.0,4,0,0.11675548553466797
A6_Context_Routing,C6_ARX_NLMS,110,SUCCESS,,1.0,0.40266373391741855,0.5043103814315351,0.5249087270586492,74.0,74.0,74.0,52,12,0.1804354190826416
A6_Context_Routing,C5_PERSISTENCE,111,SUCCESS,,1.0,1.4598724283950972,0.8464790613930784,1.9716113811995521,0.0,0.0,0.0,4,0,0.12346506118774414
A6_Context_Routing,C6_ARX_NLMS,111,SUCCESS,,1.0,0.4033127292794098,0.5048741349488438,0.5446886671488895,74.0,74.0,74.0,52,12,0.1888291835784912
A6_Context_Routing,C5_PERSISTENCE,112,SUCCESS,,1.0,1.4548383231021302,0.8494764537135345,1.9750091868889856,0.0,0.0,0.0,4,0,0.12424898147583008
A6_Context_Routing,C6_ARX_NLMS,112,SUCCESS,,1.0,0.40134062567811984,0.5031925805911011,0.5448381515658052,74.0,74.0,74.0,52,12,0.19144487380981445
A6_Context_Routing,C5_PERSISTENCE,113,SUCCESS,,1.0,1.5441444214303153,0.8741556771967105,1.9976922337182477,0.0,0.0,0.0,4,0,0.11830425262451172
A6_Context_Routing,C6_ARX_NLMS,113,SUCCESS,,1.0,0.40197546555972447,0.501570214722679,0.5200441451908439,74.0,74.0,74.0,52,12,0.1859300136566162
A6_Context_Routing,C5_PERSISTENCE,114,SUCCESS,,1.0,1.5270902589232958,0.863832582517518,1.9451132981405739,0.0,0.0,0.0,4,0,0.11752057075500488
A6_Context_Routing,C6_ARX_NLMS,114,SUCCESS,,1.0,0.41521286164903626,0.510413604539506,0.5288725103400123,74.0,74.0,74.0,52,12,0.18160414695739746
A6_Context_Routing,C5_PERSISTENCE,115,SUCCESS,,1.0,1.5041594610666595,0.8503244941645307,1.995093060114182,0.0,0.0,0.0,4,0,0.11704182624816895
A6_Context_Routing,C6_ARX_NLMS,115,SUCCESS,,1.0,0.40664988030187915,0.5055948985802652,0.5393738995672797,74.0,74.0,74.0,52,12,0.17760396003723145
A6_Context_Routing,C5_PERSISTENCE,116,SUCCESS,,1.0,1.5704072674416938,0.8766881988834072,2.004958271551895,0.0,0.0,0.0,4,0,0.1153554916381836
A6_Context_Routing,C6_ARX_NLMS,116,SUCCESS,,1.0,0.4096031921817698,0.5066191359301854,0.5229454328473367,74.0,74.0,74.0,52,12,0.18953442573547363
A6_Context_Routing,C5_PERSISTENCE,117,SUCCESS,,1.0,1.4466921364128047,0.8399606435288139,1.96530866689223,0.0,0.0,0.0,4,0,0.11487388610839844
A6_Context_Routing,C6_ARX_NLMS,117,SUCCESS,,1.0,0.3987864990356038,0.5020471462668294,0.5417452290420463,74.0,74.0,74.0,52,12,0.17902517318725586
A6_Context_Routing,C5_PERSISTENCE,118,SUCCESS,,1.0,1.4581795812070601,0.8513812400000874,1.9854751191332547,0.0,0.0,0.0,4,0,0.1323869228363037
A6_Context_Routing,C6_ARX_NLMS,118,SUCCESS,,1.0,0.3979762064387675,0.505050096645778,0.5418892611547337,74.0,74.0,74.0,52,12,0.1907670497894287
A6_Context_Routing,C5_PERSISTENCE,119,SUCCESS,,1.0,1.3793315807433162,0.8234671949339084,1.923814583789307,0.0,0.0,0.0,4,0,0.13038372993469238
A6_Context_Routing,C6_ARX_NLMS,119,SUCCESS,,1.0,0.3988981204722715,0.502028251174081,0.5563607999152371,74.0,74.0,74.0,52,12,0.19727635383605957
A6_Context_Routing,C5_PERSISTENCE,120,SUCCESS,,1.0,1.4507354436019266,0.8441755056790176,1.9673142181092145,0.0,0.0,0.0,4,0,0.1199958324432373
A6_Context_Routing,C6_ARX_NLMS,120,SUCCESS,,1.0,0.3976286858151166,0.4990977562803485,0.5392165543222286,74.0,74.0,74.0,52,12,0.17837738990783691
A6_Context_Routing,C5_PERSISTENCE,121,SUCCESS,,1.0,1.3506994886498058,0.800753225456728,1.9779732973740929,0.0,0.0,0.0,4,0,0.11853194236755371
A6_Context_Routing,C6_ARX_NLMS,121,SUCCESS,,1.0,0.3806078414887598,0.4878979705247904,0.5573646496220331,74.0,74.0,74.0,52,12,0.18108367919921875
A6_Context_Routing,C5_PERSISTENCE,122,SUCCESS,,1.0,1.5173660174887498,0.8608251138005375,2.059053042846171,0.0,0.0,0.0,4,0,0.11553192138671875
A6_Context_Routing,C6_ARX_NLMS,122,SUCCESS,,1.0,0.40433383146893015,0.5050798427610257,0.5486776403425843,74.0,74.0,74.0,52,12,0.185591459274292
A6_Context_Routing,C5_PERSISTENCE,123,SUCCESS,,1.0,1.438625612090725,0.8423230559334501,1.972711292238454,0.0,0.0,0.0,4,0,0.11796331405639648
A6_Context_Routing,C6_ARX_NLMS,123,SUCCESS,,1.0,0.39871057862555753,0.5005386638838175,0.5467307506408854,74.0,74.0,74.0,52,12,0.18138456344604492
A6_Context_Routing,C5_PERSISTENCE,124,SUCCESS,,1.0,1.4506305116679696,0.8516374959326123,1.9293730531178082,0.0,0.0,0.0,4,0,0.1199638843536377
A6_Context_Routing,C6_ARX_NLMS,124,SUCCESS,,1.0,0.39583706236538824,0.5002813871642279,0.5264726995676886,74.0,74.0,74.0,52,12,0.1808788776397705
A6_Context_Routing,C5_PERSISTENCE,125,SUCCESS,,1.0,1.5606035835994754,0.8636452352121478,2.026602583910345,0.0,0.0,0.0,4,0,0.12031888961791992
A6_Context_Routing,C6_ARX_NLMS,125,SUCCESS,,1.0,0.40281235858807696,0.5017230569043731,0.5230928439000232,74.0,74.0,74.0,52,12,0.1801609992980957
A6_Context_Routing,C5_PERSISTENCE,126,SUCCESS,,1.0,1.5223563647962735,0.865968815642806,1.9908888259498168,0.0,0.0,0.0,4,0,0.12031769752502441
A6_Context_Routing,C6_ARX_NLMS,126,SUCCESS,,1.0,0.4051891058572532,0.504406907443162,0.5298933166386152,74.0,74.0,74.0,52,12,0.19406366348266602
A6_Context_Routing,C5_PERSISTENCE,127,SUCCESS,,1.0,1.4854407413624207,0.8597711917341008,1.9733450803163648,0.0,0.0,0.0,4,0,0.1300675868988037
A6_Context_Routing,C6_ARX_NLMS,127,SUCCESS,,1.0,0.39289413245650745,0.4990288908619965,0.5219432063355883,74.0,74.0,74.0,52,12,0.19698786735534668
A6_Context_Routing,C5_PERSISTENCE,128,SUCCESS,,1.0,1.4127213371086809,0.8356879078600905,1.942125036496149,0.0,0.0,0.0,4,0,0.12057161331176758
A6_Context_Routing,C6_ARX_NLMS,128,SUCCESS,,1.0,0.3948430774806363,0.501109628544799,0.5428067136239055,74.0,74.0,74.0,52,12,0.18195486068725586
A6_Context_Routing,C5_PERSISTENCE,129,SUCCESS,,1.0,1.5001514158237008,0.8569600765745274,1.9706796054979012,0.0,0.0,0.0,4,0,0.12256813049316406
A6_Context_Routing,C6_ARX_NLMS,129,SUCCESS,,1.0,0.3978750981211521,0.49803921536403295,0.5226701339159867,74.0,74.0,74.0,52,12,0.1909644603729248
A6_Context_Routing,C5_PERSISTENCE,130,SUCCESS,,1.0,1.4854949421940733,0.8528061295510512,1.9550273676351946,0.0,0.0,0.0,4,0,0.12006878852844238
A6_Context_Routing,C6_ARX_NLMS,130,SUCCESS,,1.0,0.4093985519639187,0.5061393060362627,0.5388004702173625,74.0,74.0,74.0,52,12,0.18001222610473633
A7_Extended_Poisson_Quiescence,C5_PERSISTENCE,101,SUCCESS,,1.0,0.013893927109800985,0.06194256734787153,0.014163495489593395,0.0,0.0,0.0,4,0,0.11606764793395996
A7_Extended_Poisson_Quiescence,C6_ARX_NLMS,101,SUCCESS,,1.0,0.0137610756698253,0.06541827260321192,0.014028066481220791,74.0,74.0,74.0,52,12,0.177962064743042
A7_Extended_Poisson_Quiescence,C5_PERSISTENCE,102,SUCCESS,,1.0,0.016290710188798536,0.06242269229159714,0.0202169450807337,0.0,0.0,0.0,4,0,0.1175839900970459
A7_Extended_Poisson_Quiescence,C6_ARX_NLMS,102,SUCCESS,,1.0,0.015546495500969617,0.06620988400390078,0.01929336671627062,74.0,74.0,74.0,52,12,0.17700743675231934
A7_Extended_Poisson_Quiescence,C5_PERSISTENCE,103,SUCCESS,,1.0,0.02014944501246823,0.06503002740037295,0.021112013584165146,0.0,0.0,0.0,4,0,0.11759018898010254
A7_Extended_Poisson_Quiescence,C6_ARX_NLMS,103,SUCCESS,,1.0,0.018335849532787815,0.07016362198356248,0.019211779985696262,74.0,74.0,74.0,52,12,0.18381714820861816
A7_Extended_Poisson_Quiescence,C5_PERSISTENCE,104,SUCCESS,,1.0,0.015349488390071858,0.06306164628912125,0.017721858576334622,0.0,0.0,0.0,4,0,0.12358736991882324
A7_Extended_Poisson_Quiescence,C6_ARX_NLMS,104,SUCCESS,,1.0,0.015076790750759012,0.06664248771022369,0.01740701362025593,74.0,74.0,74.0,52,12,0.1970081329345703
A7_Extended_Poisson_Quiescence,C5_PERSISTENCE,105,SUCCESS,,1.0,0.022226397771424836,0.0651237474344157,0.018390004806971286,0.0,0.0,0.0,4,0,0.12408614158630371
A7_Extended_Poisson_Quiescence,C6_ARX_NLMS,105,SUCCESS,,1.0,0.02040171838858949,0.07044630695333853,0.016880274666864453,74.0,74.0,74.0,52,12,0.19751334190368652
A7_Extended_Poisson_Quiescence,C5_PERSISTENCE,106,SUCCESS,,1.0,0.01568547857708855,0.06431954647454377,0.018814831238383692,0.0,0.0,0.0,4,0,0.1188042163848877
A7_Extended_Poisson_Quiescence,C6_ARX_NLMS,106,SUCCESS,,1.0,0.01533601021165018,0.06807509027122559,0.01839564171308091,74.0,74.0,74.0,52,12,0.18542265892028809
A7_Extended_Poisson_Quiescence,C5_PERSISTENCE,107,SUCCESS,,1.0,0.017293089971534056,0.06261067849905508,0.018291765356235095,0.0,0.0,0.0,4,0,0.11772513389587402
A7_Extended_Poisson_Quiescence,C6_ARX_NLMS,107,SUCCESS,,1.0,0.016359140706174353,0.0663537795963868,0.017303880551107216,74.0,74.0,74.0,52,12,0.18880939483642578
A7_Extended_Poisson_Quiescence,C5_PERSISTENCE,108,SUCCESS,,1.0,0.018359421848974985,0.06329335689984127,0.02181350733885119,0.0,0.0,0.0,4,0,0.12223052978515625
A7_Extended_Poisson_Quiescence,C6_ARX_NLMS,108,SUCCESS,,1.0,0.017711441097892595,0.06787514690057159,0.021043617470562163,74.0,74.0,74.0,52,12,0.1898021697998047
A7_Extended_Poisson_Quiescence,C5_PERSISTENCE,109,SUCCESS,,1.0,0.014116715236144203,0.06269754636530728,0.02203536536971374,0.0,0.0,0.0,4,0,0.11921072006225586
A7_Extended_Poisson_Quiescence,C6_ARX_NLMS,109,SUCCESS,,1.0,0.013837861202861124,0.0659502644572038,0.021600090562124058,74.0,74.0,74.0,52,12,0.1920480728149414
A7_Extended_Poisson_Quiescence,C5_PERSISTENCE,110,SUCCESS,,1.0,0.020801827102269733,0.06341269521918337,0.018639312469550466,0.0,0.0,0.0,4,0,0.11870646476745605
A7_Extended_Poisson_Quiescence,C6_ARX_NLMS,110,SUCCESS,,1.0,0.01891813943880552,0.06906451972642638,0.016951449053431798,74.0,74.0,74.0,52,12,0.18503808975219727
A7_Extended_Poisson_Quiescence,C5_PERSISTENCE,111,SUCCESS,,1.0,0.017599528801678328,0.06291796386541952,0.018598796957298238,0.0,0.0,0.0,4,0,0.11702179908752441
A7_Extended_Poisson_Quiescence,C6_ARX_NLMS,111,SUCCESS,,1.0,0.016770566642667736,0.06761591974677973,0.017722767885471537,74.0,74.0,74.0,52,12,0.18097543716430664
A7_Extended_Poisson_Quiescence,C5_PERSISTENCE,112,SUCCESS,,1.0,0.016285740796219566,0.06302838489470704,0.01880858721981552,0.0,0.0,0.0,4,0,0.12451505661010742
A7_Extended_Poisson_Quiescence,C6_ARX_NLMS,112,SUCCESS,,1.0,0.015771485932571754,0.06698833603122352,0.018214668430540704,74.0,74.0,74.0,52,12,0.1900041103363037
A7_Extended_Poisson_Quiescence,C5_PERSISTENCE,113,SUCCESS,,1.0,0.01921555646719435,0.0634349360600901,0.01682203465551749,0.0,0.0,0.0,4,0,0.12378311157226562
A7_Extended_Poisson_Quiescence,C6_ARX_NLMS,113,SUCCESS,,1.0,0.01814089659539871,0.06828690538917226,0.015881236212490157,74.0,74.0,74.0,52,12,0.2002253532409668
A7_Extended_Poisson_Quiescence,C5_PERSISTENCE,114,SUCCESS,,1.0,0.017462982965944306,0.06205140241718046,0.018250964523739064,0.0,0.0,0.0,4,0,0.14828062057495117
A7_Extended_Poisson_Quiescence,C6_ARX_NLMS,114,SUCCESS,,1.0,0.016539630597823204,0.06551013844617738,0.017285947759629917,74.0,74.0,74.0,52,12,0.19524121284484863
A7_Extended_Poisson_Quiescence,C5_PERSISTENCE,115,SUCCESS,,1.0,0.01848080111017767,0.06338441209261203,0.01690456036361706,0.0,0.0,0.0,4,0,0.12277579307556152
A7_Extended_Poisson_Quiescence,C6_ARX_NLMS,115,SUCCESS,,1.0,0.017565334572205254,0.06823190402830892,0.016067174621529092,74.0,74.0,74.0,52,12,0.1802208423614502
A7_Extended_Poisson_Quiescence,C5_PERSISTENCE,116,SUCCESS,,1.0,0.021337204569000356,0.06501541680342374,0.015662098824499718,0.0,0.0,0.0,4,0,0.1217489242553711
A7_Extended_Poisson_Quiescence,C6_ARX_NLMS,116,SUCCESS,,1.0,0.019535775291330763,0.0696814748858048,0.014339799866312895,74.0,74.0,74.0,52,12,0.1887342929840088
A7_Extended_Poisson_Quiescence,C5_PERSISTENCE,117,SUCCESS,,1.0,0.015876967600580973,0.06245816812868965,0.019805198843055236,0.0,0.0,0.0,4,0,0.1217508316040039
A7_Extended_Poisson_Quiescence,C6_ARX_NLMS,117,SUCCESS,,1.0,0.01547612152969594,0.06574918468960315,0.019305176651220255,74.0,74.0,74.0,52,12,0.20424461364746094
A7_Extended_Poisson_Quiescence,C5_PERSISTENCE,118,SUCCESS,,1.0,0.015411852642929208,0.0629993884515116,0.01822751754113814,0.0,0.0,0.0,4,0,0.11723971366882324
A7_Extended_Poisson_Quiescence,C6_ARX_NLMS,118,SUCCESS,,1.0,0.01536436389544962,0.0669150787280451,0.018171352847785194,74.0,74.0,74.0,52,12,0.18222260475158691
A7_Extended_Poisson_Quiescence,C5_PERSISTENCE,119,SUCCESS,,1.0,0.022696377417594876,0.06286214663125508,0.02024302752256461,0.0,0.0,0.0,4,0,0.11793208122253418
A7_Extended_Poisson_Quiescence,C6_ARX_NLMS,119,SUCCESS,,1.0,0.020222219399305925,0.06859065773375074,0.018036311977705444,74.0,74.0,74.0,52,12,0.19015169143676758
A7_Extended_Poisson_Quiescence,C5_PERSISTENCE,120,SUCCESS,,1.0,0.028013924506173852,0.06707747940451476,0.02116257192446451,0.0,0.0,0.0,4,0,0.1395397186279297
A7_Extended_Poisson_Quiescence,C6_ARX_NLMS,120,SUCCESS,,1.0,0.023931500424759476,0.07324202737407223,0.018078584415679097,74.0,74.0,74.0,52,12,0.1873013973236084
A7_Extended_Poisson_Quiescence,C5_PERSISTENCE,121,SUCCESS,,1.0,0.016265179980259063,0.0630724582337082,0.01589455669704546,0.0,0.0,0.0,4,0,0.12403631210327148
A7_Extended_Poisson_Quiescence,C6_ARX_NLMS,121,SUCCESS,,1.0,0.01587147339019122,0.06746481202367163,0.015509821223756583,74.0,74.0,74.0,52,12,0.19024205207824707
A7_Extended_Poisson_Quiescence,C5_PERSISTENCE,122,SUCCESS,,1.0,0.015083768650946454,0.06208973818694361,0.019586593367913303,0.0,0.0,0.0,4,0,0.1585686206817627
A7_Extended_Poisson_Quiescence,C6_ARX_NLMS,122,SUCCESS,,1.0,0.014724302181546517,0.06612968012748197,0.019119818536737793,74.0,74.0,74.0,52,12,0.18476247787475586
A7_Extended_Poisson_Quiescence,C5_PERSISTENCE,123,SUCCESS,,1.0,0.016003425765580545,0.06266994608077117,0.023009773459430827,0.0,0.0,0.0,4,0,0.1253972053527832
A7_Extended_Poisson_Quiescence,C6_ARX_NLMS,123,SUCCESS,,1.0,0.015572589834300944,0.06677134875453287,0.022390316268068217,74.0,74.0,74.0,52,12,0.1850736141204834
A7_Extended_Poisson_Quiescence,C5_PERSISTENCE,124,SUCCESS,,1.0,0.01740007900097569,0.06317207350561801,0.018848715091080492,0.0,0.0,0.0,4,0,0.13218998908996582
A7_Extended_Poisson_Quiescence,C6_ARX_NLMS,124,SUCCESS,,1.0,0.01629425860358492,0.06755598878991272,0.017650830092331045,74.0,74.0,74.0,52,12,0.19531989097595215
A7_Extended_Poisson_Quiescence,C5_PERSISTENCE,125,SUCCESS,,1.0,0.017702884241887443,0.06521078542935393,0.018280614531967443,0.0,0.0,0.0,4,0,0.11824440956115723
A7_Extended_Poisson_Quiescence,C6_ARX_NLMS,125,SUCCESS,,1.0,0.017094142865205577,0.06931574462757416,0.017652006995210825,74.0,74.0,74.0,52,12,0.185807466506958
A7_Extended_Poisson_Quiescence,C5_PERSISTENCE,126,SUCCESS,,1.0,0.018143975212583076,0.06343565115007091,0.02006150867514279,0.0,0.0,0.0,4,0,0.11817693710327148
A7_Extended_Poisson_Quiescence,C6_ARX_NLMS,126,SUCCESS,,1.0,0.017490706997535226,0.06801326537548659,0.01933920026092667,74.0,74.0,74.0,52,12,0.18631815910339355
A7_Extended_Poisson_Quiescence,C5_PERSISTENCE,127,SUCCESS,,1.0,0.019909318623705433,0.06402069376155754,0.018802233995647545,0.0,0.0,0.0,4,0,0.11667275428771973
A7_Extended_Poisson_Quiescence,C6_ARX_NLMS,127,SUCCESS,,1.0,0.018214396699428065,0.06837983200035845,0.017201560500640457,74.0,74.0,74.0,52,12,0.17791080474853516
A7_Extended_Poisson_Quiescence,C5_PERSISTENCE,128,SUCCESS,,1.0,0.018218092342112885,0.06462485080508568,0.01989846015410666,0.0,0.0,0.0,4,0,0.11662936210632324
A7_Extended_Poisson_Quiescence,C6_ARX_NLMS,128,SUCCESS,,1.0,0.017196548243339688,0.06962440770896729,0.018782692698141302,74.0,74.0,74.0,52,12,0.17984485626220703
A7_Extended_Poisson_Quiescence,C5_PERSISTENCE,129,SUCCESS,,1.0,0.02132290190562745,0.06405937490302555,0.019506845039557314,0.0,0.0,0.0,4,0,0.13059496879577637
A7_Extended_Poisson_Quiescence,C6_ARX_NLMS,129,SUCCESS,,1.0,0.019559080923969487,0.06835021241888692,0.017893247475820395,74.0,74.0,74.0,52,12,0.1969900131225586
A7_Extended_Poisson_Quiescence,C5_PERSISTENCE,130,SUCCESS,,1.0,0.01551533412023295,0.06244881557837738,0.014198636568590408,0.0,0.0,0.0,4,0,0.11906218528747559
A7_Extended_Poisson_Quiescence,C6_ARX_NLMS,130,SUCCESS,,1.0,0.015035221472215502,0.06660466628210478,0.013759268331441483,74.0,74.0,74.0,52,12,0.17990589141845703
A8_Abrupt_Tri_Regime_Transition,C5_PERSISTENCE,101,SUCCESS,,1.0,0.7884100229443236,0.5784524196147531,1.6277267772237258,0.0,0.0,0.0,4,0,0.12108802795410156
A8_Abrupt_Tri_Regime_Transition,C6_ARX_NLMS,101,SUCCESS,,1.0,0.35911919634758976,0.40835709728644254,0.7414263075030905,74.0,74.0,74.0,52,12,0.18640613555908203
A8_Abrupt_Tri_Regime_Transition,C5_PERSISTENCE,102,SUCCESS,,1.0,0.8158237421515363,0.588682407989559,1.6279076054748396,0.0,0.0,0.0,4,0,0.12208914756774902
A8_Abrupt_Tri_Regime_Transition,C6_ARX_NLMS,102,SUCCESS,,1.0,0.37458178388373264,0.41392712852943975,0.747446419306826,74.0,74.0,74.0,52,12,0.1799020767211914
A8_Abrupt_Tri_Regime_Transition,C5_PERSISTENCE,103,SUCCESS,,1.0,0.7838011201380245,0.5787139789908776,1.6169081657671276,0.0,0.0,0.0,4,0,0.12009096145629883
A8_Abrupt_Tri_Regime_Transition,C6_ARX_NLMS,103,SUCCESS,,1.0,0.3790850070683481,0.4166868933172493,0.7820167995431848,74.0,74.0,74.0,52,12,0.18097186088562012
A8_Abrupt_Tri_Regime_Transition,C5_PERSISTENCE,104,SUCCESS,,1.0,0.7852036146476924,0.5834997357266946,1.6520657119477216,0.0,0.0,0.0,4,0,0.1221928596496582
A8_Abrupt_Tri_Regime_Transition,C6_ARX_NLMS,104,SUCCESS,,1.0,0.37545710272025434,0.414857909757291,0.7899604562947343,74.0,74.0,74.0,52,12,0.18497395515441895
A8_Abrupt_Tri_Regime_Transition,C5_PERSISTENCE,105,SUCCESS,,1.0,0.7505981157463457,0.567313350886979,1.6168701959998055,0.0,0.0,0.0,4,0,0.1268463134765625
A8_Abrupt_Tri_Regime_Transition,C6_ARX_NLMS,105,SUCCESS,,1.0,0.35305668938229157,0.4074457507204872,0.7605226106822497,74.0,74.0,74.0,52,12,0.1822528839111328
A8_Abrupt_Tri_Regime_Transition,C5_PERSISTENCE,106,SUCCESS,,1.0,0.788250522750389,0.5862246503355341,1.5884682317945984,0.0,0.0,0.0,4,0,0.1282033920288086
A8_Abrupt_Tri_Regime_Transition,C6_ARX_NLMS,106,SUCCESS,,1.0,0.3721926728874963,0.41928965526029893,0.7500359592856545,74.0,74.0,74.0,52,12,0.19266033172607422
A8_Abrupt_Tri_Regime_Transition,C5_PERSISTENCE,107,SUCCESS,,1.0,0.816991704363644,0.5886366300967846,1.650318892116049,0.0,0.0,0.0,4,0,0.12019515037536621
A8_Abrupt_Tri_Regime_Transition,C6_ARX_NLMS,107,SUCCESS,,1.0,0.3733664150972285,0.4164135476518902,0.7541981702207583,74.0,74.0,74.0,52,12,0.1960601806640625
A8_Abrupt_Tri_Regime_Transition,C5_PERSISTENCE,108,SUCCESS,,1.0,0.7681854449802702,0.5734415933497922,1.6124359608234204,0.0,0.0,0.0,4,0,0.11722397804260254
A8_Abrupt_Tri_Regime_Transition,C6_ARX_NLMS,108,SUCCESS,,1.0,0.3584869995257047,0.410135587969691,0.7524710775244912,74.0,74.0,74.0,52,12,0.1799306869506836
A8_Abrupt_Tri_Regime_Transition,C5_PERSISTENCE,109,SUCCESS,,1.0,0.7732801568653954,0.5783859469146974,1.516921456492046,0.0,0.0,0.0,4,0,0.1181943416595459
A8_Abrupt_Tri_Regime_Transition,C6_ARX_NLMS,109,SUCCESS,,1.0,0.3769883424180223,0.41784399162140107,0.7395271951363577,74.0,74.0,74.0,52,12,0.17971038818359375
A8_Abrupt_Tri_Regime_Transition,C5_PERSISTENCE,110,SUCCESS,,1.0,0.7721190375720006,0.5760286051143052,1.575386386429608,0.0,0.0,0.0,4,0,0.12676000595092773
A8_Abrupt_Tri_Regime_Transition,C6_ARX_NLMS,110,SUCCESS,,1.0,0.3715457782232963,0.41353102779320067,0.7580802084468655,74.0,74.0,74.0,52,12,0.18705320358276367
A8_Abrupt_Tri_Regime_Transition,C5_PERSISTENCE,111,SUCCESS,,1.0,0.7991313160288246,0.5870904428458946,1.6246828502377182,0.0,0.0,0.0,4,0,0.12175130844116211
A8_Abrupt_Tri_Regime_Transition,C6_ARX_NLMS,111,SUCCESS,,1.0,0.36989007353580583,0.4162739727657672,0.7520091465482199,74.0,74.0,74.0,52,12,0.18455791473388672
A8_Abrupt_Tri_Regime_Transition,C5_PERSISTENCE,112,SUCCESS,,1.0,0.7706288934434691,0.5774801981051112,1.6375494146330274,0.0,0.0,0.0,4,0,0.11824727058410645
A8_Abrupt_Tri_Regime_Transition,C6_ARX_NLMS,112,SUCCESS,,1.0,0.362393834362508,0.4091651530207403,0.7700695060565829,74.0,74.0,74.0,52,12,0.1895580291748047
A8_Abrupt_Tri_Regime_Transition,C5_PERSISTENCE,113,SUCCESS,,1.0,0.8193440686942022,0.5937270971627735,1.7120248404423595,0.0,0.0,0.0,4,0,0.11724090576171875
A8_Abrupt_Tri_Regime_Transition,C6_ARX_NLMS,113,SUCCESS,,1.0,0.3667949835252221,0.4139160717817038,0.766420539475701,74.0,74.0,74.0,52,12,0.18004822731018066
A8_Abrupt_Tri_Regime_Transition,C5_PERSISTENCE,114,SUCCESS,,1.0,0.8323660655956163,0.5976505142064502,1.6344812059074214,0.0,0.0,0.0,4,0,0.11574459075927734
A8_Abrupt_Tri_Regime_Transition,C6_ARX_NLMS,114,SUCCESS,,1.0,0.3899896276660064,0.4239100796543436,0.76580574733401,74.0,74.0,74.0,52,12,0.18062114715576172
A8_Abrupt_Tri_Regime_Transition,C5_PERSISTENCE,115,SUCCESS,,1.0,0.7730418612833235,0.5736105571237677,1.5731992459889688,0.0,0.0,0.0,4,0,0.11835956573486328
A8_Abrupt_Tri_Regime_Transition,C6_ARX_NLMS,115,SUCCESS,,1.0,0.370999887579545,0.4116058310775809,0.7550131145979679,74.0,74.0,74.0,52,12,0.1834111213684082
A8_Abrupt_Tri_Regime_Transition,C5_PERSISTENCE,116,SUCCESS,,1.0,0.8449286399234639,0.5992829029109638,1.6656602777715674,0.0,0.0,0.0,4,0,0.12329840660095215
A8_Abrupt_Tri_Regime_Transition,C6_ARX_NLMS,116,SUCCESS,,1.0,0.3874070263170171,0.4201215455001616,0.76371951970324,74.0,74.0,74.0,52,12,0.186920166015625
A8_Abrupt_Tri_Regime_Transition,C5_PERSISTENCE,117,SUCCESS,,1.0,0.7745948211653508,0.5709802337491949,1.592891086756007,0.0,0.0,0.0,4,0,0.1202995777130127
A8_Abrupt_Tri_Regime_Transition,C6_ARX_NLMS,117,SUCCESS,,1.0,0.3563081640587921,0.41025927370737314,0.7327186848651696,74.0,74.0,74.0,52,12,0.19242238998413086
A8_Abrupt_Tri_Regime_Transition,C5_PERSISTENCE,118,SUCCESS,,1.0,0.7856641473874657,0.5823067134170598,1.5755071622845418,0.0,0.0,0.0,4,0,0.11856555938720703
A8_Abrupt_Tri_Regime_Transition,C6_ARX_NLMS,118,SUCCESS,,1.0,0.3718763063095365,0.4168613069702538,0.7457305847833856,74.0,74.0,74.0,52,12,0.18212532997131348
A8_Abrupt_Tri_Regime_Transition,C5_PERSISTENCE,119,SUCCESS,,1.0,0.8051908834381475,0.5815990202569673,1.6588880162471442,0.0,0.0,0.0,4,0,0.12457919120788574
A8_Abrupt_Tri_Regime_Transition,C6_ARX_NLMS,119,SUCCESS,,1.0,0.3706280978492855,0.41388195063376154,0.7635835460299064,74.0,74.0,74.0,52,12,0.19660377502441406
A8_Abrupt_Tri_Regime_Transition,C5_PERSISTENCE,120,SUCCESS,,1.0,0.8022444304951792,0.5857494995726805,1.6301854158564713,0.0,0.0,0.0,4,0,0.12008285522460938
A8_Abrupt_Tri_Regime_Transition,C6_ARX_NLMS,120,SUCCESS,,1.0,0.36282544286239876,0.41006377524139626,0.7372724857570726,74.0,74.0,74.0,52,12,0.19159555435180664
A8_Abrupt_Tri_Regime_Transition,C5_PERSISTENCE,121,SUCCESS,,1.0,0.7380183869326876,0.5655489736008079,1.5593424506330542,0.0,0.0,0.0,4,0,0.12555146217346191
A8_Abrupt_Tri_Regime_Transition,C6_ARX_NLMS,121,SUCCESS,,1.0,0.35130664811566636,0.40442329212547456,0.7422679154013151,74.0,74.0,74.0,52,12,0.19391083717346191
A8_Abrupt_Tri_Regime_Transition,C5_PERSISTENCE,122,SUCCESS,,1.0,0.8026905410214807,0.5805392601269498,1.6277857572584666,0.0,0.0,0.0,4,0,0.12684154510498047
A8_Abrupt_Tri_Regime_Transition,C6_ARX_NLMS,122,SUCCESS,,1.0,0.37028432036650405,0.4152778553019611,0.7509040059967474,74.0,74.0,74.0,52,12,0.1892716884613037
A8_Abrupt_Tri_Regime_Transition,C5_PERSISTENCE,123,SUCCESS,,1.0,0.7732216937031219,0.5752730265139658,1.6524199471308365,0.0,0.0,0.0,4,0,0.12032771110534668
A8_Abrupt_Tri_Regime_Transition,C6_ARX_NLMS,123,SUCCESS,,1.0,0.36229188760143755,0.4069248628653756,0.7742389364286939,74.0,74.0,74.0,52,12,0.1847231388092041
A8_Abrupt_Tri_Regime_Transition,C5_PERSISTENCE,124,SUCCESS,,1.0,0.7616772255654247,0.5726147259919644,1.5886153490792683,0.0,0.0,0.0,4,0,0.11783218383789062
A8_Abrupt_Tri_Regime_Transition,C6_ARX_NLMS,124,SUCCESS,,1.0,0.3666716527306961,0.4121701516045576,0.7647599219837942,74.0,74.0,74.0,52,12,0.18185186386108398
A8_Abrupt_Tri_Regime_Transition,C5_PERSISTENCE,125,SUCCESS,,1.0,0.8204809007519469,0.5834017349012263,1.6619240021376476,0.0,0.0,0.0,4,0,0.1195375919342041
A8_Abrupt_Tri_Regime_Transition,C6_ARX_NLMS,125,SUCCESS,,1.0,0.3728465720775322,0.41266906083597893,0.7552188803938162,74.0,74.0,74.0,52,12,0.18223214149475098
A8_Abrupt_Tri_Regime_Transition,C5_PERSISTENCE,126,SUCCESS,,1.0,0.7859345010159718,0.5811136945021155,1.5916636515478702,0.0,0.0,0.0,4,0,0.11565923690795898
A8_Abrupt_Tri_Regime_Transition,C6_ARX_NLMS,126,SUCCESS,,1.0,0.3731637353600885,0.4161388958013593,0.7557260215459243,74.0,74.0,74.0,52,12,0.1770646572113037
A8_Abrupt_Tri_Regime_Transition,C5_PERSISTENCE,127,SUCCESS,,1.0,0.8073161560379575,0.5873452377274214,1.5960890949410824,0.0,0.0,0.0,4,0,0.1251070499420166
A8_Abrupt_Tri_Regime_Transition,C6_ARX_NLMS,127,SUCCESS,,1.0,0.3720964571854998,0.41702593475928357,0.7356462435914193,74.0,74.0,74.0,52,12,0.18449831008911133
A8_Abrupt_Tri_Regime_Transition,C5_PERSISTENCE,128,SUCCESS,,1.0,0.7580347772232604,0.5765870009166986,1.5769958298758493,0.0,0.0,0.0,4,0,0.12911391258239746
A8_Abrupt_Tri_Regime_Transition,C6_ARX_NLMS,128,SUCCESS,,1.0,0.3634043748097489,0.41204642960716376,0.7560170072049682,74.0,74.0,74.0,52,12,0.19023728370666504
A8_Abrupt_Tri_Regime_Transition,C5_PERSISTENCE,129,SUCCESS,,1.0,0.7857480138440088,0.5769145022626149,1.5957009399736646,0.0,0.0,0.0,4,0,0.12411093711853027
A8_Abrupt_Tri_Regime_Transition,C6_ARX_NLMS,129,SUCCESS,,1.0,0.37399312032210885,0.41678507555711186,0.7595070724036845,74.0,74.0,74.0,52,12,0.18100190162658691
A8_Abrupt_Tri_Regime_Transition,C5_PERSISTENCE,130,SUCCESS,,1.0,0.7876857985772685,0.5773530155463366,1.639970854415088,0.0,0.0,0.0,4,0,0.11609911918640137
A8_Abrupt_Tri_Regime_Transition,C6_ARX_NLMS,130,SUCCESS,,1.0,0.3650449629185555,0.4061752950784278,0.7600277938472206,74.0,74.0,74.0,52,12,0.1790015697479248
H1_Damped_Harmonic_Resonator,C5_PERSISTENCE,101,SUCCESS,,1.0,5.279529206263617,1.762143942676769,0.19407880304896158,0.0,0.0,0.0,4,0,0.12270855903625488
H1_Damped_Harmonic_Resonator,C6_ARX_NLMS,101,SUCCESS,,1.0,4.17503422211765,1.517503097727044,0.15347687508873434,314.0,314.0,314.0,212,52,0.19625353813171387
H1_Damped_Harmonic_Resonator,C5_PERSISTENCE,102,SUCCESS,,1.0,4.804141254709198,1.6972425095817296,0.1631806520538939,0.0,0.0,0.0,4,0,0.12100386619567871
H1_Damped_Harmonic_Resonator,C6_ARX_NLMS,102,SUCCESS,,1.0,3.784252891510462,1.4611344530732089,0.12853844665125064,314.0,314.0,314.0,212,52,0.1857469081878662
H1_Damped_Harmonic_Resonator,C5_PERSISTENCE,103,SUCCESS,,1.0,5.524974250210939,1.7644422495786996,0.17036757051198737,0.0,0.0,0.0,4,0,0.12233972549438477
H1_Damped_Harmonic_Resonator,C6_ARX_NLMS,103,SUCCESS,,1.0,4.448083020380591,1.5326759014324831,0.13716065691870538,314.0,314.0,314.0,212,52,0.17724823951721191
H1_Damped_Harmonic_Resonator,C5_PERSISTENCE,104,SUCCESS,,1.0,6.46465040350034,1.9069567634819842,0.1646088567365015,0.0,0.0,0.0,4,0,0.1213386058807373
H1_Damped_Harmonic_Resonator,C6_ARX_NLMS,104,SUCCESS,,1.0,5.262365961292923,1.6562888321305769,0.13399518775964744,314.0,314.0,314.0,212,52,0.21149086952209473
H1_Damped_Harmonic_Resonator,C5_PERSISTENCE,105,SUCCESS,,1.0,5.220437726968231,1.7332427940923723,0.1534532897897801,0.0,0.0,0.0,4,0,0.13645696640014648
H1_Damped_Harmonic_Resonator,C6_ARX_NLMS,105,SUCCESS,,1.0,4.204460294994077,1.4981810082267966,0.12358892066164795,314.0,314.0,314.0,212,52,0.2110452651977539
H1_Damped_Harmonic_Resonator,C5_PERSISTENCE,106,SUCCESS,,1.0,4.464150231949933,1.6260470506564941,0.17370710454142527,0.0,0.0,0.0,4,0,0.12521934509277344
H1_Damped_Harmonic_Resonator,C6_ARX_NLMS,106,SUCCESS,,1.0,3.4666209051413674,1.391734010082272,0.1348916700126044,314.0,314.0,314.0,212,52,0.20454025268554688
H1_Damped_Harmonic_Resonator,C5_PERSISTENCE,107,SUCCESS,,1.0,5.4452945133462505,1.7727128983562845,0.16307654829182505,0.0,0.0,0.0,4,0,0.1300666332244873
H1_Damped_Harmonic_Resonator,C6_ARX_NLMS,107,SUCCESS,,1.0,4.352511172496053,1.5347974162456746,0.13034969856498688,314.0,314.0,314.0,212,52,0.2099742889404297
H1_Damped_Harmonic_Resonator,C5_PERSISTENCE,108,SUCCESS,,1.0,5.868170101118474,1.8066139991826005,0.17772561763187442,0.0,0.0,0.0,4,0,0.12212109565734863
H1_Damped_Harmonic_Resonator,C6_ARX_NLMS,108,SUCCESS,,1.0,4.709862610822699,1.5690824102109484,0.14264467918375312,314.0,314.0,314.0,212,52,0.18438076972961426
H1_Damped_Harmonic_Resonator,C5_PERSISTENCE,109,SUCCESS,,1.0,5.367658610140178,1.770104508874535,0.16483730078694803,0.0,0.0,0.0,4,0,0.12359762191772461
H1_Damped_Harmonic_Resonator,C6_ARX_NLMS,109,SUCCESS,,1.0,4.244538835903216,1.5239724858348505,0.13034702383529362,314.0,314.0,314.0,212,52,0.18689179420471191
H1_Damped_Harmonic_Resonator,C5_PERSISTENCE,110,SUCCESS,,1.0,5.312767844279139,1.7642884254674904,0.17278702640781093,0.0,0.0,0.0,4,0,0.12763285636901855
H1_Damped_Harmonic_Resonator,C6_ARX_NLMS,110,SUCCESS,,1.0,4.159367436012165,1.521730485119272,0.13527501145752346,314.0,314.0,314.0,212,52,0.18278050422668457
H1_Damped_Harmonic_Resonator,C5_PERSISTENCE,111,SUCCESS,,1.0,5.364943559491531,1.765761854416511,0.16996272755395772,0.0,0.0,0.0,4,0,0.1449284553527832
H1_Damped_Harmonic_Resonator,C6_ARX_NLMS,111,SUCCESS,,1.0,4.276778251389416,1.5304714253705933,0.13548938375383082,314.0,314.0,314.0,212,52,0.20067834854125977
H1_Damped_Harmonic_Resonator,C5_PERSISTENCE,112,SUCCESS,,1.0,5.313138667262338,1.7346064463350674,0.17031942766547117,0.0,0.0,0.0,4,0,0.14571523666381836
H1_Damped_Harmonic_Resonator,C6_ARX_NLMS,112,SUCCESS,,1.0,4.240286577465056,1.5041304097291597,0.1359277873663238,314.0,314.0,314.0,212,52,0.18736648559570312
H1_Damped_Harmonic_Resonator,C5_PERSISTENCE,113,SUCCESS,,1.0,5.648545233645877,1.8257235226702688,0.16792860950271013,0.0,0.0,0.0,4,0,0.13800358772277832
H1_Damped_Harmonic_Resonator,C6_ARX_NLMS,113,SUCCESS,,1.0,4.50999918586474,1.5762862301904923,0.13408016769156345,314.0,314.0,314.0,212,52,0.18912982940673828
H1_Damped_Harmonic_Resonator,C5_PERSISTENCE,114,SUCCESS,,1.0,5.45848259792754,1.7876448454952307,0.17220827534443484,0.0,0.0,0.0,4,0,0.13900375366210938
H1_Damped_Harmonic_Resonator,C6_ARX_NLMS,114,SUCCESS,,1.0,4.322259056332776,1.5391326531708363,0.13636184861439993,314.0,314.0,314.0,212,52,0.18662357330322266
H1_Damped_Harmonic_Resonator,C5_PERSISTENCE,115,SUCCESS,,1.0,5.711648000773146,1.8249271190981329,0.16342648658057085,0.0,0.0,0.0,4,0,0.12039947509765625
H1_Damped_Harmonic_Resonator,C6_ARX_NLMS,115,SUCCESS,,1.0,4.572142496761311,1.578932882730803,0.13082199468354413,314.0,314.0,314.0,212,52,0.18312859535217285
H1_Damped_Harmonic_Resonator,C5_PERSISTENCE,116,SUCCESS,,1.0,6.085704600513029,1.8452525439527672,0.15851235587289964,0.0,0.0,0.0,4,0,0.14058327674865723
H1_Damped_Harmonic_Resonator,C6_ARX_NLMS,116,SUCCESS,,1.0,4.918901466823846,1.6040130466938192,0.12812101654542676,314.0,314.0,314.0,212,52,0.19581246376037598
H1_Damped_Harmonic_Resonator,C5_PERSISTENCE,117,SUCCESS,,1.0,4.873537136513208,1.7031654236196996,0.16699775959704485,0.0,0.0,0.0,4,0,0.12295222282409668
H1_Damped_Harmonic_Resonator,C6_ARX_NLMS,117,SUCCESS,,1.0,3.828297884106406,1.4657981727151626,0.13118134771684106,314.0,314.0,314.0,212,52,0.1836857795715332
H1_Damped_Harmonic_Resonator,C5_PERSISTENCE,118,SUCCESS,,1.0,5.227645855372877,1.7627406931628833,0.1796898777677373,0.0,0.0,0.0,4,0,0.11895251274108887
H1_Damped_Harmonic_Resonator,C6_ARX_NLMS,118,SUCCESS,,1.0,4.124955406803502,1.5184776098497859,0.1417870975487147,314.0,314.0,314.0,212,52,0.18569159507751465
H1_Damped_Harmonic_Resonator,C5_PERSISTENCE,119,SUCCESS,,1.0,5.839231933937861,1.8231053703024576,0.16980551198542057,0.0,0.0,0.0,4,0,0.12044811248779297
H1_Damped_Harmonic_Resonator,C6_ARX_NLMS,119,SUCCESS,,1.0,4.709936632982648,1.5783049446373332,0.13696547943817597,314.0,314.0,314.0,212,52,0.1833338737487793
H1_Damped_Harmonic_Resonator,C5_PERSISTENCE,120,SUCCESS,,1.0,6.349242482155447,1.872931679115318,0.1590560138070602,0.0,0.0,0.0,4,0,0.12700557708740234
H1_Damped_Harmonic_Resonator,C6_ARX_NLMS,120,SUCCESS,,1.0,5.209895877447682,1.6378095269270483,0.13051403737463627,314.0,314.0,314.0,212,52,0.19311046600341797
H1_Damped_Harmonic_Resonator,C5_PERSISTENCE,121,SUCCESS,,1.0,4.652559953558809,1.6719938572872033,0.15562329638296984,0.0,0.0,0.0,4,0,0.13116025924682617
H1_Damped_Harmonic_Resonator,C6_ARX_NLMS,121,SUCCESS,,1.0,3.670747494743183,1.4393273717938475,0.12278268975008097,314.0,314.0,314.0,212,52,0.1996166706085205
H1_Damped_Harmonic_Resonator,C5_PERSISTENCE,122,SUCCESS,,1.0,5.680450566159386,1.7808463977956188,0.20279276644790437,0.0,0.0,0.0,4,0,0.12566208839416504
H1_Damped_Harmonic_Resonator,C6_ARX_NLMS,122,SUCCESS,,1.0,4.528344283687544,1.5388400774803315,0.16166243399569516,314.0,314.0,314.0,212,52,0.19398713111877441
H1_Damped_Harmonic_Resonator,C5_PERSISTENCE,123,SUCCESS,,1.0,5.900082869108097,1.7945338641269324,0.14719580690682738,0.0,0.0,0.0,4,0,0.12305474281311035
H1_Damped_Harmonic_Resonator,C6_ARX_NLMS,123,SUCCESS,,1.0,4.796004677007465,1.555150692668419,0.11965116321624632,314.0,314.0,314.0,212,52,0.190093994140625
H1_Damped_Harmonic_Resonator,C5_PERSISTENCE,124,SUCCESS,,1.0,5.648765980226604,1.8015858226150505,0.17410773384054118,0.0,0.0,0.0,4,0,0.12005329132080078
H1_Damped_Harmonic_Resonator,C6_ARX_NLMS,124,SUCCESS,,1.0,4.547864726666645,1.561088797265342,0.14017546914582882,314.0,314.0,314.0,212,52,0.1829826831817627
H1_Damped_Harmonic_Resonator,C5_PERSISTENCE,125,SUCCESS,,1.0,4.796802193423612,1.7069002099492303,0.17101430997802916,0.0,0.0,0.0,4,0,0.12169861793518066
H1_Damped_Harmonic_Resonator,C6_ARX_NLMS,125,SUCCESS,,1.0,3.7200462827521243,1.4573105143276932,0.13262609598606914,314.0,314.0,314.0,212,52,0.18749284744262695
H1_Damped_Harmonic_Resonator,C5_PERSISTENCE,126,SUCCESS,,1.0,5.779771547509626,1.8014265999915224,0.1555356045959035,0.0,0.0,0.0,4,0,0.12119722366333008
H1_Damped_Harmonic_Resonator,C6_ARX_NLMS,126,SUCCESS,,1.0,4.6740245693192115,1.5579080613601395,0.12577957992101074,314.0,314.0,314.0,212,52,0.18699312210083008
H1_Damped_Harmonic_Resonator,C5_PERSISTENCE,127,SUCCESS,,1.0,4.56055772136331,1.655661291084548,0.1737574924135439,0.0,0.0,0.0,4,0,0.11867952346801758
H1_Damped_Harmonic_Resonator,C6_ARX_NLMS,127,SUCCESS,,1.0,3.5207763361761115,1.4090519914692543,0.13414176618293713,314.0,314.0,314.0,212,52,0.18880295753479004
H1_Damped_Harmonic_Resonator,C5_PERSISTENCE,128,SUCCESS,,1.0,5.060362168800057,1.7251684664127458,0.1812248233397198,0.0,0.0,0.0,4,0,0.12567138671875
H1_Damped_Harmonic_Resonator,C6_ARX_NLMS,128,SUCCESS,,1.0,3.9998102497548182,1.4843042972957823,0.14324368132648926,314.0,314.0,314.0,212,52,0.18826889991760254
H1_Damped_Harmonic_Resonator,C5_PERSISTENCE,129,SUCCESS,,1.0,5.489508954822717,1.7702156597036303,0.17220527682874998,0.0,0.0,0.0,4,0,0.11791396141052246
H1_Damped_Harmonic_Resonator,C6_ARX_NLMS,129,SUCCESS,,1.0,4.386308078293671,1.535087312882986,0.1375979897464504,314.0,314.0,314.0,212,52,0.18048477172851562
H1_Damped_Harmonic_Resonator,C5_PERSISTENCE,130,SUCCESS,,1.0,4.725950723286953,1.6873289476809816,0.17028004511092462,0.0,0.0,0.0,4,0,0.12144064903259277
H1_Damped_Harmonic_Resonator,C6_ARX_NLMS,130,SUCCESS,,1.0,3.7057296685138135,1.4518162323377324,0.13352060824801573,314.0,314.0,314.0,212,52,0.1805253028869629
H2_Switching_Delayed_Volterra,C5_PERSISTENCE,101,SUCCESS,,1.0,3.46573890404975,1.3257448197605652,1.2246080906950465,0.0,0.0,0.0,4,0,0.11841392517089844
H2_Switching_Delayed_Volterra,C6_ARX_NLMS,101,SUCCESS,,1.0,2.3783809402759686,1.1578341406378272,0.8403935272831602,254.0,254.0,254.0,172,42,0.18485665321350098
H2_Switching_Delayed_Volterra,C5_PERSISTENCE,102,SUCCESS,,1.0,3.5217788580119698,1.3446572746086238,1.2752672666588674,0.0,0.0,0.0,4,0,0.12909650802612305
H2_Switching_Delayed_Volterra,C6_ARX_NLMS,102,SUCCESS,,1.0,2.348650640717644,1.1527742966541217,0.8504671655094612,254.0,254.0,254.0,172,42,0.19180798530578613
H2_Switching_Delayed_Volterra,C5_PERSISTENCE,103,SUCCESS,,1.0,3.1436512716036304,1.2595866228807537,1.2380086079779382,0.0,0.0,0.0,4,0,0.12062764167785645
H2_Switching_Delayed_Volterra,C6_ARX_NLMS,103,SUCCESS,,1.0,2.171247012572507,1.097014414716138,0.8550638284506474,254.0,254.0,254.0,172,42,0.18517732620239258
H2_Switching_Delayed_Volterra,C5_PERSISTENCE,104,SUCCESS,,1.0,3.4242584645157903,1.317576563132754,1.275857764549209,0.0,0.0,0.0,4,0,0.12182855606079102
H2_Switching_Delayed_Volterra,C6_ARX_NLMS,104,SUCCESS,,1.0,2.2955866618714547,1.139181910780456,0.8553215527083323,254.0,254.0,254.0,172,42,0.18117260932922363
H2_Switching_Delayed_Volterra,C5_PERSISTENCE,105,SUCCESS,,1.0,3.1399635245000006,1.2703889480486448,1.264521658804003,0.0,0.0,0.0,4,0,0.12182116508483887
H2_Switching_Delayed_Volterra,C6_ARX_NLMS,105,SUCCESS,,1.0,2.21031141491625,1.1148274478660904,0.8901334792761281,254.0,254.0,254.0,172,42,0.17817211151123047
H2_Switching_Delayed_Volterra,C5_PERSISTENCE,106,SUCCESS,,1.0,3.3975964893537904,1.3001065332936717,1.2678179656567556,0.0,0.0,0.0,4,0,0.12491583824157715
H2_Switching_Delayed_Volterra,C6_ARX_NLMS,106,SUCCESS,,1.0,2.2998704913167956,1.1243108679871616,0.8581999471425873,254.0,254.0,254.0,172,42,0.1987471580505371
H2_Switching_Delayed_Volterra,C5_PERSISTENCE,107,SUCCESS,,1.0,3.43727683707258,1.314785953425176,1.2409387963255913,0.0,0.0,0.0,4,0,0.12507009506225586
H2_Switching_Delayed_Volterra,C6_ARX_NLMS,107,SUCCESS,,1.0,2.4030457908069844,1.1524118152204708,0.867556758593527,254.0,254.0,254.0,172,42,0.2023930549621582
H2_Switching_Delayed_Volterra,C5_PERSISTENCE,108,SUCCESS,,1.0,3.0817308345591936,1.240326314943439,1.2958065006520163,0.0,0.0,0.0,4,0,0.1265716552734375
H2_Switching_Delayed_Volterra,C6_ARX_NLMS,108,SUCCESS,,1.0,2.112271756896383,1.080849264962085,0.8881682472186119,254.0,254.0,254.0,172,42,0.19538569450378418
H2_Switching_Delayed_Volterra,C5_PERSISTENCE,109,SUCCESS,,1.0,3.3257114209835072,1.3053612014382472,1.2520427140258577,0.0,0.0,0.0,4,0,0.12356710433959961
H2_Switching_Delayed_Volterra,C6_ARX_NLMS,109,SUCCESS,,1.0,2.283666865341058,1.1359455183856708,0.8597403977904313,254.0,254.0,254.0,172,42,0.19388413429260254
H2_Switching_Delayed_Volterra,C5_PERSISTENCE,110,SUCCESS,,1.0,3.301636014687031,1.2987337801800023,1.2847687458751156,0.0,0.0,0.0,4,0,0.12006449699401855
H2_Switching_Delayed_Volterra,C6_ARX_NLMS,110,SUCCESS,,1.0,2.254395775777044,1.1222519738159078,0.8772551609768483,254.0,254.0,254.0,172,42,0.18137431144714355
H2_Switching_Delayed_Volterra,C5_PERSISTENCE,111,SUCCESS,,1.0,3.1172722482719672,1.2673491005233528,1.2893054249967197,0.0,0.0,0.0,4,0,0.11901116371154785
H2_Switching_Delayed_Volterra,C6_ARX_NLMS,111,SUCCESS,,1.0,2.1071594472696664,1.0823855777626465,0.8715222445533557,254.0,254.0,254.0,172,42,0.18487310409545898
H2_Switching_Delayed_Volterra,C5_PERSISTENCE,112,SUCCESS,,1.0,3.2914590049606893,1.3035830805086488,1.2638353400704478,0.0,0.0,0.0,4,0,0.12101221084594727
H2_Switching_Delayed_Volterra,C6_ARX_NLMS,112,SUCCESS,,1.0,2.2716780037985633,1.140326037704026,0.8722657454138951,254.0,254.0,254.0,172,42,0.186476469039917
H2_Switching_Delayed_Volterra,C5_PERSISTENCE,113,SUCCESS,,1.0,3.071127036430814,1.2486391922375837,1.287802810902785,0.0,0.0,0.0,4,0,0.12343835830688477
H2_Switching_Delayed_Volterra,C6_ARX_NLMS,113,SUCCESS,,1.0,2.110449350117444,1.0781943094075277,0.8849658685912934,254.0,254.0,254.0,172,42,0.1897585391998291
H2_Switching_Delayed_Volterra,C5_PERSISTENCE,114,SUCCESS,,1.0,3.22394288131886,1.283109467335561,1.2412878236369396,0.0,0.0,0.0,4,0,0.11871218681335449
H2_Switching_Delayed_Volterra,C6_ARX_NLMS,114,SUCCESS,,1.0,2.276334981013921,1.1223500796057813,0.8764382616156973,254.0,254.0,254.0,172,42,0.18133282661437988
H2_Switching_Delayed_Volterra,C5_PERSISTENCE,115,SUCCESS,,1.0,3.2393667479220873,1.2742315161178173,1.1715713662339253,0.0,0.0,0.0,4,0,0.11971187591552734
H2_Switching_Delayed_Volterra,C6_ARX_NLMS,115,SUCCESS,,1.0,2.2843642573000724,1.1309600849986239,0.8261786831076534,254.0,254.0,254.0,172,42,0.18133282661437988
H2_Switching_Delayed_Volterra,C5_PERSISTENCE,116,SUCCESS,,1.0,3.5106318394942457,1.326404045619039,1.2075704522151864,0.0,0.0,0.0,4,0,0.12477660179138184
H2_Switching_Delayed_Volterra,C6_ARX_NLMS,116,SUCCESS,,1.0,2.4690328829034147,1.1711961990602802,0.8492861944109105,254.0,254.0,254.0,172,42,0.19929981231689453
H2_Switching_Delayed_Volterra,C5_PERSISTENCE,117,SUCCESS,,1.0,2.9337056013505145,1.2176380883903257,1.2942067788462959,0.0,0.0,0.0,4,0,0.11925506591796875
H2_Switching_Delayed_Volterra,C6_ARX_NLMS,117,SUCCESS,,1.0,2.0113345224042307,1.0604992558358193,0.8873019747533012,254.0,254.0,254.0,172,42,0.19601106643676758
H2_Switching_Delayed_Volterra,C5_PERSISTENCE,118,SUCCESS,,1.0,3.08686569212628,1.2444002952061288,1.2249086759443355,0.0,0.0,0.0,4,0,0.12126803398132324
H2_Switching_Delayed_Volterra,C6_ARX_NLMS,118,SUCCESS,,1.0,2.1503744146306576,1.0924926725178306,0.8532966898198497,254.0,254.0,254.0,172,42,0.19050383567810059
H2_Switching_Delayed_Volterra,C5_PERSISTENCE,119,SUCCESS,,1.0,3.153524865919555,1.275575558205314,1.2093635350945233,0.0,0.0,0.0,4,0,0.12518692016601562
H2_Switching_Delayed_Volterra,C6_ARX_NLMS,119,SUCCESS,,1.0,2.2061926086412527,1.1163071978093826,0.8460655950806303,254.0,254.0,254.0,172,42,0.21552491188049316
H2_Switching_Delayed_Volterra,C5_PERSISTENCE,120,SUCCESS,,1.0,3.4639398275312976,1.3154089730129006,1.256798864517578,0.0,0.0,0.0,4,0,0.12212133407592773
H2_Switching_Delayed_Volterra,C6_ARX_NLMS,120,SUCCESS,,1.0,2.4014736876949634,1.1567761525739517,0.8713111526578909,254.0,254.0,254.0,172,42,0.18789076805114746
H2_Switching_Delayed_Volterra,C5_PERSISTENCE,121,SUCCESS,,1.0,2.975486857354463,1.2227360681300479,1.2124233788406833,0.0,0.0,0.0,4,0,0.12168121337890625
H2_Switching_Delayed_Volterra,C6_ARX_NLMS,121,SUCCESS,,1.0,2.114722930200767,1.0881887527327527,0.8616873954622373,254.0,254.0,254.0,172,42,0.18188118934631348
H2_Switching_Delayed_Volterra,C5_PERSISTENCE,122,SUCCESS,,1.0,3.154388098967928,1.2681968435004702,1.2633494518412298,0.0,0.0,0.0,4,0,0.12503457069396973
H2_Switching_Delayed_Volterra,C6_ARX_NLMS,122,SUCCESS,,1.0,2.1934283123465774,1.1090393263787572,0.8784798728357924,254.0,254.0,254.0,172,42,0.20155596733093262
H2_Switching_Delayed_Volterra,C5_PERSISTENCE,123,SUCCESS,,1.0,3.4907326748706513,1.3246678884003287,1.2918347900269966,0.0,0.0,0.0,4,0,0.14555859565734863
H2_Switching_Delayed_Volterra,C6_ARX_NLMS,123,SUCCESS,,1.0,2.33879981170172,1.1417931807784547,0.8655326102210981,254.0,254.0,254.0,172,42,0.19633960723876953
H2_Switching_Delayed_Volterra,C5_PERSISTENCE,124,SUCCESS,,1.0,3.245012111683584,1.274758830376721,1.2412675625130378,0.0,0.0,0.0,4,0,0.1250286102294922
H2_Switching_Delayed_Volterra,C6_ARX_NLMS,124,SUCCESS,,1.0,2.311899629150648,1.1382450262681358,0.8843375367131571,254.0,254.0,254.0,172,42,0.1953413486480713
H2_Switching_Delayed_Volterra,C5_PERSISTENCE,125,SUCCESS,,1.0,3.147044915719181,1.262407995399549,1.189228421169173,0.0,0.0,0.0,4,0,0.13855266571044922
H2_Switching_Delayed_Volterra,C6_ARX_NLMS,125,SUCCESS,,1.0,2.2490148455880954,1.1261615680958768,0.8498742298355626,254.0,254.0,254.0,172,42,0.20154476165771484
H2_Switching_Delayed_Volterra,C5_PERSISTENCE,126,SUCCESS,,1.0,3.380960616556018,1.3155502526579776,1.1465042585894478,0.0,0.0,0.0,4,0,0.11952733993530273
H2_Switching_Delayed_Volterra,C6_ARX_NLMS,126,SUCCESS,,1.0,2.389526092315754,1.1587359957713061,0.810302796026439,254.0,254.0,254.0,172,42,0.18013834953308105
H2_Switching_Delayed_Volterra,C5_PERSISTENCE,127,SUCCESS,,1.0,3.3630963208652784,1.3073533598899039,1.253196646492583,0.0,0.0,0.0,4,0,0.1511523723602295
H2_Switching_Delayed_Volterra,C6_ARX_NLMS,127,SUCCESS,,1.0,2.3080256039073648,1.138022874161961,0.8600437426935043,254.0,254.0,254.0,172,42,0.19153928756713867
H2_Switching_Delayed_Volterra,C5_PERSISTENCE,128,SUCCESS,,1.0,3.3209955706287464,1.2974749733755002,1.24690107869535,0.0,0.0,0.0,4,0,0.14017915725708008
H2_Switching_Delayed_Volterra,C6_ARX_NLMS,128,SUCCESS,,1.0,2.2796899915948474,1.1334224323571631,0.8559324603593025,254.0,254.0,254.0,172,42,0.18953561782836914
H2_Switching_Delayed_Volterra,C5_PERSISTENCE,129,SUCCESS,,1.0,2.945057928777144,1.2328217981643574,1.2818794497961483,0.0,0.0,0.0,4,0,0.12467026710510254
H2_Switching_Delayed_Volterra,C6_ARX_NLMS,129,SUCCESS,,1.0,2.0372701544946015,1.0708930600242519,0.8867515708983095,254.0,254.0,254.0,172,42,0.1869208812713623
H2_Switching_Delayed_Volterra,C5_PERSISTENCE,130,SUCCESS,,1.0,3.2275203260584915,1.2684305945821726,1.2801109616905688,0.0,0.0,0.0,4,0,0.12152385711669922
H2_Switching_Delayed_Volterra,C6_ARX_NLMS,130,SUCCESS,,1.0,2.208920470169998,1.1090135786592994,0.8761101470181895,254.0,254.0,254.0,172,42,0.17970728874206543
B1_NSW_Electricity_Derived_Regression,C5_PERSISTENCE,101,SUCCESS,,1.0,0.0005571151941806173,0.007185797250859106,0.2988152828550451,0.0,0.0,0.0,4,0,0.528313398361206
B1_NSW_Electricity_Derived_Regression,C6_ARX_NLMS,101,SUCCESS,,1.0,0.0006200070265363761,0.009163568825449421,0.33254805638368345,44.0,44.0,44.0,32,7,0.8267331123352051
B1_NSW_Electricity_Derived_Regression,C5_PERSISTENCE,102,SUCCESS,,1.0,0.0005571151941806173,0.007185797250859106,0.2988152828550451,0.0,0.0,0.0,4,0,0.5481693744659424
B1_NSW_Electricity_Derived_Regression,C6_ARX_NLMS,102,SUCCESS,,1.0,0.0006200070265363761,0.009163568825449421,0.33254805638368345,44.0,44.0,44.0,32,7,0.8527107238769531
B1_NSW_Electricity_Derived_Regression,C5_PERSISTENCE,103,SUCCESS,,1.0,0.0005571151941806173,0.007185797250859106,0.2988152828550451,0.0,0.0,0.0,4,0,0.540351152420044
B1_NSW_Electricity_Derived_Regression,C6_ARX_NLMS,103,SUCCESS,,1.0,0.0006200070265363761,0.009163568825449421,0.33254805638368345,44.0,44.0,44.0,32,7,0.8812892436981201
B1_NSW_Electricity_Derived_Regression,C5_PERSISTENCE,104,SUCCESS,,1.0,0.0005571151941806173,0.007185797250859106,0.2988152828550451,0.0,0.0,0.0,4,0,0.5562200546264648
B1_NSW_Electricity_Derived_Regression,C6_ARX_NLMS,104,SUCCESS,,1.0,0.0006200070265363761,0.009163568825449421,0.33254805638368345,44.0,44.0,44.0,32,7,0.868269681930542
B1_NSW_Electricity_Derived_Regression,C5_PERSISTENCE,105,SUCCESS,,1.0,0.0005571151941806173,0.007185797250859106,0.2988152828550451,0.0,0.0,0.0,4,0,0.5191571712493896
B1_NSW_Electricity_Derived_Regression,C6_ARX_NLMS,105,SUCCESS,,1.0,0.0006200070265363761,0.009163568825449421,0.33254805638368345,44.0,44.0,44.0,32,7,0.8340756893157959
B1_NSW_Electricity_Derived_Regression,C5_PERSISTENCE,106,SUCCESS,,1.0,0.0005571151941806173,0.007185797250859106,0.2988152828550451,0.0,0.0,0.0,4,0,0.533477783203125
B1_NSW_Electricity_Derived_Regression,C6_ARX_NLMS,106,SUCCESS,,1.0,0.0006200070265363761,0.009163568825449421,0.33254805638368345,44.0,44.0,44.0,32,7,0.8485114574432373
B1_NSW_Electricity_Derived_Regression,C5_PERSISTENCE,107,SUCCESS,,1.0,0.0005571151941806173,0.007185797250859106,0.2988152828550451,0.0,0.0,0.0,4,0,0.5431592464447021
B1_NSW_Electricity_Derived_Regression,C6_ARX_NLMS,107,SUCCESS,,1.0,0.0006200070265363761,0.009163568825449421,0.33254805638368345,44.0,44.0,44.0,32,7,0.8345274925231934
B1_NSW_Electricity_Derived_Regression,C5_PERSISTENCE,108,SUCCESS,,1.0,0.0005571151941806173,0.007185797250859106,0.2988152828550451,0.0,0.0,0.0,4,0,0.5562119483947754
B1_NSW_Electricity_Derived_Regression,C6_ARX_NLMS,108,SUCCESS,,1.0,0.0006200070265363761,0.009163568825449421,0.33254805638368345,44.0,44.0,44.0,32,7,0.9069442749023438
B1_NSW_Electricity_Derived_Regression,C5_PERSISTENCE,109,SUCCESS,,1.0,0.0005571151941806173,0.007185797250859106,0.2988152828550451,0.0,0.0,0.0,4,0,0.5186722278594971
B1_NSW_Electricity_Derived_Regression,C6_ARX_NLMS,109,SUCCESS,,1.0,0.0006200070265363761,0.009163568825449421,0.33254805638368345,44.0,44.0,44.0,32,7,0.8458361625671387
B1_NSW_Electricity_Derived_Regression,C5_PERSISTENCE,110,SUCCESS,,1.0,0.0005571151941806173,0.007185797250859106,0.2988152828550451,0.0,0.0,0.0,4,0,0.549687385559082
B1_NSW_Electricity_Derived_Regression,C6_ARX_NLMS,110,SUCCESS,,1.0,0.0006200070265363761,0.009163568825449421,0.33254805638368345,44.0,44.0,44.0,32,7,0.844489574432373
B1_NSW_Electricity_Derived_Regression,C5_PERSISTENCE,111,SUCCESS,,1.0,0.0005571151941806173,0.007185797250859106,0.2988152828550451,0.0,0.0,0.0,4,0,0.5251615047454834
B1_NSW_Electricity_Derived_Regression,C6_ARX_NLMS,111,SUCCESS,,1.0,0.0006200070265363761,0.009163568825449421,0.33254805638368345,44.0,44.0,44.0,32,7,0.8409888744354248
B1_NSW_Electricity_Derived_Regression,C5_PERSISTENCE,112,SUCCESS,,1.0,0.0005571151941806173,0.007185797250859106,0.2988152828550451,0.0,0.0,0.0,4,0,0.5642058849334717
B1_NSW_Electricity_Derived_Regression,C6_ARX_NLMS,112,SUCCESS,,1.0,0.0006200070265363761,0.009163568825449421,0.33254805638368345,44.0,44.0,44.0,32,7,0.8668019771575928
B1_NSW_Electricity_Derived_Regression,C5_PERSISTENCE,113,SUCCESS,,1.0,0.0005571151941806173,0.007185797250859106,0.2988152828550451,0.0,0.0,0.0,4,0,0.5376555919647217
B1_NSW_Electricity_Derived_Regression,C6_ARX_NLMS,113,SUCCESS,,1.0,0.0006200070265363761,0.009163568825449421,0.33254805638368345,44.0,44.0,44.0,32,7,0.8473682403564453
B1_NSW_Electricity_Derived_Regression,C5_PERSISTENCE,114,SUCCESS,,1.0,0.0005571151941806173,0.007185797250859106,0.2988152828550451,0.0,0.0,0.0,4,0,0.5396623611450195
B1_NSW_Electricity_Derived_Regression,C6_ARX_NLMS,114,SUCCESS,,1.0,0.0006200070265363761,0.009163568825449421,0.33254805638368345,44.0,44.0,44.0,32,7,0.8717992305755615
B1_NSW_Electricity_Derived_Regression,C5_PERSISTENCE,115,SUCCESS,,1.0,0.0005571151941806173,0.007185797250859106,0.2988152828550451,0.0,0.0,0.0,4,0,0.5281438827514648
B1_NSW_Electricity_Derived_Regression,C6_ARX_NLMS,115,SUCCESS,,1.0,0.0006200070265363761,0.009163568825449421,0.33254805638368345,44.0,44.0,44.0,32,7,0.8818149566650391
B1_NSW_Electricity_Derived_Regression,C5_PERSISTENCE,116,SUCCESS,,1.0,0.0005571151941806173,0.007185797250859106,0.2988152828550451,0.0,0.0,0.0,4,0,0.524172306060791
B1_NSW_Electricity_Derived_Regression,C6_ARX_NLMS,116,SUCCESS,,1.0,0.0006200070265363761,0.009163568825449421,0.33254805638368345,44.0,44.0,44.0,32,7,0.8437662124633789
B1_NSW_Electricity_Derived_Regression,C5_PERSISTENCE,117,SUCCESS,,1.0,0.0005571151941806173,0.007185797250859106,0.2988152828550451,0.0,0.0,0.0,4,0,0.5314280986785889
B1_NSW_Electricity_Derived_Regression,C6_ARX_NLMS,117,SUCCESS,,1.0,0.0006200070265363761,0.009163568825449421,0.33254805638368345,44.0,44.0,44.0,32,7,0.8840389251708984
B1_NSW_Electricity_Derived_Regression,C5_PERSISTENCE,118,SUCCESS,,1.0,0.0005571151941806173,0.007185797250859106,0.2988152828550451,0.0,0.0,0.0,4,0,0.5468451976776123
B1_NSW_Electricity_Derived_Regression,C6_ARX_NLMS,118,SUCCESS,,1.0,0.0006200070265363761,0.009163568825449421,0.33254805638368345,44.0,44.0,44.0,32,7,0.8428678512573242
B1_NSW_Electricity_Derived_Regression,C5_PERSISTENCE,119,SUCCESS,,1.0,0.0005571151941806173,0.007185797250859106,0.2988152828550451,0.0,0.0,0.0,4,0,0.5472896099090576
B1_NSW_Electricity_Derived_Regression,C6_ARX_NLMS,119,SUCCESS,,1.0,0.0006200070265363761,0.009163568825449421,0.33254805638368345,44.0,44.0,44.0,32,7,0.8612146377563477
B1_NSW_Electricity_Derived_Regression,C5_PERSISTENCE,120,SUCCESS,,1.0,0.0005571151941806173,0.007185797250859106,0.2988152828550451,0.0,0.0,0.0,4,0,0.5287668704986572
B1_NSW_Electricity_Derived_Regression,C6_ARX_NLMS,120,SUCCESS,,1.0,0.0006200070265363761,0.009163568825449421,0.33254805638368345,44.0,44.0,44.0,32,7,0.8454008102416992
B1_NSW_Electricity_Derived_Regression,C5_PERSISTENCE,121,SUCCESS,,1.0,0.0005571151941806173,0.007185797250859106,0.2988152828550451,0.0,0.0,0.0,4,0,0.5221700668334961
B1_NSW_Electricity_Derived_Regression,C6_ARX_NLMS,121,SUCCESS,,1.0,0.0006200070265363761,0.009163568825449421,0.33254805638368345,44.0,44.0,44.0,32,7,0.847445011138916
B1_NSW_Electricity_Derived_Regression,C5_PERSISTENCE,122,SUCCESS,,1.0,0.0005571151941806173,0.007185797250859106,0.2988152828550451,0.0,0.0,0.0,4,0,0.5687158107757568
B1_NSW_Electricity_Derived_Regression,C6_ARX_NLMS,122,SUCCESS,,1.0,0.0006200070265363761,0.009163568825449421,0.33254805638368345,44.0,44.0,44.0,32,7,0.8779895305633545
B1_NSW_Electricity_Derived_Regression,C5_PERSISTENCE,123,SUCCESS,,1.0,0.0005571151941806173,0.007185797250859106,0.2988152828550451,0.0,0.0,0.0,4,0,0.5327162742614746
B1_NSW_Electricity_Derived_Regression,C6_ARX_NLMS,123,SUCCESS,,1.0,0.0006200070265363761,0.009163568825449421,0.33254805638368345,44.0,44.0,44.0,32,7,0.8265941143035889
B1_NSW_Electricity_Derived_Regression,C5_PERSISTENCE,124,SUCCESS,,1.0,0.0005571151941806173,0.007185797250859106,0.2988152828550451,0.0,0.0,0.0,4,0,0.5127682685852051
B1_NSW_Electricity_Derived_Regression,C6_ARX_NLMS,124,SUCCESS,,1.0,0.0006200070265363761,0.009163568825449421,0.33254805638368345,44.0,44.0,44.0,32,7,0.8119251728057861
B1_NSW_Electricity_Derived_Regression,C5_PERSISTENCE,125,SUCCESS,,1.0,0.0005571151941806173,0.007185797250859106,0.2988152828550451,0.0,0.0,0.0,4,0,0.543210506439209
B1_NSW_Electricity_Derived_Regression,C6_ARX_NLMS,125,SUCCESS,,1.0,0.0006200070265363761,0.009163568825449421,0.33254805638368345,44.0,44.0,44.0,32,7,0.8449068069458008
B1_NSW_Electricity_Derived_Regression,C5_PERSISTENCE,126,SUCCESS,,1.0,0.0005571151941806173,0.007185797250859106,0.2988152828550451,0.0,0.0,0.0,4,0,0.5483100414276123
B1_NSW_Electricity_Derived_Regression,C6_ARX_NLMS,126,SUCCESS,,1.0,0.0006200070265363761,0.009163568825449421,0.33254805638368345,44.0,44.0,44.0,32,7,0.8320913314819336
B1_NSW_Electricity_Derived_Regression,C5_PERSISTENCE,127,SUCCESS,,1.0,0.0005571151941806173,0.007185797250859106,0.2988152828550451,0.0,0.0,0.0,4,0,0.5292811393737793
B1_NSW_Electricity_Derived_Regression,C6_ARX_NLMS,127,SUCCESS,,1.0,0.0006200070265363761,0.009163568825449421,0.33254805638368345,44.0,44.0,44.0,32,7,0.8565332889556885
B1_NSW_Electricity_Derived_Regression,C5_PERSISTENCE,128,SUCCESS,,1.0,0.0005571151941806173,0.007185797250859106,0.2988152828550451,0.0,0.0,0.0,4,0,0.545046329498291
B1_NSW_Electricity_Derived_Regression,C6_ARX_NLMS,128,SUCCESS,,1.0,0.0006200070265363761,0.009163568825449421,0.33254805638368345,44.0,44.0,44.0,32,7,0.8316628932952881
B1_NSW_Electricity_Derived_Regression,C5_PERSISTENCE,129,SUCCESS,,1.0,0.0005571151941806173,0.007185797250859106,0.2988152828550451,0.0,0.0,0.0,4,0,0.5407748222351074
B1_NSW_Electricity_Derived_Regression,C6_ARX_NLMS,129,SUCCESS,,1.0,0.0006200070265363761,0.009163568825449421,0.33254805638368345,44.0,44.0,44.0,32,7,0.8476147651672363
B1_NSW_Electricity_Derived_Regression,C5_PERSISTENCE,130,SUCCESS,,1.0,0.0005571151941806173,0.007185797250859106,0.2988152828550451,0.0,0.0,0.0,4,0,0.5599925518035889
B1_NSW_Electricity_Derived_Regression,C6_ARX_NLMS,130,SUCCESS,,1.0,0.0006200070265363761,0.009163568825449421,0.33254805638368345,44.0,44.0,44.0,32,7,0.8575401306152344
B2_Jena_Weather,C5_PERSISTENCE,101,SUCCESS,,1.0,0.060038271428571426,0.16328591836734693,0.0009546611300620974,0.0,0.0,0.0,4,0,0.8822565078735352
B2_Jena_Weather,C6_ARX_NLMS,101,SUCCESS,,1.0,0.04344725014983968,0.13816048730366137,0.0006908493522416441,92.0,92.0,92.0,64,15,1.2793693542480469
B2_Jena_Weather,C5_PERSISTENCE,102,SUCCESS,,1.0,0.060038271428571426,0.16328591836734693,0.0009546611300620974,0.0,0.0,0.0,4,0,0.8852567672729492
B2_Jena_Weather,C6_ARX_NLMS,102,SUCCESS,,1.0,0.04344725014983968,0.13816048730366137,0.0006908493522416441,92.0,92.0,92.0,64,15,1.356041669845581
B2_Jena_Weather,C5_PERSISTENCE,103,SUCCESS,,1.0,0.060038271428571426,0.16328591836734693,0.0009546611300620974,0.0,0.0,0.0,4,0,0.8752009868621826
B2_Jena_Weather,C6_ARX_NLMS,103,SUCCESS,,1.0,0.04344725014983968,0.13816048730366137,0.0006908493522416441,92.0,92.0,92.0,64,15,1.400672435760498
B2_Jena_Weather,C5_PERSISTENCE,104,SUCCESS,,1.0,0.060038271428571426,0.16328591836734693,0.0009546611300620974,0.0,0.0,0.0,4,0,0.8565356731414795
B2_Jena_Weather,C6_ARX_NLMS,104,SUCCESS,,1.0,0.04344725014983968,0.13816048730366137,0.0006908493522416441,92.0,92.0,92.0,64,15,1.3050901889801025
B2_Jena_Weather,C5_PERSISTENCE,105,SUCCESS,,1.0,0.060038271428571426,0.16328591836734693,0.0009546611300620974,0.0,0.0,0.0,4,0,0.8645820617675781
B2_Jena_Weather,C6_ARX_NLMS,105,SUCCESS,,1.0,0.04344725014983968,0.13816048730366137,0.0006908493522416441,92.0,92.0,92.0,64,15,1.3092739582061768
B2_Jena_Weather,C5_PERSISTENCE,106,SUCCESS,,1.0,0.060038271428571426,0.16328591836734693,0.0009546611300620974,0.0,0.0,0.0,4,0,0.8600776195526123
B2_Jena_Weather,C6_ARX_NLMS,106,SUCCESS,,1.0,0.04344725014983968,0.13816048730366137,0.0006908493522416441,92.0,92.0,92.0,64,15,1.3900980949401855
B2_Jena_Weather,C5_PERSISTENCE,107,SUCCESS,,1.0,0.060038271428571426,0.16328591836734693,0.0009546611300620974,0.0,0.0,0.0,4,0,0.9138250350952148
B2_Jena_Weather,C6_ARX_NLMS,107,SUCCESS,,1.0,0.04344725014983968,0.13816048730366137,0.0006908493522416441,92.0,92.0,92.0,64,15,1.3565993309020996
B2_Jena_Weather,C5_PERSISTENCE,108,SUCCESS,,1.0,0.060038271428571426,0.16328591836734693,0.0009546611300620974,0.0,0.0,0.0,4,0,0.8397936820983887
B2_Jena_Weather,C6_ARX_NLMS,108,SUCCESS,,1.0,0.04344725014983968,0.13816048730366137,0.0006908493522416441,92.0,92.0,92.0,64,15,1.3214952945709229
B2_Jena_Weather,C5_PERSISTENCE,109,SUCCESS,,1.0,0.060038271428571426,0.16328591836734693,0.0009546611300620974,0.0,0.0,0.0,4,0,0.8403632640838623
B2_Jena_Weather,C6_ARX_NLMS,109,SUCCESS,,1.0,0.04344725014983968,0.13816048730366137,0.0006908493522416441,92.0,92.0,92.0,64,15,1.3283030986785889
B2_Jena_Weather,C5_PERSISTENCE,110,SUCCESS,,1.0,0.060038271428571426,0.16328591836734693,0.0009546611300620974,0.0,0.0,0.0,4,0,0.8891696929931641
B2_Jena_Weather,C6_ARX_NLMS,110,SUCCESS,,1.0,0.04344725014983968,0.13816048730366137,0.0006908493522416441,92.0,92.0,92.0,64,15,1.3175597190856934
B2_Jena_Weather,C5_PERSISTENCE,111,SUCCESS,,1.0,0.060038271428571426,0.16328591836734693,0.0009546611300620974,0.0,0.0,0.0,4,0,0.848203182220459
B2_Jena_Weather,C6_ARX_NLMS,111,SUCCESS,,1.0,0.04344725014983968,0.13816048730366137,0.0006908493522416441,92.0,92.0,92.0,64,15,1.3397281169891357
B2_Jena_Weather,C5_PERSISTENCE,112,SUCCESS,,1.0,0.060038271428571426,0.16328591836734693,0.0009546611300620974,0.0,0.0,0.0,4,0,0.878399133682251
B2_Jena_Weather,C6_ARX_NLMS,112,SUCCESS,,1.0,0.04344725014983968,0.13816048730366137,0.0006908493522416441,92.0,92.0,92.0,64,15,1.3057470321655273
B2_Jena_Weather,C5_PERSISTENCE,113,SUCCESS,,1.0,0.060038271428571426,0.16328591836734693,0.0009546611300620974,0.0,0.0,0.0,4,0,0.8770530223846436
B2_Jena_Weather,C6_ARX_NLMS,113,SUCCESS,,1.0,0.04344725014983968,0.13816048730366137,0.0006908493522416441,92.0,92.0,92.0,64,15,1.2934389114379883
B2_Jena_Weather,C5_PERSISTENCE,114,SUCCESS,,1.0,0.060038271428571426,0.16328591836734693,0.0009546611300620974,0.0,0.0,0.0,4,0,0.8720536231994629
B2_Jena_Weather,C6_ARX_NLMS,114,SUCCESS,,1.0,0.04344725014983968,0.13816048730366137,0.0006908493522416441,92.0,92.0,92.0,64,15,1.3117878437042236
B2_Jena_Weather,C5_PERSISTENCE,115,SUCCESS,,1.0,0.060038271428571426,0.16328591836734693,0.0009546611300620974,0.0,0.0,0.0,4,0,0.8438544273376465
B2_Jena_Weather,C6_ARX_NLMS,115,SUCCESS,,1.0,0.04344725014983968,0.13816048730366137,0.0006908493522416441,92.0,92.0,92.0,64,15,1.4035568237304688
B2_Jena_Weather,C5_PERSISTENCE,116,SUCCESS,,1.0,0.060038271428571426,0.16328591836734693,0.0009546611300620974,0.0,0.0,0.0,4,0,0.8645913600921631
B2_Jena_Weather,C6_ARX_NLMS,116,SUCCESS,,1.0,0.04344725014983968,0.13816048730366137,0.0006908493522416441,92.0,92.0,92.0,64,15,1.3335587978363037
B2_Jena_Weather,C5_PERSISTENCE,117,SUCCESS,,1.0,0.060038271428571426,0.16328591836734693,0.0009546611300620974,0.0,0.0,0.0,4,0,0.8904123306274414
B2_Jena_Weather,C6_ARX_NLMS,117,SUCCESS,,1.0,0.04344725014983968,0.13816048730366137,0.0006908493522416441,92.0,92.0,92.0,64,15,1.3077168464660645
B2_Jena_Weather,C5_PERSISTENCE,118,SUCCESS,,1.0,0.060038271428571426,0.16328591836734693,0.0009546611300620974,0.0,0.0,0.0,4,0,0.8772284984588623
B2_Jena_Weather,C6_ARX_NLMS,118,SUCCESS,,1.0,0.04344725014983968,0.13816048730366137,0.0006908493522416441,92.0,92.0,92.0,64,15,1.3142929077148438
B2_Jena_Weather,C5_PERSISTENCE,119,SUCCESS,,1.0,0.060038271428571426,0.16328591836734693,0.0009546611300620974,0.0,0.0,0.0,4,0,0.8505434989929199
B2_Jena_Weather,C6_ARX_NLMS,119,SUCCESS,,1.0,0.04344725014983968,0.13816048730366137,0.0006908493522416441,92.0,92.0,92.0,64,15,1.3019599914550781
B2_Jena_Weather,C5_PERSISTENCE,120,SUCCESS,,1.0,0.060038271428571426,0.16328591836734693,0.0009546611300620974,0.0,0.0,0.0,4,0,0.8561694622039795
B2_Jena_Weather,C6_ARX_NLMS,120,SUCCESS,,1.0,0.04344725014983968,0.13816048730366137,0.0006908493522416441,92.0,92.0,92.0,64,15,1.3541252613067627
B2_Jena_Weather,C5_PERSISTENCE,121,SUCCESS,,1.0,0.060038271428571426,0.16328591836734693,0.0009546611300620974,0.0,0.0,0.0,4,0,0.8768734931945801
B2_Jena_Weather,C6_ARX_NLMS,121,SUCCESS,,1.0,0.04344725014983968,0.13816048730366137,0.0006908493522416441,92.0,92.0,92.0,64,15,1.3935942649841309
B2_Jena_Weather,C5_PERSISTENCE,122,SUCCESS,,1.0,0.060038271428571426,0.16328591836734693,0.0009546611300620974,0.0,0.0,0.0,4,0,0.8926749229431152
B2_Jena_Weather,C6_ARX_NLMS,122,SUCCESS,,1.0,0.04344725014983968,0.13816048730366137,0.0006908493522416441,92.0,92.0,92.0,64,15,1.3255033493041992
B2_Jena_Weather,C5_PERSISTENCE,123,SUCCESS,,1.0,0.060038271428571426,0.16328591836734693,0.0009546611300620974,0.0,0.0,0.0,4,0,0.8321621417999268
B2_Jena_Weather,C6_ARX_NLMS,123,SUCCESS,,1.0,0.04344725014983968,0.13816048730366137,0.0006908493522416441,92.0,92.0,92.0,64,15,1.3065359592437744
B2_Jena_Weather,C5_PERSISTENCE,124,SUCCESS,,1.0,0.060038271428571426,0.16328591836734693,0.0009546611300620974,0.0,0.0,0.0,4,0,0.8811564445495605
B2_Jena_Weather,C6_ARX_NLMS,124,SUCCESS,,1.0,0.04344725014983968,0.13816048730366137,0.0006908493522416441,92.0,92.0,92.0,64,15,1.3574044704437256
B2_Jena_Weather,C5_PERSISTENCE,125,SUCCESS,,1.0,0.060038271428571426,0.16328591836734693,0.0009546611300620974,0.0,0.0,0.0,4,0,0.8570728302001953
B2_Jena_Weather,C6_ARX_NLMS,125,SUCCESS,,1.0,0.04344725014983968,0.13816048730366137,0.0006908493522416441,92.0,92.0,92.0,64,15,1.3861191272735596
B2_Jena_Weather,C5_PERSISTENCE,126,SUCCESS,,1.0,0.060038271428571426,0.16328591836734693,0.0009546611300620974,0.0,0.0,0.0,4,0,0.8644719123840332
B2_Jena_Weather,C6_ARX_NLMS,126,SUCCESS,,1.0,0.04344725014983968,0.13816048730366137,0.0006908493522416441,92.0,92.0,92.0,64,15,1.3646492958068848
B2_Jena_Weather,C5_PERSISTENCE,127,SUCCESS,,1.0,0.060038271428571426,0.16328591836734693,0.0009546611300620974,0.0,0.0,0.0,4,0,0.8133208751678467
B2_Jena_Weather,C6_ARX_NLMS,127,SUCCESS,,1.0,0.04344725014983968,0.13816048730366137,0.0006908493522416441,92.0,92.0,92.0,64,15,1.3622684478759766
B2_Jena_Weather,C5_PERSISTENCE,128,SUCCESS,,1.0,0.060038271428571426,0.16328591836734693,0.0009546611300620974,0.0,0.0,0.0,4,0,0.8636212348937988
B2_Jena_Weather,C6_ARX_NLMS,128,SUCCESS,,1.0,0.04344725014983968,0.13816048730366137,0.0006908493522416441,92.0,92.0,92.0,64,15,1.3538267612457275
B2_Jena_Weather,C5_PERSISTENCE,129,SUCCESS,,1.0,0.060038271428571426,0.16328591836734693,0.0009546611300620974,0.0,0.0,0.0,4,0,0.8501107692718506
B2_Jena_Weather,C6_ARX_NLMS,129,SUCCESS,,1.0,0.04344725014983968,0.13816048730366137,0.0006908493522416441,92.0,92.0,92.0,64,15,1.4010100364685059
B2_Jena_Weather,C5_PERSISTENCE,130,SUCCESS,,1.0,0.060038271428571426,0.16328591836734693,0.0009546611300620974,0.0,0.0,0.0,4,0,0.8250906467437744
B2_Jena_Weather,C6_ARX_NLMS,130,SUCCESS,,1.0,0.04344725014983968,0.13816048730366137,0.0006908493522416441,92.0,92.0,92.0,64,15,1.309295892715454
B3_Gas_Dynamic_Mixture,C5_PERSISTENCE,101,SUCCESS,,1.0,40.634412700000006,0.07619000000000001,0.0006999999999879412,0.0,0.0,0.0,4,0,0.2349083423614502
B3_Gas_Dynamic_Mixture,C6_ARX_NLMS,101,SUCCESS,,1.0,128.69742567331568,0.6337217301368919,0.0022170419598501793,110.0,110.0,110.0,76,18,0.37340736389160156
B3_Gas_Dynamic_Mixture,C5_PERSISTENCE,102,SUCCESS,,1.0,40.634412700000006,0.07619000000000001,0.0006999999999879412,0.0,0.0,0.0,4,0,0.23992061614990234
B3_Gas_Dynamic_Mixture,C6_ARX_NLMS,102,SUCCESS,,1.0,128.69742567331568,0.6337217301368919,0.0022170419598501793,110.0,110.0,110.0,76,18,0.36642909049987793
B3_Gas_Dynamic_Mixture,C5_PERSISTENCE,103,SUCCESS,,1.0,40.634412700000006,0.07619000000000001,0.0006999999999879412,0.0,0.0,0.0,4,0,0.23915410041809082
B3_Gas_Dynamic_Mixture,C6_ARX_NLMS,103,SUCCESS,,1.0,128.69742567331568,0.6337217301368919,0.0022170419598501793,110.0,110.0,110.0,76,18,0.3868131637573242
B3_Gas_Dynamic_Mixture,C5_PERSISTENCE,104,SUCCESS,,1.0,40.634412700000006,0.07619000000000001,0.0006999999999879412,0.0,0.0,0.0,4,0,0.23564457893371582
B3_Gas_Dynamic_Mixture,C6_ARX_NLMS,104,SUCCESS,,1.0,128.69742567331568,0.6337217301368919,0.0022170419598501793,110.0,110.0,110.0,76,18,0.378307580947876
B3_Gas_Dynamic_Mixture,C5_PERSISTENCE,105,SUCCESS,,1.0,40.634412700000006,0.07619000000000001,0.0006999999999879412,0.0,0.0,0.0,4,0,0.24493408203125
B3_Gas_Dynamic_Mixture,C6_ARX_NLMS,105,SUCCESS,,1.0,128.69742567331568,0.6337217301368919,0.0022170419598501793,110.0,110.0,110.0,76,18,0.36527347564697266
B3_Gas_Dynamic_Mixture,C5_PERSISTENCE,106,SUCCESS,,1.0,40.634412700000006,0.07619000000000001,0.0006999999999879412,0.0,0.0,0.0,4,0,0.25550222396850586
B3_Gas_Dynamic_Mixture,C6_ARX_NLMS,106,SUCCESS,,1.0,128.69742567331568,0.6337217301368919,0.0022170419598501793,110.0,110.0,110.0,76,18,0.3647603988647461
B3_Gas_Dynamic_Mixture,C5_PERSISTENCE,107,SUCCESS,,1.0,40.634412700000006,0.07619000000000001,0.0006999999999879412,0.0,0.0,0.0,4,0,0.23751521110534668
B3_Gas_Dynamic_Mixture,C6_ARX_NLMS,107,SUCCESS,,1.0,128.69742567331568,0.6337217301368919,0.0022170419598501793,110.0,110.0,110.0,76,18,0.3638274669647217
B3_Gas_Dynamic_Mixture,C5_PERSISTENCE,108,SUCCESS,,1.0,40.634412700000006,0.07619000000000001,0.0006999999999879412,0.0,0.0,0.0,4,0,0.23827385902404785
B3_Gas_Dynamic_Mixture,C6_ARX_NLMS,108,SUCCESS,,1.0,128.69742567331568,0.6337217301368919,0.0022170419598501793,110.0,110.0,110.0,76,18,0.37331557273864746
B3_Gas_Dynamic_Mixture,C5_PERSISTENCE,109,SUCCESS,,1.0,40.634412700000006,0.07619000000000001,0.0006999999999879412,0.0,0.0,0.0,4,0,0.24335408210754395
B3_Gas_Dynamic_Mixture,C6_ARX_NLMS,109,SUCCESS,,1.0,128.69742567331568,0.6337217301368919,0.0022170419598501793,110.0,110.0,110.0,76,18,0.36349916458129883
B3_Gas_Dynamic_Mixture,C5_PERSISTENCE,110,SUCCESS,,1.0,40.634412700000006,0.07619000000000001,0.0006999999999879412,0.0,0.0,0.0,4,0,0.23693513870239258
B3_Gas_Dynamic_Mixture,C6_ARX_NLMS,110,SUCCESS,,1.0,128.69742567331568,0.6337217301368919,0.0022170419598501793,110.0,110.0,110.0,76,18,0.40859055519104004
B3_Gas_Dynamic_Mixture,C5_PERSISTENCE,111,SUCCESS,,1.0,40.634412700000006,0.07619000000000001,0.0006999999999879412,0.0,0.0,0.0,4,0,0.23520421981811523
B3_Gas_Dynamic_Mixture,C6_ARX_NLMS,111,SUCCESS,,1.0,128.69742567331568,0.6337217301368919,0.0022170419598501793,110.0,110.0,110.0,76,18,0.35808610916137695
B3_Gas_Dynamic_Mixture,C5_PERSISTENCE,112,SUCCESS,,1.0,40.634412700000006,0.07619000000000001,0.0006999999999879412,0.0,0.0,0.0,4,0,0.24181437492370605
B3_Gas_Dynamic_Mixture,C6_ARX_NLMS,112,SUCCESS,,1.0,128.69742567331568,0.6337217301368919,0.0022170419598501793,110.0,110.0,110.0,76,18,0.39684486389160156
B3_Gas_Dynamic_Mixture,C5_PERSISTENCE,113,SUCCESS,,1.0,40.634412700000006,0.07619000000000001,0.0006999999999879412,0.0,0.0,0.0,4,0,0.23755908012390137
B3_Gas_Dynamic_Mixture,C6_ARX_NLMS,113,SUCCESS,,1.0,128.69742567331568,0.6337217301368919,0.0022170419598501793,110.0,110.0,110.0,76,18,0.36638736724853516
B3_Gas_Dynamic_Mixture,C5_PERSISTENCE,114,SUCCESS,,1.0,40.634412700000006,0.07619000000000001,0.0006999999999879412,0.0,0.0,0.0,4,0,0.26148271560668945
B3_Gas_Dynamic_Mixture,C6_ARX_NLMS,114,SUCCESS,,1.0,128.69742567331568,0.6337217301368919,0.0022170419598501793,110.0,110.0,110.0,76,18,0.38359785079956055
B3_Gas_Dynamic_Mixture,C5_PERSISTENCE,115,SUCCESS,,1.0,40.634412700000006,0.07619000000000001,0.0006999999999879412,0.0,0.0,0.0,4,0,0.2450578212738037
B3_Gas_Dynamic_Mixture,C6_ARX_NLMS,115,SUCCESS,,1.0,128.69742567331568,0.6337217301368919,0.0022170419598501793,110.0,110.0,110.0,76,18,0.3740839958190918
B3_Gas_Dynamic_Mixture,C5_PERSISTENCE,116,SUCCESS,,1.0,40.634412700000006,0.07619000000000001,0.0006999999999879412,0.0,0.0,0.0,4,0,0.25197911262512207
B3_Gas_Dynamic_Mixture,C6_ARX_NLMS,116,SUCCESS,,1.0,128.69742567331568,0.6337217301368919,0.0022170419598501793,110.0,110.0,110.0,76,18,0.3948330879211426
B3_Gas_Dynamic_Mixture,C5_PERSISTENCE,117,SUCCESS,,1.0,40.634412700000006,0.07619000000000001,0.0006999999999879412,0.0,0.0,0.0,4,0,0.2373828887939453
B3_Gas_Dynamic_Mixture,C6_ARX_NLMS,117,SUCCESS,,1.0,128.69742567331568,0.6337217301368919,0.0022170419598501793,110.0,110.0,110.0,76,18,0.3714454174041748
B3_Gas_Dynamic_Mixture,C5_PERSISTENCE,118,SUCCESS,,1.0,40.634412700000006,0.07619000000000001,0.0006999999999879412,0.0,0.0,0.0,4,0,0.24718689918518066
B3_Gas_Dynamic_Mixture,C6_ARX_NLMS,118,SUCCESS,,1.0,128.69742567331568,0.6337217301368919,0.0022170419598501793,110.0,110.0,110.0,76,18,0.36861658096313477
B3_Gas_Dynamic_Mixture,C5_PERSISTENCE,119,SUCCESS,,1.0,40.634412700000006,0.07619000000000001,0.0006999999999879412,0.0,0.0,0.0,4,0,0.2351367473602295
B3_Gas_Dynamic_Mixture,C6_ARX_NLMS,119,SUCCESS,,1.0,128.69742567331568,0.6337217301368919,0.0022170419598501793,110.0,110.0,110.0,76,18,0.36510801315307617
B3_Gas_Dynamic_Mixture,C5_PERSISTENCE,120,SUCCESS,,1.0,40.634412700000006,0.07619000000000001,0.0006999999999879412,0.0,0.0,0.0,4,0,0.22977614402770996
B3_Gas_Dynamic_Mixture,C6_ARX_NLMS,120,SUCCESS,,1.0,128.69742567331568,0.6337217301368919,0.0022170419598501793,110.0,110.0,110.0,76,18,0.3629424571990967
B3_Gas_Dynamic_Mixture,C5_PERSISTENCE,121,SUCCESS,,1.0,40.634412700000006,0.07619000000000001,0.0006999999999879412,0.0,0.0,0.0,4,0,0.23635101318359375
B3_Gas_Dynamic_Mixture,C6_ARX_NLMS,121,SUCCESS,,1.0,128.69742567331568,0.6337217301368919,0.0022170419598501793,110.0,110.0,110.0,76,18,0.3733060359954834
B3_Gas_Dynamic_Mixture,C5_PERSISTENCE,122,SUCCESS,,1.0,40.634412700000006,0.07619000000000001,0.0006999999999879412,0.0,0.0,0.0,4,0,0.24185919761657715
B3_Gas_Dynamic_Mixture,C6_ARX_NLMS,122,SUCCESS,,1.0,128.69742567331568,0.6337217301368919,0.0022170419598501793,110.0,110.0,110.0,76,18,0.37076234817504883
B3_Gas_Dynamic_Mixture,C5_PERSISTENCE,123,SUCCESS,,1.0,40.634412700000006,0.07619000000000001,0.0006999999999879412,0.0,0.0,0.0,4,0,0.2371349334716797
B3_Gas_Dynamic_Mixture,C6_ARX_NLMS,123,SUCCESS,,1.0,128.69742567331568,0.6337217301368919,0.0022170419598501793,110.0,110.0,110.0,76,18,0.3656306266784668
B3_Gas_Dynamic_Mixture,C5_PERSISTENCE,124,SUCCESS,,1.0,40.634412700000006,0.07619000000000001,0.0006999999999879412,0.0,0.0,0.0,4,0,0.23977351188659668
B3_Gas_Dynamic_Mixture,C6_ARX_NLMS,124,SUCCESS,,1.0,128.69742567331568,0.6337217301368919,0.0022170419598501793,110.0,110.0,110.0,76,18,0.37267065048217773
B3_Gas_Dynamic_Mixture,C5_PERSISTENCE,125,SUCCESS,,1.0,40.634412700000006,0.07619000000000001,0.0006999999999879412,0.0,0.0,0.0,4,0,0.23627328872680664
B3_Gas_Dynamic_Mixture,C6_ARX_NLMS,125,SUCCESS,,1.0,128.69742567331568,0.6337217301368919,0.0022170419598501793,110.0,110.0,110.0,76,18,0.37839341163635254
B3_Gas_Dynamic_Mixture,C5_PERSISTENCE,126,SUCCESS,,1.0,40.634412700000006,0.07619000000000001,0.0006999999999879412,0.0,0.0,0.0,4,0,0.2471756935119629
B3_Gas_Dynamic_Mixture,C6_ARX_NLMS,126,SUCCESS,,1.0,128.69742567331568,0.6337217301368919,0.0022170419598501793,110.0,110.0,110.0,76,18,0.39756107330322266
B3_Gas_Dynamic_Mixture,C5_PERSISTENCE,127,SUCCESS,,1.0,40.634412700000006,0.07619000000000001,0.0006999999999879412,0.0,0.0,0.0,4,0,0.2484908103942871
B3_Gas_Dynamic_Mixture,C6_ARX_NLMS,127,SUCCESS,,1.0,128.69742567331568,0.6337217301368919,0.0022170419598501793,110.0,110.0,110.0,76,18,0.36225461959838867
B3_Gas_Dynamic_Mixture,C5_PERSISTENCE,128,SUCCESS,,1.0,40.634412700000006,0.07619000000000001,0.0006999999999879412,0.0,0.0,0.0,4,0,0.23836755752563477
B3_Gas_Dynamic_Mixture,C6_ARX_NLMS,128,SUCCESS,,1.0,128.69742567331568,0.6337217301368919,0.0022170419598501793,110.0,110.0,110.0,76,18,0.38585472106933594
B3_Gas_Dynamic_Mixture,C5_PERSISTENCE,129,SUCCESS,,1.0,40.634412700000006,0.07619000000000001,0.0006999999999879412,0.0,0.0,0.0,4,0,0.24892950057983398
B3_Gas_Dynamic_Mixture,C6_ARX_NLMS,129,SUCCESS,,1.0,128.69742567331568,0.6337217301368919,0.0022170419598501793,110.0,110.0,110.0,76,18,0.389481782913208
B3_Gas_Dynamic_Mixture,C5_PERSISTENCE,130,SUCCESS,,1.0,40.634412700000006,0.07619000000000001,0.0006999999999879412,0.0,0.0,0.0,4,0,0.23538661003112793
B3_Gas_Dynamic_Mixture,C6_ARX_NLMS,130,SUCCESS,,1.0,128.69742567331568,0.6337217301368919,0.0022170419598501793,110.0,110.0,110.0,76,18,0.4008512496948242
B4_Silverbox_System_ID,C5_PERSISTENCE,101,SUCCESS,,1.0,0.0018508299039427059,0.03300705065785715,0.4801791298175318,0.0,0.0,0.0,4,0,0.5326340198516846
B4_Silverbox_System_ID,C6_ARX_NLMS,101,SUCCESS,,1.0,0.0018375130185936798,0.03332108643957261,0.476724198381016,20.0,20.0,20.0,16,3,0.7798991203308105
B4_Silverbox_System_ID,C5_PERSISTENCE,102,SUCCESS,,1.0,0.0018508299039427059,0.03300705065785715,0.4801791298175318,0.0,0.0,0.0,4,0,0.5344123840332031
B4_Silverbox_System_ID,C6_ARX_NLMS,102,SUCCESS,,1.0,0.0018375130185936798,0.03332108643957261,0.476724198381016,20.0,20.0,20.0,16,3,0.7554564476013184
B4_Silverbox_System_ID,C5_PERSISTENCE,103,SUCCESS,,1.0,0.0018508299039427059,0.03300705065785715,0.4801791298175318,0.0,0.0,0.0,4,0,0.5410349369049072
B4_Silverbox_System_ID,C6_ARX_NLMS,103,SUCCESS,,1.0,0.0018375130185936798,0.03332108643957261,0.476724198381016,20.0,20.0,20.0,16,3,0.7895689010620117
B4_Silverbox_System_ID,C5_PERSISTENCE,104,SUCCESS,,1.0,0.0018508299039427059,0.03300705065785715,0.4801791298175318,0.0,0.0,0.0,4,0,0.5501120090484619
B4_Silverbox_System_ID,C6_ARX_NLMS,104,SUCCESS,,1.0,0.0018375130185936798,0.03332108643957261,0.476724198381016,20.0,20.0,20.0,16,3,0.790907621383667
B4_Silverbox_System_ID,C5_PERSISTENCE,105,SUCCESS,,1.0,0.0018508299039427059,0.03300705065785715,0.4801791298175318,0.0,0.0,0.0,4,0,0.5072104930877686
B4_Silverbox_System_ID,C6_ARX_NLMS,105,SUCCESS,,1.0,0.0018375130185936798,0.03332108643957261,0.476724198381016,20.0,20.0,20.0,16,3,0.8492734432220459
B4_Silverbox_System_ID,C5_PERSISTENCE,106,SUCCESS,,1.0,0.0018508299039427059,0.03300705065785715,0.4801791298175318,0.0,0.0,0.0,4,0,0.5251669883728027
B4_Silverbox_System_ID,C6_ARX_NLMS,106,SUCCESS,,1.0,0.0018375130185936798,0.03332108643957261,0.476724198381016,20.0,20.0,20.0,16,3,0.8306043148040771
B4_Silverbox_System_ID,C5_PERSISTENCE,107,SUCCESS,,1.0,0.0018508299039427059,0.03300705065785715,0.4801791298175318,0.0,0.0,0.0,4,0,0.5073423385620117
B4_Silverbox_System_ID,C6_ARX_NLMS,107,SUCCESS,,1.0,0.0018375130185936798,0.03332108643957261,0.476724198381016,20.0,20.0,20.0,16,3,0.8299341201782227
B4_Silverbox_System_ID,C5_PERSISTENCE,108,SUCCESS,,1.0,0.0018508299039427059,0.03300705065785715,0.4801791298175318,0.0,0.0,0.0,4,0,0.5305430889129639
B4_Silverbox_System_ID,C6_ARX_NLMS,108,SUCCESS,,1.0,0.0018375130185936798,0.03332108643957261,0.476724198381016,20.0,20.0,20.0,16,3,0.8275837898254395
B4_Silverbox_System_ID,C5_PERSISTENCE,109,SUCCESS,,1.0,0.0018508299039427059,0.03300705065785715,0.4801791298175318,0.0,0.0,0.0,4,0,0.5198304653167725
B4_Silverbox_System_ID,C6_ARX_NLMS,109,SUCCESS,,1.0,0.0018375130185936798,0.03332108643957261,0.476724198381016,20.0,20.0,20.0,16,3,0.864591121673584
B4_Silverbox_System_ID,C5_PERSISTENCE,110,SUCCESS,,1.0,0.0018508299039427059,0.03300705065785715,0.4801791298175318,0.0,0.0,0.0,4,0,0.5205864906311035
B4_Silverbox_System_ID,C6_ARX_NLMS,110,SUCCESS,,1.0,0.0018375130185936798,0.03332108643957261,0.476724198381016,20.0,20.0,20.0,16,3,0.767052412033081
B4_Silverbox_System_ID,C5_PERSISTENCE,111,SUCCESS,,1.0,0.0018508299039427059,0.03300705065785715,0.4801791298175318,0.0,0.0,0.0,4,0,0.5264039039611816
B4_Silverbox_System_ID,C6_ARX_NLMS,111,SUCCESS,,1.0,0.0018375130185936798,0.03332108643957261,0.476724198381016,20.0,20.0,20.0,16,3,0.8446018695831299
B4_Silverbox_System_ID,C5_PERSISTENCE,112,SUCCESS,,1.0,0.0018508299039427059,0.03300705065785715,0.4801791298175318,0.0,0.0,0.0,4,0,0.5467808246612549
B4_Silverbox_System_ID,C6_ARX_NLMS,112,SUCCESS,,1.0,0.0018375130185936798,0.03332108643957261,0.476724198381016,20.0,20.0,20.0,16,3,0.7965793609619141
B4_Silverbox_System_ID,C5_PERSISTENCE,113,SUCCESS,,1.0,0.0018508299039427059,0.03300705065785715,0.4801791298175318,0.0,0.0,0.0,4,0,0.5043661594390869
B4_Silverbox_System_ID,C6_ARX_NLMS,113,SUCCESS,,1.0,0.0018375130185936798,0.03332108643957261,0.476724198381016,20.0,20.0,20.0,16,3,0.865288496017456
B4_Silverbox_System_ID,C5_PERSISTENCE,114,SUCCESS,,1.0,0.0018508299039427059,0.03300705065785715,0.4801791298175318,0.0,0.0,0.0,4,0,0.5138137340545654
B4_Silverbox_System_ID,C6_ARX_NLMS,114,SUCCESS,,1.0,0.0018375130185936798,0.03332108643957261,0.476724198381016,20.0,20.0,20.0,16,3,0.7944626808166504
B4_Silverbox_System_ID,C5_PERSISTENCE,115,SUCCESS,,1.0,0.0018508299039427059,0.03300705065785715,0.4801791298175318,0.0,0.0,0.0,4,0,0.5098521709442139
B4_Silverbox_System_ID,C6_ARX_NLMS,115,SUCCESS,,1.0,0.0018375130185936798,0.03332108643957261,0.476724198381016,20.0,20.0,20.0,16,3,0.7917494773864746
B4_Silverbox_System_ID,C5_PERSISTENCE,116,SUCCESS,,1.0,0.0018508299039427059,0.03300705065785715,0.4801791298175318,0.0,0.0,0.0,4,0,0.5128521919250488
B4_Silverbox_System_ID,C6_ARX_NLMS,116,SUCCESS,,1.0,0.0018375130185936798,0.03332108643957261,0.476724198381016,20.0,20.0,20.0,16,3,0.7942981719970703
B4_Silverbox_System_ID,C5_PERSISTENCE,117,SUCCESS,,1.0,0.0018508299039427059,0.03300705065785715,0.4801791298175318,0.0,0.0,0.0,4,0,0.5203385353088379
B4_Silverbox_System_ID,C6_ARX_NLMS,117,SUCCESS,,1.0,0.0018375130185936798,0.03332108643957261,0.476724198381016,20.0,20.0,20.0,16,3,0.8068113327026367
B4_Silverbox_System_ID,C5_PERSISTENCE,118,SUCCESS,,1.0,0.0018508299039427059,0.03300705065785715,0.4801791298175318,0.0,0.0,0.0,4,0,0.5296227931976318
B4_Silverbox_System_ID,C6_ARX_NLMS,118,SUCCESS,,1.0,0.0018375130185936798,0.03332108643957261,0.476724198381016,20.0,20.0,20.0,16,3,0.904045820236206
B4_Silverbox_System_ID,C5_PERSISTENCE,119,SUCCESS,,1.0,0.0018508299039427059,0.03300705065785715,0.4801791298175318,0.0,0.0,0.0,4,0,0.6158053874969482
B4_Silverbox_System_ID,C6_ARX_NLMS,119,SUCCESS,,1.0,0.0018375130185936798,0.03332108643957261,0.476724198381016,20.0,20.0,20.0,16,3,0.8222358226776123
B4_Silverbox_System_ID,C5_PERSISTENCE,120,SUCCESS,,1.0,0.0018508299039427059,0.03300705065785715,0.4801791298175318,0.0,0.0,0.0,4,0,0.5645651817321777
B4_Silverbox_System_ID,C6_ARX_NLMS,120,SUCCESS,,1.0,0.0018375130185936798,0.03332108643957261,0.476724198381016,20.0,20.0,20.0,16,3,0.8742971420288086
B4_Silverbox_System_ID,C5_PERSISTENCE,121,SUCCESS,,1.0,0.0018508299039427059,0.03300705065785715,0.4801791298175318,0.0,0.0,0.0,4,0,0.5355308055877686
B4_Silverbox_System_ID,C6_ARX_NLMS,121,SUCCESS,,1.0,0.0018375130185936798,0.03332108643957261,0.476724198381016,20.0,20.0,20.0,16,3,0.8047389984130859
B4_Silverbox_System_ID,C5_PERSISTENCE,122,SUCCESS,,1.0,0.0018508299039427059,0.03300705065785715,0.4801791298175318,0.0,0.0,0.0,4,0,0.5632963180541992
B4_Silverbox_System_ID,C6_ARX_NLMS,122,SUCCESS,,1.0,0.0018375130185936798,0.03332108643957261,0.476724198381016,20.0,20.0,20.0,16,3,0.7883954048156738
B4_Silverbox_System_ID,C5_PERSISTENCE,123,SUCCESS,,1.0,0.0018508299039427059,0.03300705065785715,0.4801791298175318,0.0,0.0,0.0,4,0,0.548285722732544
B4_Silverbox_System_ID,C6_ARX_NLMS,123,SUCCESS,,1.0,0.0018375130185936798,0.03332108643957261,0.476724198381016,20.0,20.0,20.0,16,3,0.8082380294799805
B4_Silverbox_System_ID,C5_PERSISTENCE,124,SUCCESS,,1.0,0.0018508299039427059,0.03300705065785715,0.4801791298175318,0.0,0.0,0.0,4,0,0.5447783470153809
B4_Silverbox_System_ID,C6_ARX_NLMS,124,SUCCESS,,1.0,0.0018375130185936798,0.03332108643957261,0.476724198381016,20.0,20.0,20.0,16,3,0.9138834476470947
B4_Silverbox_System_ID,C5_PERSISTENCE,125,SUCCESS,,1.0,0.0018508299039427059,0.03300705065785715,0.4801791298175318,0.0,0.0,0.0,4,0,0.5764527320861816
B4_Silverbox_System_ID,C6_ARX_NLMS,125,SUCCESS,,1.0,0.0018375130185936798,0.03332108643957261,0.476724198381016,20.0,20.0,20.0,16,3,0.8671956062316895
B4_Silverbox_System_ID,C5_PERSISTENCE,126,SUCCESS,,1.0,0.0018508299039427059,0.03300705065785715,0.4801791298175318,0.0,0.0,0.0,4,0,0.6119945049285889
B4_Silverbox_System_ID,C6_ARX_NLMS,126,SUCCESS,,1.0,0.0018375130185936798,0.03332108643957261,0.476724198381016,20.0,20.0,20.0,16,3,0.8693959712982178
B4_Silverbox_System_ID,C5_PERSISTENCE,127,SUCCESS,,1.0,0.0018508299039427059,0.03300705065785715,0.4801791298175318,0.0,0.0,0.0,4,0,0.5731089115142822
B4_Silverbox_System_ID,C6_ARX_NLMS,127,SUCCESS,,1.0,0.0018375130185936798,0.03332108643957261,0.476724198381016,20.0,20.0,20.0,16,3,0.8428471088409424
B4_Silverbox_System_ID,C5_PERSISTENCE,128,SUCCESS,,1.0,0.0018508299039427059,0.03300705065785715,0.4801791298175318,0.0,0.0,0.0,4,0,0.5135171413421631
B4_Silverbox_System_ID,C6_ARX_NLMS,128,SUCCESS,,1.0,0.0018375130185936798,0.03332108643957261,0.476724198381016,20.0,20.0,20.0,16,3,0.9501230716705322
B4_Silverbox_System_ID,C5_PERSISTENCE,129,SUCCESS,,1.0,0.0018508299039427059,0.03300705065785715,0.4801791298175318,0.0,0.0,0.0,4,0,0.5187790393829346
B4_Silverbox_System_ID,C6_ARX_NLMS,129,SUCCESS,,1.0,0.0018375130185936798,0.03332108643957261,0.476724198381016,20.0,20.0,20.0,16,3,0.7989070415496826
B4_Silverbox_System_ID,C5_PERSISTENCE,130,SUCCESS,,1.0,0.0018508299039427059,0.03300705065785715,0.4801791298175318,0.0,0.0,0.0,4,0,0.5215177536010742
B4_Silverbox_System_ID,C6_ARX_NLMS,130,SUCCESS,,1.0,0.0018375130185936798,0.03332108643957261,0.476724198381016,20.0,20.0,20.0,16,3,0.8179261684417725
B5_Household_Power_Control,C5_PERSISTENCE,101,SUCCESS,,1.0,0.24532603634285718,0.2004670857142857,0.12183729705899869,0.0,0.0,0.0,4,0,0.29369425773620605
B5_Household_Power_Control,C6_ARX_NLMS,101,SUCCESS,,1.0,0.004949280606521982,0.03847275745481972,0.002457981959331961,50.0,50.0,50.0,36,8,0.5085418224334717
B5_Household_Power_Control,C5_PERSISTENCE,102,SUCCESS,,1.0,0.24532603634285718,0.2004670857142857,0.12183729705899869,0.0,0.0,0.0,4,0,0.3077123165130615
B5_Household_Power_Control,C6_ARX_NLMS,102,SUCCESS,,1.0,0.004949280606521982,0.03847275745481972,0.002457981959331961,50.0,50.0,50.0,36,8,0.4644958972930908
B5_Household_Power_Control,C5_PERSISTENCE,103,SUCCESS,,1.0,0.24532603634285718,0.2004670857142857,0.12183729705899869,0.0,0.0,0.0,4,0,0.35847973823547363
B5_Household_Power_Control,C6_ARX_NLMS,103,SUCCESS,,1.0,0.004949280606521982,0.03847275745481972,0.002457981959331961,50.0,50.0,50.0,36,8,0.46994853019714355
B5_Household_Power_Control,C5_PERSISTENCE,104,SUCCESS,,1.0,0.24532603634285718,0.2004670857142857,0.12183729705899869,0.0,0.0,0.0,4,0,0.3596312999725342
B5_Household_Power_Control,C6_ARX_NLMS,104,SUCCESS,,1.0,0.004949280606521982,0.03847275745481972,0.002457981959331961,50.0,50.0,50.0,36,8,0.49040889739990234
B5_Household_Power_Control,C5_PERSISTENCE,105,SUCCESS,,1.0,0.24532603634285718,0.2004670857142857,0.12183729705899869,0.0,0.0,0.0,4,0,0.28759169578552246
B5_Household_Power_Control,C6_ARX_NLMS,105,SUCCESS,,1.0,0.004949280606521982,0.03847275745481972,0.002457981959331961,50.0,50.0,50.0,36,8,0.4565293788909912
B5_Household_Power_Control,C5_PERSISTENCE,106,SUCCESS,,1.0,0.24532603634285718,0.2004670857142857,0.12183729705899869,0.0,0.0,0.0,4,0,0.38001489639282227
B5_Household_Power_Control,C6_ARX_NLMS,106,SUCCESS,,1.0,0.004949280606521982,0.03847275745481972,0.002457981959331961,50.0,50.0,50.0,36,8,0.46612000465393066
B5_Household_Power_Control,C5_PERSISTENCE,107,SUCCESS,,1.0,0.24532603634285718,0.2004670857142857,0.12183729705899869,0.0,0.0,0.0,4,0,0.2931656837463379
B5_Household_Power_Control,C6_ARX_NLMS,107,SUCCESS,,1.0,0.004949280606521982,0.03847275745481972,0.002457981959331961,50.0,50.0,50.0,36,8,0.4524366855621338
B5_Household_Power_Control,C5_PERSISTENCE,108,SUCCESS,,1.0,0.24532603634285718,0.2004670857142857,0.12183729705899869,0.0,0.0,0.0,4,0,0.29787635803222656
B5_Household_Power_Control,C6_ARX_NLMS,108,SUCCESS,,1.0,0.004949280606521982,0.03847275745481972,0.002457981959331961,50.0,50.0,50.0,36,8,0.46953415870666504
B5_Household_Power_Control,C5_PERSISTENCE,109,SUCCESS,,1.0,0.24532603634285718,0.2004670857142857,0.12183729705899869,0.0,0.0,0.0,4,0,0.2948575019836426
B5_Household_Power_Control,C6_ARX_NLMS,109,SUCCESS,,1.0,0.004949280606521982,0.03847275745481972,0.002457981959331961,50.0,50.0,50.0,36,8,0.4680354595184326
B5_Household_Power_Control,C5_PERSISTENCE,110,SUCCESS,,1.0,0.24532603634285718,0.2004670857142857,0.12183729705899869,0.0,0.0,0.0,4,0,0.2948451042175293
B5_Household_Power_Control,C6_ARX_NLMS,110,SUCCESS,,1.0,0.004949280606521982,0.03847275745481972,0.002457981959331961,50.0,50.0,50.0,36,8,0.4576599597930908
B5_Household_Power_Control,C5_PERSISTENCE,111,SUCCESS,,1.0,0.24532603634285718,0.2004670857142857,0.12183729705899869,0.0,0.0,0.0,4,0,0.30922484397888184
B5_Household_Power_Control,C6_ARX_NLMS,111,SUCCESS,,1.0,0.004949280606521982,0.03847275745481972,0.002457981959331961,50.0,50.0,50.0,36,8,0.48538661003112793
B5_Household_Power_Control,C5_PERSISTENCE,112,SUCCESS,,1.0,0.24532603634285718,0.2004670857142857,0.12183729705899869,0.0,0.0,0.0,4,0,0.35491037368774414
B5_Household_Power_Control,C6_ARX_NLMS,112,SUCCESS,,1.0,0.004949280606521982,0.03847275745481972,0.002457981959331961,50.0,50.0,50.0,36,8,0.4785146713256836
B5_Household_Power_Control,C5_PERSISTENCE,113,SUCCESS,,1.0,0.24532603634285718,0.2004670857142857,0.12183729705899869,0.0,0.0,0.0,4,0,0.30655884742736816
B5_Household_Power_Control,C6_ARX_NLMS,113,SUCCESS,,1.0,0.004949280606521982,0.03847275745481972,0.002457981959331961,50.0,50.0,50.0,36,8,0.484173059463501
B5_Household_Power_Control,C5_PERSISTENCE,114,SUCCESS,,1.0,0.24532603634285718,0.2004670857142857,0.12183729705899869,0.0,0.0,0.0,4,0,0.3160383701324463
B5_Household_Power_Control,C6_ARX_NLMS,114,SUCCESS,,1.0,0.004949280606521982,0.03847275745481972,0.002457981959331961,50.0,50.0,50.0,36,8,0.48987650871276855
B5_Household_Power_Control,C5_PERSISTENCE,115,SUCCESS,,1.0,0.24532603634285718,0.2004670857142857,0.12183729705899869,0.0,0.0,0.0,4,0,0.30982160568237305
B5_Household_Power_Control,C6_ARX_NLMS,115,SUCCESS,,1.0,0.004949280606521982,0.03847275745481972,0.002457981959331961,50.0,50.0,50.0,36,8,0.48709940910339355
B5_Household_Power_Control,C5_PERSISTENCE,116,SUCCESS,,1.0,0.24532603634285718,0.2004670857142857,0.12183729705899869,0.0,0.0,0.0,4,0,0.2942626476287842
B5_Household_Power_Control,C6_ARX_NLMS,116,SUCCESS,,1.0,0.004949280606521982,0.03847275745481972,0.002457981959331961,50.0,50.0,50.0,36,8,0.49242401123046875
B5_Household_Power_Control,C5_PERSISTENCE,117,SUCCESS,,1.0,0.24532603634285718,0.2004670857142857,0.12183729705899869,0.0,0.0,0.0,4,0,0.2898237705230713
B5_Household_Power_Control,C6_ARX_NLMS,117,SUCCESS,,1.0,0.004949280606521982,0.03847275745481972,0.002457981959331961,50.0,50.0,50.0,36,8,0.46135687828063965
B5_Household_Power_Control,C5_PERSISTENCE,118,SUCCESS,,1.0,0.24532603634285718,0.2004670857142857,0.12183729705899869,0.0,0.0,0.0,4,0,0.29160571098327637
B5_Household_Power_Control,C6_ARX_NLMS,118,SUCCESS,,1.0,0.004949280606521982,0.03847275745481972,0.002457981959331961,50.0,50.0,50.0,36,8,0.46213340759277344
B5_Household_Power_Control,C5_PERSISTENCE,119,SUCCESS,,1.0,0.24532603634285718,0.2004670857142857,0.12183729705899869,0.0,0.0,0.0,4,0,0.2952699661254883
B5_Household_Power_Control,C6_ARX_NLMS,119,SUCCESS,,1.0,0.004949280606521982,0.03847275745481972,0.002457981959331961,50.0,50.0,50.0,36,8,0.41643261909484863
B5_Household_Power_Control,C5_PERSISTENCE,120,SUCCESS,,1.0,0.24532603634285718,0.2004670857142857,0.12183729705899869,0.0,0.0,0.0,4,0,0.3183891773223877
B5_Household_Power_Control,C6_ARX_NLMS,120,SUCCESS,,1.0,0.004949280606521982,0.03847275745481972,0.002457981959331961,50.0,50.0,50.0,36,8,0.35843634605407715
B5_Household_Power_Control,C5_PERSISTENCE,121,SUCCESS,,1.0,0.24532603634285718,0.2004670857142857,0.12183729705899869,0.0,0.0,0.0,4,0,0.3001060485839844
B5_Household_Power_Control,C6_ARX_NLMS,121,SUCCESS,,1.0,0.004949280606521982,0.03847275745481972,0.002457981959331961,50.0,50.0,50.0,36,8,0.40180087089538574
B5_Household_Power_Control,C5_PERSISTENCE,122,SUCCESS,,1.0,0.24532603634285718,0.2004670857142857,0.12183729705899869,0.0,0.0,0.0,4,0,0.2979090213775635
B5_Household_Power_Control,C6_ARX_NLMS,122,SUCCESS,,1.0,0.004949280606521982,0.03847275745481972,0.002457981959331961,50.0,50.0,50.0,36,8,0.33886289596557617
B5_Household_Power_Control,C5_PERSISTENCE,123,SUCCESS,,1.0,0.24532603634285718,0.2004670857142857,0.12183729705899869,0.0,0.0,0.0,4,0,0.3166980743408203
B5_Household_Power_Control,C6_ARX_NLMS,123,SUCCESS,,1.0,0.004949280606521982,0.03847275745481972,0.002457981959331961,50.0,50.0,50.0,36,8,0.34235167503356934
B5_Household_Power_Control,C5_PERSISTENCE,124,SUCCESS,,1.0,0.24532603634285718,0.2004670857142857,0.12183729705899869,0.0,0.0,0.0,4,0,0.3078644275665283
B5_Household_Power_Control,C6_ARX_NLMS,124,SUCCESS,,1.0,0.004949280606521982,0.03847275745481972,0.002457981959331961,50.0,50.0,50.0,36,8,0.3659214973449707
B5_Household_Power_Control,C5_PERSISTENCE,125,SUCCESS,,1.0,0.24532603634285718,0.2004670857142857,0.12183729705899869,0.0,0.0,0.0,4,0,0.3144392967224121
B5_Household_Power_Control,C6_ARX_NLMS,125,SUCCESS,,1.0,0.004949280606521982,0.03847275745481972,0.002457981959331961,50.0,50.0,50.0,36,8,0.348844051361084
B5_Household_Power_Control,C5_PERSISTENCE,126,SUCCESS,,1.0,0.24532603634285718,0.2004670857142857,0.12183729705899869,0.0,0.0,0.0,4,0,0.31253767013549805
B5_Household_Power_Control,C6_ARX_NLMS,126,SUCCESS,,1.0,0.004949280606521982,0.03847275745481972,0.002457981959331961,50.0,50.0,50.0,36,8,0.33322978019714355
B5_Household_Power_Control,C5_PERSISTENCE,127,SUCCESS,,1.0,0.24532603634285718,0.2004670857142857,0.12183729705899869,0.0,0.0,0.0,4,0,0.30455732345581055
B5_Household_Power_Control,C6_ARX_NLMS,127,SUCCESS,,1.0,0.004949280606521982,0.03847275745481972,0.002457981959331961,50.0,50.0,50.0,36,8,0.3492166996002197
B5_Household_Power_Control,C5_PERSISTENCE,128,SUCCESS,,1.0,0.24532603634285718,0.2004670857142857,0.12183729705899869,0.0,0.0,0.0,4,0,0.28841114044189453
B5_Household_Power_Control,C6_ARX_NLMS,128,SUCCESS,,1.0,0.004949280606521982,0.03847275745481972,0.002457981959331961,50.0,50.0,50.0,36,8,0.3233928680419922
B5_Household_Power_Control,C5_PERSISTENCE,129,SUCCESS,,1.0,0.24532603634285718,0.2004670857142857,0.12183729705899869,0.0,0.0,0.0,4,0,0.2823655605316162
B5_Household_Power_Control,C6_ARX_NLMS,129,SUCCESS,,1.0,0.004949280606521982,0.03847275745481972,0.002457981959331961,50.0,50.0,50.0,36,8,0.31300830841064453
B5_Household_Power_Control,C5_PERSISTENCE,130,SUCCESS,,1.0,0.24532603634285718,0.2004670857142857,0.12183729705899869,0.0,0.0,0.0,4,0,0.25588274002075195
B5_Household_Power_Control,C6_ARX_NLMS,130,SUCCESS,,1.0,0.004949280606521982,0.03847275745481972,0.002457981959331961,50.0,50.0,50.0,36,8,0.30932188034057617
