task_id,seed,topology,expected_class,modal_state,nmse,frac_none,frac_lag,frac_rec,frac_both,mean_active_lags,mean_rec_active,redundant_dual_rate,promotions_lag,promotions_rec,evictions_lag,evictions_rec,live_flops_mean,live_flops_p95,live_flops_peak,shadow_flops_mean,int_ops_mean,bytes_moved_mean,persistent_bytes,g_db_mean,g_rb_mean,g_d_br_mean,g_r_bd_mean
I1_Memoryless_Linear,1311,T1,NONE,NONE,0.12099384495661837,1.0,0.0,0.0,0.0,0.0,0.0,0.0,0,0,0,0,58.0,58.0,58.0,74.14366666666666,22.274,345.637,1272,-0.007600827517417696,0.0007545342051756373,-0.007600827517417696,0.0007545342051756373
I1_Memoryless_Linear,1311,T1R,NONE,NONE,0.12099384495661837,1.0,0.0,0.0,0.0,0.0,0.0,0.0,0,0,0,0,58.0,58.0,58.0,74.14366666666666,22.274,345.637,1272,-0.007600827517417696,0.0007545342051756373,-0.007600827517417696,0.0007545342051756373
I1_Memoryless_Linear,1311,T2,NONE,NONE,0.12099384495661837,1.0,0.0,0.0,0.0,0.0,0.0,0.0,0,0,0,0,58.0,58.0,58.0,74.14366666666666,22.274,345.637,1272,-0.007600827517417696,0.0007545342051756373,-0.007600827517417696,0.0007545342051756373
I1_Memoryless_Linear,1311,T3,NONE,NONE,0.12099384495661837,1.0,0.0,0.0,0.0,0.0,0.0,0.0,0,0,0,0,58.0,58.0,58.0,74.14366666666666,22.274,345.637,1272,-0.007600827517417696,0.0007545342051756373,-0.007600827517417696,0.0007545342051756373
I1_Memoryless_Linear,1311,O_ALL,NONE,BOTH,0.14094005534824947,0.0,0.0,0.0,1.0,3.1588,1.0,0.9556666666666667,0,0,0,0,119.54433333333333,132.0,132.0,69.31333333333333,39.61933333333333,402.3016666666667,1368,-0.029471073697664534,0.00046019577209877087,-0.02937787731316969,0.0005533921565936152
I2_Static_Nonlinear_Negative_Control,1311,T1,NONE,BOTH,1.36429533904722,0.0,0.1248,0.0,0.8752,3.654,0.8752,0.08683333333333333,4,1,0,0,113.41666666666667,132.0,132.0,87.243,51.44133333333333,395.22066666666666,1384,-0.21896102231435094,0.5810462871111013,-0.22344456844910393,0.5765627409763482
I2_Static_Nonlinear_Negative_Control,1311,T1R,NONE,BOTH,1.3643475451681892,0.0,0.1248,0.0,0.8752,3.654,0.8752,0.08666666666666667,4,1,0,0,113.41666666666667,132.0,132.0,87.19833333333334,51.419333333333334,395.2096666666667,1384,-0.21909560872295433,0.5820341712342502,-0.22358422759878113,0.5775455523584235
I2_Static_Nonlinear_Negative_Control,1311,T2,NONE,LAG,1.315872371698543,0.0,0.5142,0.0,0.4858,3.7782,0.4858,0.39866666666666667,4,1,0,0,103.41866666666667,132.0,132.0,86.89166666666667,52.092,379.97,1384,-0.19442254519156682,-0.004202863793408487,-0.19236649186606497,-0.0021468104679066534
I2_Static_Nonlinear_Negative_Control,1311,T3,NONE,NONE,1.1014384226688334,0.9798,0.0162,0.003,0.001,0.0172,0.004,0.0,10,1,10,1,58.25666666666667,58.0,102.0,88.87833333333333,30.462,349.891,1272,-0.07471309121034204,-0.004865772913568362,-0.0753216236947178,-0.00547430539794413
I2_Static_Nonlinear_Negative_Control,1311,O_ALL,NONE,BOTH,1.3288405820093088,0.0,0.0,0.0,1.0,4.0,1.0,0.9455,0,0,0,0,131.471,132.0,132.0,86.07466666666667,57.483333333333334,411.2336666666667,1384,-0.2315403309438615,-0.008338277580164127,-0.23333185231342346,-0.01012979894972608
I3_Single_Exact_Delay,1311,T1,LAG,LAG,0.5638502268470124,0.0,1.0,0.0,0.0,4.0,0.0,0.0,4,0,0,0,95.66833333333334,98.0,98.0,87.08566666666667,56.605333333333334,362.80266666666665,1336,-0.2635573335306995,0.0012534517099303173,-0.26337923833510446,0.0014315469055253677
I3_Single_Exact_Delay,1311,T1R,LAG,BOTH,0.10018561841735285,0.0,0.0,0.0,1.0,3.9876,1.0,0.045,5,1,1,0,129.31333333333333,132.0,132.0,86.46033333333334,56.199333333333335,410.2796666666667,1384,0.5844734720490824,0.0021073830633040807,0.5845411782859964,0.002175089300218069
I3_Single_Exact_Delay,1311,T2,LAG,BOTH,0.1326722079506616,0.0,0.0,0.0,1.0,4.0,1.0,0.067,4,1,0,0,129.43166666666667,132.0,132.0,86.651,56.38933333333333,410.37466666666666,1384,0.5744472911460737,0.0017947782972527234,0.5745213845043579,0.0018688716555368393
I3_Single_Exact_Delay,1311,T3,LAG,LAG,0.13015041482451814,0.0,1.0,0.0,0.0,3.9272,0.0,0.0,5,0,1,0,91.87333333333333,98.0,98.0,86.908,53.708,361.354,1336,0.5949890822299311,0.0014202162250237125,0.5951459492814997,0.0015770832765922187
I3_Single_Exact_Delay,1311,O_ALL,LAG,BOTH,0.5530522870531647,0.0,0.0,0.0,1.0,4.0,1.0,0.974,0,0,0,0,131.37266666666667,132.0,132.0,86.53533333333333,57.62466666666667,411.3043333333333,1384,-0.25407277508215165,0.000541498212502354,-0.25401395249710385,0.0006003207975502036
I4_Multi_Sparse_Delay,1311,T1,LAG,BOTH,0.7595901210647663,0.0,0.0,0.0,1.0,4.0,1.0,0.21133333333333335,4,1,0,0,130.10666666666665,132.0,132.0,87.349,57.36866666666667,410.70433333333335,1384,-0.41131372825967283,0.06498070448838902,-0.40158334804365803,0.07471108470440387
I4_Multi_Sparse_Delay,1311,T1R,LAG,BOTH,0.7502817847262173,0.0,0.0,0.0,1.0,4.0,1.0,0.23,4,1,0,0,129.92833333333334,132.0,132.0,87.276,57.1,410.73,1384,-0.361157237754683,0.07008520508828173,-0.35783951413341963,0.07340292870954511
I4_Multi_Sparse_Delay,1311,T2,LAG,BOTH,0.7481279128424313,0.0,0.0,0.0,1.0,4.0,1.0,0.5116666666666667,4,1,0,0,130.44333333333333,132.0,132.0,87.312,57.513333333333335,410.93666666666667,1384,-0.36778594971861567,0.016843892653826718,-0.37254972317977875,0.012080119192663635
I4_Multi_Sparse_Delay,1311,T3,LAG,LAG,0.5374922818155713,0.2286,0.5682,0.0756,0.1276,2.5086,0.2032,0.0,35,22,31,22,86.524,132.0,132.0,88.07466666666667,44.955333333333336,367.6256666666667,1336,0.17363084627240746,-0.00927111901790051,0.18360789703818214,0.0007059317478741445
I4_Multi_Sparse_Delay,1311,O_ALL,LAG,BOTH,0.747920375344137,0.0,0.0,0.0,1.0,4.0,1.0,0.5151666666666667,0,0,0,0,131.67433333333332,132.0,132.0,86.98133333333334,58.095333333333336,411.5396666666667,1384,-0.3925436245487817,0.013322283785349694,-0.39434320296215875,0.011522705371972645
I5_Moving_Delay_Support,1311,T1,LAG,LAG,0.3569638357090136,0.0,1.0,0.0,0.0,4.0,0.0,0.0,4,0,0,0,95.22833333333334,98.0,98.0,86.13566666666667,55.73733333333333,362.3686666666667,1336,0.1980176122263541,0.0019872213554047277,0.19779242481611017,0.0017620339451607603
I5_Moving_Delay_Support,1311,T1R,LAG,BOTH,0.3624301126576667,0.0,0.0,0.0,1.0,3.8376,1.0,0.4676666666666667,4,1,0,0,124.52933333333333,132.0,132.0,87.186,52.93066666666667,408.63733333333334,1384,0.1971419612956719,0.004522035543007612,0.19624091240687871,0.0036209866542144154
I5_Moving_Delay_Support,1311,T2,LAG,BOTH,0.3680997321269947,0.0,0.0,0.0,1.0,3.9954,1.0,0.5586666666666666,4,1,0,0,128.871,132.0,132.0,87.031,56.082,410.213,1384,0.20430461623707744,0.0018681184656205718,0.20346937264324558,0.0010328748717887126
I5_Moving_Delay_Support,1311,T3,LAG,LAG,0.1688431526331508,0.0824,0.9176,0.0,0.0,3.2418,0.0,0.0,13,0,9,0,87.175,98.0,98.0,87.076,50.134,359.567,1336,0.5615650780496342,0.0018193752607299852,0.5612455317609545,0.0014998289720503104
I5_Moving_Delay_Support,1311,O_ALL,LAG,BOTH,0.5349170009923853,0.0,0.0,0.0,1.0,4.0,1.0,0.9766666666666667,0,0,0,0,131.78933333333333,132.0,132.0,86.554,57.97266666666667,411.47833333333335,1384,-0.20716658840977328,0.0016272512701835553,-0.20735786323397984,0.0014359764459770203
I6_Continuous_Latent_State,1311,T1,RECURRENT,BOTH,0.1123152508308752,0.0,0.0,0.0,1.0,3.685,1.0,0.0,4,1,0,0,122.645,132.0,132.0,86.628,51.36666666666667,407.7033333333333,1384,-0.05308435047516613,0.5245111639949859,-0.040480625405382394,0.5371148890647697
I6_Continuous_Latent_State,1311,T1R,RECURRENT,BOTH,0.11232372322144589,0.0,0.0,0.0,1.0,3.628,1.0,0.0,4,1,0,0,122.28333333333333,132.0,132.0,86.827,51.094,407.727,1384,-0.051483966927857124,0.5288754222977405,-0.05336450125172238,0.5269948879738753
I6_Continuous_Latent_State,1311,T2,RECURRENT,BOTH,0.1579146548181508,0.0,0.0,0.0,1.0,3.7178,1.0,0.0,4,1,0,0,123.55666666666667,132.0,132.0,86.33233333333334,51.698,408.029,1384,-0.028280560902451075,0.31288856587726493,-0.04793033536769177,0.29323879141202425
I6_Continuous_Latent_State,1311,T3,RECURRENT,RECURRENT,0.13582214043880272,0.0,0.0,0.9876,0.0124,0.0124,1.0,0.0,2,1,2,0,91.82,92.0,102.0,88.17533333333333,30.064,397.132,1320,-0.05833298115647018,0.3219018025555507,-0.05594836466855029,0.32428641904347055
I6_Continuous_Latent_State,1311,O_ALL,RECURRENT,BOTH,0.16398396917311303,0.0,0.0,0.0,1.0,4.0,1.0,0.0,0,0,0,0,130.79266666666666,132.0,132.0,85.49266666666666,56.65266666666667,410.8183333333333,1384,-0.07556639939103098,0.3154877360822845,-0.07419709312368786,0.3168570423496276
I7_Quiescent_Continuous_State,1311,T1,RECURRENT,BOTH,0.17431308232673104,0.0,0.0,0.0,1.0,3.685,1.0,0.3025,4,1,0,0,122.645,132.0,132.0,84.43866666666666,50.27466666666667,407.1573333333333,1384,-0.07910367050202806,0.3909637665188848,-0.06367959264444881,0.40638784437646414
I7_Quiescent_Continuous_State,1311,T1R,RECURRENT,BOTH,0.1754422026252991,0.0,0.0,0.0,1.0,3.628,1.0,0.3045,4,1,0,0,122.28333333333333,132.0,132.0,85.315,50.340666666666664,407.3503333333333,1384,-0.13491278508017493,0.470445107817818,-0.05692928526328019,0.5484286076347127
I7_Quiescent_Continuous_State,1311,T2,RECURRENT,BOTH,0.16963346120749306,0.0,0.0,0.0,1.0,3.7178,1.0,0.317,4,1,0,0,123.55666666666667,132.0,132.0,83.62366666666667,50.34866666666667,407.35433333333333,1384,-0.0629131308534591,0.21213975046977826,-0.06726709164716733,0.20778578967607006
I7_Quiescent_Continuous_State,1311,T3,RECURRENT,RECURRENT,0.13033359124538796,0.3754,0.0,0.6226,0.002,0.002,0.6246,0.0,2,2,2,1,81.097,92.0,102.0,84.73866666666666,28.177333333333333,381.17266666666666,1320,-0.029127667626502513,0.2195063896066704,-0.03047025233184107,0.21816380490133183
I7_Quiescent_Continuous_State,1311,O_ALL,RECURRENT,BOTH,0.1722571695279679,0.0,0.0,0.0,1.0,4.0,1.0,0.31466666666666665,0,0,0,0,130.79266666666666,132.0,132.0,82.166,54.994,409.989,1384,-0.07454483255040852,0.21351054463051886,-0.07260769100624226,0.2154476861746851
I8_Quiescent_Discrete_Delay,1311,T1,LAG,LAG,0.584580010267374,0.0,1.0,0.0,0.0,4.0,0.0,0.0,4,0,0,0,95.66833333333334,98.0,98.0,85.04966666666667,55.595333333333336,362.29766666666666,1336,-0.23813818374403478,0.0013192714917733331,-0.23807945402355482,0.0013780012122532994
I8_Quiescent_Discrete_Delay,1311,T1R,LAG,BOTH,0.10908731597190387,0.0,0.0,0.0,1.0,4.0,1.0,0.347,4,1,0,0,129.41666666666666,132.0,132.0,84.90966666666667,55.50866666666667,409.9343333333333,1384,0.34287278442759916,0.002108056743524771,0.343002641942194,0.0022379142581196304
I8_Quiescent_Discrete_Delay,1311,T2,LAG,BOTH,0.14621175204264483,0.0,0.0,0.0,1.0,4.0,1.0,0.36966666666666664,4,1,0,0,129.43166666666667,132.0,132.0,85.51366666666667,55.82266666666667,410.09133333333335,1384,0.3253823164814203,0.0014449354465992895,0.3256451093919592,0.0017077283571381918
I8_Quiescent_Discrete_Delay,1311,T3,LAG,NONE,0.2922069434310933,0.7106,0.2894,0.0,0.0,0.9754,0.0,0.0,9,0,6,0,67.27666666666667,98.0,98.0,86.37833333333333,35.59,352.295,1320,0.19757910897008021,0.0014202162250237125,0.1977359760216487,0.0015770832765922187
I8_Quiescent_Discrete_Delay,1311,O_ALL,LAG,BOTH,0.5744072032317846,0.0,0.0,0.0,1.0,4.0,1.0,0.9741666666666666,0,0,0,0,131.37266666666667,132.0,132.0,85.60933333333334,57.17,411.077,1384,-0.25217437478234717,0.0005315534774326765,-0.25213264031815974,0.0005732879416200998
I9_Hybrid_Delay_Plus_Latent_State,1311,T1,BOTH,BOTH,0.09672007017371051,0.0,0.0,0.0,1.0,4.0,1.0,0.0,4,1,0,0,128.785,132.0,132.0,86.289,55.77333333333333,409.9066666666667,1384,0.38555446043321384,0.27902423013818867,0.370195503564721,0.2636652732696958
I9_Hybrid_Delay_Plus_Latent_State,1311,T1R,BOTH,BOTH,0.09652254282687198,0.0,0.0,0.0,1.0,4.0,1.0,0.0,4,1,0,0,128.84666666666666,132.0,132.0,86.70766666666667,55.94133333333333,410.15066666666667,1384,0.38592311774700144,0.2758925556094462,0.37497241360630634,0.2649418514687511
I9_Hybrid_Delay_Plus_Latent_State,1311,T2,BOTH,BOTH,0.3598009496057791,0.0,0.0,0.0,1.0,4.0,1.0,0.0485,4,1,0,0,129.16333333333333,132.0,132.0,86.73566666666666,56.17733333333333,410.26866666666666,1384,-0.1204777445590517,0.1411824556903856,-0.11691410488830485,0.14474609536113245
I9_Hybrid_Delay_Plus_Latent_State,1311,T3,BOTH,BOTH,0.14162645446887281,0.0,0.041,0.0,0.959,4.0,0.959,0.0,9,8,5,7,126.33466666666666,132.0,132.0,86.57033333333334,55.546,407.129,1384,0.39879837640550964,0.14628804087622532,0.3912540107716911,0.13874367524240672
I9_Hybrid_Delay_Plus_Latent_State,1311,O_ALL,BOTH,BOTH,0.3629328373688695,0.0,0.0,0.0,1.0,4.0,1.0,0.03333333333333333,0,0,0,0,131.08266666666665,132.0,132.0,86.24466666666666,57.248,411.116,1384,-0.20050572454093515,0.13966180664658742,-0.19036691093377525,0.14980062025374732
I10_Redundant_Temporal_Structure,1311,T1,REDUNDANT,BOTH,0.2572028060647659,0.0,0.0,0.0,1.0,4.0,1.0,0.0,4,1,0,0,130.24166666666667,132.0,132.0,87.27433333333333,57.422,410.731,1384,-0.124230682047721,2.708901082970279,-0.12369612909770131,2.7094356359202987
I10_Redundant_Temporal_Structure,1311,T1R,REDUNDANT,BOTH,0.25959423933173764,0.0,0.0,0.0,1.0,4.0,1.0,0.0,4,1,0,0,129.68666666666667,132.0,132.0,87.274,56.94466666666667,410.65233333333333,1384,-0.1767137314517357,2.763909326026408,-0.1352207139466105,2.805402343531533
I10_Redundant_Temporal_Structure,1311,T2,REDUNDANT,BOTH,0.5092201539410212,0.0,0.0,0.0,1.0,4.0,1.0,0.004333333333333333,4,1,0,0,130.315,132.0,132.0,87.141,57.326,410.843,1384,-0.2622896382834415,0.5072741449440343,-0.26089845188690164,0.5086653313405742
I10_Redundant_Temporal_Structure,1311,T3,REDUNDANT,RECURRENT,0.42162221182491133,0.0138,0.0052,0.8826,0.0984,0.3424,0.981,0.0,23,12,23,11,94.05166666666666,132.0,132.0,89.04833333333333,32.49333333333333,397.58666666666664,1320,-0.05844015953583342,0.5252898165870441,-0.10844005954457794,0.4752899165782995
I10_Redundant_Temporal_Structure,1311,O_ALL,REDUNDANT,BOTH,0.5027096791907365,0.0,0.0,0.0,1.0,4.0,1.0,0.0035,0,0,0,0,131.57266666666666,132.0,132.0,86.93866666666666,57.984,411.484,1384,-0.24459562580785038,0.5133656361317149,-0.2541421300007325,0.5038191319388329
I11_Regime_Switch_Delay_To_Latent,1311,T1,SWITCH_DELAY_TO_LATENT,BOTH,0.11554353399333864,0.0,0.4864,0.0,0.5136,2.7004,0.5136,0.0028333333333333335,4,1,0,0,96.36966666666666,132.0,132.0,78.491,41.294666666666664,375.68333333333334,1384,0.25519022085367804,0.19192574660467088,0.24824114444611184,0.18497667019710473
I11_Regime_Switch_Delay_To_Latent,1311,T1R,SWITCH_DELAY_TO_LATENT,BOTH,0.11875403353102362,0.0,0.4744,0.0,0.5256,3.1852,0.5256,0.0,4,1,0,0,100.74133333333333,132.0,132.0,86.12866666666666,48.318666666666665,379.67533333333336,1384,0.24561814383451774,0.19926946641109122,0.23906669685869356,0.19271801943526706
I11_Regime_Switch_Delay_To_Latent,1311,T2,SWITCH_DELAY_TO_LATENT,BOTH,0.15509185143436632,0.0,0.4616,0.0,0.5384,3.9596,0.5384,0.0,4,1,0,0,108.764,132.0,132.0,86.139,54.43066666666667,383.24333333333334,1384,0.21543724787796406,0.1115802788050911,0.21464761159544996,0.11079064252257702
I11_Regime_Switch_Delay_To_Latent,1311,T3,SWITCH_DELAY_TO_LATENT,RECURRENT,0.13765653504424352,0.0492,0.4126,0.5378,0.0004,1.6508,0.5382,0.0,5,1,5,0,90.44,98.0,102.0,87.02533333333334,41.72933333333334,376.88466666666665,1320,0.22399840868633808,0.1132239978802932,0.2229668171674879,0.11219240636144304
I11_Regime_Switch_Delay_To_Latent,1311,O_ALL,SWITCH_DELAY_TO_LATENT,BOTH,0.14964428690533854,0.0,0.0,0.0,1.0,4.0,1.0,0.0335,0,0,0,0,130.92933333333335,132.0,132.0,85.31666666666666,56.67333333333333,410.82866666666666,1384,0.20126074760166118,0.11340676414050342,0.2070407543842121,0.1191867709230544
I12_Regime_Switch_Latent_To_Delay,1311,T1,SWITCH_LATENT_TO_DELAY,BOTH,0.3426479175078527,0.0,0.0,0.0,1.0,3.9252,1.0,0.45366666666666666,4,1,0,0,125.45666666666666,132.0,132.0,86.30966666666667,53.26266666666667,408.65133333333335,1384,-0.11398940327967154,0.206135187174842,-0.11083694719916072,0.2092876432553528
I12_Regime_Switch_Latent_To_Delay,1311,T1R,SWITCH_LATENT_TO_DELAY,BOTH,0.34771369148280673,0.0,0.0,0.0,1.0,3.6256,1.0,0.458,4,1,0,0,122.75,132.0,132.0,86.39433333333334,51.102,407.731,1384,-0.14835748353315736,0.21192124322242614,-0.14188493621755052,0.21839379053803298
I12_Regime_Switch_Latent_To_Delay,1311,T2,SWITCH_LATENT_TO_DELAY,BOTH,0.35170108993691407,0.0,0.0,0.0,1.0,3.7718,1.0,0.48083333333333333,4,1,0,0,124.045,132.0,132.0,86.20733333333334,51.99066666666667,408.17533333333336,1384,-0.08343829053279944,0.11065611146018549,-0.0911927940561478,0.10290160793683713
I12_Regime_Switch_Latent_To_Delay,1311,T3,SWITCH_LATENT_TO_DELAY,RECURRENT,0.21657405920371794,0.2862,0.3064,0.4074,0.0,0.9564,0.4074,0.0,10,1,6,1,82.89533333333334,98.0,98.0,87.59366666666666,35.276,376.042,1336,0.12995913775667242,0.11518235372258556,0.13478739672564477,0.12001061269155794
I12_Regime_Switch_Latent_To_Delay,1311,O_ALL,SWITCH_LATENT_TO_DELAY,BOTH,0.35729619299275,0.0,0.0,0.0,1.0,4.0,1.0,0.49216666666666664,0,0,0,0,130.43266666666668,132.0,132.0,85.21266666666666,56.223333333333336,410.60366666666664,1384,-0.1301028812235302,0.10892899409321054,-0.13261440262279633,0.10641747269394437
I13_Regime_Switch_Hybrid_To_Memoryless,1311,T1,SWITCH_HYBRID_TO_NONE,BOTH,0.11774579415512755,0.0,0.0,0.0,1.0,3.9006,1.0,0.476,4,1,1,0,127.95833333333333,132.0,132.0,85.47966666666666,54.711333333333336,409.3756666666667,1368,0.14785996991691866,0.12558141412826743,0.1383430438054532,0.11606448801680194
I13_Regime_Switch_Hybrid_To_Memoryless,1311,T1R,SWITCH_HYBRID_TO_NONE,BOTH,0.11658370044150479,0.0,0.0,0.0,1.0,3.7664,1.0,0.475,4,1,2,0,126.90333333333334,132.0,132.0,84.64633333333333,53.364666666666665,408.8623333333333,1352,0.1504475779853922,0.12775630233507665,0.14335848860821462,0.12066721295789906
I13_Regime_Switch_Hybrid_To_Memoryless,1311,T2,SWITCH_HYBRID_TO_NONE,BOTH,0.25549660111070316,0.0,0.0,0.0,1.0,4.0,1.0,0.529,4,1,0,0,129.16333333333333,132.0,132.0,84.10233333333333,54.872,409.616,1352,-0.08979353438325326,0.07146714368569507,-0.08546854676163725,0.07579213130731109
I13_Regime_Switch_Hybrid_To_Memoryless,1311,T3,SWITCH_HYBRID_TO_NONE,NONE,0.1301831826977965,0.5818,0.0364,0.0,0.3818,1.6728,0.3818,0.0,9,7,9,7,90.59966666666666,132.0,132.0,85.11666666666666,40.77066666666666,376.66133333333335,1256,0.19574519149676375,0.07054182886906306,0.18650572989771702,0.06130236727001634
I13_Regime_Switch_Hybrid_To_Memoryless,1311,O_ALL,SWITCH_HYBRID_TO_NONE,BOTH,0.2556377113984399,0.0,0.0,0.0,1.0,4.0,1.0,0.522,0,0,0,0,131.08266666666665,132.0,132.0,83.37466666666667,55.824,410.404,1352,-0.12806729019782448,0.06969380776893033,-0.12305578164260102,0.0747053163241538
I14_Intermittent_Hybrid,1311,T1,INTERMITTENT,BOTH,0.1204181703767284,0.0,0.0,0.0,1.0,3.916,1.0,0.231,4,1,1,0,124.21233333333333,132.0,132.0,84.58266666666667,55.45133333333333,402.27366666666666,1368,0.21483030551880447,0.15684675658014077,0.17795194390262234,0.11996839496395867
I14_Intermittent_Hybrid,1311,T1R,INTERMITTENT,BOTH,0.12053170328167725,0.0,0.0,0.0,1.0,3.8652,1.0,0.22983333333333333,4,1,0,0,121.26033333333334,132.0,132.0,86.608,54.092666666666666,401.7303333333333,1384,0.20857752786432898,0.16296962331158715,0.17179363676204001,0.12618573220929818
I14_Intermittent_Hybrid,1311,T2,INTERMITTENT,BOTH,0.15143274967975723,0.0,0.0,0.0,1.0,4.0,1.0,0.23466666666666666,4,1,0,0,127.00833333333334,132.0,132.0,85.95933333333333,56.202,406.481,1368,0.21741534528305617,0.09681636168999175,0.18583370443978006,0.06523472084671561
I14_Intermittent_Hybrid,1311,T3,INTERMITTENT,RECURRENT,0.19019653756210747,0.2694,0.1426,0.5122,0.0758,0.5682,0.588,0.0,15,3,15,3,82.99666666666667,102.0,132.0,87.91866666666667,35.594,375.897,1256,0.11709975021198173,0.09960970938320407,0.1027383052125971,0.08524826438381944
I14_Intermittent_Hybrid,1311,O_ALL,INTERMITTENT,BOTH,0.2718086696614329,0.0,0.0,0.0,1.0,4.0,1.0,0.37716666666666665,0,0,0,0,131.57766666666666,132.0,132.0,85.84933333333333,57.456,411.22,1368,-0.09115901111967635,0.09856464680095149,-0.09989411331602151,0.08982954460460635
I1_Memoryless_Linear,1312,T1,NONE,NONE,0.1214557479202478,1.0,0.0,0.0,0.0,0.0,0.0,0.0,0,0,0,0,58.0,58.0,58.0,73.21866666666666,21.685333333333332,345.3426666666667,1224,-0.003408756729169267,0.0038555550412837105,-0.003408756729169267,0.0038555550412837105
I1_Memoryless_Linear,1312,T1R,NONE,RECURRENT,0.1216907383413256,0.0,0.0,1.0,0.0,0.0,1.0,0.0,0,1,0,0,91.77333333333333,92.0,92.0,75.51333333333334,23.048,393.704,1288,-0.0051482302545481995,0.009722922834703183,-0.005395092832533616,0.009476060256717768
I1_Memoryless_Linear,1312,T2,NONE,RECURRENT,0.12148256696675086,0.0,0.0,1.0,0.0,0.0,1.0,0.0,0,1,0,0,91.77333333333333,92.0,92.0,73.21866666666666,21.685333333333332,393.0226666666667,1272,-0.003408756729169267,0.0029600891299145413,-0.0033965133554402093,0.0029723325036435985
I1_Memoryless_Linear,1312,T3,NONE,NONE,0.1214557479202478,1.0,0.0,0.0,0.0,0.0,0.0,0.0,0,1,0,1,59.411,58.0,92.0,73.21866666666666,21.685333333333332,347.3346666666667,1224,-0.003408756729169267,0.002989261884361943,-0.003408756729169267,0.002989261884361943
I1_Memoryless_Linear,1312,O_ALL,NONE,BOTH,0.14682912860698621,0.0,0.0,0.0,1.0,3.8138,1.0,0.8991666666666667,0,0,0,0,124.92266666666667,132.0,132.0,70.05733333333333,44.279333333333334,404.63166666666666,1336,-0.030054893938401595,0.0056044629340089944,-0.030156764543660765,0.005502592328749825
I2_Static_Nonlinear_Negative_Control,1312,T1,NONE,BOTH,1.268937061945208,0.0,0.4846,0.0,0.5154,4.0,0.5154,0.2535,4,1,0,0,109.01233333333333,132.0,132.0,86.78533333333333,55.495333333333335,382.85566666666665,1384,-0.2590208156645112,0.005080398502718089,-0.2606522615388111,0.0034489526284181625
I2_Static_Nonlinear_Negative_Control,1312,T1R,NONE,BOTH,1.2500791423917323,0.0,0.4846,0.0,0.5154,3.698,0.5154,0.321,4,1,0,0,104.88733333333333,132.0,132.0,86.54466666666667,52.08533333333333,381.15066666666667,1384,-0.22368406635426707,-0.0038533093841630625,-0.21136087959033742,0.008469877379766596
I2_Static_Nonlinear_Negative_Control,1312,T2,NONE,BOTH,1.218930876629068,0.0,0.4846,0.0,0.5154,3.9412,0.5154,0.4023333333333333,4,1,0,0,106.914,132.0,132.0,86.534,53.696666666666665,381.95633333333336,1384,-0.21092798050859796,-0.00010248249796311837,-0.20867122278346187,0.0021542752271729504
I2_Static_Nonlinear_Negative_Control,1312,T3,NONE,NONE,1.0290665153597165,0.887,0.0162,0.0954,0.0014,0.0176,0.0968,0.0,8,11,8,10,60.97866666666667,92.0,102.0,88.73933333333333,30.42866666666667,353.5783333333333,1320,-0.06262667821192831,0.0078023723083535945,-0.06512786604358482,0.005301184476697098
I2_Static_Nonlinear_Negative_Control,1312,O_ALL,NONE,BOTH,1.2616782350041909,0.0,0.0,0.0,1.0,4.0,1.0,0.8311666666666667,0,0,0,0,131.10933333333332,132.0,132.0,86.08866666666667,57.20066666666666,411.09233333333333,1384,-0.23344086074544104,0.014533648336261964,-0.22435306802167218,0.023621441060030866
I3_Single_Exact_Delay,1312,T1,LAG,BOTH,0.573265050955017,0.0,0.0,0.0,1.0,4.0,1.0,0.6508333333333334,4,1,0,0,130.19666666666666,132.0,132.0,86.841,57.15866666666667,410.59933333333333,1384,-0.19274872380985159,0.019447646478103202,-0.20111317174054646,0.011083198547408293
I3_Single_Exact_Delay,1312,T1R,LAG,BOTH,0.565021212326377,0.0,0.0,0.0,1.0,4.0,1.0,0.6281666666666667,4,1,0,0,128.52,132.0,132.0,86.811,55.712,410.036,1384,-0.17264058232765123,0.020256772762136242,-0.1739590116604263,0.018938343429361206
I3_Single_Exact_Delay,1312,T2,LAG,BOTH,0.5488203057999913,0.0,0.0,0.0,1.0,4.0,1.0,0.9773333333333334,4,1,0,0,128.60833333333332,132.0,132.0,86.85566666666666,55.80466666666667,410.08233333333334,1384,-0.19069097206638305,0.004139248702062455,-0.1905634427102084,0.004266778058237136
I3_Single_Exact_Delay,1312,T3,LAG,LAG,0.14609787841396174,0.0446,0.9554,0.0,0.0,3.5428,0.0,0.0,11,1,7,1,88.24766666666666,98.0,98.0,87.14466666666667,50.845333333333336,360.4746666666667,1336,0.5580982727649735,0.007023776907855329,0.5579506986064895,0.006876202749371426
I3_Single_Exact_Delay,1312,O_ALL,LAG,BOTH,0.5512225120326517,0.0,0.0,0.0,1.0,4.0,1.0,0.9813333333333333,0,0,0,0,131.37766666666667,132.0,132.0,86.08333333333333,57.404,411.194,1384,-0.16308867144916495,0.007362392980658627,-0.16335005928581564,0.007101005144007937
I4_Multi_Sparse_Delay,1312,T1,LAG,BOTH,0.5074489234774628,0.0,0.0,0.0,1.0,4.0,1.0,0.07866666666666666,4,1,0,0,129.906,132.0,132.0,87.10333333333334,57.07,410.547,1384,0.1892333840717388,0.016574704870697017,0.18087111087061405,0.008212431669572253
I4_Multi_Sparse_Delay,1312,T1R,LAG,BOTH,0.7282775057011595,0.0,0.0,0.0,1.0,4.0,1.0,0.1465,4,1,0,0,130.28333333333333,132.0,132.0,87.23466666666667,57.322,410.841,1384,-0.3632397206614157,0.12309127536517972,-0.3764893825037036,0.10984161352289178
I4_Multi_Sparse_Delay,1312,T2,LAG,BOTH,0.729928538245155,0.0,0.0,0.0,1.0,4.0,1.0,0.4076666666666667,4,1,0,0,130.08166666666668,132.0,132.0,87.16433333333333,57.132,410.746,1384,-0.46122876907249055,0.03661997549462828,-0.4392147310206788,0.058634013546440045
I4_Multi_Sparse_Delay,1312,T3,LAG,LAG,0.35131181456614696,0.1256,0.7936,0.0498,0.031,3.192,0.0808,0.0,15,25,11,25,89.21366666666667,98.0,132.0,87.87033333333333,49.06,365.454,1336,0.5782350604615994,0.0285109657513057,0.5343593917402453,-0.015364702970048483
I4_Multi_Sparse_Delay,1312,O_ALL,LAG,BOTH,0.7266363305283241,0.0,0.0,0.0,1.0,4.0,1.0,0.43816666666666665,0,0,0,0,131.60266666666666,132.0,132.0,86.67333333333333,57.882666666666665,411.43333333333334,1384,-0.38509210460602444,0.030855944842749446,-0.36263873793804696,0.05330931151072694
I5_Moving_Delay_Support,1312,T1,LAG,BOTH,0.5604579944080349,0.0,0.0,0.0,1.0,4.0,1.0,0.8651666666666666,4,1,0,0,128.06366666666668,132.0,132.0,87.21733333333333,55.77,409.809,1384,-0.1963808045261499,0.01040951410014055,-0.19663979730708797,0.010150521319202471
I5_Moving_Delay_Support,1312,T1R,LAG,BOTH,0.5652089497498489,0.0,0.0,0.0,1.0,4.0,1.0,0.7585,4,1,0,0,126.85166666666667,132.0,132.0,87.097,54.682,409.521,1384,-0.1807445390250582,0.017813176379092015,-0.1775378476228093,0.021019867781340917
I5_Moving_Delay_Support,1312,T2,LAG,BOTH,0.5511851187063459,0.0,0.0,0.0,1.0,4.0,1.0,0.9413333333333334,4,1,0,0,128.23,132.0,132.0,87.04933333333334,55.67733333333333,410.01866666666666,1384,-0.19518424608221646,0.005601715352967776,-0.19568447619010196,0.0051014852450823
I5_Moving_Delay_Support,1312,T3,LAG,LAG,0.2649138969010757,0.3872,0.6128,0.0,0.0,2.2296,0.0,0.0,16,1,12,1,77.89333333333333,98.0,98.0,88.02666666666667,43.339333333333336,357.7696666666667,1336,0.3152454194330695,0.0051015828986605925,0.31479759098003673,0.004653754445627852
I5_Moving_Delay_Support,1312,O_ALL,LAG,BOTH,0.5562268061562078,0.0,0.0,0.0,1.0,4.0,1.0,0.9541666666666667,0,0,0,0,131.726,132.0,132.0,86.73466666666667,58.007333333333335,411.4956666666667,1384,-0.2294548260566594,0.006684431021837084,-0.22908743323916297,0.007051823839333486
I6_Continuous_Latent_State,1312,T1,RECURRENT,BOTH,0.12326097733882453,0.0,0.0,0.0,1.0,4.0,1.0,0.0,4,1,0,0,127.87333333333333,132.0,132.0,86.34966666666666,55.106,409.573,1384,-0.06348458957789929,0.517055105460649,-0.0655592056425004,0.5149804893960479
I6_Continuous_Latent_State,1312,T1R,RECURRENT,BOTH,0.12006467806711749,0.0,0.0,0.0,1.0,3.6034,1.0,0.0,4,1,0,0,122.49333333333334,132.0,132.0,86.46,51.01266666666667,407.6863333333333,1384,-0.06134129379165301,0.5343857345249399,-0.04983366337995081,0.5458933649366422
I6_Continuous_Latent_State,1312,T2,RECURRENT,BOTH,0.16986295403847876,0.0,0.0,0.0,1.0,4.0,1.0,0.019333333333333334,4,1,0,0,127.44666666666667,132.0,132.0,86.425,54.714,409.537,1384,-0.06591932835396376,0.3235726875485608,-0.06954936373739401,0.3199426521651305
I6_Continuous_Latent_State,1312,T3,RECURRENT,RECURRENT,0.14022323825564137,0.0008,0.0,0.9984,0.0008,0.001,0.9992,0.0,4,2,4,1,91.03933333333333,92.0,112.0,88.463,30.143333333333334,396.20366666666666,1320,-0.032333422892866476,0.3227518381460645,-0.04559373234202885,0.30949152869690216
I6_Continuous_Latent_State,1312,O_ALL,RECURRENT,BOTH,0.1680941064418172,0.0,0.0,0.0,1.0,4.0,1.0,0.015,0,0,0,0,130.896,132.0,132.0,85.31733333333334,56.646,410.815,1384,-0.07545829181740298,0.33340576038631176,-0.08539844724431843,0.32346560495939625
I7_Quiescent_Continuous_State,1312,T1,RECURRENT,BOTH,0.17289100916400682,0.0,0.0,0.0,1.0,4.0,1.0,0.2996666666666667,4,1,0,0,127.87333333333333,132.0,132.0,84.32233333333333,54.096666666666664,409.0683333333333,1384,-0.07674421352414726,0.3486003065371667,-0.08076831398039051,0.3445762060809235
I7_Quiescent_Continuous_State,1312,T1R,RECURRENT,BOTH,0.15420884180294187,0.0,0.0,0.0,1.0,3.1316,1.0,0.2985,4,1,0,0,118.56166666666667,132.0,132.0,83.438,46.37133333333333,405.36566666666664,1384,-0.07192811178943029,0.35733216846909027,-0.05390506471933256,0.375355215539188
I7_Quiescent_Continuous_State,1312,T2,RECURRENT,BOTH,0.18319429324955774,0.0,0.0,0.0,1.0,4.0,1.0,0.3365,4,1,0,0,127.44666666666667,132.0,132.0,84.33833333333334,53.676,409.018,1384,-0.07133629885022863,0.19695954626942802,-0.07293271685879466,0.19536312826086197
I7_Quiescent_Continuous_State,1312,T3,RECURRENT,RECURRENT,0.1387080577337943,0.3788,0.0,0.621,0.0002,0.0002,0.6212,0.0,1,3,1,2,80.32266666666666,92.0,102.0,85.7,28.706,380.365,1320,-0.04209575965504298,0.1899053502994505,-0.044501708265600716,0.18749940168889276
I7_Quiescent_Continuous_State,1312,O_ALL,RECURRENT,BOTH,0.17955356839894254,0.0,0.0,0.0,1.0,4.0,1.0,0.334,0,0,0,0,130.896,132.0,132.0,83.03,55.508,410.246,1384,-0.07649594202085858,0.2066409093459229,-0.0883550111169955,0.19478184024978598
I8_Quiescent_Discrete_Delay,1312,T1,LAG,BOTH,0.6030829276398904,0.0,0.0,0.0,1.0,4.0,1.0,0.7658333333333334,4,1,0,0,130.19666666666666,132.0,132.0,86.39833333333333,56.94,410.49,1384,-0.21001887098574057,0.009319020744036389,-0.2170319343240924,0.0023059574056845363
I8_Quiescent_Discrete_Delay,1312,T1R,LAG,BOTH,0.5874551801954853,0.0,0.0,0.0,1.0,4.0,1.0,0.7596666666666667,4,1,0,0,128.52,132.0,132.0,85.22833333333334,54.928,409.644,1384,-0.17935640696347854,0.009736865096975775,-0.18011583922902313,0.008977432831431136
I8_Quiescent_Discrete_Delay,1312,T2,LAG,BOTH,0.5511575149948522,0.0,0.0,0.0,1.0,4.0,1.0,0.9795,4,1,0,0,128.60833333333332,132.0,132.0,85.255,55.012,409.686,1384,-0.17288752232005844,0.004139398156214628,-0.17276065971732127,0.004266260758951818
I8_Quiescent_Discrete_Delay,1312,T3,LAG,LAG,0.15524764929702956,0.4032,0.5968,0.0,0.0,1.9176,0.0,0.0,14,1,10,1,74.70433333333334,98.0,98.0,86.01933333333334,40.26866666666667,355.1863333333333,1336,0.3400053869515452,0.007023776907855329,0.3398578127930613,0.006876202749371426
I8_Quiescent_Discrete_Delay,1312,O_ALL,LAG,BOTH,0.5648317307708167,0.0,0.0,0.0,1.0,4.0,1.0,0.983,0,0,0,0,131.37766666666667,132.0,132.0,83.71933333333334,56.22933333333334,410.6066666666667,1384,-0.1848358622122949,0.007362970405289985,-0.18509726271798566,0.007101569899599222
I9_Hybrid_Delay_Plus_Latent_State,1312,T1,BOTH,BOTH,0.3598171061679823,0.0,0.0,0.0,1.0,4.0,1.0,0.001,4,1,0,0,128.86,132.0,132.0,86.57933333333334,55.99066666666667,410.01533333333333,1384,-0.1595468598124548,0.27514077173523654,-0.14549600827628734,0.289191623271404
I9_Hybrid_Delay_Plus_Latent_State,1312,T1R,BOTH,BOTH,0.35981767688791283,0.0,0.0,0.0,1.0,4.0,1.0,0.001,4,1,0,0,128.95833333333334,132.0,132.0,86.51,55.94466666666667,410.15233333333333,1384,-0.15844561578823074,0.2800280275440056,-0.14538302159850536,0.2930906217337309
I9_Hybrid_Delay_Plus_Latent_State,1312,T2,BOTH,BOTH,0.37368246390434423,0.0,0.0,0.0,1.0,3.8366,1.0,0.06316666666666666,4,1,0,0,125.32333333333334,132.0,132.0,86.42233333333333,53.062666666666665,408.71133333333336,1384,-0.12288686067053983,0.1552692337458159,-0.115202151436073,0.16295394298028268
I9_Hybrid_Delay_Plus_Latent_State,1312,T3,BOTH,RECURRENT,0.24376282451031442,0.0158,0.0022,0.5442,0.4378,1.6076,0.982,0.0,13,8,9,7,103.615,132.0,132.0,87.59833333333333,39.28933333333333,399.54466666666667,1384,0.1576905600775818,0.152329825058918,0.1281337174290754,0.12277298241041165
I9_Hybrid_Delay_Plus_Latent_State,1312,O_ALL,BOTH,BOTH,0.3752259639282997,0.0,0.0,0.0,1.0,4.0,1.0,0.071,0,0,0,0,130.48266666666666,132.0,132.0,86.14066666666666,56.71666666666667,410.8503333333333,1384,-0.13032820032089257,0.153858375838944,-0.1329802690224979,0.15120630713733868
I10_Redundant_Temporal_Structure,1312,T1,REDUNDANT,BOTH,0.28576897555487757,0.0,0.0,0.0,1.0,4.0,1.0,0.0,4,1,0,0,130.12,132.0,132.0,87.23566666666666,57.29533333333333,410.66766666666666,1384,-0.11849893870610675,2.7002974868924485,-0.1426369577916502,2.676159467806905
I10_Redundant_Temporal_Structure,1312,T1R,REDUNDANT,BOTH,0.28798175987958424,0.0,0.0,0.0,1.0,4.0,1.0,0.0,4,1,0,0,129.27166666666668,132.0,132.0,87.25066666666666,56.586,410.473,1384,-0.11453999939210562,2.7073440845349865,-0.1508791606481319,2.67100492327896
I10_Redundant_Temporal_Structure,1312,T2,REDUNDANT,BOTH,0.5302562730536193,0.0,0.0,0.0,1.0,4.0,1.0,0.0,4,1,0,0,129.39333333333335,132.0,132.0,87.181,56.593333333333334,410.4766666666667,1384,-0.22692990839722066,0.46739914012843353,-0.25399715208007867,0.4403318964455754
I10_Redundant_Temporal_Structure,1312,T3,REDUNDANT,RECURRENT,0.4147337822959163,0.0,0.1074,0.7852,0.1074,0.7416,0.8926,0.0,22,3,22,2,94.86033333333333,122.0,132.0,88.91333333333333,34.803333333333335,395.2056666666667,1320,0.07509895109636022,0.460611424002955,-0.017428427085709474,0.36808404582088544
I10_Redundant_Temporal_Structure,1312,O_ALL,REDUNDANT,BOTH,0.5299392722235394,0.0,0.0,0.0,1.0,4.0,1.0,0.0,0,0,0,0,131.59766666666667,132.0,132.0,86.72266666666667,57.902,411.443,1384,-0.2703181362941736,0.4749289104697209,-0.27454499379899794,0.47070205296489653
I11_Regime_Switch_Delay_To_Latent,1312,T1,SWITCH_DELAY_TO_LATENT,BOTH,0.11526940351579211,0.0,0.0,0.0,1.0,3.7808,1.0,0.0,4,1,0,0,125.84666666666666,132.0,132.0,80.843,50.669333333333334,407.3546666666667,1384,0.3558789374090609,0.2031466677979792,0.35151277349053983,0.1987805038794581
I11_Regime_Switch_Delay_To_Latent,1312,T1R,SWITCH_DELAY_TO_LATENT,BOTH,0.1182683291913914,0.0,0.0,0.0,1.0,4.0,1.0,0.0,4,1,0,0,129.2,132.0,132.0,86.57866666666666,56.11333333333334,410.2366666666667,1384,0.3392783859724586,0.20457919515591122,0.33964473542501544,0.20494554460846814
I11_Regime_Switch_Delay_To_Latent,1312,T2,SWITCH_DELAY_TO_LATENT,BOTH,0.15285204505106392,0.0,0.0,0.0,1.0,4.0,1.0,0.0,4,1,0,0,130.33166666666668,132.0,132.0,86.63033333333334,57.04,410.7,1384,0.33064602426543444,0.11539061691621666,0.3268424239017709,0.11158701655255307
I11_Regime_Switch_Delay_To_Latent,1312,T3,SWITCH_DELAY_TO_LATENT,RECURRENT,0.14041920116616666,0.0112,0.414,0.5746,0.0002,1.6562,0.5748,0.0,5,2,5,1,93.65133333333333,98.0,102.0,87.68566666666666,43.5,379.626,1320,0.34100806421894697,0.115831976099225,0.33037842964859765,0.10520234152887559
I11_Regime_Switch_Delay_To_Latent,1312,O_ALL,SWITCH_DELAY_TO_LATENT,BOTH,0.1543999260481718,0.0,0.0,0.0,1.0,4.0,1.0,0.0,0,0,0,0,131.50433333333334,132.0,132.0,86.28266666666667,57.61333333333334,411.2986666666667,1384,0.3327945764774112,0.11782380991603163,0.322155243242972,0.10718447668159245
I12_Regime_Switch_Latent_To_Delay,1312,T1,SWITCH_LATENT_TO_DELAY,BOTH,0.349774581047993,0.0,0.0,0.0,1.0,3.9964,1.0,0.4703333333333333,4,1,0,0,125.98,132.0,132.0,86.43566666666666,53.86666666666667,408.9533333333333,1384,-0.14557507003238607,0.21796659188886305,-0.14116606727534725,0.22237559464590187
I12_Regime_Switch_Latent_To_Delay,1312,T1R,SWITCH_LATENT_TO_DELAY,BOTH,0.34729132895102793,0.0,0.0,0.0,1.0,3.4648,1.0,0.46,4,1,0,0,121.33833333333334,132.0,132.0,86.39466666666667,50.058,407.209,1384,-0.13090465657314823,0.22325023019737036,-0.12889097114152512,0.22526391562899348
I12_Regime_Switch_Latent_To_Delay,1312,T2,SWITCH_LATENT_TO_DELAY,BOTH,0.3659078320955607,0.0,0.0,0.0,1.0,3.9864,1.0,0.5035,4,1,0,0,126.87,132.0,132.0,85.884,53.98533333333334,409.17266666666666,1384,-0.13797254581201382,0.1258167945465006,-0.14024267099380108,0.12354666936471333
I12_Regime_Switch_Latent_To_Delay,1312,T3,SWITCH_LATENT_TO_DELAY,RECURRENT,0.23382195723795074,0.3528,0.2446,0.4026,0.0,0.8142,0.4026,0.0,13,2,9,2,80.91633333333333,98.0,102.0,87.67333333333333,34.556666666666665,374.5543333333333,1336,0.12447953132966179,0.1251070062909751,0.12297373304521363,0.12360120800652695
I12_Regime_Switch_Latent_To_Delay,1312,O_ALL,SWITCH_LATENT_TO_DELAY,BOTH,0.3576309412072248,0.0,0.0,0.0,1.0,4.0,1.0,0.4865,0,0,0,0,130.57933333333332,132.0,132.0,85.06666666666666,56.269333333333336,410.62666666666667,1384,-0.15008768865612646,0.1343987611984161,-0.1452388555393802,0.13924759431516237
I13_Regime_Switch_Hybrid_To_Memoryless,1312,T1,SWITCH_HYBRID_TO_NONE,BOTH,0.25368467491521646,0.0,0.0,0.0,1.0,4.0,1.0,0.48483333333333334,4,1,0,0,128.86,132.0,132.0,86.05066666666667,55.732,409.886,1384,-0.11044195118433511,0.12439278462516119,-0.09308024674100665,0.14175448906848964
I13_Regime_Switch_Hybrid_To_Memoryless,1312,T1R,SWITCH_HYBRID_TO_NONE,BOTH,0.2536853664782038,0.0,0.0,0.0,1.0,4.0,1.0,0.48483333333333334,4,1,0,0,128.95833333333334,132.0,132.0,85.66133333333333,55.524,409.942,1384,-0.10934043716007949,0.12927372733148576,-0.09296844567453005,0.14564571881703522
I13_Regime_Switch_Hybrid_To_Memoryless,1312,T2,SWITCH_HYBRID_TO_NONE,BOTH,0.2602858327905759,0.0,0.0,0.0,1.0,3.8366,1.0,0.5295,4,1,0,0,125.32333333333334,132.0,132.0,85.251,52.484,408.422,1352,-0.07284965032212448,0.06959413610182558,-0.07128930733846284,0.07115447908548721
I13_Regime_Switch_Hybrid_To_Memoryless,1312,T3,SWITCH_HYBRID_TO_NONE,NONE,0.2211018006295919,0.6134,0.0002,0.3806,0.0058,0.006,0.3864,0.0,8,7,8,7,73.40533333333333,92.0,112.0,87.04266666666666,29.451333333333334,370.80966666666666,1240,-0.016386147179711187,0.0640700485857422,-0.02578060437629663,0.054675591389156765
I13_Regime_Switch_Hybrid_To_Memoryless,1312,O_ALL,SWITCH_HYBRID_TO_NONE,BOTH,0.26284804761266495,0.0,0.0,0.0,1.0,4.0,1.0,0.5328333333333334,0,0,0,0,130.48266666666666,132.0,132.0,84.45266666666667,55.882666666666665,410.43333333333334,1352,-0.10287273208886015,0.06984559213462535,-0.10226887646008655,0.07044944776339898
I14_Intermittent_Hybrid,1312,T1,INTERMITTENT,BOTH,0.1232434104212463,0.0,0.0,0.0,1.0,3.9632,1.0,0.24766666666666667,4,1,1,0,124.27433333333333,132.0,132.0,86.11333333333333,54.4,405.212,1368,0.12320693541175397,0.1958040502548581,0.0911645563387991,0.16376167118190324
I14_Intermittent_Hybrid,1312,T1R,INTERMITTENT,BOTH,0.22667090855381056,0.0,0.0,0.0,1.0,3.5126,1.0,0.2791666666666667,4,1,0,0,122.31,132.0,132.0,86.43566666666666,50.634,407.497,1384,-0.07564647680132854,0.21840675380078514,-0.07540142611867649,0.21865180448343716
I14_Intermittent_Hybrid,1312,T2,INTERMITTENT,BOTH,0.15251490343779453,0.0,0.0,0.0,1.0,4.0,1.0,0.26766666666666666,4,1,0,0,129.39666666666668,132.0,132.0,86.36466666666666,56.254666666666665,410.30733333333336,1384,0.19102968719230867,0.12327744504141108,0.1565151472157618,0.0887629050648642
I14_Intermittent_Hybrid,1312,T3,INTERMITTENT,RECURRENT,0.1961739298891405,0.3114,0.1062,0.5662,0.0162,0.1224,0.5824,0.0,8,4,8,4,77.468,92.0,102.0,88.25433333333334,30.636,375.714,1256,-0.013763732563762794,0.13646353494519053,-0.03332028187686294,0.1169069856320904
I14_Intermittent_Hybrid,1312,O_ALL,INTERMITTENT,BOTH,0.2619041390337643,0.0,0.0,0.0,1.0,4.0,1.0,0.3635,0,0,0,0,131.01266666666666,132.0,132.0,85.94666666666667,57.05266666666667,411.0183333333333,1384,-0.12710921002090259,0.14024643034171894,-0.1323047459297896,0.1350508944328319
I1_Memoryless_Linear,1313,T1,NONE,NONE,0.11638837935411185,1.0,0.0,0.0,0.0,0.0,0.0,0.0,0,0,0,0,58.0,58.0,58.0,77.74166666666666,24.245333333333335,346.62266666666665,1240,-0.008445955726711174,0.0005529220788258793,-0.008445955726711174,0.0005529220788258793
I1_Memoryless_Linear,1313,T1R,NONE,NONE,0.11638837935411185,1.0,0.0,0.0,0.0,0.0,0.0,0.0,0,0,0,0,58.0,58.0,58.0,77.74166666666666,24.245333333333335,346.62266666666665,1240,-0.008445955726711174,0.0005529220788258793,-0.008445955726711174,0.0005529220788258793
I1_Memoryless_Linear,1313,T2,NONE,NONE,0.11638837935411185,1.0,0.0,0.0,0.0,0.0,0.0,0.0,0,0,0,0,58.0,58.0,58.0,77.74166666666666,24.245333333333335,346.62266666666665,1240,-0.008445955726711174,0.0005529220788258793,-0.008445955726711174,0.0005529220788258793
I1_Memoryless_Linear,1313,T3,NONE,NONE,0.11638837935411185,1.0,0.0,0.0,0.0,0.0,0.0,0.0,0,0,0,0,58.0,58.0,58.0,77.74166666666666,24.245333333333335,346.62266666666665,1240,-0.008445955726711174,0.0005529220788258793,-0.008445955726711174,0.0005529220788258793
I1_Memoryless_Linear,1313,O_ALL,NONE,BOTH,0.14111523509224708,0.0,0.0,0.0,1.0,3.9464,1.0,0.9253333333333333,0,0,0,0,125.91933333333333,132.0,132.0,73.368,46.724,405.854,1352,-0.024598403171421115,0.0002888543572018228,-0.024631371239699353,0.00025588628892358263
I2_Static_Nonlinear_Negative_Control,1313,T1,NONE,LAG,1.2019855735524458,0.0,1.0,0.0,0.0,4.0,0.0,0.0,4,0,0,0,94.45166666666667,98.0,98.0,86.814,55.624,362.312,1336,-0.25343560731546494,-0.0002979866192873116,-0.2531952865539379,-5.766585776030323e-05
I2_Static_Nonlinear_Negative_Control,1313,T1R,NONE,LAG,1.2019855609988983,0.0,1.0,0.0,0.0,4.0,0.0,0.0,4,0,0,0,94.445,98.0,98.0,86.803,55.61333333333334,362.3066666666667,1336,-0.2531805163774666,-0.0002329585608850054,-0.2528440567936893,0.00010350102289226282
I2_Static_Nonlinear_Negative_Control,1313,T2,NONE,LAG,1.1916598628615127,0.0,0.5884,0.0,0.4116,4.0,0.4116,0.33366666666666667,4,1,0,0,106.108,132.0,132.0,86.848,55.64066666666667,378.77633333333335,1384,-0.24653069385267182,-0.0061535867565790745,-0.24757463670064286,-0.007197529604550121
I2_Static_Nonlinear_Negative_Control,1313,T3,NONE,NONE,0.9558423624764332,0.9798,0.0142,0.006,0.0,0.0148,0.006,0.0,16,1,16,1,58.36,58.0,92.0,88.79633333333334,30.42866666666667,349.95433333333335,1272,-0.0809611321952497,-0.0010514762489610184,-0.08117581527270021,-0.0012661593264115193
I2_Static_Nonlinear_Negative_Control,1313,O_ALL,NONE,BOTH,1.2023039719944293,0.0,0.0,0.0,1.0,4.0,1.0,0.9445,0,0,0,0,131.10933333333332,132.0,132.0,86.02266666666667,57.16866666666667,411.0763333333333,1384,-0.20839184044245415,-0.00432069622597641,-0.20940927197144069,-0.005338127754962913
I3_Single_Exact_Delay,1313,T1,LAG,BOTH,0.5413604513660714,0.0,0.0,0.0,1.0,4.0,1.0,0.9661666666666666,4,1,0,0,128.73533333333333,132.0,132.0,86.65633333333334,55.946666666666665,409.8573333333333,1384,-0.22760498907834043,-0.0014273797192405958,-0.22786395953709151,-0.0016863501779917163
I3_Single_Exact_Delay,1313,T1R,LAG,BOTH,0.09646938472880223,0.0,0.0,0.0,1.0,3.86,1.0,0.06016666666666667,4,1,1,0,126.95033333333333,132.0,132.0,86.56333333333333,54.47933333333334,409.1236666666667,1368,0.576622642341898,-0.0014560046414877573,0.5763658818520606,-0.0017127651313250966
I3_Single_Exact_Delay,1313,T2,LAG,BOTH,0.13081000462278244,0.0,0.0,0.0,1.0,4.0,1.0,0.1305,4,1,0,0,128.45033333333333,132.0,132.0,86.61966666666666,55.70133333333333,409.73466666666667,1384,0.49635006479470006,-0.002157497789271076,0.49622795097603445,-0.002279611607936739
I3_Single_Exact_Delay,1313,T3,LAG,LAG,0.12872754209394116,0.0,1.0,0.0,0.0,3.8602,0.0,0.0,7,1,3,1,90.98333333333333,98.0,98.0,86.819,52.67933333333333,361.3996666666667,1336,0.501691682521215,-0.0020330340482805714,0.5017146688308245,-0.0020100477386710267
I3_Single_Exact_Delay,1313,O_ALL,LAG,BOTH,0.5591153769575417,0.0,0.0,0.0,1.0,5.0,1.0,0.9756666666666667,0,0,0,0,140.80433333333335,142.0,142.0,86.29933333333334,65.02933333333333,415.00666666666666,1400,-0.2443351226482407,-0.0023342563798336956,-0.24468821296968873,-0.0026873467012818266
I4_Multi_Sparse_Delay,1313,T1,LAG,BOTH,0.7609645502105354,0.0,0.0,0.0,1.0,4.0,1.0,0.31933333333333336,4,1,0,0,130.03366666666668,132.0,132.0,87.20866666666667,57.281333333333336,410.5246666666667,1384,-0.4117646041624267,0.05301269866166332,-0.393530468148281,0.07124683467580896
I4_Multi_Sparse_Delay,1313,T1R,LAG,BOTH,0.7547032830783635,0.0,0.0,0.0,1.0,4.0,1.0,0.32966666666666666,4,1,0,0,129.15166666666667,132.0,132.0,87.18266666666666,56.398,410.379,1384,-0.3597489989468041,0.04868920190741273,-0.3541450106248621,0.054293190229354714
I4_Multi_Sparse_Delay,1313,T2,LAG,BOTH,0.7561426134373624,0.0,0.0,0.0,1.0,4.0,1.0,0.5045,4,1,0,0,129.805,132.0,132.0,87.102,56.882,410.621,1368,-0.42354655467588587,0.01149873483376341,-0.4195254238399938,0.015519865669655436
I4_Multi_Sparse_Delay,1313,T3,LAG,NONE,0.6027796566701905,0.583,0.2144,0.1316,0.071,0.8228,0.2026,0.0,43,25,43,25,73.39433333333334,102.0,132.0,88.748,35.11533333333333,364.00966666666665,1272,-0.011321961102613359,0.008921914111907476,-0.027059684520455953,-0.006815809305935124
I4_Multi_Sparse_Delay,1313,O_ALL,LAG,BOTH,0.8134562742563982,0.0,0.0,0.0,1.0,5.0,1.0,0.5236666666666666,0,0,0,0,141.43433333333334,142.0,142.0,86.88333333333334,65.82533333333333,415.4046666666667,1400,-0.5609539478544017,0.011637567781368452,-0.5692050334218969,0.0033864822138732218
I5_Moving_Delay_Support,1313,T1,LAG,BOTH,0.5427527992932908,0.0,0.0,0.0,1.0,4.0,1.0,0.8995,4,1,0,0,128.00433333333334,132.0,132.0,86.59033333333333,55.416,409.64,1384,-0.22716245983349997,0.004705706776881808,-0.22695976796129988,0.004908398649081889
I5_Moving_Delay_Support,1313,T1R,LAG,BOTH,0.5342704780021784,0.0,0.0,0.0,1.0,4.0,1.0,0.8901666666666667,4,1,0,0,127.95766666666667,132.0,132.0,86.85166666666667,55.272666666666666,409.80833333333334,1384,-0.17231768739439496,0.009847524614648499,-0.17384362187192384,0.008321590137119604
I5_Moving_Delay_Support,1313,T2,LAG,BOTH,0.5308461193109065,0.0,0.0,0.0,1.0,4.0,1.0,0.9273333333333333,4,1,0,0,126.526,132.0,132.0,86.61566666666667,54.11933333333333,409.2316666666667,1384,-0.17602685567468848,0.0007457508393339937,-0.17602831565836108,0.0007442908556614464
I5_Moving_Delay_Support,1313,T3,LAG,LAG,0.2138959208473313,0.2682,0.7318,0.0,0.0,2.6798,0.0,0.0,11,1,7,1,83.20166666666667,98.0,98.0,87.107,46.74066666666667,359.19033333333334,1336,0.41145189101218416,0.0008830870989727672,0.4116179678617689,0.0010491639485575295
I5_Moving_Delay_Support,1313,O_ALL,LAG,BOTH,0.56143780752892,0.0,0.0,0.0,1.0,5.0,1.0,0.9608333333333333,0,0,0,0,140.276,142.0,142.0,86.206,64.56266666666667,414.7733333333333,1400,-0.2434797575897296,3.736186990611316e-06,-0.24185636526641402,0.001627128510306133
I6_Continuous_Latent_State,1313,T1,RECURRENT,BOTH,0.11137066720300795,0.0,0.0,0.0,1.0,4.0,1.0,0.0,4,1,0,0,128.695,132.0,132.0,86.81633333333333,56.071333333333335,410.05566666666664,1384,-0.07198241725900731,0.49846925314228124,-0.05421307609338532,0.5162385943079032
I6_Continuous_Latent_State,1313,T1R,RECURRENT,BOTH,0.11107144074186547,0.0,0.0,0.0,1.0,3.9964,1.0,0.0,4,1,0,0,127.03,132.0,132.0,86.813,54.746,409.553,1384,-0.03893302623966442,0.49934995127079257,-0.039808518273238135,0.49847445923721884
I6_Continuous_Latent_State,1313,T2,RECURRENT,BOTH,0.1590113526140815,0.0,0.0,0.0,1.0,3.783,1.0,0.0,4,1,0,0,124.06166666666667,132.0,132.0,86.56433333333334,52.25066666666667,408.30533333333335,1384,-0.054824449894185626,0.30551889684958694,-0.05754834669225301,0.30279500005151955
I6_Continuous_Latent_State,1313,T3,RECURRENT,RECURRENT,0.13198934256338027,0.0,0.0,0.9928,0.0072,0.0072,1.0,0.0,4,1,4,0,91.77666666666667,92.0,102.0,88.696,30.326666666666668,397.2633333333333,1320,-0.040556840088470686,0.3084056305091719,-0.04954981032096345,0.2994126602766791
I6_Continuous_Latent_State,1313,O_ALL,RECURRENT,BOTH,0.16055884625224792,0.0,0.0,0.0,1.0,4.0,1.0,0.0,0,0,0,0,131.24933333333334,132.0,132.0,85.38,56.95933333333333,410.9716666666667,1384,-0.0820031691871489,0.30673789531384127,-0.08076064656714414,0.307980417933846
I7_Quiescent_Continuous_State,1313,T1,RECURRENT,BOTH,0.1595089440755188,0.0,0.0,0.0,1.0,4.0,1.0,0.2955,4,1,0,0,128.695,132.0,132.0,85.38366666666667,55.358,409.699,1384,-0.05779814619372326,0.3264356253936487,-0.056260320610020086,0.32797345097735187
I7_Quiescent_Continuous_State,1313,T1R,RECURRENT,BOTH,0.16602271461800347,0.0,0.0,0.0,1.0,3.9964,1.0,0.2906666666666667,4,1,0,0,127.03,132.0,132.0,85.38166666666666,54.03333333333333,409.19666666666666,1384,-0.057986695960626604,0.3423773502179059,-0.07047745123111945,0.329886594947413
I7_Quiescent_Continuous_State,1313,T2,RECURRENT,BOTH,0.1671298572975672,0.0,0.0,0.0,1.0,3.783,1.0,0.31533333333333335,4,1,0,0,124.06166666666667,132.0,132.0,84.48366666666666,51.212666666666664,407.78633333333335,1384,-0.052744312320206245,0.19624938436908654,-0.0589349645947231,0.1900587320945697
I7_Quiescent_Continuous_State,1313,T3,RECURRENT,RECURRENT,0.1240962956079509,0.3734,0.0,0.6266,0.0,0.0,0.6266,0.0,0,2,0,1,81.137,92.0,92.0,86.09133333333334,28.827333333333332,381.5776666666667,1320,-0.035595450860456256,0.19617886461670683,-0.047829706818385616,0.18394460865877746
I7_Quiescent_Continuous_State,1313,O_ALL,RECURRENT,BOTH,0.16364531940619195,0.0,0.0,0.0,1.0,4.0,1.0,0.31583333333333335,0,0,0,0,131.24933333333334,132.0,132.0,82.83466666666666,55.69,410.337,1384,-0.07570515551862116,0.1975337216250794,-0.0710271502505625,0.20221172689313804
I8_Quiescent_Discrete_Delay,1313,T1,LAG,BOTH,0.5918565355008721,0.0,0.0,0.0,1.0,4.0,1.0,0.9696666666666667,4,1,0,0,128.73533333333333,132.0,132.0,86.12366666666667,55.681333333333335,409.7246666666667,1384,-0.25088343904494914,-0.0016757265533007015,-0.25115283420979073,-0.0019451217181422908
I8_Quiescent_Discrete_Delay,1313,T1R,LAG,BOTH,0.10358208232257775,0.0,0.0,0.0,1.0,3.9222,1.0,0.36433333333333334,4,1,0,0,127.467,132.0,132.0,85.60666666666667,54.415333333333336,409.09166666666664,1384,0.3749473772470926,-0.0014804195714825067,0.37466377388420613,-0.0017640229343688723
I8_Quiescent_Discrete_Delay,1313,T2,LAG,BOTH,0.13881505093363253,0.0,0.0,0.0,1.0,4.0,1.0,0.438,4,1,0,0,128.45033333333333,132.0,132.0,85.91366666666667,55.35,409.559,1384,0.30247536446770085,-0.0021556569555754527,0.3020780791305512,-0.002552942292725098
I8_Quiescent_Discrete_Delay,1313,T3,LAG,LAG,0.14534419657654307,0.387,0.613,0.0,0.0,2.2814,0.0,0.0,11,1,7,1,77.82666666666667,98.0,98.0,86.93866666666666,43.21666666666667,356.66833333333335,1336,0.2954431335106896,-0.0020330340482805714,0.29546611982029913,-0.0020100477386710267
I8_Quiescent_Discrete_Delay,1313,O_ALL,LAG,BOTH,0.6021049720465771,0.0,0.0,0.0,1.0,5.0,1.0,0.9748333333333333,0,0,0,0,140.80433333333335,142.0,142.0,85.16933333333333,64.47066666666667,414.7273333333333,1400,-0.26085968612806476,-0.002335561536026074,-0.26120693640917253,-0.0026828118171338474
I9_Hybrid_Delay_Plus_Latent_State,1313,T1,BOTH,BOTH,0.3606262774197062,0.0,0.0,0.0,1.0,4.0,1.0,0.018166666666666668,4,1,0,0,129.41666666666666,132.0,132.0,86.99233333333333,56.61933333333333,410.32966666666664,1384,-0.2211735958991251,0.23544638679772836,-0.19325747777593097,0.2633625049209225
I9_Hybrid_Delay_Plus_Latent_State,1313,T1R,BOTH,BOTH,0.35783940348351545,0.0,0.0,0.0,1.0,4.0,1.0,0.019833333333333335,4,1,0,0,129.05333333333334,132.0,132.0,86.865,56.178,410.269,1384,-0.19672501235469914,0.2456447965693998,-0.1899021318250833,0.25246767709901563
I9_Hybrid_Delay_Plus_Latent_State,1313,T2,BOTH,BOTH,0.374983185748165,0.0,0.0,0.0,1.0,3.9884,1.0,0.03933333333333333,4,1,0,0,125.36666666666666,132.0,132.0,87.19833333333334,53.762,409.061,1384,-0.15290811479934374,0.12158348434031836,-0.1502708387239719,0.12422076041569023
I9_Hybrid_Delay_Plus_Latent_State,1313,T3,BOTH,BOTH,0.19399276915305355,0.0704,0.0038,0.1992,0.7266,2.8252,0.9258,0.0,14,5,10,4,112.82233333333333,132.0,132.0,87.64866666666667,46.73266666666667,401.9943333333333,1384,0.22482122157528556,0.1350439740542228,0.23083982082946553,0.1410625733084028
I9_Hybrid_Delay_Plus_Latent_State,1313,O_ALL,BOTH,BOTH,0.37750854973517584,0.0,0.0,0.0,1.0,4.0,1.0,0.036166666666666666,0,0,0,0,131.50433333333334,132.0,132.0,86.71533333333333,57.82266666666667,411.4033333333333,1384,-0.18331458770716091,0.12235403524650543,-0.17405003297652044,0.1316185899771459
I10_Redundant_Temporal_Structure,1313,T1,REDUNDANT,BOTH,0.27574323380704474,0.0,0.0,0.0,1.0,4.0,1.0,0.0,4,1,0,0,130.59666666666666,132.0,132.0,87.19466666666666,57.634,410.837,1384,-0.2546178547196031,2.8645799115803943,-0.16296335860656158,2.9562344076934357
I10_Redundant_Temporal_Structure,1313,T1R,REDUNDANT,BOTH,0.2710253885235797,0.0,0.0,0.0,1.0,4.0,1.0,0.0,4,1,0,0,130.43833333333333,132.0,132.0,87.27,57.495333333333335,410.92766666666665,1384,-0.20014967036929102,2.778875510361397,-0.11369580531452236,2.8653293754161653
I10_Redundant_Temporal_Structure,1313,T2,REDUNDANT,BOTH,0.5086525739016611,0.0,0.0,0.0,1.0,4.0,1.0,0.0005,4,1,0,0,130.63333333333333,132.0,132.0,87.184,57.558,410.959,1384,-0.2291093255151359,0.4703054158169936,-0.205904667689458,0.4935100736426715
I10_Redundant_Temporal_Structure,1313,T3,REDUNDANT,RECURRENT,0.4179139266437721,0.0032,0.0008,0.9606,0.0354,0.0382,0.996,0.0,21,2,21,1,93.17333333333333,102.0,132.0,89.19466666666666,31.60333333333333,397.7416666666667,1320,-0.09093698706992287,0.47791083869960177,-0.07233855734020701,0.4965092684293176
I10_Redundant_Temporal_Structure,1313,O_ALL,REDUNDANT,BOTH,0.5068483607400708,0.0,0.0,0.0,1.0,4.0,1.0,0.0015,0,0,0,0,131.65433333333334,132.0,132.0,87.204,58.18333333333333,411.58366666666666,1384,-0.2219467662530728,0.4668402261970591,-0.20561016319193806,0.48317682925819383
I11_Regime_Switch_Delay_To_Latent,1313,T1,SWITCH_DELAY_TO_LATENT,BOTH,0.14691124186762833,0.0,0.0,0.0,1.0,3.6666,1.0,0.214,4,1,0,0,123.19,132.0,132.0,85.935,51.216,407.508,1384,0.09549263124345561,0.16238556798959394,0.09464812471387744,0.16154106146001576
I11_Regime_Switch_Delay_To_Latent,1313,T1R,SWITCH_DELAY_TO_LATENT,BOTH,0.11407615436864646,0.0,0.0,0.0,1.0,3.8198,1.0,0.03716666666666667,4,1,0,0,125.72333333333333,132.0,132.0,85.991,53.10666666666667,408.73333333333335,1384,0.24601815562534354,0.16787437368972108,0.23752468402126553,0.1593809020856431
I11_Regime_Switch_Delay_To_Latent,1313,T2,SWITCH_DELAY_TO_LATENT,BOTH,0.14774390400530885,0.0,0.0,0.0,1.0,3.8618,1.0,0.018833333333333334,4,1,0,0,126.085,132.0,132.0,85.94166666666666,53.36933333333333,408.86466666666666,1384,0.21650666960989734,0.0926430124101521,0.21131844680735026,0.08745478960760501
I11_Regime_Switch_Delay_To_Latent,1313,T3,SWITCH_DELAY_TO_LATENT,RECURRENT,0.13456080907693996,0.0602,0.42,0.518,0.0018,1.46,0.5198,0.0,8,2,8,1,86.601,98.0,102.0,87.23033333333333,38.374,376.279,1320,0.19236912762967703,0.08830973273226887,0.1905717077485744,0.08651231285116624
I11_Regime_Switch_Delay_To_Latent,1313,O_ALL,SWITCH_DELAY_TO_LATENT,BOTH,0.2862537895509245,0.0,0.0,0.0,1.0,4.0,1.0,0.5196666666666667,0,0,0,0,130.30766666666668,132.0,132.0,85.52333333333333,56.276666666666664,410.63033333333334,1384,-0.10171767471673872,0.08575088022648471,-0.10561848319430474,0.08185007174891869
I12_Regime_Switch_Latent_To_Delay,1313,T1,SWITCH_LATENT_TO_DELAY,BOTH,0.32623977016554173,0.0,0.0,0.0,1.0,3.6902,1.0,0.47933333333333333,4,1,0,0,123.68666666666667,132.0,132.0,86.815,52.16266666666667,408.10133333333334,1384,-0.07198851760854402,0.21949788785375005,-0.07246452610000578,0.21902187936228823
I12_Regime_Switch_Latent_To_Delay,1313,T1R,SWITCH_LATENT_TO_DELAY,BOTH,0.3258329864319709,0.0,0.0,0.0,1.0,3.5854,1.0,0.47933333333333333,4,1,0,0,122.14333333333333,132.0,132.0,87.00266666666667,51.014,407.687,1384,-0.07302037334471045,0.2225629089141878,-0.07279814131042008,0.22278514094847826
I12_Regime_Switch_Latent_To_Delay,1313,T2,SWITCH_LATENT_TO_DELAY,BOTH,0.3396472183011938,0.0,0.0,0.0,1.0,3.3914,1.0,0.48833333333333334,4,1,0,0,120.79833333333333,132.0,132.0,86.79966666666667,49.76466666666666,407.06233333333336,1384,-0.10794979879921116,0.12324357812196855,-0.10988568633925343,0.12130769058192631
I12_Regime_Switch_Latent_To_Delay,1313,T3,SWITCH_LATENT_TO_DELAY,LAG,0.13906971422594527,0.0248,0.5648,0.4094,0.001,1.9784,0.4104,0.0,5,1,1,1,91.497,98.0,102.0,87.71266666666666,41.534,379.291,1336,0.2722199775393404,0.1250219377243931,0.26875128048577274,0.12155324067082542
I12_Regime_Switch_Latent_To_Delay,1313,O_ALL,SWITCH_LATENT_TO_DELAY,BOTH,0.3423168170063641,0.0,0.0,0.0,1.0,4.0,1.0,0.49116666666666664,0,0,0,0,130.97766666666666,132.0,132.0,85.49133333333333,56.798,410.891,1384,-0.10159969930209124,0.12210464018993776,-0.10104163844540258,0.12266270104662642
I13_Regime_Switch_Hybrid_To_Memoryless,1313,T1,SWITCH_HYBRID_TO_NONE,BOTH,0.2561964150629295,0.0,0.0,0.0,1.0,4.0,1.0,0.48433333333333334,4,1,0,0,129.41666666666666,132.0,132.0,86.56233333333333,56.407333333333334,410.22366666666665,1384,-0.1081623789032128,0.10558406886279342,-0.10294094991890085,0.11080549784710536
I13_Regime_Switch_Hybrid_To_Memoryless,1313,T1R,SWITCH_HYBRID_TO_NONE,BOTH,0.2530425878522969,0.0,0.0,0.0,1.0,4.0,1.0,0.48983333333333334,4,1,0,0,129.05333333333334,132.0,132.0,86.07166666666667,55.784,410.072,1384,-0.10077876730276204,0.11353828532150667,-0.10275195493048841,0.11156509769378031
I13_Regime_Switch_Hybrid_To_Memoryless,1313,T2,SWITCH_HYBRID_TO_NONE,BOTH,0.2617826256045054,0.0,0.0,0.0,1.0,3.9884,1.0,0.515,4,1,0,0,125.36666666666666,132.0,132.0,85.413,52.878,408.619,1352,-0.10780247998270215,0.05800054078602134,-0.10779357988792294,0.05800944088080058
I13_Regime_Switch_Hybrid_To_Memoryless,1313,T3,SWITCH_HYBRID_TO_NONE,NONE,0.1950196854896175,0.6582,0.004,0.1992,0.1386,0.474,0.3378,0.0,14,5,14,5,76.58133333333333,132.0,132.0,87.46766666666667,32.480666666666664,371.35633333333334,1272,-0.02891317279457533,0.06363188087539988,-0.008311832998015085,0.0842332206719601
I13_Regime_Switch_Hybrid_To_Memoryless,1313,O_ALL,SWITCH_HYBRID_TO_NONE,BOTH,0.2579024984207563,0.0,0.0,0.0,1.0,4.0,1.0,0.5261666666666667,0,0,0,0,131.50433333333334,132.0,132.0,85.56266666666667,57.254666666666665,411.1193333333333,1384,-0.13619630897455384,0.05999302978374478,-0.12465950312962365,0.07152983562867496
I14_Intermittent_Hybrid,1313,T1,INTERMITTENT,BOTH,0.23450874883722606,0.004,0.0,0.054,0.942,3.6828,0.996,0.23816666666666667,4,1,0,0,116.89766666666667,132.0,132.0,86.36466666666666,51.202666666666666,399.93333333333334,1384,-0.07008654872399206,0.15806506290630182,-0.07840744784082368,0.1497441637894702
I14_Intermittent_Hybrid,1313,T1R,INTERMITTENT,BOTH,0.23185758898829673,0.0,0.0,0.0582,0.9418,3.6714,1.0,0.23783333333333334,4,1,0,0,122.36166666666666,132.0,132.0,86.25966666666666,51.07533333333333,407.7176666666667,1384,-0.06056335501147418,0.16878451516325474,-0.06658345412661586,0.1627644160481131
I14_Intermittent_Hybrid,1313,T2,INTERMITTENT,BOTH,0.2598589205747834,0.0,0.0,0.0582,0.9418,3.6826,1.0,0.25283333333333335,4,1,0,0,122.455,132.0,132.0,86.27966666666667,51.158,407.759,1384,-0.08246192120615808,0.09474032568757082,-0.09150691215678576,0.08569533473694313
I14_Intermittent_Hybrid,1313,T3,INTERMITTENT,RECURRENT,0.2195094836618353,0.3642,0.0036,0.6298,0.0024,0.0074,0.6322,0.0,9,2,9,2,75.974,92.0,112.0,88.06166666666667,29.971333333333334,374.77366666666666,1256,-0.03140258839028726,0.09267753868430208,-0.03046804385249831,0.09361208322209104
I14_Intermittent_Hybrid,1313,O_ALL,INTERMITTENT,BOTH,0.2648237278498667,0.0,0.0,0.0,1.0,4.0,1.0,0.3551666666666667,0,0,0,0,130.20433333333332,132.0,132.0,85.20866666666667,56.042,410.513,1384,-0.12659813994128064,0.09281219225480153,-0.11671815616328193,0.10269217603280022
I1_Memoryless_Linear,1314,T1,NONE,NONE,0.11916701730874,1.0,0.0,0.0,0.0,0.0,0.0,0.0,0,0,0,0,58.0,58.0,58.0,67.73766666666667,17.955333333333332,343.47766666666666,1224,-0.0029945507727280824,0.00044922553583281343,-0.0029945507727280824,0.00044922553583281343
I1_Memoryless_Linear,1314,T1R,NONE,NONE,0.11916701730874,1.0,0.0,0.0,0.0,0.0,0.0,0.0,0,0,0,0,58.0,58.0,58.0,67.73766666666667,17.955333333333332,343.47766666666666,1224,-0.0029945507727280824,0.00044922553583281343,-0.0029945507727280824,0.00044922553583281343
I1_Memoryless_Linear,1314,T2,NONE,NONE,0.11916701730874,1.0,0.0,0.0,0.0,0.0,0.0,0.0,0,0,0,0,58.0,58.0,58.0,67.73766666666667,17.955333333333332,343.47766666666666,1224,-0.0029945507727280824,0.00044922553583281343,-0.0029945507727280824,0.00044922553583281343
I1_Memoryless_Linear,1314,T3,NONE,NONE,0.11916701730874,1.0,0.0,0.0,0.0,0.0,0.0,0.0,0,0,0,0,58.0,58.0,58.0,67.73766666666667,17.955333333333332,343.47766666666666,1224,-0.0029945507727280824,0.00044922553583281343,-0.0029945507727280824,0.00044922553583281343
I1_Memoryless_Linear,1314,O_ALL,NONE,BOTH,0.13406831573856515,0.0,0.0,0.164,0.836,2.591,1.0,0.694,0,0,0,0,113.57933333333334,132.0,132.0,65.09733333333334,32.76133333333333,398.87266666666665,1336,-0.020416667022753878,0.0008410468595311127,-0.020418078642819203,0.0008396352394657873
I2_Static_Nonlinear_Negative_Control,1314,T1,NONE,BOTH,1.3153623168658943,0.0,0.3144,0.0,0.6856,4.0,0.6856,0.044,4,1,0,0,113.828,132.0,132.0,86.86966666666666,55.56733333333333,389.69966666666664,1384,-0.2508834419486652,0.5765437339879695,-0.232268649907279,0.5951585260293556
I2_Static_Nonlinear_Negative_Control,1314,T1R,NONE,BOTH,1.3056903168548706,0.0,0.3144,0.0,0.6856,4.0,0.6856,0.16566666666666666,4,1,0,0,112.86966666666666,132.0,132.0,86.88233333333334,54.85933333333333,389.34566666666666,1384,-0.19793662171347728,0.22491792716330414,-0.1927581071997028,0.23009644167707857
I2_Static_Nonlinear_Negative_Control,1314,T2,NONE,BOTH,1.2739035426908782,0.0,0.3144,0.0,0.6856,4.0,0.6856,0.511,4,1,0,0,113.828,132.0,132.0,86.683,55.474666666666664,389.6533333333333,1384,-0.2383758265913379,-0.007830351219520639,-0.2298512590736471,0.0006942162981702127
I2_Static_Nonlinear_Negative_Control,1314,T3,NONE,NONE,1.0649112061181247,0.9256,0.0622,0.0122,0.0,0.0626,0.0122,0.0,23,2,23,2,58.889,68.0,92.0,88.74033333333334,30.558,350.267,1272,-0.029175307211564264,-0.008170553647606719,-0.028813977827062,-0.007809224263104455
I2_Static_Nonlinear_Negative_Control,1314,O_ALL,NONE,BOTH,1.2923409684501024,0.0,0.0,0.0,1.0,4.0,1.0,0.977,0,0,0,0,131.23933333333332,132.0,132.0,85.998,57.260666666666665,411.12233333333336,1384,-0.3034360415592868,-0.0013789845709986123,-0.30496004714867525,-0.002902990160387078
I3_Single_Exact_Delay,1314,T1,LAG,LAG,0.5512049946082328,0.0,1.0,0.0,0.0,3.9962,0.0,0.0,4,0,0,0,92.36,98.0,98.0,86.47333333333333,53.72866666666667,361.3643333333333,1336,-0.2248971719346316,-0.003927152629983424,-0.225002773778334,-0.004032754473685842
I3_Single_Exact_Delay,1314,T1R,LAG,BOTH,0.0985606215683662,0.0,0.0,0.0,1.0,3.9774,1.0,0.004833333333333334,5,1,1,0,127.93833333333333,132.0,132.0,86.13466666666666,55.01866666666667,409.6893333333333,1384,0.6923716073940893,0.006030611974047668,0.6939555944852434,0.00761459906520169
I3_Single_Exact_Delay,1314,T2,LAG,BOTH,0.5390532470995386,0.0,0.0,0.0,1.0,3.9962,1.0,0.9175,4,1,0,0,126.13166666666666,132.0,132.0,86.324,53.653333333333336,409.00666666666666,1384,-0.1989675319236654,-0.0010782958823840943,-0.1989131583318121,-0.0010239222905307915
I3_Single_Exact_Delay,1314,T3,LAG,LAG,0.14377693977367634,0.0286,0.9714,0.0,0.0,3.7468,0.0,0.0,10,0,6,0,89.24833333333333,98.0,98.0,86.38,51.53,360.265,1336,0.6015635085414224,-0.003927152629983424,0.6014579066977199,-0.004032754473685842
I3_Single_Exact_Delay,1314,O_ALL,LAG,BOTH,0.5483130969005068,0.0,0.0,0.0,1.0,4.0,1.0,0.9515,0,0,0,0,130.31266666666667,132.0,132.0,85.76466666666667,56.396,410.69,1384,-0.20741305149904973,-0.0017517167909627085,-0.20719578947574957,-0.001534454767662523
I4_Multi_Sparse_Delay,1314,T1,LAG,BOTH,0.7441549096813908,0.0,0.0,0.0,1.0,4.0,1.0,0.20483333333333334,4,1,0,0,129.985,132.0,132.0,87.10633333333334,57.11533333333333,410.5776666666667,1384,-0.30717807536268826,0.08805982398814573,-0.31614402528298985,0.07909387406784413
I4_Multi_Sparse_Delay,1314,T1R,LAG,BOTH,0.7412920448347404,0.0,0.0,0.0,1.0,4.0,1.0,0.17666666666666667,4,1,0,0,130.04,132.0,132.0,87.14166666666667,57.108666666666664,410.7343333333333,1384,-0.29897456557992386,0.0945895601631807,-0.29260301295368885,0.10096111278941568
I4_Multi_Sparse_Delay,1314,T2,LAG,BOTH,0.735389939219595,0.0,0.0,0.0,1.0,4.0,1.0,0.4475,4,1,0,0,130.16666666666666,132.0,132.0,87.14433333333334,57.178,410.769,1384,-0.339869416024545,0.041053431800849874,-0.3352327334214872,0.04569011440390771
I4_Multi_Sparse_Delay,1314,T3,LAG,NONE,0.5732064586689514,0.4632,0.3224,0.069,0.1454,1.6142,0.2144,0.0,38,15,35,14,83.911,132.0,132.0,88.08566666666667,42.745333333333335,367.1046666666667,1368,0.07274762240500524,0.03125572183786329,0.06775370631790993,0.026261805750767957
I4_Multi_Sparse_Delay,1314,O_ALL,LAG,BOTH,0.7406142604821161,0.0,0.0,0.0,1.0,4.0,1.0,0.466,0,0,0,0,131.37766666666667,132.0,132.0,86.87533333333333,57.8,411.392,1384,-0.3839102362947639,0.03953821164925835,-0.37984830931712776,0.04360013862689451
I5_Moving_Delay_Support,1314,T1,LAG,LAG,0.37935903322117903,0.0,1.0,0.0,0.0,4.0,0.0,0.0,4,0,0,0,94.12333333333333,98.0,98.0,83.83333333333333,53.791333333333334,361.39566666666667,1336,0.17368608184051892,0.0020625824928920716,0.17368608184051892,0.0020625824928920716
I5_Moving_Delay_Support,1314,T1R,LAG,BOTH,0.3794455192134346,0.0,0.0,0.0,1.0,3.8942,1.0,0.6066666666666667,4,1,0,0,126.36666666666666,132.0,132.0,86.55533333333334,53.86333333333334,409.1116666666667,1384,0.11184671807934571,0.004625416900354598,0.11161231556797403,0.004391014388982879
I5_Moving_Delay_Support,1314,T2,LAG,BOTH,0.3853774165672637,0.0,0.0,0.0,1.0,3.9528,1.0,0.4905,4,1,0,0,127.02166666666666,132.0,132.0,85.90466666666667,54.12533333333333,409.24266666666665,1384,0.158967543218089,0.0009720554441128067,0.16157781298393029,0.0035823252099540285
I5_Moving_Delay_Support,1314,T3,LAG,LAG,0.1756013861952553,0.087,0.913,0.0,0.0,3.173,0.0,0.0,11,0,7,0,87.555,98.0,98.0,86.056,49.87866666666667,359.4393333333333,1336,0.5293726775809067,0.0020625824928920716,0.5293726775809067,0.0020625824928920716
I5_Moving_Delay_Support,1314,O_ALL,LAG,BOTH,0.38373556262800584,0.0,0.0,0.0,1.0,4.0,1.0,0.515,0,0,0,0,129.61766666666668,132.0,132.0,85.46133333333333,55.699333333333335,410.34166666666664,1384,0.1803873386674401,0.001588908401830992,0.18233557118964053,0.0035371409240314775
I6_Continuous_Latent_State,1314,T1,RECURRENT,BOTH,0.10280157243563583,0.0,0.0,0.0,1.0,3.9432,1.0,0.0,4,1,0,0,125.575,132.0,132.0,86.35966666666667,53.48,408.76,1384,-0.04498091124868331,0.5399692321571761,-0.04138540020246137,0.5435647432033979
I6_Continuous_Latent_State,1314,T1R,RECURRENT,BOTH,0.10520478633596075,0.0,0.0,0.0,1.0,3.958,1.0,0.0,4,1,0,0,125.81166666666667,132.0,132.0,86.344,53.594,408.977,1384,-0.04240861506803455,0.5390647596393954,-0.04105565769867376,0.5404177170087562
I6_Continuous_Latent_State,1314,T2,RECURRENT,BOTH,0.15319425922049296,0.0,0.0,0.0,1.0,3.6248,1.0,0.0,4,1,0,0,122.55333333333333,132.0,132.0,86.19133333333333,50.89533333333333,407.62766666666664,1384,-0.012712472474302402,0.3707150005929092,-0.03777895685401294,0.34564851621319864
I6_Continuous_Latent_State,1314,T3,RECURRENT,RECURRENT,0.12934908094847403,0.0,0.0,0.9998,0.0002,0.0002,1.0,0.0,2,1,2,0,91.74166666666666,92.0,102.0,87.97566666666667,29.89666666666667,397.04833333333335,1320,-0.033527277334628076,0.37112110218960187,-0.03758273121989068,0.36706564830433924
I6_Continuous_Latent_State,1314,O_ALL,RECURRENT,BOTH,0.15672491894013263,0.0,0.0,0.0,1.0,4.0,1.0,0.0,0,0,0,0,130.501,132.0,132.0,84.93333333333334,56.14066666666667,410.56233333333336,1384,-0.06213295001194568,0.3678428003827592,-0.06587244931426643,0.3641033010804385
I7_Quiescent_Continuous_State,1314,T1,RECURRENT,BOTH,0.10905310968367114,0.0,0.0,0.0,1.0,3.9432,1.0,0.30566666666666664,4,1,0,0,125.575,132.0,132.0,82.79166666666667,51.702,407.871,1384,-0.04915706177956544,0.34692360997002897,-0.048293551802908896,0.34778711994668554
I7_Quiescent_Continuous_State,1314,T1R,RECURRENT,BOTH,0.11134251386985221,0.0,0.0,0.0,1.0,3.958,1.0,0.3045,4,1,0,0,125.81166666666667,132.0,132.0,82.868,51.862,408.111,1384,-0.04876218524299355,0.3504196714788565,-0.05603627991545838,0.34314557680639163
I7_Quiescent_Continuous_State,1314,T2,RECURRENT,BOTH,0.15551975910974414,0.0,0.0,0.0,1.0,3.6248,1.0,0.31266666666666665,4,1,0,0,122.55333333333333,132.0,132.0,83.68533333333333,49.648,407.004,1384,-0.027598186125517413,0.22849523883135536,-0.04001278141917957,0.2160806435376932
I7_Quiescent_Continuous_State,1314,T3,RECURRENT,RECURRENT,0.11657781205267338,0.386,0.0,0.612,0.002,0.002,0.614,0.0,4,2,4,1,80.82,92.0,102.0,83.75533333333334,27.504,380.412,1320,-0.02778920293547504,0.22747031571403345,-0.032676891382527856,0.22258262726698064
I7_Quiescent_Continuous_State,1314,O_ALL,RECURRENT,BOTH,0.15526722098884693,0.0,0.0,0.0,1.0,4.0,1.0,0.31533333333333335,0,0,0,0,130.501,132.0,132.0,81.71066666666667,54.534666666666666,409.75933333333336,1384,-0.06523738255348058,0.2255029420386695,-0.06337757423822457,0.22736275035392553
I8_Quiescent_Discrete_Delay,1314,T1,LAG,LAG,0.5961509542965877,0.0,1.0,0.0,0.0,3.9962,0.0,0.0,4,0,0,0,92.36,98.0,98.0,83.94066666666667,52.474666666666664,360.7373333333333,1336,-0.32413501867377975,-0.003927152629983424,-0.32424062051748215,-0.004032754473685842
I8_Quiescent_Discrete_Delay,1314,T1R,LAG,BOTH,0.10070516685788282,0.0,0.0,0.0,1.0,4.0,1.0,0.3055,4,1,0,0,128.12666666666667,132.0,132.0,84.75733333333334,54.483333333333334,409.4216666666667,1384,0.43472008791037087,0.004957442449328656,0.43727030503049397,0.007507659569451799
I8_Quiescent_Discrete_Delay,1314,T2,LAG,BOTH,0.5695838883109572,0.0,0.0,0.0,1.0,3.9962,1.0,0.9175,4,1,0,0,126.13166666666666,132.0,132.0,84.06866666666667,52.536,408.448,1384,-0.2841953196621369,-0.0010786680954292167,-0.2841409993682693,-0.001024347801561551
I8_Quiescent_Discrete_Delay,1314,T3,LAG,NONE,0.29538153557336605,0.7112,0.2888,0.0,0.0,0.884,0.0,0.0,22,0,19,0,65.39333333333333,98.0,98.0,84.40633333333334,33.038,351.019,1320,0.09853860650624433,-0.003927152629983424,0.0984330046625419,-0.004032754473685842
I8_Quiescent_Discrete_Delay,1314,O_ALL,LAG,BOTH,0.5684642747835615,0.0,0.0,0.0,1.0,4.0,1.0,0.9516666666666667,0,0,0,0,130.31266666666667,132.0,132.0,83.88333333333334,55.462666666666664,410.22333333333336,1384,-0.2444109680785401,-0.0017514718920613223,-0.24419379936122368,-0.0015343031747449064
I9_Hybrid_Delay_Plus_Latent_State,1314,T1,BOTH,BOTH,0.3383048576090535,0.0,0.0,0.0,1.0,4.0,1.0,0.0085,4,1,0,0,126.49333333333334,132.0,132.0,86.83933333333333,54.38,409.21,1384,-0.14199278931015796,0.27863315959653523,-0.13575746351002865,0.28486848539666454
I9_Hybrid_Delay_Plus_Latent_State,1314,T1R,BOTH,BOTH,0.3374830708064454,0.0,0.0,0.0,1.0,3.7638,1.0,0.004666666666666667,4,1,0,0,124.38833333333334,132.0,132.0,86.90066666666667,52.644666666666666,408.50233333333335,1384,-0.1457244930529062,0.28776891845000546,-0.13653495420043996,0.29695845730247167
I9_Hybrid_Delay_Plus_Latent_State,1314,T2,BOTH,BOTH,0.35435462655495364,0.0,0.0,0.0,1.0,4.0,1.0,0.06483333333333334,4,1,0,0,126.22333333333333,132.0,132.0,86.87133333333334,54.17666666666667,409.2683333333333,1384,-0.16940346876441573,0.14702463906393987,-0.17726598953790623,0.1391621182904494
I9_Hybrid_Delay_Plus_Latent_State,1314,T3,BOTH,BOTH,0.1768413028159598,0.0186,0.0282,0.213,0.7402,2.9914,0.9532,0.0,4,5,0,4,114.332,132.0,132.0,87.24466666666666,47.495333333333335,402.59166666666664,1384,0.26901508277296216,0.15773837681240885,0.2864684686639669,0.17519176270341363
I9_Hybrid_Delay_Plus_Latent_State,1314,O_ALL,BOTH,BOTH,0.359060380583975,0.0,0.0,0.0,1.0,4.0,1.0,0.06166666666666667,0,0,0,0,131.18266666666668,132.0,132.0,86.19333333333333,57.30733333333333,411.14566666666667,1368,-0.15697021648226303,0.14731806996622954,-0.1438435649952084,0.16044472145328417
I10_Redundant_Temporal_Structure,1314,T1,REDUNDANT,BOTH,0.2694398791820913,0.0,0.0,0.0,1.0,4.0,1.0,0.0,4,1,0,0,128.78,132.0,132.0,87.31,56.361333333333334,410.2006666666667,1384,-0.10521976032599471,2.978480882500544,-0.13316244003984315,2.9505382027866958
I10_Redundant_Temporal_Structure,1314,T1R,REDUNDANT,BOTH,0.27292479660562896,0.0,0.0,0.0,1.0,4.0,1.0,0.0,4,1,0,0,128.83333333333334,132.0,132.0,87.334,56.32533333333333,410.3426666666667,1384,-0.11290684281391644,3.0990227874703393,-0.1372457584582704,3.0746838718259855
I10_Redundant_Temporal_Structure,1314,T2,REDUNDANT,BOTH,0.5028069317439215,0.0,0.0,0.0,1.0,4.0,1.0,0.004833333333333334,4,1,0,0,129.285,132.0,132.0,87.14233333333334,56.544,410.452,1384,-0.2133458083108162,0.5795969772078723,-0.22203124392917953,0.5709115415895089
I10_Redundant_Temporal_Structure,1314,T3,REDUNDANT,RECURRENT,0.4233942488755311,0.0,0.0,0.9584,0.0416,0.0534,1.0,0.0,17,2,17,1,91.765,92.0,122.0,89.118,30.753333333333334,396.9166666666667,1320,-0.10847344311993452,0.5843622715400633,-0.11692903816245838,0.5759066764975393
I10_Redundant_Temporal_Structure,1314,O_ALL,REDUNDANT,BOTH,0.5181155246320465,0.0,0.0,0.0,1.0,4.0,1.0,0.0095,0,0,0,0,131.42766666666665,132.0,132.0,86.87266666666666,57.836666666666666,411.4103333333333,1384,-0.2220915502413243,0.5883834963522359,-0.23489338203329505,0.5755816645602653
I11_Regime_Switch_Delay_To_Latent,1314,T1,SWITCH_DELAY_TO_LATENT,BOTH,0.2676491531155208,0.0,0.498,0.0,0.502,4.0,0.502,0.003833333333333333,4,1,0,0,107.88433333333333,132.0,132.0,85.97,54.42333333333333,381.78366666666665,1384,-0.09926223664454553,0.18791771431027976,-0.09491403707000537,0.19226591388481992
I11_Regime_Switch_Delay_To_Latent,1314,T1R,SWITCH_DELAY_TO_LATENT,BOTH,0.1395651468438584,0.0,0.0,0.0,1.0,3.4136,1.0,0.11583333333333333,4,1,0,0,120.623,132.0,132.0,86.57766666666667,49.642,406.937,1384,0.1160845625822797,0.2094480659382643,0.1157364997123088,0.2091000030682934
I11_Regime_Switch_Delay_To_Latent,1314,T2,SWITCH_DELAY_TO_LATENT,BOTH,0.2798311362194144,0.0,0.0,0.0,1.0,3.7162,1.0,0.563,4,1,0,0,125.08466666666666,132.0,132.0,86.164,52.678666666666665,408.45533333333333,1384,-0.09598765417996781,0.10500606174727019,-0.09503437008700119,0.10595934584023682
I11_Regime_Switch_Delay_To_Latent,1314,T3,SWITCH_DELAY_TO_LATENT,NONE,0.24190752685426822,0.53,0.014,0.4548,0.0012,0.0152,0.456,0.0,9,1,9,0,71.041,92.0,102.0,88.43033333333334,30.224666666666668,367.84433333333334,1320,-0.036990812703925846,0.10205046863573743,-0.040325283154583565,0.09871599818507971
I11_Regime_Switch_Delay_To_Latent,1314,O_ALL,SWITCH_DELAY_TO_LATENT,BOTH,0.2851014450279787,0.0,0.0,0.0,1.0,4.0,1.0,0.577,0,0,0,0,130.86433333333332,132.0,132.0,85.55333333333333,56.738,410.861,1384,-0.11868233832536879,0.0985238323745154,-0.11110304246917338,0.10610312823071076
I12_Regime_Switch_Latent_To_Delay,1314,T1,SWITCH_LATENT_TO_DELAY,BOTH,0.31665531914571127,0.0,0.0,0.0,1.0,3.9012,1.0,0.4565,4,1,0,0,125.28,132.0,132.0,85.60066666666667,52.60066666666667,408.32033333333334,1384,-0.06219491214123437,0.22606548547820157,-0.06317470101327435,0.22508569660616157
I12_Regime_Switch_Latent_To_Delay,1314,T1R,SWITCH_LATENT_TO_DELAY,BOTH,0.30910965182019307,0.0,0.0,0.0568,0.9432,3.165,1.0,0.4465,4,1,0,0,118.14166666666667,132.0,132.0,86.53666666666666,47.856,406.108,1384,-0.097136610798321,0.22518445668734666,-0.09611187495521861,0.22620919253044908
I12_Regime_Switch_Latent_To_Delay,1314,T2,SWITCH_LATENT_TO_DELAY,BOTH,0.3289555333673532,0.0,0.0,0.0,1.0,3.2002,1.0,0.4676666666666667,4,1,0,0,118.535,132.0,132.0,85.651,47.464,405.912,1384,-0.05573252301302569,0.1445696553149425,-0.059311930489297685,0.14099024783867053
I12_Regime_Switch_Latent_To_Delay,1314,T3,SWITCH_LATENT_TO_DELAY,RECURRENT,0.17908793608594567,0.1798,0.4076,0.4126,0.0,1.245,0.4126,0.0,7,1,3,1,85.44766666666666,98.0,98.0,86.713,36.43533333333333,376.82966666666664,1320,0.1539131272434198,0.143647610411429,0.1524668997234771,0.1422013828914863
I12_Regime_Switch_Latent_To_Delay,1314,O_ALL,SWITCH_LATENT_TO_DELAY,BOTH,0.3353014614193571,0.0,0.0,0.0,1.0,4.0,1.0,0.4588333333333333,0,0,0,0,129.46266666666668,132.0,132.0,84.57466666666667,55.13066666666667,410.05733333333336,1368,-0.13216437865190314,0.1429475288553834,-0.13721749630575986,0.13789441120152668
I13_Regime_Switch_Hybrid_To_Memoryless,1314,T1,SWITCH_HYBRID_TO_NONE,BOTH,0.23426426289314925,0.0,0.0,0.0,1.0,4.0,1.0,0.49616666666666664,4,1,0,0,126.49333333333334,132.0,132.0,85.00466666666667,53.468666666666664,408.7543333333333,1336,-0.08903726506661727,0.13867190185660633,-0.07341383957493748,0.1542953273482861
I13_Regime_Switch_Hybrid_To_Memoryless,1314,T1R,SWITCH_HYBRID_TO_NONE,BOTH,0.23019665911198767,0.0,0.0,0.0,1.0,3.7638,1.0,0.4785,4,1,0,0,124.38833333333334,132.0,132.0,85.26733333333334,51.833333333333336,408.0966666666667,1336,-0.08262289734458407,0.14744269609243071,-0.0730247406693309,0.1570408527676839
I13_Regime_Switch_Hybrid_To_Memoryless,1314,T2,SWITCH_HYBRID_TO_NONE,BOTH,0.24182022432826522,0.0,0.0,0.0,1.0,4.0,1.0,0.5225,4,1,0,0,126.22333333333333,132.0,132.0,82.29266666666666,51.898666666666664,408.1293333333333,1336,-0.09545558466253928,0.08549082696286608,-0.09509227897275987,0.08585413265264549
I13_Regime_Switch_Hybrid_To_Memoryless,1314,T3,SWITCH_HYBRID_TO_NONE,NONE,0.16871025206500417,0.6062,0.0,0.223,0.1708,0.601,0.3938,0.0,4,4,4,4,78.57466666666667,132.0,132.0,85.228,31.807333333333332,372.37966666666665,1224,0.026674313542660286,0.08948869265089096,0.02979865116718764,0.09261303027541831
I13_Regime_Switch_Hybrid_To_Memoryless,1314,O_ALL,SWITCH_HYBRID_TO_NONE,BOTH,0.2437519911947569,0.0,0.0,0.0,1.0,4.0,1.0,0.524,0,0,0,0,131.18266666666668,132.0,132.0,83.17866666666667,55.80866666666667,410.39633333333336,1336,-0.08740795546830742,0.08615067158820025,-0.08215444484581688,0.09140418221069078
I14_Intermittent_Hybrid,1314,T1,INTERMITTENT,BOTH,0.10818842655781584,0.0,0.1078,0.0,0.8922,2.9796,0.8922,0.23183333333333334,4,1,0,0,108.44666666666667,132.0,132.0,85.252,46.03333333333333,393.19666666666666,1368,0.17524906344862784,0.20574938919641952,0.13795059649027627,0.16845092223806796
I14_Intermittent_Hybrid,1314,T1R,INTERMITTENT,BOTH,0.11346121027446554,0.0,0.0,0.0,1.0,3.3722,1.0,0.23416666666666666,4,1,0,0,120.14833333333333,132.0,132.0,86.20966666666666,49.06666666666667,406.7133333333333,1384,0.16213666764176612,0.21301278751660305,0.12466835084563727,0.17554447072047422
I14_Intermittent_Hybrid,1314,T2,INTERMITTENT,BOTH,0.15042872915041283,0.0,0.0,0.0,1.0,3.8698,1.0,0.23583333333333334,4,1,0,0,124.365,132.0,132.0,86.09266666666667,52.36866666666667,408.3643333333333,1368,0.20084510120146193,0.15316767151365052,0.15841715156698236,0.11073972187917097
I14_Intermittent_Hybrid,1314,T3,INTERMITTENT,RECURRENT,0.1986709234668087,0.2848,0.1148,0.588,0.0124,0.3414,0.6004,0.0,6,1,6,1,78.21466666666667,92.0,102.0,87.61266666666667,31.870666666666665,374.4513333333333,1256,0.04097890428712829,0.16081212155275496,0.03120512594897448,0.15103834321460113
I14_Intermittent_Hybrid,1314,O_ALL,INTERMITTENT,BOTH,0.268918771198829,0.0,0.0,0.0,1.0,4.0,1.0,0.336,0,0,0,0,130.16433333333333,132.0,132.0,85.5,56.15266666666667,410.5683333333333,1368,-0.10289210007826932,0.16578068663782689,-0.11253596477773697,0.15613682193835923
I1_Memoryless_Linear,1315,T1,NONE,NONE,0.12008672593498478,1.0,0.0,0.0,0.0,0.0,0.0,0.0,0,0,0,0,58.0,58.0,58.0,84.999,28.441333333333333,348.72066666666666,1272,-0.0170039457738693,0.001954543744271343,-0.016588583121834095,0.0023699063963065464
I1_Memoryless_Linear,1315,T1R,NONE,RECURRENT,0.1203697314773228,0.0,0.0,1.0,0.0,0.0,1.0,0.0,0,1,0,0,91.77333333333333,92.0,92.0,84.59333333333333,28.232666666666667,396.29633333333334,1320,-0.017110477658399167,0.011359888570743075,-0.01587476905103231,0.012595597178109928
I1_Memoryless_Linear,1315,T2,NONE,RECURRENT,0.12008475877036122,0.0,0.0,1.0,0.0,0.0,1.0,0.0,0,1,0,0,91.77333333333333,92.0,92.0,84.999,28.441333333333333,396.40066666666667,1320,-0.0170039457738693,0.0023243867587276834,-0.016550604647390024,0.0027777278852069605
I1_Memoryless_Linear,1315,T3,NONE,NONE,0.12008672593498478,1.0,0.0,0.0,0.0,0.0,0.0,0.0,0,0,0,0,58.0,58.0,58.0,84.999,28.441333333333333,348.72066666666666,1272,-0.0170039457738693,0.001954543744271343,-0.016588583121834095,0.0023699063963065464
I1_Memoryless_Linear,1315,O_ALL,NONE,BOTH,0.1446428636956553,0.0,0.0,0.0,1.0,4.0,1.0,0.9705,0,0,0,0,129.316,132.0,132.0,75.608,50.54933333333334,407.76666666666665,1384,-0.0336479926247792,0.0025383873398512067,-0.03324166264615626,0.002944717318474155
I2_Static_Nonlinear_Negative_Control,1315,T1,NONE,LAG,1.3344796632848612,0.0,0.5444,0.0,0.4556,3.9638,0.4556,0.0385,4,1,0,0,104.60966666666667,132.0,132.0,87.15566666666666,53.806666666666665,379.6193333333333,1384,-0.2202382779446758,0.0930671415890247,-0.222688383988524,0.09061703554517653
I2_Static_Nonlinear_Negative_Control,1315,T1R,NONE,LAG,1.3217288032083514,0.0,0.5276,0.0,0.4724,3.803,0.4724,0.021666666666666667,4,1,0,0,103.284,132.0,132.0,87.162,52.410666666666664,379.5933333333333,1384,-0.19041216976601136,0.09755416445071437,-0.1951271285079822,0.09283920570874352
I2_Static_Nonlinear_Negative_Control,1315,T2,NONE,LAG,1.2823909228826218,0.0,0.5276,0.0,0.4724,3.8834,0.4724,0.244,4,1,0,0,104.30233333333334,132.0,132.0,87.079,53.14333333333333,379.9596666666667,1384,-0.20927521778915198,0.020789411297490002,-0.20938725122180069,0.02067737786484128
I2_Static_Nonlinear_Negative_Control,1315,T3,NONE,NONE,1.0870365272107552,0.9854,0.0082,0.0064,0.0,0.0086,0.0064,0.0,14,2,14,2,58.25966666666667,58.0,92.0,88.97266666666667,30.479333333333333,349.9956666666667,1272,-0.054385341465861645,0.002850592969337695,-0.05285244664398304,0.004383487791216294
I2_Static_Nonlinear_Negative_Control,1315,O_ALL,NONE,BOTH,1.297073585895253,0.0,0.0,0.0,1.0,4.0,1.0,0.868,0,0,0,0,131.491,132.0,132.0,86.05,57.486,411.235,1384,-0.1987046362792638,0.015366618726048558,-0.19598816059881058,0.01808309440650181
I3_Single_Exact_Delay,1315,T1,LAG,LAG,0.5341282551713532,0.0,1.0,0.0,0.0,3.64,0.0,0.0,4,0,0,0,89.01166666666667,98.0,98.0,87.13666666666667,51.544666666666664,360.27233333333334,1336,-0.11531066147821889,-0.0021204333595239403,-0.1152875932862086,-0.0020973651675136686
I3_Single_Exact_Delay,1315,T1R,LAG,LAG,0.5301896612292007,0.0,1.0,0.0,0.0,3.5734,0.0,0.0,4,0,0,0,88.45666666666666,98.0,98.0,87.10733333333333,51.08533333333333,360.04266666666666,1336,-0.11004433806806668,-0.0009389537822223314,-0.10997064991493957,-0.0008652656290952319
I3_Single_Exact_Delay,1315,T2,LAG,LAG,0.5230994260437078,0.0,1.0,0.0,0.0,3.5742,0.0,0.0,4,0,0,0,88.46333333333334,98.0,98.0,87.11,51.093333333333334,360.0466666666667,1336,-0.1133715459746295,-0.0009389537822223314,-0.1132978578215024,-0.0008652656290952319
I3_Single_Exact_Delay,1315,T3,LAG,LAG,0.1750533760974162,0.1594,0.8406,0.0,0.0,3.3054,0.0,0.0,5,0,1,0,85.53833333333333,98.0,98.0,87.50466666666667,49.564,359.282,1336,0.4909604354862758,-0.0009389537822223314,0.4910341236394029,-0.0008652656290952319
I3_Single_Exact_Delay,1315,O_ALL,LAG,BOTH,0.5498477608806553,0.0,0.0,0.0,1.0,4.0,1.0,0.9756666666666667,0,0,0,0,131.366,132.0,132.0,86.128,57.419333333333334,411.20166666666665,1384,-0.2115375748109325,0.0013930652648652259,-0.21148498445832176,0.0014456556174759906
I4_Multi_Sparse_Delay,1315,T1,LAG,BOTH,0.7387415183240953,0.0,0.0,0.0,1.0,4.0,1.0,0.19916666666666666,4,1,0,0,130.425,132.0,132.0,87.15466666666667,57.465333333333334,410.75266666666664,1384,-0.38304290836070143,0.11170118904890827,-0.38898344301158266,0.10576065439802704
I4_Multi_Sparse_Delay,1315,T1R,LAG,BOTH,0.7434706173155801,0.0,0.0,0.0,1.0,4.0,1.0,0.18116666666666667,4,1,0,0,130.57666666666665,132.0,132.0,87.107,57.470666666666666,410.9153333333333,1384,-0.42335966442076106,0.11089213295675314,-0.4424817036814022,0.09177009369611207
I4_Multi_Sparse_Delay,1315,T2,LAG,BOTH,0.734645942902273,0.0,0.0,0.0,1.0,4.0,1.0,0.541,4,1,0,0,129.82833333333335,132.0,132.0,87.11266666666667,56.876,410.618,1384,-0.4302256206791058,0.027699509795088607,-0.4286329288395283,0.029292201634666094
I4_Multi_Sparse_Delay,1315,T3,LAG,LAG,0.3451287618539694,0.0466,0.8856,0.0262,0.0416,3.5522,0.0678,0.0,22,20,18,20,92.93033333333334,98.0,132.0,87.40133333333333,52.25533333333333,365.45166666666665,1336,0.6488763315700752,0.006848873647581497,0.602475249661218,-0.03955220826127564
I4_Multi_Sparse_Delay,1315,O_ALL,LAG,BOTH,0.7394595242279062,0.0,0.0,0.0,1.0,4.0,1.0,0.5588333333333333,0,0,0,0,131.55933333333334,132.0,132.0,86.908,57.95733333333333,411.47066666666666,1384,-0.418279515256017,0.02319754428147017,-0.41993581207463765,0.021541247462849526
I5_Moving_Delay_Support,1315,T1,LAG,LAG,0.3763648273758269,0.0,1.0,0.0,0.0,4.0,0.0,0.0,4,0,0,0,94.235,98.0,98.0,86.71766666666667,55.428,362.214,1336,0.13459484877562194,-0.00113842160646857,0.13564826819443207,-8.500218765848365e-05
I5_Moving_Delay_Support,1315,T1R,LAG,LAG,0.3763647146300098,0.0,1.0,0.0,0.0,4.0,0.0,0.0,4,0,0,0,94.22333333333333,98.0,98.0,87.17833333333333,55.65266666666667,362.3263333333333,1336,0.13474064288805873,-0.0012632014804453548,0.1357000669684941,-0.00030377740000998485
I5_Moving_Delay_Support,1315,T2,LAG,LAG,0.38656292055474495,0.0,1.0,0.0,0.0,4.0,0.0,0.0,4,0,0,0,94.23166666666667,98.0,98.0,87.137,55.638666666666666,362.31933333333336,1320,0.11689148235037235,-0.000330467697977986,0.11753432544210637,0.00031237539375601346
I5_Moving_Delay_Support,1315,T3,LAG,NONE,0.4492644783059282,0.9446,0.0554,0.0,0.0,0.0608,0.0,0.0,30,0,30,0,58.53666666666667,58.0,78.0,88.972,30.72,349.86,1272,-0.06868071782190015,-0.000330467697977986,-0.06803787473016615,0.00031237539375601346
I5_Moving_Delay_Support,1315,O_ALL,LAG,BOTH,0.5473034542777505,0.0,0.0,0.0,1.0,4.0,1.0,0.965,0,0,0,0,131.68433333333334,132.0,132.0,86.47066666666667,57.848,411.416,1368,-0.23391458690421796,0.002479346817310467,-0.23311896607974167,0.0032749676417867034
I6_Continuous_Latent_State,1315,T1,RECURRENT,BOTH,0.10628774432883202,0.0,0.0,0.0,1.0,4.0,1.0,0.0,4,1,0,0,129.87666666666667,132.0,132.0,86.43533333333333,56.672,410.356,1368,-0.029729666395766567,0.6261867041814556,-0.043150132484031656,0.6127662380931904
I6_Continuous_Latent_State,1315,T1R,RECURRENT,BOTH,0.10572688940451302,0.0,0.0,0.0,1.0,4.0,1.0,0.0,4,1,0,0,130.00333333333333,132.0,132.0,86.53333333333333,56.730666666666664,410.54533333333336,1384,-0.023002087461787096,0.6352538736659108,-0.04149461718661518,0.6167613439410826
I6_Continuous_Latent_State,1315,T2,RECURRENT,BOTH,0.16328390162216064,0.0,0.0,0.0,1.0,4.0,1.0,0.0,4,1,0,0,129.87,132.0,132.0,86.32933333333334,56.52333333333333,410.44166666666666,1384,-0.053142732177756356,0.38577241794680805,-0.051905221107394484,0.3870099290171699
I6_Continuous_Latent_State,1315,T3,RECURRENT,RECURRENT,0.13486105907926493,0.0,0.0,0.9994,0.0006,0.0006,1.0,0.0,5,1,5,0,91.755,92.0,112.0,88.55133333333333,30.232666666666667,397.21633333333335,1320,-0.032148915850194505,0.38464521178909616,-0.055072222563247425,0.3617219050760432
I6_Continuous_Latent_State,1315,O_ALL,RECURRENT,BOTH,0.16010640734735296,0.0,0.0,0.0,1.0,4.0,1.0,0.0,0,0,0,0,131.416,132.0,132.0,85.90866666666666,57.356,411.17,1384,-0.055262549938600906,0.39081745004455265,-0.05690710649445604,0.3891728934886975
I7_Quiescent_Continuous_State,1315,T1,RECURRENT,BOTH,0.16812076406214246,0.0,0.0,0.0,1.0,4.0,1.0,0.29433333333333334,4,1,0,0,129.87666666666667,132.0,132.0,84.29466666666667,55.60466666666667,409.82233333333335,1384,-0.07378175152596096,0.4705120563849982,-0.06345072194867989,0.4808430859622793
I7_Quiescent_Continuous_State,1315,T1R,RECURRENT,BOTH,0.1654764047053836,0.0,0.0,0.0,1.0,4.0,1.0,0.29483333333333334,4,1,0,0,130.00333333333333,132.0,132.0,84.96666666666667,55.95133333333333,410.15566666666666,1384,-0.11806797546731473,0.4735418351356323,-0.09885311648111918,0.49275669412182804
I7_Quiescent_Continuous_State,1315,T2,RECURRENT,BOTH,0.1703586968817625,0.0,0.0,0.0,1.0,4.0,1.0,0.30366666666666664,4,1,0,0,129.87,132.0,132.0,83.86266666666667,55.294,409.827,1384,-0.07058363365113217,0.26759473244397064,-0.06452189881674267,0.2736564672783602
I7_Quiescent_Continuous_State,1315,T3,RECURRENT,RECURRENT,0.12450798666196816,0.3608,0.0,0.6384,0.0008,0.0008,0.6392,0.0,4,2,4,1,81.534,92.0,112.0,85.81866666666667,28.839333333333332,382.0876666666667,1320,-0.0275864598589605,0.26710266634009266,-0.04358865876882456,0.2511004674302286
I7_Quiescent_Continuous_State,1315,O_ALL,RECURRENT,BOTH,0.16717853904816166,0.0,0.0,0.0,1.0,4.0,1.0,0.3045,0,0,0,0,131.416,132.0,132.0,83.292,56.052,410.518,1384,-0.0768967095559127,0.2716922081033721,-0.07061331692859497,0.2779756007306898
I8_Quiescent_Discrete_Delay,1315,T1,LAG,LAG,0.5534764744243992,0.0,1.0,0.0,0.0,3.64,0.0,0.0,4,0,0,0,89.01166666666667,98.0,98.0,86.27333333333333,51.116,360.058,1336,-0.14275843657102277,-0.0009389537822223314,-0.1426847484178957,-0.0008652656290952319
I8_Quiescent_Discrete_Delay,1315,T1R,LAG,LAG,0.5576142734397886,0.0,1.0,0.0,0.0,3.5734,0.0,0.0,4,0,0,0,88.45666666666666,98.0,98.0,86.26533333333333,50.666,359.833,1336,-0.16708119993788675,-0.0009389537822223314,-0.16700751178475967,-0.0008652656290952319
I8_Quiescent_Discrete_Delay,1315,T2,LAG,LAG,0.5426798751170532,0.0,1.0,0.0,0.0,3.5742,0.0,0.0,4,0,0,0,88.46333333333334,98.0,98.0,86.09066666666666,50.584,359.792,1336,-0.16342413589763075,-0.0009389537822223314,-0.16335044774450364,-0.0008652656290952319
I8_Quiescent_Discrete_Delay,1315,T3,LAG,NONE,0.20000491767245995,0.5084,0.4916,0.0,0.0,1.7882,0.0,0.0,9,0,5,0,72.895,98.0,98.0,87.27766666666666,40.236666666666665,354.61833333333334,1336,0.22242704663966956,-0.0009389537822223314,0.2225007347927967,-0.0008652656290952319
I8_Quiescent_Discrete_Delay,1315,O_ALL,LAG,BOTH,0.5623027221994187,0.0,0.0,0.0,1.0,4.0,1.0,0.9756666666666667,0,0,0,0,131.366,132.0,132.0,84.65933333333334,56.690666666666665,410.83733333333333,1384,-0.21863649320363795,0.0013881777168706173,-0.21858487943795704,0.0014397914825515314
I9_Hybrid_Delay_Plus_Latent_State,1315,T1,BOTH,BOTH,0.34174562334042263,0.0,0.0,0.0,1.0,3.992,1.0,0.0003333333333333333,4,1,0,0,126.49833333333333,132.0,132.0,87.19166666666666,54.51,409.275,1384,-0.08621066198786513,0.2732195276184766,-0.13275104337434618,0.22667914623199564
I9_Hybrid_Delay_Plus_Latent_State,1315,T1R,BOTH,BOTH,0.33760003325687227,0.0,0.0,0.0,1.0,3.8278,1.0,0.006166666666666667,4,1,0,0,124.345,132.0,132.0,87.226,52.836,408.598,1384,-0.12685133854847022,0.28157154740811885,-0.147438897171621,0.2609839887849681
I9_Hybrid_Delay_Plus_Latent_State,1315,T2,BOTH,BOTH,0.14312939241974645,0.0,0.0,0.0,1.0,4.0,1.0,0.0033333333333333335,4,1,0,0,127.88833333333334,132.0,132.0,87.13833333333334,55.504,409.932,1384,0.33896613659963637,0.16304296218364414,0.3420091783547315,0.16608600393873932
I9_Hybrid_Delay_Plus_Latent_State,1315,T3,BOTH,BOTH,0.16368824620494596,0.0,0.0174,0.111,0.8716,3.3904,0.9826,0.0,11,3,7,2,118.99366666666667,132.0,132.0,87.517,50.032,405.7,1384,0.29153689227590596,0.1583965308685182,0.30691702622402667,0.17377666481663898
I9_Hybrid_Delay_Plus_Latent_State,1315,O_ALL,BOTH,BOTH,0.36089394900542376,0.0,0.0,0.0,1.0,4.0,1.0,0.04883333333333333,0,0,0,0,131.51933333333332,132.0,132.0,86.358,57.658,411.321,1384,-0.15092723584918696,0.14789908608818883,-0.1813570001731428,0.11746932176423303
I10_Redundant_Temporal_Structure,1315,T1,REDUNDANT,BOTH,0.2691393044942949,0.0,0.0,0.0,1.0,4.0,1.0,0.0,4,1,0,0,130.26833333333335,132.0,132.0,87.34733333333334,57.436,410.738,1384,-0.1753287087311749,2.6842963714314103,-0.14242061442286627,2.717204465739719
I10_Redundant_Temporal_Structure,1315,T1R,REDUNDANT,BOTH,0.23965240230147944,0.0,0.0,0.0,1.0,4.0,1.0,0.0,4,1,0,0,130.49166666666667,132.0,132.0,87.29533333333333,57.50066666666667,410.93033333333335,1384,0.15118153403342147,2.0318254069361705,-0.015826368136103643,1.8648175047666458
I10_Redundant_Temporal_Structure,1315,T2,REDUNDANT,BOTH,0.5157643453371934,0.0,0.0,0.0,1.0,4.0,1.0,0.0065,4,1,0,0,130.19333333333333,132.0,132.0,87.22466666666666,57.224,410.792,1384,-0.25890161609638673,0.5415697215711253,-0.2639439364385462,0.5365274012289657
I10_Redundant_Temporal_Structure,1315,T3,REDUNDANT,RECURRENT,0.4306796073305881,0.013,0.004,0.9458,0.0372,0.057,0.983,0.0,20,9,20,8,91.79333333333334,92.0,132.0,89.33266666666667,30.944,396.892,1320,-0.07805751278752682,0.5309100098882213,-0.09012703310644717,0.5188404895693011
I10_Redundant_Temporal_Structure,1315,O_ALL,REDUNDANT,BOTH,0.5171229687494466,0.0,0.0,0.0,1.0,4.0,1.0,0.013833333333333333,0,0,0,0,131.766,132.0,132.0,87.102,58.218,411.601,1384,-0.1825327237972126,0.5445137728918813,-0.19631689718019432,0.5307295995088996
I11_Regime_Switch_Delay_To_Latent,1315,T1,SWITCH_DELAY_TO_LATENT,BOTH,0.27226196559586524,0.0,0.4518,0.0,0.5482,3.7524,0.5482,0.0,4,1,0,0,106.99333333333334,132.0,132.0,86.86233333333334,53.17466666666667,383.00733333333335,1384,-0.09597982730418882,0.19963907189164312,-0.09862694860259434,0.1969919505932376
I11_Regime_Switch_Delay_To_Latent,1315,T1R,SWITCH_DELAY_TO_LATENT,BOTH,0.2737415677237114,0.0,0.4522,0.0,0.5478,3.799,0.5478,0.0,4,1,0,0,107.36366666666666,132.0,132.0,86.743,53.42,383.114,1384,-0.09969715595965938,0.2006484852828618,-0.09950512611457854,0.20084051512794263
I11_Regime_Switch_Delay_To_Latent,1315,T2,SWITCH_DELAY_TO_LATENT,BOTH,0.30579036940420135,0.0,0.4652,0.0,0.5348,4.0,0.5348,0.0,4,1,0,0,109.20533333333333,132.0,132.0,86.55433333333333,55.086,383.427,1384,-0.0854335895197361,0.10683241627072647,-0.08748692093525894,0.10477908485520368
I11_Regime_Switch_Delay_To_Latent,1315,T3,SWITCH_DELAY_TO_LATENT,RECURRENT,0.2087034699554143,0.2764,0.1888,0.528,0.0068,0.5156,0.5348,0.0,13,1,13,0,77.61033333333333,92.0,102.0,88.36433333333333,33.15266666666667,372.4603333333333,1320,0.020384490238360052,0.10721395085591484,0.025908067078110643,0.11273752769566545
I11_Regime_Switch_Delay_To_Latent,1315,O_ALL,SWITCH_DELAY_TO_LATENT,BOTH,0.304825203129958,0.0,0.0,0.0,1.0,4.0,1.0,0.514,0,0,0,0,131.216,132.0,132.0,85.71133333333333,57.096666666666664,411.0403333333333,1384,-0.11561659054631597,0.10656816467563243,-0.11766168264406995,0.10452307257787849
I12_Regime_Switch_Latent_To_Delay,1315,T1,SWITCH_LATENT_TO_DELAY,BOTH,0.3087502815204562,0.0,0.0,0.0,1.0,4.0,1.0,0.49283333333333335,4,1,0,0,130.06333333333333,132.0,132.0,86.66666666666667,56.93533333333333,410.48766666666666,1384,-0.10236315511140229,0.2612579706110269,-0.10606473178220852,0.2575563939402208
I12_Regime_Switch_Latent_To_Delay,1315,T1R,SWITCH_LATENT_TO_DELAY,BOTH,0.30692073922392005,0.0,0.0,0.0,1.0,3.9536,1.0,0.49416666666666664,4,1,0,0,127.64,132.0,132.0,86.59666666666666,54.874,409.617,1384,-0.07418232544446805,0.267693916933345,-0.07947032753011485,0.2624059148476982
I12_Regime_Switch_Latent_To_Delay,1315,T2,SWITCH_LATENT_TO_DELAY,BOTH,0.32798637585883467,0.0,0.0,0.0,1.0,3.8736,1.0,0.49466666666666664,4,1,0,0,126.68333333333334,132.0,132.0,86.334,53.97933333333334,409.16966666666667,1384,-0.11855420858555041,0.14557153156277963,-0.11871644751192718,0.14540929263640281
I12_Regime_Switch_Latent_To_Delay,1315,T3,SWITCH_LATENT_TO_DELAY,LAG,0.15872507178699738,0.1304,0.4694,0.4,0.0002,1.5252,0.4002,0.0,7,1,3,1,87.433,98.0,102.0,87.73566666666666,38.779333333333334,377.5056666666667,1336,0.22222146407563173,0.14683499296478988,0.21980546261327452,0.1444189915024327
I12_Regime_Switch_Latent_To_Delay,1315,O_ALL,SWITCH_LATENT_TO_DELAY,BOTH,0.3237892486178613,0.0,0.0,0.0,1.0,4.0,1.0,0.496,0,0,0,0,131.206,132.0,132.0,85.71133333333333,57.086666666666666,411.0353333333333,1384,-0.0997187925700621,0.14894642455304602,-0.10003589663385917,0.14862932048924893
I13_Regime_Switch_Hybrid_To_Memoryless,1315,T1,SWITCH_HYBRID_TO_NONE,BOTH,0.23705263339894556,0.0,0.0,0.0,1.0,3.992,1.0,0.49066666666666664,4,1,0,0,126.49833333333333,132.0,132.0,86.74766666666666,54.29066666666667,409.1653333333333,1384,-0.06140695979456212,0.1616276210006519,-0.06596583689025444,0.1570687439049596
I13_Regime_Switch_Hybrid_To_Memoryless,1315,T1R,SWITCH_HYBRID_TO_NONE,BOTH,0.23318921341563062,0.0,0.0,0.0,1.0,3.8278,1.0,0.49116666666666664,4,1,0,0,124.345,132.0,132.0,86.74733333333333,52.599333333333334,408.4796666666667,1368,-0.06531401316241595,0.16760856163775276,-0.06472369923973377,0.16819887556043495
I13_Regime_Switch_Hybrid_To_Memoryless,1315,T2,SWITCH_HYBRID_TO_NONE,BOTH,0.13060634012315883,0.0,0.0,0.0,1.0,4.0,1.0,0.4881666666666667,4,1,0,0,127.88833333333334,132.0,132.0,86.595,55.233333333333334,409.7966666666667,1384,0.1248349723576514,0.0979477189676578,0.1227674827377247,0.09588022934773115
I13_Regime_Switch_Hybrid_To_Memoryless,1315,T3,SWITCH_HYBRID_TO_NONE,NONE,0.14506702130929688,0.585,0.0142,0.111,0.2898,1.0504,0.4008,0.0,11,2,11,2,83.02166666666666,132.0,132.0,88.26366666666667,36.322,375.581,1272,0.09640671802792375,0.09484649337599366,0.09419253812496613,0.09263231347303606
I13_Regime_Switch_Hybrid_To_Memoryless,1315,O_ALL,SWITCH_HYBRID_TO_NONE,BOTH,0.24759768518274888,0.0,0.0,0.0,1.0,4.0,1.0,0.5293333333333333,0,0,0,0,131.51933333333332,132.0,132.0,85.89133333333334,57.43,411.207,1384,-0.10656320933557133,0.09084570866452511,-0.1168218867598718,0.08058703124022468
I14_Intermittent_Hybrid,1315,T1,INTERMITTENT,BOTH,0.22373848873783347,0.0,0.0,0.0,1.0,3.9726,1.0,0.25383333333333336,4,1,0,0,127.56,132.0,132.0,86.53866666666667,54.876,409.458,1384,-0.06082637282400827,0.2959550367045001,-0.07602823346997475,0.28075317605853356
I14_Intermittent_Hybrid,1315,T1R,INTERMITTENT,BOTH,0.2193539502560892,0.0,0.0,0.0,1.0,4.0,1.0,0.23533333333333334,4,1,0,0,129.17433333333332,132.0,132.0,86.42,56.02,410.182,1384,-0.08965311965388083,0.3107155994498211,-0.07584904966607242,0.3245196694376295
I14_Intermittent_Hybrid,1315,T2,INTERMITTENT,BOTH,0.2544004885074973,0.0,0.0,0.0,1.0,3.9978,1.0,0.29583333333333334,4,1,0,0,128.40933333333334,132.0,132.0,86.256,55.327333333333335,409.83566666666667,1384,-0.08155756777080206,0.1519055965584638,-0.0826899167788477,0.15077324755041818
I14_Intermittent_Hybrid,1315,T3,INTERMITTENT,RECURRENT,0.21644648387766732,0.3898,0.0048,0.5994,0.006,0.015,0.6054,0.0,7,3,7,3,78.91766666666666,92.0,112.0,88.58033333333333,30.331333333333333,378.97766666666666,1272,-0.04465036932543293,0.15046550002346795,-0.04339196773018518,0.1517239016187157
I14_Intermittent_Hybrid,1315,O_ALL,INTERMITTENT,BOTH,0.272684214905811,0.0,0.0,0.0,1.0,5.0,1.0,0.30266666666666664,0,0,0,0,141.00266666666667,142.0,142.0,85.69266666666667,64.89533333333334,414.93966666666665,1400,-0.11919668871600131,0.1556670039853006,-0.11484690651731815,0.16001678618398374
I1_Memoryless_Linear,1316,T1,NONE,NONE,0.11959089107625838,1.0,0.0,0.0,0.0,0.0,0.0,0.0,0,0,0,0,58.0,58.0,58.0,75.51766666666667,23.27,346.135,1224,-0.008195761565624933,0.004757781042817586,-0.007991369701945554,0.004962172906496966
I1_Memoryless_Linear,1316,T1R,NONE,RECURRENT,0.12040223634098504,0.0,0.0,1.0,0.0,0.0,1.0,0.0,0,1,0,0,91.67133333333334,92.0,92.0,74.86566666666667,22.87,393.471,1272,-0.008998802081349979,0.018844257681370453,-0.007273325140760806,0.02056973462195962
I1_Memoryless_Linear,1316,T2,NONE,RECURRENT,0.11965282388441782,0.0,0.0,1.0,0.0,0.0,1.0,0.0,0,1,0,0,91.67133333333334,92.0,92.0,75.51766666666667,23.27,393.671,1272,-0.008195761565624933,0.003784148402366781,-0.007818811886453855,0.004161098081537861
I1_Memoryless_Linear,1316,T3,NONE,NONE,0.11959089107625838,1.0,0.0,0.0,0.0,0.0,0.0,0.0,0,0,0,0,58.0,58.0,58.0,75.51766666666667,23.27,346.135,1224,-0.008195761565624933,0.004757781042817586,-0.007991369701945554,0.004962172906496966
I1_Memoryless_Linear,1316,O_ALL,NONE,BOTH,0.14047936794230884,0.0,0.0,0.0,1.0,3.8416,1.0,0.9741666666666666,0,0,0,0,125.626,132.0,132.0,68.04733333333333,43.83866666666667,404.41133333333335,1336,-0.028544713559005248,0.004329246384519382,-0.02823081198429424,0.004643147959230391
I2_Static_Nonlinear_Negative_Control,1316,T1,NONE,LAG,1.1877476232661706,0.0,0.8526,0.0,0.1474,3.8118,0.1474,0.08066666666666666,4,1,0,0,95.12066666666666,132.0,132.0,87.12266666666666,52.99133333333333,366.88366666666667,1384,-0.2149773331241126,-0.007998820811267805,-0.21085085548436414,-0.0038723431715192574
I2_Static_Nonlinear_Negative_Control,1316,T1R,NONE,LAG,1.170519925032718,0.0,0.6536,0.0,0.3464,3.6238,0.3464,0.012666666666666666,4,1,0,0,99.06733333333334,132.0,132.0,86.92733333333334,51.548,374.122,1384,-0.1781473967045037,0.20387791316778225,-0.15422275027971755,0.22780255959256843
I2_Static_Nonlinear_Negative_Control,1316,T2,NONE,LAG,1.1868698791647505,0.0,0.8526,0.0,0.1474,3.872,0.1474,0.11766666666666667,4,1,0,0,95.969,132.0,132.0,86.89066666666666,53.553333333333335,367.1646666666667,1384,-0.20805049846940654,-0.005886346387676411,-0.2049703826234485,-0.0028062305417183584
I2_Static_Nonlinear_Negative_Control,1316,T3,NONE,NONE,0.9740521392420234,0.9912,0.0088,0.0,0.0,0.009,0.0,0.0,11,0,11,0,58.075,58.0,78.0,88.88433333333333,30.423333333333332,349.71166666666664,1272,-0.0745218189951615,-0.003640712797722746,-0.074108249126364,-0.003227142928925244
I2_Static_Nonlinear_Negative_Control,1316,O_ALL,NONE,BOTH,1.1633896150240615,0.0,0.0,0.0,1.0,4.0,1.0,0.9408333333333333,0,0,0,0,131.681,132.0,132.0,86.29266666666666,57.75866666666667,411.3713333333333,1384,-0.23499325546495448,0.002749339816902012,-0.23371464964879157,0.004027945633064912
I3_Single_Exact_Delay,1316,T1,LAG,LAG,0.5560832730206113,0.0,1.0,0.0,0.0,4.0,0.0,0.0,4,0,0,0,95.47,98.0,98.0,87.196,56.514,362.757,1336,-0.1797717855545632,0.009617034962955856,-0.17865300854251673,0.01073581197500231
I3_Single_Exact_Delay,1316,T1R,LAG,BOTH,0.5572746818110158,0.0,0.0,0.0,1.0,4.0,1.0,0.79,4,1,0,0,129.10166666666666,132.0,132.0,87.122,56.36,410.36,1384,-0.1693340247339319,0.01591418008129391,-0.16874393360471301,0.01650427121051277
I3_Single_Exact_Delay,1316,T2,LAG,BOTH,0.5442828852216343,0.0,0.0,0.0,1.0,4.0,1.0,0.9643333333333334,4,1,0,0,129.26333333333332,132.0,132.0,87.09,56.476,410.418,1384,-0.16407403089979822,0.009874057630457832,-0.163750212869743,0.010197875660513087
I3_Single_Exact_Delay,1316,T3,LAG,LAG,0.13244331645158167,0.0,1.0,0.0,0.0,4.0,0.0,0.0,4,0,0,0,95.37833333333333,98.0,98.0,87.14233333333334,56.504666666666665,362.75233333333335,1336,0.6495603406993044,0.009430112255567755,0.6491034233345315,0.008973194890794838
I3_Single_Exact_Delay,1316,O_ALL,LAG,BOTH,0.5702554202718084,0.0,0.0,0.0,1.0,5.0,1.0,0.9726666666666667,0,0,0,0,141.69433333333333,142.0,142.0,86.776,65.98133333333334,415.48266666666666,1400,-0.21731917806635107,0.009533092795601775,-0.21627589690810117,0.01057637395385166
I4_Multi_Sparse_Delay,1316,T1,LAG,BOTH,0.764112629583074,0.0,0.0,0.0,1.0,4.0,1.0,0.19883333333333333,4,1,0,0,130.75666666666666,132.0,132.0,87.27366666666667,57.804,410.922,1384,-0.35395685494696266,0.03314853850922649,-0.3340063452249856,0.05309904823120348
I4_Multi_Sparse_Delay,1316,T1R,LAG,BOTH,0.7641081358664134,0.0,0.0,0.0,1.0,4.0,1.0,0.1985,4,1,0,0,130.85166666666666,132.0,132.0,87.235,57.76733333333333,411.0636666666667,1384,-0.3528117267991573,0.03265105026962436,-0.3330874079134978,0.05237536915528386
I4_Multi_Sparse_Delay,1316,T2,LAG,BOTH,0.7567807892311499,0.0,0.0,0.0,1.0,4.0,1.0,0.472,4,1,0,0,130.87166666666667,132.0,132.0,87.289,57.812,411.086,1384,-0.36101591839767855,-0.013745369531562818,-0.34533963591915434,0.0019309129469613955
I4_Multi_Sparse_Delay,1316,T3,LAG,NONE,0.5906777086513305,0.6392,0.224,0.0668,0.07,1.107,0.1368,0.0,33,16,33,16,74.51366666666667,112.0,132.0,88.81466666666667,37.10333333333333,363.03566666666666,1272,0.02608075499590195,0.001979781987543898,0.029380015859520926,0.005279042851162884
I4_Multi_Sparse_Delay,1316,O_ALL,LAG,BOTH,0.7564293651715974,0.0,0.0,0.0,1.0,4.0,1.0,0.46366666666666667,0,0,0,0,131.741,132.0,132.0,87.11066666666666,58.20933333333333,411.5966666666667,1384,-0.2875073957676218,-0.011734810313513758,-0.2737784066829852,0.0019941787711228423
I5_Moving_Delay_Support,1316,T1,LAG,BOTH,0.5503212570387878,0.0,0.0,0.0,1.0,4.0,1.0,0.6161666666666666,4,1,0,0,129.99833333333333,132.0,132.0,87.13433333333333,57.132,410.586,1384,-0.20258222841623416,0.020654839556208702,-0.1969635208432276,0.026273547129215268
I5_Moving_Delay_Support,1316,T1R,LAG,BOTH,0.5460546500717101,0.0,0.0,0.0,1.0,4.0,1.0,0.6243333333333333,4,1,0,0,130.297,132.0,132.0,87.03566666666667,57.28933333333333,410.72866666666664,1384,-0.19116881003294905,0.01852648697426606,-0.19363343613235898,0.01606186087485614
I5_Moving_Delay_Support,1316,T2,LAG,BOTH,0.5327323843205788,0.0,0.0,0.0,1.0,4.0,1.0,0.9738333333333333,4,1,0,0,130.48533333333333,132.0,132.0,87.03966666666666,57.43866666666667,410.80333333333334,1384,-0.16141311978859726,0.0035172760029808527,-0.1606965893486534,0.004233806442924688
I5_Moving_Delay_Support,1316,T3,LAG,NONE,0.4464232985597879,0.9804,0.0196,0.0,0.0,0.0226,0.0,0.0,18,1,18,1,58.91833333333334,68.0,102.0,88.973,30.688,350.444,1272,-0.06852879117082322,0.004988597401419031,-0.0677673609669966,0.0057500276052456605
I5_Moving_Delay_Support,1316,O_ALL,LAG,BOTH,0.5425964484735089,0.0,0.0,0.0,1.0,4.0,1.0,0.9763333333333334,0,0,0,0,131.70766666666665,132.0,132.0,86.74066666666667,58.002,411.493,1384,-0.19255026543997814,0.0034905575563195,-0.1902164063381883,0.005824416658109386
I6_Continuous_Latent_State,1316,T1,RECURRENT,BOTH,0.10082911479806649,0.0,0.0,0.0,1.0,3.944,1.0,0.0,4,1,0,0,128.15,132.0,132.0,86.654,55.404666666666664,409.7223333333333,1384,-0.04401652340861865,0.5832902868581038,-0.04077066454808263,0.5865361457186399
I6_Continuous_Latent_State,1316,T1R,RECURRENT,BOTH,0.09973439945386221,0.0,0.0,0.0,1.0,3.9432,1.0,0.0,4,1,0,0,128.255,132.0,132.0,86.54133333333333,55.342666666666666,409.85133333333334,1384,-0.02816950080410867,0.594017545509048,-0.03703190036038059,0.5851551459527761
I6_Continuous_Latent_State,1316,T2,RECURRENT,BOTH,0.15662584874090185,0.0,0.0,0.0,1.0,4.0,1.0,0.0,4,1,0,0,130.19166666666666,132.0,132.0,86.582,56.908,410.634,1384,-0.05910203108262851,0.3604643119543022,-0.04832909069442419,0.37123725234250654
I6_Continuous_Latent_State,1316,T3,RECURRENT,RECURRENT,0.13107290652918738,0.0,0.0,0.9984,0.0016,0.0016,1.0,0.0,2,1,2,0,91.74666666666667,92.0,102.0,88.96866666666666,30.45,397.325,1320,-0.03346092324886345,0.3618327417634202,-0.06090180308241251,0.3343918619298711
I6_Continuous_Latent_State,1316,O_ALL,RECURRENT,BOTH,0.15734000773190104,0.0,0.0,0.0,1.0,4.0,1.0,0.0,0,0,0,0,131.776,132.0,132.0,86.51933333333334,57.948,411.466,1384,-0.06333428043771884,0.36156840534344736,-0.06723431167686394,0.35766837410430224
I7_Quiescent_Continuous_State,1316,T1,RECURRENT,BOTH,0.10445521226501701,0.0,0.0,0.0,1.0,3.944,1.0,0.3115,4,1,0,0,128.15,132.0,132.0,82.48333333333333,53.327333333333335,408.6836666666667,1384,-0.03839623003977688,0.40121493539443776,-0.03448726756447649,0.40512389786973824
I7_Quiescent_Continuous_State,1316,T1R,RECURRENT,BOTH,0.10367615681999393,0.0,0.0,0.0,1.0,3.9432,1.0,0.31133333333333335,4,1,0,0,128.255,132.0,132.0,84.50933333333333,54.330666666666666,409.3453333333333,1384,-0.03235091947487596,0.41085747121946786,-0.03943745849641494,0.40377093219792887
I7_Quiescent_Continuous_State,1316,T2,RECURRENT,BOTH,0.16380942379266997,0.0,0.0,0.0,1.0,4.0,1.0,0.31933333333333336,4,1,0,0,130.19166666666666,132.0,132.0,84.18533333333333,55.714,410.037,1384,-0.0631461014568045,0.24703309195622206,-0.058316967183284385,0.2518622262297422
I7_Quiescent_Continuous_State,1316,T3,RECURRENT,RECURRENT,0.12205918005372852,0.3806,0.0024,0.617,0.0,0.0024,0.617,0.0,2,2,2,1,80.90166666666667,92.0,102.0,87.40766666666667,29.662666666666667,381.61133333333333,1320,-0.037351703066163144,0.24289786031007382,-0.04837119476014101,0.23187836861609593
I7_Quiescent_Continuous_State,1316,O_ALL,RECURRENT,BOTH,0.1642059397112175,0.0,0.0,0.0,1.0,4.0,1.0,0.32183333333333336,0,0,0,0,131.776,132.0,132.0,83.64333333333333,56.51466666666666,410.7493333333333,1384,-0.07499702929664588,0.24665245510104739,-0.07655517688781766,0.24509430750987568
I8_Quiescent_Discrete_Delay,1316,T1,LAG,LAG,0.5854372020581018,0.0,1.0,0.0,0.0,4.0,0.0,0.0,4,0,0,0,95.47,98.0,98.0,85.48866666666666,55.665333333333336,362.3326666666667,1336,-0.18193913750777807,0.010080262222464336,-0.1810569521159674,0.010962447614275011
I8_Quiescent_Discrete_Delay,1316,T1R,LAG,BOTH,0.5994269211502994,0.0,0.0,0.0,1.0,4.0,1.0,0.7181666666666666,4,1,0,0,129.10166666666666,132.0,132.0,85.80466666666666,55.70733333333333,410.03366666666665,1384,-0.18240203241429054,0.022852550332429635,-0.18122077257829333,0.024033810168426824
I8_Quiescent_Discrete_Delay,1316,T2,LAG,BOTH,0.5769774066316207,0.0,0.0,0.0,1.0,4.0,1.0,0.9643333333333334,4,1,0,0,129.26333333333332,132.0,132.0,85.63933333333334,55.756,410.058,1384,-0.1747808067345479,0.009879188355585159,-0.174457406319973,0.010202588770160032
I8_Quiescent_Discrete_Delay,1316,T3,LAG,LAG,0.1698092985873665,0.4378,0.5622,0.0,0.0,2.1,0.0,0.0,8,0,4,0,79.545,98.0,98.0,87.358,45.082,357.041,1336,0.3575701405248156,0.009430112255567755,0.3571132231600427,0.008973194890794838
I8_Quiescent_Discrete_Delay,1316,O_ALL,LAG,BOTH,0.6538282381339869,0.0,0.0,0.0,1.0,5.0,1.0,0.973,0,0,0,0,141.69433333333333,142.0,142.0,85.646,65.41933333333333,415.20166666666665,1400,-0.2516838203088899,0.009538658249247942,-0.25064240511530383,0.010580073442833985
I9_Hybrid_Delay_Plus_Latent_State,1316,T1,BOTH,BOTH,0.3432008432657547,0.0,0.0,0.0,1.0,4.0,1.0,0.0028333333333333335,4,1,0,0,129.93333333333334,132.0,132.0,86.98133333333334,56.98866666666667,410.51433333333335,1384,-0.1430730163420381,0.2667606096332733,-0.14440216785837467,0.2654314581169367
I9_Hybrid_Delay_Plus_Latent_State,1316,T1R,BOTH,BOTH,0.34338584033158803,0.0,0.0,0.0,1.0,4.0,1.0,0.002,4,1,0,0,129.65833333333333,132.0,132.0,86.747,56.56666666666667,410.4633333333333,1384,-0.14725495267680216,0.2644624125043624,-0.13743328206188685,0.2742840831192777
I9_Hybrid_Delay_Plus_Latent_State,1316,T2,BOTH,BOTH,0.3671490652587749,0.0,0.0,0.0,1.0,4.0,1.0,0.0605,4,1,0,0,129.65333333333334,132.0,132.0,87.01066666666667,56.688,410.524,1368,-0.16241841236799015,0.1299682863694136,-0.15210344306465418,0.14028325567274957
I9_Hybrid_Delay_Plus_Latent_State,1316,T3,BOTH,RECURRENT,0.31441962274188884,0.1264,0.0,0.8576,0.016,0.016,0.8736,0.0,10,7,10,6,87.85233333333333,92.0,102.0,89.112,30.61,391.653,1320,-0.07401667163224131,0.13383976289276064,-0.07700906962242522,0.13084736490257673
I9_Hybrid_Delay_Plus_Latent_State,1316,O_ALL,BOTH,BOTH,0.390213421564518,0.0,0.0,0.0,1.0,5.0,1.0,0.06533333333333333,0,0,0,0,141.65933333333334,142.0,142.0,86.73866666666666,65.928,415.456,1384,-0.20960100270707635,0.1346193853533994,-0.20848524093888043,0.13573514712159526
I10_Redundant_Temporal_Structure,1316,T1,REDUNDANT,BOTH,0.2638020955542244,0.0,0.0,0.0,1.0,4.0,1.0,0.0,4,1,0,0,130.7,132.0,132.0,87.37933333333334,57.800666666666665,410.92033333333336,1384,-0.1468087181688318,2.786918668992669,-0.16662526102638847,2.767102126135112
I10_Redundant_Temporal_Structure,1316,T1R,REDUNDANT,BOTH,0.2642905147887113,0.0,0.0,0.0,1.0,4.0,1.0,0.0,4,1,0,0,130.89166666666668,132.0,132.0,87.35066666666667,57.846,411.103,1384,-0.1252593115682102,2.7311816146656716,-0.17863167905386224,2.67780924718002
I10_Redundant_Temporal_Structure,1316,T2,REDUNDANT,BOTH,0.5018366930897736,0.0,0.0,0.0,1.0,4.0,1.0,0.0,4,1,0,0,130.71166666666667,132.0,132.0,87.38466666666666,57.712,411.036,1384,-0.2584431230398146,0.5363491999761251,-0.2700001269353879,0.5247921960805518
I10_Redundant_Temporal_Structure,1316,T3,REDUNDANT,RECURRENT,0.4068902731474569,0.0018,0.0634,0.6792,0.2556,0.9788,0.9348,0.0,36,20,32,19,98.001,132.0,132.0,88.852,36.086,397.495,1384,0.1242990041512945,0.5227721672824059,0.009365027144893531,0.407838190276005
I10_Redundant_Temporal_Structure,1316,O_ALL,REDUNDANT,BOTH,0.5051460746780354,0.0,0.0,0.0,1.0,4.0,1.0,0.0,0,0,0,0,131.83933333333334,132.0,132.0,87.22933333333333,58.346666666666664,411.6653333333333,1384,-0.23498971428772747,0.5383817444333245,-0.23146415127232514,0.5419073074487268
I11_Regime_Switch_Delay_To_Latent,1316,T1,SWITCH_DELAY_TO_LATENT,BOTH,0.11346711787285824,0.0,0.4882,0.0,0.5118,3.7444,0.5118,0.0,4,1,0,0,107.55533333333334,132.0,132.0,81.07633333333334,51.48533333333334,380.70666666666665,1384,0.2851273215941976,0.22028260560767413,0.2771056061870107,0.21226089020048722
I11_Regime_Switch_Delay_To_Latent,1316,T1R,SWITCH_DELAY_TO_LATENT,BOTH,0.11443283884942793,0.0,0.488,0.0,0.512,3.9866,0.512,0.0,4,1,0,0,109.571,132.0,132.0,86.85766666666666,55.968,382.956,1384,0.2863891739006094,0.21875580168727632,0.2780336096930306,0.2104002374796975
I11_Regime_Switch_Delay_To_Latent,1316,T2,SWITCH_DELAY_TO_LATENT,LAG,0.16492232487474745,0.0,0.5334,0.0,0.4666,4.0,0.4666,0.0,4,1,0,0,109.25133333333333,132.0,132.0,86.89966666666666,56.760666666666665,381.53633333333335,1384,0.2671488429375239,0.11272658669108362,0.25971389253259813,0.10529163628615783
I11_Regime_Switch_Delay_To_Latent,1316,T3,SWITCH_DELAY_TO_LATENT,RECURRENT,0.14595468765607092,0.0918,0.4418,0.4664,0.0,1.6934,0.4664,0.0,7,1,7,0,89.91566666666667,98.0,98.0,87.70766666666667,43.211333333333336,374.7536666666667,1320,0.29845777126841594,0.1137169974183616,0.29201630969040243,0.10727553584034803
I11_Regime_Switch_Delay_To_Latent,1316,O_ALL,SWITCH_DELAY_TO_LATENT,BOTH,0.30260897250505886,0.0,0.0,0.0,1.0,4.0,1.0,0.6081666666666666,0,0,0,0,131.82266666666666,132.0,132.0,86.52933333333333,57.99,411.487,1384,-0.14762099644703403,0.0989963938762577,-0.14269232855516795,0.10392506176812377
I12_Regime_Switch_Latent_To_Delay,1316,T1,SWITCH_LATENT_TO_DELAY,BOTH,0.32644532993721703,0.0,0.0,0.0,1.0,4.0,1.0,0.48983333333333334,4,1,0,0,129.05333333333334,132.0,132.0,86.88733333333333,56.23733333333333,410.13866666666667,1384,-0.08052600795396782,0.23209240339051476,-0.07367799383778705,0.2389404175066956
I12_Regime_Switch_Latent_To_Delay,1316,T1R,SWITCH_LATENT_TO_DELAY,BOTH,0.32856709025796826,0.0,0.0,0.0,1.0,3.943,1.0,0.48833333333333334,4,1,0,0,128.24666666666667,132.0,132.0,86.644,55.38666666666666,409.87333333333333,1384,-0.10317710692216592,0.23665075820040385,-0.09645412823175495,0.24337373689081473
I12_Regime_Switch_Latent_To_Delay,1316,T2,SWITCH_LATENT_TO_DELAY,BOTH,0.34863227448704465,0.0,0.0,0.0,1.0,3.9452,1.0,0.49183333333333334,4,1,0,0,129.075,132.0,132.0,86.51066666666667,55.97866666666667,410.1693333333333,1384,-0.11102315609019908,0.13390763315911694,-0.10675852774112779,0.13817226150818823
I12_Regime_Switch_Latent_To_Delay,1316,T3,SWITCH_LATENT_TO_DELAY,NONE,0.2903100014403818,0.5694,0.0232,0.4058,0.0016,0.026,0.4074,0.0,16,1,16,1,75.16533333333334,92.0,102.0,88.84533333333333,30.49266666666667,373.6503333333333,1272,-0.03494214485604576,0.13542699580954098,-0.04187596421961749,0.12849317644596928
I12_Regime_Switch_Latent_To_Delay,1316,O_ALL,SWITCH_LATENT_TO_DELAY,BOTH,0.3647926030083236,0.0,0.0,0.0,1.0,5.0,1.0,0.4885,0,0,0,0,141.68433333333334,142.0,142.0,86.294,65.73333333333333,415.3586666666667,1400,-0.13803887082380495,0.1346158311785971,-0.13523246918871326,0.13742223281368876
I13_Regime_Switch_Hybrid_To_Memoryless,1316,T1,SWITCH_HYBRID_TO_NONE,BOTH,0.2440000768119976,0.0,0.0,0.0,1.0,4.0,1.0,0.49483333333333335,4,1,0,0,129.93333333333334,132.0,132.0,85.68266666666666,56.34733333333333,410.1936666666667,1352,-0.0786989648718103,0.14103950674089694,-0.08339175157841143,0.13634672003429582
I13_Regime_Switch_Hybrid_To_Memoryless,1316,T1R,SWITCH_HYBRID_TO_NONE,BOTH,0.2417875735851799,0.0,0.0,0.0,1.0,4.0,1.0,0.49533333333333335,4,1,0,0,129.65833333333333,132.0,132.0,85.539,55.96666666666667,410.16333333333336,1352,-0.08027923551001927,0.141464081508875,-0.0867807943717038,0.13496252264719044
I13_Regime_Switch_Hybrid_To_Memoryless,1316,T2,SWITCH_HYBRID_TO_NONE,BOTH,0.25446222408247654,0.0,0.0,0.0,1.0,4.0,1.0,0.5305,4,1,0,0,129.65333333333334,132.0,132.0,85.31866666666667,55.85066666666667,410.1053333333333,1336,-0.0883186177514534,0.06546456102813966,-0.08914574359982481,0.06463743517976826
I13_Regime_Switch_Hybrid_To_Memoryless,1316,T3,SWITCH_HYBRID_TO_NONE,NONE,0.21589330967105486,0.6626,0.0,0.33,0.0074,0.0074,0.3374,0.0,6,3,6,3,72.594,92.0,102.0,87.61066666666666,29.822,369.819,1240,-0.04998148414691324,0.06872574412290001,-0.04704520202158157,0.07166202624823169
I13_Regime_Switch_Hybrid_To_Memoryless,1316,O_ALL,SWITCH_HYBRID_TO_NONE,BOTH,0.2669069185186239,0.0,0.0,0.0,1.0,5.0,1.0,0.5353333333333333,0,0,0,0,141.65933333333334,142.0,142.0,85.39066666666666,65.262,415.123,1368,-0.1412008513514443,0.06848761583034668,-0.13679768836410536,0.07289077881768559
I14_Intermittent_Hybrid,1316,T1,INTERMITTENT,BOTH,0.22861622006192353,0.0,0.0,0.0,1.0,3.9404,1.0,0.269,4,1,0,0,125.98833333333333,132.0,132.0,86.87133333333334,53.879333333333335,408.9596666666667,1368,-0.10504854219834994,0.2158354653501027,-0.09412374955424516,0.22676025799420746
I14_Intermittent_Hybrid,1316,T1R,INTERMITTENT,BOTH,0.23128575626358916,0.0,0.0,0.0,1.0,3.9826,1.0,0.2793333333333333,4,1,0,0,126.35033333333334,132.0,132.0,86.82933333333334,54.135333333333335,409.1116666666667,1368,-0.09388161661897487,0.21626181088465937,-0.09204929936203834,0.2180941281415959
I14_Intermittent_Hybrid,1316,T2,INTERMITTENT,BOTH,0.2619664971006675,0.0,0.0,0.0,1.0,3.7756,1.0,0.315,4,1,0,0,124.422,132.0,132.0,86.72333333333333,52.538666666666664,408.31333333333333,1368,-0.08042592449221769,0.12391812840224627,-0.08298984874112292,0.12135420415334103
I14_Intermittent_Hybrid,1316,T3,INTERMITTENT,RECURRENT,0.2205577233371543,0.4094,0.0,0.5904,0.0002,0.0002,0.5906,0.0,3,3,3,3,76.59666666666666,92.0,102.0,88.834,30.427333333333333,375.79366666666664,1256,-0.05138363241355835,0.1249875866386779,-0.050991212593292715,0.1253800064589435
I14_Intermittent_Hybrid,1316,O_ALL,INTERMITTENT,BOTH,0.26375872753517765,0.0,0.0,0.0,1.0,4.0,1.0,0.33866666666666667,0,0,0,0,131.74433333333334,132.0,132.0,86.38866666666667,57.858,411.421,1384,-0.07958718002421913,0.13059017275504178,-0.08884935059088203,0.12132800218837886
I1_Memoryless_Linear,1317,T1,NONE,NONE,0.11258941668190267,1.0,0.0,0.0,0.0,0.0,0.0,0.0,0,0,0,0,58.0,58.0,58.0,67.449,17.701333333333334,343.35066666666665,1240,-0.0023686533178472456,0.0006128550394456395,-0.0023686533178472456,0.0006128550394456395
I1_Memoryless_Linear,1317,T1R,NONE,NONE,0.11258941668190267,1.0,0.0,0.0,0.0,0.0,0.0,0.0,0,0,0,0,58.0,58.0,58.0,67.449,17.701333333333334,343.35066666666665,1240,-0.0023686533178472456,0.0006128550394456395,-0.0023686533178472456,0.0006128550394456395
I1_Memoryless_Linear,1317,T2,NONE,NONE,0.11258941668190267,1.0,0.0,0.0,0.0,0.0,0.0,0.0,0,0,0,0,58.0,58.0,58.0,67.449,17.701333333333334,343.35066666666665,1240,-0.0023686533178472456,0.0006128550394456395,-0.0023686533178472456,0.0006128550394456395
I1_Memoryless_Linear,1317,T3,NONE,NONE,0.11258941668190267,1.0,0.0,0.0,0.0,0.0,0.0,0.0,0,0,0,0,58.0,58.0,58.0,67.449,17.701333333333334,343.35066666666665,1240,-0.0023686533178472456,0.0006128550394456395,-0.0023686533178472456,0.0006128550394456395
I1_Memoryless_Linear,1317,O_ALL,NONE,BOTH,0.1263185195657722,0.0,0.0,0.2988,0.7012,2.18,1.0,0.5843333333333334,0,0,0,0,110.15433333333333,132.0,132.0,65.30066666666667,30.131333333333334,397.55766666666665,1352,-0.01103081422275078,0.0017327927345332677,-0.01096468620042871,0.0017989207568553374
I2_Static_Nonlinear_Negative_Control,1317,T1,NONE,LAG,1.2797033265945188,0.0,0.608,0.0,0.392,4.0,0.392,0.0585,4,1,0,0,103.31433333333334,132.0,132.0,86.763,53.99066666666667,377.1673333333333,1384,-0.20897193747741852,0.10459248591341817,-0.20286992272285503,0.11069450066798169
I2_Static_Nonlinear_Negative_Control,1317,T1R,NONE,LAG,1.280423847010687,0.0,0.604,0.0,0.396,3.76,0.396,0.15283333333333332,4,1,0,0,100.89933333333333,132.0,132.0,86.567,51.876666666666665,376.2703333333333,1384,-0.2518800174068649,0.018797522287324748,-0.2466833001100348,0.02399423958415483
I2_Static_Nonlinear_Negative_Control,1317,T2,NONE,LAG,1.2629865626748233,0.0,0.604,0.0,0.396,3.9314,0.396,0.298,4,1,0,0,102.84266666666667,132.0,132.0,86.53433333333334,53.41,377.037,1368,-0.18459262294907855,0.006669024841038162,-0.187234387097436,0.004027260692680708
I2_Static_Nonlinear_Negative_Control,1317,T3,NONE,NONE,1.0506907959027783,0.9888,0.0102,0.001,0.0,0.0122,0.001,0.0,13,1,12,1,58.138333333333335,58.0,92.0,88.46133333333333,30.222,349.651,1272,-0.07029165892987561,0.0031514998174951613,-0.07238147439567165,0.0010616843516991397
I2_Static_Nonlinear_Negative_Control,1317,O_ALL,NONE,BOTH,1.2448069702308266,0.0,0.0,0.0,1.0,4.0,1.0,0.9266666666666666,0,0,0,0,130.806,132.0,132.0,86.016,56.922666666666665,410.9533333333333,1384,-0.18660025356363988,0.007255338703224452,-0.18686136071783896,0.006994231549025362
I3_Single_Exact_Delay,1317,T1,LAG,LAG,0.08725652826320952,0.0,1.0,0.0,0.0,3.6286,0.0,0.0,7,0,3,0,92.65333333333334,98.0,98.0,75.41066666666667,48.385333333333335,358.69266666666664,1288,0.6505660615095951,-0.0015154079800107933,0.6513066194525723,-0.0007748500370334731
I3_Single_Exact_Delay,1317,T1R,LAG,LAG,0.0876770003135797,0.0,1.0,0.0,0.0,3.5918,0.0,0.0,7,0,3,0,92.32333333333334,98.0,98.0,86.58,53.68866666666667,361.34433333333334,1336,0.6490125026750059,-0.0015096285286395857,0.6497507332497421,-0.0007713979539033611
I3_Single_Exact_Delay,1317,T2,LAG,LAG,0.12534086694551833,0.0,1.0,0.0,0.0,4.0,0.0,0.0,4,0,0,0,96.17,98.0,98.0,86.576,56.75333333333333,362.87666666666667,1336,0.606988053593987,-0.0008019330333252712,0.6070644563375255,-0.0007255302897867413
I3_Single_Exact_Delay,1317,T3,LAG,LAG,0.12527095351495257,0.0,1.0,0.0,0.0,4.0,0.0,0.0,6,0,2,0,94.50666666666666,98.0,98.0,86.632,55.52733333333333,362.26366666666667,1336,0.620094454111254,-0.0008019330333252712,0.6202474519252568,-0.0006489352193224159
I3_Single_Exact_Delay,1317,O_ALL,LAG,BOTH,0.5603688235052754,0.0,0.0,0.0,1.0,5.0,1.0,0.9686666666666667,0,0,0,0,140.71266666666668,142.0,142.0,85.94066666666667,64.776,414.88,1400,-0.264244589326811,-0.0013809236641494252,-0.26491049131256633,-0.0020468256499047172
I4_Multi_Sparse_Delay,1317,T1,LAG,BOTH,0.7321224619561618,0.0,0.0,0.0,1.0,4.0,1.0,0.219,4,1,0,0,128.86566666666667,132.0,132.0,87.138,56.26866666666667,410.08233333333334,1384,-0.3235070273469276,0.11970216502543791,-0.321462156734064,0.1217470356383016
I4_Multi_Sparse_Delay,1317,T1R,LAG,BOTH,0.732961098020067,0.0,0.0,0.0,1.0,4.0,1.0,0.2355,4,1,0,0,128.86133333333333,132.0,132.0,87.11633333333333,56.254,410.083,1384,-0.3194733774237721,0.11923323629026736,-0.32396308028910453,0.11474353342493485
I4_Multi_Sparse_Delay,1317,T2,LAG,BOTH,0.7257568237604216,0.0,0.0,0.0,1.0,4.0,1.0,0.45216666666666666,4,1,0,0,128.36966666666666,132.0,132.0,87.12366666666667,55.866,409.889,1384,-0.3351258734959431,0.05929384376557961,-0.33674167007703104,0.05767804718449167
I4_Multi_Sparse_Delay,1317,T3,LAG,LAG,0.5025743215107261,0.3484,0.5194,0.109,0.0232,1.9716,0.1322,0.0,29,25,25,25,79.76866666666666,98.0,132.0,88.10966666666667,41.94866666666667,362.41833333333335,1336,0.3229670994900371,0.020480852244171174,0.28962992499793466,-0.012856322247931212
I4_Multi_Sparse_Delay,1317,O_ALL,LAG,BOTH,0.7281470675850178,0.0,0.0,0.0,1.0,4.0,1.0,0.4523333333333333,0,0,0,0,131.451,132.0,132.0,86.94333333333333,57.89266666666666,411.43833333333333,1384,-0.33893259494215944,0.04665092221177217,-0.3399834665873505,0.045600050566581125
I5_Moving_Delay_Support,1317,T1,LAG,LAG,0.5353599397532175,0.0,1.0,0.0,0.0,3.9102,0.0,0.0,4,0,0,0,91.71166666666667,98.0,98.0,86.727,53.44733333333333,361.22366666666665,1336,-0.14725401212998865,0.0008326625846541146,-0.1473196064812889,0.0007670682333538952
I5_Moving_Delay_Support,1317,T1R,LAG,LAG,0.5372823510301294,0.0,1.0,0.0,0.0,3.7658,0.0,0.0,4,0,0,0,90.19666666666667,98.0,98.0,86.70433333333334,52.22933333333334,360.61466666666666,1336,-0.1438441518461973,-0.000503274325016131,-0.14383479177432038,-0.0004939142531391694
I5_Moving_Delay_Support,1317,T2,LAG,LAG,0.5303892841967065,0.0,1.0,0.0,0.0,3.9586,0.0,0.0,4,0,0,0,92.12166666666667,98.0,98.0,86.577,53.70066666666666,361.3503333333333,1336,-0.18020222628166307,-0.00047445752048363304,-0.18002529192862152,-0.00029752316744207204
I5_Moving_Delay_Support,1317,T3,LAG,NONE,0.3932183074128203,0.8156,0.1844,0.0,0.0,0.5946,0.0,0.0,22,0,21,0,62.95333333333333,98.0,98.0,88.31466666666667,33.593333333333334,351.2966666666667,1288,0.05079521906284874,-0.00047445752048363304,0.05073965164984979,-0.0005300249334825746
I5_Moving_Delay_Support,1317,O_ALL,LAG,BOTH,0.5372731539974396,0.0,0.0,0.0,1.0,4.0,1.0,0.9781666666666666,0,0,0,0,130.63933333333333,132.0,132.0,85.64333333333333,56.605333333333334,410.79466666666667,1384,-0.20171535263874543,-0.0011453585938382585,-0.2017444105875162,-0.0011744165426090163
I6_Continuous_Latent_State,1317,T1,RECURRENT,BOTH,0.09926657245007586,0.0,0.0,0.0,1.0,4.0,1.0,0.0,4,1,0,0,128.535,132.0,132.0,86.47733333333333,55.78666666666667,409.91333333333336,1352,-0.02993933103151726,0.5767047415266351,-0.04683416605144322,0.5598099065067091
I6_Continuous_Latent_State,1317,T1R,RECURRENT,BOTH,0.09821312184140524,0.0,0.0,0.0,1.0,4.0,1.0,0.0,4,1,0,0,126.80833333333334,132.0,132.0,86.394,54.33266666666667,409.34633333333335,1352,-0.03556251418664053,0.5807683495090634,-0.04227366089402116,0.5740572028016828
I6_Continuous_Latent_State,1317,T2,RECURRENT,BOTH,0.14874044865380215,0.0,0.0,0.0,1.0,4.0,1.0,0.0,4,1,0,0,127.30833333333334,132.0,132.0,86.27766666666666,54.594,409.477,1368,0.012230363673025922,0.3437791686746977,-0.06095274452897248,0.2705960604726993
I6_Continuous_Latent_State,1317,T3,RECURRENT,RECURRENT,0.1265302298353844,0.0,0.0,0.9988,0.0012,0.0014,1.0,0.0,3,1,3,0,91.72833333333334,92.0,112.0,88.22833333333334,30.052,397.126,1304,-0.026443822037184893,0.349222423910405,-0.04353003129520737,0.3321362146523825
I6_Continuous_Latent_State,1317,O_ALL,RECURRENT,BOTH,0.15272611710981834,0.0,0.0,0.0,1.0,4.0,1.0,0.0,0,0,0,0,130.591,132.0,132.0,85.42866666666667,56.45933333333333,410.7216666666667,1368,-0.03517340918474093,0.3477717521162711,-0.0645280668771096,0.3184170944239024
I7_Quiescent_Continuous_State,1317,T1,RECURRENT,BOTH,0.11776153944848848,0.0,0.0,0.0,1.0,4.0,1.0,0.3006666666666667,4,1,0,0,128.535,132.0,132.0,84.006,54.55466666666667,409.2973333333333,1384,-0.0569715799912693,0.37501455920510646,-0.05610455271552421,0.37588158648085157
I7_Quiescent_Continuous_State,1317,T1R,RECURRENT,BOTH,0.11485854540463931,0.0,0.0,0.0,1.0,4.0,1.0,0.3011666666666667,4,1,0,0,126.80833333333334,132.0,132.0,83.96,53.11866666666667,408.7393333333333,1384,-0.04377100465883044,0.37849403300327783,-0.059247796689946716,0.36301724097216154
I7_Quiescent_Continuous_State,1317,T2,RECURRENT,BOTH,0.16301658164130095,0.0,0.0,0.0,1.0,4.0,1.0,0.3115,4,1,0,0,127.30833333333334,132.0,132.0,81.52766666666666,52.227333333333334,408.29366666666664,1384,-0.028808946614469224,0.2237789363459945,-0.0819442433792952,0.17064363958116852
I7_Quiescent_Continuous_State,1317,T3,RECURRENT,RECURRENT,0.11882540196388468,0.3722,0.0002,0.627,0.0006,0.0012,0.6276,0.0,3,4,3,3,81.17533333333333,92.0,112.0,85.007,28.408,381.408,1320,-0.027618004376707694,0.22491594759485323,-0.06807189380936383,0.18446205816219713
I7_Quiescent_Continuous_State,1317,O_ALL,RECURRENT,BOTH,0.16782263301367187,0.0,0.0,0.0,1.0,4.0,1.0,0.30866666666666664,0,0,0,0,130.591,132.0,132.0,82.39466666666667,54.94733333333333,409.96566666666666,1384,-0.05108092447288633,0.22341673482397464,-0.08011172291993471,0.19438593637692622
I8_Quiescent_Discrete_Delay,1317,T1,LAG,LAG,0.09462752513611947,0.0,1.0,0.0,0.0,4.0,0.0,0.0,4,0,0,0,95.74833333333333,98.0,98.0,74.174,50.238,359.619,1336,0.4214688680464379,-0.0015154079800107933,0.4222094259894152,-0.0007748500370334731
I8_Quiescent_Discrete_Delay,1317,T1R,LAG,LAG,0.0946273311021452,0.0,1.0,0.0,0.0,4.0,0.0,0.0,4,0,0,0,95.725,98.0,98.0,85.83866666666667,56.032,362.516,1336,0.4209415679067519,-0.0015096285286395857,0.4216797984814881,-0.0007713979539033611
I8_Quiescent_Discrete_Delay,1317,T2,LAG,LAG,0.1288734048626167,0.0,1.0,0.0,0.0,4.0,0.0,0.0,4,0,0,0,96.17,98.0,98.0,85.852,56.39333333333333,362.69666666666666,1336,0.38880521297293424,-0.0008019330333252712,0.3888816157164729,-0.0007255302897867413
I8_Quiescent_Discrete_Delay,1317,T3,LAG,NONE,0.2990045704404008,0.7374,0.2626,0.0,0.0,1.0168,0.0,0.0,13,0,13,0,69.65333333333334,98.0,98.0,86.58633333333333,37.46066666666667,353.2303333333333,1272,0.17075761696404923,-0.0008019330333252712,0.17091061477805208,-0.0006489352193224159
I8_Quiescent_Discrete_Delay,1317,O_ALL,LAG,BOTH,0.5776665173498128,0.0,0.0,0.0,1.0,5.0,1.0,0.972,0,0,0,0,140.71266666666668,142.0,142.0,84.222,63.92666666666667,414.45533333333333,1400,-0.26046577607971844,-0.0013138147521567275,-0.26102539289067284,-0.0018734315631111214
I9_Hybrid_Delay_Plus_Latent_State,1317,T1,BOTH,BOTH,0.3398612814306856,0.0,0.0,0.0,1.0,3.971,1.0,0.0,4,1,0,0,125.945,132.0,132.0,86.589,53.794,408.917,1384,-0.11900519684393084,0.2899052981261727,-0.12178187054050417,0.2871286244295994
I9_Hybrid_Delay_Plus_Latent_State,1317,T1R,BOTH,BOTH,0.3392841355750725,0.0,0.0,0.0,1.0,3.9676,1.0,0.0,4,1,0,0,125.648,132.0,132.0,86.54133333333333,53.536,408.884,1384,-0.16861416667882528,0.2978401640038905,-0.1551551069929537,0.311299223689762
I9_Hybrid_Delay_Plus_Latent_State,1317,T2,BOTH,BOTH,0.1318225685070685,0.0,0.0,0.0,1.0,4.0,1.0,0.0,4,1,0,0,127.053,132.0,132.0,86.30266666666667,54.39533333333333,409.3136666666667,1384,0.4446268656842935,0.15391595337236788,0.427196286130518,0.13648537381859238
I9_Hybrid_Delay_Plus_Latent_State,1317,T3,BOTH,BOTH,0.13437258915028807,0.0,0.0116,0.0,0.9884,4.0,0.9884,0.0,4,4,0,3,126.81,132.0,132.0,86.23433333333334,54.988,408.154,1384,0.43816847901212214,0.15215245539323272,0.42081663049270046,0.13480060687381112
I9_Hybrid_Delay_Plus_Latent_State,1317,O_ALL,BOTH,BOTH,0.13587441588239887,0.0,0.0,0.0,1.0,4.0,1.0,0.003833333333333333,0,0,0,0,130.416,132.0,132.0,85.69066666666667,56.45066666666666,410.71733333333333,1384,0.4200208858977985,0.1529468960037865,0.4215408715440475,0.15446688165003541
I10_Redundant_Temporal_Structure,1317,T1,REDUNDANT,BOTH,0.26548804909806273,0.0,0.0,0.0,1.0,4.0,1.0,0.0,4,1,0,0,130.16333333333333,132.0,132.0,86.86,57.16866666666667,410.60433333333333,1384,-0.14757084662244585,3.5467714909124184,-0.16286357808721671,3.5314787594476478
I10_Redundant_Temporal_Structure,1317,T1R,REDUNDANT,BOTH,0.2678180045235493,0.0,0.0,0.0,1.0,4.0,1.0,0.0,4,1,0,0,130.22,132.0,132.0,86.82466666666667,57.10733333333334,410.7336666666667,1384,-0.16145503337359107,3.580274597708203,-0.13566694176814809,3.606062689313646
I10_Redundant_Temporal_Structure,1317,T2,REDUNDANT,BOTH,0.5082472167535415,0.0,0.0,0.0,1.0,4.0,1.0,0.0,4,1,0,0,129.96,132.0,132.0,86.91566666666667,56.937333333333335,410.64866666666666,1384,-0.22945462192370408,0.4432243504713883,-0.19833385763642308,0.4743451147586692
I10_Redundant_Temporal_Structure,1317,T3,REDUNDANT,RECURRENT,0.3948781158519724,0.0006,0.21,0.6072,0.1822,1.436,0.7894,0.0,22,14,22,13,97.98133333333334,132.0,132.0,88.242,38.74733333333333,393.04966666666667,1320,0.14054796924054835,0.44405402888313317,-0.007309392370243084,0.29619666727234173
I10_Redundant_Temporal_Structure,1317,O_ALL,REDUNDANT,BOTH,0.5163559083748364,0.0,0.0,0.0,1.0,4.0,1.0,0.0005,0,0,0,0,131.05766666666668,132.0,132.0,86.57,57.39,411.187,1384,-0.2677697786314221,0.44425935081321266,-0.23336404398814334,0.4786650854564914
I11_Regime_Switch_Delay_To_Latent,1317,T1,SWITCH_DELAY_TO_LATENT,LAG,0.28087471685449067,0.0,0.5182,0.0,0.4818,3.908,0.4818,0.0,4,1,0,0,105.20366666666666,132.0,132.0,86.547,53.142,380.335,1384,-0.10420408744662245,0.17702317746117333,-0.10819772636883274,0.17302953853896302
I11_Regime_Switch_Delay_To_Latent,1317,T1R,SWITCH_DELAY_TO_LATENT,BOTH,0.13306568853312958,0.0,0.4626,0.0,0.5374,3.6918,0.5374,0.0,4,1,0,0,104.97733333333333,132.0,132.0,86.24566666666666,51.55733333333333,381.76666666666665,1384,0.1507484766883928,0.21510914894727573,0.14378139651527955,0.20814206877416244
I11_Regime_Switch_Delay_To_Latent,1317,T2,SWITCH_DELAY_TO_LATENT,BOTH,0.17332361738767393,0.0,0.4662,0.0,0.5338,3.8826,0.5338,0.0,4,1,0,0,106.46533333333333,132.0,132.0,86.27566666666667,52.840666666666664,382.26433333333335,1384,0.12208632286209983,0.11039147735231597,0.12269213891350925,0.11099729340372538
I11_Regime_Switch_Delay_To_Latent,1317,T3,SWITCH_DELAY_TO_LATENT,RECURRENT,0.16181602169208112,0.1374,0.3292,0.5332,0.0002,1.281,0.5334,0.0,8,1,8,0,83.88566666666667,98.0,102.0,87.64733333333334,37.47266666666667,374.5643333333333,1320,0.12507266258299554,0.11053574401712125,0.12714219182581413,0.11260527325993985
I11_Regime_Switch_Delay_To_Latent,1317,O_ALL,SWITCH_DELAY_TO_LATENT,BOTH,0.29684125731710476,0.0,0.0,0.0,1.0,4.0,1.0,0.5123333333333333,0,0,0,0,130.77933333333334,132.0,132.0,85.414,56.599333333333334,410.7916666666667,1384,-0.10089345297335094,0.11038447951618839,-0.11165184004897422,0.09962609244056511
I12_Regime_Switch_Latent_To_Delay,1317,T1,SWITCH_LATENT_TO_DELAY,BOTH,0.3171101335568196,0.0,0.0,0.0,1.0,3.9434,1.0,0.4695,4,1,0,0,126.89833333333333,132.0,132.0,86.438,54.51266666666667,409.27633333333335,1384,-0.10300098659205663,0.24730249364602866,-0.1068666084815694,0.2434368717565159
I12_Regime_Switch_Latent_To_Delay,1317,T1R,SWITCH_LATENT_TO_DELAY,BOTH,0.3173629493857888,0.0,0.0,0.0,1.0,3.9278,1.0,0.44783333333333336,4,1,0,0,125.76833333333333,132.0,132.0,86.47266666666667,53.54333333333334,408.95166666666665,1384,-0.11271765325511067,0.24486112490263798,-0.11388379623214064,0.243694981925608
I12_Regime_Switch_Latent_To_Delay,1317,T2,SWITCH_LATENT_TO_DELAY,BOTH,0.3295980248592807,0.0,0.0,0.0,1.0,3.8378,1.0,0.4796666666666667,4,1,0,0,124.59333333333333,132.0,132.0,85.98066666666666,52.352,408.356,1384,-0.09013793524096951,0.12820656623259732,-0.10750486704388164,0.11083963442968522
I12_Regime_Switch_Latent_To_Delay,1317,T3,SWITCH_LATENT_TO_DELAY,NONE,0.2748775121241316,0.5658,0.017,0.4122,0.005,0.022,0.4172,0.0,11,1,11,1,75.393,92.0,102.0,88.118,30.09,373.841,1272,-0.018736673770986412,0.13133684384207472,-0.04527320886614099,0.10480030874692013
I12_Regime_Switch_Latent_To_Delay,1317,O_ALL,SWITCH_LATENT_TO_DELAY,BOTH,0.33015390294836,0.0,0.0,0.0,1.0,4.0,1.0,0.4741666666666667,0,0,0,0,129.89766666666668,132.0,132.0,84.58133333333333,55.484,410.234,1384,-0.0866139425959452,0.12777352773920236,-0.11525360023290311,0.09913387010224445
I13_Regime_Switch_Hybrid_To_Memoryless,1317,T1,SWITCH_HYBRID_TO_NONE,BOTH,0.2422570928179267,0.0,0.0,0.0,1.0,3.971,1.0,0.449,4,1,0,0,125.945,132.0,132.0,86.01833333333333,53.510666666666665,408.7753333333333,1384,-0.06050396778937438,0.14993155262427993,-0.060300249447577545,0.1501352709660768
I13_Regime_Switch_Hybrid_To_Memoryless,1317,T1R,SWITCH_HYBRID_TO_NONE,BOTH,0.2456695417335629,0.0,0.0,0.0,1.0,3.9676,1.0,0.4575,4,1,0,0,125.648,132.0,132.0,84.74066666666667,52.63933333333333,408.4356666666667,1368,-0.10239418729405851,0.15616371237600948,-0.08290617799161262,0.17565172167845533
I13_Regime_Switch_Hybrid_To_Memoryless,1317,T2,SWITCH_HYBRID_TO_NONE,BOTH,0.13188191996266044,0.0,0.0,0.0,1.0,4.0,1.0,0.481,4,1,0,0,127.053,132.0,132.0,84.94133333333333,53.717333333333336,408.9746666666667,1352,0.20098383682396695,0.0780800267916386,0.19279385620494702,0.06989004617261861
I13_Regime_Switch_Hybrid_To_Memoryless,1317,T3,SWITCH_HYBRID_TO_NONE,NONE,0.1235549165618405,0.579,0.0072,0.0,0.4138,1.684,0.4138,0.0,4,3,4,3,91.242,132.0,132.0,85.72166666666666,40.784,378.076,1240,0.2048163646346823,0.07679146118331848,0.19281325703562688,0.06478835358426303
I13_Regime_Switch_Hybrid_To_Memoryless,1317,O_ALL,SWITCH_HYBRID_TO_NONE,BOTH,0.13417702725010047,0.0,0.0,0.0,1.0,4.0,1.0,0.487,0,0,0,0,130.416,132.0,132.0,84.596,55.90533333333333,410.44466666666665,1352,0.1838317457563417,0.07793739210312109,0.18619079864020258,0.08029644498698194
I14_Intermittent_Hybrid,1317,T1,INTERMITTENT,BOTH,0.22900054140678036,0.0,0.1034,0.0,0.8966,3.9328,0.8966,0.2235,4,1,0,0,117.433,132.0,132.0,85.716,53.042,396.877,1384,-0.08568685528551959,0.21523094110228375,-0.08900180243611158,0.21191599395169178
I14_Intermittent_Hybrid,1317,T1R,INTERMITTENT,BOTH,0.2248991882592306,0.0,0.0156,0.0,0.9844,3.6724,0.9844,0.22583333333333333,4,1,0,0,118.19566666666667,132.0,132.0,85.53933333333333,51.57866666666666,399.6573333333333,1384,-0.1054464402851985,0.2231292227457278,-0.08538986726303004,0.24318579576789626
I14_Intermittent_Hybrid,1317,T2,INTERMITTENT,BOTH,0.25449479446524337,0.0,0.016,0.0,0.984,3.7856,0.984,0.24883333333333332,4,1,0,0,119.13266666666667,132.0,132.0,85.444,52.288,399.996,1384,-0.091866585619865,0.11422373490177506,-0.0808334938046618,0.12525682671697824
I14_Intermittent_Hybrid,1317,T3,INTERMITTENT,RECURRENT,0.208075817941097,0.364,0.0276,0.5866,0.0218,0.0494,0.6084,0.0,7,1,7,1,75.69633333333333,92.0,102.0,87.496,29.768666666666668,373.7203333333333,1256,-0.027711989240144348,0.11859588313946552,-0.03440587281148428,0.11190199956812559
I14_Intermittent_Hybrid,1317,O_ALL,INTERMITTENT,BOTH,0.25321639738426194,0.0,0.0,0.0,1.0,4.0,1.0,0.30783333333333335,0,0,0,0,129.366,132.0,132.0,84.84466666666667,55.19133333333333,410.0876666666667,1368,-0.11734125302120586,0.11968283229175442,-0.10359412255234789,0.13342996276061242
I1_Memoryless_Linear,1318,T1,NONE,NONE,0.11801816988570718,1.0,0.0,0.0,0.0,0.0,0.0,0.0,0,0,0,0,58.0,58.0,58.0,73.26766666666667,21.59,345.295,1256,-0.008244865343368905,0.0034110759034659027,-0.008244865343368905,0.0034110759034659027
I1_Memoryless_Linear,1318,T1R,NONE,NONE,0.11801816988570718,1.0,0.0,0.0,0.0,0.0,0.0,0.0,0,0,0,0,58.0,58.0,58.0,73.26766666666667,21.59,345.295,1256,-0.008244865343368905,0.0034110759034659027,-0.008244865343368905,0.0034110759034659027
I1_Memoryless_Linear,1318,T2,NONE,NONE,0.11801816988570718,1.0,0.0,0.0,0.0,0.0,0.0,0.0,0,0,0,0,58.0,58.0,58.0,73.26766666666667,21.59,345.295,1256,-0.008244865343368905,0.0034110759034659027,-0.008244865343368905,0.0034110759034659027
I1_Memoryless_Linear,1318,T3,NONE,NONE,0.11801816988570718,1.0,0.0,0.0,0.0,0.0,0.0,0.0,0,0,0,0,58.0,58.0,58.0,73.26766666666667,21.59,345.295,1256,-0.008244865343368905,0.0034110759034659027,-0.008244865343368905,0.0034110759034659027
I1_Memoryless_Linear,1318,O_ALL,NONE,BOTH,0.13957826226808717,0.0,0.0,0.091,0.909,3.3142,1.0,0.7575,0,0,0,0,119.606,132.0,132.0,67.80466666666666,38.916666666666664,401.95033333333333,1368,-0.026194642751369436,0.0039790031894787695,-0.026255372214907986,0.003918273725940218
I2_Static_Nonlinear_Negative_Control,1318,T1,NONE,BOTH,1.2816032917840166,0.0,0.0592,0.0,0.9408,3.723,0.9408,0.101,4,1,0,0,116.78366666666666,132.0,132.0,86.88633333333334,52.148,398.198,1384,-0.138681610916305,0.9000235298828507,-0.13993031989867305,0.8987748209004827
I2_Static_Nonlinear_Negative_Control,1318,T1R,NONE,BOTH,1.3019514860348615,0.0,0.0402,0.0,0.9598,3.7876,0.9598,0.026166666666666668,4,1,0,0,118.16366666666667,132.0,132.0,86.85566666666666,52.80466666666667,399.28633333333335,1384,-0.14060179489701635,0.9975098664547072,-0.17809158935074662,0.9600200720009769
I2_Static_Nonlinear_Negative_Control,1318,T2,NONE,BOTH,1.2777474615659634,0.0,0.0402,0.0,0.9598,3.7974,0.9598,0.6628333333333334,4,1,0,0,118.25533333333334,132.0,132.0,86.623,52.762,399.265,1384,-0.1877567378262221,0.003643963777518741,-0.19131290012362923,8.780148011158266e-05
I2_Static_Nonlinear_Negative_Control,1318,T3,NONE,NONE,1.0586995328830968,0.9572,0.0264,0.0164,0.0,0.0304,0.0164,0.0,14,1,14,1,58.928,68.0,92.0,88.66833333333334,30.489333333333335,350.40066666666667,1272,-0.034815937257792404,0.0015116098567075377,-0.03543481019217725,0.0008927369223226959
I2_Static_Nonlinear_Negative_Control,1318,O_ALL,NONE,BOTH,1.3532985473920907,0.0,0.0,0.0,1.0,5.0,1.0,0.797,0,0,0,0,140.851,142.0,142.0,86.18866666666666,65.02133333333333,415.00266666666664,1400,-0.2888135831765111,0.005344961127592535,-0.2896665825942417,0.004491961709861994
I3_Single_Exact_Delay,1318,T1,LAG,LAG,0.5398316306816644,0.0,1.0,0.0,0.0,3.4902,0.0,0.0,4,0,0,0,87.97333333333333,98.0,98.0,86.60366666666667,50.349333333333334,359.67466666666667,1336,-0.15567437815786908,0.0024625395074445475,-0.15533165283181954,0.002805264833494086
I3_Single_Exact_Delay,1318,T1R,LAG,BOTH,0.5434576658561929,0.0,0.0,0.0,1.0,3.386,1.0,0.8335,4,1,0,0,120.84566666666667,132.0,132.0,86.55433333333333,49.63133333333333,406.96366666666665,1384,-0.11993317732820725,0.007319855929313997,-0.11882546881746814,0.008427564440053121
I3_Single_Exact_Delay,1318,T2,LAG,BOTH,0.5362924988530918,0.0,0.0,0.0,1.0,4.0,1.0,0.9211666666666667,4,1,0,0,126.74233333333333,132.0,132.0,86.55566666666667,54.326,409.311,1384,-0.14240617225880375,0.0015895877187804299,-0.14155720785581707,0.002438552121767103
I3_Single_Exact_Delay,1318,T3,LAG,LAG,0.14183073504715601,0.0476,0.9524,0.0,0.0,3.6396,0.0,0.0,6,0,2,0,88.62333333333333,98.0,98.0,86.54066666666667,51.142,360.071,1336,0.48442376067749515,0.0024625395074445475,0.4847664860035447,0.002805264833494086
I3_Single_Exact_Delay,1318,O_ALL,LAG,BOTH,0.5493431667399984,0.0,0.0,0.0,1.0,4.0,1.0,0.9776666666666667,0,0,0,0,130.47766666666666,132.0,132.0,85.82266666666666,56.55533333333333,410.7696666666667,1384,-0.195631049128569,0.003116423044776246,-0.19474550541073118,0.004001966762614068
I4_Multi_Sparse_Delay,1318,T1,LAG,BOTH,0.7489567056729844,0.0,0.0,0.0,1.0,4.0,1.0,0.163,4,1,0,0,130.19833333333332,132.0,132.0,87.205,57.30266666666667,410.67133333333334,1384,-0.32855560600333755,0.08562203071855011,-0.3431136178088573,0.07106401891303034
I4_Multi_Sparse_Delay,1318,T1R,LAG,BOTH,0.7551098051237031,0.0,0.0,0.0,1.0,4.0,1.0,0.18933333333333333,4,1,0,0,129.63766666666666,132.0,132.0,87.057,56.70666666666666,410.5253333333333,1384,-0.3944235082564936,0.09638290877823383,-0.3728249238085844,0.11798149322614296
I4_Multi_Sparse_Delay,1318,T2,LAG,BOTH,0.5330567902476547,0.0,0.0,0.0,1.0,4.0,1.0,0.10233333333333333,4,1,0,0,129.04266666666666,132.0,132.0,87.11,56.25066666666667,410.2973333333333,1384,0.23424851382786424,0.0070157718489291185,0.22699208966271622,-0.00024065231621893233
I4_Multi_Sparse_Delay,1318,T3,LAG,NONE,0.602335331036871,0.6798,0.2002,0.1108,0.0092,0.5654,0.12,0.0,37,16,37,16,68.77533333333334,98.0,132.0,88.79666666666667,33.672,359.64,1272,-0.04818903737170994,-0.0032745010155535176,-0.06866106628279901,-0.023746529926642578
I4_Multi_Sparse_Delay,1318,O_ALL,LAG,BOTH,0.7459113365713003,0.0,0.0,0.0,1.0,4.0,1.0,0.4643333333333333,0,0,0,0,131.46766666666667,132.0,132.0,86.90666666666667,57.89066666666667,411.43733333333336,1384,-0.32811805724555787,0.02391504276317611,-0.32655534218578314,0.025477757822950812
I5_Moving_Delay_Support,1318,T1,LAG,LAG,0.5539409974585292,0.0,1.0,0.0,0.0,4.0,0.0,0.0,4,0,0,0,94.53,98.0,98.0,86.72033333333333,55.556666666666665,362.2783333333333,1336,-0.16805996473534585,0.0021928253686307317,-0.16782036424656996,0.002432425857406607
I5_Moving_Delay_Support,1318,T1R,LAG,BOTH,0.36525203483742513,0.0,0.0,0.0,1.0,4.0,1.0,0.543,4,1,0,0,128.537,132.0,132.0,86.47366666666667,55.65,409.949,1384,0.17641315194985527,0.0005919178212669113,0.17621078923244352,0.00038955510385515476
I5_Moving_Delay_Support,1318,T2,LAG,BOTH,0.5387335673347026,0.0,0.0,0.0,1.0,3.975,1.0,0.9578333333333333,4,1,0,0,127.16533333333334,132.0,132.0,86.833,54.73133333333333,409.48966666666666,1384,-0.15448400675530444,0.0011030490333563193,-0.15434113051303455,0.0012459252756261705
I5_Moving_Delay_Support,1318,T3,LAG,NONE,0.3170185406061307,0.5822,0.4178,0.0,0.0,1.5018,0.0,0.0,16,0,12,0,70.84666666666666,98.0,98.0,87.961,39.028,354.014,1336,0.18181162293900144,0.0021928253686307317,0.18201600372658602,0.002397206156215293
I5_Moving_Delay_Support,1318,O_ALL,LAG,BOTH,0.5406022063819169,0.0,0.0,0.0,1.0,4.0,1.0,0.981,0,0,0,0,131.311,132.0,132.0,86.02266666666667,57.33,411.157,1384,-0.194979301139954,0.0012917538096108606,-0.19436861114121534,0.0019024438083494989
I6_Continuous_Latent_State,1318,T1,RECURRENT,BOTH,0.09929818370974382,0.0,0.0,0.0,1.0,3.9892,1.0,0.0,4,1,0,0,127.33666666666667,132.0,132.0,86.67,54.96066666666667,409.50033333333334,1384,-0.026975574817558225,0.5739278857379518,-0.043065206622777366,0.5578382539327326
I6_Continuous_Latent_State,1318,T1R,RECURRENT,BOTH,0.09981576330573064,0.0,0.0,0.0,1.0,3.9892,1.0,0.0,4,1,0,0,127.25333333333333,132.0,132.0,86.628,54.782666666666664,409.5713333333333,1384,-0.03128373840048726,0.5636599011822845,-0.03813903318178113,0.5568046064009906
I6_Continuous_Latent_State,1318,T2,RECURRENT,BOTH,0.15548342810962054,0.0,0.0,0.0,1.0,3.9598,1.0,0.0,4,1,0,0,125.645,132.0,132.0,86.576,53.474,408.917,1384,-0.029320982506655068,0.3553897068030942,-0.05591703744188305,0.3287936518678662
I6_Continuous_Latent_State,1318,T3,RECURRENT,RECURRENT,0.1305759818039018,0.0,0.0,0.9986,0.0014,0.0014,1.0,0.0,2,1,2,0,91.72833333333334,92.0,102.0,88.51066666666667,30.190666666666665,397.19533333333334,1304,-0.025338611838933364,0.3507733349570777,-0.04488770268755927,0.33122424410845175
I6_Continuous_Latent_State,1318,O_ALL,RECURRENT,BOTH,0.1574180281948868,0.0,0.0,0.0,1.0,4.0,1.0,0.0,0,0,0,0,131.37766666666667,132.0,132.0,85.706,57.223333333333336,411.10366666666664,1368,-0.06295473735308785,0.3513417500867591,-0.07028088241815762,0.3440156050216893
I7_Quiescent_Continuous_State,1318,T1,RECURRENT,BOTH,0.11269128126907266,0.0,0.0,0.0,1.0,3.9892,1.0,0.31,4,1,0,0,127.33666666666667,132.0,132.0,83.99933333333334,53.63,408.835,1384,-0.044069961416441594,0.36451423100030456,-0.052038133408744615,0.3565460590080015
I7_Quiescent_Continuous_State,1318,T1R,RECURRENT,BOTH,0.11276062793757487,0.0,0.0,0.0,1.0,3.9892,1.0,0.31,4,1,0,0,127.25333333333333,132.0,132.0,82.52133333333333,52.73733333333333,408.5486666666667,1384,-0.03890326115840079,0.35829812829589824,-0.041610431283525845,0.35559095817077324
I7_Quiescent_Continuous_State,1318,T2,RECURRENT,BOTH,0.17150840081295415,0.0,0.0,0.0,1.0,3.9598,1.0,0.31833333333333336,4,1,0,0,125.645,132.0,132.0,84.784,52.58133333333333,408.47066666666666,1384,-0.050085916559477583,0.23025892597196626,-0.07807433283944483,0.20227050969199897
I7_Quiescent_Continuous_State,1318,T3,RECURRENT,RECURRENT,0.12504628094129205,0.3754,0.0,0.624,0.0006,0.0006,0.6246,0.0,1,2,1,1,81.08533333333334,92.0,102.0,85.48433333333334,28.438,381.303,1320,-0.034684174796183354,0.22213524312201519,-0.040929781114212874,0.21588963680398568
I7_Quiescent_Continuous_State,1318,O_ALL,RECURRENT,BOTH,0.17449683989425444,0.0,0.0,0.0,1.0,4.0,1.0,0.31683333333333336,0,0,0,0,131.37766666666667,132.0,132.0,83.358,56.054,410.519,1384,-0.07871774150488324,0.22412979054915852,-0.07580809816503906,0.22703943388900272
I8_Quiescent_Discrete_Delay,1318,T1,LAG,LAG,0.5671261798357082,0.0,1.0,0.0,0.0,3.4902,0.0,0.0,4,0,0,0,87.97333333333333,98.0,98.0,85.07366666666667,49.59133333333333,359.29566666666665,1336,-0.2079826730485933,0.0024625395074445475,-0.20763994772254377,0.002805264833494086
I8_Quiescent_Discrete_Delay,1318,T1R,LAG,BOTH,0.2409224333498205,0.0,0.0,0.0,1.0,2.517,1.0,0.5481666666666667,4,1,0,0,113.604,132.0,132.0,83.597,42.38666666666666,403.34133333333335,1368,0.16228842294589765,0.0064235602377766205,0.1625266308247875,0.006661768116666459
I8_Quiescent_Discrete_Delay,1318,T2,LAG,BOTH,0.5353894285553824,0.0,0.0,0.0,1.0,4.0,1.0,0.921,4,1,0,0,126.74233333333333,132.0,132.0,83.34166666666667,52.72933333333334,408.5126666666667,1384,-0.1859852629123831,0.0015846012337298362,-0.18513019762830615,0.0024396665178068
I8_Quiescent_Discrete_Delay,1318,T3,LAG,LAG,0.16814007601891867,0.4392,0.5608,0.0,0.0,2.03,0.0,0.0,10,0,6,0,75.21,98.0,98.0,83.48033333333333,39.508,354.254,1336,0.24844496161614824,0.0024625395074445475,0.24878768694219777,0.002805264833494086
I8_Quiescent_Discrete_Delay,1318,O_ALL,LAG,BOTH,0.5796082234099984,0.0,0.0,0.0,1.0,4.0,1.0,0.9786666666666667,0,0,0,0,130.47766666666666,132.0,132.0,84.024,55.663333333333334,410.32366666666667,1384,-0.24764907721268936,0.0031163547645614987,-0.2467635951571062,0.00400183682014462
I9_Hybrid_Delay_Plus_Latent_State,1318,T1,BOTH,BOTH,0.33742491435967714,0.0,0.0,0.0,1.0,3.9992,1.0,0.004166666666666667,4,1,0,0,127.75666666666666,132.0,132.0,87.01566666666666,55.302,409.671,1384,-0.13508014159196685,0.2539669769284769,-0.12746887262719675,0.2615782458932471
I9_Hybrid_Delay_Plus_Latent_State,1318,T1R,BOTH,BOTH,0.33549317006904783,0.0,0.0,0.0,1.0,3.9842,1.0,0.002,4,1,0,0,127.76166666666667,132.0,132.0,86.841,55.132,409.746,1384,-0.1358718725473402,0.2553816791972697,-0.13586589343218725,0.25538765831242266
I9_Hybrid_Delay_Plus_Latent_State,1318,T2,BOTH,BOTH,0.3656432387937086,0.0,0.0,0.0,1.0,3.9844,1.0,0.058666666666666666,4,1,0,0,127.62833333333333,132.0,132.0,86.776,54.99466666666667,409.6773333333333,1384,-0.1439511997178206,0.12044452322535391,-0.15759025576685431,0.10680546717632021
I9_Hybrid_Delay_Plus_Latent_State,1318,T3,BOTH,RECURRENT,0.22860192432193963,0.0222,0.0732,0.4802,0.4244,1.9094,0.9046,0.0,10,10,6,9,103.41066666666667,132.0,132.0,87.905,41.382,396.719,1384,0.16816713582675352,0.12155220333122363,0.1526076724952532,0.1059927399997233
I9_Hybrid_Delay_Plus_Latent_State,1318,O_ALL,BOTH,BOTH,0.3654370204479435,0.0,0.0,0.0,1.0,4.0,1.0,0.0665,0,0,0,0,131.411,132.0,132.0,86.442,57.60933333333333,411.2966666666667,1384,-0.15747070896468307,0.11990210375134976,-0.17023537357040258,0.1071374391456302
I10_Redundant_Temporal_Structure,1318,T1,REDUNDANT,BOTH,0.2407010583832473,0.0,0.0,0.0,1.0,4.0,1.0,0.0,4,1,0,0,130.67333333333335,132.0,132.0,87.30133333333333,57.76466666666666,410.90233333333333,1368,-0.19105889212407004,2.5494371058584457,-0.12929572143351478,2.611200276549001
I10_Redundant_Temporal_Structure,1318,T1R,REDUNDANT,BOTH,0.24224811692637852,0.0,0.0,0.0,1.0,4.0,1.0,0.0,4,1,0,0,130.57,132.0,132.0,87.30133333333333,57.59133333333333,410.97566666666665,1384,-0.1892795677577291,2.5454511108849402,-0.13342322151927616,2.601307457123393
I10_Redundant_Temporal_Structure,1318,T2,REDUNDANT,BOTH,0.48603945038439855,0.0,0.0,0.0,1.0,4.0,1.0,0.0011666666666666668,4,1,0,0,129.85333333333332,132.0,132.0,87.26766666666667,57.004,410.682,1384,-0.3002003787733131,0.5543593107835264,-0.2512932886777862,0.6032664008790534
I10_Redundant_Temporal_Structure,1318,T3,REDUNDANT,RECURRENT,0.4014737788048657,0.0,0.0,0.9366,0.0634,0.0888,1.0,0.0,22,1,22,0,92.655,102.0,122.0,89.163,31.074666666666666,397.63733333333334,1320,-0.04699884927999943,0.5527373070851586,-0.09571990448698835,0.5040162518781696
I10_Redundant_Temporal_Structure,1318,O_ALL,REDUNDANT,BOTH,0.4831745013372979,0.0,0.0,0.0,1.0,4.0,1.0,0.0036666666666666666,0,0,0,0,131.66766666666666,132.0,132.0,86.97333333333333,58.078,411.531,1384,-0.2758420563492327,0.5522855763164813,-0.2618004109974045,0.5663272216683094
I11_Regime_Switch_Delay_To_Latent,1318,T1,SWITCH_DELAY_TO_LATENT,BOTH,0.27355464134669805,0.0,0.4876,0.0,0.5124,3.7108,0.5124,0.0,4,1,0,0,103.714,132.0,132.0,86.549,51.501333333333335,380.7386666666667,1384,-0.07650366821046627,0.15397197012005828,-0.07716975433884508,0.15330588399167946
I11_Regime_Switch_Delay_To_Latent,1318,T1R,SWITCH_DELAY_TO_LATENT,BOTH,0.19154791987928127,0.0918,0.3568,0.0,0.5514,3.2936,0.5514,0.0003333333333333333,4,1,0,0,101.05733333333333,132.0,132.0,86.73166666666667,48.908,381.002,1384,0.028377780477958515,0.17449325721642553,0.028766567094073985,0.17488204383254097
I11_Regime_Switch_Delay_To_Latent,1318,T2,SWITCH_DELAY_TO_LATENT,BOTH,0.29485007148618314,0.0,0.4794,0.0,0.5206,3.6844,0.5206,0.0,4,1,0,0,103.72633333333333,132.0,132.0,86.42233333333333,51.26266666666667,380.94733333333335,1368,-0.09227511558812047,0.08912018514779256,-0.08671525068574973,0.09468005005016332
I11_Regime_Switch_Delay_To_Latent,1318,T3,SWITCH_DELAY_TO_LATENT,RECURRENT,0.14213286624868698,0.0634,0.4162,0.5204,0.0,1.4244,0.5204,0.0,5,1,5,0,84.66066666666667,98.0,98.0,87.531,38.146,374.381,1304,0.19261719129175578,0.08959774306738719,0.19571944845736175,0.09270000023299313
I11_Regime_Switch_Delay_To_Latent,1318,O_ALL,SWITCH_DELAY_TO_LATENT,BOTH,0.30564332269243494,0.0,0.0,0.0,1.0,4.0,1.0,0.5216666666666666,0,0,0,0,130.526,132.0,132.0,85.44133333333333,56.413333333333334,410.69866666666667,1368,-0.09171794995734729,0.08705526322351531,-0.0877036977977822,0.0910695153830804
I12_Regime_Switch_Latent_To_Delay,1318,T1,SWITCH_LATENT_TO_DELAY,BOTH,0.32221863114365984,0.0,0.0,0.0,1.0,3.9868,1.0,0.44816666666666666,4,1,0,0,126.705,132.0,132.0,86.72766666666666,54.52066666666666,409.2803333333333,1384,-0.11505476342138168,0.25703882784229604,-0.12368753130797018,0.24840605995570755
I12_Regime_Switch_Latent_To_Delay,1318,T1R,SWITCH_LATENT_TO_DELAY,BOTH,0.32275291377878096,0.0,0.0,0.0,1.0,3.9416,1.0,0.452,4,1,0,0,125.75666666666666,132.0,132.0,86.477,53.55266666666667,408.95633333333336,1384,-0.12930642210527557,0.2653845712493865,-0.1307827269397939,0.26390826641486814
I12_Regime_Switch_Latent_To_Delay,1318,T2,SWITCH_LATENT_TO_DELAY,BOTH,0.3389712406958463,0.0,0.0,0.0,1.0,3.9682,1.0,0.49616666666666664,4,1,0,0,126.39333333333333,132.0,132.0,86.478,54.013333333333335,409.18666666666667,1384,-0.10715568997476206,0.1441197157051355,-0.10874342410390726,0.1425319815759903
I12_Regime_Switch_Latent_To_Delay,1318,T3,SWITCH_LATENT_TO_DELAY,NONE,0.28306816179119243,0.5816,0.0142,0.4022,0.002,0.0204,0.4042,0.0,12,1,12,1,75.01133333333334,92.0,102.0,88.43,30.238666666666667,373.3953333333333,1272,-0.03242167611351726,0.14089612998872952,-0.04165602144821767,0.1316617846540291
I12_Regime_Switch_Latent_To_Delay,1318,O_ALL,SWITCH_LATENT_TO_DELAY,BOTH,0.33835595917831013,0.0,0.0,0.0,1.0,4.0,1.0,0.4995,0,0,0,0,131.111,132.0,132.0,85.586,56.95133333333333,410.9676666666667,1384,-0.10547925796084728,0.14351815996487857,-0.10994120490676773,0.1390562130189581
I13_Regime_Switch_Hybrid_To_Memoryless,1318,T1,SWITCH_HYBRID_TO_NONE,BOTH,0.23316901652311384,0.0,0.0,0.0,1.0,3.9992,1.0,0.4851666666666667,4,1,0,0,127.75666666666666,132.0,132.0,86.01433333333334,54.809333333333335,409.42466666666667,1384,-0.08991800098492544,0.15824178664834182,-0.07325062261060282,0.17490916502266446
I13_Regime_Switch_Hybrid_To_Memoryless,1318,T1R,SWITCH_HYBRID_TO_NONE,BOTH,0.2328028741423124,0.0,0.0,0.0,1.0,3.9842,1.0,0.484,4,1,0,0,127.76166666666667,132.0,132.0,85.50366666666666,54.471333333333334,409.41566666666665,1352,-0.08299812572073235,0.15752710504695505,-0.08293858670847934,0.15758664405920805
I13_Regime_Switch_Hybrid_To_Memoryless,1318,T2,SWITCH_HYBRID_TO_NONE,BOTH,0.24495108297490206,0.0,0.0,0.0,1.0,3.9844,1.0,0.5158333333333334,4,1,0,0,127.62833333333333,132.0,132.0,85.598,54.412,409.386,1384,-0.1025897533384161,0.072287357978949,-0.10033490345067918,0.07454220786668593
I13_Regime_Switch_Hybrid_To_Memoryless,1318,T3,SWITCH_HYBRID_TO_NONE,NONE,0.2082327563601671,0.615,0.0,0.3848,0.0002,0.0002,0.385,0.0,6,6,6,6,72.791,92.0,102.0,88.00833333333334,29.995333333333335,370.24966666666666,1256,-0.03648033090763498,0.06935381210273449,-0.03963624517689891,0.06619789783347056
I13_Regime_Switch_Hybrid_To_Memoryless,1318,O_ALL,SWITCH_HYBRID_TO_NONE,BOTH,0.2496388689748294,0.0,0.0,0.0,1.0,4.0,1.0,0.5263333333333333,0,0,0,0,131.411,132.0,132.0,85.59933333333333,57.19533333333333,411.0896666666667,1368,-0.10577838211990943,0.06766657408788927,-0.10660889695469233,0.06683605925310637
I14_Intermittent_Hybrid,1318,T1,INTERMITTENT,BOTH,0.10725986600222917,0.0,0.0986,0.0,0.9014,3.8344,0.9014,0.236,4,1,1,0,119.77733333333333,132.0,132.0,84.005,53.906,397.501,1368,0.22164554962317154,0.2173207180101548,0.15734247268788296,0.1530176410748662
I14_Intermittent_Hybrid,1318,T1R,INTERMITTENT,BOTH,0.10979818973776317,0.0,0.0446,0.0,0.9554,3.9576,0.9554,0.232,4,1,1,0,122.724,132.0,132.0,86.34033333333333,56.2,400.808,1368,0.22272742835230214,0.21423115634649814,0.15123511228711464,0.1427388402813107
I14_Intermittent_Hybrid,1318,T2,INTERMITTENT,BOTH,0.1529599482140958,0.0,0.0,0.0,1.0,4.0,1.0,0.23183333333333334,4,1,0,0,127.482,132.0,132.0,86.437,57.18666666666667,406.3573333333333,1368,0.20616538225519201,0.13013644053737541,0.1385410517271789,0.06251211000936226
I14_Intermittent_Hybrid,1318,T3,INTERMITTENT,RECURRENT,0.1955144048094452,0.2864,0.1092,0.6,0.0044,0.4544,0.6044,0.0,5,1,5,1,81.78633333333333,98.0,132.0,88.054,34.55266666666667,375.95233333333334,1272,0.05531970311082559,0.13394008357570045,0.04738292872797069,0.12600330919284558
I14_Intermittent_Hybrid,1318,O_ALL,INTERMITTENT,BOTH,0.15426906533914103,0.0,0.0,0.0,1.0,4.0,1.0,0.24233333333333335,0,0,0,0,131.27766666666668,132.0,132.0,86.102,57.342666666666666,411.16333333333336,1384,0.20570369620179557,0.13147593023526155,0.13807362115764427,0.06384585519111025
I1_Memoryless_Linear,1319,T1,NONE,NONE,0.12017907035592643,1.0,0.0,0.0,0.0,0.0,0.0,0.0,0,0,0,0,58.0,58.0,58.0,75.72566666666667,23.067333333333334,346.03366666666665,1224,-0.007797736024021929,0.0032479238633061334,-0.00828787306707876,0.002757786820249303
I1_Memoryless_Linear,1319,T1R,NONE,NONE,0.12017907035592643,1.0,0.0,0.0,0.0,0.0,0.0,0.0,0,0,0,0,58.0,58.0,58.0,75.72566666666667,23.067333333333334,346.03366666666665,1224,-0.007797736024021929,0.0032479238633061334,-0.00828787306707876,0.002757786820249303
I1_Memoryless_Linear,1319,T2,NONE,NONE,0.12017907035592643,1.0,0.0,0.0,0.0,0.0,0.0,0.0,0,0,0,0,58.0,58.0,58.0,75.72566666666667,23.067333333333334,346.03366666666665,1224,-0.007797736024021929,0.0032479238633061334,-0.00828787306707876,0.002757786820249303
I1_Memoryless_Linear,1319,T3,NONE,NONE,0.12017907035592643,1.0,0.0,0.0,0.0,0.0,0.0,0.0,0,0,0,0,58.0,58.0,58.0,75.72566666666667,23.067333333333334,346.03366666666665,1224,-0.007797736024021929,0.0032479238633061334,-0.00828787306707876,0.002757786820249303
I1_Memoryless_Linear,1319,O_ALL,NONE,BOTH,0.14506292916050859,0.0,0.0,0.0,1.0,3.8656,1.0,0.9796666666666667,0,0,0,0,127.33433333333333,132.0,132.0,72.26333333333334,47.302,406.143,1336,-0.030826465951682192,0.0015518197295531077,-0.03165682241348816,0.0007214632677471333
I2_Static_Nonlinear_Negative_Control,1319,T1,NONE,LAG,1.3956133712136074,0.0,0.6684,0.0,0.3316,3.989,0.3316,0.05483333333333333,4,1,0,0,102.52633333333333,132.0,132.0,86.86166666666666,54.583333333333336,375.04766666666666,1368,-0.2582161594978181,0.03752102627545773,-0.2524586785528455,0.04327850722043037
I2_Static_Nonlinear_Negative_Control,1319,T1R,NONE,LAG,1.4310053432862329,0.0114,0.6014,0.0,0.3872,3.7962,0.3872,0.0685,4,1,0,0,100.59333333333333,132.0,132.0,87.07966666666667,52.245333333333335,376.10266666666666,1384,-0.25046229035384676,0.017371224540161,-0.24161599340097326,0.026217521493034513
I2_Static_Nonlinear_Negative_Control,1319,T2,NONE,LAG,1.3777429725444268,0.0,0.6128,0.0,0.3872,3.9048,0.3872,0.22616666666666665,4,1,0,0,102.57,132.0,132.0,86.78166666666667,53.322,376.641,1384,-0.2049469800885899,-0.00593785345088751,-0.20957205124405018,-0.010562924606347794
I2_Static_Nonlinear_Negative_Control,1319,T3,NONE,NONE,1.1428983695138295,0.9596,0.0126,0.0274,0.0004,0.0136,0.0278,0.0,10,3,10,2,58.89533333333333,58.0,102.0,88.70133333333334,30.362666666666666,350.7853333333333,1320,-0.06449471452755562,-0.005282599747202174,-0.06579779941855188,-0.006585684638198419
I2_Static_Nonlinear_Negative_Control,1319,O_ALL,NONE,BOTH,1.3558674412367127,0.0,0.0,0.0,1.0,4.0,1.0,0.8916666666666667,0,0,0,0,131.03933333333333,132.0,132.0,86.05466666666666,57.12866666666667,411.0563333333333,1384,-0.2849339424571347,0.0022310160596432198,-0.2807649046511948,0.006400053865583114
I3_Single_Exact_Delay,1319,T1,LAG,LAG,0.5479838776823339,0.0,1.0,0.0,0.0,3.988,0.0,0.0,4,0,0,0,93.53,98.0,98.0,86.50066666666666,54.586,361.793,1336,-0.15413976676745986,0.002557228068363528,-0.15436481671243166,0.0023321781233917225
I3_Single_Exact_Delay,1319,T1R,LAG,LAG,0.5484925716060236,0.0,1.0,0.0,0.0,4.0,0.0,0.0,4,0,0,0,94.44333333333333,98.0,98.0,86.34933333333333,55.24066666666667,362.12033333333335,1336,-0.1655781474257017,0.002557228068363528,-0.1658031973706735,0.0023321781233917225
I3_Single_Exact_Delay,1319,T2,LAG,LAG,0.5364471137406482,0.0,1.0,0.0,0.0,4.0,0.0,0.0,4,0,0,0,94.45333333333333,98.0,98.0,86.40666666666667,55.276666666666664,362.1383333333333,1336,-0.15447394989920374,0.0023218909178306115,-0.1547306551415634,0.0020651856754709545
I3_Single_Exact_Delay,1319,T3,LAG,LAG,0.2784955297617848,0.45,0.55,0.0,0.0,1.8668,0.0,0.0,20,0,16,0,73.81333333333333,98.0,98.0,87.39533333333334,40.75533333333333,354.87766666666664,1336,0.273959747566023,0.0023218909178306115,0.2739371753469744,0.002299318698782054
I3_Single_Exact_Delay,1319,O_ALL,LAG,BOTH,0.5331030782554055,0.0,0.0,0.0,1.0,4.0,1.0,0.9651666666666666,0,0,0,0,130.606,132.0,132.0,85.836,56.66866666666667,410.8263333333333,1384,-0.16206508080699147,0.00396556125215458,-0.16199057578148612,0.004040066277659974
I4_Multi_Sparse_Delay,1319,T1,LAG,BOTH,0.7714703214306567,0.0,0.0,0.0,1.0,4.0,1.0,0.16716666666666666,4,1,0,0,129.00766666666667,132.0,132.0,87.35366666666667,56.903333333333336,409.78366666666665,1384,-0.41129258217189696,0.11736982512351465,-0.4217662980248945,0.10689610927051715
I4_Multi_Sparse_Delay,1319,T1R,LAG,BOTH,0.7645245902732839,0.0,0.0,0.0,1.0,4.0,1.0,0.14366666666666666,4,1,0,0,129.62333333333333,132.0,132.0,87.378,56.93266666666667,410.64633333333336,1384,-0.3565400758151506,0.12356069887929913,-0.37073582821890244,0.10936494647554722
I4_Multi_Sparse_Delay,1319,T2,LAG,BOTH,0.6015951133914375,0.0,0.0,0.0,1.0,4.0,1.0,0.20266666666666666,4,1,0,0,129.63,132.0,132.0,87.29833333333333,56.896,410.628,1368,0.06849102957035762,0.005191264568781415,0.08683843529015756,0.02353867028858139
I4_Multi_Sparse_Delay,1319,T3,LAG,LAG,0.516842479739195,0.1896,0.5852,0.0918,0.1334,2.816,0.2252,0.0,14,28,13,28,92.548,132.0,132.0,87.937,48.272666666666666,371.37233333333336,1272,0.23670497370792157,0.01753179363163941,0.23292694904556555,0.01375376896928334
I4_Multi_Sparse_Delay,1319,O_ALL,LAG,BOTH,0.7813850658192666,0.0,0.0,0.0,1.0,5.0,1.0,0.5298333333333334,0,0,0,0,141.641,142.0,142.0,86.90666666666667,66.00266666666667,415.49333333333334,1400,-0.4299707609563854,0.0015789794150710519,-0.4349521362034867,-0.0034023958320302814
I5_Moving_Delay_Support,1319,T1,LAG,LAG,0.10031494321489492,0.0,1.0,0.0,0.0,4.0,0.0,0.0,4,0,0,0,94.44,98.0,98.0,85.34366666666666,54.79066666666667,361.8953333333333,1336,0.6119272110752093,0.0012128856412932769,0.6123621707421143,0.0016478453081981885
I5_Moving_Delay_Support,1319,T1R,LAG,LAG,0.09908313625374139,0.0,1.0,0.0,0.0,4.0,0.0,0.0,4,0,0,0,94.37833333333333,98.0,98.0,86.77366666666667,55.55266666666667,362.27633333333335,1336,0.6137427062630638,0.0012176404595411869,0.6141868111354313,0.0016617453319086348
I5_Moving_Delay_Support,1319,T2,LAG,LAG,0.13060037107299163,0.0,1.0,0.0,0.0,4.0,0.0,0.0,4,0,0,0,94.48166666666667,98.0,98.0,86.68166666666667,55.49133333333333,362.2456666666667,1336,0.610665421974781,0.0012176404595411869,0.6110997772159245,0.0016519957006847163
I5_Moving_Delay_Support,1319,T3,LAG,NONE,0.3197367239442896,0.5732,0.4268,0.0,0.0,1.6718,0.0,0.0,12,0,12,0,74.1,98.0,98.0,87.83033333333333,41.41,355.205,1272,0.23732756904938862,0.0012176404595411869,0.23777167392175605,0.0016617453319086348
I5_Moving_Delay_Support,1319,O_ALL,LAG,BOTH,0.2973130393755649,0.0,0.0,0.0,1.0,4.0,1.0,0.4685,0,0,0,0,130.91266666666667,132.0,132.0,85.95066666666666,56.97266666666667,410.97833333333335,1384,0.22263191141313665,0.0007501785239172443,0.2230779349570283,0.0011962020678089335
I6_Continuous_Latent_State,1319,T1,RECURRENT,BOTH,0.1135419490388539,0.0,0.0,0.0,1.0,4.0,1.0,0.0,4,1,0,0,129.88666666666666,132.0,132.0,86.61266666666667,56.84133333333333,410.4406666666667,1384,-0.05451001796047331,0.5926007397515256,-0.05605965541441507,0.5910511022975837
I6_Continuous_Latent_State,1319,T1R,RECURRENT,BOTH,0.11354025518813293,0.0,0.0,0.0,1.0,4.0,1.0,0.0,4,1,0,0,129.965,132.0,132.0,86.634,56.83266666666667,410.59633333333335,1368,-0.05459336479301348,0.5946033025770603,-0.056501361743467544,0.5926953056266062
I6_Continuous_Latent_State,1319,T2,RECURRENT,BOTH,0.17865959160947847,0.0,0.0,0.0,1.0,4.0,1.0,0.0,4,1,0,0,129.76833333333335,132.0,132.0,86.436,56.56933333333333,410.4646666666667,1384,-0.0995754882346679,0.37687311805619134,-0.112732162301011,0.3637164439898482
I6_Continuous_Latent_State,1319,T3,RECURRENT,RECURRENT,0.14591223067752765,0.0,0.0,0.992,0.008,0.01,1.0,0.0,9,1,9,0,91.85166666666667,92.0,112.0,88.537,30.286,397.243,1320,-0.029782546815261685,0.3783498522543833,-0.05611894770211821,0.35201345136752676
I6_Continuous_Latent_State,1319,O_ALL,RECURRENT,BOTH,0.17862466394433288,0.0,0.0,0.0,1.0,4.0,1.0,0.0,0,0,0,0,131.10433333333333,132.0,132.0,85.8,57.053333333333335,411.01866666666666,1384,-0.09950518035795322,0.37602576003665916,-0.11083615499459791,0.3646947854000145
I7_Quiescent_Continuous_State,1319,T1,RECURRENT,BOTH,0.17022752191262525,0.0,0.0,0.0,1.0,4.0,1.0,0.2816666666666667,4,1,0,0,129.88666666666666,132.0,132.0,84.624,55.851333333333336,409.9456666666667,1384,-0.03598437199761529,0.39532017287054194,-0.06100606176595739,0.37029848310219987
I7_Quiescent_Continuous_State,1319,T1R,RECURRENT,BOTH,0.170223979573481,0.0,0.0,0.0,1.0,4.0,1.0,0.2816666666666667,4,1,0,0,129.965,132.0,132.0,84.83666666666667,55.937333333333335,410.14866666666666,1384,-0.03606877883816494,0.39732080426601346,-0.06144764904937755,0.3719419340548008
I7_Quiescent_Continuous_State,1319,T2,RECURRENT,BOTH,0.17071170979512532,0.0,0.0,0.0,1.0,4.0,1.0,0.31366666666666665,4,1,0,0,129.76833333333335,132.0,132.0,83.57333333333334,55.14333333333333,409.75166666666667,1384,-0.07593322356232299,0.2417184525321919,-0.0901241838654492,0.22752749222906568
I7_Quiescent_Continuous_State,1319,T3,RECURRENT,RECURRENT,0.12055961418333408,0.3732,0.0,0.6268,0.0,0.0,0.6268,0.0,3,2,3,1,81.19433333333333,92.0,102.0,85.11566666666667,28.238,381.291,1320,-0.018489186698559704,0.24093326688986566,-0.029427155545392245,0.22999529804303312
I7_Quiescent_Continuous_State,1319,O_ALL,RECURRENT,BOTH,0.17067125490990578,0.0,0.0,0.0,1.0,4.0,1.0,0.31366666666666665,0,0,0,0,131.10433333333333,132.0,132.0,82.34466666666667,55.332,410.158,1384,-0.07588982870985136,0.24086451862155273,-0.08825236116841201,0.22850198616299205
I8_Quiescent_Discrete_Delay,1319,T1,LAG,LAG,0.5745632185669657,0.0,1.0,0.0,0.0,3.988,0.0,0.0,4,0,0,0,93.53,98.0,98.0,86.04933333333334,54.362,361.681,1336,-0.17923138833236407,0.002557228068363528,-0.17945643827733587,0.0023321781233917225
I8_Quiescent_Discrete_Delay,1319,T1R,LAG,LAG,0.5730596186317095,0.0,1.0,0.0,0.0,4.0,0.0,0.0,4,0,0,0,94.44333333333333,98.0,98.0,85.292,54.712666666666664,361.85633333333334,1336,-0.18450419273337004,0.0016829579385689113,-0.1846945463565721,0.0014926043153669296
I8_Quiescent_Discrete_Delay,1319,T2,LAG,LAG,0.5502223196795646,0.0,1.0,0.0,0.0,4.0,0.0,0.0,4,0,0,0,94.45333333333333,98.0,98.0,85.298,54.724,361.862,1336,-0.17092888739328113,0.0023218909178306115,-0.17118559263564082,0.0020651856754709545
I8_Quiescent_Discrete_Delay,1319,T3,LAG,NONE,0.23841845629007385,0.5896,0.4104,0.0,0.0,1.3042,0.0,0.0,18,0,14,0,69.125,98.0,98.0,86.417,36.862,352.931,1336,0.17849157472520785,0.0023218909178306115,0.1784690025061593,0.002299318698782054
I8_Quiescent_Discrete_Delay,1319,O_ALL,LAG,BOTH,0.5454391204853464,0.0,0.0,0.0,1.0,4.0,1.0,0.967,0,0,0,0,130.606,132.0,132.0,84.89666666666666,56.202666666666666,410.5933333333333,1384,-0.18009715384381947,0.0039704908587422545,-0.18002478251564688,0.0040428621869148355
I9_Hybrid_Delay_Plus_Latent_State,1319,T1,BOTH,BOTH,0.35143436065910555,0.0,0.0,0.0,1.0,4.0,1.0,0.0031666666666666666,4,1,0,0,128.855,132.0,132.0,87.15366666666667,56.26,410.15,1384,-0.15921367711565534,0.2913611143848635,-0.15259135865600498,0.2979834328445139
I9_Hybrid_Delay_Plus_Latent_State,1319,T1R,BOTH,BOTH,0.34832464437181826,0.0,0.0,0.0,1.0,4.0,1.0,0.0023333333333333335,4,1,0,0,129.02333333333334,132.0,132.0,87.11566666666667,56.284,410.322,1384,-0.15249381388223554,0.29136383173601277,-0.1496677254711121,0.2941899201471362
I9_Hybrid_Delay_Plus_Latent_State,1319,T2,BOTH,BOTH,0.3749526708458157,0.0,0.0,0.0,1.0,3.9776,1.0,0.08,4,1,0,0,128.82666666666665,132.0,132.0,86.973,56.05,410.205,1384,-0.18114672589694114,0.1584300256348315,-0.1872078066957298,0.1523689448360428
I9_Hybrid_Delay_Plus_Latent_State,1319,T3,BOTH,BOTH,0.19103310072461757,0.0368,0.0272,0.1884,0.7476,2.829,0.936,0.0,9,7,5,6,112.02833333333334,132.0,132.0,87.70766666666667,46.692,400.766,1384,0.2509191050390543,0.15728148951210547,0.24038535050095539,0.1467477349740065
I9_Hybrid_Delay_Plus_Latent_State,1319,O_ALL,BOTH,BOTH,0.37484655153479896,0.0,0.0,0.0,1.0,4.0,1.0,0.06366666666666666,0,0,0,0,131.50933333333333,132.0,132.0,86.15133333333333,57.54266666666667,411.2633333333333,1384,-0.16529339406650279,0.16558246877533914,-0.17792750492692605,0.15294835791491584
I10_Redundant_Temporal_Structure,1319,T1,REDUNDANT,BOTH,0.2578185992677992,0.0,0.0,0.0,1.0,4.0,1.0,0.0,4,1,0,0,130.49166666666667,132.0,132.0,87.245,57.612,410.826,1384,-0.19871211058745583,2.4268789312278445,-0.1495235651845733,2.476067476630727
I10_Redundant_Temporal_Structure,1319,T1R,REDUNDANT,BOTH,0.257788937954583,0.0,0.0,0.0,1.0,4.0,1.0,0.0,4,1,0,0,130.67666666666668,132.0,132.0,87.16666666666667,57.63,410.995,1384,-0.19860603107695146,2.434378987678983,-0.14556052280551451,2.4874244959504197
I10_Redundant_Temporal_Structure,1319,T2,REDUNDANT,BOTH,0.5027174108141851,0.0,0.0,0.0,1.0,4.0,1.0,0.0,4,1,0,0,130.57333333333332,132.0,132.0,87.23233333333333,57.576,410.968,1384,-0.2813999227251602,0.5775264843405268,-0.2942718288635819,0.5646545782021051
I10_Redundant_Temporal_Structure,1319,T3,REDUNDANT,RECURRENT,0.40328005402146,0.0,0.0248,0.7464,0.2288,0.7876,0.9752,0.0,23,16,23,15,97.799,132.0,132.0,88.91533333333334,35.13133333333333,398.6736666666667,1320,0.035831333895144396,0.5639987200995032,-0.037138230956563434,0.4910291552477954
I10_Redundant_Temporal_Structure,1319,O_ALL,REDUNDANT,BOTH,0.49977150555863836,0.0,0.0,0.0,1.0,4.0,1.0,0.0,0,0,0,0,131.73933333333332,132.0,132.0,87.01266666666666,58.15533333333333,411.56966666666665,1384,-0.2776387989527267,0.5744866519654562,-0.27613864308881186,0.5759868078293712
I11_Regime_Switch_Delay_To_Latent,1319,T1,SWITCH_DELAY_TO_LATENT,BOTH,0.12115041923137021,0.0,0.4498,0.0,0.5502,3.9614,0.5502,0.0,4,1,0,0,108.12166666666667,132.0,132.0,85.17833333333333,53.345333333333336,383.17266666666666,1368,0.19172829964531848,0.22349304086868405,0.19200749357839758,0.22377223480176306
I11_Regime_Switch_Delay_To_Latent,1319,T1R,SWITCH_DELAY_TO_LATENT,BOTH,0.11825363661162583,0.0,0.4498,0.0,0.5502,3.4298,0.5502,0.0,4,1,0,0,102.94333333333333,132.0,132.0,86.358,49.806,381.403,1384,0.19970663666370342,0.22447340212348219,0.20100144212215337,0.2257682075819321
I11_Regime_Switch_Delay_To_Latent,1319,T2,SWITCH_DELAY_TO_LATENT,BOTH,0.16317642090561918,0.0,0.4496,0.0,0.5504,3.9456,0.5504,0.0,4,1,0,0,107.90233333333333,132.0,132.0,86.525,53.83533333333333,383.42566666666664,1384,0.1853184640140979,0.12135011237240353,0.19207243256934434,0.12810408092764997
I11_Regime_Switch_Delay_To_Latent,1319,T3,SWITCH_DELAY_TO_LATENT,RECURRENT,0.14251780875934908,0.0332,0.4166,0.5496,0.0006,1.664,0.5502,0.0,8,1,8,0,89.63,98.0,102.0,87.54433333333333,41.23266666666667,377.11633333333333,1320,0.2187850840517855,0.12276294870606494,0.2032533313943544,0.10723119604863385
I11_Regime_Switch_Delay_To_Latent,1319,O_ALL,SWITCH_DELAY_TO_LATENT,BOTH,0.29887381504307553,0.0,0.0,0.0,1.0,4.0,1.0,0.5068333333333334,0,0,0,0,130.636,132.0,132.0,85.63266666666667,56.59466666666667,410.78933333333333,1384,-0.1303450495537666,0.11626186097828399,-0.12815927900693735,0.11844763152511324
I12_Regime_Switch_Latent_To_Delay,1319,T1,SWITCH_LATENT_TO_DELAY,BOTH,0.32100065670441436,0.0,0.0,0.0,1.0,4.0,1.0,0.487,4,1,0,0,129.29666666666665,132.0,132.0,86.55333333333333,56.346666666666664,410.1933333333333,1384,-0.115122377975549,0.23699016370711637,-0.11839022741271611,0.23372231426994924
I12_Regime_Switch_Latent_To_Delay,1319,T1R,SWITCH_LATENT_TO_DELAY,BOTH,0.3235424412286446,0.0,0.0,0.0,1.0,4.0,1.0,0.4881666666666667,4,1,0,0,128.905,132.0,132.0,86.426,55.884,410.122,1384,-0.1071533943974287,0.24073953808215726,-0.10818258481528661,0.23971034766429933
I12_Regime_Switch_Latent_To_Delay,1319,T2,SWITCH_LATENT_TO_DELAY,BOTH,0.3435445753444142,0.0,0.0,0.0,1.0,4.0,1.0,0.49533333333333335,4,1,0,0,129.11,132.0,132.0,86.37333333333333,56.01733333333333,410.1886666666667,1384,-0.10959465225408124,0.13759478406030587,-0.1314170475546572,0.11577238875972988
I12_Regime_Switch_Latent_To_Delay,1319,T3,SWITCH_LATENT_TO_DELAY,LAG,0.17875128167899307,0.1874,0.407,0.4056,0.0,1.3932,0.4056,0.0,9,1,5,1,86.546,98.0,102.0,87.90833333333333,38.16866666666667,377.41633333333334,1336,0.1982781504520066,0.13990187967505158,0.18836812631891833,0.12999185554196327
I12_Regime_Switch_Latent_To_Delay,1319,O_ALL,SWITCH_LATENT_TO_DELAY,BOTH,0.34621494530007996,0.0,0.0,0.0,1.0,4.0,1.0,0.49333333333333335,0,0,0,0,131.081,132.0,132.0,85.21666666666667,56.74466666666667,410.8643333333333,1384,-0.12134041586458352,0.13742932929355706,-0.13039421401889636,0.1283755311392442
I13_Regime_Switch_Hybrid_To_Memoryless,1319,T1,SWITCH_HYBRID_TO_NONE,BOTH,0.25307841348152715,0.0,0.0,0.0,1.0,4.0,1.0,0.4805,4,1,0,0,128.855,132.0,132.0,86.505,55.93933333333333,409.98966666666666,1368,-0.07572663466014888,0.11859506327143618,-0.07581641013657774,0.11850528779500735
I13_Regime_Switch_Hybrid_To_Memoryless,1319,T1R,SWITCH_HYBRID_TO_NONE,BOTH,0.2497366454216899,0.0,0.0,0.0,1.0,4.0,1.0,0.47433333333333333,4,1,0,0,129.02333333333334,132.0,132.0,86.151,55.80466666666667,410.08233333333334,1368,-0.08627152892304961,0.12089400038259455,-0.08590884443189664,0.12125668487374751
I13_Regime_Switch_Hybrid_To_Memoryless,1319,T2,SWITCH_HYBRID_TO_NONE,BOTH,0.26427132207180754,0.0,0.0,0.0,1.0,3.9776,1.0,0.5546666666666666,4,1,0,0,128.82666666666665,132.0,132.0,86.08766666666666,55.61533333333333,409.98766666666666,1368,-0.08693398582972436,0.06439487077097669,-0.09004287952011221,0.06128597708058881
I13_Regime_Switch_Hybrid_To_Memoryless,1319,T3,SWITCH_HYBRID_TO_NONE,NONE,0.18584994486882542,0.6236,0.0086,0.1884,0.1794,0.4818,0.3678,0.0,9,5,9,5,76.38166666666666,132.0,132.0,87.38666666666667,32.398666666666664,370.89933333333335,1240,0.037084954205324545,0.06588368251907893,0.03497452932004056,0.06377325763379496
I13_Regime_Switch_Hybrid_To_Memoryless,1319,O_ALL,SWITCH_HYBRID_TO_NONE,BOTH,0.26501274589428603,0.0,0.0,0.0,1.0,4.0,1.0,0.5383333333333333,0,0,0,0,131.50933333333333,132.0,132.0,84.31333333333333,56.632666666666665,410.80833333333334,1352,-0.0840559865366552,0.06823272122938445,-0.09551548207647237,0.05677322568956727
I14_Intermittent_Hybrid,1319,T1,INTERMITTENT,BOTH,0.12029528493760751,0.0,0.0,0.0,1.0,4.0,1.0,0.24216666666666667,4,1,0,0,125.15333333333334,132.0,132.0,86.04133333333333,54.81933333333333,406.06966666666665,1352,0.16907610574592966,0.22133389357416206,0.1364773371546705,0.1887351249829029
I14_Intermittent_Hybrid,1319,T1R,INTERMITTENT,BOTH,0.11958390116607609,0.0,0.0,0.0,1.0,3.8478,1.0,0.23333333333333334,4,1,0,0,124.97166666666666,132.0,132.0,86.507,52.919333333333334,408.63966666666664,1368,0.12245864113858972,0.22980788579774222,0.0894684068385986,0.19681765149775102
I14_Intermittent_Hybrid,1319,T2,INTERMITTENT,BOTH,0.1644627634416774,0.0,0.0,0.0,1.0,4.0,1.0,0.23983333333333334,4,1,0,0,126.97833333333334,132.0,132.0,86.71333333333334,54.62,409.49,1352,0.17081358137346875,0.13538145936223672,0.12935643778997566,0.09392431577874365
I14_Intermittent_Hybrid,1319,T3,INTERMITTENT,RECURRENT,0.1958078728145612,0.2968,0.1176,0.5754,0.0102,0.268,0.5856,0.0,6,3,6,3,78.98633333333333,92.0,122.0,88.443,31.908,376.27,1256,0.03251722220062332,0.14556961118072725,0.009568577423418762,0.12262096640352271
I14_Intermittent_Hybrid,1319,O_ALL,INTERMITTENT,BOTH,0.16594527949353147,0.0,0.0,0.0,1.0,4.0,1.0,0.2605,0,0,0,0,130.921,132.0,132.0,85.40666666666667,56.711333333333336,410.84766666666667,1368,0.16623748069541835,0.1302625674151692,0.12419183294344932,0.08821691966320017
I1_Memoryless_Linear,1320,T1,NONE,NONE,0.12174099846257014,1.0,0.0,0.0,0.0,0.0,0.0,0.0,0,0,0,0,58.0,58.0,58.0,79.304,25.131333333333334,347.0656666666667,1240,-0.012412242850595405,-0.0002995935786083322,-0.012412242850595405,-0.0002995935786083322
I1_Memoryless_Linear,1320,T1R,NONE,RECURRENT,0.12215098062589583,0.0,0.0,1.0,0.0,0.0,1.0,0.0,0,1,0,0,91.67133333333334,92.0,92.0,79.004,25.076,394.574,1288,-0.015235935811461664,0.01275249496233521,-0.014474522812864097,0.013513907960932773
I1_Memoryless_Linear,1320,T2,NONE,RECURRENT,0.12176251905461244,0.0,0.0,1.0,0.0,0.0,1.0,0.0,0,1,0,0,91.67133333333334,92.0,92.0,79.304,25.131333333333334,394.6016666666667,1288,-0.012412242850595405,-0.0010301428417425565,-0.012442775160348644,-0.0010606751514957936
I1_Memoryless_Linear,1320,T3,NONE,NONE,0.12174099846257014,1.0,0.0,0.0,0.0,0.0,0.0,0.0,0,0,0,0,58.0,58.0,58.0,79.304,25.131333333333334,347.0656666666667,1240,-0.012412242850595405,-0.0002995935786083322,-0.012412242850595405,-0.0002995935786083322
I1_Memoryless_Linear,1320,O_ALL,NONE,BOTH,0.1454420736236203,0.0,0.0,0.0,1.0,3.701,1.0,0.8686666666666667,0,0,0,0,123.44433333333333,132.0,132.0,70.858,43.49933333333333,404.2416666666667,1352,-0.030705829176313107,-0.0010390224391766535,-0.03072498942375757,-0.001058182686621116
I2_Static_Nonlinear_Negative_Control,1320,T1,NONE,BOTH,1.3729511081511965,0.0,0.4026,0.0,0.5974,3.8662,0.5974,0.0755,4,1,0,0,109.69566666666667,132.0,132.0,86.72066666666667,54.11,385.443,1384,-0.1701803186637653,0.07575031670827234,-0.17676298411456018,0.06916765125747744
I2_Static_Nonlinear_Negative_Control,1320,T1R,NONE,BOTH,1.3729523499859435,0.0,0.4026,0.0,0.5974,3.8662,0.5974,0.0755,4,1,0,0,109.69566666666667,132.0,132.0,86.66866666666667,54.083333333333336,385.42966666666666,1384,-0.17017964872064445,0.07575059196135775,-0.17676238648346196,0.06916785419854023
I2_Static_Nonlinear_Negative_Control,1320,T2,NONE,LAG,1.3251642269586568,0.0,1.0,0.0,0.0,3.8404,0.0,0.0,4,0,0,0,92.56,98.0,98.0,86.71333333333334,53.936,361.468,1336,-0.13526820347983792,-0.002749460041598945,-0.13445319240068676,-0.0019344489624477438
I2_Static_Nonlinear_Negative_Control,1320,T3,NONE,NONE,1.1003271346265502,0.9916,0.0084,0.0,0.0,0.012,0.0,0.0,13,0,13,0,58.36333333333334,58.0,78.0,88.77366666666667,30.518,349.759,1256,-0.07014127974369899,-0.002749460041598945,-0.07026577187908636,-0.002873952176986316
I2_Static_Nonlinear_Negative_Control,1320,O_ALL,NONE,BOTH,1.4720069477428785,0.0,0.0,0.0,1.0,5.0,1.0,0.8676666666666667,0,0,0,0,140.90766666666667,142.0,142.0,85.76466666666667,64.854,414.919,1400,-0.24819287829902814,-0.005814705072919511,-0.24751734854275806,-0.0051391753166493866
I3_Single_Exact_Delay,1320,T1,LAG,LAG,0.10099683290209595,0.0,1.0,0.0,0.0,3.917,0.0,0.0,4,0,0,0,93.02833333333334,98.0,98.0,76.23366666666666,49.089333333333336,359.04466666666667,1304,0.63842601628463,0.0020537776181751683,0.6384714735931639,0.002099234926709117
I3_Single_Exact_Delay,1320,T1R,LAG,BOTH,0.09856901046509292,0.0,0.0,0.0,1.0,3.6758,1.0,0.0,4,1,0,0,123.71833333333333,132.0,132.0,86.49,51.74333333333333,408.0516666666667,1368,0.6413482564354654,0.012578347942067618,0.6415793333215655,0.012809424828167536
I3_Single_Exact_Delay,1320,T2,LAG,BOTH,0.13323939812139254,0.0,0.0,0.0,1.0,4.0,1.0,0.0,4,1,0,0,128.09666666666666,132.0,132.0,86.53433333333334,55.25533333333333,409.80766666666665,1368,0.6384033825813372,0.00010350983141031486,0.6391796001493923,0.0008797273994654222
I3_Single_Exact_Delay,1320,T3,LAG,LAG,0.1342800133110585,0.0,1.0,0.0,0.0,4.0,0.0,0.0,4,0,0,0,94.55333333333333,98.0,98.0,86.56666666666666,55.452666666666666,362.22633333333334,1336,0.6414334555101163,0.0020537776181751683,0.6414789128186502,0.002099234926709117
I3_Single_Exact_Delay,1320,O_ALL,LAG,BOTH,0.13678098779685896,0.0,0.0,0.0,1.0,4.0,1.0,0.0125,0,0,0,0,130.81266666666667,132.0,132.0,86.24466666666666,57.04266666666667,411.0133333333333,1368,0.6184284847616318,-0.0011391441440009161,0.6203175757932559,0.0007499468876230854
I4_Multi_Sparse_Delay,1320,T1,LAG,BOTH,0.5257663462298809,0.0,0.0,0.0,1.0,4.0,1.0,0.07983333333333334,4,1,0,0,129.33733333333333,132.0,132.0,87.18266666666666,57.49066666666667,409.2133333333333,1384,0.10163139133900582,-0.000119109539524391,0.09493677069721541,-0.0068137301813147874
I4_Multi_Sparse_Delay,1320,T1R,LAG,BOTH,0.7356661906053007,0.0,0.0,0.0,1.0,4.0,1.0,0.12616666666666668,4,1,0,0,130.53533333333334,132.0,132.0,87.213,57.526666666666664,410.88733333333334,1384,-0.5064996500792406,0.15003189864013636,-0.4779017410194117,0.17862980769996537
I4_Multi_Sparse_Delay,1320,T2,LAG,BOTH,0.536861584968033,0.0,0.0,0.0,1.0,4.0,1.0,0.095,4,1,0,0,130.49866666666668,132.0,132.0,87.21066666666667,57.49933333333333,410.8736666666667,1384,0.105500792478341,-0.0020001651151631463,0.10221971074489755,-0.005281246848606599
I4_Multi_Sparse_Delay,1320,T3,LAG,LAG,0.579892930005268,0.3782,0.3842,0.1892,0.0484,1.2382,0.2376,0.0,55,33,51,33,77.31633333333333,98.0,132.0,88.40666666666667,38.093333333333334,364.56266666666664,1336,0.07337875169279101,0.00597098502312483,0.05250127303653135,-0.014906493633134836
I4_Multi_Sparse_Delay,1320,O_ALL,LAG,BOTH,0.7331435246103873,0.0,0.0,0.0,1.0,4.0,1.0,0.381,0,0,0,0,131.596,132.0,132.0,87.052,58.06133333333333,411.5226666666667,1384,-0.4034036376644424,0.027703165708866693,-0.38217508696348246,0.04893171640982665
I5_Moving_Delay_Support,1320,T1,LAG,LAG,0.5186009511021801,0.0,1.0,0.0,0.0,3.4122,0.0,0.0,4,0,0,0,87.335,98.0,98.0,86.70366666666666,49.852,359.426,1336,-0.12383745882607276,-0.0008827455819967643,-0.12378523797811558,-0.0008305247340395897
I5_Moving_Delay_Support,1320,T1R,LAG,BOTH,0.5223024729328809,0.0,0.0,0.0,1.0,3.6452,1.0,0.8611666666666666,4,1,0,0,122.95933333333333,132.0,132.0,86.56033333333333,51.32866666666666,407.71633333333335,1384,-0.1648472286419072,0.0037116214299667606,-0.1654541699925959,0.003104680079277986
I5_Moving_Delay_Support,1320,T2,LAG,BOTH,0.5204359986812996,0.0,0.0,0.0,1.0,3.6956,1.0,0.9146666666666666,4,1,0,0,123.37933333333334,132.0,132.0,86.513,51.641333333333336,407.87266666666665,1384,-0.13911932421168752,-0.00028368712841545174,-0.13917540820854482,-0.00033977112527274904
I5_Moving_Delay_Support,1320,T3,LAG,LAG,0.2778801395264649,0.4582,0.5418,0.0,0.0,1.8344,0.0,0.0,12,1,8,1,74.676,98.0,98.0,87.522,40.482,356.693,1336,0.2763618444459462,-0.0004390957695657648,0.2763170845119272,-0.0004838557035847599
I5_Moving_Delay_Support,1320,O_ALL,LAG,BOTH,0.5395255932275894,0.0,0.0,0.0,1.0,4.0,1.0,0.9675,0,0,0,0,130.61766666666668,132.0,132.0,86.18666666666667,56.85066666666667,410.9173333333333,1384,-0.2271558070996351,-0.0008060385048038773,-0.2269287479504851,-0.000578979355653896
I6_Continuous_Latent_State,1320,T1,RECURRENT,BOTH,0.11243597372748139,0.0,0.0,0.0,1.0,4.0,1.0,0.0,4,1,0,0,130.14666666666668,132.0,132.0,86.74333333333334,57.054,410.547,1384,-0.05876955470618897,0.5908025119289102,-0.05870821829719977,0.5908638483378994
I6_Continuous_Latent_State,1320,T1R,RECURRENT,BOTH,0.11242549030935368,0.0,0.0,0.0,1.0,4.0,1.0,0.0,4,1,0,0,130.24166666666667,132.0,132.0,86.83766666666666,57.086666666666666,410.72333333333336,1384,-0.05643459431455804,0.5919209472274444,-0.05698289248310067,0.5913726490589019
I6_Continuous_Latent_State,1320,T2,RECURRENT,BOTH,0.16955823624439176,0.0,0.0,0.0,1.0,4.0,1.0,0.0,4,1,0,0,129.49,132.0,132.0,86.47866666666667,56.30866666666667,410.33433333333335,1384,-0.1039887087809578,0.3368292051027488,-0.08141187329201739,0.3594060405916892
I6_Continuous_Latent_State,1320,T3,RECURRENT,RECURRENT,0.13986386470733309,0.0,0.0,0.9958,0.0042,0.0042,1.0,0.0,8,1,8,0,91.83,92.0,112.0,88.80033333333333,30.399333333333335,397.29966666666667,1304,-0.012970984416242184,0.3408862878912955,-0.04347605216365482,0.31038122014388286
I6_Continuous_Latent_State,1320,O_ALL,RECURRENT,BOTH,0.1716491204694622,0.0,0.0,0.0,1.0,4.0,1.0,0.0,0,0,0,0,131.31933333333333,132.0,132.0,86.03266666666667,57.34133333333333,411.16266666666667,1368,-0.10293490201480843,0.33880757883507573,-0.08861006607334952,0.35313241477653456
I7_Quiescent_Continuous_State,1320,T1,RECURRENT,BOTH,0.19016720041965574,0.0,0.0,0.0,1.0,4.0,1.0,0.16366666666666665,4,1,0,0,130.14666666666668,132.0,132.0,83.95666666666666,55.66733333333333,409.85366666666664,1384,-0.10337928366582883,0.4268408127221711,-0.10128556842691236,0.4289345279610875
I7_Quiescent_Continuous_State,1320,T1R,RECURRENT,BOTH,0.19015751752007268,0.0,0.0,0.0,1.0,4.0,1.0,0.16366666666666665,4,1,0,0,130.24166666666667,132.0,132.0,84.60833333333333,55.97666666666667,410.16833333333335,1384,-0.10104984633960998,0.4279677766795884,-0.09956765380276228,0.4294499692164362
I7_Quiescent_Continuous_State,1320,T2,RECURRENT,BOTH,0.18057271315113213,0.0,0.0,0.0,1.0,4.0,1.0,0.31633333333333336,4,1,0,0,129.49,132.0,132.0,82.42533333333333,54.28933333333333,409.32466666666664,1384,-0.10614712362984899,0.22977484268525578,-0.08545973844898734,0.2504622278661174
I7_Quiescent_Continuous_State,1320,T3,RECURRENT,RECURRENT,0.13005155445027772,0.3776,0.0,0.6224,0.0,0.0,0.6224,0.0,4,2,4,1,81.09633333333333,92.0,112.0,84.57,27.912666666666667,380.95233333333334,1320,-0.04454408139554628,0.23286360931595151,-0.04031986280647911,0.23708782790501867
I7_Quiescent_Continuous_State,1320,O_ALL,RECURRENT,BOTH,0.18141555680930863,0.0,0.0,0.0,1.0,4.0,1.0,0.31616666666666665,0,0,0,0,131.31933333333333,132.0,132.0,81.75,55.20666666666666,410.0953333333333,1384,-0.10044104808538523,0.2331793977100252,-0.08707386703850889,0.24654657875690153
I8_Quiescent_Discrete_Delay,1320,T1,LAG,LAG,0.11594497820902441,0.0,1.0,0.0,0.0,3.917,0.0,0.0,4,0,0,0,93.02833333333334,98.0,98.0,74.52033333333334,48.236,358.618,1336,0.3809539410801521,0.0020537776181751683,0.3809993983886861,0.002099234926709117
I8_Quiescent_Discrete_Delay,1320,T1R,LAG,BOTH,0.11392124469357798,0.0,0.0,0.0,1.0,3.6758,1.0,0.30233333333333334,4,1,0,0,123.71833333333333,132.0,132.0,85.27933333333333,51.14,407.75,1384,0.38698741670312536,0.05468761237708243,0.3834001564870992,0.05110035216105627
I8_Quiescent_Discrete_Delay,1320,T2,LAG,BOTH,0.14230175551814697,0.0,0.0,0.0,1.0,4.0,1.0,0.30416666666666664,4,1,0,0,128.09666666666666,132.0,132.0,84.65033333333334,54.31666666666667,409.3383333333333,1384,0.38617876461839157,-0.00048440886932830284,0.38788881968351957,0.0012256461957996791
I8_Quiescent_Discrete_Delay,1320,T3,LAG,NONE,0.3343293079378646,0.7462,0.2538,0.0,0.0,1.0004,0.0,0.0,9,0,9,0,69.56333333333333,98.0,98.0,85.92066666666666,37.05733333333333,353.02866666666665,1272,0.11125696939310363,0.0020537776181751683,0.1113024267016376,0.002099234926709117
I8_Quiescent_Discrete_Delay,1320,O_ALL,LAG,BOTH,0.15015974686016967,0.0,0.0,0.0,1.0,4.0,1.0,0.31683333333333336,0,0,0,0,130.81266666666667,132.0,132.0,83.82,55.834666666666664,410.40933333333334,1384,0.3592968190256428,-0.0012340321117022882,0.3623986306594816,0.0018677795221364471
I9_Hybrid_Delay_Plus_Latent_State,1320,T1,BOTH,BOTH,0.09877221402727089,0.0,0.0,0.0,1.0,3.9924,1.0,0.0,4,1,0,0,127.51333333333334,132.0,132.0,86.249,54.73866666666667,409.38933333333335,1384,0.36144377955624674,0.3279099844411875,0.3592794345926336,0.32574563947757423
I9_Hybrid_Delay_Plus_Latent_State,1320,T1R,BOTH,BOTH,0.09591697329422592,0.0,0.0,0.0,1.0,4.0,1.0,0.0,4,1,0,0,127.98166666666667,132.0,132.0,86.71066666666667,55.25266666666667,409.8063333333333,1384,0.39518062732476067,0.32310599667634304,0.39655555180020435,0.3244809211517868
I9_Hybrid_Delay_Plus_Latent_State,1320,T2,BOTH,BOTH,0.38059658527205786,0.0,0.0,0.0,1.0,4.0,1.0,0.04883333333333333,4,1,0,0,129.09833333333333,132.0,132.0,86.669,56.114,410.237,1384,-0.24650801087651567,0.13042939401824402,-0.23740131320492572,0.139536091689834
I9_Hybrid_Delay_Plus_Latent_State,1320,T3,BOTH,RECURRENT,0.24171162108259867,0.0268,0.0382,0.5216,0.4134,1.5882,0.935,0.0,6,8,2,7,103.10333333333334,132.0,132.0,87.912,39.29533333333333,399.1476666666667,1384,0.10759765676409189,0.1486690808055675,0.12006238838906469,0.16113381243054029
I9_Hybrid_Delay_Plus_Latent_State,1320,O_ALL,BOTH,BOTH,0.37808393350213343,0.0,0.0,0.0,1.0,4.0,1.0,0.05383333333333333,0,0,0,0,130.846,132.0,132.0,86.21533333333333,57.04866666666667,411.0163333333333,1384,-0.19196365139922067,0.13145524615421877,-0.19273914755856023,0.13067974999487925
I10_Redundant_Temporal_Structure,1320,T1,REDUNDANT,BOTH,0.2640369925950799,0.0,0.0,0.0,1.0,4.0,1.0,0.0,4,1,0,0,129.085,132.0,132.0,87.17666666666666,56.484,410.262,1384,-0.12763307090134585,3.6941995249624826,-0.11910696867344991,3.7027256271903783
I10_Redundant_Temporal_Structure,1320,T1R,REDUNDANT,BOTH,0.26763385592263816,0.0,0.0,0.0,1.0,4.0,1.0,0.0,4,1,0,0,128.84333333333333,132.0,132.0,87.18766666666667,56.208666666666666,410.28433333333334,1384,-0.11352190186149717,3.8265049990909414,-0.14759611745334048,3.7924307834990985
I10_Redundant_Temporal_Structure,1320,T2,REDUNDANT,BOTH,0.5237110053558663,0.0,0.0,0.0,1.0,4.0,1.0,0.0008333333333333334,4,1,0,0,129.21833333333333,132.0,132.0,87.163,56.48733333333333,410.4236666666667,1384,-0.2480283805361735,0.4357868123873383,-0.23560672960102824,0.4482084633224836
I10_Redundant_Temporal_Structure,1320,T3,REDUNDANT,RECURRENT,0.4247765967119905,0.0,0.0094,0.8254,0.1652,0.6192,0.9906,0.0,21,7,17,7,96.55166666666666,132.0,132.0,88.845,34.04333333333334,398.6016666666667,1336,-0.026318348868145918,0.43557947596768354,-0.04414590154895268,0.4177519232868768
I10_Redundant_Temporal_Structure,1320,O_ALL,REDUNDANT,BOTH,0.5284834088255957,0.0,0.0,0.0,1.0,4.0,1.0,0.008333333333333333,0,0,0,0,131.221,132.0,132.0,86.63266666666667,57.553333333333335,411.26866666666666,1384,-0.2714554617570634,0.4355148885550243,-0.23881461539243792,0.46815573491964985
I11_Regime_Switch_Delay_To_Latent,1320,T1,SWITCH_DELAY_TO_LATENT,BOTH,0.26132011071889066,0.0,0.4526,0.0,0.5474,3.9802,0.5474,0.0,4,1,0,0,108.66233333333334,132.0,132.0,86.45,54.376,383.576,1384,-0.06850304025825923,0.24349864841857,-0.07145915801058593,0.24054253066624323
I11_Regime_Switch_Delay_To_Latent,1320,T1R,SWITCH_DELAY_TO_LATENT,BOTH,0.265350156588584,0.0,0.4794,0.0,0.5206,3.7548,0.5206,0.0,4,1,0,0,104.94133333333333,132.0,132.0,86.34133333333334,51.962,381.297,1368,-0.043866963072999386,0.23521513466338856,-0.04621362427308848,0.23286847346329945
I11_Regime_Switch_Delay_To_Latent,1320,T2,SWITCH_DELAY_TO_LATENT,BOTH,0.29098259974936447,0.0,0.4536,0.0,0.5464,3.9802,0.5464,0.0,4,1,0,0,108.79233333333333,132.0,132.0,86.146,54.35066666666667,383.5233333333333,1384,-0.09814112298148056,0.10649660233919371,-0.09364082140899382,0.11099690391168043
I11_Regime_Switch_Delay_To_Latent,1320,T3,SWITCH_DELAY_TO_LATENT,RECURRENT,0.2464446545617678,0.458,0.0212,0.5208,0.0,0.0212,0.5208,0.0,12,1,12,0,72.98866666666666,92.0,92.0,88.162,30.088666666666665,370.36833333333334,1320,-0.01573478152417609,0.10575323767158216,-0.020553268571829077,0.10093475062392916
I11_Regime_Switch_Delay_To_Latent,1320,O_ALL,SWITCH_DELAY_TO_LATENT,BOTH,0.3053587109695947,0.0,0.0,0.0,1.0,4.0,1.0,0.5405,0,0,0,0,130.486,132.0,132.0,85.41,56.36333333333334,410.6736666666667,1384,-0.14622811657816742,0.09838576146305746,-0.1350165281089555,0.10959734993226936
I12_Regime_Switch_Latent_To_Delay,1320,T1,SWITCH_LATENT_TO_DELAY,BOTH,0.3297834887866957,0.0,0.0,0.0,1.0,4.0,1.0,0.4781666666666667,4,1,0,0,130.14333333333335,132.0,132.0,86.72166666666666,57.038,410.539,1384,-0.10075808692542722,0.20199381699901967,-0.10695466116270845,0.1957972427617384
I12_Regime_Switch_Latent_To_Delay,1320,T1R,SWITCH_LATENT_TO_DELAY,BOTH,0.3223921097608516,0.0,0.0,0.0,1.0,3.8694,1.0,0.4826666666666667,4,1,0,0,126.715,132.0,132.0,86.75966666666666,54.232,409.296,1384,-0.1112326904541401,0.20269592000990874,-0.11417078382657031,0.19975782663747854
I12_Regime_Switch_Latent_To_Delay,1320,T2,SWITCH_LATENT_TO_DELAY,BOTH,0.3466712280611912,0.0,0.0,0.0,1.0,4.0,1.0,0.483,4,1,0,0,130.28,132.0,132.0,86.35433333333333,56.87533333333333,410.61766666666665,1384,-0.11788952363514937,0.11598526606267776,-0.1174566712168647,0.11641811848096249
I12_Regime_Switch_Latent_To_Delay,1320,T3,SWITCH_LATENT_TO_DELAY,RECURRENT,0.20822020588295528,0.2782,0.31,0.4108,0.001,1.06,0.4118,0.0,15,1,11,1,83.93666666666667,98.0,102.0,88.136,36.297333333333334,376.72866666666664,1336,0.1488879724825351,0.11680711616628038,0.14262739906146701,0.11054654274521226
I12_Regime_Switch_Latent_To_Delay,1320,O_ALL,SWITCH_LATENT_TO_DELAY,BOTH,0.3466790765933922,0.0,0.0,0.0,1.0,4.0,1.0,0.483,0,0,0,0,131.31766666666667,132.0,132.0,86.00533333333334,57.32333333333333,411.15366666666665,1384,-0.11545719991676862,0.11642705620228246,-0.11880045186428333,0.11308380425476772
I13_Regime_Switch_Hybrid_To_Memoryless,1320,T1,SWITCH_HYBRID_TO_NONE,BOTH,0.11932429220600471,0.0,0.0,0.0,1.0,3.9286,1.0,0.4851666666666667,4,1,1,0,126.98333333333333,132.0,132.0,85.475,53.93,408.985,1368,0.12710164833649557,0.15131748082722743,0.11625942961732454,0.14047526210805636
I13_Regime_Switch_Hybrid_To_Memoryless,1320,T1R,SWITCH_HYBRID_TO_NONE,BOTH,0.11523648088610124,0.0,0.0,0.0,1.0,3.836,1.0,0.4866666666666667,4,1,3,0,126.62,132.0,132.0,85.93066666666667,53.778,409.069,1304,0.16881356220258087,0.1553100512320514,0.15369454603778285,0.1401910350672534
I13_Regime_Switch_Hybrid_To_Memoryless,1320,T2,SWITCH_HYBRID_TO_NONE,BOTH,0.2660108006010737,0.0,0.0,0.0,1.0,4.0,1.0,0.5176666666666667,4,1,0,0,129.09833333333333,132.0,132.0,85.31966666666666,55.44733333333333,409.90366666666665,1352,-0.14637379495254527,0.08867702105249158,-0.14287682830413856,0.09217398770089824
I13_Regime_Switch_Hybrid_To_Memoryless,1320,T3,SWITCH_HYBRID_TO_NONE,NONE,0.21470939373154763,0.6186,0.0,0.3792,0.0022,0.0022,0.3814,0.0,2,3,2,3,74.21366666666667,92.0,102.0,86.72233333333334,29.196666666666665,371.96233333333333,1224,-0.05208247463201495,0.09228031942774721,-0.05296094497610807,0.0914018490836541
I13_Regime_Switch_Hybrid_To_Memoryless,1320,O_ALL,SWITCH_HYBRID_TO_NONE,BOTH,0.2644926379180408,0.0,0.0,0.0,1.0,4.0,1.0,0.5218333333333334,0,0,0,0,130.846,132.0,132.0,84.55333333333333,56.22666666666667,410.6053333333333,1336,-0.11993065786510879,0.0868093846352873,-0.1242454074147724,0.08249463508562369
I14_Intermittent_Hybrid,1320,T1,INTERMITTENT,BOTH,0.12064649952121037,0.0,0.0,0.0,1.0,4.0,1.0,0.22533333333333333,4,1,0,0,129.30566666666667,132.0,132.0,86.09633333333333,56.242,409.869,1368,0.24326488051443296,0.21099917527406475,0.18830667229111556,0.15604096705074735
I14_Intermittent_Hybrid,1320,T1R,INTERMITTENT,BOTH,0.11986491507008815,0.0,0.0,0.0,1.0,3.8176,1.0,0.22533333333333333,4,1,0,0,126.306,132.0,132.0,86.54233333333333,53.85466666666667,409.0593333333333,1384,0.2501823668282304,0.21477984188638,0.19513999161539664,0.15973746667354619
I14_Intermittent_Hybrid,1320,T2,INTERMITTENT,BOTH,0.15676898083731108,0.0,0.0,0.0,1.0,3.9234,1.0,0.23683333333333334,4,1,0,0,127.74766666666666,132.0,132.0,86.683,55.074,409.669,1384,0.22418831126372918,0.10810794619884127,0.17743093072183339,0.0613505656569455
I14_Intermittent_Hybrid,1320,T3,INTERMITTENT,RECURRENT,0.18670391501490174,0.2838,0.137,0.4984,0.0808,0.7866,0.5792,0.0,12,7,12,7,86.517,112.0,132.0,87.86966666666666,37.692,378.13,1256,0.10358442782170094,0.1178705366860234,0.07494530876037918,0.08923141762470166
I14_Intermittent_Hybrid,1320,O_ALL,INTERMITTENT,BOTH,0.2688156772644591,0.0,0.0,0.0,1.0,4.0,1.0,0.33366666666666667,0,0,0,0,131.24266666666668,132.0,132.0,86.158,57.34,411.162,1368,-0.14458123147163324,0.12120461661510665,-0.1421218031180301,0.12366404496870975
I1_Memoryless_Linear,1321,T1,NONE,NONE,0.12339309183181332,1.0,0.0,0.0,0.0,0.0,0.0,0.0,0,0,0,0,58.0,58.0,58.0,68.63266666666667,18.54,343.77,1240,-0.004489093563786489,-0.0005389384387025127,-0.004489093563786489,-0.0005389384387025127
I1_Memoryless_Linear,1321,T1R,NONE,NONE,0.12339309183181332,1.0,0.0,0.0,0.0,0.0,0.0,0.0,0,0,0,0,58.0,58.0,58.0,68.63266666666667,18.54,343.77,1240,-0.004489093563786489,-0.0005389384387025127,-0.004489093563786489,-0.0005389384387025127
I1_Memoryless_Linear,1321,T2,NONE,NONE,0.12339309183181332,1.0,0.0,0.0,0.0,0.0,0.0,0.0,0,0,0,0,58.0,58.0,58.0,68.63266666666667,18.54,343.77,1240,-0.004489093563786489,-0.0005389384387025127,-0.004489093563786489,-0.0005389384387025127
I1_Memoryless_Linear,1321,T3,NONE,NONE,0.12339309183181332,1.0,0.0,0.0,0.0,0.0,0.0,0.0,0,0,0,0,58.0,58.0,58.0,68.63266666666667,18.54,343.77,1240,-0.004489093563786489,-0.0005389384387025127,-0.004489093563786489,-0.0005389384387025127
I1_Memoryless_Linear,1321,O_ALL,NONE,BOTH,0.1375407110498523,0.0,0.0,0.2236,0.7764,2.1502,1.0,0.6465,0,0,0,0,109.906,132.0,132.0,64.91466666666666,29.740666666666666,397.3623333333333,1352,-0.019661788352690595,-6.443505533781914e-05,-0.01968221376362013,-8.486046626735533e-05
I2_Static_Nonlinear_Negative_Control,1321,T1,NONE,BOTH,1.2760854899004461,0.0,0.0,0.0,1.0,4.0,1.0,0.05366666666666667,4,1,0,0,124.532,132.0,132.0,86.89366666666666,56.58133333333333,403.3346666666667,1384,-0.276376382389631,0.540246980722116,-0.28530325517367633,0.5313201079380707
I2_Static_Nonlinear_Negative_Control,1321,T1R,NONE,BOTH,1.266737660130561,0.0,0.0,0.0,1.0,4.0,1.0,0.1155,4,1,0,0,123.82666666666667,132.0,132.0,86.76733333333334,56.257333333333335,402.82866666666666,1384,-0.29749830415323125,0.3168386639027627,-0.3032381856314225,0.3110987824245714
I2_Static_Nonlinear_Negative_Control,1321,T2,NONE,BOTH,1.2230504205406432,0.0,0.0,0.0,1.0,4.0,1.0,0.7663333333333333,4,1,0,0,124.18366666666667,132.0,132.0,86.39766666666667,56.28333333333333,402.78566666666666,1384,-0.2911527269679263,-0.002264529623758107,-0.29613147785667415,-0.00724328051250595
I2_Static_Nonlinear_Negative_Control,1321,T3,NONE,NONE,1.015487710384818,0.9562,0.0122,0.0314,0.0002,0.0126,0.0316,0.0,17,2,17,2,59.43966666666667,68.0,112.0,88.448,30.361333333333334,351.0966666666667,1272,-0.1034553453071378,-0.0012422084027117228,-0.10480579976429012,-0.002592662859864061
I2_Static_Nonlinear_Negative_Control,1321,O_ALL,NONE,BOTH,1.193814236228642,0.0,0.0,0.0,1.0,4.0,1.0,0.8961666666666667,0,0,0,0,131.03766666666667,132.0,132.0,85.80333333333333,57.00266666666667,410.99333333333334,1384,-0.22645043257123243,-0.005742787363719766,-0.22489827008126304,-0.004190624873750323
I3_Single_Exact_Delay,1321,T1,LAG,LAG,0.10123322850331831,0.0,1.0,0.0,0.0,3.9022,0.0,0.0,5,0,1,0,93.25333333333333,98.0,98.0,79.42133333333334,50.898666666666664,359.94933333333336,1336,0.6291310985855478,-0.002988520747843534,0.628264547537947,-0.003855071795444366
I3_Single_Exact_Delay,1321,T1R,LAG,BOTH,0.09999203246034306,0.0,0.0,0.0,1.0,3.5696,1.0,0.0,4,1,0,0,122.093,132.0,132.0,86.773,50.84866666666667,407.50033333333334,1368,0.5963904778635509,0.0006429428030459177,0.5991542645768937,0.0034067295163887697
I3_Single_Exact_Delay,1321,T2,LAG,BOTH,0.13294208081313463,0.0,0.0,0.0,1.0,4.0,1.0,0.0,4,1,0,0,128.37466666666666,132.0,132.0,86.50533333333334,55.562,409.857,1384,0.6103266768277112,-0.0007153968035058519,0.6111395657786484,9.749214743132098e-05
I3_Single_Exact_Delay,1321,T3,LAG,LAG,0.13397242342428142,0.0,1.0,0.0,0.0,4.0,0.0,0.0,4,1,0,1,96.671,98.0,98.0,86.49033333333334,56.154666666666664,364.32933333333335,1336,0.6074840694054803,-0.0008159119103287218,0.6068434841517061,-0.001456497164102833
I3_Single_Exact_Delay,1321,O_ALL,LAG,BOTH,0.5322534501786812,0.0,0.0,0.0,1.0,4.0,1.0,0.9455,0,0,0,0,130.92266666666666,132.0,132.0,86.17733333333334,57.086,411.035,1384,-0.18681984589184727,-0.0034800308255680886,-0.1860776298401239,-0.002737814773844716
I4_Multi_Sparse_Delay,1321,T1,LAG,BOTH,0.7487022913148932,0.0,0.0,0.0,1.0,4.0,1.0,0.2795,4,1,0,0,129.46633333333332,132.0,132.0,87.13933333333334,56.775333333333336,410.26366666666667,1384,-0.37434342857882075,0.07572199701901762,-0.37415515241034814,0.07591027318749018
I4_Multi_Sparse_Delay,1321,T1R,LAG,BOTH,0.7441231151748577,0.0,0.0,0.0,1.0,4.0,1.0,0.29,4,1,0,0,129.541,132.0,132.0,87.126,56.82,410.302,1384,-0.31959004564422827,0.0726371521257425,-0.339069031751071,0.05315816601889978
I4_Multi_Sparse_Delay,1321,T2,LAG,BOTH,0.7388577821448349,0.0,0.0,0.0,1.0,4.0,1.0,0.5425,4,1,0,0,129.61766666666668,132.0,132.0,87.13766666666666,56.88,410.332,1384,-0.33652121945640984,0.02447855707663471,-0.33418659172427057,0.02681318480877404
I4_Multi_Sparse_Delay,1321,T3,LAG,LAG,0.5415806327260907,0.3318,0.5074,0.0694,0.0914,1.888,0.1608,0.0,47,21,43,21,80.363,112.0,132.0,88.12066666666666,41.052,364.362,1336,0.11296791100375278,0.0023395872285789966,0.1037041354823421,-0.006924188292831651
I4_Multi_Sparse_Delay,1321,O_ALL,LAG,BOTH,0.74034295572052,0.0,0.0,0.0,1.0,4.0,1.0,0.5431666666666667,0,0,0,0,131.516,132.0,132.0,86.91533333333334,57.934,411.459,1384,-0.3575164178531554,0.027351793643235412,-0.36889938408078454,0.015968827415606235
I5_Moving_Delay_Support,1321,T1,LAG,LAG,0.5585609802982977,0.0,1.0,0.0,0.0,4.0,0.0,0.0,4,0,0,0,93.94,98.0,98.0,86.33533333333334,54.900666666666666,361.95033333333333,1336,-0.21329629848216494,-0.003482476053408649,-0.21329629848216494,-0.003482476053408649
I5_Moving_Delay_Support,1321,T1R,LAG,LAG,0.3882759985408227,0.0,1.0,0.0,0.0,4.0,0.0,0.0,4,0,0,0,94.24333333333334,98.0,98.0,86.16666666666667,55.05866666666667,362.02933333333334,1336,0.12619159902951202,-0.003271630484172827,0.12602882927548592,-0.0034344002381989217
I5_Moving_Delay_Support,1321,T2,LAG,LAG,0.398489856456926,0.0,1.0,0.0,0.0,3.9964,0.0,0.0,4,0,0,0,93.995,98.0,98.0,86.24933333333334,54.906666666666666,361.9533333333333,1336,0.12479639093553165,-0.003482476053408649,0.12479639093553165,-0.003482476053408649
I5_Moving_Delay_Support,1321,T3,LAG,LAG,0.2867991194704016,0.4458,0.5542,0.0,0.0,2.0998,0.0,0.0,13,0,9,0,77.30333333333333,98.0,98.0,87.05733333333333,43.194,356.097,1336,0.3511606098864654,-0.003482476053408649,0.3511606098864654,-0.003482476053408649
I5_Moving_Delay_Support,1321,O_ALL,LAG,BOTH,0.5486074952085007,0.0,0.0,0.0,1.0,4.0,1.0,0.9618333333333333,0,0,0,0,130.116,132.0,132.0,85.69466666666666,56.20666666666666,410.5953333333333,1384,-0.19469759361524347,-0.003143159921416218,-0.19430780691299562,-0.0027533732191684203
I6_Continuous_Latent_State,1321,T1,RECURRENT,BOTH,0.10476325532191819,0.0,0.0,0.0,1.0,4.0,1.0,0.0,4,1,0,0,127.68833333333333,132.0,132.0,85.727,54.63066666666667,409.3353333333333,1384,-0.05887963509771911,0.5755909063396375,-0.042118355719840836,0.5923521857175158
I6_Continuous_Latent_State,1321,T1R,RECURRENT,BOTH,0.10568467516174385,0.0,0.0,0.0,1.0,4.0,1.0,0.0,4,1,0,0,127.325,132.0,132.0,85.84866666666667,54.386,409.373,1384,-0.07703228734694335,0.57551191459933,-0.04190082780963003,0.6106433741366434
I6_Continuous_Latent_State,1321,T2,RECURRENT,BOTH,0.15851129658684737,0.0,0.0,0.0,1.0,3.8042,1.0,0.0,4,1,0,0,123.84166666666667,132.0,132.0,85.37333333333333,51.466,407.913,1384,-0.05946852934589863,0.3570912069038524,-0.045572731708839444,0.3709870045409115
I6_Continuous_Latent_State,1321,T3,RECURRENT,RECURRENT,0.1311912711226019,0.0,0.0,0.9956,0.0044,0.0044,1.0,0.0,8,1,8,0,91.75666666666666,92.0,102.0,87.179,29.412,396.806,1320,-0.031626338734680466,0.35901164238981553,-0.03730448432343694,0.353333496801059
I6_Continuous_Latent_State,1321,O_ALL,RECURRENT,BOTH,0.17231840401404855,0.0,0.0,0.0,1.0,5.0,1.0,0.0,0,0,0,0,137.84266666666667,142.0,142.0,84.34533333333333,61.70133333333333,413.3426666666667,1384,-0.10574564817198988,0.35379121820578896,-0.09002014623807048,0.3695167201397084
I7_Quiescent_Continuous_State,1321,T1,RECURRENT,BOTH,0.12279254406513193,0.0,0.0,0.0,1.0,4.0,1.0,0.30733333333333335,4,1,0,0,127.68833333333333,132.0,132.0,82.28566666666667,52.916666666666664,408.47833333333335,1384,-0.067424134241505,0.3838005976948985,-0.06223248614323571,0.3889922457931678
I7_Quiescent_Continuous_State,1321,T1R,RECURRENT,BOTH,0.12579817878125632,0.0,0.0,0.0,1.0,4.0,1.0,0.30783333333333335,4,1,0,0,127.325,132.0,132.0,83.79066666666667,53.361333333333334,408.86066666666665,1384,-0.08923609425208767,0.3934032092363678,-0.05481889346627907,0.42782041002217636
I7_Quiescent_Continuous_State,1321,T2,RECURRENT,BOTH,0.16260984467675646,0.0,0.0,0.0,1.0,3.8042,1.0,0.314,4,1,0,0,123.84166666666667,132.0,132.0,81.85733333333333,49.714666666666666,407.0373333333333,1384,-0.0718741945363492,0.25216344843316574,-0.05900274738953614,0.26503489557997884
I7_Quiescent_Continuous_State,1321,T3,RECURRENT,RECURRENT,0.11977102390062436,0.3728,0.0,0.6254,0.0018,0.0018,0.6272,0.0,3,2,3,1,81.17233333333333,92.0,102.0,85.03533333333333,28.300666666666668,381.3383333333333,1320,-0.03817478558860954,0.25467272975940586,-0.027492708646451293,0.26535480670156414
I7_Quiescent_Continuous_State,1321,O_ALL,RECURRENT,BOTH,0.1933198542342431,0.0,0.0,0.0,1.0,5.0,1.0,0.314,0,0,0,0,137.84266666666667,142.0,142.0,80.42,59.74666666666667,412.36533333333335,1400,-0.10675220693363376,0.24837651371402236,-0.10469781408363382,0.2504309065640223
I8_Quiescent_Discrete_Delay,1321,T1,LAG,LAG,0.10482279278513196,0.0,1.0,0.0,0.0,3.9226,0.0,0.0,4,0,0,0,93.42333333333333,98.0,98.0,73.42,48.04333333333334,358.52166666666665,1336,0.4204444542552598,-0.002988520747843534,0.419577903207659,-0.003855071795444366
I8_Quiescent_Discrete_Delay,1321,T1R,LAG,BOTH,0.10482821435378924,0.0,0.0,0.0,1.0,3.5696,1.0,0.30333333333333334,4,1,0,0,122.093,132.0,132.0,83.561,49.248666666666665,406.70033333333333,1384,0.3835519928706477,0.0015321512462411076,0.38570333554807124,0.0036834939236646573
I8_Quiescent_Discrete_Delay,1321,T2,LAG,BOTH,0.13522904535589902,0.0,0.0,0.0,1.0,4.0,1.0,0.303,4,1,0,0,128.37466666666666,132.0,132.0,83.612,54.120666666666665,409.1363333333333,1384,0.4139339717371905,-0.0013115360959295975,0.41378262256331994,-0.0014628852698001888
I8_Quiescent_Discrete_Delay,1321,T3,LAG,NONE,0.2083903570518976,0.5502,0.4498,0.0,0.0,1.6178,0.0,0.0,9,1,5,1,76.81933333333333,98.0,98.0,85.69366666666667,41.29266666666667,356.8983333333333,1336,0.30603522547165374,-0.0008159119103287218,0.30539464021787965,-0.001456497164102833
I8_Quiescent_Discrete_Delay,1321,O_ALL,LAG,BOTH,0.5505867041815345,0.0,0.0,0.0,1.0,4.0,1.0,0.9483333333333334,0,0,0,0,130.92266666666666,132.0,132.0,81.84933333333333,54.936,409.96,1384,-0.21800170160085405,-0.003598118696952391,-0.21727517340925062,-0.002871590505348933
I9_Hybrid_Delay_Plus_Latent_State,1321,T1,BOTH,BOTH,0.09479148795970543,0.0,0.0,0.0,1.0,4.0,1.0,0.0,4,1,0,0,129.70833333333334,132.0,132.0,84.99166666666666,55.816,409.928,1384,0.4482199043368497,0.2646781399863228,0.4552519628341966,0.27171019848366973
I9_Hybrid_Delay_Plus_Latent_State,1321,T1R,BOTH,BOTH,0.09561518280087232,0.0,0.0,0.0,1.0,4.0,1.0,0.0,4,1,0,0,130.40633333333332,132.0,132.0,86.57466666666667,57.086666666666666,410.69933333333336,1384,0.44516699313338876,0.268195096664109,0.4474620962239989,0.2704901997547192
I9_Hybrid_Delay_Plus_Latent_State,1321,T2,BOTH,BOTH,0.13784508430775716,0.0,0.0,0.0,1.0,4.0,1.0,0.0,4,1,0,0,128.94133333333335,132.0,132.0,86.36166666666666,55.81,410.061,1384,0.44747404595862417,0.1529847917212769,0.4443071087140572,0.14981785447670992
I9_Hybrid_Delay_Plus_Latent_State,1321,T3,BOTH,BOTH,0.14270228017854983,0.0,0.0548,0.0,0.9452,4.0,0.9452,0.0,4,6,0,5,127.23633333333333,132.0,132.0,86.38266666666667,55.92733333333333,407.5196666666667,1384,0.44882453847795434,0.1503551568544183,0.4454106387066382,0.14694125708310218
I9_Hybrid_Delay_Plus_Latent_State,1321,O_ALL,BOTH,BOTH,0.13938173997553885,0.0,0.0,0.0,1.0,4.0,1.0,0.0,0,0,0,0,131.151,132.0,132.0,85.96333333333334,57.172666666666665,411.0783333333333,1384,0.45248515707502956,0.15231044140110364,0.44808325234556035,0.14790853667163448
I10_Redundant_Temporal_Structure,1321,T1,REDUNDANT,BOTH,0.20706558755638726,0.0,0.0,0.0,1.0,4.0,1.0,0.0,4,1,0,0,129.675,132.0,132.0,87.031,56.898666666666664,410.46933333333334,1384,0.04000764835302215,2.7195198374834457,-0.008580939129905124,2.670931250000518
I10_Redundant_Temporal_Structure,1321,T1R,REDUNDANT,BOTH,0.20611409755072893,0.0,0.0,0.0,1.0,4.0,1.0,0.0,4,1,0,0,129.31333333333333,132.0,132.0,87.146,56.58533333333333,410.47266666666667,1384,0.03505942403263561,2.711209535235241,-0.013284210891576446,2.662865900311029
I10_Redundant_Temporal_Structure,1321,T2,REDUNDANT,BOTH,0.45024299277398233,0.0,0.0,0.0,1.0,4.0,1.0,0.0,4,1,0,0,129.81833333333333,132.0,132.0,86.90566666666666,56.798,410.579,1384,-0.07933673302085197,0.5139200323880523,-0.10736483503030407,0.4858919303786001
I10_Redundant_Temporal_Structure,1321,T3,REDUNDANT,RECURRENT,0.42110638036223036,0.0,0.0286,0.8758,0.0956,0.358,0.9714,0.0,24,16,24,15,94.09633333333333,102.0,132.0,88.72233333333334,32.466,397.189,1320,0.007353009208771404,0.5159803757348779,-0.04018110365606713,0.46844626287003927
I10_Redundant_Temporal_Structure,1321,O_ALL,REDUNDANT,BOTH,0.44592798284940127,0.0,0.0,0.0,1.0,4.0,1.0,0.0,0,0,0,0,131.32933333333332,132.0,132.0,86.256,57.45333333333333,411.21866666666665,1384,-0.05717194662543084,0.5064642607701332,-0.08673566836604647,0.4769005390295176
I11_Regime_Switch_Delay_To_Latent,1321,T1,SWITCH_DELAY_TO_LATENT,BOTH,0.12975313310098452,0.0,0.4948,0.0,0.5052,4.0,0.5052,0.0,4,1,0,0,108.53166666666667,132.0,132.0,84.78833333333333,54.328,381.864,1384,0.178560837235991,0.20634413288093872,0.17550605669889408,0.20328935234384177
I11_Regime_Switch_Delay_To_Latent,1321,T1R,SWITCH_DELAY_TO_LATENT,BOTH,0.11150747138645445,0.0,0.0,0.0,1.0,3.2744,1.0,0.04416666666666667,4,1,0,0,119.64533333333334,132.0,132.0,86.52033333333334,48.75333333333333,406.42066666666665,1384,0.17391812437674006,0.2277945392425578,0.16780248999480055,0.2216789048606183
I11_Regime_Switch_Delay_To_Latent,1321,T2,SWITCH_DELAY_TO_LATENT,BOTH,0.29648252018909393,0.0,0.0,0.0,1.0,4.0,1.0,0.48083333333333333,4,1,0,0,128.82033333333334,132.0,132.0,86.14966666666666,55.73533333333334,409.9116666666667,1384,-0.13693927818870374,0.13718384408445977,-0.1342760638963003,0.1398470583768632
I11_Regime_Switch_Delay_To_Latent,1321,T3,SWITCH_DELAY_TO_LATENT,RECURRENT,0.14298684365574585,0.0412,0.422,0.5368,0.0,1.656,0.5368,0.0,8,1,8,0,87.71366666666667,98.0,98.0,87.40466666666667,40.024,375.976,1320,0.17472540609636908,0.13720847713170564,0.17477300858271003,0.13725607961804662
I11_Regime_Switch_Delay_To_Latent,1321,O_ALL,SWITCH_DELAY_TO_LATENT,BOTH,0.2882678257279434,0.0,0.0,0.0,1.0,4.0,1.0,0.485,0,0,0,0,130.601,132.0,132.0,85.77266666666667,56.636,410.81,1384,-0.11543971454163689,0.1428992911141766,-0.11958230744488847,0.138756698210925
I12_Regime_Switch_Latent_To_Delay,1321,T1,SWITCH_LATENT_TO_DELAY,BOTH,0.3313636844496344,0.0,0.0,0.0,1.0,3.9736,1.0,0.49433333333333335,4,1,0,0,126.23833333333333,132.0,132.0,85.22266666666667,53.222,408.631,1384,-0.12476683647458643,0.21065309874474267,-0.1120467597545588,0.22337317546477028
I12_Regime_Switch_Latent_To_Delay,1321,T1R,SWITCH_LATENT_TO_DELAY,BOTH,0.32469275384954577,0.0,0.0,0.0,1.0,3.5108,1.0,0.49066666666666664,4,1,0,0,122.15666666666667,132.0,132.0,85.646,50.165333333333336,407.2626666666667,1384,-0.1402715165347598,0.21717055225833748,-0.1267269791427218,0.23071508965037552
I12_Regime_Switch_Latent_To_Delay,1321,T2,SWITCH_LATENT_TO_DELAY,BOTH,0.3414695730322018,0.0,0.0,0.1036,0.8964,3.0654,1.0,0.4965,4,1,0,0,117.31166666666667,132.0,132.0,85.084,46.36666666666667,405.36333333333334,1368,-0.059554047771415417,0.10321177662496776,-0.06037559432070219,0.10239023007568099
I12_Regime_Switch_Latent_To_Delay,1321,T3,SWITCH_LATENT_TO_DELAY,LAG,0.13252982987624062,0.0,0.596,0.4014,0.0026,2.1726,0.404,0.0,4,1,0,1,92.934,98.0,102.0,85.51833333333333,41.39533333333333,378.96566666666666,1336,0.26249742471435683,0.10629712854959786,0.2593839932687663,0.10318369710400735
I12_Regime_Switch_Latent_To_Delay,1321,O_ALL,SWITCH_LATENT_TO_DELAY,BOTH,0.3489097046186463,0.0,0.0,0.0,1.0,4.0,1.0,0.49633333333333335,0,0,0,0,128.216,132.0,132.0,84.20266666666667,53.94866666666667,409.46633333333335,1384,-0.13341043402203406,0.10378565146451729,-0.12154334438327923,0.11565274110327219
I13_Regime_Switch_Hybrid_To_Memoryless,1321,T1,SWITCH_HYBRID_TO_NONE,BOTH,0.11359103677072878,0.0,0.0,0.0,1.0,3.7466,1.0,0.492,4,1,1,0,127.59833333333333,132.0,132.0,84.60566666666666,53.94133333333333,408.99066666666664,1352,0.2000481908666908,0.13871402847531342,0.18770679376883706,0.1263726313774597
I13_Regime_Switch_Hybrid_To_Memoryless,1321,T1R,SWITCH_HYBRID_TO_NONE,BOTH,0.1155306425815224,0.0,0.0,0.0,1.0,3.9036,1.0,0.48433333333333334,4,1,1,0,129.60466666666667,132.0,132.0,86.28,56.300666666666665,410.3063333333333,1368,0.1902389769402876,0.1436865477642386,0.17933524578839988,0.13278281661235083
I13_Regime_Switch_Hybrid_To_Memoryless,1321,T2,SWITCH_HYBRID_TO_NONE,BOTH,0.1385924715827408,0.0,0.0,0.0,1.0,3.9338,1.0,0.4856666666666667,4,1,1,0,128.39133333333334,132.0,132.0,85.219,54.80266666666667,409.55733333333336,1368,0.18490473336009725,0.07264504090197223,0.17772261487992871,0.06546292242180367
I13_Regime_Switch_Hybrid_To_Memoryless,1321,T3,SWITCH_HYBRID_TO_NONE,NONE,0.12964105621962868,0.5816,0.0436,0.0,0.3748,1.6736,0.3748,0.0,4,3,4,3,91.70066666666666,132.0,132.0,86.95566666666667,42.21333333333333,377.8546666666667,1272,0.19359669278223435,0.07188252073823209,0.18584776982683718,0.0641335977828349
I13_Regime_Switch_Hybrid_To_Memoryless,1321,O_ALL,SWITCH_HYBRID_TO_NONE,BOTH,0.13981890091264754,0.0,0.0,0.0,1.0,4.0,1.0,0.48833333333333334,0,0,0,0,131.151,132.0,132.0,85.31666666666666,56.85066666666667,410.9173333333333,1384,0.18508639753165632,0.07184876265017812,0.17341765137166978,0.06018001649019156
I14_Intermittent_Hybrid,1321,T1,INTERMITTENT,BOTH,0.11596453108995491,0.0,0.104,0.0,0.896,4.0,0.896,0.23216666666666666,4,1,0,0,120.13933333333334,132.0,132.0,85.392,55.10933333333333,397.88666666666666,1384,0.20594585650813635,0.19016412664215832,0.16370491694549505,0.14792318707951704
I14_Intermittent_Hybrid,1321,T1R,INTERMITTENT,BOTH,0.11431215648258786,0.0,0.1038,0.0,0.8962,3.8956,0.8962,0.22366666666666668,4,1,0,0,118.32,132.0,132.0,85.99133333333333,53.952,397.316,1384,0.2158933789949715,0.18915176464244046,0.17139875071246793,0.1446571363599369
I14_Intermittent_Hybrid,1321,T2,INTERMITTENT,BOTH,0.15053734183704204,0.0,0.104,0.0,0.896,4.0,0.896,0.237,4,1,0,0,120.13933333333334,132.0,132.0,85.962,55.39266666666666,398.0283333333333,1384,0.18822918535137317,0.11761520411957652,0.1452807154147989,0.07466673418300225
I14_Intermittent_Hybrid,1321,T3,INTERMITTENT,RECURRENT,0.20456703556237524,0.2806,0.1034,0.6156,0.0004,0.414,0.616,0.0,9,1,9,1,80.135,98.0,102.0,87.54966666666667,32.90533333333333,375.5926666666667,1272,0.027935353446007158,0.1220826583966038,0.026781280554473284,0.12092858550506991
I14_Intermittent_Hybrid,1321,O_ALL,INTERMITTENT,BOTH,0.26939617015442924,0.0,0.0,0.0,1.0,4.0,1.0,0.3295,0,0,0,0,130.431,132.0,132.0,85.19933333333333,56.215333333333334,410.5996666666667,1384,-0.10739146985772985,0.12216765023629415,-0.10741418364297133,0.12214493645105269
I1_Memoryless_Linear,1322,T1,NONE,NONE,0.11958880693390747,1.0,0.0,0.0,0.0,0.0,0.0,0.0,0,0,0,0,58.0,58.0,58.0,74.82633333333334,22.546,345.773,1256,-0.00496048307502193,-0.0010185634176250065,-0.00496048307502193,-0.0010185634176250065
I1_Memoryless_Linear,1322,T1R,NONE,NONE,0.11958880693390747,1.0,0.0,0.0,0.0,0.0,0.0,0.0,0,0,0,0,58.0,58.0,58.0,74.82633333333334,22.546,345.773,1256,-0.00496048307502193,-0.0010185634176250065,-0.00496048307502193,-0.0010185634176250065
I1_Memoryless_Linear,1322,T2,NONE,NONE,0.11958880693390747,1.0,0.0,0.0,0.0,0.0,0.0,0.0,0,0,0,0,58.0,58.0,58.0,74.82633333333334,22.546,345.773,1256,-0.00496048307502193,-0.0010185634176250065,-0.00496048307502193,-0.0010185634176250065
I1_Memoryless_Linear,1322,T3,NONE,NONE,0.11958880693390747,1.0,0.0,0.0,0.0,0.0,0.0,0.0,0,0,0,0,58.0,58.0,58.0,74.82633333333334,22.546,345.773,1256,-0.00496048307502193,-0.0010185634176250065,-0.00496048307502193,-0.0010185634176250065
I1_Memoryless_Linear,1322,O_ALL,NONE,BOTH,0.1451386650920714,0.0,0.0,0.0,1.0,4.0,1.0,0.9601666666666666,0,0,0,0,128.991,132.0,132.0,70.2,47.59466666666667,406.28933333333333,1368,-0.030775761550277055,-0.0010305138399352588,-0.030766185934874967,-0.00102093822453317
I2_Static_Nonlinear_Negative_Control,1322,T1,NONE,LAG,1.266394256716063,0.0,0.9454,0.0,0.0546,4.0,0.0546,0.013333333333333334,4,1,0,0,95.76966666666667,98.0,132.0,86.66266666666667,55.339333333333336,364.34566666666666,1384,-0.25319604800750645,-0.00965707670429383,-0.25384292687131044,-0.01030395556809784
I2_Static_Nonlinear_Negative_Control,1322,T1R,NONE,LAG,1.2895487797941096,0.0,0.9532,0.0,0.0468,3.9958,0.0468,0.0145,4,1,0,0,95.06033333333333,98.0,132.0,86.54066666666667,54.888666666666666,363.80833333333334,1384,-0.24335786277049778,-0.007173322911512814,-0.24495263953877786,-0.008768099679792926
I2_Static_Nonlinear_Negative_Control,1322,T2,NONE,BOTH,1.2840213169308852,0.0,0.3872,0.0,0.6128,3.9232,0.6128,0.42933333333333334,4,1,0,0,110.59033333333333,132.0,132.0,86.50666666666666,54.468,386.238,1384,-0.2454393118828827,0.000399284712144094,-0.24484304548259825,0.0009955511124285239
I2_Static_Nonlinear_Negative_Control,1322,T3,NONE,NONE,1.0526579054641638,0.9768,0.0154,0.0078,0.0,0.0154,0.0078,0.0,15,1,15,1,58.68933333333333,68.0,92.0,88.23766666666667,30.294666666666668,349.95933333333335,1272,-0.05246601052165975,-0.003620090068345047,-0.05150108557122065,-0.0026551651179059434
I2_Static_Nonlinear_Negative_Control,1322,O_ALL,NONE,BOTH,1.276658743108536,0.0,0.0,0.0,1.0,4.0,1.0,0.94,0,0,0,0,131.06266666666667,132.0,132.0,85.60933333333334,56.925333333333334,410.95466666666664,1368,-0.28435711500637234,-0.00363357233310728,-0.2848973286263131,-0.0041737859530480625
I3_Single_Exact_Delay,1322,T1,LAG,LAG,0.09737267887354917,0.0,1.0,0.0,0.0,3.7796,0.0,0.0,5,0,2,0,91.26666666666667,98.0,98.0,84.48966666666666,51.95133333333333,360.47566666666665,1320,0.6015595467059912,0.00045868116514691736,0.6017205186304498,0.0006196530896055241
I3_Single_Exact_Delay,1322,T1R,LAG,LAG,0.0976150345650172,0.0,1.0,0.0,0.0,3.8428,0.0,0.0,5,0,1,0,91.52833333333334,98.0,98.0,86.892,53.361333333333334,361.18066666666664,1336,0.603627309000765,0.00045868116514691736,0.6037882809252235,0.0006196530896055241
I3_Single_Exact_Delay,1322,T2,LAG,LAG,0.13047292427622034,0.0,1.0,0.0,0.0,4.0,0.0,0.0,4,0,0,0,93.36166666666666,98.0,98.0,86.805,54.776666666666664,361.8883333333333,1336,0.5859468890138195,0.00045868116514691736,0.5861078609382782,0.0006196530896055241
I3_Single_Exact_Delay,1322,T3,LAG,LAG,0.13084719559196586,0.0,1.0,0.0,0.0,4.0,0.0,0.0,4,0,0,0,94.685,98.0,98.0,86.88533333333334,55.86933333333333,362.43466666666666,1336,0.5807569951887013,0.00045868116514691736,0.5809179671131599,0.0006196530896055241
I3_Single_Exact_Delay,1322,O_ALL,LAG,BOTH,0.5338689777639007,0.0,0.0,0.0,1.0,4.0,1.0,0.9823333333333333,0,0,0,0,131.50933333333333,132.0,132.0,86.28333333333333,57.617333333333335,411.30066666666664,1384,-0.22521103022673666,-0.0007239473002683657,-0.22492423946141724,-0.0004371565349488927
I4_Multi_Sparse_Delay,1322,T1,LAG,BOTH,0.5176038620182712,0.0,0.0,0.0,1.0,4.0,1.0,0.11466666666666667,4,1,0,0,129.835,132.0,132.0,87.18433333333333,57.45066666666666,410.0253333333333,1384,0.27300494241426393,0.003412553144885311,0.27382361539530553,0.004231226125926884
I4_Multi_Sparse_Delay,1322,T1R,LAG,BOTH,0.7296667183485813,0.0,0.0,0.0,1.0,4.0,1.0,0.22683333333333333,4,1,0,0,129.59066666666666,132.0,132.0,87.20766666666667,56.832,410.484,1384,-0.28874558920170246,0.114109403550876,-0.2970884396557936,0.10576655309678484
I4_Multi_Sparse_Delay,1322,T2,LAG,BOTH,0.7344190087786864,0.0,0.0,0.0,1.0,4.0,1.0,0.515,4,1,0,0,130.154,132.0,132.0,87.193,57.27066666666666,410.7033333333333,1384,-0.277868748161273,0.049067734696875184,-0.27577472354976296,0.051161759308385235
I4_Multi_Sparse_Delay,1322,T3,LAG,NONE,0.6099141801921708,0.7196,0.124,0.1404,0.016,0.29,0.1564,0.0,35,17,35,17,66.261,92.0,122.0,89.03,32.044,358.754,1272,-0.04468504637144889,0.024134763266648766,-0.0557303972720491,0.013089412366048549
I4_Multi_Sparse_Delay,1322,O_ALL,LAG,BOTH,0.7368647507117349,0.0,0.0,0.0,1.0,4.0,1.0,0.4865,0,0,0,0,131.561,132.0,132.0,86.96266666666666,57.99666666666667,411.49033333333335,1384,-0.35876960772882216,0.053121764570705325,-0.3612344658879465,0.05065690641158105
I5_Moving_Delay_Support,1322,T1,LAG,LAG,0.5304166128911453,0.0,1.0,0.0,0.0,3.7496,0.0,0.0,4,0,0,0,90.37333333333333,98.0,98.0,86.963,52.409333333333336,360.70466666666664,1336,-0.1240177615927759,-0.0010793169096385581,-0.1239867537966448,-0.0010483091135074485
I5_Moving_Delay_Support,1322,T1R,LAG,LAG,0.4496966851261172,0.0,1.0,0.0,0.0,3.705,0.0,0.0,4,0,0,0,90.00166666666667,98.0,98.0,86.96566666666666,52.114666666666665,360.55733333333336,1336,-0.016501007631533043,-0.0010793169096385581,-0.01646999983540193,-0.0010483091135074485
I5_Moving_Delay_Support,1322,T2,LAG,LAG,0.3847271577188649,0.0,1.0,0.0,0.0,4.0,0.0,0.0,4,0,0,0,93.255,98.0,98.0,86.83233333333334,54.648,361.824,1336,0.10676028762325515,-0.0010793169096385581,0.10679129541938627,-0.0010483091135074485
I5_Moving_Delay_Support,1322,T3,LAG,LAG,0.26593966633936333,0.4106,0.5894,0.0,0.0,2.2624,0.0,0.0,14,0,10,0,76.86333333333333,98.0,98.0,87.77566666666667,43.376666666666665,356.18833333333333,1336,0.23612989113860589,-0.0010793169096385581,0.236160898934737,-0.0010483091135074485
I5_Moving_Delay_Support,1322,O_ALL,LAG,BOTH,0.528130772427988,0.0,0.0,0.0,1.0,4.0,1.0,0.9815,0,0,0,0,131.096,132.0,132.0,85.89733333333334,57.092,411.038,1384,-0.19465220208587586,-0.002543772173421981,-0.19393973960933458,-0.0018313096968806768
I6_Continuous_Latent_State,1322,T1,RECURRENT,BOTH,0.10529753906120927,0.0,0.0,0.0,1.0,4.0,1.0,0.0,4,1,0,0,127.88666666666667,132.0,132.0,86.436,55.09466666666667,409.56733333333335,1384,-0.04701292934868672,0.5785367404367331,-0.04498379801618802,0.5805658717692317
I6_Continuous_Latent_State,1322,T1R,RECURRENT,BOTH,0.10593293790536731,0.0,0.0,0.0,1.0,4.0,1.0,0.0,4,1,0,0,128.53333333333333,132.0,132.0,86.16533333333334,55.38666666666666,409.87333333333333,1384,-0.05945709984034747,0.573729356655441,-0.053192902641282805,0.5799935538545058
I6_Continuous_Latent_State,1322,T2,RECURRENT,BOTH,0.1606297373651251,0.0,0.0,0.0,1.0,4.0,1.0,0.0,4,1,0,0,128.59666666666666,132.0,132.0,86.26766666666667,55.488,409.924,1384,-0.04209279387756947,0.3802724845721322,-0.05517276274359492,0.3671925157061067
I6_Continuous_Latent_State,1322,T3,RECURRENT,RECURRENT,0.1321611836712864,0.0,0.0,1.0,0.0,0.0,1.0,0.0,1,1,1,0,91.71833333333333,92.0,102.0,88.44533333333334,30.137333333333334,397.16866666666664,1320,-0.06715885092415322,0.37954919811133353,-0.04778573245190019,0.39892231658358657
I6_Continuous_Latent_State,1322,O_ALL,RECURRENT,BOTH,0.162312292569656,0.0,0.0,0.0,1.0,4.0,1.0,0.0,0,0,0,0,131.16766666666666,132.0,132.0,85.92866666666667,57.168,411.076,1384,-0.0574517620550624,0.38106926524208096,-0.06911434382501211,0.3694066834721313
I7_Quiescent_Continuous_State,1322,T1,RECURRENT,BOTH,0.17993276335343697,0.0,0.0,0.0,1.0,4.0,1.0,0.3001666666666667,4,1,0,0,127.88666666666667,132.0,132.0,86.136,54.946,409.493,1384,-0.09859107295187762,0.42743119677542846,-0.07737421639995003,0.44864805332735597
I7_Quiescent_Continuous_State,1322,T1R,RECURRENT,BOTH,0.17727532116384911,0.0,0.0,0.0,1.0,4.0,1.0,0.30033333333333334,4,1,0,0,128.53333333333333,132.0,132.0,85.56,55.084666666666664,409.7223333333333,1384,-0.116479457077806,0.4195175103410493,-0.0919603567457665,0.44403661067308886
I7_Quiescent_Continuous_State,1322,T2,RECURRENT,BOTH,0.17123416930070295,0.0,0.0,0.0,1.0,4.0,1.0,0.30683333333333335,4,1,0,0,128.59666666666666,132.0,132.0,85.16566666666667,54.93933333333333,409.6496666666667,1384,-0.07183423790130003,0.25463629631240486,-0.06912585192800638,0.2573446822856985
I7_Quiescent_Continuous_State,1322,T3,RECURRENT,RECURRENT,0.1256595137135595,0.3638,0.0,0.6352,0.001,0.001,0.6362,0.0,2,2,2,1,81.419,92.0,102.0,87.57633333333334,29.696,382.396,1320,-0.02074886378727499,0.2536091876999613,-0.03700015146604609,0.23735790002119017
I7_Quiescent_Continuous_State,1322,O_ALL,RECURRENT,BOTH,0.17521536656526418,0.0,0.0,0.0,1.0,4.0,1.0,0.308,0,0,0,0,131.16766666666666,132.0,132.0,84.90933333333334,56.659333333333336,410.82166666666666,1384,-0.06566705011596057,0.2559639074193285,-0.07023258024887348,0.2513983772864156
I8_Quiescent_Discrete_Delay,1322,T1,LAG,LAG,0.10972327255882104,0.0,1.0,0.0,0.0,3.8932,0.0,0.0,4,0,0,0,92.21166666666667,98.0,98.0,79.32233333333333,50.13066666666667,359.56533333333334,1336,0.365460314547307,0.00045868116514691736,0.3656212864717656,0.0006196530896055241
I8_Quiescent_Discrete_Delay,1322,T1R,LAG,LAG,0.11288095172319532,0.0,1.0,0.0,0.0,3.9324,0.0,0.0,4,0,0,0,92.275,98.0,98.0,84.308,52.66866666666667,360.83433333333335,1336,0.368806383190843,0.0004960624671788619,0.36886237908046027,0.0005520583567961044
I8_Quiescent_Discrete_Delay,1322,T2,LAG,LAG,0.14178113724484867,0.0,1.0,0.0,0.0,4.0,0.0,0.0,4,0,0,0,93.36166666666666,98.0,98.0,84.29966666666667,53.528666666666666,361.26433333333335,1336,0.35946224154288,0.00045868116514691736,0.3596232134673386,0.0006196530896055241
I8_Quiescent_Discrete_Delay,1322,T3,LAG,LAG,0.13853119135910993,0.3628,0.6372,0.0,0.0,2.4462,0.0,0.0,8,0,4,0,81.73666666666666,98.0,98.0,84.26333333333334,45.077333333333335,357.03866666666664,1336,0.35308970249791505,0.00045868116514691736,0.3532506744223737,0.0006196530896055241
I8_Quiescent_Discrete_Delay,1322,O_ALL,LAG,BOTH,0.5391779790867453,0.0,0.0,0.0,1.0,4.0,1.0,0.9833333333333333,0,0,0,0,131.50933333333333,132.0,132.0,83.46266666666666,56.208666666666666,410.59633333333335,1384,-0.23377359103068282,-0.0007226276631349055,-0.2334861857735758,-0.00043522240602791824
I9_Hybrid_Delay_Plus_Latent_State,1322,T1,BOTH,BOTH,0.35235773273973825,0.0,0.0,0.0,1.0,4.0,1.0,0.008333333333333333,4,1,0,0,129.135,132.0,132.0,86.76033333333334,56.23733333333333,410.13866666666667,1384,-0.17015949514644566,0.2583099650106267,-0.16072836492486312,0.26774109523220924
I9_Hybrid_Delay_Plus_Latent_State,1322,T1R,BOTH,BOTH,0.3552934267776504,0.0,0.0,0.0,1.0,3.928,1.0,0.007833333333333333,4,1,0,0,125.70866666666667,132.0,132.0,86.913,53.664,408.956,1384,-0.10529937698663644,0.23822151337653039,-0.10460488283328336,0.23891600752988343
I9_Hybrid_Delay_Plus_Latent_State,1322,T2,BOTH,BOTH,0.13646814217353595,0.0,0.0,0.0,1.0,4.0,1.0,0.0,4,1,0,0,128.38366666666667,132.0,132.0,86.71566666666666,55.70333333333333,409.97566666666665,1384,0.3900572921952328,0.1421629463229622,0.4026360941465196,0.15474174827424894
I9_Hybrid_Delay_Plus_Latent_State,1322,T3,BOTH,BOTH,0.1417622074940391,0.0,0.0488,0.0,0.9512,4.0,0.9512,0.0,4,8,0,7,124.78433333333334,132.0,132.0,86.68066666666667,55.605333333333334,405.01466666666664,1384,0.3867803109353705,0.12936668729058956,0.40593108952522555,0.14851746588044457
I9_Hybrid_Delay_Plus_Latent_State,1322,O_ALL,BOTH,BOTH,0.3772462858523663,0.0,0.0,0.0,1.0,4.0,1.0,0.09,0,0,0,0,130.99766666666667,132.0,132.0,86.54466666666667,57.33133333333333,411.15766666666667,1384,-0.18631471251589565,0.1279333426982741,-0.18231720972809215,0.13193084548607756
I10_Redundant_Temporal_Structure,1322,T1,REDUNDANT,BOTH,0.25481987352919255,0.0,0.0,0.0,1.0,4.0,1.0,0.0,4,1,0,0,130.73333333333332,132.0,132.0,87.084,57.68,410.86,1384,-0.1531971416374939,3.3677413389372313,-0.14337928548125503,3.3775591950934696
I10_Redundant_Temporal_Structure,1322,T1R,REDUNDANT,BOTH,0.252735155738078,0.0,0.0,0.0,1.0,4.0,1.0,0.0,4,1,0,0,130.81,132.0,132.0,87.11833333333334,57.67333333333333,411.01666666666665,1368,-0.1552134375206842,3.410088839575317,-0.17059553352979914,3.3947067435662017
I10_Redundant_Temporal_Structure,1322,T2,REDUNDANT,BOTH,0.4882957688440616,0.0,0.0,0.0,1.0,4.0,1.0,0.0,4,1,0,0,130.805,132.0,132.0,87.06533333333333,57.638666666666666,410.9993333333333,1384,-0.2901464671688516,0.6294517101814421,-0.2915216808355476,0.6280764965147461
I10_Redundant_Temporal_Structure,1322,T3,REDUNDANT,RECURRENT,0.4030477340922308,0.0,0.0,0.9968,0.0032,0.0038,1.0,0.0,12,2,12,1,91.81533333333333,92.0,112.0,89.13666666666667,30.553333333333335,397.36066666666665,1320,-0.12019166645039883,0.6321154691769058,-0.11726099351579947,0.6350461421115051
I10_Redundant_Temporal_Structure,1322,O_ALL,REDUNDANT,BOTH,0.48829595076247523,0.0,0.0,0.0,1.0,4.0,1.0,0.0,0,0,0,0,131.31433333333334,132.0,132.0,86.766,57.70133333333333,411.3426666666667,1368,-0.29644617650661814,0.6320877452673269,-0.2960693761049063,0.6324645456690388
I11_Regime_Switch_Delay_To_Latent,1322,T1,SWITCH_DELAY_TO_LATENT,BOTH,0.1265110866461699,0.0,0.477,0.0,0.523,3.6364,0.523,0.0,4,1,0,0,105.43933333333334,132.0,132.0,79.85966666666667,48.93533333333333,379.87966666666665,1384,0.2648450344174575,0.20718522531259545,0.2644891151437567,0.20682930603889468
I11_Regime_Switch_Delay_To_Latent,1322,T1R,SWITCH_DELAY_TO_LATENT,BOTH,0.11330497040452951,0.0,0.0,0.0,1.0,3.7174,1.0,0.0,4,1,0,0,124.593,132.0,132.0,86.46,52.44,408.296,1384,0.24968233753412125,0.24120353510865195,0.2614496464756915,0.25297084405022224
I11_Regime_Switch_Delay_To_Latent,1322,T2,SWITCH_DELAY_TO_LATENT,BOTH,0.1550781321776761,0.0,0.0,0.0,1.0,3.8926,1.0,0.00016666666666666666,4,1,0,0,126.76466666666667,132.0,132.0,86.511,54.194,409.173,1384,0.2433440174346501,0.12532597603610396,0.2445547582063385,0.12653671680779238
I11_Regime_Switch_Delay_To_Latent,1322,T3,SWITCH_DELAY_TO_LATENT,RECURRENT,0.14012482343726174,0.022,0.4156,0.5624,0.0,1.6624,0.5624,0.0,4,2,4,1,92.58633333333333,98.0,102.0,87.681,43.101333333333336,378.62666666666667,1320,0.25864771546982407,0.12549023757798997,0.25111707364308233,0.11795959575124833
I11_Regime_Switch_Delay_To_Latent,1322,O_ALL,SWITCH_DELAY_TO_LATENT,BOTH,0.15480357302995562,0.0,0.0,0.0,1.0,4.0,1.0,0.0011666666666666668,0,0,0,0,131.45433333333332,132.0,132.0,86.26733333333334,57.564,411.274,1384,0.25353691464853445,0.1276569116207586,0.2556156092703668,0.12973560624259092
I12_Regime_Switch_Latent_To_Delay,1322,T1,SWITCH_LATENT_TO_DELAY,BOTH,0.32795304676311493,0.0,0.0,0.0,1.0,4.0,1.0,0.46316666666666667,4,1,0,0,128.36333333333334,132.0,132.0,86.44933333333333,55.478,409.759,1384,-0.07894787438282745,0.21842006552894896,-0.08287349180925369,0.2144944481025227
I12_Regime_Switch_Latent_To_Delay,1322,T1R,SWITCH_LATENT_TO_DELAY,BOTH,0.3279447220168332,0.0,0.0,0.0,1.0,4.0,1.0,0.4633333333333333,4,1,0,0,128.47666666666666,132.0,132.0,86.26133333333334,55.385333333333335,409.87266666666665,1368,-0.07887167902741578,0.21969421402175168,-0.08314202577357253,0.2154238672755949
I12_Regime_Switch_Latent_To_Delay,1322,T2,SWITCH_LATENT_TO_DELAY,BOTH,0.34558165143010866,0.0,0.0,0.0,1.0,3.941,1.0,0.4796666666666667,4,1,0,0,126.98833333333333,132.0,132.0,86.307,54.22,409.29,1384,-0.10947642520240083,0.13484627248624267,-0.1181897301826514,0.12613296750599212
I12_Regime_Switch_Latent_To_Delay,1322,T3,SWITCH_LATENT_TO_DELAY,LAG,0.16616553499636147,0.1288,0.4534,0.4118,0.006,1.5652,0.4178,0.0,8,1,4,1,88.26666666666667,98.0,102.0,87.46766666666667,38.90133333333333,378.27066666666667,1336,0.2087942868647946,0.1360223331225835,0.20921089426725709,0.13643894052504604
I12_Regime_Switch_Latent_To_Delay,1322,O_ALL,SWITCH_LATENT_TO_DELAY,BOTH,0.34504434529265793,0.0,0.0,0.0,1.0,4.0,1.0,0.4885,0,0,0,0,131.16766666666666,132.0,132.0,85.38933333333334,56.897333333333336,410.9406666666667,1384,-0.1349575279006919,0.13649750449174583,-0.1389302471561923,0.13252478523624545
I13_Regime_Switch_Hybrid_To_Memoryless,1322,T1,SWITCH_HYBRID_TO_NONE,BOTH,0.2475403490622261,0.0,0.0,0.0,1.0,4.0,1.0,0.4755,4,1,0,0,129.135,132.0,132.0,86.15833333333333,55.944,409.992,1352,-0.10645138564334487,0.1096547342814633,-0.0956525340904464,0.12045358583436176
I13_Regime_Switch_Hybrid_To_Memoryless,1322,T1R,SWITCH_HYBRID_TO_NONE,BOTH,0.25317493247820005,0.0,0.0,0.0,1.0,3.928,1.0,0.48683333333333334,4,1,0,0,125.70866666666667,132.0,132.0,85.213,52.81733333333333,408.53266666666667,1384,-0.08003803434579114,0.10386114601900837,-0.07498306934874321,0.10891611101605626
I13_Regime_Switch_Hybrid_To_Memoryless,1322,T2,SWITCH_HYBRID_TO_NONE,BOTH,0.13633693757883186,0.0,0.0,0.0,1.0,4.0,1.0,0.48333333333333334,4,1,0,0,128.38366666666667,132.0,132.0,83.96633333333334,54.333333333333336,409.29066666666665,1352,0.14499604837931002,0.06224882769202979,0.1639895049805765,0.08124228429329623
I13_Regime_Switch_Hybrid_To_Memoryless,1322,T3,SWITCH_HYBRID_TO_NONE,NONE,0.12676909294959413,0.578,0.0146,0.0,0.4074,1.688,0.4074,0.0,4,4,4,4,90.12233333333333,132.0,132.0,86.671,41.68533333333333,376.3106666666667,1224,0.16463059955872802,0.056423131839583626,0.17964963167754422,0.07144216395839978
I13_Regime_Switch_Hybrid_To_Memoryless,1322,O_ALL,SWITCH_HYBRID_TO_NONE,BOTH,0.26109994061683534,0.0,0.0,0.0,1.0,4.0,1.0,0.5706666666666667,0,0,0,0,130.99766666666667,132.0,132.0,84.458,56.297333333333334,410.6406666666667,1368,-0.1321694318177139,0.055578734384107625,-0.12235826724436633,0.06538989895745514
I14_Intermittent_Hybrid,1322,T1,INTERMITTENT,BOTH,0.12014410633026328,0.0,0.106,0.0,0.894,4.0,0.894,0.24116666666666667,4,1,0,0,120.70266666666667,132.0,132.0,86.29466666666667,55.986666666666665,398.24533333333335,1368,0.17592148233757443,0.21995643076532356,0.12323412974054354,0.16726907816829267
I14_Intermittent_Hybrid,1322,T1R,INTERMITTENT,BOTH,0.12017302353936248,0.0,0.0,0.0,1.0,4.0,1.0,0.23916666666666667,4,1,0,0,126.81733333333334,132.0,132.0,86.56466666666667,56.08733333333333,406.9916666666667,1384,0.17228104008898237,0.20931737710750065,0.12664816032096227,0.16368449733948054
I14_Intermittent_Hybrid,1322,T2,INTERMITTENT,BOTH,0.15172801369736136,0.0,0.0,0.0,1.0,4.0,1.0,0.24383333333333335,4,1,0,0,126.84233333333333,132.0,132.0,86.564,56.10466666666667,407.00033333333334,1384,0.17613547868816995,0.13323014404324718,0.13274814964088769,0.08984281499596494
I14_Intermittent_Hybrid,1322,T3,INTERMITTENT,RECURRENT,0.19501694748059892,0.284,0.106,0.5996,0.0104,0.4632,0.61,0.0,9,1,9,1,80.94833333333334,98.0,132.0,88.41233333333334,34.14333333333333,375.9716666666667,1256,0.052131212551573845,0.15053953347520857,0.03156485555797899,0.12997317648161372
I14_Intermittent_Hybrid,1322,O_ALL,INTERMITTENT,BOTH,0.26437524148309927,0.0,0.0,0.0,1.0,4.0,1.0,0.3265,0,0,0,0,131.516,132.0,132.0,85.87866666666666,57.419333333333334,411.20166666666665,1384,-0.10692177836391752,0.14798274834079012,-0.10977302495689052,0.14513150174781714
I1_Memoryless_Linear,1323,T1,NONE,NONE,0.12205977957534112,1.0,0.0,0.0,0.0,0.0,0.0,0.0,0,0,0,0,58.0,58.0,58.0,74.33933333333333,22.032666666666668,345.5163333333333,1256,-0.009957097844673008,0.0008302664934696062,-0.009957097844673008,0.0008302664934696062
I1_Memoryless_Linear,1323,T1R,NONE,NONE,0.12205977957534112,1.0,0.0,0.0,0.0,0.0,0.0,0.0,0,0,0,0,58.0,58.0,58.0,74.33933333333333,22.032666666666668,345.5163333333333,1256,-0.009957097844673008,0.0008302664934696062,-0.009957097844673008,0.0008302664934696062
I1_Memoryless_Linear,1323,T2,NONE,NONE,0.12205977957534112,1.0,0.0,0.0,0.0,0.0,0.0,0.0,0,0,0,0,58.0,58.0,58.0,74.33933333333333,22.032666666666668,345.5163333333333,1256,-0.009957097844673008,0.0008302664934696062,-0.009957097844673008,0.0008302664934696062
I1_Memoryless_Linear,1323,T3,NONE,NONE,0.12205977957534112,1.0,0.0,0.0,0.0,0.0,0.0,0.0,0,0,0,0,58.0,58.0,58.0,74.33933333333333,22.032666666666668,345.5163333333333,1256,-0.009957097844673008,0.0008302664934696062,-0.009957097844673008,0.0008302664934696062
I1_Memoryless_Linear,1323,O_ALL,NONE,BOTH,0.14370461648687372,0.0,0.0,0.0,1.0,3.4096,1.0,0.8611666666666666,0,0,0,0,120.68933333333334,132.0,132.0,71.54066666666667,41.64266666666666,403.31333333333333,1368,-0.025547905460776052,0.0021156061931639227,-0.025551259899325728,0.0021122517546142403
I2_Static_Nonlinear_Negative_Control,1323,T1,NONE,BOTH,1.2071715053338552,0.0,0.1462,0.0,0.8538,2.8798,0.8538,0.339,4,1,0,0,106.817,132.0,132.0,86.775,46.28666666666667,391.7873333333333,1384,-0.13840517098198832,0.04429055585531032,-0.14291660642487072,0.03977912041242794
I2_Static_Nonlinear_Negative_Control,1323,T1R,NONE,BOTH,1.1722501447733573,0.1444,0.0,0.0416,0.814,2.8132,0.8556,0.169,4,1,0,0,105.673,132.0,132.0,87.30966666666667,46.25866666666667,391.8453333333333,1384,-0.17462224180782984,0.23086982163381323,-0.15501754175478435,0.2504745216868587
I2_Static_Nonlinear_Negative_Control,1323,T2,NONE,BOTH,1.1576536923063319,0.0,0.1444,0.0,0.8556,3.4256,0.8556,0.5195,4,1,0,0,111.41633333333333,132.0,132.0,86.68633333333334,49.87133333333333,393.65166666666664,1384,-0.17275466938159909,0.012814308385227503,-0.17354568198985926,0.012023295776967369
I2_Static_Nonlinear_Negative_Control,1323,T3,NONE,NONE,0.9751579683730337,0.8134,0.0126,0.174,0.0,0.0126,0.174,0.0,6,6,6,6,63.035,92.0,92.0,88.691,30.346,356.633,1272,-0.05372142037502403,0.007721667243462749,-0.05376487134599758,0.0076782162724892055
I2_Static_Nonlinear_Negative_Control,1323,O_ALL,NONE,BOTH,1.1612478560447734,0.0,0.0,0.0,1.0,4.0,1.0,0.653,0,0,0,0,130.701,132.0,132.0,85.69066666666667,56.678,410.831,1384,-0.2279650331578092,0.014406175515794643,-0.2433212266814387,-0.0009500180078348815
I3_Single_Exact_Delay,1323,T1,LAG,BOTH,0.09653080778493706,0.0,0.0,0.0,1.0,3.6016,1.0,0.0,5,1,1,0,123.362,132.0,132.0,81.87533333333333,49.404666666666664,406.70633333333336,1368,0.6120774522379843,-0.0031850222667071056,0.6113740299281772,-0.0038884445765139377
I3_Single_Exact_Delay,1323,T1R,LAG,BOTH,0.09842116339058413,0.0,0.0,0.0,1.0,3.8962,1.0,0.0,5,1,1,0,126.09266666666667,132.0,132.0,86.89833333333333,54.06066666666667,409.08233333333334,1384,0.6061584237250304,-0.002522528275526986,0.6053200220596977,-0.0033609299408597464
I3_Single_Exact_Delay,1323,T2,LAG,BOTH,0.13355678557323952,0.0,0.0,0.0,1.0,4.0,1.0,0.015833333333333335,4,1,0,0,128.96766666666667,132.0,132.0,86.37133333333334,55.90266666666667,410.00333333333333,1384,0.6231972386938056,-0.0043634795450647095,0.6249940653544434,-0.00256665288442697
I3_Single_Exact_Delay,1323,T3,LAG,LAG,0.13144644433350647,0.0,1.0,0.0,0.0,4.0,0.0,0.0,5,1,1,1,95.19966666666667,98.0,102.0,86.51533333333333,55.696,362.724,1336,0.6174696720136222,-0.0017937615015709658,0.6182845763374201,-0.0009788571777731697
I3_Single_Exact_Delay,1323,O_ALL,LAG,BOTH,0.13327331088401137,0.0,0.0,0.0,1.0,4.0,1.0,0.014,0,0,0,0,131.091,132.0,132.0,85.99733333333333,57.14066666666667,411.06233333333336,1384,0.6313975520434072,-0.002173567128546208,0.6321878654081303,-0.0013832537638230362
I4_Multi_Sparse_Delay,1323,T1,LAG,BOTH,0.7623570874385122,0.0,0.0,0.0,1.0,4.0,1.0,0.24166666666666667,4,1,0,0,130.49833333333333,132.0,132.0,87.29566666666666,57.60066666666667,410.82033333333334,1384,-0.4274214036996919,0.08755428746844535,-0.40925636227118695,0.10571932889695039
I4_Multi_Sparse_Delay,1323,T1R,LAG,BOTH,0.7713461879040555,0.0,0.0,0.0,1.0,4.0,1.0,0.311,4,1,0,0,130.061,132.0,132.0,87.311,57.19533333333333,410.7296666666667,1384,-0.4627210027246527,0.08781065353930026,-0.45140137420253645,0.09913028206141641
I4_Multi_Sparse_Delay,1323,T2,LAG,BOTH,0.7701247358329564,0.0,0.0,0.0,1.0,4.0,1.0,0.5296666666666666,4,1,0,0,130.43766666666667,132.0,132.0,87.281,57.48,410.872,1384,-0.38383503937339136,0.03282006469010636,-0.3895483394640086,0.027106764599489134
I4_Multi_Sparse_Delay,1323,T3,LAG,NONE,0.6315635090377067,0.5938,0.1672,0.1958,0.0432,0.4802,0.239,0.0,45,26,45,25,70.62333333333333,98.0,132.0,89.02366666666667,33.17666666666667,363.12833333333333,1320,-0.06655256303122008,0.017955665212543895,-0.06550464671078891,0.019003581532975065
I4_Multi_Sparse_Delay,1323,O_ALL,LAG,BOTH,0.7629398906717977,0.0,0.0,0.0,1.0,4.0,1.0,0.5241666666666667,0,0,0,0,131.67433333333332,132.0,132.0,87.00466666666667,58.104,411.544,1384,-0.37146014290240836,0.031507681879789334,-0.3690322364204463,0.03393558836175136
I5_Moving_Delay_Support,1323,T1,LAG,BOTH,0.3839901847335938,0.0,0.0,0.0,1.0,3.8994,1.0,0.4385,4,1,0,0,126.38666666666667,132.0,132.0,84.28033333333333,52.832,408.436,1384,0.25552422145671216,0.02220976420014532,0.2507166060562058,0.017402148799638983
I5_Moving_Delay_Support,1323,T1R,LAG,BOTH,0.3755035200743276,0.0,0.0,0.0,1.0,3.9522,1.0,0.44766666666666666,4,1,0,0,127.71066666666667,132.0,132.0,86.70733333333334,55.026666666666664,409.66133333333335,1384,0.27328236005911677,0.01817399294653004,0.2740642225477535,0.018955855435166726
I5_Moving_Delay_Support,1323,T2,LAG,BOTH,0.3847689910732879,0.0,0.0,0.0,1.0,4.0,1.0,0.49466666666666664,4,1,0,0,127.79066666666667,132.0,132.0,86.719,55.09,409.693,1384,0.25166817086844445,0.0013098000635400153,0.2507405649212428,0.00038219411633837896
I5_Moving_Delay_Support,1323,T3,LAG,LAG,0.16355211993677832,0.0814,0.9186,0.0,0.0,3.3612,0.0,0.0,8,1,4,1,89.201,98.0,102.0,86.83166666666666,51.11266666666667,360.72833333333335,1336,0.6589687388361024,0.002479464383796586,0.6586438125212979,0.002154538068992033
I5_Moving_Delay_Support,1323,O_ALL,LAG,BOTH,0.38344388552457237,0.0,0.0,0.0,1.0,4.0,1.0,0.48833333333333334,0,0,0,0,131.101,132.0,132.0,86.322,57.308,411.146,1384,0.2596258741536517,0.004718387995965849,0.2585509134772363,0.0036434273195504806
I6_Continuous_Latent_State,1323,T1,RECURRENT,BOTH,0.10734273251174536,0.0,0.0,0.0,1.0,4.0,1.0,0.0,4,1,0,0,129.94333333333333,132.0,132.0,86.26633333333334,56.68266666666667,410.36133333333333,1384,-0.05294761992008453,0.5307127588329927,-0.05557260305218536,0.5280877757008918
I6_Continuous_Latent_State,1323,T1R,RECURRENT,BOTH,0.10818287035533623,0.0,0.0,0.0,1.0,4.0,1.0,0.0,4,1,0,0,129.19666666666666,132.0,132.0,86.07133333333333,55.9,410.13,1384,-0.04640909032396019,0.528664068580191,-0.06056656488531097,0.5145065940188402
I6_Continuous_Latent_State,1323,T2,RECURRENT,BOTH,0.16307688618175817,0.0,0.0,0.0,1.0,4.0,1.0,0.0,4,1,0,0,129.425,132.0,132.0,86.144,56.118,410.239,1384,-0.07803546418542896,0.31813282606006016,-0.06519650337372568,0.3309717868717635
I6_Continuous_Latent_State,1323,T3,RECURRENT,RECURRENT,0.13398975478425307,0.0,0.0,0.9942,0.0058,0.0058,1.0,0.0,8,1,8,0,91.79,92.0,112.0,88.21066666666667,30.053333333333335,397.12666666666667,1320,-0.012183990442653118,0.31880804079584507,-0.0546048684279121,0.2763871628105861
I6_Continuous_Latent_State,1323,O_ALL,RECURRENT,BOTH,0.16095978062617058,0.0,0.0,0.0,1.0,4.0,1.0,0.0,0,0,0,0,130.93933333333334,132.0,132.0,85.94333333333333,56.99333333333333,410.9886666666667,1384,-0.05064091998912457,0.31983875650438665,-0.059813628191826736,0.31066604830168454
I7_Quiescent_Continuous_State,1323,T1,RECURRENT,BOTH,0.1368787780041311,0.0,0.0,0.0,1.0,4.0,1.0,0.3075,4,1,0,0,129.94333333333333,132.0,132.0,85.25833333333334,56.18066666666667,410.11033333333336,1384,-0.05545984717088688,0.3347503284723298,-0.06861455529624272,0.321595620346974
I7_Quiescent_Continuous_State,1323,T1R,RECURRENT,BOTH,0.13371488340566337,0.0,0.0,0.0,1.0,4.0,1.0,0.30733333333333335,4,1,0,0,129.19666666666666,132.0,132.0,84.182,54.95933333333333,409.6596666666667,1384,-0.051472948269751385,0.3382814023216952,-0.07813620284036929,0.31161814775107727
I7_Quiescent_Continuous_State,1323,T2,RECURRENT,BOTH,0.1781153105984423,0.0,0.0,0.0,1.0,4.0,1.0,0.32016666666666665,4,1,0,0,129.425,132.0,132.0,83.44,54.77133333333333,409.5656666666667,1384,-0.07724936233879016,0.19506516679852165,-0.06429454335179505,0.20801998578551675
I7_Quiescent_Continuous_State,1323,T3,RECURRENT,RECURRENT,0.12931131927256237,0.3932,0.0,0.606,0.0008,0.0008,0.6068,0.0,5,2,5,1,80.60766666666666,92.0,112.0,84.71266666666666,27.952,380.348,1320,-0.02748184669723153,0.1942444336500513,-0.036751594408315116,0.18497468593896774
I7_Quiescent_Continuous_State,1323,O_ALL,RECURRENT,BOTH,0.17353202598592193,0.0,0.0,0.0,1.0,4.0,1.0,0.31766666666666665,0,0,0,0,130.93933333333334,132.0,132.0,82.59266666666667,55.324666666666666,410.15433333333334,1384,-0.07240608192184268,0.1964969030424522,-0.07519186051738629,0.1937111244469086
I8_Quiescent_Discrete_Delay,1323,T1,LAG,BOTH,0.10059738033516791,0.0,0.0,0.0,1.0,3.1792,1.0,0.302,4,1,0,0,119.842,132.0,132.0,77.33266666666667,44.333333333333336,404.17066666666665,1384,0.3428018388837216,-0.003168947610319352,0.3420790571096379,-0.0038917293844031014
I8_Quiescent_Discrete_Delay,1323,T1R,LAG,BOTH,0.10553499521015511,0.0,0.0,0.0,1.0,3.907,1.0,0.30233333333333334,4,1,0,0,126.18266666666666,132.0,132.0,85.06366666666666,53.218,408.661,1384,0.34083219070720766,-0.00248357613012173,0.3399626462628831,-0.003353120574446383
I8_Quiescent_Discrete_Delay,1323,T2,LAG,BOTH,0.13592018439740478,0.0,0.0,0.0,1.0,4.0,1.0,0.3185,4,1,0,0,128.96766666666667,132.0,132.0,83.204,54.324666666666666,409.21433333333334,1384,0.362782155048313,-0.0033235740476346962,0.3635343886901313,-0.0025713404058164417
I8_Quiescent_Discrete_Delay,1323,T3,LAG,NONE,0.30884550398384236,0.7324,0.2676,0.0,0.0,1.0128,0.0,0.0,14,1,14,1,70.313,98.0,102.0,84.899,36.57333333333333,353.16266666666667,1272,0.1755316507670604,-0.0017937615015709658,0.1763465550908582,-0.0009788571777731697
I8_Quiescent_Discrete_Delay,1323,O_ALL,LAG,BOTH,0.13733539442660905,0.0,0.0,0.0,1.0,4.0,1.0,0.31633333333333336,0,0,0,0,131.091,132.0,132.0,83.53266666666667,55.91266666666667,410.4483333333333,1384,0.3659748244814011,-0.0019309654085636965,0.3665371062663018,-0.0013686836236629898
I9_Hybrid_Delay_Plus_Latent_State,1323,T1,BOTH,BOTH,0.35437445688291275,0.0,0.0,0.0,1.0,4.0,1.0,0.0021666666666666666,4,1,0,0,128.60166666666666,132.0,132.0,86.74366666666667,55.827333333333335,409.9336666666667,1384,-0.1470241875387617,0.22386389042152796,-0.16214816939799548,0.20873990856229419
I9_Hybrid_Delay_Plus_Latent_State,1323,T1R,BOTH,BOTH,0.35112510868227403,0.0,0.0,0.0,1.0,4.0,1.0,0.0005,4,1,0,0,129.95333333333335,132.0,132.0,86.86733333333333,56.89066666666667,410.62533333333334,1384,-0.1335835529436738,0.2279736438115332,-0.13537905229482292,0.2261781444603841
I9_Hybrid_Delay_Plus_Latent_State,1323,T2,BOTH,BOTH,0.1479180439993451,0.0,0.0,0.0,1.0,3.8628,1.0,0.008833333333333334,4,1,0,0,126.45666666666666,132.0,132.0,86.37433333333334,53.827333333333335,409.09366666666665,1368,0.3637451573760287,0.10059706259111323,0.3924235587257939,0.1292754639408784
I9_Hybrid_Delay_Plus_Latent_State,1323,T3,BOTH,BOTH,0.14543982344157302,0.0,0.0,0.0,1.0,4.0,1.0,0.0,5,2,1,1,127.921,132.0,132.0,86.45866666666667,55.446,409.335,1384,0.3740167956280503,0.10033195783259471,0.40121553184142084,0.12753069404596523
I9_Hybrid_Delay_Plus_Latent_State,1323,O_ALL,BOTH,BOTH,0.15533374276448203,0.0,0.0,0.0,1.0,5.0,1.0,0.0,0,0,0,0,140.31933333333333,142.0,142.0,86.01,64.506,414.745,1400,0.3366641716662937,0.10462887794668073,0.3628840078558529,0.1308487141362399
I10_Redundant_Temporal_Structure,1323,T1,REDUNDANT,BOTH,0.2778304165035988,0.0,0.0,0.0,1.0,4.0,1.0,0.0,4,1,0,0,130.18166666666667,132.0,132.0,87.20266666666667,57.334666666666664,410.68733333333336,1384,-0.1882653898361835,2.6796271547471275,-0.17938851989531726,2.688504024687994
I10_Redundant_Temporal_Structure,1323,T1R,REDUNDANT,BOTH,0.27939188996276004,0.0,0.0,0.0,1.0,4.0,1.0,0.0,4,1,0,0,130.34666666666666,132.0,132.0,87.15566666666666,57.352,410.856,1384,-0.19260462029783063,2.8931970668945595,-0.17543576095432095,2.9103659262380694
I10_Redundant_Temporal_Structure,1323,T2,REDUNDANT,BOTH,0.5116328278919812,0.0,0.0,0.0,1.0,4.0,1.0,0.006333333333333333,4,1,0,0,129.43,132.0,132.0,87.101,56.592666666666666,410.47633333333334,1384,-0.26033633148454755,0.4753612099289999,-0.24172689999223432,0.49397064142131314
I10_Redundant_Temporal_Structure,1323,T3,REDUNDANT,RECURRENT,0.4227994417625612,0.0028,0.0,0.9364,0.0608,0.083,0.9972,0.0,23,2,23,1,92.35733333333333,102.0,122.0,89.08366666666667,30.890666666666668,397.43333333333334,1320,-0.06758378385819663,0.4801832723667991,-0.06539387755721243,0.48237317866778323
I10_Redundant_Temporal_Structure,1323,O_ALL,REDUNDANT,BOTH,0.5143510475779688,0.0,0.0,0.0,1.0,4.0,1.0,0.0035,0,0,0,0,131.50933333333333,132.0,132.0,86.87733333333334,57.910666666666664,411.44733333333335,1384,-0.25168559430286025,0.4770071677966023,-0.24794825174405113,0.4807445103554114
I11_Regime_Switch_Delay_To_Latent,1323,T1,SWITCH_DELAY_TO_LATENT,BOTH,0.11734481326401096,0.0,0.0,0.0,1.0,4.0,1.0,0.0,4,1,0,0,128.234,132.0,132.0,84.074,54.31333333333333,409.1446666666667,1384,0.2605761426415265,0.19463511981805465,0.252325137596378,0.18638411477290612
I11_Regime_Switch_Delay_To_Latent,1323,T1R,SWITCH_DELAY_TO_LATENT,BOTH,0.11822325115706253,0.0,0.0,0.0,1.0,3.9526,1.0,0.0,4,1,0,0,127.039,132.0,132.0,86.49433333333333,54.47866666666667,409.38733333333334,1368,0.2690695328027429,0.1999404032049725,0.26149521101037737,0.1923660814126071
I11_Regime_Switch_Delay_To_Latent,1323,T2,SWITCH_DELAY_TO_LATENT,BOTH,0.1674264899923533,0.0,0.0,0.0,1.0,4.0,1.0,0.0395,4,1,0,0,126.95066666666666,132.0,132.0,86.45733333333334,54.428,409.362,1384,0.22889470262199577,0.09409911270165926,0.22396875491298435,0.08917316499264791
I11_Regime_Switch_Delay_To_Latent,1323,T3,SWITCH_DELAY_TO_LATENT,RECURRENT,0.14846732754573752,0.0692,0.4114,0.5184,0.001,1.6462,0.5194,0.0,8,2,8,1,90.39066666666666,98.0,102.0,87.50233333333334,41.83,377.183,1320,0.22204074816799926,0.0953827414074861,0.22215300993332524,0.0954950031728121
I11_Regime_Switch_Delay_To_Latent,1323,O_ALL,SWITCH_DELAY_TO_LATENT,BOTH,0.2982391393331859,0.0,0.0,0.0,1.0,4.0,1.0,0.5276666666666666,0,0,0,0,130.98266666666666,132.0,132.0,85.90133333333333,57.002,410.993,1368,-0.13640112446174565,0.09686376842190825,-0.14038765389609906,0.09287723898755486
I12_Regime_Switch_Latent_To_Delay,1323,T1,SWITCH_LATENT_TO_DELAY,BOTH,0.3261867959424711,0.0,0.0,0.0,1.0,3.8734,1.0,0.468,4,1,0,0,125.47,132.0,132.0,86.27166666666666,53.157333333333334,408.59866666666665,1368,-0.09543196110261275,0.23126729522165207,-0.09913426193833956,0.22756499438592528
I12_Regime_Switch_Latent_To_Delay,1323,T1R,SWITCH_LATENT_TO_DELAY,BOTH,0.32184730488400953,0.0,0.0,0.0,1.0,3.2528,1.0,0.4645,4,1,0,0,119.85166666666667,132.0,132.0,86.18,48.536,406.448,1384,-0.040158188155486316,0.23012186069695745,-0.04404155980333465,0.226238489049109
I12_Regime_Switch_Latent_To_Delay,1323,T2,SWITCH_LATENT_TO_DELAY,BOTH,0.34825006422330984,0.0,0.0,0.0,1.0,4.0,1.0,0.48333333333333334,4,1,0,0,129.41166666666666,132.0,132.0,85.98566666666666,56.02466666666667,410.19233333333335,1384,-0.11733409129698008,0.11968570249981864,-0.11974228533320347,0.11727750846359526
I12_Regime_Switch_Latent_To_Delay,1323,T3,SWITCH_LATENT_TO_DELAY,LAG,0.17880104951813633,0.181,0.4112,0.4074,0.0004,1.4454,0.4078,0.0,10,1,6,1,86.995,98.0,112.0,87.52,38.25,377.545,1336,0.1545052476281661,0.12102047085838455,0.14347392835955328,0.10998915158977177
I12_Regime_Switch_Latent_To_Delay,1323,O_ALL,SWITCH_LATENT_TO_DELAY,BOTH,0.3474412104854501,0.0,0.0,0.0,1.0,4.0,1.0,0.49,0,0,0,0,130.80933333333334,132.0,132.0,85.27333333333333,56.556,410.77,1384,-0.10146911177293427,0.12425373586539254,-0.11014020189153846,0.11558264574678838
I13_Regime_Switch_Hybrid_To_Memoryless,1323,T1,SWITCH_HYBRID_TO_NONE,BOTH,0.24472185382909079,0.0,0.0,0.0,1.0,4.0,1.0,0.4895,4,1,0,0,128.60166666666666,132.0,132.0,85.579,55.25266666666667,409.64633333333336,1336,-0.07123885215017008,0.13582260740955032,-0.0743746903917596,0.1326867691679608
I13_Regime_Switch_Hybrid_To_Memoryless,1323,T1R,SWITCH_HYBRID_TO_NONE,BOTH,0.24194609248275414,0.0,0.0,0.0,1.0,4.0,1.0,0.49116666666666664,4,1,0,0,129.95333333333335,132.0,132.0,85.47066666666667,56.20066666666666,410.2803333333333,1368,-0.09383009801690384,0.1494266722309044,-0.09323027398405521,0.15002649626375303
I13_Regime_Switch_Hybrid_To_Memoryless,1323,T2,SWITCH_HYBRID_TO_NONE,BOTH,0.1392404989033633,0.0,0.0,0.0,1.0,3.8628,1.0,0.49583333333333335,4,1,0,0,126.45666666666666,132.0,132.0,84.17166666666667,52.730666666666664,408.54533333333336,1336,0.1620547503337151,0.06767717850942226,0.1687386151569558,0.074361043332663
I13_Regime_Switch_Hybrid_To_Memoryless,1323,T3,SWITCH_HYBRID_TO_NONE,NONE,0.12667602187574611,0.5776,0.0174,0.0,0.405,1.6896,0.405,0.0,5,2,5,2,91.82166666666667,132.0,132.0,86.27966666666667,41.454,378.547,1256,0.17800337381521503,0.06703314555452243,0.1866857399327936,0.07571551167210103
I13_Regime_Switch_Hybrid_To_Memoryless,1323,O_ALL,SWITCH_HYBRID_TO_NONE,BOTH,0.14776141591643607,0.0,0.0,0.0,1.0,5.0,1.0,0.4925,0,0,0,0,140.31933333333333,142.0,142.0,83.28266666666667,63.148,414.066,1352,0.14818233332085845,0.0710353017668338,0.15237179817585553,0.07522476662183084
I14_Intermittent_Hybrid,1323,T1,INTERMITTENT,BOTH,0.1318048730704474,0.0,0.0,0.0,1.0,3.8554,1.0,0.25316666666666665,4,1,0,0,124.25833333333334,132.0,132.0,86.252,52.39266666666666,408.21633333333335,1368,0.11520720839558979,0.19340315966697535,0.0728079275256261,0.1510038787970117
I14_Intermittent_Hybrid,1323,T1R,INTERMITTENT,BOTH,0.13161790671117007,0.0,0.0,0.0,1.0,3.8568,1.0,0.25016666666666665,4,1,0,0,124.38333333333334,132.0,132.0,86.65,52.6,408.48,1368,0.10672174449911322,0.19518163351663276,0.06752779900785622,0.15598768802537577
I14_Intermittent_Hybrid,1323,T2,INTERMITTENT,BOTH,0.1632053431010214,0.0,0.0,0.0,1.0,3.9132,1.0,0.26366666666666666,4,1,0,0,124.85333333333334,132.0,132.0,86.668,52.98466666666667,408.6723333333333,1368,0.11501785891433333,0.10892556248828413,0.07746642597464971,0.07137412954860047
I14_Intermittent_Hybrid,1323,T3,INTERMITTENT,RECURRENT,0.20287524528679843,0.338,0.0748,0.5662,0.021,0.0958,0.5872,0.0,7,2,7,2,75.87066666666666,92.0,102.0,88.323,30.517333333333333,373.7266666666667,1256,-0.016011559604583912,0.10807938387027079,-0.026169787167852857,0.09792115630700185
I14_Intermittent_Hybrid,1323,O_ALL,INTERMITTENT,BOTH,0.25691127752596066,0.0,0.0,0.0,1.0,4.0,1.0,0.419,0,0,0,0,131.13266666666667,132.0,132.0,85.62666666666667,56.989333333333335,410.9866666666667,1384,-0.0803339230872234,0.10735634064338867,-0.08832026995832806,0.09936999377228403
I1_Memoryless_Linear,1324,T1,NONE,NONE,0.12148735671285368,1.0,0.0,0.0,0.0,0.0,0.0,0.0,0,0,0,0,58.0,58.0,58.0,74.95366666666666,22.529333333333334,345.76466666666664,1272,-0.005790457160933482,0.00133085638917334,-0.005790457160933482,0.00133085638917334
I1_Memoryless_Linear,1324,T1R,NONE,NONE,0.12148735671285368,1.0,0.0,0.0,0.0,0.0,0.0,0.0,0,0,0,0,58.0,58.0,58.0,74.95366666666666,22.529333333333334,345.76466666666664,1272,-0.005790457160933482,0.00133085638917334,-0.005790457160933482,0.00133085638917334
I1_Memoryless_Linear,1324,T2,NONE,NONE,0.12148735671285368,1.0,0.0,0.0,0.0,0.0,0.0,0.0,0,0,0,0,58.0,58.0,58.0,74.95366666666666,22.529333333333334,345.76466666666664,1272,-0.005790457160933482,0.00133085638917334,-0.005790457160933482,0.00133085638917334
I1_Memoryless_Linear,1324,T3,NONE,NONE,0.12148735671285368,1.0,0.0,0.0,0.0,0.0,0.0,0.0,0,0,0,0,58.0,58.0,58.0,74.95366666666666,22.529333333333334,345.76466666666664,1272,-0.005790457160933482,0.00133085638917334,-0.005790457160933482,0.00133085638917334
I1_Memoryless_Linear,1324,O_ALL,NONE,BOTH,0.14270428262239493,0.0,0.0,0.0,1.0,3.5452,1.0,0.859,0,0,0,0,121.78766666666667,132.0,132.0,69.892,41.696666666666665,403.3403333333333,1368,-0.02562798761325794,0.0024191771936792218,-0.0256311449819059,0.0024160198250312618
I2_Static_Nonlinear_Negative_Control,1324,T1,NONE,BOTH,1.2837889280111223,0.0,0.3056,0.0,0.6944,3.7194,0.6944,0.16933333333333334,4,1,0,0,109.064,132.0,132.0,86.68466666666667,51.68,388.108,1384,-0.21594671559046646,0.20113826213637795,-0.23373596285046128,0.1833490148763831
I2_Static_Nonlinear_Negative_Control,1324,T1R,NONE,BOTH,1.2663361752013338,0.0,0.3056,0.0,0.6944,3.4724,0.6944,0.15066666666666667,4,1,0,0,107.00566666666667,132.0,132.0,86.704,50.048,387.292,1384,-0.22307442912166853,0.24811496740334482,-0.2334792693490197,0.2377101271759937
I2_Static_Nonlinear_Negative_Control,1324,T2,NONE,BOTH,1.2373190558519132,0.0,0.3056,0.0,0.6944,3.723,0.6944,0.5273333333333333,4,1,0,0,109.094,132.0,132.0,86.62066666666666,51.672,388.104,1384,-0.22544989234987536,-0.0016433647534628653,-0.2254954215040013,-0.0016888939075888028
I2_Static_Nonlinear_Negative_Control,1324,T3,NONE,NONE,1.0553168691250785,0.9934,0.0066,0.0,0.0,0.0068,0.0,0.0,8,0,8,0,58.056666666666665,58.0,78.0,88.50133333333333,30.201333333333334,349.60066666666665,1272,-0.057660083760124776,-0.006503967185583412,-0.05842208980807834,-0.007265973233536974
I2_Static_Nonlinear_Negative_Control,1324,O_ALL,NONE,BOTH,1.2705925138535765,0.0,0.0,0.0,1.0,4.0,1.0,0.8898333333333334,0,0,0,0,130.99933333333334,132.0,132.0,85.722,56.932,410.958,1384,-0.16135932710909268,-0.0028061761278435817,-0.15899155924533928,-0.0004384082640901658
I3_Single_Exact_Delay,1324,T1,LAG,LAG,0.17218878479408,0.0,1.0,0.0,0.0,3.2276,0.0,0.0,4,0,0,0,85.00333333333333,98.0,98.0,85.37066666666666,47.622,358.311,1336,0.4148977788392211,-0.0023874244723158236,0.4150766158242649,-0.002208587487271943
I3_Single_Exact_Delay,1324,T1R,LAG,LAG,0.5259056764184892,0.0,1.0,0.0,0.0,3.1818,0.0,0.0,4,0,0,0,84.61333333333333,98.0,98.0,87.307,48.278,358.639,1336,-0.1647916045606671,-0.0023874244723158236,-0.1646127675756232,-0.002208587487271943
I3_Single_Exact_Delay,1324,T2,LAG,LAG,0.5275511077994925,0.0,1.0,0.0,0.0,3.3736,0.0,0.0,4,0,0,0,86.22,98.0,98.0,87.27933333333333,49.54333333333334,359.27166666666665,1336,-0.142011438654041,-0.002365396335924517,-0.14168755642091058,-0.00204151410279405
I3_Single_Exact_Delay,1324,T3,LAG,LAG,0.1889291029281129,0.1916,0.8084,0.0,0.0,3.0644,0.0,0.0,4,0,0,0,83.53,98.0,98.0,87.62933333333334,48.086,358.543,1336,0.40695294558244427,-0.002365396335924517,0.40710070874242915,-0.002217633175939624
I3_Single_Exact_Delay,1324,O_ALL,LAG,BOTH,0.541267234311098,0.0,0.0,0.0,1.0,4.0,1.0,0.9678333333333333,0,0,0,0,131.59933333333333,132.0,132.0,86.76866666666666,57.92133333333334,411.4526666666667,1384,-0.2239527700569703,0.00015613314351847432,-0.22365932689056184,0.00044957630992692915
I4_Multi_Sparse_Delay,1324,T1,LAG,BOTH,0.7660231377207088,0.0,0.0,0.0,1.0,4.0,1.0,0.23833333333333334,4,1,0,0,130.99166666666667,132.0,132.0,87.31366666666666,57.994,411.017,1384,-0.39663985254199163,0.05894092870652583,-0.41336697036412406,0.04221381088439342
I4_Multi_Sparse_Delay,1324,T1R,LAG,BOTH,0.773791273979225,0.0,0.0,0.0,1.0,4.0,1.0,0.2295,4,1,0,0,130.44666666666666,132.0,132.0,87.221,57.45066666666666,410.9053333333333,1384,-0.3738191673399076,0.06350919446575277,-0.3692119510307709,0.06811641077488947
I4_Multi_Sparse_Delay,1324,T2,LAG,BOTH,0.7544739990019729,0.0,0.0,0.0,1.0,4.0,1.0,0.5138333333333334,4,1,0,0,131.11333333333334,132.0,132.0,87.237,57.958,411.159,1384,-0.3847320984912656,0.023372125359633907,-0.3993618729740407,0.008742350876858823
I4_Multi_Sparse_Delay,1324,T3,LAG,NONE,0.5843738009372177,0.564,0.1892,0.1582,0.0886,0.9748,0.2468,0.0,36,22,32,21,75.491,132.0,132.0,88.86933333333333,36.176,365.78,1384,0.08888807582537363,0.01280055209232544,0.08201225640546146,0.005924732672413291
I4_Multi_Sparse_Delay,1324,O_ALL,LAG,BOTH,0.7506737186883308,0.0,0.0,0.0,1.0,4.0,1.0,0.5118333333333334,0,0,0,0,131.69266666666667,132.0,132.0,87.148,58.186,411.585,1384,-0.39466645792305904,0.022910623590002534,-0.40463654068398075,0.012940540829080754
I5_Moving_Delay_Support,1324,T1,LAG,LAG,0.5462946460824956,0.0,1.0,0.0,0.0,3.9942,0.0,0.0,4,0,0,0,93.675,98.0,98.0,86.878,55.008,362.004,1336,-0.17457928760703154,0.0021389890055488183,-0.17450448505765906,0.002213791554921327
I5_Moving_Delay_Support,1324,T1R,LAG,LAG,0.5581842119325002,0.0,1.0,0.0,0.0,3.9544,0.0,0.0,4,0,0,0,92.51166666666667,98.0,98.0,86.82533333333333,54.053333333333335,361.52666666666664,1336,-0.1594707624772467,0.0021389890055488183,-0.15939595992787417,0.002213791554921327
I5_Moving_Delay_Support,1324,T2,LAG,LAG,0.4128677235671659,0.0,1.0,0.0,0.0,3.9074,0.0,0.0,4,0,0,0,92.42166666666667,98.0,98.0,86.73466666666667,53.93933333333333,361.4696666666667,1336,0.08000406212615588,0.0021389890055488183,0.08007886467552838,0.002213791554921327
I5_Moving_Delay_Support,1324,T3,LAG,NONE,0.3510303020643741,0.6348,0.3652,0.0,0.0,1.036,0.0,0.0,18,0,18,0,66.68333333333334,98.0,98.0,88.19,36.022,352.511,1272,0.1375773643197295,0.0021389890055488183,0.137652166869102,0.002213791554921327
I5_Moving_Delay_Support,1324,O_ALL,LAG,BOTH,0.5452981596218914,0.0,0.0,0.0,1.0,4.0,1.0,0.9818333333333333,0,0,0,0,131.161,132.0,132.0,86.15066666666667,57.269333333333336,411.12666666666667,1384,-0.188502013100267,0.0019957852487453463,-0.18851673256772047,0.0019810657812918825
I6_Continuous_Latent_State,1324,T1,RECURRENT,BOTH,0.11160130391469106,0.0,0.0,0.0,1.0,4.0,1.0,0.0003333333333333333,4,1,0,0,130.425,132.0,132.0,86.909,57.36066666666667,410.70033333333333,1368,-0.06680706166611351,0.5132519298067437,-0.05434713627022103,0.5257118552026361
I6_Continuous_Latent_State,1324,T1R,RECURRENT,BOTH,0.1118162941622576,0.0,0.0,0.0,1.0,4.0,1.0,0.0003333333333333333,4,1,0,0,128.66833333333332,132.0,132.0,86.583,55.73733333333333,410.0486666666667,1384,-0.04854493641697496,0.5118742925181693,-0.04584733824255647,0.5145718906925877
I6_Continuous_Latent_State,1324,T2,RECURRENT,BOTH,0.15673758657147835,0.0,0.0,0.0,1.0,4.0,1.0,0.006833333333333334,4,1,0,0,128.10166666666666,132.0,132.0,86.39,55.172666666666665,409.7663333333333,1384,0.03699722226410522,0.32494311872639325,-0.033235055728827234,0.2547108407334608
I6_Continuous_Latent_State,1324,T3,RECURRENT,RECURRENT,0.13527152531217318,0.0,0.0,0.9994,0.0006,0.0006,1.0,0.0,1,2,1,1,90.917,92.0,102.0,88.686,30.281333333333333,396.1046666666667,1320,-0.02855284730513989,0.33367494692562855,-0.04743323134420952,0.3147945628865588
I6_Continuous_Latent_State,1324,O_ALL,RECURRENT,BOTH,0.16452299360836345,0.0,0.0,0.0,1.0,4.0,1.0,0.0036666666666666666,0,0,0,0,131.56433333333334,132.0,132.0,86.28466666666667,57.662,411.323,1384,-0.06557067373831266,0.3332786713801182,-0.06850431108485085,0.33034503403357995
I7_Quiescent_Continuous_State,1324,T1,RECURRENT,BOTH,0.20157884533921577,0.0,0.0,0.0,1.0,4.0,1.0,0.2956666666666667,4,1,0,0,130.425,132.0,132.0,86.09966666666666,56.958,410.499,1368,-0.08713655286120287,0.35196892719301837,-0.09265584736230002,0.3464496326919212
I7_Quiescent_Continuous_State,1324,T1R,RECURRENT,BOTH,0.20378180035550525,0.0,0.0,0.0,1.0,4.0,1.0,0.2951666666666667,4,1,0,0,128.66833333333332,132.0,132.0,85.47633333333333,55.186,409.773,1384,-0.053721552408148326,0.3568041396647463,-0.059137498338596925,0.3513881937342977
I7_Quiescent_Continuous_State,1324,T2,RECURRENT,BOTH,0.1619452962336308,0.0,0.0,0.0,1.0,4.0,1.0,0.31366666666666665,4,1,0,0,128.10166666666666,132.0,132.0,83.904,53.934,409.147,1384,0.011730316445713183,0.2341637014261419,-0.045378271556381876,0.1770551134240468
I7_Quiescent_Continuous_State,1324,T3,RECURRENT,RECURRENT,0.125245576616416,0.3644,0.0,0.6348,0.0008,0.0008,0.6356,0.0,3,3,3,2,80.594,92.0,102.0,87.37633333333333,29.568666666666665,381.1723333333333,1320,-0.020323466758115107,0.24172986090683912,-0.045205324172428556,0.21684800349252564
I7_Quiescent_Continuous_State,1324,O_ALL,RECURRENT,BOTH,0.17494131988372857,0.0,0.0,0.0,1.0,4.0,1.0,0.31233333333333335,0,0,0,0,131.56433333333334,132.0,132.0,83.96533333333333,56.506,410.745,1384,-0.06646838042536198,0.24090735287823814,-0.07299853635798868,0.23437719694561143
I8_Quiescent_Discrete_Delay,1324,T1,LAG,LAG,0.2093753133988601,0.0,1.0,0.0,0.0,1.8352,0.0,0.0,4,0,0,0,73.4,98.0,98.0,83.16333333333333,37.26866666666667,353.13433333333336,1336,0.20816943255304113,-0.002460469352450455,0.20830937264907323,-0.00232052925641834
I8_Quiescent_Discrete_Delay,1324,T1R,LAG,LAG,0.22301156569339933,0.0,1.0,0.0,0.0,2.752,0.0,0.0,4,0,0,0,81.03166666666667,98.0,98.0,84.91766666666666,44.23133333333333,356.61566666666664,1336,0.19459319565280825,-0.0024312027855902456,0.1947380464152724,-0.0022863520231260785
I8_Quiescent_Discrete_Delay,1324,T2,LAG,LAG,0.243822710831532,0.0,1.0,0.0,0.0,2.7796,0.0,0.0,4,0,0,0,81.27,98.0,98.0,84.77133333333333,44.345333333333336,356.67266666666666,1336,0.17403016000675176,-0.002365396335924517,0.1743540422398822,-0.00204151410279405
I8_Quiescent_Discrete_Delay,1324,T3,LAG,NONE,0.21801392354221769,0.547,0.453,0.0,0.0,1.5262,0.0,0.0,5,0,1,0,70.71166666666667,98.0,98.0,86.117,37.989333333333335,353.49466666666666,1336,0.20703131631644037,-0.002365396335924517,0.20717907947642525,-0.002217633175939624
I8_Quiescent_Discrete_Delay,1324,O_ALL,LAG,BOTH,0.5498685471792475,0.0,0.0,0.0,1.0,4.0,1.0,0.9643333333333334,0,0,0,0,131.59933333333333,132.0,132.0,84.614,56.855333333333334,410.91966666666667,1384,-0.24968018693287158,-0.0008183169770221384,-0.24945978692271747,-0.0005979169668680183
I9_Hybrid_Delay_Plus_Latent_State,1324,T1,BOTH,BOTH,0.36516571150921184,0.0,0.0,0.0,1.0,4.0,1.0,0.0045,4,1,0,0,130.425,132.0,132.0,87.087,57.424,410.732,1384,-0.19804390471812175,0.21927009904107905,-0.1922802721801068,0.22503373157909398
I9_Hybrid_Delay_Plus_Latent_State,1324,T1R,BOTH,BOTH,0.09664025367810333,0.0,0.0,0.0,1.0,4.0,1.0,0.0,4,1,0,0,127.89166666666667,132.0,132.0,86.88966666666667,55.27333333333333,409.81666666666666,1384,0.3844984128772279,0.23351882047684963,0.4057508079371597,0.2547712155367814
I9_Hybrid_Delay_Plus_Latent_State,1324,T2,BOTH,BOTH,0.14148456260806877,0.0,0.0,0.0,1.0,4.0,1.0,0.006333333333333333,4,1,0,0,129.25333333333333,132.0,132.0,86.715,56.222,410.291,1384,0.4047392534376461,0.12202697296075352,0.40636459253499985,0.1236523120581073
I9_Hybrid_Delay_Plus_Latent_State,1324,T3,BOTH,BOTH,0.14203572734396122,0.0,0.0,0.0,1.0,3.9082,1.0,0.0,6,3,2,2,123.33733333333333,132.0,132.0,87.00433333333334,53.23533333333334,406.48566666666665,1384,0.39124111582109106,0.12311479048121761,0.4185179599904554,0.1503916346505819
I9_Hybrid_Delay_Plus_Latent_State,1324,O_ALL,BOTH,BOTH,0.3900572363575831,0.0,0.0,0.0,1.0,4.0,1.0,0.04766666666666667,0,0,0,0,131.46933333333334,132.0,132.0,86.39466666666667,57.63666666666666,411.31033333333335,1384,-0.2179779403395688,0.11079478595488967,-0.20343639485111922,0.12533633144333925
I10_Redundant_Temporal_Structure,1324,T1,REDUNDANT,BOTH,0.2614242435112297,0.0,0.0,0.0,1.0,4.0,1.0,0.0,4,1,0,0,130.95,132.0,132.0,87.309,57.97666666666667,411.0083333333333,1384,-0.18561173471452846,3.4378546491690365,-0.12515723970324433,3.498309144180321
I10_Redundant_Temporal_Structure,1324,T1R,REDUNDANT,BOTH,0.2649531792630401,0.0,0.0,0.0,1.0,4.0,1.0,0.0,4,1,0,0,130.16,132.0,132.0,87.343,57.27466666666667,410.81733333333335,1384,-0.18539018779347818,3.4034744638470116,-0.14115457358694994,3.44771007805354
I10_Redundant_Temporal_Structure,1324,T2,REDUNDANT,BOTH,0.5010520674761904,0.0,0.0,0.0,1.0,4.0,1.0,0.004666666666666667,4,1,0,0,131.17666666666668,132.0,132.0,87.293,58.053333333333335,411.20666666666665,1384,-0.3024928686973349,0.6041475182273037,-0.26912505969743594,0.6375153272272026
I10_Redundant_Temporal_Structure,1324,T3,REDUNDANT,RECURRENT,0.41503143667875203,0.0056,0.0006,0.9444,0.0494,0.0604,0.9938,0.0,34,6,34,5,92.01966666666667,92.0,122.0,89.32733333333333,30.894666666666666,397.24333333333334,1304,-0.05462561390172485,0.5990483108656106,-0.07000410011568194,0.5836698246516535
I10_Redundant_Temporal_Structure,1324,O_ALL,REDUNDANT,BOTH,0.49257985194593845,0.0,0.0,0.0,1.0,4.0,1.0,0.0045,0,0,0,0,131.73766666666666,132.0,132.0,87.08933333333333,58.19733333333333,411.59066666666666,1384,-0.2666213485096214,0.6047894031539156,-0.25877350699206497,0.6126372446714721
I11_Regime_Switch_Delay_To_Latent,1324,T1,SWITCH_DELAY_TO_LATENT,LAG,0.1263530237244021,0.0,0.502,0.0,0.498,3.6692,0.498,0.0,4,1,0,0,103.06766666666667,132.0,132.0,83.474,49.754666666666665,379.28933333333333,1384,0.21499860495676373,0.16502824350829917,0.20879625337765,0.15882589192918545
I11_Regime_Switch_Delay_To_Latent,1324,T1R,SWITCH_DELAY_TO_LATENT,BOTH,0.12377392565072899,0.0,0.0,0.0,1.0,3.8452,1.0,0.023666666666666666,4,1,0,0,124.267,132.0,132.0,86.39333333333333,52.48133333333333,408.32466666666664,1384,0.203771837078916,0.19610498488628192,0.19616882890419465,0.18850197671156063
I11_Regime_Switch_Delay_To_Latent,1324,T2,SWITCH_DELAY_TO_LATENT,BOTH,0.1558908802810866,0.0,0.0,0.0,1.0,3.7292,1.0,0.015166666666666667,4,1,0,0,123.16866666666667,132.0,132.0,86.26266666666666,51.54266666666667,407.8553333333333,1368,0.21462948711728416,0.10746582714034758,0.20607177019572673,0.09890811021879015
I11_Regime_Switch_Delay_To_Latent,1324,T3,SWITCH_DELAY_TO_LATENT,RECURRENT,0.14404375228795763,0.0776,0.4244,0.4978,0.0002,1.5292,0.498,0.0,6,2,6,1,85.30033333333333,98.0,102.0,87.39366666666666,38.934666666666665,373.9513333333333,1320,0.2106188735896527,0.10276730219302786,0.20947476551110006,0.10162319411447518
I11_Regime_Switch_Delay_To_Latent,1324,O_ALL,SWITCH_DELAY_TO_LATENT,BOTH,0.29499893850623266,0.0,0.0,0.0,1.0,4.0,1.0,0.512,0,0,0,0,130.74266666666668,132.0,132.0,85.60866666666666,56.66466666666667,410.82433333333336,1384,-0.08871076707236898,0.10582702117020468,-0.09814108757496437,0.09639670066760926
I12_Regime_Switch_Latent_To_Delay,1324,T1,SWITCH_LATENT_TO_DELAY,BOTH,0.3255101803634411,0.0,0.0,0.0,1.0,3.9832,1.0,0.45766666666666667,4,1,0,0,127.23,132.0,132.0,86.83333333333333,54.80733333333333,409.4236666666667,1368,-0.11483614115503381,0.22524022188530135,-0.1147426865904541,0.2253336764498811
I12_Regime_Switch_Latent_To_Delay,1324,T1R,SWITCH_LATENT_TO_DELAY,BOTH,0.32424364429692487,0.0,0.0,0.0,1.0,3.8822,1.0,0.4535,4,1,0,0,125.565,132.0,132.0,86.69666666666667,53.32066666666667,408.8403333333333,1384,-0.07700055355826618,0.22905945594478028,-0.07600165078708898,0.23005835871595745
I12_Regime_Switch_Latent_To_Delay,1324,T2,SWITCH_LATENT_TO_DELAY,BOTH,0.33656790566789246,0.0,0.0,0.0,1.0,3.7838,1.0,0.49416666666666664,4,1,0,0,125.43166666666667,132.0,132.0,86.60933333333334,53.150666666666666,408.75533333333334,1384,-0.027010791159220584,0.13300389190466344,-0.06480038641988829,0.09521429664399576
I12_Regime_Switch_Latent_To_Delay,1324,T3,SWITCH_LATENT_TO_DELAY,RECURRENT,0.19504631442178386,0.2362,0.357,0.4062,0.0006,1.313,0.4068,0.0,8,2,4,2,85.04466666666667,98.0,102.0,88.04533333333333,37.80266666666667,376.13733333333334,1336,0.13386222557441993,0.13417544508630944,0.11412171125810104,0.11443493076999056
I12_Regime_Switch_Latent_To_Delay,1324,O_ALL,SWITCH_LATENT_TO_DELAY,BOTH,0.3359579638104603,0.0,0.0,0.0,1.0,4.0,1.0,0.48083333333333333,0,0,0,0,131.441,132.0,132.0,86.156,57.496,411.24,1384,-0.09848487143991765,0.13739935920579371,-0.1043854085888499,0.13149882205686145
I13_Regime_Switch_Hybrid_To_Memoryless,1324,T1,SWITCH_HYBRID_TO_NONE,BOTH,0.2579297862879048,0.0,0.0,0.0,1.0,4.0,1.0,0.47633333333333333,4,1,0,0,130.425,132.0,132.0,85.59766666666667,56.688,410.364,1384,-0.11777905505998021,0.08765461369149392,-0.12165146657732877,0.08378220217414538
I13_Regime_Switch_Hybrid_To_Memoryless,1324,T1R,SWITCH_HYBRID_TO_NONE,BOTH,0.11424279227493872,0.0,0.0,0.0,1.0,3.7564,1.0,0.4593333333333333,4,1,1,0,125.86333333333333,132.0,132.0,85.025,52.72666666666667,408.54333333333335,1368,0.10963173106139029,0.10126954801631781,0.15726599803344352,0.14890381498837105
I13_Regime_Switch_Hybrid_To_Memoryless,1324,T2,SWITCH_HYBRID_TO_NONE,BOTH,0.1409476383201051,0.0,0.0,0.0,1.0,4.0,1.0,0.49483333333333335,4,1,0,0,129.25333333333333,132.0,132.0,83.74433333333333,54.742,409.551,1384,0.1192503627653028,0.04458460923473907,0.1479422796840939,0.07327652615353017
I13_Regime_Switch_Hybrid_To_Memoryless,1324,T3,SWITCH_HYBRID_TO_NONE,NONE,0.12837447248952152,0.589,0.0028,0.0,0.4082,1.5522,0.4082,0.0,6,3,6,3,86.94866666666667,132.0,132.0,87.10466666666666,39.099333333333334,375.7536666666667,1256,0.13134346709862305,0.04436310087330259,0.16935386111366613,0.08237349488834564
I13_Regime_Switch_Hybrid_To_Memoryless,1324,O_ALL,SWITCH_HYBRID_TO_NONE,BOTH,0.26364885598592364,0.0,0.0,0.0,1.0,4.0,1.0,0.534,0,0,0,0,131.46933333333334,132.0,132.0,84.748,56.81733333333333,410.90066666666667,1384,-0.14165056372498042,0.040507130199357415,-0.13185931377864135,0.050298380145696514
I14_Intermittent_Hybrid,1324,T1,INTERMITTENT,BOTH,0.12221758758214711,0.0,0.0,0.0,1.0,3.9632,1.0,0.2505,4,1,0,0,126.45166666666667,132.0,132.0,86.114,53.83533333333333,408.93766666666664,1368,0.18125218685786626,0.18353889624423297,0.14705965458541825,0.14934636397178497
I14_Intermittent_Hybrid,1324,T1R,INTERMITTENT,BOTH,0.12173576576794083,0.0,0.0,0.0,1.0,3.8934,1.0,0.25216666666666665,4,1,0,0,126.23333333333333,132.0,132.0,86.38366666666667,53.70666666666666,409.03333333333336,1384,0.17639710093110547,0.18730893118562236,0.14351528472979863,0.15442711498431558
I14_Intermittent_Hybrid,1324,T2,INTERMITTENT,BOTH,0.15774398996829586,0.0,0.0,0.0,1.0,3.9898,1.0,0.28983333333333333,4,1,0,0,127.14,132.0,132.0,86.41133333333333,54.44266666666667,409.40133333333335,1384,0.17356750178784944,0.104826674160674,0.14745160708535862,0.07871077945818321
I14_Intermittent_Hybrid,1324,T3,INTERMITTENT,RECURRENT,0.17007224600227527,0.279,0.1772,0.411,0.1328,0.9848,0.5438,0.0,12,19,12,19,83.375,132.0,132.0,88.05333333333333,35.902,376.211,1256,0.11522051884530474,0.09843831061352316,0.09248406136955008,0.07570185313776848
I14_Intermittent_Hybrid,1324,O_ALL,INTERMITTENT,BOTH,0.16558864788815258,0.0,0.0,0.0,1.0,5.0,1.0,0.24733333333333332,0,0,0,0,141.08433333333332,142.0,142.0,85.87866666666666,65.052,415.018,1400,0.19658156936722207,0.10223045138869963,0.16564360407280426,0.0712924860942818
I1_Memoryless_Linear,1325,T1,NONE,NONE,0.11677789356640572,1.0,0.0,0.0,0.0,0.0,0.0,0.0,0,0,0,0,58.0,58.0,58.0,68.773,18.519333333333332,343.75966666666665,1224,-0.003338522544514911,0.00096837829330556,-0.003338522544514911,0.00096837829330556
I1_Memoryless_Linear,1325,T1R,NONE,RECURRENT,0.11672556146297496,0.0,0.0,1.0,0.0,0.0,1.0,0.0,0,1,0,0,91.73933333333333,92.0,92.0,69.04866666666666,18.769333333333332,391.51666666666665,1272,-0.0027417803604278404,0.0018872179126471122,-0.002725392696382171,0.0019036055766927817
I1_Memoryless_Linear,1325,T2,NONE,RECURRENT,0.11682198575408566,0.0,0.0,1.0,0.0,0.0,1.0,0.0,0,1,0,0,91.73933333333333,92.0,92.0,68.773,18.519333333333332,391.39166666666665,1272,-0.003338522544514911,-0.0005673569438986661,-0.0033672894356398617,-0.0005961238350236158
I1_Memoryless_Linear,1325,T3,NONE,NONE,0.11677789356640572,1.0,0.0,0.0,0.0,0.0,0.0,0.0,0,0,0,0,58.0,58.0,58.0,68.773,18.519333333333332,343.75966666666665,1224,-0.003338522544514911,0.00096837829330556,-0.003338522544514911,0.00096837829330556
I1_Memoryless_Linear,1325,O_ALL,NONE,BOTH,0.13179440559557962,0.0,0.0,0.0,1.0,2.3128,1.0,0.8978333333333334,0,0,0,0,111.906,132.0,132.0,65.70733333333334,31.730666666666668,398.3573333333333,1336,-0.020050095020538033,-0.00031374957813515704,-0.020038885382442428,-0.00030253994003955195
I2_Static_Nonlinear_Negative_Control,1325,T1,NONE,BOTH,1.4379358329548717,0.0,0.4204,0.0,0.5796,4.0,0.5796,0.0,4,1,0,0,109.76133333333334,132.0,132.0,86.822,54.714,385.033,1384,-0.2299123030132018,0.2369359133731965,-0.2553574417539403,0.21149077463245808
I2_Static_Nonlinear_Negative_Control,1325,T1R,NONE,BOTH,1.4423556676855978,0.0,0.2294,0.0,0.7706,4.0,0.7706,0.10083333333333333,4,1,0,0,115.563,132.0,132.0,86.80933333333333,55.019333333333336,392.8256666666667,1384,-0.29827420719744197,0.4141764838667817,-0.3168136073424957,0.39563708372172796
I2_Static_Nonlinear_Negative_Control,1325,T2,NONE,BOTH,1.3619839015249418,0.0,0.2296,0.0,0.7704,4.0,0.7704,0.5463333333333333,4,1,0,0,115.57066666666667,132.0,132.0,86.746,54.998,392.807,1384,-0.2323933781133104,-0.00971924770287539,-0.2343984584794666,-0.011724328069031585
I2_Static_Nonlinear_Negative_Control,1325,T3,NONE,NONE,1.1452105709337246,0.951,0.0144,0.0346,0.0,0.0194,0.0346,0.0,16,3,16,3,59.142,58.0,92.0,88.73233333333333,30.391333333333332,351.07966666666664,1272,-0.07206540529507692,-0.003133010204706291,-0.06794070883622962,0.0009916862541410085
I2_Static_Nonlinear_Negative_Control,1325,O_ALL,NONE,BOTH,1.3874573661437055,0.0,0.0,0.0,1.0,4.0,1.0,0.8533333333333334,0,0,0,0,131.161,132.0,132.0,86.054,57.224666666666664,411.10433333333333,1368,-0.33679978598210186,-0.018721495564387496,-0.33691283749289774,-0.018834547075183446
I3_Single_Exact_Delay,1325,T1,LAG,LAG,0.5433317199817507,0.0,1.0,0.0,0.0,3.9946,0.0,0.0,4,0,0,0,93.45333333333333,98.0,98.0,86.82333333333334,54.828,361.914,1336,-0.1637708963171268,0.0005246274719852565,-0.16389765581662744,0.0003978679724846235
I3_Single_Exact_Delay,1325,T1R,LAG,BOTH,0.09579426179692997,0.0,0.0,0.0,1.0,3.965,1.0,0.0125,5,1,1,0,127.12566666666666,132.0,132.0,86.85733333333333,54.791333333333334,409.54366666666664,1384,0.6428066569128851,-0.001131903096934019,0.6443636522639973,0.00042509225417815987
I3_Single_Exact_Delay,1325,T2,LAG,BOTH,0.537401146206989,0.0,0.0,0.0,1.0,3.8288,1.0,0.9253333333333333,4,1,0,0,125.46066666666667,132.0,132.0,86.72533333333334,53.388,408.842,1384,-0.19489654429512138,-0.0018064363943885776,-0.1950204007772949,-0.0019302928765620809
I3_Single_Exact_Delay,1325,T3,LAG,LAG,0.20236283571413932,0.1892,0.8108,0.0,0.0,3.0882,0.0,0.0,16,0,12,0,83.91333333333333,98.0,98.0,87.16333333333333,48.111333333333334,358.55566666666664,1336,0.42062259285308085,0.0005246274719852565,0.4204958333535802,0.0003978679724846235
I3_Single_Exact_Delay,1325,O_ALL,LAG,BOTH,0.5315582096991875,0.0,0.0,0.0,1.0,4.0,1.0,0.9705,0,0,0,0,130.87933333333334,132.0,132.0,85.93333333333334,56.93266666666667,410.9583333333333,1384,-0.16023512283694075,-0.0019675021657870845,-0.16007317914692346,-0.0018055584757698177
I4_Multi_Sparse_Delay,1325,T1,LAG,BOTH,0.7495488219455295,0.0,0.0,0.0,1.0,4.0,1.0,0.18916666666666668,4,1,0,0,130.68966666666665,132.0,132.0,87.297,57.778,410.885,1384,-0.3477467167111598,0.09996025036951876,-0.35717969011272194,0.09052727696795666
I4_Multi_Sparse_Delay,1325,T1R,LAG,BOTH,0.7495423612726075,0.0,0.0,0.0,1.0,4.0,1.0,0.18483333333333332,4,1,0,0,130.82,132.0,132.0,87.24566666666666,57.754666666666665,411.05733333333336,1384,-0.34730750578527797,0.10080471596062768,-0.35682728845569966,0.09128493329020597
I4_Multi_Sparse_Delay,1325,T2,LAG,BOTH,0.7392856553631886,0.0,0.0,0.0,1.0,4.0,1.0,0.47883333333333333,4,1,0,0,130.62666666666667,132.0,132.0,87.30033333333333,57.624,410.992,1384,-0.34554286258607353,0.04608918834122965,-0.3555215248309798,0.03611052609632332
I4_Multi_Sparse_Delay,1325,T3,LAG,NONE,0.5942090633875414,0.5192,0.2552,0.1834,0.0422,0.9028,0.2256,0.0,44,30,44,30,73.96033333333334,98.0,132.0,88.82766666666667,35.64666666666667,364.14733333333334,1256,0.07371285492509033,0.018934569069776887,0.0683239362689654,0.013545650413651971
I4_Multi_Sparse_Delay,1325,O_ALL,LAG,BOTH,0.7505354813427404,0.0,0.0,0.0,1.0,4.0,1.0,0.48,0,0,0,0,131.616,132.0,132.0,86.88066666666667,57.99133333333333,411.48766666666666,1384,-0.38396985010307494,0.04150220614395645,-0.37800651853953837,0.04746553770749293
I5_Moving_Delay_Support,1325,T1,LAG,LAG,0.3716329363576435,0.0,1.0,0.0,0.0,4.0,0.0,0.0,4,0,0,0,94.96166666666667,98.0,98.0,85.51,55.27133333333333,362.1356666666667,1320,0.1467943069027409,0.0006375304381356231,0.1467630266409915,0.0006062501763862266
I5_Moving_Delay_Support,1325,T1R,LAG,BOTH,0.5478204245738634,0.0,0.0,0.0,1.0,3.8372,1.0,0.9315,4,1,0,0,125.41066666666667,132.0,132.0,86.856,53.31133333333333,408.8036666666667,1384,-0.1836478831221367,0.0020793265992703302,-0.18201204895431386,0.0037151607670931784
I5_Moving_Delay_Support,1325,T2,LAG,BOTH,0.379749945183418,0.0,0.0,0.0,1.0,4.0,1.0,0.5913333333333334,4,1,0,0,128.449,132.0,132.0,86.78733333333334,55.696666666666665,409.9963333333333,1384,0.1159095990202556,-0.0009755438722284486,0.11687223011243954,-1.2912780044509094e-05
I5_Moving_Delay_Support,1325,T3,LAG,LAG,0.26701026830999075,0.4112,0.5888,0.0,0.0,2.1674,0.0,0.0,18,1,14,1,77.09066666666666,98.0,98.0,87.69166666666666,43.058,356.597,1336,0.2670170805639343,0.0007788695897246195,0.26678861579540203,0.0005504048211923733
I5_Moving_Delay_Support,1325,O_ALL,LAG,BOTH,0.5482187588661032,0.0,0.0,0.0,1.0,4.0,1.0,0.9673333333333334,0,0,0,0,131.14266666666666,132.0,132.0,86.21533333333333,57.28933333333333,411.13666666666666,1384,-0.20551935896130513,0.0020419282842468593,-0.20557263017280278,0.001988657072749198
I6_Continuous_Latent_State,1325,T1,RECURRENT,BOTH,0.10773881688672472,0.0,0.0,0.0,1.0,4.0,1.0,0.0,4,1,0,0,129.025,132.0,132.0,86.67966666666666,56.136,410.088,1384,-0.04074390318395881,0.5411125115637145,-0.04263036081859505,0.5392260539290783
I6_Continuous_Latent_State,1325,T1R,RECURRENT,BOTH,0.10294383284375193,0.0,0.0,0.0,1.0,3.6046,1.0,0.0,4,1,0,0,122.345,132.0,132.0,86.80066666666667,51.04533333333333,407.7026666666667,1384,-0.04198937708470987,0.5371325151190811,-0.04119915047895268,0.5379227417248383
I6_Continuous_Latent_State,1325,T2,RECURRENT,BOTH,0.1566561676034671,0.0,0.0,0.0,1.0,4.0,1.0,0.0,4,1,0,0,128.69833333333332,132.0,132.0,86.439,55.666,410.013,1384,-0.04456284367008347,0.3415030288002652,-0.07281208427496914,0.3132537881953795
I6_Continuous_Latent_State,1325,T3,RECURRENT,RECURRENT,0.130381405809402,0.0,0.0,0.9984,0.0016,0.0026,1.0,0.0,3,1,3,0,91.73833333333333,92.0,112.0,88.682,30.270666666666667,397.23533333333336,1320,0.012617489661413218,0.34242815548054806,-0.031446427026093425,0.2983642387930414
I6_Continuous_Latent_State,1325,O_ALL,RECURRENT,BOTH,0.1574414829507509,0.0,0.0,0.0,1.0,4.0,1.0,0.0,0,0,0,0,131.036,132.0,132.0,86.11733333333333,57.15533333333333,411.06966666666665,1384,-0.06746947084250178,0.34008230971135806,-0.07287209852796754,0.33467968202589227
I7_Quiescent_Continuous_State,1325,T1,RECURRENT,BOTH,0.11573396141877888,0.0,0.0,0.0,1.0,4.0,1.0,0.30366666666666664,4,1,0,0,129.025,132.0,132.0,85.45966666666666,55.53,409.785,1384,-0.04863607761261571,0.3724030564236999,-0.051395441525323736,0.36964369251099183
I7_Quiescent_Continuous_State,1325,T1R,RECURRENT,BOTH,0.11061109653711369,0.0,0.0,0.0,1.0,3.6046,1.0,0.3035,4,1,0,0,122.345,132.0,132.0,84.252,49.775333333333336,407.06766666666664,1384,-0.055974802908028705,0.3718668927056727,-0.05291260291842064,0.3749290926952807
I7_Quiescent_Continuous_State,1325,T2,RECURRENT,BOTH,0.16308361551157843,0.0,0.0,0.0,1.0,4.0,1.0,0.311,4,1,0,0,128.69833333333332,132.0,132.0,84.29366666666667,54.598,409.479,1384,-0.05975608422101395,0.21924480328980156,-0.07805047587347451,0.200950411637341
I7_Quiescent_Continuous_State,1325,T3,RECURRENT,RECURRENT,0.12265117676048047,0.371,0.0,0.629,0.0,0.0,0.629,0.0,0,2,0,1,81.205,92.0,92.0,86.52933333333333,29.171333333333333,381.84566666666666,1320,-0.016611300593128226,0.21916045779173832,-0.02569871723610166,0.2100730411487649
I7_Quiescent_Continuous_State,1325,O_ALL,RECURRENT,BOTH,0.1642975787546008,0.0,0.0,0.0,1.0,4.0,1.0,0.30966666666666665,0,0,0,0,131.036,132.0,132.0,83.25266666666667,55.73,410.357,1384,-0.07463995945841674,0.21673462601522875,-0.07599729492077074,0.21537729055287472
I8_Quiescent_Discrete_Delay,1325,T1,LAG,LAG,0.5652869639480637,0.0,1.0,0.0,0.0,3.9946,0.0,0.0,4,0,0,0,93.45333333333333,98.0,98.0,85.59933333333333,54.22266666666667,361.61133333333333,1336,-0.19988368739748816,0.0005246274719852565,-0.20001044689698877,0.0003978679724846235
I8_Quiescent_Discrete_Delay,1325,T1R,LAG,BOTH,0.10836431920615962,0.0,0.0,0.0,1.0,3.9968,1.0,0.31316666666666665,4,1,0,0,127.39066666666666,132.0,132.0,84.52466666666666,53.840666666666664,409.0683333333333,1384,0.40217658158547337,-0.0008081088543586229,0.40352084962278517,0.0005361591829531056
I8_Quiescent_Discrete_Delay,1325,T2,LAG,BOTH,0.5586236580768651,0.0,0.0,0.0,1.0,3.8288,1.0,0.9263333333333333,4,1,0,0,125.46066666666667,132.0,132.0,84.418,52.246,408.271,1384,-0.2025622946223335,-0.0017566664371428612,-0.2026791804104243,-0.001873552225233665
I8_Quiescent_Discrete_Delay,1325,T3,LAG,NONE,0.22929547654667512,0.5654,0.4346,0.0,0.0,1.506,0.0,0.0,14,0,10,0,70.72833333333334,98.0,98.0,86.869,38.391333333333336,353.6956666666667,1336,0.19637105021247334,0.0005246274719852565,0.19624429071297272,0.0003978679724846235
I8_Quiescent_Discrete_Delay,1325,O_ALL,LAG,BOTH,0.5477730186667942,0.0,0.0,0.0,1.0,4.0,1.0,0.9733333333333334,0,0,0,0,130.87933333333334,132.0,132.0,83.618,55.78666666666667,410.38533333333334,1384,-0.10911337167002244,-0.0016070571277929512,-0.10906707487735953,-0.0015607603351300032
I9_Hybrid_Delay_Plus_Latent_State,1325,T1,BOTH,BOTH,0.09319612012449009,0.0,0.0,0.0,1.0,4.0,1.0,0.0,4,1,0,0,129.495,132.0,132.0,86.21733333333333,56.272666666666666,410.15633333333335,1384,0.39464558193058374,0.251835487249717,0.39586678326814334,0.25305668858727665
I9_Hybrid_Delay_Plus_Latent_State,1325,T1R,BOTH,BOTH,0.3421555115115172,0.0,0.0,0.0,1.0,4.0,1.0,0.0075,4,1,0,0,128.94666666666666,132.0,132.0,86.881,56.08,410.22,1384,-0.22534567948939682,0.2571397538986756,-0.19826324162625417,0.2842221917618183
I9_Hybrid_Delay_Plus_Latent_State,1325,T2,BOTH,BOTH,0.3627534660801327,0.0,0.0,0.0,1.0,4.0,1.0,0.060333333333333336,4,1,0,0,129.96333333333334,132.0,132.0,86.77533333333334,56.82066666666667,410.5903333333333,1384,-0.2165482357071875,0.14003598735420206,-0.2008875843256586,0.15569663873573097
I9_Hybrid_Delay_Plus_Latent_State,1325,T3,BOTH,RECURRENT,0.2191341200507076,0.0194,0.0896,0.4456,0.4454,2.0348,0.891,0.0,12,14,8,13,104.71,132.0,132.0,87.905,42.072,397.496,1384,0.13576708771035495,0.14423976681288214,0.12297144170407295,0.13144412080660017
I9_Hybrid_Delay_Plus_Latent_State,1325,O_ALL,BOTH,BOTH,0.3595194569164305,0.0,0.0,0.0,1.0,4.0,1.0,0.05633333333333333,0,0,0,0,131.25933333333333,132.0,132.0,86.53466666666667,57.532666666666664,411.2583333333333,1384,-0.18378652087397246,0.14093895911410095,-0.1898614645513725,0.13486401543670098
I10_Redundant_Temporal_Structure,1325,T1,REDUNDANT,BOTH,0.20475245107633996,0.0,0.0,0.0,1.0,4.0,1.0,0.0,4,1,0,0,129.48666666666668,132.0,132.0,87.40066666666667,56.91733333333333,410.47866666666664,1384,0.04023560743608739,3.0998675609420734,0.025702146538496288,3.085334100044482
I10_Redundant_Temporal_Structure,1325,T1R,REDUNDANT,BOTH,0.2102175884458222,0.0,0.0,0.0,1.0,4.0,1.0,0.0,4,1,0,0,129.12666666666667,132.0,132.0,87.41566666666667,56.577333333333335,410.46866666666665,1384,0.04206492199681638,3.061939575315187,0.03326052605550722,3.0531351793738772
I10_Redundant_Temporal_Structure,1325,T2,REDUNDANT,BOTH,0.5196153693737113,0.0,0.0,0.0,1.0,4.0,1.0,0.0,4,1,0,0,130.44166666666666,132.0,132.0,87.33033333333333,57.51266666666667,410.9363333333333,1384,-0.262301011626861,0.5389410692363695,-0.248836691751781,0.5524053891114494
I10_Redundant_Temporal_Structure,1325,T3,REDUNDANT,BOTH,0.3721083152886913,0.0,0.032,0.4678,0.5002,2.043,0.968,0.0,16,12,16,11,107.91833333333334,132.0,132.0,88.401,42.440666666666665,402.0403333333333,1320,0.25553851026884317,0.5206597039130672,0.10495973464429496,0.37008092828851896
I10_Redundant_Temporal_Structure,1325,O_ALL,REDUNDANT,BOTH,0.5209048752159233,0.0,0.0,0.0,1.0,4.0,1.0,0.0,0,0,0,0,131.69933333333333,132.0,132.0,87.06133333333334,58.15266666666667,411.5683333333333,1384,-0.2728457799035771,0.5365106610819982,-0.2813276845946948,0.5280287563908804
I11_Regime_Switch_Delay_To_Latent,1325,T1,SWITCH_DELAY_TO_LATENT,BOTH,0.11428271968739252,0.0,0.4578,0.0,0.5422,2.9752,0.5422,0.0,4,1,0,0,99.73666666666666,132.0,132.0,76.43566666666666,42.248,377.304,1384,0.29808190118857314,0.21462312157806604,0.2886202647466432,0.2051614851361361
I11_Regime_Switch_Delay_To_Latent,1325,T1R,SWITCH_DELAY_TO_LATENT,BOTH,0.10873829211632975,0.0,0.0,0.0,1.0,3.2074,1.0,0.0,4,1,0,0,120.07833333333333,132.0,132.0,86.52366666666667,48.81133333333333,406.58566666666667,1384,0.29275472302937366,0.22833456597663593,0.29071251676529974,0.2262923597125619
I11_Regime_Switch_Delay_To_Latent,1325,T2,SWITCH_DELAY_TO_LATENT,BOTH,0.15759064832402794,0.0,0.0,0.0,1.0,3.9624,1.0,0.033,4,1,0,0,128.03666666666666,132.0,132.0,86.60033333333334,55.193333333333335,409.77666666666664,1384,0.2757038870908624,0.11102398650684618,0.26810831224222503,0.10342841165820879
I11_Regime_Switch_Delay_To_Latent,1325,T3,SWITCH_DELAY_TO_LATENT,RECURRENT,0.14620213567919663,0.1136,0.4294,0.457,0.0,1.6854,0.457,0.0,8,1,8,0,88.501,98.0,98.0,87.65266666666666,42.22666666666667,373.88533333333334,1320,0.2755611908238805,0.101172469860657,0.2793789082958154,0.10499018733259197
I11_Regime_Switch_Delay_To_Latent,1325,O_ALL,SWITCH_DELAY_TO_LATENT,BOTH,0.15620273877102558,0.0,0.0,0.0,1.0,4.0,1.0,0.023333333333333334,0,0,0,0,131.53933333333333,132.0,132.0,85.858,57.428666666666665,411.20633333333336,1384,0.2617569633433121,0.11528223227218713,0.2589205625600394,0.11244583148891442
I12_Regime_Switch_Latent_To_Delay,1325,T1,SWITCH_LATENT_TO_DELAY,BOTH,0.33415934454856044,0.0,0.0,0.0,1.0,3.9612,1.0,0.44033333333333335,4,1,0,0,127.41666666666667,132.0,132.0,86.76833333333333,54.98133333333333,409.5106666666667,1384,-0.10933579902138021,0.20901299245316798,-0.10927097945920906,0.2090778120153392
I12_Regime_Switch_Latent_To_Delay,1325,T1R,SWITCH_LATENT_TO_DELAY,BOTH,0.3324241997812451,0.0,0.0,0.0,1.0,3.7354,1.0,0.38066666666666665,4,1,0,0,124.37166666666667,132.0,132.0,86.73266666666666,52.50866666666667,408.4343333333333,1384,-0.10915833074030717,0.19756041005749134,-0.11051458270653707,0.19620415809126146
I12_Regime_Switch_Latent_To_Delay,1325,T2,SWITCH_LATENT_TO_DELAY,BOTH,0.3434353983008033,0.0,0.0,0.0,1.0,3.9842,1.0,0.4835,4,1,0,0,126.895,132.0,132.0,86.58966666666667,54.392,409.376,1384,-0.1121941964180335,0.10840644600065742,-0.12660370212941716,0.09399694028927376
I12_Regime_Switch_Latent_To_Delay,1325,T3,SWITCH_LATENT_TO_DELAY,NONE,0.2862470133242255,0.5884,0.0098,0.4018,0.0,0.01,0.4018,0.0,9,1,9,1,74.85666666666667,92.0,92.0,88.643,30.280666666666665,373.32033333333334,1272,-0.023088308340931358,0.11336888800320656,-0.03400964441301428,0.10244755193112366
I12_Regime_Switch_Latent_To_Delay,1325,O_ALL,SWITCH_LATENT_TO_DELAY,BOTH,0.350203890627347,0.0,0.0,0.0,1.0,4.0,1.0,0.4866666666666667,0,0,0,0,131.01933333333332,132.0,132.0,85.64933333333333,56.909333333333336,410.94666666666666,1384,-0.1617917219351846,0.11332109228109684,-0.1596330374973915,0.11547977671888988
I13_Regime_Switch_Hybrid_To_Memoryless,1325,T1,SWITCH_HYBRID_TO_NONE,BOTH,0.11023840880963237,0.0,0.0,0.0,1.0,3.8482,1.0,0.4766666666666667,4,1,1,0,128.23166666666665,132.0,132.0,85.888,55.101333333333336,409.5706666666667,1352,0.1784949640006284,0.12653144485064577,0.1692344814978522,0.11727096234786963
I13_Regime_Switch_Hybrid_To_Memoryless,1325,T1R,SWITCH_HYBRID_TO_NONE,BOTH,0.2435354727388919,0.0,0.0,0.0,1.0,4.0,1.0,0.4806666666666667,4,1,0,0,128.94666666666666,132.0,132.0,85.34633333333333,55.32066666666667,409.8403333333333,1384,-0.12842796514853339,0.13107783665226327,-0.10944571193170335,0.15006008986909328
I13_Regime_Switch_Hybrid_To_Memoryless,1325,T2,SWITCH_HYBRID_TO_NONE,BOTH,0.25350933929805636,0.0,0.0,0.0,1.0,4.0,1.0,0.5136666666666667,4,1,0,0,129.96333333333334,132.0,132.0,85.34866666666667,56.114,410.237,1384,-0.13306323051363614,0.07963886098412079,-0.11906152436267431,0.09364056713508265
I13_Regime_Switch_Hybrid_To_Memoryless,1325,T3,SWITCH_HYBRID_TO_NONE,NONE,0.21121489821423609,0.6172,0.0002,0.381,0.0016,0.0018,0.3826,0.0,6,8,6,8,73.376,92.0,102.0,88.20933333333333,30.052666666666667,371.15833333333336,1272,-0.048307650154225425,0.08086418130693958,-0.05374556930947706,0.07542626215168798
I13_Regime_Switch_Hybrid_To_Memoryless,1325,O_ALL,SWITCH_HYBRID_TO_NONE,BOTH,0.2539092147572766,0.0,0.0,0.0,1.0,4.0,1.0,0.5083333333333333,0,0,0,0,131.25933333333333,132.0,132.0,85.27333333333333,56.91,410.947,1384,-0.11218942962811226,0.07942183163968809,-0.11290366566298557,0.0787075956048148
I14_Intermittent_Hybrid,1325,T1,INTERMITTENT,BOTH,0.22881120371194427,0.0,0.0,0.0,1.0,4.0,1.0,0.25833333333333336,4,1,0,0,124.53166666666667,132.0,132.0,86.54833333333333,55.186,404.933,1384,-0.06611385592568253,0.20361099881665246,-0.07816445301611136,0.19156040172622363
I14_Intermittent_Hybrid,1325,T1R,INTERMITTENT,BOTH,0.11088446875332347,0.0,0.0,0.0,1.0,4.0,1.0,0.256,4,1,0,0,127.68933333333334,132.0,132.0,86.39566666666667,54.90133333333333,409.62266666666665,1368,0.16660491127136698,0.19299450442074606,0.13043511014683282,0.15682470329621187
I14_Intermittent_Hybrid,1325,T2,INTERMITTENT,BOTH,0.2605848763546035,0.0,0.0,0.0,1.0,4.0,1.0,0.31633333333333336,4,1,0,0,128.351,132.0,132.0,86.60633333333334,55.532666666666664,409.93833333333333,1384,-0.0937921061837309,0.13009637687469483,-0.10045288706739276,0.12343559599103296
I14_Intermittent_Hybrid,1325,T3,INTERMITTENT,RECURRENT,0.2134263433243233,0.3948,0.0,0.5994,0.0058,0.0068,0.6052,0.0,6,3,6,3,76.106,92.0,112.0,88.61833333333334,30.315333333333335,375.00966666666665,1272,-0.02016011821211267,0.12134521414248951,-0.05958671067286138,0.08191862168174081
I14_Intermittent_Hybrid,1325,O_ALL,INTERMITTENT,BOTH,0.25707836566714437,0.0,0.0,0.0,1.0,4.0,1.0,0.3373333333333333,0,0,0,0,131.251,132.0,132.0,85.78666666666666,57.162,411.073,1384,-0.10198369168375726,0.1297571268747237,-0.09675816612348145,0.13498265243499954
I1_Memoryless_Linear,1326,T1,NONE,NONE,0.12168359595066282,1.0,0.0,0.0,0.0,0.0,0.0,0.0,0,0,0,0,58.0,58.0,58.0,74.39566666666667,22.213333333333335,345.6066666666667,1256,-0.010385755158734864,0.0007020974648596639,-0.010385755158734864,0.0007020974648596639
I1_Memoryless_Linear,1326,T1R,NONE,NONE,0.12168359595066282,1.0,0.0,0.0,0.0,0.0,0.0,0.0,0,0,0,0,58.0,58.0,58.0,74.39566666666667,22.213333333333335,345.6066666666667,1256,-0.010385755158734864,0.0007020974648596639,-0.010385755158734864,0.0007020974648596639
I1_Memoryless_Linear,1326,T2,NONE,NONE,0.12168359595066282,1.0,0.0,0.0,0.0,0.0,0.0,0.0,0,0,0,0,58.0,58.0,58.0,74.39566666666667,22.213333333333335,345.6066666666667,1256,-0.010385755158734864,0.0007020974648596639,-0.010385755158734864,0.0007020974648596639
I1_Memoryless_Linear,1326,T3,NONE,NONE,0.12168359595066282,1.0,0.0,0.0,0.0,0.0,0.0,0.0,0,0,0,0,58.0,58.0,58.0,74.39566666666667,22.213333333333335,345.6066666666667,1256,-0.010385755158734864,0.0007020974648596639,-0.010385755158734864,0.0007020974648596639
I1_Memoryless_Linear,1326,O_ALL,NONE,BOTH,0.14131059180940983,0.0,0.0,0.079,0.921,3.2794,1.0,0.7671666666666667,0,0,0,0,119.316,132.0,132.0,69.89266666666667,39.726,402.355,1368,-0.02619239414800575,0.0032356446894913483,-0.026186419495647605,0.0032416193418494956
I2_Static_Nonlinear_Negative_Control,1326,T1,NONE,BOTH,1.3227250627248828,0.0,0.0484,0.0,0.9516,4.0,0.9516,0.049,4,1,0,0,122.40133333333333,132.0,132.0,86.36566666666667,56.028,400.57,1384,-0.24012518556265847,0.43341788127478653,-0.2426364711677122,0.43090659566973283
I2_Static_Nonlinear_Negative_Control,1326,T1R,NONE,BOTH,1.311369242886988,0.0476,0.1518,0.0,0.8006,3.621,0.8006,0.08583333333333333,4,1,0,0,110.84633333333333,132.0,132.0,86.62966666666667,50.852,391.942,1384,-0.23847175500401457,0.38916204400964105,-0.23768815308766994,0.3899456459259857
I2_Static_Nonlinear_Negative_Control,1326,T2,NONE,BOTH,1.287983800264598,0.0,0.0542,0.0,0.9458,4.0,0.9458,0.7173333333333334,4,1,0,0,122.237,132.0,132.0,86.19433333333333,55.943333333333335,400.29566666666665,1384,-0.23136771298993702,-0.005546502368970344,-0.23953569946665354,-0.013714488845686835
I2_Static_Nonlinear_Negative_Control,1326,T3,NONE,NONE,1.0758784553391818,0.9898,0.0102,0.0,0.0,0.0102,0.0,0.0,8,0,8,0,58.085,58.0,68.0,88.31833333333333,30.06,349.53,1256,-0.08756674763427175,-0.007430346096804276,-0.08571871800552287,-0.00558231646805542
I2_Static_Nonlinear_Negative_Control,1326,O_ALL,NONE,BOTH,1.3242549070682608,0.0,0.0,0.0,1.0,4.0,1.0,0.8803333333333333,0,0,0,0,130.58933333333334,132.0,132.0,86.054,56.769333333333336,410.87666666666667,1384,-0.2541055731050559,-0.004588934628222346,-0.2597092248296929,-0.010192586352859393
I3_Single_Exact_Delay,1326,T1,LAG,LAG,0.5527876167054823,0.0,1.0,0.0,0.0,4.0,0.0,0.0,4,0,0,0,94.38166666666666,98.0,98.0,87.015,55.589333333333336,362.29466666666667,1336,-0.18832878626374977,-0.0012352830560089382,-0.18761146810753956,-0.0005179648997987184
I3_Single_Exact_Delay,1326,T1R,LAG,BOTH,0.5416560956935206,0.0,0.0,0.0,1.0,3.8316,1.0,0.8826666666666667,4,1,0,0,125.73933333333333,132.0,132.0,86.84033333333333,53.69533333333333,408.81966666666665,1384,-0.15754820446592446,-0.0035257563019331917,-0.1572157384626207,-0.0031932902986294446
I3_Single_Exact_Delay,1326,T2,LAG,BOTH,0.5419022394181539,0.0,0.0,0.0,1.0,4.0,1.0,0.9526666666666667,4,1,0,0,128.636,132.0,132.0,86.94633333333333,56.052,409.998,1384,-0.20572198136326822,-0.0033369921308587904,-0.20516707924515543,-0.002782090012746015
I3_Single_Exact_Delay,1326,T3,LAG,LAG,0.13548475404956098,0.0,1.0,0.0,0.0,4.0,0.0,0.0,7,0,3,0,92.685,98.0,98.0,87.10433333333333,54.534,361.767,1336,0.6079878553638332,-0.0011106135830168406,0.6085257641292428,-0.0005727048176073098
I3_Single_Exact_Delay,1326,O_ALL,LAG,BOTH,0.5389162433809417,0.0,0.0,0.0,1.0,4.0,1.0,0.9795,0,0,0,0,131.45433333333332,132.0,132.0,86.45066666666666,57.64933333333333,411.31666666666666,1384,-0.18543808474790424,0.0017805634191560456,-0.18479293982063633,0.002425708346423965
I4_Multi_Sparse_Delay,1326,T1,LAG,BOTH,0.4399647489121041,0.0,0.0,0.0,1.0,4.0,1.0,0.0,4,1,0,0,130.30666666666667,132.0,132.0,86.89133333333334,57.244,410.642,1384,0.4353952665725074,0.07868988791390127,0.4545050707789996,0.09779969212039355
I4_Multi_Sparse_Delay,1326,T1R,LAG,BOTH,0.4391331583418983,0.0,0.0,0.0,1.0,4.0,1.0,0.0,4,1,0,0,129.95166666666665,132.0,132.0,87.07166666666667,56.95933333333333,410.6596666666667,1384,0.41407758202162753,0.09096746534252256,0.4372177013392805,0.11410758466017562
I4_Multi_Sparse_Delay,1326,T2,LAG,BOTH,0.4608864258942409,0.0,0.0,0.0,1.0,4.0,1.0,0.0031666666666666666,4,1,0,0,130.67333333333335,132.0,132.0,86.87066666666666,57.434666666666665,410.89733333333334,1384,0.4479758899271229,0.018511724931357394,0.46103421980996,0.03157005481419448
I4_Multi_Sparse_Delay,1326,T3,LAG,NONE,0.5602255353648993,0.4684,0.2452,0.1766,0.1098,0.9406,0.2864,0.0,38,14,38,14,75.586,102.0,132.0,88.28466666666667,36.215333333333334,364.75966666666665,1272,0.09746569273032958,0.010024691171970588,0.09607225439205185,0.008631252833692845
I4_Multi_Sparse_Delay,1326,O_ALL,LAG,BOTH,0.46594429174209273,0.0,0.0,0.0,1.0,4.0,1.0,0.0045,0,0,0,0,131.27933333333334,132.0,132.0,86.624,57.602,411.293,1384,0.4410495459076879,0.0226269572135322,0.4464787385831456,0.02805614988898975
I5_Moving_Delay_Support,1326,T1,LAG,LAG,0.3807750202295708,0.0,1.0,0.0,0.0,3.8906,0.0,0.0,4,0,0,0,92.34166666666667,98.0,98.0,85.28633333333333,53.25,361.125,1336,0.11495903089049814,-0.0026633346499275496,0.11511053329391871,-0.002511832246506983
I5_Moving_Delay_Support,1326,T1R,LAG,LAG,0.37662115627928683,0.0,1.0,0.0,0.0,3.8368,0.0,0.0,4,0,0,0,91.35333333333334,98.0,98.0,86.78566666666667,53.211333333333336,361.10566666666665,1336,0.14907661952702647,-0.002657060445451618,0.14921454054413358,-0.002519139428344522
I5_Moving_Delay_Support,1326,T2,LAG,LAG,0.380785061186948,0.0,1.0,0.0,0.0,4.0,0.0,0.0,4,0,0,0,93.16,98.0,98.0,86.76366666666667,54.642,361.821,1336,0.12270306269536226,-0.0026590656303633396,0.12290229711013448,-0.0024598312155911166
I5_Moving_Delay_Support,1326,T3,LAG,LAG,0.25488629803686574,0.335,0.665,0.0,0.0,2.5372,0.0,0.0,16,0,12,0,81.37166666666667,98.0,98.0,87.377,46.40266666666667,357.7013333333333,1336,0.34817101863808647,-0.0026590656303633396,0.34837025305285874,-0.0024598312155911166
I5_Moving_Delay_Support,1326,O_ALL,LAG,BOTH,0.5283985483493246,0.0,0.0,0.0,1.0,4.0,1.0,0.9818333333333333,0,0,0,0,131.041,132.0,132.0,86.30666666666667,57.25333333333333,411.1186666666667,1384,-0.2322215162890033,0.002493483968949084,-0.23200267974541536,0.002712320512537042
I6_Continuous_Latent_State,1326,T1,RECURRENT,BOTH,0.1087263228287628,0.0,0.0,0.0,1.0,4.0,1.0,0.0,4,1,0,0,128.59666666666666,132.0,132.0,86.936,56.038,410.039,1384,-0.05586171411944273,0.5705796848666473,-0.05767642048778305,0.568764978498307
I6_Continuous_Latent_State,1326,T1R,RECURRENT,BOTH,0.10241739235993644,0.0,0.0,0.226,0.774,2.8996,1.0,0.0,4,1,0,0,115.93,132.0,132.0,87.492,47.029333333333334,405.69466666666665,1384,-0.03697612643191534,0.5677597366764525,-0.03518801623119683,0.5695478468771709
I6_Continuous_Latent_State,1326,T2,RECURRENT,BOTH,0.1566618931277687,0.0,0.0,0.0,1.0,3.5482,1.0,0.0,4,1,0,0,123.695,132.0,132.0,86.454,51.769333333333336,408.06466666666665,1384,-0.07123797798259675,0.337934429863773,-0.07073047058076523,0.3384419372656045
I6_Continuous_Latent_State,1326,T3,RECURRENT,RECURRENT,0.13264164917315074,0.0,0.0,0.9978,0.0022,0.0022,1.0,0.0,3,1,3,0,91.735,92.0,102.0,88.726,30.325333333333333,397.2626666666667,1320,-0.017449641359788402,0.33537129607852073,-0.04173062138828592,0.31109031605002313
I6_Continuous_Latent_State,1326,O_ALL,RECURRENT,BOTH,0.1584672081935057,0.0,0.0,0.0,1.0,4.0,1.0,0.0,0,0,0,0,131.07266666666666,132.0,132.0,85.63733333333333,56.946666666666665,410.9653333333333,1384,-0.05559522400044932,0.34540316089694123,-0.06290411177493216,0.3380942731224584
I7_Quiescent_Continuous_State,1326,T1,RECURRENT,BOTH,0.11962137485550543,0.0,0.0,0.0,1.0,4.0,1.0,0.297,4,1,0,0,128.59666666666666,132.0,132.0,85.306,55.226,409.633,1384,-0.09280474567253667,0.3874522000870855,-0.05774421448170476,0.42251273127791733
I7_Quiescent_Continuous_State,1326,T1R,RECURRENT,RECURRENT,0.10881266140904779,0.0,0.0,0.6134,0.3866,1.467,1.0,0.0,4,1,0,0,103.99166666666666,132.0,132.0,86.928,38.098,401.229,1384,-0.053965148292339386,0.364951816484102,-0.04669356065375495,0.3722234041226864
I7_Quiescent_Continuous_State,1326,T2,RECURRENT,BOTH,0.16909524412717347,0.0,0.0,0.0,1.0,2.7374,1.0,0.306,4,1,0,0,116.93833333333333,132.0,132.0,84.32866666666666,45.322,404.841,1384,-0.06271427672062631,0.21045105305346767,-0.06503726207840987,0.20812806769568412
I7_Quiescent_Continuous_State,1326,T3,RECURRENT,RECURRENT,0.1294640946584562,0.3648,0.0,0.6326,0.0026,0.0028,0.6352,0.0,4,2,4,1,81.404,92.0,112.0,87.113,29.52,382.268,1320,-0.02044576148613982,0.20963231736421994,-0.026291904826267615,0.2037861740240922
I7_Quiescent_Continuous_State,1326,O_ALL,RECURRENT,BOTH,0.17141613714879078,0.0,0.0,0.0,1.0,4.0,1.0,0.3065,0,0,0,0,131.07266666666666,132.0,132.0,83.184,55.724,410.354,1384,-0.060364681721236955,0.21698460870689923,-0.05617555943859705,0.2211737309895391
I8_Quiescent_Discrete_Delay,1326,T1,LAG,LAG,0.5610576435368685,0.0,1.0,0.0,0.0,4.0,0.0,0.0,4,0,0,0,94.38166666666666,98.0,98.0,85.713,54.94466666666667,361.9723333333333,1336,-0.198255698883566,-0.0015022883499545567,-0.1984083145556665,-0.0016549040220550314
I8_Quiescent_Discrete_Delay,1326,T1R,LAG,BOTH,0.5565560567365335,0.0,0.0,0.0,1.0,3.8316,1.0,0.8836666666666667,4,1,0,0,125.73933333333333,132.0,132.0,83.46433333333333,52.012,407.978,1384,-0.18221164786817318,-0.003196278961936369,-0.18221738185857614,-0.003202012952339352
I8_Quiescent_Discrete_Delay,1326,T2,LAG,BOTH,0.5369479458190533,0.0,0.0,0.0,1.0,4.0,1.0,0.9528333333333333,4,1,0,0,128.636,132.0,132.0,84.38833333333334,54.781333333333336,409.36266666666666,1384,-0.18003253026238308,-0.002889525624284989,-0.1797956017668438,-0.0026525971287457064
I8_Quiescent_Discrete_Delay,1326,T3,LAG,NONE,0.30390143912654444,0.7436,0.2564,0.0,0.0,1.0076,0.0,0.0,15,0,15,0,67.755,98.0,98.0,85.14966666666666,35.252,352.126,1272,0.13290609957790644,-0.0011106135830168406,0.13344400834331596,-0.0005727048176073098
I8_Quiescent_Discrete_Delay,1326,O_ALL,LAG,BOTH,0.5347292232603864,0.0,0.0,0.0,1.0,4.0,1.0,0.9836666666666667,0,0,0,0,131.45433333333332,132.0,132.0,83.81533333333333,56.34,410.662,1384,-0.1737622897291569,0.0017814729614357983,-0.17311693960437874,0.0024268230862139447
I9_Hybrid_Delay_Plus_Latent_State,1326,T1,BOTH,BOTH,0.3368813043750919,0.0,0.0,0.0,1.0,4.0,1.0,0.001,4,1,0,0,129.94,132.0,132.0,86.98266666666666,57.04666666666667,410.54333333333335,1384,-0.15248625462679735,0.31832806911135086,-0.15276096938593975,0.3180533543522084
I9_Hybrid_Delay_Plus_Latent_State,1326,T1R,BOTH,BOTH,0.33689008258748865,0.0,0.0,0.0,1.0,4.0,1.0,0.001,4,1,0,0,130.03466666666668,132.0,132.0,86.88333333333334,57.0,410.656,1384,-0.15276113587871554,0.32075353031477155,-0.15301369243612623,0.3205009737573608
I9_Hybrid_Delay_Plus_Latent_State,1326,T2,BOTH,BOTH,0.3596732811876945,0.0,0.0,0.0,1.0,4.0,1.0,0.06383333333333334,4,1,0,0,130.14966666666666,132.0,132.0,86.57133333333333,56.92333333333333,410.61766666666665,1384,-0.18274795276661857,0.1669418461067631,-0.19260282785156488,0.1570869710218168
I9_Hybrid_Delay_Plus_Latent_State,1326,T3,BOTH,RECURRENT,0.23965610843210416,0.1204,0.0002,0.4686,0.4108,1.5664,0.8794,0.0,14,8,10,7,100.05066666666667,132.0,132.0,87.998,39.407333333333334,394.9316666666667,1384,0.10868923148985156,0.1628853448569524,0.07702576060881274,0.13122187397591362
I9_Hybrid_Delay_Plus_Latent_State,1326,O_ALL,BOTH,BOTH,0.35982141677702345,0.0,0.0,0.0,1.0,4.0,1.0,0.042333333333333334,0,0,0,0,131.10933333333332,132.0,132.0,86.24333333333334,57.268,411.126,1384,-0.1696658258194593,0.17410895787729055,-0.1807759869095567,0.16299879678719315
I10_Redundant_Temporal_Structure,1326,T1,REDUNDANT,BOTH,0.20608821026616927,0.0,0.0,0.0,1.0,4.0,1.0,0.0,4,1,0,0,131.05166666666668,132.0,132.0,87.12033333333333,57.952666666666666,410.9963333333333,1384,0.5284779208573537,1.6321282466366192,0.11951297489320263,1.2231633006724683
I10_Redundant_Temporal_Structure,1326,T1R,REDUNDANT,BOTH,0.21833805463012512,0.0,0.0,0.0,1.0,4.0,1.0,0.0,4,1,0,0,130.90833333333333,132.0,132.0,87.19166666666666,57.782,411.071,1384,0.3925118128796324,1.822579783391192,0.06001636184514299,1.4900843323567023
I10_Redundant_Temporal_Structure,1326,T2,REDUNDANT,BOTH,0.2663101975231356,0.0,0.0,0.0,1.0,4.0,1.0,0.004833333333333334,4,1,0,0,131.165,132.0,132.0,87.10233333333333,57.943333333333335,411.15166666666664,1384,0.7991232772017209,0.2786317077917077,0.5741799827257176,0.05368841331570439
I10_Redundant_Temporal_Structure,1326,T3,REDUNDANT,RECURRENT,0.42196749436747466,0.0,0.0,0.91,0.09,0.2244,1.0,0.0,27,1,27,0,93.715,102.0,132.0,89.03266666666667,31.809333333333335,398.00466666666665,1320,-0.01532480059598956,0.4812716719550195,-0.052522130912177556,0.4440743416388314
I10_Redundant_Temporal_Structure,1326,O_ALL,REDUNDANT,BOTH,0.2663137494071797,0.0,0.0,0.0,1.0,4.0,1.0,0.0005,0,0,0,0,131.61433333333332,132.0,132.0,86.922,58.019333333333336,411.50166666666667,1384,0.8080434982598654,0.28612203604329944,0.581530079081706,0.05960861686513996
I11_Regime_Switch_Delay_To_Latent,1326,T1,SWITCH_DELAY_TO_LATENT,BOTH,0.2702247597284623,0.0,0.4846,0.0,0.5154,4.0,0.5154,0.0,4,1,0,0,110.68233333333333,132.0,132.0,86.56266666666667,56.636,383.426,1384,-0.11466775963405809,0.20297827634582535,-0.10625619336704961,0.21138984261283383
I11_Regime_Switch_Delay_To_Latent,1326,T1R,SWITCH_DELAY_TO_LATENT,BOTH,0.2678579807252344,0.0,0.4692,0.0,0.5308,3.931,0.5308,0.0,4,1,0,0,108.812,132.0,132.0,86.43333333333334,54.73266666666667,383.0903333333333,1384,-0.09971177354824386,0.21331523989384935,-0.09268068537372919,0.220346328068364
I11_Regime_Switch_Delay_To_Latent,1326,T2,SWITCH_DELAY_TO_LATENT,BOTH,0.29349048980126197,0.0,0.4828,0.0,0.5172,4.0,0.5172,0.0,4,1,0,0,110.73333333333333,132.0,132.0,86.17733333333334,56.44466666666667,383.40233333333333,1384,-0.13771555652313097,0.10811304775015271,-0.12840341478466819,0.11742518948861552
I11_Regime_Switch_Delay_To_Latent,1326,T3,SWITCH_DELAY_TO_LATENT,RECURRENT,0.2453764112331481,0.4776,0.0052,0.5166,0.0006,0.0058,0.5172,0.0,11,1,11,0,73.09833333333333,92.0,102.0,88.31633333333333,30.318,370.339,1320,-0.03332214488040987,0.10836866008154229,-0.03962588429039364,0.10206492067155852
I11_Regime_Switch_Delay_To_Latent,1326,O_ALL,SWITCH_DELAY_TO_LATENT,BOTH,0.29019486633798797,0.0,0.0,0.0,1.0,4.0,1.0,0.5296666666666666,0,0,0,0,131.12266666666667,132.0,132.0,85.90066666666667,57.11866666666667,411.05133333333333,1384,-0.14743738401242448,0.11156156581424466,-0.13331658298722598,0.12568236683944317
I12_Regime_Switch_Latent_To_Delay,1326,T1,SWITCH_LATENT_TO_DELAY,BOTH,0.311475218261215,0.0,0.0,0.0,1.0,3.8228,1.0,0.453,4,1,0,0,125.28166666666667,132.0,132.0,86.40766666666667,53.114,408.577,1384,-0.11474143033138172,0.2242554315709267,-0.11402227557366028,0.22497458632864814
I12_Regime_Switch_Latent_To_Delay,1326,T1R,SWITCH_LATENT_TO_DELAY,BOTH,0.3046673171889499,0.0,0.0,0.0,1.0,3.62,1.0,0.4776666666666667,4,1,0,0,123.66333333333333,132.0,132.0,86.467,51.760666666666665,408.06033333333335,1384,-0.0890034432216953,0.22362458516153608,-0.08001585676570515,0.2326121716175262
I12_Regime_Switch_Latent_To_Delay,1326,T2,SWITCH_LATENT_TO_DELAY,BOTH,0.32489738590903494,0.0,0.0,0.0386,0.9614,3.82,1.0,0.4816666666666667,4,1,0,0,123.6,132.0,132.0,86.25566666666667,52.004,408.182,1384,-0.06635569301294088,0.11408956761445893,-0.10056757933846229,0.07987768128893752
I12_Regime_Switch_Latent_To_Delay,1326,T3,SWITCH_LATENT_TO_DELAY,RECURRENT,0.22388924952963396,0.3786,0.2032,0.4182,0.0,0.7102,0.4182,0.0,7,1,3,1,81.14966666666666,98.0,98.0,87.73866666666666,33.976,375.824,1336,0.0873021462064471,0.11681084776006712,0.0711518683376738,0.10066056989129381
I12_Regime_Switch_Latent_To_Delay,1326,O_ALL,SWITCH_LATENT_TO_DELAY,BOTH,0.3424966528853347,0.0,0.0,0.0,1.0,5.0,1.0,0.4815,0,0,0,0,139.76266666666666,142.0,142.0,85.16466666666666,63.63933333333333,414.31166666666667,1400,-0.09424810604996826,0.12103851424819176,-0.12895921901017313,0.08632740128798688
I13_Regime_Switch_Hybrid_To_Memoryless,1326,T1,SWITCH_HYBRID_TO_NONE,BOTH,0.2304692239595028,0.0,0.0,0.0,1.0,4.0,1.0,0.48333333333333334,4,1,0,0,129.94,132.0,132.0,86.322,56.720666666666666,410.38033333333334,1368,-0.08397453452792102,0.16134559915535868,-0.09098933557172884,0.15433079811155084
I13_Regime_Switch_Hybrid_To_Memoryless,1326,T1R,SWITCH_HYBRID_TO_NONE,BOTH,0.2304801715675447,0.0,0.0,0.0,1.0,4.0,1.0,0.48333333333333334,4,1,0,0,130.03466666666668,132.0,132.0,86.31866666666667,56.721333333333334,410.51666666666665,1384,-0.0842493011848178,0.1637708422332297,-0.09124198358156485,0.15677815983648263
I13_Regime_Switch_Hybrid_To_Memoryless,1326,T2,SWITCH_HYBRID_TO_NONE,BOTH,0.23945745375486857,0.0,0.0,0.0,1.0,4.0,1.0,0.5236666666666666,4,1,0,0,130.14966666666666,132.0,132.0,86.17466666666667,56.72933333333334,410.52066666666667,1384,-0.12332691173765978,0.07710265395377133,-0.1331659215068974,0.0672636441845337
I13_Regime_Switch_Hybrid_To_Memoryless,1326,T3,SWITCH_HYBRID_TO_NONE,NONE,0.2038414403391369,0.6252,0.0,0.366,0.0088,0.0088,0.3748,0.0,7,6,7,6,72.786,92.0,102.0,88.38733333333333,30.260666666666665,370.18233333333336,1272,-0.03441152569970625,0.07457691204186596,-0.03635979276451737,0.07262864497705483
I13_Regime_Switch_Hybrid_To_Memoryless,1326,O_ALL,SWITCH_HYBRID_TO_NONE,BOTH,0.241389599645309,0.0,0.0,0.0,1.0,4.0,1.0,0.5116666666666667,0,0,0,0,131.10933333333332,132.0,132.0,85.50666666666666,56.906666666666666,410.94533333333334,1384,-0.11436377039596911,0.0832969281957754,-0.12300111097081438,0.07465958762093014
I14_Intermittent_Hybrid,1326,T1,INTERMITTENT,BOTH,0.2117428929217988,0.0,0.0,0.0,1.0,3.7444,1.0,0.027166666666666665,4,1,0,0,123.52166666666666,132.0,132.0,86.44966666666667,51.918,407.979,1384,-0.14898598694173626,0.34956221152558714,-0.05180783283769874,0.4467403656296246
I14_Intermittent_Hybrid,1326,T1R,INTERMITTENT,BOTH,0.21931636520160933,0.0,0.0,0.0346,0.9654,3.4186,1.0,0.22016666666666668,4,1,0,0,120.20966666666666,132.0,132.0,86.42366666666666,49.409333333333336,406.8206666666667,1384,-0.11441127812095019,0.29237771088562026,-0.0954483592976856,0.3113406297088849
I14_Intermittent_Hybrid,1326,T2,INTERMITTENT,BOTH,0.23529354876439246,0.0,0.0,0.0,1.0,3.4446,1.0,0.2758333333333333,4,1,0,0,120.91633333333333,132.0,132.0,86.373,49.74733333333333,406.98966666666666,1384,-0.06763627445258538,0.1497772316412759,-0.07492133952134025,0.14249216657252112
I14_Intermittent_Hybrid,1326,T3,INTERMITTENT,RECURRENT,0.20726208439196073,0.355,0.0166,0.6236,0.0048,0.0252,0.6284,0.0,8,2,8,2,77.505,92.0,112.0,88.10466666666666,30.062666666666665,376.77133333333336,1272,-0.04261145982069794,0.15160724912123713,-0.05506689249685472,0.13915181644508035
I14_Intermittent_Hybrid,1326,O_ALL,INTERMITTENT,BOTH,0.2490033438361726,0.0,0.0,0.0,1.0,4.0,1.0,0.3621666666666667,0,0,0,0,130.42766666666665,132.0,132.0,85.56066666666666,56.394666666666666,410.6893333333333,1368,-0.11484941035957637,0.1530574768642877,-0.10613860182461994,0.1617682853992441
I1_Memoryless_Linear,1327,T1,NONE,NONE,0.1145087152728596,1.0,0.0,0.0,0.0,0.0,0.0,0.0,0,0,0,0,58.0,58.0,58.0,68.782,18.537333333333333,343.76866666666666,1224,-0.0011297476298439974,0.005354518865281541,-0.0011297476298439974,0.005354518865281541
I1_Memoryless_Linear,1327,T1R,NONE,RECURRENT,0.11527209914575426,0.0,0.0,1.0,0.0,0.0,1.0,0.0,0,1,0,0,91.77333333333333,92.0,92.0,79.31366666666666,24.991333333333333,394.67566666666664,1320,-0.0019937330876796276,0.06555777319916745,-0.006643678820162872,0.06090782746668419
I1_Memoryless_Linear,1327,T2,NONE,RECURRENT,0.11453364481278924,0.0,0.0,1.0,0.0,0.0,1.0,0.0,0,1,0,0,91.77333333333333,92.0,92.0,68.782,18.537333333333333,391.44866666666667,1272,-0.0011297476298439974,0.00504812195850273,-0.0011386891732676604,0.005039180415079067
I1_Memoryless_Linear,1327,T3,NONE,NONE,0.1145087152728596,1.0,0.0,0.0,0.0,0.0,0.0,0.0,0,1,0,1,59.422333333333334,58.0,92.0,68.782,18.537333333333333,345.77666666666664,1224,-0.0011297476298439974,0.0049937815361371105,-0.0011297476298439974,0.0049937815361371105
I1_Memoryless_Linear,1327,O_ALL,NONE,BOTH,0.13502694612879554,0.0,0.0,0.0736,0.9264,3.2422,1.0,0.7715,0,0,0,0,119.006,132.0,132.0,64.268,36.676,400.83,1336,-0.029198460156257607,0.005084588700863269,-0.02915987684903542,0.005123172008085452
I2_Static_Nonlinear_Negative_Control,1327,T1,NONE,LAG,1.2838619693782558,0.0,1.0,0.0,0.0,3.937,0.0,0.0,4,0,0,0,92.84833333333333,98.0,98.0,86.069,53.88133333333333,361.4406666666667,1336,-0.1932172496920206,-0.008709374651269204,-0.19559862254313187,-0.011090747502380507
I2_Static_Nonlinear_Negative_Control,1327,T1R,NONE,BOTH,1.3345419725844345,0.0,0.1816,0.0,0.8184,3.9366,0.8184,0.26,4,1,0,0,115.744,132.0,132.0,86.18433333333333,53.720666666666666,394.0883333333333,1384,-0.2323120717999319,0.3862808830796062,-0.2289226597790929,0.38967029510044526
I2_Static_Nonlinear_Negative_Control,1327,T2,NONE,BOTH,1.2900018923040777,0.0,0.0,0.0,1.0,3.9662,1.0,0.8278333333333333,4,1,0,0,125.41633333333333,132.0,132.0,86.037,54.77,406.261,1384,-0.20200629629114394,-0.017613927000580107,-0.2019652218737081,-0.017572852583144272
I2_Static_Nonlinear_Negative_Control,1327,T3,NONE,NONE,1.081008812324331,0.9852,0.0148,0.0,0.0,0.015,0.0,0.0,10,0,10,0,58.14833333333333,58.0,78.0,88.15433333333333,30.019333333333332,349.50966666666665,1272,-0.04011250900789918,-0.00893248571268043,-0.039282332702461405,-0.008102309407242657
I2_Static_Nonlinear_Negative_Control,1327,O_ALL,NONE,BOTH,1.2982542435044664,0.0,0.0,0.0,1.0,4.0,1.0,0.8496666666666667,0,0,0,0,130.16266666666667,132.0,132.0,85.75866666666667,56.282666666666664,410.6333333333333,1384,-0.22080142687579557,-0.017304994069930312,-0.2216672732773185,-0.018170840471453214
I3_Single_Exact_Delay,1327,T1,LAG,LAG,0.5136301095591839,0.0344,0.9656,0.0,0.0,3.74,0.0,0.0,4,0,0,0,89.16,98.0,98.0,87.334,52.034,360.517,1336,-0.15838943818517304,0.0026056481563723186,-0.158883121740813,0.0021119646007323307
I3_Single_Exact_Delay,1327,T1R,LAG,BOTH,0.5391788363590877,0.0,0.0,0.0,1.0,3.906,1.0,0.14233333333333334,4,1,0,0,125.41166666666666,132.0,132.0,87.14066666666666,53.54066666666667,408.95033333333333,1384,-0.15882847157842295,0.14243542951549307,-0.16585901942831593,0.13540488166560008
I3_Single_Exact_Delay,1327,T2,LAG,BOTH,0.5069186668747117,0.0,0.0,0.0344,0.9656,3.7398,1.0,0.7968333333333333,4,1,0,0,122.93166666666667,132.0,132.0,87.268,51.99933333333333,408.17966666666666,1384,-0.15578721826302733,0.004970842135857176,-0.1563899976888717,0.00436806271001279
I3_Single_Exact_Delay,1327,T3,LAG,LAG,0.2792974138099724,0.4896,0.5104,0.0,0.0,1.903,0.0,0.0,10,1,6,1,75.274,98.0,98.0,87.912,41.26133333333333,357.13866666666667,1336,0.2509403679110942,0.004284867329035827,0.25029116452036493,0.0036356639383066302
I3_Single_Exact_Delay,1327,O_ALL,LAG,BOTH,0.5260527664104878,0.0,0.0,0.0,1.0,4.0,1.0,0.9631666666666666,0,0,0,0,131.221,132.0,132.0,86.41333333333333,57.444,411.214,1384,-0.18369852409755505,0.005024063230036692,-0.18258586155541073,0.006136725772181002
I4_Multi_Sparse_Delay,1327,T1,LAG,BOTH,0.5096269716124363,0.0,0.0,0.0,1.0,4.0,1.0,0.03716666666666667,4,1,0,0,129.24133333333333,132.0,132.0,87.247,56.89333333333333,410.00266666666664,1384,0.2420996425972934,0.014660153645572408,0.2344532643781375,0.0070137754264164515
I4_Multi_Sparse_Delay,1327,T1R,LAG,BOTH,0.44118881993890957,0.0,0.0,0.0,1.0,4.0,1.0,0.0005,4,1,0,0,129.51666666666668,132.0,132.0,87.17733333333334,56.706,410.533,1384,0.3871688838327829,0.10996770057072633,0.4273746466833668,0.15017346342131016
I4_Multi_Sparse_Delay,1327,T2,LAG,BOTH,0.7308833015122105,0.0,0.0,0.0,1.0,4.0,1.0,0.429,4,1,0,0,129.56333333333333,132.0,132.0,87.24266666666666,56.79866666666667,410.57933333333335,1384,-0.3770142067281378,0.021949676647748648,-0.37843831766058295,0.020525565715303493
I4_Multi_Sparse_Delay,1327,T3,LAG,LAG,0.3793094614083573,0.0036,0.9664,0.0,0.03,3.9666,0.03,0.0,5,16,1,16,94.205,98.0,132.0,87.57733333333333,53.595333333333336,365.73766666666666,1336,0.5612639209310527,-0.00042150903119670216,0.49376621799170334,-0.067919211970546
I4_Multi_Sparse_Delay,1327,O_ALL,LAG,BOTH,0.7364140647566134,0.0,0.0,0.0,1.0,4.0,1.0,0.4538333333333333,0,0,0,0,131.55933333333334,132.0,132.0,86.848,57.93333333333333,411.45866666666666,1384,-0.36615768117757397,0.022015761387264146,-0.3726422154320658,0.01553122713277225
I5_Moving_Delay_Support,1327,T1,LAG,BOTH,0.36192845499502535,0.0,0.0,0.0,1.0,4.0,1.0,0.4495,4,1,0,0,129.753,132.0,132.0,86.268,56.60933333333333,410.18066666666664,1384,0.20413871327454886,0.0025177060963561156,0.20739074419439274,0.005769737016199978
I5_Moving_Delay_Support,1327,T1R,LAG,BOTH,0.36388392159587024,0.0,0.0,0.0,1.0,4.0,1.0,0.13316666666666666,4,1,0,0,129.95833333333334,132.0,132.0,86.88633333333334,56.909333333333336,410.63466666666665,1384,0.1920034119137635,0.027552321782092146,0.20591574116164435,0.04146465102997304
I5_Moving_Delay_Support,1327,T2,LAG,BOTH,0.37149834473740234,0.0,0.0,0.0,1.0,4.0,1.0,0.5588333333333333,4,1,0,0,129.36333333333334,132.0,132.0,86.86,56.42066666666667,410.39033333333333,1368,0.1694404875314745,0.0014465132741912918,0.16993184482714793,0.001937870569864691
I5_Moving_Delay_Support,1327,T3,LAG,LAG,0.13386510632505783,0.0016,0.9984,0.0,0.0,3.6554,0.0,0.0,10,1,6,1,90.33266666666667,98.0,102.0,86.945,51.592666666666666,361.84833333333336,1336,0.6277280176911265,0.0020934630170527722,0.6275145473950965,0.0018799927210228454
I5_Moving_Delay_Support,1327,O_ALL,LAG,BOTH,0.5448778853369846,0.0,0.0,0.0,1.0,4.0,1.0,0.9643333333333334,0,0,0,0,131.366,132.0,132.0,86.54933333333334,57.63,411.307,1384,-0.22060889870840072,0.002000824045701152,-0.2213985035502418,0.001211219203860092
I6_Continuous_Latent_State,1327,T1,RECURRENT,BOTH,0.10507962352429044,0.0,0.0,0.0,1.0,4.0,1.0,0.0,4,1,0,0,129.05833333333334,132.0,132.0,86.588,56.092666666666666,410.0663333333333,1384,-0.03546597894646176,0.5530236087554571,-0.05739135323538124,0.5310982344665376
I6_Continuous_Latent_State,1327,T1R,RECURRENT,BOTH,0.10390204095138408,0.0,0.0,0.0,1.0,3.9484,1.0,0.0,4,1,0,0,128.43,132.0,132.0,86.569,55.55466666666667,409.95733333333334,1384,-0.038053765169359564,0.5569651951068765,-0.0401145177568406,0.5549044425193955
I6_Continuous_Latent_State,1327,T2,RECURRENT,BOTH,0.15489439434864113,0.0,0.0,0.0,1.0,4.0,1.0,0.0,4,1,0,0,129.815,132.0,132.0,86.168,56.42333333333333,410.39166666666665,1384,-0.05908250275926042,0.3387620275683114,-0.06018403883293208,0.3376604914946397
I6_Continuous_Latent_State,1327,T3,RECURRENT,RECURRENT,0.12682266709963827,0.0,0.0,0.9956,0.0044,0.0044,1.0,0.0,3,1,3,0,91.75333333333333,92.0,102.0,88.47333333333333,30.160666666666668,397.18033333333335,1320,-0.018085780334847888,0.33993756096658917,-0.04553218333427449,0.3124911579671626
I6_Continuous_Latent_State,1327,O_ALL,RECURRENT,BOTH,0.154890521891154,0.0,0.0,0.0,1.0,4.0,1.0,0.0,0,0,0,0,130.941,132.0,132.0,86.01333333333334,57.029333333333334,411.00666666666666,1368,-0.06320068112444181,0.3393860412193095,-0.0667831907299014,0.33580353161384985
I7_Quiescent_Continuous_State,1327,T1,RECURRENT,BOTH,0.14862958781774963,0.0,0.0,0.0,1.0,4.0,1.0,0.24633333333333332,4,1,0,0,129.05833333333334,132.0,132.0,85.036,55.32066666666667,409.68033333333335,1384,-0.057603873383454275,0.41895527920665443,-0.07372429192590393,0.40283486066420476
I7_Quiescent_Continuous_State,1327,T1R,RECURRENT,BOTH,0.14772788207559356,0.0,0.0,0.0,1.0,3.9484,1.0,0.22533333333333333,4,1,0,0,128.43,132.0,132.0,84.31433333333334,54.43066666666667,409.3953333333333,1384,-0.048939214089353464,0.4265857286890069,-0.05667680912246586,0.41884813365589446
I7_Quiescent_Continuous_State,1327,T2,RECURRENT,BOTH,0.16282534611266572,0.0,0.0,0.0,1.0,4.0,1.0,0.3095,4,1,0,0,129.815,132.0,132.0,83.69066666666667,55.18933333333333,409.7746666666667,1384,-0.055210802175976154,0.22471755954293787,-0.06502071396316234,0.2149076477557517
I7_Quiescent_Continuous_State,1327,T3,RECURRENT,RECURRENT,0.11865773942640688,0.3796,0.0,0.6196,0.0008,0.0008,0.6204,0.0,1,2,1,1,80.968,92.0,102.0,85.2,28.228666666666665,381.0303333333333,1320,-0.027615063615154253,0.22494930928670565,-0.04422435913385698,0.20834001376800287
I7_Quiescent_Continuous_State,1327,O_ALL,RECURRENT,BOTH,0.16281462600582763,0.0,0.0,0.0,1.0,4.0,1.0,0.3095,0,0,0,0,130.941,132.0,132.0,84.37666666666667,56.214,410.599,1384,-0.0593205269251632,0.22534811367210836,-0.07161835421462316,0.2130502863826484
I8_Quiescent_Discrete_Delay,1327,T1,LAG,LAG,0.5102225331245991,0.0344,0.9656,0.0,0.0,3.74,0.0,0.0,4,0,0,0,89.16,98.0,98.0,85.59533333333333,51.172666666666665,360.08633333333336,1336,-0.14991369024372123,0.0026056481563723186,-0.15040737379936123,0.0021119646007323307
I8_Quiescent_Discrete_Delay,1327,T1R,LAG,BOTH,0.5741675561459515,0.0,0.0,0.0,1.0,3.906,1.0,0.43116666666666664,4,1,0,0,125.41166666666666,132.0,132.0,86.36133333333333,53.154666666666664,408.75733333333335,1384,-0.1954632827747005,0.08298696703374284,-0.20608898134479134,0.07236126846365203
I8_Quiescent_Discrete_Delay,1327,T2,LAG,BOTH,0.49960490615403774,0.0,0.0,0.0344,0.9656,3.7398,1.0,0.8013333333333333,4,1,0,0,122.93166666666667,132.0,132.0,85.41066666666667,51.08,407.72,1384,-0.14829029280541237,0.004979316011197525,-0.14889264370125602,0.00437696511535384
I8_Quiescent_Discrete_Delay,1327,T3,LAG,NONE,0.23224726593332318,0.5974,0.4026,0.0,0.0,1.5346,0.0,0.0,7,1,3,1,72.204,98.0,98.0,86.837,38.538666666666664,355.77733333333333,1336,0.1833065390537586,0.004284867329035827,0.1826573356630294,0.0036356639383066302
I8_Quiescent_Discrete_Delay,1327,O_ALL,LAG,BOTH,0.5355249941290853,0.0,0.0,0.0,1.0,4.0,1.0,0.9633333333333334,0,0,0,0,131.221,132.0,132.0,85.54533333333333,57.01533333333333,410.99966666666666,1384,-0.21344995301804506,0.005024970418619855,-0.2123368420091201,0.006138081427544788
I9_Hybrid_Delay_Plus_Latent_State,1327,T1,BOTH,BOTH,0.10901460674530966,0.0,0.0,0.0,1.0,3.803,1.0,0.0003333333333333333,4,1,0,0,124.16833333333334,132.0,132.0,86.36866666666667,52.27066666666666,408.1553333333333,1384,0.3086647216076946,0.279912826766154,0.31805530318094505,0.28930340833940443
I9_Hybrid_Delay_Plus_Latent_State,1327,T1R,BOTH,BOTH,0.3427015681705787,0.0,0.0,0.0,1.0,4.0,1.0,0.002,4,1,0,0,128.245,132.0,132.0,86.95866666666667,55.64533333333333,410.00266666666664,1384,-0.17743017075436243,0.2720899451298708,-0.15194687047097435,0.29757324541325886
I9_Hybrid_Delay_Plus_Latent_State,1327,T2,BOTH,BOTH,0.3570084796554576,0.0,0.0,0.0,1.0,3.9202,1.0,0.04666666666666667,4,1,0,0,125.91166666666666,132.0,132.0,86.83566666666667,53.814,409.087,1384,-0.1316090605398504,0.12976486192932507,-0.13786193529530316,0.12351198717387234
I9_Hybrid_Delay_Plus_Latent_State,1327,T3,BOTH,BOTH,0.16296853273614548,0.0172,0.0308,0.1316,0.8204,3.2436,0.952,0.0,9,8,5,7,115.961,132.0,132.0,87.12833333333333,48.88933333333333,402.6166666666667,1384,0.26456374058428245,0.13499300456781047,0.2733038211595589,0.14373308514308689
I9_Hybrid_Delay_Plus_Latent_State,1327,O_ALL,BOTH,BOTH,0.362364501868406,0.0,0.0,0.0,1.0,4.0,1.0,0.05633333333333333,0,0,0,0,130.99433333333334,132.0,132.0,86.27533333333334,57.198,411.091,1384,-0.18733408438781352,0.1336142536031507,-0.18228318523685375,0.1386651527541105
I10_Redundant_Temporal_Structure,1327,T1,REDUNDANT,BOTH,0.2644163412432457,0.0,0.0,0.0,1.0,4.0,1.0,0.0,4,1,0,0,130.54166666666666,132.0,132.0,87.32333333333334,57.67466666666667,410.8573333333333,1384,-0.20889500166844552,2.8811297898646586,-0.17891630804995334,2.9111084834831504
I10_Redundant_Temporal_Structure,1327,T1R,REDUNDANT,BOTH,0.26436874640797287,0.0,0.0,0.0,1.0,4.0,1.0,0.0,4,1,0,0,130.64333333333335,132.0,132.0,87.30133333333333,57.654,411.007,1384,-0.2080869785587999,2.898564562782778,-0.17663597167151962,2.9300155696700587
I10_Redundant_Temporal_Structure,1327,T2,REDUNDANT,BOTH,0.5064931141862017,0.0,0.0,0.0,1.0,4.0,1.0,0.0,4,1,0,0,130.405,132.0,132.0,87.25566666666667,57.43666666666667,410.8983333333333,1384,-0.2531079434471251,0.5993193019614105,-0.24709417435585454,0.6053330710526811
I10_Redundant_Temporal_Structure,1327,T3,REDUNDANT,RECURRENT,0.40983744354672164,0.0,0.0,0.782,0.218,0.7774,1.0,0.0,20,1,20,0,98.22,132.0,132.0,88.989,35.07933333333333,399.63966666666664,1320,0.07972234591642731,0.571107918375043,0.016779710188147005,0.5081652826467629
I10_Redundant_Temporal_Structure,1327,O_ALL,REDUNDANT,BOTH,0.5067658917041964,0.0,0.0,0.0,1.0,4.0,1.0,0.0,0,0,0,0,131.716,132.0,132.0,87.02466666666666,58.14066666666667,411.56233333333336,1384,-0.23639353984011743,0.6020172537564227,-0.24378814821595862,0.5946226453805815
I11_Regime_Switch_Delay_To_Latent,1327,T1,SWITCH_DELAY_TO_LATENT,BOTH,0.10996653335399592,0.0,0.0,0.0,1.0,3.9392,1.0,0.0,4,1,0,0,127.80933333333333,132.0,132.0,86.07033333333334,54.904,409.384,1384,0.251423494849894,0.27520095903272657,0.2505597711051707,0.27433723528800324
I11_Regime_Switch_Delay_To_Latent,1327,T1R,SWITCH_DELAY_TO_LATENT,BOTH,0.11111671202454933,0.0,0.0,0.0,1.0,4.0,1.0,0.0,4,1,0,0,127.57833333333333,132.0,132.0,86.858,55.126,409.743,1384,0.24554321964481696,0.3791166244305936,0.23756362045372015,0.3711370252394968
I11_Regime_Switch_Delay_To_Latent,1327,T2,SWITCH_DELAY_TO_LATENT,BOTH,0.16905015365545759,0.0,0.0,0.0,1.0,4.0,1.0,0.22133333333333333,4,1,0,0,128.16833333333332,132.0,132.0,86.53566666666667,55.28066666666667,409.82033333333334,1384,0.20679193237115479,0.07867376885509406,0.20431615181845628,0.07619798830239553
I11_Regime_Switch_Delay_To_Latent,1327,T3,SWITCH_DELAY_TO_LATENT,RECURRENT,0.13809248102238864,0.0988,0.4156,0.4856,0.0,1.5404,0.4856,0.0,6,2,6,1,87.22133333333333,98.0,102.0,87.78066666666666,39.864,375.688,1320,0.24366106738040538,0.106333312078755,0.24173459268373723,0.10440683738208684
I11_Regime_Switch_Delay_To_Latent,1327,O_ALL,SWITCH_DELAY_TO_LATENT,BOTH,0.29306604729364966,0.0,0.0,0.0,1.0,4.0,1.0,0.556,0,0,0,0,131.23266666666666,132.0,132.0,86.17533333333333,57.340666666666664,411.1623333333333,1384,-0.11816957451080502,0.10241664353286167,-0.11578132594507223,0.10480489209859446
I12_Regime_Switch_Latent_To_Delay,1327,T1,SWITCH_LATENT_TO_DELAY,BOTH,0.3196961177263412,0.0,0.0,0.0,1.0,3.7968,1.0,0.464,4,1,0,0,125.84,132.0,132.0,86.60133333333333,53.57933333333333,408.80966666666666,1384,-0.09806656696337576,0.24790341602600643,-0.09237767171472688,0.25359231127465526
I12_Regime_Switch_Latent_To_Delay,1327,T1R,SWITCH_LATENT_TO_DELAY,BOTH,0.3201868288728159,0.0,0.0,0.0,1.0,3.8184,1.0,0.436,4,1,0,0,126.74166666666666,132.0,132.0,86.56,54.188,409.274,1384,-0.08027123453082809,0.2491569658633289,-0.0835963752663716,0.24583182512778534
I12_Regime_Switch_Latent_To_Delay,1327,T2,SWITCH_LATENT_TO_DELAY,BOTH,0.3345989678871146,0.0,0.0,0.0,1.0,3.5634,1.0,0.4765,4,1,0,0,123.34,132.0,132.0,86.06633333333333,51.20333333333333,407.7816666666667,1384,-0.0823183867204884,0.1329331467601893,-0.08598315979959019,0.12926837368108754
I12_Regime_Switch_Latent_To_Delay,1327,T3,SWITCH_LATENT_TO_DELAY,LAG,0.15956824079391005,0.1074,0.475,0.4176,0.0,1.8478,0.4176,0.0,7,1,3,1,90.62766666666667,98.0,102.0,87.285,40.617333333333335,379.1206666666667,1336,0.2041186816898186,0.13571766830754173,0.19350196072808212,0.1251009473458052
I12_Regime_Switch_Latent_To_Delay,1327,O_ALL,SWITCH_LATENT_TO_DELAY,BOTH,0.33984432052927255,0.0,0.0,0.0,1.0,4.0,1.0,0.4796666666666667,0,0,0,0,130.546,132.0,132.0,85.54733333333333,56.47933333333334,410.7316666666667,1384,-0.12145610674709838,0.13351092012127416,-0.12218589418213315,0.13278113268623942
I13_Regime_Switch_Hybrid_To_Memoryless,1327,T1,SWITCH_HYBRID_TO_NONE,BOTH,0.1316318781560751,0.0,0.0,0.0,1.0,3.803,1.0,0.479,4,1,0,0,124.16833333333334,132.0,132.0,85.94266666666667,52.05866666666667,408.0493333333333,1384,0.06634738540979807,0.14913218518313318,0.07061050046161389,0.15339530023494896
I13_Regime_Switch_Hybrid_To_Memoryless,1327,T1R,SWITCH_HYBRID_TO_NONE,BOTH,0.24843207061669362,0.0,0.0,0.0,1.0,4.0,1.0,0.49016666666666664,4,1,0,0,128.245,132.0,132.0,85.568,54.958666666666666,409.65933333333334,1352,-0.11185916492386433,0.14451992861637805,-0.09118136854115692,0.16519772499908547
I13_Regime_Switch_Hybrid_To_Memoryless,1327,T2,SWITCH_HYBRID_TO_NONE,BOTH,0.25066430675330564,0.0,0.0,0.0,1.0,3.9202,1.0,0.5136666666666667,4,1,0,0,125.91166666666666,132.0,132.0,85.101,52.955333333333336,408.65766666666667,1352,-0.07636056486709088,0.06566141131174581,-0.08504519482845002,0.05697678135038667
I13_Regime_Switch_Hybrid_To_Memoryless,1327,T3,SWITCH_HYBRID_TO_NONE,NONE,0.15423855699952954,0.5866,0.0306,0.1316,0.2512,0.966,0.3828,0.0,9,6,9,6,80.866,132.0,132.0,87.27633333333333,35.257333333333335,373.04066666666665,1256,0.06680252387633294,0.06333213868759759,0.07253927309590864,0.06906888790717329
I13_Regime_Switch_Hybrid_To_Memoryless,1327,O_ALL,SWITCH_HYBRID_TO_NONE,BOTH,0.25373857647911346,0.0,0.0,0.0,1.0,4.0,1.0,0.526,0,0,0,0,130.99433333333334,132.0,132.0,85.258,56.696666666666665,410.8403333333333,1352,-0.12437385116287625,0.06714816528854416,-0.11946349601638225,0.07205852043503817
I14_Intermittent_Hybrid,1327,T1,INTERMITTENT,BOTH,0.11496012433075391,0.0,0.0,0.0,1.0,3.7508,1.0,0.2295,4,1,0,0,124.69866666666667,132.0,132.0,81.62433333333334,50.218666666666664,406.99333333333334,1384,0.2581887909319597,0.20304982386483691,0.22657156119480887,0.17143259412768613
I14_Intermittent_Hybrid,1327,T1R,INTERMITTENT,BOTH,0.11491959497909307,0.0,0.0,0.0,1.0,3.6638,1.0,0.22866666666666666,4,1,0,0,124.54666666666667,132.0,132.0,86.45133333333334,52.34,408.35,1384,0.2679425505868705,0.21703222641406092,0.236146429566773,0.18523610539396337
I14_Intermittent_Hybrid,1327,T2,INTERMITTENT,BOTH,0.14856720570639062,0.0,0.0,0.0,1.0,3.8732,1.0,0.25316666666666665,4,1,0,0,126.05166666666666,132.0,132.0,85.97633333333333,53.300666666666665,408.83033333333333,1352,0.23307347721700708,0.12258672411189492,0.21075145295816797,0.10026469985305582
I14_Intermittent_Hybrid,1327,T3,INTERMITTENT,RECURRENT,0.19397389452249217,0.302,0.116,0.5792,0.0028,0.4256,0.582,0.0,7,2,7,2,81.412,98.0,112.0,87.845,34.038666666666664,375.8233333333333,1256,0.10434657832059636,0.14010825107286992,0.09594132400203613,0.1317029967543097
I14_Intermittent_Hybrid,1327,O_ALL,INTERMITTENT,BOTH,0.14995278253717298,0.0,0.0,0.0,1.0,4.0,1.0,0.26066666666666666,0,0,0,0,131.181,132.0,132.0,85.33333333333333,56.882,410.933,1352,0.2242805495910325,0.11835608981822925,0.20160850544423023,0.09568404567142695
I1_Memoryless_Linear,1328,T1,NONE,NONE,0.12501305780414423,1.0,0.0,0.0,0.0,0.0,0.0,0.0,0,0,0,0,58.0,58.0,58.0,80.549,25.787333333333333,347.39366666666666,1224,-0.012802718983724273,-0.00010809264646949054,-0.012802718983724273,-0.00010809264646949054
I1_Memoryless_Linear,1328,T1R,NONE,RECURRENT,0.12514192875786953,0.0,0.0,1.0,0.0,0.0,1.0,0.0,0,1,0,0,91.76766666666667,92.0,92.0,77.957,24.22533333333333,394.2846666666667,1272,-0.007347973899394816,0.0059143831349335405,-0.007473630308497134,0.005788726725831224
I1_Memoryless_Linear,1328,T2,NONE,RECURRENT,0.1250221629452478,0.0,0.0,1.0,0.0,0.0,1.0,0.0,0,1,0,0,91.76766666666667,92.0,92.0,80.549,25.787333333333333,395.0656666666667,1272,-0.012802718983724273,-0.0003175291786786982,-0.012864366044188846,-0.00037917623914327084
I1_Memoryless_Linear,1328,T3,NONE,NONE,0.12501305780414423,1.0,0.0,0.0,0.0,0.0,0.0,0.0,0,0,0,0,58.0,58.0,58.0,80.549,25.787333333333333,347.39366666666666,1224,-0.012802718983724273,-0.00010809264646949054,-0.012802718983724273,-0.00010809264646949054
I1_Memoryless_Linear,1328,O_ALL,NONE,BOTH,0.15075263366359082,0.0,0.0,0.0,1.0,3.8506,1.0,0.9728333333333333,0,0,0,0,125.49433333333333,132.0,132.0,72.86333333333333,46.13333333333333,405.5586666666667,1336,-0.03251695263042277,-0.00014487460713391486,-0.03256919948502525,-0.00019712146173639312
I2_Static_Nonlinear_Negative_Control,1328,T1,NONE,BOTH,1.3095924925779217,0.0,0.0,0.0,1.0,3.9972,1.0,0.021,4,1,0,0,121.22066666666667,132.0,132.0,87.21133333333333,54.00866666666667,402.83233333333334,1384,-0.11185123495238841,3.65235156100907,-0.16054536290342866,3.6036574330580295
I2_Static_Nonlinear_Negative_Control,1328,T1R,NONE,BOTH,1.309400299322962,0.0,0.0,0.0,1.0,3.997,1.0,0.022,4,1,0,0,121.219,132.0,132.0,87.218,54.01,402.833,1384,-0.11941613778989378,3.607757780554842,-0.16701970354099635,3.5601542148037386
I2_Static_Nonlinear_Negative_Control,1328,T2,NONE,BOTH,1.2453265212921327,0.0,0.0,0.0,1.0,3.9972,1.0,0.785,4,1,0,0,121.22066666666667,132.0,132.0,86.91733333333333,53.86266666666667,402.75933333333336,1384,-0.15871099828344198,-0.011494274284052447,-0.1597139128140382,-0.012497188814648652
I2_Static_Nonlinear_Negative_Control,1328,T3,NONE,NONE,1.0119407259498128,0.9708,0.0288,0.0004,0.0,0.0308,0.0004,0.0,16,2,16,2,58.46233333333333,58.0,92.0,88.76766666666667,30.431333333333335,350.0036666666667,1272,-0.07033790466853818,-0.013890427296625056,-0.07230143470898905,-0.015853957337075914
I2_Static_Nonlinear_Negative_Control,1328,O_ALL,NONE,BOTH,1.2418429028130633,0.0,0.0,0.0,1.0,4.0,1.0,0.865,0,0,0,0,131.216,132.0,132.0,85.686,57.086,411.035,1384,-0.2810976988084616,-0.010991435497570569,-0.27997368223642316,-0.009867418925532117
I3_Single_Exact_Delay,1328,T1,LAG,LAG,0.5624728725897948,0.0,1.0,0.0,0.0,4.0,0.0,0.0,4,0,0,0,93.03833333333333,98.0,98.0,87.03533333333333,54.654666666666664,361.82733333333334,1320,-0.17172929119970934,-0.0036808322590674,-0.1719737699826628,-0.003925311042020876
I3_Single_Exact_Delay,1328,T1R,LAG,LAG,0.11605143733552653,0.0,1.0,0.0,0.0,3.929,0.0,0.0,4,0,0,0,91.285,98.0,98.0,86.87733333333334,53.24,361.12,1320,0.5813752088921195,-0.0036808322590674,0.581130730109166,-0.003925311042020876
I3_Single_Exact_Delay,1328,T2,LAG,LAG,0.5512376779678954,0.0,1.0,0.0,0.0,4.0,0.0,0.0,4,0,0,0,93.03833333333333,98.0,98.0,86.98733333333334,54.623333333333335,361.81166666666667,1336,-0.18141336302063743,-0.0036808322590674,-0.18165784180359093,-0.003925311042020876
I3_Single_Exact_Delay,1328,T3,LAG,NONE,0.4541328195505916,0.983,0.017,0.0,0.0,0.017,0.0,0.0,18,0,18,0,58.255,58.0,68.0,88.86933333333333,30.482666666666667,349.74133333333333,1272,-0.0532085239423565,-0.0036808322590674,-0.05345300272530997,-0.003925311042020876
I3_Single_Exact_Delay,1328,O_ALL,LAG,BOTH,0.5514715888328431,0.0,0.0,0.0,1.0,4.0,1.0,0.979,0,0,0,0,131.15266666666668,132.0,132.0,86.43866666666666,57.402,411.193,1384,-0.2435796128305562,-0.004054508318700285,-0.2438582880108848,-0.004333183499028884
I4_Multi_Sparse_Delay,1328,T1,LAG,BOTH,0.5437629658055123,0.0,0.0,0.0,1.0,4.0,1.0,0.06516666666666666,4,1,0,0,130.60666666666665,132.0,132.0,87.22166666666666,57.64666666666667,410.8433333333333,1384,0.2796796385774297,0.013404046990077034,0.2691766798740926,0.002901088286739995
I4_Multi_Sparse_Delay,1328,T1R,LAG,BOTH,0.543882883362877,0.0,0.0,0.0,1.0,4.0,1.0,0.0615,4,1,0,0,130.706,132.0,132.0,87.249,57.656666666666666,411.00033333333334,1384,0.2769194605767558,0.018455851914437816,0.26345010314454265,0.004986494482224749
I4_Multi_Sparse_Delay,1328,T2,LAG,BOTH,0.543359849885197,0.0,0.0,0.0,1.0,4.0,1.0,0.081,4,1,0,0,130.901,132.0,132.0,87.18966666666667,57.781333333333336,411.06266666666664,1384,0.2723538077187496,0.003319347886289725,0.27110278521687237,0.0020683253844124517
I4_Multi_Sparse_Delay,1328,T3,LAG,NONE,0.6477408954825213,0.7446,0.0604,0.1786,0.0164,0.098,0.195,0.0,51,19,51,19,66.59033333333333,92.0,122.0,89.11633333333333,31.719333333333335,359.78366666666665,1272,-0.07621549671715513,0.004872231814359987,-0.07646358591511761,0.0046241426163975185
I4_Multi_Sparse_Delay,1328,O_ALL,LAG,BOTH,0.767738322698013,0.0,0.0,0.0,1.0,4.0,1.0,0.4846666666666667,0,0,0,0,131.721,132.0,132.0,87.08,58.17666666666667,411.58033333333333,1368,-0.3742042533199571,0.017096719887249295,-0.392066927694477,-0.0007659544872705615
I5_Moving_Delay_Support,1328,T1,LAG,LAG,0.5483205342973522,0.0,1.0,0.0,0.0,3.9978,0.0,0.0,4,0,0,0,92.96,98.0,98.0,87.06266666666667,54.522666666666666,361.7613333333333,1336,-0.22573436508333217,0.0002548370046567687,-0.22555030884060126,0.00043889324738767164
I5_Moving_Delay_Support,1328,T1R,LAG,BOTH,0.5515107784797931,0.0,0.0,0.0,1.0,4.0,1.0,0.9506666666666667,4,1,0,0,129.01766666666666,132.0,132.0,87.138,56.35666666666667,410.3503333333333,1384,-0.15136522107340492,0.0015308575656550654,-0.15207558224612347,0.00082049639293653
I5_Moving_Delay_Support,1328,T2,LAG,BOTH,0.5430011881837716,0.0,0.0,0.0,1.0,3.9932,1.0,0.939,4,1,0,0,126.46433333333333,132.0,132.0,86.97666666666667,54.269333333333336,409.3066666666667,1384,-0.170809328124033,-0.0013959786321925186,-0.1702718784629133,-0.0008585289710728441
I5_Moving_Delay_Support,1328,T3,LAG,NONE,0.3119942692764669,0.5332,0.4668,0.0,0.0,1.554,0.0,0.0,19,0,15,0,70.99833333333333,98.0,98.0,88.139,39.20333333333333,354.1016666666667,1336,0.21735100693410672,0.0002548370046567687,0.21753506317683763,0.00043889324738767164
I5_Moving_Delay_Support,1328,O_ALL,LAG,BOTH,0.5421663069462395,0.0,0.0,0.0,1.0,4.0,1.0,0.9813333333333333,0,0,0,0,131.39766666666668,132.0,132.0,86.31266666666667,57.535333333333334,411.25966666666665,1384,-0.20502328367724257,-0.0015880371853841807,-0.2053095108162046,-0.0018742643243461928
I6_Continuous_Latent_State,1328,T1,RECURRENT,BOTH,0.10934982596297135,0.0,0.0,0.0,1.0,4.0,1.0,0.0,4,1,0,0,129.11166666666668,132.0,132.0,86.60066666666667,56.198,410.119,1384,-0.027620035358613362,0.4980045154819142,-0.0381096567586401,0.4875148940818875
I6_Continuous_Latent_State,1328,T1R,RECURRENT,BOTH,0.10846658711422218,0.0,0.0,0.0,1.0,4.0,1.0,0.0,4,1,0,0,127.89666666666666,132.0,132.0,86.542,55.11,409.735,1384,-0.025017259813645002,0.5000871553175178,-0.04126416704262057,0.48384024808854215
I6_Continuous_Latent_State,1328,T2,RECURRENT,BOTH,0.15225925407967328,0.0,0.0,0.0,1.0,4.0,1.0,0.0,4,1,0,0,129.87833333333333,132.0,132.0,86.348,56.593333333333334,410.4766666666667,1384,-0.010989707143627242,0.3251538086655396,-0.04363629353367684,0.29250722227549003
I6_Continuous_Latent_State,1328,T3,RECURRENT,RECURRENT,0.13086259634358974,0.0,0.0,0.9968,0.0032,0.0032,1.0,0.0,3,1,3,0,91.75166666666667,92.0,102.0,88.75233333333334,30.335333333333335,397.2676666666667,1320,-0.028088408895449557,0.32643221895125435,-0.03713808053639819,0.31738254731030574
I6_Continuous_Latent_State,1328,O_ALL,RECURRENT,BOTH,0.16109731980914482,0.0,0.0,0.0,1.0,4.0,1.0,0.0,0,0,0,0,131.171,132.0,132.0,86.022,57.21666666666667,411.1003333333333,1384,-0.07435648550086105,0.3245144211530977,-0.07273820720613894,0.3261326994478197
I7_Quiescent_Continuous_State,1328,T1,RECURRENT,BOTH,0.1122595445420691,0.0,0.0,0.0,1.0,4.0,1.0,0.31266666666666665,4,1,0,0,129.11166666666668,132.0,132.0,85.706,55.75266666666667,409.89633333333336,1384,-0.026316275208884132,0.34340320706478034,-0.03504415497495362,0.3346753272987109
I7_Quiescent_Continuous_State,1328,T1R,RECURRENT,BOTH,0.11055755683540282,0.0,0.0,0.0,1.0,4.0,1.0,0.31216666666666665,4,1,0,0,127.89666666666666,132.0,132.0,84.808,54.246,409.303,1384,-0.03396931182954585,0.3420504168789158,-0.04391401268190052,0.3321057160265612
I7_Quiescent_Continuous_State,1328,T2,RECURRENT,BOTH,0.15632882755777674,0.0,0.0,0.0,1.0,4.0,1.0,0.3195,4,1,0,0,129.87833333333333,132.0,132.0,83.83,55.33866666666667,409.84933333333333,1384,-0.03974349047815856,0.2224790620153979,-0.051712764251875924,0.21050978824168054
I7_Quiescent_Continuous_State,1328,T3,RECURRENT,RECURRENT,0.12177306810909883,0.377,0.0,0.623,0.0,0.0,0.623,0.0,1,2,1,1,81.04333333333334,92.0,102.0,86.585,29.112666666666666,381.5763333333333,1320,-0.014856893295514203,0.2222660855166978,-0.02710849227525297,0.21001448653695903
I7_Quiescent_Continuous_State,1328,O_ALL,RECURRENT,BOTH,0.16459537632866564,0.0,0.0,0.0,1.0,4.0,1.0,0.31616666666666665,0,0,0,0,131.171,132.0,132.0,83.96266666666666,56.19,410.587,1384,-0.07421322109742542,0.2219363307513296,-0.07304157335856812,0.22310797849018685
I8_Quiescent_Discrete_Delay,1328,T1,LAG,LAG,0.5735091695764041,0.0,1.0,0.0,0.0,4.0,0.0,0.0,4,0,0,0,93.03833333333333,98.0,98.0,85.94666666666667,54.108666666666664,361.5543333333333,1336,-0.17434160619121586,-0.0036808322590674,-0.17458608497416936,-0.003925311042020876
I8_Quiescent_Discrete_Delay,1328,T1R,LAG,LAG,0.12931432571213128,0.0,1.0,0.0,0.0,3.929,0.0,0.0,4,0,0,0,91.285,98.0,98.0,86.13066666666667,52.868,360.934,1336,0.3252567623672784,-0.0036808322590674,0.32501228358432493,-0.003925311042020876
I8_Quiescent_Discrete_Delay,1328,T2,LAG,LAG,0.5576026895729772,0.0,1.0,0.0,0.0,4.0,0.0,0.0,4,0,0,0,93.03833333333333,98.0,98.0,86.22466666666666,54.24733333333333,361.6236666666667,1336,-0.18908541322661643,-0.0036808322590674,-0.1893298920095699,-0.003925311042020876
I8_Quiescent_Discrete_Delay,1328,T3,LAG,NONE,0.23839231899587857,0.5962,0.4038,0.0,0.0,1.5152,0.0,0.0,14,0,10,0,70.73333333333333,98.0,98.0,86.90366666666667,38.48733333333333,353.7436666666667,1336,0.20353085594262518,-0.0036808322590674,0.2032863771596717,-0.003925311042020876
I8_Quiescent_Discrete_Delay,1328,O_ALL,LAG,BOTH,0.5462634253490309,0.0,0.0,0.0,1.0,4.0,1.0,0.979,0,0,0,0,131.15266666666668,132.0,132.0,84.64466666666667,56.51133333333333,410.74766666666665,1384,-0.23043868806754086,-0.003805749746135849,-0.2307756108271743,-0.004142672505769246
I9_Hybrid_Delay_Plus_Latent_State,1328,T1,BOTH,BOTH,0.3566967168861261,0.0,0.0,0.0,1.0,4.0,1.0,0.003833333333333333,4,1,0,0,128.41333333333333,132.0,132.0,87.068,55.866,409.953,1384,-0.1637154349590485,0.2583716172998017,-0.16370689623290974,0.25838015602594044
I9_Hybrid_Delay_Plus_Latent_State,1328,T1R,BOTH,BOTH,0.36084920074521165,0.0,0.0,0.0,1.0,4.0,1.0,0.004166666666666667,4,1,0,0,128.75333333333333,132.0,132.0,86.886,55.956,410.158,1384,-0.1444832579369627,0.2694411777921057,-0.1386616842724453,0.275262751456623
I9_Hybrid_Delay_Plus_Latent_State,1328,T2,BOTH,BOTH,0.37424826316507226,0.0,0.0,0.0,1.0,3.9178,1.0,0.10483333333333333,4,1,0,0,125.82833333333333,132.0,132.0,86.848,53.60666666666667,408.98333333333335,1368,-0.1537417516206332,0.14860127889966548,-0.16467431586723782,0.1376687146530608
I9_Hybrid_Delay_Plus_Latent_State,1328,T3,BOTH,BOTH,0.23646481983356304,0.0852,0.0984,0.3878,0.4286,1.9854,0.8164,0.0,15,8,11,7,102.33233333333334,132.0,132.0,88.02166666666666,41.858,394.597,1384,0.14215310453348634,0.15271568149007836,0.12131056691753266,0.13187314387412466
I9_Hybrid_Delay_Plus_Latent_State,1328,O_ALL,BOTH,BOTH,0.37532762766725275,0.0,0.0,0.0,1.0,4.0,1.0,0.06966666666666667,0,0,0,0,131.446,132.0,132.0,86.22733333333333,57.535333333333334,411.25966666666665,1368,-0.2025221141175275,0.1515770115700497,-0.20287932453371796,0.15121980115385927
I10_Redundant_Temporal_Structure,1328,T1,REDUNDANT,BOTH,0.2973079697337178,0.0,0.0,0.0,1.0,4.0,1.0,0.0,4,1,0,0,130.13166666666666,132.0,132.0,87.21166666666667,57.28666666666667,410.66333333333336,1384,-0.12386877754587815,3.002119542830533,-0.14537980825555968,2.980608512120851
I10_Redundant_Temporal_Structure,1328,T1R,REDUNDANT,BOTH,0.29841819310840206,0.0,0.0,0.0,1.0,4.0,1.0,0.0,4,1,0,0,130.02833333333334,132.0,132.0,87.186,57.10733333333334,410.7336666666667,1384,-0.11493898067258286,2.927213482811758,-0.16307740352465364,2.8790750599596877
I10_Redundant_Temporal_Structure,1328,T2,REDUNDANT,BOTH,0.5121488896264994,0.0,0.0,0.0,1.0,4.0,1.0,0.0031666666666666666,4,1,0,0,130.12666666666667,132.0,132.0,87.20733333333334,57.18266666666667,410.77133333333336,1384,-0.09103400476154588,0.4466156291734745,-0.19500914094611457,0.34264049298890586
I10_Redundant_Temporal_Structure,1328,T3,REDUNDANT,RECURRENT,0.437068412970897,0.0024,0.0658,0.8478,0.084,0.5184,0.9318,0.0,30,23,30,22,95.066,122.0,132.0,88.933,34.15,396.447,1320,0.006614008706374538,0.43000579894639523,-0.045495373594363626,0.3778964166456571
I10_Redundant_Temporal_Structure,1328,O_ALL,REDUNDANT,BOTH,0.5087184877178832,0.0,0.0,0.0,1.0,4.0,1.0,0.0031666666666666666,0,0,0,0,131.46266666666668,132.0,132.0,86.88733333333333,57.88,411.432,1384,-0.07835490929116778,0.443092200599043,-0.16121055572325527,0.3602365541669555
I11_Regime_Switch_Delay_To_Latent,1328,T1,SWITCH_DELAY_TO_LATENT,LAG,0.3091413631052662,0.0,0.5512,0.0,0.4488,3.9584,0.4488,0.0,4,1,0,0,104.457,132.0,132.0,87.10133333333333,53.67066666666667,379.27933333333334,1384,-0.12725823158746666,0.17108128491701854,-0.12229914770847877,0.17604036879600646
I11_Regime_Switch_Delay_To_Latent,1328,T1R,SWITCH_DELAY_TO_LATENT,BOTH,0.27519893415225816,0.0,0.0,0.0,1.0,3.6122,1.0,0.035,4,1,0,0,121.99266666666666,132.0,132.0,87.27566666666667,51.141333333333336,407.74266666666665,1384,-0.09632800614534787,0.30722428926952855,-0.09519422675697312,0.3083580686579033
I11_Regime_Switch_Delay_To_Latent,1328,T2,SWITCH_DELAY_TO_LATENT,BOTH,0.3247319648842566,0.0,0.0,0.0,1.0,3.8608,1.0,0.524,4,1,0,0,124.701,132.0,132.0,86.896,52.922,408.633,1384,-0.1351183978599867,0.09806739627295892,-0.13358659215159993,0.09959920198134566
I11_Regime_Switch_Delay_To_Latent,1328,T3,SWITCH_DELAY_TO_LATENT,LAG,0.15797157065699421,0.1866,0.4144,0.398,0.001,1.4644,0.399,0.0,7,1,7,0,81.50433333333334,98.0,102.0,88.076,38.67133333333334,369.78766666666667,1320,0.1789240607748165,0.09140814035297141,0.16625740168241812,0.078741481260573
I11_Regime_Switch_Delay_To_Latent,1328,O_ALL,SWITCH_DELAY_TO_LATENT,BOTH,0.32721157329055933,0.0,0.0,0.0,1.0,4.0,1.0,0.5841666666666666,0,0,0,0,131.51433333333333,132.0,132.0,86.01,57.48133333333333,411.23266666666666,1384,-0.17835206712060903,0.10105628732069856,-0.17081036191995078,0.10859799252135682
I12_Regime_Switch_Latent_To_Delay,1328,T1,SWITCH_LATENT_TO_DELAY,BOTH,0.3516994700551207,0.0,0.0,0.0,1.0,3.6448,1.0,0.45866666666666667,4,1,0,0,122.285,132.0,132.0,86.80366666666667,51.192,407.616,1368,-0.10743946890727671,0.19405258864989347,-0.11718461118543677,0.18430744637173338
I12_Regime_Switch_Latent_To_Delay,1328,T1R,SWITCH_LATENT_TO_DELAY,BOTH,0.3548471274196614,0.0,0.0,0.0,1.0,4.0,1.0,0.4673333333333333,4,1,0,0,128.68,132.0,132.0,86.51433333333334,55.72266666666667,410.04133333333334,1384,-0.10838242264305883,0.18893783664419125,-0.11954306681807872,0.1777771924691714
I12_Regime_Switch_Latent_To_Delay,1328,T2,SWITCH_LATENT_TO_DELAY,BOTH,0.3620199244417995,0.0,0.0,0.0,1.0,3.9688,1.0,0.49216666666666664,4,1,0,0,126.71666666666667,132.0,132.0,86.25333333333333,54.118,409.239,1384,-0.10405710092599847,0.10323883148132788,-0.12273283911479718,0.08456309329252919
I12_Regime_Switch_Latent_To_Delay,1328,T3,SWITCH_LATENT_TO_DELAY,LAG,0.1728620844505671,0.1316,0.4532,0.4152,0.0,1.677,0.4152,0.0,6,1,2,1,89.12466666666667,98.0,102.0,87.60666666666667,39.756,378.594,1336,0.18147676895642142,0.10297130745759096,0.1806874458113014,0.10218198431247094
I12_Regime_Switch_Latent_To_Delay,1328,O_ALL,SWITCH_LATENT_TO_DELAY,BOTH,0.14822882759983047,0.0,0.0,0.0,1.0,4.0,1.0,0.0,0,0,0,0,130.90433333333334,132.0,132.0,85.832,56.91,410.947,1384,0.2324281339327789,0.1024429724986385,0.23451215364942524,0.10452699221528484
I13_Regime_Switch_Hybrid_To_Memoryless,1328,T1,SWITCH_HYBRID_TO_NONE,BOTH,0.25781427720470224,0.0,0.0,0.0,1.0,4.0,1.0,0.49316666666666664,4,1,0,0,128.41333333333333,132.0,132.0,86.06066666666666,55.36933333333333,409.70466666666664,1384,-0.08874152098094737,0.13707158279253104,-0.0886295161944305,0.13718358757904792
I13_Regime_Switch_Hybrid_To_Memoryless,1328,T1R,SWITCH_HYBRID_TO_NONE,BOTH,0.2598550002646888,0.0,0.0,0.0,1.0,4.0,1.0,0.49683333333333335,4,1,0,0,128.75333333333333,132.0,132.0,85.26866666666666,55.15533333333333,409.7576666666667,1352,-0.07124410889599471,0.13163464870667144,-0.07218098384508403,0.1306977737575821
I13_Regime_Switch_Hybrid_To_Memoryless,1328,T2,SWITCH_HYBRID_TO_NONE,BOTH,0.2619807497688067,0.0,0.0,0.0,1.0,3.9178,1.0,0.5528333333333333,4,1,0,0,125.82833333333333,132.0,132.0,84.72266666666667,52.550666666666665,408.45533333333333,1336,-0.07556846725401672,0.06364262286309867,-0.08465574316625712,0.05455534695085825
I13_Regime_Switch_Hybrid_To_Memoryless,1328,T3,SWITCH_HYBRID_TO_NONE,NONE,0.22135744751797606,0.665,0.0092,0.3224,0.0034,0.0128,0.3258,0.0,10,4,10,4,72.006,92.0,112.0,86.674,29.187333333333335,368.64566666666667,1224,-0.02128096468810277,0.06335821327952014,-0.02728526304387761,0.05735391492374529
I13_Regime_Switch_Hybrid_To_Memoryless,1328,O_ALL,SWITCH_HYBRID_TO_NONE,BOTH,0.26493720865411263,0.0,0.0,0.0,1.0,4.0,1.0,0.5356666666666666,0,0,0,0,131.446,132.0,132.0,83.48333333333333,56.172,410.578,1336,-0.11520600523647512,0.06837543567584191,-0.11858818304878412,0.06499325786353291
I14_Intermittent_Hybrid,1328,T1,INTERMITTENT,BOTH,0.139859403571998,0.0,0.0,0.0,1.0,3.7178,1.0,0.25866666666666666,4,1,0,0,123.021,132.0,132.0,85.93166666666667,51.24666666666667,407.5953333333333,1384,0.07837073459942101,0.14727731197765442,0.061794000253121,0.1307005776313544
I14_Intermittent_Hybrid,1328,T1R,INTERMITTENT,BOTH,0.14332210203050544,0.0,0.0,0.0,1.0,3.4204,1.0,0.26766666666666666,4,1,0,0,120.68433333333333,132.0,132.0,86.21433333333333,49.410666666666664,406.87733333333335,1368,0.07647646900786471,0.147024274351897,0.0556628080313331,0.12621061337536535
I14_Intermittent_Hybrid,1328,T2,INTERMITTENT,BOTH,0.2428088122819943,0.0,0.0,0.0,1.0,3.1216,1.0,0.29933333333333334,4,1,0,0,118.24266666666666,132.0,132.0,86.25133333333333,47.482,405.913,1384,-0.03788946402768076,0.0970329170331063,-0.04319683989920639,0.09172554116158067
I14_Intermittent_Hybrid,1328,T3,INTERMITTENT,NONE,0.14685557916162095,0.3414,0.065,0.2856,0.308,1.2802,0.5936,0.0,9,3,9,3,86.99233333333333,132.0,132.0,87.602,37.266,378.981,1272,0.09897278514482863,0.09389366553139904,0.07415225649473159,0.06907313688130201
I14_Intermittent_Hybrid,1328,O_ALL,INTERMITTENT,BOTH,0.25869969890333055,0.0,0.0,0.0,1.0,4.0,1.0,0.3481666666666667,0,0,0,0,130.52766666666668,132.0,132.0,85.514,56.45066666666666,410.71733333333333,1368,-0.10414110178503552,0.09681087785362603,-0.10742477776436488,0.09352720187429668
I1_Memoryless_Linear,1329,T1,NONE,NONE,0.12219833569832411,1.0,0.0,0.0,0.0,0.0,0.0,0.0,0,0,0,0,58.0,58.0,58.0,71.11466666666666,20.179333333333332,344.5896666666667,1224,-0.008816607829547001,-0.0010016027682051333,-0.008816607829547001,-0.0010016027682051333
I1_Memoryless_Linear,1329,T1R,NONE,NONE,0.12219833569832411,1.0,0.0,0.0,0.0,0.0,0.0,0.0,0,0,0,0,58.0,58.0,58.0,71.11466666666666,20.179333333333332,344.5896666666667,1224,-0.008816607829547001,-0.0010016027682051333,-0.008816607829547001,-0.0010016027682051333
I1_Memoryless_Linear,1329,T2,NONE,NONE,0.12219833569832411,1.0,0.0,0.0,0.0,0.0,0.0,0.0,0,0,0,0,58.0,58.0,58.0,71.11466666666666,20.179333333333332,344.5896666666667,1224,-0.008816607829547001,-0.0010016027682051333,-0.008816607829547001,-0.0010016027682051333
I1_Memoryless_Linear,1329,T3,NONE,NONE,0.12219833569832411,1.0,0.0,0.0,0.0,0.0,0.0,0.0,0,0,0,0,58.0,58.0,58.0,71.11466666666666,20.179333333333332,344.5896666666667,1224,-0.008816607829547001,-0.0010016027682051333,-0.008816607829547001,-0.0010016027682051333
I1_Memoryless_Linear,1329,O_ALL,NONE,BOTH,0.14439635698670952,0.0,0.0,0.0,1.0,3.6334,1.0,0.8925,0,0,0,0,122.85766666666666,132.0,132.0,68.87066666666666,42.041333333333334,403.5126666666667,1336,-0.031170700698271474,-0.0003181530623073915,-0.031170428049208544,-0.00031788041324446077
I2_Static_Nonlinear_Negative_Control,1329,T1,NONE,BOTH,1.3320779827408122,0.0,0.2602,0.0,0.7398,3.9682,0.7398,0.036166666666666666,4,1,0,0,114.16866666666667,132.0,132.0,86.944,54.68866666666667,391.42833333333334,1384,-0.2013765852197192,0.38210483188326894,-0.2066080892796634,0.3768733278233248
I2_Static_Nonlinear_Negative_Control,1329,T1R,NONE,BOTH,1.3125077379269778,0.0776,0.1826,0.0,0.7398,3.6588,0.7398,0.0805,4,1,0,0,109.43866666666666,132.0,132.0,87.221,51.522666666666666,389.8453333333333,1384,-0.1400189432591202,0.22314342982289953,-0.15409135333818175,0.20907101974383802
I2_Static_Nonlinear_Negative_Control,1329,T2,NONE,BOTH,1.295344072336781,0.0,0.2602,0.0,0.7398,3.9224,0.7398,0.5228333333333334,4,1,0,0,113.82866666666666,132.0,132.0,86.67066666666666,54.282,391.225,1384,-0.18332464290776598,-0.0056698583288509454,-0.1838065552531176,-0.006151770674202577
I2_Static_Nonlinear_Negative_Control,1329,T3,NONE,NONE,1.092640003971797,0.9448,0.0364,0.018,0.0008,0.0392,0.0188,0.0,13,2,13,2,58.876,58.0,102.0,88.678,30.423333333333332,350.46366666666665,1272,-0.05707986920518471,-0.007020363211226095,-0.0547861371415857,-0.004726631147627088
I2_Static_Nonlinear_Negative_Control,1329,O_ALL,NONE,BOTH,1.3009085770629634,0.0,0.0,0.0,1.0,4.0,1.0,0.8683333333333333,0,0,0,0,131.216,132.0,132.0,86.26733333333334,57.376,411.18,1368,-0.23714406260799772,-0.0026177552955649118,-0.24255933102774863,-0.008033023715315793
I3_Single_Exact_Delay,1329,T1,LAG,LAG,0.55930200120413,0.0,1.0,0.0,0.0,4.0,0.0,0.0,4,0,0,0,95.27333333333333,98.0,98.0,87.12666666666667,56.31733333333333,362.65866666666665,1336,-0.24492169840767986,-0.002810813637342044,-0.24480323637239584,-0.0026923516020579664
I3_Single_Exact_Delay,1329,T1R,LAG,LAG,0.5541307346045959,0.0,1.0,0.0,0.0,3.9834,0.0,0.0,4,0,0,0,94.22666666666667,98.0,98.0,87.01933333333334,55.428,362.214,1336,-0.20804690732346745,-0.002810792716753023,-0.20792843540117342,-0.0026923207944589776
I3_Single_Exact_Delay,1329,T2,LAG,LAG,0.5505014766284367,0.0,1.0,0.0,0.0,4.0,0.0,0.0,4,0,0,0,95.27333333333333,98.0,98.0,86.90466666666667,56.212,362.606,1336,-0.2364896498130548,-0.0027825675388055936,-0.236319993440032,-0.0026129111657828066
I3_Single_Exact_Delay,1329,T3,LAG,NONE,0.2893647312710872,0.5008,0.4992,0.0,0.0,1.8026,0.0,0.0,12,0,8,0,73.20833333333333,98.0,98.0,88.14466666666667,40.836666666666666,354.91833333333335,1336,0.27587605434678136,-0.0027825675388055936,0.2761649409629548,-0.0024936809226321502
I3_Single_Exact_Delay,1329,O_ALL,LAG,BOTH,0.5420162605581402,0.0,0.0,0.0,1.0,4.0,1.0,0.984,0,0,0,0,131.63433333333333,132.0,132.0,86.692,57.91466666666667,411.44933333333336,1384,-0.19698127458681758,-0.001808543114353292,-0.1967450364833512,-0.0015723050108869092
I4_Multi_Sparse_Delay,1329,T1,LAG,BOTH,0.7377276740733298,0.0,0.0,0.0,1.0,4.0,1.0,0.2818333333333333,4,1,0,0,130.83266666666665,132.0,132.0,87.112,57.78066666666667,410.90233333333333,1384,-0.3215962158471696,0.0782106094361587,-0.32658393799733965,0.07322288728598861
I4_Multi_Sparse_Delay,1329,T1R,LAG,BOTH,0.7334062106239074,0.0,0.0,0.0,1.0,4.0,1.0,0.20183333333333334,4,1,0,0,130.98333333333332,132.0,132.0,87.141,57.818,411.089,1384,-0.3016688098047142,0.07883238376510573,-0.287920821647768,0.09258037192205198
I4_Multi_Sparse_Delay,1329,T2,LAG,BOTH,0.7333512587267289,0.0,0.0,0.0,1.0,4.0,1.0,0.4925,4,1,0,0,130.88333333333333,132.0,132.0,87.127,57.73133333333333,411.04566666666665,1384,-0.303304054516702,0.021359527437606295,-0.2910185551211001,0.03364502683320822
I4_Multi_Sparse_Delay,1329,T3,LAG,LAG,0.5437054103582497,0.2754,0.5156,0.12,0.089,2.1968,0.209,0.0,44,15,44,15,86.36766666666666,132.0,132.0,87.99533333333333,44.47866666666667,367.97133333333335,1272,0.19227947922124491,0.014891347177596253,0.17378997232739032,-0.0035981597162583335
I4_Multi_Sparse_Delay,1329,O_ALL,LAG,BOTH,0.7333524473241989,0.0,0.0,0.0,1.0,4.0,1.0,0.49883333333333335,0,0,0,0,131.461,132.0,132.0,86.94333333333333,57.903333333333336,411.4436666666667,1384,-0.308723420026301,0.021351863057295237,-0.2961933977762134,0.03388188530738281
I5_Moving_Delay_Support,1329,T1,LAG,LAG,0.561924131910564,0.0,1.0,0.0,0.0,3.9706,0.0,0.0,4,0,0,0,94.51333333333334,98.0,98.0,87.027,55.606,362.303,1336,-0.21025742418112295,-0.004330258440742617,-0.21024684818449535,-0.004319682444115032
I5_Moving_Delay_Support,1329,T1R,LAG,LAG,0.5456466905592775,0.0,1.0,0.0,0.0,3.7372,0.0,0.0,4,0,0,0,91.06333333333333,98.0,98.0,86.95166666666667,52.88666666666666,360.9433333333333,1336,-0.15566616356054272,-0.004353893121153473,-0.1556556693186222,-0.0043433988792329625
I5_Moving_Delay_Support,1329,T2,LAG,LAG,0.38011840603668345,0.0,1.0,0.0,0.0,4.0,0.0,0.0,4,0,0,0,95.77166666666666,98.0,98.0,86.69766666666666,56.448,362.724,1320,0.18960940767766704,-0.004353893121153473,0.1896199836742946,-0.004343317124525888
I5_Moving_Delay_Support,1329,T3,LAG,NONE,0.3896433405387762,0.7678,0.2322,0.0,0.0,0.78,0.0,0.0,18,0,18,0,64.66666666666667,98.0,98.0,88.60133333333333,34.931333333333335,351.96566666666666,1272,0.07245570366936184,-0.004353893121153473,0.07246619791128235,-0.0043433988792329625
I5_Moving_Delay_Support,1329,O_ALL,LAG,BOTH,0.5425621989648074,0.0,0.0,0.0,1.0,4.0,1.0,0.9823333333333333,0,0,0,0,131.601,132.0,132.0,86.40333333333334,57.746,411.365,1384,-0.24823835341997552,-0.005353463218265794,-0.24909578761399512,-0.006210897412285404
I6_Continuous_Latent_State,1329,T1,RECURRENT,BOTH,0.11428277979119948,0.0,0.0,0.0,1.0,4.0,1.0,0.0,4,1,0,0,130.63,132.0,132.0,86.07766666666667,57.095333333333336,410.56766666666664,1384,-0.037783075484015056,0.5287294059518746,-0.04897688492086011,0.5175355965150295
I6_Continuous_Latent_State,1329,T1R,RECURRENT,BOTH,0.11477996047142638,0.0,0.0,0.0,1.0,4.0,1.0,0.0,4,1,0,0,130.28333333333333,132.0,132.0,86.26466666666667,56.82266666666667,410.59133333333335,1384,-0.03957013252069359,0.5339525278253718,-0.05065641942065071,0.5228662409254147
I6_Continuous_Latent_State,1329,T2,RECURRENT,BOTH,0.16925251325344431,0.0,0.0,0.0,1.0,4.0,1.0,0.00016666666666666666,4,1,0,0,130.06833333333333,132.0,132.0,85.899,56.468,410.414,1384,-0.05427086544210152,0.32800672464622893,-0.05823072001615872,0.3240468700721717
I6_Continuous_Latent_State,1329,T3,RECURRENT,RECURRENT,0.1386256849438036,0.0,0.0,0.9998,0.0002,0.0002,1.0,0.0,3,1,3,0,91.755,92.0,102.0,88.32866666666666,30.094666666666665,397.14733333333334,1320,-0.037838969791748056,0.32723551072994006,-0.03329221559669433,0.33178226492499374
I6_Continuous_Latent_State,1329,O_ALL,RECURRENT,BOTH,0.16796679870926132,0.0,0.0,0.0,1.0,4.0,1.0,0.0,0,0,0,0,130.931,132.0,132.0,85.23333333333333,56.632,410.808,1384,-0.06945344016403943,0.3287840978399301,-0.05857443838582989,0.33966309961813973
I7_Quiescent_Continuous_State,1329,T1,RECURRENT,BOTH,0.13601297756261788,0.0,0.0,0.0,1.0,4.0,1.0,0.304,4,1,0,0,130.63,132.0,132.0,82.68566666666666,55.406,409.723,1384,-0.04992016573423455,0.35647752568584257,-0.05582676259353651,0.3505709288265407
I7_Quiescent_Continuous_State,1329,T1R,RECURRENT,BOTH,0.13748485446713,0.0,0.0,0.0,1.0,4.0,1.0,0.30433333333333334,4,1,0,0,130.28333333333333,132.0,132.0,82.248,54.821333333333335,409.59066666666666,1384,-0.057596112239000484,0.35630959712568283,-0.060041159982423625,0.35386454938225964
I7_Quiescent_Continuous_State,1329,T2,RECURRENT,BOTH,0.15697150778926658,0.0,0.0,0.0,1.0,4.0,1.0,0.31283333333333335,4,1,0,0,130.06833333333333,132.0,132.0,81.96566666666666,54.50866666666667,409.4343333333333,1384,-0.04597139789638284,0.21544123215031316,-0.04504614980095074,0.21636648024574523
I7_Quiescent_Continuous_State,1329,T3,RECURRENT,RECURRENT,0.11980192388623905,0.3722,0.0,0.6278,0.0,0.0,0.6278,0.0,2,2,2,1,81.20766666666667,92.0,102.0,84.50266666666667,27.972,381.198,1320,-0.020259062341142043,0.21399998698897663,-0.025140666833165095,0.2091183824969536
I7_Quiescent_Continuous_State,1329,O_ALL,RECURRENT,BOTH,0.15887954724163839,0.0,0.0,0.0,1.0,4.0,1.0,0.31266666666666665,0,0,0,0,130.931,132.0,132.0,82.03533333333333,55.04,410.012,1384,-0.057458560852217566,0.21693219325230287,-0.05923279242716489,0.21515796167735554
I8_Quiescent_Discrete_Delay,1329,T1,LAG,LAG,0.5966774519412333,0.0,1.0,0.0,0.0,4.0,0.0,0.0,4,0,0,0,95.27333333333333,98.0,98.0,85.762,55.64266666666666,362.3213333333333,1336,-0.3095205638483243,-0.002810813637342044,-0.30940210181304023,-0.0026923516020579664
I8_Quiescent_Discrete_Delay,1329,T1R,LAG,LAG,0.5897708379418448,0.0,1.0,0.0,0.0,3.9834,0.0,0.0,4,0,0,0,94.22666666666667,98.0,98.0,85.64933333333333,54.74933333333333,361.87466666666666,1336,-0.27173588604705734,-0.0027658664336042845,-0.2717708944426322,-0.0028008748291791165
I8_Quiescent_Discrete_Delay,1329,T2,LAG,LAG,0.5722828361471578,0.0,1.0,0.0,0.0,4.0,0.0,0.0,4,0,0,0,95.27333333333333,98.0,98.0,86.43733333333333,55.97666666666667,362.48833333333334,1336,-0.2881375308258848,-0.0027825675388055936,-0.287967874452862,-0.0026129111657828066
I8_Quiescent_Discrete_Delay,1329,T3,LAG,NONE,0.25011970344976386,0.6706,0.3294,0.0,0.0,1.0514,0.0,0.0,8,0,4,0,66.94833333333334,98.0,98.0,87.80633333333333,36.10333333333333,352.5516666666667,1336,0.191654731568124,-0.0027825675388055936,0.19194361818429742,-0.0024936809226321502
I8_Quiescent_Discrete_Delay,1329,O_ALL,LAG,BOTH,0.5555777149198554,0.0,0.0,0.0,1.0,4.0,1.0,0.9848333333333333,0,0,0,0,131.63433333333333,132.0,132.0,85.33266666666667,57.24066666666667,411.1123333333333,1384,-0.23767188530564298,-0.0018092784829937332,-0.23743426455756445,-0.001571657734915219
I9_Hybrid_Delay_Plus_Latent_State,1329,T1,BOTH,BOTH,0.34994645376598793,0.0,0.0,0.0,1.0,4.0,1.0,0.0011666666666666668,4,1,0,0,127.55166666666666,132.0,132.0,86.72166666666666,55.01733333333333,409.52866666666665,1384,-0.14600280925457354,0.21629119109008466,-0.1338805276498698,0.2284134726947884
I9_Hybrid_Delay_Plus_Latent_State,1329,T1R,BOTH,BOTH,0.10051355380005711,0.0,0.0,0.0,1.0,4.0,1.0,0.0,4,1,0,0,127.14,132.0,132.0,86.592,54.571333333333335,409.46566666666666,1384,0.33083453606384117,0.2270237656358652,0.3597102538684633,0.25589948344048746
I9_Hybrid_Delay_Plus_Latent_State,1329,T2,BOTH,BOTH,0.3758449331970543,0.0,0.0,0.0,1.0,4.0,1.0,0.0545,4,1,0,0,129.395,132.0,132.0,86.59533333333333,56.327333333333335,410.34366666666665,1368,-0.14575237475688219,0.10940563355010074,-0.14728217058853024,0.10787583771845273
I9_Hybrid_Delay_Plus_Latent_State,1329,T3,BOTH,BOTH,0.19244178641934132,0.0704,0.1202,0.0888,0.7206,3.1746,0.8094,0.0,7,14,3,13,111.55866666666667,132.0,132.0,87.14366666666666,48.468,396.998,1384,0.2398744249951803,0.11435105677241912,0.24849680985808784,0.12297344163532661
I9_Hybrid_Delay_Plus_Latent_State,1329,O_ALL,BOTH,BOTH,0.37019134916074165,0.0,0.0,0.0,1.0,4.0,1.0,0.09516666666666666,0,0,0,0,130.896,132.0,132.0,86.03933333333333,56.99733333333333,410.99066666666664,1384,-0.1433893532651304,0.11841957918107866,-0.15964030939736343,0.10216862304884562
I10_Redundant_Temporal_Structure,1329,T1,REDUNDANT,BOTH,0.29230483489901377,0.0,0.0,0.0,1.0,4.0,1.0,0.0,4,1,0,0,129.49833333333333,132.0,132.0,87.36033333333333,56.904,410.472,1384,-0.1411907751552776,2.372463735627167,-0.155509837841845,2.358144672940599
I10_Redundant_Temporal_Structure,1329,T1R,REDUNDANT,BOTH,0.29116050465192017,0.0,0.0,0.0,1.0,4.0,1.0,0.0,4,1,0,0,129.565,132.0,132.0,87.41,56.916666666666664,410.6383333333333,1384,-0.15262785617548388,2.422080418511884,-0.1605280859580556,2.414180188729312
I10_Redundant_Temporal_Structure,1329,T2,REDUNDANT,BOTH,0.5038088436884646,0.0,0.0,0.0,1.0,4.0,1.0,0.0,4,1,0,0,129.86166666666668,132.0,132.0,87.15733333333333,56.934666666666665,410.64733333333334,1384,-0.14705317702735188,0.3848153402871732,-0.09889363579388587,0.4329748815206392
I10_Redundant_Temporal_Structure,1329,T3,REDUNDANT,RECURRENT,0.44464522300756554,0.0,0.0106,0.9148,0.0746,0.2172,0.9894,0.0,32,7,32,6,94.89466666666667,132.0,132.0,89.07066666666667,32.89333333333333,398.12266666666665,1320,0.009318706167512809,0.3745796767832492,-0.032923808586575766,0.33233716202916064
I10_Redundant_Temporal_Structure,1329,O_ALL,REDUNDANT,BOTH,0.5486070306370977,0.0,0.0,0.0,1.0,4.0,1.0,0.0,0,0,0,0,131.71766666666667,132.0,132.0,87.03933333333333,58.154,411.569,1384,-0.23685078086932365,0.37888232632670593,-0.21662017648479462,0.399112930711235
I11_Regime_Switch_Delay_To_Latent,1329,T1,SWITCH_DELAY_TO_LATENT,LAG,0.2812128615676841,0.0,0.588,0.0,0.412,3.4502,0.412,0.0,4,1,0,0,98.61266666666667,132.0,132.0,86.80466666666666,49.85666666666667,375.9003333333333,1384,-0.0751495038896302,0.13288576836903945,-0.0830488918887378,0.12498638036993186
I11_Regime_Switch_Delay_To_Latent,1329,T1R,SWITCH_DELAY_TO_LATENT,LAG,0.2497980879412143,0.0,0.5402,0.0,0.4598,2.7804,0.4598,0.0,4,1,0,0,94.38533333333334,132.0,132.0,86.606,45.306666666666665,375.5373333333333,1384,-0.023425646448840577,0.15155047793896265,-0.03331365306505827,0.14166247132274498
I11_Regime_Switch_Delay_To_Latent,1329,T2,SWITCH_DELAY_TO_LATENT,LAG,0.27887568178345273,0.0,0.5402,0.0,0.4598,3.3758,0.4598,0.0033333333333333335,4,1,0,0,99.347,132.0,132.0,86.53,49.224666666666664,377.4963333333333,1384,-0.06223986533208148,0.07636820494134783,-0.0739676582598801,0.06464041201354918
I11_Regime_Switch_Delay_To_Latent,1329,T3,SWITCH_DELAY_TO_LATENT,NONE,0.2459621965616999,0.4896,0.0508,0.459,0.0006,0.1608,0.4596,0.0,14,1,14,0,72.363,92.0,102.0,88.28533333333333,31.018,368.385,1320,-0.019993353294843422,0.0760671796036957,-0.01849555279356671,0.07756498010497241
I11_Regime_Switch_Delay_To_Latent,1329,O_ALL,SWITCH_DELAY_TO_LATENT,BOTH,0.3028058287343098,0.0,0.0,0.0,1.0,4.0,1.0,0.5778333333333333,0,0,0,0,130.75266666666667,132.0,132.0,85.66333333333333,56.705333333333336,410.8446666666667,1384,-0.12154712164313347,0.07993197577570603,-0.123276912597205,0.07820218482163453
I12_Regime_Switch_Latent_To_Delay,1329,T1,SWITCH_LATENT_TO_DELAY,BOTH,0.33162211258002794,0.0,0.0,0.0,1.0,3.978,1.0,0.486,4,1,0,0,128.94666666666666,132.0,132.0,86.23833333333333,55.83533333333333,409.93766666666664,1384,-0.08179514231450384,0.22534795546060327,-0.08502916216743313,0.22211393560767395
I12_Regime_Switch_Latent_To_Delay,1329,T1R,SWITCH_LATENT_TO_DELAY,BOTH,0.33004217537453445,0.0,0.0,0.0,1.0,4.0,1.0,0.48233333333333334,4,1,0,0,129.23166666666665,132.0,132.0,86.07933333333334,55.89266666666666,410.1263333333333,1384,-0.07373969896638971,0.2263431728926471,-0.0809090909732916,0.21917378088574527
I12_Regime_Switch_Latent_To_Delay,1329,T2,SWITCH_LATENT_TO_DELAY,BOTH,0.3434784449905605,0.0,0.0,0.0,1.0,4.0,1.0,0.49516666666666664,4,1,0,0,128.9,132.0,132.0,85.84966666666666,55.514,409.937,1384,-0.08881711341983041,0.12866193293088496,-0.10762589007889169,0.10985315627182364
I12_Regime_Switch_Latent_To_Delay,1329,T3,SWITCH_LATENT_TO_DELAY,NONE,0.25748033451745467,0.4446,0.1498,0.4054,0.0002,0.3022,0.4056,0.0,20,1,16,1,77.411,92.0,102.0,88.18666666666667,31.662666666666667,374.16333333333336,1336,0.03434898387085575,0.1313009221738395,0.03119604732393108,0.12814798562691485
I12_Regime_Switch_Latent_To_Delay,1329,O_ALL,SWITCH_LATENT_TO_DELAY,BOTH,0.34731715291526144,0.0,0.0,0.0,1.0,4.0,1.0,0.49283333333333335,0,0,0,0,131.02933333333334,132.0,132.0,85.318,56.75333333333333,410.8686666666667,1384,-0.11172866759319446,0.13218427654357004,-0.1100280455236205,0.13388489861314395
I13_Regime_Switch_Hybrid_To_Memoryless,1329,T1,SWITCH_HYBRID_TO_NONE,BOTH,0.2491233769528339,0.0,0.0,0.0,1.0,4.0,1.0,0.49166666666666664,4,1,0,0,127.55166666666666,132.0,132.0,86.04766666666667,54.68666666666667,409.36333333333334,1384,-0.10162098094089925,0.11477605238326868,-0.10609588634884776,0.11030114697532019
I13_Regime_Switch_Hybrid_To_Memoryless,1329,T1R,SWITCH_HYBRID_TO_NONE,BOTH,0.11342298215379644,0.0,0.0,0.0,1.0,3.5956,1.0,0.4645,4,1,2,0,123.77333333333333,132.0,132.0,85.79666666666667,51.49,407.925,1336,0.11390860127174764,0.12143584943581615,0.12211510744878512,0.12964235561285367
I13_Regime_Switch_Hybrid_To_Memoryless,1329,T2,SWITCH_HYBRID_TO_NONE,BOTH,0.2600911006663591,0.0,0.0,0.0,1.0,4.0,1.0,0.5211666666666667,4,1,0,0,129.395,132.0,132.0,85.268,55.672,410.016,1368,-0.10320804687229684,0.06893838051663032,-0.10838478833641908,0.06376163905250806
I13_Regime_Switch_Hybrid_To_Memoryless,1329,T3,SWITCH_HYBRID_TO_NONE,NONE,0.17879929703686137,0.656,0.0628,0.0888,0.1924,0.8322,0.2812,0.0,7,10,7,10,77.08533333333334,132.0,132.0,87.744,34.67133333333334,368.9796666666667,1272,0.022992953607864196,0.05884048712801318,0.020004411486495538,0.05585194500664451
I13_Regime_Switch_Hybrid_To_Memoryless,1329,O_ALL,SWITCH_HYBRID_TO_NONE,BOTH,0.2571601222639079,0.0,0.0,0.0,1.0,4.0,1.0,0.5425,0,0,0,0,130.896,132.0,132.0,84.37533333333333,56.174,410.579,1368,-0.11176526903420685,0.07157832368604666,-0.11154937195396508,0.07179422076628843
I14_Intermittent_Hybrid,1329,T1,INTERMITTENT,BOTH,0.24540436992923734,0.0,0.0,0.0,1.0,3.821,1.0,0.23233333333333334,4,1,0,0,120.18766666666667,132.0,132.0,86.702,52.74,402.102,1368,-0.08227508438787019,0.2075494504021952,-0.07992089680254244,0.20990363798752293
I14_Intermittent_Hybrid,1329,T1R,INTERMITTENT,BOTH,0.2384698963505299,0.0,0.0,0.0,1.0,3.3986,1.0,0.23183333333333334,4,1,0,0,116.89833333333333,132.0,132.0,86.61566666666667,49.88933333333333,401.00466666666665,1352,-0.06010368359656134,0.19948905919587395,-0.07000963440043935,0.18958310839199594
I14_Intermittent_Hybrid,1329,T2,INTERMITTENT,BOTH,0.27587830700441807,0.0,0.0,0.0,1.0,3.8764,1.0,0.253,4,1,0,0,120.88166666666666,132.0,132.0,86.55866666666667,53.036,402.578,1352,-0.06037399405995036,0.11458329445039751,-0.07771431043670637,0.0972429780736415
I14_Intermittent_Hybrid,1329,T3,INTERMITTENT,RECURRENT,0.20615935630371351,0.3678,0.0112,0.4726,0.1484,0.4286,0.621,0.0,9,4,9,4,79.891,122.0,132.0,88.318,32.55,376.607,1240,0.032120056718236804,0.1142784726944096,0.0016007830196776021,0.0837591989958504
I14_Intermittent_Hybrid,1329,O_ALL,INTERMITTENT,BOTH,0.27855783321374555,0.0,0.0,0.0,1.0,4.0,1.0,0.35583333333333333,0,0,0,0,131.19266666666667,132.0,132.0,85.65266666666666,57.04866666666667,411.0163333333333,1352,-0.14248682009614608,0.12069363243023365,-0.145594303967886,0.11758614855849374
I1_Memoryless_Linear,1330,T1,NONE,NONE,0.11590681507327288,1.0,0.0,0.0,0.0,0.0,0.0,0.0,0,0,0,0,58.0,58.0,58.0,73.051,21.25,345.125,1240,-0.004997140289600101,-0.0011344407158901516,-0.004997140289600101,-0.0011344407158901516
I1_Memoryless_Linear,1330,T1R,NONE,RECURRENT,0.11616730414898593,0.0,0.0,1.0,0.0,0.0,1.0,0.0,0,1,0,0,91.77333333333333,92.0,92.0,74.62233333333333,22.148,393.254,1304,-0.006463384998706243,0.007486327807307132,-0.0067296151739833785,0.007220097632029997
I1_Memoryless_Linear,1330,T2,NONE,RECURRENT,0.11594648487811443,0.0,0.0,1.0,0.0,0.0,1.0,0.0,0,1,0,0,91.77333333333333,92.0,92.0,73.051,21.25,392.805,1288,-0.004997140289600101,-0.0010475116758574803,-0.004994651467553782,-0.0010450228538111618
I1_Memoryless_Linear,1330,T3,NONE,NONE,0.11590681507327288,1.0,0.0,0.0,0.0,0.0,0.0,0.0,0,0,0,0,58.0,58.0,58.0,73.051,21.25,345.125,1240,-0.004997140289600101,-0.0011344407158901516,-0.004997140289600101,-0.0011344407158901516
I1_Memoryless_Linear,1330,O_ALL,NONE,BOTH,0.13677604104118446,0.0,0.0,0.0788,0.9212,3.3152,1.0,0.7675,0,0,0,0,119.61433333333333,132.0,132.0,67.94333333333333,38.992666666666665,401.98833333333334,1352,-0.02594710363259761,-0.0007999638778371172,-0.0259453753908137,-0.0007982356360532071
I2_Static_Nonlinear_Negative_Control,1330,T1,NONE,BOTH,1.191589899008645,0.0,0.282,0.0,0.718,3.7678,0.718,0.22533333333333333,4,1,0,0,110.97433333333333,132.0,132.0,86.78566666666667,52.48466666666667,389.45433333333335,1384,-0.12605493197707301,0.05330490692750887,-0.11336647450577435,0.06599336439880756
I2_Static_Nonlinear_Negative_Control,1330,T1R,NONE,BOTH,1.1979835274895956,0.0,0.0,0.162,0.838,3.0476,1.0,0.071,4,1,0,0,113.939,132.0,132.0,87.47733333333333,47.82933333333333,401.54266666666666,1384,-0.1651462825879251,0.7861764029956858,-0.11492799614116293,0.8363946894424479
I2_Static_Nonlinear_Negative_Control,1330,T2,NONE,BOTH,1.2444014240387888,0.0,0.0,0.0,1.0,4.0,1.0,0.7575,4,1,0,0,125.51066666666667,132.0,132.0,86.79766666666667,55.94,405.598,1384,-0.16846447572546866,-0.004129907382689639,-0.16922205003352123,-0.004887481690742205
I2_Static_Nonlinear_Negative_Control,1330,T3,NONE,NONE,0.987751478828214,0.5488,0.0058,0.4362,0.0092,0.0168,0.4454,0.0,9,10,9,9,70.859,92.0,112.0,88.818,30.430666666666667,367.6433333333333,1320,-0.0552883492284405,0.04849035305976147,-0.05251294377464548,0.0512657585135565
I2_Static_Nonlinear_Negative_Control,1330,O_ALL,NONE,BOTH,1.2091623889777747,0.0,0.0,0.0,1.0,4.0,1.0,0.652,0,0,0,0,131.40933333333334,132.0,132.0,85.95,57.372,411.178,1384,-0.17701146766772263,0.03885034531104393,-0.17875378495231242,0.03710802802645412
I3_Single_Exact_Delay,1330,T1,LAG,BOTH,0.09266788706052251,0.0,0.0,0.0,1.0,3.8026,1.0,0.046,6,1,3,0,127.49666666666667,132.0,132.0,82.61266666666667,52.91133333333333,408.47566666666665,1368,0.6323510649047731,0.0013383324083922716,0.6332086747401345,0.002195942243753646
I3_Single_Exact_Delay,1330,T1R,LAG,BOTH,0.08713020762998056,0.0,0.0,0.0,1.0,2.6206,1.0,0.0,5,1,1,0,114.39166666666667,132.0,132.0,86.95866666666667,44.72866666666667,404.5443333333333,1384,0.6429069724523153,0.004285687838175151,0.6430153714094278,0.004394086795287712
I3_Single_Exact_Delay,1330,T2,LAG,BOTH,0.5244288425096636,0.0,0.0,0.0,1.0,4.0,1.0,0.9475,4,1,0,0,128.705,132.0,132.0,87.04,56.05133333333333,410.2056666666667,1384,-0.19011159669419883,-0.002165103415477654,-0.18960316067003513,-0.0016566673913139508
I3_Single_Exact_Delay,1330,T3,LAG,LAG,0.17569591672694965,0.1756,0.8244,0.0,0.0,3.1062,0.0,0.0,11,1,7,1,85.34433333333334,98.0,98.0,87.412,48.278,360.591,1336,0.4597924623039313,-0.0031375724648433283,0.46037164721303353,-0.002558387555741025
I3_Single_Exact_Delay,1330,O_ALL,LAG,BOTH,0.5250746996791666,0.0,0.0,0.0,1.0,4.0,1.0,0.9676666666666667,0,0,0,0,131.46433333333334,132.0,132.0,86.772,57.814,411.399,1384,-0.20013911972354018,-0.0021659831073749386,-0.2006725667158279,-0.0026994300996626753
I4_Multi_Sparse_Delay,1330,T1,LAG,BOTH,0.7221612818016802,0.0,0.0,0.0,1.0,4.0,1.0,0.17183333333333334,4,1,0,0,130.95,132.0,132.0,87.27366666666667,57.937333333333335,410.9886666666667,1384,-0.36384759214057,0.13106688202242148,-0.33952075223967026,0.15539372192332127
I4_Multi_Sparse_Delay,1330,T1R,LAG,BOTH,0.7320689503654376,0.0,0.0,0.0,1.0,4.0,1.0,0.159,4,1,0,0,130.35333333333332,132.0,132.0,87.19566666666667,57.372,410.866,1384,-0.38624802601012986,0.1388591186526743,-0.3748907629489038,0.15021638171390045
I4_Multi_Sparse_Delay,1330,T2,LAG,BOTH,0.7356027897307081,0.0,0.0,0.0,1.0,4.0,1.0,0.38266666666666665,4,1,0,0,130.54666666666665,132.0,132.0,87.213,57.494,410.927,1384,-0.36679415210288807,0.054865520998183426,-0.3428934961196907,0.07876617698138079
I4_Multi_Sparse_Delay,1330,T3,LAG,LAG,0.4340175097964888,0.181,0.6888,0.0656,0.0646,2.8856,0.1302,0.0,22,22,18,22,88.19866666666667,122.0,132.0,87.92466666666667,47.20133333333333,366.76466666666664,1336,0.4296124944153339,0.04123386836777036,0.4254787565839843,0.03710013053642072
I4_Multi_Sparse_Delay,1330,O_ALL,LAG,BOTH,0.7314431384211633,0.0,0.0,0.0,1.0,4.0,1.0,0.4046666666666667,0,0,0,0,131.71933333333334,132.0,132.0,86.944,58.10733333333334,411.54566666666665,1384,-0.34810784598138333,0.05519213777005689,-0.3327939618154612,0.07050602193597894
I5_Moving_Delay_Support,1330,T1,LAG,BOTH,0.537806086224098,0.0,0.0,0.0,1.0,4.0,1.0,0.953,4,1,0,0,130.02166666666668,132.0,132.0,86.92566666666667,57.071333333333335,410.55566666666664,1384,-0.18544668519917504,-0.005624185641917333,-0.1843899519647619,-0.004567452407504239
I5_Moving_Delay_Support,1330,T1R,LAG,BOTH,0.5450922650444834,0.0,0.0,0.0,1.0,4.0,1.0,0.9361666666666667,4,1,0,0,127.44166666666666,132.0,132.0,87.038,55.06,409.71,1384,-0.23772497418940436,-0.004468408967646681,-0.23700331314972384,-0.0037467479279661275
I5_Moving_Delay_Support,1330,T2,LAG,BOTH,0.534000115623068,0.0,0.0,0.0,1.0,4.0,1.0,0.965,4,1,0,0,129.24666666666667,132.0,132.0,86.96566666666666,56.38466666666667,410.37233333333336,1384,-0.1908195792455032,-0.006355599357237923,-0.18987728092711276,-0.005413301038847453
I5_Moving_Delay_Support,1330,T3,LAG,LAG,0.19429444146955782,0.174,0.826,0.0,0.0,2.9588,0.0,0.0,15,1,11,1,84.098,98.0,98.0,87.43166666666667,47.29933333333334,360.08566666666667,1336,0.45293492091365417,-0.006252997953007239,0.45377846572764563,-0.005409453139015784
I5_Moving_Delay_Support,1330,O_ALL,LAG,BOTH,0.5296609399805284,0.0,0.0,0.0,1.0,4.0,1.0,0.9598333333333333,0,0,0,0,131.44933333333333,132.0,132.0,86.374,57.61,411.297,1384,-0.18963352264198197,-0.005979599576566807,-0.18869243906617428,-0.005038516000759102
I6_Continuous_Latent_State,1330,T1,RECURRENT,BOTH,0.09995904158444066,0.0,0.0,0.0,1.0,4.0,1.0,0.0,4,1,0,0,128.30333333333334,132.0,132.0,86.05366666666667,55.227333333333334,409.63366666666667,1384,-0.038212101869463076,0.5275919207096565,-0.0382494585735127,0.527554564005607
I6_Continuous_Latent_State,1330,T1R,RECURRENT,BOTH,0.09948094235657118,0.0,0.0,0.0,1.0,3.7112,1.0,0.0,4,1,0,0,123.65,132.0,132.0,86.37366666666667,51.86066666666667,408.11033333333336,1384,-0.030528801531478203,0.5168004645127328,-0.043450594730400936,0.50387867131381
I6_Continuous_Latent_State,1330,T2,RECURRENT,BOTH,0.16036405356177225,0.0,0.0,0.0,1.0,3.9122,1.0,0.0,4,1,0,0,126.06666666666666,132.0,132.0,86.06633333333333,53.35733333333334,408.8586666666667,1384,-0.08564236716653785,0.31419277507874777,-0.06808199581108818,0.33175314643419745
I6_Continuous_Latent_State,1330,T3,RECURRENT,RECURRENT,0.132801613142105,0.0,0.0,0.9992,0.0008,0.0008,1.0,0.0,2,1,2,0,91.725,92.0,102.0,88.33233333333334,30.092,397.146,1320,-0.032074738408332686,0.3152199557573303,-0.05096116878713126,0.2963335253785317
I6_Continuous_Latent_State,1330,O_ALL,RECURRENT,BOTH,0.16192115854821498,0.0,0.0,0.0,1.0,4.0,1.0,0.0,0,0,0,0,130.786,132.0,132.0,85.282,56.54066666666667,410.76233333333334,1384,-0.08345192620986375,0.316157680203288,-0.07972313756398228,0.31988646884916944
I7_Quiescent_Continuous_State,1330,T1,RECURRENT,BOTH,0.11454469548549742,0.0,0.0,0.0,1.0,4.0,1.0,0.29883333333333334,4,1,0,0,128.30333333333334,132.0,132.0,82.79766666666667,53.60466666666667,408.82233333333335,1384,-0.05946886022544072,0.38201592540839757,-0.04468168052473867,0.39680310510909955
I7_Quiescent_Continuous_State,1330,T1R,RECURRENT,BOTH,0.11650694708201233,0.0,0.0,0.0,1.0,3.7112,1.0,0.2995,4,1,0,0,123.65,132.0,132.0,83.25966666666666,50.308,407.334,1384,-0.05013860751535121,0.3732974606449058,-0.052193988794299456,0.3712420793659576
I7_Quiescent_Continuous_State,1330,T2,RECURRENT,BOTH,0.1681197188415285,0.0,0.0,0.0,1.0,3.9122,1.0,0.30516666666666664,4,1,0,0,126.06666666666666,132.0,132.0,83.48166666666667,52.071333333333335,408.21566666666666,1384,-0.07752483425022982,0.22294641034312376,-0.06524242525949689,0.23522881933385673
I7_Quiescent_Continuous_State,1330,T3,RECURRENT,RECURRENT,0.12674552303922412,0.3678,0.0,0.6322,0.0,0.0,0.6322,0.0,1,2,1,1,81.29733333333333,92.0,102.0,85.73066666666666,28.770666666666667,381.7733333333333,1320,-0.04390954830837877,0.22064569820220498,-0.051884592311569694,0.21267065419901404
I7_Quiescent_Continuous_State,1330,O_ALL,RECURRENT,BOTH,0.17270866270033838,0.0,0.0,0.0,1.0,4.0,1.0,0.31183333333333335,0,0,0,0,130.786,132.0,132.0,81.642,54.728,409.856,1384,-0.09677053479179666,0.2233065687413417,-0.0909916566239431,0.22908544690919522
I8_Quiescent_Discrete_Delay,1330,T1,LAG,BOTH,0.09611843711117586,0.0,0.0,0.0,1.0,4.0,1.0,0.3478333333333333,4,1,0,0,129.14,132.0,132.0,79.228,52.534666666666666,408.2873333333333,1384,0.38659108752349614,0.0013031974613873668,0.3872263992126859,0.001938509150577103
I8_Quiescent_Discrete_Delay,1330,T1R,LAG,BOTH,0.08898003187071271,0.0,0.0,0.0,1.0,2.2988,1.0,0.3016666666666667,4,1,0,0,111.71,132.0,132.0,85.108,41.668,403.014,1384,0.39225485530928583,0.003969040879151647,0.39204472132783974,0.0037589068977055095
I8_Quiescent_Discrete_Delay,1330,T2,LAG,BOTH,0.5394940955811635,0.0,0.0,0.0,1.0,4.0,1.0,0.9471666666666667,4,1,0,0,128.705,132.0,132.0,86.00066666666666,55.541333333333334,409.9506666666667,1384,-0.19624264509567377,-0.0021650615417142913,-0.19573417699234602,-0.0016565934383865125
I8_Quiescent_Discrete_Delay,1330,T3,LAG,NONE,0.376379263588438,0.92,0.08,0.0,0.0,0.1484,0.0,0.0,10,1,10,1,60.702666666666666,78.0,92.0,87.446,30.396,351.65,1272,-0.022872346080075642,-0.0031375724648433283,-0.02229316117097334,-0.002558387555741025
I8_Quiescent_Discrete_Delay,1330,O_ALL,LAG,BOTH,0.5338705117173547,0.0,0.0,0.0,1.0,4.0,1.0,0.966,0,0,0,0,131.46433333333334,132.0,132.0,85.83933333333333,57.356,411.17,1384,-0.19932262661548356,-0.002165992790630792,-0.19985607297985103,-0.0026994391549982452
I9_Hybrid_Delay_Plus_Latent_State,1330,T1,BOTH,BOTH,0.3602457643864236,0.0,0.0,0.0,1.0,4.0,1.0,0.0015,4,1,0,0,128.89333333333335,132.0,132.0,87.146,56.276,410.158,1384,-0.15522682343520142,0.25120517796618186,-0.14802931751729193,0.25840268388409127
I9_Hybrid_Delay_Plus_Latent_State,1330,T1R,BOTH,BOTH,0.3624157332783269,0.0,0.0,0.0,1.0,4.0,1.0,0.004833333333333334,4,1,0,0,129.89833333333334,132.0,132.0,87.09066666666666,56.95933333333333,410.6596666666667,1384,-0.13125403838699917,0.2489515685754327,-0.1271502605629071,0.2530553463995248
I9_Hybrid_Delay_Plus_Latent_State,1330,T2,BOTH,BOTH,0.37587862649985726,0.0,0.0,0.0,1.0,4.0,1.0,0.07816666666666666,4,1,0,0,129.79833333333335,132.0,132.0,86.92066666666666,56.80133333333333,410.5806666666667,1384,-0.16015682142544935,0.11036423790773149,-0.15631459396673159,0.11420646536644924
I9_Hybrid_Delay_Plus_Latent_State,1330,T3,BOTH,RECURRENT,0.3249549045174396,0.1456,0.0016,0.844,0.0088,0.0112,0.8528,0.0,13,18,13,17,87.62066666666666,92.0,112.0,88.98966666666666,30.506,391.401,1320,-0.04182037966387055,0.0992668283655393,-0.04636270642146968,0.09472450160794016
I9_Hybrid_Delay_Plus_Latent_State,1330,O_ALL,BOTH,BOTH,0.3796777158346774,0.0,0.0,0.0,1.0,4.0,1.0,0.073,0,0,0,0,131.276,132.0,132.0,86.38466666666666,57.478,411.231,1384,-0.1577330310440847,0.11244462288832158,-0.16255952437798057,0.10761812955442565
I10_Redundant_Temporal_Structure,1330,T1,REDUNDANT,BOTH,0.2645295359268318,0.0,0.0,0.0,1.0,4.0,1.0,0.0,4,1,0,0,129.56833333333333,132.0,132.0,87.25566666666667,56.85333333333333,410.44666666666666,1384,-0.10049025769821877,3.205053966442843,-0.12883003045050226,3.176714193690559
I10_Redundant_Temporal_Structure,1330,T1R,REDUNDANT,BOTH,0.2596067837199082,0.0,0.0,0.0,1.0,4.0,1.0,0.0,4,1,0,0,129.48833333333334,132.0,132.0,87.25033333333333,56.696666666666665,410.5283333333333,1384,-0.04997947065267049,3.1382669446505376,-0.10884050833358595,3.079405906969622
I10_Redundant_Temporal_Structure,1330,T2,REDUNDANT,BOTH,0.5127939400442529,0.0,0.0,0.0,1.0,4.0,1.0,0.00016666666666666666,4,1,0,0,129.96,132.0,132.0,87.20166666666667,57.04266666666667,410.7013333333333,1384,-0.26671431392358225,0.49254853480327604,-0.23822457647085918,0.5210382722559992
I10_Redundant_Temporal_Structure,1330,T3,REDUNDANT,RECURRENT,0.419074952421484,0.001,0.0486,0.8328,0.1176,0.377,0.9504,0.0,22,20,22,19,93.453,122.0,132.0,88.98566666666666,32.51866666666667,396.37533333333334,1320,0.046630084743494664,0.49249377729689586,-0.017180877925336784,0.42868281462806446
I10_Redundant_Temporal_Structure,1330,O_ALL,REDUNDANT,BOTH,0.5098712557387484,0.0,0.0,0.0,1.0,4.0,1.0,0.0065,0,0,0,0,131.55433333333335,132.0,132.0,86.94466666666666,57.97266666666667,411.47833333333335,1384,-0.25024357198483616,0.5014140300573964,-0.2729909861178536,0.47866661592437887
I11_Regime_Switch_Delay_To_Latent,1330,T1,SWITCH_DELAY_TO_LATENT,BOTH,0.25874280809645545,0.0,0.4732,0.0,0.5268,3.9844,0.5268,0.0,4,1,0,0,108.827,132.0,132.0,86.27233333333334,54.86333333333334,382.9956666666667,1384,-0.09697123578083235,0.20837100751021653,-0.08809899306421319,0.21724325022683577
I11_Regime_Switch_Delay_To_Latent,1330,T1R,SWITCH_DELAY_TO_LATENT,BOTH,0.25525995975674526,0.0,0.0,0.0,1.0,3.7528,1.0,0.24483333333333332,4,1,0,0,124.036,132.0,132.0,86.442,52.046,408.195,1384,-0.08178757506979627,0.2348722965411598,-0.08194491749276277,0.23471495411819324
I11_Regime_Switch_Delay_To_Latent,1330,T2,SWITCH_DELAY_TO_LATENT,BOTH,0.28938334555565653,0.0,0.0,0.0,1.0,4.0,1.0,0.4776666666666667,4,1,0,0,128.371,132.0,132.0,86.22766666666666,55.39533333333333,409.86966666666666,1384,-0.1163630207002101,0.10510331475226457,-0.11148299650588472,0.10998333894658993
I11_Regime_Switch_Delay_To_Latent,1330,T3,SWITCH_DELAY_TO_LATENT,NONE,0.24335922327480494,0.4968,0.0078,0.4952,0.0002,0.008,0.4954,0.0,10,1,10,0,72.51733333333334,92.0,102.0,88.057,30.187333333333335,369.40166666666664,1320,-0.06296868615609295,0.10468469608206765,-0.06401638609449957,0.10363699614366101
I11_Regime_Switch_Delay_To_Latent,1330,O_ALL,SWITCH_DELAY_TO_LATENT,BOTH,0.2954889454811185,0.0,0.0,0.0,1.0,4.0,1.0,0.5571666666666667,0,0,0,0,130.676,132.0,132.0,85.61066666666666,56.61666666666667,410.80033333333336,1384,-0.1316800396930339,0.10182817512823633,-0.14154760562235785,0.09196060919891239
I12_Regime_Switch_Latent_To_Delay,1330,T1,SWITCH_LATENT_TO_DELAY,BOTH,0.3250121379218635,0.0,0.0,0.0,1.0,4.0,1.0,0.4856666666666667,4,1,0,0,128.595,132.0,132.0,86.02166666666666,55.44266666666667,409.74133333333333,1384,-0.135625656093342,0.19464800389587786,-0.13431564373848276,0.19595801625073714
I12_Regime_Switch_Latent_To_Delay,1330,T1R,SWITCH_LATENT_TO_DELAY,BOTH,0.32179215905599434,0.0,0.0,0.0,1.0,3.9288,1.0,0.4865,4,1,0,0,125.715,132.0,132.0,86.30366666666667,53.472,408.916,1384,-0.10535293059593547,0.1980329420192538,-0.10718283222622084,0.19620304038896846
I12_Regime_Switch_Latent_To_Delay,1330,T2,SWITCH_LATENT_TO_DELAY,BOTH,0.34005506672943736,0.0,0.0,0.0,1.0,3.7264,1.0,0.49333333333333335,4,1,0,0,124.38833333333334,132.0,132.0,85.679,51.82866666666666,408.09433333333334,1384,-0.11518369493359847,0.10579859030542468,-0.11375607974874742,0.10722620549027573
I12_Regime_Switch_Latent_To_Delay,1330,T3,SWITCH_LATENT_TO_DELAY,NONE,0.2810409891887045,0.5868,0.0094,0.4038,0.0,0.0094,0.4038,0.0,6,1,6,1,74.91,92.0,102.0,88.122,30.022666666666666,373.27133333333336,1272,-0.041531995672238614,0.10510453754530885,-0.043115069925254206,0.10352146329229328
I12_Regime_Switch_Latent_To_Delay,1330,O_ALL,SWITCH_LATENT_TO_DELAY,BOTH,0.34531783461499477,0.0,0.0,0.0,1.0,4.0,1.0,0.49,0,0,0,0,130.42766666666665,132.0,132.0,84.97333333333333,56.102666666666664,410.54333333333335,1368,-0.14353528480732675,0.10460560478054565,-0.14599625575387426,0.10214463383399812
I13_Regime_Switch_Hybrid_To_Memoryless,1330,T1,SWITCH_HYBRID_TO_NONE,BOTH,0.2574397279017042,0.0,0.0,0.0,1.0,4.0,1.0,0.4728333333333333,4,1,0,0,128.89333333333335,132.0,132.0,86.60266666666666,56.01133333333333,410.02566666666667,1384,-0.06623857283091676,0.12065608850082275,-0.07228755297201857,0.11460710835972093
I13_Regime_Switch_Hybrid_To_Memoryless,1330,T1R,SWITCH_HYBRID_TO_NONE,BOTH,0.25745605824839185,0.0,0.0,0.0,1.0,4.0,1.0,0.48633333333333334,4,1,0,0,129.89833333333334,132.0,132.0,86.43266666666666,56.63733333333333,410.4986666666667,1384,-0.06270209691089813,0.12743790705549232,-0.060120133658653666,0.13001987030773676
I13_Regime_Switch_Hybrid_To_Memoryless,1330,T2,SWITCH_HYBRID_TO_NONE,BOTH,0.2604295459556384,0.0,0.0,0.0,1.0,4.0,1.0,0.5358333333333334,4,1,0,0,129.79833333333335,132.0,132.0,86.15666666666667,56.42333333333333,410.39166666666665,1352,-0.09137087067535858,0.05944089470082663,-0.08513860058615094,0.06567316479003425
I13_Regime_Switch_Hybrid_To_Memoryless,1330,T3,SWITCH_HYBRID_TO_NONE,NONE,0.22125249273342498,0.6646,0.0,0.332,0.0034,0.0034,0.3354,0.0,4,4,4,4,72.90166666666667,92.0,102.0,88.21966666666667,30.085333333333335,370.50266666666664,1240,-0.027341916459428788,0.05374205484916795,-0.028359669431766862,0.05272430187682988
I13_Regime_Switch_Hybrid_To_Memoryless,1330,O_ALL,SWITCH_HYBRID_TO_NONE,BOTH,0.26161410821716996,0.0,0.0,0.0,1.0,4.0,1.0,0.5403333333333333,0,0,0,0,131.276,132.0,132.0,84.45133333333334,56.518,410.751,1352,-0.08486738660304871,0.05959474010739344,-0.08343585090358106,0.06102627580686108
I14_Intermittent_Hybrid,1330,T1,INTERMITTENT,BOTH,0.23687576401227203,0.0,0.1164,0.0,0.8836,3.9044,0.8836,0.23516666666666666,4,1,0,0,118.45133333333334,132.0,132.0,85.843,54.14666666666667,396.90933333333334,1368,-0.0661509578849103,0.1970484748140088,-0.05285218194583959,0.2103472507530795
I14_Intermittent_Hybrid,1330,T1R,INTERMITTENT,BOTH,0.2313710256580522,0.0,0.0,0.0,1.0,3.8138,1.0,0.284,4,1,0,0,124.655,132.0,132.0,86.131,52.444,408.402,1384,-0.07546718132379163,0.21704906756017522,-0.0777576789439822,0.21475856993998463
I14_Intermittent_Hybrid,1330,T2,INTERMITTENT,BOTH,0.2569498642083165,0.0,0.0,0.0,1.0,3.8174,1.0,0.38433333333333336,4,1,0,0,125.825,132.0,132.0,85.85633333333334,53.06133333333333,408.71066666666667,1384,-0.06491366148591025,0.11410170088416045,-0.056990066789868885,0.12202529558020184
I14_Intermittent_Hybrid,1330,T3,INTERMITTENT,RECURRENT,0.21732398127297925,0.4066,0.007,0.5814,0.005,0.012,0.5864,0.0,12,2,12,2,75.51733333333334,92.0,102.0,87.70833333333333,29.940666666666665,373.67833333333334,1256,-0.04787890565124471,0.11179093036335065,-0.040565351821362734,0.1191044841932326
I14_Intermittent_Hybrid,1330,O_ALL,INTERMITTENT,BOTH,0.26010614969432566,0.0,0.0,0.0,1.0,4.0,1.0,0.37483333333333335,0,0,0,0,130.50433333333334,132.0,132.0,84.86466666666666,56.106,410.545,1384,-0.09935772160765627,0.11196959647371173,-0.09518201929965517,0.11614529878171283
I1_Memoryless_Linear,1331,T1,NONE,NONE,0.12461373111691186,1.0,0.0,0.0,0.0,0.0,0.0,0.0,0,0,0,0,58.0,58.0,58.0,73.70966666666666,21.759333333333334,345.37966666666665,1256,-0.008438876884477172,0.002189222573445436,-0.008438876884477172,0.002189222573445436
I1_Memoryless_Linear,1331,T1R,NONE,NONE,0.12461373111691186,1.0,0.0,0.0,0.0,0.0,0.0,0.0,0,0,0,0,58.0,58.0,58.0,73.70966666666666,21.759333333333334,345.37966666666665,1256,-0.008438876884477172,0.002189222573445436,-0.008438876884477172,0.002189222573445436
I1_Memoryless_Linear,1331,T2,NONE,NONE,0.12461373111691186,1.0,0.0,0.0,0.0,0.0,0.0,0.0,0,0,0,0,58.0,58.0,58.0,73.70966666666666,21.759333333333334,345.37966666666665,1256,-0.008438876884477172,0.002189222573445436,-0.008438876884477172,0.002189222573445436
I1_Memoryless_Linear,1331,T3,NONE,NONE,0.12461373111691186,1.0,0.0,0.0,0.0,0.0,0.0,0.0,0,0,0,0,58.0,58.0,58.0,73.70966666666666,21.759333333333334,345.37966666666665,1256,-0.008438876884477172,0.002189222573445436,-0.008438876884477172,0.002189222573445436
I1_Memoryless_Linear,1331,O_ALL,NONE,BOTH,0.14894015058234494,0.0,0.0,0.0048,0.9952,3.7628,1.0,0.8293333333333334,0,0,0,0,123.34433333333334,132.0,132.0,70.06733333333334,43.025333333333336,404.00466666666665,1368,-0.028722095050440714,0.0028630247156270603,-0.02866635963896,0.00291876012710777
I2_Static_Nonlinear_Negative_Control,1331,T1,NONE,LAG,1.232369257791464,0.0,0.625,0.0,0.375,4.0,0.375,0.30583333333333335,4,1,0,0,106.476,132.0,132.0,86.51166666666667,56.437333333333335,377.71066666666667,1384,-0.2145056327770223,0.00026750965840400013,-0.21273120358741965,0.0020419388480066238
I2_Static_Nonlinear_Negative_Control,1331,T1R,NONE,LAG,1.2314728594180329,0.0,0.6254,0.0,0.3746,3.7386,0.3746,0.124,4,1,0,0,102.563,132.0,132.0,86.448,53.297333333333334,376.12466666666666,1384,-0.21381545071376298,0.05779497883487255,-0.2220888221521586,0.04952160739647689
I2_Static_Nonlinear_Negative_Control,1331,T2,NONE,LAG,1.2079447320356202,0.0,0.625,0.0,0.375,4.0,0.375,0.2915,4,1,0,0,105.936,132.0,132.0,86.42566666666667,55.964666666666666,377.47433333333333,1384,-0.1985448398976598,0.002650892023853509,-0.20052762119483053,0.0006681107266827857
I2_Static_Nonlinear_Negative_Control,1331,T3,NONE,NONE,1.0182961719208548,0.9844,0.0152,0.0004,0.0,0.0172,0.0004,0.0,14,1,14,1,58.35966666666667,58.0,92.0,88.432,30.283333333333335,349.65766666666667,1272,-0.07879186105554681,5.136147045216875e-05,-0.07966806072779732,-0.0008248382017983607
I2_Static_Nonlinear_Negative_Control,1331,O_ALL,NONE,BOTH,1.228432696382663,0.0,0.0,0.0,1.0,4.0,1.0,0.9155,0,0,0,0,130.85933333333332,132.0,132.0,86.02733333333333,56.971333333333334,410.97766666666666,1384,-0.19264890765439804,-0.004024101409399754,-0.19117979203261745,-0.0025549857876191713
I3_Single_Exact_Delay,1331,T1,LAG,LAG,0.10114278012718297,0.0,1.0,0.0,0.0,3.725,0.0,0.0,6,0,3,0,93.22333333333333,98.0,98.0,83.018,52.644666666666666,360.82233333333335,1304,0.5806861831869498,-0.0011919985552265881,0.5807092275851056,-0.0011689541570707623
I3_Single_Exact_Delay,1331,T1R,LAG,BOTH,0.5355102167097504,0.0,0.0,0.0,1.0,3.7366,1.0,0.8098333333333333,4,1,0,0,124.91833333333334,132.0,132.0,86.71266666666666,52.82866666666666,408.59433333333334,1384,-0.12236884273341175,0.006020629767358982,-0.12180476745398496,0.006584705046785776
I3_Single_Exact_Delay,1331,T2,LAG,BOTH,0.13207710211436818,0.0,0.0,0.0,1.0,4.0,1.0,0.017666666666666667,4,1,0,0,129.78666666666666,132.0,132.0,86.44933333333333,56.57933333333333,410.4696666666667,1384,0.5643210347964972,-0.0003976883084754755,0.5637384857206359,-0.0009802373843365774
I3_Single_Exact_Delay,1331,T3,LAG,LAG,0.1317294329115155,0.0,1.0,0.0,0.0,4.0,0.0,0.0,5,0,1,0,95.74666666666667,98.0,98.0,86.458,56.378,362.689,1336,0.558115718074406,-0.0011919985552265881,0.5581387624725619,-0.0011689541570707623
I3_Single_Exact_Delay,1331,O_ALL,LAG,BOTH,0.5367889996360417,0.0,0.0,0.0,1.0,4.0,1.0,0.9735,0,0,0,0,131.06266666666667,132.0,132.0,86.22333333333333,57.220666666666666,411.1023333333333,1384,-0.18121108102997566,0.00042178038852934316,-0.18156547265155373,6.738876695127193e-05
I4_Multi_Sparse_Delay,1331,T1,LAG,BOTH,0.7380303916152545,0.0,0.0,0.0,1.0,4.0,1.0,0.13916666666666666,4,1,0,0,130.636,132.0,132.0,87.15966666666667,57.68333333333333,410.77366666666666,1384,-0.3450144218969204,0.16203913770633258,-0.3457054388398484,0.16134812076340452
I4_Multi_Sparse_Delay,1331,T1R,LAG,BOTH,0.7421919325499448,0.0,0.0,0.0,1.0,4.0,1.0,0.158,4,1,0,0,130.51,132.0,132.0,87.15266666666666,57.44266666666667,410.90133333333335,1384,-0.2719038430414982,0.14496075135148426,-0.28879581862114617,0.1280687757718363
I4_Multi_Sparse_Delay,1331,T2,LAG,BOTH,0.7296684619114776,0.0,0.0,0.0,1.0,4.0,1.0,0.4251666666666667,4,1,0,0,130.13166666666666,132.0,132.0,87.15566666666666,57.13466666666667,410.74733333333336,1384,-0.329426832611126,0.045831980090533644,-0.3329173750803671,0.04234143762129258
I4_Multi_Sparse_Delay,1331,T3,LAG,NONE,0.5673081614601122,0.3926,0.3798,0.1296,0.098,1.5938,0.2276,0.0,52,19,52,19,79.39966666666666,132.0,132.0,88.31566666666667,39.65866666666667,365.38533333333334,1272,0.039654298674707086,0.03371936966390462,0.020170460283726144,0.014235531272923672
I4_Multi_Sparse_Delay,1331,O_ALL,LAG,BOTH,0.7327181701885258,0.0,0.0,0.0,1.0,4.0,1.0,0.468,0,0,0,0,131.606,132.0,132.0,86.95333333333333,58.022666666666666,411.50333333333333,1384,-0.2937331355910185,0.050076553983964774,-0.29820048972617874,0.04560919984880454
I5_Moving_Delay_Support,1331,T1,LAG,LAG,0.5552209040755909,0.0,1.0,0.0,0.0,4.0,0.0,0.0,4,0,0,0,94.11833333333334,98.0,98.0,86.416,55.03666666666667,362.0183333333333,1336,-0.1520450301285149,-0.002301514884038302,-0.1520661993797081,-0.0023226841352315254
I5_Moving_Delay_Support,1331,T1R,LAG,LAG,0.3808073355956913,0.0,1.0,0.0,0.0,3.94,0.0,0.0,4,0,0,0,92.22333333333333,98.0,98.0,86.37966666666667,53.513333333333335,361.25666666666666,1336,0.12882755798012233,-0.002301514884038302,0.12880638872892908,-0.0023226841352315254
I5_Moving_Delay_Support,1331,T2,LAG,LAG,0.5376667567567696,0.0,1.0,0.0,0.0,3.9882,0.0,0.0,4,0,0,0,92.69666666666667,98.0,98.0,86.34466666666667,53.86933333333333,361.43466666666666,1336,-0.13047064023231858,-0.002301514884038302,-0.1304918094835118,-0.0023226841352315254
I5_Moving_Delay_Support,1331,T3,LAG,LAG,0.24018441851431258,0.287,0.713,0.0,0.0,2.6328,0.0,0.0,17,0,13,0,80.02666666666667,98.0,98.0,87.14533333333334,45.23533333333334,357.11766666666665,1336,0.34851171393153074,-0.002301514884038302,0.3484905446803376,-0.0023226841352315254
I5_Moving_Delay_Support,1331,O_ALL,LAG,BOTH,0.5435474112171771,0.0,0.0,0.0,1.0,4.0,1.0,0.9721666666666666,0,0,0,0,130.76433333333333,132.0,132.0,85.962,56.85666666666667,410.92033333333336,1384,-0.12374444980402245,0.0022090352676959264,-0.12265482047234787,0.0032986645993705065
I6_Continuous_Latent_State,1331,T1,RECURRENT,BOTH,0.1081963361155035,0.0,0.0,0.0,1.0,3.9574,1.0,0.0,4,1,0,0,127.355,132.0,132.0,86.339,54.646,409.343,1384,-0.04430038039117553,0.5838758263482953,-0.048012973558896846,0.5801632331805741
I6_Continuous_Latent_State,1331,T1R,RECURRENT,BOTH,0.106825100832693,0.0,0.0,0.0,1.0,3.7574,1.0,0.0,4,1,0,0,125.79166666666667,132.0,132.0,86.34566666666667,53.312666666666665,408.83633333333336,1384,-0.04426863480055907,0.5901669996845504,-0.03905344984583062,0.5953821846392787
I6_Continuous_Latent_State,1331,T2,RECURRENT,BOTH,0.16239391433747616,0.0,0.0,0.0228,0.9772,3.6744,1.0,0.0,4,1,0,0,122.38666666666667,132.0,132.0,86.66666666666667,51.22266666666667,407.79133333333334,1368,-0.039480659549580285,0.3583180910540328,-0.058623503994853256,0.33917524660875986
I6_Continuous_Latent_State,1331,T3,RECURRENT,RECURRENT,0.13617998486590657,0.0,0.0,0.9984,0.0016,0.0016,1.0,0.0,3,1,3,0,91.73,92.0,102.0,88.361,30.102666666666668,397.15133333333335,1320,-0.020855474714621795,0.358828242004447,-0.05614618336487657,0.3235375333541923
I6_Continuous_Latent_State,1331,O_ALL,RECURRENT,BOTH,0.1666340789420673,0.0,0.0,0.0,1.0,4.0,1.0,0.0,0,0,0,0,130.79433333333333,132.0,132.0,85.272,56.54333333333334,410.76366666666667,1384,-0.06019368079128713,0.3583846994348166,-0.05889558165848657,0.3596827985676171
I7_Quiescent_Continuous_State,1331,T1,RECURRENT,BOTH,0.12682948058807053,0.0,0.0,0.0,1.0,3.9574,1.0,0.29733333333333334,4,1,0,0,127.355,132.0,132.0,85.13166666666666,54.046,409.043,1384,-0.056727561191747974,0.3819745594718511,-0.06545308406462687,0.37324903659897224
I7_Quiescent_Continuous_State,1331,T1R,RECURRENT,BOTH,0.12319189660192326,0.0,0.0,0.0,1.0,3.7574,1.0,0.297,4,1,0,0,125.79166666666667,132.0,132.0,84.00433333333334,52.14666666666667,408.25333333333333,1384,-0.04440788267299846,0.39531054003344746,-0.04923295512614465,0.3904854675803012
I7_Quiescent_Continuous_State,1331,T2,RECURRENT,BOTH,0.17927928575581326,0.0,0.0,0.0228,0.9772,3.6744,1.0,0.30366666666666664,4,1,0,0,122.38666666666667,132.0,132.0,84.61666666666666,50.20133333333333,407.28066666666666,1384,-0.07253383139997792,0.22345289044133385,-0.0836045736377652,0.21238214820354656
I7_Quiescent_Continuous_State,1331,T3,RECURRENT,RECURRENT,0.13014085937587558,0.3596,0.0,0.6404,0.0,0.0,0.6404,0.0,0,2,0,1,81.528,92.0,92.0,86.48433333333334,29.143333333333334,382.28766666666667,1320,-0.03408701501439771,0.2263402682191843,-0.030933118304705576,0.2294941649288764
I7_Quiescent_Continuous_State,1331,O_ALL,RECURRENT,BOTH,0.17942554920522963,0.0,0.0,0.0,1.0,4.0,1.0,0.302,0,0,0,0,130.79433333333333,132.0,132.0,84.144,55.982,410.483,1384,-0.06939484693594468,0.22599948259954308,-0.07641055470588616,0.21898377482960163
I8_Quiescent_Discrete_Delay,1331,T1,LAG,LAG,0.1084369750622042,0.0,1.0,0.0,0.0,4.0,0.0,0.0,4,0,0,0,95.51333333333334,98.0,98.0,78.49466666666666,52.21666666666667,360.60833333333335,1336,0.3953493396821523,-0.0011919985552265881,0.3953723840803081,-0.0011689541570707623
I8_Quiescent_Discrete_Delay,1331,T1R,LAG,BOTH,0.5746940611939263,0.0,0.0,0.0,1.0,3.7366,1.0,0.9168333333333333,4,1,0,0,124.91833333333334,132.0,132.0,85.65,52.297333333333334,408.32866666666666,1384,-0.15851226429090387,0.0017875359106178169,-0.15923785043246697,0.0010619497690546912
I8_Quiescent_Discrete_Delay,1331,T2,LAG,BOTH,0.13989007069381285,0.0,0.0,0.0,1.0,4.0,1.0,0.31783333333333336,4,1,0,0,129.78666666666666,132.0,132.0,84.72266666666667,55.71933333333333,410.0396666666667,1384,0.38500490743419324,-0.0003762230358843709,0.3843036520288831,-0.0010774784411944412
I8_Quiescent_Discrete_Delay,1331,T3,LAG,LAG,0.1997531251582674,0.4664,0.5336,0.0,0.0,2.0768,0.0,0.0,12,0,8,0,79.72,98.0,98.0,85.47666666666667,44.132666666666665,356.5663333333333,1336,0.30101045679358723,-0.0011919985552265881,0.3010335011917431,-0.0011689541570707623
I8_Quiescent_Discrete_Delay,1331,O_ALL,LAG,BOTH,0.5703982560805805,0.0,0.0,0.0,1.0,4.0,1.0,0.9748333333333333,0,0,0,0,131.06266666666667,132.0,132.0,85.27533333333334,56.754,410.869,1384,-0.196974709188849,0.0004218766558667821,-0.197328371918588,6.821392612780765e-05
I9_Hybrid_Delay_Plus_Latent_State,1331,T1,BOTH,BOTH,0.34786622013335317,0.0,0.0,0.0,1.0,3.963,1.0,0.005666666666666667,4,1,0,0,126.98333333333333,132.0,132.0,86.89266666666667,54.620666666666665,409.33033333333333,1384,-0.15541486971957214,0.27313704481500606,-0.14566852024140486,0.2828833942931733
I9_Hybrid_Delay_Plus_Latent_State,1331,T1R,BOTH,BOTH,0.3431905332267058,0.0,0.0,0.0,1.0,4.0,1.0,0.003,4,1,0,0,127.43833333333333,132.0,132.0,86.76066666666667,54.83133333333333,409.59566666666666,1384,-0.12778000379601906,0.26820671946587976,-0.13881771553568145,0.25716900772621737
I9_Hybrid_Delay_Plus_Latent_State,1331,T2,BOTH,BOTH,0.3711939543088848,0.0,0.0,0.0,1.0,4.0,1.0,0.072,4,1,0,0,127.755,132.0,132.0,86.79033333333334,55.126666666666665,409.74333333333334,1384,-0.15336171210417046,0.12839408961373464,-0.14605918781594138,0.13569661390196375
I9_Hybrid_Delay_Plus_Latent_State,1331,T3,BOTH,RECURRENT,0.2985370285197729,0.1554,0.0156,0.7448,0.0842,0.173,0.829,0.0,19,14,15,14,86.509,102.0,122.0,88.61233333333334,31.124666666666666,388.2703333333333,1336,-0.014550330423583165,0.11826362644491124,-0.012818917241411239,0.11999503962708317
I9_Hybrid_Delay_Plus_Latent_State,1331,O_ALL,BOTH,BOTH,0.3706213344955379,0.0,0.0,0.0,1.0,4.0,1.0,0.06483333333333334,0,0,0,0,131.191,132.0,132.0,86.40466666666667,57.418,411.201,1384,-0.1704535597026497,0.12348141758195458,-0.16683538377520604,0.12709959350939823
I10_Redundant_Temporal_Structure,1331,T1,REDUNDANT,BOTH,0.2686360032921711,0.0,0.0,0.0,1.0,4.0,1.0,0.0,4,1,0,0,130.995,132.0,132.0,87.13433333333333,57.910666666666664,410.9753333333333,1384,-0.17169609790987236,3.029679778516302,-0.09768292244968159,3.103692953976492
I10_Redundant_Temporal_Structure,1331,T1R,REDUNDANT,BOTH,0.264809189760945,0.0,0.0,0.0,1.0,4.0,1.0,0.0,4,1,0,0,130.805,132.0,132.0,87.08466666666666,57.646,411.003,1384,-0.13538447864431571,2.916169957895344,-0.1063567053614575,2.9451977311782023
I10_Redundant_Temporal_Structure,1331,T2,REDUNDANT,BOTH,0.5063539944594034,0.0,0.0,0.0,1.0,4.0,1.0,0.0,4,1,0,0,130.90333333333334,132.0,132.0,87.19433333333333,57.76866666666667,411.0643333333333,1384,-0.19861069200728446,0.4397148266214829,-0.19003328448950835,0.44829223413925895
I10_Redundant_Temporal_Structure,1331,T3,REDUNDANT,RECURRENT,0.4244187048700023,0.0,0.0,0.9598,0.0402,0.0528,1.0,0.0,31,1,31,0,92.20166666666667,92.0,132.0,89.14766666666667,30.798666666666666,397.4993333333333,1320,-0.0736734982590816,0.4367166684169628,-0.09486581872157634,0.415524347954468
I10_Redundant_Temporal_Structure,1331,O_ALL,REDUNDANT,BOTH,0.5063533044170362,0.0,0.0,0.0,1.0,4.0,1.0,0.0,0,0,0,0,131.581,132.0,132.0,87.02333333333333,58.034666666666666,411.50933333333336,1384,-0.19489045377974026,0.44022993244212993,-0.18841160065573984,0.4467087855661303
I11_Regime_Switch_Delay_To_Latent,1331,T1,SWITCH_DELAY_TO_LATENT,BOTH,0.14366543316322186,0.0368,0.448,0.0,0.5152,3.7268,0.5152,0.0,4,1,0,0,103.64166666666667,132.0,132.0,86.07366666666667,51.30533333333333,380.75266666666664,1384,0.1734528270481419,0.2016859701976171,0.1695944988022787,0.1978276419517539
I11_Regime_Switch_Delay_To_Latent,1331,T1R,SWITCH_DELAY_TO_LATENT,BOTH,0.2607603116776192,0.0,0.0,0.0368,0.9632,3.3874,1.0,0.101,4,1,0,0,119.961,132.0,132.0,86.704,49.36066666666667,406.81233333333336,1384,-0.07472596020031125,0.24746770265443638,-0.08431279764791033,0.2378808652068373
I11_Regime_Switch_Delay_To_Latent,1331,T2,SWITCH_DELAY_TO_LATENT,BOTH,0.17658481604658288,0.0,0.0,0.0368,0.9632,3.7124,1.0,0.0325,4,1,0,0,122.66933333333333,132.0,132.0,86.54366666666667,51.444,407.854,1384,0.1525296981898245,0.10881758783958594,0.14818679845960134,0.10447468810936279
I11_Regime_Switch_Delay_To_Latent,1331,T3,SWITCH_DELAY_TO_LATENT,RECURRENT,0.17236073047139377,0.1568,0.3358,0.507,0.0004,1.0854,0.5074,0.0,7,1,7,0,81.41566666666667,98.0,102.0,87.75366666666666,36.16266666666667,372.8693333333333,1320,0.15630359814182146,0.10310326793654954,0.13670178558683008,0.08350145538155813
I11_Regime_Switch_Delay_To_Latent,1331,O_ALL,SWITCH_DELAY_TO_LATENT,BOTH,0.30856243663773564,0.0,0.0,0.0,1.0,4.0,1.0,0.5566666666666666,0,0,0,0,130.53766666666667,132.0,132.0,85.84533333333333,56.620666666666665,410.8023333333333,1384,-0.12621407988840344,0.09658090491208139,-0.1246789788929731,0.09811600590751175
I12_Regime_Switch_Latent_To_Delay,1331,T1,SWITCH_LATENT_TO_DELAY,BOTH,0.33940244695566385,0.0,0.0,0.0,1.0,3.938,1.0,0.4706666666666667,4,1,0,0,126.71166666666667,132.0,132.0,86.28633333333333,54.10733333333334,409.07366666666667,1384,-0.08598237578165939,0.23709380568121244,-0.09076602105795696,0.2323101604049148
I12_Regime_Switch_Latent_To_Delay,1331,T1R,SWITCH_LATENT_TO_DELAY,BOTH,0.34065711787574837,0.0,0.0,0.0,1.0,3.9988,1.0,0.4573333333333333,4,1,0,0,127.70166666666667,132.0,132.0,86.35366666666667,54.834666666666664,409.5973333333333,1384,-0.11557364237677137,0.23095238329911805,-0.12849432315744147,0.21803170251844786
I12_Regime_Switch_Latent_To_Delay,1331,T2,SWITCH_LATENT_TO_DELAY,BOTH,0.345664761243493,0.0,0.0,0.0232,0.9768,3.3454,1.0,0.4716666666666667,4,1,0,0,119.645,132.0,132.0,86.57266666666666,48.99,406.675,1384,-0.10156783981994008,0.13640668784106633,-0.11253061737909169,0.1254439102819147
I12_Regime_Switch_Latent_To_Delay,1331,T3,SWITCH_LATENT_TO_DELAY,LAG,0.15323114110487177,0.0614,0.5254,0.4132,0.0,2.0182,0.4132,0.0,6,1,2,1,91.908,98.0,98.0,87.485,41.754666666666665,379.5133333333333,1336,0.256071017151474,0.1388232632587791,0.26101814755144565,0.14377039365875074
I12_Regime_Switch_Latent_To_Delay,1331,O_ALL,SWITCH_LATENT_TO_DELAY,BOTH,0.3552282641930325,0.0,0.0,0.0,1.0,4.0,1.0,0.4815,0,0,0,0,130.79433333333333,132.0,132.0,85.038,56.42666666666667,410.70533333333333,1384,-0.10230579557934577,0.1397208926459359,-0.10067239972311795,0.14135428850216367
I13_Regime_Switch_Hybrid_To_Memoryless,1331,T1,SWITCH_HYBRID_TO_NONE,BOTH,0.24402757450929263,0.0,0.0,0.0,1.0,3.963,1.0,0.4955,4,1,0,0,126.98333333333333,132.0,132.0,86.37266666666666,54.367333333333335,409.20366666666666,1384,-0.10053629542487708,0.14546280867295874,-0.09571110732759966,0.15028799677023616
I13_Regime_Switch_Hybrid_To_Memoryless,1331,T1R,SWITCH_HYBRID_TO_NONE,BOTH,0.24090855740641234,0.0,0.0,0.0,1.0,4.0,1.0,0.4945,4,1,0,0,127.43833333333333,132.0,132.0,85.80266666666667,54.35666666666667,409.35833333333335,1352,-0.09316663269139368,0.1442113343279018,-0.09933947525610014,0.13803849176319535
I13_Regime_Switch_Hybrid_To_Memoryless,1331,T2,SWITCH_HYBRID_TO_NONE,BOTH,0.25861904458362067,0.0,0.0,0.0,1.0,4.0,1.0,0.5303333333333333,4,1,0,0,127.755,132.0,132.0,85.79766666666667,54.638,409.499,1368,-0.08659735451336378,0.07441980361213983,-0.09211135390409923,0.06890580422140441
I13_Regime_Switch_Hybrid_To_Memoryless,1331,T3,SWITCH_HYBRID_TO_NONE,NONE,0.21594376308343644,0.658,0.0044,0.3342,0.0034,0.0078,0.3376,0.0,5,7,5,7,71.216,92.0,102.0,88.11066666666666,30.011333333333333,368.05766666666665,1240,-0.03303124012481046,0.07677207088813688,-0.035927855151764714,0.07387545586118263
I13_Regime_Switch_Hybrid_To_Memoryless,1331,O_ALL,SWITCH_HYBRID_TO_NONE,BOTH,0.2557377598791455,0.0,0.0,0.0,1.0,4.0,1.0,0.5335,0,0,0,0,131.191,132.0,132.0,85.67066666666666,57.058,411.021,1384,-0.10721267448283271,0.07407192124532062,-0.11294913910401178,0.06833545662414155
I14_Intermittent_Hybrid,1331,T1,INTERMITTENT,BOTH,0.11461002922234008,0.0,0.1102,0.0,0.8898,3.5422,0.8898,0.2315,4,1,0,0,115.24366666666667,132.0,132.0,84.04,50.60066666666667,395.38433333333336,1384,0.2653176384984629,0.2075906902403857,0.2138944407428023,0.1561674924847251
I14_Intermittent_Hybrid,1331,T1R,INTERMITTENT,BOTH,0.11784158024789543,0.0,0.109,0.0,0.891,3.981,0.891,0.234,4,1,0,0,119.26266666666666,132.0,132.0,85.65433333333333,54.584666666666664,397.4243333333333,1384,0.25042338454737,0.20452758602748972,0.2018023514278895,0.15590655290800923
I14_Intermittent_Hybrid,1331,T2,INTERMITTENT,BOTH,0.15914553866389428,0.0,0.1104,0.0,0.8896,3.9962,0.8896,0.23416666666666666,4,1,0,0,119.87633333333333,132.0,132.0,85.772,55.163333333333334,397.65766666666667,1368,0.237474970355461,0.11931522222116683,0.1899900298868321,0.07183028175253801
I14_Intermittent_Hybrid,1331,T3,INTERMITTENT,RECURRENT,0.20763311731938827,0.2944,0.1124,0.5768,0.0164,0.3886,0.5932,0.0,14,2,14,2,79.349,98.0,132.0,87.47933333333333,32.568,374.512,1272,0.07519276997938668,0.12154473108086407,0.06333172120865152,0.10968368231012891
I14_Intermittent_Hybrid,1331,O_ALL,INTERMITTENT,BOTH,0.15848773108129072,0.0,0.0,0.0,1.0,4.0,1.0,0.25266666666666665,0,0,0,0,130.30933333333334,132.0,132.0,85.24933333333334,56.14533333333333,410.56466666666665,1384,0.2258227889774976,0.1252199028219372,0.18291650264649412,0.08231361649093376
I1_Memoryless_Linear,1332,T1,NONE,NONE,0.12455549894838754,1.0,0.0,0.0,0.0,0.0,0.0,0.0,0,0,0,0,58.0,58.0,58.0,71.76233333333333,20.438666666666666,344.71933333333334,1240,-0.00815445904322098,0.0032445694906551754,-0.00815445904322098,0.0032445694906551754
I1_Memoryless_Linear,1332,T1R,NONE,RECURRENT,0.12461496990979462,0.0,0.0,1.0,0.0,0.0,1.0,0.0,0,1,0,0,91.77333333333333,92.0,92.0,74.062,22.02466666666667,393.19233333333335,1288,-0.0066093532204762545,0.007422664977331851,-0.006534564556380858,0.007497453641427245
I1_Memoryless_Linear,1332,T2,NONE,RECURRENT,0.12458219740288182,0.0,0.0,1.0,0.0,0.0,1.0,0.0,0,1,0,0,91.77333333333333,92.0,92.0,71.76233333333333,20.438666666666666,392.39933333333335,1288,-0.00815445904322098,0.003144547486747101,-0.008151922485143894,0.003147084044824186
I1_Memoryless_Linear,1332,T3,NONE,NONE,0.12455549894838754,1.0,0.0,0.0,0.0,0.0,0.0,0.0,0,0,0,0,58.0,58.0,58.0,71.76233333333333,20.438666666666666,344.71933333333334,1240,-0.00815445904322098,0.0032445694906551754,-0.00815445904322098,0.0032445694906551754
I1_Memoryless_Linear,1332,O_ALL,NONE,BOTH,0.14813417874520093,0.0,0.0,0.0016,0.9984,3.5242,1.0,0.8315,0,0,0,0,121.356,132.0,132.0,69.36733333333333,41.09133333333333,403.03766666666667,1352,-0.033082368150305505,0.004289199864534511,-0.033079913319054084,0.0042916546957859365
I2_Static_Nonlinear_Negative_Control,1332,T1,NONE,BOTH,1.1765587112404448,0.0,0.1026,0.0,0.8974,3.916,0.8974,0.076,4,1,0,0,116.71066666666667,132.0,132.0,87.12533333333333,53.354,397.065,1384,-0.1525172812759474,0.4833511756995108,-0.14842702090956478,0.4874414360658936
I2_Static_Nonlinear_Negative_Control,1332,T1R,NONE,BOTH,1.0813676541563555,0.1026,0.0,0.017,0.8804,1.6782,0.8974,0.072,4,1,0,0,97.399,132.0,132.0,87.38,38.578,389.677,1384,-0.12163956909309119,0.24455590126018834,-0.12664257778718646,0.23955289256609305
I2_Static_Nonlinear_Negative_Control,1332,T2,NONE,BOTH,1.161346442297299,0.0,0.1026,0.0,0.8974,3.7202,0.8974,0.634,4,1,0,0,115.079,132.0,132.0,86.93,51.95466666666667,396.36533333333335,1368,-0.14021205964956102,-0.005307432775460341,-0.14033625189801097,-0.005431625023910336
I2_Static_Nonlinear_Negative_Control,1332,T3,NONE,NONE,0.9810327438288232,0.9466,0.0258,0.0276,0.0,0.0262,0.0276,0.0,11,2,11,2,59.00033333333333,58.0,92.0,88.74666666666667,30.424666666666667,350.8163333333333,1272,-0.04793673447762147,-0.0004542876442823269,-0.048567386126107275,-0.0010849392927681286
I2_Static_Nonlinear_Negative_Control,1332,O_ALL,NONE,BOTH,1.19099176073141,0.0,0.0,0.0,1.0,4.0,1.0,0.8406666666666667,0,0,0,0,131.59266666666667,132.0,132.0,86.378,57.730666666666664,411.3573333333333,1384,-0.18485703807679793,-0.0035619216027775852,-0.17998811285274716,0.0013070036212732077
I3_Single_Exact_Delay,1332,T1,LAG,LAG,0.530634170115611,0.0,1.0,0.0,0.0,4.0,0.0,0.0,4,0,0,0,95.26833333333333,98.0,98.0,86.505,56.02066666666666,362.51033333333334,1336,-0.16564521666325427,0.0020867402772261983,-0.16564521666325427,0.0020867402772261983
I3_Single_Exact_Delay,1332,T1R,LAG,BOTH,0.5264646276077983,0.0,0.0,0.0,1.0,3.9392,1.0,0.9265,4,1,0,0,126.57833333333333,132.0,132.0,86.54366666666667,54.12866666666667,409.2443333333333,1384,-0.16421315002609715,-0.0003966921037456395,-0.16394792602588004,-0.00013146810352852775
I3_Single_Exact_Delay,1332,T2,LAG,BOTH,0.5203383774710183,0.0,0.0,0.0,1.0,4.0,1.0,0.9498333333333333,4,1,0,0,129.04166666666666,132.0,132.0,86.38033333333334,55.96066666666667,410.1603333333333,1384,-0.16769965565043446,-0.00037499469184072346,-0.16754941583801083,-0.00022475487941706507
I3_Single_Exact_Delay,1332,T3,LAG,LAG,0.15996439576692797,0.0794,0.9206,0.0,0.0,3.5988,0.0,0.0,9,0,5,0,88.06166666666667,98.0,98.0,86.531,50.82066666666667,359.9103333333333,1336,0.47104867866593464,0.0020867402772261983,0.47104867866593464,0.0020867402772261983
I3_Single_Exact_Delay,1332,O_ALL,LAG,BOTH,0.5201646574969592,0.0,0.0,0.0,1.0,4.0,1.0,0.9793333333333333,0,0,0,0,130.54433333333333,132.0,132.0,86.11066666666666,56.75266666666667,410.86833333333334,1384,-0.1629288427133213,0.00017607003582196108,-0.16286281335916566,0.00024209938997761442
I4_Multi_Sparse_Delay,1332,T1,LAG,BOTH,0.7542858324844648,0.0,0.0,0.0,1.0,4.0,1.0,0.16266666666666665,4,1,0,0,129.19,132.0,132.0,87.159,56.536,410.288,1384,-0.3740740452963978,0.14109244521121106,-0.36298880678947254,0.15217768371813628
I4_Multi_Sparse_Delay,1332,T1R,LAG,BOTH,0.7446967423860924,0.0,0.0,0.0,1.0,4.0,1.0,0.158,4,1,0,0,129.3,132.0,132.0,87.135,56.516666666666666,410.43833333333333,1384,-0.3051716219193949,0.15102711409452654,-0.2953136708968635,0.1608850651170579
I4_Multi_Sparse_Delay,1332,T2,LAG,BOTH,0.7500087180939882,0.0,0.0,0.0,1.0,4.0,1.0,0.4435,4,1,0,0,130.18166666666667,132.0,132.0,87.04633333333334,57.17666666666667,410.7683333333333,1384,-0.3874608478358143,0.042589401507823414,-0.38225602966931355,0.04779421967432418
I4_Multi_Sparse_Delay,1332,T3,LAG,NONE,0.5887204136165941,0.4532,0.3986,0.1318,0.0164,1.2988,0.1482,0.0,45,21,45,21,74.372,98.0,132.0,88.29533333333333,37.78,360.934,1272,0.07260692642635808,0.03186860539297868,0.04836497165034008,0.0076266506169607
I4_Multi_Sparse_Delay,1332,O_ALL,LAG,BOTH,0.7468855830567411,0.0,0.0,0.0,1.0,4.0,1.0,0.4691666666666667,0,0,0,0,131.29266666666666,132.0,132.0,86.57533333333333,57.58733333333333,411.28566666666666,1368,-0.36046352314368346,0.045289451767616944,-0.3721917742580986,0.03356120065320188
I5_Moving_Delay_Support,1332,T1,LAG,BOTH,0.36869768132936664,0.0,0.0,0.0,1.0,3.8514,1.0,0.4845,4,1,0,0,125.439,132.0,132.0,84.347,52.212,408.094,1384,0.2167560913159737,0.007275750708915436,0.2158346219551666,0.006354281348108269
I5_Moving_Delay_Support,1332,T1R,LAG,BOTH,0.3643010335238587,0.0,0.0,0.0,1.0,4.0,1.0,0.49166666666666664,4,1,0,0,129.33166666666668,132.0,132.0,86.389,56.153333333333336,410.25666666666666,1384,0.22534594800229485,0.010932445401165449,0.2233096250220152,0.008896122420885827
I5_Moving_Delay_Support,1332,T2,LAG,BOTH,0.37453815502986304,0.0,0.0,0.0,1.0,3.9254,1.0,0.4836666666666667,4,1,0,0,126.445,132.0,132.0,86.55433333333333,54.00933333333333,409.18466666666666,1384,0.234075079834842,0.0029956082844845274,0.2338234756389151,0.0027440040885576317
I5_Moving_Delay_Support,1332,T3,LAG,LAG,0.2143838872703527,0.2416,0.7584,0.0,0.0,2.872,0.0,0.0,15,1,11,1,86.827,98.0,98.0,86.90233333333333,48.983333333333334,361.0156666666667,1336,0.49749922265452395,0.0031966552658328337,0.4971530673038913,0.0028504999152001234
I5_Moving_Delay_Support,1332,O_ALL,LAG,BOTH,0.5361189346671474,0.0,0.0,0.0,1.0,4.0,1.0,0.9735,0,0,0,0,130.66433333333333,132.0,132.0,85.852,56.72266666666667,410.85333333333335,1384,-0.19486691033460588,0.004528796096176335,-0.19480444307488265,0.004591263355899577
I6_Continuous_Latent_State,1332,T1,RECURRENT,BOTH,0.10525488404688585,0.0,0.0,0.0,1.0,4.0,1.0,0.0,4,1,0,0,130.33833333333334,132.0,132.0,86.04066666666667,56.85666666666667,410.4483333333333,1384,-0.035160791414259804,0.6179150173632316,-0.0472071874816999,0.6058686212957913
I6_Continuous_Latent_State,1332,T1R,RECURRENT,BOTH,0.10695646439620467,0.0,0.0,0.0,1.0,4.0,1.0,0.0,4,1,0,0,130.49833333333333,132.0,132.0,86.428,57.086,410.723,1384,-0.031833172692857015,0.6179369506821919,-0.04005952477272621,0.6097105986023227
I6_Continuous_Latent_State,1332,T2,RECURRENT,BOTH,0.16344153659628294,0.0,0.0,0.0,1.0,4.0,1.0,0.0,4,1,0,0,128.58666666666667,132.0,132.0,86.193,55.446666666666665,409.9033333333333,1384,-0.07393236400988058,0.3857185479969466,-0.07029751458414846,0.3893533974226788
I6_Continuous_Latent_State,1332,T3,RECURRENT,RECURRENT,0.13685861343916658,0.0,0.0,0.996,0.004,0.004,1.0,0.0,7,1,7,0,91.78333333333333,92.0,102.0,88.63033333333334,30.278666666666666,397.2393333333333,1320,-0.029254855632170926,0.3875693338847221,-0.03844028749709519,0.3783839020197978
I6_Continuous_Latent_State,1332,O_ALL,RECURRENT,BOTH,0.1658640538565517,0.0,0.0,0.0,1.0,4.0,1.0,0.0,0,0,0,0,131.32433333333333,132.0,132.0,85.718,57.187333333333335,411.08566666666667,1384,-0.06385694713385758,0.38957091852912723,-0.06657357014884763,0.38685429551413725
I7_Quiescent_Continuous_State,1332,T1,RECURRENT,BOTH,0.1251475483285164,0.0,0.0,0.0,1.0,4.0,1.0,0.30533333333333335,4,1,0,0,130.33833333333334,132.0,132.0,83.124,55.404666666666664,409.7223333333333,1384,-0.042029420073621024,0.4138639169063047,-0.05534645275702741,0.40054688422289836
I7_Quiescent_Continuous_State,1332,T1R,RECURRENT,BOTH,0.12742553858827918,0.0,0.0,0.0,1.0,4.0,1.0,0.305,4,1,0,0,130.49833333333333,132.0,132.0,83.93,55.844,410.102,1384,-0.04058903266521639,0.4156009376889826,-0.05446371311157482,0.40172625724262423
I7_Quiescent_Continuous_State,1332,T2,RECURRENT,BOTH,0.16667030447511547,0.0,0.0,0.0,1.0,4.0,1.0,0.31316666666666665,4,1,0,0,128.58666666666667,132.0,132.0,83.775,54.242,409.301,1384,-0.05934936296083904,0.26406741848857296,-0.06635186274946928,0.25706491869994275
I7_Quiescent_Continuous_State,1332,T3,RECURRENT,RECURRENT,0.1271509163181096,0.3798,0.0,0.62,0.0002,0.0002,0.6202,0.0,2,2,2,1,80.99066666666667,92.0,102.0,86.37933333333334,29.033333333333335,381.42466666666667,1320,-0.037065339152179015,0.26339238090585854,-0.042638993182879815,0.2578187268751577
I7_Quiescent_Continuous_State,1332,O_ALL,RECURRENT,BOTH,0.17020193875303863,0.0,0.0,0.0,1.0,4.0,1.0,0.3105,0,0,0,0,131.32433333333333,132.0,132.0,82.77533333333334,55.721333333333334,410.35266666666666,1384,-0.06168009895238061,0.2678632463699046,-0.0704787787393182,0.25906456658296706
I8_Quiescent_Discrete_Delay,1332,T1,LAG,LAG,0.5568836814072103,0.0,1.0,0.0,0.0,4.0,0.0,0.0,4,0,0,0,95.26833333333333,98.0,98.0,84.56566666666667,55.054,362.027,1336,-0.19478930503244873,0.0020867402772261983,-0.19478930503244873,0.0020867402772261983
I8_Quiescent_Discrete_Delay,1332,T1R,LAG,BOTH,0.5422939032262065,0.0,0.0,0.0,1.0,3.9392,1.0,0.928,4,1,0,0,126.57833333333333,132.0,132.0,84.56833333333333,53.142,408.751,1384,-0.18460925568980052,-0.0003941797068163695,-0.1843451037239809,-0.00013002774099678583
I8_Quiescent_Discrete_Delay,1332,T2,LAG,BOTH,0.5312115456385974,0.0,0.0,0.0,1.0,4.0,1.0,0.95,4,1,0,0,129.04166666666666,132.0,132.0,83.717,54.632666666666665,409.4963333333333,1384,-0.18655605965330052,-0.00037524661286793666,-0.1864053185295843,-0.0002245054891517038
I8_Quiescent_Discrete_Delay,1332,T3,LAG,NONE,0.24753565238347747,0.6322,0.3678,0.0,0.0,1.1656,0.0,0.0,13,0,9,0,67.785,98.0,98.0,85.925,35.718,352.359,1336,0.15110860152436736,0.0020867402772261983,0.15110860152436736,0.0020867402772261983
I8_Quiescent_Discrete_Delay,1332,O_ALL,LAG,BOTH,0.5420652668252214,0.0,0.0,0.0,1.0,4.0,1.0,0.9783333333333334,0,0,0,0,130.54433333333333,132.0,132.0,83.924,55.67,410.327,1384,-0.1657051261489434,0.0001760609558357897,-0.1656390166035572,0.00024217050122195952
I9_Hybrid_Delay_Plus_Latent_State,1332,T1,BOTH,BOTH,0.34380299233983436,0.0,0.0,0.0,1.0,4.0,1.0,0.0006666666666666666,4,1,0,0,129.50666666666666,132.0,132.0,86.89833333333333,56.596,410.318,1384,-0.14901337185720834,0.2865154618903022,-0.16763473440238494,0.2678940993451256
I9_Hybrid_Delay_Plus_Latent_State,1332,T1R,BOTH,BOTH,0.3468440800924845,0.0,0.0,0.0,1.0,4.0,1.0,0.0028333333333333335,4,1,0,0,129.97,132.0,132.0,86.858,56.88066666666667,410.62033333333335,1384,-0.15717195139746068,0.3197685393227783,-0.16732260412018865,0.3096178866000503
I9_Hybrid_Delay_Plus_Latent_State,1332,T2,BOTH,BOTH,0.36427006342388163,0.0,0.0,0.0,1.0,4.0,1.0,0.027333333333333334,4,1,0,0,129.39333333333335,132.0,132.0,86.56433333333334,56.252,410.306,1384,-0.18037769199729145,0.1498407757436723,-0.1815623002008227,0.14865616754014108
I9_Hybrid_Delay_Plus_Latent_State,1332,T3,BOTH,BOTH,0.15287542500442158,0.0,0.0202,0.0392,0.9406,3.7276,0.9798,0.0,6,3,2,2,122.211,132.0,132.0,86.91966666666667,51.762,407.173,1384,0.28520557723834955,0.16451926367207328,0.28602525624198216,0.16533894267570587
I9_Hybrid_Delay_Plus_Latent_State,1332,O_ALL,BOTH,BOTH,0.3669555477418729,0.0,0.0,0.0,1.0,4.0,1.0,0.03133333333333333,0,0,0,0,131.07433333333333,132.0,132.0,86.198,57.22266666666667,411.10333333333335,1384,-0.2042439168409584,0.15664554893434793,-0.21377720489865756,0.14711226087664875
I10_Redundant_Temporal_Structure,1332,T1,REDUNDANT,BOTH,0.19709343996447046,0.0,0.0,0.0,1.0,4.0,1.0,0.0,4,1,0,0,130.345,132.0,132.0,87.19633333333333,57.45333333333333,410.74666666666667,1384,0.047178954672384726,2.800908316502717,0.03878575108335693,2.7925151129136885
I10_Redundant_Temporal_Structure,1332,T1R,REDUNDANT,BOTH,0.25504175516394967,0.0,0.0,0.0,1.0,4.0,1.0,0.0,4,1,0,0,130.65,132.0,132.0,87.19033333333333,57.604,410.982,1384,-0.15672870679795195,2.6739067230766675,-0.11870330744966928,2.71193212242495
I10_Redundant_Temporal_Structure,1332,T2,REDUNDANT,BOTH,0.5138129604263352,0.0,0.0,0.0,1.0,4.0,1.0,0.0008333333333333334,4,1,0,0,130.68666666666667,132.0,132.0,87.01666666666667,57.534,410.947,1384,-0.2783401000635203,0.5001000130164118,-0.27475022603850485,0.5036898870414273
I10_Redundant_Temporal_Structure,1332,T3,REDUNDANT,RECURRENT,0.42116568710513763,0.0002,0.0046,0.8566,0.1386,0.3246,0.9952,0.0,31,4,30,3,94.284,112.0,132.0,89.10033333333334,32.300666666666665,398.05833333333334,1336,-0.06171208557116344,0.4890756978404848,-0.08948106647264709,0.46130671693900127
I10_Redundant_Temporal_Structure,1332,O_ALL,REDUNDANT,BOTH,0.5097475377065712,0.0,0.0,0.0,1.0,4.0,1.0,0.00016666666666666666,0,0,0,0,131.611,132.0,132.0,86.65866666666666,57.87866666666667,411.4313333333333,1384,-0.3256901581929789,0.4989924067089842,-0.31267300506268964,0.5120095598392735
I11_Regime_Switch_Delay_To_Latent,1332,T1,SWITCH_DELAY_TO_LATENT,LAG,0.28029593588055784,0.0,0.5414,0.0,0.4586,3.895,0.4586,0.0,4,1,0,0,105.61966666666666,132.0,132.0,86.08166666666666,53.657333333333334,379.6646666666667,1384,-0.08331691795103784,0.20031562823361435,-0.08233811863494002,0.20129442754971216
I11_Regime_Switch_Delay_To_Latent,1332,T1R,SWITCH_DELAY_TO_LATENT,BOTH,0.1930717074306784,0.0,0.0,0.0,1.0,3.6086,1.0,0.33766666666666667,4,1,0,0,123.45766666666667,132.0,132.0,86.12166666666667,51.33133333333333,407.8376666666667,1384,0.07102406717544354,0.19019470172472697,0.06594076940430639,0.1851114039535898
I11_Regime_Switch_Delay_To_Latent,1332,T2,SWITCH_DELAY_TO_LATENT,BOTH,0.29368321702301625,0.0,0.0,0.0,1.0,3.9818,1.0,0.5323333333333333,4,1,0,0,127.696,132.0,132.0,85.805,54.55266666666667,409.4483333333333,1384,-0.11882008765490464,0.11390419321898347,-0.11750652929202746,0.11521775158186066
I11_Regime_Switch_Delay_To_Latent,1332,T3,SWITCH_DELAY_TO_LATENT,RECURRENT,0.20490715461748382,0.3024,0.2102,0.485,0.0024,0.6916,0.4874,0.0,17,2,17,1,78.09866666666667,98.0,102.0,87.82866666666666,33.95733333333333,371.5826666666667,1320,0.0625583950979151,0.11157885331024833,0.034686661695719545,0.0837071199080528
I11_Regime_Switch_Delay_To_Latent,1332,O_ALL,SWITCH_DELAY_TO_LATENT,BOTH,0.2926697435724059,0.0,0.0,0.0,1.0,4.0,1.0,0.5423333333333333,0,0,0,0,130.51933333333332,132.0,132.0,85.236,56.304,410.644,1384,-0.13829502377677258,0.11397252732344794,-0.13696596170887265,0.11530158939134787
I12_Regime_Switch_Latent_To_Delay,1332,T1,SWITCH_LATENT_TO_DELAY,BOTH,0.33025377873185174,0.0,0.0,0.0,1.0,3.9656,1.0,0.467,4,1,0,0,128.15333333333334,132.0,132.0,85.93133333333333,55.062,409.551,1384,-0.08916389471478643,0.25574123870256943,-0.0954809673111973,0.24942416610615856
I12_Regime_Switch_Latent_To_Delay,1332,T1R,SWITCH_LATENT_TO_DELAY,BOTH,0.3240997038551271,0.0,0.0,0.0,1.0,4.0,1.0,0.45516666666666666,4,1,0,0,129.53,132.0,132.0,86.11133333333333,56.163333333333334,410.26166666666666,1384,-0.04726166700531824,0.2597042992108955,-0.053473701737641134,0.2534922644785726
I12_Regime_Switch_Latent_To_Delay,1332,T2,SWITCH_LATENT_TO_DELAY,BOTH,0.34359438464328684,0.0,0.0,0.0,1.0,3.766,1.0,0.4851666666666667,4,1,0,0,126.05,132.0,132.0,85.33966666666667,52.994,408.677,1384,-0.07029812219636587,0.15850722860326277,-0.07775941228820528,0.15104593851142337
I12_Regime_Switch_Latent_To_Delay,1332,T3,SWITCH_LATENT_TO_DELAY,NONE,0.2854580792117661,0.5524,0.029,0.4186,0.0,0.029,0.4186,0.0,14,1,14,1,75.491,92.0,92.0,87.88166666666666,29.992,373.848,1272,-0.030838023633305057,0.15971600445125722,-0.039118137198864325,0.15143589088569798
I12_Regime_Switch_Latent_To_Delay,1332,O_ALL,SWITCH_LATENT_TO_DELAY,BOTH,0.34925802414989804,0.0,0.0,0.0,1.0,4.0,1.0,0.483,0,0,0,0,130.80766666666668,132.0,132.0,84.67133333333334,56.24933333333333,410.6166666666667,1384,-0.10623890412541345,0.15919267962178843,-0.11090048131696312,0.15453110243023874
I13_Regime_Switch_Hybrid_To_Memoryless,1332,T1,SWITCH_HYBRID_TO_NONE,BOTH,0.23700760282560382,0.0,0.0,0.0,1.0,4.0,1.0,0.47883333333333333,4,1,0,0,129.50666666666666,132.0,132.0,83.983,55.14933333333333,409.5946666666667,1352,-0.08328173080253676,0.1570683048736257,-0.08527430344697312,0.15507573222918927
I13_Regime_Switch_Hybrid_To_Memoryless,1332,T1R,SWITCH_HYBRID_TO_NONE,BOTH,0.2406622438795769,0.0,0.0,0.0,1.0,4.0,1.0,0.4825,4,1,0,0,129.97,132.0,132.0,84.888,55.904,410.132,1368,-0.07891048027126239,0.17552324035935502,-0.07176748016963605,0.18266624046098137
I13_Regime_Switch_Hybrid_To_Memoryless,1332,T2,SWITCH_HYBRID_TO_NONE,BOTH,0.24639559062495386,0.0,0.0,0.0,1.0,4.0,1.0,0.4915,4,1,0,0,129.39333333333335,132.0,132.0,84.13633333333334,55.04866666666667,409.70433333333335,1352,-0.10914478545864836,0.09273481980125789,-0.1020096370833325,0.09986996817657377
I13_Regime_Switch_Hybrid_To_Memoryless,1332,T3,SWITCH_HYBRID_TO_NONE,NONE,0.13940378479287227,0.5854,0.0202,0.0486,0.3458,1.3484,0.3944,0.0,6,3,6,3,85.81033333333333,132.0,132.0,85.62166666666667,36.77466666666667,376.27133333333336,1240,0.09250021888753344,0.09469289723203515,0.09202208771912757,0.0942147660636293
I13_Regime_Switch_Hybrid_To_Memoryless,1332,O_ALL,SWITCH_HYBRID_TO_NONE,BOTH,0.2507929488579434,0.0,0.0,0.0,1.0,4.0,1.0,0.5008333333333334,0,0,0,0,131.07433333333333,132.0,132.0,83.93866666666666,56.101333333333336,410.54266666666666,1352,-0.13055983563082052,0.09658550383760939,-0.13128524005812653,0.09586009941030336
I14_Intermittent_Hybrid,1332,T1,INTERMITTENT,BOTH,0.13494156413543187,0.0,0.0,0.0,1.0,3.7552,1.0,0.2535,4,1,0,0,123.86433333333333,132.0,132.0,84.86633333333333,51.254,407.639,1352,0.11107475629805631,0.22582826554979046,0.06039853511302481,0.17515204436475895
I14_Intermittent_Hybrid,1332,T1R,INTERMITTENT,BOTH,0.22023526816345146,0.0,0.0,0.0034,0.9966,3.7912,1.0,0.24333333333333335,4,1,0,0,123.343,132.0,132.0,86.87733333333334,52.042,408.177,1384,-0.08363392378434874,0.23411357595495053,-0.0864237245767689,0.2313237751625304
I14_Intermittent_Hybrid,1332,T2,INTERMITTENT,BOTH,0.2578336660926766,0.0,0.0,0.0,1.0,3.8856,1.0,0.3263333333333333,4,1,0,0,125.70633333333333,132.0,132.0,86.47933333333333,53.43866666666667,408.87533333333334,1384,-0.08235323363952231,0.13555511010807847,-0.09877893695195852,0.1191294067956422
I14_Intermittent_Hybrid,1332,T3,INTERMITTENT,NONE,0.17777488405042174,0.3856,0.0374,0.3438,0.2332,1.0046,0.577,0.0,10,8,10,8,84.08166666666666,132.0,132.0,88.008,35.91266666666667,377.45633333333336,1256,0.06767698204145162,0.12774451993266164,0.04433347820728228,0.10440101609849231
I14_Intermittent_Hybrid,1332,O_ALL,INTERMITTENT,BOTH,0.2672127809031655,0.0,0.0,0.0,1.0,4.0,1.0,0.3476666666666667,0,0,0,0,131.071,132.0,132.0,85.72666666666667,56.98733333333333,410.98566666666665,1368,-0.0959879197964554,0.13307288105245513,-0.10244323068068951,0.12661757016822106
I1_Memoryless_Linear,1333,T1,NONE,NONE,0.1181703363871577,1.0,0.0,0.0,0.0,0.0,0.0,0.0,0,0,0,0,58.0,58.0,58.0,76.32933333333334,23.688,346.344,1224,-0.00617317949443761,0.001855103127682658,-0.00617317949443761,0.001855103127682658
I1_Memoryless_Linear,1333,T1R,NONE,NONE,0.1181703363871577,1.0,0.0,0.0,0.0,0.0,0.0,0.0,0,0,0,0,58.0,58.0,58.0,76.32933333333334,23.688,346.344,1224,-0.00617317949443761,0.001855103127682658,-0.00617317949443761,0.001855103127682658
I1_Memoryless_Linear,1333,T2,NONE,NONE,0.1181703363871577,1.0,0.0,0.0,0.0,0.0,0.0,0.0,0,0,0,0,58.0,58.0,58.0,76.32933333333334,23.688,346.344,1224,-0.00617317949443761,0.001855103127682658,-0.00617317949443761,0.001855103127682658
I1_Memoryless_Linear,1333,T3,NONE,NONE,0.1181703363871577,1.0,0.0,0.0,0.0,0.0,0.0,0.0,0,0,0,0,58.0,58.0,58.0,76.32933333333334,23.688,346.344,1224,-0.00617317949443761,0.001855103127682658,-0.00617317949443761,0.001855103127682658
I1_Memoryless_Linear,1333,O_ALL,NONE,BOTH,0.1414104481898836,0.0,0.0,0.0,1.0,3.637,1.0,0.9133333333333333,0,0,0,0,123.096,132.0,132.0,68.66733333333333,42.13,403.557,1336,-0.02996092758364366,0.0014279332126262343,-0.029991108906422603,0.0013977518898472888
I2_Static_Nonlinear_Negative_Control,1333,T1,NONE,BOTH,1.2658117291791118,0.0,0.0,0.0,1.0,4.0,1.0,0.086,4,1,0,0,122.861,132.0,132.0,87.04466666666667,55.36933333333333,402.69666666666666,1384,-0.1646315850883016,1.590782135085391,-0.19532992913171612,1.5600837910419763
I2_Static_Nonlinear_Negative_Control,1333,T1R,NONE,BOTH,1.2715662884232093,0.0,0.0,0.0,1.0,4.0,1.0,0.6136666666666667,4,1,0,0,122.85433333333333,132.0,132.0,86.72666666666667,55.20733333333333,402.61566666666664,1384,-0.2407581988914354,-0.0011927919154360658,-0.23076926816643245,0.008796138809566851
I2_Static_Nonlinear_Negative_Control,1333,T2,NONE,BOTH,1.1254896182511696,0.0,0.0,0.0,1.0,4.0,1.0,0.2955,4,1,0,0,124.224,132.0,132.0,86.73,56.292,403.174,1384,-0.21737171134504113,0.06473593407930406,-0.21923824906996567,0.06286939635437953
I2_Static_Nonlinear_Negative_Control,1333,T3,NONE,RECURRENT,0.971539460324078,0.4424,0.011,0.5414,0.0052,0.0198,0.5466,0.0,13,29,13,29,74.12533333333333,92.0,122.0,88.85933333333334,30.634,371.881,1272,-0.05376057497832721,0.036871672494153435,-0.05298400513403639,0.03764824233844425
I2_Static_Nonlinear_Negative_Control,1333,O_ALL,NONE,BOTH,1.128952731496661,0.0,0.0,0.0,1.0,4.0,1.0,0.3895,0,0,0,0,131.491,132.0,132.0,86.17066666666666,57.547333333333334,411.2656666666667,1384,-0.21390038013356735,0.05987331987053976,-0.215747631099381,0.05802606890472613
I3_Single_Exact_Delay,1333,T1,LAG,LAG,0.5332456609647963,0.0,1.0,0.0,0.0,3.8166,0.0,0.0,4,0,0,0,91.285,98.0,98.0,86.72933333333333,52.904666666666664,360.95233333333334,1336,-0.20695916832869335,-0.0010562733184748332,-0.20695101486945838,-0.0010481198592398795
I3_Single_Exact_Delay,1333,T1R,LAG,LAG,0.1699491045859698,0.0,1.0,0.0,0.0,3.4866,0.0,0.0,4,0,0,0,88.52666666666667,98.0,98.0,86.59766666666667,50.64933333333333,359.82466666666664,1336,0.3731847477972505,-0.0009173828353926313,0.373185990855171,-0.0009161397774720899
I3_Single_Exact_Delay,1333,T2,LAG,LAG,0.1327947383997833,0.0,1.0,0.0,0.0,3.9994,0.0,0.0,4,0,0,0,93.62666666666667,98.0,98.0,86.49733333333333,54.66266666666667,361.83133333333336,1320,0.4870357323137377,-0.0010206646671742233,0.4871039966149046,-0.0009524003660072768
I3_Single_Exact_Delay,1333,T3,LAG,LAG,0.18001381387408918,0.1578,0.8422,0.0,0.0,3.2634,0.0,0.0,7,0,3,0,85.51166666666667,98.0,98.0,87.10233333333333,49.238,359.119,1336,0.39559037758851434,-0.0010206646671742233,0.3956811197001295,-0.0009299225555591587
I3_Single_Exact_Delay,1333,O_ALL,LAG,BOTH,0.5281804912524489,0.0,0.0,0.0,1.0,4.0,1.0,0.9811666666666666,0,0,0,0,130.916,132.0,132.0,86.152,57.072,411.028,1384,-0.24101359376186768,-0.00044651176130584223,-0.2407032277783245,-0.00013614577776267968
I4_Multi_Sparse_Delay,1333,T1,LAG,BOTH,0.7277021763719975,0.0,0.0,0.0,1.0,4.0,1.0,0.20616666666666666,4,1,0,0,130.29333333333332,132.0,132.0,87.169,57.39533333333333,410.7176666666667,1384,-0.3243288905035773,0.09112632603172194,-0.32906528189500356,0.08638993464029579
I4_Multi_Sparse_Delay,1333,T1R,LAG,BOTH,0.5766701739383147,0.0,0.0,0.0,1.0,4.0,1.0,0.05266666666666667,4,1,0,0,129.94333333333333,132.0,132.0,87.25466666666667,57.098,410.729,1384,0.042524742316564994,0.09786947823691833,0.06676419327785907,0.12210892919821241
I4_Multi_Sparse_Delay,1333,T2,LAG,BOTH,0.5875229434908023,0.0,0.0,0.0,1.0,4.0,1.0,0.1965,4,1,0,0,130.47333333333333,132.0,132.0,87.21966666666667,57.47266666666667,410.91633333333334,1384,0.0665352936246641,0.020976964834187962,0.08189147910156198,0.03633315031108586
I4_Multi_Sparse_Delay,1333,T3,LAG,LAG,0.5459042753746731,0.2848,0.5716,0.1296,0.014,2.1916,0.1436,0.0,35,20,31,20,84.97366666666667,98.0,132.0,87.93266666666666,45.693333333333335,364.2506666666667,1336,0.16584136877818678,-0.014166504813847774,0.16210006921394737,-0.01790780437808719
I4_Multi_Sparse_Delay,1333,O_ALL,LAG,BOTH,0.7356297037214885,0.0,0.0,0.0,1.0,4.0,1.0,0.5025,0,0,0,0,131.52266666666668,132.0,132.0,86.84466666666667,57.903333333333336,411.4436666666667,1384,-0.3510939485150877,0.029275345014009465,-0.3529108610513591,0.027458432477738035
I5_Moving_Delay_Support,1333,T1,LAG,LAG,0.5322238631390391,0.0,1.0,0.0,0.0,3.9526,0.0,0.0,4,0,0,0,93.715,98.0,98.0,87.10966666666667,55.077333333333335,362.03866666666664,1336,-0.18525001975545727,0.0016588853910052745,-0.1855258130398119,0.0013830921066506838
I5_Moving_Delay_Support,1333,T1R,LAG,LAG,0.3731552857292931,0.0,1.0,0.0,0.0,3.9666,0.0,0.0,4,0,0,0,93.4,98.0,98.0,87.08666666666667,54.812,361.906,1336,0.13429598757003383,0.001659632502669011,0.13401988942732698,0.001383534359962165
I5_Moving_Delay_Support,1333,T2,LAG,LAG,0.5177764592950268,0.0,1.0,0.0,0.0,4.0,0.0,0.0,4,0,0,0,95.09166666666667,98.0,98.0,87.10966666666667,56.166,362.583,1336,-0.14727833083989086,0.0016575402663179155,-0.14755390721926132,0.0013819638869474822
I5_Moving_Delay_Support,1333,T3,LAG,LAG,0.18399788961400645,0.166,0.834,0.0,0.0,2.9946,0.0,0.0,12,0,8,0,83.295,98.0,98.0,87.57133333333333,47.71666666666667,358.35833333333335,1336,0.4725574097233333,0.0016575402663179155,0.47228183334396284,0.0013819638869474822
I5_Moving_Delay_Support,1333,O_ALL,LAG,BOTH,0.5211850963566386,0.0,0.0,0.0,1.0,4.0,1.0,0.9838333333333333,0,0,0,0,131.56766666666667,132.0,132.0,86.26333333333334,57.646,411.315,1384,-0.20982519789904241,0.002582946654950401,-0.20998775959619734,0.0024203849577954834
I6_Continuous_Latent_State,1333,T1,RECURRENT,BOTH,0.10490438002649209,0.0,0.0,0.0,1.0,4.0,1.0,0.0,4,1,0,0,127.835,132.0,132.0,86.607,55.23533333333334,409.6376666666667,1384,-0.03838763838325937,0.5668937761545766,-0.038335125742433245,0.5669462887954027
I6_Continuous_Latent_State,1333,T1R,RECURRENT,BOTH,0.10457527386709961,0.0,0.0,0.0,1.0,4.0,1.0,0.0,4,1,0,0,127.59666666666666,132.0,132.0,86.44633333333333,54.916666666666664,409.6383333333333,1384,-0.03839914466498263,0.5695470568401745,-0.041083551786940536,0.5668626497182166
I6_Continuous_Latent_State,1333,T2,RECURRENT,BOTH,0.15667220445826224,0.0,0.0,0.0,1.0,4.0,1.0,0.0003333333333333333,4,1,0,0,127.355,132.0,132.0,86.26433333333334,54.590666666666664,409.4753333333333,1384,0.003712871504669961,0.3277902120240887,-0.0498542700347711,0.2742230704846476
I6_Continuous_Latent_State,1333,T3,RECURRENT,RECURRENT,0.13449751452794148,0.0,0.0,0.9996,0.0004,0.0004,1.0,0.0,3,1,3,0,91.72333333333333,92.0,102.0,88.37266666666666,30.133333333333333,397.1666666666667,1320,-0.029886742756673287,0.33359678815418414,-0.04725910168772238,0.31622442922313504
I6_Continuous_Latent_State,1333,O_ALL,RECURRENT,BOTH,0.16090159119832478,0.0,0.0,0.0,1.0,4.0,1.0,0.005166666666666667,0,0,0,0,130.686,132.0,132.0,85.65666666666667,56.648,410.816,1384,-0.07002329934243054,0.3285059723196692,-0.07878629642699854,0.3197429752351012
I7_Quiescent_Continuous_State,1333,T1,RECURRENT,BOTH,0.12091830427563569,0.0,0.0,0.0,1.0,4.0,1.0,0.2961666666666667,4,1,0,0,127.835,132.0,132.0,84.51833333333333,54.19533333333333,409.11766666666665,1384,-0.03304299803611664,0.392761799501602,-0.03460607690577318,0.3911987206319455
I7_Quiescent_Continuous_State,1333,T1R,RECURRENT,BOTH,0.11818469452975153,0.0,0.0,0.0,1.0,4.0,1.0,0.29633333333333334,4,1,0,0,127.59666666666666,132.0,132.0,83.86433333333333,53.63066666666667,408.99533333333335,1384,-0.034114198957297955,0.3925093651120052,-0.03988640470022323,0.38673715936907993
I7_Quiescent_Continuous_State,1333,T2,RECURRENT,BOTH,0.15878168013611216,0.0,0.0,0.0,1.0,4.0,1.0,0.30483333333333335,4,1,0,0,127.355,132.0,132.0,82.95166666666667,52.940666666666665,408.6503333333333,1384,-0.026152299089644473,0.22962698324219932,-0.054803510930322465,0.20097577140152134
I7_Quiescent_Continuous_State,1333,T3,RECURRENT,RECURRENT,0.12324118706171115,0.3612,0.0,0.6384,0.0004,0.0004,0.6388,0.0,3,2,3,1,81.48933333333333,92.0,102.0,85.09733333333334,28.2,381.752,1320,-0.013721372194644426,0.23558225593178814,-0.038045029308973376,0.21125859881745923
I7_Quiescent_Continuous_State,1333,O_ALL,RECURRENT,BOTH,0.16371516930684019,0.0,0.0,0.0,1.0,4.0,1.0,0.3085,0,0,0,0,130.686,132.0,132.0,81.57933333333334,54.617333333333335,409.80066666666664,1384,-0.07044116056443932,0.23057431936657963,-0.07981651510793229,0.22119896482308665
I8_Quiescent_Discrete_Delay,1333,T1,LAG,LAG,0.5671869347704248,0.0,1.0,0.0,0.0,3.8166,0.0,0.0,4,0,0,0,91.285,98.0,98.0,86.39066666666666,52.739333333333335,360.86966666666666,1336,-0.2274661066527766,-0.0010562733184748332,-0.22745795319354167,-0.0010481198592398795
I8_Quiescent_Discrete_Delay,1333,T1R,LAG,LAG,0.21256494568127626,0.0,1.0,0.0,0.0,3.1054,0.0,0.0,4,0,0,0,85.35,98.0,98.0,84.553,47.09733333333333,358.0486666666667,1336,0.15341562747341272,-0.0009173828353926313,0.15341687053133327,-0.0009161397774720899
I8_Quiescent_Discrete_Delay,1333,T2,LAG,LAG,0.14484019254387598,0.0,1.0,0.0,0.0,3.9994,0.0,0.0,4,0,0,0,93.62666666666667,98.0,98.0,84.624,53.72933333333334,361.36466666666666,1336,0.25861702248032686,-0.0010206646671742233,0.2586852867814937,-0.0009524003660072768
I8_Quiescent_Discrete_Delay,1333,T3,LAG,NONE,0.2081534415802928,0.513,0.487,0.0,0.0,1.522,0.0,0.0,10,0,6,0,71.0,98.0,98.0,87.06033333333333,38.53333333333333,353.76666666666665,1320,0.1892031257520439,-0.0010206646671742233,0.18929386786365895,-0.0009299225555591587
I8_Quiescent_Discrete_Delay,1333,O_ALL,LAG,BOTH,0.5800537578531865,0.0,0.0,0.0,1.0,4.0,1.0,0.9851666666666666,0,0,0,0,130.916,132.0,132.0,84.63,56.31733333333333,410.65066666666667,1384,-0.2793290359679159,-0.00040511678282030366,-0.2790348390963946,-0.00011091991129897946
I9_Hybrid_Delay_Plus_Latent_State,1333,T1,BOTH,BOTH,0.09672447068912354,0.0,0.0,0.0,1.0,3.9722,1.0,0.004,4,1,0,0,126.15466666666667,132.0,132.0,86.741,53.95933333333333,408.85566666666665,1384,0.30739961214142436,0.23828582330362325,0.3574556043199168,0.2883418154821156
I9_Hybrid_Delay_Plus_Latent_State,1333,T1R,BOTH,BOTH,0.09460232192500671,0.0,0.0,0.0,1.0,3.9724,1.0,0.0,4,1,0,0,126.43333333333334,132.0,132.0,86.861,54.06933333333333,409.2146666666667,1384,0.32985871820736323,0.24130061556462076,0.37359484948942806,0.28503674684668556
I9_Hybrid_Delay_Plus_Latent_State,1333,T2,BOTH,BOTH,0.14799273726718962,0.0,0.0,0.0,1.0,3.9902,1.0,0.027666666666666666,4,1,0,0,126.57833333333333,132.0,132.0,86.79633333333334,54.153333333333336,409.25666666666666,1368,0.31131686865180647,0.11042238351351512,0.3339877822220771,0.13309329708378576
I9_Hybrid_Delay_Plus_Latent_State,1333,T3,BOTH,BOTH,0.14673210742033127,0.0,0.0242,0.006,0.9698,3.9066,0.9758,0.0,6,4,2,3,122.85566666666666,132.0,132.0,87.199,53.02133333333333,406.6186666666667,1384,0.29812246129161757,0.10999624842770743,0.33020225015786325,0.1420760372939532
I9_Hybrid_Delay_Plus_Latent_State,1333,O_ALL,BOTH,BOTH,0.37398761809699316,0.0,0.0,0.0,1.0,4.0,1.0,0.06,0,0,0,0,131.47933333333333,132.0,132.0,86.76533333333333,57.82666666666667,411.4053333333333,1384,-0.18617500542930476,0.10578279788208919,-0.18452664230768695,0.10743116100370702
I10_Redundant_Temporal_Structure,1333,T1,REDUNDANT,BOTH,0.2575729969978816,0.0,0.0,0.0,1.0,4.0,1.0,0.0,4,1,0,0,130.73666666666668,132.0,132.0,87.29233333333333,57.784666666666666,410.9123333333333,1384,-0.142196240159033,2.6923490861669856,-0.14345829748752592,2.691087028838493
I10_Redundant_Temporal_Structure,1333,T1R,REDUNDANT,BOTH,0.25693129433641354,0.0,0.0,0.0,1.0,4.0,1.0,0.0,4,1,0,0,130.49,132.0,132.0,87.23466666666667,57.496,410.928,1384,-0.1916492535430873,2.765138902621039,-0.13192768637515986,2.824860469788966
I10_Redundant_Temporal_Structure,1333,T2,REDUNDANT,BOTH,0.5155475104236619,0.0,0.0,0.0,1.0,4.0,1.0,0.0003333333333333333,4,1,0,0,130.75666666666666,132.0,132.0,87.231,57.672666666666665,411.0163333333333,1384,-0.2517792023210839,0.5216293518060837,-0.2705801198234904,0.5028284343036772
I10_Redundant_Temporal_Structure,1333,T3,REDUNDANT,RECURRENT,0.42190916983971,0.0,0.0,0.9804,0.0196,0.0208,1.0,0.0,20,1,20,0,91.89166666666667,92.0,112.0,89.36066666666666,30.717333333333332,397.45866666666666,1320,-0.09739821817974773,0.5250364289671083,-0.08964037874330932,0.5327942684035467
I10_Redundant_Temporal_Structure,1333,O_ALL,REDUNDANT,BOTH,0.51464408932957,0.0,0.0,0.0,1.0,4.0,1.0,0.0,0,0,0,0,131.686,132.0,132.0,87.08666666666667,58.147333333333336,411.5656666666667,1384,-0.28437795053922116,0.5171205490579569,-0.28047029644129595,0.521028203155882
I11_Regime_Switch_Delay_To_Latent,1333,T1,SWITCH_DELAY_TO_LATENT,LAG,0.1372811947022173,0.0,0.5708,0.0,0.4292,3.7086,0.4292,0.0,4,1,0,0,104.42833333333333,132.0,132.0,80.17433333333334,50.42933333333333,376.87466666666666,1384,0.2633423746312611,0.1719477024968254,0.26143944890668924,0.17004477677225358
I11_Regime_Switch_Delay_To_Latent,1333,T1R,SWITCH_DELAY_TO_LATENT,LAG,0.14249665864368463,0.0,0.5936,0.0,0.4064,3.9824,0.4064,0.0,4,1,0,0,105.58733333333333,132.0,132.0,86.44133333333333,54.99466666666667,378.24533333333335,1384,0.26464169201423826,0.1678862705651976,0.2635595471715893,0.16680412572254857
I11_Regime_Switch_Delay_To_Latent,1333,T2,SWITCH_DELAY_TO_LATENT,LAG,0.1745852698659127,0.0,0.5618,0.0,0.4382,4.0,0.4382,0.0,4,1,0,0,108.79666666666667,132.0,132.0,86.42966666666666,56.827333333333335,380.4336666666667,1368,0.2491057471383914,0.09130479657207707,0.2577075137499796,0.09990656318366531
I11_Regime_Switch_Delay_To_Latent,1333,T3,SWITCH_DELAY_TO_LATENT,RECURRENT,0.15279206897751593,0.1484,0.421,0.4304,0.0002,1.6732,0.4306,0.0,8,1,8,0,89.21466666666667,98.0,102.0,87.48633333333333,43.35466666666667,373.3933333333333,1304,0.265650797723183,0.09315669778031832,0.2685614155599854,0.09606731561712073
I11_Regime_Switch_Delay_To_Latent,1333,O_ALL,SWITCH_DELAY_TO_LATENT,BOTH,0.1600925424252835,0.0,0.0,0.0,1.0,4.0,1.0,0.029666666666666668,0,0,0,0,131.24766666666667,132.0,132.0,85.99666666666667,57.266666666666666,411.12533333333334,1384,0.25096593944248063,0.11306866315226032,0.2539501845160177,0.11605290822579738
I12_Regime_Switch_Latent_To_Delay,1333,T1,SWITCH_LATENT_TO_DELAY,BOTH,0.32492762172125467,0.0,0.0,0.0242,0.9758,3.8918,1.0,0.4841666666666667,4,1,0,0,124.085,132.0,132.0,86.799,52.764,408.402,1384,-0.13776469094869595,0.2256584562280323,-0.14148673475935195,0.22193641241737624
I12_Regime_Switch_Latent_To_Delay,1333,T1R,SWITCH_LATENT_TO_DELAY,BOTH,0.3181243739928857,0.0,0.0,0.0,1.0,3.8218,1.0,0.47,4,1,0,0,125.225,132.0,132.0,86.46466666666667,53.01,408.685,1384,-0.08769180354679622,0.22640644588555275,-0.09195741046189504,0.22214083897045395
I12_Regime_Switch_Latent_To_Delay,1333,T2,SWITCH_LATENT_TO_DELAY,BOTH,0.3367600530155419,0.0,0.0,0.0,1.0,3.9198,1.0,0.49166666666666664,4,1,0,0,124.93,132.0,132.0,86.48666666666666,52.977333333333334,408.66866666666664,1384,-0.14361250246246746,0.11901768979845134,-0.14309901878875536,0.11953117347216341
I12_Regime_Switch_Latent_To_Delay,1333,T3,SWITCH_LATENT_TO_DELAY,LAG,0.16766026775198034,0.1326,0.4576,0.4098,0.0,1.6518,0.4098,0.0,9,2,5,2,88.41033333333333,98.0,102.0,87.50966666666666,39.53066666666667,377.76933333333335,1336,0.20108207378911794,0.12077618972299921,0.2021761412217125,0.12187025715559377
I12_Regime_Switch_Latent_To_Delay,1333,O_ALL,SWITCH_LATENT_TO_DELAY,BOTH,0.34461208552792194,0.0,0.0,0.0,1.0,4.0,1.0,0.49333333333333335,0,0,0,0,130.54766666666666,132.0,132.0,85.44266666666667,56.42733333333333,410.7056666666667,1384,-0.13770538265342333,0.11842425317718326,-0.1275044608667435,0.12862517496386308
I13_Regime_Switch_Hybrid_To_Memoryless,1333,T1,SWITCH_HYBRID_TO_NONE,BOTH,0.11422056345946101,0.0,0.0,0.0,1.0,3.9302,1.0,0.4761666666666667,4,1,1,0,125.80633333333333,132.0,132.0,86.09566666666667,53.36066666666667,408.5563333333333,1368,0.10559846232895434,0.1389485177106626,0.11523052088716433,0.14858057626887253
I13_Regime_Switch_Hybrid_To_Memoryless,1333,T1R,SWITCH_HYBRID_TO_NONE,BOTH,0.11140690568946213,0.0,0.0,0.0,1.0,3.9724,1.0,0.4801666666666667,4,1,0,0,126.43333333333334,132.0,132.0,85.54566666666666,53.41466666666667,408.88733333333334,1336,0.12067654982933891,0.14393700946654206,0.12864783304386126,0.15190829268106443
I13_Regime_Switch_Hybrid_To_Memoryless,1333,T2,SWITCH_HYBRID_TO_NONE,BOTH,0.14399293016353976,0.0,0.0,0.0,1.0,3.9644,1.0,0.5193333333333333,4,1,1,0,126.365,132.0,132.0,85.70033333333333,53.438,408.899,1368,0.10745353304571474,0.0647250436759143,0.10465185719157057,0.061923367821770124
I13_Regime_Switch_Hybrid_To_Memoryless,1333,T3,SWITCH_HYBRID_TO_NONE,NONE,0.13108540195977508,0.5698,0.0258,0.006,0.3984,1.6274,0.4044,0.0,6,2,6,2,87.685,132.0,132.0,87.68433333333333,39.547333333333334,377.03366666666665,1272,0.11855463011406096,0.06494949275761468,0.11695956416931963,0.0633544268128734
I13_Regime_Switch_Hybrid_To_Memoryless,1333,O_ALL,SWITCH_HYBRID_TO_NONE,BOTH,0.26123383952997603,0.0,0.0,0.0,1.0,4.0,1.0,0.5176666666666667,0,0,0,0,131.47933333333333,132.0,132.0,85.79666666666667,57.35066666666667,411.1673333333333,1384,-0.11623121414248963,0.06036167503526208,-0.11772836107351566,0.058864528104236084
I14_Intermittent_Hybrid,1333,T1,INTERMITTENT,BOTH,0.14750565697326756,0.0,0.1032,0.0,0.8968,3.7678,0.8968,0.23483333333333334,4,1,1,0,116.03533333333333,132.0,132.0,86.28966666666666,52.326,396.527,1368,0.12302982875578015,0.20014159887643487,0.06811132653059117,0.14522309665124591
I14_Intermittent_Hybrid,1333,T1R,INTERMITTENT,BOTH,0.23052314928460824,0.0,0.0,0.0,1.0,3.6194,1.0,0.2738333333333333,4,1,0,0,120.40133333333333,132.0,132.0,86.655,51.51733333333333,404.0346666666667,1368,-0.0683176468403239,0.24370516109199197,-0.08791424073509858,0.2241085671972173
I14_Intermittent_Hybrid,1333,T2,INTERMITTENT,BOTH,0.15208424383721691,0.0,0.0,0.0,1.0,3.3786,1.0,0.2855,4,1,0,0,118.48833333333333,132.0,132.0,86.43833333333333,49.828,403.294,1384,0.19983605988963618,0.11347064296889935,0.1521963429798249,0.06583092605908804
I14_Intermittent_Hybrid,1333,T3,INTERMITTENT,RECURRENT,0.18966524164762077,0.284,0.1244,0.5242,0.0674,0.6438,0.5916,0.0,11,2,11,2,83.472,102.0,132.0,87.70466666666667,35.826,376.077,1272,0.10742021458055487,0.12527433960956402,0.09415552728314588,0.11200965231215501
I14_Intermittent_Hybrid,1333,O_ALL,INTERMITTENT,BOTH,0.1591679400692166,0.0,0.0,0.0,1.0,4.0,1.0,0.2891666666666667,0,0,0,0,130.856,132.0,132.0,85.64666666666666,56.78,410.882,1384,0.23516097663558785,0.11203178034576024,0.1925213442785405,0.06939214798871284
I1_Memoryless_Linear,1334,T1,NONE,NONE,0.1217153293359144,1.0,0.0,0.0,0.0,0.0,0.0,0.0,0,0,0,0,58.0,58.0,58.0,77.57,24.02,346.51,1272,-0.013103170628267909,-0.0012872790455509162,-0.013103170628267909,-0.0012872790455509162
I1_Memoryless_Linear,1334,T1R,NONE,NONE,0.1217153293359144,1.0,0.0,0.0,0.0,0.0,0.0,0.0,0,0,0,0,58.0,58.0,58.0,77.57,24.02,346.51,1272,-0.013103170628267909,-0.0012872790455509162,-0.013103170628267909,-0.0012872790455509162
I1_Memoryless_Linear,1334,T2,NONE,NONE,0.1217153293359144,1.0,0.0,0.0,0.0,0.0,0.0,0.0,0,0,0,0,58.0,58.0,58.0,77.57,24.02,346.51,1272,-0.013103170628267909,-0.0012872790455509162,-0.013103170628267909,-0.0012872790455509162
I1_Memoryless_Linear,1334,T3,NONE,NONE,0.1217153293359144,1.0,0.0,0.0,0.0,0.0,0.0,0.0,0,0,0,0,58.0,58.0,58.0,77.57,24.02,346.51,1272,-0.013103170628267909,-0.0012872790455509162,-0.013103170628267909,-0.0012872790455509162
I1_Memoryless_Linear,1334,O_ALL,NONE,BOTH,0.14498404105602708,0.0,0.0,0.0,1.0,3.6906,1.0,0.8528333333333333,0,0,0,0,122.94266666666667,132.0,132.0,72.05666666666667,43.696666666666665,404.3403333333333,1368,-0.027884242316921982,0.0006225238356604932,-0.027873626246378916,0.0006331399062035514
I2_Static_Nonlinear_Negative_Control,1334,T1,NONE,BOTH,1.41146839505401,0.0,0.0,0.0,1.0,4.0,1.0,0.0545,4,1,0,0,125.657,132.0,132.0,86.893,56.378,405.313,1384,-0.24712296955341234,1.5391666581785686,-0.25842085519542934,1.5278687725365516
I2_Static_Nonlinear_Negative_Control,1334,T1R,NONE,BOTH,1.3581004339404565,0.0,0.0,0.0,1.0,3.9092,1.0,0.09733333333333333,4,1,0,0,123.07866666666666,132.0,132.0,86.682,54.22,404.234,1384,-0.1595064614119804,0.9772997373446172,-0.19699456340589264,0.9398116353507049
I2_Static_Nonlinear_Negative_Control,1334,T2,NONE,BOTH,1.3344566562129019,0.0,0.0998,0.0,0.9002,3.9912,0.9002,0.5643333333333334,4,1,0,0,119.96333333333334,132.0,132.0,86.67633333333333,55.472,398.236,1384,-0.23807207781247824,0.014252186721281061,-0.23839839089021272,0.013925873643546598
I2_Static_Nonlinear_Negative_Control,1334,T3,NONE,NONE,1.1151775633479775,0.9214,0.03,0.0486,0.0,0.032,0.0486,0.0,22,2,22,2,59.712,68.0,92.0,88.731,30.450666666666667,351.6693333333333,1272,-0.06733569099418556,0.008559804708399173,-0.06475530268069127,0.011140193021893476
I2_Static_Nonlinear_Negative_Control,1334,O_ALL,NONE,BOTH,1.3268758394866649,0.0,0.0,0.0,1.0,4.0,1.0,0.8053333333333333,0,0,0,0,131.14766666666668,132.0,132.0,86.12466666666667,57.25,411.117,1384,-0.21498821359575174,0.012045688972091417,-0.21601311135518997,0.011020791212653216
I3_Single_Exact_Delay,1334,T1,LAG,LAG,0.09877851254469436,0.0,1.0,0.0,0.0,3.4686,0.0,0.0,4,0,0,0,87.82666666666667,98.0,98.0,80.917,47.404666666666664,358.20233333333334,1320,0.6239158619439089,-0.0025592574772249797,0.6242092359613858,-0.0022658834597480675
I3_Single_Exact_Delay,1334,T1R,LAG,LAG,0.10250630845419706,0.0,1.0,0.0,0.0,3.8936,0.0,0.0,5,0,1,0,92.13666666666667,98.0,98.0,86.91133333333333,53.830666666666666,361.4153333333333,1336,0.6241267907932717,-0.0025592574772249797,0.6244201648107486,-0.0022658834597480675
I3_Single_Exact_Delay,1334,T2,LAG,LAG,0.13721953136106732,0.0,1.0,0.0,0.0,4.0,0.0,0.0,4,0,0,0,93.08666666666667,98.0,98.0,86.88166666666666,54.57,361.785,1336,0.5921186034429465,-0.0025592574772249797,0.5924119774604235,-0.0022658834597480675
I3_Single_Exact_Delay,1334,T3,LAG,LAG,0.1361258604326099,0.0,1.0,0.0,0.0,4.0,0.0,0.0,5,0,1,0,94.215,98.0,98.0,86.732,55.29066666666667,362.1453333333333,1336,0.582849501745813,-0.0025592574772249797,0.583265277516022,-0.0021434817070160304
I3_Single_Exact_Delay,1334,O_ALL,LAG,BOTH,0.5357603398800865,0.0,0.0,0.0,1.0,4.0,1.0,0.9808333333333333,0,0,0,0,131.331,132.0,132.0,86.39933333333333,57.53,411.257,1384,-0.1626841548659985,0.0009466272112851774,-0.1637739446766614,-0.0001431625993777538
I4_Multi_Sparse_Delay,1334,T1,LAG,BOTH,0.7149538441999019,0.0,0.0,0.0,1.0,4.0,1.0,0.19816666666666666,4,1,0,0,130.1,132.0,132.0,87.13566666666667,57.408,410.404,1384,-0.28975718240663795,0.10469169981190082,-0.31122960890495854,0.0832192733135802
I4_Multi_Sparse_Delay,1334,T1R,LAG,BOTH,0.7157500775202024,0.0,0.0,0.0,1.0,4.0,1.0,0.1945,4,1,0,0,129.585,132.0,132.0,87.153,56.784666666666666,410.57233333333335,1384,-0.34107838769180665,0.10989675816758743,-0.33559167689000735,0.11538346896938667
I4_Multi_Sparse_Delay,1334,T2,LAG,BOTH,0.7160225220431352,0.0,0.0,0.0,1.0,4.0,1.0,0.5348333333333334,4,1,0,0,129.955,132.0,132.0,87.109,57.013333333333335,410.68666666666667,1384,-0.3538902094416561,0.047515879651656455,-0.3653445887137146,0.03606150037959792
I4_Multi_Sparse_Delay,1334,T3,LAG,NONE,0.5389443632022495,0.4434,0.3994,0.1366,0.0206,1.3848,0.1572,0.0,43,17,39,17,75.90466666666667,98.0,132.0,88.28266666666667,38.658,361.805,1336,0.08143451988977718,0.022059572706369397,0.07492081952223006,0.015545872338822304
I4_Multi_Sparse_Delay,1334,O_ALL,LAG,BOTH,0.7224956982762369,0.0,0.0,0.0,1.0,4.0,1.0,0.5145,0,0,0,0,131.431,132.0,132.0,86.716,57.766,411.375,1384,-0.32226228151312786,0.03576889715502097,-0.3271022830426493,0.030928895625499504
I5_Moving_Delay_Support,1334,T1,LAG,LAG,0.37197538774307004,0.0,1.0,0.0,0.0,3.8572,0.0,0.0,4,0,0,0,91.11,98.0,98.0,86.42866666666667,52.78933333333333,360.8946666666667,1336,0.09165756657307672,-0.0002566693626562987,0.09190313730643741,-1.1098629295603716e-05
I5_Moving_Delay_Support,1334,T1R,LAG,LAG,0.5458244499305409,0.0,1.0,0.0,0.0,3.9556,0.0,0.0,4,0,0,0,92.22666666666667,98.0,98.0,86.99566666666666,53.96666666666667,361.48333333333335,1336,-0.20251928798013588,-0.0002566693626562987,-0.20227371724677515,-1.1098629295603716e-05
I5_Moving_Delay_Support,1334,T2,LAG,LAG,0.38039347360264414,0.0,1.0,0.0,0.0,3.9654,0.0,0.0,4,0,0,0,92.185,98.0,98.0,86.93933333333334,53.90133333333333,361.4506666666667,1336,0.10049890103526153,-0.0002566693626562987,0.10074447176862222,-1.1098629295603716e-05
I5_Moving_Delay_Support,1334,T3,LAG,LAG,0.23799478775567337,0.3282,0.6718,0.0,0.0,2.1772,0.0,0.0,12,0,8,0,76.13666666666667,98.0,98.0,87.68233333333333,42.55266666666667,355.77633333333335,1336,0.3591419291799499,-0.0002566693626562987,0.3593874999133106,-1.1098629295603716e-05
I5_Moving_Delay_Support,1334,O_ALL,LAG,BOTH,0.5648343665319989,0.0,0.0,0.0,1.0,5.0,1.0,0.9671666666666666,0,0,0,0,141.09766666666667,142.0,142.0,85.836,65.03533333333333,415.00966666666665,1400,-0.2564583483420524,0.004885795332071556,-0.25646141015415536,0.004882733519968584
I6_Continuous_Latent_State,1334,T1,RECURRENT,BOTH,0.1086178608494527,0.0,0.0,0.0,1.0,3.9952,1.0,0.0,4,1,0,0,126.88333333333334,132.0,132.0,86.15866666666666,54.282666666666664,409.16133333333335,1384,-0.035889835692985234,0.5367278781555321,-0.045150306846008834,0.5274674070025085
I6_Continuous_Latent_State,1334,T1R,RECURRENT,BOTH,0.10525215562536434,0.0,0.0,0.0,1.0,3.7704,1.0,0.0,4,1,0,0,123.67333333333333,132.0,132.0,86.36033333333333,51.88466666666667,408.12233333333336,1384,-0.0362819331037749,0.5393499675799618,-0.046334603659098965,0.5292972970246377
I6_Continuous_Latent_State,1334,T2,RECURRENT,BOTH,0.1678655077030104,0.0,0.0,0.0,1.0,4.0,1.0,0.0,4,1,0,0,126.76166666666667,132.0,132.0,86.30133333333333,54.29666666666667,409.3283333333333,1384,-0.06902905433997522,0.33385591688124056,-0.07621167378543847,0.3266732974357773
I6_Continuous_Latent_State,1334,T3,RECURRENT,RECURRENT,0.1373674996637801,0.0,0.0,0.9986,0.0014,0.0014,1.0,0.0,2,1,2,0,91.72833333333334,92.0,102.0,88.29166666666667,30.058,397.129,1320,-0.03831582103665871,0.3363545711001503,-0.045336544679473935,0.3293338474573351
I6_Continuous_Latent_State,1334,O_ALL,RECURRENT,BOTH,0.16899115096739523,0.0,0.0,0.0,1.0,4.0,1.0,0.0,0,0,0,0,130.82433333333333,132.0,132.0,85.594,56.727333333333334,410.85566666666665,1368,-0.10875378107815138,0.3374529339887711,-0.0907239830366266,0.35548273203029584
I7_Quiescent_Continuous_State,1334,T1,RECURRENT,BOTH,0.18992750799568964,0.0,0.0,0.0,1.0,3.9952,1.0,0.2415,4,1,0,0,126.88333333333334,132.0,132.0,84.514,53.464,408.752,1384,-0.053884923841703035,0.3954092126581576,-0.07932875988600116,0.3699653766138595
I7_Quiescent_Continuous_State,1334,T1R,RECURRENT,BOTH,0.17348308971763593,0.0,0.0,0.0,1.0,3.7704,1.0,0.266,4,1,0,0,123.67333333333333,132.0,132.0,83.75766666666667,50.588,407.474,1384,-0.025513638294429073,0.3923848404152296,-0.05725503686446115,0.3606434418451975
I7_Quiescent_Continuous_State,1334,T2,RECURRENT,BOTH,0.18239500200517636,0.0,0.0,0.0,1.0,4.0,1.0,0.30716666666666664,4,1,0,0,126.76166666666667,132.0,132.0,82.49933333333334,52.402,408.381,1384,-0.08898365051500674,0.23657790130127007,-0.09945425735149004,0.22610729446478678
I7_Quiescent_Continuous_State,1334,T3,RECURRENT,RECURRENT,0.12994711205975126,0.3754,0.0,0.6246,0.0,0.0,0.6246,0.0,0,2,0,1,81.08033333333333,92.0,92.0,85.84133333333334,28.622666666666667,381.3953333333333,1320,-0.016880287046120452,0.23550897951619512,-0.03267803483807859,0.219711231724237
I7_Quiescent_Continuous_State,1334,O_ALL,RECURRENT,BOTH,0.17919855618643257,0.0,0.0,0.0,1.0,4.0,1.0,0.308,0,0,0,0,130.82433333333333,132.0,132.0,81.91666666666667,54.894666666666666,409.9393333333333,1384,-0.11088894574872409,0.2383632015204841,-0.09179822140804639,0.2574539258611618
I8_Quiescent_Discrete_Delay,1334,T1,LAG,LAG,0.09929814786517961,0.0,1.0,0.0,0.0,3.0404,0.0,0.0,4,0,0,0,84.25833333333334,98.0,98.0,76.23033333333333,42.223333333333336,355.6116666666667,1336,0.407698927628909,-0.0025592574772249797,0.4079923016463859,-0.0022658834597480675
I8_Quiescent_Discrete_Delay,1334,T1R,LAG,LAG,0.1131227102865089,0.0,1.0,0.0,0.0,3.9466,0.0,0.0,4,0,0,0,92.57833333333333,98.0,98.0,82.40466666666667,51.938,360.469,1336,0.3921455775773804,-0.0025592574772249797,0.3924389515948573,-0.0022658834597480675
I8_Quiescent_Discrete_Delay,1334,T2,LAG,LAG,0.1466774229028265,0.0,1.0,0.0,0.0,4.0,0.0,0.0,4,0,0,0,93.08666666666667,98.0,98.0,84.36433333333333,53.31666666666667,361.15833333333336,1336,0.36997846046100963,-0.0025592574772249797,0.37027183447848655,-0.0022658834597480675
I8_Quiescent_Discrete_Delay,1334,T3,LAG,LAG,0.1366495721064333,0.3564,0.6436,0.0,0.0,2.2878,0.0,0.0,9,0,5,0,79.94666666666667,98.0,98.0,85.10533333333333,43.980666666666664,356.49033333333335,1336,0.3680128266325024,-0.0025592574772249797,0.36842860240271136,-0.0021434817070160304
I8_Quiescent_Discrete_Delay,1334,O_ALL,LAG,BOTH,0.5671771963623331,0.0,0.0,0.0,1.0,4.0,1.0,0.9811666666666666,0,0,0,0,131.331,132.0,132.0,83.94466666666666,56.306666666666665,410.6453333333333,1384,-0.21066472312081116,0.0010006900792354607,-0.2118533555265319,-0.00018794232648526677
I9_Hybrid_Delay_Plus_Latent_State,1334,T1,BOTH,BOTH,0.09679543805557123,0.0,0.0,0.0,1.0,4.0,1.0,0.0,4,1,0,0,126.24166666666666,132.0,132.0,86.156,53.798,408.919,1384,0.4057496157499676,0.26641755367623554,0.39758285940432425,0.25825079733059214
I9_Hybrid_Delay_Plus_Latent_State,1334,T1R,BOTH,BOTH,0.09806784214172731,0.0,0.0,0.0,1.0,4.0,1.0,0.0,4,1,0,0,129.05333333333334,132.0,132.0,86.50433333333334,56.052,410.206,1384,0.4444049212840964,0.2765885181543133,0.4208436121419132,0.25302720901213005
I9_Hybrid_Delay_Plus_Latent_State,1334,T2,BOTH,BOTH,0.36830284900365584,0.0,0.0,0.0,1.0,4.0,1.0,0.0515,4,1,0,0,129.06666666666666,132.0,132.0,86.35566666666666,55.88466666666667,410.12233333333336,1384,-0.16032304647978204,0.13173242936306706,-0.1599185033468206,0.13213697249602854
I9_Hybrid_Delay_Plus_Latent_State,1334,T3,BOTH,BOTH,0.14882282744970146,0.0,0.0926,0.0,0.9074,4.0,0.9074,0.0,5,13,1,12,125.928,132.0,132.0,86.15,55.51,406.151,1384,0.45994798822805666,0.1464015927192908,0.42941614251072424,0.11586974700195832
I9_Hybrid_Delay_Plus_Latent_State,1334,O_ALL,BOTH,BOTH,0.3662490633866703,0.0,0.0,0.0,1.0,4.0,1.0,0.051333333333333335,0,0,0,0,130.56933333333333,132.0,132.0,86.076,56.760666666666665,410.87233333333336,1384,-0.17851549875694422,0.14434994761858286,-0.18266603985199692,0.1401994065235302
I10_Redundant_Temporal_Structure,1334,T1,REDUNDANT,BOTH,0.257526438271177,0.0,0.0,0.0,1.0,4.0,1.0,0.0,4,1,0,0,130.42,132.0,132.0,87.20833333333333,57.541333333333334,410.79066666666665,1384,-0.16035116714295575,3.117978275906405,-0.12245302069171535,3.155876422357645
I10_Redundant_Temporal_Structure,1334,T1R,REDUNDANT,BOTH,0.2600313942234255,0.0,0.0,0.0,1.0,4.0,1.0,0.0,4,1,0,0,130.475,132.0,132.0,87.121,57.45133333333333,410.90566666666666,1384,-0.17475122360711656,3.0414427723054502,-0.12764986264323927,3.0885441332693273
I10_Redundant_Temporal_Structure,1334,T2,REDUNDANT,BOTH,0.5217613927696456,0.0,0.0,0.0,1.0,4.0,1.0,0.00016666666666666666,4,1,0,0,129.34166666666667,132.0,132.0,87.104,56.522666666666666,410.4413333333333,1384,-0.2730076070804653,0.4564971803428356,-0.24949150782292984,0.48001327960037105
I10_Redundant_Temporal_Structure,1334,T3,REDUNDANT,RECURRENT,0.42828100183410134,0.0,0.0,0.9324,0.0676,0.0912,1.0,0.0,28,1,28,0,92.47833333333334,102.0,122.0,89.05466666666666,30.915333333333333,397.55766666666665,1320,-0.08989371773694124,0.4655067981654965,-0.08795687449444838,0.4674436414079894
I10_Redundant_Temporal_Structure,1334,O_ALL,REDUNDANT,BOTH,0.5162515341558479,0.0,0.0,0.0,1.0,4.0,1.0,0.0,0,0,0,0,131.39433333333332,132.0,132.0,86.82266666666666,57.78666666666667,411.38533333333334,1384,-0.2730799023785506,0.46079153435308684,-0.2618709091729658,0.47200052755867167
I11_Regime_Switch_Delay_To_Latent,1334,T1,SWITCH_DELAY_TO_LATENT,BOTH,0.12428574811869736,0.0,0.4832,0.0,0.5168,4.0,0.5168,0.0,4,1,0,0,108.26866666666666,132.0,132.0,84.425,53.776,382.052,1384,0.21160497777427392,0.1587684381118455,0.2147023216872508,0.16186578202482238
I11_Regime_Switch_Delay_To_Latent,1334,T1R,SWITCH_DELAY_TO_LATENT,BOTH,0.12419624240351347,0.0,0.4872,0.0,0.5128,3.8718,0.5128,0.0,4,1,0,0,105.86866666666667,132.0,132.0,86.642,53.06,381.534,1384,0.21949148497615303,0.15594826192242667,0.21453699246076344,0.15099376940703704
I11_Regime_Switch_Delay_To_Latent,1334,T2,SWITCH_DELAY_TO_LATENT,LAG,0.16925961681174534,0.0,0.5708,0.0,0.4292,3.8806,0.4292,0.0,4,1,0,0,104.22166666666666,132.0,132.0,86.677,53.65,378.485,1384,0.21295933908077444,0.08658125506548743,0.20652848017531758,0.08015039616003053
I11_Regime_Switch_Delay_To_Latent,1334,T3,SWITCH_DELAY_TO_LATENT,LAG,0.15025708000729787,0.1236,0.4474,0.428,0.001,1.6446,0.429,0.0,11,1,11,0,85.46433333333333,98.0,102.0,87.68166666666667,40.57333333333333,371.9386666666667,1320,0.2325007408694889,0.08800834437286223,0.22575128914458395,0.08125889264795728
I11_Regime_Switch_Delay_To_Latent,1334,O_ALL,SWITCH_DELAY_TO_LATENT,BOTH,0.29994927077720257,0.0,0.0,0.0,1.0,4.0,1.0,0.6176666666666667,0,0,0,0,131.21766666666667,132.0,132.0,85.65933333333334,57.068666666666665,411.02633333333335,1368,-0.08331980511961122,0.08245449665204332,-0.09536287787492166,0.0704114238967329
I12_Regime_Switch_Latent_To_Delay,1334,T1,SWITCH_LATENT_TO_DELAY,BOTH,0.3155996535490747,0.0,0.0,0.0,1.0,3.834,1.0,0.4671666666666667,4,1,0,0,124.08833333333334,132.0,132.0,86.39533333333334,52.322,408.181,1384,-0.09781665339317641,0.2355913971014628,-0.1017475688397803,0.23166048165485886
I12_Regime_Switch_Latent_To_Delay,1334,T1R,SWITCH_LATENT_TO_DELAY,BOTH,0.31588886447187425,0.0,0.0,0.0,1.0,3.3406,1.0,0.4835,4,1,0,0,120.09,132.0,132.0,86.38333333333334,49.036,406.698,1384,-0.08473135986509177,0.24691665874308583,-0.08754596519378412,0.2441020534143935
I12_Regime_Switch_Latent_To_Delay,1334,T2,SWITCH_LATENT_TO_DELAY,BOTH,0.33603753342974807,0.0,0.0,0.0,1.0,3.7446,1.0,0.488,4,1,0,0,124.375,132.0,132.0,86.01133333333334,52.12866666666667,408.2443333333333,1384,-0.09007088610992563,0.12839473148659208,-0.10735295491008434,0.11111266268643338
I12_Regime_Switch_Latent_To_Delay,1334,T3,SWITCH_LATENT_TO_DELAY,LAG,0.15525131678177678,0.0678,0.5186,0.4122,0.0014,1.9752,0.4136,0.0,9,1,5,1,91.561,98.0,102.0,87.11566666666667,41.25333333333333,379.27866666666665,1336,0.2166959856331315,0.13148760687525776,0.21646924834237513,0.1312608695845014
I12_Regime_Switch_Latent_To_Delay,1334,O_ALL,SWITCH_LATENT_TO_DELAY,BOTH,0.33860398540713493,0.0,0.0,0.0,1.0,4.0,1.0,0.4851666666666667,0,0,0,0,130.39433333333332,132.0,132.0,85.30333333333333,56.24,410.612,1384,-0.13577227573099462,0.13412463899724558,-0.12796102661219277,0.1419358881160474
I13_Regime_Switch_Hybrid_To_Memoryless,1334,T1,SWITCH_HYBRID_TO_NONE,BOTH,0.11420384474726196,0.0,0.0,0.0,1.0,3.8712,1.0,0.48233333333333334,4,1,1,0,125.17,132.0,132.0,85.55066666666667,52.642,408.341,1352,0.1703996248461402,0.16587146541746886,0.1570889133991948,0.15256075397052343
I13_Regime_Switch_Hybrid_To_Memoryless,1334,T1R,SWITCH_HYBRID_TO_NONE,BOTH,0.1159802443749889,0.0,0.0,0.0,1.0,3.9994,1.0,0.42883333333333334,4,1,1,0,129.05,132.0,132.0,86.005,55.800666666666665,410.08033333333333,1368,0.20083884296515053,0.1772211759697082,0.17598991249869822,0.15237224550325593
I13_Regime_Switch_Hybrid_To_Memoryless,1334,T2,SWITCH_HYBRID_TO_NONE,BOTH,0.258163155249909,0.0,0.0,0.0,1.0,4.0,1.0,0.523,4,1,0,0,129.06666666666666,132.0,132.0,85.405,55.416,409.888,1368,-0.10507432411658187,0.07695739670000917,-0.10535524922132822,0.0766764715952628
I13_Regime_Switch_Hybrid_To_Memoryless,1334,T3,SWITCH_HYBRID_TO_NONE,NONE,0.13057513551895142,0.584,0.0116,0.0,0.4044,1.664,0.4044,0.0,5,2,5,2,92.222,132.0,132.0,86.69033333333333,41.721333333333334,379.1446666666667,1272,0.22349059354000234,0.0887023513268011,0.20355534318216717,0.06876710096896596
I13_Regime_Switch_Hybrid_To_Memoryless,1334,O_ALL,SWITCH_HYBRID_TO_NONE,BOTH,0.258390174215937,0.0,0.0,0.0,1.0,4.0,1.0,0.5165,0,0,0,0,130.56933333333333,132.0,132.0,84.924,56.19,410.587,1368,-0.11791878904042619,0.08683998868935654,-0.1237868297506868,0.08097194797909596
I14_Intermittent_Hybrid,1334,T1,INTERMITTENT,BOTH,0.11816315249418649,0.0,0.1152,0.0,0.8848,4.0,0.8848,0.23483333333333334,4,1,0,0,119.34533333333333,132.0,132.0,86.041,55.10466666666667,397.4363333333333,1384,0.1963280612677061,0.19107082598149366,0.14936166449517746,0.14410442920896505
I14_Intermittent_Hybrid,1334,T1R,INTERMITTENT,BOTH,0.11569092608631774,0.0,0.0,0.0,1.0,3.8298,1.0,0.23366666666666666,4,1,0,0,125.16866666666667,132.0,132.0,86.47033333333333,53.455333333333336,408.13166666666666,1384,0.19373437939757082,0.19892466487392188,0.14868897870822176,0.15387926418457284
I14_Intermittent_Hybrid,1334,T2,INTERMITTENT,BOTH,0.15318359332567838,0.0,0.0,0.0,1.0,3.989,1.0,0.2425,4,1,0,0,126.61866666666667,132.0,132.0,86.53433333333334,54.644,408.726,1384,0.1900967711524833,0.11541103309420649,0.1431558464548582,0.06847010839658137
I14_Intermittent_Hybrid,1334,T3,INTERMITTENT,RECURRENT,0.22603421632770687,0.3506,0.0,0.6436,0.0058,0.007,0.6494,0.0,9,2,9,2,76.48966666666666,92.0,112.0,88.61266666666667,30.285333333333334,375.6186666666667,1272,-0.04797817355871598,0.11659304684336746,-0.05639887193106366,0.1081723484710198
I14_Intermittent_Hybrid,1334,O_ALL,INTERMITTENT,BOTH,0.2731972078545821,0.0,0.0,0.0,1.0,4.0,1.0,0.346,0,0,0,0,131.146,132.0,132.0,86.06933333333333,57.21933333333333,411.1016666666667,1384,-0.14047292756819293,0.1230821646097579,-0.14096528300278724,0.12258980917516359
I1_Memoryless_Linear,1335,T1,NONE,NONE,0.12066976749105417,1.0,0.0,0.0,0.0,0.0,0.0,0.0,0,0,0,0,58.0,58.0,58.0,73.77533333333334,21.894666666666666,345.44733333333335,1224,-0.007313693063645944,0.002896935027583208,-0.007313693063645944,0.002896935027583208
I1_Memoryless_Linear,1335,T1R,NONE,NONE,0.12066976749105417,1.0,0.0,0.0,0.0,0.0,0.0,0.0,0,0,0,0,58.0,58.0,58.0,73.77533333333334,21.894666666666666,345.44733333333335,1224,-0.007313693063645944,0.002896935027583208,-0.007313693063645944,0.002896935027583208
I1_Memoryless_Linear,1335,T2,NONE,NONE,0.12066976749105417,1.0,0.0,0.0,0.0,0.0,0.0,0.0,0,0,0,0,58.0,58.0,58.0,73.77533333333334,21.894666666666666,345.44733333333335,1224,-0.007313693063645944,0.002896935027583208,-0.007313693063645944,0.002896935027583208
I1_Memoryless_Linear,1335,T3,NONE,NONE,0.12066976749105417,1.0,0.0,0.0,0.0,0.0,0.0,0.0,0,0,0,0,58.0,58.0,58.0,73.77533333333334,21.894666666666666,345.44733333333335,1224,-0.007313693063645944,0.002896935027583208,-0.007313693063645944,0.002896935027583208
I1_Memoryless_Linear,1335,O_ALL,NONE,BOTH,0.14469476378316778,0.0,0.0,0.0,1.0,4.0,1.0,0.9421666666666667,0,0,0,0,127.291,132.0,132.0,70.44666666666667,46.362,405.673,1336,-0.027294112387145675,0.00278416717767497,-0.027102896388012745,0.0029753831768079037
I2_Static_Nonlinear_Negative_Control,1335,T1,NONE,LAG,1.3018316445453597,0.0,0.8024,0.0,0.1976,3.8602,0.1976,0.015,4,1,0,0,96.51966666666667,132.0,132.0,86.50666666666666,52.68533333333333,368.7386666666667,1384,-0.16637136862388568,0.0234358423064029,-0.15670693228919533,0.03310027864109327
I2_Static_Nonlinear_Negative_Control,1335,T1R,NONE,LAG,1.3322754912797847,0.0,0.7326,0.0,0.2674,3.8542,0.2674,0.036,4,1,0,0,98.69566666666667,132.0,132.0,86.27633333333333,52.732,371.554,1384,-0.1575776676334434,0.06552087732564171,-0.16324766752688172,0.059850877432203395
I2_Static_Nonlinear_Negative_Control,1335,T2,NONE,BOTH,1.2901227223288894,0.0,0.0616,0.0,0.9384,3.7232,0.9384,0.6271666666666667,4,1,0,0,116.36733333333333,132.0,132.0,86.19733333333333,51.620666666666665,397.8383333333333,1368,-0.16618724567546933,-0.0041555969356792755,-0.1664594430127968,-0.004427794273006712
I2_Static_Nonlinear_Negative_Control,1335,T3,NONE,NONE,1.0831741927614356,0.9838,0.0162,0.0,0.0,0.0172,0.0,0.0,10,0,10,0,58.14333333333333,58.0,78.0,88.177,30.065333333333335,349.53266666666667,1272,-0.07786496792107155,-0.001590606630784116,-0.0787178885311371,-0.0024435272408496766
I2_Static_Nonlinear_Negative_Control,1335,O_ALL,NONE,BOTH,1.30337506369598,0.0,0.0,0.0,1.0,4.0,1.0,0.8323333333333334,0,0,0,0,130.521,132.0,132.0,84.83333333333333,56.10733333333334,410.54566666666665,1368,-0.22010645851381436,-0.0063485266693059424,-0.22059234459234825,-0.006834412747839836
I3_Single_Exact_Delay,1335,T1,LAG,LAG,0.5331289471914784,0.0,1.0,0.0,0.0,3.8318,0.0,0.0,4,0,0,0,90.88666666666667,98.0,98.0,86.94466666666666,52.844,360.922,1336,-0.17125498154666718,0.002862530409749798,-0.17107154588230172,0.0030459660741152393
I3_Single_Exact_Delay,1335,T1R,LAG,LAG,0.1452667549643583,0.0,1.0,0.0,0.0,3.6048,0.0,0.0,5,0,1,0,88.125,98.0,98.0,86.983,50.898,359.949,1336,0.5086504703241983,0.002862530409749798,0.5088339059885637,0.0030459660741152393
I3_Single_Exact_Delay,1335,T2,LAG,LAG,0.5260606502069094,0.0,1.0,0.0,0.0,3.9714,0.0,0.0,4,0,0,0,93.35666666666667,98.0,98.0,86.74733333333333,54.717333333333336,361.8586666666667,1336,-0.1951371234189968,0.002862530409749798,-0.1949536877546314,0.0030459660741152393
I3_Single_Exact_Delay,1335,T3,LAG,LAG,0.26965169911728154,0.4578,0.5422,0.0,0.0,1.9488,0.0,0.0,11,0,7,0,74.265,98.0,98.0,87.777,41.403333333333336,355.20166666666665,1336,0.3051541361869756,0.002862530409749798,0.305337571851341,0.0030459660741152393
I3_Single_Exact_Delay,1335,O_ALL,LAG,BOTH,0.5289755437803109,0.0,0.0,0.0,1.0,4.0,1.0,0.9705,0,0,0,0,131.15933333333334,132.0,132.0,86.27066666666667,57.33266666666667,411.15833333333336,1384,-0.18157705707261576,0.0028854883416782494,-0.1812254268386538,0.0032371185756401993
I4_Multi_Sparse_Delay,1335,T1,LAG,BOTH,0.7291188448815266,0.0,0.0,0.0,1.0,4.0,1.0,0.17816666666666667,4,1,0,0,128.72633333333334,132.0,132.0,87.011,56.544666666666664,409.54833333333335,1384,-0.2781916324498146,0.1511432800173803,-0.27050101090384404,0.15883390156335084
I4_Multi_Sparse_Delay,1335,T1R,LAG,BOTH,0.7236504672807053,0.0,0.0,0.0,1.0,4.0,1.0,0.18066666666666667,4,1,0,0,129.81766666666667,132.0,132.0,86.982,56.864,410.604,1384,-0.3617973676087082,0.1398690777140874,-0.3629918349491344,0.13867461037366124
I4_Multi_Sparse_Delay,1335,T2,LAG,BOTH,0.7380403889176306,0.0,0.0,0.0,1.0,4.0,1.0,0.3935,4,1,0,0,129.401,132.0,132.0,86.96533333333333,56.546,410.445,1384,-0.27431807009349807,0.06708335930319208,-0.27306081739420296,0.06834061200248716
I4_Multi_Sparse_Delay,1335,T3,LAG,LAG,0.4586301986910241,0.2192,0.4844,0.1212,0.1752,2.3186,0.2964,0.0,25,16,21,16,87.143,132.0,132.0,87.802,43.674,369.993,1336,0.4064770371712403,0.04769395069466754,0.41946872220017256,0.060685635723599834
I4_Multi_Sparse_Delay,1335,O_ALL,LAG,BOTH,0.7297190451764233,0.0,0.0,0.0,1.0,4.0,1.0,0.42633333333333334,0,0,0,0,131.041,132.0,132.0,86.63,57.412,411.198,1384,-0.2881829186771765,0.06035855637427604,-0.27100591669094126,0.07753555836051124
I5_Moving_Delay_Support,1335,T1,LAG,LAG,0.5258337875319913,0.0,1.0,0.0,0.0,4.0,0.0,0.0,4,0,0,0,94.12833333333333,98.0,98.0,87.07566666666666,55.33533333333333,362.16766666666666,1336,-0.1780675125444796,-0.0008301587608398178,-0.17808348809681357,-0.0008461343131737899
I5_Moving_Delay_Support,1335,T1R,LAG,BOTH,0.3490951782657614,0.0,0.0,0.0,1.0,3.9852,1.0,0.4816666666666667,4,1,0,0,126.32633333333334,132.0,132.0,87.14766666666667,54.558,409.115,1368,0.1856372333165729,-0.0011266144267097263,0.1854585665665915,-0.0013052811766911027
I5_Moving_Delay_Support,1335,T2,LAG,BOTH,0.5183229179186213,0.0,0.0,0.0,1.0,4.0,1.0,0.9638333333333333,4,1,0,0,128.14966666666666,132.0,132.0,86.80566666666667,55.59466666666667,409.6333333333333,1384,-0.14405169558853834,-0.0016169078754978566,-0.14424284227940432,-0.001808054566363825
I5_Moving_Delay_Support,1335,T3,LAG,NONE,0.330545210713879,0.6514,0.3486,0.0,0.0,1.1714,0.0,0.0,13,0,9,0,67.835,98.0,98.0,88.461,37.12866666666667,353.0643333333333,1320,0.15484325123490422,-0.000844127350575577,0.1549418200532142,-0.00074555853226562
I5_Moving_Delay_Support,1335,O_ALL,LAG,BOTH,0.5233335887893505,0.0,0.0,0.0,1.0,4.0,1.0,0.987,0,0,0,0,131.56433333333334,132.0,132.0,86.59066666666666,57.806666666666665,411.3953333333333,1384,-0.1665597684914681,0.0006593275309256598,-0.1663028638753406,0.0009162321470531637
I6_Continuous_Latent_State,1335,T1,RECURRENT,BOTH,0.10616547603197375,0.0,0.0,0.0,1.0,4.0,1.0,0.0,4,1,0,0,128.835,132.0,132.0,86.6,55.97666666666667,410.0083333333333,1384,-0.04524762625495277,0.5962661735618254,-0.03277465173972161,0.6087391480770565
I6_Continuous_Latent_State,1335,T1R,RECURRENT,BOTH,0.1087606171507521,0.0,0.0,0.0,1.0,4.0,1.0,0.0,4,1,0,0,129.63833333333332,132.0,132.0,86.32933333333334,56.39066666666667,410.37533333333334,1384,-0.04324124870586486,0.5920841841878123,-0.041237348281351525,0.5940880846123257
I6_Continuous_Latent_State,1335,T2,RECURRENT,BOTH,0.1594772717276415,0.0,0.0,0.0,1.0,3.9774,1.0,0.0003333333333333333,4,1,0,0,127.93666666666667,132.0,132.0,86.22333333333333,54.98133333333333,409.67066666666665,1384,-0.0738990030100451,0.35219146498469694,-0.05420268517890573,0.37188778281583634
I6_Continuous_Latent_State,1335,T3,RECURRENT,RECURRENT,0.13281156982157225,0.0,0.0,1.0,0.0,0.0,1.0,0.0,2,1,2,0,91.725,92.0,102.0,88.61,30.260666666666665,397.2303333333333,1320,-0.04551769435309138,0.3516220274974415,-0.04393135428155289,0.35320836756898
I6_Continuous_Latent_State,1335,O_ALL,RECURRENT,BOTH,0.16019971758467744,0.0,0.0,0.0,1.0,4.0,1.0,0.0,0,0,0,0,131.071,132.0,132.0,85.54533333333333,56.9,410.942,1384,-0.062127526136281495,0.3523013860800146,-0.05624444359519862,0.3581844686210975
I7_Quiescent_Continuous_State,1335,T1,RECURRENT,BOTH,0.13935303596795626,0.0,0.0,0.0,1.0,4.0,1.0,0.30283333333333334,4,1,0,0,128.835,132.0,132.0,84.32533333333333,54.842,409.441,1384,-0.06800986721579017,0.413438451747509,-0.04464027457676394,0.43680804438653525
I7_Quiescent_Continuous_State,1335,T1R,RECURRENT,BOTH,0.14773523976102337,0.0,0.0,0.0,1.0,4.0,1.0,0.30266666666666664,4,1,0,0,129.63833333333332,132.0,132.0,84.25466666666667,55.35733333333334,409.8586666666667,1384,-0.04923528839809979,0.4172712871503099,-0.05407022419994642,0.4124363513484633
I7_Quiescent_Continuous_State,1335,T2,RECURRENT,BOTH,0.16152033595812884,0.0,0.0,0.0,1.0,3.9774,1.0,0.30966666666666665,4,1,0,0,127.93666666666667,132.0,132.0,82.07133333333333,52.912,408.636,1384,-0.07381417726552286,0.247277941540528,-0.06146137797674825,0.2596307408293026
I7_Quiescent_Continuous_State,1335,T3,RECURRENT,RECURRENT,0.12419682787689447,0.3668,0.0,0.6332,0.0,0.0,0.6332,0.0,2,2,2,1,81.33233333333334,92.0,102.0,84.74033333333334,27.972,381.414,1320,-0.03218019290438272,0.24334861844911487,-0.04039715845008807,0.23513165290340945
I7_Quiescent_Continuous_State,1335,O_ALL,RECURRENT,BOTH,0.16520228214122762,0.0,0.0,0.0,1.0,4.0,1.0,0.31033333333333335,0,0,0,0,131.071,132.0,132.0,81.72733333333333,54.99733333333333,409.99066666666664,1384,-0.06731789961866365,0.2479733428747157,-0.06902242215379144,0.24626882033958794
I8_Quiescent_Discrete_Delay,1335,T1,LAG,LAG,0.5382981087586203,0.0,1.0,0.0,0.0,3.8318,0.0,0.0,4,0,0,0,90.88666666666667,98.0,98.0,85.16333333333333,51.95733333333333,360.47866666666664,1336,-0.16256800344566638,0.002862530409749798,-0.16238456778130092,0.0030459660741152393
I8_Quiescent_Discrete_Delay,1335,T1R,LAG,LAG,0.17605103000917394,0.0,1.0,0.0,0.0,3.6696,0.0,0.0,4,0,0,0,88.665,98.0,98.0,83.26966666666667,49.478,359.239,1336,0.24160511792982053,0.002862530409749798,0.24178855359418597,0.0030459660741152393
I8_Quiescent_Discrete_Delay,1335,T2,LAG,LAG,0.5281606853466149,0.0,1.0,0.0,0.0,3.9714,0.0,0.0,4,0,0,0,93.35666666666667,98.0,98.0,84.858,53.77466666666667,361.38733333333334,1336,-0.1507016207242166,0.002862530409749798,-0.15051818505985118,0.0030459660741152393
I8_Quiescent_Discrete_Delay,1335,T3,LAG,NONE,0.21699016534121038,0.607,0.393,0.0,0.0,1.3708,0.0,0.0,7,0,3,0,69.44833333333334,98.0,98.0,85.94633333333333,36.961333333333336,352.98066666666665,1336,0.22236289974522214,0.002862530409749798,0.22254633540958754,0.0030459660741152393
I8_Quiescent_Discrete_Delay,1335,O_ALL,LAG,BOTH,0.5414727849490664,0.0,0.0,0.0,1.0,4.0,1.0,0.9691666666666666,0,0,0,0,131.15933333333334,132.0,132.0,84.008,56.20133333333333,410.5926666666667,1384,-0.19793561257500442,0.002886510035771902,-0.19758434257926624,0.003237780031510058
I9_Hybrid_Delay_Plus_Latent_State,1335,T1,BOTH,BOTH,0.3450167392958581,0.0,0.0,0.0,1.0,4.0,1.0,0.0015,4,1,0,0,129.40666666666667,132.0,132.0,86.68166666666667,56.488,410.264,1384,-0.12418772227831151,0.3043838039977732,-0.13330848303387868,0.295263043242206
I9_Hybrid_Delay_Plus_Latent_State,1335,T1R,BOTH,BOTH,0.34143038248441043,0.0,0.0,0.0,1.0,4.0,1.0,0.0006666666666666666,4,1,0,0,129.40166666666667,132.0,132.0,86.829,56.468,410.414,1384,-0.10907340749982292,0.3155458665049099,-0.11022816737385975,0.31439110663087305
I9_Hybrid_Delay_Plus_Latent_State,1335,T2,BOTH,BOTH,0.36272695939678323,0.0,0.0,0.0,1.0,4.0,1.0,0.03266666666666666,4,1,0,0,129.45333333333335,132.0,132.0,86.79133333333333,56.48266666666667,410.42133333333334,1384,-0.13496597090743417,0.1553774624197577,-0.13629996297729854,0.15404347034989335
I9_Hybrid_Delay_Plus_Latent_State,1335,T3,BOTH,RECURRENT,0.24733248803929625,0.0868,0.0026,0.5378,0.3728,1.4512,0.9106,0.0,16,12,12,11,101.30033333333333,132.0,132.0,88.05633333333333,38.654666666666664,397.85133333333334,1384,0.12617036841364856,0.14794824164596246,0.10734158330721168,0.12911945653952556
I9_Hybrid_Delay_Plus_Latent_State,1335,O_ALL,BOTH,BOTH,0.36322041822680995,0.0,0.0,0.0,1.0,4.0,1.0,0.028666666666666667,0,0,0,0,130.96433333333334,132.0,132.0,86.178,57.124,411.054,1384,-0.13647284799706186,0.15927795484483298,-0.1302150274551317,0.1655357753867631
I10_Redundant_Temporal_Structure,1335,T1,REDUNDANT,BOTH,0.27230159577550145,0.0,0.0,0.0,1.0,4.0,1.0,0.0,4,1,0,0,130.655,132.0,132.0,87.05733333333333,57.60066666666667,410.82033333333334,1384,-0.22264386889931184,2.6608668399565807,-0.15448628996014924,2.7290244188957438
I10_Redundant_Temporal_Structure,1335,T1R,REDUNDANT,BOTH,0.27331337111560744,0.0,0.0,0.0,1.0,4.0,1.0,0.0,4,1,0,0,130.59333333333333,132.0,132.0,87.21933333333334,57.57866666666666,410.96933333333334,1384,-0.09790203620129909,2.7467207073142967,-0.13554418288564923,2.709078560629947
I10_Redundant_Temporal_Structure,1335,T2,REDUNDANT,BOTH,0.5070820124988706,0.0,0.0,0.0,1.0,4.0,1.0,0.0006666666666666666,4,1,0,0,130.60833333333332,132.0,132.0,87.09133333333334,57.482,410.921,1384,-0.22377328556274384,0.5452157972859004,-0.22519164443006673,0.5437974384185774
I10_Redundant_Temporal_Structure,1335,T3,REDUNDANT,RECURRENT,0.4192614201541909,0.0,0.0,0.9448,0.0552,0.0592,1.0,0.0,31,1,31,0,92.23333333333333,92.0,122.0,89.16966666666667,30.796666666666667,397.49833333333333,1320,-0.1093909710674526,0.539841309569848,-0.10640473392880037,0.5428275467085003
I10_Redundant_Temporal_Structure,1335,O_ALL,REDUNDANT,BOTH,0.5070820062812494,0.0,0.0,0.0,1.0,4.0,1.0,0.0006666666666666666,0,0,0,0,131.53766666666667,132.0,132.0,86.66533333333334,57.830666666666666,411.4073333333333,1384,-0.2273280485571047,0.5469207445480864,-0.22563868846776927,0.5486101046374218
I11_Regime_Switch_Delay_To_Latent,1335,T1,SWITCH_DELAY_TO_LATENT,LAG,0.13148834242670868,0.0,0.583,0.0,0.417,3.725,0.417,0.0,4,1,0,0,103.291,132.0,132.0,82.65966666666667,51.01133333333333,376.67766666666665,1384,0.29096956236665766,0.19686845227603655,0.2910119182710032,0.19691080818038204
I11_Regime_Switch_Delay_To_Latent,1335,T1R,SWITCH_DELAY_TO_LATENT,BOTH,0.11743345364331766,0.0,0.0,0.0,1.0,3.5632,1.0,0.03,4,1,0,0,122.73333333333333,132.0,132.0,87.05133333333333,51.440666666666665,407.4603333333333,1384,0.2867076235227374,0.23530125755030654,0.28304252184613066,0.2316361558736999
I11_Regime_Switch_Delay_To_Latent,1335,T2,SWITCH_DELAY_TO_LATENT,BOTH,0.15582270013641322,0.0,0.0,0.0,1.0,4.0,1.0,0.034166666666666665,4,1,0,0,128.301,132.0,132.0,86.86633333333333,55.79,409.627,1384,0.279219148841049,0.13546781678225733,0.27591725145332957,0.13216591939453795
I11_Regime_Switch_Delay_To_Latent,1335,T3,SWITCH_DELAY_TO_LATENT,LAG,0.14616673495477878,0.1572,0.4252,0.408,0.0096,1.7026,0.4176,0.0,7,1,7,0,87.54466666666667,98.0,102.0,87.905,42.466,372.429,1320,0.30129440184891476,0.12160920217012164,0.292292599593138,0.11260739991434493
I11_Regime_Switch_Delay_To_Latent,1335,O_ALL,SWITCH_DELAY_TO_LATENT,BOTH,0.15800187179143188,0.0,0.0,0.0,1.0,4.0,1.0,0.063,0,0,0,0,131.73933333333332,132.0,132.0,86.012,57.66466666666667,411.32433333333336,1384,0.2711201981225283,0.12844586056412,0.27118621615148847,0.12851187859308014
I12_Regime_Switch_Latent_To_Delay,1335,T1,SWITCH_LATENT_TO_DELAY,BOTH,0.3337198811650732,0.0,0.0,0.0,1.0,4.0,1.0,0.45116666666666666,4,1,0,0,128.665,132.0,132.0,86.76066666666667,55.916666666666664,409.97833333333335,1384,-0.1068437587339646,0.22472553981308446,-0.10549191942744966,0.22607737911959935
I12_Regime_Switch_Latent_To_Delay,1335,T1R,SWITCH_LATENT_TO_DELAY,BOTH,0.33138258665287723,0.0,0.0,0.0,1.0,3.8458,1.0,0.459,4,1,0,0,125.51,132.0,132.0,86.44733333333333,53.154,408.757,1384,-0.13868727209527207,0.22483268932415637,-0.13696368415279428,0.22655627726663416
I12_Regime_Switch_Latent_To_Delay,1335,T2,SWITCH_LATENT_TO_DELAY,BOTH,0.3492209610775663,0.0,0.0,0.0,1.0,3.8684,1.0,0.4881666666666667,4,1,0,0,125.70166666666667,132.0,132.0,86.41866666666667,53.29266666666667,408.8263333333333,1384,-0.13151531510483722,0.10994102552413926,-0.13008267197873744,0.11137366865023904
I12_Regime_Switch_Latent_To_Delay,1335,T3,SWITCH_LATENT_TO_DELAY,LAG,0.15459392261669794,0.0926,0.5008,0.4014,0.0052,1.8054,0.4066,0.0,6,1,2,1,89.986,98.0,102.0,87.50366666666666,40.45133333333333,378.59766666666667,1336,0.23549702415344412,0.1137787616281421,0.23151867437666718,0.10980041185136516
I12_Regime_Switch_Latent_To_Delay,1335,O_ALL,SWITCH_LATENT_TO_DELAY,BOTH,0.3468558287850785,0.0,0.0,0.0,1.0,4.0,1.0,0.488,0,0,0,0,130.916,132.0,132.0,85.602,56.800666666666665,410.89233333333334,1384,-0.13003599056505502,0.11316496703048898,-0.12980243590743593,0.1133985216881081
I13_Regime_Switch_Hybrid_To_Memoryless,1335,T1,SWITCH_HYBRID_TO_NONE,BOTH,0.24117634563677082,0.0,0.0,0.0,1.0,4.0,1.0,0.469,4,1,0,0,129.40666666666667,132.0,132.0,86.341,56.321333333333335,410.18066666666664,1384,-0.0745194537021945,0.10732357452923857,-0.08327393144312807,0.09856909678830499
I13_Regime_Switch_Hybrid_To_Memoryless,1335,T1R,SWITCH_HYBRID_TO_NONE,BOTH,0.24149197584607487,0.0,0.0,0.0,1.0,4.0,1.0,0.4728333333333333,4,1,0,0,129.40166666666667,132.0,132.0,85.559,55.83733333333333,410.09866666666665,1384,-0.07264731578753687,0.11482692712773401,-0.0769386517443329,0.11053559117093797
I13_Regime_Switch_Hybrid_To_Memoryless,1335,T2,SWITCH_HYBRID_TO_NONE,BOTH,0.24819075014437172,0.0,0.0,0.0,1.0,4.0,1.0,0.507,4,1,0,0,129.45333333333335,132.0,132.0,85.78133333333334,55.98533333333334,410.17266666666666,1384,-0.07407461165986992,0.042469151045617944,-0.0741344764205832,0.042409286284904674
I13_Regime_Switch_Hybrid_To_Memoryless,1335,T3,SWITCH_HYBRID_TO_NONE,NONE,0.21169564237325042,0.6362,0.0022,0.3606,0.001,0.004,0.3616,0.0,9,7,9,7,73.69766666666666,92.0,112.0,87.44733333333333,29.664666666666665,371.40433333333334,1272,-0.04020465421530261,0.04119390515867383,-0.04012863207919729,0.04126992729477914
I13_Regime_Switch_Hybrid_To_Memoryless,1335,O_ALL,SWITCH_HYBRID_TO_NONE,BOTH,0.24794141850108678,0.0,0.0,0.0,1.0,4.0,1.0,0.505,0,0,0,0,130.96433333333334,132.0,132.0,84.87,56.47666666666667,410.7303333333333,1368,-0.09302078226559236,0.044276164425250265,-0.08307347600106114,0.05422347068978149
I14_Intermittent_Hybrid,1335,T1,INTERMITTENT,BOTH,0.24195126426753455,0.0,0.1136,0.0,0.8864,4.0,0.8864,0.21566666666666667,4,1,0,0,121.31233333333333,132.0,132.0,86.53033333333333,56.718666666666664,398.30733333333336,1368,-0.10886006355050606,0.21344729224885442,-0.10648421330261257,0.2158231424967479
I14_Intermittent_Hybrid,1335,T1R,INTERMITTENT,BOTH,0.11674679918549534,0.0,0.0,0.0,1.0,4.0,1.0,0.2305,4,1,0,0,128.05166666666668,132.0,132.0,86.22,55.029333333333334,409.69466666666665,1384,0.18646519064058073,0.2104172108899764,0.15327776828801384,0.17722978853740956
I14_Intermittent_Hybrid,1335,T2,INTERMITTENT,BOTH,0.26178826958402324,0.0,0.0,0.0,1.0,4.0,1.0,0.33216666666666667,4,1,0,0,129.64,132.0,132.0,86.00633333333333,56.187333333333335,410.27366666666666,1384,-0.1307944931298727,0.12949532112918746,-0.12734526160252804,0.13294455265653216
I14_Intermittent_Hybrid,1335,T3,INTERMITTENT,RECURRENT,0.19384780210498684,0.2724,0.1082,0.6184,0.001,0.4338,0.6194,0.0,8,1,8,1,80.978,98.0,102.0,87.92466666666667,33.70666666666666,376.1293333333333,1272,0.027077453247751362,0.12175994261266207,0.019575416991702715,0.11425790635661343
I14_Intermittent_Hybrid,1335,O_ALL,INTERMITTENT,BOTH,0.25951759028123905,0.0,0.0,0.0,1.0,4.0,1.0,0.34,0,0,0,0,130.95766666666665,132.0,132.0,85.66266666666667,56.86533333333333,410.92466666666667,1384,-0.11846546787614969,0.13226947978716416,-0.0984255935061452,0.15230935415716867
I1_Memoryless_Linear,1336,T1,NONE,RECURRENT,0.11959736774659097,0.0,0.0,1.0,0.0,0.0,1.0,0.0,0,1,0,0,91.66,92.0,92.0,68.95033333333333,18.796666666666667,391.41833333333335,1272,-0.0032258682025125785,0.006191360133588671,-0.003146654154712634,0.006270574181388615
I1_Memoryless_Linear,1336,T1R,NONE,RECURRENT,0.11967312647461376,0.0,0.0,1.0,0.0,0.0,1.0,0.0,0,1,0,0,91.77333333333333,92.0,92.0,69.182,18.958666666666666,391.65933333333334,1272,-0.003828704675050032,0.008948597775627945,-0.0035958951089187815,0.009181407341759193
I1_Memoryless_Linear,1336,T2,NONE,RECURRENT,0.11918391643622411,0.0,0.0,1.0,0.0,0.0,1.0,0.0,0,1,0,0,91.77333333333333,92.0,92.0,69.05533333333334,18.733333333333334,391.5466666666667,1288,-0.0024611776868825428,-0.0012339509459319182,-0.0024559586593046697,-0.0012287319183540456
I1_Memoryless_Linear,1336,T3,NONE,NONE,0.11916746902674238,1.0,0.0,0.0,0.0,0.0,0.0,0.0,0,1,0,1,59.422333333333334,58.0,92.0,69.05533333333334,18.733333333333334,345.87466666666666,1240,-0.0024611776868825428,-0.0006714069510554377,-0.0024611776868825428,-0.0006714069510554377
I1_Memoryless_Linear,1336,O_ALL,NONE,BOTH,0.1289159941720727,0.0,0.0,0.3386,0.6614,1.9536,1.0,0.5475,0,0,0,0,108.26766666666667,132.0,132.0,63.919333333333334,27.938,396.461,1336,-0.010093456110155141,0.00019236642067490495,-0.010094256921476284,0.00019156560935376245
I2_Static_Nonlinear_Negative_Control,1336,T1,NONE,LAG,1.2726136830700234,0.0,0.6686,0.0,0.3314,3.0106,0.3314,0.0265,4,1,0,0,93.84566666666667,132.0,132.0,86.55533333333334,47.40133333333333,371.44866666666667,1384,-0.12098530099562849,0.07232522841833103,-0.1268508787667101,0.06645965064724942
I2_Static_Nonlinear_Negative_Control,1336,T1R,NONE,LAG,1.2655991887003404,0.0,0.7718,0.0,0.2282,3.0902,0.2282,0.14783333333333334,4,1,0,0,91.585,132.0,132.0,86.616,47.96,367.6,1384,-0.1615313064688504,-0.0011408642221359862,-0.1612944901540405,-0.000904047907326105
I2_Static_Nonlinear_Negative_Control,1336,T2,NONE,LAG,1.269481670109235,0.0,0.6686,0.0,0.3314,3.5598,0.3314,0.21316666666666667,4,1,0,0,98.70566666666667,132.0,132.0,86.52533333333334,51.26133333333333,373.3786666666667,1384,-0.18271058031324633,-0.008647811913449027,-0.19016194564493064,-0.01609917724513335
I2_Static_Nonlinear_Negative_Control,1336,T3,NONE,NONE,1.0930972647313086,0.9716,0.0136,0.0148,0.0,0.015,0.0148,0.0,15,1,15,1,58.80433333333333,58.0,92.0,88.55433333333333,30.405333333333335,350.29466666666667,1272,-0.05526876740696906,-0.009234739062915165,-0.056097087009965324,-0.010063058665911421
I2_Static_Nonlinear_Negative_Control,1336,O_ALL,NONE,BOTH,1.2539688077450832,0.0,0.0,0.0,1.0,4.0,1.0,0.5886666666666667,0,0,0,0,130.88266666666667,132.0,132.0,85.694,56.824,410.904,1368,-0.2814775283779318,0.02631037464327985,-0.2900487580315554,0.017739144989656303
I3_Single_Exact_Delay,1336,T1,LAG,BOTH,0.09521057028467542,0.0,0.0,0.0,1.0,3.7832,1.0,0.0585,6,1,2,0,126.64666666666666,132.0,132.0,81.59,51.796,407.918,1352,0.6239092475405391,0.0032994305050110116,0.6251157591158086,0.0045059420802805745
I3_Single_Exact_Delay,1336,T1R,LAG,BOTH,0.5362791057391476,0.0,0.0,0.0,1.0,3.9476,1.0,0.924,4,1,0,0,125.97333333333333,132.0,132.0,87.192,53.95066666666666,409.1553333333333,1384,-0.10875136702476866,-0.00103886741559267,-0.10934445535335446,-0.0016319557441784628
I3_Single_Exact_Delay,1336,T2,LAG,BOTH,0.5245877795273219,0.0,0.0,0.0,1.0,3.9482,1.0,0.9481666666666667,4,1,0,0,126.01333333333334,132.0,132.0,87.16766666666666,53.962,409.161,1384,-0.14551215646219018,-0.003040579057277474,-0.14578888782353444,-0.0033173104186217427
I3_Single_Exact_Delay,1336,T3,LAG,LAG,0.1443004804745205,0.0316,0.9684,0.0,0.0,3.7282,0.0,0.0,7,1,3,1,90.17233333333333,98.0,98.0,87.302,52.022,361.879,1336,0.5561825144510296,-0.0018302218515640816,0.5559518053872957,-0.002060930915297968
I3_Single_Exact_Delay,1336,O_ALL,LAG,BOTH,0.531476662696327,0.0,0.0,0.0,1.0,4.0,1.0,0.9815,0,0,0,0,131.72766666666666,132.0,132.0,86.42266666666667,57.852666666666664,411.41833333333335,1384,-0.18235211231799237,-0.0036014858896426896,-0.18264147035556996,-0.0038908439272203102
I4_Multi_Sparse_Delay,1336,T1,LAG,BOTH,0.7445772279555081,0.0,0.0,0.0,1.0,4.0,1.0,0.21033333333333334,4,1,0,0,129.78333333333333,132.0,132.0,87.27933333333333,57.09466666666667,410.56733333333335,1384,-0.34291617502693794,0.0647797727107285,-0.3406625028584757,0.06703344487919066
I4_Multi_Sparse_Delay,1336,T1R,LAG,BOTH,0.7512615655038972,0.0,0.0,0.0,1.0,4.0,1.0,0.20316666666666666,4,1,0,0,129.88166666666666,132.0,132.0,87.28266666666667,57.082,410.721,1384,-0.36931013115747796,0.07424375959121993,-0.36519172525562166,0.07836216549307626
I4_Multi_Sparse_Delay,1336,T2,LAG,BOTH,0.7369894122423962,0.0,0.0,0.0,1.0,4.0,1.0,0.5066666666666667,4,1,0,0,129.76166666666666,132.0,132.0,87.28033333333333,56.984,410.672,1384,-0.3427431341470975,0.004439538915075786,-0.3383190404847067,0.008863632577466663
I4_Multi_Sparse_Delay,1336,T3,LAG,LAG,0.2650167582191045,0.0,0.9704,0.0,0.0296,3.9812,0.0296,0.0,7,15,3,15,94.84233333333333,98.0,132.0,87.408,53.732,366.214,1336,0.7798151620117775,-0.004904931804098585,0.732554299908694,-0.05216579390718215
I4_Multi_Sparse_Delay,1336,O_ALL,LAG,BOTH,0.7771873186373814,0.0,0.0,0.0,1.0,5.0,1.0,0.5548333333333333,0,0,0,0,141.521,142.0,142.0,87.06266666666667,65.988,415.486,1400,-0.4149409707070877,0.0032075256003173892,-0.4098759973659497,0.008272498941455328
I5_Moving_Delay_Support,1336,T1,LAG,BOTH,0.3609691495725973,0.0,0.0,0.0,1.0,4.0,1.0,0.446,4,1,0,0,128.455,132.0,132.0,83.59333333333333,54.30266666666667,409.17133333333334,1384,0.21872894199963341,0.013065451604907933,0.21737230995387877,0.011708819559153207
I5_Moving_Delay_Support,1336,T1R,LAG,BOTH,0.3631355129424967,0.0,0.0,0.0,1.0,4.0,1.0,0.38816666666666666,4,1,0,0,127.67333333333333,132.0,132.0,86.894,55.238,409.799,1384,0.19972921575994568,0.026597669247546876,0.1936487253281318,0.020517178815733027
I5_Moving_Delay_Support,1336,T2,LAG,BOTH,0.3875288290581435,0.0,0.0,0.0,1.0,3.8234,1.0,0.6426666666666667,4,1,0,0,125.71,132.0,132.0,86.50333333333333,53.37466666666667,408.8673333333333,1384,0.1430247514591526,0.0015794883045644967,0.1437788464204991,0.0023335832659109237
I5_Moving_Delay_Support,1336,T3,LAG,NONE,0.3163744602078713,0.5412,0.4588,0.0,0.0,1.717,0.0,0.0,17,1,17,1,74.962,98.0,98.0,87.82866666666666,41.01466666666666,356.9513333333333,1272,0.25355612516739523,0.0016301848178576753,0.25403591613221804,0.002109975782680519
I5_Moving_Delay_Support,1336,O_ALL,LAG,BOTH,0.5302504666928455,0.0,0.0,0.0,1.0,4.0,1.0,0.977,0,0,0,0,131.04433333333333,132.0,132.0,85.96533333333333,57.083333333333336,411.03366666666665,1384,-0.17902247044884367,0.005315260386601612,-0.17863754139543972,0.005700189440005538
I6_Continuous_Latent_State,1336,T1,RECURRENT,BOTH,0.10207594386981254,0.0,0.0,0.0,1.0,4.0,1.0,0.0,4,1,0,0,127.79,132.0,132.0,86.42066666666666,55.18533333333333,409.61266666666666,1384,-0.021938807237512067,0.5906281487035161,-0.039640684332793275,0.572926271608235
I6_Continuous_Latent_State,1336,T1R,RECURRENT,BOTH,0.10255895860940348,0.0,0.0,0.0,1.0,3.9206,1.0,0.0,4,1,0,0,126.96166666666667,132.0,132.0,86.31933333333333,54.384,409.372,1384,-0.02189348811586606,0.595893153886718,-0.043516576022284724,0.5742700659802995
I6_Continuous_Latent_State,1336,T2,RECURRENT,BOTH,0.1582774883819916,0.0,0.0,0.0,1.0,4.0,1.0,0.0,4,1,0,0,128.74666666666667,132.0,132.0,86.08233333333334,55.62,409.99,1384,-0.06167725374381766,0.36369868418695117,-0.06927949220422275,0.3560964457265461
I6_Continuous_Latent_State,1336,T3,RECURRENT,RECURRENT,0.13139029775537073,0.0,0.0,0.9962,0.0038,0.0038,1.0,0.0,4,1,4,0,91.74833333333333,92.0,102.0,88.169,30.029333333333334,397.11466666666666,1320,-0.041609766101393116,0.3632178693143191,-0.0558712201202846,0.34895641529542765
I6_Continuous_Latent_State,1336,O_ALL,RECURRENT,BOTH,0.15903640979447936,0.0,0.0,0.0,1.0,4.0,1.0,0.0003333333333333333,0,0,0,0,130.35266666666666,132.0,132.0,85.30333333333333,56.206,410.595,1384,-0.06288348833774156,0.36612356453662137,-0.07446207537464251,0.3545449774997204
I7_Quiescent_Continuous_State,1336,T1,RECURRENT,BOTH,0.1263562309999148,0.0,0.0,0.0,1.0,4.0,1.0,0.29583333333333334,4,1,0,0,127.79,132.0,132.0,84.31866666666667,54.13733333333333,409.08866666666665,1384,-0.03795072054090392,0.4091760269469607,-0.05296161766810391,0.39416512981976076
I7_Quiescent_Continuous_State,1336,T1R,RECURRENT,BOTH,0.1278758433774676,0.0,0.0,0.0,1.0,3.9206,1.0,0.2966666666666667,4,1,0,0,126.96166666666667,132.0,132.0,85.74133333333333,54.096,409.228,1384,-0.044031339458782265,0.4121046642459332,-0.05722165739854034,0.3989143463061751
I7_Quiescent_Continuous_State,1336,T2,RECURRENT,BOTH,0.15940454366185308,0.0,0.0,0.0,1.0,4.0,1.0,0.32016666666666665,4,1,0,0,128.74666666666667,132.0,132.0,82.11166666666666,53.64333333333333,409.00166666666667,1384,-0.06042612372562533,0.24884629161627042,-0.06655598158155616,0.2427164337603396
I7_Quiescent_Continuous_State,1336,T3,RECURRENT,RECURRENT,0.11983413883151281,0.3906,0.0,0.6094,0.0,0.0,0.6094,0.0,0,2,0,1,80.64966666666666,92.0,92.0,85.29133333333333,28.333333333333332,380.6426666666667,1320,-0.04022362468397733,0.24454301850933405,-0.038511542183662255,0.24625510100964912
I7_Quiescent_Continuous_State,1336,O_ALL,RECURRENT,BOTH,0.1598770837626874,0.0,0.0,0.0,1.0,4.0,1.0,0.31983333333333336,0,0,0,0,130.35266666666666,132.0,132.0,81.74466666666666,54.434,409.709,1384,-0.05264196251284212,0.25043583652049994,-0.05898259604559156,0.24409520298775053
I8_Quiescent_Discrete_Delay,1336,T1,LAG,BOTH,0.1046531146291694,0.0,0.0,0.0,1.0,4.0,1.0,0.3586666666666667,4,1,0,0,128.45333333333335,132.0,132.0,79.61333333333333,52.252,408.146,1384,0.3976327636127543,0.00022392061264535265,0.3977334297620408,0.000324586761931819
I8_Quiescent_Discrete_Delay,1336,T1R,LAG,BOTH,0.5679895817199224,0.0,0.0,0.0,1.0,3.9476,1.0,0.924,4,1,0,0,125.97333333333333,132.0,132.0,84.77266666666667,52.75,408.555,1384,-0.152918498033329,-0.0010312800792693587,-0.15349823490370296,-0.0016110169496433243
I8_Quiescent_Discrete_Delay,1336,T2,LAG,BOTH,0.535293803529239,0.0,0.0,0.0,1.0,3.9482,1.0,0.9481666666666667,4,1,0,0,126.01333333333334,132.0,132.0,85.759,53.264,408.812,1384,-0.15870189164946255,-0.003040729014038555,-0.15897866763086463,-0.003317504995440639
I8_Quiescent_Discrete_Delay,1336,T3,LAG,NONE,0.32065920401518355,0.7794,0.2206,0.0,0.0,0.7328,0.0,0.0,9,1,9,1,65.21733333333333,98.0,98.0,86.789,33.684666666666665,352.7103333333333,1272,0.06725735528810724,-0.0018302218515640816,0.06702664622437335,-0.002060930915297968
I8_Quiescent_Discrete_Delay,1336,O_ALL,LAG,BOTH,0.5500281764056633,0.0,0.0,0.0,1.0,4.0,1.0,0.9811666666666666,0,0,0,0,131.72766666666666,132.0,132.0,84.31066666666666,56.804,410.894,1384,-0.18107471053570218,-0.0035984765594561045,-0.18136280780179517,-0.0038865738255491346
I9_Hybrid_Delay_Plus_Latent_State,1336,T1,BOTH,BOTH,0.3424320482147211,0.0,0.0,0.0,1.0,4.0,1.0,0.0028333333333333335,4,1,0,0,128.08833333333334,132.0,132.0,86.606,55.51733333333333,409.77866666666665,1384,-0.12036473722391307,0.2523787308055174,-0.11485334920883633,0.2578901188205942
I9_Hybrid_Delay_Plus_Latent_State,1336,T1R,BOTH,BOTH,0.3460272239645774,0.0,0.0,0.0,1.0,4.0,1.0,0.005,4,1,0,0,127.075,132.0,132.0,86.52166666666666,54.604,409.482,1384,-0.09907234492791102,0.2610545450965788,-0.10238395105730454,0.25774293896718525
I9_Hybrid_Delay_Plus_Latent_State,1336,T2,BOTH,BOTH,0.13985524826220275,0.0,0.0,0.0,1.0,4.0,1.0,0.0,4,1,0,0,128.59833333333333,132.0,132.0,86.34666666666666,55.593333333333334,409.9766666666667,1384,0.4561142462458215,0.1500440372548621,0.4498918768383483,0.14382166784738895
I9_Hybrid_Delay_Plus_Latent_State,1336,T3,BOTH,BOTH,0.14252107762465355,0.0,0.0544,0.0,0.9456,4.0,0.9456,0.0,5,8,1,7,126.63433333333333,132.0,132.0,86.339,56.464666666666666,406.08433333333335,1384,0.4437570266274281,0.14367992791795836,0.4473949409996782,0.14731784229020842
I9_Hybrid_Delay_Plus_Latent_State,1336,O_ALL,BOTH,BOTH,0.13914160361477126,0.0,0.0,0.0,1.0,4.0,1.0,0.002,0,0,0,0,130.94766666666666,132.0,132.0,85.968,57.01133333333333,410.99766666666665,1384,0.4431058026939339,0.15192992879602338,0.4481949346729554,0.15701906077504493
I10_Redundant_Temporal_Structure,1336,T1,REDUNDANT,BOTH,0.2676558241607221,0.0,0.0,0.0,1.0,4.0,1.0,0.0,4,1,0,0,130.55666666666667,132.0,132.0,87.377,57.727333333333334,410.88366666666667,1384,-0.12965087356712146,2.805735302166436,-0.12429074319430133,2.8110954325392563
I10_Redundant_Temporal_Structure,1336,T1R,REDUNDANT,BOTH,0.26489654088597575,0.0,0.0,0.0,1.0,4.0,1.0,0.0,4,1,0,0,130.44666666666666,132.0,132.0,87.32233333333333,57.522,410.941,1384,-0.15148272750308717,2.7067938207874804,-0.12099795250815887,2.7372785957824095
I10_Redundant_Temporal_Structure,1336,T2,REDUNDANT,BOTH,0.5113187546851498,0.0,0.0,0.0,1.0,4.0,1.0,0.0,4,1,0,0,130.45,132.0,132.0,87.18133333333333,57.456,410.908,1384,-0.20427084757068503,0.5195053919845305,-0.22643115749827525,0.4973450820569403
I10_Redundant_Temporal_Structure,1336,T3,REDUNDANT,RECURRENT,0.4191698480400619,0.0004,0.042,0.8732,0.0844,0.3776,0.9576,0.0,30,9,30,8,93.66366666666667,102.0,132.0,89.14833333333333,32.711333333333336,396.75966666666665,1320,0.006200320191629247,0.5324775908962597,-0.07088355645343804,0.4553937142511925
I10_Redundant_Temporal_Structure,1336,O_ALL,REDUNDANT,BOTH,0.5133668760823621,0.0,0.0,0.0,1.0,4.0,1.0,0.0,0,0,0,0,131.76766666666666,132.0,132.0,86.66,58.00933333333333,411.49666666666667,1384,-0.25815838306953426,0.5230453642609095,-0.27033511146847466,0.5108686358619691
I11_Regime_Switch_Delay_To_Latent,1336,T1,SWITCH_DELAY_TO_LATENT,BOTH,0.11538813394804626,0.0,0.0,0.0,1.0,4.0,1.0,0.0018333333333333333,4,1,0,0,128.93033333333332,132.0,132.0,80.13166666666666,52.826,408.417,1384,0.20601521444348142,0.21350258863873728,0.21108931930043626,0.21857669349569206
I11_Regime_Switch_Delay_To_Latent,1336,T1R,SWITCH_DELAY_TO_LATENT,BOTH,0.11471437356869427,0.0,0.0,0.0,1.0,4.0,1.0,0.0006666666666666666,4,1,0,0,129.715,132.0,132.0,86.209,56.38133333333333,410.3706666666667,1384,0.20644262040907996,0.2247000355615159,0.21552989192832575,0.2337873070807617
I11_Regime_Switch_Delay_To_Latent,1336,T2,SWITCH_DELAY_TO_LATENT,BOTH,0.15896782042377394,0.0,0.0,0.0,1.0,4.0,1.0,0.04716666666666667,4,1,0,0,129.19833333333332,132.0,132.0,86.02433333333333,55.878,410.119,1384,0.19065590096635915,0.10458543020062516,0.19638527218411037,0.11031480141837645
I11_Regime_Switch_Delay_To_Latent,1336,T3,SWITCH_DELAY_TO_LATENT,RECURRENT,0.1422473060111376,0.0996,0.4242,0.4762,0.0,1.6956,0.4762,0.0,6,2,6,1,89.18133333333333,98.0,98.0,87.064,41.83733333333333,374.99466666666666,1320,0.2271002805619265,0.09705389504633469,0.2280242112878284,0.09797782577223654
I11_Regime_Switch_Delay_To_Latent,1336,O_ALL,SWITCH_DELAY_TO_LATENT,BOTH,0.15713231658794732,0.0,0.0,0.0,1.0,4.0,1.0,0.058,0,0,0,0,130.746,132.0,132.0,85.81266666666667,56.774,410.879,1384,0.1881017576084195,0.1043011844048506,0.18991651401017498,0.1061159408066061
I12_Regime_Switch_Latent_To_Delay,1336,T1,SWITCH_LATENT_TO_DELAY,BOTH,0.32459706348768075,0.0,0.0,0.0,1.0,3.9762,1.0,0.4598333333333333,4,1,0,0,127.31166666666667,132.0,132.0,86.514,54.85066666666667,409.44533333333334,1384,-0.10931067843644982,0.2620442790901673,-0.12286221056383492,0.2484927469627822
I12_Regime_Switch_Latent_To_Delay,1336,T1R,SWITCH_LATENT_TO_DELAY,BOTH,0.3236040829268093,0.0,0.0,0.0,1.0,4.0,1.0,0.4533333333333333,4,1,0,0,127.89666666666666,132.0,132.0,86.34533333333333,55.14066666666667,409.75033333333334,1384,-0.0870843482590053,0.25871405294311256,-0.09178780175805103,0.2540105994440668
I12_Regime_Switch_Latent_To_Delay,1336,T2,SWITCH_LATENT_TO_DELAY,BOTH,0.34351898969025213,0.0,0.0,0.0,1.0,3.9398,1.0,0.49216666666666664,4,1,0,0,126.315,132.0,132.0,85.99333333333334,53.70133333333333,409.03066666666666,1384,-0.1352242585867513,0.13561140274261108,-0.14447735581686108,0.12635830551250127
I12_Regime_Switch_Latent_To_Delay,1336,T3,SWITCH_LATENT_TO_DELAY,NONE,0.268970939107996,0.5092,0.0856,0.4038,0.0014,0.1724,0.4052,0.0,14,1,11,1,76.30466666666666,92.0,102.0,87.98466666666667,30.848666666666666,373.74033333333335,1320,-0.00394407873674085,0.14099575135618547,-0.009200859808312749,0.13573897028461357
I12_Regime_Switch_Latent_To_Delay,1336,O_ALL,SWITCH_LATENT_TO_DELAY,BOTH,0.34233269751433243,0.0,0.0,0.0,1.0,4.0,1.0,0.4886666666666667,0,0,0,0,130.03266666666667,132.0,132.0,85.03,55.815333333333335,410.3996666666667,1384,-0.1205667127935899,0.14055564139739982,-0.11855853216045624,0.1425638220305335
I13_Regime_Switch_Hybrid_To_Memoryless,1336,T1,SWITCH_HYBRID_TO_NONE,BOTH,0.24862669784104618,0.0,0.0,0.0,1.0,4.0,1.0,0.4935,4,1,0,0,128.08833333333334,132.0,132.0,86.184,55.30866666666667,409.6743333333333,1384,-0.06653934918377596,0.12484141678015814,-0.06773115410924381,0.12364961185469033
I13_Regime_Switch_Hybrid_To_Memoryless,1336,T1R,SWITCH_HYBRID_TO_NONE,BOTH,0.25178293395196616,0.0,0.0,0.0,1.0,4.0,1.0,0.49216666666666664,4,1,0,0,127.075,132.0,132.0,85.20366666666666,53.948,409.154,1368,-0.07019849579672656,0.12787114688203136,-0.06872635623286567,0.12934328644589224
I13_Regime_Switch_Hybrid_To_Memoryless,1336,T2,SWITCH_HYBRID_TO_NONE,BOTH,0.14080216885141444,0.0,0.0,0.0,1.0,4.0,1.0,0.4806666666666667,4,1,0,0,128.59833333333333,132.0,132.0,85.19266666666667,55.019333333333336,409.68966666666665,1352,0.17772767100987683,0.0680092309950551,0.1881170750861961,0.07839863507137437
I13_Regime_Switch_Hybrid_To_Memoryless,1336,T3,SWITCH_HYBRID_TO_NONE,NONE,0.1313293994879467,0.575,0.023,0.0,0.402,1.7,0.402,0.0,5,5,5,5,92.078,132.0,132.0,85.37866666666666,42.022,377.127,1240,0.17533417455384992,0.0633633547782553,0.19610278184443955,0.08413196206884495
I13_Regime_Switch_Hybrid_To_Memoryless,1336,O_ALL,SWITCH_HYBRID_TO_NONE,BOTH,0.14018640158121234,0.0,0.0,0.0,1.0,4.0,1.0,0.48383333333333334,0,0,0,0,130.94766666666666,132.0,132.0,84.3,56.181333333333335,410.5826666666667,1352,0.16399924570984586,0.0688642770879325,0.18497834940127372,0.08984338077936035
I14_Intermittent_Hybrid,1336,T1,INTERMITTENT,BOTH,0.23259742521108498,0.0,0.1094,0.0,0.8906,3.9718,0.8906,0.23983333333333334,4,1,0,0,119.033,132.0,132.0,86.41666666666667,54.85933333333333,397.54566666666665,1384,-0.06386015905102466,0.2152516613806665,-0.06410179471940011,0.21501002571229103
I14_Intermittent_Hybrid,1336,T1R,INTERMITTENT,BOTH,0.11243577465370418,0.0,0.0,0.0,1.0,4.0,1.0,0.2625,4,1,0,0,128.28933333333333,132.0,132.0,86.63066666666667,55.541333333333334,409.94266666666664,1384,0.17003549218184322,0.21572852559005143,0.14779763969686002,0.1934906731050682
I14_Intermittent_Hybrid,1336,T2,INTERMITTENT,BOTH,0.26085696835530225,0.0,0.0,0.0,1.0,4.0,1.0,0.3055,4,1,0,0,128.30766666666668,132.0,132.0,86.37933333333334,55.428666666666665,409.8863333333333,1384,-0.12659402759201782,0.13402942754596522,-0.11477985718628872,0.14584359795169433
I14_Intermittent_Hybrid,1336,T3,INTERMITTENT,RECURRENT,0.18381547889559,0.3292,0.0896,0.4448,0.1364,0.5396,0.5812,0.0,17,5,17,5,80.837,132.0,132.0,88.00366666666666,32.986666666666665,376.81733333333335,1272,0.07297385399963092,0.12276643873401707,0.05544413255724829,0.10523671729163443
I14_Intermittent_Hybrid,1336,O_ALL,INTERMITTENT,BOTH,0.2722208858504908,0.0,0.0,0.0,1.0,5.0,1.0,0.32466666666666666,0,0,0,0,140.31766666666667,142.0,142.0,85.422,64.212,414.598,1400,-0.1566183974023055,0.13551447525331872,-0.13206622155917525,0.16006665109644896
I1_Memoryless_Linear,1337,T1,NONE,NONE,0.11716686992758689,1.0,0.0,0.0,0.0,0.0,0.0,0.0,0,0,0,0,58.0,58.0,58.0,67.31433333333334,17.643333333333334,343.32166666666666,1240,-0.001220148100930605,-0.0010412697416137236,-0.001220148100930605,-0.0010412697416137236
I1_Memoryless_Linear,1337,T1R,NONE,NONE,0.11716686992758689,1.0,0.0,0.0,0.0,0.0,0.0,0.0,0,0,0,0,58.0,58.0,58.0,67.31433333333334,17.643333333333334,343.32166666666666,1240,-0.001220148100930605,-0.0010412697416137236,-0.001220148100930605,-0.0010412697416137236
I1_Memoryless_Linear,1337,T2,NONE,NONE,0.11716686992758689,1.0,0.0,0.0,0.0,0.0,0.0,0.0,0,0,0,0,58.0,58.0,58.0,67.31433333333334,17.643333333333334,343.32166666666666,1240,-0.001220148100930605,-0.0010412697416137236,-0.001220148100930605,-0.0010412697416137236
I1_Memoryless_Linear,1337,T3,NONE,NONE,0.11716686992758689,1.0,0.0,0.0,0.0,0.0,0.0,0.0,0,0,0,0,58.0,58.0,58.0,67.31433333333334,17.643333333333334,343.32166666666666,1240,-0.001220148100930605,-0.0010412697416137236,-0.001220148100930605,-0.0010412697416137236
I1_Memoryless_Linear,1337,O_ALL,NONE,BOTH,0.13330602278725653,0.0,0.0,0.0586,0.9414,2.6792,1.0,0.7811666666666667,0,0,0,0,114.31433333333334,132.0,132.0,64.33733333333333,32.96933333333333,398.9766666666667,1352,-0.015115746704923858,-0.0009613853337772989,-0.015154517816451761,-0.0010001564453052008
I2_Static_Nonlinear_Negative_Control,1337,T1,NONE,LAG,1.2971207462718768,0.0,0.6964,0.0,0.3036,3.9748,0.3036,0.11883333333333333,4,1,0,0,101.113,132.0,132.0,86.72133333333333,53.93533333333333,373.60366666666664,1384,-0.1943170412114748,0.013602548210403489,-0.19806142642075075,0.009858163001127535
I2_Static_Nonlinear_Negative_Control,1337,T1R,NONE,LAG,1.2803964948511697,0.0,1.0,0.0,0.0,3.903,0.0,0.0,4,0,0,0,91.91833333333334,98.0,98.0,86.62933333333334,53.41266666666667,361.20633333333336,1336,-0.18451060464490324,-0.0010435226885485754,-0.18523481587282395,-0.001767733916469283
I2_Static_Nonlinear_Negative_Control,1337,T2,NONE,LAG,1.2635259771948835,0.0,1.0,0.0,0.0,3.9748,0.0,0.0,4,0,0,0,92.51666666666667,98.0,98.0,86.464,53.806666666666665,361.4033333333333,1336,-0.19367714179092083,0.0016752037575899063,-0.19375317810203482,0.0015991674464759127
I2_Static_Nonlinear_Negative_Control,1337,T3,NONE,NONE,1.0237441435164065,0.9936,0.0064,0.0,0.0,0.0064,0.0,0.0,7,0,7,0,58.07,58.0,68.0,88.56233333333333,30.242,349.621,1272,-0.058925492417094126,0.0016752037575899063,-0.059209860785812606,0.001390835388871422
I2_Static_Nonlinear_Negative_Control,1337,O_ALL,NONE,BOTH,1.2662824336416227,0.0,0.0,0.0,1.0,4.0,1.0,0.957,0,0,0,0,130.90433333333334,132.0,132.0,85.91066666666667,56.949333333333335,410.96666666666664,1384,-0.2074497894075233,0.004108226995090697,-0.20865767777790764,0.002900338624706374
I3_Single_Exact_Delay,1337,T1,LAG,LAG,0.09232140552747146,0.0,1.0,0.0,0.0,3.5422,0.0,0.0,7,0,3,0,90.86833333333334,98.0,98.0,79.329,48.885333333333335,358.94266666666664,1336,0.6570990115248369,-0.004229820994183672,0.657324678805709,-0.0040041537133114775
I3_Single_Exact_Delay,1337,T1R,LAG,LAG,0.09394724659485464,0.0,1.0,0.0,0.0,3.8278,0.0,0.0,7,0,3,0,93.11666666666666,98.0,98.0,86.457,54.230666666666664,361.61533333333335,1336,0.6535168343520471,-0.0037731573350764974,0.6533251378079962,-0.003964853879127522
I3_Single_Exact_Delay,1337,T2,LAG,LAG,0.12523469369974208,0.0,1.0,0.0,0.0,4.0,0.0,0.0,4,0,0,0,95.42666666666666,98.0,98.0,86.47766666666666,56.083333333333336,362.5416666666667,1336,0.6455865086179091,-0.0037731573350764974,0.6453948120738581,-0.003964853879127522
I3_Single_Exact_Delay,1337,T3,LAG,LAG,0.13517543087278133,0.0244,0.9756,0.0,0.0,3.8594,0.0,0.0,7,0,3,0,90.16,98.0,98.0,86.95266666666667,52.608,360.804,1336,0.5676906890094489,-0.0037731573350764974,0.5674989924653979,-0.003964853879127522
I3_Single_Exact_Delay,1337,O_ALL,LAG,BOTH,0.5278145919670857,0.0,0.0,0.0,1.0,4.0,1.0,0.9691666666666666,0,0,0,0,131.10433333333333,132.0,132.0,86.28733333333334,57.285333333333334,411.13466666666665,1384,-0.17074044913716813,-0.0016539460317000635,-0.1703876142967541,-0.001301111191286019
I4_Multi_Sparse_Delay,1337,T1,LAG,BOTH,0.5135583599715827,0.0,0.0,0.0,1.0,4.0,1.0,0.07116666666666667,4,1,0,0,130.48666666666668,132.0,132.0,86.97366666666667,57.440666666666665,410.70033333333333,1384,0.2981166813703652,0.004379374924720305,0.2935568977222445,-0.00018040872340031094
I4_Multi_Sparse_Delay,1337,T1R,LAG,BOTH,0.5085641167257542,0.0,0.0,0.0,1.0,4.0,1.0,0.057,4,1,0,0,130.13,132.0,132.0,87.032,57.19133333333333,410.5756666666667,1384,0.288300166213686,0.019403248041430954,0.28186939672666833,0.01297247855441334
I4_Multi_Sparse_Delay,1337,T2,LAG,BOTH,0.5234404187992617,0.0,0.0,0.0,1.0,4.0,1.0,0.08016666666666666,4,1,0,0,130.51833333333335,132.0,132.0,87.09033333333333,57.52333333333333,410.7416666666667,1384,0.31424383387824634,-0.001001222935947093,0.31188733603674573,-0.0033577207774477145
I4_Multi_Sparse_Delay,1337,T3,LAG,NONE,0.5822228636167156,0.5856,0.3236,0.0774,0.0134,1.1094,0.0908,0.0,52,13,52,13,71.97966666666666,98.0,132.0,88.401,37.754,357.873,1272,0.037395736408980966,-0.003149915322768214,0.016309443220936793,-0.024236208510812405
I4_Multi_Sparse_Delay,1337,O_ALL,LAG,BOTH,0.520111356498262,0.0,0.0,0.0,1.0,4.0,1.0,0.04666666666666667,0,0,0,0,131.446,132.0,132.0,86.89666666666666,57.86533333333333,411.42466666666667,1384,0.2898980502010759,-0.001975425069638575,0.28859307746601975,-0.0032803978046947965
I5_Moving_Delay_Support,1337,T1,LAG,LAG,0.5317749722919514,0.0,1.0,0.0,0.0,4.0,0.0,0.0,4,0,0,0,93.95666666666666,98.0,98.0,86.42133333333334,54.95666666666666,361.97833333333335,1336,-0.17294441280016595,0.001311230852360115,-0.17249986141711487,0.0017557822354111762
I5_Moving_Delay_Support,1337,T1R,LAG,LAG,0.5237255733075937,0.0,1.0,0.0,0.0,4.0,0.0,0.0,4,0,0,0,94.165,98.0,98.0,86.473,55.146,362.073,1336,-0.1288707765749215,0.001311230852360115,-0.12842622519187044,0.0017557822354111762
I5_Moving_Delay_Support,1337,T2,LAG,LAG,0.5208862937439788,0.0,1.0,0.0,0.0,4.0,0.0,0.0,4,0,0,0,94.54666666666667,98.0,98.0,86.356,55.39266666666666,362.1963333333333,1320,-0.1609763815223105,0.001311230852360115,-0.16053183013925945,0.0017557822354111762
I5_Moving_Delay_Support,1337,T3,LAG,LAG,0.2615731777611805,0.3888,0.6112,0.0,0.0,2.1708,0.0,0.0,20,0,16,0,76.15666666666667,98.0,98.0,87.29833333333333,42.50533333333333,355.75266666666664,1336,0.2966662917303736,0.001311230852360115,0.2971108431134247,0.0017557822354111762
I5_Moving_Delay_Support,1337,O_ALL,LAG,BOTH,0.5140228227370005,0.0,0.0,0.0,1.0,4.0,1.0,0.9761666666666666,0,0,0,0,130.69433333333333,132.0,132.0,85.76533333333333,56.699333333333335,410.84166666666664,1368,-0.16080459627188523,0.0022150699657911303,-0.16047196718486106,0.002547699052815287
I6_Continuous_Latent_State,1337,T1,RECURRENT,BOTH,0.10672207286846133,0.0,0.0,0.0,1.0,4.0,1.0,0.0,4,1,0,0,129.00333333333333,132.0,132.0,86.24733333333333,55.88,409.96,1384,-0.0489553436950013,0.47531837615028527,-0.04603533311193524,0.4782383867333514
I6_Continuous_Latent_State,1337,T1R,RECURRENT,BOTH,0.10707631332821245,0.0,0.0,0.0,1.0,3.9882,1.0,0.0,4,1,0,0,126.72166666666666,132.0,132.0,86.351,54.178666666666665,409.26933333333335,1384,-0.057568175207438906,0.4778229273407912,-0.045015851127598164,0.49037525142063193
I6_Continuous_Latent_State,1337,T2,RECURRENT,BOTH,0.1525020962491672,0.0,0.0,0.0,1.0,3.9642,1.0,0.0,4,1,0,0,127.67833333333333,132.0,132.0,85.88833333333334,54.626666666666665,409.49333333333334,1384,-0.04979986690923699,0.291986047023508,-0.05041143382476849,0.2913744801079766
I6_Continuous_Latent_State,1337,T3,RECURRENT,RECURRENT,0.12660442276586956,0.0,0.0,0.9952,0.0048,0.0048,1.0,0.0,5,1,5,0,91.76166666666667,92.0,102.0,88.169,30.031333333333333,397.11566666666664,1304,-0.03551720720298891,0.29392698076473717,-0.04660396244199157,0.2828402255257345
I6_Continuous_Latent_State,1337,O_ALL,RECURRENT,BOTH,0.15345169178488421,0.0,0.0,0.0,1.0,4.0,1.0,0.0,0,0,0,0,130.681,132.0,132.0,85.15533333333333,56.39533333333333,410.68966666666665,1384,-0.06166239013424014,0.29278070220838814,-0.05212956900132491,0.3023135233413033
I7_Quiescent_Continuous_State,1337,T1,RECURRENT,BOTH,0.11571422344662052,0.0,0.0,0.0,1.0,4.0,1.0,0.31666666666666665,4,1,0,0,129.00333333333333,132.0,132.0,84.95666666666666,55.23733333333333,409.63866666666667,1384,-0.057518686481746475,0.34201223654118434,-0.045258761374846135,0.3542721616480847
I7_Quiescent_Continuous_State,1337,T1R,RECURRENT,BOTH,0.11603600295334886,0.0,0.0,0.0,1.0,3.9882,1.0,0.31683333333333336,4,1,0,0,126.72166666666666,132.0,132.0,83.823,52.919333333333334,408.63966666666664,1384,-0.07486912853138016,0.34691319080762223,-0.053670405343863276,0.3681119139951391
I7_Quiescent_Continuous_State,1337,T2,RECURRENT,BOTH,0.16620311819000566,0.0,0.0,0.0,1.0,3.9642,1.0,0.32166666666666666,4,1,0,0,127.67833333333333,132.0,132.0,85.08766666666666,54.228,409.294,1384,-0.07487466195687344,0.21637337120626546,-0.06277915801157405,0.2284688751515648
I7_Quiescent_Continuous_State,1337,T3,RECURRENT,RECURRENT,0.12168963496522452,0.3828,0.0,0.615,0.0022,0.0022,0.6172,0.0,4,2,4,1,80.894,92.0,102.0,86.28633333333333,28.976666666666667,381.27633333333335,1320,-0.018054642852846935,0.21565693455401316,-0.0336443461394981,0.20006723126736195
I7_Quiescent_Continuous_State,1337,O_ALL,RECURRENT,BOTH,0.16563166312967467,0.0,0.0,0.0,1.0,4.0,1.0,0.32116666666666666,0,0,0,0,130.681,132.0,132.0,83.63666666666667,55.638,410.311,1384,-0.07710055467772194,0.21879633426818676,-0.06268211887684727,0.2332147700690614
I8_Quiescent_Discrete_Delay,1337,T1,LAG,LAG,0.10985501858285318,0.0,1.0,0.0,0.0,4.0,0.0,0.0,4,0,0,0,94.68333333333334,98.0,98.0,79.51766666666667,52.022666666666666,360.5113333333333,1336,0.3803227446414699,-0.0037731573350764974,0.38013104809741893,-0.003964853879127522
I8_Quiescent_Discrete_Delay,1337,T1R,LAG,LAG,0.10500316210093595,0.0,1.0,0.0,0.0,4.0,0.0,0.0,4,0,0,0,94.55166666666666,98.0,98.0,83.36633333333333,53.834666666666664,361.4173333333333,1336,0.3915334983412347,-0.0037731573350764974,0.39134180179718364,-0.003964853879127522
I8_Quiescent_Discrete_Delay,1337,T2,LAG,LAG,0.1343643876232045,0.0,1.0,0.0,0.0,4.0,0.0,0.0,4,0,0,0,95.42666666666666,98.0,98.0,83.10233333333333,54.40133333333333,361.7006666666667,1336,0.3834821019170271,-0.0037731573350764974,0.3832904053729761,-0.003964853879127522
I8_Quiescent_Discrete_Delay,1337,T3,LAG,LAG,0.18649312812892785,0.4482,0.5518,0.0,0.0,2.0364,0.0,0.0,11,0,7,0,74.96833333333333,98.0,98.0,85.589,40.803333333333335,354.90166666666664,1336,0.2462284708832347,-0.0037731573350764974,0.24603677433918372,-0.003964853879127522
I8_Quiescent_Discrete_Delay,1337,O_ALL,LAG,BOTH,0.5670022639642417,0.0,0.0,0.0,1.0,4.0,1.0,0.9748333333333333,0,0,0,0,131.10433333333333,132.0,132.0,83.25066666666666,55.77733333333333,410.3806666666667,1384,-0.19872832788921935,-0.001654234705008894,-0.19837987215073855,-0.0013057789665281091
I9_Hybrid_Delay_Plus_Latent_State,1337,T1,BOTH,BOTH,0.3338985933968846,0.0,0.0,0.0,1.0,4.0,1.0,0.0,4,1,0,0,129.45433333333332,132.0,132.0,86.44066666666667,56.344,410.184,1384,-0.12393691577559532,0.25777636824303424,-0.13818203410955096,0.24353124990907862
I9_Hybrid_Delay_Plus_Latent_State,1337,T1R,BOTH,BOTH,0.3361577290677011,0.0,0.0,0.0,1.0,3.889,1.0,0.0,4,1,0,0,126.23166666666667,132.0,132.0,86.60733333333333,53.88,409.12,1384,-0.11766161350355185,0.26461241825963333,-0.12157710356346949,0.2606969281997157
I9_Hybrid_Delay_Plus_Latent_State,1337,T2,BOTH,BOTH,0.35996910646764224,0.0,0.0,0.0,1.0,3.8626,1.0,0.0305,4,1,0,0,124.97333333333333,132.0,132.0,86.60533333333333,52.87533333333333,408.61766666666665,1384,-0.12529972207027376,0.12235752849320536,-0.12612447819306338,0.1215327723704157
I9_Hybrid_Delay_Plus_Latent_State,1337,T3,BOTH,RECURRENT,0.2628496746219044,0.1332,0.009,0.5812,0.2766,1.086,0.8578,0.0,9,7,5,6,96.67366666666666,132.0,132.0,87.95333333333333,36.37,394.509,1384,0.0941263912197815,0.12246183620259364,0.07233515182404897,0.10067059680686112
I9_Hybrid_Delay_Plus_Latent_State,1337,O_ALL,BOTH,BOTH,0.3603862715271486,0.0,0.0,0.0,1.0,4.0,1.0,0.017666666666666667,0,0,0,0,130.74266666666668,132.0,132.0,86.11933333333333,56.922666666666665,410.9533333333333,1384,-0.13112488780179687,0.11937918355578452,-0.14460711390337544,0.10589695745420595
I10_Redundant_Temporal_Structure,1337,T1,REDUNDANT,BOTH,0.2755889946252225,0.0,0.0,0.0,1.0,4.0,1.0,0.0,4,1,0,0,130.74833333333333,132.0,132.0,87.12433333333334,57.72533333333333,410.8826666666667,1384,-0.0952220133476323,2.8095469792539456,-0.12463182961624317,2.7801371629853353
I10_Redundant_Temporal_Structure,1337,T1R,REDUNDANT,BOTH,0.2751879838088696,0.0,0.0,0.0,1.0,4.0,1.0,0.0,4,1,0,0,130.175,132.0,132.0,87.171,57.202,410.781,1384,-0.09635354521055099,2.8569413927153,-0.13401849194605414,2.819276445979797
I10_Redundant_Temporal_Structure,1337,T2,REDUNDANT,BOTH,0.5203576843120139,0.0,0.0,0.0,1.0,4.0,1.0,0.0026666666666666666,4,1,0,0,130.73833333333334,132.0,132.0,87.043,57.58133333333333,410.97066666666666,1384,-0.19842883565108876,0.4785955705692701,-0.2394827401075717,0.4375416661127872
I10_Redundant_Temporal_Structure,1337,T3,REDUNDANT,RECURRENT,0.4268592286940912,0.001,0.0018,0.993,0.0042,0.0068,0.9972,0.0,9,2,9,1,91.69333333333333,92.0,112.0,89.237,30.592,397.276,1320,-0.06481367490778563,0.4872106652789119,-0.08023333104590664,0.4717910091407908
I10_Redundant_Temporal_Structure,1337,O_ALL,REDUNDANT,BOTH,0.519209533863013,0.0,0.0,0.0,1.0,4.0,1.0,0.0015,0,0,0,0,131.551,132.0,132.0,86.98,57.995333333333335,411.48966666666666,1384,-0.21666383741154818,0.4863299877730763,-0.23003073894879714,0.4729630862358274
I11_Regime_Switch_Delay_To_Latent,1337,T1,SWITCH_DELAY_TO_LATENT,BOTH,0.25492352246951816,0.0,0.4554,0.0,0.5446,3.806,0.5446,0.0,4,1,0,0,107.04466666666667,132.0,132.0,86.05933333333333,52.86,382.706,1384,-0.0837647601356061,0.18976920822960675,-0.08457757794074008,0.18895639042447276
I11_Regime_Switch_Delay_To_Latent,1337,T1R,SWITCH_DELAY_TO_LATENT,BOTH,0.15127768427001403,0.0652,0.3756,0.0,0.5592,3.1176,0.5592,0.0008333333333333334,4,1,0,0,99.81166666666667,132.0,132.0,86.674,47.60666666666667,380.66333333333336,1384,0.06233929373718421,0.19298066490621965,0.07062885823045797,0.2012702293994934
I11_Regime_Switch_Delay_To_Latent,1337,T2,SWITCH_DELAY_TO_LATENT,BOTH,0.1495025806096792,0.0,0.441,0.0,0.559,4.0,0.559,0.0,4,1,0,0,109.90433333333333,132.0,132.0,86.14866666666667,54.86,384.282,1368,0.17264116401681767,0.11312130367957848,0.17001023736848495,0.11049037703124576
I11_Regime_Switch_Delay_To_Latent,1337,T3,SWITCH_DELAY_TO_LATENT,RECURRENT,0.13199918253251408,0.0316,0.4156,0.5528,0.0,1.3544,0.5528,0.0,6,1,6,0,85.312,98.0,98.0,87.346,37.711333333333336,375.4596666666667,1304,0.18125492094736045,0.11440774532608268,0.16540874703798678,0.09856157141670902
I11_Regime_Switch_Delay_To_Latent,1337,O_ALL,SWITCH_DELAY_TO_LATENT,BOTH,0.2829145856183895,0.0,0.0,0.0,1.0,4.0,1.0,0.5033333333333333,0,0,0,0,130.53766666666667,132.0,132.0,85.676,56.535333333333334,410.75966666666665,1368,-0.11437144526642357,0.1101233524477829,-0.11286285968572962,0.11163193802847689
I12_Regime_Switch_Latent_To_Delay,1337,T1,SWITCH_LATENT_TO_DELAY,BOTH,0.32433658519942576,0.0,0.0,0.0,1.0,3.4796,1.0,0.48033333333333333,4,1,0,0,121.62666666666667,132.0,132.0,86.433,50.245333333333335,407.1426666666667,1384,-0.08918260660524269,0.19739636234623786,-0.08972890029095403,0.19685006866052654
I12_Regime_Switch_Latent_To_Delay,1337,T1R,SWITCH_LATENT_TO_DELAY,BOTH,0.3266848594834442,0.0,0.0,0.0,1.0,3.2846,1.0,0.4725,4,1,0,0,120.11166666666666,132.0,132.0,86.51966666666667,48.988,406.674,1384,-0.12872607185866097,0.1963502702585129,-0.13208479734990225,0.1929915447672716
I12_Regime_Switch_Latent_To_Delay,1337,T2,SWITCH_LATENT_TO_DELAY,BOTH,0.3360591435081009,0.0,0.0,0.0,1.0,3.964,1.0,0.4915,4,1,0,0,127.67166666666667,132.0,132.0,86.01233333333333,54.67933333333333,409.5196666666667,1384,-0.12256648004748337,0.10059434193657105,-0.12169678734151501,0.1014640346425394
I12_Regime_Switch_Latent_To_Delay,1337,T3,SWITCH_LATENT_TO_DELAY,RECURRENT,0.20235299536714535,0.2752,0.3106,0.4104,0.0038,1.0652,0.4142,0.0,7,1,3,1,84.008,98.0,102.0,87.67433333333334,36.05733333333333,376.70466666666664,1336,0.10899034762376002,0.10202656891555811,0.10728728953597345,0.10032351082777154
I12_Regime_Switch_Latent_To_Delay,1337,O_ALL,SWITCH_LATENT_TO_DELAY,BOTH,0.33614749672377425,0.0,0.0,0.0,1.0,4.0,1.0,0.48733333333333334,0,0,0,0,130.52766666666668,132.0,132.0,85.042,56.212666666666664,410.59833333333336,1384,-0.1272174519444009,0.10143454367245788,-0.12429885860063734,0.10435313701622144
I13_Regime_Switch_Hybrid_To_Memoryless,1337,T1,SWITCH_HYBRID_TO_NONE,BOTH,0.23662997863815358,0.0,0.0,0.0,1.0,4.0,1.0,0.494,4,1,0,0,129.45433333333332,132.0,132.0,85.886,56.068666666666665,410.04633333333334,1384,-0.07639135426475638,0.1181725925636372,-0.07799504900007118,0.11656889782832243
I13_Regime_Switch_Hybrid_To_Memoryless,1337,T1R,SWITCH_HYBRID_TO_NONE,BOTH,0.23951012579755657,0.0,0.0,0.0,1.0,3.889,1.0,0.49416666666666664,4,1,0,0,126.23166666666667,132.0,132.0,85.412,53.28666666666667,408.8233333333333,1384,-0.08330737883278921,0.12548681335836706,-0.08282486072386816,0.12596933146728811
I13_Regime_Switch_Hybrid_To_Memoryless,1337,T2,SWITCH_HYBRID_TO_NONE,BOTH,0.24423391599238786,0.0,0.0,0.0,1.0,3.8626,1.0,0.5111666666666667,4,1,0,0,124.97333333333333,132.0,132.0,84.502,51.828,408.094,1384,-0.06365413159992984,0.05267150241606124,-0.06676401559941555,0.04956161841657553
I13_Regime_Switch_Hybrid_To_Memoryless,1337,T3,SWITCH_HYBRID_TO_NONE,NONE,0.20779883208744734,0.6698,0.0,0.3162,0.014,0.014,0.3302,0.0,3,3,3,3,72.804,92.0,102.0,86.91733333333333,29.398666666666667,369.9273333333333,1272,-0.018424227380755866,0.05543668087900865,-0.02071642818138104,0.05314448007838349
I13_Regime_Switch_Hybrid_To_Memoryless,1337,O_ALL,SWITCH_HYBRID_TO_NONE,BOTH,0.24395025737078246,0.0,0.0,0.0,1.0,4.0,1.0,0.5025,0,0,0,0,130.74266666666668,132.0,132.0,83.29866666666666,55.519333333333336,410.25166666666667,1384,-0.08537754917095858,0.0546201485640954,-0.09255396200054193,0.04744373573451205
I14_Intermittent_Hybrid,1337,T1,INTERMITTENT,BOTH,0.2328670667164,0.0,0.111,0.0,0.889,3.7176,0.889,0.23516666666666666,4,1,0,0,115.606,132.0,132.0,86.436,52.28333333333333,396.1936666666667,1384,-0.07238310009631341,0.1594666210424477,-0.07680011556703065,0.15504960557173045
I14_Intermittent_Hybrid,1337,T1R,INTERMITTENT,BOTH,0.1129953044437166,0.0,0.0,0.0,1.0,3.9072,1.0,0.23116666666666666,4,1,0,0,126.105,132.0,132.0,86.50833333333334,53.788,409.074,1384,0.21937568323881265,0.14861000030880908,0.18638379308463887,0.11561811015463529
I14_Intermittent_Hybrid,1337,T2,INTERMITTENT,BOTH,0.16081325860179185,0.0,0.0,0.0,1.0,3.4776,1.0,0.3443333333333333,4,1,0,0,122.19666666666667,132.0,132.0,86.538,50.739333333333335,407.54966666666667,1384,0.11997328930215176,0.09910884260170363,0.09019941416802077,0.06933496746757262
I14_Intermittent_Hybrid,1337,T3,INTERMITTENT,RECURRENT,0.18759790587131245,0.2862,0.1104,0.5904,0.013,0.4726,0.6034,0.0,5,1,5,1,79.59966666666666,98.0,132.0,88.15933333333334,33.212,375.242,1256,0.04269712274858037,0.09277935336851956,0.03583337537744427,0.08591560599738349
I14_Intermittent_Hybrid,1337,O_ALL,INTERMITTENT,BOTH,0.2564050799725464,0.0,0.0,0.0,1.0,4.0,1.0,0.3685,0,0,0,0,131.011,132.0,132.0,85.88066666666667,57.01733333333333,411.0006666666667,1384,-0.09477615742829591,0.09724167046211402,-0.10635086932120125,0.08566695856920868
I1_Memoryless_Linear,1338,T1,NONE,NONE,0.12113195365434813,1.0,0.0,0.0,0.0,0.0,0.0,0.0,0,0,0,0,58.0,58.0,58.0,70.90933333333334,19.89,344.445,1272,-0.0029907143831939937,0.000720696625149319,-0.0029907143831939937,0.000720696625149319
I1_Memoryless_Linear,1338,T1R,NONE,NONE,0.12113195365434813,1.0,0.0,0.0,0.0,0.0,0.0,0.0,0,0,0,0,58.0,58.0,58.0,70.90933333333334,19.89,344.445,1272,-0.0029907143831939937,0.000720696625149319,-0.0029907143831939937,0.000720696625149319
I1_Memoryless_Linear,1338,T2,NONE,NONE,0.12113195365434813,1.0,0.0,0.0,0.0,0.0,0.0,0.0,0,0,0,0,58.0,58.0,58.0,70.90933333333334,19.89,344.445,1272,-0.0029907143831939937,0.000720696625149319,-0.0029907143831939937,0.000720696625149319
I1_Memoryless_Linear,1338,T3,NONE,NONE,0.12113195365434813,1.0,0.0,0.0,0.0,0.0,0.0,0.0,0,0,0,0,58.0,58.0,58.0,70.90933333333334,19.89,344.445,1272,-0.0029907143831939937,0.000720696625149319,-0.0029907143831939937,0.000720696625149319
I1_Memoryless_Linear,1338,O_ALL,NONE,BOTH,0.13860138485305482,0.0,0.0,0.1648,0.8352,2.9532,1.0,0.6905,0,0,0,0,116.59766666666667,132.0,132.0,67.416,36.324,400.654,1384,-0.021070449847900217,0.0018198933484679402,-0.021072276490197633,0.0018180667061705221
I2_Static_Nonlinear_Negative_Control,1338,T1,NONE,LAG,1.308685604989857,0.0,1.0,0.0,0.0,4.0,0.0,0.0,4,0,0,0,93.79666666666667,98.0,98.0,86.399,54.898,361.949,1336,-0.2345883637752461,-0.0050941221691047514,-0.23251513360045745,-0.003020891994316116
I2_Static_Nonlinear_Negative_Control,1338,T1R,NONE,LAG,1.2956560439310487,0.0,1.0,0.0,0.0,3.889,0.0,0.0,4,0,0,0,91.65166666666667,98.0,98.0,86.45766666666667,53.22533333333333,361.11266666666666,1336,-0.21793816828377785,-0.002389449263387889,-0.2177391555684131,-0.0021904365480231586
I2_Static_Nonlinear_Negative_Control,1338,T2,NONE,LAG,1.2722329921177367,0.0,1.0,0.0,0.0,4.0,0.0,0.0,4,0,0,0,93.81833333333333,98.0,98.0,86.45233333333333,54.942,361.971,1336,-0.2705222622394267,-0.0024942821638673242,-0.26896714075130906,-0.0009391606757496773
I2_Static_Nonlinear_Negative_Control,1338,T3,NONE,NONE,1.078593981436144,0.9736,0.0264,0.0,0.0,0.0264,0.0,0.0,15,0,15,0,58.251666666666665,58.0,68.0,88.45866666666667,30.253333333333334,349.62666666666667,1272,-0.05676187056878007,-0.0024942821638673242,-0.057350442590831024,-0.0030828541859182867
I2_Static_Nonlinear_Negative_Control,1338,O_ALL,NONE,BOTH,1.2862859284118235,0.0,0.0,0.0,1.0,4.0,1.0,0.9516666666666667,0,0,0,0,130.67933333333335,132.0,132.0,85.40733333333333,56.519333333333336,410.75166666666667,1384,-0.19980444141300313,0.00033997690192960844,-0.2013109015942139,-0.0011664832792811597
I3_Single_Exact_Delay,1338,T1,LAG,LAG,0.5284642306155106,0.0,1.0,0.0,0.0,3.6498,0.0,0.0,4,0,0,0,90.63166666666666,98.0,98.0,86.82166666666667,52.44733333333333,360.72366666666665,1336,-0.20260717436675477,-0.0013242228092098147,-0.20267844688176076,-0.0013954953242158257
I3_Single_Exact_Delay,1338,T1R,LAG,BOTH,0.5388652277349463,0.0,0.0,0.0,1.0,4.0,1.0,0.8303333333333334,4,1,0,0,126.71766666666667,132.0,132.0,86.92666666666666,54.514,409.429,1384,-0.206526816949481,-0.003530429164357923,-0.2057690896886184,-0.0027727019034953313
I3_Single_Exact_Delay,1338,T2,LAG,BOTH,0.5224491057395461,0.0,0.0,0.0,1.0,4.0,1.0,0.9573333333333334,4,1,0,0,128.431,132.0,132.0,86.559,55.53333333333333,409.9386666666667,1384,-0.19524268566763472,-0.0013233738876033683,-0.19471363034123582,-0.0007943185612044627
I3_Single_Exact_Delay,1338,T3,LAG,LAG,0.12700187997833076,0.0,1.0,0.0,0.0,3.9992,0.0,0.0,7,1,3,1,92.572,98.0,98.0,86.76,53.88333333333333,362.0656666666667,1336,0.5846023709936706,0.00018959317285409448,0.5846801432874984,0.00026736546668181297
I3_Single_Exact_Delay,1338,O_ALL,LAG,BOTH,0.5251140521002474,0.0,0.0,0.0,1.0,4.0,1.0,0.9785,0,0,0,0,131.136,132.0,132.0,86.26,57.298,411.141,1384,-0.21105943944477631,-0.0006398935799660353,-0.21039220109694512,2.7344767865126543e-05
I4_Multi_Sparse_Delay,1338,T1,LAG,BOTH,0.7331530841644667,0.0,0.0,0.0,1.0,4.0,1.0,0.26016666666666666,4,1,0,0,130.12866666666667,132.0,132.0,87.27033333333334,57.40133333333333,410.54466666666667,1384,-0.3908916811343291,0.07957276182674422,-0.4087134414287912,0.061751001532282204
I4_Multi_Sparse_Delay,1338,T1R,LAG,BOTH,0.5097531752420088,0.0,0.0,0.0,1.0,4.0,1.0,0.10033333333333333,4,1,0,0,127.79366666666667,132.0,132.0,87.33733333333333,55.668,409.678,1384,0.264714962654244,0.0016224242463359622,0.2543020268083745,-0.008790511599533514
I4_Multi_Sparse_Delay,1338,T2,LAG,BOTH,0.7228856038733424,0.0,0.0,0.0,1.0,4.0,1.0,0.46316666666666667,4,1,0,0,130.592,132.0,132.0,87.29766666666667,57.779333333333334,410.7336666666667,1384,-0.3873097322489447,0.030766336530608385,-0.3906088263122596,0.027467242467293408
I4_Multi_Sparse_Delay,1338,T3,LAG,NONE,0.5946126417925534,0.542,0.2198,0.2,0.0382,0.6478,0.2382,0.0,51,23,51,23,72.577,98.0,132.0,88.88133333333333,34.146,364.277,1272,0.001820881223238553,0.026171487842068568,-0.008714867961068927,0.01563573865776108
I4_Multi_Sparse_Delay,1338,O_ALL,LAG,BOTH,0.7208162845472947,0.0,0.0,0.0,1.0,4.0,1.0,0.4678333333333333,0,0,0,0,131.74766666666667,132.0,132.0,87.11533333333334,58.216,411.6,1384,-0.3346085333068507,0.02997835553811611,-0.3577086998184757,0.006878189026491093
I5_Moving_Delay_Support,1338,T1,LAG,LAG,0.36336608087280453,0.0,1.0,0.0,0.0,4.0,0.0,0.0,4,0,0,0,94.82166666666667,98.0,98.0,86.226,55.51866666666667,362.25933333333336,1336,0.16335174747099288,0.001004727800709635,0.16335174747099288,0.001004727800709635
I5_Moving_Delay_Support,1338,T1R,LAG,LAG,0.542313155610533,0.0,1.0,0.0,0.0,3.9984,0.0,0.0,4,0,0,0,93.35333333333334,98.0,98.0,86.715,54.586666666666666,361.79333333333335,1336,-0.18864935636540073,0.001004727800709635,-0.18864935636540073,0.001004727800709635
I5_Moving_Delay_Support,1338,T2,LAG,LAG,0.5319223052386223,0.0,1.0,0.0,0.0,3.9984,0.0,0.0,4,0,0,0,93.355,98.0,98.0,86.652,54.556666666666665,361.7783333333333,1336,-0.18727750312758323,0.001004727800709635,-0.18727750312758323,0.001004727800709635
I5_Moving_Delay_Support,1338,T3,LAG,NONE,0.40067667739605306,0.8034,0.1966,0.0,0.0,0.6126,0.0,0.0,23,0,23,0,63.14833333333333,98.0,98.0,88.337,33.666666666666664,351.3333333333333,1272,0.002534277414230613,0.001004727800709635,0.002534277414230613,0.001004727800709635
I5_Moving_Delay_Support,1338,O_ALL,LAG,BOTH,0.5344179580886466,0.0,0.0,0.0,1.0,4.0,1.0,0.98,0,0,0,0,131.036,132.0,132.0,86.27866666666667,57.22933333333334,411.1066666666667,1384,-0.21028980966602268,0.002730549253967719,-0.21030805693907748,0.002712301980912898
I6_Continuous_Latent_State,1338,T1,RECURRENT,BOTH,0.1085250192600536,0.0,0.0,0.0,1.0,3.8842,1.0,0.0,4,1,0,0,125.12,132.0,132.0,86.16566666666667,52.822,408.431,1384,-0.04779788856056459,0.5474974148180015,-0.04422278380796874,0.5510725195705973
I6_Continuous_Latent_State,1338,T1R,RECURRENT,BOTH,0.10807763413510763,0.0,0.0,0.0,1.0,3.8114,1.0,0.0,4,1,0,0,125.41666666666667,132.0,132.0,86.29166666666667,53.03066666666667,408.69533333333334,1368,-0.024186415070605018,0.5494491919680085,-0.04902365020279358,0.52461195683582
I6_Continuous_Latent_State,1338,T2,RECURRENT,BOTH,0.1638538077853228,0.0,0.0,0.0,1.0,3.7976,1.0,0.0,4,1,0,0,123.965,132.0,132.0,85.921,51.846666666666664,408.10333333333335,1384,-0.05736297226168979,0.3431448357977597,-0.05925621503717165,0.3412515930222778
I6_Continuous_Latent_State,1338,T3,RECURRENT,RECURRENT,0.13661048600937348,0.0,0.0,0.9988,0.0012,0.0012,1.0,0.0,4,1,4,0,91.68133333333333,92.0,102.0,87.93033333333334,29.848666666666666,396.9603333333333,1320,-0.025899005218878817,0.343310858760395,-0.043453784222044774,0.32575607975722903
I6_Continuous_Latent_State,1338,O_ALL,RECURRENT,BOTH,0.16509924350992922,0.0,0.0,0.0,1.0,4.0,1.0,0.0,0,0,0,0,129.80433333333335,132.0,132.0,84.86466666666666,55.54866666666667,410.2663333333333,1384,-0.07157427222992457,0.3444584673561284,-0.06775590710291379,0.3482768324831393
I7_Quiescent_Continuous_State,1338,T1,RECURRENT,BOTH,0.28872637618010905,0.0,0.0,0.0,1.0,3.8842,1.0,0.29733333333333334,4,1,0,0,125.12,132.0,132.0,84.42766666666667,51.956,407.998,1368,-0.21118007045689466,0.44838145829137355,-0.20090713314636122,0.45865439560190696
I7_Quiescent_Continuous_State,1338,T1R,RECURRENT,BOTH,0.2894790051355013,0.0,0.0,0.0,1.0,3.8114,1.0,0.2986666666666667,4,1,0,0,125.41666666666667,132.0,132.0,84.56966666666666,52.172666666666665,408.2663333333333,1384,-0.26490476496070897,0.4135568439066719,-0.1526448820624761,0.5258167268049048
I7_Quiescent_Continuous_State,1338,T2,RECURRENT,BOTH,0.17657691937837794,0.0,0.0,0.0,1.0,3.7976,1.0,0.3075,4,1,0,0,123.965,132.0,132.0,83.98566666666666,50.882666666666665,407.6213333333333,1384,-0.07221439713112059,0.23413378887047742,-0.06076059169325658,0.2455875943083414
I7_Quiescent_Continuous_State,1338,T3,RECURRENT,RECURRENT,0.13453937062069596,0.3686,0.0,0.6314,0.0,0.0,0.6314,0.0,0,2,0,1,81.22766666666666,92.0,92.0,87.039,29.378666666666668,381.98133333333334,1320,-0.03864376441041368,0.23209830674077134,-0.03634533725588595,0.234396733895299
I7_Quiescent_Continuous_State,1338,O_ALL,RECURRENT,BOTH,0.1781632640825351,0.0,0.0,0.0,1.0,4.0,1.0,0.308,0,0,0,0,129.80433333333335,132.0,132.0,82.88066666666667,54.56133333333333,409.7726666666667,1384,-0.07453565886059384,0.237063625880162,-0.07268528708912894,0.23891399765162694
I8_Quiescent_Discrete_Delay,1338,T1,LAG,LAG,0.5350399268724944,0.0,1.0,0.0,0.0,3.3198,0.0,0.0,4,0,0,0,87.88166666666666,98.0,98.0,84.98833333333333,49.348,359.174,1336,-0.1793160840557133,-0.0013242228092098147,-0.17938735657071933,-0.0013954953242158257
I8_Quiescent_Discrete_Delay,1338,T1R,LAG,BOTH,0.5711108711433527,0.0,0.0,0.0,1.0,4.0,1.0,0.7468333333333333,4,1,0,0,126.71766666666667,132.0,132.0,83.58066666666667,52.848,408.596,1384,-0.21839080370774128,-0.004994894884634915,-0.21575513917351097,-0.0023592303504046132
I8_Quiescent_Discrete_Delay,1338,T2,LAG,BOTH,0.5487718137603353,0.0,0.0,0.0,1.0,4.0,1.0,0.9625,4,1,0,0,128.431,132.0,132.0,83.19966666666667,53.86533333333333,409.1046666666667,1384,-0.20813227644357218,-0.00132387616078153,-0.20760345045195586,-0.0007950501691652099
I8_Quiescent_Discrete_Delay,1338,T3,LAG,NONE,0.26305143079851273,0.6336,0.3664,0.0,0.0,1.3086,0.0,0.0,19,1,15,1,70.15033333333334,98.0,98.0,85.729,37.062666666666665,353.6553333333333,1336,0.17925473784840748,0.00018959317285409448,0.1793325101422352,0.00026736546668181297
I8_Quiescent_Discrete_Delay,1338,O_ALL,LAG,BOTH,0.5617481861490656,0.0,0.0,0.0,1.0,4.0,1.0,0.9786666666666667,0,0,0,0,131.136,132.0,132.0,83.76733333333334,56.06333333333333,410.52366666666666,1384,-0.23616297404163608,-0.0006432305106326906,-0.23549536389264308,2.4379638360238827e-05
I9_Hybrid_Delay_Plus_Latent_State,1338,T1,BOTH,BOTH,0.3571925407961866,0.0,0.0,0.0,1.0,3.9688,1.0,0.0065,4,1,0,0,127.67633333333333,132.0,132.0,86.60933333333334,55.102,409.547,1384,-0.11830668084979248,0.3043702715561071,-0.12527207603959514,0.29740487636630447
I9_Hybrid_Delay_Plus_Latent_State,1338,T1R,BOTH,BOTH,0.35934625614144905,0.0,0.0,0.0,1.0,4.0,1.0,0.010333333333333333,4,1,0,0,128.13266666666667,132.0,132.0,86.44866666666667,55.37866666666667,409.7013333333333,1384,-0.1126254447429882,0.2996081666957291,-0.11981003053622308,0.2924235809024942
I9_Hybrid_Delay_Plus_Latent_State,1338,T2,BOTH,BOTH,0.3826075579600455,0.0,0.0,0.0,1.0,4.0,1.0,0.029833333333333333,4,1,0,0,127.89433333333334,132.0,132.0,86.40166666666667,55.17066666666667,409.5973333333333,1384,-0.16051107282569801,0.15011371164414747,-0.15121072075066214,0.15941406371918335
I9_Hybrid_Delay_Plus_Latent_State,1338,T3,BOTH,BOTH,0.18112183210454735,0.0026,0.0524,0.2078,0.7372,3.0216,0.945,0.0,9,5,5,4,114.745,132.0,132.0,86.98966666666666,47.484,402.802,1384,0.29581289231575847,0.15317222344826859,0.27273692623428386,0.13009625736679392
I9_Hybrid_Delay_Plus_Latent_State,1338,O_ALL,BOTH,BOTH,0.3841502438125774,0.0,0.0,0.0,1.0,4.0,1.0,0.03816666666666667,0,0,0,0,130.621,132.0,132.0,85.80533333333334,56.66733333333333,410.8256666666667,1384,-0.2093776215359919,0.15720268943964266,-0.2004424629173755,0.16613784805825907
I10_Redundant_Temporal_Structure,1338,T1,REDUNDANT,BOTH,0.2549745672432455,0.0,0.0,0.0,1.0,4.0,1.0,0.0,4,1,0,0,129.245,132.0,132.0,87.047,56.528666666666666,410.28433333333334,1384,-0.14829472467027213,2.9331997383777395,-0.14267612339793215,2.9388183396500795
I10_Redundant_Temporal_Structure,1338,T1R,REDUNDANT,BOTH,0.2555634930334764,0.0,0.0,0.0,1.0,4.0,1.0,0.0,4,1,0,0,129.21833333333333,132.0,132.0,87.00366666666666,56.39666666666667,410.37833333333333,1384,-0.12817205969036924,2.9294960640742476,-0.14231489752406135,2.9153532262405557
I10_Redundant_Temporal_Structure,1338,T2,REDUNDANT,BOTH,0.5181125760146597,0.0,0.0,0.0,1.0,4.0,1.0,0.0003333333333333333,4,1,0,0,130.285,132.0,132.0,86.917,57.163333333333334,410.76166666666666,1384,-0.3060014057895111,0.5355059745199946,-0.26999417892757455,0.5715132013819313
I10_Redundant_Temporal_Structure,1338,T3,REDUNDANT,RECURRENT,0.41502595600726866,0.0,0.1104,0.8386,0.051,0.499,0.8896,0.0,34,11,34,10,93.117,102.0,132.0,88.69033333333333,33.378,394.373,1320,-0.026659149817664932,0.5213138497778962,-0.12888099947419632,0.4190920001213648
I10_Redundant_Temporal_Structure,1338,O_ALL,REDUNDANT,BOTH,0.5178007944344131,0.0,0.0,0.0,1.0,4.0,1.0,0.0013333333333333333,0,0,0,0,131.21766666666667,132.0,132.0,86.82,57.641333333333336,411.31266666666664,1384,-0.2782163518583665,0.5291678606919037,-0.276051339453574,0.5313328730966962
I11_Regime_Switch_Delay_To_Latent,1338,T1,SWITCH_DELAY_TO_LATENT,LAG,0.2764671734790732,0.0,0.501,0.0,0.499,4.0,0.499,0.0,4,1,0,0,109.326,132.0,132.0,86.41666666666667,55.93266666666667,382.41833333333335,1368,-0.10230589156671681,0.1560192956426411,-0.10846548666262348,0.14985970054673445
I11_Regime_Switch_Delay_To_Latent,1338,T1R,SWITCH_DELAY_TO_LATENT,BOTH,0.1186962783363931,0.0,0.4468,0.0,0.5532,4.0,0.5532,0.0,4,1,0,0,110.70333333333333,132.0,132.0,86.154,55.678666666666665,384.45933333333335,1384,0.23392904396389957,0.16984912617611114,0.22848535262344843,0.16440543483565995
I11_Regime_Switch_Delay_To_Latent,1338,T2,SWITCH_DELAY_TO_LATENT,BOTH,0.15957439456359043,0.0,0.4672,0.0,0.5328,4.0,0.5328,0.0,4,1,0,0,110.137,132.0,132.0,86.136,55.67933333333333,383.64366666666666,1384,0.2107289511875821,0.09160255687109244,0.21045576079607184,0.09132936647958216
I11_Regime_Switch_Delay_To_Latent,1338,T3,SWITCH_DELAY_TO_LATENT,RECURRENT,0.13921913138610145,0.052,0.4156,0.5324,0.0,1.6624,0.5324,0.0,8,1,8,0,89.54566666666666,98.0,98.0,87.12633333333333,41.36533333333333,376.47066666666666,1320,0.2326932850014874,0.09199034298150004,0.23034936703799977,0.08964642501801234
I11_Regime_Switch_Delay_To_Latent,1338,O_ALL,SWITCH_DELAY_TO_LATENT,BOTH,0.31119704787911917,0.0,0.0,0.0,1.0,5.0,1.0,0.5541666666666667,0,0,0,0,140.271,142.0,142.0,85.81066666666666,64.36733333333333,414.67566666666664,1400,-0.1506033794791467,0.08941753085795463,-0.15364932751642343,0.08637158282067789
I12_Regime_Switch_Latent_To_Delay,1338,T1,SWITCH_LATENT_TO_DELAY,BOTH,0.3249308168097264,0.0,0.0,0.0,1.0,3.3778,1.0,0.4245,4,1,0,0,120.9,132.0,132.0,85.80666666666667,49.275333333333336,406.65766666666667,1384,-0.11722990477737326,0.2524558406955971,-0.11297470082212378,0.2567110446508466
I12_Regime_Switch_Latent_To_Delay,1338,T1R,SWITCH_LATENT_TO_DELAY,BOTH,0.3248739857745411,0.0,0.0,0.0,1.0,3.3766,1.0,0.42483333333333334,4,1,0,0,121.00166666666667,132.0,132.0,85.763,49.24666666666667,406.80333333333334,1384,-0.11694152099232182,0.2547542866936339,-0.11272383887690654,0.2589719688090492
I12_Regime_Switch_Latent_To_Delay,1338,T2,SWITCH_LATENT_TO_DELAY,BOTH,0.33841111987365874,0.0,0.0,0.0,1.0,3.3308,1.0,0.48583333333333334,4,1,0,0,120.075,132.0,132.0,85.96566666666666,48.768,406.564,1384,-0.12843705776810996,0.13276235591885438,-0.12139261766356389,0.13980679602340043
I12_Regime_Switch_Latent_To_Delay,1338,T3,SWITCH_LATENT_TO_DELAY,NONE,0.2836398620192173,0.5644,0.0246,0.411,0.0,0.0246,0.411,0.0,12,1,12,1,75.24,92.0,102.0,87.846,29.902,373.491,1272,-0.030342902202859297,0.13756206292038228,-0.03877814319825057,0.12912682192499103
I12_Regime_Switch_Latent_To_Delay,1338,O_ALL,SWITCH_LATENT_TO_DELAY,BOTH,0.33766198872816505,0.0,0.0,0.0,1.0,4.0,1.0,0.48583333333333334,0,0,0,0,129.80433333333335,132.0,132.0,84.79333333333334,55.51466666666666,410.2493333333333,1384,-0.12815572233967418,0.13876881399907243,-0.12400818997308735,0.14291634636565922
I13_Regime_Switch_Hybrid_To_Memoryless,1338,T1,SWITCH_HYBRID_TO_NONE,BOTH,0.25668745078382404,0.0,0.0,0.0,1.0,3.9688,1.0,0.49083333333333334,4,1,0,0,127.67633333333333,132.0,132.0,85.924,54.76466666666666,409.37833333333333,1368,-0.0663273131990849,0.18304084589098993,-0.07083709048974117,0.17853106860033371
I13_Regime_Switch_Hybrid_To_Memoryless,1338,T1R,SWITCH_HYBRID_TO_NONE,BOTH,0.25460101647133443,0.0,0.0,0.0,1.0,4.0,1.0,0.49083333333333334,4,1,0,0,128.13266666666667,132.0,132.0,85.98866666666666,55.153333333333336,409.58866666666665,1384,-0.06283883685729341,0.17919097229353034,-0.06393340111182359,0.1780964080390002
I13_Regime_Switch_Hybrid_To_Memoryless,1338,T2,SWITCH_HYBRID_TO_NONE,BOTH,0.27186196421333636,0.0,0.0,0.0,1.0,4.0,1.0,0.5073333333333333,4,1,0,0,127.89433333333334,132.0,132.0,85.89766666666667,54.924,409.474,1384,-0.1048073129793542,0.08280726016914733,-0.08726746278740545,0.10034711036109609
I13_Regime_Switch_Hybrid_To_Memoryless,1338,T3,SWITCH_HYBRID_TO_NONE,NONE,0.1791141836212913,0.5878,0.0112,0.2078,0.1932,0.6808,0.401,0.0,9,4,9,4,79.83733333333333,132.0,132.0,87.44666666666667,33.626666666666665,374.1213333333333,1272,0.06427049081885725,0.08366833615331899,0.051188202721756115,0.07058604805621786
I13_Regime_Switch_Hybrid_To_Memoryless,1338,O_ALL,SWITCH_HYBRID_TO_NONE,BOTH,0.2717565001553812,0.0,0.0,0.0,1.0,4.0,1.0,0.5075,0,0,0,0,130.621,132.0,132.0,85.254,56.39666666666667,410.69033333333334,1384,-0.12553728502477446,0.0872421648660913,-0.1143092291766871,0.09847022071417869
I14_Intermittent_Hybrid,1338,T1,INTERMITTENT,BOTH,0.23167576344392388,0.0,0.0082,0.0,0.9918,3.7576,0.9918,0.252,4,1,0,0,118.67533333333333,132.0,132.0,85.73366666666666,51.93066666666667,400.1293333333333,1384,-0.06380220150048135,0.24523056260902384,-0.07085537284421103,0.23817739126529416
I14_Intermittent_Hybrid,1338,T1R,INTERMITTENT,BOTH,0.22616461559376236,0.008,0.0,0.0726,0.9194,3.0006,0.992,0.23916666666666667,4,1,0,0,111.09933333333333,132.0,132.0,86.13433333333333,46.556666666666665,397.45033333333333,1384,-0.07861416389539941,0.2604178653730881,-0.07363919816761247,0.265392831100875
I14_Intermittent_Hybrid,1338,T2,INTERMITTENT,BOTH,0.2561603887053609,0.0,0.008,0.0,0.992,3.464,0.992,0.27666666666666667,4,1,0,0,115.85933333333334,132.0,132.0,85.707,49.668,399.006,1384,-0.05118544753233517,0.14632627238662702,-0.055897964119918674,0.1416137557990435
I14_Intermittent_Hybrid,1338,T3,INTERMITTENT,NONE,0.1470844168664626,0.3074,0.0998,0.3034,0.2894,1.1404,0.5928,0.0,9,4,9,4,84.37933333333334,132.0,132.0,87.105,36.04933333333334,376.2366666666667,1272,0.16936969862087375,0.13705529340857625,0.10932674666438161,0.07701234145208412
I14_Intermittent_Hybrid,1338,O_ALL,INTERMITTENT,BOTH,0.27408475513840125,0.0,0.0,0.0,1.0,5.0,1.0,0.33416666666666667,0,0,0,0,139.45433333333332,142.0,142.0,85.12533333333333,63.376666666666665,414.18033333333335,1400,-0.12799053169612362,0.14784683144168692,-0.10403461143861745,0.17180275169919312
I1_Memoryless_Linear,1339,T1,NONE,NONE,0.1146003883075809,1.0,0.0,0.0,0.0,0.0,0.0,0.0,0,0,0,0,58.0,58.0,58.0,76.06533333333333,23.461333333333332,346.23066666666665,1224,-0.0058333231272133385,-0.0005841015387295367,-0.005767803364488157,-0.0005185817760043561
I1_Memoryless_Linear,1339,T1R,NONE,NONE,0.1146003883075809,1.0,0.0,0.0,0.0,0.0,0.0,0.0,0,0,0,0,58.0,58.0,58.0,76.06533333333333,23.461333333333332,346.23066666666665,1224,-0.0058333231272133385,-0.0005841015387295367,-0.005767803364488157,-0.0005185817760043561
I1_Memoryless_Linear,1339,T2,NONE,NONE,0.1146003883075809,1.0,0.0,0.0,0.0,0.0,0.0,0.0,0,0,0,0,58.0,58.0,58.0,76.06533333333333,23.461333333333332,346.23066666666665,1224,-0.0058333231272133385,-0.0005841015387295367,-0.005767803364488157,-0.0005185817760043561
I1_Memoryless_Linear,1339,T3,NONE,NONE,0.1146003883075809,1.0,0.0,0.0,0.0,0.0,0.0,0.0,0,0,0,0,58.0,58.0,58.0,76.06533333333333,23.461333333333332,346.23066666666665,1224,-0.0058333231272133385,-0.0005841015387295367,-0.005767803364488157,-0.0005185817760043561
I1_Memoryless_Linear,1339,O_ALL,NONE,BOTH,0.13793912430474312,0.0,0.0,0.0,1.0,3.873,1.0,0.982,0,0,0,0,125.87766666666667,132.0,132.0,71.256,45.638,405.311,1336,-0.023016731854320353,0.0006048097945997964,-0.023212794437831447,0.0004087472110887013
I2_Static_Nonlinear_Negative_Control,1339,T1,NONE,LAG,1.4446676950501796,0.0,0.6836,0.0,0.3164,3.998,0.3164,0.017,4,1,0,0,102.75233333333334,132.0,132.0,86.90033333333334,55.08866666666667,374.69233333333335,1384,-0.2785669663038999,0.1841471680363652,-0.27254533488673577,0.1901687994535292
I2_Static_Nonlinear_Negative_Control,1339,T1R,NONE,LAG,1.4424347113869074,0.0,0.6836,0.0,0.3164,4.0,0.3164,0.0165,4,1,0,0,103.41733333333333,132.0,132.0,86.77233333333334,55.55533333333333,374.92566666666664,1384,-0.2686835389103607,0.16937710700966066,-0.25808701183770233,0.179973634082319
I2_Static_Nonlinear_Negative_Control,1339,T2,NONE,LAG,1.3774271301101448,0.0,0.6836,0.0,0.3164,4.0,0.3164,0.166,4,1,0,0,103.414,132.0,132.0,86.83166666666666,55.58266666666667,374.9393333333333,1384,-0.2702483985160639,0.0036163097943884524,-0.2639329380338592,0.00993177027659315
I2_Static_Nonlinear_Negative_Control,1339,T3,NONE,NONE,1.1637208168149897,0.944,0.0142,0.0418,0.0,0.0202,0.0418,0.0,11,3,11,3,59.352666666666664,58.0,92.0,88.823,30.434666666666665,351.38933333333335,1272,-0.05561180516886857,0.0017844343060262257,-0.05553804071245087,0.0018581987624439284
I2_Static_Nonlinear_Negative_Control,1339,O_ALL,NONE,BOTH,1.429023290108555,0.0,0.0,0.0,1.0,5.0,1.0,0.8018333333333333,0,0,0,0,140.92266666666666,142.0,142.0,86.10266666666666,65.03533333333333,415.00966666666665,1400,-0.29908264354479036,-0.0009436319422020581,-0.2933983908863177,0.004740620716270653
I3_Single_Exact_Delay,1339,T1,LAG,LAG,0.09528194107149587,0.0,1.0,0.0,0.0,3.8904,0.0,0.0,5,0,3,0,95.45166666666667,98.0,98.0,82.889,54.33866666666667,361.6693333333333,1304,0.6291884576396856,-0.0015617890379797557,0.6299466181194942,-0.0008036285581711559
I3_Single_Exact_Delay,1339,T1R,LAG,LAG,0.09525613242203607,0.0,1.0,0.0,0.0,3.8212,0.0,0.0,5,0,3,0,94.725,98.0,98.0,86.76433333333334,55.69133333333333,362.34566666666666,1304,0.6105317001776592,-0.0011614971286113044,0.611093958497233,-0.0005992388090375087
I3_Single_Exact_Delay,1339,T2,LAG,LAG,0.1309984123603552,0.0,1.0,0.0,0.0,4.0,0.0,0.0,4,0,0,0,96.23,98.0,98.0,86.68633333333334,56.851333333333336,362.92566666666664,1320,0.6052794856715682,-0.0001996784672037084,0.6048667924310125,-0.0006123717077594573
I3_Single_Exact_Delay,1339,T3,LAG,LAG,0.13032487758248332,0.0,1.0,0.0,0.0,3.864,0.0,0.0,5,0,1,0,91.62333333333333,98.0,98.0,86.818,53.284666666666666,361.14233333333334,1320,0.6018558642830079,-0.0001996784672037084,0.6017367370394381,-0.0003188057107734481
I3_Single_Exact_Delay,1339,O_ALL,LAG,BOTH,0.501181214458964,0.0,0.0,0.0,1.0,4.0,1.0,0.9838333333333333,0,0,0,0,131.44433333333333,132.0,132.0,86.768,57.79666666666667,411.39033333333333,1384,-0.19327975073032175,0.00026466295331457006,-0.1929241580257258,0.0006202556579105242
I4_Multi_Sparse_Delay,1339,T1,LAG,BOTH,0.7191572609515282,0.0,0.0,0.0,1.0,4.0,1.0,0.196,4,1,0,0,129.865,132.0,132.0,87.17433333333334,57.534,409.907,1384,-0.3545376564489429,0.16846357091642036,-0.34987195886193445,0.1731292685034289
I4_Multi_Sparse_Delay,1339,T1R,LAG,BOTH,0.48936832212001424,0.0,0.0,0.0,1.0,4.0,1.0,0.081,4,1,0,0,130.319,132.0,132.0,87.13166666666666,57.362,410.749,1384,0.3221622008505695,0.006240779517967484,0.31490629234435,-0.0010151289882519012
I4_Multi_Sparse_Delay,1339,T2,LAG,BOTH,0.5032393989089734,0.0,0.0,0.0,1.0,4.0,1.0,0.08883333333333333,4,1,0,0,130.58566666666667,132.0,132.0,87.17366666666666,57.59,410.863,1384,0.3316905194107252,-0.0007092716908321887,0.3302498324112446,-0.002149958690312838
I4_Multi_Sparse_Delay,1339,T3,LAG,NONE,0.6083391972983128,0.6406,0.1238,0.2324,0.0032,0.2874,0.2356,0.0,47,20,47,20,68.88566666666667,92.0,112.0,89.026,32.17733333333333,362.2366666666667,1272,-0.09563505276940203,0.048748962845671824,-0.10679668727187325,0.0375873283432006
I4_Multi_Sparse_Delay,1339,O_ALL,LAG,BOTH,0.7231218192951744,0.0,0.0,0.0,1.0,4.0,1.0,0.4538333333333333,0,0,0,0,131.53433333333334,132.0,132.0,87.09733333333334,58.034,411.509,1384,-0.4123646776578477,0.08591197573489699,-0.41269077266736176,0.08558588072538291
I5_Moving_Delay_Support,1339,T1,LAG,LAG,0.36250432883891776,0.0,1.0,0.0,0.0,4.0,0.0,0.0,4,0,0,0,95.83333333333333,98.0,98.0,85.74866666666667,56.03333333333333,362.51666666666665,1320,0.22476316872412744,-0.0013509480604316955,0.22438109059055292,-0.001733026194006229
I5_Moving_Delay_Support,1339,T1R,LAG,LAG,0.3657967999338722,0.0,1.0,0.0,0.0,3.8048,0.0,0.0,4,0,0,0,93.03833333333333,98.0,98.0,86.92733333333334,54.39266666666666,361.6963333333333,1336,0.19825495930064357,-0.001957265205927041,0.19837436152895802,-0.0018378629776126003
I5_Moving_Delay_Support,1339,T2,LAG,LAG,0.36931457783297994,0.0,1.0,0.0,0.0,4.0,0.0,0.0,4,0,0,0,96.27,98.0,98.0,86.86066666666666,56.94,362.97,1336,0.22954728639676045,-0.002018363154815646,0.22964427322795114,-0.0019213763236249114
I5_Moving_Delay_Support,1339,T3,LAG,NONE,0.4011626289249232,0.8834,0.1166,0.0,0.0,0.3232,0.0,0.0,22,0,18,0,60.99166666666667,88.0,98.0,88.72233333333334,32.288,350.644,1336,-0.008311948314896622,-0.002018363154815646,-0.008215932815714417,-0.001922347655633442
I5_Moving_Delay_Support,1339,O_ALL,LAG,BOTH,0.37020569740800224,0.0,0.0,0.0,1.0,4.0,1.0,0.48883333333333334,0,0,0,0,131.41266666666667,132.0,132.0,86.516,57.656,411.32,1384,0.2373393933521431,0.0005782211906892235,0.23640990942967666,-0.0003512627317771873
I6_Continuous_Latent_State,1339,T1,RECURRENT,BOTH,0.09921823235832058,0.0,0.0,0.0,1.0,4.0,1.0,0.0,4,1,0,0,128.895,132.0,132.0,86.456,56.006,410.023,1384,-0.03125890167960432,0.5731185169425239,-0.048409408288318946,0.5559680103338094
I6_Continuous_Latent_State,1339,T1R,RECURRENT,BOTH,0.09837442623174811,0.0,0.0,0.0,1.0,3.699,1.0,0.0,4,1,0,0,124.81,132.0,132.0,86.68,52.77066666666666,408.56533333333334,1384,-0.04599490372527776,0.5720504488268856,-0.03957970618306125,0.578465646369102
I6_Continuous_Latent_State,1339,T2,RECURRENT,BOTH,0.15826561518033522,0.0,0.0,0.0,1.0,3.987,1.0,0.0,4,1,0,0,127.43,132.0,132.0,86.268,54.668,409.514,1384,-0.03746975391359306,0.3447347124007413,-0.062460226807682526,0.3197442395066518
I6_Continuous_Latent_State,1339,T3,RECURRENT,RECURRENT,0.1315887236991503,0.0,0.0,0.9992,0.0008,0.0008,1.0,0.0,3,1,3,0,91.72833333333334,92.0,102.0,88.44633333333333,30.148666666666667,397.1743333333333,1320,-0.03292068932853831,0.34721589445363177,-0.039456507736488976,0.3406800760456811
I6_Continuous_Latent_State,1339,O_ALL,RECURRENT,BOTH,0.15686364731512328,0.0,0.0,0.0,1.0,4.0,1.0,0.0,0,0,0,0,130.66933333333333,132.0,132.0,85.66933333333333,56.64,410.812,1384,-0.06614824660300683,0.3476482131607798,-0.07585824504323498,0.3379382147205517
I7_Quiescent_Continuous_State,1339,T1,RECURRENT,BOTH,0.19493170404970392,0.0,0.0,0.0,1.0,4.0,1.0,0.30483333333333335,4,1,0,0,128.895,132.0,132.0,85.76866666666666,55.664,409.852,1384,-0.2317945705529555,0.45921060002150604,-0.19506547126440893,0.4959396993100526
I7_Quiescent_Continuous_State,1339,T1R,RECURRENT,BOTH,0.18302886257266943,0.0,0.0,0.0,1.0,3.699,1.0,0.304,4,1,0,0,124.81,132.0,132.0,85.88466666666666,52.37466666666667,408.3673333333333,1384,-0.17109579228664298,0.45432064262709293,-0.1345723595958513,0.49084407531788465
I7_Quiescent_Continuous_State,1339,T2,RECURRENT,BOTH,0.18327747787308984,0.0,0.0,0.0,1.0,3.987,1.0,0.313,4,1,0,0,127.43,132.0,132.0,85.01466666666667,54.04266666666667,409.2013333333333,1384,-0.08733919512834191,0.22425872329573993,-0.08728744741946294,0.22431047100461887
I7_Quiescent_Continuous_State,1339,T3,RECURRENT,RECURRENT,0.1290957875401509,0.369,0.0,0.6294,0.0016,0.0016,0.631,0.0,3,2,3,1,81.28,92.0,102.0,87.429,29.648666666666667,382.16433333333333,1320,-0.0497924221683957,0.22880018333093413,-0.05363843322510984,0.22495417227421996
I7_Quiescent_Continuous_State,1339,O_ALL,RECURRENT,BOTH,0.17959040266596496,0.0,0.0,0.0,1.0,4.0,1.0,0.31233333333333335,0,0,0,0,130.66933333333333,132.0,132.0,83.97466666666666,55.79533333333333,410.38966666666664,1384,-0.08683828181616733,0.2267638217606742,-0.09039931536092181,0.22320278821591974
I8_Quiescent_Discrete_Delay,1339,T1,LAG,LAG,0.11337598856145514,0.0,1.0,0.0,0.0,4.0,0.0,0.0,4,0,0,0,96.36166666666666,98.0,98.0,79.34566666666667,53.29866666666667,361.14933333333335,1336,0.4215147610359998,1.583746186692455e-05,0.42091103378163225,-0.0005878897925005655
I8_Quiescent_Discrete_Delay,1339,T1R,LAG,LAG,0.11337598853541059,0.0,1.0,0.0,0.0,4.0,0.0,0.0,4,0,0,0,96.21166666666667,98.0,98.0,83.02166666666666,55.01133333333333,362.0056666666667,1336,0.4063356104666061,0.0004190838049070474,0.4055312910276421,-0.00038523563405688474
I8_Quiescent_Discrete_Delay,1339,T2,LAG,LAG,0.14796214739357808,0.0,1.0,0.0,0.0,4.0,0.0,0.0,4,0,0,0,96.23,98.0,98.0,84.40033333333334,55.712,362.356,1336,0.3984650225493889,-0.0001996784672037084,0.39805232930883316,-0.0006123717077594573
I8_Quiescent_Discrete_Delay,1339,T3,LAG,NONE,0.30714459586609905,0.7472,0.2528,0.0,0.0,0.8674,0.0,0.0,7,0,7,0,66.65833333333333,98.0,98.0,85.513,34.416,351.708,1272,0.1306425717116537,-0.0001996784672037084,0.13052344446808395,-0.0003188057107734481
I8_Quiescent_Discrete_Delay,1339,O_ALL,LAG,BOTH,0.5312913388384837,0.0,0.0,0.0,1.0,4.0,1.0,0.9838333333333333,0,0,0,0,131.44433333333333,132.0,132.0,84.75666666666666,56.802,410.893,1384,-0.1847865190333028,0.00044208228202686383,-0.18450410618939736,0.000724495125932235
I9_Hybrid_Delay_Plus_Latent_State,1339,T1,BOTH,BOTH,0.3274692382211732,0.0,0.0,0.0,1.0,4.0,1.0,0.0,4,1,0,0,129.67433333333332,132.0,132.0,86.98566666666666,56.824666666666666,410.4243333333333,1384,-0.08276377250987171,0.2849846035895684,-0.09705843484330842,0.27068994125613166
I9_Hybrid_Delay_Plus_Latent_State,1339,T1R,BOTH,BOTH,0.3297352010819057,0.0,0.0,0.0,1.0,4.0,1.0,0.0015,4,1,0,0,129.785,132.0,132.0,86.99666666666667,56.824,410.592,1384,-0.10768637231840605,0.2935517510796176,-0.10349390227959444,0.2977442211184293
I9_Hybrid_Delay_Plus_Latent_State,1339,T2,BOTH,BOTH,0.34926417171626567,0.0,0.0,0.0,1.0,4.0,1.0,0.028666666666666667,4,1,0,0,129.77666666666667,132.0,132.0,86.945,56.79266666666667,410.5763333333333,1384,-0.11149616817892631,0.13805525695630222,-0.11087838413030836,0.13867304100492017
I9_Hybrid_Delay_Plus_Latent_State,1339,T3,BOTH,BOTH,0.1616903304147479,0.0,0.0,0.1506,0.8494,3.346,1.0,0.0,8,1,4,0,119.65633333333334,132.0,132.0,87.39666666666666,49.788,406.97,1384,0.3038764519072618,0.14812003990081485,0.29200454577590945,0.13624813376946251
I9_Hybrid_Delay_Plus_Latent_State,1339,O_ALL,BOTH,BOTH,0.3527935432558091,0.0,0.0,0.0,1.0,4.0,1.0,0.0375,0,0,0,0,131.491,132.0,132.0,86.358,57.632,411.308,1384,-0.12446545708758774,0.13815902320189252,-0.13620191842662047,0.1264225618628598
I10_Redundant_Temporal_Structure,1339,T1,REDUNDANT,BOTH,0.22692007480049406,0.0,0.0,0.0,1.0,4.0,1.0,0.0,4,1,0,0,130.20666666666668,132.0,132.0,87.02433333333333,57.242,410.641,1384,0.2263762102665475,2.097070348314515,-0.007223225574005559,1.8634709124739621
I10_Redundant_Temporal_Structure,1339,T1R,REDUNDANT,BOTH,0.22508829540728192,0.0,0.0,0.0,1.0,4.0,1.0,0.0,4,1,0,0,130.21333333333334,132.0,132.0,87.10466666666666,57.20066666666666,410.7803333333333,1384,0.21266414565442876,2.0412738957668184,-0.032676459967546756,1.795933290144843
I10_Redundant_Temporal_Structure,1339,T2,REDUNDANT,BOTH,0.3381807081580115,0.0,0.0,0.0,1.0,4.0,1.0,0.0028333333333333335,4,1,0,0,130.38,132.0,132.0,87.02233333333334,57.29,410.825,1384,0.5905370422199598,0.41168741190218006,0.3356529385707379,0.15680330825295813
I10_Redundant_Temporal_Structure,1339,T3,REDUNDANT,RECURRENT,0.41676464430787813,0.0032,0.0028,0.7812,0.2128,0.7332,0.994,0.0,38,4,38,3,97.75833333333334,132.0,132.0,88.665,34.66,399.19,1320,0.007914832450107608,0.5040772880928891,-0.030072512039419883,0.4660899436033616
I10_Redundant_Temporal_Structure,1339,O_ALL,REDUNDANT,BOTH,0.33708928815981426,0.0,0.0,0.0,1.0,5.0,1.0,0.005,0,0,0,0,141.30433333333335,142.0,142.0,86.64533333333334,65.60933333333334,415.2966666666667,1400,0.5680568763453486,0.4593236319611128,0.2959855955073728,0.187252351123137
I11_Regime_Switch_Delay_To_Latent,1339,T1,SWITCH_DELAY_TO_LATENT,LAG,0.26884034517464483,0.0,0.5592,0.0,0.4408,4.0,0.4408,0.0,4,1,0,0,108.372,132.0,132.0,86.47733333333333,56.448,380.348,1384,-0.09293706481191519,0.16830534104734549,-0.09910612121158795,0.16213628464767274
I11_Regime_Switch_Delay_To_Latent,1339,T1R,SWITCH_DELAY_TO_LATENT,LAG,0.2581148620540375,0.0,0.5094,0.0,0.4906,3.7978,0.4906,0.0,4,1,0,0,107.10133333333333,132.0,132.0,86.482,54.31133333333333,381.27166666666665,1384,-0.09497127664290256,0.18542543353759305,-0.09597678577592805,0.18441992440456756
I11_Regime_Switch_Delay_To_Latent,1339,T2,SWITCH_DELAY_TO_LATENT,BOTH,0.28869484665734507,0.0,0.4994,0.0,0.5006,4.0,0.5006,0.0,4,1,0,0,109.23633333333333,132.0,132.0,86.39266666666667,55.744,382.388,1384,-0.1300608149266858,0.10629196738123958,-0.1286314154012303,0.1077213669066951
I11_Regime_Switch_Delay_To_Latent,1339,T3,SWITCH_DELAY_TO_LATENT,RECURRENT,0.16537278438853245,0.2042,0.305,0.4902,0.0006,0.9466,0.4908,0.0,11,1,11,0,80.00866666666667,98.0,102.0,87.933,35.544,371.896,1320,0.0890085435990485,0.10779719705615641,0.0948378329417606,0.11362648639886852
I11_Regime_Switch_Delay_To_Latent,1339,O_ALL,SWITCH_DELAY_TO_LATENT,BOTH,0.28455451836746054,0.0,0.0,0.0,1.0,4.0,1.0,0.5475,0,0,0,0,131.111,132.0,132.0,86.01133333333334,57.15866666666667,411.0713333333333,1384,-0.11122983468523615,0.10574063941697509,-0.11620501023828884,0.1007654638639224
I12_Regime_Switch_Latent_To_Delay,1339,T1,SWITCH_LATENT_TO_DELAY,BOTH,0.31004621828821166,0.0,0.0,0.0,1.0,3.8536,1.0,0.493,4,1,0,0,125.99333333333334,132.0,132.0,86.61866666666667,53.77333333333333,408.9066666666667,1384,-0.11839614566622582,0.2290099151366554,-0.11205256812808961,0.23535349267479158
I12_Regime_Switch_Latent_To_Delay,1339,T1R,SWITCH_LATENT_TO_DELAY,BOTH,0.3173699642301834,0.0,0.0,0.0,1.0,3.9264,1.0,0.4755,4,1,0,0,127.27833333333334,132.0,132.0,86.66466666666666,54.72933333333334,409.54466666666667,1384,-0.11845629165140249,0.23288906617730765,-0.1202324872110593,0.23111287061765082
I12_Regime_Switch_Latent_To_Delay,1339,T2,SWITCH_LATENT_TO_DELAY,BOTH,0.32258699060957147,0.0,0.0,0.0,1.0,3.772,1.0,0.495,4,1,0,0,125.03,132.0,132.0,86.238,52.748,408.554,1384,-0.08062724283749087,0.11581412093105979,-0.08611968921697936,0.11032167455157127
I12_Regime_Switch_Latent_To_Delay,1339,T3,SWITCH_LATENT_TO_DELAY,RECURRENT,0.1814055131046696,0.233,0.364,0.4018,0.0012,1.3218,0.403,0.0,7,1,3,1,85.82233333333333,98.0,102.0,87.82433333333333,37.70666666666666,377.08133333333336,1336,0.15798346790674342,0.11813401640323816,0.16323863355813886,0.1233891820546336
I12_Regime_Switch_Latent_To_Delay,1339,O_ALL,SWITCH_LATENT_TO_DELAY,BOTH,0.3264304047295007,0.0,0.0,0.0,1.0,4.0,1.0,0.48833333333333334,0,0,0,0,130.646,132.0,132.0,85.34066666666666,56.45466666666667,410.71933333333334,1384,-0.10360703459273718,0.11886673389160873,-0.10171335263307327,0.12076041585127265
I13_Regime_Switch_Hybrid_To_Memoryless,1339,T1,SWITCH_HYBRID_TO_NONE,BOTH,0.23896556740132066,0.0,0.0,0.0,1.0,4.0,1.0,0.4965,4,1,0,0,129.67433333333332,132.0,132.0,86.11366666666666,56.39333333333333,410.20866666666666,1368,-0.05204951259336761,0.11421842214916317,-0.06369269911536987,0.10257523562716092
I13_Regime_Switch_Hybrid_To_Memoryless,1339,T1R,SWITCH_HYBRID_TO_NONE,BOTH,0.2371179743621261,0.0,0.0,0.0,1.0,4.0,1.0,0.49733333333333335,4,1,0,0,129.785,132.0,132.0,86.27933333333333,56.47,410.415,1352,-0.05016111555236259,0.11855612245261159,-0.053660770994840956,0.11505646701013324
I13_Regime_Switch_Hybrid_To_Memoryless,1339,T2,SWITCH_HYBRID_TO_NONE,BOTH,0.24266569837890747,0.0,0.0,0.0,1.0,4.0,1.0,0.5186666666666667,4,1,0,0,129.77666666666667,132.0,132.0,86.09433333333334,56.37133333333333,410.36566666666664,1352,-0.05415077257478082,0.054619062108094085,-0.057234846633927416,0.05153498804894749
I13_Regime_Switch_Hybrid_To_Memoryless,1339,T3,SWITCH_HYBRID_TO_NONE,NONE,0.15127482594095426,0.5784,0.0184,0.1506,0.2526,1.0324,0.4032,0.0,8,1,8,1,83.47933333333333,132.0,132.0,87.491,35.909333333333336,376.1666666666667,1240,0.07186699877682858,0.05717677764451083,0.07538670604998196,0.060696484917664224
I13_Regime_Switch_Hybrid_To_Memoryless,1339,O_ALL,SWITCH_HYBRID_TO_NONE,BOTH,0.24593302616933277,0.0,0.0,0.0,1.0,4.0,1.0,0.5235,0,0,0,0,131.491,132.0,132.0,85.60266666666666,57.25933333333333,411.12166666666667,1352,-0.0632050213379315,0.053054631479063946,-0.07673288637246944,0.039526766444526004
I14_Intermittent_Hybrid,1339,T1,INTERMITTENT,BOTH,0.23319147232432436,0.0,0.0,0.0,1.0,4.0,1.0,0.21183333333333335,4,1,0,0,124.77233333333334,132.0,132.0,86.701,55.12266666666667,405.58933333333334,1384,-0.12180592473818345,0.2519810479602396,-0.10350282041277313,0.2702841522856499
I14_Intermittent_Hybrid,1339,T1R,INTERMITTENT,BOTH,0.1073893172965102,0.0,0.0,0.0,1.0,3.8488,1.0,0.22816666666666666,4,1,0,0,124.028,132.0,132.0,86.727,53.55,406.611,1384,0.2764138555732087,0.20196691864886268,0.23550653749467013,0.1610596005703241
I14_Intermittent_Hybrid,1339,T2,INTERMITTENT,BOTH,0.1387577977291049,0.0,0.0,0.0,1.0,4.0,1.0,0.24033333333333334,4,1,0,0,126.35466666666666,132.0,132.0,86.54233333333333,55.286,407.479,1384,0.2629088996760057,0.1408549273960952,0.20908349366944265,0.0870295213895321
I14_Intermittent_Hybrid,1339,T3,INTERMITTENT,RECURRENT,0.19651048111082547,0.2838,0.1106,0.5946,0.011,0.4534,0.6056,0.0,11,2,11,2,81.82266666666666,98.0,112.0,88.29766666666667,34.415333333333336,376.73966666666666,1272,0.06191102880188236,0.14767758853005356,0.052535292410377875,0.13830185213854912
I14_Intermittent_Hybrid,1339,O_ALL,INTERMITTENT,BOTH,0.2646384874876208,0.0,0.0,0.0,1.0,4.0,1.0,0.30383333333333334,0,0,0,0,131.45433333333332,132.0,132.0,86.03333333333333,57.446,411.215,1384,-0.10161700570536412,0.14598184986400548,-0.10719591382915276,0.14040294174021686
I1_Memoryless_Linear,1340,T1,NONE,NONE,0.12407593262894422,1.0,0.0,0.0,0.0,0.0,0.0,0.0,0,0,0,0,58.0,58.0,58.0,75.87933333333334,22.87,345.935,1256,-0.008699906815709176,-0.0006008216281784127,-0.008699906815709176,-0.0006008216281784127
I1_Memoryless_Linear,1340,T1R,NONE,RECURRENT,0.1246290692446916,0.0,0.0,1.0,0.0,0.0,1.0,0.0,0,1,0,0,91.71666666666667,92.0,92.0,81.175,26.005333333333333,395.10266666666666,1304,-0.011080177170389028,0.040494145088401365,-0.012803365803369835,0.03877095645542055
I1_Memoryless_Linear,1340,T2,NONE,RECURRENT,0.12413279721365152,0.0,0.0,1.0,0.0,0.0,1.0,0.0,0,1,0,0,91.71666666666667,92.0,92.0,75.87933333333334,22.87,393.535,1304,-0.008699906815709176,-0.0002064805897565444,-0.008701730017988197,-0.00020830379203556614
I1_Memoryless_Linear,1340,T3,NONE,NONE,0.12407593262894422,1.0,0.0,0.0,0.0,0.0,0.0,0.0,0,0,0,0,58.0,58.0,58.0,75.87933333333334,22.87,345.935,1256,-0.008699906815709176,-0.0006008216281784127,-0.008699906815709176,-0.0006008216281784127
I1_Memoryless_Linear,1340,O_ALL,NONE,BOTH,0.14516335555409066,0.0,0.0,0.0,1.0,3.4098,1.0,0.8475,0,0,0,0,120.55433333333333,132.0,132.0,72.06066666666666,41.794,403.389,1352,-0.027861337268203137,-3.593164879097923e-05,-0.027863041642269208,-3.7636022857050356e-05
I2_Static_Nonlinear_Negative_Control,1340,T1,NONE,BOTH,1.307175683900016,0.0,0.1112,0.0,0.8888,4.0,0.8888,0.05683333333333333,4,1,0,0,120.242,132.0,132.0,86.802,55.98866666666667,398.03833333333336,1384,-0.17887663545608784,0.8057219318733961,-0.2232780519230937,0.7613205154063901
I2_Static_Nonlinear_Negative_Control,1340,T1R,NONE,BOTH,1.3050954757467763,0.0,0.1982,0.0,0.8018,3.9446,0.8018,0.16216666666666665,4,1,0,0,116.05533333333334,132.0,132.0,86.73466666666667,54.582,393.855,1384,-0.18971570611923821,0.4836417035158281,-0.18870444671100745,0.48465296292405885
I2_Static_Nonlinear_Negative_Control,1340,T2,NONE,BOTH,1.2345548109035094,0.0,0.1982,0.0,0.8018,4.0,0.8018,0.4568333333333333,4,1,0,0,116.95366666666666,132.0,132.0,86.52666666666667,55.19466666666667,394.16133333333335,1368,-0.20322442998966778,0.000608402372878157,-0.20428325919623727,-0.0004504268336913257
I2_Static_Nonlinear_Negative_Control,1340,T3,NONE,NONE,1.0437606933244061,0.815,0.0124,0.1694,0.0032,0.0168,0.1726,0.0,17,13,17,12,63.073,92.0,102.0,88.87233333333333,30.47,356.631,1320,-0.047170942850534074,0.010189058289892782,-0.052593054130574676,0.004766947009852178
I2_Static_Nonlinear_Negative_Control,1340,O_ALL,NONE,BOTH,1.2423511256561752,0.0,0.0,0.0,1.0,4.0,1.0,0.74,0,0,0,0,131.181,132.0,132.0,86.28866666666667,57.358666666666664,411.17133333333334,1384,-0.2725473593188472,0.013371399966641953,-0.26797131386216144,0.017947445423327657
I3_Single_Exact_Delay,1340,T1,LAG,LAG,0.5570988101383052,0.0,1.0,0.0,0.0,4.0,0.0,0.0,4,0,0,0,94.02833333333334,98.0,98.0,86.48533333333333,54.968,361.984,1336,-0.21723125255260944,0.0022484817470266503,-0.21721579588150722,0.002263938418128877
I3_Single_Exact_Delay,1340,T1R,LAG,BOTH,0.12439772326518463,0.0,0.0,0.0,1.0,3.5008,1.0,0.01,4,1,0,0,120.93433333333333,132.0,132.0,86.833,50.102,407.143,1384,0.5637289818397665,0.020969577821888644,0.5655710435088096,0.022811639490931786
I3_Single_Exact_Delay,1340,T2,LAG,BOTH,0.5483868510397761,0.0,0.0,0.0,1.0,3.9694,1.0,0.9523333333333334,4,1,0,0,126.75266666666667,132.0,132.0,86.48,54.172,409.178,1384,-0.20361477395323624,0.00030997303168879743,-0.20355648744089025,0.0003682595440347917
I3_Single_Exact_Delay,1340,T3,LAG,LAG,0.169269665524041,0.1256,0.8744,0.0,0.0,3.2926,0.0,0.0,6,0,2,0,85.43166666666667,98.0,98.0,86.88033333333334,48.998,358.999,1336,0.4999179280708474,0.0022484817470266503,0.4999333847419496,0.002263938418128877
I3_Single_Exact_Delay,1340,O_ALL,LAG,BOTH,0.5466059509214468,0.0,0.0,0.0,1.0,4.0,1.0,0.9633333333333334,0,0,0,0,130.616,132.0,132.0,86.27933333333333,56.894666666666666,410.9393333333333,1384,-0.2370444464830153,0.0009861641967542217,-0.23707919139669006,0.0009514192830794014
I4_Multi_Sparse_Delay,1340,T1,LAG,BOTH,0.7423213520949957,0.0,0.0,0.0,1.0,4.0,1.0,0.21516666666666667,4,1,0,0,130.77666666666667,132.0,132.0,87.211,57.78333333333333,410.9116666666667,1384,-0.33074098104100486,0.1430179306817594,-0.3272157202379779,0.14654319148478634
I4_Multi_Sparse_Delay,1340,T1R,LAG,BOTH,0.7540519818969225,0.0,0.0,0.0,1.0,4.0,1.0,0.20166666666666666,4,1,0,0,130.32633333333334,132.0,132.0,87.17866666666667,57.355333333333334,410.79366666666664,1384,-0.4175711688090779,0.14961407485107922,-0.4141767596538297,0.15300848400632747
I4_Multi_Sparse_Delay,1340,T2,LAG,BOTH,0.7408722149432952,0.0,0.0,0.0,1.0,4.0,1.0,0.4515,4,1,0,0,130.76966666666667,132.0,132.0,87.149,57.690666666666665,410.96133333333336,1384,-0.29001316536357885,0.06995525644742791,-0.28266532153574,0.0773031002752668
I4_Multi_Sparse_Delay,1340,T3,LAG,NONE,0.6156349338385754,0.5842,0.1952,0.18,0.0406,0.619,0.2206,0.0,66,24,66,24,73.507,98.0,132.0,88.68133333333333,35.276666666666664,363.8023333333333,1272,-0.017304303788456103,0.041255779080716606,-0.017457446039293268,0.04110263682987942
I4_Multi_Sparse_Delay,1340,O_ALL,LAG,BOTH,0.7486667736493305,0.0,0.0,0.0,1.0,4.0,1.0,0.4623333333333333,0,0,0,0,131.53266666666667,132.0,132.0,86.884,57.931333333333335,411.4576666666667,1384,-0.3064007860624432,0.06655877709354728,-0.29884297400093146,0.07411658915505906
I5_Moving_Delay_Support,1340,T1,LAG,LAG,0.5608779764105221,0.0,1.0,0.0,0.0,4.0,0.0,0.0,4,0,0,0,96.52,98.0,98.0,87.05933333333333,57.272666666666666,363.1363333333333,1336,-0.18366875265658852,-0.00234558426529259,-0.18446036792311404,-0.0031371995318181015
I5_Moving_Delay_Support,1340,T1R,LAG,LAG,0.38533410604364915,0.0,1.0,0.0,0.0,4.0,0.0,0.0,4,0,0,0,95.82166666666667,98.0,98.0,86.92933333333333,56.65133333333333,362.8256666666667,1336,0.18108041481081835,-0.0020110010870332527,0.18090390505334586,-0.002187510844505743
I5_Moving_Delay_Support,1340,T2,LAG,LAG,0.5572134631195774,0.0,1.0,0.0,0.0,4.0,0.0,0.0,4,0,0,0,95.795,98.0,98.0,86.91733333333333,56.628,362.814,1336,-0.20819566872655304,-0.0025649607248606353,-0.20862852051459949,-0.002997812512907102
I5_Moving_Delay_Support,1340,T3,LAG,NONE,0.327924681538361,0.5632,0.4368,0.0,0.0,1.6718,0.0,0.0,17,0,17,0,73.72333333333333,98.0,98.0,88.09133333333334,41.21066666666667,355.1053333333333,1272,0.23847387054794855,-0.0025649607248606353,0.23825396169493587,-0.0027848695778733006
I5_Moving_Delay_Support,1340,O_ALL,LAG,BOTH,0.5533171691583094,0.0,0.0,0.0,1.0,4.0,1.0,0.9855,0,0,0,0,131.43266666666668,132.0,132.0,86.6,57.71,411.347,1384,-0.23751810669226633,-0.0008538788474768353,-0.23936120154709442,-0.002696973702304979
I6_Continuous_Latent_State,1340,T1,RECURRENT,BOTH,0.10975791719207961,0.0,0.0,0.011,0.989,3.8574,1.0,0.0,4,1,0,0,123.79833333333333,132.0,132.0,87.12633333333333,52.67066666666667,408.3553333333333,1384,-0.07119862047685935,0.6258079137503568,-0.06336910748006074,0.6336374267471555
I6_Continuous_Latent_State,1340,T1R,RECURRENT,BOTH,0.1109099406728409,0.0,0.0,0.0,1.0,3.9888,1.0,0.0,4,1,0,0,125.52166666666666,132.0,132.0,87.16833333333334,53.81733333333333,409.08866666666665,1384,-0.06566937917301799,0.635741938840618,-0.05463534628580144,0.6467759717278346
I6_Continuous_Latent_State,1340,T2,RECURRENT,BOTH,0.16529697096251536,0.0,0.0,0.0116,0.9884,3.5828,1.0,0.0,4,1,0,0,121.62333333333333,132.0,132.0,87.00933333333333,50.78933333333333,407.57466666666664,1384,-0.09176083555321907,0.37167617516970186,-0.07815206651905354,0.3852849442038674
I6_Continuous_Latent_State,1340,T3,RECURRENT,RECURRENT,0.13827668925114575,0.0,0.0,0.9958,0.0042,0.0048,1.0,0.0,9,1,9,0,91.75666666666666,92.0,112.0,88.85133333333333,30.39666666666667,397.29833333333335,1320,-0.01368421810772557,0.37445888806463945,-0.04540498651381167,0.34273811965855333
I6_Continuous_Latent_State,1340,O_ALL,RECURRENT,BOTH,0.166957229299305,0.0,0.0,0.0,1.0,4.0,1.0,0.0,0,0,0,0,131.57766666666666,132.0,132.0,86.156,57.60733333333334,411.29566666666665,1384,-0.09904916083540342,0.3728615943142554,-0.09489049873261392,0.37702025641704495
I7_Quiescent_Continuous_State,1340,T1,RECURRENT,BOTH,0.12916636668270343,0.0,0.0,0.011,0.989,3.8574,1.0,0.30533333333333335,4,1,0,0,123.79833333333333,132.0,132.0,84.98766666666667,51.606,407.823,1384,-0.06624933439575782,0.4127602208574299,-0.07094418472786777,0.40806537052532
I7_Quiescent_Continuous_State,1340,T1R,RECURRENT,BOTH,0.12894290704768377,0.0,0.0,0.0,1.0,3.9888,1.0,0.30433333333333334,4,1,0,0,125.52166666666666,132.0,132.0,83.781,52.12866666666667,408.2443333333333,1384,-0.08077615667488985,0.42520389212181714,-0.07218252019132572,0.43379752860538134
I7_Quiescent_Continuous_State,1340,T2,RECURRENT,BOTH,0.16251620670807992,0.0,0.0,0.0116,0.9884,3.1784,1.0,0.3125,4,1,0,0,118.25333333333333,132.0,132.0,83.50533333333334,46.35666666666667,405.35833333333335,1384,-0.055054951114024545,0.2388430083563244,-0.06617131399131156,0.2277266454790374
I7_Quiescent_Continuous_State,1340,T3,RECURRENT,RECURRENT,0.12707466168251622,0.3888,0.0,0.6098,0.0014,0.0014,0.6112,0.0,2,2,2,1,80.71233333333333,92.0,102.0,86.08766666666666,28.982,381.039,1320,-0.05436008637522442,0.23916599307819353,-0.052104897666624135,0.24142118178679378
I7_Quiescent_Continuous_State,1340,O_ALL,RECURRENT,BOTH,0.17203850968101142,0.0,0.0,0.0,1.0,4.0,1.0,0.31266666666666665,0,0,0,0,131.57766666666666,132.0,132.0,81.16866666666667,55.12266666666667,410.05333333333334,1384,-0.10509096494001917,0.2373827889931316,-0.09939401167069531,0.24307974226245543
I8_Quiescent_Discrete_Delay,1340,T1,LAG,LAG,0.5676583036361853,0.0,1.0,0.0,0.0,4.0,0.0,0.0,4,0,0,0,94.02833333333334,98.0,98.0,85.52533333333334,54.48866666666667,361.7443333333333,1336,-0.1869814390932858,0.0022484817470266503,-0.18696598242218357,0.002263938418128877
I8_Quiescent_Discrete_Delay,1340,T1R,LAG,BOTH,0.14871477330591634,0.0,0.0,0.0,1.0,3.1248,1.0,0.30983333333333335,4,1,0,0,117.801,132.0,132.0,84.18166666666667,46.282,405.233,1384,0.30614397647941993,0.022181284640311147,0.3026777012098996,0.01871500937079081
I8_Quiescent_Discrete_Delay,1340,T2,LAG,BOTH,0.5668644453213434,0.0,0.0,0.0,1.0,3.9694,1.0,0.9528333333333333,4,1,0,0,126.75266666666667,132.0,132.0,85.046,53.462666666666664,408.8233333333333,1384,-0.21603891891670968,0.0002996873391128587,-0.21597955629173413,0.00035904996408846256
I8_Quiescent_Discrete_Delay,1340,T3,LAG,LAG,0.19887915086690477,0.4804,0.5196,0.0,0.0,1.7466,0.0,0.0,9,0,5,0,72.54833333333333,98.0,98.0,86.28566666666667,39.306666666666665,354.1533333333333,1336,0.23666231959177944,0.0022484817470266503,0.2366777762628817,0.002263938418128877
I8_Quiescent_Discrete_Delay,1340,O_ALL,LAG,BOTH,0.5573383391760159,0.0,0.0,0.0,1.0,4.0,1.0,0.9638333333333333,0,0,0,0,130.616,132.0,132.0,84.884,56.204,410.594,1384,-0.2266390238229699,0.0009600274658099454,-0.22668164460381793,0.0009174066849619465
I9_Hybrid_Delay_Plus_Latent_State,1340,T1,BOTH,BOTH,0.3491513981849287,0.0,0.0,0.0,1.0,4.0,1.0,0.0,4,1,0,0,125.26666666666667,132.0,132.0,87.436,53.913333333333334,408.9766666666667,1384,-0.1266880632003467,0.32174199742083665,-0.13589514295199417,0.3125349176691891
I9_Hybrid_Delay_Plus_Latent_State,1340,T1R,BOTH,BOTH,0.13599823587031157,0.0,0.0,0.0,1.0,3.8002,1.0,0.0026666666666666666,4,1,0,0,123.55833333333334,132.0,132.0,87.259,52.39266666666666,408.3763333333333,1384,0.2714318979382465,0.3484411888724975,0.26596302884491546,0.3429723197791665
I9_Hybrid_Delay_Plus_Latent_State,1340,T2,BOTH,BOTH,0.35726677317875283,0.0,0.0,0.0,1.0,3.6206,1.0,0.018166666666666668,4,1,0,0,122.375,132.0,132.0,87.337,51.376,407.868,1384,-0.1421506344115936,0.17150107806361437,-0.15018327408616317,0.16346843838904476
I9_Hybrid_Delay_Plus_Latent_State,1340,T3,BOTH,BOTH,0.19587118342828408,0.0834,0.0282,0.194,0.6944,2.7894,0.8884,0.0,7,10,3,9,111.793,132.0,132.0,87.898,46.61533333333333,400.9436666666667,1384,0.23094858648345895,0.16801113301918902,0.2181524099807785,0.15521495651650852
I9_Hybrid_Delay_Plus_Latent_State,1340,O_ALL,BOTH,BOTH,0.36998991265048703,0.0,0.0,0.0,1.0,4.0,1.0,0.043833333333333335,0,0,0,0,131.53766666666667,132.0,132.0,86.33133333333333,57.654666666666664,411.31933333333336,1384,-0.1791199764448928,0.1658513241571156,-0.1894459258912466,0.1555253747107618
I10_Redundant_Temporal_Structure,1340,T1,REDUNDANT,BOTH,0.26398168711415654,0.0,0.0,0.0,1.0,4.0,1.0,0.0,4,1,0,0,130.46333333333334,132.0,132.0,87.28366666666666,57.58733333333333,410.8136666666667,1384,-0.1644499873023573,3.2502639728168887,-0.1717504892871273,3.242963470832118
I10_Redundant_Temporal_Structure,1340,T1R,REDUNDANT,BOTH,0.2637186401629497,0.0,0.0,0.0,1.0,4.0,1.0,0.0,4,1,0,0,130.575,132.0,132.0,87.29433333333333,57.589333333333336,410.9746666666667,1384,-0.17520980182470786,3.308221549958932,-0.17689090210819747,3.3065404496754423
I10_Redundant_Temporal_Structure,1340,T2,REDUNDANT,BOTH,0.5065358681763179,0.0,0.0,0.0,1.0,4.0,1.0,0.0005,4,1,0,0,130.54333333333332,132.0,132.0,87.21633333333334,57.51733333333333,410.9386666666667,1384,-0.2660903671632265,0.590028336455399,-0.2943528315810131,0.5617658720376123
I10_Redundant_Temporal_Structure,1340,T3,REDUNDANT,RECURRENT,0.4204326375788485,0.0032,0.006,0.919,0.0718,0.1072,0.9908,0.0,43,11,43,10,92.401,102.0,122.0,89.037,31.001333333333335,397.23266666666666,1320,-0.06164451148556646,0.5960285513915728,-0.08197171816329461,0.5757013447138448
I10_Redundant_Temporal_Structure,1340,O_ALL,REDUNDANT,BOTH,0.5054425818885105,0.0,0.0,0.0,1.0,4.0,1.0,0.00016666666666666666,0,0,0,0,131.50266666666667,132.0,132.0,86.73666666666666,57.82666666666667,411.4053333333333,1384,-0.273642157325183,0.5919034143215779,-0.2898965437409035,0.5756490279058575
I11_Regime_Switch_Delay_To_Latent,1340,T1,SWITCH_DELAY_TO_LATENT,LAG,0.1322011719424689,0.0,0.523,0.0,0.477,3.9896,0.477,0.0,4,1,0,0,106.676,132.0,132.0,85.66066666666667,53.99133333333333,380.56766666666664,1384,0.16573196839364196,0.23304986423306384,0.16851018849477828,0.2358280843342002
I11_Regime_Switch_Delay_To_Latent,1340,T1R,SWITCH_DELAY_TO_LATENT,BOTH,0.13454610829064942,0.0,0.0,0.0,1.0,3.8084,1.0,0.029166666666666667,4,1,0,0,124.52333333333333,132.0,132.0,86.80133333333333,52.67666666666667,408.43833333333333,1384,0.10790287627220611,0.30780464106633026,0.10768487457027016,0.30758663936439434
I11_Regime_Switch_Delay_To_Latent,1340,T2,SWITCH_DELAY_TO_LATENT,BOTH,0.16062280635639287,0.0,0.0,0.0,1.0,3.884,1.0,0.11916666666666667,4,1,0,0,125.15666666666667,132.0,132.0,86.74266666666666,53.154,408.677,1384,0.12443737809777386,0.13770837521241558,0.1308615857315776,0.14413258284621933
I11_Regime_Switch_Delay_To_Latent,1340,T3,SWITCH_DELAY_TO_LATENT,RECURRENT,0.15126894885061368,0.1184,0.3958,0.4858,0.0,1.5086,0.4858,0.0,7,1,7,0,84.41033333333333,98.0,98.0,88.00333333333333,39.016,373.432,1320,0.1462765875437236,0.12711156703348045,0.14658657554107954,0.12742155503083644
I11_Regime_Switch_Delay_To_Latent,1340,O_ALL,SWITCH_DELAY_TO_LATENT,BOTH,0.29919952191084837,0.0,0.0,0.0,1.0,4.0,1.0,0.5486666666666666,0,0,0,0,131.28766666666667,132.0,132.0,86.00266666666667,57.297333333333334,411.1406666666667,1384,-0.1217206784541051,0.12662770882478083,-0.12264488552851191,0.12570350175037404
I12_Regime_Switch_Latent_To_Delay,1340,T1,SWITCH_LATENT_TO_DELAY,BOTH,0.3474219666992935,0.0,0.0,0.0112,0.9888,3.8002,1.0,0.48433333333333334,4,1,0,0,123.32166666666667,132.0,132.0,87.216,52.333333333333336,408.18666666666667,1384,-0.16048082070477188,0.2389061767032978,-0.1567872085510243,0.24259978885704542
I12_Regime_Switch_Latent_To_Delay,1340,T1R,SWITCH_LATENT_TO_DELAY,BOTH,0.34960404122629957,0.0,0.0,0.0,1.0,3.971,1.0,0.4826666666666667,4,1,0,0,125.30833333333334,132.0,132.0,87.01566666666666,53.568,408.964,1384,-0.14406856762023532,0.24908580655251958,-0.14946939654951574,0.24368497762323918
I12_Regime_Switch_Latent_To_Delay,1340,T2,SWITCH_LATENT_TO_DELAY,BOTH,0.364190689975756,0.0,0.0,0.0116,0.9884,3.8822,1.0,0.4855,4,1,0,0,124.11833333333334,132.0,132.0,87.014,52.778,408.569,1384,-0.1613420183071039,0.12281187653471685,-0.16532206414972583,0.11883183069209499
I12_Regime_Switch_Latent_To_Delay,1340,T3,SWITCH_LATENT_TO_DELAY,LAG,0.1794380533621056,0.1704,0.4208,0.4048,0.004,1.626,0.4088,0.0,5,1,1,1,88.515,98.0,102.0,87.97866666666667,39.67933333333333,378.29966666666667,1336,0.17255577137642772,0.1267163191556093,0.16843804144408633,0.1225985892232679
I12_Regime_Switch_Latent_To_Delay,1340,O_ALL,SWITCH_LATENT_TO_DELAY,BOTH,0.36945149724355625,0.0,0.0,0.0,1.0,4.0,1.0,0.49083333333333334,0,0,0,0,131.48933333333332,132.0,132.0,85.964,57.43866666666667,411.21133333333336,1384,-0.1739957707031782,0.12444279363798745,-0.17508334922903487,0.12335521511213084
I13_Regime_Switch_Hybrid_To_Memoryless,1340,T1,SWITCH_HYBRID_TO_NONE,BOTH,0.24896708616110907,0.0,0.0,0.0,1.0,4.0,1.0,0.4795,4,1,0,0,125.26666666666667,132.0,132.0,86.90866666666666,53.656666666666666,408.84833333333336,1384,-0.06726587050782314,0.1613790788233868,-0.07635456083942778,0.15229038849178214
I13_Regime_Switch_Hybrid_To_Memoryless,1340,T1R,SWITCH_HYBRID_TO_NONE,BOTH,0.16981188747258388,0.0,0.0,0.0,1.0,3.8002,1.0,0.484,4,1,0,0,123.55833333333334,132.0,132.0,86.15766666666667,51.844,408.102,1368,0.02979165767135672,0.1656687443302492,0.01610334444737981,0.1519804311062723
I13_Regime_Switch_Hybrid_To_Memoryless,1340,T2,SWITCH_HYBRID_TO_NONE,BOTH,0.24903370077526396,0.0,0.0,0.0,1.0,3.6206,1.0,0.5048333333333334,4,1,0,0,122.375,132.0,132.0,85.84766666666667,50.63933333333333,407.49966666666666,1368,-0.07843156435244382,0.08434605091828534,-0.08248939403182454,0.08028822123890464
I13_Regime_Switch_Hybrid_To_Memoryless,1340,T3,SWITCH_HYBRID_TO_NONE,NONE,0.19085584700114475,0.6634,0.011,0.194,0.1316,0.4694,0.3256,0.0,7,4,7,4,76.526,132.0,132.0,87.82233333333333,32.60933333333333,371.43666666666667,1272,0.024648299742655585,0.08216175965837934,0.00414876793508025,0.06166222785080399
I13_Regime_Switch_Hybrid_To_Memoryless,1340,O_ALL,SWITCH_HYBRID_TO_NONE,BOTH,0.25543776934150697,0.0,0.0,0.0,1.0,4.0,1.0,0.5183333333333333,0,0,0,0,131.53766666666667,132.0,132.0,85.078,57.036,411.01,1368,-0.08951967928852902,0.08034444090924292,-0.10133416166750889,0.06852995853026302
I14_Intermittent_Hybrid,1340,T1,INTERMITTENT,BOTH,0.23196961125835971,0.0,0.0,0.0,1.0,3.2714,1.0,0.24983333333333332,4,1,0,0,115.463,132.0,132.0,86.858,49.065333333333335,400.3686666666667,1384,-0.07928309671185133,0.24490928321471017,-0.0744953807461152,0.2496969991804463
I14_Intermittent_Hybrid,1340,T1R,INTERMITTENT,BOTH,0.22226512986397523,0.0,0.0,0.0248,0.9752,2.531,1.0,0.23516666666666666,4,1,0,0,112.80733333333333,132.0,132.0,87.14966666666666,43.89333333333333,404.05466666666666,1384,-0.04311760164211696,0.24495249662087584,-0.04160194550673655,0.24646815275625622
I14_Intermittent_Hybrid,1340,T2,INTERMITTENT,BOTH,0.2627332096959043,0.0,0.0,0.0,1.0,3.2736,1.0,0.3245,4,1,0,0,119.924,132.0,132.0,86.80333333333333,49.05533333333333,406.6356666666667,1384,-0.06642641308751465,0.1392002767334581,-0.06670877802318417,0.1389179117977886
I14_Intermittent_Hybrid,1340,T3,INTERMITTENT,RECURRENT,0.22443314322865568,0.371,0.0028,0.6246,0.0016,0.0044,0.6262,0.0,4,4,4,4,78.05633333333333,92.0,102.0,88.87833333333333,30.401333333333334,377.95666666666665,1272,-0.009123731413600449,0.14411903687642408,-0.03227293181145863,0.12096983647856589
I14_Intermittent_Hybrid,1340,O_ALL,INTERMITTENT,BOTH,0.2683293916546847,0.0,0.0,0.0,1.0,4.0,1.0,0.3585,0,0,0,0,131.29766666666666,132.0,132.0,86.24066666666667,57.428,411.206,1384,-0.14013453057436553,0.13922927373618818,-0.13176267049433074,0.14760113381622295
